0.08269820
-0.03135402
-0.06956061
0.02458215
0.05003100
0.08562417
-0.08479270
0.10690600
0.02183925
0.00328676
0.04916104
-0.00763670
0.08149115
0.06011455
-0.03025733
-0.05220046
-0.00844969
0.08782879
0.02707718
-0.01287824
0.03264486
0.03244347
0.00544442
0.04039014
0.05678005
-0.09836744
-0.12644808
-0.08659751
-0.13380878
-0.01229309
0.05245175
0.00447300
-0.02373105
-0.03967248
0.03596255
0.01417998
-0.05581759
0.01821058
0.00649890
0.01899976
-0.06659390
0.03749683
-0.00684491
-0.00926216
-0.02236493
-0.05325841
0.07043979
0.02362651
0.06127873
0.02442669
-0.08337406
0.01144767
-0.10745084
-0.02482155
0.02888578
0.03574244
-0.01762255
0.01246961
0.04847344
-0.10055581
-0.08047935
-0.04404865
0.01447908
-0.03981925
-0.05989801
-0.05057499
0.04607013
-0.06112314
-0.06667489
0.06186484
0.02014413
0.06703857
-0.08661731
-0.08582981
-0.07336849
0.06272089
-0.02443264
-0.13490775
0.04400071
0.10419600
-0.03506103
0.00766773
-0.05598180
-0.04203058
-0.08748303
-0.09587234
-0.05199618
-0.03662382
-0.06968758
0.00914866
-0.09042936
-0.04293507
0.03267519
-0.14799908
0.06119408
-0.00662779
-0.09672217
-0.05482094
0.03361391
-0.05846599
-0.10491000
-0.10325524
0.02344143
-0.00662728
-0.02677244
0.00144793
-0.02598896
0.01201814
0.05984176
-0.00734533
-0.00297860
-0.02058421
-0.02794771
-0.04347613
-0.07826192
-0.06219683
-0.00225061
-0.07906840
0.05338427
-0.07103006
-0.07319312
0.08183131
-0.10892158
0.04117244
-0.01050240
-0.09626229
0.07419427
0.08786546
-0.07863685
0.01029226
-0.08748147
0.07441769
0.02003559
0.12709112
-0.20254581
0.05446658
0.02852937
-0.21545270
0.06375853
-0.04485681
0.01955264
0.07035229
0.08972009
0.01243995
-0.00697929
0.01999217
-0.02271805
-0.08486258
-0.00173556
0.06577300
-0.06280389
0.01975190
-0.03234864
-0.10240068
0.00662841
-0.05501151
-0.06930640
0.03245503
-0.12511921
-0.05393222
0.05831768
0.10028328
-0.01762066
0.08728366
0.04007144
0.19086210
-0.05762996
-0.04065482
0.00439708
-0.02826773
-0.06777276
-0.05257333
0.05842064
-0.04407324
0.07556643
0.10402324
-0.05867296
-0.05773505
0.02642843
-0.03663862
0.03276334
0.00814076
0.02667547
-0.03752680
0.09060355
0.03666110
-0.03272800
-0.16943924
-0.02946678
-0.00212880
-0.15393557
0.02292299
-0.11690138
-0.04097990
0.00286381
-0.07882389
-0.06222809
0.05214358
0.01911372
0.13478447
-0.00607070
-0.17060690
0.05065023
0.12510997
0.19374092
-0.22286256
0.01081783
0.06108862
0.01659601
0.02012922
0.07737836
0.00366452
-0.11111147
-0.02366152
0.04539567
-0.14223634
-0.06934062
0.14298479
0.13055231
0.00599996
0.01252266
0.04202168
-0.06722151
-0.03604114
-0.07512104
-0.02940673
-0.01420706
0.19594119
-0.13815945
0.03230023
-0.06158203
0.07630238
0.05971672
-0.05325027
-0.01072246
-0.15033571
0.07662101
-0.02598327
-0.00084560
-0.02994728
-0.07434826
-0.05189585
-0.10975739
-0.03686621
0.25745645
-0.05739113
0.09541656
0.03332290
0.11464839
0.07706333
0.13203606
0.05369341
0.03592807
-0.22847822
0.08477199
0.01786518
-0.03092907
-0.03553396
0.02884489
-0.03959553
0.01304758
-0.04557215
0.01530171
0.08501668
-0.00499347
0.03765718
0.05241055
-0.07168342
-0.01258987
-0.00665572
0.05628759
0.01521375
0.03619007
-0.06175331
-0.10972172
0.02131841
0.06019158
-0.02869159
0.07356333
0.08332304
0.03286758
-0.03628986
-0.07747751
0.04042344
0.09465094
0.10373183
0.09385593
-0.01775245
0.05929375
-0.07094578
0.02573983
-0.10838728
-0.00255010
0.01146957
-0.01399076
-0.05832948
-0.06851695
0.05752254
-0.05602969
-0.01548067
0.07868991
0.05799799
0.05447101
-0.04915698
0.04735683
0.04733994
0.02870309
0.05083575
-0.10047851
0.06811565
0.01157372
-0.01480501
-0.07687593
0.00708528
-0.05007106
-0.14323871
-0.04373588
0.01246275
-0.00187067
-0.01476137
0.03669120
-0.08485521
-0.00636230
0.01917951
-0.06572530
0.18211636
0.02323445
0.06302673
-0.05078861
0.11539479
0.08439058
-0.06480935
0.03841804
-0.00398998
-0.11427172
0.03530075
0.04688760
-0.02379932
0.04196365
-0.06457397
0.01267814
-0.02576804
-0.09514651
0.00140494
-0.02571511
0.00888758
0.02116888
-0.03489215
-0.12312302
0.12190997
0.00359664
-0.00684114
-0.09666261
-0.16325147
0.04630316
0.12253757
-0.03271819
0.01160656
-0.06946484
0.04597438
-0.04363628
-0.06860563
-0.02262127
0.01517936
-0.06993581
-0.06317107
0.03425094
0.01375513
-0.04273126
-0.00223231
-0.05585406
-0.07171547
-0.03819637
-0.02943813
0.00714023
0.03710794
-0.03241400
-0.03039475
0.03889860
0.03061701
-0.08059782
0.05847990
-0.06396735
-0.04745039
-0.04740676
0.06469783
-0.12360532
0.02925725
-0.00235496
0.06194044
-0.04802049
0.06392691
-0.01025332
-0.06534333
0.02766850
0.08088210
0.07254370
-0.06174686
0.02511815
0.00991999
0.04120019
0.06471500
0.00673280
0.02922576
-0.03347364
0.00720761
-0.09389004
-0.05581935
-0.01477977
0.08518337
-0.07898124
0.05709944
-0.15263282
-0.06055086
0.03256763
0.04683566
-0.03808445
0.11916380
-0.14835985
0.02483031
-0.09585801
0.12202559
0.05978491
-0.04122924
-0.04776101
-0.12416953
0.01379402
-0.11566705
-0.03111825
0.00067251
-0.02807389
0.05355343
-0.08527633
-0.05607400
0.03884716
0.00152175
0.05192306
-0.11302485
0.04579982
-0.05843225
0.07552633
-0.07081665
-0.04275153
-0.11835824
-0.07412212
-0.13245578
0.07737153
0.05730806
0.04252395
-0.10449829
-0.07767814
-0.00781216
0.05405058
0.14561668
0.04217061
0.00767996
-0.05668626
0.01012001
0.01912846
0.00966107
-0.04632016
0.03358494
0.01231308
0.07490630
0.00757648
-0.01443245
0.02750281
0.01033324
-0.03910398
-0.06789438
0.02827721
-0.01358521
-0.07345261
0.01988835
-0.08762143
-0.02879208
0.01059453
0.03816915
0.06734637
-0.05506018
-0.09498171
-0.10781986
-0.10767463
-0.06936127
-0.10103489
-0.00040863
-0.02140277
0.00908295
0.02692255
0.06038811
-0.02352306
0.01236036
-0.02231346
0.07330465
0.09519316
0.00630122
0.00028869
-0.06097652
-0.04068311
-0.08538637
-0.03947939
0.04434868
0.07698169
0.00395128
0.00294370
0.10045592
0.05807881
0.03742149
0.01713320
-0.05558214
-0.01931712
0.02930535
0.04026990
0.08296581
-0.01292773
-0.05944270
0.01538640
0.01490347
0.01512406
-0.02354638
0.02689670
-0.02621697
-0.05266465
0.01454835
0.08321529
-0.01769173
0.04308314
0.11471850
-0.03162955
0.01430515
0.03470762
-0.00924025
-0.00313459
-0.09903231
-0.01071397
0.03741008
0.13499914
-0.02844920
-0.08044887
0.00503744
-0.03132953
0.03850129
-0.05190415
0.02980149
-0.19866475
-0.06921510
-0.07544684
0.07245234
-0.15963553
-0.00204459
-0.03778338
0.05314508
0.01512711
0.08184048
0.06670415
0.08610518
0.02458099
0.01635794
-0.12571540
-0.09178931
-0.05656820
-0.09856778
-0.01732992
-0.00389092
0.04842678
-0.02242883
0.08841008
0.00720611
0.06160096
0.05822480
-0.02169111
0.01599930
-0.05385143
0.02965784
-0.03534426
0.05821162
0.07416587
0.01301225
-0.01646802
0.05040869
-0.01714482
-0.00086704
0.05148026
-0.02597112
0.00755240
-0.00135554
0.05842344
0.02394013
-0.09107811
0.02236853
0.06061601
0.04576466
-0.07904878
0.03140044
0.01292240
0.05230749
0.00362730
0.00491978
-0.08687554
0.01301222
0.08157922
0.05525083
-0.08115240
-0.04716589
-0.05295430
0.02035613
0.14323226
-0.01447173
-0.00081169
-0.03857923
-0.05661330
0.05039594
-0.10702727
-0.01181084
0.02381220
0.09507181
0.02286826
-0.03904988
0.02846556
0.08195069
0.05429369
-0.06895263
0.02059180
-0.06361064
0.04150547
-0.02538213
0.05076056
0.00148752
0.00598813
0.05338723
0.01793321
0.05943449
0.03324156
0.01527180
-0.07610919
-0.12274174
-0.00664021
-0.02959751
0.01677955
-0.06282268
0.02121926
0.05171758
0.00182159
-0.03336910
-0.04646651
0.01941367
0.02889023
0.01833893
-0.05948249
-0.01843335
0.03300928
-0.00086127
0.01272929
-0.00324716
-0.04519947
0.05366936
-0.03244587
0.07327431
0.01075646
-0.02008041
0.03588791
0.00719723
-0.01491748
-0.01089421
-0.00114592
0.05023977
-0.09438377
-0.00038062
-0.04831227
-0.06902914
0.07122848
0.00899363
-0.00487223
-0.04266145
-0.03878423
-0.04843948
-0.00566655
-0.03930206
0.01641812
-0.07189609
0.03050561
-0.01839898
0.01412624
0.01144465
0.05321978
-0.02557721
0.05366296
-0.07068671
0.03011451
0.10267558
0.00829308
-0.02710859
-0.05537904
-0.00311157
0.02442350
-0.00891433
-0.08228745
0.04437548
-0.00453794
-0.00830582
0.01758524
0.02375347
-0.08391860
-0.00298492
-0.11879043
0.04726746
-0.05327575
-0.04232263
0.06674439
0.03877408
0.03891861
0.05297194
-0.01003692
-0.04435367
-0.10973766
-0.02589835
0.07869458
-0.08389074
0.00979937
0.04163567
0.00031547
-0.02697812
-0.12814723
0.01121045
0.00556910
-0.10231122
0.07615111
-0.03708399
0.01268509
0.04064914
0.04032023
0.11712847
-0.01083613
-0.04807908
0.01559283
0.00292938
-0.08043323
-0.09371771
0.06255789
0.02107631
-0.19243905
-0.04451061
-0.06209609
0.00464730
-0.07452554
0.03493683
0.04655376
0.06016592
-0.00657766
-0.04399662
0.02714841
0.04563201
0.00897106
-0.03871436
0.00706869
-0.07988285
0.00942195
-0.01084442
-0.05636973
0.03607615
0.01647345
-0.04303032
0.08244808
-0.05738707
-0.00000007
-0.04470723
0.02415932
-0.00374516
-0.19113578
-0.02449203
-0.08839007
0.04822327
0.01222374
0.22480287
-0.03441650
0.13492194
-0.00577804
-0.06539350
-0.09707336
0.09019018
0.18156230
0.01153247
0.04460446
0.13190377
-0.03483411
-0.02037602
0.00510619
0.02889453
0.06839168
0.03937844
-0.10305254
-0.22643267
0.02621016
0.19908716
0.03130785
-0.05035325
-0.03922572
0.09042881
-0.07811642
0.02022909
-0.04935360
0.16409498
-0.03770824
0.09528176
0.01990517
0.21603233
-0.01433775
0.07832859
-0.00726560
-0.02615294
0.00108681
-0.12757604
0.03948447
0.01361076
-0.05508392
-0.01229824
-0.15517642
0.00530905
-0.03878873
-0.06013865
0.05541847
-0.16945040
0.06856996
0.02790814
0.04977471
-0.05159345
-0.07292391
-0.04270776
0.04012338
0.06172268
0.01374980
-0.04700525
-0.04255114
-0.02805851
-0.06641977
-0.05727738
0.00731852
0.06212383
-0.05800765
0.00395373
-0.09463468
-0.04024861
0.04960520
0.09192160
-0.00430843
-0.07907370
0.05547239
0.05242883
-0.03348622
-0.00503108
-0.01822586
0.08259032
-0.01109052
-0.06025548
-0.08791717
-0.02139222
0.00192192
-0.02498240
-0.09481309
0.03760682
-0.05906097
0.00068652
0.04020766
-0.00701186
-0.00099844
-0.06601006
-0.05102661
-0.10039673
-0.13308303
0.02434205
0.06036872
0.05541388
0.08579119
-0.06935708
-0.02356373
0.01325881
0.00246800
-0.00668607
0.01052488
0.05451354
0.02491668
-0.05498955
0.01738086
-0.06725365
0.01816912
0.03679037
0.04140014
-0.06140704
-0.03411529
0.01328980
-0.00274238
0.05595253
0.00791856
-0.03013584
-0.01916937
-0.06805599
0.02610687
-0.07141788
0.04799262
-0.03618075
-0.07726844
0.03972973
0.00887646
-0.03779950
0.04894479
-0.03430076
-0.01336155
-0.02396064
0.01727186
0.01701450
0.18739796
0.01231830
0.02266800
-0.06657173
-0.03197055
-0.06442710
0.06819349
0.07598252
-0.04341081
0.06870851
0.06086894
0.04365350
-0.14106305
-0.01151394
-0.08292980
-0.03964061
0.00419902
-0.03781705
-0.03912381
0.07093718
-0.08554447
-0.08264347
-0.06608952
-0.02201563
-0.00582650
-0.16029574
0.04069567
-0.01064114
0.04306942
-0.05714830
-0.07658248
0.06382233
-0.00447514
0.00285459
-0.00245816
-0.00512358
-0.04175392
0.01867530
0.03489939
-0.04668116
-0.01396714
0.01439935
-0.02758654
-0.00174199
-0.00754509
-0.21603177
-0.05837503
-0.01690777
-0.06666960
0.04875489
-0.13009730
0.17723554
0.07672299
0.01346024
0.04074451
0.02204672
0.13588133
0.07617079
0.01390179
0.03064898
-0.06698232
0.04025443
-0.00593015
-0.06284712
0.04169783
0.14375821
0.02371016
-0.17267415
0.01189118
0.04723566
0.04641059
-0.11718455
0.07757866
0.02620235
-0.00157626
0.00232870
-0.12431111
0.04375264
-0.07244479
-0.03306383
0.06437712
0.01453170
0.03793565
0.16004035
0.10499497
0.06946073
0.03965301
0.03976653
-0.09066322
0.14330003
0.04143823
-0.06462814
0.02750323
-0.01521129
0.11614848
-0.11259347
0.10866442
-0.20718127
-0.17182808
-0.01319691
-0.13055380
-0.01448169
-0.18237090
-0.06070583
-0.08836776
-0.20211248
0.00268760
0.07394299
0.05787973
0.04870579
0.04861389
-0.09186905
0.07073727
-0.03164986
-0.05383739
0.10066120
0.07370337
-0.07032197
-0.05518841
-0.06716678
0.06730287
-0.00717088
0.00742412
-0.06003164
0.01067301
0.08687937
-0.08475532
-0.05987592
0.05084327
0.02708167
0.02311910
0.04937067
-0.02865561
-0.03767871
0.01330852
-0.07558160
-0.03490111
-0.00141438
0.07463872
0.07149610
0.00851071
0.02095939
0.05108327
-0.04106341
0.05162740
-0.00812287
-0.07792728
-0.06202221
0.03063970
0.04110193
-0.20127149
-0.07440610
-0.04750234
-0.03552089
-0.01245889
-0.06309602
0.01539097
0.01052297
-0.02231665
-0.04424310
0.04043279
-0.02118756
-0.05375035
-0.02141709
-0.06638844
-0.05271219
0.07606601
-0.07063976
0.01007480
-0.06034146
-0.01267154
-0.00531226
0.07250215
-0.07931263
0.08698963
-0.12378667
0.08061665
-0.00071585
0.10514201
-0.02064397
0.05718670
0.06730037
-0.07633640
0.09666189
0.00633085
0.05982643
0.00720714
0.14029153
0.02485722
0.04785117
0.06207420
-0.01100079
0.05792041
0.06685387
-0.03943612
0.00374169
0.12952916
0.02924816
0.05659421
-0.03790614
-0.08938380
-0.06214793
-0.05143481
-0.03014696
-0.09026916
-0.08780020
-0.11949887
0.11271335
0.04604753
0.04306313
-0.02545778
0.02515711
0.03463103
0.14554688
-0.05610136
0.16747732
-0.08950730
0.09524067
-0.03761339
-0.09017394
0.08174249
0.00191759
-0.12601222
-0.06231175
-0.06129738
-0.17009328
-0.00948142
0.14196448
0.02838699
-0.08961609
0.01400584
-0.08466756
-0.13751572
0.05155669
-0.04999298
0.01611610
-0.02953245
0.03927282
-0.01410079
-0.12615445
-0.20112696
0.04652623
-0.15062661
0.05520531
-0.09630212
0.02893488
-0.01517500
-0.00454285
0.01703141
0.00060312
0.03214145
-0.01107238
0.12189323
0.00057473
0.13569407
-0.11721972
-0.00695817
0.13542031
-0.01482033
-0.04605004
0.10330747
0.00642419
-0.07418382
-0.05481137
0.15425962
-0.00389798
0.02913763
0.20445704
0.03717100
0.11445396
0.04504169
0.12659140
-0.07848962
-0.01762407
-0.05543036
0.06605524
-0.02833373
0.15736666
-0.01587780
0.08702093
0.01729693
0.08866450
0.02959066
-0.06800780
-0.02120577
-0.10538317
0.00018178
-0.03149462
-0.08543273
0.04969784
-0.14189832
-0.03969156
-0.02552960
0.02024793
0.26019436
-0.03557569
0.04165244
-0.04767930
0.05297189
0.10852133
0.04024112
0.11243524
-0.04889307
-0.26483971
0.04758749
0.01662407
0.02567995
0.01408347
-0.00136002
-0.04326808
0.04327104
-0.04009585
-0.03369296
-0.06385908
-0.00289296
0.00017311
-0.02054419
0.02661102
0.00387617
0.06766441
-0.01356439
0.00552759
0.01067210
-0.06144081
-0.04414223
-0.06728420
-0.05474408
-0.01664605
0.06439245
-0.02710068
-0.03911541
-0.04448137
-0.03403494
0.01773358
0.03695898
0.07056513
-0.03193694
0.03156135
-0.03670598
0.00218327
0.01194372
-0.06493502
-0.01441500
0.00438377
-0.05674583
-0.01879056
-0.07047042
-0.00789040
-0.02507636
-0.05761664
-0.02364736
0.02011545
0.04690757
0.02054538
0.02020113
-0.06083081
-0.02843196
-0.02410345
-0.03694372
-0.02331099
0.03581227
0.00452165
0.01199419
-0.00614634
-0.02556636
-0.03952149
0.04353844
-0.06359344
0.01056526
0.06084653
-0.09529233
-0.03360444
0.03736965
0.04324666
-0.05922551
-0.05141285
0.02648234
0.04276200
0.03608076
-0.04900439
-0.09338827
0.07573774
-0.00779097
-0.08988540
0.08246236
-0.05239639
-0.07252209
-0.00885117
-0.07281926
0.00944106
0.04908974
-0.02833683
0.02014291
-0.02029254
0.05915821
-0.00064548
-0.14475314
0.12309748
0.07388461
-0.00419799
0.05317398
0.03854783
0.08294804
-0.02056666
-0.00428955
-0.03658397
-0.06914429
-0.07401784
-0.04304702
-0.11159593
0.06345954
-0.09302751
0.00022990
0.13482845
0.08940968
0.04523498
0.08578463
0.06681070
0.01556470
-0.11004842
0.05996298
0.01824318
-0.01258803
-0.08369038
0.14001761
0.02226191
-0.09563670
-0.05779691
0.08451195
-0.00532908
0.00735378
-0.12661006
0.07952157
0.09614139
-0.04999479
-0.01853912
-0.08697845
-0.04200629
-0.03187773
-0.01155113
-0.07214506
-0.03236368
0.00298287
-0.01266564
0.05425952
-0.01061897
-0.01927554
0.11273317
-0.06409869
0.01872491
-0.00242781
0.08331382
0.17028046
0.05430431
0.06914834
0.02471746
-0.16022998
0.03019688
-0.01144207
0.05571406
0.06795327
0.08524812
-0.07446441
0.10167739
0.04425570
-0.03302123
-0.00477179
-0.08950660
-0.00576805
0.10769105
-0.16459800
-0.02169292
-0.00828224
0.03145253
-0.01144593
-0.02529687
-0.02368069
-0.10895213
-0.04765832
-0.15086149
-0.01723090
-0.03234584
-0.00956605
0.10584954
0.00121338
-0.04264554
-0.00254009
0.02148475
-0.04381190
0.13323382
-0.02299582
0.00063394
0.09527717
-0.11475604
-0.08771569
-0.10420925
-0.11115884
-0.02714745
0.04624887
-0.04085948
0.08310950
-0.06226006
0.00112566
0.01945649
-0.00106367
-0.00963637
-0.08520181
-0.00609634
0.03212283
-0.01557699
0.04154264
-0.02163171
0.09060051
-0.05871311
-0.00049699
-0.10465717
-0.02624918
-0.03400363
0.11729880
-0.08092701
0.03295681
0.07314122
0.04636122
-0.00672358
0.01859017
-0.10516804
-0.06063944
0.02678590
-0.01980632
0.03329643
-0.08850399
-0.07174961
-0.06054752
-0.02956613
-0.06873944
-0.01545481
0.03226731
0.05246806
0.04062833
0.05026001
0.03045390
-0.00766217
-0.01796073
-0.00448172
-0.05908118
-0.08792964
0.01350765
-0.02165819
-0.08771646
-0.00676506
0.00002497
-0.01118588
0.07535219
-0.08258049
0.03074881
0.04527192
-0.02614414
-0.04239468
0.01318797
0.03980308
-0.08637370
-0.04801816
0.02060118
-0.06136478
-0.11871994
0.01677801
0.05467536
0.14853132
-0.11279611
0.12290414
-0.01284732
0.04689359
0.05635968
0.02362639
0.15633637
-0.11174729
-0.05678446
0.03784951
-0.00350383
-0.00827839
-0.06953951
0.03993256
-0.04729614
-0.03647329
-0.08783482
0.01313612
-0.07219497
-0.05536047
-0.05420124
-0.17735009
-0.00808222
0.00795403
0.04742847
0.06149823
-0.09097612
-0.10449883
0.00881288
0.02885165
-0.01602314
0.02751464
0.07069773
-0.09591053
0.04109785
-0.07494672
0.02976639
0.01343710
0.03890748
0.06304367
-0.05996405
-0.03462834
-0.00516181
-0.00695271
-0.14378057
-0.04645949
-0.06798742
-0.12485563
-0.07208309
0.08943124
0.09484373
-0.01040589
-0.10523272
-0.00739258
-0.04317392
0.04804088
0.04893719
-0.04544102
-0.05174489
0.05403443
0.12176753
-0.03272993
-0.01014492
-0.07891593
0.08375445
0.00245499
0.05647334
0.08283684
-0.01461240
-0.01086936
-0.03745757
0.07486267
0.13728489
0.15466823
-0.05890724
-0.17317699
-0.06048635
-0.00553557
0.01647827
-0.02996375
0.05684739
0.01058555
0.05611448
0.04873899
-0.18818364
0.06965145
-0.05666284
-0.05770229
-0.09052399
-0.02053064
-0.04743651
0.03552597
-0.00270739
-0.10519639
-0.02507125
0.01906749
0.01067092
-0.05362120
-0.00250800
0.06786131
-0.10215040
0.00157775
0.00742761
0.00725472
0.05808683
-0.02302297
-0.02690996
-0.06391452
-0.16160774
-0.00861962
-0.10234579
0.03515293
0.00877629
-0.03217845
0.00652697
0.05039673
-0.06994319
0.02152573
0.00125222
-0.05905901
0.04405595
-0.03447318
-0.10825791
-0.13705340
-0.08390172
0.02010598
0.04277597
0.08378268
0.12528981
-0.05158616
-0.01623875
-0.03591239
0.07068193
0.03535982
-0.02517756
-0.07778613
-0.02534078
0.07198250
-0.06446778
-0.03580184
0.07631937
-0.00770493
-0.02014841
0.07992586
-0.07464415
0.00950474
0.00183733
0.04307159
-0.16235971
0.00290061
0.08015816
0.05054542
-0.00338825
-0.06886159
0.03695120
-0.07665384
0.00003576
0.00688531
-0.05253049
-0.11326861
-0.04000710
-0.09163723
0.08527289
-0.00314424
-0.02301740
-0.05988866
0.00785478
-0.01666659
-0.00672886
0.07948016
-0.03591145
0.05506897
-0.11796903
-0.08373100
-0.07151324
0.07795259
0.03641085
-0.05716419
0.00740468
0.07504807
-0.01929482
-0.06722255
-0.01775787
-0.04433880
-0.01628694
-0.06368236
0.07493599
0.16450098
0.04889318
0.00207800
-0.01956344
0.15891016
0.09612704
-0.03154995
0.02772640
0.11288944
-0.01969808
0.01305530
-0.04471521
0.10658289
0.12228434
0.07526174
0.01866494
0.04485957
-0.03152102
-0.01711904
0.05274652
-0.05384278
-0.06821624
-0.01218577
0.13611780
0.01959432
-0.07818475
-0.02037527
-0.10508102
0.07533548
0.00904616
0.04615756
-0.16579206
-0.01981487
0.06102829
0.00052230
-0.19215728
0.02052178
0.04457241
-0.02686932
0.01499263
0.02774897
0.01665767
0.03576021
-0.09762369
0.03965029
-0.03047586
-0.03054131
0.02492700
0.06386765
-0.02567394
0.02330781
0.00954271
0.00356520
0.13660863
0.01810109
-0.03116888
0.05379375
-0.11422607
0.02369391
0.05352491
0.09305938
-0.07180898
0.06241476
-0.08311801
0.02629005
-0.02162013
-0.05775623
-0.05594635
0.02932589
-0.00578431
-0.06072754
-0.02249596
0.02521838
0.00325679
-0.05270005
-0.00665843
-0.00424894
-0.03520558
0.05858491
0.03719860
-0.07955412
-0.08848442
0.03648580
0.01326753
0.03876745
0.02071626
0.09590981
0.08879142
-0.06714756
-0.07824127
0.09414154
-0.01030548
0.11313707
0.10590797
-0.04682534
-0.05841184
-0.12467171
0.01747659
0.01891516
-0.08920279
-0.02240550
-0.03583737
0.07293571
0.01937558
0.02614328
-0.01334076
-0.04625003
0.05940059
-0.07212161
0.07757574
-0.00605912
0.07613987
-0.04423814
0.07646384
-0.02958724
-0.02757569
0.02687120
0.05454087
-0.03943032
0.00678457
-0.05205640
0.06373505
-0.13342696
-0.05002830
0.03235114
0.10880174
-0.11518105
-0.08922888
0.03003033
0.04072439
-0.01033103
-0.00865022
-0.07983079
0.01144067
0.04361909
-0.09658875
0.00872505
0.00634510
-0.06127388
-0.07509185
-0.09122625
0.02807618
0.08340480
-0.03670272
-0.07756712
-0.04616164
-0.07039534
0.09155247
-0.03859028
0.09555726
0.09762779
-0.01606563
-0.11035869
-0.06266814
0.01735654
0.09350315
-0.06121907
0.05496627
0.05097253
-0.11154587
-0.08094768
0.04096808
-0.07873763
0.01557317
-0.04573639
0.00125940
0.01564012
0.03338777
0.04814890
-0.00370318
-0.01076998
0.06911872
0.00063516
0.02384178
0.03222798
-0.00951922
-0.09809268
-0.02166858
0.01733013
-0.08469415
0.04084428
0.02921578
-0.08656356
-0.02389482
-0.07438635
0.00073407
0.01604789
0.07044435
0.02136077
-0.01641762
0.01874528
-0.05304530
0.11813592
0.04772374
-0.03760314
-0.00187316
-0.02350185
-0.02234756
0.09576175
-0.09174401
0.05192399
0.07342850
0.00515602
0.05312337
-0.01277625
0.00845907
0.00847495
-0.03253121
-0.03084935
-0.03976879
-0.03708800
-0.05420718
0.01829220
-0.03245934
0.00649706
-0.00585243
0.03331711
-0.09295327
0.07531383
0.01741974
-0.04065772
-0.10465194
0.04375083
0.05899454
0.02339884
-0.01385027
0.01122578
-0.14337496
-0.08497401
-0.02387103
-0.05986236
0.00947934
0.05817384
0.06505805
0.02110263
0.01315974
-0.00746053
0.00091949
0.00441073
-0.03116265
-0.03185488
-0.07067253
-0.03663207
0.04335006
-0.06681409
0.03062432
0.03858583
-0.00645781
-0.09149347
0.14752759
0.00991392
0.10793401
-0.01968801
0.07865448
-0.02329019
0.02650262
-0.10107730
-0.00551950
-0.07348285
-0.01059538
-0.02800384
0.12526836
0.00054047
0.01785203
-0.04646930
0.07403021
0.04038077
-0.03878960
-0.05643988
0.00054969
0.08443075
-0.02845917
-0.02273621
-0.00952236
-0.01327648
-0.12811519
-0.02879344
0.01656594
0.02402450
-0.03594854
-0.04258115
-0.11690758
0.03123635
0.04007455
0.02993702
-0.02198910
-0.01440578
-0.07515204
-0.01218791
0.01631253
-0.17289895
-0.00392950
-0.01182820
0.05328960
-0.04814659
0.00576655
0.09126700
-0.11083604
-0.04179475
0.00888036
0.08136408
-0.04054814
0.04526731
0.04790623
-0.05626391
-0.08720408
-0.03986600
0.01802266
-0.05462237
0.03040414
-0.03156906
-0.01215625
0.02976111
-0.05756538
0.05993304
-0.02524441
0.02422860
-0.01237547
-0.02963877
-0.05840634
-0.02309911
0.13038990
0.02456903
-0.00347133
0.02597010
0.17987207
-0.02754251
-0.06579139
0.04591689
-0.02077353
0.06188112
-0.06477661
-0.05185355
0.00431231
0.13775422
-0.00655166
-0.11243278
0.00542224
-0.03742348
-0.02355260
-0.00893133
-0.03456938
0.08570409
-0.02926816
-0.02873369
-0.08526307
0.11606805
0.02972871
-0.04524225
0.02725464
-0.04491621
-0.02415941
-0.07268643
-0.00262959
-0.13328943
-0.09226856
-0.13393024
-0.06003987
0.01833261
-0.02065172
0.00057912
-0.09448717
-0.04094837
0.08197375
-0.03307198
0.10582664
-0.04034961
0.01669656
-0.06450003
-0.09599855
-0.01709688
-0.09293746
0.00312103
0.05633846
-0.04973071
-0.04967586
0.00612850
-0.12805815
-0.01546996
0.01996979
-0.09714769
-0.01096907
0.02742612
0.10602964
0.08685938
-0.05363501
-0.00723391
-0.01071783
0.16036217
0.02009478
-0.01026556
0.05154354
-0.02306007
-0.07836457
0.05919923
-0.08014530
0.01203487
0.09578405
0.01352415
-0.07757980
0.10753226
-0.03819696
0.05886752
-0.01219934
-0.07332136
-0.02435658
-0.03039495
0.04021470
-0.03313029
-0.12416563
-0.00478438
-0.06227288
0.04677338
0.06106296
-0.02775737
-0.13402277
-0.02166171
0.05605325
0.02061684
-0.05987544
0.07852061
0.01362105
0.03489215
-0.03852851
0.00747409
-0.00537710
0.03926190
-0.03705816
0.02911125
-0.01427885
0.00054378
-0.07229536
0.04392394
0.05630679
0.00013388
-0.01371123
-0.03546349
-0.01082016
-0.04233195
-0.09693271
-0.01332814
-0.05665378
0.05180410
0.07218618
-0.03784820
0.00368218
0.10156634
-0.05944858
-0.03636325
0.01733303
-0.04737468
0.06333882
0.06421115
-0.02065003
-0.04165494
0.02440744
0.07391579
-0.07693341
0.07160337
0.04192919
-0.10842523
-0.02164674
0.10558572
-0.06998418
-0.07223455
0.06594088
-0.02789860
-0.06672896
-0.06770973
-0.01559022
0.01449314
-0.05815022
-0.02339190
-0.05666828
0.03933740
-0.00599833
0.04241106
-0.00021301
0.06156335
0.03748114
-0.07028501
0.02550185
0.01271639
-0.03443161
-0.00240771
-0.04491436
0.06646992
0.06656913
0.01641248
-0.06158806
-0.05896488
0.04190017
-0.06643765
-0.05128713
-0.05130418
-0.04194124
-0.00859684
-0.03771936
-0.10329916
0.03921207
-0.01447590
-0.02758034
0.03228259
0.01440712
0.06169879
0.03327627
0.06101019
0.01298823
-0.01322950
-0.02667976
-0.01753376
-0.02357789
0.00400740
-0.02126854
-0.03065091
0.01204182
0.02449024
-0.06605444
0.03786193
-0.01393786
0.06661984
-0.04218952
0.01262215
0.01587885
-0.01937253
-0.01253947
-0.05178303
-0.07971915
0.01966037
-0.01972660
-0.03055457
0.05037859
-0.09486219
-0.00063977
0.03253630
0.06460729
0.05736041
0.00571687
-0.01640599
0.00480224
-0.02129041
0.02207554
-0.03368058
-0.08089726
-0.06752383
-0.02034810
0.07298732
0.01078206
-0.03749797
-0.05564126
0.03579035
0.01484382
-0.03001648
0.05911269
0.07843663
-0.01262626
0.01496485
-0.05061065
0.02291661
0.01554069
-0.06178990
0.05093136
-0.07126432
-0.02512807
-0.01739133
0.04811516
-0.04515624
-0.00482731
-0.01811849
-0.00113867
0.03746881
-0.02005771
0.04503297
-0.01851239
0.01390651
0.06704739
-0.12995841
0.01595336
-0.01032136
-0.03176495
0.06804634
0.05222181
0.06371518
-0.07055046
-0.03994934
-0.02439653
-0.01848220
0.05721726
-0.04964615
0.05813576
0.11600462
-0.08740874
-0.09176853
-0.07642569
-0.07600493
-0.04530520
0.15113002
0.02055466
0.05203679
0.00313754
-0.01306045
-0.22080894
-0.07359585
0.01879784
-0.05637430
0.01908918
0.04732934
-0.03660748
-0.03658456
-0.04926574
-0.05689137
-0.02922365
0.00833943
-0.05395638
-0.08315223
0.06267350
0.15803772
-0.01005854
-0.04824626
0.00025060
0.11106821
0.04150945
-0.07960510
0.00651337
-0.07248972
-0.03009826
-0.03424288
-0.00288018
0.03894543
0.09204575
0.05278112
-0.02631740
-0.02871437
-0.10637461
-0.02291717
-0.15011607
0.01969362
-0.04355756
0.02214730
-0.05928094
-0.08286945
0.00128575
-0.01350384
-0.02471153
0.11462992
-0.03529427
0.01794113
-0.02402334
-0.04086295
-0.00284720
-0.05250861
0.05173811
-0.01197987
0.08373750
-0.00993534
-0.06470001
0.02496934
-0.03075274
-0.01301269
0.08014476
0.05437497
-0.05479885
-0.03020497
-0.01645010
-0.09787410
-0.03729600
0.11163866
-0.03920722
0.06438411
0.07048556
-0.05214977
-0.02447433
-0.08670651
0.00262432
0.08794279
-0.01424964
0.01715402
-0.05454365
-0.01871660
-0.00765940
0.00816142
-0.04672232
-0.03471630
0.01930480
-0.09321598
0.08688421
-0.02035034
0.10742176
0.13820101
0.06615823
-0.08134531
-0.17488009
0.05130308
0.08463972
0.05370265
-0.10237772
0.04357471
-0.00896426
-0.01934266
0.00011594
-0.00033630
-0.03435270
0.00453499
0.06367780
0.02613111
-0.02795827
-0.06980532
-0.04975977
0.07959088
0.04083832
0.07786514
-0.05425039
0.07006378
0.03129365
0.06505521
-0.09920732
-0.00576283
0.06522616
0.10214021
-0.06751902
-0.00286528
0.01605389
-0.01534137
0.11800167
-0.04788941
0.08669564
0.04891430
0.10764313
-0.04747491
-0.10465400
-0.08462924
-0.10160947
-0.10351330
-0.03649438
-0.02592923
-0.09722513
-0.06025551
-0.06116058
-0.05262393
-0.02840060
-0.07351863
0.01771928
0.07250457
0.07032602
0.05493201
0.02713272
0.01300620
-0.07713760
-0.05480491
-0.04189593
-0.04803178
-0.05443361
-0.04182515
-0.11378104
-0.01255443
-0.07269499
-0.05111572
0.01959547
0.08087292
0.04251818
0.06131842
-0.10001799
0.04262018
0.00179048
0.09302500
0.07664372
0.06567774
-0.07961842
-0.03434902
-0.00381535
-0.04987973
-0.01532706
0.05403009
0.01575790
0.10977426
-0.04132777
0.06551261
-0.07479604
0.17568006
0.11230326
-0.02916908
0.10766441
0.00929119
0.03774895
0.01685796
-0.06306227
0.00701133
0.09219577
-0.02256715
-0.00798396
-0.10360095
-0.05465993
0.17896867
0.07565702
-0.01235839
-0.08416872
0.04486689
0.15975524
0.03286875
-0.15424708
0.09372343
-0.09845933
0.04897915
-0.12563938
0.10989371
0.00587558
0.03195129
0.03697297
0.00258111
0.04139144
0.09672532
0.15567754
0.01415451
-0.05668113
0.01298627
-0.08464955
0.03339157
0.02159164
-0.03290330
0.08993842
-0.03962515
0.04776109
0.03159910
-0.08905659
-0.04067834
-0.08984037
-0.00003005
0.13574447
-0.00677195
0.03470510
-0.01123813
-0.03175421
-0.06697030
0.08367117
-0.01942475
0.00532820
0.05278545
0.11420886
-0.02922639
-0.02174878
0.00787608
-0.00260317
-0.12450639
0.02604159
0.21109919
0.15769836
0.21409509
-0.05048114
-0.20835812
-0.03624901
-0.04316822
-0.10229197
0.04481025
0.09262181
0.14793113
-0.00107507
-0.03244461
-0.09473506
-0.13248539
-0.05521829
-0.04805418
-0.01599529
-0.01615489
-0.02440248
0.11891812
0.00279051
-0.06154311
-0.04406967
-0.11772576
-0.00697254
-0.02327012
0.06364279
0.01883626
0.02831237
-0.11711614
0.14108860
0.09784050
0.09004852
0.05106051
-0.01395654
-0.06830307
-0.14054310
0.05479994
0.01839531
-0.03145194
0.02069227
0.02286897
-0.18004917
0.04395999
-0.05082581
-0.05185094
-0.00074009
-0.05519778
-0.15792039
-0.11662043
-0.14800468
-0.04404653
0.05170756
0.03282173
-0.05691256
-0.09339792
0.09526403
0.00713271
-0.05176731
0.08968321
0.05557813
0.02788684
-0.09789866
0.08862655
0.05508051
0.10644541
-0.02034201
-0.15782927
0.00578350
-0.10216809
-0.00497203
-0.01628834
0.11307985
0.11454951
-0.01573247
-0.07274568
-0.02066233
-0.02633356
0.06221043
-0.10279969
0.00283599
0.01249060
0.08188592
0.13023376
0.08389678
-0.03963874
0.00538180
-0.14624509
0.02601889
0.03547829
-0.02268135
0.01889281
0.03263921
0.00934090
0.09072463
0.10929948
0.09755278
0.02091961
0.00934792
-0.00116664
-0.01734597
-0.09416131
-0.00562237
0.02923683
-0.10799547
-0.19356629
-0.18550909
-0.01269891
-0.01439768
0.00293290
0.00775850
0.03033100
-0.06273225
-0.03912652
-0.05122507
0.02848378
-0.07722560
0.05678707
0.00653085
0.04224518
-0.07594583
-0.03388383
-0.01262018
-0.02628758
-0.00363598
-0.02668071
0.03388866
-0.09167428
0.03817215
0.05286147
0.03181440
-0.02247482
0.02215276
0.05433290
-0.03896024
-0.00731458
0.01199698
-0.01316124
0.07048541
0.12482187
-0.11895256
0.04404787
-0.10565043
0.01643029
-0.01901077
0.05050604
-0.04740679
-0.03411270
0.02259787
0.06566449
-0.00447929
-0.05260405
-0.05399598
-0.11387857
0.03066836
0.00385516
-0.02219807
-0.06128331
-0.05384944
0.04605327
0.12981732
0.03669279
-0.02172823
-0.02270095
0.03827251
0.04647261
0.05265064
-0.04394097
-0.03289540
-0.04838409
-0.01291015
-0.06217285
-0.00486912
-0.08253445
-0.02501743
-0.01794500
0.02747906
0.00341917
-0.06285761
0.13857152
-0.06295007
0.01740725
-0.00042844
0.04235097
0.06936282
0.02432734
-0.05013435
-0.01082262
0.01218225
0.12503469
0.03680975
-0.00380973
-0.02609355
-0.01642870
-0.02630304
-0.03704084
0.01407528
-0.17061932
0.00057370
-0.03694299
0.08340835
0.01311323
-0.01061105
0.07415247
-0.06255016
0.01149173
-0.03433190
0.05922145
-0.08142998
0.01988073
-0.09873179
-0.01104880
-0.00400493
0.09039763
-0.18485861
-0.02375071
0.02902018
-0.04180548
0.00634655
-0.00025123
0.08593010
-0.00613345
-0.04083741
-0.01315655
-0.02913602
0.02209556
-0.08994000
-0.10531067
0.09557348
-0.11316093
0.08374786
-0.09744169
0.08467209
0.09988207
0.05323746
-0.02443263
0.05317882
0.00783911
0.00777719
-0.10447665
0.00138209
0.07697631
-0.16991223
0.03372784
-0.00315921
0.07379425
-0.04177868
0.05079038
0.06511241
0.04869848
0.00742261
0.09325407
-0.02910913
-0.00223856
0.01089940
0.00895049
0.04283804
0.11962662
-0.05539246
-0.18160465
0.01392221
-0.06813756
0.05780853
-0.04795010
-0.02591767
0.06287628
-0.03216114
-0.00683370
-0.14452651
-0.07953598
-0.07377196
-0.03823048
0.04776863
-0.07436310
-0.01624117
0.12836012
0.03093201
-0.07875990
0.05724729
-0.11720230
-0.04500085
0.14135036
0.08402766
-0.10624832
-0.02027861
0.05492516
0.08057693
0.02497579
0.01224358
-0.20464687
-0.00908223
-0.07021420
-0.11171068
0.01661015
-0.12054737
0.08263017
-0.00099108
-0.11534936
-0.06188937
0.00549664
-0.03302041
0.09419790
-0.04438105
-0.02641659
-0.06312163
0.02930856
-0.02453412
0.03999589
0.04709595
-0.08167469
-0.01119026
0.05673323
0.08140079
0.00921542
-0.09732921
-0.05943552
0.05614506
0.03957335
-0.09579128
-0.07559835
0.02593880
0.09003580
-0.02378937
-0.03410289
0.04025309
-0.06907573
0.01560056
-0.00769101
0.06368907
0.01748285
-0.05075271
0.05704823
-0.03157391
0.09548203
-0.02703530
-0.09244014
0.09024601
0.00160309
-0.02909543
-0.03725919
-0.00154069
0.03214124
-0.07569520
0.02768850
0.00640368
0.04741733
-0.00049481
-0.03662486
-0.05142567
0.06441825
-0.02848300
-0.03866295
0.00621827
0.04185608
-0.02969853
-0.07306754
0.01916209
0.04013257
-0.03820680
-0.06556938
0.02304565
-0.04551017
0.00956141
-0.04916830
0.01992363
-0.03727853
0.12212714
-0.03996829
-0.03562671
-0.05285424
-0.05618824
-0.16646419
0.12561682
-0.02932434
0.06394836
-0.04017176
-0.03572675
-0.02479466
-0.02721472
0.05936117
-0.00980237
-0.16506812
0.02125690
0.05334393
0.13488725
0.09505212
0.04319752
-0.14026095
0.00960686
-0.13494708
-0.00073072
0.10597440
-0.01045930
0.08508150
0.05478910
-0.06390934
-0.09798300
0.04181838
-0.09394809
-0.12381176
-0.11189315
0.00909784
0.09059830
0.05538673
-0.03200167
-0.14004873
0.00601863
-0.01224531
0.02655156
-0.07959016
0.08964919
0.08816197
0.01806196
-0.12224515
0.02781151
0.08846498
-0.02519612
0.08547190
-0.09892074
-0.10593072
-0.11325290
-0.04793531
0.01509251
-0.06445072
-0.02796908
-0.00343723
-0.04162645
-0.04616808
-0.09694005
-0.17225406
-0.10005829
-0.06294678
-0.03302877
-0.13624671
-0.15670095
0.08687032
-0.06494895
0.01361257
0.05045933
0.03055683
-0.02345904
-0.00166095
0.01143734
0.06275373
-0.05797105
0.08582507
-0.04002042
0.08258689
0.01328278
0.08786546
-0.03675640
-0.15588605
0.03221489
0.05739951
-0.06404120
-0.11592533
-0.04484195
0.11991262
-0.02556813
-0.06448501
-0.17951106
-0.03976250
-0.07480235
-0.02758819
0.04709986
0.04572727
0.03606663
0.11653102
0.04177290
-0.04622812
-0.09276066
-0.02758002
0.03153289
0.06010224
0.02306647
-0.12281118
-0.05680789
-0.03128452
0.09264069
-0.03002108
0.06851457
-0.13794987
-0.09529006
-0.09697200
-0.01824350
-0.08110560
-0.00132525
0.01219551
0.00486073
-0.09592800
0.03288549
0.01849974
0.01802676
0.05294164
0.07905773
-0.09047877
0.05269754
0.03884224
0.01784786
0.02231910
-0.06317948
-0.03701295
0.03963840
-0.04191164
0.06991141
0.08680721
-0.02027179
0.02877436
0.04600159
0.00843214
0.05703716
-0.00211510
-0.02110769
-0.02955425
-0.02651177
-0.00453770
-0.01146921
0.04428938
0.04872660
0.07270513
0.02663848
0.08979513
0.09144047
0.00354149
-0.13427764
0.03512242
-0.00671753
0.06696177
0.07843985
-0.03870529
0.03627152
-0.05183662
-0.00597110
0.05282339
0.00015939
-0.07098419
0.01187666
0.04865692
-0.01768444
0.05266825
0.01788105
-0.11830786
0.05634626
-0.02727918
0.03468096
0.03384042
-0.05261307
-0.04606730
-0.01546130
-0.00328487
-0.03996404
0.01536456
-0.03841208
-0.03945046
0.01108557
-0.06547531
0.03457551
-0.12216749
-0.08608621
-0.00004130
-0.03509481
-0.09986068
-0.00623336
-0.03512972
-0.05971802
0.05587652
0.06039385
0.02583759
-0.02640251
-0.02188780
-0.05432110
-0.08213340
0.02271431
-0.05866243
-0.03036220
-0.06881581
-0.11447720
-0.07723840
0.05738558
-0.03456908
0.04257608
-0.01874672
0.06143939
0.05270143
0.00538149
-0.02852389
0.07909615
-0.09932058
-0.02208614
-0.01192823
0.07277570
0.02624163
0.10415713
0.01346955
-0.00686375
-0.14534548
-0.07147548
0.01784232
0.02880607
-0.04040996
0.02433101
-0.03326338
-0.02635626
0.05187466
-0.10841035
-0.03328487
-0.02699888
0.03240231
0.02432011
-0.01247957
-0.00317706
0.03955564
-0.05443306
0.01130122
-0.02900012
0.01464878
0.04661931
0.01413325
-0.01567799
-0.09018820
0.04261132
-0.07715824
-0.13458143
0.04255040
0.04784783
-0.02482048
-0.04261708
-0.05194718
0.03034383
-0.03970915
0.01215643
0.05964590
0.08736086
-0.00658930
0.03398709
0.02688392
-0.01614556
0.07945689
0.05065122
-0.05625497
0.03201848
0.11157066
-0.03101092
-0.00995355
0.08020113
-0.08158606
-0.09020647
0.14967875
-0.04972110
0.08245739
0.00830618
-0.00088084
-0.11845154
-0.10164358
0.07389119
-0.01125242
-0.01085756
-0.05543720
0.01597829
0.03996625
-0.02617744
-0.04343151
-0.07428419
-0.01094340
0.02525567
-0.02656608
0.10570032
0.11859316
-0.03745933
-0.05727171
0.05151647
0.04740632
-0.03973128
-0.02964760
-0.01543468
-0.03423968
-0.11951074
-0.08598506
-0.04734502
-0.02039276
0.02243362
0.05491410
-0.02840620
0.01450407
-0.03812483
-0.08552577
-0.01532870
0.07485258
0.06098840
-0.04509388
-0.03401035
0.05677785
0.04012043
0.02836109
-0.07721469
-0.03517845
0.03937143
0.06301131
0.05752262
-0.04512521
0.00287833
-0.07747685
0.00212503
-0.03139698
0.00021419
-0.05386134
0.01707858
-0.01842995
0.02470516
0.06148904
0.00666823
-0.05242435
-0.04544810
0.00220312
0.08104727
0.05621539
-0.01851916
-0.01171206
0.02506939
-0.04410169
-0.01629554
-0.06012388
0.01161520
-0.06518336
-0.01104186
0.02643029
0.02441770
-0.07153006
0.04474621
0.03563513
0.02540764
-0.04779174
0.07398879
0.06453042
-0.00335257
-0.03210289
-0.05629388
0.04916003
-0.01121232
-0.00893993
-0.01707720
-0.04508020
-0.03082984
-0.00216792
0.05441262
-0.02633128
-0.01429709
-0.06077969
-0.03108378
0.01361464
0.02699827
-0.00025692
-0.01290461
0.02877335
0.02440405
-0.07019939
-0.10480031
0.03288590
0.00642126
0.14126919
0.04869217
0.08182666
-0.01199386
0.04866642
-0.03090455
-0.07391837
0.08399206
0.02851488
-0.01604608
0.06564159
-0.02849760
0.05528511
0.06395819
0.08433253
-0.01104116
-0.05910273
-0.11214792
0.01169241
0.03400939
-0.12238497
0.00217229
-0.01109010
-0.10593622
0.09437420
0.04681804
-0.08135229
-0.04319281
-0.11294646
0.04382876
0.00365883
-0.13762669
-0.03561525
-0.06906442
-0.09651860
0.05190541
-0.01860005
-0.03405480
-0.03354028
0.04989965
0.01686623
-0.01539611
-0.06732897
-0.02529986
-0.02073394
-0.05149471
-0.05296356
-0.07080143
-0.04781850
-0.00551286
0.08110188
0.02504077
-0.06564140
0.06797621
-0.02722000
-0.01108850
0.00440919
0.02817976
-0.04668960
0.07002046
0.07593801
-0.10169757
-0.08804699
0.01410732
0.08626556
-0.01803798
0.04388091
0.00263023
0.00863730
-0.01650902
0.15389228
0.03224707
-0.03647659
0.03701023
-0.02713259
-0.03505029
-0.01858698
0.04955262
0.10041720
-0.00060604
-0.09496250
-0.12936071
0.03754762
0.15661402
0.01895975
-0.04793378
-0.02846790
-0.01235529
-0.02154828
-0.00439748
0.00747522
-0.21257232
0.01429172
-0.08476295
0.07688093
-0.10177338
0.01185825
-0.01555276
0.06981220
0.00118364
-0.00127264
-0.02146118
0.07576028
0.07414652
-0.02705217
-0.08370133
-0.00610907
-0.06259240
0.01579772
0.00030924
-0.05647129
0.05857262
-0.03429571
0.05960309
-0.00704564
-0.00689860
0.01655819
-0.01395383
-0.07607558
0.07366625
-0.10299384
0.06054329
0.10326510
0.07556263
-0.12026060
-0.04795853
0.00894876
0.04365096
0.14174075
-0.04066041
-0.00360449
-0.08450111
0.03552981
0.02820268
0.02206722
0.05527110
0.00040175
-0.02396346
0.05785642
0.04605402
0.07200027
-0.02845222
-0.00834840
-0.02534921
-0.06605109
0.04437046
-0.01016164
0.03178429
0.00099672
-0.08051693
-0.07662514
0.00736405
-0.03829848
-0.03621306
-0.00415466
-0.11359105
-0.04730755
-0.07981982
-0.07842086
0.00887013
-0.03444330
-0.03421251
0.03412163
0.07736365
0.12502728
-0.02411266
0.07639360
0.05298150
0.06603569
-0.01315203
-0.03202158
0.04660618
0.04255369
-0.11462493
-0.01174291
0.03807400
0.02137396
0.08177243
-0.00485483
-0.02843709
0.03139382
0.00626286
0.00135456
0.00973879
-0.01936008
0.01412491
0.00408041
0.10341647
-0.09057634
-0.08787656
0.07152572
-0.01355683
0.10424041
0.04704539
0.04559954
0.00072859
0.04814428
-0.04307271
0.03218935
0.10205535
-0.05036256
0.07033305
-0.03057580
-0.04992090
0.08717678
-0.03914289
0.06881522
-0.01289274
0.02294521
-0.06859130
-0.04385548
-0.04540709
0.05101804
-0.06621105
-0.13280889
-0.09074143
0.10461637
0.03850743
0.02056723
-0.02990221
-0.02083865
0.06272002
0.02884672
-0.10158439
-0.03183484
-0.02804173
0.00158332
0.04968224
-0.01423142
0.03309492
-0.01464777
-0.01384440
-0.07172240
-0.03587991
-0.05595134
-0.07760897
-0.04721723
-0.09880312
-0.06247278
0.00953523
-0.04273337
-0.01925058
0.06407479
0.15191135
0.08807896
-0.00330400
0.06572053
0.01246668
0.03450469
0.04796747
-0.06000485
0.03728892
0.03079187
0.03130649
0.06322952
-0.07170047
0.13275465
-0.00428551
-0.02816470
-0.04805592
0.06531043
-0.00765358
-0.00111241
0.01621952
-0.01736599
0.04289911
0.08491264
0.01384301
0.02527060
0.05527600
0.03877020
0.06659269
-0.00493744
-0.08631545
0.05505978
-0.02879581
0.01588376
-0.05691870
0.06957029
0.01244975
-0.00100537
0.01549954
0.00300173
0.06040709
0.08367965
0.00131732
-0.03785199
-0.17693509
0.05153951
0.06286753
0.04862180
-0.01304610
-0.01920458
-0.06174409
0.07797906
-0.01306042
-0.02981671
-0.01172694
0.06462715
0.02472914
0.07309768
-0.02976422
0.00126640
-0.01361238
-0.05774967
0.01234817
-0.07719710
-0.07861842
0.02080208
-0.09522594
-0.07831272
-0.01695159
-0.06176190
-0.00661715
-0.06367648
0.04698600
-0.05570731
0.04558282
-0.00080536
0.05383069
0.01002715
-0.04092848
-0.00355705
-0.08710050
-0.08462893
-0.02501732
-0.03980957
-0.08827307
-0.06747776
0.05625155
0.05864060
0.02699284
0.07688719
-0.10028199
-0.05388828
0.05706268
-0.06378040
0.01312421
0.00065391
-0.03949057
0.11407167
-0.02034908
-0.05228268
-0.03818215
-0.07079759
-0.00382855
-0.02035907
-0.09107935
-0.18245572
-0.03535379
-0.17748053
-0.07558963
0.00514882
-0.06819253
-0.07084011
0.08991595
0.02321043
-0.02212521
0.04530524
0.02350921
0.07767575
0.06332976
-0.04127488
0.01966897
-0.04047265
0.05737172
-0.03283267
0.01323275
-0.06463932
0.06208795
-0.00378087
0.08071173
0.05042841
0.06667022
0.02087156
0.07741044
-0.03783050
0.03725817
0.07100221
-0.03017987
-0.06190704
0.06132569
0.00114817
-0.03194588
0.01403583
0.07437324
-0.01227026
-0.01661443
-0.03439564
0.02286475
-0.01062051
-0.06248677
0.02959645
0.11041997
0.03053047
-0.02706433
-0.13925652
-0.05229088
-0.01015409
0.08624223
-0.06517772
0.01901525
0.00799933
0.10308060
-0.11777288
-0.10067730
-0.02996305
-0.04715176
-0.01265856
-0.11838277
0.00526133
-0.09608226
-0.03397210
-0.07709569
-0.05315246
-0.11155845
-0.07310799
-0.06352195
0.02672965
0.01307686
0.08380128
0.03618350
-0.04094537
0.02465304
-0.03185678
0.00596979
-0.06947218
-0.04192300
-0.09263919
-0.02975351
-0.03732086
0.01370544
-0.09837380
0.08517490
-0.01742248
-0.05342496
0.04740314
-0.12796766
-0.08490843
-0.04668406
0.02475613
-0.05177637
-0.00560956
0.03209409
0.03780377
-0.03057206
-0.06866235
-0.06802452
-0.02118993
0.05439375
0.08806419
-0.09430827
-0.01922802
-0.05019041
-0.05357534
0.07538538
-0.06434396
0.03387581
0.00224927
0.05019717
0.07139663
0.02030114
-0.12963471
0.02721789
-0.06988394
0.06156990
-0.03035966
0.07239326
0.12938201
0.04343088
0.07983101
-0.05692866
0.03266866
0.06172189
0.01600275
-0.09154039
0.04826422
-0.05998530
0.01386948
-0.15904522
0.01403144
-0.02754083
0.00505178
-0.01464192
-0.07943356
0.06746214
0.02664816
-0.01289819
-0.04579123
0.00876920
0.03078554
-0.06903739
-0.04390129
-0.04508226
-0.02941884
0.03506818
-0.09008808
0.06367803
0.02743158
-0.05532735
0.05031556
0.12014934
-0.08047419
-0.00435846
-0.07657036
0.13056457
-0.03805064
-0.14049916
0.06009845
0.01424166
-0.04486655
-0.06408468
-0.09135165
0.01166876
0.02748854
0.00676421
0.02174900
0.13870111
0.07609973
-0.08730838
-0.11259940
0.11303446
0.03112924
-0.03042507
-0.05943012
0.02151372
-0.08657549
0.02153169
-0.03682211
0.06533940
0.02697823
0.06553196
0.06038760
-0.07772644
0.07744701
-0.12407879
-0.14288062
0.08531088
0.02041015
0.09448409
0.08264263
0.06261697
0.02559428
-0.09738709
-0.07556947
0.02287090
0.03927266
0.07175601
-0.07178022
0.09354910
0.06237132
0.01976119
0.03761873
-0.03440404
0.10731021
0.07364962
-0.10073667
-0.04829013
0.00768042
-0.01451114
-0.02554679
0.03467525
-0.09336773
-0.05700777
0.07559310
0.03278461
0.04841861
0.02903979
-0.07095075
-0.02607103
-0.04108992
-0.00141109
-0.00011984
-0.05658472
-0.00882981
-0.01745593
-0.01484242
0.01653412
-0.01371342
-0.03497485
-0.05404475
0.11869223
-0.00571869
0.07485759
-0.08990609
-0.01671479
-0.06624192
-0.01376357
-0.06330051
0.10530584
0.01092697
0.03165454
-0.03462998
0.01445127
0.11352874
0.03960976
-0.12662359
-0.00258706
0.06699946
0.01708058
0.12402605
0.12407001
-0.01700273
0.00176388
-0.07101206
-0.05812077
0.05398025
-0.01716618
-0.00994000
0.01798361
0.03956470
-0.14315322
-0.02322802
0.01506571
-0.03161214
0.03936410
-0.08986565
0.14942211
-0.04338265
0.15924202
0.06919055
0.07181773
-0.06363377
-0.15001190
0.00134032
0.04023109
0.08027539
-0.06009603
-0.05542030
0.05068525
-0.06829400
-0.01650245
-0.02508764
-0.04635222
-0.02119273
0.02494653
-0.00107648
-0.03149473
-0.04497384
0.02192489
-0.07374879
0.03991036
-0.05778815
-0.04828084
-0.00215157
0.05877470
-0.04299435
0.00485407
-0.02177571
-0.01881290
0.03158972
0.01333142
-0.06938225
-0.08948587
-0.00751479
-0.05687204
-0.07059817
0.04677202
-0.07366890
-0.03993571
0.04294075
-0.08128525
0.09688278
0.01179293
0.02035243
0.06838854
0.00770069
0.05567333
-0.08962788
-0.01191260
-0.05172119
-0.18739636
-0.03304695
-0.01589909
0.06167651
-0.07174110
0.01211223
0.07439917
-0.01681846
0.07328631
-0.01965064
0.07177736
0.06849449
-0.03808552
0.00785286
0.02433676
0.01149142
-0.06298284
0.03595571
0.07974833
-0.04150659
-0.12258176
0.07895830
-0.03125475
0.02368241
0.04250842
-0.11720008
0.07040644
0.05111762
0.04242853
-0.01427782
-0.01553731
0.07380664
-0.00452211
0.07455795
0.02189799
-0.01625381
-0.02882463
0.09049800
0.02452950
-0.04519024
0.03990559
0.00585778
-0.07117497
0.00474665
0.00575435
0.07697123
0.00509357
0.09772343
-0.01461394
0.04823636
-0.10503332
-0.01932160
-0.06938910
-0.05124546
-0.10411150
-0.00500396
-0.04353799
0.09865611
0.07725413
0.02069181
-0.04090404
-0.07027655
-0.01541189
0.05820222
-0.03380882
-0.07408109
-0.07470991
-0.00405772
0.05243219
-0.06915701
-0.00675464
-0.07799163
-0.07972259
0.01806330
0.01207353
0.04743187
0.01791359
0.09786014
0.00990690
-0.10729031
-0.01429721
0.04595023
-0.07339918
0.08655223
0.05763432
0.03408692
0.02990143
-0.07299156
-0.09048805
0.01522050
0.03722734
-0.00073200
-0.05702456
0.04218848
-0.02350469
-0.02868928
0.03106503
0.06214896
-0.00764285
0.03062171
-0.02968006
0.06964980
0.01172444
0.02170138
-0.04137481
-0.08239091
-0.04779042
0.04898366
0.06440479
0.00435232
0.04266285
0.04046648
-0.09721725
-0.02494079
-0.02731002
-0.01676391
-0.04034661
0.01671552
-0.09814139
0.02247525
-0.04596718
0.02569369
0.02949641
0.02600011
-0.02195491
-0.03736572
0.00877325
0.01760429
-0.09174595
-0.01693550
-0.07454328
0.00744747
-0.01258008
-0.00832642
-0.06604230
-0.02635976
0.00942477
0.09011448
-0.09863781
-0.06927726
0.00100567
0.03107302
-0.00450673
-0.04171491
-0.06055319
-0.11754971
0.05910791
0.00167675
0.08178557
0.07866466
-0.07015411
0.00656168
-0.01521244
-0.01295960
0.01058732
-0.00038702
0.16089144
-0.03326620
-0.01079049
-0.01600765
0.02804109
0.01439032
-0.01949471
-0.00493540
-0.02524521
-0.02205043
-0.03843387
-0.02884351
0.17061158
-0.04657203
-0.05504416
0.01072095
-0.09194635
-0.02745501
-0.00139010
0.04179785
-0.04192777
-0.01990417
0.04982518
0.01099383
-0.03534600
-0.04019385
-0.00775108
-0.13207383
-0.02162386
0.03500073
-0.05584985
-0.05151762
-0.04242687
-0.10569365
-0.06458561
0.02937589
-0.17959878
0.05832559
0.01093072
0.01739444
-0.12369987
0.10210626
0.04338482
0.04179326
-0.14307740
-0.10217848
0.05387953
-0.02727803
-0.01551763
0.16324542
-0.02269446
0.01173512
-0.09810674
-0.01190275
-0.09798912
0.01874524
0.09511883
-0.01908443
0.04666836
-0.04324662
0.06884158
-0.10766440
-0.05307986
0.02986542
0.07253738
-0.06245391
0.02938963
0.00152575
-0.00356118
0.02894279
0.01027461
-0.12995550
0.02530694
-0.02345870
0.01367293
0.00704346
-0.13448240
0.02266551
-0.03358811
-0.02215510
0.01955192
0.00445445
0.04758943
-0.00119687
-0.03142732
-0.09366378
0.02939293
0.04700220
-0.06198004
0.01397678
-0.17143200
0.02471200
0.03136145
-0.20374487
0.13154379
-0.04365117
-0.08331019
-0.00171586
0.03222621
-0.07802578
-0.00852855
0.02749049
-0.01630908
-0.01290878
0.05216967
0.01247249
-0.08940717
0.08774601
0.04378944
-0.06940769
0.06183028
-0.07219330
0.05637601
-0.05650847
-0.00861018
-0.09349736
-0.11001607
0.11624010
-0.01106135
0.02382297
-0.04171214
-0.01181496
0.00424345
-0.02921007
0.02949206
-0.06796052
-0.08590772
0.00772723
0.20100199
-0.07498930
-0.05567243
-0.07100334
-0.06327944
0.23090713
0.16866273
0.11432138
0.03864542
0.06772830
-0.11715680
-0.03134637
0.08148865
0.00291587
0.04520386
0.06286506
0.03926638
-0.01786756
0.08133899
-0.13838382
-0.06562106
0.06745688
0.09002010
-0.09373011
0.08161879
0.00395879
-0.18103278
-0.19364539
0.03302401
-0.03478196
0.04348454
-0.03002689
0.09497380
-0.09494574
0.01464338
-0.03088549
-0.03608877
-0.04713361
0.03703413
0.00354439
-0.02614638
0.10000262
0.04080410
0.02010111
-0.07673554
-0.09012184
0.12605610
-0.05067347
-0.10825229
0.01013018
-0.09475151
-0.06691740
-0.00834139
-0.13743502
-0.00848360
0.03107799
-0.07549590
0.08840151
-0.05058423
-0.13344458
0.01936739
-0.00421958
0.01786828
-0.03191677
-0.10288447
0.08304186
-0.02293652
-0.03522675
-0.04072791
-0.13821164
0.00000502
-0.06446002
-0.02047573
-0.13063738
0.01123904
0.02292302
0.04605937
-0.06705893
-0.03770801
-0.04902802
-0.01115342
-0.04345614
0.08051538
-0.00344343
-0.02279536
-0.11408467
-0.11485706
-0.04479580
0.06266837
0.05644545
0.06315304
0.10502394
0.02264089
-0.06430302
0.13145667
-0.02346611
-0.11201975
-0.12654059
-0.02051531
-0.00842498
-0.03439870
-0.01365960
-0.01797767
0.08465230
0.08022542
-0.10244565
-0.12863781
-0.03285484
-0.03072887
-0.03052217
-0.07344734
0.04733533
0.02869456
-0.07471679
0.19156118
-0.10160115
0.00681255
0.02300347
0.03130275
0.00053169
0.01119502
-0.01023753
0.01754888
0.00251949
-0.07577997
-0.11986813
0.04735073
0.12586290
0.00393965
-0.11331896
-0.02528198
0.00290905
0.00122922
-0.08983429
0.20608263
-0.04650381
0.01739559
0.00635936
-0.05130904
-0.00017830
-0.15547934
-0.08972897
0.07102957
-0.06498740
-0.07366864
0.06164726
0.06310688
0.00629684
-0.02892637
-0.01835268
-0.03734795
-0.01928541
-0.01359228
0.07510033
-0.09714764
-0.07898028
-0.09413766
-0.06795628
0.15365088
-0.00123410
-0.00280611
0.02370867
0.00304832
-0.12911443
0.00738892
-0.01376330
0.02588074
-0.07321642
0.13443944
-0.09337502
0.06107448
0.00888192
-0.03962113
0.12197946
0.04685511
0.10490132
-0.01434348
0.00220920
-0.02595720
-0.05314519
-0.08551803
0.11427110
0.02221621
0.06658862
-0.11117972
-0.03445712
0.04751646
0.10147794
-0.02417720
-0.00981659
-0.09667964
0.00683855
0.06941148
-0.07186275
-0.02828480
0.05656011
0.04774066
0.08916040
-0.06617994
-0.06790943
-0.04224347
-0.03765342
-0.09663334
-0.16520187
0.11314384
-0.05396939
-0.03114248
-0.02766454
-0.01652539
0.05532260
0.07963336
-0.05671245
0.09163029
-0.00128793
0.09051123
-0.09695279
0.02950105
-0.04559552
0.04043074
-0.03595592
-0.01317336
-0.00545817
-0.08024427
0.02838798
-0.03596853
0.00380176
-0.06320240
-0.04538874
-0.19418550
0.07003766
-0.07530906
-0.00250160
-0.05541170
-0.02292745
-0.05342019
-0.01138415
-0.02638217
-0.03409716
0.08561167
0.12054776
0.01927417
0.00753857
0.03671871
0.06411014
0.01048877
-0.06383142
0.01971877
0.00154721
0.06717033
0.06780594
-0.04283363
-0.01670605
0.04980179
-0.06188327
-0.03610804
0.01485979
0.09586594
-0.02411933
-0.04731284
0.04657061
-0.02435162
0.17449901
-0.00190648
0.02282291
-0.09905323
0.04594766
-0.06918787
0.09938455
0.08072616
-0.04579757
-0.08598002
0.03328564
-0.04608762
0.02251855
0.04239962
0.04815306
-0.01082202
0.03465333
-0.01668713
0.00644831
-0.05995305
-0.05366001
-0.01473131
-0.07018515
-0.01141036
-0.04459530
0.06853832
0.02361365
-0.07559071
-0.14423576
-0.05106921
0.01944423
-0.04205528
-0.02306021
0.01178163
-0.01462620
-0.05000003
0.13522096
-0.02162098
0.08020725
-0.05508867
-0.00043396
-0.01457120
-0.03065386
-0.09240872
0.03448803
-0.00789113
0.00868872
0.04125678
-0.13269767
0.02321496
-0.02932453
0.08025813
0.05440526
0.02293781
-0.02472937
-0.06709654
0.03384121
0.04680752
0.09231167
0.04539812
-0.08343326
-0.06919008
-0.06903201
-0.07726175
0.04534692
0.07108144
0.02007839
0.04395565
-0.02717076
-0.08462054
-0.01450466
-0.04528951
-0.02837946
0.08255243
0.07810318
-0.08049878
-0.02389489
-0.07639477
0.04251285
0.04080034
-0.04108719
-0.02807365
-0.04734738
0.06130693
-0.03689238
0.08626997
-0.01567098
0.01903713
0.00876737
-0.07340024
0.06133173
-0.00303612
-0.10353503
0.01810228
-0.04355618
-0.17845827
0.02230228
-0.02730997
0.00975062
0.03757908
-0.04170461
-0.03848746
0.06067039
-0.05618737
-0.04954439
0.02208691
-0.10125312
0.07804057
0.09817291
-0.07074443
0.00462592
-0.09486482
0.02560357
0.00639348
0.06023805
0.07381841
-0.01737776
-0.05661857
-0.01320388
0.11299861
-0.06657798
-0.11649299
0.07994366
-0.05228832
0.05142573
-0.00472825
-0.02332373
0.02319928
-0.00698034
-0.04232370
0.06976353
-0.04996757
0.03800413
0.03240528
0.07870066
-0.02222642
0.02006361
-0.03323403
0.04504474
-0.02159679
-0.13446006
-0.07060046
0.04304447
-0.06635787
-0.13509065
-0.06124232
0.02964128
-0.03741782
-0.02417471
-0.03113078
-0.01894782
-0.00237712
0.00572093
0.02306888
-0.04870315
-0.15019099
0.04580489
-0.08717242
0.01953229
-0.13932729
-0.07248833
0.02655886
-0.01685908
0.04218507
0.06351365
0.02239010
0.05546975
0.04910297
-0.03133876
-0.03707494
-0.14998251
0.04535122
-0.05149660
0.03932557
-0.01553537
0.05725124
0.03859975
-0.01664077
-0.00618843
0.07385922
0.01033217
-0.08107717
0.07806797
0.05513317
-0.11031666
0.05125763
0.09759351
0.01357910
-0.03227485
0.08209278
-0.08291164
-0.05102432
-0.11208298
0.09396105
0.04708161
0.03961251
0.01943724
-0.00019336
0.12374688
-0.03291132
0.01721035
-0.06542481
-0.12445905
-0.08745199
-0.04640163
-0.03455313
0.03448570
-0.01012565
-0.00825391
-0.01860332
0.04016396
0.07539718
-0.08390591
-0.07990281
0.00642428
-0.07424892
-0.08412227
0.08480699
0.01689854
-0.07096706
-0.06913426
-0.10351133
-0.00684142
0.01066934
-0.01192855
-0.02910388
-0.13024215
0.03846193
-0.07891784
-0.07315974
0.02051171
0.05236541
-0.01601665
-0.07437483
-0.04828002
0.07124318
0.00455331
-0.08748364
0.05342077
-0.09572924
0.12732600
0.00057694
-0.05429666
-0.06074423
-0.04041260
0.02568853
0.06916274
0.00032960
0.00333980
-0.05458706
0.00978597
0.09193520
0.04482044
0.03394904
0.03903711
-0.04825389
-0.08367715
0.01245796
-0.05648399
-0.05198679
-0.05583370
0.02648336
0.06219517
-0.01832183
0.04327901
-0.00727020
-0.08373445
-0.00155381
0.05399158
-0.08511557
0.02858099
-0.06064629
0.03759243
0.03603378
0.09503191
-0.01707195
0.03478516
-0.01269007
0.00581618
-0.13580418
-0.06974059
0.01222934
-0.01926708
-0.02857898
-0.04895726
-0.03814000
0.02408223
-0.06600251
0.01428732
-0.09330931
-0.00756407
0.03500754
-0.07725102
-0.03413816
0.04283939
-0.05069199
0.07791153
-0.01115398
0.00130920
0.06143118
-0.08789501
0.03433702
-0.02817760
-0.03613229
-0.00711044
0.05709695
-0.01037179
0.02611390
-0.06129917
0.04597322
-0.02874278
0.07870454
0.01891227
-0.06594108
0.05002469
0.01702054
0.05031506
0.02482656
0.03522381
-0.02111951
-0.04350481
-0.02206543
-0.00594034
-0.01435967
-0.01989732
0.02474170
0.03859165
-0.09254894
-0.00911271
0.07164785
-0.03296741
0.01467512
0.07457694
-0.07596579
0.04236018
-0.01538152
-0.07897330
0.00076440
-0.01078767
-0.09037957
-0.05668703
-0.00300560
0.12368620
-0.05097929
-0.07941930
0.08775837
0.03732831
-0.01843480
-0.04387394
-0.06428604
0.01207846
0.03625979
0.03259283
-0.04464966
0.01731847
-0.07739774
-0.03187228
0.05347428
0.02695400
-0.03653402
-0.05813530
0.05577847
-0.00092923
-0.05660678
-0.02661364
0.06115009
-0.05386537
0.06583414
0.01295423
-0.00798102
0.06890411
0.02318462
-0.05377461
0.04558181
-0.00554696
0.10504864
0.02331620
0.00853541
-0.02836275
-0.14345104
0.11047700
-0.16059439
0.01033654
-0.07728945
0.17669646
0.00958550
0.15860160
0.03820209
0.01698174
-0.11929152
0.02641176
0.10006463
0.03052838
0.08895908
0.03213857
0.05066172
-0.04686089
0.04743526
-0.08898222
0.09992773
0.00799123
0.02503650
-0.03082174
0.08892055
-0.05988520
-0.01170240
-0.03186588
0.04929572
0.04343590
-0.03011014
0.03978728
-0.13015488
-0.12695932
-0.03446519
0.11814766
0.05944179
0.13981745
-0.00078681
0.09046434
-0.07108986
0.06842165
0.03974014
-0.05017696
-0.04614904
-0.06502492
-0.16127053
-0.13932265
-0.09329247
0.03421705
-0.00403556
0.01505904
0.05587152
-0.12405152
-0.03079456
-0.01972371
0.04495414
-0.02360786
0.06765809
0.04586243
0.04709792
-0.02416667
-0.05047996
0.08637416
-0.00279492
-0.04641905
0.05194183
-0.03599118
0.05233460
0.05588575
-0.00575651
-0.04579319
0.01323534
-0.03339150
-0.04564996
-0.08237419
0.00599629
-0.06684133
-0.00173043
0.04663767
0.03587591
-0.05399665
-0.02872069
0.08157878
-0.04730497
0.02188130
0.00428817
0.00917655
0.02685873
0.02317034
0.01751272
-0.07916865
-0.08009132
-0.05523081
-0.06600294
-0.03079666
-0.09570165
-0.01839964
-0.02586552
0.02506314
-0.19863462
0.00907483
-0.06676827
-0.01493930
0.05105725
0.05187427
-0.04270236
0.01531913
0.01338428
-0.02859607
-0.06512924
-0.07780632
0.08130424
-0.06404596
-0.07099243
-0.03887314
-0.01823828
0.01409700
-0.01784213
-0.00060753
0.02123753
0.04435692
0.05173398
0.07630053
0.01808191
0.00430319
0.02502207
0.07014387
0.08111283
-0.05607137
-0.00718801
-0.02289951
0.02483239
0.06512118
0.06617330
-0.02580663
-0.06180974
0.13472350
-0.04914290
-0.00241369
-0.05780195
-0.03892437
-0.01319243
0.02504059
-0.01467426
0.03817235
0.06273317
0.00614416
0.02517657
0.03099158
-0.01957948
-0.02186444
0.09547663
0.04521309
-0.13099390
-0.05359642
-0.08665437
-0.03421846
0.06022323
0.01187595
0.07295833
-0.03139943
-0.03290842
-0.05632864
-0.00885139
0.00801897
-0.02636593
-0.03550438
0.06043960
0.11084273
0.11967490
0.00174640
0.02906488
-0.04256181
0.13435395
-0.03334054
-0.08268125
0.01183407
-0.19328216
0.02318218
-0.10287520
-0.02733682
0.00393788
0.11449904
0.06120933
0.00242442
-0.05163475
-0.01351763
0.07266668
-0.05002127
-0.05274176
-0.08784720
-0.01330676
0.00004964
-0.07317647
-0.00493255
-0.02995064
-0.13078380
-0.01060502
-0.21077232
0.08486954
-0.04825771
-0.03555783
0.06994337
-0.24315901
0.07666373
0.01543672
0.08884981
-0.10379040
-0.07555570
0.11246093
0.10375882
-0.05372129
-0.11637519
0.01555595
0.06806534
-0.08198069
0.04277679
-0.00925382
-0.05224817
0.04817884
-0.03574215
0.04582487
-0.02222723
-0.06694950
0.09865150
-0.03373304
-0.00596401
0.05999749
-0.03707486
-0.06750197
-0.01867701
0.09139939
-0.08314180
0.06681264
-0.13899973
0.05992781
0.09109352
-0.00900345
-0.03271293
-0.13462500
-0.01032564
-0.06679764
-0.09942228
-0.08703029
0.08934852
-0.06810773
-0.19831339
0.03999146
-0.03135022
0.06321979
0.15170074
0.10157289
-0.13192748
0.00167804
-0.02385151
-0.00889875
0.00534916
0.05615808
-0.00235749
0.04805226
-0.16015446
0.04628360
-0.09243181
0.00684904
-0.04623836
0.05185460
-0.01434323
-0.13435973
-0.06585907
-0.04866046
0.01681810
0.02402771
0.03723514
-0.10853571
0.05401712
-0.00194856
-0.03760973
0.04914319
0.07314057
-0.07741576
0.00989631
0.00799026
0.11902162
-0.01998069
-0.13816738
0.13786435
0.03225921
0.00527486
-0.00262403
-0.06766210
-0.04364422
-0.09868918
0.05471856
-0.05690179
-0.06222476
-0.01180449
-0.10058962
-0.10601315
0.01385259
0.02350608
0.11913522
-0.01796333
0.09453075
-0.07342499
-0.06359839
0.04711958
-0.10192569
0.03837052
0.02640211
0.02926276
-0.03200818
0.06814068
0.08357772
0.04575043
0.03868179
0.10998493
-0.04648301
0.05583432
0.08001067
-0.07346299
0.00452097
-0.00723233
-0.06198967
-0.04695166
-0.00127809
-0.06572571
-0.00745926
0.05067597
-0.11145123
-0.12031455
-0.01760959
0.10864020
-0.03358982
0.04152241
0.00149909
-0.01034280
0.09169446
0.09947857
-0.04603992
0.05887620
0.10770012
0.05952029
-0.06231729
0.09662051
0.00246608
0.06932234
-0.15646836
0.10949754
0.04407511
-0.23943585
-0.03769730
0.00365711
0.01833509
0.11578497
0.07723720
-0.04323916
0.05328042
-0.05566579
0.01873349
-0.03505458
0.04473127
0.03280301
-0.05570955
-0.09130277
-0.03067841
-0.06679539
-0.11031516
-0.01352306
0.16382739
-0.08121074
0.01273461
0.19423899
-0.03049832
-0.04739671
-0.02125727
-0.06052659
-0.03002085
-0.17553744
0.01656929
0.05475729
-0.13193759
-0.02217853
-0.03125783
-0.16817674
0.03662410
-0.14898211
-0.05058901
-0.08144633
-0.05982738
-0.09701762
-0.05129139
-0.08360188
-0.08909857
-0.00011122
-0.07436436
0.05027768
-0.06699081
0.04872542
0.06465399
-0.01316342
-0.10475655
0.04899957
-0.04657767
0.02660462
-0.03029079
0.03456218
-0.00395781
0.10372169
0.07526344
0.03043686
0.11185198
0.11207756
0.01583832
0.06331513
-0.00196394
0.07118725
0.01357429
-0.04187383
0.07016093
0.06065568
0.08074889
0.03525826
0.12686048
-0.04413905
-0.07403455
-0.06396869
-0.12535298
0.10364296
0.03103470
-0.13220400
-0.04768665
-0.02489013
0.02276649
0.12395118
0.01854580
0.20845810
-0.08035214
-0.02521577
-0.00249074
0.05110962
-0.03471113
0.00027109
0.00810865
-0.00077786
-0.19119442
0.08216739
0.06793028
-0.01137373
0.00214273
-0.01182815
0.06023941
0.06518994
0.01974181
0.03008336
-0.05967390
-0.02742254
0.05834391
-0.06442875
-0.03637799
-0.02238742
-0.04825778
0.03070906
0.06869649
0.06136230
-0.01557934
-0.04922843
-0.00263303
0.07443222
0.03019741
0.07342414
-0.02075263
-0.05486277
0.05293453
-0.06279570
0.04250810
-0.05819297
0.05172273
-0.01657726
0.06622580
-0.01968232
-0.05007187
0.03781125
0.06528300
0.03408384
0.04809683
0.00983742
-0.04396039
-0.06023080
0.06431764
-0.06085594
-0.02424577
-0.00793954
-0.01779518
0.00196851
-0.06247261
0.02683004
-0.04701762
-0.03898489
-0.03854308
-0.04964450
-0.05631276
0.02303773
-0.04987270
0.05639479
-0.07379936
-0.07299640
0.05783356
-0.07311857
-0.01924924
0.04147106
0.05674594
-0.00549603
0.07569760
0.03635256
-0.00890579
0.03479302
-0.22603135
-0.08435835
0.00313243
0.01467333
-0.01170262
0.07534953
0.05703903
-0.15254538
-0.03099042
-0.03145079
-0.03338414
-0.05923158
0.07785924
-0.02435499
-0.03527390
-0.05966361
-0.01635975
-0.04078101
0.06804481
-0.00610633
0.03694038
-0.06931169
0.06353150
0.06959894
-0.16302739
0.11540139
-0.02311086
-0.04776199
-0.06915649
0.02578337
0.00200355
-0.09848452
-0.05899746
0.01767323
-0.02516965
0.06300125
-0.02085752
0.00127337
0.01618833
0.08767875
0.07085181
-0.03883081
0.08380707
0.00857093
-0.10795312
-0.10295737
-0.02805880
-0.06613880
-0.02157127
-0.00430526
0.01410485
0.07840691
0.08982909
-0.02689621
0.05708715
0.03514299
0.10895813
0.02611669
0.02364911
-0.02393661
0.02621522
-0.08841843
-0.02716266
0.03954098
0.02203414
-0.12112276
-0.02197920
0.03678006
-0.10849617
-0.08731820
0.00768601
0.06263741
-0.00418966
0.00091142
-0.06163769
-0.09589339
0.18337940
0.00325398
-0.10755321
0.14786634
0.16158637
0.12898974
0.03580034
0.07607164
-0.04141749
0.00648307
0.03958662
-0.08043720
0.01691263
-0.06950250
-0.02386642
-0.02320856
0.00670041
0.05534296
-0.00322328
-0.16739681
0.12006449
-0.01001886
-0.05708788
0.00126799
0.02477919
-0.02856765
0.09060983
-0.02961012
-0.07141447
-0.04134121
0.02111863
-0.05343691
0.11979869
0.04291054
-0.05139938
-0.11075541
-0.00827415
-0.02184654
0.06025610
-0.01527580
0.12799339
0.03302605
-0.03091537
0.05039749
0.07262047
-0.01365979
-0.01324052
-0.00422552
-0.01880928
0.07845857
0.04811751
-0.05065102
-0.10151711
-0.00066933
0.01313868
-0.01352157
0.07744365
0.03069072
0.00125532
-0.03890110
0.06585878
0.03923237
-0.02916178
0.04864998
-0.01432693
0.03806197
-0.03096128
-0.01049895
-0.06385773
0.07155675
0.11806886
0.05137567
-0.02294997
0.00041740
-0.01822307
0.02968140
-0.02144652
-0.00926581
-0.04293129
-0.00320828
0.09064514
0.01642875
-0.12131604
-0.00061826
-0.04639799
-0.09238752
0.05145079
0.01440311
0.07965089
-0.02908871
0.04637466
0.03691958
0.07266446
0.13040069
0.01481382
0.09622739
-0.06541094
-0.02277377
-0.02764642
-0.13286436
0.11750935
0.04241564
0.03574078
-0.15556365
-0.12882368
-0.03880008
0.02320880
0.08492416
0.04207352
-0.06721546
-0.01307247
0.11099144
-0.06242581
-0.14786103
-0.03063033
0.02316264
0.08613370
0.05457729
-0.01581153
-0.02476539
0.08772799
-0.05279950
0.02655462
0.16433062
-0.01726828
-0.00263535
0.11375847
0.02448330
-0.02638770
0.08996130
0.03105094
0.05418614
-0.00812914
-0.03473256
-0.03482352
-0.06122795
-0.02623883
-0.05653036
-0.09607995
-0.14359236
0.03978363
-0.09800150
0.00250784
-0.02308951
-0.08975364
-0.07865697
0.23182258
-0.18202877
0.12689896
-0.10323675
0.03282318
-0.07301835
0.15734497
0.04938275
0.04201100
-0.15782642
-0.08142928
-0.01099612
-0.12859899
-0.07014849
0.18880865
-0.00210687
-0.00932720
-0.11472732
-0.00542475
-0.09464223
0.01285112
0.10524785
-0.00504113
-0.06960699
0.02696378
-0.05968689
-0.06659846
-0.05381259
0.07157955
-0.07681964
-0.06685079
0.00446907
0.06807417
-0.00361174
0.00016942
0.11997432
-0.07544544
0.05566078
0.03649196
-0.04089208
0.02301703
-0.10767940
0.02584930
0.03595194
0.03355964
-0.06969340
-0.10162205
0.03768502
0.06171373
-0.10987914
-0.13510016
-0.06026982
-0.00917996
-0.02471023
-0.00777919
-0.14236841
-0.00635837
-0.04105305
-0.10647842
-0.06252843
-0.04498153
-0.08687256
0.09566000
0.02438779
-0.10699679
0.00215343
-0.18505046
0.02876665
0.06362033
0.07726156
-0.01288459
-0.00438148
-0.03701995
-0.03123178
0.07654037
0.04925349
0.02230120
-0.04219839
-0.06284549
-0.03520329
-0.06935605
-0.18350230
-0.00118748
0.03369931
-0.09594104
-0.01417623
0.00833179
0.00800642
0.07147899
-0.02865828
-0.07728785
-0.10998528
0.00781775
0.10302962
-0.12378100
-0.06853899
0.00127510
0.02890635
0.08071719
0.15088105
0.00246205
0.03582965
0.07008667
-0.09573749
0.00011649
-0.12934881
-0.01992241
0.00264626
0.07577174
-0.01539999
0.06541009
0.06602278
-0.02965463
-0.00867353
-0.04013820
-0.08487882
-0.02225328
-0.01517925
-0.04565331
-0.10783650
0.00272541
-0.02760157
0.01691994
0.06594244
-0.04298402
0.05867376
-0.08660575
0.01408829
-0.08566020
-0.10161082
-0.05282975
-0.06479762
0.05386285
-0.00840859
-0.01333958
-0.01842431
0.10693069
0.02570366
-0.03041546
0.06423464
0.01854839
-0.00008834
0.05142706
-0.11332197
-0.07528310
-0.08473564
0.11959180
-0.01416178
-0.00249768
-0.01826940
0.09244508
0.05370196
-0.03158445
0.04074604
0.01123890
0.00721697
0.04986877
-0.05291646
0.11720048
0.02772241
-0.07985794
0.03055972
-0.12044209
-0.06107822
0.02969771
-0.05915293
0.05835971
-0.03233691
0.08756879
-0.03387448
-0.04522863
0.06293449
0.10067183
-0.06928994
-0.10092413
-0.01279783
0.00922812
0.03363864
-0.06012056
-0.01292217
-0.07101792
0.07673959
-0.04060263
0.05551096
-0.05310819
0.12070730
0.04225006
-0.06615530
0.02788157
-0.09843497
-0.00196675
-0.03485821
0.11047602
-0.07360261
0.00642911
-0.08528291
0.04198842
-0.09875783
-0.07645440
0.02231914
-0.01410526
-0.09595326
-0.13387938
-0.03298836
-0.14488254
0.13604419
-0.04181430
0.01577399
-0.07367365
-0.04798680
0.00065368
-0.10315809
-0.12165092
0.00645656
0.05233598
-0.03347922
-0.07119986
-0.00009165
-0.02505315
-0.07926770
0.01005352
0.01084262
-0.08542230
-0.05466966
0.02229214
-0.03523098
-0.06693958
0.07040743
-0.08534529
-0.05139139
0.12064777
-0.00019202
-0.02595222
-0.08626487
-0.12660840
-0.06517074
-0.01389155
0.01175990
-0.01473026
0.03522645
0.16215248
-0.00642347
0.02478100
0.03363817
0.06046839
0.10908845
0.02328061
-0.07027182
0.04657207
-0.08050799
0.09832963
0.15935746
-0.01271230
0.01792915
-0.07621819
-0.05667975
-0.05810544
0.03630369
0.07574554
0.04059008
0.04598242
-0.00396056
-0.12944937
0.02068510
-0.03659513
0.04963366
0.04471216
0.02445642
0.05753404
0.06053115
-0.08225592
-0.09233429
-0.07247394
-0.02714735
0.10681493
-0.06363755
0.09073108
0.00098605
-0.03788010
-0.09362639
-0.03991932
-0.13235031
0.00278356
0.02004924
-0.01579896
0.06101300
-0.11442993
-0.04455572
-0.05324865
0.03412778
-0.02415170
0.12315356
-0.06888255
-0.05404960
0.04760939
-0.00323996
-0.02363935
-0.14080989
-0.08291873
-0.00843170
-0.03049382
-0.07631499
0.03805942
0.03222223
0.15262735
-0.06359661
0.00810324
-0.07851586
-0.01466133
-0.08081255
0.07080335
-0.13026237
0.00311156
-0.01623108
-0.06997257
0.08075835
-0.00159837
0.01246866
0.03795872
-0.06099507
-0.02267983
-0.06575289
-0.04408196
0.04467253
-0.05126473
-0.02458331
0.00988489
-0.01776767
-0.02716178
0.06163045
0.08216771
0.01652754
-0.07502926
0.11112829
-0.02426722
-0.03692325
0.03128590
-0.05636361
0.12553364
-0.02729486
-0.01574367
-0.10310015
-0.01214969
-0.00682835
0.08907831
0.11927556
0.00728427
-0.03573299
-0.10306061
0.01599883
0.01693006
-0.02231351
0.00553747
-0.07001974
0.05212621
-0.05076421
0.01849260
-0.02785986
-0.01397184
0.06401005
0.06510828
-0.07157919
-0.00024258
-0.02479425
0.00194872
-0.05716318
0.01676308
-0.08329628
-0.03699182
-0.14425473
-0.05840063
-0.06854162
0.06519961
0.05695251
0.02906093
-0.11146782
-0.00834194
0.05934306
0.07217718
-0.02041736
-0.05137097
0.00991173
-0.01876713
-0.01840393
-0.01102369
0.08852799
-0.01144063
0.01114619
-0.06328686
0.02271345
-0.05182882
0.05268450
-0.03225153
0.06790781
0.00770208
-0.04017121
-0.05526505
0.03782472
-0.15311573
0.01343684
-0.06714918
0.11480473
-0.07579216
0.02466495
0.03565595
-0.00354017
-0.07298921
-0.02652323
0.01511911
-0.07346616
-0.08596884
0.11166546
0.04571509
0.10565525
-0.14296746
-0.00465687
0.02181323
-0.00803828
-0.05156470
0.07534554
-0.11653595
-0.07306892
0.05253987
0.04706819
0.02854497
-0.11850648
-0.01147020
0.10007088
0.01794121
-0.07860798
0.05860141
0.04318799
0.08794190
-0.07805756
0.05130476
-0.05621187
0.01972814
-0.01810368
0.03708802
-0.11616518
-0.05848832
0.04080473
-0.09710609
0.05772165
-0.05133606
0.04792440
-0.05489438
0.03715301
-0.15623842
-0.05370359
-0.06149058
-0.04003797
-0.10019483
0.06400228
0.01263354
-0.00837008
0.05873125
0.01670443
-0.00292799
0.04049823
-0.03522354
0.01080752
0.01342741
-0.00772274
0.01594182
-0.17360969
0.11306871
-0.00058487
0.04989106
-0.02899188
0.01964942
-0.04897800
0.10446561
0.03517622
0.00705134
-0.10589932
0.00619547
0.07007410
-0.05493575
0.07272904
-0.06008459
0.03930455
0.05512344
0.09197161
-0.03282879
0.02320670
-0.04727247
0.02089879
0.09898084
0.01584356
-0.07975221
-0.08021351
0.01642151
-0.10129982
-0.03740517
0.04404256
0.02723000
-0.02283517
-0.06648245
0.02933466
-0.00469754
-0.04338029
0.03248644
-0.06256510
0.02725461
-0.04844055
-0.14326002
0.07137289
-0.02023944
0.03819153
0.08023957
0.04481170
-0.10098726
-0.03098794
-0.04319523
-0.02263561
-0.01164198
-0.02702873
-0.02079927
-0.05290727
0.03265638
0.08483265
0.03788436
0.05714402
0.02675620
0.04176012
0.03122147
0.03300397
0.01819208
-0.06784200
-0.00737119
0.01505741
-0.09059229
0.04217770
-0.03461516
-0.00010113
-0.01120304
0.05708783
-0.03199761
0.02865244
0.03734814
0.05336515
0.12177429
-0.07347975
-0.05856581
0.02524397
-0.08271037
-0.13437060
-0.01840509
-0.05829335
0.04261038
-0.02063704
0.02216800
-0.03424533
0.03777243
0.06563385
0.03260296
-0.03372318
-0.02229620
-0.00905560
0.04858695
0.00061069
-0.05069419
-0.04194956
-0.00992611
-0.08214307
-0.05177601
0.02538677
0.04664399
-0.04611881
0.00292179
-0.02570740
-0.06730457
-0.12770507
-0.00973470
-0.06365652
0.13541077
-0.27578387
-0.01151775
-0.01597385
-0.05676612
-0.07526343
0.02065312
0.02126028
0.11726774
0.02829450
-0.06853951
-0.09552859
-0.12193741
0.12091871
-0.01195564
-0.04757198
-0.02026748
-0.06025197
-0.03049680
-0.03945600
0.00722631
0.05641805
0.04815257
0.07641266
0.06654858
0.10894887
-0.02636149
-0.00357300
0.02638055
0.09969739
-0.10671964
0.01054796
0.01795881
0.04528624
0.04244827
0.04015544
0.05724823
0.01847023
0.06070005
0.03030211
-0.05140109
0.05273998
0.03357335
0.03571611
0.05584449
0.05351874
-0.04864076
0.03157952
-0.06660333
0.01907553
-0.00659442
0.00084798
0.04375130
0.02778518
-0.05894210
0.03535373
0.00792563
-0.02190365
-0.06427532
0.01808714
-0.07152797
-0.03788101
-0.02951695
-0.04718748
-0.00709216
-0.06550404
0.03975768
0.01767893
0.00678819
-0.03466446
0.02022046
0.04488369
0.03088817
0.04493470
0.03298318
0.03419393
-0.06296159
-0.01999148
0.02522343
-0.04968802
-0.01513686
-0.00411095
0.05613402
0.04715744
-0.04554278
-0.04715466
0.08215269
-0.05242269
-0.02200118
-0.05542673
0.01449180
-0.05387207
-0.08410838
-0.00576757
0.05228157
-0.01891161
0.04103407
-0.07629987
0.00015012
0.06395072
0.00839525
-0.02462081
0.05745279
0.05152986
0.05988763
0.00189139
0.03388630
0.01094142
0.04231547
-0.04893717
-0.05869403
-0.01663960
-0.01586421
-0.01189555
-0.09549955
-0.02851189
0.01935350
0.02941838
-0.00339044
-0.01464959
0.02131126
-0.08902077
-0.00023363
0.06548907
-0.03137076
-0.06143107
0.01587121
0.04157945
-0.02350933
-0.04812848
0.01571350
-0.01054091
-0.05323650
-0.01150757
0.02411897
0.02850373
0.09043892
-0.06597915
0.09213836
-0.04173684
-0.02134657
0.03184777
0.04776573
-0.07254158
-0.06658033
0.03126792
0.02126520
0.04188876
0.04456326
0.02444469
0.01480957
0.01321427
0.09474666
0.06056235
-0.05801238
0.01092795
0.07033512
0.13776249
-0.15138535
0.02631035
-0.04047966
0.06348125
0.07921754
0.02898304
0.00501752
0.04028694
0.02312992
-0.02314995
0.00307002
-0.09086537
0.00644866
-0.01422579
0.08374953
-0.10477374
0.02094390
0.06561109
-0.08407897
-0.01603112
-0.02069876
-0.03340913
-0.01936253
0.09489240
0.03287746
-0.05930230
-0.03389973
-0.00328598
-0.00623854
0.10184554
-0.06048753
0.09523623
-0.10770260
0.06319268
-0.05069202
-0.05759451
0.02560071
0.03553325
0.01860381
0.06144172
-0.01649486
0.12568967
0.00280131
-0.03688738
-0.06844067
0.14176573
-0.09276880
-0.00074130
0.09812915
0.01151986
-0.05084565
-0.17859185
0.04645055
0.05314633
0.07883457
-0.04783211
-0.02710439
-0.00271236
0.00674040
0.06743167
-0.09658244
-0.05775329
-0.05374058
0.11851354
-0.03600444
0.11210072
-0.07275943
-0.06987590
-0.04958240
0.10431641
0.03547300
-0.03236819
0.01227519
-0.00166672
0.04490991
-0.03421047
0.05349403
-0.03327436
-0.10708761
-0.10431881
0.03809017
-0.05440973
-0.09156886
-0.00314497
0.11348278
0.02737738
-0.03966727
0.07771599
-0.02335013
-0.12301502
0.05967824
-0.05254490
-0.04801409
-0.01084492
-0.05154454
0.16242041
-0.08861063
-0.01951845
-0.18571152
-0.00553004
0.06423624
0.01806674
-0.10849097
-0.05126242
-0.05359072
-0.00626782
0.00433913
0.03973651
0.02339957
0.11849431
0.10942431
0.00675961
-0.03507589
-0.00580020
-0.01595620
-0.00212290
-0.03184677
0.06218461
0.02830479
-0.07984020
-0.00516617
0.02996296
-0.04631040
0.10739724
-0.01461932
0.00442475
-0.03896345
0.02613669
0.00775634
0.00614153
-0.07198294
-0.03433805
-0.15301353
-0.05567115
-0.07407407
0.01677153
0.05889451
0.15447034
0.08582717
-0.06427241
0.06096942
-0.05367766
-0.08228170
0.06579944
-0.04016840
-0.04289629
-0.10004693
-0.08418591
-0.01372703
-0.00442250
0.03591259
-0.03993180
-0.12745079
-0.13626455
-0.06116048
0.04545081
-0.05942539
-0.00807829
0.06474107
0.01629116
0.03016049
-0.08882820
-0.02163225
-0.09352671
-0.01772879
0.03130173
0.04594788
-0.09454904
0.06650263
-0.10891757
0.11899860
-0.02248602
0.02707878
0.06092316
-0.06295336
0.02956560
-0.06324314
-0.02233349
-0.02911187
-0.04303403
0.07984564
0.03178157
-0.02093077
0.04776376
-0.00070134
-0.07846432
-0.06398066
-0.04620154
0.10225194
-0.05068468
-0.10844935
-0.02657323
0.06860696
-0.12315466
0.03168931
0.04574018
-0.00051380
0.03074419
-0.00915794
0.02300200
-0.06371557
-0.12047477
0.13173740
0.02397606
0.04934781
0.08371137
-0.04952647
-0.08354884
0.02111157
0.02828949
-0.05018998
0.07280100
-0.08880511
-0.11641605
-0.08535387
-0.03261084
0.00975551
-0.08959698
-0.01873416
0.02822712
0.00551121
0.09953668
-0.08223124
-0.26056629
-0.06752571
0.05273046
0.04940191
-0.10741612
0.01210150
-0.00252362
-0.01353738
-0.05388641
0.04455754
0.01707400
0.09942187
-0.03009472
-0.09167747
-0.08901948
-0.15222475
-0.02274719
-0.03241870
0.02592662
-0.04233881
-0.04856332
-0.10867281
-0.08365472
-0.09683344
0.09176719
0.07283166
-0.03950034
0.11415470
-0.02931825
-0.00472098
-0.13087015
0.09320983
-0.09198725
-0.02354227
-0.01636263
-0.03941621
0.05809852
0.12709324
0.01001603
-0.10145146
0.04146865
0.04116113
-0.01041671
0.05574109
-0.08168595
0.01333441
0.13216445
0.16474411
0.00468961
0.00508104
-0.06125985
-0.11694341
-0.09151608
0.01272711
0.01320460
-0.11308539
0.04427393
-0.06619200
-0.19584936
-0.20977299
-0.06559759
0.00977843
0.06015155
0.05672510
-0.08766656
0.13928452
0.02381766
-0.17360230
-0.08090921
0.03745809
-0.06618728
0.03640767
0.14185314
0.03095094
0.04502469
-0.05869637
0.04295534
0.08488735
0.00802618
0.03126759
0.04293418
-0.11105356
0.02370852
-0.07608862
0.02176394
-0.07145793
0.03240127
-0.13505296
-0.08634124
-0.04377216
-0.04250771
0.07428291
0.05757174
-0.15615487
-0.01495223
-0.04212674
-0.08100440
-0.01528299
0.11151451
-0.07801434
-0.03888036
-0.02858352
0.06347004
-0.05362903
-0.01299650
-0.02143789
0.12246556
0.09611907
-0.14243528
-0.00306055
0.03768762
0.15267138
-0.11362562
0.01600902
-0.07699891
-0.09087659
-0.04306197
-0.03620806
-0.00004448
-0.01277609
0.06140573
0.04212679
-0.22524130
-0.05927067
0.02394673
-0.02690246
0.00004851
-0.00291115
0.13757201
0.20933916
0.05502768
-0.07512025
0.16581693
-0.11484522
0.02167752
0.01629025
0.07541231
-0.06107596
0.05499122
-0.05423840
0.11648783
0.10573898
0.06466155
0.02015870
-0.03582465
-0.19646883
-0.03027542
-0.02474229
-0.02213462
0.05150121
-0.01278409
-0.03899448
-0.16594078
-0.02248570
0.03358086
0.07415964
0.03206391
0.06668214
0.03238624
-0.06584381
0.10862864
0.03950444
-0.14355436
-0.04247217
-0.07695358
0.06588745
-0.00447058
-0.03161450
-0.05276648
-0.04688759
0.01946441
-0.00250118
-0.07199924
-0.07632517
-0.05953182
0.07050034
-0.02634372
-0.05937972
0.11126836
0.01658131
-0.03826441
0.07416093
-0.01843495
0.08647627
-0.06812413
0.03925822
-0.02936465
-0.07798053
-0.15702571
0.06565413
0.08056152
0.03040694
0.06629788
-0.05461298
-0.09488340
0.07707792
-0.03292426
0.09450012
-0.06820834
0.01597968
0.07827947
-0.01153808
0.04223490
-0.03846301
0.03185725
-0.02537259
0.04569683
0.04624178
-0.05770364
-0.00348913
-0.00018701
-0.03105539
-0.15905330
-0.04020777
0.04331985
0.03170830
0.06957584
0.00214760
0.06138546
-0.00826249
0.05981911
-0.03655386
0.07524564
0.08626232
0.03102029
0.16299987
-0.08851026
-0.09639879
-0.03824801
-0.10540024
-0.15050171
-0.08003587
0.00821976
-0.01328971
-0.00324335
-0.00833480
-0.05518189
0.01883857
-0.08408789
0.04069659
-0.08905046
0.04200105
0.04894138
-0.09676310
-0.07040391
-0.01453907
-0.10542478
-0.09766481
0.01542297
-0.08270584
-0.02444802
0.10274706
0.15038760
-0.05149440
0.04513335
-0.07172442
0.02907962
-0.15783738
-0.02929105
-0.04155511
0.05439554
0.10809186
-0.03306393
0.07289135
0.09459855
0.00060059
-0.05926020
-0.00953314
0.06344146
0.08150045
-0.18517987
0.07018038
-0.06702977
-0.04303301
0.08283654
-0.12624848
0.08259933
-0.08970214
0.05567283
-0.02940615
0.11552802
0.08548176
0.07551996
0.03908064
0.00015304
-0.07664917
0.06802949
0.10572560
-0.01151469
0.03336451
0.00711485
-0.06092762
-0.02930513
-0.13152084
0.09685819
-0.02127209
-0.02676688
-0.10739758
0.04903810
0.07878553
-0.13188538
-0.01913877
-0.02878645
0.09958181
-0.03352899
-0.07568326
0.06022596
-0.08245813
-0.09618153
-0.12983476
0.06290098
0.04793063
-0.07145128
-0.05152081
-0.02581759
-0.07392816
-0.04856960
0.01067585
0.00387159
-0.04222756
0.04638988
0.11211430
-0.02074453
-0.02678029
0.03272022
-0.08669662
0.00466361
-0.00505174
-0.00707565
-0.08019817
0.09742425
-0.11046570
-0.03605476
0.05110439
0.05531327
-0.06553104
-0.00079037
0.05819981
-0.09759615
-0.01759192
0.01830266
0.05212730
-0.10647254
-0.19500588
-0.07039234
0.07087226
-0.04589020
0.11485047
0.06952830
-0.15396982
-0.00512586
-0.04581022
-0.00740606
0.06843214
0.00784856
0.03310099
-0.06000945
0.00774047
-0.03792155
-0.03478216
-0.07275874
-0.02007334
0.01717157
0.11980941
-0.06702180
-0.05539103
-0.07298527
-0.02077988
-0.06053153
-0.01626522
0.03148649
-0.02601458
-0.01765947
-0.09117796
0.00931205
0.04735084
-0.12619473
0.07879009
0.03355939
0.05658226
-0.08168932
-0.05250862
0.07119031
-0.04601929
-0.11310036
-0.08099639
-0.05295040
0.03323887
0.05125527
-0.06811610
-0.01181169
-0.01724388
0.03125172
0.02378858
-0.07473988
0.04981198
-0.00147813
0.05454695
-0.05009591
-0.05702041
-0.03644680
-0.09717192
-0.01004253
-0.01908018
-0.08352124
-0.00923555
-0.00779401
0.05837349
0.05396576
0.05528557
0.03702902
0.08401897
0.03200169
-0.03719679
0.08342858
0.08705579
0.14906694
-0.08660781
-0.04322881
-0.04045797
-0.06182253
0.09208848
0.06826156
-0.05047444
-0.04169525
0.06623819
-0.01422975
-0.01811944
-0.14035590
-0.01618073
0.09419547
0.01000446
-0.03794557
0.06156254
0.05000789
-0.06791980
-0.07509630
0.11330320
0.03950364
-0.07930835
0.01240611
0.03338159
-0.28839448
-0.18128537
-0.03023624
-0.04854825
0.11903116
-0.02901552
0.04364132
0.14274201
-0.05302971
-0.18527520
0.00418159
-0.09700823
0.01662312
0.00896721
0.17030430
0.04810897
0.04624967
-0.00582487
-0.03604154
0.08732779
0.11475862
0.01971658
-0.10358015
-0.08550085
-0.08199597
-0.02038020
-0.09321772
-0.02407884
0.09809076
0.03159231
-0.13794123
-0.00100899
0.02362512
0.02053606
0.00934376
0.03462954
0.05561569
-0.18719958
-0.06102069
0.01420777
-0.04873786
-0.00684853
0.03322120
-0.03221852
0.07668825
-0.03809078
0.04443456
0.05471659
-0.04562638
0.06575732
-0.03968037
0.04222677
-0.06384217
0.05465566
-0.01798349
-0.14799063
-0.07516623
-0.07370292
-0.08215000
-0.13911682
0.07130342
0.12338572
-0.11630698
-0.05950199
-0.04434171
-0.06315425
0.02463413
-0.02061952
-0.09239227
-0.03416493
0.01522621
0.17208134
-0.09019171
-0.01917213
0.11862320
-0.03537961
-0.06723261
-0.00550660
0.03438385
-0.07259239
0.09525080
-0.04570160
0.01406348
0.05860746
0.02808521
-0.11550792
-0.04778970
-0.02134756
-0.07853271
-0.08316264
-0.05114850
0.09184562
-0.08105840
-0.04245756
0.03347267
0.05305585
-0.07681729
0.04044201
0.08583438
-0.06753909
0.04704105
-0.04101144
0.08580309
0.02489142
-0.12628587
-0.00137185
-0.01925710
-0.06567439
-0.07302283
0.04779132
-0.03776268
0.09492363
0.01895838
-0.02015787
0.01971534
-0.01816083
-0.04240815
0.06547312
-0.08001475
-0.06186087
0.06075935
-0.02579072
0.02292867
0.05325785
0.02921063
0.06237371
0.03380150
-0.01575810
-0.00831819
-0.05235111
-0.09127322
0.05254089
0.05089848
-0.01292031
0.07527176
-0.04567527
-0.10813152
0.06576930
-0.10744034
0.01604474
-0.01940931
0.06989209
0.09340361
0.01959795
0.06050691
-0.05914121
0.01832877
0.06203324
0.00629844
0.01820340
-0.00155471
0.01912244
-0.04593433
-0.06084623
-0.10028782
-0.01667555
0.05365724
0.16368057
-0.03081175
-0.00794108
-0.06193942
-0.05136757
0.03299380
-0.15405731
-0.00351682
0.04054439
0.13252233
-0.07717133
-0.01338191
-0.05640262
-0.07062328
-0.05046358
0.01777220
0.08340342
-0.03714015
0.11959031
0.06248465
0.09497717
-0.09700251
-0.03366753
-0.00378411
-0.08449719
-0.09636305
-0.05028456
0.09728246
0.03740095
-0.11037177
-0.01202308
-0.04502631
0.08811690
-0.03793341
-0.02859578
-0.16419940
-0.03424582
-0.08505710
0.05571000
0.18301927
-0.03131481
0.12630560
-0.14044918
-0.13141297
-0.05579923
-0.01257017
-0.05797107
0.06154217
-0.04977104
0.09702951
-0.01182469
0.04753155
0.02400059
0.02734899
0.01875720
0.10180941
0.00411325
0.05180539
-0.07852720
-0.00487023
-0.01901566
-0.25400189
0.02708501
0.01018547
0.13210639
-0.02565519
-0.10503688
-0.05546177
-0.08726304
-0.04271875
0.05967805
-0.01341241
-0.12046298
0.12888837
-0.05984771
-0.03084022
0.05905464
0.03533678
0.06138404
0.06464820
0.03951048
-0.06908011
0.02777751
0.02522126
-0.04031993
-0.00995985
0.03562995
-0.01019063
0.08172917
-0.11217087
-0.01471577
-0.04973901
-0.08067024
0.02718032
-0.03744957
0.05336972
0.01889222
0.09698680
0.00226498
-0.00712806
-0.08703357
-0.01575762
0.08434552
0.02888615
0.00838361
-0.01893347
0.02062885
0.05874089
-0.05117411
-0.16280562
0.01735786
0.04424132
-0.07377906
0.05276484
0.00147402
0.02563324
0.01873472
-0.02404708
0.02903609
0.09433986
-0.06278545
0.01854753
0.14670573
-0.05614968
-0.02372547
-0.11585344
0.08589511
0.02339161
0.03248030
-0.02692584
0.04836245
0.02663442
0.01543975
0.05086384
-0.00061979
-0.04343421
-0.04165110
-0.03045070
0.00390663
-0.05306758
-0.06468989
0.00333143
-0.00088089
0.00074618
-0.02480452
0.03772015
-0.00503003
0.03140813
0.06142513
-0.02962147
0.06728593
0.05631413
0.02829395
-0.03530663
-0.05201872
0.03284132
0.02510975
0.05821398
-0.03800683
-0.03879758
-0.03210867
0.05434757
-0.07726867
0.07600562
-0.04683749
0.01343431
0.02971732
0.01360596
-0.01555803
0.01024548
0.06571547
0.02705635
-0.00044321
-0.01057660
-0.04721677
-0.06651403
0.04623956
-0.01356108
-0.03145567
-0.02702436
-0.02135968
0.00220408
-0.00514951
0.03771539
-0.05688278
-0.01298197
0.07070817
-0.05779479
-0.00755228
0.00322668
-0.02230852
-0.03653743
0.01630140
-0.04999610
0.04738140
0.02911447
-0.01759195
0.05354184
0.06402706
-0.05387479
-0.06792455
0.10861877
0.00103325
-0.08492192
-0.06718437
-0.02685379
0.01453730
-0.08953543
0.01579664
-0.04400845
0.02932875
-0.12886618
0.01955120
0.01404637
0.01755057
0.05363796
-0.05772099
-0.04123685
0.06937617
0.04550846
0.10772606
-0.03173228
-0.05526945
0.03980421
-0.00385334
-0.05167802
-0.04276024
0.10517897
0.03847593
-0.11698423
0.00832943
-0.01120092
0.02847349
-0.01753080
-0.02424060
-0.08430209
-0.02863299
-0.13258660
0.06332445
0.00624559
-0.05798227
-0.11082902
0.01838914
0.03357163
-0.01091606
-0.04599096
-0.11114659
0.02488675
0.01625758
-0.00317841
0.08532549
0.02990303
0.05255374
-0.09688047
0.00360158
-0.04941186
0.03372518
0.00767823
0.00612493
0.02250535
0.07575899
0.03565422
0.02293190
-0.11283734
0.02652821
-0.10396746
0.07534391
-0.04856341
-0.07045590
-0.02738931
-0.06134757
-0.06035245
0.04013623
-0.00354604
0.03337142
-0.04724308
0.00494147
-0.06359383
-0.01922443
-0.05878347
-0.00966858
-0.01679824
-0.09654564
-0.00975731
-0.05693254
-0.04482780
-0.18064275
-0.11757113
0.00445943
0.11944046
-0.08632713
-0.04513717
0.02600077
0.09134509
0.01538511
-0.07153949
0.01256355
-0.22612523
-0.05622280
-0.03347649
0.05026971
-0.03686003
-0.04768773
0.03217967
0.10528097
0.04361133
0.02728575
-0.08301477
0.02127665
0.05764142
-0.07956877
-0.00959273
-0.10412522
0.00723139
-0.09723035
0.11443872
-0.05416381
0.10040621
0.05908336
-0.11010883
-0.15439597
0.10233746
-0.07608528
-0.05552113
0.05948160
-0.03747591
-0.17409171
0.03981828
0.07081360
0.04644020
-0.04612201
0.08509377
-0.03281766
-0.02236496
-0.07289205
-0.03842900
0.04580655
-0.05462777
0.04092889
-0.01255900
0.06924027
-0.06198365
0.01310679
0.04331159
0.00087433
0.01790733
-0.08313280
-0.01185764
-0.02991413
-0.03329279
0.01535067
0.00177074
0.03534319
-0.02104869
-0.03519999
0.00280311
-0.03119701
-0.01715881
-0.01157838
0.05335576
-0.03683675
-0.03849772
-0.03128044
-0.07430364
-0.04588344
-0.14425105
0.04693931
-0.06297022
-0.00452416
0.05233261
0.01217888
-0.06332106
-0.03556857
0.03202627
-0.01823330
0.01525426
-0.06132532
0.03079903
0.02858181
-0.02939734
-0.04156815
-0.02497504
0.05664104
0.02673549
-0.05271013
0.03268954
-0.07441131
-0.04287502
0.08500511
0.02785082
-0.03177158
0.04093279
-0.01161254
0.03397480
0.01797064
0.00421170
-0.03488036
0.03436328
0.08935059
0.00908447
-0.02832443
0.02346301
0.08675458
-0.06821714
0.00587750
0.13464950
0.01873290
0.03375663
0.10377044
-0.05952735
-0.03210242
-0.03342023
0.04387225
0.03604012
-0.07621744
0.00513108
0.04098390
0.07671358
-0.02703222
0.00953757
-0.08290850
-0.00885042
0.03306706
-0.10037404
-0.05125979
-0.08588056
0.02211706
0.02421326
0.00960467
-0.17016089
0.09146401
0.03548194
0.08651309
0.00238021
0.03646846
0.07713386
0.00425222
0.00075884
-0.11893473
0.05109946
-0.12646502
0.02195672
0.08855096
0.04516727
-0.00491259
-0.09228995
0.03649196
0.03684699
-0.00645487
-0.01498186
-0.07025307
-0.05945922
0.10758752
0.05096002
-0.05340157
0.01155159
0.08507257
0.03932414
-0.04866217
0.04577536
0.01517277
-0.04066065
-0.02530824
0.03590372
-0.07067630
-0.05979976
0.08302078
-0.00014862
-0.02251912
-0.09605573
-0.00318198
0.03988735
0.00285096
-0.04029298
0.05055889
-0.05822905
0.00955211
0.03365442
-0.05498672
-0.04111245
0.07351834
-0.03946786
-0.05633057
-0.09955491
-0.00494640
0.04256669
0.00493392
0.03766039
0.03547120
-0.05435348
-0.12227157
-0.00776045
-0.02129930
-0.01887831
-0.04452200
-0.05431414
0.00180316
-0.00031351
-0.01331027
-0.01094936
0.02765103
0.05551246
0.06247369
0.05819200
-0.03823893
-0.04112050
0.02488183
-0.03930972
-0.07487394
-0.02173594
0.08919825
-0.06259874
0.03817067
-0.02254824
0.03309071
0.02851996
0.10649909
-0.01766220
0.06463641
0.03249058
0.07367095
0.01403539
-0.08944972
0.09829382
-0.04353027
-0.03764379
-0.11982932
0.08795574
-0.11004338
-0.09894710
-0.04337538
0.04050520
0.09413930
-0.12644495
-0.06247439
-0.05973316
0.00231447
-0.04903104
-0.03543611
0.07184298
0.10021814
-0.03104449
-0.03401951
-0.03787277
0.00955749
-0.06475572
0.00223180
-0.09692874
0.02755504
-0.12079202
-0.05621265
0.12936875
-0.03703337
-0.09619527
-0.14205019
-0.05116690
-0.09417894
-0.02091270
-0.01925234
-0.05821728
0.05219836
-0.02180334
-0.06632855
-0.05962063
0.05023002
0.00823248
-0.07393877
0.05059122
-0.03980833
0.00195974
-0.00018356
-0.02619507
0.02031757
-0.15497296
0.13979694
0.09626476
0.04392397
-0.06297270
-0.07939149
0.02323082
0.05427708
0.00061925
-0.01129843
-0.02170119
-0.01362787
0.03216000
-0.16290489
0.07064150
-0.01717272
-0.06563690
0.03282667
0.08511249
0.01040137
-0.00739193
0.03108485
0.12223535
0.03836480
-0.04830489
0.04779179
-0.00942996
0.08757391
-0.00531381
-0.08329903
0.05297236
0.03613769
-0.05324710
-0.08175422
-0.05519418
0.01021335
0.08726611
-0.02087267
-0.09884901
-0.11801141
-0.05796964
0.00181731
-0.04935747
0.04313535
-0.09433567
0.11720690
0.05472700
-0.06027484
-0.02563757
-0.05822750
-0.02720556
-0.03356308
0.09997299
-0.01610049
-0.03673783
-0.03776979
-0.05826648
0.05907186
0.09375346
-0.11211063
0.00583418
-0.07282350
-0.03215341
-0.08968645
0.01895149
0.12143216
0.07792481
0.06148088
-0.06801169
0.00349545
-0.04532751
0.00405555
-0.07243297
-0.06883990
-0.04140980
-0.01516879
-0.06054209
0.03769002
-0.08422147
-0.02883161
0.03124724
-0.17084713
-0.08043694
0.04878403
-0.01599875
-0.12621199
-0.07470573
0.01790382
-0.16227219
-0.00705875
0.00155384
0.04382690
-0.04393904
-0.05218093
-0.06552985
-0.04037152
-0.04230702
0.01658850
0.00323863
0.00130687
0.00453837
0.03208382
0.01811615
0.14840280
-0.03187996
-0.05746218
0.01671408
0.01460034
0.05091853
-0.08964735
-0.07647706
-0.05791873
0.05511886
0.01221818
0.03365723
-0.01943125
-0.07393669
-0.01192434
0.02530452
-0.04942087
0.07861056
0.09647212
-0.12403063
-0.02832752
-0.01845927
-0.09389512
0.10719919
0.02266879
-0.02876127
0.01987710
0.08475012
-0.05099880
0.04419070
0.01672499
0.05450845
0.01100618
-0.00354993
-0.03840312
0.01547282
0.12139793
-0.09465978
0.14960743
-0.06769194
-0.06117807
0.00992585
-0.10243677
-0.03842553
-0.13537300
-0.11416169
-0.12332778
0.08597645
0.05913176
-0.07970953
-0.08638449
-0.10716335
0.00619140
-0.09158784
0.08372413
-0.09093784
-0.12912548
-0.07056864
-0.13892034
0.00745783
0.08678316
0.04248867
-0.08581567
-0.12833685
0.09284972
-0.05879384
-0.13789043
0.08698700
-0.01774383
0.12605903
0.08761015
-0.06657664
-0.02024590
0.18332179
-0.10274724
-0.05363578
0.05539501
0.11858952
-0.08267286
-0.01538735
0.02659928
0.08038124
0.11968661
-0.04255005
0.03373056
0.00365576
-0.16278377
0.01121109
-0.07858059
0.07374292
-0.03947417
0.04328946
0.06070979
0.03607814
0.06771617
0.06330297
0.08500586
-0.03068014
-0.00787195
0.17865273
0.11335565
0.11918771
-0.11145102
0.00584972
-0.05684720
0.00441025
-0.11925681
0.09912820
-0.04673143
-0.01258202
0.02770966
-0.07077532
-0.09537244
-0.11454554
-0.05690568
0.13705124
-0.17316234
-0.05626327
0.00010132
-0.00476648
0.01767856
-0.13586865
0.12792045
0.00494607
0.00043060
0.08018867
0.05264793
-0.04529348
0.01983503
-0.01324560
0.04875273
0.01605942
-0.02714893
0.11776891
-0.09356418
-0.12906717
-0.14528988
0.03795458
0.02118370
-0.10621186
-0.09433394
0.08114584
-0.10652103
0.05937341
-0.10602625
-0.00163472
0.05315120
0.01671534
0.12973340
0.01358160
0.05690674
-0.05877189
0.03959265
-0.08618944
0.10403507
0.00202916
-0.01362514
-0.15407144
-0.04618582
-0.02644458
-0.09714670
0.13353954
0.04347063
-0.14693183
-0.11351960
-0.00176528
-0.06592166
0.06467242
-0.08505321
-0.06866045
-0.11220535
0.00803975
-0.08724205
-0.09783315
0.00534200
-0.02394937
0.04032625
-0.11314222
-0.05955696
0.01709928
-0.04380719
-0.04471277
0.00360153
0.01596264
0.03818655
-0.08175708
0.03660485
0.02812813
-0.02340853
-0.07849082
0.03473523
0.02764238
0.14352940
0.05132588
-0.07609713
0.10317087
-0.03792719
-0.00294961
-0.09132897
-0.05232798
-0.06838533
-0.03324207
0.04544501
0.01492831
0.02809205
0.00232373
-0.13372681
0.01513708
-0.06190281
0.03904144
-0.02052425
0.12547636
0.13366428
0.01890854
-0.02992007
0.02630272
0.01994927
-0.05616935
0.00768145
0.04113594
0.01074929
-0.14047107
0.10390154
-0.06539078
-0.05184761
0.05088770
-0.05409857
-0.01276944
0.00157477
0.07924116
0.01758244
0.00130671
0.07144815
0.01609535
0.05413646
0.01303733
0.00645451
0.00575023
0.03178406
-0.02641867
-0.01312617
-0.00389573
0.06583893
0.00010539
-0.07883599
0.02984119
-0.00743626
-0.02255283
0.08519560
0.08547419
0.07878689
-0.00468096
-0.08559243
-0.07822356
-0.04896939
-0.04414409
0.05237071
-0.16915806
-0.00124328
0.02526791
0.01384341
-0.05771912
-0.07362224
-0.06024181
-0.01549936
-0.23460232
0.06690713
-0.01053187
-0.06912137
-0.02814605
0.05438728
0.06596486
-0.02765823
-0.04721829
-0.00435195
-0.02232426
-0.02591643
0.01587005
0.06024003
0.02131659
-0.08465511
-0.11855910
0.07882320
-0.00727224
-0.03957168
-0.00172657
-0.01675577
-0.01237124
0.03257684
0.12880787
-0.10784732
-0.11730576
0.10321911
0.01235193
0.07081039
-0.06917416
-0.03963704
-0.01908170
0.06648595
-0.08554316
-0.01513761
0.01897000
0.01770497
-0.06590819
0.00475041
0.08001206
0.01846721
-0.04350605
0.07877426
-0.07099865
0.02292098
0.04413664
0.17319964
-0.04245164
-0.10189035
-0.07504171
0.00041552
-0.02743732
-0.00724812
0.10100873
-0.07034553
-0.15569045
0.03274383
-0.00129503
0.02672881
-0.07808875
-0.09484287
-0.06614484
0.08863208
-0.00515150
-0.05871096
-0.06132022
0.01602541
0.05439046
0.05202918
0.01200350
-0.03891326
-0.07463541
-0.09396718
-0.12292455
-0.01135569
-0.10744283
0.07667477
0.06746288
-0.04470532
-0.07471913
0.04984160
-0.06267250
-0.07719033
0.15696889
0.07435104
0.08035929
0.03192878
0.03710639
0.02999729
-0.10788365
0.00150100
-0.17132863
0.08221535
0.01087483
0.05605913
0.04960855
-0.11678158
0.01950110
0.06348100
0.02346019
-0.08613540
-0.00526354
-0.06994811
0.04101868
0.06724931
-0.01966212
0.06632134
-0.03596785
-0.02647614
-0.07370139
-0.10127149
0.08052507
0.05578515
0.07002832
-0.14714018
0.04058883
0.01392251
0.00424362
-0.06821114
0.11996675
0.01357553
-0.17766091
-0.06313882
0.11119256
-0.10210381
-0.05316554
-0.00286417
-0.00488880
0.14992847
-0.00352477
-0.12930737
-0.08174504
0.14989688
0.06670889
-0.01636594
-0.20963666
-0.02950671
0.04847252
0.03708486
0.10142254
0.07658462
0.09670556
0.01483609
0.08251458
-0.01660867
-0.04643808
0.08711175
-0.02542709
0.08345173
0.04347052
-0.07203407
-0.00688396
0.01446306
-0.04169440
0.03294232
-0.03479413
-0.10249646
0.03885302
-0.06842111
0.01055827
-0.08636353
0.05693310
-0.11816172
-0.01207274
-0.02270289
0.10123210
-0.01601762
-0.13684085
-0.09371181
-0.00429462
-0.05910010
-0.04017469
0.09514569
0.11752262
0.11062142
0.02672622
-0.02916127
-0.01230016
0.06697120
-0.09693839
0.07810280
-0.03569186
-0.05936602
-0.11801865
-0.04758034
0.03443900
0.04232606
-0.09254376
-0.02904030
-0.00545728
-0.00809338
-0.04575645
-0.05725528
0.01928820
-0.09222927
0.01540083
0.04679159
-0.07891017
0.01074095
-0.07164690
0.07638170
0.02461977
0.04491744
0.04292693
-0.04964842
-0.07994512
-0.09078657
-0.18547292
0.14731459
-0.09806660
-0.04191966
-0.02532300
0.04056491
0.00029228
0.15874191
0.06211407
0.03747808
-0.14189002
-0.04089968
0.02552813
0.01027702
0.05053100
-0.03574176
-0.05761957
0.01798234
0.13266861
0.02769437
-0.04913621
0.02829200
-0.04437647
0.05480876
-0.01546502
0.02533878
0.16145562
0.04942671
-0.04958368
0.01965148
-0.11527021
0.03483715
0.12636808
-0.00271019
0.06621127
-0.04291887
0.03864375
-0.10351497
-0.07195932
-0.09471082
0.03747625
-0.00560327
-0.08336981
0.02077997
0.10731528
-0.00274227
-0.07134374
-0.02093737
-0.20644338
0.05787956
-0.01830032
0.02228963
-0.06350540
0.04183360
0.14848872
0.10288291
-0.09427524
-0.01923423
0.05385793
-0.03357101
-0.03156124
0.02560158
-0.03476100
0.04841892
-0.08165029
0.03828920
0.06863561
0.08573934
0.00577817
-0.06391318
0.00195764
-0.05590269
0.10658467
-0.03557432
0.12736988
-0.02881211
0.11835317
-0.08980752
-0.10072602
-0.04720792
0.02385772
-0.10460602
0.02991899
-0.21669585
-0.04316078
-0.10988399
0.04410261
-0.01230857
-0.09070551
0.11784929
0.11574011
-0.08241420
0.00882821
0.08996958
0.06470448
0.14389938
-0.16727911
-0.00186901
0.02756451
-0.06054367
-0.09586193
0.00756316
0.08870286
0.12864111
0.02442348
-0.06407152
0.10306224
-0.06049928
-0.03049578
-0.19227497
-0.10301603
0.00816460
-0.00930200
-0.00938144
0.02413120
-0.00502656
-0.01503812
-0.19856681
-0.00559480
0.08837319
-0.03992228
-0.04615051
-0.04018746
0.09199446
0.09595688
-0.13767868
0.01499366
-0.08911664
-0.04956420
0.17484663
0.04112069
0.01557957
-0.05856939
0.02627002
0.02295497
0.02958572
-0.01077914
0.05149279
-0.08085279
-0.04965422
-0.01532146
-0.07572415
0.03946995
-0.07349237
-0.06458474
-0.16616537
0.04234324
-0.10240036
-0.05231219
-0.00777404
0.03247865
0.05114621
-0.06458940
-0.05481204
0.02842904
-0.02610339
-0.01300220
-0.05733964
-0.05395483
-0.06919244
0.00825304
-0.04145417
0.07722618
-0.00587838
-0.10036963
0.06468786
0.03013119
-0.07062461
-0.11461335
-0.11566609
-0.00166736
0.01388953
-0.04284053
0.00688846
-0.01440468
-0.01485066
-0.04299780
-0.01669714
-0.04359689
-0.08497871
0.02064785
0.02741582
-0.09588157
0.01350468
0.05139135
0.17516628
-0.00054451
0.09226384
0.04281736
-0.03618040
-0.04767775
-0.09977757
-0.09539925
0.05186902
-0.06005573
-0.11101845
0.02553603
-0.02342581
-0.04196284
0.03134872
0.04896758
0.04674488
-0.00476478
0.04584040
-0.22795239
0.06428610
-0.03196438
0.05289705
-0.02745705
-0.04292868
0.04594550
-0.06821080
-0.00238004
0.13191371
-0.01845945
-0.00791342
0.15752147
0.02449669
0.01059149
0.14093740
-0.06932387
0.00807325
-0.06495242
0.00810270
0.06929536
-0.04735686
0.00496467
-0.15327519
-0.05592082
-0.02203737
0.11107519
-0.14612737
-0.04535620
-0.05701890
-0.03309311
-0.03429453
-0.08842049
-0.08922908
0.01195801
0.02084812
-0.09180046
0.19717450
0.04951210
0.07108136
-0.02450541
0.19118674
0.10809992
-0.06074925
-0.20282584
0.03891445
-0.01995629
-0.11147869
0.05863084
0.03420612
0.05384862
0.08127435
0.06497131
-0.01335577
0.02802487
0.02263526
0.05252743
0.02462755
0.01728276
-0.02703538
-0.01467012
0.08505744
0.03258209
0.08766250
0.05389490
0.03689616
-0.06337639
-0.07867711
-0.05780288
-0.09657170
-0.02015691
-0.02919517
-0.08504646
-0.08317216
-0.04044271
0.05807352
-0.04382233
0.02880198
0.03837646
0.00917166
-0.05487768
0.02286160
-0.11578079
-0.00926634
0.15423934
-0.01746315
0.03771424
0.02211421
0.06977181
-0.08086936
-0.07886081
0.04550582
0.01739431
-0.05499104
-0.07749328
-0.02594163
-0.04742974
0.00099057
-0.09564253
-0.01776928
-0.12817103
-0.00550963
-0.00862915
0.06100431
-0.05447247
0.03049003
0.04190909
0.01359878
-0.05040489
0.03558482
-0.04050178
-0.09911300
-0.02552963
-0.01576838
-0.00458551
-0.07651516
0.03509248
-0.06057600
-0.02780125
0.00116599
-0.01938647
0.00624492
0.04138834
-0.10069372
0.05376833
-0.03553770
0.05718010
0.00837156
0.02679710
-0.05657819
0.03253016
-0.02021226
-0.01513273
-0.10479034
0.00462440
-0.03089701
-0.04144675
-0.00298819
-0.01348896
-0.03481137
-0.04840304
0.06659190
0.02079080
-0.00809873
-0.08502862
0.06966217
0.05195918
0.08875844
0.00437827
-0.05324955
-0.04564898
0.00550659
-0.05959884
-0.08391134
0.07714303
-0.08458788
0.01665942
0.00362905
-0.04982457
-0.04622325
-0.04260634
-0.10920750
-0.07072536
0.01607012
-0.12508994
-0.05919455
0.04059745
-0.00212743
-0.04393922
-0.01924442
0.04061599
-0.00856795
-0.00712231
0.01916673
0.11555833
-0.09157126
0.06030018
0.02211761
-0.05763075
0.05102028
-0.02856528
0.07049909
-0.08086751
-0.05278251
-0.03160495
0.02443288
-0.04043801
0.01764723
0.05667560
-0.00460108
-0.10111567
-0.04859664
0.00318708
-0.12432836
0.12948373
0.09063143
-0.07077353
0.03476039
-0.01058429
-0.04630332
0.00729149
0.02119599
0.01813861
-0.00070788
0.04287454
0.02901321
0.05208483
0.02277085
-0.00337790
-0.05918351
0.12628025
0.03018003
-0.09615826
-0.01748950
-0.08400257
0.07581671
-0.06955986
0.06579065
0.13322875
-0.07913045
0.06568111
0.00127827
0.03738107
-0.02252186
-0.13076216
-0.05701093
-0.05421196
-0.00919037
-0.09536445
-0.03986985
-0.01423157
-0.05956722
0.04583487
0.00029498
0.08142669
0.01557355
-0.02175153
-0.05094283
-0.04507825
-0.02055863
0.17768784
0.05585196
0.01450637
-0.11643214
0.05197801
0.12861128
-0.08660837
0.05720601
0.03203638
0.08148969
-0.05587296
-0.06249820
-0.09764569
-0.08122153
-0.13683456
-0.00278604
0.05681841
0.06347604
-0.00127216
0.00205172
0.02812046
-0.08939408
-0.01580360
0.08436098
-0.07100917
0.00269871
-0.01729713
0.00934198
0.09140213
0.00821237
-0.09064934
0.10130914
-0.05091919
0.02016299
-0.05529843
0.05393688
0.00887420
0.02161996
-0.01303193
0.05620795
0.07202335
-0.02633358
0.07806871
-0.08653352
0.02209853
0.06015902
-0.08568539
-0.07731361
-0.01883651
-0.04997857
0.02419592
0.16772072
0.11896853
-0.00474084
-0.07250253
-0.04605020
0.10849169
0.06783117
-0.01748459
0.03170027
-0.02527865
0.11651815
-0.06355423
0.00387267
0.05291415
0.04006858
0.01630635
-0.09239253
-0.09678645
-0.01141495
0.02390800
0.02013997
-0.02330690
-0.02160260
-0.10808686
-0.03409069
-0.04939605
0.06769902
-0.02732940
-0.06907826
0.00746141
-0.00857328
-0.00503565
-0.04715409
0.04111570
-0.12339405
0.02034709
0.05414668
-0.05844038
0.01993195
-0.04810039
-0.05826902
-0.05482406
-0.05207640
0.08186893
0.01179095
0.04100306
0.05845452
0.02815431
-0.04733884
-0.09956010
0.00810852
0.07638046
0.03925958
0.01581338
0.05881014
-0.00184120
-0.06910618
0.02535122
0.00008987
-0.01961294
0.01422613
0.01901790
-0.02567244
0.02647002
0.08951952
-0.04097378
-0.02293013
0.04229344
-0.10110799
0.03525877
0.01276685
0.01229376
0.04776119
-0.00705267
0.03435095
-0.02626561
-0.06474116
-0.00370330
-0.03654846
0.02987281
0.00820783
-0.11890233
-0.02767017
-0.06936303
-0.07421295
0.08120184
-0.00354310
-0.01295732
0.04100477
0.10135926
-0.01991281
0.00244932
0.06063446
-0.01983920
0.06940064
-0.04140443
-0.00891415
-0.06639142
-0.06576294
-0.06961317
-0.08618158
-0.09940963
0.04761447
0.02166010
-0.03198596
-0.04484243
-0.00040906
0.03288346
0.08861928
-0.10015661
-0.02083638
-0.03697509
-0.03544824
-0.02391663
-0.02249119
0.00850211
0.05226098
-0.04285427
-0.02299871
-0.00327295
0.04051392
0.01746706
0.02830111
0.00354501
-0.00235607
-0.06125512
-0.12109067
-0.07495222
0.04589446
0.02245350
0.02665824
-0.06075795
-0.01364019
0.02554036
0.00141681
-0.02307228
0.00833295
-0.04542241
0.09200633
-0.03500981
-0.02228542
-0.07871325
0.01071168
0.02914292
-0.09690122
0.01881014
0.00964538
-0.03189934
-0.03923824
-0.05406796
0.07003734
0.06609709
0.03262491
0.02538754
-0.00723855
0.02339057
-0.02112996
0.05818764
-0.03020437
-0.08130225
-0.08596135
-0.03431971
-0.13501076
-0.03370516
-0.06902064
-0.09197503
0.05648617
0.08243985
-0.03118523
0.00669431
0.03530166
0.11386004
0.02257182
0.00794921
0.05514752
0.04204495
0.14431792
0.02647129
-0.08052759
-0.01108496
0.00171494
0.02308075
-0.10854684
0.03338208
-0.13986200
0.04851739
-0.07885472
0.04690730
0.01264163
-0.01622476
-0.05307208
-0.12222867
-0.04057555
-0.10437563
-0.00056454
0.02054731
0.05733024
0.01827324
-0.03934477
0.08144411
-0.00675370
-0.07803199
-0.13286741
-0.02528875
-0.05361935
0.14488095
-0.00253505
0.04265095
-0.09485692
-0.02976482
0.02753738
0.01692354
-0.05294401
0.10387821
-0.12706520
-0.02259132
0.01563939
-0.01875782
-0.06505400
0.00482384
-0.00968104
0.00309737
-0.02876320
-0.03038603
-0.00120572
-0.00790864
-0.06700119
0.03114000
-0.02239591
-0.05837117
0.06816065
-0.01164651
0.02348221
-0.00866635
-0.03622378
0.03429148
0.05609421
0.00697762
0.04440194
0.01178750
0.05871945
-0.00870909
-0.07898584
-0.01861048
0.08130876
-0.01635654
0.05642362
0.03011450
-0.00702515
-0.05600834
0.04752200
0.00666440
0.01447727
0.00131175
-0.04775497
-0.01236066
0.03539925
-0.17173640
-0.01176498
-0.03504767
-0.02583957
-0.03739468
0.02274291
0.04398214
-0.06600379
-0.01105753
0.03485361
0.08001629
0.01605864
0.11350986
-0.07241587
-0.03666976
-0.04267262
-0.01182762
0.09859212
-0.00253761
-0.02975316
-0.02843612
0.08212557
0.02665004
0.02356147
0.04889680
-0.00387663
0.01198702
-0.00367070
-0.01205492
-0.00580023
-0.00283826
-0.04122666
-0.06062753
-0.08354955
0.07551084
-0.01787062
-0.08185025
0.05186610
-0.03902994
-0.03103231
-0.01586460
0.03154884
0.04296061
-0.05936383
-0.03138403
0.04583470
-0.06705749
-0.07681898
0.01043986
0.00942658
0.00423154
0.01159926
-0.00730290
-0.03290805
-0.03926088
-0.05437504
-0.13752282
-0.06631237
-0.04640749
-0.05345255
0.09566528
0.00467597
-0.01967599
-0.03517812
-0.14744927
0.01785373
-0.05929275
-0.12973548
0.11278526
-0.00944136
0.10949706
0.00053544
-0.02242766
-0.00078828
0.16566887
-0.00583208
-0.06185540
0.06639373
0.01404788
0.05424889
-0.21213193
0.02430128
0.03144645
0.02249379
-0.02212678
-0.00519583
-0.06511325
-0.04253906
0.10101889
-0.01932198
0.05927823
-0.03606988
-0.01184658
-0.11047090
-0.08230656
-0.01642204
-0.06505211
-0.01426867
0.03186887
0.01363064
-0.06829351
0.16056821
-0.03834196
0.04018945
-0.06447241
0.09433687
0.01457388
-0.02779877
-0.01655506
0.08838094
0.02427281
0.04461891
-0.13293211
-0.17524900
-0.11909010
-0.08207120
-0.15464745
0.13459678
0.04172559
-0.01168683
0.07019161
0.01989768
0.05480812
0.05744372
-0.03275079
0.15427925
-0.05225442
-0.01407927
0.11246570
-0.15083016
-0.04737191
0.03742928
0.15888545
-0.04034618
-0.13610826
-0.11979765
0.12877615
0.05574489
-0.03598579
0.01068208
0.02858610
0.01247091
0.01887338
0.00448696
0.13483791
0.11100019
-0.18064834
-0.07282046
0.13335033
0.12943856
0.11384464
0.06203259
0.00982732
-0.07582051
-0.04627866
-0.03590481
0.01480328
0.04521563
0.01914733
-0.06010884
-0.06754350
-0.11395104
-0.12302432
-0.01849176
0.04511135
-0.00678681
0.04485830
0.03136944
-0.11762281
-0.00889328
0.04812426
0.07189899
0.02889214
-0.02342262
-0.03630744
0.02997464
-0.01399046
-0.08833779
-0.04573528
-0.01892537
-0.08904207
0.00430043
-0.01483042
0.06627260
-0.05650704
-0.15110646
-0.04634655
0.03379358
-0.01433567
-0.08483201
0.02931152
0.04480983
-0.04559679
0.02161319
0.01779277
-0.00883459
0.01490038
-0.00022136
-0.05641386
0.04175591
-0.03424662
0.09372824
-0.13946484
0.02232965
0.01475800
-0.01747668
-0.08958195
-0.09936629
-0.12721495
-0.04013493
-0.00681458
-0.05133988
0.05971206
0.11028644
-0.03200472
-0.00880985
-0.00217502
0.02191000
0.03387564
0.06091291
-0.03923871
0.03710587
-0.09040546
0.12681422
0.01284654
-0.01267677
0.03570955
0.02591492
-0.03930032
0.16505232
-0.12476207
-0.11091563
0.07289667
0.20749931
0.05929369
0.25266042
0.03890221
-0.22214356
-0.01456220
0.17382443
0.12754963
-0.14350332
0.02265854
-0.13228928
0.03898426
0.02999095
0.09018072
-0.10024351
0.14236090
0.11105064
-0.01310515
-0.07756975
-0.12015704
-0.07665697
-0.06658215
0.07563596
0.01145289
0.13255805
-0.00796850
0.08813952
0.01777931
0.05311165
0.22075278
-0.12221693
-0.18105572
0.03122331
0.02732846
-0.28407061
0.17433013
0.02373049
-0.05268333
0.01716495
0.19205905
-0.06118105
-0.13177019
0.09922126
0.16064574
-0.08972815
-0.23812285
-0.27117991
-0.12083068
-0.09035024
0.08159003
-0.00304147
-0.00541172
-0.03712006
-0.06386470
-0.07698638
0.02295642
-0.09536529
-0.07069211
-0.12251025
-0.02731543
-0.00984207
0.06572895
0.05680784
-0.01747209
0.00406409
-0.06453077
-0.09001247
0.04095987
0.05124271
0.13656294
0.08623180
-0.02871075
-0.06604544
-0.02715453
0.05602720
-0.03995941
-0.07784945
0.06355625
0.09055492
-0.02772840
-0.04958747
0.03819741
-0.05934484
-0.04846058
-0.30455810
-0.06119899
-0.01824110
-0.03961957
0.06252098
0.01918969
0.05268043
0.02498352
-0.15074621
-0.13260423
-0.09889936
0.03044656
-0.06170024
-0.10093421
0.06157289
-0.00089663
0.00524098
-0.02789508
-0.05944627
-0.03460319
0.04023518
0.04618538
0.15989606
-0.02979823
0.04268859
0.11036026
0.04658337
-0.03759803
-0.05050241
0.01830103
0.04032214
0.03938702
0.07457064
-0.03658755
0.06334201
0.00923893
0.03990465
-0.02340637
0.05517001
-0.00953583
0.04628358
-0.01396080
-0.02455109
0.04278030
0.04904061
0.04078988
0.04950911
-0.00979572
0.01868768
0.01263704
-0.00563469
0.02303688
0.03680957
-0.04526255
-0.06659801
-0.05252419
-0.02454321
0.04096080
-0.01828358
0.00649370
0.00034110
0.03241266
-0.03817036
-0.00841445
-0.06357255
0.04848622
0.02557677
0.03430440
0.02928437
0.00472049
0.06101482
-0.03482660
-0.01515780
0.03580846
-0.04100140
-0.02220428
-0.06018407
-0.04487367
-0.01475430
-0.02860835
-0.04972756
-0.05121278
0.01573825
0.06596249
-0.03250688
-0.04825543
-0.06468035
0.04326757
-0.00708115
-0.06119807
0.02801633
-0.02047497
0.03647812
0.00785558
-0.01853902
0.06543393
0.09226990
-0.02248286
-0.06185119
0.05803730
-0.23274913
-0.13419160
0.01029866
-0.06535834
-0.02530461
0.11518528
0.11288086
-0.04430128
-0.01994218
0.06457151
0.09738009
0.00005129
0.08142975
-0.03291987
0.05309284
-0.07683489
-0.01080716
-0.02522317
0.01966784
-0.00701010
0.00415064
-0.02942627
-0.03009706
-0.02152423
-0.09775305
-0.05974400
-0.07388002
-0.00939241
-0.09273879
-0.00174769
0.07354636
0.04849274
0.00455125
-0.05812013
-0.03431148
0.01978631
0.00967213
-0.08371283
0.04981893
-0.05122458
0.15574531
-0.01223029
-0.09532104
-0.00335859
-0.01676429
-0.00235032
-0.04386684
-0.13409716
0.06101025
-0.07177348
-0.03911648
0.01911287
0.06782246
0.00009756
-0.04912378
0.02847961
0.15756972
-0.03140379
0.07401004
0.13767704
0.15395314
-0.12438356
-0.00776815
-0.05094263
0.00529127
-0.03067245
-0.00440973
-0.01099593
0.08268910
0.02704786
-0.08574570
-0.02914965
0.02545089
0.01785300
0.02039104
0.02943163
-0.07248675
-0.20963717
0.00765019
0.06721869
0.04074237
0.09645616
-0.13132401
-0.02719695
-0.05455511
0.02879795
-0.06795738
-0.11083988
0.01298137
-0.05992065
-0.09748973
0.04911137
-0.10131687
-0.03955343
0.09185395
-0.10489158
0.07358873
-0.03715072
-0.13262346
0.05946677
0.24270159
0.15439628
0.01544656
-0.00559381
0.10394722
0.12423585
-0.07861388
-0.08318001
0.15380549
-0.03556146
0.05529956
-0.11116593
-0.19274658
0.02221696
0.09656820
0.04634823
0.12705286
-0.06597605
-0.12160894
-0.04791857
0.04213037
0.15594211
0.00630669
-0.03912521
0.03696260
0.01292103
0.06788805
0.03552155
-0.10163604
0.04533706
-0.06899208
0.00172686
0.07403854
-0.00696825
0.04791545
-0.06385675
-0.04258788
-0.06949431
0.04865409
0.03534992
-0.13293977
-0.01814523
-0.00877921
-0.10957304
-0.05822082
-0.00553914
0.06049932
-0.04328550
-0.04064323
0.07320928
0.01107682
0.03077658
0.02586234
-0.03629667
0.04190415
-0.07427181
0.09594168
0.02829576
0.01332971
0.04006575
-0.00057887
-0.06857415
0.03689208
0.12259519
-0.08491401
-0.04641923
-0.02349517
-0.03587928
0.15344802
0.02560637
0.01683085
0.00265232
-0.08202922
-0.06161450
-0.01903333
0.02692226
0.03270019
-0.03617029
-0.00697796
0.05815450
-0.04895419
-0.01156767
0.04348068
0.00850620
-0.06741459
-0.03731422
-0.02520741
-0.12794445
-0.01593498
0.05558512
0.03756843
0.02428780
-0.01368691
-0.00748186
-0.05260333
-0.05208564
-0.03974492
-0.02493394
-0.18367259
0.12855485
0.11313590
0.02948339
0.05158638
0.00545938
0.14332132
0.07493225
0.06297381
0.05861973
0.00953442
0.07118462
-0.02804743
0.03456939
-0.01044772
0.10914979
-0.04519916
0.07296515
0.07336111
-0.08731362
-0.04662171
-0.00618953
-0.07827700
-0.08187900
-0.03976603
-0.14191869
0.09217713
0.02913657
-0.04721427
-0.14649890
0.20052069
0.17297897
-0.16577759
-0.16230260
-0.07799563
0.00435830
-0.03769813
0.18838061
0.03250096
0.04056903
0.05995909
0.06292997
0.03623456
-0.02730231
0.01685984
-0.06868680
-0.00474667
0.07938837
0.00593409
0.04135945
-0.03002502
-0.00465458
-0.04018496
0.09829231
-0.12708247
0.06147331
0.04609003
-0.01316364
-0.06861255
0.12343135
0.02617814
-0.07969811
0.08130489
0.05657465
0.11997949
-0.20768346
0.06360449
-0.05018317
0.06647843
0.01804816
-0.03012246
0.01868537
-0.10315084
-0.01454507
-0.01407625
-0.07135340
-0.07278983
-0.11265647
0.04636308
-0.07291586
-0.13786505
0.01548380
-0.09639268
-0.04838173
0.03576130
0.05336728
0.05459350
0.01383216
-0.02344244
0.09637239
-0.02886001
-0.00035417
-0.02105146
0.14217129
-0.00264186
-0.19252498
0.02969774
-0.02089863
0.05413638
-0.07282180
-0.00737789
-0.02578375
-0.00351600
-0.05354505
-0.01132094
-0.06669243
0.04870370
-0.01976861
-0.02393926
-0.00260609
0.05474081
0.09544987
0.11480691
-0.03169512
-0.05054480
-0.06370761
-0.01953760
0.01340673
-0.05290097
0.01288290
-0.02708781
-0.05979751
0.02385760
-0.04409330
-0.01765389
0.03109323
-0.04716717
-0.05589102
0.03696196
0.00263096
-0.02827992
0.10540722
-0.06779460
-0.03372308
0.03449673
-0.04187282
-0.05981359
0.03292080
0.12617895
-0.09025334
0.03247974
0.00447245
-0.01198782
-0.06274305
0.05843797
-0.16730425
0.05394590
-0.00097405
0.04659293
0.03833495
-0.04113015
0.03318105
-0.09574880
-0.09196013
-0.06108500
-0.04888675
-0.02664869
0.02853574
-0.01540599
-0.03603738
0.03748633
0.06847340
0.13586958
0.11656222
-0.01474516
-0.00636312
-0.00777829
0.05430674
0.06588595
-0.04173820
0.04221456
-0.03231781
-0.03648147
-0.00818360
-0.04141247
-0.03189552
0.05944859
0.16740598
0.01472875
-0.05130664
-0.03635476
-0.00110882
0.01267873
0.04326950
-0.01192830
0.04890352
-0.08103522
-0.02187953
0.09669391
-0.02407041
0.00594887
0.05413600
-0.01245261
0.09837398
0.02068971
0.03328038
0.11019167
-0.06019317
-0.02475216
0.11161342
0.16234976
-0.11572602
-0.07987597
0.00452493
-0.04242834
0.09595601
0.01174867
0.11529996
-0.27349272
0.07476388
0.07911460
-0.05048885
0.04025611
-0.08625441
-0.04738900
-0.06157988
0.18464096
-0.08961636
0.04085717
-0.03843838
-0.03885688
0.06126673
0.01312576
0.03503147
-0.07892118
-0.09776033
-0.05418393
-0.00677250
-0.10819238
0.14997964
-0.02431307
-0.19212125
-0.00246652
0.16595735
0.07778654
-0.14860523
-0.10148134
0.05787632
0.09178071
-0.03798969
-0.10603458
-0.06790474
-0.07469008
-0.03878030
-0.05917013
0.00127415
-0.00622404
0.10140965
0.02591175
0.04531531
-0.11443150
0.00058766
-0.04600177
0.03253373
0.07897270
-0.04482388
0.08318341
0.04987181
0.02092206
-0.02136299
-0.05012685
0.02592427
0.02886679
0.00303744
-0.06499092
0.04613042
0.04504341
0.02235733
-0.04366044
0.07652769
0.10157762
-0.03882214
0.05179106
-0.06185048
-0.07603883
-0.01234378
-0.00341876
0.00381170
-0.10530189
-0.05531681
0.02931255
-0.01696442
-0.03447092
0.05301411
-0.00733223
0.04393107
0.04223986
-0.04693188
-0.02737487
-0.03679484
0.13860343
-0.08685109
0.10033052
-0.09133114
0.08317141
-0.00331214
0.03108434
-0.05778246
0.00210145
-0.03351438
0.05685896
-0.05527057
0.08529222
0.01085341
0.17437352
0.15464656
-0.00546275
0.06548175
-0.06408913
0.00001792
-0.11411086
0.10529949
0.03291015
-0.05788602
-0.10428382
0.05867509
-0.08698259
-0.08229291
0.01329303
0.05587709
0.07946695
-0.05172800
-0.03633692
-0.02946245
-0.00041240
0.00982942
0.02085301
0.07158207
0.06374551
-0.07497266
0.07446006
0.08537605
0.01553455
-0.04774298
-0.02164144
-0.00336004
-0.00466897
-0.11640546
-0.06534003
0.02754397
-0.02289711
0.05005832
0.09010777
-0.11465431
-0.02587852
0.04035641
-0.07264517
-0.04045514
-0.13428657
0.18501173
-0.02794635
-0.08951947
0.02058067
-0.02283929
0.12737519
0.04159383
0.07389551
0.01128077
-0.05131431
0.00123751
0.01800038
-0.09092663
0.02568483
-0.09357277
0.00171072
0.05711902
0.03885590
-0.00305867
0.09275527
0.01511871
0.00206051
-0.03110454
-0.07408122
0.01185632
-0.08837748
-0.01496540
0.00757958
-0.05342200
-0.06900345
0.05355107
-0.06535048
-0.08473902
0.00313408
0.01275180
0.02663082
-0.05818387
-0.06073922
0.06175140
0.02973555
-0.07256634
-0.01058145
0.01729997
-0.00365664
0.02497257
-0.03394856
-0.07866105
-0.02270155
0.07661555
-0.05132803
0.06251418
0.08335639
0.02338182
0.05475889
0.06331259
-0.04959329
-0.01294409
-0.07512423
0.03591249
-0.03831682
0.10025589
0.02048160
-0.07047257
-0.03263421
0.05511984
-0.11848692
-0.07925893
-0.04198355
-0.03636699
0.13455740
-0.03881523
-0.01239394
-0.04383710
-0.00511025
0.02569281
-0.00162640
-0.02913213
0.01344842
0.04336870
-0.04960901
0.06154988
0.00453453
-0.05033203
0.03179812
0.05648074
0.00020145
0.02881168
-0.05485969
-0.03657508
-0.13818148
-0.00684587
-0.00921313
0.01762210
-0.08092208
-0.00514353
-0.08735576
0.01308153
-0.02332442
-0.07836449
-0.05210948
-0.08867245
-0.04739069
-0.03218805
0.02189913
-0.00068228
-0.06247987
0.03613948
0.05788968
0.08410566
0.03958333
-0.08768920
-0.03930160
-0.00782510
-0.00973842
-0.01390750
-0.02774103
-0.15855177
0.04227018
-0.10198130
0.04786081
0.05014224
0.04816433
-0.04302216
-0.02668405
0.05621476
-0.11579824
0.01056920
0.01012521
0.13377547
0.04274948
-0.05075115
-0.03677754
-0.00514003
0.05797990
0.04416940
0.09653517
0.04210085
-0.06275897
-0.08832666
-0.00864550
-0.22919881
0.03488263
-0.07021981
0.03105710
-0.12866765
0.09844718
-0.07700343
0.05978063
0.16857736
-0.00224534
-0.01715361
0.06972449
0.03265170
-0.11824356
-0.07357284
0.03944724
-0.03861405
-0.03198728
0.05598356
-0.02343262
-0.05252643
0.09397329
-0.04146789
0.01327315
-0.13344739
-0.01432284
0.05113380
-0.00191640
-0.02679879
0.04458791
0.04878354
-0.05127867
0.03631035
-0.00725532
-0.01207052
-0.06202127
-0.05453548
0.02021590
-0.02625703
-0.01659998
-0.06797794
-0.05624822
0.08830304
0.04915134
0.02170472
0.01172685
-0.10912977
-0.04909418
-0.01623170
-0.08988694
-0.07808326
-0.11387208
0.11270837
-0.06123867
-0.04399960
0.03551041
0.02853008
0.03128141
0.05587171
0.05777730
-0.00152336
-0.05351041
-0.09542613
-0.02840707
-0.13916226
0.10121977
-0.00231531
0.04574275
0.10616571
0.05648011
0.06821868
0.12205515
0.07670423
0.03248760
-0.02601118
-0.00662220
-0.14025477
0.07166240
-0.03473410
0.00017330
-0.07025394
0.00710887
-0.06088335
0.01561598
0.02360291
0.03883392
-0.00223640
-0.03924612
-0.02366860
-0.01764776
0.02297239
0.03559865
0.02538302
0.06831091
-0.08580359
0.08057164
-0.07171692
-0.09828549
0.09869820
-0.04407091
-0.05951067
-0.08247521
0.02757214
0.02973295
0.02061119
0.06314675
-0.08260212
-0.01193942
0.01184877
-0.06848323
-0.00195570
0.08076145
-0.19671357
-0.03805970
0.02350435
-0.01996093
0.12651861
0.03843819
0.06841373
0.03755989
-0.05262431
-0.07905326
-0.00784807
0.02215073
0.14033906
-0.05033432
-0.01031511
-0.08601436
0.08885532
-0.00767010
-0.11613482
-0.07147365
0.13208260
0.12097228
0.00240641
-0.00357453
-0.09325158
0.00368217
0.03793969
-0.02574440
-0.03987515
-0.07516275
0.07644638
-0.02561437
-0.04518096
-0.07037092
-0.03625756
-0.03948451
-0.05839084
0.00093623
-0.00704351
0.01173065
0.03583663
0.02384661
0.02820309
-0.10259780
0.00570969
-0.03141085
0.00767297
0.04880771
-0.02041540
-0.06165616
0.03881269
-0.01487065
-0.01738821
-0.05395612
0.03758865
-0.05107361
0.03713836
0.06416004
0.06020266
-0.00062012
0.01393436
-0.01104674
-0.06671438
-0.05684049
0.09287945
-0.02996091
-0.05375387
-0.07284608
0.10145219
-0.06722894
-0.05359286
0.03052281
0.02841989
0.04474997
0.01250196
0.07619406
0.06255194
0.02454167
-0.07914565
-0.04034165
-0.04554818
0.07936303
-0.07370708
0.04843842
0.04434261
-0.02097006
-0.07066646
0.02889862
0.05971415
-0.06237284
-0.09934121
-0.08067434
-0.04634985
0.01997587
0.06948149
-0.01939121
-0.00960441
-0.03142044
0.04391395
0.03963298
-0.02609997
-0.01669411
-0.05925569
-0.02005609
0.02941263
-0.02298873
0.02843215
-0.03203956
-0.02584021
-0.01213559
-0.04301598
-0.00440497
0.00499758
0.01734610
0.02317000
0.02606933
0.00209722
0.05407851
0.07421131
0.04540775
-0.03176994
0.03140469
-0.03455676
-0.00653767
-0.03480996
-0.03649441
-0.08090221
0.08052058
-0.05113731
0.00014029
-0.07135384
0.01045073
0.00873839
0.07199071
0.04586642
-0.08958797
-0.08232661
0.03191997
0.09891582
-0.01894915
0.06677047
-0.02324111
-0.06223848
-0.08279210
-0.01960994
-0.04171957
-0.09818920
0.02526096
0.02462476
-0.00599347
0.04887469
-0.06178583
0.01672409
0.02751498
-0.06638549
0.04619953
0.11347629
0.00984945
0.01369274
0.03890136
-0.01852439
-0.10999935
-0.03367707
0.00292613
-0.06372198
0.06007581
-0.07668243
-0.02422637
-0.03258431
-0.05175667
0.10344674
0.01715988
-0.12106922
0.05291928
0.10344212
-0.04033800
0.01238090
0.09775798
-0.03142489
-0.00061385
0.08022289
0.08283106
0.00013080
0.04464867
-0.21493240
0.00654346
0.02898750
0.02706367
0.04600314
0.05683805
-0.02297853
-0.09284796
-0.12915401
-0.03895501
-0.03907318
-0.07760140
0.08779901
-0.01870850
-0.01791913
-0.01828531
-0.03154976
0.05219567
0.10980073
0.08664770
0.03193124
0.08618698
-0.03354805
0.01738109
-0.15771425
0.00450414
-0.00481518
0.07915296
0.03718635
-0.06602933
-0.02260358
0.04487876
0.10659751
0.03193391
0.01171898
0.01954177
-0.14564121
0.02075578
0.13317092
0.02977293
0.00477232
-0.10041019
-0.03584988
0.06785832
-0.04483105
-0.14734913
-0.00650618
-0.00780537
0.02648346
-0.07456742
0.03068065
-0.16741312
-0.09786279
0.00997881
-0.12021627
-0.02518867
-0.04435609
0.15331995
0.14140201
-0.01366189
0.05069805
0.05801316
-0.00595784
0.03508332
-0.07375657
0.10955428
-0.09693137
0.04286870
0.04559449
-0.13340549
-0.04759278
0.02285899
0.23474345
0.05702406
-0.03309118
-0.15828915
0.02929638
0.07907768
-0.02348248
0.03425435
-0.10444866
0.17159609
0.08643485
0.05597651
-0.04900387
-0.00257796
-0.10115845
0.03462508
-0.09117120
-0.03550772
-0.05973013
-0.03560973
-0.05045723
0.01158417
-0.02578571
-0.02917877
0.05630979
0.06971835
-0.06586507
-0.12511505
0.02228684
0.01659429
0.11479981
0.02778963
-0.03014269
-0.06676312
0.10498257
-0.02186091
0.02279197
-0.06777512
0.07661790
0.03997562
0.02938113
0.05581176
-0.02516467
0.02048986
-0.00101978
-0.12088786
0.02212586
-0.01968328
-0.08956844
-0.09411570
-0.05329608
-0.07507680
-0.00902941
0.07984721
0.00700610
-0.05232793
0.02863070
0.15878932
-0.00401673
-0.01973800
-0.06141479
-0.05436277
0.00933890
0.09724866
0.05959047
-0.04273278
-0.04165472
0.04884763
0.07423134
-0.04102091
0.01354408
-0.02137721
-0.09904576
0.06555972
0.02728790
-0.03123449
0.04874165
-0.10026233
0.05259782
-0.10795889
0.00754418
0.00893793
-0.03613725
0.04962745
0.02336789
0.00337574
-0.01758469
-0.07123194
-0.04113466
0.06636845
-0.01120701
-0.03717608
0.10285494
-0.08501359
-0.07230018
-0.06938779
0.05418574
-0.08383142
-0.08643653
-0.01785269
0.02555976
0.01257979
0.10511023
0.07231496
0.02569932
0.08403417
0.13311307
0.13125671
-0.02557651
-0.03195819
0.07266201
0.09930245
-0.01107992
-0.10056115
-0.08135340
0.08754050
-0.09412174
-0.14237018
-0.04204308
-0.11487729
0.08179924
-0.05752380
-0.04746218
-0.03086873
-0.12332076
-0.05915247
-0.06222895
0.14424729
-0.08544134
0.05298971
-0.08824142
-0.00406218
-0.07368931
-0.05867483
0.09537079
-0.04656610
-0.04085593
-0.11412378
-0.04305687
-0.13589859
0.07173964
0.04938455
-0.02019718
-0.10873739
0.10451870
0.10051887
-0.04714284
-0.07385828
0.01411039
-0.01115733
-0.03313446
-0.03749648
-0.05528795
-0.01615384
-0.10678670
0.03385564
0.13826928
-0.13363296
-0.09429998
-0.05250374
0.04339220
0.10368696
0.11012473
-0.14341196
-0.10565475
0.12018973
-0.11014932
0.01178055
-0.12128701
-0.02438460
0.03808324
0.00491279
-0.07897906
-0.02633793
0.05964727
0.06500725
-0.00324788
-0.13761912
-0.17317596
-0.19755584
0.09516342
-0.00380640
-0.03634737
-0.12780608
-0.12976544
-0.02985835
0.09920879
0.01724140
-0.08079357
-0.02436664
0.01650383
-0.11721265
0.00256854
-0.06617118
-0.07200501
0.24357882
0.12295604
-0.19025102
-0.03238244
-0.00333154
0.05415080
0.08172440
0.13498624
0.05721439
-0.13073274
-0.13476159
-0.02265397
-0.02082262
-0.04015946
0.06770493
-0.02533180
0.03733581
-0.09892070
-0.02473716
-0.06625741
0.12718229
-0.03374533
-0.18734404
0.03313359
-0.13519032
0.03995875
0.02000390
-0.06476226
-0.03077679
-0.05766261
0.06094945
0.12936333
-0.08337944
-0.01522372
-0.02724237
0.01503245
-0.04187546
-0.11900633
-0.08403377
-0.09908179
-0.07729690
-0.02736383
-0.05672061
-0.12639010
-0.02064677
-0.08192500
-0.05010878
0.04135230
0.00884554
-0.05150963
-0.03309572
-0.06196788
0.06963258
-0.02853801
-0.06001716
-0.03941109
-0.06834497
0.06001443
0.06631044
0.01565789
0.02818787
0.17194217
-0.06476411
-0.01668990
0.02895174
0.11090063
0.06425322
-0.15049113
-0.05820558
0.11081070
0.15785351
0.12606578
0.12914254
-0.12690569
-0.07778177
-0.02129776
-0.09757943
0.01950484
-0.01030079
-0.02560324
-0.12012727
-0.05006960
-0.02026855
-0.01865541
0.06667051
0.00464844
-0.11819547
0.04837615
-0.04349098
-0.01832185
0.08113145
-0.06697558
0.06744511
-0.04827698
0.05203271
-0.10273689
0.04532309
0.02324659
-0.00186455
0.01550440
-0.04098014
-0.01171115
-0.06397713
0.03331081
0.00084986
-0.02375796
0.02896663
0.03896078
0.03502470
-0.01544480
0.07362396
-0.03722800
-0.07228704
-0.03663218
0.10657923
0.01292400
0.08692014
-0.06760432
0.03755566
-0.04834396
-0.05345612
0.13820018
-0.13479084
-0.05773833
0.02253414
-0.10244589
0.00058288
-0.06501137
-0.07005348
-0.06081762
0.12208762
0.05714017
-0.02755628
-0.07197460
0.03304786
0.07365756
0.06862813
0.04196704
-0.03000062
0.05175725
-0.02370281
-0.06376693
-0.00245248
0.07089348
0.08198737
0.04671636
0.11242522
0.08479159
-0.11058292
0.03828582
-0.04696601
0.03061114
0.03205193
0.08947866
0.04623070
-0.10742477
-0.05235055
0.05344317
-0.03908448
-0.18650863
-0.05873817
-0.02511386
-0.02482606
0.07913171
0.01075719
-0.00168537
0.05310894
-0.01094174
0.06783504
-0.06500214
0.11797427
0.09360865
0.18403623
-0.12850113
-0.04137164
-0.04399024
-0.09885477
0.05868245
-0.12420834
0.02864278
0.05709867
0.08889300
-0.13096569
0.10631765
0.00998523
0.03100422
-0.20130825
0.02789161
-0.08386064
0.03888445
0.02763687
0.02519145
0.07154467
-0.07545786
-0.12535402
0.03136807
-0.01429193
0.03783847
-0.05397172
-0.10260478
0.06202136
-0.02331753
-0.04832058
0.07140236
-0.15553021
-0.10020910
0.07870433
0.12776794
0.06985041
0.05027011
0.01852243
0.11368822
0.09268287
0.01661704
0.01069678
-0.05929073
-0.01573781
0.03193075
-0.16476509
-0.13481553
-0.00205451
0.02134750
-0.08117948
0.03182584
0.03863310
0.03257867
0.03467068
0.03104592
0.00495610
-0.09143301
0.03588153
-0.09735490
0.06799402
0.02478848
-0.08357507
-0.04665664
-0.00849189
-0.07587297
-0.13005266
-0.06095212
-0.05662070
-0.09586237
0.08972959
0.08425257
-0.10143607
-0.02395699
0.07358932
0.00517382
-0.06060452
-0.01514589
0.11769745
-0.05137573
0.05186018
0.10696442
0.04672945
-0.07377502
-0.07749252
0.01069114
-0.00760786
-0.11042816
-0.11223324
0.07809745
0.04466473
0.08313132
0.05904326
-0.00917005
0.05548082
0.02209577
0.03342991
0.05034894
0.06586771
-0.12013689
0.03942196
0.03737500
-0.02260802
0.05528944
-0.08419966
0.03822988
-0.11653942
-0.12272476
-0.05370085
-0.02429323
-0.03366354
0.05396635
-0.00873784
0.04253956
-0.14426123
-0.12074141
-0.04033521
-0.04463845
0.01274139
-0.04402800
0.09469570
-0.08731122
0.01037389
0.05696452
0.04205301
0.04504381
-0.03036368
0.07735500
0.03503343
0.02448998
-0.08492443
-0.03618035
0.08215205
-0.08648649
0.00388627
0.03754770
0.11874599
-0.06438628
-0.11086866
-0.05211443
-0.06091661
-0.01788499
-0.16036136
-0.02951491
0.02651559
-0.00389350
-0.03985529
-0.07683820
-0.05304785
0.05447640
0.05943491
-0.05989074
-0.01313737
0.02784225
0.13379638
-0.00349164
0.06850939
-0.02984324
-0.03922806
-0.03285319
0.00971977
-0.14518742
-0.01447522
-0.08478390
0.01059010
0.00008398
0.02436925
0.03905406
0.07302032
0.07174358
0.00048600
0.03143485
0.05445365
0.13424666
0.03550649
0.07017944
0.00139433
0.03283670
-0.04537601
0.13875321
-0.05917265
-0.08967630
0.07034346
-0.03901026
0.03688704
-0.09712092
-0.08647391
0.02970605
-0.04218853
-0.00916468
0.03400850
0.00025254
-0.09755903
0.05588888
0.08490578
-0.00489880
0.01735503
-0.00685861
-0.01442569
-0.09792424
-0.09324536
-0.02335942
0.01613800
-0.04777754
-0.03677412
0.02204801
0.16687505
-0.11911364
-0.21130943
0.07343894
-0.10628504
-0.06214903
-0.03828687
0.10723040
0.06105912
0.07582580
0.12976721
0.02169850
0.02583931
0.08413211
0.10823015
-0.06141965
-0.03334114
-0.15562901
-0.07114721
-0.19499274
-0.02053176
0.01666952
0.03176558
0.01342081
-0.02954102
0.05230815
-0.02594421
0.11657421
-0.06561382
0.02820167
0.00208266
0.00391332
-0.14000429
0.00197579
-0.00886945
-0.00489683
0.03973617
0.03773384
0.09154606
0.00299523
0.02917682
-0.04301187
0.04689121
-0.08216725
-0.01643353
0.05283086
0.08409010
-0.05797622
-0.00480999
-0.03639689
-0.01660596
0.04804827
-0.02444237
-0.05465674
-0.01580753
0.03679515
0.09191890
0.05130663
-0.11305894
-0.00014295
0.09018059
0.04677358
-0.04737710
0.10734984
0.10480242
0.07020810
0.01597690
0.02594132
0.03018948
-0.00099421
-0.02034244
-0.03100045
-0.03124428
0.01922851
0.02576743
-0.01333624
-0.01641936
-0.01893401
0.08079293
-0.00296778
0.10334902
-0.01583629
0.04996584
0.10495068
0.07164871
-0.10868875
0.05415743
-0.02717361
0.02394102
0.05584157
-0.00240307
0.05406035
-0.02327054
-0.01792868
-0.03264440
-0.06957839
0.09970912
-0.08727884
0.04028676
-0.06068541
0.01038787
0.07158944
0.08949990
-0.01204055
-0.09032499
-0.04974909
-0.03087102
-0.01752177
-0.08755071
0.01490966
-0.11251845
-0.10292482
0.09842413
-0.02669619
-0.06803162
-0.00096217
0.08706069
0.06716590
0.00724893
0.08366552
0.04361492
0.00393552
0.05920961
-0.13282274
0.04300008
-0.10512673
-0.04258633
0.11059268
-0.08739229
-0.06263421
0.02404306
-0.10203453
0.03764554
-0.07538446
-0.18459830
-0.09760445
0.11973719
0.11693552
-0.01880195
-0.06950577
0.13555549
0.03804000
0.11812691
-0.04383966
-0.04247218
0.00063661
-0.01914193
-0.09201790
-0.03224489
0.13286707
-0.01111654
-0.04645784
0.08468038
-0.02096713
-0.07369757
0.14390796
-0.01107202
-0.03496603
0.03014020
0.03321151
0.10154451
-0.00763924
0.00419270
-0.02358658
-0.03117086
0.01681542
0.01977339
-0.03741942
-0.09579837
-0.03705269
0.05805164
-0.09215899
-0.09890313
-0.01677413
-0.16447827
-0.04381729
0.04381273
0.06828955
-0.07928450
0.04767047
0.06900951
0.11202651
0.07836271
-0.02905130
0.07233342
-0.08657300
0.04906803
-0.14316969
0.06513742
0.00786128
-0.01339330
0.05489422
-0.02176929
-0.06403580
0.03913045
0.04773141
0.05249505
-0.02705245
-0.14859471
0.02833942
0.10237989
0.01631010
0.08178128
-0.00168623
0.10722811
0.01468718
0.09436237
-0.06079253
-0.02168490
-0.03529821
-0.09015412
-0.11200497
0.01450287
0.02052707
-0.02972620
-0.05223552
0.03033495
0.01501026
0.09912898
0.10814106
-0.02193017
-0.01085303
-0.05528340
0.05717590
0.07220175
0.06710608
-0.03556265
0.00312190
-0.09032074
-0.02149220
-0.03706702
-0.03045196
-0.02318704
-0.03459659
0.05441523
0.00377253
0.01015072
0.10411953
-0.01193071
-0.11064606
-0.05758713
0.05867628
0.05114468
-0.00053721
0.00082565
-0.07401254
0.04527019
-0.00566688
0.08138635
0.00530326
-0.03327408
-0.06163234
0.03212364
-0.06044709
0.07336696
0.00844609
-0.06359803
-0.09701641
-0.12090752
-0.16245489
-0.05399627
-0.01493285
-0.05749765
0.05870989
-0.09112675
0.07763157
-0.05376438
-0.06788339
0.02375684
0.16448076
-0.03114456
-0.04695189
0.05626277
-0.05762811
0.08946966
-0.08624468
0.01459097
-0.01324300
0.06770744
0.05810787
-0.02990158
0.00068891
0.01780438
0.11852036
-0.03824887
-0.06262190
0.02746856
-0.02977102
0.04841641
-0.04549398
0.03675940
0.00721564
-0.05613837
-0.06913194
0.05186180
-0.02230052
0.01566558
0.00792618
0.03621491
-0.00751455
-0.00610370
0.03205094
0.07332277
-0.06716456
0.01348223
0.00116669
0.04824815
-0.03900843
0.04929690
-0.05947948
0.04899207
0.00160699
-0.03261938
0.01129833
0.01105607
0.04045700
0.06760511
0.01958946
-0.07210245
0.02409963
-0.00326016
-0.02075320
-0.06349439
-0.02838422
-0.03775011
0.04127302
-0.04962926
0.03000737
0.00245766
-0.06293572
-0.03587560
-0.05458318
0.07292476
-0.02767402
0.04356827
0.06248957
0.04159436
0.04737296
0.02626347
-0.02949613
-0.04231876
0.06151550
0.03349300
0.03032015
0.05146267
0.01547492
-0.01246201
-0.05514056
0.02814938
0.00494722
-0.00457119
-0.16382408
-0.00958263
0.07084634
0.09078756
-0.04009463
-0.06181928
0.01442063
-0.01876368
-0.03093127
0.01446005
-0.13497692
-0.01503794
0.14477573
0.01176523
0.10385619
0.00781033
0.00682457
0.10737640
-0.12601319
-0.03359714
0.09448680
-0.00124849
0.11164035
-0.03979266
0.01772775
0.01371245
0.13173994
-0.08659294
-0.01327796
0.04393914
-0.14325897
0.00003626
-0.05362561
-0.16537523
0.02296219
0.05596771
-0.09416866
-0.00207243
-0.03664258
-0.14938891
-0.02271237
0.17572622
0.14204185
-0.04514923
-0.05565112
0.06875502
0.10673773
-0.03449484
0.03712491
0.00432406
0.05145600
-0.05696057
-0.04937253
0.02813264
-0.03441410
0.01921113
0.02310480
0.05585947
0.02819665
-0.03314659
0.05567654
0.00563563
0.00676888
0.04184918
0.15649578
-0.08472819
0.02674081
0.03759531
0.04558707
-0.04536777
-0.02596450
-0.06866813
-0.05420456
-0.06410015
0.10111295
0.09692328
0.06843712
0.13865660
0.05827082
0.02665374
-0.08511955
0.01047750
0.08413589
0.21070518
-0.14357455
-0.15240727
-0.04229749
0.00060515
0.04170006
0.04080085
0.11751281
-0.14059906
-0.00852065
0.12062144
-0.05917528
0.02540474
-0.07907270
-0.13886359
0.02370827
0.08725524
-0.05298767
-0.01151488
-0.00277914
-0.04622236
-0.09509295
0.01110096
0.10378019
0.05861048
-0.03676416
-0.06594765
0.00897229
-0.14671701
0.10166083
0.05544175
-0.11074860
-0.07500947
0.07126468
0.17927685
-0.07806717
0.03349729
0.04357038
-0.01395710
-0.07377326
0.05456118
0.05923333
0.01620130
-0.16975230
-0.02227954
0.01507802
-0.09929211
0.04274179
-0.05887754
0.02507584
-0.07231405
0.01100016
0.01699641
-0.01439784
0.02910773
-0.05031884
0.09477793
-0.09164787
0.00212848
-0.03901479
0.03290778
-0.06377004
0.04162638
0.06854536
-0.01676117
-0.07956307
-0.04930037
0.03971029
0.03308714
0.01559676
0.05960869
-0.00028286
-0.02442622
-0.07056165
0.04323766
0.06599982
-0.05859433
-0.07833743
-0.05629485
0.00937223
0.08115771
-0.10918679
-0.00946839
0.04392124
-0.07582301
0.05709938
0.01752227
-0.07391321
-0.05063137
0.01869502
-0.01646872
-0.03826400
0.04670509
0.01687918
-0.05269995
-0.01092844
0.04368624
-0.02473084
0.06972648
-0.06893010
-0.00601255
-0.01014914
0.06202982
0.07360790
0.13028456
-0.06074321
0.05696572
-0.09062976
-0.06078381
-0.04527833
-0.08268028
0.10369024
0.05154694
-0.00652376
-0.02132986
-0.07027954
-0.10475016
0.04672167
-0.05838747
-0.04734283
-0.03914128
0.04610671
-0.04056482
0.06490816
0.04855409
-0.00862852
-0.02096822
0.11912801
0.12288991
-0.04517570
-0.07420523
0.00419977
-0.03971220
-0.05355701
0.02828812
0.14255776
-0.08797468
0.10498561
0.08249669
-0.00025050
0.00685446
-0.06778842
-0.13150723
0.03862648
-0.00679754
-0.05431626
-0.01717608
-0.02574988
0.07731135
0.00343247
0.01738207
-0.03851008
-0.07984927
-0.02573981
-0.04894123
0.04814580
-0.08706763
0.11831325
-0.04954075
-0.00199286
0.05448985
0.17363445
0.07496542
-0.12241380
-0.07760158
0.04224144
0.00714193
-0.03260539
0.02707762
0.05282873
-0.11246603
-0.02475820
-0.08960266
0.05027398
0.02779376
0.08973909
-0.04851846
-0.00924843
-0.05163138
-0.06593639
0.01376654
0.02890659
0.05849496
-0.04605211
0.00966379
0.05015274
-0.03361805
0.05122302
0.01963584
-0.07930739
-0.03785760
-0.11453593
0.00916757
0.01812588
-0.01769896
0.06634591
0.04221918
-0.05222265
0.04256954
0.03692436
-0.05144647
-0.00421523
0.03315235
-0.00337982
-0.05138511
0.04228184
-0.05065455
0.02208918
0.10664674
-0.01335491
0.01889301
-0.07234474
-0.05343949
-0.02779846
-0.03018292
0.04593816
-0.06578807
-0.01573159
0.02593887
-0.04011483
-0.02793631
0.06718292
-0.03135645
-0.02179369
-0.08707333
-0.05934731
-0.02795214
-0.01161817
-0.05723485
-0.01893959
0.03411961
0.00023086
-0.03257766
0.04796341
-0.02531012
-0.04655661
-0.06825525
-0.06193088
-0.09968159
0.10779889
-0.04806299
-0.01957618
-0.10106146
-0.04472684
-0.13697989
0.01859213
0.01319857
-0.00148506
0.09601296
-0.07768691
-0.05331741
0.09190595
-0.01752678
-0.04834021
-0.06102625
0.00281089
0.09220259
0.04933017
-0.07418295
-0.03230560
-0.02470753
-0.04919038
-0.01931474
0.05418755
-0.01263464
-0.08491669
-0.10392191
0.08598746
0.04926588
-0.13147259
-0.02374503
-0.03939826
0.03629569
0.02569170
0.02983605
-0.02382338
-0.02608907
0.06697263
-0.02592415
-0.08822293
-0.03757976
0.01482616
0.08552087
0.06750567
-0.00208736
-0.05601184
-0.04969865
-0.00410602
-0.04072808
-0.08867367
0.11070045
0.00997409
-0.06689743
-0.05380638
-0.05918569
-0.06552207
0.15709355
0.12839361
-0.01351530
-0.00068528
0.02161320
0.02147976
-0.12527432
0.04612898
-0.06420320
0.01481373
-0.10818300
0.15127914
-0.03054798
-0.00189180
0.08331041
-0.06483113
-0.02300806
-0.10340580
-0.07964491
0.02471569
-0.03235197
0.02529255
-0.09051112
0.07994801
0.00736438
-0.12953892
-0.06844759
-0.10362775
-0.01995520
-0.07793216
-0.00578229
-0.05238248
-0.13732156
0.02188538
0.02725725
0.04063002
-0.01265168
-0.06200948
0.09135947
-0.09599793
-0.01920608
0.05088866
-0.10766328
-0.07390038
0.09898328
0.09175851
-0.03174587
-0.05720445
0.02253590
-0.03727712
0.14089462
0.08783004
0.02464017
-0.02248275
-0.10357253
-0.00443538
-0.08404892
-0.07685474
0.09177490
-0.00835613
0.13902172
0.00093530
0.02265537
-0.01451160
0.00618935
0.07765381
-0.00994625
-0.02361070
-0.00621168
-0.05045525
0.08795526
0.06282769
0.03918272
0.03881180
-0.01465927
-0.01480049
-0.17071304
0.01466144
0.02109040
0.05718108
0.08700491
-0.03010747
0.00905843
-0.00623977
0.01467071
-0.09626329
0.04373363
-0.00997119
0.00350736
-0.13166429
-0.00748034
0.02849620
-0.02518724
-0.05023554
0.01456518
-0.03971655
0.07490788
0.02107284
-0.01301551
0.10654975
-0.03911477
-0.01566071
-0.14432074
-0.09654080
-0.03897079
0.09763686
0.07104032
-0.07216556
-0.04308163
0.01175875
-0.07890214
-0.10438984
0.00327106
0.08832475
0.03575789
-0.00670296
0.11492076
-0.07047115
-0.02639876
0.02411168
-0.07655074
-0.12640017
-0.05573319
0.07482993
0.03067896
0.01231173
0.11838774
0.07981455
0.05241380
-0.03616508
0.07962042
0.02045745
-0.02949593
0.02854200
0.11357072
-0.03635386
-0.01738297
-0.04837176
-0.05538169
-0.08831061
-0.14052926
-0.05759747
-0.13316175
-0.01601838
0.03710323
-0.09230409
-0.02683153
0.12713599
0.03130237
0.02394338
0.07187228
-0.05256376
-0.01568604
-0.01665217
-0.08357982
0.02435646
0.01918517
0.00864309
-0.14715013
0.00798524
0.07743829
0.03564687
-0.04974935
0.01362205
0.00987215
0.10307422
-0.05245205
0.03264555
-0.06502518
0.15052383
-0.08839787
-0.08732806
-0.07745246
-0.00718002
-0.10202402
-0.12147725
-0.00306146
0.09965138
0.17746842
-0.15073773
0.14162414
-0.10067695
-0.13725011
-0.07456742
-0.10751630
-0.15155156
-0.03631136
-0.01605108
0.08897144
0.03755414
0.10870942
0.10830174
0.00470389
-0.08010845
0.02755465
0.01681071
0.03116240
-0.07084785
0.01793328
0.16402097
-0.03393608
-0.04987279
-0.04943624
-0.04224897
-0.00952888
-0.09502683
0.04944873
-0.03700979
-0.02946699
0.05864584
0.00804920
0.06808031
-0.10124543
0.04352240
0.12614396
0.02272962
-0.13883807
-0.00079625
0.22390556
0.22204034
-0.08441573
0.05849105
-0.00206124
0.09455080
-0.03095822
-0.08683864
0.05916842
0.03363256
0.00238814
0.12411989
-0.12659968
-0.02051346
0.11683863
0.17317371
-0.02328367
0.02594925
-0.16732670
-0.00926462
0.06156064
-0.00717082
-0.05658037
-0.05259670
0.17029344
0.06791001
0.09637631
-0.10717063
0.03684066
-0.05081593
-0.02816807
-0.19557351
0.04856333
0.02457713
-0.06418491
-0.06148764
-0.03301860
-0.06188229
0.07355899
0.03239058
0.13214707
-0.05752538
-0.03921299
-0.00180861
-0.01363837
0.02849790
0.05959882
-0.06698999
-0.21188742
0.00708516
-0.06389745
0.02889441
-0.02177367
-0.00867064
0.12025313
-0.07558297
-0.01816398
0.10597855
-0.02894901
-0.00333505
0.02771263
-0.02674874
-0.07112633
-0.13193671
-0.00500344
0.11765762
-0.03644048
-0.06650831
0.09693208
0.03119101
0.14429986
-0.13155052
-0.00004564
0.04964167
-0.00734800
0.01509498
-0.07760184
-0.04106488
0.01617776
-0.01316493
-0.03617340
0.03846063
-0.14612745
0.07030144
-0.05018893
-0.12494865
-0.02954349
0.08250535
0.22867718
-0.03240521
0.10859945
-0.08359794
-0.10944399
-0.09709536
-0.06933054
-0.16859896
-0.03974264
0.02265964
0.03795752
0.06436355
0.02274714
0.04805782
0.06899928
0.06717068
0.10144264
-0.07904015
0.05168965
-0.16124456
-0.06830645
0.08453651
-0.00748904
-0.01258582
-0.00036894
-0.03577796
0.03620410
-0.04819137
-0.07234064
-0.00920568
-0.00602907
0.01129264
0.08394239
0.03295647
-0.00383769
0.01458021
0.06378588
0.01753285
-0.00855255
-0.00376868
0.05006618
0.06822529
-0.04760303
-0.04437470
0.09371854
0.06690748
-0.04265241
-0.04620659
0.06505574
-0.06098141
0.06312338
-0.04142288
-0.08221932
-0.09544171
0.03307158
-0.00939892
0.10230841
-0.08004697
-0.10510164
-0.01339504
0.06019311
-0.00767372
-0.00069576
-0.04840415
0.03938053
0.10486307
0.05458977
0.00546644
0.01366982
-0.01886140
0.02531268
-0.01794808
-0.04959788
0.05630162
-0.05915876
-0.05264222
0.01754777
0.00462044
0.01364874
0.09010508
0.10564815
-0.08129293
0.03493074
0.03310093
0.01021879
0.02349098
-0.05178495
-0.05320697
-0.13275176
-0.07379555
0.02136776
0.03903899
-0.02597886
0.05524490
0.04926142
0.10937587
-0.09090099
0.12150422
0.06264812
-0.05605014
-0.05321883
-0.07497101
0.09742009
0.03331028
-0.01793868
-0.04934304
-0.02272657
-0.09109208
0.02641656
0.05516443
0.08377352
0.02753476
-0.06078336
-0.07773696
0.02290075
-0.04386695
-0.05089314
-0.09476804
0.04124108
-0.15573795
0.07043062
0.04530063
-0.10643942
-0.04914358
0.04697229
0.05591925
-0.07313437
0.02463022
-0.06058604
0.05550275
-0.08654547
0.03814242
-0.02368790
-0.07223801
-0.02239631
-0.00677544
0.06641576
-0.03508632
0.03930361
0.06041514
-0.02732423
-0.04494948
-0.02743020
0.01140265
-0.04235936
-0.07435703
-0.04138701
0.08206106
-0.01648617
0.08596240
-0.07758033
0.02501030
0.04096464
-0.09958495
0.10901261
-0.02570393
0.04136119
-0.04886572
-0.01687670
0.06068033
-0.07465713
-0.10960646
0.02406014
0.01716100
0.04791535
0.02178132
0.04305540
-0.00989198
0.02776038
-0.08154748
-0.00151568
0.08106901
0.01708656
-0.05389822
0.09364634
-0.00428304
-0.01251171
0.03370770
0.04511229
-0.01392990
-0.18112950
0.01513174
0.05092783
-0.08363527
-0.08610712
-0.06993625
0.04194528
0.04974298
-0.12870504
-0.02891491
0.03302386
-0.07946374
0.01321749
0.02650477
0.06662907
0.04082228
0.06829432
-0.08139459
-0.05877533
0.01774966
-0.07118468
-0.00040508
-0.06810371
-0.08762845
-0.02672994
-0.04774178
-0.08611614
0.02462718
0.11037820
0.03584164
0.06039205
0.01319670
0.02688579
-0.00369219
-0.03160133
0.04830213
0.00303568
-0.08873496
0.07032793
-0.09120376
-0.06876261
-0.02099311
-0.09642956
-0.08914184
0.05071693
0.01647421
0.03479047
-0.00221996
0.00408397
0.04486458
-0.06185288
-0.06129853
-0.10492054
-0.03206344
0.05781469
0.04121793
0.00510189
-0.08918718
-0.00828774
-0.07537140
-0.01392018
0.02256266
-0.08154414
-0.00136485
0.02642504
-0.02471290
0.02639147
-0.11060624
-0.02840023
0.00149132
-0.04205577
0.07795807
0.03219546
0.11772598
-0.03835048
0.00598633
0.08135773
-0.02981664
-0.02454032
-0.04135105
0.02351165
0.02903083
-0.07382607
0.02501732
-0.05818405
0.02726954
-0.08403710
0.08330092
0.02944656
0.07480915
-0.02671700
0.06516808
-0.04766260
0.03027874
-0.01806375
-0.02722041
-0.23363988
-0.02130640
0.00954633
0.06227394
0.22650950
-0.11890589
-0.09568501
-0.04835933
0.02435643
-0.08462681
0.01885505
0.07539104
-0.00600332
0.09086438
0.10849175
-0.06244463
-0.01218991
-0.16224931
0.05452568
0.09640639
0.17691667
-0.09120499
-0.05161340
-0.01620489
0.16935173
0.05622612
0.03604789
-0.08304279
0.01877871
-0.09173424
-0.06278288
-0.09365528
-0.00639993
-0.01125886
-0.00228327
-0.11068478
0.05579816
-0.05461324
-0.08996507
-0.09190471
0.02173508
-0.04071419
-0.05138180
0.06355104
0.06313422
0.03620857
0.08478507
-0.02072332
0.08722673
0.02580461
-0.06993217
0.04517869
-0.00173045
0.06154587
-0.06354889
-0.13986072
0.06526327
-0.08108203
-0.07273614
-0.00925577
-0.04914588
-0.07816903
-0.07501163
-0.00847091
0.05356671
0.02822318
0.00100327
0.00274738
-0.07600030
-0.11153354
-0.13232669
-0.04161425
0.10935387
0.09718406
-0.13623072
0.02419859
0.07128044
0.01112492
-0.04722959
-0.06194803
-0.14331648
0.04151973
-0.04437970
-0.05656988
-0.24509998
0.11956961
-0.06285170
0.03783376
0.07732764
0.04347073
0.06227936
-0.11933403
-0.06817792
-0.01496726
0.02084396
0.04949628
0.15220051
0.03632076
0.15548475
0.05454620
0.09075570
-0.02988548
0.23524480
0.10226807
0.03909084
-0.04881366
-0.16279517
0.07620870
-0.06505904
-0.08426289
-0.03282562
-0.11518502
-0.17373565
0.10413803
0.01544287
-0.02163077
0.00566916
-0.07055213
-0.04865589
-0.05150582
0.03080389
-0.00535568
0.17733592
-0.19618337
-0.09316652
-0.01430971
-0.02580103
-0.02341517
0.11862962
-0.09565560
-0.00550916
-0.05756281
0.03083156
-0.09430229
0.11620126
-0.02299462
0.01911436
-0.06552879
-0.04671197
-0.03090943
0.01852896
0.05611946
0.01977284
0.04425740
0.03259167
-0.02947881
0.05985886
0.03649339
0.01425337
0.04052076
-0.12425940
0.08008470
0.09917619
0.01899381
0.02263734
-0.08573534
0.00434869
0.04831769
-0.04596722
-0.00709885
0.10832652
-0.09187205
-0.05185184
-0.10712823
-0.00140098
0.02477126
-0.05859552
-0.03904002
0.04229570
0.03076595
0.12031762
-0.05449816
0.06239031
0.05104351
0.05412701
-0.01176707
0.03168067
-0.01961183
-0.04188924
-0.01679704
-0.04777793
0.00828861
-0.14792415
-0.12829056
0.06888469
0.01640468
0.04744188
0.03013708
0.06254241
0.00704627
-0.01034712
0.06073121
-0.06393992
0.07998412
-0.00142477
0.01950593
0.12076032
0.04518668
0.02854795
0.01220746
0.08729177
0.01765033
0.03577292
0.02366726
0.03467882
0.02481534
-0.04042028
-0.03847757
0.14420545
-0.01379473
-0.00807068
-0.02863883
0.01280575
0.05092866
-0.02768929
-0.00087695
-0.09709376
-0.00202825
0.05527235
0.00153480
0.02839191
-0.08050370
0.05300521
-0.06000249
-0.23613757
0.04240003
0.01159898
-0.11767411
-0.02294245
0.01648567
-0.05324685
-0.08442407
-0.10151585
-0.01506146
0.03574247
0.00076379
-0.07482436
0.02634959
0.01477963
-0.00764570
0.10415388
-0.00520275
-0.06555054
0.01112020
-0.14942326
0.08244210
0.02674257
-0.06017805
-0.02305101
0.10437105
-0.09909168
-0.01054097
0.09701112
-0.01823310
0.00307568
0.07943811
-0.15336478
-0.13821030
0.04243220
-0.03015372
0.20682842
-0.22046928
0.04507575
-0.02454051
0.07635965
-0.01464170
0.02194065
0.15731148
-0.03583154
0.02692693
0.04537540
0.04742918
-0.07837079
-0.07232647
0.05580473
0.04034907
0.06420454
-0.04691093
-0.10119742
-0.04927488
0.06551150
0.04204648
-0.00132278
-0.02970938
0.05854245
0.02218341
-0.05392917
-0.07720995
0.15451540
0.03129642
0.09355240
-0.05807700
-0.06730016
-0.01968841
-0.11081631
0.06122471
0.09801939
-0.05571456
0.04740750
-0.06125468
-0.01247259
-0.04572786
0.12788513
0.08016886
0.01403880
-0.01722650
-0.00939484
-0.06378446
-0.00130115
-0.05611458
-0.00347642
0.03733925
0.05226310
-0.03204022
-0.08106085
-0.00461186
0.03594071
0.03218212
-0.01283464
0.07761231
-0.07259367
-0.11435855
0.02474182
-0.00221529
0.02802453
-0.06771947
-0.01581101
-0.02671767
-0.04078704
0.00853556
0.03588964
-0.05523248
-0.11245053
-0.09309220
0.01007116
0.00585985
0.04204012
-0.06000373
-0.01475176
0.00621818
0.06023022
-0.01727520
0.03208566
-0.09994516
-0.04459151
0.00080411
0.00412199
0.04775291
-0.02140853
0.03026091
0.05836686
-0.00552135
-0.00922085
-0.08400156
-0.02963111
-0.03059022
-0.09137187
-0.06402249
-0.05511556
0.06674571
0.05004649
-0.08062038
-0.04187968
-0.01650210
0.04016706
0.01768094
0.03189598
0.02288861
-0.03677488
0.10274370
0.03676720
0.01747236
-0.09228535
0.07755540
0.01257922
0.11213863
0.00939613
0.02949470
-0.01482398
-0.08638103
0.07533191
0.07048467
0.07029729
0.13133588
0.06718915
0.07806527
-0.04820729
0.04986069
0.02088084
-0.16459453
-0.04823516
-0.07913314
0.03787199
0.04169112
-0.00987617
-0.07762722
-0.03397356
-0.11349364
-0.03772223
0.04656838
0.00337876
-0.02583411
0.05375322
0.06131675
-0.10827467
-0.07602464
0.04565167
0.02518008
-0.05517632
-0.02445153
-0.01141610
-0.04881644
0.00288292
0.09931523
-0.02025578
-0.11893892
-0.00625892
-0.03669094
0.00653456
-0.03204491
-0.03760588
0.00614816
0.03445804
-0.02280364
0.00238633
0.04689826
-0.00323207
0.00977308
-0.00336785
-0.08938088
0.02630429
0.02614165
-0.02777829
0.04180918
-0.05756348
0.02836639
-0.15930590
0.08004878
0.06289992
0.11031996
-0.06027499
-0.01429093
-0.07242363
-0.02157456
-0.00517892
0.06728778
-0.06522731
0.00339199
0.12964271
-0.05223645
-0.06390731
0.02065041
0.02795205
-0.11618986
0.05424072
-0.10983639
-0.04102545
-0.03021717
-0.04053380
-0.04062162
0.01346199
0.00643595
-0.16303270
-0.05070547
-0.02964627
-0.06715872
0.06814126
0.02560007
0.03158827
0.01781232
0.00639157
0.02243189
-0.10049642
-0.06102975
-0.04293891
0.02466041
0.01892009
0.02374576
0.04033728
-0.04778536
-0.02236816
-0.10829840
0.02996244
-0.12002727
0.03800998
0.04468432
-0.09482379
0.04997465
-0.01747055
0.06207866
0.06046510
-0.04914635
-0.04408992
-0.06930546
0.02091438
0.05129799
-0.03249689
0.06505455
0.00744126
-0.09690277
0.01628837
-0.04724110
0.01720706
0.10413767
-0.02336713
-0.02036507
-0.04979276
0.02755125
0.09890915
-0.04172922
-0.01932871
-0.01712988
0.11362296
0.03362003
0.02297453
0.00976024
0.05326744
-0.15424594
-0.05936712
0.02089413
0.03491455
0.05555250
0.03630959
0.05565429
-0.03001092
0.01368721
0.05053716
-0.02001728
0.03929315
0.01067041
-0.00729936
-0.01092172
0.04944073
-0.03281170
-0.02916367
0.02243958
-0.01264095
0.00960439
-0.02177534
0.06658854
0.01107278
-0.03503868
0.00212906
-0.00399319
-0.06979064
-0.11613692
0.00392321
-0.10668232
-0.03250337
-0.02337575
-0.08412366
-0.01694867
0.06659370
0.00811263
0.05881767
0.02056715
0.01124545
0.00622597
0.06114481
0.05443307
0.03305463
0.00145604
-0.06573086
-0.02829395
0.00622598
-0.02759586
0.07162388
-0.02263687
-0.07573283
0.04758307
0.05932024
-0.04026556
0.01322126
-0.03573906
0.05956480
0.00082469
0.03871060
0.09381416
0.02297429
-0.01243241
-0.06149990
-0.05314595
-0.06555428
0.02421453
0.04852810
0.03749615
-0.02508862
0.02614946
0.03955365
0.04555134
-0.06188580
-0.02575703
0.02163089
-0.03955977
-0.00703140
-0.04891460
0.01569952
-0.00342811
-0.04086596
0.02400187
0.07866894
-0.05354680
-0.00525460
0.00285402
-0.00450864
0.05164385
0.06482571
0.08214302
0.12249634
0.01047786
0.04432821
-0.00822924
-0.00169386
-0.06545546
0.02041239
0.07965268
0.05759585
0.02747702
-0.02424266
0.07882120
-0.03471997
0.05145832
-0.03694503
0.03343521
-0.04111069
0.00361475
0.06137448
-0.06306419
-0.11093108
-0.10228113
-0.01144199
-0.05005731
-0.04975403
0.09954075
-0.02679037
-0.06319791
-0.03189994
0.05088418
-0.04030718
-0.01669788
-0.06528309
-0.02978182
-0.04003624
0.05181869
0.26278567
-0.12967059
-0.04515322
-0.02590473
-0.01581386
-0.04444011
-0.03500387
0.09891034
-0.01389880
0.05925757
0.20930703
0.04022448
0.00209963
-0.00042775
0.07162370
0.01281409
0.02342582
-0.01109110
-0.11461477
0.04058926
0.00578902
0.07902478
-0.08641446
-0.09492037
0.14095399
0.07219549
0.05096851
-0.12676111
0.08632212
-0.04001904
0.04922305
0.06858496
0.13359533
0.07952526
-0.02643397
0.07760888
0.04329078
-0.05521613
-0.11442433
-0.03050893
0.10611752
-0.02475141
-0.00832515
-0.12388288
0.07615349
0.07425687
0.04544664
0.01824992
-0.04730301
-0.09458418
-0.05107683
0.01811102
-0.08011287
-0.17672476
-0.09406098
-0.01304264
-0.04168702
-0.06810559
-0.15259860
0.00991596
-0.00496831
-0.01325986
-0.02039658
-0.05522859
0.03997201
-0.05622755
-0.06104650
0.03685287
-0.04347084
0.03308740
0.02833563
-0.05636156
0.02327137
-0.04806369
0.04508153
-0.05164543
0.04440653
-0.01663518
0.03766443
-0.00183233
-0.00944836
0.03020282
-0.08815148
-0.06443585
0.06484234
0.04998017
-0.04043815
0.01572798
-0.01780148
0.06565940
0.06101877
0.03712857
-0.08383977
-0.03376889
0.07128205
0.01397333
0.03104975
-0.00222176
0.01362837
0.06914435
-0.03365177
-0.07848307
0.06296659
0.07713710
-0.02109135
-0.08283631
0.01017121
-0.07144499
0.02568905
0.07255705
0.03565534
0.06192274
-0.10606933
-0.03850360
-0.01061835
0.07777490
-0.07646854
-0.06045268
-0.01620704
-0.08610871
0.02915481
-0.03702852
-0.04700624
-0.06787433
-0.09093785
-0.12998678
-0.04091303
0.03926366
0.14783318
0.01474416
0.11501291
-0.05422441
-0.01427105
-0.03777883
0.03217078
-0.01819393
-0.06256858
0.08173005
0.11256520
0.04888773
0.08113995
0.00343113
-0.05481146
0.06040001
0.02017220
-0.07451978
-0.07907400
0.04709574
0.07917244
0.01696146
0.04984600
-0.02699808
0.04906407
-0.07990797
-0.01044346
0.02599896
0.02081661
0.07604019
0.05461936
-0.07256126
0.04034419
-0.01504789
-0.08959357
0.02894241
0.01884214
-0.08673768
0.10996469
-0.03737960
0.02187382
0.05102402
0.08315904
0.06396317
0.11542947
0.02390618
-0.02769306
0.01231748
0.01303254
0.03224671
0.04948695
-0.12665191
0.05653675
-0.08755526
-0.09936459
-0.00637093
0.01376146
-0.01474027
0.03106176
0.07500120
0.00964413
0.01006871
-0.06058564
0.02801129
-0.03177400
0.04558249
-0.00915960
0.01567613
0.05963407
0.09732579
-0.02667897
0.00772374
-0.07722061
0.10273784
-0.05419405
-0.05321129
-0.17795862
0.12367454
0.08628481
-0.10636610
-0.23467119
-0.05618491
0.18995225
-0.01410657
0.00891493
-0.08692692
-0.09040232
-0.08124556
-0.11779620
-0.00481799
-0.02427786
-0.13109785
0.04978799
0.01179706
0.10334001
0.04562838
0.10916176
-0.09924332
0.04287583
0.02368761
-0.08269888
-0.05604276
-0.21556740
0.00970943
-0.01569356
-0.01120755
-0.16414754
-0.05993137
-0.07901970
0.00494846
0.00327429
-0.02149411
0.09164311
-0.09510460
-0.05755164
0.09502622
-0.01234532
0.01187530
-0.01615390
-0.02515796
-0.07837399
-0.04967727
-0.06045715
0.03387371
0.13748956
-0.02431959
0.06562546
-0.02218182
-0.01636590
0.02292548
0.06507056
-0.06015402
-0.02865119
-0.00333834
-0.11891398
-0.00255122
0.10923018
-0.00297359
-0.02000616
-0.00664258
0.04351469
-0.04440410
-0.02012559
-0.09323999
-0.00110452
0.06910127
-0.04774385
-0.01339506
0.00555156
-0.01236407
0.04909774
-0.03170875
-0.03299233
-0.07578532
-0.05810490
-0.02631778
0.05264515
-0.03161860
0.05006007
0.02206219
0.06196228
-0.09041065
-0.08827400
-0.03470444
-0.00394734
-0.00842391
0.03527184
-0.00908005
0.02284707
0.06005406
0.07882804
-0.09366563
0.01746176
-0.05110816
0.03937085
-0.08025286
0.00981141
-0.05057851
-0.06679054
0.04122117
0.05702800
0.02945785
0.07536418
-0.05247245
-0.03201428
-0.03690486
-0.06454030
0.00358787
0.00689790
0.02768467
-0.02614585
-0.01464613
0.03964774
-0.05579622
-0.15701464
-0.05835314
-0.05143148
0.12475577
-0.03303493
-0.04338748
-0.02834887
-0.04434879
-0.03706559
-0.04516676
0.01452732
-0.01515112
-0.01202894
-0.07323871
0.08343166
0.04112422
-0.02873049
0.01249103
-0.19926329
-0.00239766
-0.00808981
0.02715293
0.02381566
-0.13681270
-0.07660169
-0.00413039
-0.18267855
-0.02172021
-0.00829949
0.03910971
-0.00098318
0.00570131
-0.10357807
-0.05110919
-0.02601408
-0.01181667
0.03027141
-0.11895125
-0.04900713
-0.01676776
-0.04899655
0.01748871
0.02567321
-0.05727237
-0.06941106
0.12041830
-0.08943418
-0.06026960
0.02850473
0.11379655
-0.05950440
-0.02652261
-0.10388355
-0.06370959
-0.00102638
-0.10819491
0.00210026
0.01673974
-0.07411321
0.03281990
0.00575250
-0.02350747
-0.01226402
-0.04919274
-0.13969953
-0.07997908
0.06012553
0.07866818
-0.14146289
0.04180405
0.02700750
0.04137018
0.08006202
-0.00251943
-0.17980191
0.08979036
-0.00254476
-0.14021343
-0.20569275
0.01309386
0.11210235
0.01038267
0.00098793
0.11654948
0.05322956
-0.05166918
-0.07451575
0.00114029
0.01099108
-0.02467928
0.20787729
-0.03986178
0.03321361
0.17386912
0.00818540
0.06847440
0.12175418
0.03999416
0.04488358
-0.01057532
-0.26334906
0.21072672
-0.02678628
0.00830906
-0.03178456
-0.20795855
-0.20285462
0.05343250
-0.02163335
-0.05193223
0.10081883
-0.16700184
-0.17196442
0.06997691
-0.02577763
-0.06059464
0.22079438
-0.14028162
-0.12554274
-0.08616358
-0.19950382
-0.04157977
0.03687538
0.05391832
0.03623285
0.02277816
-0.00125196
-0.05094077
-0.06739020
-0.01763403
0.04101642
-0.02662659
-0.01082295
0.02260201
-0.02146590
0.06116951
0.06111037
0.04692905
-0.01519552
0.05655524
0.00375349
0.05759690
-0.06430998
0.05760903
-0.05796987
-0.00885806
-0.02779420
0.04022288
-0.01293275
0.02261835
-0.04309974
0.00384789
-0.00825149
0.02206577
-0.02561786
-0.01327305
-0.00714941
0.04651362
0.04221059
0.06510900
0.03209551
0.05477837
-0.05749010
0.02535600
0.05912371
0.04112153
-0.06012718
-0.02483621
0.03314503
-0.06338272
0.00350916
-0.03779663
-0.01247189
0.03744913
0.03199341
0.01072034
0.01559585
-0.05645613
-0.00859062
0.03454825
0.02206379
-0.05259293
-0.06509731
-0.06652626
0.00019597
-0.10201850
0.17040682
-0.07395758
-0.02328432
-0.07760981
-0.06655549
0.01177250
-0.05422194
-0.07863449
0.02034931
0.06033167
-0.09301920
-0.10543183
0.02772565
0.07481485
0.02432703
0.00285224
-0.01016481
0.00511172
0.07716214
-0.05223053
0.03382477
0.02384919
0.08062202
0.05765926
0.02098427
0.00041632
0.00912280
0.06524763
-0.07561150
-0.08099982
0.04728922
0.02335421
0.05922268
0.03060967
-0.01916394
0.08835825
-0.04267212
0.05767599
-0.10173445
0.11986937
0.07337596
0.09024881
0.06362049
-0.05944247
0.06836071
-0.08719841
0.06913108
0.04985667
-0.08659215
-0.03616624
-0.02161974
-0.09856661
-0.00136420
-0.08291405
-0.08442290
0.06732666
-0.10095092
0.10666796
0.07651936
0.02463355
0.07208225
-0.00088105
-0.03421832
0.06292574
-0.06918197
0.04924054
0.05826406
-0.04511212
0.01462461
0.00258446
-0.02808785
-0.00782758
-0.04560073
-0.01822495
-0.01761540
0.02598572
0.02389525
0.03106958
0.01794003
-0.00993570
0.11919549
-0.08021449
0.03362395
-0.01320130
0.15759009
-0.00549286
-0.04445073
0.11309913
-0.13702260
0.04592841
0.05146128
0.07217590
0.04357230
-0.09577607
0.03355666
-0.04004480
-0.08054274
0.02554294
0.03692289
-0.02298821
0.04116612
-0.02310810
-0.17215614
-0.16118731
0.04875721
0.03227670
0.03399745
-0.02688229
0.04918080
0.05512442
0.01455076
0.01414434
-0.06240185
0.10256816
0.00648934
-0.04459772
-0.14385527
-0.05598288
-0.02672069
-0.07841027
-0.02708652
0.03244769
-0.10612813
-0.00601288
0.09116445
-0.05694267
-0.05861282
0.03807288
0.06850716
-0.05250139
0.01855966
0.03840948
0.00084900
0.04781300
0.05273754
-0.08320373
0.05012186
-0.08507355
-0.09902345
-0.11143143
-0.04749956
-0.00767745
-0.07238870
-0.00653816
0.05594729
-0.05429614
-0.05381104
0.09106223
-0.07452923
-0.06650199
0.00635794
0.06873961
-0.02276908
-0.06294686
-0.06843733
0.03281666
-0.11257304
-0.00142850
-0.06547079
-0.10390811
0.02627153
-0.05394150
0.00953484
-0.15367892
0.03636797
0.04851924
-0.00555214
-0.02726170
-0.03787268
0.03758211
-0.04043479
0.08613493
0.06233001
0.04155280
-0.03079017
0.00220946
0.12984307
-0.00173036
-0.05321778
0.05608628
0.01499795
-0.01860962
-0.01822835
-0.11159271
-0.03303096
0.02394495
-0.03333416
0.11278675
0.03157267
0.02788735
0.01075286
0.02876622
-0.12413692
-0.06948839
-0.07911323
-0.03149663
0.22101115
-0.21572125
0.08952413
-0.07836446
0.08473764
0.08047044
-0.03315251
0.06812918
-0.04936540
-0.10213893
-0.01283420
-0.00470175
0.12268419
0.05701216
-0.00780015
-0.01115298
0.03690019
0.00613607
0.07183895
0.01630417
0.02661437
0.04369324
0.05604002
0.05470243
0.01548746
-0.02135378
0.01499185
-0.00986270
-0.18201225
-0.07085420
0.09859640
-0.20635664
-0.11107767
-0.03719910
-0.06072326
0.00600598
-0.18540160
-0.11949766
-0.05481085
0.07008120
-0.05483845
-0.01163315
0.10416373
0.07356728
0.01053862
0.03533468
-0.05068636
0.03972118
-0.08202387
0.01111367
0.08754704
0.06356092
0.01256179
0.08669984
-0.12897259
-0.10864162
0.11664017
0.07844224
-0.07257246
0.03184036
0.02110753
-0.01853764
0.00502453
-0.03064660
-0.11278195
0.03299948
0.03332043
0.02476631
0.05332992
0.00632079
-0.01491083
-0.14842154
0.00044393
-0.00231836
0.08850984
-0.06667043
-0.01814590
0.06604026
0.05304863
-0.04201161
-0.21232939
-0.04815099
0.09110873
0.09804960
0.12854035
-0.18266472
-0.06065561
-0.08813957
-0.25262323
0.11100464
-0.05525521
-0.09763095
0.02116092
-0.06117142
0.01438491
-0.01444167
-0.01475257
-0.06799565
0.00717938
0.01052617
-0.06805768
0.06777042
-0.05626604
0.05749923
0.10221869
-0.08841179
-0.06746034
-0.05683777
-0.00699020
-0.03321996
-0.03235312
-0.04091001
-0.02214426
-0.08402944
-0.09465995
0.04347862
0.03939959
0.05061416
0.07710382
0.15849790
-0.08932777
0.00111592
-0.06286214
0.02614489
0.02159575
-0.12074095
0.00122407
0.01644630
0.03290885
-0.08710481
-0.06098172
0.02558663
-0.05804866
0.03020578
0.04285942
0.03689529
-0.09494079
0.01827615
0.08244758
-0.00884819
0.09009539
0.03327939
-0.02002409
-0.09175943
-0.01916495
-0.02738691
-0.07469888
-0.02527610
0.03826204
-0.03621931
0.12403290
0.02209914
0.01630123
0.02520008
0.00831837
-0.04776342
-0.11092146
-0.02673543
0.02857579
-0.02591151
-0.10942841
-0.02938850
-0.00653565
-0.03369417
0.09329672
-0.02972972
-0.01795511
-0.01129480
0.03703034
-0.03109020
0.05112014
0.03501098
0.05604382
0.08678830
-0.07959127
-0.06159708
-0.11587779
-0.01539584
-0.10006391
0.01985414
-0.02714733
0.04474857
0.06431644
-0.05926458
-0.01239370
0.06206410
-0.02643787
0.04262152
0.05646145
0.07076792
0.01026137
0.00775934
0.01765791
-0.07370521
-0.08998767
-0.01403238
0.05563976
0.01052707
0.00194352
0.05570092
-0.03373206
-0.06924514
0.01484291
0.01461295
0.00654624
-0.03017558
-0.02216670
-0.10411205
-0.04384718
0.03175124
-0.02068457
0.03079307
-0.03430009
0.04794055
0.00981577
-0.04348134
0.00675077
0.07468733
0.02241608
-0.18644664
-0.02560693
0.02039416
-0.05419888
-0.11333285
0.00247666
-0.02886399
-0.01918304
-0.03232182
0.07503752
-0.05614786
0.04015455
-0.05884252
-0.07297941
-0.15556896
-0.09817973
-0.06808191
-0.08064765
0.00757768
-0.11573458
0.15419182
-0.14977928
0.13094454
0.02712324
0.16139191
-0.04136157
0.02521049
-0.01727368
0.01086166
-0.01700809
0.06215958
0.00384464
0.01711202
0.07852914
-0.08555532
-0.02078148
0.01956798
-0.01441126
-0.11603495
-0.00725036
-0.07214264
-0.04526109
-0.09360521
0.14693947
0.02644559
-0.07470833
0.07317670
-0.02352961
0.04005197
-0.03972624
-0.03478852
-0.07235175
0.06869292
0.06276996
-0.01722887
-0.10372531
0.11095495
-0.04823320
0.08381644
0.05614969
-0.01196515
0.03365865
0.09640864
-0.02199437
-0.04224239
0.00209226
-0.00395658
0.07338187
-0.08106814
-0.00470841
0.03649032
0.03949811
-0.08913473
-0.05358904
0.03364617
0.19444589
-0.09146543
0.00518056
-0.05375762
0.06499401
0.13677128
0.11663628
-0.00031321
0.00337665
-0.04001850
-0.08059123
0.04311059
-0.02429980
-0.17834300
-0.00152392
0.06269779
0.01524448
0.10536553
0.04690083
0.01115624
0.07707437
0.04129659
0.03918401
-0.08020380
-0.08611172
0.04620296
0.00200013
-0.03268415
-0.09062614
-0.05724752
0.02107703
0.02136561
0.03407189
0.00460080
0.09897401
0.00949872
-0.02928092
0.02005487
0.07645042
-0.04135433
-0.00042798
0.05602673
-0.07510689
0.03614701
0.00932510
0.02237525
0.06266975
-0.06424793
-0.01308703
0.01812064
-0.07529152
0.03355912
-0.06334255
-0.04978341
-0.00163495
-0.04647265
0.00372602
-0.06563839
-0.02049832
-0.02261127
-0.02237062
0.02034414
-0.03358150
0.06185124
-0.02524499
0.00473768
-0.00518872
-0.06090700
-0.06158718
0.06693553
0.12007369
-0.01117089
-0.00035088
-0.07838792
-0.07499021
0.02208158
-0.05438668
-0.01339258
0.01945224
0.06949055
0.08123080
-0.02319123
-0.01497978
-0.09937891
0.07087585
0.03435040
0.03976128
-0.04866537
-0.02462236
-0.00171802
-0.13551146
0.10968754
-0.05788875
0.01679772
0.03216986
0.02512311
0.02625997
-0.06103192
-0.05891292
-0.02037704
0.04463818
-0.05041288
-0.10195787
0.01799433
0.02641448
-0.07797495
-0.00896874
-0.04002500
0.05507425
0.06308409
0.05285212
-0.03380556
-0.01627966
-0.01449300
-0.07417999
0.12061043
0.01183231
0.08938137
0.13822150
-0.05760607
0.02474789
0.00109862
0.03977150
-0.01927652
0.00859402
-0.02772810
0.03587506
-0.05443404
0.05797990
-0.01188421
-0.03711996
0.00250340
-0.06828399
-0.05010708
-0.01230519
-0.06334382
-0.09432606
-0.02777506
0.02274673
-0.03431534
0.00573362
-0.09948840
0.04401509
-0.01868846
0.02398893
0.00214372
-0.11536951
-0.07362464
-0.10774775
-0.00420307
-0.08943836
-0.08658085
0.00492484
-0.02503819
0.10160313
0.06253502
-0.02609043
-0.04350514
0.01827514
-0.05882206
-0.01454380
-0.02461646
0.04595293
0.05996530
0.09964541
-0.04854741
0.00844377
0.07545874
-0.03637946
0.01586490
-0.03886981
-0.01333963
0.00181607
-0.07148938
0.06273952
-0.01506964
0.10740018
-0.01200728
0.00867556
0.05534896
-0.06040119
-0.02377681
-0.03733780
-0.09212579
0.05082077
0.00820347
-0.08933202
0.03667183
0.04594099
0.00219050
0.00047789
0.05148307
0.02350491
-0.01211278
0.00356070
-0.01797892
-0.03933897
-0.05226756
-0.04197029
0.03860974
-0.04545665
0.01346635
0.00873087
0.02179994
-0.04990841
-0.08657805
0.05694025
0.05224502
-0.03351576
-0.04916441
0.06794687
-0.00717185
0.00715348
0.11949302
0.01058873
-0.01890559
-0.05010284
-0.07466738
0.00254129
0.08163661
-0.04441718
-0.10900135
-0.00479609
0.04239220
-0.04413708
-0.08059427
-0.06600759
0.04882737
0.06484067
0.03563808
0.03798074
-0.04858841
-0.06424481
-0.05970773
-0.09107038
0.03987326
0.09907452
-0.02184187
0.05730065
-0.09858257
0.02488672
-0.07014216
-0.11799938
0.04442170
-0.02989870
-0.04258136
0.07555205
-0.05215713
0.03351022
-0.05438234
-0.04954248
0.06105078
-0.10590605
0.01595309
0.08121882
0.08266927
-0.04739786
0.03959372
0.00599263
-0.09161188
-0.04422009
0.06032235
-0.03241336
0.04102697
-0.11361762
-0.01727389
-0.11121533
0.02122612
-0.09937296
-0.06025532
0.05006608
-0.05060025
0.07911908
0.05566666
0.02698241
0.06037343
-0.01717385
0.09380562
0.05000573
0.04208709
0.06061361
-0.06733813
0.05102326
-0.06043075
-0.10868442
-0.08834387
0.00690373
0.09792664
-0.04153598
-0.00375094
0.09636746
-0.01102950
-0.03120811
-0.01315276
-0.03371553
-0.04512671
-0.06419543
-0.08521007
-0.07436226
-0.04662641
-0.01757759
-0.03815866
-0.00872967
0.07035626
-0.03451625
-0.05187322
-0.04785902
0.00027960
-0.00760453
-0.03671632
-0.09008507
-0.07359836
0.01163257
0.00824137
0.04136187
0.00164172
-0.07642757
0.01380957
0.01194329
-0.03188992
0.01963529
-0.02692425
0.08802907
-0.12840584
-0.01110906
-0.03307352
0.02893564
0.05573494
-0.03240365
0.10715255
-0.12924905
0.05684634
0.03467474
0.03933287
-0.00600037
0.02992081
0.04944194
-0.10025235
0.03480610
0.00640629
-0.09541553
0.07316317
0.01584543
-0.01968299
0.03182029
-0.02926800
0.10276175
-0.03321713
-0.02480829
-0.01017177
0.04986300
0.04683228
0.03568162
-0.05505251
0.00652908
-0.06289284
0.02491091
0.03019852
0.01401746
0.02271503
0.06420843
0.01226861
0.04172265
-0.05448675
-0.06422947
0.03641890
-0.04453563
-0.04466027
-0.04940460
-0.03019603
-0.05878720
0.00355865
0.05028844
-0.00570336
-0.10062257
-0.10223811
0.04449115
0.03826308
-0.06427385
-0.04410777
-0.05345419
0.05532960
-0.01842222
-0.01379296
-0.01932248
-0.01806074
-0.05133679
-0.02184133
-0.02209593
-0.04156679
-0.03791938
0.03663807
-0.06687117
-0.01784057
-0.06479904
0.04244467
0.03302318
0.05419897
0.05488750
0.03180509
-0.02109839
-0.01281543
-0.02344537
-0.00253428
0.01394858
0.01400399
-0.05864002
0.02408274
-0.07251555
-0.03883103
-0.03631414
-0.10434300
-0.08802552
-0.07111379
-0.05138147
0.03351891
-0.05610797
0.00166056
0.06614631
0.02773540
-0.03796559
-0.04890878
0.01959884
-0.09281113
0.01244445
0.02841868
0.05524975
-0.00511017
0.02511646
-0.02991485
-0.06864898
0.03742404
-0.04407409
0.01938051
0.06957243
0.04253380
0.01547142
0.04081553
-0.15590471
0.00057664
-0.00659677
-0.17512953
0.04746656
-0.07213921
0.04292135
-0.03218789
-0.06574410
0.05017556
0.02393338
-0.02340266
0.00564715
-0.01285128
-0.04215228
-0.00660324
0.03975780
0.08126179
-0.03956887
0.01257419
-0.09675259
0.01897813
0.04096339
-0.00067812
0.03410417
0.04492479
-0.02687190
-0.01495230
-0.04505329
-0.06277222
0.05457104
0.00954719
-0.00753167
-0.20544031
0.00251163
-0.03271928
0.11273155
0.02767794
0.06586332
-0.03359171
0.05952619
-0.01918760
-0.00884591
0.04650109
-0.07044221
0.15531006
0.08477782
-0.07672701
0.08724194
-0.02911623
0.00765920
0.06240378
0.04790713
0.05354538
-0.07262135
0.04698737
0.02383259
-0.06255289
-0.01188652
-0.06092672
0.00341871
-0.06121054
-0.01914113
-0.00029588
0.07341918
0.08820594
0.09376361
-0.16395558
-0.03912414
-0.03558578
-0.05638849
0.06683973
0.02271914
-0.03827128
0.00339302
-0.00222370
-0.02030811
-0.08071510
0.04820718
0.01455056
0.06634477
-0.03351993
0.03995787
0.03028275
-0.00324194
0.02713968
0.02348989
-0.05233573
0.01044689
-0.09717921
-0.09749505
0.05880964
-0.00730969
-0.00072307
0.10568620
-0.12238945
0.13750127
-0.02876113
-0.00698259
-0.00019023
-0.14027399
-0.01698973
0.01174492
-0.10042583
-0.08773515
-0.07744410
0.01428504
0.05427187
-0.05973343
0.11351785
-0.02698666
-0.03252796
-0.00705610
0.00954733
0.07571608
-0.02276691
-0.03060558
0.09288416
0.02877635
0.09178788
-0.07770224
0.07949733
0.08117761
-0.00567632
0.00220702
-0.06339986
0.00915733
0.02252797
0.09148713
0.01791390
0.04881527
-0.12950595
0.04524075
-0.07315450
-0.01635369
0.00974719
-0.04726502
0.07764544
-0.05687523
-0.05397968
-0.05795724
-0.04992775
-0.05507571
-0.01758518
0.02298359
-0.01759515
0.01288006
0.01586426
0.00188289
0.01469389
0.00040936
-0.15462309
0.11003590
0.04513221
0.00949194
0.06613933
-0.00507555
0.11608072
0.14769426
0.12068883
0.17701912
-0.03528327
-0.05574485
0.00899209
-0.03946529
0.09650351
-0.00906156
-0.10078689
0.06670922
0.00598397
-0.01557006
-0.09101267
-0.02944063
0.00065573
-0.04228348
-0.05732128
0.02661031
0.00602054
0.01781657
-0.04056535
-0.03662840
0.07537685
0.10437801
0.10485657
-0.09135786
-0.01823360
-0.14253396
-0.05368671
-0.03672685
0.06192347
-0.09132008
-0.11639611
-0.01300181
-0.10935829
-0.07805809
-0.18192741
0.03177267
0.01986010
-0.06589643
-0.01791091
0.07066740
0.03991477
0.10546345
-0.05121534
-0.03522174
-0.05949515
-0.03131296
0.02580894
-0.07230415
-0.10882555
-0.10343488
0.06158880
-0.07457057
0.04008535
-0.07060619
-0.01715921
-0.04573597
0.00362225
-0.01325251
0.08989269
0.01367300
-0.01897587
0.10925104
0.06677563
0.05469964
-0.04929269
0.03245308
-0.04338083
-0.00789543
-0.09528991
-0.06783008
-0.01115508
-0.04103190
0.07328171
0.03036307
0.04070979
-0.00136966
-0.00840581
0.04410260
0.06747574
-0.12873805
-0.02514510
-0.06090117
-0.01995538
-0.05075072
0.02623302
-0.08837784
0.03026466
0.07556689
-0.02030677
-0.05418594
-0.07659412
-0.03808959
0.09124951
-0.06305145
0.05177348
0.13375856
-0.02435575
0.15354417
0.00226369
0.05742403
-0.05810643
0.03747032
0.11321896
0.10118896
0.01636655
-0.17216720
-0.05214268
0.12149487
-0.10939366
0.09365366
-0.12552333
-0.07767954
0.00180826
-0.02749851
-0.02359563
-0.08116391
-0.12870838
-0.08365715
0.22714381
0.00535372
0.03723032
0.04048905
-0.04869157
-0.07741330
0.03229184
-0.09934772
-0.05212907
0.06928926
-0.02373609
0.00318651
-0.00952479
-0.24013731
0.04090054
0.00035158
0.01161652
-0.02363670
0.02796245
0.04197467
-0.09639486
-0.06486211
-0.01210872
0.03439731
-0.07097370
-0.08768966
0.03196451
0.04120769
-0.03246066
-0.12778202
-0.04494010
-0.01182414
-0.03380993
0.10600846
-0.15725058
-0.04360745
-0.09234203
-0.14256731
0.11350076
0.00818685
-0.01038920
-0.03782765
-0.03957827
0.01359681
-0.03666161
0.00920594
0.00086271
-0.09507416
0.01927963
0.02123203
-0.05470840
-0.11794512
0.06983208
-0.01080155
0.03800464
-0.14062828
-0.05507551
0.00716667
-0.00748192
0.00558791
-0.01756572
-0.01345833
-0.10695738
-0.05730537
0.01096183
0.04555507
0.00597085
0.05648770
-0.02949734
-0.15670493
0.05463211
-0.09789000
-0.05429946
0.00370918
0.08322309
-0.07154676
-0.05337393
-0.17205292
0.19359230
0.03505866
-0.03009135
-0.00757800
0.04970291
0.09418792
-0.01021683
-0.05758167
0.07350400
0.04991445
0.01901979
-0.13581195
0.11220305
0.00009342
-0.01732965
-0.18568766
-0.00615704
0.05667512
-0.02761888
0.04378789
-0.06485476
-0.00197044
-0.00543022
-0.00202915
0.06539413
0.05981692
0.02347728
0.03225586
0.04846338
-0.06919745
-0.09219751
0.05512365
0.07648873
0.05096694
0.01017029
-0.02548771
-0.01660053
-0.19111280
0.04622811
-0.12098785
0.10525140
-0.10585108
-0.10051302
-0.01504205
-0.08563207
-0.08350223
0.00554119
0.05341358
-0.08310115
-0.10633774
-0.04976062
0.03149814
0.02525591
0.03817394
-0.00261706
-0.17817988
0.08987035
-0.02165418
-0.03872976
0.01363951
0.00057799
-0.00908416
0.04576211
0.09981972
-0.12992314
0.07304372
-0.11956073
-0.01410374
-0.01514637
0.05168895
-0.02072894
-0.07261809
-0.02020388
0.06828905
-0.06974347
-0.00791822
0.00021696
-0.01498661
0.05877038
0.01922986
-0.01539742
-0.12220492
0.04765686
0.01987178
-0.06245781
0.01261050
0.07433279
0.03110983
0.02511007
0.02996323
-0.04258802
-0.09486470
0.00440039
0.02766606
-0.16269419
-0.15552048
-0.07036293
0.04509913
-0.02682872
-0.04190432
-0.01422428
0.01761602
-0.04707710
-0.06764770
0.07678165
-0.01748619
0.09250371
0.06333482
-0.01878640
-0.02597685
0.10637391
-0.00450814
-0.01333985
0.06297702
-0.12216523
0.07594895
-0.03390194
-0.12072467
0.02919353
0.05200768
0.01637195
0.05982313
0.01117728
0.03626740
0.05213500
-0.07271291
-0.06144477
-0.02165850
-0.00630415
-0.12142026
-0.00150159
0.03165339
0.09416353
-0.04482666
-0.02936048
-0.05460157
0.04568036
0.03622323
0.02408426
-0.14444101
0.18509091
0.06188524
-0.12591346
-0.10053661
-0.00622728
-0.01590781
-0.02602967
-0.02022014
0.06369700
-0.03659417
-0.14104043
-0.09206405
0.12393679
0.04346517
-0.03862214
0.10956454
-0.01710131
-0.03026488
-0.03818204
-0.04952173
-0.02389237
0.15794121
0.04555323
0.11134386
-0.03800264
-0.01696452
-0.01760798
-0.06096226
-0.00889469
0.09911456
-0.07922858
-0.13648814
0.07775199
-0.07933194
-0.23206006
-0.06493749
-0.07067242
-0.04048564
-0.02923622
-0.04539649
-0.00552447
0.16264893
-0.14074603
-0.07048729
-0.13684614
-0.18933178
0.09232862
-0.06016575
0.09628609
-0.02358351
-0.02039466
-0.07645679
0.07846534
0.05117369
-0.08073687
0.15439400
0.05151544
0.02316122
-0.03754134
-0.01031723
0.02323114
0.04680574
-0.06140957
-0.13294853
0.07849276
0.14552340
-0.13528489
-0.26186508
-0.07757349
0.05729640
0.06611546
0.07490723
-0.14209411
-0.07268412
-0.03460116
-0.07610819
0.02472773
-0.05171547
-0.10609328
-0.03889645
-0.09748659
0.14747232
0.01409850
0.08110581
-0.06829209
0.04883809
0.01052897
0.00914353
-0.05147091
-0.04387243
-0.01233288
-0.05871245
-0.02571776
-0.13821931
-0.04951777
-0.07322741
-0.10971623
-0.07750711
0.00578264
-0.00996679
-0.03342400
-0.02665613
0.00546817
0.04429430
-0.06346397
0.06307641
0.07511784
-0.05950148
-0.00888096
-0.12428220
-0.01990880
0.02652836
-0.08591469
0.05560999
0.01897124
0.07636394
-0.15155174
0.04509213
-0.07776473
0.05861598
-0.03547503
-0.11043670
0.04641467
0.07750235
0.05178242
-0.07044378
-0.03968821
0.04938402
0.00278606
-0.06206796
-0.02912092
0.10407273
0.07930233
-0.01878551
-0.09835289
-0.04959425
0.04235217
0.05701494
-0.00943843
0.05501620
-0.04803785
0.00773815
0.07274085
0.08599933
0.03032049
0.03364805
0.00498505
-0.06409656
-0.05084746
-0.07601850
0.00589097
0.06519598
0.03160658
-0.02731559
0.06374326
0.00196595
0.00057109
-0.02870035
0.01663190
0.06941371
0.07085039
0.06482188
-0.09299581
-0.06272400
-0.09442870
0.03692957
0.07058895
-0.07425611
0.10835442
-0.01206189
-0.03430133
0.01090013
0.00531473
-0.02585528
0.02127723
0.02676229
-0.08596449
0.02402318
0.00444867
-0.05856644
0.16522247
-0.02788080
0.02812176
0.10060691
-0.04738305
-0.04565833
-0.04110864
-0.03699348
0.11119236
0.08577023
0.00052653
-0.01905692
0.00011834
-0.03592337
0.10368914
-0.04688177
-0.01970507
0.07966101
-0.06811870
0.13675207
-0.12274020
0.02051935
-0.00265074
-0.11186049
-0.04152802
-0.05026432
-0.02600889
-0.04771765
-0.06143425
0.03889040
-0.07257833
-0.00939725
-0.06531858
-0.07806783
-0.01950305
0.02618767
-0.07398956
-0.10880981
0.10717412
0.09412545
0.00000882
-0.04970236
-0.11098618
-0.00340650
-0.02346804
-0.00159844
0.03095823
-0.09846661
-0.03457865
-0.12524143
-0.02234478
0.01214863
-0.02316597
-0.09760244
-0.02493514
-0.10891882
0.05032155
-0.00584054
0.07813911
0.02581916
-0.00831558
0.03451071
-0.04273186
0.05947891
0.07800835
0.04292208
0.00005293
0.07121318
0.11340579
0.06153890
-0.02502021
0.01354818
-0.03135269
0.06684278
-0.01499295
-0.12184270
0.10919024
0.10330874
-0.09241571
-0.19605854
0.00737594
0.09293018
0.05249543
-0.01993681
-0.04451977
0.00010668
-0.04932112
-0.09496962
0.11745691
-0.05561534
-0.12846144
0.02913242
-0.09356853
0.11892920
-0.07168880
-0.01783658
-0.07085621
0.04569009
-0.01724021
-0.08752461
0.02450817
-0.04721636
0.03578651
-0.01565747
-0.02218425
-0.10964969
0.01382408
-0.10069521
-0.04034063
-0.13426180
0.08139479
-0.01940741
0.10708524
0.04306306
0.02457876
0.06637301
-0.04477186
-0.00692463
-0.04911875
0.04636433
0.01150201
-0.10265078
-0.02964074
-0.05441948
0.01317958
-0.00455324
0.00659738
0.10209829
-0.11844099
-0.04141767
-0.04375403
0.02021834
-0.02167028
0.01035545
0.01967173
-0.10634921
0.09688162
0.09350117
0.01477754
-0.00795125
-0.04305043
-0.07363401
0.11517072
-0.03627330
0.01110997
-0.01210266
0.13146111
-0.05538323
0.04294522
0.08009002
0.01545172
0.05037620
0.03080412
0.03752024
-0.03800078
0.00957699
-0.03616042
0.05014400
-0.07364379
-0.04222463
0.05833012
-0.04783539
-0.10783809
0.02468331
-0.09846387
0.05306021
-0.09237045
-0.02695747
-0.03226625
-0.02151734
0.04617436
0.14873344
-0.06201090
-0.07342799
-0.03594965
-0.00517529
0.04903872
-0.07958056
-0.16604772
0.00436386
0.00328036
-0.02357228
-0.02320460
0.07608118
0.07690337
0.08202739
-0.09140795
0.04428495
-0.08878388
-0.07395099
-0.00240956
-0.01225244
-0.05532138
0.07342269
-0.00805087
-0.01817416
-0.01749372
0.03825771
-0.09211402
0.11380347
0.09416546
-0.02014860
-0.03266621
0.05980226
-0.11055633
-0.06435999
0.02000679
0.04889236
-0.05712554
-0.05752231
0.03773902
-0.06176267
-0.05160706
0.00635127
-0.04428673
0.03544601
0.02971580
-0.03011923
-0.04845881
0.04381517
0.05717175
-0.01116017
0.02787018
0.07202609
0.00236928
0.11400430
-0.02611456
0.01060039
0.10227695
0.03531155
-0.08557706
-0.08523335
0.06784076
-0.06482690
0.06175037
0.12099174
-0.03803802
-0.02595998
0.03742024
-0.07950946
0.06474324
-0.04968585
-0.17615034
-0.01412629
0.02978810
-0.05424204
0.04268642
-0.01087211
0.06639662
0.02907937
0.07615487
-0.15178937
-0.07061489
-0.00373619
-0.02573600
0.11538460
0.04309455
0.03751591
0.00763238
-0.07053512
-0.07906013
-0.01309153
-0.02223309
-0.14601311
0.03457705
0.04919413
-0.02000258
-0.00196284
0.00254188
-0.03918333
-0.00860384
0.02126505
0.03930761
0.02638984
-0.04226057
0.06418199
-0.00836100
0.05429868
0.05261206
-0.03671951
-0.08120937
-0.07226826
0.05729286
-0.07471901
0.00439116
0.02075896
-0.08111408
-0.08080702
-0.07099690
-0.07177492
0.07834161
0.04200710
-0.06714790
0.05694403
-0.05061067
0.01380379
0.05194139
-0.02964453
-0.00625665
0.00543092
0.07820935
-0.06567730
0.07501476
0.01254745
-0.01068774
0.01772441
-0.00991997
0.03866331
0.00548409
-0.03171381
0.03540218
0.04921276
-0.00352530
-0.01304207
-0.00160280
0.03539545
0.05614176
0.06087716
0.02016263
0.03240982
-0.02533207
-0.02813103
-0.04224618
0.00763737
0.05682472
-0.05549088
0.04262321
0.05344996
0.00930800
-0.07609507
-0.02166727
-0.03348648
-0.05407660
-0.00911233
-0.04912132
0.05708120
0.06967715
-0.05351783
-0.03944682
-0.06933034
0.02919119
-0.01986231
0.03604718
0.05412264
0.06131516
0.03215455
0.07985734
0.06209784
0.02582550
-0.03556809
0.01536234
-0.04608973
-0.03806640
0.02681969
0.01947453
0.02250250
-0.01377182
0.00811036
0.06802616
0.04699993
0.00709572
0.02871519
-0.05760521
0.02758194
-0.02277829
0.07173166
-0.05296516
0.04637535
-0.04880581
-0.04596273
-0.06533793
-0.04434949
0.06995578
-0.04833771
-0.04571472
0.06797393
0.02299641
0.00597665
0.06736757
-0.02452307
0.05206955
-0.05445467
0.00607739
0.05248478
-0.08164097
-0.00647547
-0.08906677
0.11507141
0.06679879
0.05476887
0.05501878
0.01660965
-0.01648513
-0.01400929
-0.04140881
0.02594209
-0.03888940
-0.01021178
-0.08261304
0.08570012
0.00682176
0.01090851
0.01486535
-0.07977612
-0.05148285
0.04515135
-0.03766830
-0.00893453
0.00920479
-0.04498404
0.05147926
-0.07706035
0.04351299
-0.02914521
-0.18943578
-0.05037278
-0.02492972
0.02903040
0.01231804
-0.09682854
0.00554711
0.00346247
0.03105366
-0.00630376
-0.06449070
0.08878551
0.08612812
0.07153298
0.09432013
-0.00402275
0.09836566
-0.06055484
-0.01270283
0.06121444
0.04548797
-0.00087415
0.05767225
-0.05245513
0.05885170
0.13276364
0.02905147
0.02613893
0.11331280
0.11150315
0.00915458
-0.05651757
0.04992627
-0.05152287
-0.15125625
-0.12407410
-0.00713784
0.01849413
0.07168397
-0.07699750
-0.05185384
0.01535701
-0.08007381
-0.07696480
-0.07636847
-0.09159470
-0.02312945
0.01878678
0.02085302
-0.07345042
0.08270909
-0.07613339
0.06028830
-0.06398962
-0.00197799
-0.03261967
0.05260817
-0.04518592
-0.04302365
0.03779713
-0.13225754
0.01708430
-0.04512661
-0.05277209
-0.03635885
0.01272392
0.05469280
0.01565798
0.03077229
0.09565160
-0.04909889
0.01508216
-0.04406159
0.01014359
-0.15052111
0.03380729
-0.06259148
-0.16096283
-0.01565182
-0.07271181
-0.01718668
-0.01391991
0.02477032
0.10045702
0.11056709
-0.06387885
-0.05072617
-0.01983804
-0.11777847
-0.00012115
0.03374597
-0.03999513
0.00786623
0.03787406
-0.05107382
-0.04724807
-0.02679718
0.00946729
-0.00038926
0.00211653
-0.09566154
0.00679230
-0.02454919
-0.06658910
-0.01463963
0.04168882
-0.02802012
-0.00689675
0.01081567
0.11858749
-0.03447422
-0.01356271
0.04983339
-0.09500700
-0.07299133
-0.02118767
-0.03425050
0.07479815
0.03132992
-0.04904804
0.00710145
-0.08463910
-0.02955510
-0.07510380
0.01703874
-0.02688680
-0.12611839
-0.04732642
-0.19152083
-0.01210613
-0.07534209
-0.05585413
-0.05996133
-0.04427887
-0.05937785
0.09246919
0.05555769
-0.02026243
0.02259359
0.01364623
0.04757552
-0.04893271
0.03594676
-0.02560303
0.05426319
-0.08718588
0.03783945
0.01272966
-0.04545205
0.07759904
0.03534352
-0.05547878
0.02626766
-0.07327013
0.08145584
-0.02568049
0.09956118
-0.05157923
-0.02185451
0.01244331
-0.06091320
0.08991308
-0.01668095
0.03509282
-0.08996989
-0.02501798
-0.07060008
-0.07888766
0.07434970
-0.06724896
-0.02890283
-0.01793114
0.04626878
0.08869340
-0.04999397
0.00651459
0.04280682
0.01266932
0.05732246
0.03655416
-0.12151113
-0.01643650
-0.01586138
0.04407219
0.05064337
-0.00459855
0.04362091
0.03347447
-0.03253622
-0.10435324
-0.06536641
-0.04566035
-0.10065205
0.04547133
-0.04288315
0.03084723
-0.05520983
0.01899579
-0.05829722
0.03256419
-0.01782149
-0.02398507
-0.04050603
0.00892635
-0.04032687
0.02047200
0.02700943
0.05617302
0.00002447
-0.11241703
0.03252663
-0.01482748
0.10349660
0.07002572
0.01897585
-0.06664044
0.03358645
0.00362104
-0.06830406
-0.09968219
0.05354445
-0.02565186
-0.06634429
0.00609814
0.01478389
0.03999187
-0.10503381
-0.01185541
-0.10674657
0.00327841
0.01404515
-0.03119967
0.05445698
-0.04386462
-0.04316297
-0.02513983
-0.06029573
0.04219569
-0.06016695
0.02772174
0.03404819
0.08478314
-0.04334438
-0.06984698
-0.00984109
-0.01788197
-0.00559360
0.00608477
-0.00523138
0.04700171
-0.05418563
0.04164493
0.06041159
0.02872495
-0.10111829
-0.05275221
-0.09646016
0.01473673
0.04015272
0.01513376
-0.02868607
-0.03933518
-0.06762040
0.00791873
0.07748549
0.00817988
0.00014300
0.08118875
0.05574856
-0.02903535
-0.00113241
-0.06555089
-0.02876531
-0.08518246
-0.08115584
0.02663577
0.06160590
0.03761899
-0.05789889
0.06481060
-0.01970931
-0.01169882
0.06901126
0.00154085
0.00988356
0.00494109
-0.00495606
0.04486378
-0.04311195
-0.01814087
-0.02559612
0.06052456
-0.01791687
-0.05196831
0.08242099
-0.00674965
-0.03425653
-0.00160412
-0.02091497
-0.04095048
-0.04360910
0.08421896
-0.02063080
0.00858499
-0.06954811
0.02904206
0.07644281
-0.10323470
-0.05859491
-0.01901981
-0.05927066
-0.06023781
-0.06277532
-0.06411200
0.08622447
-0.05455483
0.05338047
0.06142905
-0.00052139
-0.05343180
-0.07964098
-0.00052681
-0.03613988
0.05239984
0.10364884
-0.10134517
-0.00117291
0.00375750
-0.00740048
-0.05011104
0.06422113
0.05747662
-0.08091794
-0.05675102
-0.00515831
0.03878182
0.03249983
-0.05985557
-0.07227633
-0.07313128
0.08171201
-0.01758518
0.12190763
-0.00993424
-0.01171288
-0.02780475
-0.06095267
0.00268561
-0.03051087
0.07079172
-0.00887161
-0.01943346
0.00720684
-0.00722604
0.01830622
-0.03687200
-0.01680358
0.06086645
-0.06412224
-0.00866661
-0.17980196
-0.00656929
0.12841058
0.08224267
0.03709050
0.03352043
-0.06628407
-0.05178235
-0.00678825
-0.05525756
-0.03127829
0.09906989
-0.03076695
0.09111819
-0.16409726
-0.04240896
0.06987587
-0.06083252
-0.03877170
-0.02743332
0.00375683
0.00971707
0.00560326
-0.00757152
-0.06522177
0.00912295
-0.05246225
-0.06457725
0.03236595
0.07495281
-0.02843700
0.03715423
0.06996639
0.06327007
-0.05946232
0.05626078
-0.02958263
0.00770229
-0.02181636
-0.11613227
0.06742911
-0.02521349
0.10438259
0.02543240
-0.00179709
0.07047769
-0.07758559
-0.12499076
0.09003915
0.07029631
0.14371929
-0.02481083
0.02750200
0.11178844
-0.02986566
-0.03758820
0.05865429
-0.01895616
-0.07183760
-0.16144477
-0.08423965
-0.05545973
-0.04336987
-0.01110202
0.03540071
0.08855537
0.03669975
-0.04750410
0.03927867
-0.08543067
0.01505839
0.03355901
-0.07117168
-0.05251739
-0.00084103
0.02503105
-0.00248176
0.02160011
-0.01381762
-0.08395124
-0.03396977
0.00181078
0.07188920
-0.07496876
0.01966650
0.08606378
-0.07766919
-0.06882838
0.01494173
-0.00003411
0.01656237
0.02119406
0.06046722
0.13511348
-0.03231265
0.07252640
0.02609737
0.00769417
-0.08313204
0.07649425
-0.04232525
-0.09884220
0.04958973
-0.06577021
-0.04478347
-0.03444602
-0.00928902
-0.04863593
-0.11945076
-0.09879073
0.02634509
0.06564556
0.03752150
-0.09177325
-0.07747206
0.02642151
-0.01361657
0.00768873
-0.02692185
0.01419956
-0.00353464
-0.11068301
0.08094132
0.04137500
-0.05729233
0.06777119
0.07465945
-0.03097143
-0.09175064
0.04562790
0.10584034
0.08739757
-0.04068879
-0.28735355
0.00504445
0.09272130
-0.21117678
-0.09249994
0.02157337
-0.00739175
-0.02033415
-0.01761552
-0.00204402
-0.10186462
-0.05691862
0.04311352
0.03225832
0.00734570
0.13162723
0.02034335
-0.03927440
0.08148412
-0.04320590
0.08962520
0.04911386
0.03600083
0.01831087
0.09098255
0.08516392
-0.08272082
0.08257709
-0.00206119
0.00567876
-0.12736370
-0.06869488
-0.04532662
-0.14566436
-0.01880557
-0.13310570
0.06710196
-0.03155547
-0.09847818
-0.01361694
-0.02833115
-0.09829039
0.12724940
-0.06989057
-0.16953108
0.04466632
-0.18766795
-0.28479287
0.16937689
0.03505667
0.02215778
0.02130378
-0.20627242
0.08406927
0.07088061
-0.03040668
-0.00534597
-0.03220455
0.08980425
-0.01778859
0.02491657
0.17113891
-0.00953259
-0.00891144
0.06134805
0.04658746
0.06734482
0.03204245
0.06081791
0.04597401
-0.02244710
0.19920027
-0.02624159
-0.02176686
0.03692963
0.07071105
0.03549177
-0.15371697
0.00093972
0.03581003
0.04318791
0.07676637
-0.13050960
-0.13465975
-0.08854694
0.01736403
0.04698445
-0.03833885
-0.12851483
0.05964188
-0.01489504
0.00927718
-0.12818669
0.08271050
-0.10225056
0.06560442
-0.08336984
0.02741275
0.02233633
-0.13233499
0.03649836
0.13169062
-0.01446656
-0.13972594
0.10182063
-0.00531330
0.02025751
0.04207095
0.06982923
0.04392073
0.10716489
-0.02216013
0.03497984
-0.04570484
-0.05637527
0.02046649
-0.03713530
-0.04182621
-0.07567647
-0.06244348
-0.08347955
-0.05194727
-0.11478858
-0.10186043
0.13045575
0.13479780
0.05177433
-0.04042528
-0.00353792
-0.04609821
-0.01444484
-0.07722112
0.02060405
0.06448846
0.03183639
-0.06769564
0.00165364
-0.05695320
0.01406114
-0.00851761
-0.08098513
-0.05702354
0.03947116
0.04323323
0.16268113
0.02949564
-0.02899492
-0.01785256
-0.03621074
-0.04949915
0.02683647
-0.06972877
0.03619087
-0.00301020
0.00220548
0.04378113
-0.08739941
-0.00915536
0.05603305
0.01081110
-0.06812868
0.03831545
0.01798305
0.00857644
-0.08211212
-0.04014817
-0.07979532
0.02781371
-0.04566871
0.07510176
0.07364681
0.04789847
0.02857937
-0.01718395
0.08060081
0.04070780
-0.08711702
-0.02440050
-0.06246787
-0.07593157
0.16478398
-0.09385609
0.02936191
-0.00941403
-0.02444953
-0.05197155
0.02123568
0.00896695
-0.02738077
-0.12348825
0.11490526
-0.04834413
0.06013499
-0.07820888
0.01098864
-0.05931433
-0.00558279
0.01425253
-0.05932009
-0.00576773
-0.02721116
0.07468185
0.00837661
-0.07167111
0.03204296
-0.06283754
0.00808217
-0.00497208
-0.18243457
-0.05073859
0.08871407
-0.19257200
-0.03759274
-0.02143942
-0.03986995
-0.03333740
-0.07760341
0.01482918
0.02348442
-0.02896832
0.05770585
-0.02253366
0.03225290
0.08705941
0.05607773
0.09894469
-0.01204666
-0.03209643
-0.07078989
-0.04088387
0.01606243
0.01221765
-0.00628890
-0.05557527
-0.05799610
0.04075614
0.01053071
0.01869161
0.04131604
0.01641010
0.00937272
-0.06953207
-0.06218177
0.00574612
0.14308120
-0.18671013
-0.03586325
-0.00734471
0.06808678
0.04475222
-0.04033779
0.10419047
0.00424835
-0.00903232
0.04583422
-0.06114320
0.07758848
-0.09068410
0.01186272
0.01899287
0.00423183
0.01949393
0.00758543
-0.02447113
-0.03404681
0.05068380
0.03553031
-0.08569476
-0.03008513
0.01579054
0.03707629
-0.01575447
0.00660969
-0.05842705
0.00743953
0.00665680
0.06549597
0.05507529
-0.00207822
-0.03779098
-0.08465542
-0.05096818
-0.07813457
0.09742564
-0.01465303
-0.09307978
0.02279864
0.07893056
0.04432720
-0.03195113
-0.01589976
-0.03457538
-0.13977917
-0.03093788
0.00294474
0.09683240
-0.04060452
0.00084973
-0.13563029
-0.14900033
-0.00450874
0.02716955
-0.02978915
-0.07801802
-0.00970721
0.03207645
0.01381476
-0.00019674
-0.14192209
-0.02603565
-0.04840724
-0.05433799
-0.05385966
-0.07235882
0.06250127
0.01436932
-0.00435993
0.02448573
-0.08393446
-0.06073249
-0.05319533
-0.01154289
-0.12558778
-0.00861389
0.03871868
0.09244996
-0.01073293
-0.00510192
-0.11622252
-0.00909027
0.01950186
0.12085292
0.03066182
-0.03487958
-0.05039472
-0.11118242
-0.07207312
-0.09425386
-0.01381156
-0.06583085
-0.05512027
-0.08399506
0.06101655
-0.11576061
0.06818592
-0.08511513
-0.09714162
0.01520954
0.00268574
0.00833785
0.03023248
-0.08556196
-0.03867294
-0.07873306
0.06406215
0.10514467
-0.03690811
-0.06106481
-0.05676635
-0.02871635
0.02458193
-0.02091089
-0.02692720
0.07315037
0.05503589
0.00829911
0.08416019
0.04823365
0.12164222
-0.07326282
0.02299580
-0.07456180
-0.07174835
-0.05603729
-0.07230381
0.01025985
-0.01324297
0.09512252
-0.02349148
-0.06725837
0.03999151
-0.07318771
-0.00828031
-0.00035859
-0.02392182
-0.05161694
0.03294228
-0.08810666
-0.05096280
-0.04935583
0.11545101
-0.07629982
-0.11153751
-0.11439720
-0.00402672
-0.02203239
-0.10293812
-0.02922607
0.00068208
0.09689041
-0.08936005
-0.11729768
0.02431988
0.08496787
0.05655349
0.03702516
0.03370561
-0.01767951
0.02823778
-0.05820923
-0.09684882
0.08460184
-0.03028868
0.07499306
0.00680440
0.00472891
-0.05397527
0.01951561
-0.04105046
0.01768965
0.00333597
-0.07961929
0.02645507
0.06684849
-0.02800790
0.02807257
0.08261409
0.07708119
-0.05965577
0.09540506
-0.08155434
0.02890702
-0.02120363
-0.03552135
-0.06114183
-0.01513387
0.16294356
0.10133606
0.11431963
-0.08629100
0.09065632
0.03842352
-0.07243019
0.01233084
-0.08199992
-0.00379706
0.00064884
0.04457007
0.09280797
-0.10380867
-0.06017872
0.05915243
0.05633011
-0.05780939
-0.12806547
0.06218757
0.06565204
0.02365272
-0.14210194
-0.01238534
0.01139909
-0.05335554
-0.04738683
-0.01292321
-0.18695393
0.06649572
0.04877483
-0.17935841
-0.04978881
0.02894274
-0.02566543
-0.10411326
0.04603900
0.07254964
0.03393091
0.00079287
0.01829627
0.03109419
-0.05837758
-0.07397848
0.13194965
-0.02072469
-0.02306809
0.16568451
-0.07180178
0.01712054
-0.08883437
-0.09372482
0.03408507
0.03294166
-0.01426052
0.08044717
-0.04689864
-0.08144118
0.03375033
0.03195912
-0.01059205
-0.07653233
0.04287557
-0.03736369
-0.02203730
-0.03214674
-0.14303878
-0.07523362
0.04694613
0.09487364
-0.02785022
-0.06926141
-0.04890351
-0.10426655
0.00123797
-0.00068193
-0.08744981
0.09037441
-0.10267666
-0.12408644
0.02242333
0.06589530
-0.03288547
0.06136706
-0.02062522
0.04840964
0.06295537
-0.05025496
-0.13919888
0.02483195
-0.08126628
0.14438707
0.01985958
0.06019582
0.01279294
-0.01161081
-0.04761894
0.01286371
0.12082432
0.18084250
0.04580480
-0.05957757
-0.10282760
0.08674016
0.03819268
-0.20811968
-0.06381748
-0.02207976
-0.14023872
0.04889650
-0.01970542
-0.05534340
-0.07931919
-0.00286892
0.05696810
0.01313200
-0.05599645
-0.00884084
0.11141712
-0.07112791
-0.00051006
0.04489889
0.03792025
-0.10185494
0.09418212
-0.00465807
-0.01525954
-0.06270047
-0.00727955
0.04770295
-0.00758380
-0.11026833
-0.05110413
0.09482789
0.02327442
-0.07252573
0.01226255
-0.13258740
0.01202893
0.05940180
0.11504562
-0.05698400
0.02260511
-0.10414805
-0.03424474
0.04000400
0.08730610
-0.04683726
-0.09226429
-0.13267896
0.06268094
0.04499114
-0.05215605
0.01457640
0.00489193
0.00188295
-0.10564864
-0.01178104
-0.08166993
-0.00019397
0.02045701
-0.03469562
-0.08108339
0.06449393
-0.00213029
0.09072491
0.06289539
0.06955782
-0.00961251
0.08498621
-0.00365698
-0.04515269
-0.04842346
-0.03363260
0.04102354
-0.03512458
0.00940747
-0.00947129
0.03520830
0.04885788
0.03445469
0.07989496
0.04944400
-0.04051142
-0.02459154
-0.04141951
-0.04576901
-0.07499035
-0.04947140
0.14421463
-0.00739490
-0.08659935
-0.07862694
-0.02061829
0.03854783
0.04499855
-0.05824090
0.02623051
0.04494599
0.13376142
0.09495754
0.06120750
0.04112497
-0.07060984
-0.01568133
-0.03991737
-0.00300898
-0.02926107
0.16953425
-0.01329076
0.08560854
0.01392148
0.01590102
-0.07185082
0.00907829
-0.02968032
0.00960051
-0.05595935
-0.07509108
-0.01166096
-0.01665048
0.06226649
-0.05716201
0.03200934
-0.00767838
-0.00973905
-0.06553958
-0.18776175
-0.09371126
-0.01137294
-0.17296560
0.00886517
0.00215082
0.06296585
0.00095590
-0.09972228
0.05921208
-0.08689106
0.01444088
0.06955653
0.02734811
-0.10060556
-0.00958394
-0.18285114
0.07661360
0.06926942
-0.09601233
0.05931933
0.05407503
-0.02513994
-0.06454747
0.08952935
-0.03115891
-0.06495933
-0.04691061
-0.03956791
0.10658956
-0.05530759
0.04975965
-0.02020182
-0.02218470
-0.03973906
-0.01508762
0.00752062
-0.08469697
-0.17100789
-0.00538813
0.02861980
0.05617518
-0.09932148
-0.05001855
0.00430664
0.00207975
0.00634405
-0.05256899
-0.01029223
-0.11807408
0.00810883
-0.06204083
0.05442433
0.05020399
0.05323885
-0.00185446
-0.04772583
-0.14335372
-0.07311823
0.08577013
-0.17462119
0.01667491
0.05498698
-0.07607020
-0.07741319
0.07128688
-0.05008024
0.02645933
-0.07207727
0.02193251
-0.08299030
-0.01486266
-0.03883912
0.01983572
0.00672837
0.03802721
0.07617783
-0.15466605
-0.02512453
0.00492955
0.01555813
0.05635406
-0.02251157
-0.00374117
-0.02966210
-0.01034710
0.00099623
0.00086708
-0.03894277
0.18046363
0.03024233
-0.04742100
-0.03979256
-0.01696150
-0.17744730
0.04347517
-0.09588885
-0.12558912
0.04276536
-0.06470545
-0.00393335
-0.00248972
-0.05629456
-0.03151629
0.05674633
0.04415583
0.01492136
-0.10121702
0.03354847
-0.02052931
0.04707924
-0.01147631
0.02081935
-0.14938951
-0.02787149
0.00184198
-0.00821458
-0.07798563
-0.02441926
-0.05170252
-0.07530247
0.01428408
-0.11385243
-0.11974568
-0.05061519
0.05684476
-0.00400922
0.03248708
-0.06515615
0.00309098
0.05831502
-0.05661659
-0.01484136
0.02718031
-0.01638057
-0.03396659
-0.00497110
-0.08901568
0.03188770
-0.07348607
0.01655490
0.00416778
0.04024347
0.07747227
0.06642453
-0.03594240
0.01256903
0.03801502
0.04465436
0.05998628
-0.04872224
0.04111163
0.06270160
-0.01991299
-0.05576035
0.00505387
-0.04559066
-0.06389010
-0.10982935
-0.01823476
-0.02341766
-0.05934331
0.05740579
0.09334934
-0.08936625
-0.08868565
0.01274783
0.11069904
-0.00574425
-0.01805785
0.09968799
0.00557549
0.04939004
-0.01701170
-0.00815441
-0.04493038
0.02543941
-0.04030683
0.00646569
0.08322088
-0.04090559
0.01104497
0.05065211
0.05587301
0.05149095
-0.07808128
-0.10784338
-0.04601107
0.08292701
0.05776105
-0.01028460
0.11372559
0.10411687
0.02564263
-0.04001816
0.06194906
0.03762318
0.00219580
-0.12790726
0.05724052
-0.01974520
0.00612752
-0.00566272
-0.03141473
0.07270925
-0.03074184
0.08454619
0.05770351
-0.03676624
-0.14304014
0.00567281
0.05072301
-0.02562404
0.05968170
0.05500761
0.10281596
-0.06738265
0.04468680
-0.02994345
-0.09601709
-0.05685511
-0.07404010
-0.01319924
0.01390651
-0.06202205
0.04188188
0.11118858
0.06232066
-0.06378205
0.04935095
-0.06498619
-0.02562542
0.01288058
-0.00165429
-0.03155860
0.06685102
-0.07226276
-0.07177430
-0.05823243
0.04894292
-0.01934583
-0.02915598
0.07833933
0.03844816
0.02169625
0.08951777
0.01483847
0.02879463
0.01871886
-0.01969711
0.00261706
0.09347623
0.01293520
-0.06960296
0.04491078
-0.06714347
-0.06843165
0.06286929
0.06596424
0.03749711
0.04258617
-0.09659228
0.02735869
-0.07942367
-0.01862592
-0.11628751
-0.03623953
-0.01836477
-0.04444942
0.03783831
0.02796090
0.01348493
0.11856877
-0.01917498
0.02996788
-0.03672385
-0.11920183
0.07481819
-0.04681742
-0.07871716
-0.06064352
0.00529225
0.04993878
-0.02419871
-0.07415189
-0.08188009
-0.09143438
0.07447013
-0.10710236
-0.08620840
-0.01229596
0.06211603
-0.03206808
-0.01327290
0.03379446
-0.04366153
-0.07532172
-0.07041747
-0.02135712
0.04992719
-0.02499141
0.02542008
-0.00588085
-0.04604553
0.04119620
-0.11423221
0.00308302
0.01189322
0.06764656
-0.01230160
0.06182012
0.03666795
-0.10114913
-0.05085342
-0.06175065
-0.05294238
-0.09046213
-0.03741056
0.00517513
0.04065266
-0.03540117
-0.01750801
0.02844928
-0.01974574
0.06717812
-0.09271956
0.03752710
-0.05471303
-0.07401017
-0.07496527
0.04780933
0.01345186
-0.02242644
-0.05462986
0.03475159
0.09214411
-0.08815777
0.03370144
0.06275648
-0.04593075
-0.08134563
-0.00807341
-0.03891821
-0.06606252
-0.05507820
0.06460010
0.01213867
-0.04271872
-0.06182137
-0.04516455
0.05754552
-0.10335265
-0.07694484
0.01979017
0.01619640
0.03907926
-0.00122122
0.03703692
-0.01687517
-0.06971354
0.00737878
-0.03453892
0.07566186
-0.03374688
-0.07627972
-0.05365856
-0.10015152
0.01329268
0.01173090
-0.09930099
-0.05561191
0.02131620
0.06131743
0.05182339
0.04457349
0.01791833
0.03841726
0.04358348
0.02948144
-0.08248033
0.02105641
-0.02601175
-0.02197188
-0.03795342
0.00887000
-0.02942770
0.10574592
0.00517369
0.05251380
-0.10264292
-0.06852642
0.02720078
0.00865179
-0.11365227
-0.02937350
-0.02822363
-0.09825825
0.04964227
-0.05059298
0.02370906
0.03995771
0.03579233
0.04469489
0.07163617
-0.08101229
0.02923555
-0.05020790
-0.03629738
0.00343601
0.04382156
-0.06799240
-0.05881597
-0.00003058
0.01951288
0.02778287
0.01950054
-0.03983212
0.07003561
-0.09663083
-0.03433238
-0.04248643
-0.08233455
-0.02707318
-0.03008259
-0.02796079
-0.13496023
0.07332017
0.00097410
0.05861416
-0.03663982
-0.00538880
-0.22455354
0.10347401
-0.00819510
0.10104758
-0.03535650
-0.04769044
0.04641943
-0.07962234
-0.05223544
0.00967890
-0.03339050
-0.00563132
-0.05190517
-0.04707859
0.07295848
0.02774258
0.13564004
0.04896140
0.03144250
-0.01793907
-0.10809027
0.07024393
-0.02551380
-0.08271150
-0.00770662
-0.06262165
0.06782200
0.10476309
0.05642880
0.10599873
-0.20259306
0.11898217
0.05379410
-0.02044585
-0.20617275
-0.11685566
0.00553479
-0.05143375
-0.08318428
0.03359573
0.03256404
0.10824198
0.04428358
0.00693133
-0.07839933
0.05333140
0.04788112
-0.08415323
0.06242826
-0.01555117
-0.00789875
-0.01420419
0.02474925
-0.03477914
0.03080798
0.07892559
0.01885524
-0.02209475
0.00753273
-0.02564099
-0.11328170
0.07235372
-0.00179758
0.02992461
-0.02486232
0.05004106
0.02306326
0.05866078
0.03092438
0.00655196
-0.02910603
-0.05211966
0.00776397
0.01392590
-0.04243356
-0.09955464
-0.01326877
-0.06378298
0.07760531
-0.00452894
0.00541972
-0.02525662
0.02140896
-0.05438713
-0.06631248
-0.03830096
-0.03155457
-0.05247352
0.03241284
-0.04892801
-0.01015715
0.06225813
0.02263069
0.07823390
0.01231574
-0.05396063
-0.03968858
0.06877006
-0.00637589
-0.03259325
0.02910987
0.06180285
-0.00696370
0.05720419
0.06645304
-0.03603737
0.01525073
-0.00276436
0.02158375
0.02240868
0.08215661
-0.01953396
0.02175028
-0.01209315
0.01434295
-0.02414229
-0.02169024
-0.05586144
0.02286372
-0.07961094
-0.04124309
-0.02670746
0.04935690
-0.17037590
0.00080197
0.00790881
0.04701072
-0.03899238
-0.05990646
0.05697407
-0.00746086
-0.07448927
-0.08982166
0.00043367
-0.01918991
-0.04279445
0.01509989
-0.00066597
-0.23218924
-0.09423029
-0.09974644
-0.07284462
-0.03156802
-0.01701542
0.03226151
-0.03128871
0.00829864
-0.01445530
0.00420861
0.02821695
-0.11166043
-0.00849411
-0.03383879
0.00356682
-0.04025310
-0.02462978
0.03083149
-0.03988316
0.01316291
-0.06123689
-0.03636688
0.06071788
0.00016230
0.02870052
-0.05018355
0.05617193
-0.01446045
0.00730580
0.07353262
0.15110736
-0.07543424
-0.07750600
-0.05259238
-0.09954274
0.07887047
0.10731549
-0.08484894
0.02441533
-0.02824736
0.00892507
-0.14618677
-0.13888967
-0.08911093
-0.10342176
0.04435368
-0.08221974
-0.01701457
0.00461653
0.00515750
-0.09844322
-0.12489988
0.07116611
0.12636349
0.05231016
0.01220678
-0.05283137
0.00980699
-0.03289432
-0.12069228
-0.15520191
-0.00136095
0.14677750
0.05643183
-0.08290319
0.02055655
0.06614338
0.01098080
-0.01722193
0.03087518
0.14896718
0.04183948
-0.04424213
-0.08860446
0.00041313
0.14936826
0.09442597
0.03936995
0.09403186
-0.14458986
-0.01162365
-0.00248397
-0.03097454
-0.00154600
-0.12480955
-0.09855871
0.07922738
-0.04472952
-0.11405604
-0.00101192
0.07455485
-0.16215651
-0.03725220
0.06736259
0.04372143
0.01877255
-0.05971530
0.00507558
0.05934099
-0.04069825
0.00935554
-0.05714986
0.01342547
-0.09799114
0.09042873
-0.05021089
-0.00474623
0.06130943
-0.00307450
-0.03578028
-0.00335399
-0.06764741
0.02604009
0.07957150
-0.07776909
-0.01940977
-0.05634960
-0.08024485
-0.10016911
0.02207195
0.01394675
0.00873188
0.01343152
-0.01596496
-0.00911938
0.02789468
-0.00014441
0.04243228
-0.06912397
0.08363139
0.07634403
-0.09963384
-0.03052219
-0.03835731
0.04893790
0.00824569
-0.01257188
0.10556112
-0.00745442
0.02664155
0.00102808
-0.08838166
-0.02177907
-0.02926566
0.04807990
0.00445936
-0.08297896
-0.09819675
-0.05058368
-0.03235749
0.07330576
-0.04712057
0.13036689
-0.03966714
-0.02651763
0.00182382
0.03537852
-0.08670270
-0.22264986
-0.06210571
0.07777359
0.02417164
0.00944544
-0.10180174
-0.13049647
-0.05405113
0.01949989
-0.08285257
-0.08091412
-0.07598202
0.04609220
0.08383474
0.13377270
0.07759107
-0.04455179
-0.12383995
0.06882321
-0.06523808
0.02786078
-0.02648800
0.03482481
0.02217403
0.14396280
-0.02309895
0.05094883
0.00687976
0.01293028
0.11939485
0.07169852
0.04209775
-0.00667591
-0.10369748
0.03048544
0.09096619
0.02722525
0.00594578
-0.06087609
0.17580999
0.04673925
-0.06702064
0.07803842
-0.14159821
0.00993141
0.00434306
-0.07126445
-0.10906787
0.00365298
0.05528393
-0.10638478
0.01232389
0.05689654
-0.12913209
-0.10857289
0.07224798
-0.04361978
-0.01695989
-0.10238807
-0.06689409
-0.05192752
-0.05917272
0.14718096
-0.03504973
0.04282508
-0.01793226
-0.18877748
-0.02174680
0.04896291
0.04093828
0.24382085
-0.11558908
-0.00399492
0.08317502
0.06248350
-0.10059927
-0.11350399
-0.15709616
-0.13625588
-0.06600595
0.03258128
-0.11591522
0.24812804
-0.13358524
-0.19569345
-0.04919522
-0.02807502
-0.00701546
0.01596567
0.08873933
0.11258184
0.01548685
-0.09850726
-0.02845347
-0.09538412
-0.07864804
0.07875330
0.19127586
0.03160265
0.01891465
-0.11281879
-0.03075842
-0.01898499
0.09102572
0.10264843
0.03389177
-0.17692287
-0.24646318
0.18369927
-0.03237275
-0.27292082
-0.07747608
-0.03893241
-0.04051777
0.03421583
0.00079536
-0.00057742
-0.01507835
-0.06910156
0.00450120
0.02500511
-0.18149997
-0.00394030
0.09855475
-0.10983787
-0.22823493
0.12815027
0.02577566
0.04539816
0.00036265
-0.03506444
-0.05435425
-0.00397430
0.01384327
-0.04492255
-0.00976624
-0.05761714
-0.01516669
0.06860296
0.02253327
0.03425981
-0.07050380
-0.05829859
-0.02768703
-0.07167529
-0.03031842
0.02464636
-0.07585043
0.03236312
0.00541785
-0.05694334
-0.00313827
0.05419668
-0.02780744
0.02640398
0.03690592
-0.01741974
-0.04061083
0.07083087
-0.04517440
0.06938001
0.04916237
0.05157314
-0.06315118
0.01251015
-0.06560641
0.02169532
-0.00030953
-0.01965518
0.04565676
0.05688049
-0.04302520
-0.06302582
-0.04194509
-0.03661126
-0.04917468
-0.04784627
0.03439779
-0.05999780
-0.07181435
0.00865764
-0.00010581
0.01709771
0.00452751
-0.02315704
-0.06380449
0.02077293
0.02875570
0.06486940
-0.06798097
0.04085799
-0.05161067
0.03023783
0.04639461
-0.08986995
0.03529773
0.05911948
-0.02108281
-0.06920805
-0.02403846
-0.00655226
-0.00966428
0.04869925
-0.01769022
-0.08506580
-0.03107664
-0.03981659
0.00165848
-0.02565074
-0.03684604
0.00288637
0.04162324
-0.05406605
0.01463977
-0.05945791
-0.06470753
-0.09950870
-0.09321442
0.07788719
0.01699845
-0.01866568
-0.01301713
0.02909486
-0.04995467
0.01058926
-0.03654982
0.02234617
-0.03050461
0.02902814
-0.09870764
0.01029872
-0.02100756
0.05452970
0.01812991
-0.01392389
0.09997994
-0.03982243
0.04137732
-0.01494244
-0.01613005
0.00151840
-0.00295453
-0.04592381
-0.00713294
-0.04595689
-0.09244665
0.03504177
-0.04291923
0.05203307
0.04724785
0.10877339
-0.04815320
0.00756194
0.03219195
-0.09791268
-0.07953096
-0.18534689
0.02013996
0.09006272
-0.01906748
-0.05228901
0.20163184
-0.03415807
0.12462161
-0.06990800
-0.04481503
0.03334697
-0.03958216
0.23331098
0.00718887
0.12692973
-0.01968619
-0.04323621
-0.05154533
0.00909277
0.03401492
-0.00865488
0.15063028
0.00859858
-0.07522061
0.07106945
0.03152450
-0.06477416
-0.05809230
0.09515627
0.18855380
-0.06509996
-0.08547632
-0.20608249
-0.03322311
0.08647525
0.18746209
-0.07162587
0.02303713
0.01763649
-0.01246463
-0.15472154
0.10563581
0.02358822
-0.12828447
-0.02924669
-0.08405122
0.05171467
0.03167882
-0.10540386
0.12889248
-0.20116080
-0.01726338
0.11339922
-0.12334501
-0.07011907
0.02354978
-0.12390301
0.00366980
-0.18561471
-0.05704597
0.00023577
0.03754012
-0.00655435
-0.16850874
-0.02892234
0.04968625
0.02924182
-0.04232757
-0.02356315
-0.11694451
0.03097651
0.00458869
-0.05225264
-0.01218817
0.06569472
0.05386548
-0.08778878
0.00070372
0.03574543
0.05145075
-0.00690496
-0.03715724
0.05178903
0.07478584
-0.04058421
-0.03552727
-0.00695231
0.06609225
-0.00230966
-0.06680714
-0.04425645
0.07144061
-0.06688286
-0.07509522
0.02277410
0.00001597
-0.00609509
-0.10434189
-0.07532525
0.01605975
-0.03349792
0.06898185
0.05229141
-0.02799415
-0.04956032
-0.07354191
0.02099303
0.02640939
0.03390647
0.05322924
-0.00532661
-0.05328093
-0.04479597
-0.07961848
0.00485415
0.02814365
-0.06460330
-0.00424054
0.01770934
-0.02212370
-0.07018641
-0.08103725
-0.00946898
-0.06933477
0.07903724
-0.00314072
0.01907942
-0.04612191
0.04495225
0.04954591
0.02806666
0.02777204
-0.01575955
-0.00423039
-0.00366178
-0.09581231
-0.01118239
-0.02889430
-0.07005260
-0.11016360
0.00287742
0.05869136
-0.01701840
0.00756075
-0.05267079
0.06408150
-0.03184490
-0.18250963
0.03121828
0.03361739
0.07640220
0.01201073
-0.00812840
-0.05213501
0.01670951
0.02833099
-0.00868156
-0.00228708
-0.09428495
-0.01211235
-0.11739044
-0.08702242
-0.04496164
-0.08921769
-0.21830162
-0.04762824
0.02842412
0.06117172
-0.10074971
-0.03549865
-0.00092302
-0.03571852
0.08407611
-0.00058117
-0.04564462
-0.02617620
-0.01416968
0.09649082
0.01996936
-0.01881558
0.05016335
-0.09501979
-0.03387538
-0.10586371
-0.10287908
-0.04785655
0.01119940
-0.02498702
0.05461621
-0.03941331
0.06389882
0.10950659
0.07107928
0.06605747
0.03331602
0.05849621
0.05596958
0.01809224
-0.03530632
-0.14711568
-0.08899307
-0.08517188
0.06327755
0.06307228
-0.14157288
-0.08517064
-0.13024092
0.07284555
-0.08245993
0.06746078
0.07522462
-0.00588625
-0.23304714
-0.14332153
0.07785307
0.13574399
-0.13638180
0.05987223
-0.07343306
0.01277981
-0.03449380
-0.19166951
-0.07833896
0.06630316
0.02156284
-0.02402616
-0.10348602
0.06447867
0.03368179
-0.10782592
-0.02123145
-0.13262038
0.11360195
0.06372689
-0.05944102
-0.02863717
0.04691929
0.09975360
-0.09207963
-0.01348103
-0.09164546
-0.18232015
0.03488220
-0.03436771
-0.04688083
-0.05051875
-0.13692351
-0.06440242
0.17473167
0.11815519
0.07183066
0.05456193
-0.00274243
-0.01651967
-0.06851024
0.01981631
-0.06937756
0.01281580
-0.02353813
-0.03008328
0.03243158
0.04802878
-0.00361955
0.01421559
-0.06222966
0.04148435
-0.00198549
-0.01233118
-0.00128367
0.03395306
0.00044448
-0.01268033
0.03850402
0.11929331
0.00730724
-0.08941579
-0.03757691
0.04637409
-0.02306076
-0.05874871
0.04135948
-0.08931923
-0.01305880
-0.00420845
0.01940977
0.02095941
-0.08903632
-0.02473612
-0.00189299
-0.12119369
-0.00765334
-0.08714065
-0.06353110
-0.02342291
0.03775927
-0.06700421
0.01749497
-0.00768116
0.08219261
-0.03813947
0.06961423
-0.02943309
0.09892405
-0.09168114
0.05642313
-0.05285768
-0.02086836
-0.04117608
-0.08851214
0.00488502
-0.03083225
-0.06570817
0.02474602
0.00539856
0.10054995
0.08281055
0.00636850
0.03484745
-0.05985330
0.01253110
0.14588362
-0.08281893
0.04057332
-0.09351160
0.02636478
-0.12726459
-0.04507252
-0.09491146
0.04158689
0.09341271
0.04998060
0.06067830
-0.08730890
-0.05084258
0.03517424
0.06945483
-0.07732528
-0.17225321
0.10932090
0.01442632
0.05095624
-0.13947324
-0.04861844
-0.04000877
0.03397442
-0.06104244
0.02610917
0.07287680
-0.11242013
-0.05315927
-0.05508146
-0.03885295
0.03221577
-0.13021833
-0.08547687
-0.00073699
-0.06191576
0.03785031
0.03522376
0.19714199
0.07082600
0.02260769
-0.05753617
-0.04796902
0.06310139
0.02447855
-0.12854473
0.01805618
0.02414614
-0.05417189
-0.01612976
0.00245213
0.02948096
-0.01313021
0.01619275
0.00520898
0.03096544
-0.04920657
-0.13338357
-0.07460030
-0.01115404
0.03482344
0.06081421
-0.00917883
-0.02137724
0.06605852
0.05021076
0.06182646
0.00918599
-0.12650079
-0.00800227
0.01007609
0.00590627
-0.11565179
-0.01568140
-0.05434176
-0.15846975
0.00850904
-0.01509632
0.04236910
0.04610453
0.08264720
-0.08964832
0.04811239
0.03624411
0.04742780
0.06570759
-0.09750170
-0.03459429
-0.00826665
0.00445555
-0.02153712
0.10463546
0.03608899
-0.03477404
0.01222414
0.00529281
-0.05782163
-0.13145636
-0.03479015
-0.01951651
0.03360033
-0.06844404
-0.08456435
-0.02043713
-0.08556300
0.04983785
0.10808513
0.05260689
0.00287190
0.04268586
0.13462912
0.01540415
-0.01536824
0.01876258
0.00662329
0.01531541
-0.00863686
0.11743862
-0.06544277
-0.09302288
0.09177133
0.01358647
0.06668413
0.05606630
0.05926696
-0.04943747
-0.01370291
0.01504171
0.01891964
0.01632951
0.01160534
0.05647478
-0.02413282
-0.00632328
-0.01907966
-0.02807579
0.05546424
0.01390547
-0.07748418
-0.11988726
0.08137023
0.10792863
-0.01360281
-0.05881418
-0.03223816
-0.05603114
-0.00356093
-0.02849520
0.03499665
-0.02315505
0.03384066
0.01303348
-0.04211407
-0.01447502
0.06272100
-0.02092781
-0.08087967
0.01650130
-0.05179556
0.07664369
-0.05716677
0.03936552
-0.03295295
0.06315103
0.07444003
-0.07270996
0.01437427
-0.04031745
-0.06732122
-0.02185369
-0.02812845
-0.01032823
-0.04892721
0.00671555
0.05156504
0.01982516
-0.01801176
0.02439332
0.00230029
-0.03196729
0.03820864
0.00285064
-0.07103679
0.04750694
0.01884470
0.06959908
0.01886756
-0.00871555
0.03224472
-0.00862274
0.03374809
-0.00066071
0.02550654
-0.02861860
-0.06101647
0.00931692
0.04347192
0.01959397
-0.08931293
0.00948400
0.02247929
0.02990145
0.07585941
-0.12190467
-0.09091634
-0.19651353
-0.10963224
0.03258521
-0.03249146
0.07146156
0.03832298
-0.14168935
0.00768794
-0.13922022
0.09779905
0.07414005
-0.06307293
0.05575546
-0.04351681
0.05304696
-0.10372965
0.02763146
-0.04755733
0.00746894
-0.01003489
-0.06924718
-0.09657925
-0.06290566
-0.06506638
0.02215241
0.04057271
0.10690919
-0.04205258
0.02946069
0.01538882
0.08267028
0.03140694
0.03673032
-0.02685951
0.02049204
-0.08041855
-0.04337488
-0.01704738
0.02946967
0.06133284
0.09687532
0.00860253
-0.08073371
0.02618686
-0.05119311
0.10472535
-0.08111945
0.02898159
0.05213302
-0.05188220
0.09116625
0.02097402
0.06610063
-0.01264151
0.04539294
0.05040994
0.08349959
-0.08623786
-0.06137430
-0.08023758
0.00019816
0.04563627
-0.07968713
0.05884674
-0.05833632
-0.12478673
0.03556003
0.00460963
0.04432709
0.03615261
0.00079683
0.03727380
-0.08020605
-0.02010843
-0.05029942
0.07884887
-0.04448053
0.04611056
-0.06027070
-0.09371848
0.01682282
0.04405669
0.05761611
-0.10385488
0.03635335
-0.06255215
-0.04106314
-0.08248695
-0.00479803
-0.03355838
-0.02461656
-0.06836340
0.03386709
0.05823131
0.06712750
-0.00341328
0.11530876
-0.07964527
0.09060628
0.01498122
0.01034289
-0.00060735
-0.13717636
0.07993416
0.02625370
0.03093657
-0.02763306
0.00131739
0.04562931
0.07946184
0.01719474
-0.05578123
-0.03222752
-0.04618619
-0.01769046
0.02021078
0.04867836
-0.07112540
-0.00990949
0.00022523
-0.02807009
-0.09007528
-0.01168422
-0.07122077
0.01287853
-0.05614048
-0.08249079
0.02838726
-0.09882724
0.04924926
-0.04600552
0.12556863
-0.04341425
0.00875527
-0.07843968
-0.07021091
-0.10399619
0.09686859
-0.03459669
0.06610464
-0.09755889
0.10740990
-0.11990041
-0.10877524
-0.07314070
0.01696535
-0.03843893
-0.04638515
-0.02506157
0.02288305
-0.00201258
-0.07709505
0.01841983
-0.07724470
0.03740641
-0.00772417
0.06277174
0.07134102
0.05358107
0.06633119
0.09839860
-0.01749485
-0.01715673
-0.04089566
0.05946316
0.04878224
-0.06680404
-0.01800903
-0.11217903
-0.04668748
0.07058112
0.02876285
0.10731532
-0.05854752
0.05428356
0.00758796
0.05119609
-0.00493888
0.06016237
-0.00181174
0.04300387
0.00126802
-0.05359425
-0.17187051
-0.17494722
0.02746131
-0.00434193
-0.00929833
0.01970669
0.05606537
0.05716148
-0.01237315
0.05799430
-0.02804366
-0.07969889
-0.06731426
0.14304860
-0.01472126
-0.01254261
-0.12968616
0.00295035
0.03597708
0.06823687
-0.03056257
-0.00264195
-0.07787985
-0.03720650
-0.03145980
-0.07450831
-0.06240218
-0.09857191
-0.04602944
-0.04096185
-0.01176056
-0.04856607
0.08625636
0.01742680
0.01728894
-0.09286587
-0.08523136
0.00384354
-0.05029796
-0.06105977
-0.00511712
-0.10986727
0.01609435
0.00535350
0.02450095
0.02380715
0.00040000
0.02119460
-0.02054762
-0.09998618
-0.04976629
-0.00670680
-0.09037555
-0.06227387
0.06643659
0.00410091
0.00987397
0.03179796
0.07083736
0.01877422
0.05623208
0.00850089
-0.03675947
-0.00247986
0.05063229
-0.00142209
-0.03755781
-0.02259736
-0.06048538
0.01359474
0.03969927
-0.07622604
-0.00818779
0.10274069
-0.00348295
-0.03456958
0.00653804
0.03336409
-0.04358764
-0.01854279
-0.06020644
-0.07639909
0.00799656
0.04635872
-0.00652453
0.01514168
-0.02820974
-0.08471011
-0.07140046
-0.00676184
0.05964382
-0.06044335
-0.02619465
-0.04573179
-0.09012397
-0.04161381
0.03201658
-0.02434516
0.06280621
-0.00704187
-0.09028642
0.04146895
0.07125711
-0.00477329
-0.02459285
0.02436980
0.03655216
-0.00033455
-0.08149172
-0.02763312
0.03346793
-0.01968724
0.01055633
-0.05381043
0.02070483
-0.07431465
-0.01809760
0.07887007
0.07135075
-0.00522009
0.04388243
-0.04194511
-0.00241674
0.03377982
0.08172175
0.03877538
-0.02690064
-0.01256088
-0.01963848
-0.05591415
-0.05242780
-0.02241188
-0.04136156
-0.06015668
0.01785697
0.01656016
-0.02019154
0.05633599
-0.06910983
0.03640952
0.00861696
-0.03772552
-0.07087051
0.01354475
-0.04102980
0.01042537
0.03078212
0.06964278
0.01761711
-0.01117965
0.05213023
0.02428365
0.05854559
0.03725630
0.02116277
0.05402224
-0.00200179
-0.05283096
-0.07615995
-0.01699567
-0.03749794
0.01648449
0.07091895
0.01806873
0.02499963
0.03223564
-0.00562111
0.03618673
0.02094543
-0.07431462
-0.03441209
0.00583233
0.01117435
0.00678841
-0.03574698
-0.03375579
-0.00441201
0.00771958
-0.01431106
-0.05830796
0.03950053
0.04248890
-0.02781068
-0.01690472
0.05545113
0.01288242
-0.03484214
-0.04149670
-0.03750989
0.09088152
-0.03826524
0.06388933
0.03179591
0.07279700
0.00457024
-0.05186932
0.06554517
0.04716107
-0.00641353
-0.08213314
-0.00304621
-0.01365329
-0.07930163
-0.04498765
0.09840664
-0.10324437
-0.04294254
0.04676285
-0.03600761
-0.04794241
0.05826162
-0.02401641
-0.07410616
-0.00140243
0.04155745
0.06764284
-0.03903689
0.03986413
-0.04464135
0.00434502
-0.15215147
-0.00241548
-0.11900358
-0.06963375
-0.08585305
0.04972832
0.04910170
-0.02448424
-0.01121398
0.04634557
0.04891475
0.05019961
-0.01016408
-0.00359507
0.00157902
-0.00893964
0.00273715
-0.05342138
-0.00188040
-0.11285468
0.02667133
0.07203697
-0.01831824
0.01629171
0.07107423
-0.07868274
-0.02866734
0.12749171
-0.00080721
-0.04105821
0.01431015
-0.31370088
-0.03075492
-0.01487948
-0.03703498
-0.06356224
-0.14198141
0.08822479
-0.01460045
-0.01636537
-0.04997206
-0.03385134
-0.05230833
-0.08975150
0.02265687
0.01592024
-0.05852034
0.00458083
0.03526472
-0.04583504
0.00972520
-0.11657550
0.01294267
-0.03420233
-0.01739090
-0.05958840
0.03195110
-0.00917948
-0.05360246
0.03407352
-0.00627820
-0.09490877
0.02052239
0.02160651
-0.00550232
-0.00412196
-0.02771521
-0.04008996
-0.03605166
-0.05072036
-0.06115410
-0.08574513
-0.07182008
0.00815125
-0.08879670
0.00210398
-0.10423160
0.09036114
-0.04382550
-0.13395245
-0.03094323
-0.07047685
-0.05763750
-0.06861969
0.05834281
-0.03426130
0.12037659
-0.00509712
0.09355656
-0.05787417
0.07507069
-0.06257483
0.05347668
0.05846358
-0.08697651
-0.03024629
-0.04769503
-0.10657439
-0.05282662
-0.01523861
-0.13807489
0.04339707
0.09784630
-0.08743823
0.06708195
0.06874736
0.02255476
-0.01472839
-0.04070866
0.03810481
0.11941067
-0.00719989
-0.04185355
-0.01595156
0.14728600
-0.05252931
-0.08743892
0.00841341
-0.01685377
-0.01530491
-0.01445006
-0.04640285
0.06903560
0.06098973
-0.09832801
0.02278059
0.01128538
-0.01003873
-0.07378632
-0.10382909
-0.00309672
-0.01545326
-0.05665218
-0.02176709
0.03962742
0.05070443
0.00005112
0.01420505
0.03631244
0.06368092
0.02032791
-0.08796199
0.03171424
0.00689042
-0.04985420
-0.03476844
-0.10098205
-0.08928575
0.00487278
0.04972716
0.02452043
-0.02204217
-0.00644819
-0.11097149
-0.03301897
0.05062237
-0.04598708
0.01683335
-0.09505983
0.12628278
0.06602096
-0.12497121
0.01736869
-0.06086498
-0.03069002
-0.03172167
-0.20279871
-0.07447526
0.06465223
-0.07674713
0.05895749
0.00030121
0.03402102
-0.22058980
-0.02953539
-0.04211423
-0.02782420
0.10561297
0.00699821
0.02582115
-0.12200963
0.04660333
-0.10511962
0.15356530
-0.03347104
-0.00774499
0.00709638
-0.03001998
-0.00556840
-0.01379610
-0.08437857
-0.03390193
-0.00424559
-0.06587911
-0.05007797
-0.04130459
0.11493059
0.03877768
0.06509314
0.09964623
0.03465632
0.04983885
0.02637474
-0.10024632
-0.00554889
-0.13521351
-0.08535030
0.05014820
-0.00204070
0.10360733
-0.08373162
0.15246952
-0.10426060
0.07282061
0.10528941
0.12154511
-0.16315126
-0.00965815
-0.00005183
-0.00546203
-0.11150751
0.06078253
-0.05467827
0.14966930
-0.18481256
0.02816011
0.03858521
0.03845885
-0.16423346
0.03898000
-0.12040051
0.04222009
0.08117185
-0.06803169
0.06373961
-0.16582280
0.02366749
-0.14684820
0.02170290
-0.02380803
0.11251532
0.03126531
-0.06639680
-0.05536045
-0.06919918
-0.07007407
-0.00657942
0.01514051
0.04240503
-0.07049058
0.03835209
-0.05127877
-0.00784436
0.12736115
-0.06631671
0.07862698
0.00227522
0.07167558
-0.08205087
-0.12869115
-0.08017293
-0.03695617
-0.08444138
0.16367508
-0.07621124
0.01620132
-0.02803172
0.11483296
0.19187245
-0.01941013
-0.06449880
0.00551365
-0.02604875
-0.05506132
-0.02485054
-0.11149953
-0.07158160
0.07453492
0.03786881
0.03813203
0.09145468
0.07575917
0.01514265
0.10582232
-0.12615612
-0.02869267
0.06128277
0.02312231
-0.03852612
-0.00612794
-0.06543851
-0.02725868
-0.03712037
0.15203938
-0.13685182
-0.01872047
0.03706836
0.01990315
0.02332116
-0.13832164
0.00357932
-0.17748199
-0.11305727
-0.03391649
0.03304722
0.11714376
0.01226840
-0.09274958
-0.09626646
-0.05854399
0.05699586
-0.14793254
0.10982265
-0.04207040
-0.05209141
0.00738836
-0.06502327
0.00319320
0.05976721
0.13483536
0.10703897
-0.05888329
-0.08752368
-0.01026645
-0.04675929
-0.04622317
-0.08556977
0.11393055
-0.04853862
-0.01846362
-0.06017070
0.05954910
0.07388873
-0.02147657
-0.01655097
0.01564481
-0.07513826
-0.00312656
-0.09535722
-0.13098800
0.07699458
-0.04013598
0.00684418
-0.03143916
0.04866544
0.04105400
0.07047276
0.00460129
-0.05992942
-0.03804736
-0.10315016
-0.07580957
-0.01659678
0.14162901
-0.06533622
0.05893786
-0.07274607
0.06985331
-0.05264967
-0.02994899
-0.04536527
-0.00696739
-0.03987909
0.04776236
-0.02464950
-0.09031239
-0.01672627
0.03239104
0.05656350
-0.01722250
-0.05564056
0.02403088
0.04952441
0.09701502
0.01150833
0.11746524
-0.09439388
-0.01203492
0.07872675
0.02749554
-0.03362510
0.03480159
0.06026711
0.02171929
-0.10690649
-0.04524599
-0.01120816
-0.12759356
-0.04112341
-0.00135273
0.05508066
-0.05639785
-0.08056317
-0.15002540
-0.01733382
-0.05130066
0.08646023
-0.04091239
0.06646866
-0.00347488
-0.02007625
0.04447826
-0.10137621
0.02440678
0.01085351
-0.03752291
0.00772144
-0.01807280
-0.02647699
-0.05631096
0.00129506
-0.05762465
-0.02537441
0.03136448
0.06717243
0.09473490
-0.09817660
-0.02172766
0.04794064
0.03997087
-0.03285813
-0.04359339
-0.13897198
-0.09808606
-0.05160636
0.08198589
0.02369981
-0.08713176
-0.19226949
-0.12006762
-0.08167188
-0.08917473
0.02716491
0.12126006
-0.00811980
-0.13923223
-0.03422323
0.03969038
0.01575291
0.04043825
-0.08680671
0.03536183
-0.09264253
0.05601117
-0.07427892
-0.03299725
-0.08405603
0.10370119
0.03922656
-0.05722447
0.00187357
-0.08516866
0.05487987
-0.04869268
0.10475043
0.23306894
0.09388822
-0.12653285
-0.04302862
0.10563317
0.04638563
-0.18227158
0.05046767
-0.01844712
-0.02827524
-0.09484846
-0.03939271
-0.07340383
-0.01062813
0.01578650
0.10845913
0.02650665
-0.06331736
0.00880610
0.11771133
-0.07724517
0.01844053
0.15786423
-0.08714698
0.03973748
-0.13345212
-0.00217212
-0.04268981
0.02814761
-0.13054693
0.07062002
-0.18567505
0.05891684
0.02531449
-0.05204505
0.01879849
-0.19978881
-0.05071943
-0.05438607
0.06020511
-0.02525364
-0.02672164
-0.04550753
-0.02233061
0.00451915
-0.25207388
-0.03288678
0.04742652
0.05877560
0.00180009
0.05900420
0.02131142
-0.02047527
0.00584326
-0.15017454
0.05414876
0.05581462
-0.00246494
-0.03047964
0.04377352
0.03481190
0.04573122
0.04352279
0.00021435
0.08603256
-0.00296283
-0.03422377
-0.12117558
0.00890741
0.08249253
0.04111740
-0.00426244
0.08666424
-0.00481237
0.05268320
0.07230926
-0.10577700
0.01841952
-0.17506969
-0.08584335
0.01788603
-0.00393557
-0.05294486
0.06953570
0.00424323
-0.07112546
0.04298478
0.06156437
0.02907094
-0.00879079
0.02513598
0.00065532
-0.01360637
0.09330347
-0.06744894
-0.01732420
-0.07066999
-0.06819686
0.05702844
-0.06304879
-0.02929349
0.05875411
-0.02349649
-0.09193602
-0.04194284
-0.05028441
-0.02598420
-0.00251776
-0.01193076
-0.07118038
-0.06468850
0.04531571
-0.11081360
0.00379470
0.00364372
-0.00520512
0.02745019
0.01320369
-0.05905722
-0.04809699
0.04528159
0.07408957
-0.02832068
-0.00805607
-0.07545638
0.02174001
0.05969534
0.01496565
-0.04538390
-0.05585046
0.03537146
0.01776205
0.06056606
-0.01467295
-0.08937199
-0.04428617
0.04619012
-0.09034210
-0.00829956
-0.07940036
0.00025263
-0.03533110
-0.00053396
-0.01500665
-0.02954483
0.03655959
0.04504921
0.02132902
-0.05936472
-0.00543999
0.05013998
0.02584906
0.01664452
-0.04107203
-0.00798045
0.02641994
-0.07765909
-0.03412752
0.07194805
0.06832382
-0.04815105
-0.01714384
0.00307228
-0.03555572
-0.13792025
-0.01639248
-0.16392222
-0.05403636
0.00420368
0.00510905
-0.09229670
-0.06758916
-0.04110435
-0.00886568
-0.15193120
-0.00516122
0.01198455
0.10211197
-0.12843001
0.04674276
-0.00795156
0.02763515
-0.04082675
-0.07036989
-0.02066048
-0.15450123
-0.09944926
-0.06167829
-0.06223677
-0.20314173
-0.03705007
-0.03154508
0.10480022
0.02057966
-0.05657421
0.03935933
-0.00316990
-0.01108741
0.05634907
-0.07808360
0.10016295
-0.05493570
-0.00387130
-0.11843120
-0.16176154
0.02894797
-0.10016830
-0.00486055
0.02165477
0.07760683
0.07712315
0.02477302
-0.01527844
0.04021456
-0.17320244
0.05440443
0.11938318
0.02884500
-0.01781368
-0.07442670
0.02267935
0.01505626
0.02806334
-0.10280545
-0.05407469
-0.01870510
0.07822617
-0.04806435
-0.14345969
-0.05837334
-0.04043390
0.07353602
-0.01143939
-0.00117139
-0.04184292
0.03785210
0.00190034
-0.12637439
0.07342169
0.07404321
0.04944344
0.00977238
-0.00705946
-0.02493031
-0.12744150
0.01272975
-0.04846536
-0.04143229
-0.04441467
0.02796593
-0.00287445
0.10666630
-0.06587873
0.03852266
-0.00567339
0.01868058
0.09302096
0.04092086
-0.11186529
-0.10142601
-0.02101764
0.02717718
-0.00940417
-0.05143007
-0.04270368
-0.04978743
0.07956493
-0.04059389
-0.01381955
0.13977164
0.00002513
-0.02769052
-0.04797300
0.00385524
-0.06738757
0.04148730
-0.03654936
-0.11266860
-0.00265125
0.06914137
-0.12997615
-0.05452947
0.00072400
-0.04084872
-0.01229665
-0.03823445
-0.01746074
0.05563775
-0.08856586
-0.09036409
0.07911907
0.04385875
0.01171899
-0.01764491
-0.20637070
-0.01346447
-0.06081340
0.11440848
-0.04164886
0.03516605
-0.07899515
0.04892403
0.04993607
0.00718553
-0.02134967
-0.01617552
-0.02708784
-0.05973108
0.10349314
0.04516935
0.05067830
0.04888831
-0.09366114
-0.21461859
-0.02541967
0.03662280
-0.15293582
-0.03630765
0.01436503
0.07733804
-0.02976221
0.03238896
-0.05397138
0.14607677
0.02292799
0.04344156
0.00416143
0.05378317
0.05077875
0.01216060
-0.02104282
-0.08458235
0.04331449
0.04023355
-0.00049047
-0.08025638
0.04094664
0.03077114
-0.07599576
0.07702482
-0.06692673
0.02511569
0.06169901
0.00261736
-0.10060097
0.01760917
0.10308179
0.05196094
-0.01418069
-0.06956305
0.22478122
-0.03761610
-0.00839240
0.01289845
0.09638926
0.05143156
-0.04789842
0.00836090
0.04035026
-0.06231266
0.03844314
0.01338094
-0.07743097
0.05926193
-0.04546534
0.01228806
0.03318390
0.07059710
0.01413368
0.00685652
-0.12024479
-0.03161677
0.01559854
-0.02011774
-0.05683522
-0.02501434
0.01172058
-0.07311422
-0.05331451
-0.05501463
-0.00665625
-0.01069742
0.00531292
0.04028734
-0.01416836
-0.02585373
-0.04791150
0.11611237
0.00402467
0.00869568
0.11196229
0.03715225
0.03014186
0.02302412
-0.08815053
-0.04453962
-0.08441811
0.03921163
0.00082329
-0.00951324
-0.02427197
-0.04950270
-0.03517924
0.10766369
0.04892880
0.12274491
0.02520215
-0.02310937
-0.02447844
0.04952713
0.09366824
-0.05385787
-0.04122683
0.07202000
0.01818375
-0.01467040
-0.05377388
0.02958703
0.02986930
0.04363134
-0.04705044
0.06121878
-0.04323561
-0.09676913
0.03089233
0.00797611
-0.03899631
-0.08374511
-0.01055131
-0.01253999
-0.05602146
0.07109737
0.00803288
-0.10435238
-0.03495997
-0.03892308
-0.08868372
-0.01523003
-0.03811279
0.02497745
-0.05593729
-0.04970007
0.00839644
-0.02034090
-0.12942588
0.00717953
-0.03905271
-0.01488277
-0.07943337
0.00392692
0.03655365
-0.00728904
-0.02530577
0.03366007
0.03166259
0.00558838
-0.01711788
-0.06535855
0.05532596
-0.11758079
-0.02324826
-0.00037019
0.03278372
0.02230773
-0.02034941
0.00594311
0.03920447
0.07893231
0.13635203
0.00052802
-0.08844629
0.00906653
0.02220182
0.06349538
-0.05461696
-0.02985365
0.02100054
-0.03130358
0.03910290
0.02084577
-0.03983735
-0.03289277
-0.01320765
-0.06431753
-0.00786788
-0.01007793
-0.01629203
-0.05609202
-0.05713280
0.04771046
0.01495005
0.06327485
0.00875952
0.00782650
0.03691369
-0.05687196
-0.02979901
0.00915906
-0.03865950
-0.07294594
-0.01215087
-0.04845196
-0.04832288
0.06032765
-0.05775102
-0.00372379
-0.04930798
-0.05373445
-0.07377186
-0.06170345
-0.06050412
-0.02454811
0.00839733
-0.02755178
-0.02860877
-0.03053005
-0.00704400
0.00461119
0.05120157
-0.00664095
0.02710150
-0.01744016
0.03860982
-0.02091093
0.00068763
0.01697342
-0.03270627
0.01881246
0.01707270
0.02664078
0.04725422
-0.03368602
-0.01798500
-0.04496798
-0.01608642
-0.04257376
-0.01940461
0.03168326
0.04554715
0.03652493
-0.07439607
-0.01353064
-0.07643294
0.02124618
-0.01348135
-0.03546944
0.02283490
-0.09197920
0.06044465
0.06985040
0.00357813
-0.06749810
-0.08751326
-0.03349587
-0.08388068
-0.04701089
0.01783950
-0.00135678
0.06354839
0.05972442
0.01230442
0.00694902
-0.03791608
0.06142311
-0.05603182
-0.03865622
-0.08058907
-0.01577065
-0.11146399
-0.15040910
-0.10916969
0.01597301
0.03032566
0.03905286
-0.08517011
-0.05834949
-0.17463446
-0.01555694
-0.01112358
-0.10587986
-0.06329332
0.03356665
0.04546997
0.03582984
-0.00256431
-0.07179058
-0.05666492
0.01557685
0.11320502
-0.06564189
-0.09421161
-0.02874364
-0.15895595
-0.05477085
0.05955509
-0.08128181
0.10489583
-0.01803345
-0.01311055
-0.02759393
0.11240606
0.10901087
0.00269573
0.02435086
-0.03983625
-0.07795896
-0.05702411
-0.08639681
0.00221133
-0.00016474
0.00087910
0.09536799
-0.01291174
-0.01530850
-0.03749910
0.13095662
-0.03513159
-0.07173045
0.14688750
0.08896941
-0.09032360
-0.12823163
-0.05620083
0.00665251
0.10264084
-0.16369379
0.04600677
0.05235082
-0.03108008
-0.01632481
-0.10427716
-0.00789513
-0.08685239
0.02913014
-0.08074033
0.00419330
-0.08012222
0.10919130
-0.00643218
-0.01847698
0.04143098
0.01337512
-0.02684223
0.06073130
-0.01301128
0.08460816
-0.12452530
-0.02839156
-0.00869539
-0.06303806
-0.00515347
-0.09704597
0.10452064
-0.12441926
0.04770339
0.03656679
0.03303118
-0.10318018
-0.00552044
-0.05797385
-0.09258269
-0.04681487
0.06439549
-0.01645844
-0.01047512
-0.00653681
0.02842637
0.02564062
0.02785226
-0.06139908
-0.06205390
-0.05787684
0.00821863
-0.04760920
-0.05444217
-0.01527474
-0.08728229
-0.01806199
0.05935356
-0.00137757
-0.06437992
-0.05043277
-0.00260291
0.05296210
-0.05826388
-0.06022035
0.05409820
0.09021758
-0.06642178
-0.07684413
-0.01376226
0.07825240
-0.04546919
-0.12740561
-0.03257932
-0.04281406
-0.04778045
-0.02050913
0.03721548
-0.05003062
0.03980098
0.06729649
-0.01399032
-0.07268313
-0.02079169
-0.04843951
-0.03887698
-0.02578038
-0.03260033
0.05056145
0.02147095
-0.00780978
-0.00305025
-0.05871523
0.04308059
-0.03328781
0.04163302
-0.03832325
0.05135603
0.05783335
0.04487558
-0.07235840
-0.04779590
0.00450113
0.08738445
-0.03977389
0.10314386
0.06430294
0.04761025
0.02464207
0.00308386
-0.01132460
0.02332752
-0.08248589
-0.05721331
0.06491419
-0.09608905
0.01136180
0.03252256
-0.00653442
-0.05877114
-0.01841559
0.03833903
0.09225797
-0.02552845
-0.01757789
-0.04663959
-0.04006283
-0.03987349
-0.01299731
0.00486981
0.07600011
0.07684425
-0.10413239
-0.00020019
0.08781518
0.00989844
-0.02895171
-0.02972757
-0.07788926
-0.01379313
-0.02712555
0.02955784
-0.00920690
-0.04153817
0.00898210
-0.04195882
0.08958241
-0.03518816
-0.00608750
-0.06744958
-0.04938814
-0.03235669
-0.04018881
-0.02125786
-0.01046666
-0.06434181
0.04896833
-0.04612187
-0.08744192
0.06026193
-0.09946346
0.09129941
-0.00462974
-0.02130519
-0.00910680
0.04951117
0.04473485
0.08372690
0.00938034
-0.04041137
-0.01840724
-0.00206951
0.06759565
0.01186243
-0.08285953
-0.01462057
-0.06553105
-0.00212336
-0.08658963
-0.00395625
0.00626536
0.07011862
-0.03224418
-0.07408017
0.07083945
-0.10847097
-0.03640576
-0.07741933
-0.06567466
0.02776601
0.05730023
-0.05646542
-0.06878700
0.02574426
-0.05890920
-0.00605167
-0.00393059
-0.05545509
0.01928657
-0.04863061
0.02177702
0.03483567
-0.06190797
-0.09668816
-0.11744639
0.03880650
-0.05660106
-0.05066254
0.06363887
-0.03141096
-0.01792607
-0.00042284
-0.01901897
0.07714238
-0.00399905
-0.07233630
-0.09047681
-0.04879940
0.03321239
0.01613577
0.07147631
-0.03380450
0.01423793
-0.00254709
0.02057495
0.06714977
0.00908619
0.04935569
-0.06348374
0.02363265
-0.01679540
0.04303614
0.01902036
0.05643055
0.04206029
0.07700472
0.12211568
-0.04092410
0.00569889
0.04506946
-0.05855970
-0.14722428
-0.04216951
-0.03759709
-0.08808406
-0.03709541
-0.08025137
-0.08790568
0.03655691
-0.01444849
-0.03763189
-0.03643335
0.06289299
-0.04959951
0.02383509
-0.01639961
-0.02149256
0.11248819
0.01786467
-0.01566662
-0.08561192
-0.08541589
0.02417568
-0.03948948
-0.01554123
0.04336236
-0.05017332
0.08279140
-0.00409735
-0.03639697
0.06095431
-0.00385811
0.02745215
-0.05332258
-0.13982567
-0.00587311
-0.00160561
0.07357106
0.01746524
-0.00683057
-0.02640981
0.02396466
-0.00633536
0.03265565
-0.09595316
0.01790872
-0.06237093
-0.03928681
0.04623231
-0.04191979
-0.00525480
-0.00440527
-0.04172056
0.11329757
-0.03599265
0.03225829
-0.02821577
-0.05050116
-0.06632951
0.06169213
-0.01532941
-0.09315694
0.01055030
-0.06794252
-0.06792429
-0.07257325
0.03041719
0.03174331
0.07672200
0.07955373
0.02971496
-0.06287267
-0.07069539
0.00047460
0.03624470
-0.09661778
0.05991600
-0.01892331
0.08108701
0.03413128
-0.05713156
-0.02967720
0.06111564
0.04180955
0.02218308
-0.06019814
0.10552318
-0.04686424
-0.04820374
-0.02798103
0.04239431
0.07490344
0.00209661
-0.06725354
-0.06352342
-0.07084985
-0.00080827
0.03610471
-0.02186253
0.00461741
-0.03341181
0.03619388
0.05062381
-0.01958285
0.06458817
-0.02183000
0.03596928
0.03020916
0.03115253
-0.06725259
-0.08634551
-0.14979155
0.01643838
-0.02912572
-0.06372038
0.06856527
0.03320487
0.02388074
-0.08818009
-0.01881378
0.05569286
-0.00264997
0.00348472
0.01651318
-0.05347800
-0.00123853
0.02456645
-0.01719001
0.02710713
-0.03602232
0.01995229
-0.03328121
-0.06717572
-0.02649093
-0.08274737
0.05479489
0.03396632
-0.03529123
0.03231331
-0.06811284
0.04389160
0.09579123
0.06572872
-0.02889682
0.00312731
-0.09895238
-0.00082220
-0.06599560
-0.05154027
0.02602004
-0.09547312
0.02957961
-0.06281745
-0.01800916
-0.02035173
0.08952286
0.07404076
-0.08178084
-0.05249681
-0.07930638
-0.00889292
-0.06862581
-0.03629640
0.10480597
0.05331340
0.10832769
0.01179641
0.05178920
-0.03523843
-0.08331577
0.03123482
0.06329765
-0.08601203
0.00378593
-0.07352515
-0.03262329
0.03679355
0.01012794
0.06558477
-0.02583724
-0.05055537
0.09136489
-0.00701300
-0.05854954
0.02659753
-0.07356316
-0.05105088
0.08110775
-0.05829789
-0.01061195
-0.06023002
-0.03253829
0.18735947
0.07701288
-0.11389710
0.02498632
0.10940725
-0.05882430
-0.06454627
-0.02025132
-0.19102508
-0.13399363
-0.14299752
-0.06776263
-0.08392674
0.08114566
-0.01966021
-0.06224430
0.08518728
-0.07220813
0.06563871
0.01527552
0.05491914
-0.02586359
-0.12913598
-0.07230283
-0.06914178
0.08447219
-0.02100842
0.02937381
0.14681639
-0.02007081
-0.04056585
-0.06236828
-0.10868839
-0.01817904
0.06201826
0.19982791
-0.00678809
0.01133035
-0.08164465
0.05770934
0.03049950
-0.07110525
0.04564048
-0.07008007
-0.04268080
-0.05558199
-0.11981301
-0.13296953
0.10488793
-0.00269911
0.06802575
-0.03682858
-0.03817905
0.00263446
-0.04688857
-0.02139944
-0.06240973
-0.03026194
-0.04118570
-0.30908316
0.01258157
-0.02357920
0.02249168
-0.03319182
0.00805742
0.15673928
0.09844514
-0.06214559
-0.17018588
-0.06976417
-0.02183337
-0.10497957
0.14260946
-0.01004420
-0.05450163
-0.08109296
0.08631061
-0.18245424
-0.07781331
-0.07094144
-0.00514535
-0.08148690
0.06904437
0.07426745
-0.04085821
-0.00724084
-0.05927896
0.02885466
0.05427463
-0.05226037
0.03917643
0.09267235
0.06324907
-0.04474435
-0.04315014
0.03258829
-0.02841875
-0.02097087
-0.18603785
-0.02461138
-0.13533883
0.15784624
0.02007138
0.07691888
-0.03738313
0.17844865
-0.13926935
-0.02332676
0.00338291
-0.02398142
-0.09319465
-0.09125593
0.13349970
0.02942963
0.01320569
-0.04673390
0.04381430
0.02116249
0.05835183
-0.01662143
-0.02440957
-0.01768341
-0.17791361
-0.08720053
-0.02677637
-0.04582503
0.00433021
-0.05257291
0.03894811
0.04071916
0.00484541
-0.03303954
0.01706550
0.07911352
-0.05301034
0.00254297
0.11787539
0.00632500
-0.07000934
0.01743053
0.10160496
0.05418470
0.01661533
-0.13199125
0.00908595
-0.08918045
0.04382657
-0.11527582
-0.09703172
-0.04838339
0.00146888
0.08379591
-0.03606059
0.04067027
-0.06067813
0.08929607
0.12822030
-0.00478855
0.00494841
-0.01753195
0.03410549
-0.03424510
-0.07580804
-0.09659891
-0.06686135
0.16058379
-0.00039002
0.10945141
0.01674969
-0.00701835
-0.08741336
-0.03870536
-0.10183413
-0.01506770
-0.06435800
-0.07959948
0.00433956
0.05493857
-0.04043768
0.11497658
-0.03017360
0.03082108
0.10116617
0.10551384
0.00560955
-0.03297624
-0.08881885
0.02779009
-0.00141455
0.01378186
0.00714846
0.05399934
-0.07463810
-0.11455097
-0.01605941
0.02907536
-0.00424859
-0.05361364
-0.06505787
0.06524526
0.11729514
0.00111324
0.02577423
-0.06084063
0.12387654
-0.08321423
-0.06376241
0.00549458
0.11189564
0.09271874
0.06237640
0.04726129
-0.05547052
0.02714966
-0.02734088
0.00333070
-0.03939456
-0.06002195
0.03599830
-0.04217279
-0.14737956
0.02519016
-0.11162426
-0.17884710
0.04857428
-0.06096638
-0.12850693
-0.16598201
0.03825457
-0.03916747
-0.04261907
-0.04653442
-0.05602254
0.07875055
-0.11390633
0.05071269
-0.02150685
-0.00471225
-0.01405587
-0.00165549
-0.02073295
-0.08872138
0.00555455
-0.08035978
0.00187888
0.05308608
-0.02181426
0.08993462
0.00656108
-0.06638459
0.02918551
0.12975484
-0.06690980
0.02408755
0.00804086
-0.00668422
-0.04371543
-0.03633595
-0.07336469
0.03696306
0.06979741
-0.02026524
-0.03903091
0.06016237
-0.01393333
-0.06997537
-0.04972775
-0.05254789
0.03400061
-0.08165997
-0.07707988
-0.01297298
0.00107852
0.09591646
0.00515544
0.03437569
-0.06423130
-0.07081924
0.02679783
0.01165147
0.03671633
-0.10203224
0.05649044
-0.00492271
-0.08270070
0.00796550
-0.00692565
-0.02144906
-0.00713771
-0.03304935
0.00566395
-0.13138133
-0.01735435
-0.05195431
0.04877834
-0.06184217
-0.05721346
0.00415660
-0.01740936
-0.00496660
-0.01072766
-0.00606602
0.00346237
0.04833529
-0.04560299
-0.06034010
-0.01880328
-0.02357531
-0.00961425
-0.03531399
0.04884537
-0.04340252
0.07783188
0.01069846
0.08606449
-0.22750838
0.03910033
-0.00084639
0.00396533
0.02316966
-0.10964956
-0.02863382
0.02974789
-0.06473617
-0.05895680
0.06175449
0.15068398
0.13309632
0.02466368
-0.02714333
0.05945449
0.04017275
-0.08222630
-0.01241485
0.08605489
0.02736709
0.03482145
-0.00710862
-0.05279525
0.01795598
0.00940333
-0.00344008
-0.06434366
0.00981881
0.11807694
0.12098915
0.04973309
-0.03025157
-0.19178781
-0.10212784
0.10623689
0.02716143
0.10146526
-0.06373878
0.02991809
-0.08606222
0.01453588
0.09221296
-0.07349057
-0.06852374
-0.04914244
-0.09453997
-0.12701699
-0.06433598
-0.01693704
-0.05460128
-0.07067063
0.10974959
0.00967876
-0.02613921
0.03445320
-0.02159878
0.07366592
-0.20153521
0.08812077
-0.03817824
-0.01322415
-0.06241133
-0.04747463
0.04900120
0.07713491
-0.02133078
0.06459001
0.03718004
0.06283876
-0.07471882
-0.09658679
-0.07764359
-0.18235272
0.06860148
0.01906553
0.02720142
0.06013332
0.03002127
0.08540851
0.00363419
0.07311627
0.00340358
-0.01398964
-0.10920133
0.03874420
0.02265671
0.03436122
-0.11745684
-0.03402084
-0.03428096
0.02013826
-0.09999600
-0.02878241
-0.08257478
-0.07169975
0.02672602
0.06737259
-0.02626643
-0.03908319
0.12267259
-0.04143671
-0.05049088
-0.13523021
-0.04995821
0.00632686
-0.06615812
0.05903926
0.05090849
0.06558219
0.03263780
-0.06045081
-0.01087468
-0.02614962
0.02034860
-0.09503098
-0.07966350
-0.01036728
-0.02590225
0.02905827
0.12532556
0.03596495
0.02292962
-0.10243691
-0.05454039
0.01210903
-0.07999101
-0.08569162
-0.11465631
0.07107781
-0.04497501
-0.03411904
0.03367683
-0.14389703
0.01082459
0.13022166
-0.04977417
-0.07270899
-0.06500394
-0.02774773
0.08583546
-0.03110488
0.01725120
0.02473190
-0.04502071
-0.05618548
-0.16583994
0.02602313
0.07719305
-0.02908022
-0.12279658
-0.01786389
-0.02692734
0.05519642
-0.09485982
-0.06212448
0.01732668
0.08174232
0.05684065
-0.00854176
-0.07620732
-0.15418576
-0.03463804
-0.05155793
-0.12417638
-0.04653772
0.03363554
0.01982896
-0.15787545
-0.04278848
-0.01837489
0.01636342
-0.05092757
-0.05636697
0.02650969
-0.09973530
0.09833560
0.05740977
-0.04067243
-0.02002283
-0.00934692
-0.01833564
-0.03010132
-0.07352191
-0.03824420
-0.04616185
-0.01090184
0.00727259
0.02517585
-0.10911530
0.10185569
-0.00599091
0.05914951
0.05219375
-0.09221034
-0.00019690
-0.00797206
0.02318000
-0.05997780
0.07653946
-0.11268839
-0.04416940
-0.14988221
-0.09713967
-0.07667056
-0.06986712
-0.10117237
-0.09343208
-0.00421776
0.06677103
-0.03837608
-0.12471565
-0.09917765
0.08966754
0.03239068
-0.00889159
0.03920620
-0.12856314
-0.03620985
0.09337675
-0.08033986
-0.14820278
-0.15153272
-0.03417515
0.11076911
-0.01070614
-0.08952191
-0.10749151
0.10448837
-0.10634909
-0.04115992
-0.01018021
0.04670220
-0.09992556
-0.03013864
0.14875165
0.07177069
-0.13311397
-0.06261209
0.13037708
-0.22382228
-0.10158662
0.05796769
-0.00051506
-0.05784537
0.02901325
0.08697411
0.08101892
-0.06605430
-0.04019625
0.02511545
0.10026410
-0.08699490
-0.03855709
0.10889845
-0.04673484
0.00048899
0.05397996
-0.00144472
0.02670801
-0.04907293
-0.05853549
-0.00070354
0.02377578
-0.06637531
-0.14727233
0.13240312
0.00473860
0.05383183
-0.04036509
-0.05941591
-0.03328775
-0.06763685
-0.02222994
-0.11915477
-0.03536391
-0.03285733
-0.02007846
-0.01071410
0.03215109
-0.12920107
-0.02817194
-0.00337937
0.01414542
0.02484925
0.07439972
-0.00286618
0.00037427
-0.02622529
-0.12957369
-0.03060913
0.13458973
0.06142911
-0.02280366
-0.06263713
-0.17325568
0.02541447
0.08214743
-0.02367244
0.05322298
-0.02223795
0.11019997
0.03619228
-0.09074071
0.02931556
-0.01646477
0.02213169
-0.08306985
-0.01939217
-0.00644710
0.02201439
0.04423958
0.12042567
0.08215463
0.12786481
-0.10307866
-0.02763387
0.06715679
-0.10871390
0.00771113
-0.20965303
-0.06933044
0.05184480
0.06780377
0.02373269
0.01517259
0.02935677
-0.09656180
0.02671210
-0.03388957
-0.10314351
-0.01643867
0.14378941
-0.01379402
0.01317446
0.06961315
-0.00008818
-0.09637373
0.07184565
0.14051206
0.00293257
-0.02454091
0.04092989
-0.04203138
0.11180989
0.06360903
0.06399293
-0.09042136
0.05107699
0.08112700
0.07702573
-0.06987319
-0.07716648
-0.03750680
-0.11398833
0.13217722
0.07316722
0.04992747
-0.07362369
0.11219541
0.11485755
-0.07019354
0.10185484
-0.32067767
-0.09377008
-0.04195847
-0.03406459
-0.18037501
-0.05372468
-0.03695507
-0.09699672
0.05357984
0.09904845
0.02731240
-0.13697535
0.06104112
0.15646867
-0.00812876
-0.17167717
-0.05592454
0.06990753
-0.17155512
-0.01883175
0.06386095
-0.07806195
0.03963280
-0.04990851
-0.07642450
0.00636947
-0.14170842
-0.08443383
-0.02124397
-0.05656236
0.00029334
0.04649799
-0.01247271
0.01305971
0.09410297
-0.03572889
0.02448040
-0.05651197
-0.02984461
-0.10371324
-0.05747930
0.01047739
-0.08170044
0.00284467
-0.06273017
0.02589321
-0.04105616
-0.02847596
-0.03264328
-0.08612290
0.03368006
-0.01788083
0.01554230
-0.03031060
-0.14010412
-0.08473486
0.00071787
-0.03231296
0.09293290
-0.03389510
0.10183635
-0.11730149
-0.09190771
0.09776314
-0.00007265
-0.08253682
-0.00142304
0.09680685
-0.01400485
-0.01156190
-0.04177330
-0.01524744
-0.09133922
0.07852285
-0.05220101
0.08547202
-0.02488958
-0.04655138
-0.07629701
-0.00206266
0.03944368
0.01249378
-0.03213052
0.06292670
-0.10538581
-0.01422597
0.06755263
0.02687985
-0.05675791
-0.00573948
-0.05502302
-0.07849417
-0.05244185
-0.03073069
-0.05894527
-0.01765077
0.04938137
0.08717102
-0.05579701
0.04933922
0.06610222
-0.07330851
-0.09033360
0.03317443
0.11225154
-0.00673365
0.02251301
-0.03935659
0.00618302
0.06137517
-0.01563232
-0.03572556
0.08580949
-0.10312295
0.04255717
-0.05746941
0.03703192
0.05531907
-0.04921168
-0.05509228
0.03559798
-0.00195119
0.06648736
-0.00145873
-0.01282578
0.05377358
0.03097398
-0.05732490
-0.11292474
0.02799822
-0.02068035
0.01709711
0.06548837
-0.00259436
-0.03217616
0.05507077
-0.00209567
0.07126983
-0.02607358
0.01903447
-0.04237992
-0.01786307
-0.09196357
-0.02007042
-0.07903791
-0.13784675
-0.08728892
0.11311804
0.02605215
-0.06986820
0.06191843
0.04335116
-0.04099437
0.06345435
-0.08490049
-0.10258193
-0.03312241
-0.09909709
-0.05678131
-0.01543253
0.04306055
-0.06248487
0.01694840
-0.02932822
0.05608000
-0.06325953
-0.00015523
0.06044051
0.07716428
0.04519929
0.02459443
0.01050935
0.02224557
0.07460924
-0.01578739
0.08527792
0.07979844
-0.02812337
-0.08123908
-0.04947476
-0.04599384
0.10200527
-0.01810910
-0.06848335
0.01350730
0.03528857
-0.05845752
-0.03368802
0.04090393
0.04489335
0.05568170
-0.07505960
-0.02727364
-0.04397109
-0.00084805
-0.04476926
-0.02683163
-0.02144572
-0.00095346
0.08153157
0.04897660
-0.02502803
0.05292154
0.02168330
-0.04532745
-0.06559527
-0.09082902
0.02168670
0.08124197
-0.09008355
-0.03945566
0.05372571
0.09987232
0.00710322
-0.04647720
-0.00292348
-0.04149703
-0.03025174
-0.04012785
0.06105923
0.01884491
-0.06625313
-0.04095401
0.09771326
0.07257582
0.07401232
-0.10537501
0.00225379
0.00022991
-0.04918901
0.05568132
-0.04359027
0.09173620
0.00384605
0.00463947
-0.02881889
0.02157495
0.07829343
0.00582919
0.02798787
0.02147594
-0.00537630
0.06841268
-0.05603040
-0.03205147
-0.05997054
-0.04587893
-0.02597891
0.01313182
0.09628957
0.04375506
-0.06054966
-0.01622910
-0.08815179
0.07698893
-0.02681894
-0.00598238
-0.04433900
0.00755559
0.02598749
0.06922188
-0.06613791
0.11023258
0.05603172
0.02581891
-0.06252623
0.03698767
0.01285262
-0.06026718
0.00602306
0.05142399
-0.06607679
0.01780933
-0.04097695
-0.00476943
-0.04233300
0.04441306
-0.11001318
0.02512867
-0.03095733
-0.00031971
0.00686275
-0.03571180
0.01017200
0.05751016
0.03057512
-0.08161342
0.04681239
-0.00803814
0.05351509
-0.04162994
0.05740845
0.02891872
-0.01611236
0.02102496
0.03228850
-0.01599889
0.08417733
-0.02504964
-0.02186517
-0.02314375
0.03361234
-0.00413760
0.06091355
0.00914750
0.01854468
0.11190972
0.05317878
-0.07180709
-0.02882362
-0.00420247
0.02865019
0.05480906
0.02261130
-0.01633236
-0.06663344
0.02670599
-0.01666687
-0.06378639
0.08059108
-0.11081620
-0.00455751
0.05050726
0.02171597
-0.02193128
-0.05170100
0.03173305
-0.09899593
-0.06624701
0.09092952
-0.00270172
-0.04042090
0.01554810
0.01851609
-0.01481987
-0.01999113
0.02062887
-0.00394941
0.00595335
0.00262156
0.00472301
0.01858622
0.07551702
-0.02631067
0.02621046
-0.02698826
0.08236865
-0.05686954
0.02396988
-0.04173446
-0.04898371
0.03994282
-0.07906687
0.03194381
0.04263454
0.09451762
-0.08114839
-0.02618899
-0.01385942
-0.05268684
-0.06709811
0.03860114
0.00938491
-0.08019223
0.03647445
-0.09280465
-0.11551568
-0.09827305
0.01577558
-0.09690282
-0.07110151
-0.03086622
-0.07842647
0.05832979
0.12220049
-0.02769564
-0.01340322
0.02393976
0.01506676
-0.03731152
-0.12712565
-0.01567385
0.01006198
0.03678491
0.01363237
-0.01778048
0.02767318
-0.01342308
0.07101282
0.00113416
-0.03932434
-0.06946190
-0.10455910
-0.02695870
-0.04203422
-0.05456389
0.07053150
-0.00919627
0.06777298
-0.01203877
-0.05689907
0.03230393
0.07243396
-0.05482567
-0.04817902
0.08997273
-0.02331978
-0.10203368
-0.05997102
0.03695021
-0.17214596
-0.01313308
-0.04414666
0.01066908
0.05042608
-0.03730239
0.07874121
0.02227437
-0.02434693
0.00422465
-0.02137601
0.02359278
-0.08696312
0.05590924
-0.02181976
0.08471736
-0.16436909
-0.00595580
-0.05873441
0.10413117
-0.09213677
-0.01555471
-0.04069775
-0.09497982
-0.00582436
0.08480524
0.03793922
0.03618638
-0.13821948
-0.03844168
-0.12702736
-0.07597026
0.00828123
0.04843590
0.14251074
0.08316340
-0.14351612
-0.01027690
0.04827236
0.03670149
-0.14489785
-0.03199622
0.03506162
-0.04922676
0.02025168
0.01275869
-0.11896204
-0.00267946
-0.00370653
0.00589846
0.06065665
-0.02957647
-0.14064941
0.00318877
0.06852284
-0.05383382
-0.13384864
0.15419233
0.05180431
-0.05939100
0.00868241
0.00779363
0.00581285
0.01218726
-0.04733200
0.02465409
0.06036500
-0.08085231
-0.07191993
0.06238233
0.00673911
0.06503503
-0.02660560
0.10318576
0.07330844
-0.03767437
0.00228597
0.04657494
-0.03735249
-0.02997900
-0.01032501
0.04159193
-0.02228135
0.06214456
-0.00701255
0.05789807
-0.00648610
0.05654131
0.06877250
0.00590421
-0.04283100
0.01712796
-0.05672785
-0.03009666
-0.05534598
0.06409787
-0.05794362
0.03623268
0.05393458
-0.04466439
0.00134115
0.04028803
-0.05029473
0.03088282
-0.00546583
-0.02290244
-0.06462589
0.02325472
0.01161739
0.03439278
0.02440873
-0.05134710
-0.02915797
-0.08753654
0.02492812
0.07580047
-0.01961062
0.05684341
-0.01481064
-0.10388970
-0.04389570
-0.02611697
0.02468559
-0.08565301
0.02175197
0.12142272
0.02564068
-0.01565151
-0.09743451
-0.02826815
0.14146590
-0.05841284
-0.08201382
0.03337705
0.06404823
0.14469767
-0.06834623
-0.13863102
0.05375179
-0.01727883
-0.00950618
-0.06816444
0.00309966
-0.12014374
0.09693916
-0.08168375
0.16484521
-0.05864764
0.08606394
-0.04307608
0.01370517
-0.03029318
0.08748952
-0.05149240
0.00737201
-0.09142643
-0.30184177
-0.06462012
-0.03298213
-0.18273449
0.01695651
0.03505787
-0.13360882
-0.15833683
0.06936646
0.00050327
0.03115972
-0.02212910
0.07174984
0.09827860
-0.02936116
0.04757363
-0.03559958
-0.01187625
-0.04477752
0.00690605
0.04598495
-0.02130665
0.00840469
0.00344658
0.05695942
0.05474040
-0.00782830
0.10286781
-0.00203672
-0.03959244
-0.01942886
-0.00905796
-0.12101270
0.06375245
-0.01171697
-0.03870827
0.12109941
-0.14029153
-0.25048137
0.05391879
-0.04139929
-0.08224798
-0.20072626
-0.16588926
-0.05364454
-0.05922160
-0.06736007
-0.05161361
0.08540224
0.02969986
-0.06188809
0.00890096
-0.04257295
0.09442642
0.02259153
-0.08713347
0.08569795
0.14002214
0.19491147
0.11332993
0.01969684
-0.07224067
-0.06366074
-0.00523236
0.01678221
-0.02326076
-0.02409229
-0.00229315
0.02433813
0.02900529
0.02113366
0.04761583
0.12222849
-0.14400369
-0.03607236
0.02920631
0.10571051
0.03444829
0.10241035
0.08665701
0.04774066
0.01483905
0.00827556
-0.02481438
-0.05910118
-0.05360137
-0.04615406
0.06073406
-0.16395330
-0.00059039
-0.06880145
-0.03309617
-0.05720441
0.03785408
0.04089338
0.03276119
0.09452255
-0.09622108
0.04066431
-0.00492926
0.01432168
-0.03285189
-0.05600484
-0.04388869
-0.03473661
-0.01247369
-0.06846192
0.00466179
0.00187629
0.04275560
0.01433180
-0.03103898
0.09750064
-0.07748283
-0.04513332
-0.04034918
0.03748039
0.03390100
-0.03759792
0.00502233
-0.08415306
0.00458393
0.01602314
0.05418427
-0.01053853
-0.11757478
-0.04247522
0.03596039
0.09460223
0.00201253
-0.05388067
-0.00839881
0.06917338
0.03720769
-0.03580769
-0.03475413
-0.03339016
-0.04772450
-0.00121982
0.07917907
-0.05387813
-0.01651759
0.03633041
-0.13601588
-0.04658990
0.02475417
-0.03956629
-0.04356067
-0.03562448
0.02940311
0.08662621
0.05410467
0.04452446
0.06159187
-0.08206569
-0.10985286
0.04999983
-0.01138002
0.03168544
0.00675192
-0.02321810
-0.08833595
0.08524731
0.00146169
-0.02805435
0.11101335
-0.17737287
0.02285500
0.01870175
-0.10195217
-0.02614811
0.11016050
0.03719950
0.05825290
0.05061577
-0.06699767
-0.16587904
0.15083113
0.12169742
-0.00214143
-0.15513781
0.01971305
-0.13574016
0.05781276
0.06622344
0.18475235
0.01295255
0.01033205
0.12194920
0.00816836
-0.07698201
-0.05629875
0.01171334
-0.06275593
-0.02079874
-0.08250631
0.09577239
-0.00119243
0.21108308
0.06946186
-0.03378743
0.06669781
-0.11978672
-0.06955186
-0.04887896
-0.13782467
-0.21709909
0.04087490
0.11373885
-0.03974537
-0.00615115
0.08695601
0.09497049
-0.05223200
0.13432497
0.03791126
-0.19906388
-0.12206215
0.00157741
0.06002214
-0.10808589
0.00553281
0.06121632
0.18547848
-0.05689983
-0.27359888
0.02079734
-0.02960830
0.07250296
0.11281586
-0.06956720
-0.02623089
0.02457147
-0.12664628
-0.14893080
-0.05351879
-0.17554329
-0.17944457
-0.13040780
0.03901227
-0.01614454
0.00107237
-0.12230920
-0.03777038
0.17859475
0.00078606
-0.07508323
-0.05360244
0.04699324
-0.09947032
-0.05758402
-0.07730045
-0.04202025
-0.13994773
0.06081583
0.16885936
0.04263435
-0.06574883
-0.21782756
-0.25379160
-0.17593504
-0.00602766
-0.02290507
0.14490823
-0.00733086
-0.05418239
0.09272522
0.09599333
-0.11264300
-0.04215271
0.10103381
-0.19325231
-0.08855236
-0.02202306
-0.06931572
-0.13280219
-0.09575788
0.06530591
0.03614625
-0.20005980
0.01512452
-0.02626983
0.05993973
-0.00921937
-0.06604293
0.06072894
-0.06629504
0.01275315
-0.06950922
0.03515823
0.01654373
-0.05233746
0.00504087
0.03868088
0.04477439
0.01293637
0.04109199
-0.03209541
0.01510415
0.04208371
-0.03043440
0.04498641
0.07116657
0.00603026
0.03038206
-0.03781289
-0.07477518
0.04422784
0.03723826
0.02987641
-0.04718664
0.03340795
0.03569813
0.00480104
0.07357047
-0.05514542
0.05987285
0.04182651
0.05881274
-0.00234012
-0.07270576
0.06687289
-0.07175933
-0.00524614
0.05698815
-0.02849993
0.01945111
0.02880475
-0.00864117
0.01708381
0.06914282
0.00533901
0.04966129
0.06927236
-0.06095271
-0.05550655
-0.04837724
-0.01348872
0.03364074
-0.00166013
-0.00189324
-0.01174270
0.05641108
0.02008102
-0.04343169
-0.04019117
-0.00679150
-0.00512974
0.06741744
0.01460471
0.01706230
0.04536404
0.08587499
-0.09300169
0.04658102
0.04854438
-0.01169222
0.01117890
-0.01657891
-0.03686444
-0.09313495
-0.02939568
-0.04992673
-0.05429149
-0.02375229
0.05043269
-0.08425128
-0.06693334
0.01812945
-0.11064562
-0.00190164
0.01005299
0.11848464
0.03883669
-0.09636414
0.06724936
-0.28790995
0.03321974
0.04732575
0.01975589
-0.06901531
0.02351022
-0.01516078
0.06892838
0.11480480
-0.05231543
-0.05630724
-0.05515618
0.10498264
-0.06285394
-0.06140552
0.01756635
0.01317377
-0.04047412
0.04603294
0.10159821
-0.03313683
-0.03307852
0.10834187
-0.01172537
0.04213634
-0.03510182
-0.06323177
0.02385362
-0.08331572
0.01594121
0.06836196
0.02865809
0.07130709
-0.00500462
-0.10055904
-0.07193948
0.05563459
0.01705915
0.02286044
-0.00481224
-0.13744643
0.12239020
-0.02287671
-0.02445126
-0.05832245
0.10351551
0.13950886
-0.06079750
0.03894635
-0.00504660
0.05299248
0.15958029
0.02942603
-0.00081816
-0.03024993
0.01440814
0.06241769
-0.03919734
0.05085144
0.02264779
0.01195397
0.07197141
-0.07658378
0.01716389
-0.06852186
-0.03968527
-0.07689430
0.13398312
0.08429483
0.05123080
-0.00961226
0.03043114
-0.13547406
-0.06134145
0.14410865
-0.05416309
0.01706312
0.02593642
0.12480558
-0.09531064
-0.09803075
-0.03157051
-0.07578555
-0.12307391
0.00049563
0.12139609
-0.08526977
0.03566052
0.15461399
0.03127038
-0.00342917
0.06031980
0.04865151
-0.13078153
0.02133860
0.12351087
-0.01775018
-0.07367423
-0.07457043
0.17097530
-0.03748158
-0.01224678
0.07567821
-0.03475296
-0.04788863
0.03739762
-0.04327483
-0.03715618
0.02828119
-0.01625112
-0.12935062
-0.06911091
-0.01234955
0.05087791
0.04545066
-0.00594604
-0.11174246
0.00206526
-0.03188542
-0.08619130
0.04297946
0.01675900
-0.00855094
-0.10113348
-0.00160861
0.04707846
-0.00908979
-0.03760177
-0.03697990
0.08118574
0.02219099
0.02686331
-0.03067235
-0.02010815
-0.01170882
0.01972181
-0.11210681
0.00773617
0.01014116
-0.10234690
-0.04533332
-0.06393273
-0.10602019
0.11612644
0.11089046
-0.03289016
-0.06290146
-0.03202384
0.03830170
-0.13289443
-0.00450464
-0.06847554
-0.02352255
0.02718543
-0.06940405
-0.01224408
0.04297034
-0.07021888
-0.08112109
0.11384794
-0.06562681
-0.06000392
-0.01982497
-0.05645658
0.06858824
-0.03512866
0.00424517
-0.13498668
-0.09074535
0.10939591
-0.00790925
0.04557638
-0.16781244
0.01076727
0.08157726
-0.04941984
-0.07676326
0.06332204
-0.06654571
0.11321778
0.05748165
0.12481613
0.02389281
0.06656796
-0.15895228
0.01573111
0.07569434
-0.03232738
-0.12817560
0.03898681
0.09606593
-0.02991848
-0.03885885
0.10924880
-0.04221550
0.03069648
0.08489738
0.08163137
-0.08231699
-0.04567487
-0.25841165
-0.01861376
-0.00058806
0.00564301
-0.01459496
-0.07027315
0.09755556
-0.07235982
-0.03177024
0.07449784
-0.11742371
-0.04484180
-0.11681106
-0.00516700
-0.16564547
0.09354946
-0.04250520
-0.14166766
-0.04772200
0.10924320
0.10617751
-0.00484274
-0.01956472
0.02347227
0.02056463
0.01431412
0.08771561
-0.02030798
-0.11505399
-0.05145513
0.08251519
0.01123541
-0.04628200
-0.00964673
-0.04798282
-0.03235640
-0.04792333
-0.08390275
-0.18360876
0.05709602
-0.10622625
-0.04028320
-0.03019555
-0.08238113
-0.12980320
-0.13219151
-0.01785464
-0.05201338
0.11105335
-0.06212186
-0.04970052
-0.11538470
0.06325687
-0.00036427
0.06328471
-0.23773921
-0.05708341
-0.00866162
0.12209239
0.01892879
-0.16201459
0.00872644
-0.02346264
0.14382237
-0.00472679
-0.09725853
0.02258770
-0.04757075
0.01886522
-0.06713248
-0.14335330
0.15705591
0.12410327
-0.07275826
-0.08089311
0.07668012
0.13396381
-0.09738937
-0.01913989
0.05761775
-0.09939341
-0.00589311
-0.03195649
-0.17209205
-0.09667495
-0.10497977
0.03754608
0.11234629
0.09898309
0.08617340
-0.10142931
-0.01318416
0.04567474
0.01973296
0.02213995
-0.08874986
0.00503345
0.12262134
-0.03086625
-0.02642394
-0.12545359
0.01716417
-0.01510287
-0.00150128
-0.07945848
0.04087455
0.06709170
0.16480362
0.11230546
0.04257275
0.00707954
-0.01255582
-0.02302532
-0.02430222
0.11977395
-0.08221280
-0.00725984
0.06786794
0.08311695
-0.17169069
-0.05666834
0.00632594
-0.01642407
0.04188104
0.04364041
0.01448660
-0.02903683
-0.08585157
-0.10512871
-0.05031850
0.06827699
-0.06083642
0.00979788
-0.02351834
-0.05507820
0.02631741
0.09891619
0.07458463
0.07347073
-0.00814839
0.06115291
0.15357162
-0.04649335
0.00858541
-0.10096249
0.10942948
-0.01649706
-0.10669158
0.11886059
-0.08927782
0.04781135
0.01981298
-0.09046199
0.11883575
0.04862085
0.06726965
0.01680841
-0.03634118
-0.02851874
-0.12083735
-0.05196782
-0.06436472
0.00112712
-0.05713307
-0.07163081
-0.08957500
-0.14125694
-0.01007722
-0.06350793
-0.06497687
0.02206816
0.04898725
-0.10550724
0.00262922
0.07486120
0.04105449
0.00174742
0.13225511
0.01309087
0.13301449
-0.06973655
0.00365769
-0.01988442
0.12586841
-0.10524583
0.08077393
0.03549340
-0.13114630
0.01659012
0.10397081
0.05657729
0.02191542
-0.05440433
-0.04893237
0.07722996
0.05819833
-0.00341059
0.02145239
0.15732664
0.07676899
-0.05330204
-0.03205626
-0.02343000
-0.05106942
-0.10625228
-0.12705047
-0.04859363
-0.03228880
0.10560816
-0.06406654
0.03107428
-0.00546539
0.07784243
0.02655214
0.00247035
-0.06467137
-0.04437539
-0.04347667
0.17695649
-0.11592943
-0.08160432
0.00566243
0.03582956
0.03069803
0.05703469
0.04620324
-0.08154205
0.00961208
-0.08184703
-0.11786290
0.09397815
0.00527618
-0.05644790
0.06012155
0.04523451
0.08079477
0.02349418
0.00834605
-0.05119462
-0.01165786
0.05474121
-0.05050958
-0.02859426
-0.00995031
0.05638300
-0.00940173
-0.02049371
-0.06271213
-0.08358565
-0.01952098
-0.10779053
0.05018542
0.05951770
-0.10655532
-0.01991932
0.02185206
-0.11364494
-0.00028389
0.05473807
-0.00493092
-0.00159524
-0.07442170
-0.12084295
-0.06213367
-0.00818312
0.02027255
0.05596488
-0.01772572
0.00263230
0.06116524
0.02326917
-0.05132954
-0.02136456
-0.08775257
-0.01569465
0.01795251
0.05627982
-0.00911683
-0.01734582
0.08083165
0.06784834
0.02453833
-0.06594791
-0.04779555
0.10423731
0.01337323
-0.06103922
-0.04259578
-0.00174903
-0.05101262
0.02323544
0.05939341
0.05975609
0.03108615
-0.12668933
0.00515250
-0.13112049
0.11477001
0.04048309
-0.03161833
0.04144708
-0.01406746
-0.05804446
0.05446436
0.00816529
-0.02699693
0.00717993
0.01257102
0.04256926
0.06516124
0.04829310
-0.10571419
-0.04586428
-0.06209980
-0.04835329
-0.01134670
0.00463437
0.02443429
-0.00988661
0.02837330
-0.03717195
0.01326947
0.08024133
0.00140348
0.02357825
-0.01390090
-0.05469785
-0.08484571
0.05418872
-0.03511000
0.11137124
-0.01591307
0.02243747
0.07988409
-0.05767610
0.05585735
0.06412648
0.03814583
0.01553124
-0.05603855
-0.02284854
-0.04377670
0.03791292
0.00037877
-0.11032343
0.02928863
-0.10931456
-0.00389423
0.03132786
0.00763036
-0.05691777
-0.04500814
0.05790143
-0.04684053
-0.05120433
-0.05570369
-0.03254480
0.02330909
0.07436036
-0.03334023
0.00983196
-0.05107554
0.08642543
-0.04221246
-0.12967885
-0.11103726
-0.18399435
0.00159255
-0.00597964
-0.09654389
-0.11170357
-0.03347610
-0.00362382
-0.04463206
-0.04556144
0.00991848
0.05964919
-0.06915143
-0.00807227
-0.07080404
-0.12384713
-0.07520688
0.00777533
0.07669276
0.03234202
-0.08150315
-0.03788294
0.11124913
0.02525301
-0.06934429
-0.07718104
0.12871891
-0.01906100
-0.06602536
0.08066307
0.06022699
0.03552812
0.07834446
0.13394347
-0.00909380
0.00768868
-0.11004090
-0.02030087
-0.10319938
0.12540992
-0.01240142
0.04997529
-0.11816365
0.00201143
0.01613565
0.00746620
0.02211600
0.09858470
-0.00428372
-0.01770120
-0.06075113
-0.01169776
0.02917423
-0.01748822
0.02125280
-0.00913300
0.04911082
-0.04824236
-0.04951581
-0.07458940
0.10233679
-0.04747931
-0.04117928
-0.03191057
0.05012064
0.01077564
0.05248722
-0.04189919
0.03385262
-0.02450361
-0.04040407
-0.04103187
0.03349828
0.07590554
-0.12364957
-0.05611242
-0.05017556
-0.01736921
0.00793183
0.07805029
-0.08203077
-0.00211272
-0.03157362
-0.08982467
-0.07027733
0.08063358
0.16708332
0.01064855
0.01668288
-0.08179929
-0.03552844
-0.00517539
0.01578614
-0.02605040
-0.06089661
0.04323628
0.05034483
-0.01031231
0.02882274
-0.03694009
0.08632785
-0.02945981
-0.11690342
0.02963857
-0.04290744
0.06468707
0.05208431
-0.05878444
0.00223626
0.00321279
0.05239273
0.01369882
-0.03177449
0.02554517
-0.01013474
0.07522865
0.08189777
-0.03815674
0.05531444
0.00354549
-0.02564199
-0.09520768
-0.04781508
-0.09934600
-0.00995885
0.00947228
-0.08957425
-0.06769469
-0.08686772
-0.03728543
0.05722369
0.03446961
0.01568054
0.06843279
-0.02717737
-0.00891187
0.03422444
0.10667772
-0.17411701
-0.08240045
0.02903445
0.10782997
0.05410433
0.02869538
-0.04416544
-0.05148834
0.05815240
-0.07296994
-0.10861883
0.11478554
0.09587615
-0.04836759
-0.03921961
-0.10012398
0.06246054
0.09898610
-0.02843943
-0.01675823
-0.00286900
0.03759957
-0.02606240
-0.07180973
0.02873277
-0.02681956
-0.00066121
0.05287700
-0.02615811
0.01888193
-0.02769043
0.08687568
0.11769947
-0.01673700
0.09153704
-0.09742875
0.08123860
0.07251181
-0.03411238
0.04487189
-0.06233297
0.00476935
-0.03582329
-0.00149068
-0.01436860
0.03561085
0.06340417
-0.13432546
0.01434397
0.04228199
-0.03239884
0.01092850
0.06892799
-0.02617700
-0.01819766
0.00272702
-0.06276853
-0.09558241
0.09196875
0.04900732
0.06368066
0.01070687
-0.04025821
0.01561774
0.12381485
-0.06860092
0.11265051
0.05374112
-0.09840012
0.05393935
-0.03197068
-0.05818800
-0.03228501
0.00668235
-0.08111489
-0.02613670
-0.00345099
0.05125079
-0.03018226
0.11045463
0.03604832
-0.02579185
-0.05168982
0.02223587
0.00075517
-0.07207710
-0.08315665
-0.08897330
0.00837843
0.02410613
0.00421492
-0.05083219
0.08032335
0.01280467
0.03988082
0.05410564
-0.02864764
0.02846172
0.04211260
0.04610779
-0.11225925
-0.01182797
0.00375270
0.08100664
0.03947790
0.06001543
0.01418913
0.06874342
0.05805922
0.00191391
-0.04353718
-0.04082917
-0.01302002
0.04210707
0.04141400
0.08111171
0.05083692
-0.06776331
0.08206416
0.01242097
0.05296959
-0.06584728
0.04135763
0.02690535
-0.01967644
-0.10502736
0.05051120
0.07138330
-0.10335334
-0.00200549
0.08881989
0.07830533
-0.06781945
-0.02679510
0.00501235
0.00142131
-0.09826957
-0.01967193
-0.01687777
0.04568430
0.11117123
-0.01920768
-0.05161010
-0.04467161
-0.02266433
-0.05167974
-0.01200180
-0.02782977
0.00679879
-0.02600830
0.04103955
0.02055890
-0.05609008
-0.02372259
0.01104129
0.04953818
0.01093366
0.04874236
-0.08251698
-0.05677095
0.05466401
-0.01855959
-0.00813032
-0.02406378
0.01556269
0.01425769
0.04573163
-0.03563794
-0.13771449
0.01378245
-0.03152922
-0.02237877
-0.07836218
0.04129463
0.05241742
-0.00029225
-0.03577675
-0.05169383
0.04495243
-0.04564180
0.08003552
0.04256169
0.04044938
-0.04546273
-0.07419981
-0.11253282
-0.06990627
0.01832650
0.00620123
-0.06350440
0.04061265
-0.02431838
-0.01060227
-0.03742395
0.07264931
0.05206564
-0.06783163
0.05768210
0.04836111
-0.03465034
0.03272965
0.01419086
0.05513114
0.10784376
0.07727531
0.02158328
0.00974089
0.03765628
-0.02941001
0.00588355
-0.02075270
-0.02146069
-0.03417872
0.03362055
-0.05985466
-0.01338182
-0.07057305
-0.08884849
-0.03235251
-0.11481657
0.00353550
0.01113492
-0.10377736
-0.08494096
-0.00771833
0.06279844
0.05114056
0.07591778
0.01133325
0.04019465
0.04253780
0.04345308
-0.15076973
0.00832211
0.13482448
0.03242883
-0.00808698
-0.14105611
-0.02475291
0.11160193
-0.00435477
-0.15840493
0.11002910
-0.00013032
0.11927756
0.05375319
-0.13866170
-0.03285757
0.00550184
0.06523281
-0.09427600
-0.02532027
-0.01340452
0.02745203
-0.03081422
0.06900278
-0.06826598
0.05508219
0.00911520
-0.11862666
0.00844517
0.11095824
0.00107697
-0.03577384
-0.01015511
-0.15706463
-0.00759169
0.16849236
-0.02736657
-0.04332160
0.00418231
-0.10242892
-0.03257303
0.03578314
0.00791845
0.03062854
0.01146022
0.04317801
0.16725872
-0.06157131
-0.00180626
-0.02675219
-0.02656658
0.01079989
-0.12944010
0.10666402
-0.04374798
-0.04776806
0.07588129
0.02480273
0.12802400
-0.00467144
0.01444183
0.03703154
0.00988931
-0.11179210
-0.14173828
0.03791134
0.00523310
0.05284875
-0.03139566
0.07584641
0.03998799
0.07799638
-0.02912188
-0.14632204
0.07670870
0.09682740
0.10451213
0.06240588
-0.00456602
-0.01026841
-0.04021913
-0.07808094
0.03905121
-0.01091207
-0.07532087
-0.04850167
0.02250367
-0.01136247
-0.10039234
0.05390542
-0.06054842
-0.08062214
0.01400004
0.16692363
0.00032205
-0.03037969
-0.05845537
-0.00950180
0.02368861
0.07409844
-0.02637033
-0.10711601
-0.07656650
-0.14885361
-0.09850444
0.07604489
0.03148853
-0.08886149
-0.07765172
-0.04084898
0.10470822
-0.05160963
-0.02175550
0.01463592
-0.11722782
-0.02281022
-0.01415952
0.11519302
-0.12442117
-0.03826732
0.22634499
0.02009830
-0.04305814
-0.09115756
0.06150876
0.00167576
-0.09639859
-0.08287045
0.07544395
-0.05632263
-0.08362509
0.06437792
0.01328711
-0.05625983
-0.06655148
-0.09671904
0.01910780
0.00023374
0.01961419
-0.01653482
-0.00301329
-0.08566899
-0.11035151
0.01450332
-0.08314481
0.06700838
0.11113323
0.06867182
-0.09725634
-0.03810847
0.00091024
-0.09019668
-0.03833185
0.00618481
0.06387708
0.02912680
-0.02890161
-0.04839700
0.05480971
-0.05055108
0.03087453
0.03348843
0.00357944
-0.04807981
-0.07195130
-0.01576978
-0.05089951
-0.03448622
0.01998911
0.09581780
-0.09829242
0.08940304
-0.01915771
-0.01856532
-0.03643077
0.00561941
0.02042911
-0.04836045
-0.04450916
-0.06906621
0.06921490
0.12351824
0.01530070
-0.07265570
0.04133889
-0.04633291
-0.07283097
0.13900070
-0.08079239
0.09709939
-0.00924441
-0.07130183
-0.02275231
0.07459408
-0.06656580
-0.03968729
-0.03534384
-0.01709054
-0.13149966
-0.13406678
-0.00226216
-0.05964296
-0.03483454
-0.00007039
-0.04084497
-0.01474010
0.03257224
-0.02410128
-0.06817741
-0.13627236
0.01993411
0.01379073
0.05600295
-0.09754993
-0.05542916
-0.01968928
0.06362113
-0.17460538
0.00138888
0.07079662
0.00251446
-0.06172087
0.04778162
0.04009537
-0.06589555
-0.04713632
0.00700426
-0.11991976
0.03002023
0.02404803
-0.08007243
0.12723926
-0.03386574
-0.06974696
-0.04607132
0.00235154
0.03972208
-0.08674958
-0.17375840
-0.02451573
0.00678813
-0.00646114
0.07584102
-0.07420132
-0.07551628
0.03007474
-0.02578839
0.01281196
-0.07676139
-0.12433556
-0.01048807
0.05124258
-0.00382092
-0.11499402
0.05981213
0.10321997
0.21148832
-0.01217490
-0.07970993
-0.03267698
0.00609420
-0.04829834
-0.07403793
-0.12188888
0.01273640
0.06722435
-0.16170137
-0.07863064
-0.17978950
-0.04246249
-0.09934065
-0.09394792
0.00780753
0.21561587
-0.02927770
-0.12967037
-0.13537773
0.08578920
-0.05369153
0.14056326
-0.10261746
0.03384881
-0.04775225
0.04720793
-0.03815052
-0.14661337
-0.05582517
0.03182522
0.10103997
0.08634006
-0.03675157
-0.11895206
0.07118177
0.04292988
0.03090818
-0.14105986
0.24471119
0.09506982
-0.03847207
0.10454330
0.12728834
0.23811117
0.06247006
0.10339742
0.00365968
-0.02895605
-0.07209380
-0.03778276
-0.18951105
0.02994783
-0.03689383
0.15510097
0.05487349
0.12979905
0.11023697
0.10898834
0.03911260
-0.01080059
0.01802692
0.06361919
0.08925275
-0.09404656
-0.06439161
-0.07407049
-0.01604059
0.10890087
0.01669355
-0.07325031
0.04354741
0.01602937
-0.03650566
-0.03631439
-0.21072537
-0.03533404
-0.12298197
-0.09207604
-0.06955784
0.12929119
-0.03074364
-0.13983388
-0.02403923
-0.00454108
0.00675422
0.05841633
-0.12339212
0.16527210
-0.07195644
0.11864939
-0.03683770
-0.14602354
-0.18452725
0.00833590
0.03881804
0.08275373
0.02750196
-0.00591233
0.01282790
-0.10923337
-0.05805823
-0.25388366
0.15351503
0.19299087
-0.15025564
0.01093682
0.09808794
0.19409968
-0.08503361
0.15406370
0.01710109
-0.07095584
-0.02000903
-0.10314413
-0.04425380
0.00384495
-0.08403716
0.06984695
0.02685094
0.11835913
0.00368548
-0.06037599
0.05665272
0.03797468
-0.13458575
-0.04653798
-0.17528184
-0.03832182
0.06082782
0.03320951
-0.04003912
-0.07740536
-0.11066186
0.18555841
0.02853816
-0.13281751
0.04746131
-0.05940705
0.13400884
0.03176525
0.00926198
-0.02077543
-0.03382639
-0.11628627
0.02221346
0.03274855
0.04147423
0.05693319
0.08437790
0.00015263
0.02207529
-0.00307711
0.00492505
0.04348573
0.03513579
0.00481617
-0.04131474
0.00850963
-0.07212184
-0.06570164
0.01026959
0.03399219
0.08405703
-0.03883602
0.04280614
0.02517268
-0.08644237
-0.03872294
0.00364538
-0.00976721
0.00747900
-0.05948370
0.04757509
-0.08831106
0.00940191
0.03939677
-0.03515930
-0.06914778
-0.00126183
-0.01796886
0.06224586
0.06243803
-0.11264848
-0.00353031
-0.02504840
0.11680610
-0.00766377
0.11249989
-0.09414969
0.05736073
-0.00714878
0.16136691
-0.14147155
0.00185986
-0.02216282
0.05162548
-0.00704312
0.06029837
-0.05924094
-0.03079995
-0.07888134
-0.01507396
-0.12438308
-0.09247492
-0.12289163
-0.06259646
-0.10541844
0.06967581
0.02982368
-0.13387735
-0.00635277
0.10063309
0.06210306
-0.10288028
0.04752522
-0.14988515
-0.02088864
-0.00684547
-0.01958019
-0.17559054
-0.08142071
-0.00815877
0.16888621
0.01647151
-0.01783018
-0.21283069
0.09789614
-0.01481273
-0.01027773
-0.08492780
0.10095487
0.11433388
-0.02274601
0.14429012
0.11494936
0.01430087
-0.07326880
0.04743755
-0.03110690
-0.02240205
-0.02053903
-0.04282778
-0.05852190
0.02201532
-0.03355773
0.01965829
-0.10742237
0.04976787
-0.00373751
0.06331004
-0.05864416
0.03800827
0.09409980
0.10140345
0.10354521
-0.09135359
0.06804860
0.00656080
-0.06233520
0.01789760
-0.03998713
-0.27586088
-0.02164667
-0.03184582
-0.10929331
0.00519868
0.01140586
-0.05040072
-0.15902488
-0.09653402
-0.05962337
0.11057100
-0.00607725
0.08474243
-0.11731412
-0.08555733
0.04112634
-0.10231709
-0.08606527
0.04978040
0.19041023
0.03753178
-0.04441793
0.07467020
-0.06229997
-0.05276734
-0.04362217
-0.00444450
-0.07072625
-0.04093603
-0.10143793
-0.05302479
-0.00131641
-0.09710435
0.14467734
0.04756298
-0.08012541
0.04416402
0.06686420
0.01884326
0.02283978
0.07229495
0.11890949
0.03046394
0.09239110
-0.03106032
-0.02327847
0.02937124
-0.05493468
0.06563009
-0.00750741
-0.14324744
-0.03656482
-0.03534827
-0.01949322
-0.07317326
-0.04117722
0.07128776
-0.00490983
-0.03413764
0.01016854
-0.04887938
0.01222421
0.05330186
-0.04586741
0.00628715
-0.11262492
-0.05818042
0.01084104
-0.01721472
-0.05329715
-0.00250261
0.09324594
0.03279597
0.01486912
-0.06010070
0.02636168
0.01458609
-0.00461012
0.02615016
-0.01043808
-0.01184221
0.01068760
-0.01180844
-0.00809344
0.05303807
-0.01454454
-0.02504748
-0.08548599
-0.04896904
-0.00455995
0.10711733
0.01224534
0.04860707
0.06735627
0.03500543
0.00389141
0.01274014
0.05083142
0.07540652
0.01791562
-0.10942661
-0.02954448
0.06833493
-0.06447550
-0.08208415
-0.04563951
0.05473338
0.01983237
-0.00240573
0.07544995
-0.00822173
-0.10491391
0.08147717
-0.00452290
-0.02892419
0.02030263
-0.06472093
-0.13569205
-0.02979044
0.08416872
0.05113504
0.01550307
0.03834070
0.01616026
-0.01344509
-0.03636696
-0.05447163
-0.08657993
0.03495021
-0.08015534
0.00827884
0.10355885
-0.03458995
0.08073952
-0.11773137
-0.14080867
-0.07959622
0.00849154
0.07407284
-0.11852338
-0.13283531
-0.01528431
0.01056268
-0.01417248
0.07131921
-0.18794887
0.01407361
-0.07348707
-0.05480927
0.01883852
0.05662794
-0.05133260
0.04299495
-0.01132578
-0.13669840
-0.13843319
0.06482617
-0.03400706
-0.01269815
0.03463450
-0.19977307
-0.09854801
0.15074414
0.00286372
-0.02925614
-0.06401034
0.20052692
0.09478841
-0.08661520
0.03771296
-0.02458358
-0.03642214
-0.01764649
-0.07807179
0.05338718
-0.02419225
-0.01821459
0.20002051
0.07481118
0.04292149
0.00243670
0.14240225
0.12879880
-0.02373029
-0.04257465
0.04912975
-0.01284844
0.03636339
-0.03261464
-0.04849396
-0.01865787
-0.06456163
-0.08893345
-0.01206486
0.01104542
-0.03317200
0.02929338
-0.05379487
0.02799959
-0.08559249
0.00043489
-0.03997352
0.00764756
0.05396184
0.05535448
0.03673760
-0.00634407
0.07997602
-0.01786408
-0.09071279
-0.03641708
0.14667338
0.09297102
0.04094243
0.01259514
-0.07260201
-0.02042801
-0.04107254
-0.03120910
-0.05106831
-0.00170649
-0.07852084
-0.03754530
-0.02347716
-0.03583696
0.00369607
0.03371396
-0.02274703
-0.02188929
0.05933326
0.06052021
0.11795946
0.07004602
0.09628277
-0.01641590
0.02681589
-0.01027138
-0.00971037
-0.00561711
-0.02767263
-0.02106838
-0.03305439
-0.07478777
-0.07134157
-0.02131229
-0.04847234
-0.01740382
0.05353876
0.04843147
-0.10348904
0.04716826
0.02775542
0.00357848
-0.06273484
-0.08434217
0.00359445
0.10099747
0.01618441
-0.10438105
0.12610586
0.07959966
0.10746895
0.02763258
-0.14159396
-0.06715126
0.00139316
-0.02454157
-0.00860390
0.06353618
-0.05058376
0.04561811
0.06179350
0.03008131
-0.07516536
0.04147747
-0.07010658
-0.05446360
0.06072811
0.17234443
0.07302602
0.00726336
-0.00249524
-0.11312831
0.02150224
0.06933817
0.00404339
0.02456070
-0.02538885
-0.13231944
-0.09314022
0.09539600
0.00001087
-0.07777015
-0.03644229
0.04114253
0.09779580
-0.06745519
0.01311284
-0.01656314
0.02191573
-0.00381342
0.01741775
0.08662683
-0.01929072
0.05301412
-0.05786155
-0.00777432
0.07136620
0.11941902
0.03583211
0.13999012
-0.09889317
-0.08970831
-0.03151120
-0.00599707
0.05099169
-0.02566135
-0.00853964
-0.01324583
-0.03704789
0.02642209
0.03116272
-0.03125852
0.21837939
-0.03213702
0.10589607
0.02309547
-0.09384783
-0.09146587
0.01793762
-0.07238299
-0.07836659
-0.02149460
-0.10496501
0.09363109
0.01039937
0.05232923
-0.08722293
-0.05971024
-0.00972693
-0.01724331
0.04973202
0.06305363
-0.02842344
-0.05037453
-0.00770774
-0.04151821
0.02288600
0.01467734
0.09268021
0.01040709
0.01468311
-0.19133365
-0.07075668
0.11459602
0.05356658
0.01137633
-0.00903288
-0.01926626
0.06356242
-0.03077449
0.00176185
0.02043721
-0.10807060
-0.00898071
-0.00574357
0.05444171
0.01705596
-0.05064317
0.06269035
0.05290583
0.11111956
-0.03048258
-0.05403356
0.05733860
-0.08414791
-0.03849648
-0.03511080
0.01597212
0.07338695
-0.06252361
-0.06875493
-0.13120225
-0.12340064
-0.01560703
-0.03756051
-0.11098516
0.10352675
-0.01440820
0.08605126
-0.04451997
-0.01659521
-0.04321977
0.02066824
-0.08552600
-0.06174479
0.02466351
-0.01623610
0.07530943
-0.02513593
0.10699016
-0.10736376
0.04988331
-0.02015366
-0.05633117
-0.05555706
0.09730345
-0.01284905
0.02422381
-0.08889279
-0.18245877
-0.10768490
0.12787028
0.02838962
0.09444056
-0.02462195
-0.03438227
-0.07812676
0.08877394
0.05021209
-0.05745468
-0.07947718
0.05358320
0.01969635
-0.07489347
0.02697927
-0.07524692
0.01142837
0.01338727
-0.11107458
-0.00291903
-0.08447384
-0.09324252
0.00868642
-0.06474394
0.06451358
0.03568587
0.00981655
0.05847790
-0.04204841
-0.06827770
0.04570948
0.04892223
0.01813570
-0.03714835
0.02387551
0.06210578
-0.04925401
-0.06437775
0.05287808
-0.00516923
-0.05403564
0.06066058
0.06725016
-0.00355383
0.00891973
-0.03507536
-0.02432660
-0.02170302
-0.04891175
-0.04079361
-0.05296290
0.04439599
0.04678390
0.00190247
0.03164729
-0.01134127
-0.03874914
0.03882930
-0.02203137
0.06109263
-0.06219487
-0.00864102
-0.03005776
-0.02909534
-0.01311614
-0.02596124
-0.02749665
-0.06510334
-0.05670449
0.02503607
-0.00191638
-0.01627414
0.01157378
0.02428092
-0.01204928
-0.06029058
0.03181462
0.00663858
0.04760151
0.03927699
0.00646176
0.02168184
-0.00089852
0.02597588
-0.06287801
0.04246884
0.00330029
-0.05365459
0.05085652
0.00949598
-0.02678245
0.08043037
0.05495881
-0.00987305
-0.20997405
0.08366315
0.06263445
0.02782509
0.00778532
-0.00032653
0.12713617
0.02620768
0.05194505
-0.02564089
-0.05465309
0.03265876
0.14821999
-0.02082274
0.10821311
0.05437061
0.05009753
-0.12844688
0.05571626
0.08911202
0.05427603
-0.03682997
0.00458696
-0.01820482
0.02803010
0.05483168
0.00696079
-0.04904884
0.02369372
0.09698851
0.00302601
0.01964172
-0.14392358
0.04258388
0.00711844
0.05950758
0.11344097
0.09228672
0.01891835
0.12539330
-0.11038689
0.02710563
0.01941856
-0.21618356
-0.07272773
-0.04188418
-0.07312923
-0.13671282
0.03980778
0.01532693
-0.14276867
0.03367291
0.10829466
-0.03051789
-0.02529762
0.00148671
0.09572551
-0.05123259
-0.03523367
-0.10761829
0.05623236
-0.03097911
0.00218126
0.05192108
-0.01057972
0.07317137
-0.08458722
0.02146149
-0.02045398
-0.00276115
-0.08755088
-0.13592160
-0.01022616
-0.07729200
-0.13542396
-0.07552391
-0.04146471
0.00453548
-0.03339855
0.06059267
0.01810108
0.08530035
0.11378801
0.05388244
0.04780576
0.02715684
-0.01259595
-0.00641211
0.11776559
-0.14906073
0.04241602
0.05389206
-0.01309627
-0.07350950
0.01570982
0.01574833
0.01807598
-0.05418254
-0.01983980
-0.14929326
0.10327975
-0.06920067
-0.02909911
0.05403871
-0.02142520
-0.12217642
-0.04980279
0.15514310
0.00338631
-0.09172767
0.01516574
0.14812669
0.04703776
0.04111251
0.01583391
0.09264605
-0.10282064
0.09270846
-0.00831371
0.06786162
-0.08423595
-0.05471019
-0.06436946
0.14021468
-0.12822102
0.00519589
-0.04599600
0.07708660
-0.01437413
0.03395062
0.01782452
0.08166365
-0.01897858
0.04708314
-0.03756846
-0.08003510
0.03550622
-0.08742370
-0.03264931
0.04174733
-0.01857450
-0.02817797
-0.01803176
0.06188438
-0.04166841
0.10858102
0.04018711
-0.02185519
-0.06326988
-0.03764837
0.00221578
0.07762975
-0.06522600
-0.07204928
0.07204211
0.04640516
0.00265486
-0.08391992
0.07494456
0.06389856
-0.00554080
-0.05839971
-0.08692697
0.02478405
0.09736468
-0.05704862
-0.01637270
0.02967706
-0.01102334
-0.02070978
-0.08682533
-0.06071788
-0.03377951
0.04106512
0.05048427
-0.04706318
-0.09181115
-0.03259558
-0.00699546
-0.03220175
-0.04537925
-0.00453804
-0.09137268
-0.08475230
0.10647682
0.06795054
-0.04522843
0.07703168
-0.05460664
0.04299353
-0.08278929
0.05453998
-0.10580982
0.00958176
-0.01511935
0.01966153
0.01608594
-0.06667674
-0.02073834
-0.09993743
-0.06089899
-0.05938504
0.02584706
0.04418804
-0.01149541
-0.07302002
0.01384107
0.03800803
0.04298537
-0.00466415
0.05384279
0.11179993
0.04465674
-0.02152841
0.02525016
0.03709635
0.01839004
0.02239106
0.15622893
0.04145748
-0.09524550
-0.02772545
0.05288529
-0.01482858
-0.06718049
0.00381352
0.02778116
0.01857050
0.11008360
0.01656468
-0.01933613
0.12172133
-0.02103016
-0.00226775
0.00812536
-0.06485073
0.00079228
-0.09852774
-0.02971216
-0.03052132
0.01204501
-0.03198558
0.00086311
0.00821377
-0.01277784
0.07319266
-0.01755560
-0.06841297
-0.00932649
-0.06159253
-0.06760413
0.02496323
-0.01490215
-0.12296426
0.01215976
-0.06683636
-0.01600839
-0.05826630
0.06259729
0.01618828
0.05083002
0.03005451
-0.07016817
-0.01086627
-0.05228409
-0.04317818
0.07097591
0.04860226
0.06940453
0.00905970
0.01734993
0.02438642
-0.01239166
-0.00896610
0.01945183
0.01884178
-0.00249554
-0.07566705
-0.05832677
-0.05483091
-0.00841365
0.04553722
-0.01509716
0.02184905
-0.09108025
-0.04586591
-0.04254322
0.04706290
-0.03400210
-0.04554170
-0.06213958
0.09554464
-0.00745712
-0.02078247
-0.00508418
0.05729647
-0.00784553
-0.03117813
0.01656148
-0.02164158
0.04341697
-0.04492525
-0.03369216
-0.02213181
-0.01787117
0.03512032
0.04400791
0.01212314
0.02272051
-0.06915987
0.00415031
-0.05558058
-0.03252596
-0.03608406
0.01252449
0.01923400
-0.04280745
0.02032490
0.03567894
0.06283728
-0.00131002
0.10006118
0.02905683
-0.04539023
-0.03627004
0.07794078
-0.10400701
-0.00839195
-0.11211827
-0.17798008
0.06826935
-0.05931910
-0.09196787
0.02198162
0.05022526
0.05089696
-0.05467582
-0.02887941
-0.10951704
-0.05320941
-0.07110801
0.02929418
0.05122215
0.07157183
0.04309970
-0.10071837
0.04920844
-0.02683543
-0.09424574
0.01289561
-0.10251696
0.06653348
0.04017559
-0.01885286
0.04486275
0.01317735
0.02880561
-0.01333863
-0.02139894
-0.11529137
0.00096335
-0.02439829
0.03490762
0.00186696
-0.00704658
0.03197026
-0.06633709
0.01756454
0.00422045
0.01377256
0.00032909
-0.08489518
-0.02817662
-0.10266966
-0.08570437
0.00499566
-0.02678256
0.07922495
-0.02684910
-0.09178650
-0.06580558
-0.01604174
0.09292018
-0.04465180
0.07258966
0.04064792
0.05653458
0.03896343
-0.07048500
-0.04490561
-0.00683996
-0.11047971
-0.01109933
-0.02881919
-0.05049997
-0.02563704
-0.02000633
-0.07422461
-0.12979941
-0.04297506
-0.02750799
0.10935271
-0.03066635
-0.12104343
-0.09351277
0.03806862
0.11519094
-0.03394884
-0.04863784
-0.01451459
0.06736192
0.02504818
0.06719936
0.03786560
0.03293947
0.01512598
0.08654733
-0.13082467
-0.09035289
-0.03522496
-0.00153618
-0.00392924
0.01688997
-0.07168141
0.09993191
0.10924140
-0.06922534
0.04513411
0.03618827
0.11695102
-0.00134216
-0.03457429
0.03988260
-0.07880297
0.06731275
0.00106143
-0.02901486
0.07805650
0.00128501
-0.03521215
0.08641873
-0.02030332
0.02607905
0.04982543
0.01472276
0.03170570
-0.08788740
0.07745970
0.00715063
0.00452109
-0.14156668
-0.02811198
-0.01609507
0.08864969
-0.01086148
0.11325771
-0.00477365
-0.00553356
-0.04667355
-0.04989865
0.01144033
-0.05379269
-0.04078802
-0.15353942
0.02688557
0.07173428
0.01377173
-0.07484316
0.01694661
0.03002466
0.00105947
0.00617058
-0.02593165
-0.03403526
-0.13186443
0.05680321
-0.05743409
-0.02628426
-0.05502241
-0.00221055
0.05778706
0.10332149
-0.10092073
-0.06789688
-0.03533419
-0.05253313
0.02650653
-0.07177703
0.05910550
0.09996066
0.00707944
0.12650403
0.04520465
0.03132899
0.02739394
-0.02579209
-0.07879853
-0.07953690
-0.02512257
0.01935335
-0.08068136
0.02106082
-0.08500753
0.08686724
0.00592987
0.09591372
0.06166742
0.05823186
0.00215797
0.01832335
0.02588006
0.05375222
0.02243058
0.09387819
-0.17946909
-0.01368474
-0.06987720
0.15760130
0.09381466
0.05721970
-0.06797367
-0.08433189
-0.06526741
-0.00074014
-0.15444501
0.00062449
-0.18472102
-0.26226875
-0.05409140
0.08708321
-0.04727510
-0.11579771
-0.05169670
0.04253080
0.03609052
-0.07329853
-0.09806266
0.10474236
-0.06225690
-0.05407682
-0.07154073
-0.19653763
-0.12630816
-0.04932870
0.15543115
0.16110323
-0.07226258
-0.04742599
0.04339128
0.01143856
-0.01860151
-0.03201460
0.03831659
0.20694469
-0.07711600
0.01148319
0.00212594
0.04504632
-0.07389053
-0.00895593
-0.07924979
-0.04495316
-0.14391007
-0.10405481
-0.10156643
-0.04984036
-0.03746833
-0.04085245
-0.02178639
0.05398871
0.04923581
0.05796293
-0.08302684
0.05212268
-0.01197146
-0.02899800
-0.06251123
-0.03321524
0.03269637
-0.03013068
-0.08343603
0.17206475
0.11440862
0.20792970
-0.04959322
-0.12762390
0.01472451
-0.12139542
0.18869823
-0.04791929
0.10004342
-0.08217125
0.01649762
0.05469367
-0.18283027
-0.01465558
-0.03406833
0.17844827
-0.02377127
0.16544428
-0.17074104
-0.03559648
-0.00734272
-0.09770753
0.01187973
0.15796427
-0.18667236
-0.05150251
-0.02687377
-0.00977412
0.04026359
0.02812786
0.18324858
0.00695586
-0.05670547
-0.33833519
-0.07062267
0.00344024
0.02216738
-0.05732010
-0.01091143
0.08389322
0.14317973
0.02876594
-0.16783954
0.01557098
-0.06501248
-0.06939983
-0.00269177
-0.06859780
-0.07005208
-0.10032442
0.16572322
0.08939202
-0.07253123
-0.20397705
0.00046709
0.08712152
-0.10718430
-0.11784315
0.07822132
0.01188825
-0.00152602
0.06052979
-0.02809176
0.15282787
-0.00624655
-0.00950754
-0.07499941
-0.15385140
0.05156380
-0.01923986
-0.07396562
-0.04953271
0.01891859
-0.08299332
-0.07202032
0.15488373
-0.08942746
-0.08470865
-0.06279708
0.01778506
0.04672232
0.10338687
-0.09030203
-0.10024497
-0.08875880
0.08227164
-0.04563504
0.04218112
-0.04243981
0.01767545
0.02300104
0.08955251
0.00368467
-0.01563063
0.03872775
-0.07740520
0.02876869
-0.14743091
-0.04837150
0.02218663
-0.01824548
0.02245948
0.08309484
0.10301954
-0.02352011
-0.00916372
-0.16366976
0.01461036
-0.03153624
0.00575446
0.00582726
-0.03263456
-0.08053406
0.00913745
0.05333043
0.01515627
0.09736072
-0.16203475
-0.10425133
0.07273426
-0.01675849
0.00603677
-0.12917882
0.01361665
-0.03031809
-0.01190295
-0.02564805
-0.08104415
0.07643362
0.01524881
-0.07954094
-0.17705302
-0.00844762
-0.05943358
0.16940965
-0.00327893
0.04908146
0.00657389
0.01459672
-0.07049683
0.01279008
0.09691279
0.06966425
-0.06102391
-0.02510064
-0.07075828
-0.06971588
0.00838155
0.12357449
-0.00052445
0.08912141
0.09339587
0.02502695
-0.04270263
-0.06578230
-0.06605083
-0.08996216
0.07205121
0.03323789
0.09228354
-0.06921410
-0.01324939
-0.01636930
-0.07624184
0.03156712
-0.18403234
-0.14216071
-0.01491155
0.00984618
-0.04347438
0.04799547
-0.00595970
-0.04320707
-0.07007635
0.01226734
0.04108285
0.01233105
0.04792303
0.07239851
-0.07261288
-0.02033666
-0.04522054
-0.06498478
0.07308348
0.02483970
-0.00508515
-0.10687890
-0.06301130
0.05923915
-0.03126449
-0.04605151
0.00811129
-0.07420054
0.06569941
-0.08781490
-0.06047355
0.04381162
0.05186826
-0.00834208
-0.01343540
0.14211072
0.02423509
-0.05786308
-0.13059190
0.02025967
0.05169366
0.03300389
0.01504669
-0.09102392
-0.00380603
0.11060474
-0.03650269
-0.00435446
0.02085891
0.00501896
0.03605144
-0.05889165
-0.04103566
-0.02598941
-0.02126625
0.05390414
0.00984025
0.18840349
0.04581471
0.00453019
0.11466803
-0.01786542
-0.01579039
0.07855228
-0.14486676
-0.01466679
0.01483247
-0.10358138
-0.10402744
0.02162280
-0.09667554
0.02068024
-0.03474486
0.08857729
-0.06792746
-0.03727265
-0.01755216
0.00257022
-0.08557712
-0.09437388
0.08150052
-0.10108376
-0.06126915
0.04271398
0.10135241
-0.02116448
0.17799491
-0.04254127
0.00766813
-0.06440253
0.00761016
-0.01149487
0.07195909
-0.00037160
-0.08033133
0.01878791
0.04446371
-0.02561910
-0.05702587
-0.20070508
0.08074294
-0.05374030
0.17716806
-0.04716339
0.04901506
-0.12258472
-0.04543931
-0.05882017
-0.00990476
-0.05334220
-0.00733101
0.05144330
0.10409378
-0.00473785
0.06760605
-0.01450843
0.02977735
-0.01667724
-0.04008197
-0.00745085
-0.02022933
-0.13377421
-0.11383513
-0.07954279
-0.02760193
0.02927733
-0.16419959
0.07417953
0.04501854
-0.07355947
0.03400093
-0.03635467
0.00824493
-0.09048031
0.02600600
-0.02334247
-0.03291523
0.00979387
-0.01794541
-0.06152596
-0.04595356
-0.03059109
0.12141953
0.11158248
-0.04194957
0.05743833
0.07056109
-0.02957424
0.06693684
-0.00987727
-0.03486441
0.04730058
-0.07673678
0.00754143
-0.02410995
0.04119258
0.02988697
-0.06759317
0.07785838
0.06632020
-0.02248605
0.06462978
-0.05742703
-0.00915594
-0.00284973
0.04382068
-0.06355889
0.02680057
0.04680771
0.00426197
0.05224429
-0.01714214
-0.05028985
0.04008123
-0.04238386
0.03440649
-0.03789178
-0.02555537
0.09901714
-0.02762111
-0.05958023
-0.00504344
0.05211548
-0.02271435
0.05467622
0.01630862
-0.00019994
-0.05934424
0.06127935
-0.07331763
0.04756860
0.04437647
0.08225987
-0.08417701
-0.03658099
0.06265005
-0.00755264
0.09407041
0.06098310
0.02037125
0.02555717
-0.06805944
-0.02500584
-0.01909603
-0.02290881
0.02463488
-0.09595042
0.00061141
-0.01363759
-0.18702011
0.00079913
0.06189276
-0.07934001
0.06910187
0.05438620
-0.06185312
-0.04448349
-0.03880911
0.09802672
-0.14946046
0.02141645
-0.05965403
-0.10711817
-0.04005957
0.04595418
-0.01070436
-0.12177133
0.02317703
0.08173239
-0.01544250
0.23243321
-0.05441373
0.03833167
0.00586352
0.09522703
-0.04933156
-0.00919854
-0.10203608
0.04141742
0.12827305
0.08874049
-0.13352433
0.01040058
-0.15845904
-0.04826285
0.00587839
0.06492008
0.11972370
0.10606153
0.01945243
-0.10289550
-0.03003440
-0.13547590
-0.13921100
-0.01292431
-0.04073430
-0.03104432
-0.02535436
0.09404906
0.04123119
-0.01415907
0.03590468
0.05152896
0.01032481
-0.04363400
-0.03833440
-0.15063766
-0.10849302
0.00423953
-0.01922340
0.17250161
0.06074794
-0.02096347
0.23850593
-0.05080064
-0.01220279
0.08516520
0.17283517
-0.17179224
0.15124792
-0.00967065
-0.05073917
0.07237040
0.05270100
0.03797682
-0.00448387
0.00114948
0.00214851
-0.02058251
0.07363987
-0.01079352
0.17500195
-0.13046026
-0.11177086
-0.15743616
-0.03665224
-0.06261272
0.01882760
-0.02400191
0.04113787
0.03054626
-0.04288450
-0.11522822
0.18348663
-0.05858790
0.01105305
-0.21037970
0.08728144
0.04861418
0.05027439
-0.08498576
-0.09132516
0.09202652
0.11719357
0.16774447
0.06570313
-0.00944972
-0.13392586
-0.03274578
-0.20199440
-0.15807913
-0.03701732
0.05754262
-0.06203262
-0.03402153
0.10682113
-0.01970648
-0.23567531
-0.07582895
-0.08473396
-0.02733845
-0.06076065
-0.11255743
0.09838139
-0.11925326
-0.14718555
0.06070131
-0.05604132
-0.12266461
0.00958987
-0.18110843
-0.12200870
0.01380168
-0.05532252
0.02369001
0.01588279
-0.07781272
0.03772563
-0.06203533
0.01232598
0.07660025
0.05126200
-0.01548707
0.02301792
-0.00707494
-0.01367841
-0.10680323
0.02486331
-0.06002680
0.05472193
0.07372035
0.02413516
0.06931885
0.04406726
-0.09834860
0.07217342
-0.00984402
0.09996197
0.02217942
-0.00735514
0.05832230
-0.01719559
-0.05347256
0.00027354
0.00209787
-0.02034354
0.05964375
-0.04377577
0.07490156
0.01753453
0.05120796
-0.00098861
-0.05021253
-0.01088491
-0.00893171
0.02346616
0.04463664
-0.02124466
0.01245954
0.00184425
-0.08011600
-0.07544213
-0.03703754
0.11924215
-0.07445838
0.01003352
0.10287812
0.14406325
-0.01395300
0.05002840
0.00773962
-0.06356518
-0.05270037
0.11666066
0.02467507
-0.06156864
0.08573647
0.06279507
0.06168551
-0.01833491
0.04907889
-0.13977841
0.09541022
-0.01345574
-0.12679504
-0.01155359
-0.07540094
-0.14401191
0.05142438
-0.05190296
0.03453047
-0.10750701
0.22989056
-0.15576917
-0.05257808
-0.03450998
0.05211539
-0.05948743
0.03762448
0.08667566
-0.00324717
-0.01221252
-0.00950503
0.07724690
-0.03725915
-0.06532685
0.02283663
-0.02391653
-0.09065480
0.04649007
-0.24061128
-0.00993200
-0.01488155
0.00137408
-0.17767936
-0.01799417
-0.08216710
0.11940981
0.06871737
-0.03957063
-0.07735288
0.04871149
-0.02540293
0.08074157
0.07370254
-0.01006108
-0.00950916
-0.05402318
-0.05288654
0.06721562
0.03688596
-0.13585763
0.01015140
0.16808245
-0.07481707
0.08719101
-0.04375120
-0.09310132
0.02038073
0.09386752
0.09367213
-0.00691788
-0.03292198
-0.04657329
0.05420567
-0.06142304
0.05488146
-0.02044138
-0.02017968
0.01454710
0.05946690
0.03093831
-0.10749524
0.05285522
-0.01814020
-0.05041050
0.15825656
-0.06433817
-0.08528021
0.07848700
0.02194769
0.03828959
-0.04695883
0.04922851
-0.02789315
-0.00198619
0.11041618
-0.02453600
0.10637872
-0.04956571
-0.01398310
-0.05710071
0.05369667
-0.04686482
0.12406041
0.10488597
-0.12283165
0.04645109
-0.03157032
-0.10725939
0.12882274
-0.13342977
0.09165269
-0.12303963
0.00833145
-0.05807858
-0.01829795
0.04135921
0.15671010
-0.10351627
0.03252426
0.00928894
-0.01142799
-0.02067840
0.01954878
-0.22925091
0.06555500
0.07148330
-0.07146308
0.16278745
-0.03141821
-0.00814506
0.03398308
-0.05344189
0.03377387
0.05859817
-0.05515410
-0.01429905
-0.00546137
-0.16530442
-0.04056605
0.04279945
0.01958778
-0.03897048
-0.12345430
0.01422563
-0.09847688
-0.20736398
-0.07696383
-0.01498734
0.02744629
-0.00143722
-0.10008628
-0.14212649
0.00460945
-0.01096621
0.06029164
-0.10674402
-0.16492811
0.04095371
0.00503358
0.00286925
0.09042982
0.05238270
0.03815470
0.05898105
-0.00413349
-0.03917015
-0.06179601
-0.02385168
-0.08089371
0.01252164
-0.06339356
-0.06820755
-0.03117929
-0.02211929
-0.03513185
-0.00221395
-0.02873711
0.01109034
0.06554870
-0.05292361
0.02065088
-0.05843665
0.02304463
-0.05091759
-0.05485734
-0.04043665
-0.07696526
-0.01203298
-0.01133652
0.00705082
-0.00809863
0.00380620
-0.05831035
-0.09014548
-0.01728671
-0.01671090
-0.06001599
0.07746748
-0.03530859
-0.01285864
0.10373703
-0.18437150
0.04478841
-0.05579259
-0.07094207
0.02697676
-0.02958543
0.00726200
-0.04929378
-0.08690149
-0.09610042
-0.07408130
0.02165486
-0.01484141
-0.08007506
-0.00998856
0.07816499
-0.03816814
0.04342969
0.04191693
-0.01068138
-0.05021816
-0.01358722
0.13400806
0.01814383
0.04315465
-0.05863611
-0.03583880
-0.05259828
-0.06921265
-0.00836524
0.08836064
-0.05040195
-0.02503933
-0.01728988
-0.10892626
-0.03676601
-0.09668424
0.10880681
-0.05598443
-0.03451621
-0.13841565
0.05499958
0.03442393
0.12269893
-0.08791162
-0.06340608
0.04593061
-0.00300120
0.01983635
0.01023425
-0.01978413
0.04819575
-0.01745482
0.02432155
-0.13818412
0.09849702
-0.04285066
-0.11088150
-0.06064779
-0.10049180
0.01716326
-0.04941685
0.06360701
-0.10772963
0.02343840
-0.05416763
-0.08916710
0.03123756
0.03868226
0.00100058
0.01802857
0.00682217
-0.06911431
-0.13202775
0.05930084
-0.11873508
0.04679179
0.02355674
0.08471014
0.00403922
0.00609289
-0.01077652
0.08789686
-0.00713496
0.08907001
0.02273334
-0.02925794
0.08123603
0.04854902
-0.00807335
-0.01780707
-0.02055795
-0.00207325
-0.03768978
0.04148449
-0.03372772
-0.06323531
0.13898796
0.07337922
0.08529869
-0.06249203
0.04217655
0.00244665
0.07144615
-0.05388064
0.09755141
0.00279903
0.05643674
0.04531019
-0.07414382
0.03680124
-0.07762831
0.08145416
0.06961596
0.10275324
0.00173068
0.04345866
-0.06507391
-0.07972312
-0.07389270
0.12025007
-0.12535074
-0.06899670
-0.00711549
-0.03271371
-0.05671608
0.05199257
-0.05996371
0.02319595
-0.01715793
-0.04438757
0.07126677
-0.01466663
-0.07700394
0.06709442
0.01343713
-0.15000473
-0.17292362
-0.07441315
-0.10154137
0.12046115
0.01247112
-0.10651209
0.01313713
-0.06303430
0.03563087
0.07630762
-0.02741346
-0.01363947
-0.00838042
0.05604490
0.08237438
0.07630256
-0.08019642
0.04795905
-0.01061298
-0.08965512
-0.00965822
0.02532292
0.01308263
0.02976954
0.08646567
0.09767730
0.02309109
-0.04037939
-0.05850986
0.00965880
-0.06035503
0.03715303
0.11969905
0.02301645
0.01285105
-0.06132583
-0.04002429
0.09988832
0.04142500
0.10156494
0.03085803
0.12805828
-0.06549633
0.04177169
-0.04861175
-0.03210030
-0.04845289
-0.00412510
-0.03499382
-0.00786268
-0.08041851
0.03430482
-0.06949294
-0.05747217
-0.04856978
0.08934310
0.09128825
-0.00226894
0.12986347
-0.03049023
0.00408396
0.10064021
-0.09802406
0.05767132
-0.15374149
-0.04204931
-0.16538981
0.08251592
-0.03325906
0.10551064
-0.02898411
0.03289239
0.06022998
0.09733610
-0.03829829
0.13469359
0.03045395
0.00480623
0.01658686
-0.06973388
-0.02601466
0.02984088
-0.04675446
-0.10552859
0.05959319
0.03138721
0.01896896
0.02040350
0.01512876
0.15809734
0.03524389
-0.07041354
0.01480394
0.04990509
0.00424051
0.02343115
0.07998054
0.08675965
0.03961968
-0.10734860
-0.07610933
-0.04717408
0.05689029
0.01750991
-0.06944726
-0.00559721
-0.14092892
-0.07015160
-0.03882226
-0.15544403
-0.11556394
0.02905497
-0.15350065
0.06485624
-0.04961149
0.00271089
-0.06137502
-0.04189903
0.12510155
-0.08518045
-0.02167059
-0.06154260
0.01398102
-0.03853796
0.03938000
0.10987817
-0.09430848
-0.00891477
-0.08822104
-0.02067483
0.23556198
-0.06981371
-0.04799325
0.11890440
0.10348140
-0.04858354
0.01668426
-0.18127221
-0.10039844
-0.01637027
0.12413295
0.03366592
0.05366398
-0.00318992
0.04150571
0.05795182
0.01329053
0.06620770
0.07287963
0.11787540
-0.00075903
0.06349143
-0.16900297
-0.10734169
0.08517428
-0.10189132
-0.02436859
-0.11253038
0.01120368
0.13085507
-0.05266129
0.14133787
0.02053843
-0.07079652
-0.00104099
0.10487612
-0.11025325
-0.10656067
-0.07398175
-0.02579352
0.06522015
0.04611783
0.03189901
0.12173362
0.07912301
-0.01891867
0.02037421
-0.02245311
-0.01044576
-0.00991954
0.05136225
-0.03064676
-0.00259442
-0.10085089
0.00771684
0.04476136
0.01742713
0.06808423
-0.01387743
-0.00728847
-0.06935656
-0.19664738
-0.08709062
-0.00980127
0.04148570
-0.04903951
-0.00411418
-0.05839849
0.04492740
0.07234114
0.03716450
-0.04515726
-0.10307337
0.04411529
-0.02952267
0.01839723
0.05023555
0.05423775
-0.06774146
-0.02612436
-0.09270722
-0.05797198
-0.08384803
0.06131188
-0.08901723
0.00650804
-0.03691560
-0.09401630
-0.06023187
-0.10241998
0.01116967
-0.06231241
-0.05988711
0.02841472
0.08327947
0.07711110
0.00025355
-0.07677236
-0.02068644
-0.07089959
-0.01987583
0.03870479
0.02362915
0.02716675
0.06865805
0.04874141
0.00598532
0.03151805
0.06986310
-0.07868034
-0.04838625
-0.04302984
0.00746030
-0.04710588
-0.03301537
0.01669598
0.10172969
-0.07874924
-0.02600943
-0.03124474
-0.11114895
-0.06221174
-0.05810574
0.04443077
-0.03169036
0.00608026
0.11411032
0.04874338
0.17355333
0.10189022
0.07414459
0.01487534
0.06479570
0.10375697
-0.01784207
0.00982176
0.14633089
0.02269060
0.03318320
-0.07306118
0.16555451
-0.00980821
0.01037469
0.02814622
0.12263321
0.06361585
0.08303669
-0.06349611
-0.05772638
0.00062262
0.04436487
0.04178616
0.08574601
-0.02957674
-0.13203995
-0.01208863
0.08192146
0.08677634
-0.00534173
-0.00152108
0.05635138
0.06662416
-0.04248115
-0.06460848
-0.10735294
-0.08258259
-0.01355101
0.07068682
0.04410381
0.05004194
-0.02101715
0.09717092
0.04166950
-0.00314746
0.12466897
0.01797104
-0.13561051
0.14766234
-0.03347524
-0.04905831
0.00359768
-0.14573790
-0.02015895
-0.06395911
-0.04431624
-0.01096922
0.13866496
-0.04636336
0.09144667
-0.00764787
-0.13221075
-0.03251602
-0.06788424
0.03221808
0.02405895
0.11291589
-0.05662568
0.04407411
0.06777972
0.09625175
-0.07757369
-0.10599878
0.04337420
0.12605633
-0.24769379
0.08819600
-0.01462915
-0.09286436
-0.05074357
0.00126489
-0.01613558
-0.18644792
-0.08988760
-0.03902141
0.02007809
-0.12447275
-0.07178299
-0.08838998
0.11388046
-0.08180469
-0.02345695
0.01299658
-0.09374712
0.09433480
-0.10783415
0.03563927
-0.01138427
-0.00547759
0.02348074
0.04590281
-0.08803064
-0.08372642
-0.08237142
0.04044700
-0.04808049
-0.24110512
0.09493405
-0.00729319
-0.04865583
-0.04905069
-0.09374813
-0.03863986
-0.02686698
0.06048983
-0.04214686
0.14805327
0.02096272
-0.03421290
0.13136525
-0.01292604
0.09766626
0.07186081
-0.03981610
-0.01300571
-0.11007798
-0.04073381
-0.13214727
0.11429504
0.01569837
0.16394292
-0.02102106
-0.03302781
-0.02623110
-0.03267933
0.07182659
0.03102478
0.06179532
-0.04364308
0.01219960
0.06560595
-0.03965708
0.09149381
-0.05139662
-0.04336954
-0.00034305
0.09746653
0.01413603
-0.01973332
0.13567044
0.10839855
0.07250027
-0.11168126
0.04796808
-0.08728454
-0.01529701
-0.03738790
0.09750394
0.12038659
-0.02508718
-0.05007462
-0.07570022
-0.00736018
0.04903827
0.01373144
0.06136018
0.02778798
-0.04275908
-0.08117317
0.06196353
-0.15667698
-0.00420725
0.11925136
-0.18947519
0.00801726
0.06077928
0.04821201
-0.05469403
-0.03735878
-0.02813340
-0.08159103
-0.02958002
-0.08789747
-0.10523960
-0.06862208
-0.02366732
-0.11787357
-0.02695429
-0.05385304
0.04169393
0.03020227
0.04233830
-0.17953800
-0.07239819
-0.09345162
0.07001607
-0.05994318
0.03194470
-0.00474524
-0.02659130
-0.00738115
-0.03012583
0.07129241
-0.00341020
-0.02448826
-0.03456831
-0.05204150
0.11411506
-0.02160612
-0.16017248
-0.11452703
0.02255208
0.00028314
-0.16369291
-0.09516478
-0.19894947
0.01243859
-0.04291429
0.03924744
-0.08213259
0.05417203
0.03896194
0.07394196
0.03716962
-0.02789724
-0.11664464
0.13216624
-0.07034558
-0.06841724
0.00534420
-0.05991620
0.02599255
0.01916184
-0.02299042
0.08173027
0.06958370
-0.11292659
0.04452621
-0.01260928
-0.20493959
0.18763816
-0.03502487
-0.01226400
0.14272240
0.21106245
-0.18183631
-0.01916237
0.13065492
0.04917581
0.03145797
0.01639170
-0.02964406
0.16506031
-0.20067887
-0.06429327
-0.06261521
-0.03406234
-0.01289857
-0.00610332
-0.13077202
0.06360640
0.17273465
-0.17811158
0.02468960
0.03773829
0.12164095
0.01859574
-0.16074435
-0.08042804
-0.06021493
0.07341539
0.07017353
0.01867571
0.08402320
0.21310651
0.00116239
0.00885111
0.08560196
-0.17501274
0.03709491
-0.12090102
-0.02680110
0.08717092
0.15602249
0.09606565
-0.06422043
0.07453134
-0.00291858
-0.06928242
-0.08283711
0.08232559
-0.00105365
0.00179172
-0.21928103
0.02767762
-0.07027753
-0.05631992
-0.07026476
0.07055099
-0.02456046
-0.08650921
-0.14559712
0.01306141
0.02900238
-0.04274151
0.03102590
-0.06752583
0.01573667
-0.00046111
0.01276260
0.01122749
0.07509647
0.02115172
-0.05194629
0.07139012
-0.02612023
0.04990638
-0.02585661
0.05692816
0.05359158
0.06751632
-0.06954975
-0.02596495
-0.02799443
0.02549301
-0.00111004
-0.05253522
-0.05327749
0.03380321
-0.01660195
-0.02604958
0.01253340
0.04258531
-0.03046730
0.04596192
0.01391144
0.05392099
0.04713266
0.01369574
0.00250217
0.03545354
0.02107741
0.01512727
-0.04839659
-0.05340321
-0.05053455
-0.00093832
0.03806794
0.04072481
-0.07244077
0.04577349
0.04225764
0.02507280
-0.00596511
0.01144483
0.00696446
0.00666892
0.05455840
0.05200769
0.04474656
0.06257510
0.04685047
0.01067585
-0.00679445
0.03074383
-0.00682160
-0.09164602
-0.00500105
0.00234512
-0.04304564
-0.02879027
-0.11842622
0.03219240
-0.00205623
-0.05002931
0.05601066
0.04695682
0.08429250
0.08477919
-0.01395338
-0.02053449
-0.11420565
-0.04970676
-0.16418895
0.05301912
0.04163602
0.11057089
-0.06753074
0.03560282
-0.06274594
0.05218514
0.06573903
0.14026222
-0.06141897
-0.06611167
0.04331276
0.10712816
0.04116502
-0.01556111
0.02925206
-0.06064472
0.07649290
0.02415736
-0.05543413
0.05138778
0.09308849
0.04950209
0.05700115
-0.03825727
0.12459932
-0.00557023
0.03364409
-0.16606598
-0.01784161
0.13954403
0.01707018
-0.11708825
-0.00587617
-0.02314723
-0.04146873
0.09035552
-0.03331913
0.06110606
-0.03507579
-0.04760981
0.07803556
-0.10058459
-0.09797625
-0.02955160
-0.16397929
-0.08990423
0.02994534
0.05844282
0.00124460
-0.01979126
-0.06315111
-0.09917636
0.06897619
-0.09631930
-0.01159331
-0.02455716
-0.00754400
0.00945345
-0.05083966
-0.01779463
0.03681545
-0.09928769
0.19751775
0.09613307
0.10250883
-0.02040497
0.12011006
-0.05152683
-0.05483365
0.00827781
0.11184992
0.04446962
0.18448424
-0.06416393
0.01404195
-0.05385321
0.06256097
0.02838158
0.10429395
-0.03227950
0.08572622
-0.03281130
-0.01595177
0.01229944
-0.06488908
-0.06398696
0.00614339
-0.04163048
0.07385212
-0.01667380
0.00434240
0.03249379
0.14469619
-0.04899574
0.05822096
-0.03936258
0.03528449
0.08011341
-0.12121434
-0.03284512
0.03515201
0.05752387
-0.03191690
-0.06858876
-0.10117443
0.03794276
0.08702625
0.05302219
0.13790998
0.05269744
0.05002629
-0.01497117
0.03894136
-0.02774312
0.02226949
-0.07206504
0.00516275
-0.02818158
-0.03969193
-0.07415201
0.02929569
-0.02600562
0.05543955
0.02511304
-0.03307010
-0.00973136
-0.00693975
0.04285161
-0.04822445
-0.00952485
-0.03781899
0.01381001
0.02902699
0.06069139
0.00789072
-0.06254630
0.01318911
-0.06724732
0.00029810
0.05378940
-0.04108377
-0.00438977
-0.03338123
-0.01605408
-0.06118243
-0.05616040
-0.04424091
-0.07768333
0.07354382
-0.04085065
0.08072262
0.11090275
0.06194127
0.03094104
0.02303226
-0.07773327
0.00555965
-0.03388475
-0.03339846
0.08237492
-0.00958413
-0.01567386
0.06281260
0.06834045
0.02896041
-0.07822613
-0.13154933
0.05302227
-0.04493864
-0.05454554
0.00175068
-0.04304038
0.02221497
0.04732492
0.13921456
-0.11647398
0.02797708
-0.06029970
-0.00234926
-0.16182411
0.04688564
0.01331525
-0.06641837
-0.09701461
-0.07289670
-0.04144366
-0.04227614
-0.08498359
0.06560070
0.01580176
0.19594677
-0.16083094
-0.15884615
-0.10888823
-0.03433762
-0.17260581
0.04408955
-0.01833297
-0.12625687
-0.04875172
0.03561991
0.04048682
0.01660747
-0.05843391
-0.08212655
0.07832541
-0.03669259
0.03254254
-0.07461718
0.07786150
-0.06822345
0.01816504
-0.16240741
-0.07515615
-0.14211904
0.05372433
0.04539252
-0.10074446
-0.01314758
-0.07360059
0.10581069
-0.01536565
-0.03207141
0.05133239
-0.00808655
-0.03868791
-0.11098056
-0.00834555
-0.04408737
-0.11471051
0.18998389
0.16016619
-0.02748013
0.11058149
0.05043041
-0.00431582
0.05387670
0.03156881
-0.14945607
0.09047994
0.06304117
-0.07305951
0.00662614
-0.04060639
-0.02461586
-0.01153749
0.02082681
0.01854365
0.00808105
0.00398049
0.02288282
-0.01387712
-0.00880639
0.01829664
-0.02815757
-0.01688631
0.08235351
0.06523713
0.01139353
0.04867979
0.12168813
-0.02554806
0.04312347
0.00948957
0.07850393
0.08361050
-0.02931967
0.08927903
-0.04309776
0.03885626
0.03625835
-0.03214142
-0.00268618
-0.03558050
-0.05721355
-0.00451252
0.03907688
-0.11124967
0.07062631
0.00631444
0.04692053
-0.05105743
0.04462623
-0.00633481
-0.02190036
0.10696341
-0.05600814
0.09817179
0.02113482
-0.04583896
0.04071527
-0.06583271
-0.03284050
0.03809064
-0.19495130
-0.04596640
0.04384660
-0.17424846
0.05432631
-0.02624374
-0.06272188
0.03835674
0.04691222
0.04897061
0.07042842
-0.02682941
-0.00245567
-0.02537230
0.03023618
-0.04513130
-0.02720933
-0.07686681
-0.12100267
-0.04257701
-0.16012512
-0.06158965
-0.08226535
0.05757523
-0.01976998
0.05510747
-0.00252226
-0.00576520
0.06528371
0.01908315
0.04040200
-0.05184713
-0.01818821
0.11068846
0.02536274
0.03446264
0.04993276
0.03096284
0.02885422
-0.02880773
0.09082831
0.00237378
0.01066295
-0.15403494
0.05198994
-0.07035494
-0.03696984
-0.05487569
-0.01206468
0.03192220
-0.01021609
0.08018652
0.01944369
-0.08709947
0.05517284
-0.00914386
-0.07874210
-0.04469197
-0.04251701
0.12014063
-0.01397044
-0.01371097
-0.07826988
0.12677357
0.06583139
0.04870876
-0.01118037
-0.03031024
0.05286063
0.02120599
0.07475290
-0.05737796
-0.04637789
0.05131627
-0.01994478
-0.04770390
0.00452625
-0.19334677
-0.03779366
-0.07243305
-0.02151246
0.00144890
-0.02788983
0.07021318
0.01727432
-0.03627620
-0.06414630
0.03730517
0.09499371
0.01763153
0.07319076
0.03143473
-0.05971408
0.01456607
0.02151074
-0.03203089
-0.08456284
-0.13326164
0.03621646
0.06447358
-0.08614646
0.09281347
-0.05132611
0.00684984
0.00471223
-0.08850730
-0.04728299
0.00794953
-0.12874982
-0.07511865
-0.02209062
-0.02799652
0.00072148
-0.02736361
-0.01021102
0.05431565
-0.05937076
-0.10364650
0.10103029
0.01495107
0.09818839
0.05973661
-0.07293047
-0.00068535
-0.03937175
0.04593431
0.01015175
-0.07031597
-0.05916985
0.04076844
-0.04945563
-0.13201828
0.06770657
-0.07368013
-0.19799046
0.01795557
0.07821118
-0.05332440
0.05796792
-0.07433880
-0.08357585
0.06602372
0.05290353
0.02522457
0.00886336
0.04493780
-0.00139302
-0.01123473
-0.08458629
0.10671519
-0.11761587
0.06047707
0.03067214
0.10606164
0.14905703
-0.02265245
0.03783548
0.01116952
-0.05311866
0.05595574
0.01013489
0.02154828
-0.05150611
-0.00712947
0.05839064
0.02257271
-0.04367750
-0.01740219
0.08232705
-0.11097413
0.07837816
-0.03891613
0.03522649
-0.07470103
0.07316053
0.01906300
-0.04032793
0.07996137
-0.07845261
-0.02424051
0.06217803
-0.13595219
0.01637068
-0.08158556
-0.08556948
-0.09319595
-0.00182273
0.03626959
-0.04356942
0.08027788
0.05946168
0.12801497
-0.04188174
-0.02644543
-0.03256557
0.07364050
-0.00119908
-0.05228965
0.06511588
0.08146571
0.05198336
0.01689188
-0.04268032
-0.01881146
-0.00608741
0.00448467
0.03713556
0.02729924
0.10912856
0.04744882
0.04220745
0.06372742
-0.00327929
0.00948091
-0.12422991
-0.06063959
-0.10031312
-0.05467834
0.04094633
0.10934020
-0.04351405
-0.03332237
-0.00686682
0.03230283
0.02996215
0.09147235
0.05147985
0.09187283
0.08508642
0.07584072
-0.08042157
-0.07294443
0.07389574
-0.11104613
-0.05339873
-0.00827484
0.01724948
0.03868720
0.08899093
0.01816714
0.01147658
-0.00526865
0.03260326
0.02381393
-0.03269816
-0.08361010
0.09467753
0.00132198
0.04229689
-0.10521004
-0.00178905
0.07076568
0.03595203
0.12886490
0.00383008
-0.04103128
0.04228875
0.03913374
-0.04880799
-0.00684758
-0.01672968
0.10679403
-0.08557907
-0.00806632
0.01701739
0.09244578
-0.01962683
-0.02909923
0.00172644
0.07057659
-0.04514544
0.03748511
0.08878339
0.10995956
-0.01080795
0.03428495
-0.08869849
0.01089212
-0.05176609
-0.05782061
0.03545070
0.07160682
0.00306787
0.09980070
-0.10884934
-0.01466085
0.04618347
-0.01047194
-0.04425438
0.06835636
0.02375532
-0.09924399
0.02685788
-0.02863790
0.02579440
0.05299929
-0.00663689
-0.05991242
0.05522629
0.15991411
0.04402629
-0.01106901
0.08309855
0.07320797
0.01723910
-0.10035534
-0.02197522
0.04004710
0.11877590
-0.05602737
0.02333104
0.03156428
0.07276455
0.02625417
0.04667582
-0.07112517
-0.00116152
-0.08588821
-0.10141356
-0.03087745
-0.15957940
-0.06231510
0.06079831
0.02420384
0.05607954
0.02826306
0.03233575
-0.07155849
0.02567597
-0.03166117
0.00523963
0.04776916
-0.10576324
-0.04127195
0.08448993
-0.06501494
0.00915437
-0.03964216
-0.05441340
0.01835979
-0.09116721
0.06412441
0.00281070
0.04529495
-0.04581329
-0.01816731
-0.03433715
0.02499209
0.00848835
0.03266943
-0.01468727
-0.01590358
-0.03841241
0.02680506
0.04167588
0.02197274
0.04200638
-0.05047049
-0.07774326
0.09321357
0.12913276
-0.04703909
0.00632421
-0.04299183
-0.06951181
0.04894235
0.00221086
0.03104161
0.12632810
-0.06459735
-0.08013624
0.02880546
-0.01449729
-0.05710478
-0.03447125
-0.02609784
0.05319737
0.01409947
-0.01017273
0.03312828
0.01905481
0.04765649
0.08299508
-0.02504908
-0.08593025
-0.03683881
0.05880541
-0.02504024
-0.04646701
0.04609079
-0.01546028
0.08725926
0.04209464
-0.00914491
-0.00319339
0.05131680
0.05917361
-0.04845162
0.06781826
-0.04019501
-0.05870092
-0.05350211
0.04322867
-0.00190312
0.05484144
0.05796510
-0.08984458
0.04685542
-0.04511750
-0.09808715
-0.01963629
-0.03677410
0.11573687
0.03486111
-0.04068292
-0.04346889
-0.10328448
-0.02280966
-0.01239298
0.12867087
-0.02419021
0.10094596
-0.03232696
-0.10180690
-0.01198907
-0.00077485
0.01814124
-0.11788517
0.00300997
0.04531008
0.05059448
-0.12384090
0.06649072
0.07628474
0.09341600
0.02014967
0.05154789
-0.03849972
0.05107686
0.12343445
0.02760715
0.07099240
0.00636867
0.02470455
-0.00873848
0.07419050
-0.02583407
-0.04746016
-0.13338652
0.04772647
0.03752592
-0.16652094
0.06368665
-0.04016482
-0.03028757
0.03372932
0.05511853
0.09231143
-0.07554845
-0.05840684
-0.02481143
-0.10350328
-0.07763620
-0.05062994
-0.00239743
0.05578639
0.04750384
0.06170627
-0.08776136
-0.19947809
-0.05154629
-0.02153176
0.04023178
-0.04016762
-0.02998043
-0.04147761
0.04240771
0.01994589
0.01285512
-0.01060672
-0.06502907
-0.06710584
0.16200490
0.04946915
-0.04023338
0.00326326
-0.04587794
0.12092853
0.06165838
-0.03652288
-0.02076514
0.08483220
-0.00326990
-0.09429581
-0.04052497
-0.05945061
0.03107225
-0.05824221
0.00661345
-0.02995942
-0.01853940
0.04610071
0.10396878
0.05018404
0.02106915
-0.03198354
-0.01965360
0.04812245
-0.10188916
0.06791754
0.08659849
0.04362243
0.04838642
0.10928833
-0.07396109
0.00886872
-0.00463374
-0.03523785
-0.13921721
0.06422751
0.04132527
-0.00975658
0.02543505
0.04548248
-0.02615804
-0.10278770
-0.02681306
-0.02818846
-0.01404852
-0.03694467
-0.02304212
0.03549021
0.05520474
-0.03598999
-0.08939476
0.04397269
0.05441930
0.05804929
-0.04854068
-0.01530723
-0.01175020
0.04238522
-0.06131862
0.04842279
0.01582433
-0.04013732
0.02547475
0.10427756
0.06768865
-0.02546085
-0.02295136
0.06908990
0.02778745
-0.08167597
0.04773867
-0.06544443
-0.02503848
-0.00009853
-0.03451984
-0.03614402
0.05363237
0.00119048
0.01258797
-0.06135354
-0.03601564
-0.03959166
0.03530350
0.00600415
-0.00326184
0.07248097
-0.02402120
0.10526739
-0.05626871
-0.00994070
-0.03560506
-0.03619570
-0.03095727
0.04607151
-0.04372905
-0.04212271
0.08685526
0.01671842
0.03333380
-0.05850311
-0.04413343
0.05577935
-0.06386075
-0.03123361
-0.04006340
-0.02676821
-0.00283837
-0.06855320
0.04301644
0.02261420
0.06045643
0.07456514
-0.07554207
-0.18232335
-0.11627080
-0.03324255
0.05395614
-0.01117041
-0.00825778
-0.08967075
0.07527439
-0.05817286
-0.03504264
0.03855542
-0.07189818
0.00554583
0.00865402
0.06276090
0.06647421
0.04874338
0.04109967
0.05047368
-0.02431961
-0.06733989
-0.02798481
-0.00747481
0.02172026
-0.00337327
-0.02839959
-0.03752061
-0.04710024
-0.03508488
0.02004768
-0.02230078
-0.00477334
-0.07981058
0.04855654
0.05642978
0.02408508
0.00395499
-0.06999311
-0.03817595
0.03887086
-0.04582247
0.04194788
-0.05306036
-0.07141509
0.07863231
0.04170357
-0.06017580
-0.00746530
-0.02947704
0.03978396
-0.00784665
0.07275622
0.00060551
0.03593574
-0.06627145
0.03098062
0.06918187
0.00066988
-0.01463164
0.00382798
-0.11735569
-0.01307627
0.09702915
-0.09861846
0.00975215
-0.00346838
0.04405404
0.02843873
0.02839916
0.03673257
0.02627934
0.03472048
0.03552029
0.12953894
-0.07630984
-0.00797478
0.10156222
0.01474383
-0.04611408
0.07232118
0.03847846
0.02748193
0.04183436
0.10782096
0.05588703
0.03469534
-0.11235163
-0.09971462
0.05327620
-0.01279624
-0.03462793
0.01579900
0.01358354
0.00455332
0.05978506
0.01365171
0.00526549
-0.10008121
0.07801502
-0.10098096
-0.00980030
-0.02462538
-0.04518470
0.01551734
-0.03930429
-0.03478998
0.04206931
-0.07466352
0.07409661
0.04685405
0.08764803
0.05871636
0.08332133
0.03075268
-0.05434665
0.05008988
0.01529175
-0.01995894
-0.05215063
-0.14354227
-0.03114268
0.08263643
0.01469778
0.08471390
-0.02278075
-0.13293178
-0.02601134
0.07547951
-0.05736350
0.02056271
0.01446278
-0.02552536
0.19664422
0.08600707
-0.14821531
-0.12122267
-0.18123333
-0.02959885
0.05593686
0.18741561
-0.00757232
-0.12682401
-0.03463539
0.08831308
0.08843378
-0.01811935
-0.12374013
0.07422397
-0.12291825
-0.03709972
0.08623624
0.14356889
-0.05148344
0.08821067
0.01465774
-0.07174954
0.12348802
-0.08914870
0.13260520
0.02990324
-0.03870985
0.03313477
-0.14929736
-0.00508622
0.02732928
0.01756783
0.00868724
-0.02353828
0.08817310
-0.02349584
-0.02368375
-0.10191414
-0.02802821
0.04610202
0.03443587
-0.10805739
-0.07422300
-0.04454897
0.06471646
-0.07795911
-0.09803421
-0.02379378
-0.01711874
-0.06752066
-0.13435704
0.00468105
-0.02155829
0.04811545
0.03659847
0.04590246
0.01761520
-0.01485835
-0.04582590
-0.14652210
-0.04243015
-0.02572067
0.07419787
0.05541699
0.03886851
-0.05846555
0.06617108
-0.05443973
0.07700685
-0.01437573
0.04700961
-0.06952818
-0.08085796
-0.09024469
0.05290342
0.04577831
0.00576449
-0.08092631
-0.00510422
-0.08561014
0.05419451
-0.07212898
0.07025501
0.00846178
0.00996044
-0.03235152
-0.05567029
0.12574965
0.04886460
-0.05319009
-0.13911083
0.06369483
0.04162938
-0.05290905
0.10145184
-0.04773840
0.04362881
-0.05953945
0.13271639
0.11565449
0.03840184
-0.02216927
0.01462014
0.05580406
-0.16874699
-0.02639804
0.07756020
-0.12508370
0.09546224
-0.03932023
0.08009895
0.03696982
-0.06329527
0.12028172
-0.06760459
0.01324845
0.01051661
0.03637075
0.02504513
0.02976815
0.04742439
-0.14332558
-0.10157239
-0.06352841
-0.00575536
0.06906666
-0.05733944
-0.06860807
0.05992897
0.11646739
0.06628293
0.04697582
-0.09514213
-0.14452513
0.04395206
0.02528140
0.01972537
0.00738944
-0.06180573
0.02567099
0.02326748
0.04766459
-0.01768987
-0.02705738
0.15616170
-0.09172656
-0.03290627
-0.06809651
-0.01035115
0.10450318
-0.16221066
0.08819085
-0.13463514
0.05227166
-0.03340499
0.01303065
0.03077446
0.09923318
-0.01283318
-0.08304035
-0.02157239
-0.12479103
0.00895738
0.07670838
-0.07469073
0.09638632
0.06590475
0.03006680
-0.00848166
0.03921225
-0.03696162
-0.17931943
-0.01506543
-0.10851134
0.03712269
-0.01386761
-0.00332455
0.05006596
-0.03256520
-0.03444365
-0.06215123
0.03599178
0.05353669
-0.07898126
-0.09859952
0.09808897
0.05683373
-0.06873696
-0.05219857
-0.05532188
-0.01180961
0.05014492
0.03486807
-0.09050205
0.08137560
0.02510759
-0.03202431
0.04381444
0.02507238
-0.03958256
0.04893549
-0.14431350
-0.02701307
-0.05397005
0.00473309
-0.00101487
0.03519005
0.01788644
-0.01790167
-0.05938644
0.02539185
0.06375346
-0.08607508
0.02343886
0.00154300
-0.01121744
0.00265206
-0.10052895
0.07622778
0.02073921
0.03637759
-0.06805252
0.14498638
-0.11086193
-0.07275436
-0.04062191
-0.10708032
-0.15954205
-0.00603228
0.04419222
-0.04891805
0.05090738
0.04193702
0.08773118
0.04129113
0.02930720
0.07176878
-0.08358093
0.08358809
-0.03490672
0.04720780
0.09847360
0.08558857
-0.09167643
-0.03348782
0.12553504
0.00914504
0.01336535
-0.08669771
0.01656448
0.04103081
0.02003180
-0.08375768
-0.00640348
0.09954581
-0.02918740
-0.03492361
-0.23095118
-0.03297656
0.07885738
0.02359342
0.09693976
-0.02813513
-0.03412703
-0.08871604
-0.15199561
0.14420271
0.02863392
-0.06008662
-0.03364138
0.02020620
0.02383616
0.12688521
-0.09008817
0.04883130
0.09784579
-0.03071094
-0.05098751
0.03058788
0.02655190
0.07886718
0.03579005
-0.02083862
0.00753108
-0.07815816
-0.12877759
0.09225237
-0.07427629
-0.05855400
0.11958583
-0.01755451
-0.21098432
0.08197887
-0.05540062
0.00228412
0.10096740
-0.00789814
-0.08489443
0.01475622
-0.06530511
0.05687782
0.18371239
-0.06889834
0.01697113
0.03414019
0.03442902
-0.10195266
0.03117987
-0.08811516
-0.03522297
0.04466145
0.05079706
0.09776789
-0.00506311
-0.08949851
-0.03454825
-0.00375744
0.04766544
0.01110470
-0.07330344
-0.05835940
-0.05417204
-0.01218963
-0.01530958
0.02946311
-0.08520082
0.06972872
0.05954895
-0.00495069
0.05303986
-0.00540634
0.03147712
-0.07766883
-0.02525785
0.00332415
-0.04512253
-0.02043786
-0.00704860
-0.03162610
-0.00445556
0.06352111
-0.06394617
0.09671538
0.11586061
0.00286928
-0.07809243
-0.00679448
-0.04583265
0.01977707
0.04286779
-0.03164611
-0.07969642
-0.11073207
0.05406808
-0.01327454
-0.00671858
-0.04884150
0.05445273
0.14434431
0.05503297
0.11570149
-0.02680748
0.00551762
0.11507598
0.16077995
-0.22464190
0.19947748
0.00040399
-0.00755682
-0.02787279
-0.00896189
-0.12084779
-0.10328890
0.15415061
0.08122923
0.07106913
0.10105331
-0.13561042
0.02169898
-0.09806187
-0.12150764
-0.03410168
-0.04479328
0.07184848
-0.00926386
-0.07509515
-0.04410615
0.08926532
-0.04469991
-0.02146135
-0.00062044
-0.09423749
-0.10307708
-0.19659695
0.03603061
-0.03347635
0.01531567
-0.06189189
-0.11158410
0.07690793
0.19507399
0.04301606
0.03653568
0.04002764
-0.07896560
0.05697446
-0.12827636
0.05081380
-0.05629228
0.14584315
0.02855464
0.02039106
0.09842157
0.10819932
-0.12693629
-0.01293052
-0.07880051
0.06717152
-0.02928649
-0.11108198
0.05088676
-0.10179451
-0.10876113
0.05640518
-0.00662669
-0.00686861
0.03879526
-0.23669261
0.08126765
-0.16063745
0.04830679
0.00532117
-0.08490770
0.02872701
-0.09281594
-0.05230970
0.02559377
0.04349537
0.02767114
-0.00836530
-0.07534933
0.04872873
0.06998029
-0.11778731
-0.08757234
-0.06266008
0.01641164
-0.01153233
0.07062908
0.00346696
0.01284545
0.06455714
0.01393469
0.01035506
-0.04745109
0.02733753
0.10798030
-0.25543892
0.12447190
-0.08447861
-0.02743074
-0.06503858
-0.04881152
-0.07825311
-0.17590080
-0.03112943
0.00858618
0.09967397
-0.12217883
-0.04547274
-0.07025190
0.00174807
0.00139346
-0.03411590
-0.02876844
0.01147151
0.00464984
-0.04543972
0.15596746
-0.02576519
0.03593939
0.02424145
0.10440994
-0.01005034
-0.00280928
-0.01468295
-0.02315688
0.07494493
-0.18400423
0.08971158
-0.02669889
-0.05882331
0.00566474
0.03412246
0.03909845
-0.06703170
0.04200054
-0.00487789
0.04451350
-0.07287613
-0.08793213
0.03622711
0.09910249
-0.00302727
0.09135330
-0.10980896
0.00046479
-0.11382812
0.02683011
-0.03330611
-0.04474819
-0.08037668
0.07470424
0.13222285
0.03919587
-0.01219014
0.02575071
0.00508189
0.01561981
0.02357568
0.00466103
0.01476025
-0.03851255
-0.05237219
0.09977560
-0.02543084
-0.01483851
0.05894198
0.09237998
0.04343475
-0.01659643
0.03903099
0.06734435
0.12778001
-0.14778312
0.08922724
-0.00874967
0.01291826
-0.11793984
0.09203134
-0.02197799
0.07421538
-0.03407420
-0.02207889
0.01180148
-0.00856106
0.01302718
0.05689603
0.03975160
-0.10539745
-0.07343390
0.01707560
-0.05252908
0.02947517
-0.05437386
-0.02011444
-0.00740163
-0.10581003
-0.05474823
0.05534336
0.04230629
0.12475114
-0.01395840
-0.03296378
-0.06429041
-0.01276569
-0.07505413
-0.06170632
-0.00238448
0.03076546
0.08941403
0.02764353
-0.01802795
0.01067637
-0.00754646
0.01639380
0.08951657
-0.06721945
0.04401813
0.08274242
-0.07586193
0.10579653
0.09943971
0.00769423
-0.08526269
0.09047157
0.02725666
0.02623285
-0.03205305
0.06203100
-0.00834359
0.05057152
-0.03246361
0.03349988
-0.01856937
-0.01314163
-0.04887263
0.03552726
0.02663836
0.00542784
0.09898307
0.06495280
0.07496976
-0.09937099
-0.03222350
-0.11872679
0.05607338
0.05575500
-0.11709214
-0.02514212
-0.16572317
-0.18159577
0.10272262
-0.05812012
0.06076635
0.03587463
-0.05017222
0.07700319
-0.00812146
0.12756172
0.00822524
-0.09850922
0.06272512
0.01770509
-0.05038565
-0.02207751
-0.18059707
-0.00366283
0.00453275
-0.09816525
0.01454978
-0.03915185
-0.03795623
-0.02600250
0.03930800
-0.08647388
-0.06724849
0.11749516
-0.07831056
-0.07288528
-0.07342027
-0.03232752
0.07312126
-0.00784357
0.05505138
-0.03011962
-0.01120446
0.01381324
0.05348241
-0.05273584
0.01470965
-0.02570614
-0.10892979
-0.08154095
-0.02900814
-0.00679946
-0.13837342
-0.06009056
0.04516805
-0.07323140
-0.17588174
-0.04601638
-0.08754380
0.08109046
-0.00156555
-0.04589250
-0.09694680
0.04400095
0.05274259
0.05873569
0.10717246
0.01780881
0.11567490
-0.06591511
0.05410442
0.02258688
-0.03799756
-0.02335062
0.05176666
0.00027828
-0.03616006
0.04776237
-0.01622851
-0.03438990
-0.08697748
0.06864085
-0.02903081
-0.01714487
-0.04130889
-0.03740974
-0.01025214
-0.02945421
-0.06683712
0.04304685
-0.00401104
-0.05108074
0.02514682
-0.06500842
0.05709816
0.04068778
0.03774671
-0.01977669
0.03161578
0.09291752
-0.06716074
-0.01956600
-0.06462480
0.01687199
0.06503263
-0.06245404
0.00155159
0.00519463
0.03294628
0.10676948
0.03339934
-0.00279485
-0.11756233
-0.03186704
0.03969688
-0.06808820
-0.12142674
0.02288494
0.02997654
0.04738121
-0.01482682
-0.03826685
0.00701890
-0.13170685
0.02082214
-0.04898906
-0.05603669
-0.02285016
-0.09599279
-0.01557814
0.01689402
0.05646651
0.04463679
0.03160492
0.00318415
-0.07094678
0.05587608
0.09342699
0.01013257
0.02502046
0.09549168
0.08308847
0.00264804
0.10339954
-0.07075106
0.10042807
-0.23184408
0.04127311
-0.06087078
-0.12660480
0.05503831
0.05589022
-0.06544153
0.04835317
-0.03861411
0.06009134
-0.02345474
-0.01175868
0.09919625
-0.04190117
0.04870366
-0.08361733
-0.06567922
0.07958654
0.19074687
-0.00185370
-0.05609450
-0.01890079
0.14978644
0.07700564
-0.01509885
-0.07145897
-0.00116617
0.03615503
0.09326629
-0.05056364
-0.09105080
0.00067675
0.01984407
-0.02350865
-0.08896953
0.06742719
-0.07684824
0.00034950
-0.04689875
-0.05437218
0.03630447
-0.08952212
-0.03774791
0.09344426
-0.12142114
-0.01181234
-0.11146297
0.07791238
-0.14623541
-0.01614450
-0.01926175
0.02583086
0.14335798
0.03542851
-0.05933769
-0.06637070
-0.01171652
-0.15286061
0.03042922
0.05644170
0.01393872
0.11175071
-0.10182776
0.09121334
0.04096930
-0.00440367
0.02785312
-0.00288389
-0.11336732
0.01461560
-0.06446920
0.01436524
0.03153288
-0.07428579
0.05934107
-0.01989311
-0.01153139
0.04331909
-0.08005766
0.11132442
0.05017233
-0.00764096
-0.04235161
0.04911306
0.06849984
0.05114247
-0.08798278
0.05431321
0.04840944
0.05421918
0.06825262
0.01187883
0.04789706
0.02851387
0.06862877
0.02285918
0.01687164
-0.06401263
-0.04535953
-0.04364725
-0.07039982
0.01064174
0.03211520
0.02886153
-0.05446627
0.02449965
0.05064189
-0.05978776
0.04173876
-0.02108235
0.06930158
-0.04519415
-0.00847931
-0.02266462
0.04917278
-0.01469855
0.04642569
-0.05467886
0.02726216
0.02730944
0.06014880
-0.02892981
-0.07539888
-0.00163617
0.04599423
0.10857901
0.01726525
-0.00271200
0.01022884
0.04397590
0.02626790
0.03679349
0.04187344
-0.01680804
-0.01780573
-0.05381715
0.00102080
-0.07588932
0.03834364
0.01944819
0.01583220
-0.06013605
0.04915420
-0.03872734
0.07784236
0.03427337
-0.06860484
-0.00174851
-0.02023686
-0.03356081
0.00371451
0.00696545
0.03190798
0.03879816
0.05419102
-0.06288299
0.05441455
0.04297104
-0.04328343
0.04988881
-0.05338100
0.01205801
-0.07171594
0.07495269
-0.02871991
-0.04463062
0.01343613
0.01661523
-0.04626175
0.03517910
-0.00999850
-0.07495829
0.04339918
0.00780413
-0.03940027
-0.06325220
-0.06157108
0.04868124
-0.02351890
0.02282631
-0.05623318
-0.06542893
-0.06312107
-0.06689837
-0.01832448
0.04754946
0.04736228
-0.05872636
-0.00312690
-0.04961333
-0.00936653
0.14076602
0.06144980
0.01066904
-0.01122643
-0.06146309
-0.18661512
0.12428279
-0.06658188
-0.07732806
-0.06053160
-0.04563681
-0.11662787
-0.00073470
-0.20166285
-0.08183607
0.01152192
0.07717560
-0.08007762
-0.10766872
-0.15501967
0.04804715
-0.06938890
0.01798677
0.05283449
-0.01075143
0.04158396
0.05849796
0.14441817
0.06804944
-0.07621303
-0.01622199
0.07047149
0.03719049
0.03616904
-0.03113087
-0.09297296
-0.03198771
0.03032754
-0.04956539
-0.05143940
-0.10049891
0.02110175
-0.04159012
-0.00517758
0.02799342
0.04179457
0.10091554
0.03957658
0.03720171
-0.01462309
0.00227011
0.00152867
-0.12130797
0.03382352
0.05307728
0.01972655
0.00141997
0.11683062
-0.00538309
0.07458570
0.09770431
-0.00998073
0.04147843
-0.07266746
-0.17843591
0.05812382
-0.01792177
-0.05976751
0.05698160
-0.15235251
-0.05534741
-0.01619967
0.04622128
0.08831310
0.03060079
-0.01965745
-0.07546326
-0.07845689
-0.07270312
-0.01203858
0.02111082
0.03326619
0.04575361
0.00728668
0.09121357
-0.02759939
-0.04029214
-0.02555138
-0.13351461
-0.04002011
-0.03886139
0.05978979
-0.07820818
0.16710028
0.01859285
0.00222478
-0.08689645
-0.11721423
0.04378640
0.17197523
-0.12168241
0.00883505
0.09709307
0.00244386
-0.06119338
-0.11303247
0.17145528
-0.04679263
-0.07260939
-0.03423528
0.06211776
0.03433312
0.04579494
-0.12278965
-0.07241984
-0.01782697
-0.05939966
0.05506820
-0.04770281
-0.02253170
0.01402976
-0.02061374
0.04007241
-0.16266818
0.01898322
-0.07181330
-0.17367622
0.08364797
0.05992071
0.00700016
-0.07869100
0.01732754
0.00811799
-0.06330761
0.03018318
-0.08833968
0.00036423
0.01366253
-0.06946963
-0.04110679
0.00210749
-0.05793821
-0.03080869
-0.05935774
0.07967196
0.03309512
-0.05360084
0.04018239
0.02848735
-0.04043651
0.03197381
0.02545541
-0.08771503
-0.01355416
0.00769037
-0.02928796
0.01185067
0.01546370
0.04918312
-0.00415347
-0.02654466
-0.08760611
-0.07975153
-0.01294611
-0.08750886
0.04342598
-0.04519184
0.01685197
-0.02454243
0.09126616
-0.02964076
-0.05472841
-0.02737225
0.05009359
0.07569028
0.03252362
-0.02887871
0.06423087
0.02968915
-0.00079589
0.10053414
0.03364297
0.02199273
-0.06864592
-0.03453931
0.01464924
-0.01754605
-0.03360858
0.06396725
-0.10422489
0.00429806
-0.03105240
0.06425721
0.00410059
-0.06337581
-0.02004673
0.09932683
-0.11032400
-0.00955193
0.00281327
-0.12634468
-0.02186844
-0.04872515
-0.01075516
-0.08565240
-0.10351773
-0.06569458
-0.04520021
0.08563954
-0.03227880
-0.00882833
-0.12669416
0.04258833
-0.06517771
0.02518296
0.03513381
-0.04510027
-0.06817586
0.01368629
0.07392748
0.08392532
-0.01585194
0.04670177
0.06057140
-0.07942186
-0.05000104
-0.11942078
0.07280156
-0.02993385
-0.03135661
-0.02836671
-0.08273333
0.03582225
0.00593120
0.06454679
-0.06937768
-0.06261954
-0.00982580
0.11390647
0.04056351
0.05457334
0.04847674
-0.07632267
0.06126274
0.01395232
-0.08260836
0.02729576
-0.03342325
0.03515241
0.11980630
0.04406555
-0.04226955
0.05728598
-0.05856968
-0.10341787
0.05632760
-0.04997621
-0.03094005
-0.05764272
-0.00772598
0.08512514
-0.06460461
0.01561165
-0.00282075
0.04891675
0.06821061
-0.00676148
0.09164137
-0.04142079
-0.05442370
-0.02488537
-0.03179999
-0.06674810
0.06660740
0.00659441
-0.01581492
0.09197459
0.04065457
0.00595149
0.06041530
0.00048262
0.03308012
0.00214818
-0.02866803
0.07063386
-0.02080533
-0.01143088
-0.02064128
-0.01003687
-0.01775818
-0.05791437
0.15090463
0.02856409
0.02764389
0.01552820
0.07179029
0.08171838
-0.06467023
0.07997496
-0.06035240
0.08499189
-0.01825592
0.11727810
-0.01143670
-0.05116200
-0.05158769
-0.05075037
-0.05750264
-0.00880126
0.02932717
0.07473245
0.05701057
-0.01727129
0.01213286
0.05040321
-0.03113782
-0.01128737
0.10553221
-0.05957416
-0.00025002
-0.03852317
0.05283840
-0.01280143
0.03515274
-0.03391388
-0.02773933
0.00815281
-0.02887041
-0.01205794
0.04150281
-0.05272054
0.04186289
-0.05811180
-0.08185808
-0.04405576
-0.04565207
-0.13476977
0.07347301
-0.01782748
0.00182465
0.11771362
-0.02310578
0.01486249
-0.02581829
0.04598963
0.06299655
0.00174713
0.10394538
0.03898565
-0.01118693
-0.01619661
0.04963686
0.04493890
-0.03731196
-0.01773825
-0.01907496
-0.02192504
0.02371310
0.06652211
0.03888741
0.06819182
-0.09926344
-0.03020747
-0.02117185
0.00172711
-0.02596664
0.02862604
-0.04796193
-0.06651203
-0.03977685
-0.00532205
-0.07675392
0.08241444
-0.00277321
0.04532960
0.02974420
-0.09597823
-0.10452910
0.01162203
-0.21034095
0.01127671
0.00343106
-0.01799992
0.06761023
-0.03711325
0.05287041
-0.04005779
0.02657648
0.05611002
0.00315753
-0.02093820
-0.01528693
0.01496540
-0.02619984
-0.05240253
-0.04582424
0.09348999
0.04592318
0.04265797
-0.01740598
0.05008160
-0.02981829
0.00029079
0.06112799
-0.08107042
-0.00455151
-0.04902664
-0.03836049
-0.03929825
-0.06399803
-0.05929737
-0.12273743
-0.06565833
0.06928726
-0.04709323
-0.08142149
0.01315778
-0.08616769
-0.04024529
-0.07227223
-0.05306153
0.01591030
-0.06062607
-0.07271541
0.05569420
0.08560855
0.02918794
0.06706167
-0.05030390
-0.08073802
-0.06020680
0.07777023
0.03932974
0.13517451
0.00951553
-0.03362351
0.02094406
0.03837192
-0.05203798
0.01573295
-0.06656867
0.14269009
-0.06832448
-0.04158047
0.04265440
-0.03671022
-0.03235545
-0.00821880
-0.08818850
-0.00749637
-0.03369974
0.06612482
-0.04166702
0.10329638
-0.08900281
-0.09513960
0.07446762
0.02185882
0.08398140
0.10020731
-0.09495021
-0.01624061
-0.14472628
-0.03272597
-0.11193176
0.07922383
-0.03717213
0.08663671
-0.04909100
-0.02674072
-0.07844801
-0.02208611
-0.02537524
0.11574767
-0.00509613
0.00091558
-0.04021592
-0.05652214
-0.05292567
0.10287306
0.00976952
-0.05108769
0.01695612
0.18464665
0.09724919
0.03240901
0.04290795
0.06681782
0.04685023
-0.17793630
-0.04607018
-0.09183301
0.04932667
-0.14269537
0.05247094
0.04807888
-0.00699828
-0.19156496
0.04177378
-0.03227372
0.00287161
0.06044412
-0.00844890
-0.02818580
-0.18926868
-0.17697141
0.05341331
-0.21559940
-0.08657702
0.10109326
-0.12016571
0.01860978
-0.10583687
0.10918040
0.02004493
-0.06493980
-0.10678547
0.20131327
-0.03854319
0.00630619
0.06418008
-0.04552052
-0.01189508
0.04274412
-0.03892112
-0.01744196
-0.13017340
-0.10882897
-0.12009908
-0.02340230
0.08351551
0.09686737
-0.11666974
0.00214670
0.03076017
0.03418070
-0.07603016
0.01693665
0.04242203
-0.01404301
-0.11292242
-0.06657017
0.03493456
0.05480036
0.00220695
-0.04017292
0.00129981
0.18118106
0.00457321
-0.05380725
0.13438086
0.13724887
-0.00199957
-0.12860741
0.07590448
0.12261783
-0.00780259
0.09795614
0.00252153
-0.07546407
0.01234988
-0.03916642
-0.01409603
-0.03256103
0.07229938
-0.03462902
-0.23551138
0.02172940
-0.10378639
-0.08593915
0.00319598
-0.02595929
-0.05444381
0.03060022
-0.11190213
-0.14411819
-0.01188007
-0.10871175
0.02429506
0.04342038
-0.18452299
0.08678842
0.09823226
-0.06043953
0.18074414
-0.01271262
-0.06388479
-0.14748746
0.03515010
-0.05882796
0.05543218
-0.09493059
-0.13816500
0.24088602
0.14041384
-0.07711028
-0.10591810
-0.13418581
0.07577559
0.03572791
0.18742609
0.15808176
-0.03712064
-0.01416463
0.00157033
0.11053786
0.00749062
0.01370243
-0.02123642
-0.07612726
0.08580437
0.09329566
0.20364685
-0.00082542
0.12798911
0.10687333
-0.07636856
0.05582828
-0.22017331
0.05138268
-0.07966577
-0.05145218
-0.01748602
-0.12174149
-0.11701892
-0.13591841
0.02895507
-0.01440176
0.07012820
-0.03394295
-0.04424781
0.14529827
-0.01826899
-0.10764703
0.05098316
-0.03381133
-0.14805718
-0.00916581
0.05921696
0.03323825
0.04059904
0.03212448
0.00466779
-0.03553634
-0.08623051
0.14209691
-0.01150965
0.02618652
0.08453044
-0.09388851
-0.05199517
0.06129378
-0.04903893
-0.01875471
-0.09701184
0.02208310
-0.10791720
0.00183897
0.06646203
0.10876707
-0.05076414
0.08493058
0.01382550
-0.03748624
0.08566130
0.03735691
-0.10381347
0.01652144
-0.04895408
-0.06770233
-0.00594100
0.06453171
0.01602877
-0.12000138
-0.03020938
0.09578524
0.12914942
-0.01095305
0.08103199
0.02779532
-0.02350040
-0.01381812
-0.04879036
-0.04647020
-0.02214292
-0.07175239
0.00314568
-0.07434855
-0.00488352
-0.09181914
0.04712438
0.02456779
-0.09203210
0.07635394
-0.01250596
-0.04660711
-0.11172625
-0.12183484
0.01444421
-0.08141847
-0.04875707
-0.00809410
-0.08206161
0.03714738
0.10126033
-0.04664107
0.06663042
-0.01137658
0.02412627
-0.17536333
0.12541993
-0.06263549
-0.01355587
-0.01898882
-0.05287321
0.04031042
-0.05161304
-0.21231325
-0.00826097
-0.07716587
0.06195586
-0.08258955
-0.02240570
-0.14691745
0.02640435
-0.02745765
-0.00057928
0.01713243
0.00113684
0.06871685
0.08997709
0.05274368
0.06143139
-0.04569443
-0.03500250
0.11675653
-0.00737461
-0.01891769
-0.12755807
-0.03013152
-0.06082640
-0.00440412
-0.11057212
0.00916980
0.05559932
0.07588226
-0.03844334
-0.05334110
-0.04901015
-0.00451338
0.07608373
-0.05934678
-0.03628999
-0.07015935
-0.07259057
0.00756227
-0.04909575
-0.00716470
0.05349710
0.02755450
0.03298191
0.03800058
-0.02070199
0.10531747
0.05192849
-0.07429516
0.08401333
0.03747684
0.07949334
0.10572426
-0.04271208
0.04060733
-0.02091527
-0.08252884
0.02298748
0.04900482
-0.04249753
0.00601476
0.09153999
0.01004340
-0.11379328
-0.14751868
-0.04981383
-0.05621027
0.06464890
-0.00616254
-0.11740520
0.05084613
0.07969014
-0.07368567
-0.01999013
0.04894809
-0.10879718
0.02507579
0.14476563
0.12060635
0.05876837
-0.03829654
-0.02556681
0.14448242
0.00770922
-0.04912057
0.05856809
0.14500728
-0.01033573
0.04395348
-0.01907076
-0.04505568
-0.04711818
-0.10729820
0.14736331
-0.12619220
0.06178232
-0.12565708
0.13116059
0.10794417
0.12988771
0.00676781
-0.00049352
0.04215544
-0.05056630
-0.05768155
-0.03608887
-0.12425554
0.12320264
0.00096212
-0.01338399
-0.02224721
0.22718835
0.02027038
-0.03487790
0.06143247
0.05094747
-0.04604093
-0.08244697
-0.05867669
-0.11753796
-0.08003417
-0.01845092
-0.05386822
0.10019549
-0.06959835
0.07845137
-0.05293116
0.08782064
-0.02808220
0.18401246
-0.08553139
-0.05867195
-0.03621486
0.04878822
0.02662400
0.00978311
-0.05771605
0.02546917
-0.05219693
-0.08093455
-0.01855332
-0.00963521
-0.12405729
0.06678449
-0.12321243
-0.06070308
0.00901583
0.06449303
-0.08979014
0.05707174
-0.08395328
0.04368065
-0.00689567
0.09321161
0.08638102
-0.13025393
0.07540128
-0.03064498
0.15354006
-0.01403159
-0.03981463
0.05460730
-0.17673972
0.09477579
-0.12713988
-0.11440396
0.09778048
-0.00062615
0.04945310
0.03484913
-0.06877745
0.11891522
-0.01938722
-0.10303944
0.03076298
-0.02851526
0.06703485
-0.12372136
0.00935884
-0.00746470
0.02116134
0.01882264
-0.05008559
0.02191590
0.03702938
0.06577876
0.03384581
-0.01008486
0.00579953
0.03481198
-0.01012854
-0.07160822
0.05312958
-0.04810658
0.00730476
-0.02416577
-0.03070538
-0.06913484
0.05018294
0.02555030
-0.03110915
-0.12313154
-0.01855884
-0.04327258
0.01690825
0.02381353
-0.01780068
-0.03364786
-0.02816283
0.04605949
-0.01444552
0.07105209
-0.08293632
0.06079328
-0.10401791
0.02644461
-0.04269061
-0.01946093
0.02681657
0.04610864
-0.04928587
0.09489855
-0.08513338
-0.07770362
-0.05768961
0.07396055
0.04642370
-0.06306589
-0.15365630
0.03176843
0.01386083
-0.04871495
0.08314001
-0.01437525
-0.06353606
-0.00218669
-0.05679636
0.00249664
-0.11332944
-0.03071821
-0.02493432
-0.01364640
-0.17119610
0.16026074
-0.01521148
-0.03027476
-0.01804306
-0.02463049
-0.09223068
0.04608981
0.03363184
-0.11022329
-0.03583086
0.08869351
-0.06238940
0.07899199
-0.14512964
0.02443624
-0.05015505
0.06333242
0.06676892
0.02697717
-0.11053225
-0.08195527
0.03289860
0.12259037
0.04658451
-0.16696393
0.07082321
-0.05058566
0.02484017
0.06331068
0.02104571
-0.06287693
-0.02078617
0.11929461
0.06943580
-0.03923490
-0.17077184
0.07589496
-0.07906851
0.09866182
0.06859192
-0.10235711
0.07001098
-0.03294829
0.02303031
-0.03347915
0.04029137
0.04564976
0.02253069
-0.04426548
0.04798444
0.00863688
0.12738147
-0.06246915
0.03923043
0.08167918
0.09632895
0.00452234
0.19445308
-0.00396587
0.00408580
-0.00904096
0.01574217
0.01100614
0.04809006
-0.08562474
0.09905969
0.03508894
0.05806672
0.21095988
0.10397633
0.07007592
-0.01517364
0.16756627
-0.03408537
-0.17121147
-0.04061084
-0.05012555
-0.08134743
-0.16056596
-0.09295744
-0.11428692
0.01189364
0.00531017
0.02829796
0.00148616
0.02722906
-0.01074470
-0.13957468
0.02177626
0.01554524
-0.09205398
-0.03970675
-0.13199131
-0.05741184
-0.00940846
0.03688747
0.14868909
-0.06423581
-0.09184869
0.11743840
-0.05209859
-0.04479965
0.06111291
-0.02551256
0.07139853
-0.13585654
-0.00104100
-0.01038194
0.05469590
-0.20715725
0.05048843
0.04447288
-0.05334517
0.04116454
0.00821959
0.03236260
-0.12939788
-0.06759721
-0.16791700
0.00706474
-0.09151208
-0.04847086
-0.11100215
-0.17918003
-0.01849454
-0.10127919
0.09035459
0.00428475
-0.04479552
0.01764083
-0.05550477
-0.05067434
0.05616564
0.04197542
0.02221833
-0.00201498
0.07339527
0.10020348
0.08049069
0.03637050
-0.03930119
-0.24850981
-0.21510950
-0.03367178
-0.12440766
0.14351186
0.07166249
0.01267496
0.08601493
-0.00750803
-0.07951361
0.08291842
0.00001093
0.08932544
-0.01225672
0.11842646
0.03653242
0.04862239
-0.03281604
0.06897461
0.02706639
-0.07973546
0.05796319
0.06784803
-0.04014369
0.06143116
0.01161970
0.05046823
0.02395355
0.03312936
0.06738070
-0.02918627
-0.11654338
-0.10649728
-0.02029426
-0.03172420
0.08901609
-0.14671691
-0.06656623
0.01358244
0.07631840
0.02106992
0.07282027
0.05352674
-0.12472863
-0.02688054
0.08410946
-0.08137372
-0.08980098
0.09328397
-0.10897245
-0.09911916
0.05027734
0.04101505
-0.05070983
-0.00703802
-0.08324379
0.07888673
0.11819655
-0.09023494
-0.08432410
-0.13667417
-0.00004438
0.01293021
0.08446708
0.15350662
0.18197195
-0.04922474
-0.08887904
-0.09402907
0.03002843
0.06219973
0.05170184
-0.17753278
0.02855123
-0.00691585
0.00991761
-0.05059694
-0.11837254
-0.20725998
0.01054831
-0.09515298
0.02346918
-0.05600647
0.10172828
0.02942728
-0.00872820
-0.05584228
0.00418796
0.01494561
-0.00280416
-0.05447814
-0.25483188
0.17137668
-0.08275346
0.05204420
0.03812154
0.09959192
-0.01540318
-0.20022626
0.01615547
-0.11995655
-0.00732786
0.08268390
-0.14932385
-0.17742147
-0.07824605
-0.08528565
0.06379791
-0.03484052
-0.17006914
0.03886916
0.04413109
-0.02348442
-0.04333866
-0.05285452
0.14970651
0.07470814
-0.07797338
-0.02966326
-0.06767929
-0.07972776
-0.04875607
-0.03224386
-0.11411560
-0.09281079
-0.05583748
-0.01531987
0.00508088
-0.14626269
-0.00437816
-0.02719187
0.00243119
-0.08752860
-0.06804553
0.03380899
0.06606888
-0.02864814
-0.00588444
0.07638648
-0.17229280
0.02318913
-0.10320935
0.03909938
0.03550781
0.05775593
0.04193511
0.03670373
0.05170342
-0.06186807
-0.01798181
-0.00971756
-0.03583125
0.00489873
-0.04296718
0.02235826
-0.01535946
0.07564890
0.01003657
0.03390319
-0.07292721
0.00662878
0.06817499
-0.02522754
0.09895778
0.02140550
-0.07855634
0.12128294
-0.10906886
0.01120833
0.12887098
-0.03241423
-0.00943043
0.09707418
-0.03130901
-0.03102897
0.03137121
-0.07362384
0.01038479
0.00011030
0.01048568
-0.06385203
-0.04911070
0.06413144
-0.09596086
-0.02822812
0.08608838
-0.08397972
-0.09533204
0.04221920
-0.09204975
0.02892770
-0.05112842
-0.03691406
0.04746393
-0.08252007
-0.04214215
0.09956595
-0.01746608
-0.02850516
0.08625558
0.03377955
-0.05974375
-0.02922913
0.01772467
-0.05499441
-0.01390458
-0.04167838
0.02700191
-0.06364626
-0.00842669
-0.00406862
-0.07295976
-0.11392061
0.02373422
-0.10410085
-0.01255834
-0.00195779
0.11129424
-0.02800661
-0.02673553
0.08249193
-0.10003116
-0.05515781
0.03195260
-0.02759599
-0.00807959
-0.04033300
0.06210240
-0.04111812
-0.05479510
0.06361178
-0.00479185
0.09453999
0.02741286
-0.02712599
-0.03301791
-0.01066154
-0.02125939
0.02834532
-0.02631285
-0.01113545
-0.08254424
0.10210890
0.01057666
-0.02043775
0.02370184
0.03085627
-0.00903169
-0.06058452
0.11886679
-0.05597060
0.03483547
-0.02115338
-0.04290295
-0.07373112
0.12731813
0.12051184
-0.01615825
-0.07801294
0.04962343
0.02233507
-0.11687088
-0.00126223
0.02315397
0.03926796
0.04380831
0.01843063
-0.16917710
-0.07743148
-0.08387060
0.09661634
-0.00164976
0.02894639
-0.00856294
0.05231153
0.08065660
-0.04399508
-0.06630027
0.03553049
0.03938284
-0.07273945
-0.08207584
-0.03131952
-0.12726657
0.03578562
0.08270718
0.07759456
0.06891008
-0.05858257
-0.03182912
-0.08094256
0.08093047
-0.02972221
-0.03869882
0.11365181
-0.07592440
0.07015712
0.03946573
-0.08489474
0.03595063
0.04315571
0.08874991
-0.04187650
0.17324451
-0.00909989
-0.02229392
-0.00959809
0.04001392
0.02839315
0.04998560
0.06249593
-0.01353217
-0.08349276
0.02487473
-0.08162784
0.04697270
-0.01251813
0.04928953
0.07263862
-0.08541951
-0.08183709
-0.19785477
-0.06505226
0.01199933
0.11631624
-0.08942944
-0.02735543
-0.03379860
0.08827944
-0.08621532
-0.00086914
0.00113187
0.06152410
0.06409639
0.07658111
-0.02626373
-0.04182358
0.00703516
0.05873059
-0.01520929
-0.01776024
0.04512238
0.07767047
0.01676212
0.02195775
0.04248018
0.06455591
0.07593117
-0.11564569
0.11694386
-0.05796924
-0.13366680
-0.08288676
0.10800882
0.01923755
0.06771251
-0.08676560
-0.06665868
0.07827826
0.05312489
0.09244939
-0.06225065
-0.04626519
0.02867740
-0.12444793
0.10629303
-0.09755633
0.09964008
0.00958496
-0.01508080
-0.05120879
-0.04284454
-0.04549487
-0.05966650
0.04143075
-0.01392869
-0.06042733
-0.03892837
-0.09368666
0.00880191
0.03887356
-0.00623045
0.01773992
-0.00257425
-0.07332335
0.02173341
0.03650188
-0.13888516
0.10527580
0.03854292
0.01369607
0.08625196
0.00916026
-0.05599958
0.04656832
0.02831758
-0.00824425
-0.03584436
-0.01235729
0.08042330
0.02452246
-0.08227666
0.14036763
0.04605908
-0.04793222
0.10126284
0.05252645
0.01358352
-0.01177494
0.12600334
-0.01260198
0.03786274
0.02443849
-0.03551924
0.01044159
-0.06599029
-0.06977194
0.05114599
-0.06562436
0.05731907
-0.06486878
-0.02893780
0.03181619
-0.05124692
-0.02940633
-0.04095144
-0.07038362
-0.10380986
-0.08407655
-0.05757780
-0.08047301
0.08303463
0.03810901
-0.12637791
-0.01739272
-0.01751688
0.02352468
0.02923791
0.05498369
-0.09701688
0.07847036
0.06636803
0.01868938
0.03316852
0.06615431
-0.05735286
-0.01212348
-0.02490653
-0.14389500
-0.22544557
-0.02045060
-0.10589435
0.07861071
0.06713346
0.08634742
0.03633348
0.02455087
-0.08985168
0.05493064
0.09813037
0.02410154
-0.07487426
0.03672100
-0.09744746
0.02743419
-0.00022564
0.02171356
0.07355838
0.01058374
-0.00984295
0.05942291
-0.09608939
0.03936148
-0.00350999
0.05978623
0.01638292
-0.04593197
0.04831966
0.00109943
0.02162165
-0.15135980
0.01978897
0.04818940
0.06713799
-0.03139390
-0.02103220
-0.10988724
0.02921270
0.06035436
0.00214908
0.00630434
-0.13781983
-0.05446347
0.04762110
-0.04327730
-0.04591711
-0.01854380
-0.08017846
-0.01336886
-0.00823332
0.06445262
0.04839130
-0.01770175
-0.02480895
-0.04450339
-0.03692577
-0.06748763
0.03623023
-0.03130499
-0.08602668
-0.16943668
0.06727263
-0.09128658
-0.02758946
-0.09266667
-0.00293607
-0.03508824
-0.08159129
0.05605661
-0.04965593
0.02878666
0.10556849
0.05327878
-0.11371291
0.01212286
-0.13234131
-0.01066890
-0.06008661
-0.03767643
-0.04599590
-0.00019195
0.08834415
0.04254638
-0.18038458
0.03084585
-0.00584588
-0.04406840
-0.03241456
-0.00599833
-0.15512350
0.05390970
-0.03334375
0.06516962
0.01967955
-0.11900431
0.03346452
0.02525093
0.02241958
-0.05358491
-0.06014484
0.18988203
-0.18304008
-0.00874465
0.01516453
-0.03752441
-0.03073956
0.03976440
-0.05694651
0.04967327
0.06464393
-0.01549925
-0.01266598
-0.01126664
0.02390157
0.03309499
-0.01486951
0.04030169
0.03127342
-0.03057782
0.03916301
-0.02224815
-0.07689443
-0.03193690
-0.09123441
-0.02966112
0.11455304
0.02977617
0.05936712
0.03500997
0.00412830
0.06057894
-0.03196191
0.05745506
-0.02627845
-0.00166489
-0.04943937
0.01965194
-0.08371983
-0.04131464
0.01524620
0.01733086
-0.04107303
0.00579222
-0.06309276
0.11172218
0.02748904
-0.08494512
-0.05144105
-0.11526317
0.05057921
0.02382970
-0.00159854
-0.09121891
0.01387518
0.07953638
0.00654127
-0.05747003
-0.02810350
0.03283173
-0.03733133
0.03099450
-0.02962739
-0.00975591
-0.05185829
0.08929008
-0.01016195
0.05897973
0.05188050
-0.06350295
0.00660434
0.01730556
0.01275742
0.08129562
-0.02415571
0.00745774
-0.05708442
-0.13134599
-0.01650232
-0.04932757
-0.05739841
-0.04871116
-0.02997761
-0.07154447
-0.02159592
-0.06727696
-0.00992745
0.00424553
-0.02147108
0.06571456
0.03773883
-0.21787509
-0.08142208
-0.03437405
0.03218381
0.06176938
0.12175103
-0.09485691
-0.01318642
-0.01965364
-0.03798369
-0.00227286
-0.04087675
0.06751202
0.00100175
-0.00413169
-0.00205000
0.07758253
-0.08268117
-0.13428649
0.02038446
0.00621891
0.05154137
-0.18743658
-0.02521126
-0.02820780
0.06155552
0.04993683
0.04959321
0.00753014
-0.05457856
-0.02036275
-0.05088744
0.02077618
-0.04086386
0.02456948
-0.09885791
0.07739437
-0.01371651
-0.07919114
0.01960752
0.00966224
0.08891741
0.17155714
0.00668126
0.09011555
0.10812362
-0.06909120
0.04456128
0.02376521
0.02670297
-0.05048635
0.01952275
0.13929310
0.04425713
-0.03134047
0.14213298
0.21133299
0.04006173
0.01488860
-0.06501450
0.04836595
-0.06402567
-0.07990637
0.04022193
0.18038574
-0.01271881
-0.05519139
0.02189206
-0.18718185
-0.09898146
0.10657989
0.00312761
0.11493767
-0.11045770
-0.12441455
-0.15460517
-0.02707721
-0.02381951
0.12788779
-0.24976926
-0.03854985
0.05290854
-0.02810841
0.07259613
-0.03393982
0.09486793
0.03267216
-0.12359409
-0.05401523
0.01957356
-0.11083591
0.03012368
-0.13296731
-0.05515841
-0.03701972
0.01994466
-0.19063394
0.01872930
0.03393953
-0.00500788
-0.05084033
0.02680314
0.08574353
0.09659758
0.03051764
0.02015523
0.04873663
0.05920626
0.05167791
-0.06622626
0.01264719
0.05613362
0.05200063
0.01519429
0.02598571
0.06139687
0.00228164
-0.08123161
-0.06547436
0.09577644
-0.03674013
0.10123668
0.01841296
0.03411122
0.06215641
-0.00300218
0.09457462
-0.07188132
-0.15118694
-0.17007032
-0.09199624
-0.02278263
0.01380778
-0.00248520
0.13391568
0.11592209
0.07342438
-0.14715669
0.02965213
0.02475452
0.08354004
-0.02595216
0.06279195
0.00710086
0.04868308
-0.01708754
-0.00254648
0.10438677
-0.05799041
0.09683004
0.06933987
-0.10936199
-0.07227580
0.02998645
-0.04121836
0.05326025
-0.13795711
0.02947624
-0.03744008
-0.02546398
-0.21115200
0.09764429
0.00723993
0.02754382
-0.05066318
0.01072468
-0.06454868
-0.09093720
0.11557833
-0.00538438
-0.08834578
0.04275601
-0.06516653
0.07658103
-0.17367530
-0.05492269
-0.09137162
0.03437671
-0.06600942
-0.05963623
-0.01408887
0.05751353
0.05672230
-0.08132774
0.06268808
0.04761068
0.02404411
-0.20964895
-0.09827571
0.01346964
-0.07980883
0.08930881
0.14884727
0.24436273
0.00259262
0.10379293
-0.11526097
-0.04226846
0.05433382
-0.08877825
-0.18404326
0.08136673
-0.00089146
-0.01367405
-0.10290487
-0.02582873
-0.01953527
0.03948976
-0.01254423
-0.04176648
-0.05930045
0.04381175
0.02647638
-0.06610986
0.11152134
-0.04042619
0.05036749
-0.01695814
-0.01938067
-0.18390571
0.14337070
-0.26140091
0.09157774
0.07197021
0.10470877
-0.07204986
-0.05653590
-0.03199407
-0.12729751
-0.01720633
0.10450611
-0.06831031
-0.14333956
0.04701075
-0.04748720
-0.03559265
-0.05128508
-0.15807633
0.04647226
0.09574933
0.03858613
0.05234974
0.12419926
-0.12341624
0.16997723
-0.07535452
-0.07971656
0.16668625
0.00182873
-0.05059679
-0.05061288
0.19067280
0.00074328
-0.28274736
-0.15431765
-0.15712199
0.09784925
-0.18079238
-0.00825718
-0.12908201
-0.02928686
-0.03408337
-0.01984937
-0.01383710
-0.13757211
0.00266071
-0.04595645
0.10826747
-0.05414771
-0.00255019
-0.03389332
-0.14682733
-0.04731117
-0.04608044
-0.06927517
0.16267474
-0.01492572
0.03716939
0.10729434
-0.14170989
-0.03272820
-0.00955512
-0.03194055
-0.06023120
-0.17671533
-0.08833303
0.04839574
0.21213433
-0.20473170
-0.00863129
0.01906877
-0.06653734
-0.05510506
0.01958051
0.08147551
0.06757767
-0.03451815
-0.16722929
-0.13053605
-0.10019197
-0.05439978
-0.10749469
-0.17840677
-0.07462590
-0.21885000
0.10504281
0.03643648
-0.01543136
0.00843849
-0.04327274
-0.05521433
-0.01690007
-0.05847130
0.05925093
0.01424874
0.02235269
0.01683948
0.07205806
-0.05805871
-0.00393240
0.03082358
0.01925933
0.05701217
0.05190958
0.04454524
-0.03176006
0.05254126
-0.00830133
-0.02080882
-0.02115479
0.01151584
-0.04902833
-0.00365278
-0.05741726
0.04384996
-0.01199943
-0.06104778
-0.00997963
0.03684767
0.04833475
0.00575045
-0.02295390
-0.07565120
0.04537459
-0.03831635
-0.01080881
-0.00120772
-0.06682231
0.01817209
-0.05680956
0.07256342
0.00340402
-0.03741787
0.05330369
0.05151026
0.00860825
0.02572024
-0.06275925
-0.01052368
-0.05281464
0.06966706
0.06111463
-0.03203583
0.04793489
0.03438346
0.04588511
-0.03830805
0.06317717
-0.06102211
0.05407150
0.01466618
-0.09597930
0.04820820
-0.04763778
0.04748324
0.05809881
0.10114295
0.14191736
-0.01893075
0.03740038
0.04946606
-0.09246497
0.01217027
-0.13167784
-0.20054327
-0.14390373
-0.11522070
-0.03491939
0.01159787
0.03720907
0.11434018
0.14569390
0.04856347
-0.14783037
-0.10050780
-0.03121730
-0.00476877
-0.04366192
0.01678468
-0.05528279
0.01692803
0.05358807
-0.02543130
0.03351244
-0.05526413
0.05721006
0.05399409
-0.05659835
0.04251652
-0.06067841
0.04702064
0.01376089
-0.03462975
0.06733622
-0.00307108
-0.08620062
-0.16674326
0.04174195
-0.05412525
0.03259695
-0.11066908
-0.01151139
-0.03735002
0.00303189
0.07543863
-0.03190641
-0.05531676
-0.00732698
-0.08258913
0.09983650
-0.04608836
0.05258942
0.05325767
0.12118957
-0.05117098
-0.10915632
-0.15307660
-0.00104027
0.05723280
-0.04953467
-0.12810004
-0.10709043
0.02212344
0.03680169
-0.11341964
0.01414556
0.08904480
-0.12293880
-0.09095447
0.06482086
0.02804088
0.18302180
0.03446257
0.02751284
-0.06138283
-0.05616206
-0.14514618
-0.01679530
0.06541503
0.09542333
-0.01956115
0.05747940
-0.06898296
0.11790921
0.01851025
-0.03542228
-0.02753303
0.00214328
-0.03426728
-0.08475467
-0.02351055
-0.04578999
-0.02929651
0.04861761
0.12377031
-0.16042313
0.03352623
-0.12962563
0.01860518
-0.05094728
0.06082384
-0.06176434
-0.08145279
0.09094169
-0.04932236
-0.03969065
0.01351220
-0.02193428
-0.07180995
-0.11831567
0.04138340
-0.05482837
-0.05576705
-0.05124400
0.16031383
-0.03652860
0.03240117
0.03771964
-0.01485582
0.05305972
-0.08528748
-0.07688318
-0.01375002
0.09902944
0.04335940
-0.03214903
-0.10785210
-0.04536563
0.06083352
0.01969998
-0.08114807
0.03987125
0.08154983
0.01208666
-0.01734034
-0.01028980
0.07520267
0.01901113
-0.00564960
-0.05572775
-0.02493177
0.01324817
0.05616499
-0.05650199
-0.01421373
-0.04732440
-0.03065051
0.04174648
-0.08774650
0.02795074
-0.09158210
0.05775637
0.01738450
0.00527354
-0.10162294
-0.05726980
-0.07418996
0.04440744
-0.03898124
0.08301725
0.01884018
0.01131018
0.05071922
0.02755917
0.01413984
-0.06703410
0.00098549
-0.09196058
0.04447118
-0.03961170
0.01302316
0.04231065
-0.02047389
-0.00151827
-0.01146049
0.01716853
0.03875057
0.00793264
-0.11158256
-0.01548796
-0.00229167
-0.05890895
0.08169845
0.09063367
-0.07529953
-0.05797216
-0.00235104
-0.20251966
-0.13190585
0.08091120
-0.06682612
0.02528384
-0.03556669
-0.01724822
-0.13999878
0.16773663
0.02781612
0.10066237
0.02194523
0.05614013
-0.15621866
0.00122417
0.00502560
-0.00676824
-0.10565756
0.11652408
0.08973833
-0.09348375
-0.14413792
-0.05004765
-0.09787500
-0.01767701
-0.22936313
-0.00478103
-0.08779045
-0.01362208
-0.10556503
-0.08012029
-0.14643292
0.02254386
-0.06975412
0.02097237
-0.01494669
-0.20225029
0.14321534
-0.01588453
0.01330234
-0.00861237
-0.00329645
-0.09623165
-0.21057895
-0.01084820
-0.06649300
-0.00368265
0.15712339
-0.04688876
-0.08032969
-0.01331115
-0.08696812
0.02038183
0.15757035
-0.15859975
0.16340776
0.01294574
-0.09950171
0.00514068
0.07725710
-0.00625854
0.12873901
-0.01825762
-0.03601705
0.13310030
-0.03972250
0.01761288
0.00994677
-0.00851292
-0.00394524
-0.09464312
-0.01670835
-0.08678947
0.00507292
-0.17418487
-0.05283997
-0.00331942
-0.03244161
-0.02234527
0.01704070
0.02905473
0.09737569
-0.03744616
-0.12451880
-0.09343035
-0.02530237
-0.01214208
0.08283731
-0.10878833
0.04888140
0.03690021
-0.10231280
0.01462289
-0.07332990
0.03314147
-0.13619468
-0.02755646
-0.00102793
-0.02841184
-0.16176361
0.08531766
-0.03428251
0.07364134
-0.02381663
-0.12760684
-0.03363304
0.05563324
-0.01365187
0.01603914
0.05105641
-0.02730879
0.07555280
-0.06066331
0.09132382
-0.09208802
-0.01750460
-0.07214230
-0.02318566
0.04466795
-0.09767450
0.09404652
-0.05340680
-0.06637379
-0.06766646
0.07961746
0.00824011
-0.04026754
-0.03890136
-0.10376988
-0.09567438
0.04810959
-0.00448305
0.03362584
0.04284628
0.04554234
0.09914583
-0.05691702
-0.14827883
-0.09861617
0.03448807
-0.01936658
0.08010253
-0.00372310
0.00813097
0.02352720
0.02650428
-0.03322202
0.03687777
-0.05527764
-0.02045135
0.09721643
-0.01212822
0.04307494
0.02484410
-0.00730453
0.07282485
0.03635448
0.01022152
0.01245116
-0.10880967
-0.03191951
0.00892169
0.08991905
-0.00824769
0.00017522
0.03062503
-0.12557694
0.02378406
-0.11101387
0.01643749
-0.02882629
-0.01660988
-0.10626222
-0.00859901
-0.08075178
0.12534338
-0.00688194
0.01208609
0.12178031
0.01712336
-0.10171785
-0.03320780
-0.00600890
-0.04231564
-0.03370012
0.03820517
0.02101889
0.10378983
-0.00626040
0.10217068
0.00368434
0.05328131
-0.06332536
-0.01371659
-0.01818634
-0.00013943
-0.04175053
0.02921480
-0.01274014
-0.09116341
0.17797005
0.03321758
0.08052857
-0.02823169
-0.06989640
0.00495664
-0.03700681
0.15794075
0.06360259
0.07363620
0.00403971
0.04469993
-0.01895686
-0.10271730
-0.08152443
-0.08530467
-0.15758529
0.02622071
-0.04482361
0.09696464
0.12511571
-0.06810497
-0.03897332
-0.00517459
0.01460091
0.03304505
-0.10320014
-0.06008244
-0.14340107
0.02335650
0.07268400
0.05702611
-0.01457413
0.07093128
0.09395438
0.02538191
0.18621740
-0.06773377
-0.05801472
0.05499448
-0.00190560
0.06316397
-0.00005165
-0.02248826
-0.01006071
-0.03987041
0.03464986
0.02978393
0.18000388
-0.03016311
0.01212052
-0.17652002
-0.05363313
-0.12321635
-0.05472288
0.06261389
0.14121030
0.01430952
0.00800860
0.03443204
0.00974041
-0.00409501
0.00158866
-0.00496666
-0.12122591
-0.27960926
-0.14758126
-0.03902049
-0.05099954
0.03832497
0.05350441
-0.07298067
-0.00108900
-0.01752120
0.09704451
-0.05499230
0.05439360
0.00633216
-0.02551482
-0.02267915
0.14183612
0.09203486
-0.02894980
0.05801252
0.00112729
0.05964167
0.04992906
0.06307766
0.13474785
-0.00055421
0.02765293
0.16147982
0.04420839
0.04321937
-0.04141624
0.03706531
-0.00332832
-0.00786315
0.04938815
-0.10840369
-0.01629783
-0.06624652
0.00928903
0.01642010
0.08671974
0.01895582
-0.00875914
0.18108134
0.01047115
-0.07775763
0.05251716
-0.12307425
-0.09025233
0.07285940
-0.01297673
-0.09907171
0.02728091
0.01726652
-0.07374264
0.00922263
0.07607295
0.08894449
0.09418216
-0.03046709
0.01231280
-0.05095921
0.00406118
0.05315668
0.01269007
0.03124622
-0.01432698
0.04814196
-0.06309532
-0.03061700
0.01963597
0.11073235
0.04442583
0.03999854
-0.08910703
0.07686558
0.00243871
-0.02703460
-0.01006347
0.06545715
-0.00270378
-0.06962173
-0.07063602
-0.04780097
0.01948430
-0.06229239
0.01536303
0.06466055
0.02022615
-0.03264089
0.00852194
0.00720068
0.08073129
0.01099914
-0.01807317
-0.03625350
-0.03001989
-0.07698741
-0.01379101
-0.04165972
0.03349682
-0.05410363
-0.09366566
-0.02293744
-0.05338090
0.08793300
0.01363185
0.00169296
-0.03387387
-0.09665858
0.03577826
-0.09958883
-0.02834752
0.13159229
0.03752785
-0.00384991
-0.04370748
-0.00902126
0.05213697
-0.02511885
0.04489284
-0.03598804
-0.10229638
-0.04396887
0.03368815
0.01566740
0.00432104
-0.05674593
-0.10037339
-0.21197313
-0.17880666
-0.09077810
0.08754554
0.04402480
-0.01971146
-0.07368882
-0.01233764
-0.05108045
-0.05074098
-0.05546046
-0.10761422
-0.01467266
-0.09493031
0.00257504
-0.10853814
0.00166239
-0.05682643
-0.01133174
0.02593280
0.01206704
-0.05182698
0.13859709
-0.15505807
0.00653484
0.07551426
-0.01120601
0.08032127
-0.05856492
0.15906119
-0.02390754
-0.06186202
0.07947449
0.07581146
0.06411240
-0.02854484
-0.01080859
0.02345795
-0.11287294
0.12382231
0.03671400
-0.10255510
0.04719396
-0.13911089
-0.01792974
0.10065128
-0.03091154
-0.00529080
-0.08184300
0.05332246
-0.02297359
0.02360634
-0.03410204
-0.07277542
-0.07377961
-0.03229913
-0.06503718
0.05980995
0.02629348
-0.06796105
-0.04399152
-0.03830316
-0.01769205
0.02098947
0.02713165
-0.13018885
-0.04301404
-0.05798505
0.06276558
0.00573097
0.06910785
-0.02262657
0.05556111
0.00120423
0.00696251
0.00330486
-0.03842141
0.03789227
0.09643839
0.01173874
0.08253291
-0.06007737
-0.00446707
-0.03030460
-0.08648827
-0.06236546
-0.08946647
0.02872319
0.05194249
0.05635311
-0.06652271
0.09527829
0.06782593
-0.08212563
-0.04474580
-0.10133740
-0.11323798
-0.05327538
-0.04967322
-0.03835230
-0.01221503
-0.02630734
0.08310827
-0.07631290
-0.02128587
0.09462231
0.03909256
-0.01045362
0.09000104
0.07875891
0.04690072
-0.07887658
0.08170070
0.05155773
0.03411930
-0.04421761
0.00938300
-0.04081299
0.05325832
0.07644073
0.00753062
0.09716117
-0.00582187
-0.04357667
0.05224720
-0.04215316
0.05285393
-0.06409724
0.06420049
-0.02444156
-0.05790357
-0.08053841
0.05155114
0.04630946
0.07227566
0.10071313
-0.01440920
0.00914805
0.01734837
-0.09450372
-0.00157584
0.05410374
0.03446179
-0.00777640
-0.01759510
-0.06885161
0.01672539
0.06131417
-0.06071189
0.06367950
-0.17795564
-0.03317248
-0.00500463
0.05513912
-0.07274286
-0.06325047
-0.07049784
-0.02084506
0.02439615
-0.05352703
-0.04965317
0.05080951
0.02273009
-0.04079486
0.03800068
-0.12683193
0.09904717
-0.02897775
-0.05339461
-0.03284091
-0.07918244
0.05313153
0.04686852
-0.02128013
-0.01614226
0.04536374
-0.01340527
-0.12794323
0.09099055
0.01304675
0.05682863
0.04023045
-0.03470159
-0.06063245
-0.06754670
-0.02899920
-0.07100766
0.00444430
0.05338034
-0.00692645
0.01549217
0.09810633
0.01695028
0.09361248
-0.07532033
0.00004253
-0.02618752
-0.10272758
0.14562486
0.04029130
0.04501151
0.01489861
0.01192860
0.00531900
0.00483304
0.04218860
-0.04094135
-0.09261471
0.02225472
-0.06404161
0.04799946
0.10811230
-0.06000864
-0.10681516
0.01948467
0.01964898
-0.04814640
-0.00171311
-0.07043348
-0.04097045
-0.01191248
-0.03616719
-0.04824221
0.10407515
-0.03085331
0.10310803
-0.01743116
0.15011655
-0.08888090
-0.05619554
0.10694294
-0.11103106
-0.01002066
0.02454089
-0.05838098
0.04639170
-0.02709184
-0.09389783
0.01335159
0.03969804
0.02366315
-0.03696679
-0.04667957
-0.04127216
0.05399469
-0.03906921
0.02850115
0.03952345
-0.00914030
0.10866204
-0.07820980
-0.11044709
0.06255461
0.05538531
0.02221486
-0.04556661
0.06636787
-0.01348058
-0.04387181
-0.02151718
0.05530846
-0.02805929
-0.04133027
0.05881909
0.03435701
-0.05042226
-0.04402430
-0.01036591
-0.02523560
0.02942243
-0.03441814
-0.02334879
-0.02858744
-0.04736542
0.05462008
0.03958241
-0.03712610
-0.01614132
-0.00713833
0.03370957
-0.03846353
-0.00238965
-0.11115360
-0.03499061
0.03770911
-0.01734629
-0.04329349
-0.03892300
-0.07693984
0.01864593
-0.02507201
-0.02924942
-0.01031329
0.00286352
0.11445069
0.03958128
0.07443242
0.09247833
-0.08167381
-0.01906063
0.01980586
-0.07132219
0.00039520
-0.00983637
0.00125763
0.01694227
-0.01735976
0.04193992
0.00905694
0.01725562
-0.02956602
-0.10361867
-0.03921738
0.09278096
0.02948062
0.04092105
0.10029032
-0.02284990
0.02427804
-0.00234354
0.00644781
-0.06563914
-0.01385547
-0.07364395
0.03409345
-0.06535523
0.07049637
0.10282542
-0.06012768
-0.00113310
-0.03918635
0.01566230
-0.07517186
0.03315480
0.05970538
-0.01229604
-0.03308098
-0.05732185
0.08565207
0.05077253
-0.05724015
0.00869008
0.04027342
0.03686271
-0.08645694
-0.01252113
-0.03543996
-0.09542740
0.05716927
-0.02553194
-0.05610605
-0.01418137
0.02440621
0.09762203
-0.07652531
0.06418610
0.03439986
-0.00201363
0.06989679
-0.04534144
-0.01262802
0.00479304
0.03361686
0.04584436
-0.02653675
0.01241615
0.04045990
0.07667392
0.03679451
-0.02705450
-0.15391612
-0.07938214
-0.07906020
0.04034324
0.06185445
-0.03720778
-0.05273888
0.01641161
-0.06725600
-0.06137080
0.03178876
0.07883618
0.02936766
-0.07511722
-0.21483564
-0.09563655
-0.06063638
-0.11511291
-0.03598621
0.06831808
-0.03583707
0.08592364
0.03002703
0.07328577
0.06360482
0.00845920
0.06879841
-0.02143926
0.01522208
0.03335580
0.06690900
-0.01835009
-0.10588012
0.04497837
0.05458865
0.05365959
-0.15536737
0.05723604
-0.00270766
0.01786899
-0.04156882
-0.01383007
0.01825457
0.04703999
0.03881273
-0.07156464
0.02894031
-0.00686045
-0.03693032
-0.05393504
-0.00821619
-0.10678205
-0.04798445
0.07414307
0.14110103
0.00701181
0.09487598
-0.02974907
0.06530054
0.00589941
-0.12124746
0.01689030
0.02223697
-0.11964557
-0.18431738
-0.01561764
-0.08335979
0.06071920
-0.07379568
-0.08399314
0.00820316
-0.16890444
0.02640024
0.10935408
0.06072789
0.14838380
-0.01175361
-0.08359590
-0.24275187
-0.10239207
-0.11080969
-0.18489437
0.14116389
0.12405865
-0.07615611
-0.11364837
-0.04156471
0.01096803
0.02650479
0.11774538
-0.01001983
0.06260435
-0.22053255
0.01302887
-0.01543631
0.05624106
0.08160629
0.08128194
-0.00720994
0.04276931
0.03817825
-0.01625840
0.02679178
0.22229025
0.24161541
0.03777131
-0.08319036
-0.02838325
0.12573555
-0.11685876
0.08390761
0.03292660
-0.23732592
0.02415183
-0.08671749
0.04234818
0.06194191
0.13980086
-0.10811359
-0.13283506
0.07886829
-0.05082570
-0.17383772
0.12601732
-0.11512803
-0.12366673
0.08691912
0.01461891
0.03006900
0.00462095
-0.00560820
-0.02531840
0.01787712
-0.02077995
-0.07957089
-0.07943334
0.02312096
0.09162727
0.10337260
0.00532315
-0.01174486
0.07697057
0.03252979
0.02974416
0.00032717
-0.13930604
-0.02601072
-0.05510354
0.06425557
-0.07599396
-0.08318755
0.01695011
0.06955411
-0.17152670
-0.01864799
-0.08025531
-0.02144064
-0.05717110
-0.06018288
-0.08592980
0.01285324
0.06235349
-0.10157062
0.01740223
0.02843326
0.01645534
0.03191499
-0.01371915
-0.05533396
0.01751209
-0.01292829
0.07852811
-0.03003291
-0.06186797
-0.04967621
-0.02440631
-0.08159445
-0.02175192
0.07480974
-0.06768236
-0.02267776
-0.03523049
0.03926473
-0.05092929
-0.08337135
-0.06443567
-0.00322213
0.05323727
-0.05876209
0.09148350
0.08275259
0.04404655
0.02404331
0.08042437
0.10844688
-0.00610398
-0.06503667
0.07859290
-0.03818532
0.01897900
-0.04731943
-0.01664549
-0.02765760
-0.00445909
-0.10877276
-0.02007337
-0.16999885
-0.12352335
0.04570374
0.05308823
-0.06776477
-0.07414564
-0.02852385
0.07193326
0.05358005
-0.08734180
0.04478898
-0.14536329
0.01662804
0.01880281
0.14827147
-0.04591242
0.07279727
0.04133655
0.00536377
0.13443653
-0.05803296
-0.07228338
-0.06902482
-0.05960333
0.02059371
-0.07754980
-0.04808668
-0.10484719
-0.08952785
0.13135144
0.00380846
0.05171809
-0.17465906
0.17521791
-0.01149656
0.14686544
-0.02606329
-0.02576845
0.12837365
-0.06526070
0.10976075
0.05251683
-0.12283155
-0.06849811
-0.04012336
-0.03135024
-0.09920769
0.10325102
-0.07985997
0.03794693
0.10840827
-0.07666527
0.04081181
-0.00614732
-0.00987675
0.02759524
-0.04641804
-0.05182319
-0.06140281
0.00182785
0.17455293
-0.08136495
-0.13649048
-0.05708535
0.00500544
-0.12621547
0.03469229
0.04854690
0.00292221
0.10037600
0.02006058
-0.01464987
0.04780651
0.03031814
-0.21922216
-0.06034883
-0.09259024
-0.00973018
-0.00395983
-0.11477908
-0.07333302
0.03399561
-0.01030519
-0.02197852
-0.03810711
-0.02161209
0.03374157
-0.14969358
-0.00939171
-0.02784608
-0.02133677
0.07259386
-0.06097614
0.01253851
-0.04573566
0.10337397
0.08183415
0.00964047
0.13302484
-0.17757405
0.16208503
-0.03504419
-0.08544585
-0.00318344
-0.04017447
-0.00601522
0.00335059
-0.13947321
0.10419532
-0.07363328
0.06996407
0.14156072
-0.03278999
-0.02916797
0.08580811
-0.02794101
0.10157908
-0.00903059
-0.01108548
0.16517320
0.01785219
-0.21734187
-0.10706241
0.00532619
0.05881054
0.03414556
-0.05685506
-0.12043217
-0.06472795
-0.20989256
0.00430520
-0.01056297
0.03939351
-0.02128716
-0.01068800
-0.18392262
-0.02852135
0.02018540
-0.19095646
-0.07737839
-0.02885227
-0.01454250
-0.06453482
-0.12407320
-0.10346733
-0.05074298
0.03397461
-0.04605642
-0.03152980
0.10452220
0.02484886
-0.17005655
0.03719563
0.02489087
0.04546752
0.14812778
-0.20932026
0.09231555
-0.04221772
0.06468874
0.16672403
0.02747949
0.07579899
-0.10914972
0.00446686
0.05640655
-0.12642020
0.18025056
0.00110776
-0.13993822
0.11345726
-0.07160795
-0.00344172
0.00980277
0.07212055
-0.01571684
0.02267258
-0.04491498
-0.11761546
-0.02176246
-0.08463584
0.00263215
0.05319199
-0.09630297
-0.02443911
0.07921820
-0.06488468
0.04404373
-0.09126081
0.08887646
-0.02095206
-0.04621183
-0.11156258
0.11574519
0.06316674
-0.08374583
-0.00987165
0.03268015
-0.11787000
-0.02832574
0.07419119
0.04821547
0.10602108
-0.03748625
-0.08063357
-0.07351049
-0.02303847
0.01504857
-0.07969616
-0.08023677
0.00753372
0.02999648
0.01270716
0.05194363
-0.04709326
0.07407690
0.02871848
0.08409555
0.07912955
-0.04753192
0.02365980
-0.01638762
0.08263019
0.03548166
0.00458591
-0.02430590
-0.13300556
0.05695312
-0.15973938
-0.04076070
0.04177635
0.04397491
-0.00465977
0.03056811
0.04168242
0.12787801
-0.11517920
-0.09100536
0.06361909
0.00922853
0.03855636
-0.10609193
0.00892441
-0.16018213
0.11371017
0.03629690
0.05547168
-0.01638574
-0.07349227
-0.04442343
-0.03978515
0.02488897
0.08711558
-0.08522983
-0.02899879
-0.02317755
-0.02591764
-0.22078708
-0.05114726
-0.08963867
-0.01148388
0.02253704
0.04927250
0.00090441
-0.01601188
0.07166588
-0.06234743
-0.03626224
0.00668468
-0.18400140
0.01264368
-0.11591236
-0.01074439
0.01008262
-0.07579631
-0.00491135
-0.00070305
0.11416720
0.07402195
-0.11019271
0.04426630
0.01584610
-0.09683982
0.02424408
-0.19250105
0.09313955
-0.00049682
0.01129849
-0.05418178
0.02578148
0.02752973
0.07847522
-0.01366590
0.03798711
-0.05455522
0.00712276
-0.07833209
-0.13314433
-0.02899554
-0.15144314
0.05792557
-0.06232699
-0.08578835
0.12081637
-0.09934195
0.02590231
-0.07218780
0.03310201
0.16863696
-0.04827393
-0.02077338
0.09475754
0.08287002
-0.05991588
-0.03175427
-0.11241583
0.18691093
-0.06618164
-0.10240541
0.00869489
0.03050260
-0.03160381
0.01332744
-0.04636052
-0.07933153
-0.06290631
0.06829264
-0.02227369
0.09136387
0.02283849
-0.04171943
-0.10108875
-0.03788823
0.03315163
-0.00061095
-0.18354394
0.04174969
-0.04153155
-0.11128262
0.07288941
-0.07748969
0.03337333
0.03577269
-0.05239976
0.05271560
0.03996312
-0.06426535
-0.02995923
-0.13461383
-0.00965710
-0.03065992
0.05406494
-0.02662880
0.01414062
0.05503240
-0.03829935
0.00637800
0.06389595
-0.03050841
0.09157811
-0.06145580
-0.05980644
0.04010823
-0.00014452
0.07510775
-0.04534641
-0.01993595
0.11925028
0.04681275
0.09042373
-0.09565771
0.03858743
0.08698532
0.01024683
-0.07205133
-0.01162872
-0.07721172
0.14585745
-0.10736527
0.11028322
0.05516362
-0.08417670
-0.01223946
0.01333576
-0.01180713
-0.16692737
-0.01859319
-0.10917521
0.04123699
-0.05287458
0.10727431
0.08042657
0.00402129
-0.08511627
0.07491522
-0.01853535
0.05262351
-0.07030793
0.11946963
0.03385385
-0.05956354
-0.01221730
0.10243298
0.10842328
0.02611829
0.06592382
0.09507916
-0.04619806
-0.08595718
0.03233287
-0.07069715
-0.02784620
-0.02215128
0.00469433
-0.00374704
-0.01647549
-0.11625876
0.05880402
0.06686909
0.14085321
-0.07046685
-0.00813460
0.00560542
-0.02980136
-0.01757872
-0.02348473
-0.03313299
0.04334968
-0.06707527
-0.07287306
-0.01406280
0.04282302
0.02165987
-0.04949321
-0.00986059
-0.05120065
0.03105344
-0.01830408
-0.06210661
0.04348764
0.08864872
-0.04070854
0.02436174
0.06526642
0.11649813
0.03924151
-0.07392716
-0.13474150
-0.23583804
-0.06486642
-0.04650928
0.12371217
-0.01060154
0.03745675
-0.08746998
0.03360626
0.02253626
0.08422843
-0.04007589
-0.04568410
0.02609474
0.12093339
-0.00610630
-0.01737716
-0.01604345
0.00216640
-0.03634610
0.03318546
0.01669593
-0.08185758
-0.16040264
-0.07396647
0.02401336
0.10701415
-0.02478556
0.09109832
-0.11339498
0.00619677
-0.02738138
-0.11575009
0.09869447
0.01178983
0.05173393
-0.20197289
-0.01730079
0.00376572
-0.10819570
-0.00788343
0.02358797
-0.05570269
0.19252512
-0.05017967
0.11825373
0.02284008
0.05669433
-0.04193159
0.01156017
-0.03978106
-0.00603718
-0.02214980
0.08517780
0.01332652
0.03692891
0.13062215
0.05868309
0.03913731
-0.00616009
-0.12928204
0.02947841
-0.09988829
-0.02267892
0.01841505
0.11216270
-0.02044311
-0.06041064
-0.03275689
-0.08848640
-0.02522592
0.07785970
-0.08089579
0.09501244
-0.03932179
-0.02174834
-0.20170318
-0.08183844
-0.01251770
0.07269920
-0.14694843
0.01591514
0.00098325
-0.08857319
0.06184624
-0.04960599
0.03795461
-0.04203595
-0.02359495
-0.07276359
0.02681112
-0.14246322
-0.13215719
0.01292676
0.00053055
0.02458129
0.06234649
-0.13596016
-0.03666032
0.07517420
-0.04728841
-0.06014778
-0.09835234
0.11652377
-0.06393295
-0.01730940
-0.02550050
-0.01624354
-0.00035368
-0.00691997
0.02832328
0.02483380
0.08480375
0.05104234
0.07065038
-0.12825903
-0.06079482
-0.03069294
-0.07171734
-0.04324804
-0.03665866
-0.04385391
0.02394493
-0.07975775
0.08277436
-0.07372511
0.08955011
0.10806771
-0.10941318
-0.15188950
-0.00173422
-0.03940570
-0.11973722
0.11195371
0.10638954
-0.10620859
0.00171098
0.01537390
-0.00281902
-0.00550957
0.00809180
-0.02536447
0.02458896
0.02694646
0.04178383
-0.00196819
-0.08538926
0.05778118
0.03047619
-0.09844384
0.12012081
-0.09225228
0.07026622
-0.06045666
0.08071187
0.06487517
0.01820189
-0.01794093
0.03820159
0.07715342
-0.10688206
0.06156030
0.04253606
-0.13840373
0.08141178
-0.11231185
-0.14042267
-0.02960470
0.00593081
0.00335945
0.04002834
0.11623504
-0.05787441
-0.05309229
0.03388203
-0.14395422
-0.01711474
0.09170301
-0.09928557
-0.12488015
0.03758607
-0.10043263
0.00103670
-0.04358541
-0.01292284
0.01327701
0.14502181
-0.07332196
0.12627833
0.02255099
-0.01161005
0.04144043
-0.03730923
-0.01044886
0.01665153
0.01908305
-0.25004822
0.01533254
0.04973962
0.06417541
0.05206167
-0.04407642
-0.03846779
0.03199575
0.03961969
0.07272691
0.00555563
-0.01318003
0.06555403
-0.03355637
-0.00178369
-0.00784736
-0.00728544
-0.01243368
0.04335393
-0.04454628
0.01413206
0.00829015
0.11061605
0.12783860
-0.03522034
0.02953100
0.06925264
-0.01437546
-0.05247814
-0.07962166
-0.00278606
-0.09770685
-0.02742244
-0.20196156
-0.04322817
0.01732027
0.08881434
0.03943703
-0.02827133
0.02872714
0.06143933
-0.18446356
0.06728309
-0.08941277
-0.09456640
0.11205494
-0.00985226
-0.11265722
0.09453899
-0.01255624
0.02816337
0.04756087
-0.10443354
-0.02789626
0.07523032
-0.07349217
-0.07204510
0.03520425
0.04993197
-0.00601357
-0.06625161
-0.03359709
-0.06524669
-0.06345445
0.05043472
-0.00295840
0.01155822
-0.12718043
0.08201894
-0.04302172
-0.04180137
-0.02561615
0.01015522
-0.05375674
0.00484578
-0.03267805
0.00392007
-0.00908371
0.00148674
-0.06657290
-0.06003815
-0.03722125
-0.01391986
-0.11211170
0.00889743
-0.07633610
0.02042755
-0.06635564
0.01693210
0.01234232
-0.08741479
-0.01851927
-0.02270822
0.07691778
-0.05208066
-0.03701846
0.01537575
-0.01601106
-0.05397239
0.04752047
-0.06409907
0.07773425
0.01660500
-0.01136286
-0.05487137
0.03870930
-0.02513160
-0.05020140
-0.06983703
-0.02422249
0.00882669
0.00478996
0.03073600
0.03708879
0.03508987
0.04339921
-0.04763723
0.06211216
-0.01945733
0.06440964
0.04063803
0.04792553
0.00005458
0.01997453
0.04089058
-0.07088538
-0.05004090
-0.07449634
0.03522225
-0.00414124
0.08025199
0.00865144
0.00359328
0.02980350
0.05860518
-0.01225211
0.03304668
-0.05110019
-0.02161829
0.03742675
0.05511316
0.01281892
-0.00236181
0.00487401
-0.02638159
0.04871102
-0.02643533
-0.03777842
0.02595779
0.00667596
0.06394432
-0.04031061
0.06123060
-0.03214197
0.00430610
-0.06956242
-0.04483533
-0.01569474
0.04192428
0.03731134
0.06955759
-0.02744769
-0.07563895
-0.05032939
-0.02223123
-0.06060890
-0.05676528
0.03233313
0.02779303
-0.03088223
-0.02353744
-0.04937623
-0.03797516
0.07511505
0.04028974
-0.10994481
0.04896233
-0.02573378
0.02898652
0.01360099
-0.18778601
-0.06403782
0.08427939
-0.00812900
-0.00450138
-0.10378245
-0.01476717
-0.08222896
0.12642683
0.12825648
0.07197446
0.02336705
-0.01500482
-0.01322652
-0.01069598
0.04090263
0.01974918
-0.06909351
0.07447076
0.01317167
-0.04381318
-0.08333472
-0.05418599
-0.06432436
-0.03588434
-0.14988294
0.05730873
0.11123908
0.10292562
-0.03325888
-0.09498380
-0.05432711
0.05079388
-0.07791229
0.02790825
-0.10917141
-0.13568629
0.11586913
-0.14796685
0.04988984
-0.07627834
0.04704347
-0.02226178
-0.18005553
0.03544993
-0.18508562
-0.01929266
0.09846119
-0.07974166
0.02149734
0.03631552
-0.15618776
0.08125556
-0.03167729
-0.08528298
0.07751288
0.04440081
-0.03199679
0.02645833
0.04476702
0.03299822
-0.03483613
0.03014412
-0.01580405
-0.03933851
-0.02901868
-0.05214250
-0.05848505
0.07029580
0.00532884
0.04696283
-0.12583555
0.01771925
-0.07969560
-0.09132427
-0.05705107
0.02733352
-0.03620844
-0.07062992
0.02038165
0.01052564
-0.00524939
-0.03332264
0.03163791
-0.00789847
-0.09380964
-0.13078396
-0.03093098
-0.11439947
0.09326337
-0.07544475
0.07934935
0.11494076
-0.09626844
-0.04126036
-0.06286792
0.01290004
-0.05579507
0.02169274
0.07184867
-0.11082883
-0.07316720
0.10959239
0.07385313
0.06325509
-0.14117593
0.02599746
0.05613523
0.04177072
-0.07656147
-0.05372031
0.10311549
-0.07960225
0.08485597
-0.04616598
-0.04597129
0.02390236
0.04442560
0.12425594
0.01644404
0.11050901
0.05201703
0.13227466
-0.02832844
0.00917686
-0.03549559
-0.05823637
0.04387935
0.10807551
-0.06401610
0.02776234
-0.03457343
-0.00092291
0.04656374
-0.08745705
0.05175305
0.07915513
0.15847670
-0.02709460
-0.04229053
-0.08343432
0.05965326
-0.04460674
0.05377345
0.05948006
0.02451890
-0.05832891
0.05919803
-0.07288362
0.03785054
-0.07391972
-0.04144938
-0.01612693
-0.05361176
-0.00342334
-0.02003730
0.04573072
0.02663677
0.00467166
-0.08258078
0.07251196
0.01335486
-0.04138051
-0.06339428
-0.02732724
0.10739921
-0.04494901
0.03774273
-0.08372805
0.03567015
-0.00124046
-0.05651851
0.00664574
0.00641867
-0.05706523
0.08923024
0.00363064
0.03129257
0.01228781
-0.06904881
-0.08606845
-0.08748875
-0.05883238
-0.07584799
-0.06427873
0.07915333
-0.04760433
0.00760237
0.01434493
0.03352437
-0.05831047
0.01460258
-0.10371658
-0.03254845
-0.03573114
-0.05571862
-0.03087289
0.02358470
-0.08671501
-0.01685875
0.16355579
0.11516435
0.05416828
0.04797789
0.01252107
-0.09328645
-0.10838052
0.06917169
0.03344082
-0.08359934
-0.04382491
-0.02810651
0.01577204
-0.09896822
-0.05422708
-0.08454416
0.00894320
-0.10990870
-0.07012501
-0.00063237
0.10597596
0.01472188
-0.17833884
-0.01232509
0.05535756
-0.01013274
0.03865847
-0.09024928
-0.07716042
0.12354707
-0.00150472
0.06088908
0.00776971
-0.03642127
-0.04359145
-0.11826885
-0.01506519
0.01488034
-0.11660480
0.14750797
-0.09243146
0.05174875
0.05195972
-0.06577989
0.00606662
0.02215158
0.00658870
-0.02132814
-0.03569227
-0.07570151
0.02429467
0.01530447
0.05531545
0.05131092
-0.02694986
-0.00363824
-0.02354943
-0.08961610
0.06432354
-0.04552756
-0.00973304
0.04924270
0.02406647
0.03362031
0.04740292
-0.12945516
-0.00913840
-0.03538079
-0.03908810
0.07042947
-0.08470093
0.06222970
0.07280919
0.06384490
-0.07164440
-0.01398633
-0.02828466
0.01677940
0.08954150
0.09359975
0.07954034
-0.05856789
-0.05019808
0.02759406
0.03708405
0.01136554
-0.05018529
0.01185395
-0.06607917
-0.01723008
-0.03298128
0.07076276
0.03500299
0.03022582
0.05613972
-0.04277651
0.03535886
-0.05267428
0.03671319
0.01386777
-0.01347830
-0.03099911
-0.04244459
0.05487767
0.00077210
-0.03030557
0.06901556
-0.00560715
0.05334386
0.00856120
-0.04850774
-0.02175915
0.05390758
0.07000224
0.00407512
-0.02978949
0.00269773
-0.00325328
0.03366949
-0.03748367
0.01787207
-0.03987078
0.03941307
0.01336497
0.07526210
0.00394871
0.00281545
0.10440373
0.00230736
-0.09636316
-0.21114743
0.03596496
0.04192304
-0.00038694
0.02774992
0.00327651
0.08272263
0.08090228
-0.05983433
-0.02507034
0.05360212
0.02576353
0.02822832
0.11152367
-0.04696676
-0.03928417
0.03165726
-0.06573261
0.06892370
0.01975165
-0.00832577
-0.05345793
0.03140863
-0.00178068
0.04232757
0.01809946
-0.00162998
0.05590875
0.00093604
-0.00434577
-0.01623011
-0.15583065
-0.01729390
-0.01710500
0.00002553
-0.08455638
-0.13738558
0.02373407
-0.00338627
0.01902539
-0.00858318
-0.06977283
-0.00200706
-0.07725290
-0.01080095
-0.07012256
0.03142337
-0.02745164
-0.05598825
0.06853180
-0.03879688
-0.03998386
-0.07295783
-0.01583112
0.06534969
0.07805927
-0.07979362
-0.01238467
-0.05588983
-0.02814223
-0.08495391
-0.06606883
0.06480258
-0.00621939
0.02607821
-0.00855443
-0.06437185
0.04239463
0.10370947
-0.02778188
0.01233308
-0.00870798
0.02260384
-0.13606443
-0.13536878
-0.00639931
-0.02779097
-0.06427773
0.04565332
-0.04090378
0.02015048
-0.05424149
-0.00347819
-0.01169410
0.08530924
-0.02785474
0.03178618
-0.01085784
-0.04252832
-0.02558635
0.10574951
-0.00758323
0.02795325
-0.07843964
-0.00574959
-0.03231079
0.01255224
-0.01669611
-0.04942385
0.03055698
-0.05170118
-0.11393098
-0.05023489
0.01594045
-0.00876457
0.01902644
-0.02406768
0.08238278
0.05191078
-0.08928385
0.08549830
0.06506643
0.04575704
-0.03280387
-0.05407908
0.03071964
-0.01701787
-0.02426456
-0.01396803
0.04258817
0.04819058
-0.04964136
0.08226322
-0.04380607
0.01912317
0.08961627
-0.13530505
-0.08041257
-0.26508188
-0.10204103
-0.09867662
0.03438679
0.03824085
0.10166214
0.11966014
-0.05436621
-0.08813830
-0.02228993
-0.03372232
0.09974620
0.01407242
0.01912633
-0.16889799
0.05748331
0.02635171
0.03919136
0.10244546
-0.11048218
0.12205306
0.04096422
0.01415434
-0.02965731
0.12470268
0.01302241
-0.04046715
-0.07436166
0.17511298
-0.00804358
-0.06724257
-0.14962566
-0.00430446
-0.02817636
0.06238044
-0.01600136
0.00884268
-0.01812303
0.03639733
0.00330940
-0.03648042
-0.01520129
-0.08813150
-0.02630581
0.04233999
-0.10677905
0.06908102
-0.10263361
0.02215059
0.04659241
-0.06999075
0.13820997
0.01934072
0.03842022
0.00340742
0.03123516
-0.01785002
-0.07697499
0.10770378
0.15593350
-0.10024329
0.00191749
-0.08824986
-0.14659627
-0.20606960
-0.13124624
-0.00588723
-0.07210292
-0.01106702
0.14914501
0.10607053
0.02069678
-0.01283407
-0.13438544
-0.04781353
0.03701244
-0.11878296
0.10138389
-0.17062633
-0.01634844
0.00641017
0.03871555
0.07625804
-0.04907333
0.08892745
0.18576333
-0.22386819
0.02588744
0.07158931
-0.14469659
0.12841780
-0.18714140
0.13270962
-0.01323046
0.05017202
0.13075428
0.01093979
0.05555117
0.06885095
-0.03307566
0.03889788
-0.19045104
0.03013517
0.00223941
-0.21099922
-0.01114149
-0.06266475
-0.05512260
0.10602936
0.01821081
-0.01080452
-0.02606745
0.02453129
-0.19359447
-0.03455202
-0.14390343
-0.02870393
-0.06307779
0.01890513
0.05036194
-0.10071592
-0.04877783
0.15021887
0.01506186
-0.02027814
-0.05658351
-0.19978590
-0.25030011
-0.20542420
-0.06614570
-0.14760002
0.27715069
0.08482487
-0.14800395
-0.13755564
-0.09511629
0.00587530
-0.05691140
0.20084198
0.11539160
0.09366066
-0.14442265
0.01621837
-0.03033992
0.06509749
0.04066031
0.13844743
0.05081327
-0.04448434
0.02439422
-0.07387933
0.05088716
0.04136270
0.09303708
0.05956491
0.01180172
-0.06896103
0.05400494
-0.05235797
-0.00414148
-0.01757795
-0.16871308
-0.04929600
-0.11379775
0.04999747
0.01977412
0.10866493
-0.08815761
-0.04717980
0.16149721
-0.03972440
-0.16772608
0.22875449
-0.04552578
-0.32567003
-0.09275709
0.00733719
-0.04820089
0.00402452
-0.03552610
0.00152950
-0.04495684
-0.00856259
0.06658468
-0.01244587
-0.07231357
0.07281352
-0.05100357
-0.04250855
0.08133499
-0.07925061
-0.13555953
-0.10626735
0.03225012
-0.15617408
0.11122977
0.01024507
0.02395156
-0.00030599
0.06210263
-0.09201347
-0.03975688
0.02030949
0.11184704
-0.04007007
0.01093436
-0.12106729
0.08664621
-0.08314489
0.07259915
0.10660905
-0.02358266
0.05801135
-0.04356654
0.02373830
-0.07722594
0.13459791
-0.01347842
-0.00259711
0.01931278
-0.00679426
0.02576059
-0.05637917
-0.11891926
-0.03979830
0.02064916
-0.03891320
-0.11966603
-0.10589855
0.02279508
-0.06585809
-0.04562873
-0.01047462
-0.01049313
-0.07906490
-0.16554239
0.12230939
-0.15008843
-0.08587408
-0.06441870
0.10032400
-0.09560669
0.04001380
-0.00411907
-0.00695529
-0.05990017
-0.05978391
-0.08499689
0.11447845
-0.06225113
-0.04021071
-0.06953491
-0.05136215
0.04194391
0.03702784
0.00209147
0.16034061
-0.00967800
-0.00692755
0.08547124
-0.00068159
-0.12935576
0.00920416
-0.10798569
0.04190890
0.06026353
0.10451400
-0.04513103
0.03669801
0.01070682
0.04870231
-0.02035331
-0.02633082
0.10896757
0.07779261
-0.02904443
-0.09796292
-0.15568750
0.08573000
0.02787423
0.03404999
-0.05939620
-0.05372643
0.01551522
-0.05576285
0.06791408
-0.10175227
0.07836028
0.05779292
-0.04059791
0.06900260
-0.11976107
-0.03963593
0.11282147
-0.12148394
-0.08929881
-0.02022432
-0.04631375
0.06369092
-0.09257083
-0.07584178
-0.00502116
0.00415984
0.04986543
-0.01310310
0.05485230
-0.02411644
0.12190191
0.05591479
-0.05734408
-0.03683462
-0.07935543
0.14625865
0.02929281
-0.01844206
-0.00639795
0.01063252
-0.03980144
0.04200902
0.06642161
0.00161981
0.00535479
0.12091781
-0.05670249
-0.09962810
0.03208451
0.01973897
0.06233463
0.04261969
0.07200854
0.02643547
-0.10448112
0.05369363
0.01903968
-0.10048229
-0.02952151
-0.08116592
0.03748927
0.05827150
0.03410595
0.01275873
-0.01988427
-0.02780168
-0.02947603
0.01450976
-0.13310583
-0.07160906
0.02246410
0.00121758
-0.05766368
0.07451097
0.06498472
0.11642395
0.03468795
0.09660566
-0.08880176
0.05289041
0.16090515
-0.07480932
-0.02610720
-0.05459319
-0.16793506
0.03594978
0.04971536
-0.16118380
0.00248374
0.03348775
0.08974764
-0.03218395
-0.17220539
0.03305337
-0.09145533
0.00828043
0.05842491
0.09557603
-0.02642991
-0.06657248
-0.00318725
-0.06668038
-0.17458202
0.12947538
0.05017131
0.03081717
-0.00164997
-0.03415134
-0.03122609
0.07262304
0.04882258
-0.00931289
-0.02512379
-0.11711492
-0.07387526
-0.04269983
0.08716387
0.07204363
0.02734417
-0.02471267
-0.12284084
0.02573280
0.00452600
0.00294903
-0.04667442
0.05956684
-0.10560223
0.03234810
0.10185117
-0.04452413
-0.00707030
0.03417026
0.15375870
-0.11400788
0.00034039
-0.04175268
0.04726228
-0.09090364
-0.08750562
-0.07081809
-0.03425474
0.04546817
-0.05634220
-0.04604326
-0.09357471
0.14112270
0.05332840
-0.08137275
0.12414580
0.09379909
-0.25005817
0.13394681
-0.03734737
-0.09192021
-0.01192577
0.01048880
-0.05314854
0.03816582
0.00941916
-0.00072614
-0.02585690
0.12072546
0.06468033
0.12417152
-0.01695668
-0.07030029
-0.08998273
-0.05673622
0.00594934
-0.02229187
0.07392365
-0.01077643
0.02830427
-0.06004141
-0.11246413
-0.05353443
0.14436050
0.08301248
0.02174919
-0.20179832
-0.00662207
0.06514090
0.04808326
0.00779318
0.04898336
-0.03298639
-0.08057652
-0.05018579
0.00276750
0.10874197
-0.02898429
0.10476670
-0.00721590
-0.00117649
0.03238465
-0.08798376
-0.12398457
0.01704416
0.04752550
-0.00232634
-0.02959242
0.02785559
-0.13452153
0.05344873
-0.07312391
-0.00660472
0.00524700
-0.02076162
0.09741360
0.04460479
0.00904575
0.03394652
-0.12312889
0.07267993
-0.05475017
0.03538062
-0.04695391
0.03774027
0.04777249
-0.04109878
0.01560911
-0.02656692
-0.02412892
0.00610898
0.03773788
-0.12893157
-0.03324008
-0.07432763
0.03915292
-0.01539696
-0.00113830
0.11055942
0.09921825
0.07565525
0.00431999
0.03906636
-0.01849992
-0.10351511
-0.02661278
0.11453446
-0.02587520
-0.00476417
-0.13633545
-0.02025554
-0.03816983
-0.04908897
-0.04817200
0.01600597
0.01540434
0.01106753
0.03017484
0.00822771
-0.06395815
-0.09060377
-0.13156140
-0.04545897
-0.08777752
-0.06979951
0.05031499
0.03722533
0.03691842
-0.19294907
0.05355166
0.04768307
-0.01058520
-0.05495433
0.02305196
0.00706249
0.01993170
-0.08956564
-0.04567989
-0.09407845
-0.08949886
0.09913526
0.06719111
0.06520601
0.05981432
-0.09081697
-0.03927978
0.05842719
-0.04518693
-0.11766876
0.07710124
-0.18535760
-0.04194858
-0.12626964
-0.02932643
-0.07094109
-0.04874825
0.03677241
0.19425087
0.23167761
-0.05533255
0.10140033
-0.02287517
-0.16827659
-0.06019831
-0.05894511
-0.08280400
-0.11710461
0.05182300
0.03062338
-0.09733746
-0.08426912
0.02071772
0.06062815
0.13517526
0.02248627
-0.15315652
0.09920068
-0.15529701
-0.12847722
0.16783974
-0.06848288
-0.08289131
-0.01852326
0.08994683
0.06250344
-0.10238041
-0.04827968
-0.07309595
0.01757997
0.04730822
-0.08973838
-0.16425648
0.09293920
-0.09436700
0.04412793
0.06607843
-0.07673936
-0.13819575
0.06872021
-0.14497286
-0.12143456
0.01155984
-0.04196748
0.06631320
-0.02122927
-0.09886884
-0.07848508
-0.05122622
-0.06439946
-0.07785317
-0.00475843
-0.21091112
0.06390793
-0.06971539
0.10098895
0.00176317
0.02508136
0.05069811
0.00431707
0.01612858
0.11972011
-0.00638478
0.11581492
-0.00680389
-0.11548164
-0.04639556
-0.04804846
0.05521801
-0.06438795
0.05834281
-0.12193290
-0.05013882
0.04539695
0.07821001
-0.03021550
0.16692759
0.09926204
0.09721757
-0.18058415
0.01159280
-0.00381888
0.06411422
0.10592967
0.03892425
-0.01266094
-0.04753380
-0.03856876
0.04194640
0.19531484
0.00495519
0.07574805
0.02112129
0.00573390
-0.03071416
-0.03384368
-0.05249590
0.07512826
0.00551639
-0.05463211
-0.00374456
-0.07999960
-0.12265704
-0.00899035
0.03249472
0.13121705
-0.10969214
-0.08579041
0.09335717
0.00126307
-0.01307906
-0.01729252
-0.13581893
-0.01797070
-0.04655565
0.02377925
-0.13557436
0.01302247
-0.05390149
-0.02596442
-0.05818794
-0.00014970
-0.29480910
0.09008440
-0.01901432
0.08007019
-0.01156414
-0.06017521
0.03782612
-0.01652524
-0.06624521
0.02485713
0.08591074
-0.07467259
-0.01381152
0.03405732
0.01004064
-0.11669338
-0.17683312
0.07227513
-0.01021713
-0.10965431
-0.18152817
-0.08329815
0.14541627
-0.00182548
-0.01234610
-0.14341751
-0.16504815
0.13482702
-0.10706246
-0.03502848
-0.10363911
0.00692375
-0.11195941
0.00908551
0.07998220
-0.05435710
-0.02060081
-0.03941566
0.10134485
-0.06341578
0.04315708
-0.07408690
-0.04633895
0.06849951
-0.02192441
-0.16900431
-0.12996623
-0.13971996
0.03116603
0.02668176
-0.20170957
0.00675061
-0.06676527
-0.00794986
0.15417470
-0.04219798
-0.27554128
0.10679495
0.05516677
-0.10946833
0.06115055
-0.03386962
-0.07154088
0.01001406
-0.07256813
-0.02396302
0.01270855
-0.03259804
-0.02051979
0.03785255
-0.09366865
0.08231959
-0.05303295
0.00646407
0.09394070
0.09878773
0.03003484
0.08864585
-0.09000741
-0.11364173
-0.01196123
0.06427016
0.06271175
-0.08577472
-0.07849295
-0.07161055
-0.04525300
-0.03891731
-0.00766843
-0.01830013
-0.00995781
0.07943735
0.06711921
-0.03029224
-0.03813477
-0.10970908
-0.05278550
0.02884164
-0.16654427
0.05612961
-0.04943909
-0.00300188
0.01578288
-0.09497626
0.05831347
-0.06234742
0.02915976
-0.07882509
-0.03449941
-0.04470416
-0.02036240
-0.03569517
-0.03993822
0.00478254
-0.08395238
0.00472242
-0.03850143
0.04471522
0.02963352
0.04180655
-0.11433852
-0.07677308
-0.08219004
-0.04315650
0.06830087
0.01344800
-0.04453334
-0.00558359
-0.01326677
0.06310704
-0.04075840
0.00107082
0.02733311
-0.07006685
-0.03512882
-0.05226846
-0.00940838
-0.00679503
0.04616524
-0.01207803
0.01322721
0.03681227
0.00866785
-0.09634483
0.06413266
-0.00251447
0.00796770
-0.08565550
0.02579667
0.02210261
0.02797937
-0.00671963
-0.04850796
-0.06381378
-0.09080136
-0.02518554
0.02306653
-0.05755577
0.12502141
0.03135402
0.02883696
-0.00965300
-0.00767639
0.08047532
-0.00570080
0.04821860
0.05094295
-0.01639257
-0.02071927
-0.03102908
-0.00706845
-0.03523160
-0.00256941
0.05155005
-0.08014575
-0.01744634
-0.07262543
-0.07842126
-0.06993732
0.07394613
0.05599289
-0.07297187
-0.02304590
-0.06230967
-0.06922949
0.13308245
-0.06198983
-0.04645462
0.02201087
-0.00970676
-0.12908168
-0.03166677
0.01015408
0.02382901
-0.07380944
-0.07560704
0.09256059
0.06690677
-0.03239733
0.00561945
0.08004482
-0.03773801
0.00910916
-0.00262601
0.09496801
0.05695021
-0.03833864
-0.09998576
-0.13025716
-0.09422596
0.02014613
0.03347947
0.02094028
0.07654112
0.03137650
-0.01152208
0.03045409
-0.09387498
0.14530867
0.03586604
-0.01547298
-0.05678512
0.14946230
-0.00510570
0.02926043
-0.09842778
0.12702331
0.08181375
0.03650525
0.01361421
-0.01056821
-0.05998296
0.04761335
0.03210557
0.03725225
0.01820983
-0.10227937
-0.00691913
-0.10822394
-0.02171933
0.01423661
-0.08127410
-0.09702681
0.04000579
-0.08359963
0.07987186
-0.08196891
0.02343024
-0.03353046
0.05622317
-0.15363407
0.00222444
0.05594664
-0.03025825
-0.06727349
0.02757480
0.07218843
-0.04618758
-0.07353526
-0.01016423
-0.12376834
0.05534877
0.01580339
-0.12126504
-0.10701004
0.01187534
-0.13523725
-0.05245581
0.04818248
-0.05333544
-0.01336552
0.05387097
0.08285162
-0.10322540
0.06850680
0.11420480
0.03427989
-0.11012987
0.04718990
-0.01254872
-0.06731553
-0.01951487
0.08214191
-0.08758393
-0.05698059
0.05201758
-0.03547153
0.12623511
-0.05012137
0.04656237
-0.00511308
0.03210748
0.01153686
-0.02093431
0.00013918
-0.04840890
-0.00132613
-0.08096158
-0.04720290
-0.05683297
0.00576720
0.03495067
-0.07688516
0.05166858
-0.13734227
-0.07288520
-0.01687231
-0.08863675
0.02400950
0.01208331
-0.02098873
0.05991998
-0.05942520
0.09676704
0.01815879
0.13491605
0.06256928
-0.00322425
-0.00323461
-0.08910803
-0.00571159
0.05889872
-0.07173280
0.09029197
-0.00577459
0.05020177
-0.01945507
-0.03553124
-0.04649631
-0.00827157
-0.03231541
0.01132446
-0.05420796
-0.02883697
-0.02780413
0.00290346
0.10148487
-0.06586308
0.03412250
0.11969861
0.09936256
-0.09644568
0.16455603
0.00054132
0.00604845
-0.02581753
-0.02401230
-0.03329765
0.06742744
-0.04070580
0.07396966
0.13199179
-0.01078827
0.02068738
0.05816333
0.04812511
-0.10499330
-0.02891412
0.00519027
0.05770669
-0.05889632
0.01765849
0.00157609
0.04786906
-0.06086881
-0.02529020
-0.07283359
0.12972954
-0.03318400
-0.01368394
-0.00647330
0.05202350
0.10664734
-0.00630666
-0.02605944
0.06390317
-0.09445136
0.07534010
-0.16903497
0.01422588
0.05496205
0.03062957
-0.01829422
0.02026080
0.01285354
-0.01089561
-0.08365704
0.03774200
0.01266400
0.08873051
-0.02168880
0.00924069
-0.03170004
-0.01663569
0.04935016
0.04669660
-0.16184606
-0.07328692
-0.04252977
-0.05337618
-0.02797369
-0.10090525
-0.04778704
-0.00996458
-0.00064571
-0.00252574
0.03451100
0.06730258
0.00633412
-0.04216339
0.00101879
-0.01525483
-0.04122394
-0.03541296
0.07761667
0.10476746
-0.02672112
0.06128456
0.04346129
-0.09319250
0.00638330
-0.00878229
-0.05515745
0.09936733
-0.00709321
0.08688812
0.06272587
-0.09151147
-0.00173490
-0.00478464
-0.03562940
0.04716721
-0.18565086
-0.02689259
0.12053823
-0.01264288
0.08240361
-0.11247601
-0.09633303
0.01579096
-0.10545816
0.04696112
-0.14175859
0.01280916
-0.08105318
-0.01265924
0.11982475
0.01496137
0.04834690
-0.02897373
0.03703314
-0.08488901
0.10908160
0.01731608
0.04846741
-0.00276287
0.02169817
0.00639606
-0.01631426
0.12999709
0.08715191
0.02903083
-0.02182421
-0.05466979
0.00818686
-0.03635157
-0.01939172
-0.07679591
-0.08983174
-0.04245168
-0.03432558
-0.05668418
-0.02674559
-0.12821411
0.03030393
-0.07750758
0.03664274
-0.03737263
0.08718169
0.00986879
-0.08788332
-0.03125857
-0.08080322
-0.04454436
0.02290958
-0.00073811
0.08213302
-0.06798801
-0.06423779
0.08760922
-0.00735482
0.02589225
-0.07747758
0.08532671
-0.04249775
-0.05460976
-0.01197457
-0.02511922
0.03298264
-0.06900702
0.09806111
0.03118481
-0.05091864
-0.00980765
-0.04608257
0.03373716
0.07139969
-0.07869963
0.07938425
0.00415478
-0.04683493
0.00775892
0.00219666
0.01377441
-0.02305270
-0.03585327
-0.05589920
0.07347974
-0.05782152
-0.08208286
-0.04591654
0.02309179
-0.02653480
0.01124220
0.06439139
0.01780840
0.04841137
-0.05726213
-0.06454805
0.04294590
0.07231596
-0.01752509
-0.01325443
-0.08829531
0.00473604
0.01382134
0.06891949
0.04550644
-0.01937342
-0.07473188
-0.02679864
0.05805793
0.02397903
0.04297944
-0.00704793
-0.05693276
0.07406119
-0.00513284
-0.07177908
0.07040858
0.03823496
-0.04100646
0.07435247
-0.03469218
0.07304189
-0.00773495
-0.04234992
0.06341844
-0.07193862
0.01774602
0.03031990
-0.09412611
-0.01395533
0.00311303
0.04105284
0.03218341
0.04006731
0.01001930
0.03280503
0.00465666
-0.09149463
0.00451073
0.08248968
-0.07701045
-0.01512903
-0.02409884
0.05553477
-0.05842891
0.00104640
-0.11485010
-0.03966623
-0.01416848
-0.04465689
-0.01742474
0.02356994
0.06672737
0.05323591
-0.08570737
-0.04423583
-0.07597878
0.02224325
-0.05764947
0.11258329
0.09288683
-0.06078253
0.02671584
-0.06642819
-0.06501703
-0.03606283
0.01659404
0.00566594
-0.00864539
-0.04886176
0.05906727
0.09023684
0.06095935
0.03055755
-0.09000791
-0.07197969
0.09287644
-0.06820729
-0.02514952
-0.03188801
0.08096174
0.10981153
-0.12422956
-0.05260287
-0.01769896
-0.03987329
-0.17987423
-0.06784348
-0.04766802
0.00178446
-0.01981542
-0.01065955
-0.08470596
0.02975840
0.13554725
0.11268608
0.02263176
-0.00469726
-0.02228174
0.00152164
0.04664276
-0.08979128
0.06288363
0.06848349
0.01344762
-0.11199570
0.09739500
0.10462214
0.01106987
-0.06529384
0.15758441
0.15384424
0.12611592
-0.11422192
-0.11424060
-0.12530723
-0.03554017
-0.19228241
-0.10691736
0.08316116
0.14240545
-0.00325526
0.05308257
-0.14979908
-0.06000919
0.09569474
0.00600174
0.10020880
0.12489379
-0.12588675
-0.01336921
-0.14730312
0.03368712
0.03311573
-0.14286624
-0.16835558
0.00640359
-0.03931903
0.03751700
0.07950535
0.02218129
0.04675984
0.05894537
0.01181134
-0.05746429
-0.16907775
-0.05892872
0.05336726
-0.05545138
-0.12950461
0.03537228
-0.02008026
0.01430809
-0.06974849
-0.20946556
0.08859927
-0.07491257
0.06204748
-0.13610961
-0.04514696
0.06685844
-0.10713284
0.05399953
0.08986945
-0.28077236
0.05462782
0.13192514
0.08587947
0.13049082
-0.09434091
-0.09404606
0.03935491
0.07478198
-0.00115390
0.08166607
0.04619946
0.16969995
0.02620820
0.00535112
0.01079603
-0.04900094
-0.03195117
-0.03247093
0.03427162
0.08554934
-0.08153225
-0.12296044
-0.04676806
-0.00237761
0.04264089
0.04528847
0.06379896
-0.06324831
0.03740632
0.03803238
-0.08363830
-0.05550176
0.06641197
-0.12948400
-0.03665478
-0.04618870
0.06616922
0.01919650
-0.08145020
0.04341393
-0.03344708
0.02557714
-0.06657936
0.04667243
-0.09948134
0.11109788
0.10881247
0.01260744
-0.07875796
-0.02422445
-0.03636267
-0.00833275
-0.07124642
0.01027921
-0.02573157
-0.06327869
0.15907030
-0.11852653
0.00521157
0.02076133
-0.14977384
-0.03704578
-0.15287557
0.05396510
-0.17387883
0.01256338
0.06307358
0.06577294
0.11916199
0.05366927
-0.20281051
0.13216892
0.01345351
0.14261122
-0.06147721
-0.08264274
-0.03269370
0.13509609
-0.16770211
-0.03769054
-0.00712780
0.15220472
-0.12582262
-0.17089030
0.04583551
-0.12118626
-0.22799903
0.06532499
-0.11677863
-0.11648603
0.08735411
0.06497829
0.01587573
0.00621770
0.11609770
-0.00632036
-0.05960162
0.05421545
0.01934304
0.05627181
-0.05016744
-0.03097945
-0.04042115
-0.13502781
-0.00885291
-0.22294512
-0.00769837
-0.03454247
0.12500194
0.04008738
-0.15285777
0.04456505
0.03008118
0.17659041
-0.05092510
-0.12972395
-0.04817744
-0.09722398
0.05792119
-0.04168872
-0.16977960
-0.01415960
-0.11624215
0.05775813
0.14602122
-0.10600898
-0.09335284
-0.01208621
0.06953120
-0.17967883
0.07527565
-0.05685284
0.04322529
-0.07043564
0.04014032
0.03127304
-0.06742284
0.11295099
0.01046688
0.19478963
-0.03408908
0.13624109
-0.05218579
-0.22573085
-0.10263526
-0.04575874
-0.06193102
-0.11125381
0.00423552
-0.03276321
-0.12734111
-0.16773313
0.09231097
0.11011337
0.12699024
0.03877524
-0.15907846
0.09135871
-0.15216777
-0.02781084
0.06336268
-0.24938069
-0.07065779
-0.02357099
0.07547891
0.04191867
-0.01672103
-0.04424972
-0.26556239
-0.01769680
0.01429590
0.00586938
-0.09706567
0.10626017
-0.18921652
-0.04902718
0.08115329
0.01198134
-0.01044214
0.08492471
-0.24222942
0.00007604
-0.10051885
-0.04111636
-0.08761746
-0.06678464
-0.13585687
-0.16468802
-0.02375120
-0.01376448
-0.10678823
-0.02668554
-0.25889629
-0.02913163
-0.03719399
0.08076958
0.02049596
-0.00813145
-0.05590337
-0.00865672
0.01900222
0.03143175
0.05965571
0.03524055
-0.01758817
0.07535443
0.04688021
0.02917304
-0.04719009
-0.07600503
-0.02668690
-0.02599301
-0.06387292
-0.01885861
0.04004173
0.05218736
-0.04548093
-0.00642757
-0.06131501
0.00578754
0.00160133
0.03733848
-0.00360142
-0.01176026
0.04222961
0.01968986
-0.01693884
-0.01721258
0.03513495
-0.03342763
0.06006597
0.02451018
0.01115901
0.01239724
0.04643828
0.00221297
0.02001666
0.04712768
0.00267370
0.02674679
0.07839281
-0.04373089
0.02453090
0.03846950
-0.05913291
0.02007882
-0.00950767
-0.02165848
0.07420533
-0.07116790
-0.03133871
-0.03342119
0.01405528
0.05734847
0.01422669
-0.04038265
0.02194471
0.03559466
0.05650928
0.06019805
-0.10173753
-0.09018422
0.09244169
0.06450105
0.01212171
0.03461403
-0.13888137
0.13394375
0.01254922
0.00716589
-0.01358276
-0.00547687
0.02308898
-0.04189922
-0.00658479
0.01890014
-0.00928625
-0.07033756
-0.06619249
-0.15980785
0.04266299
-0.02065258
0.14691530
-0.00931313
0.06727783
0.02829420
-0.02663952
-0.05069575
0.12852392
-0.05299167
-0.01590733
0.01116235
-0.06154106
0.01080162
-0.04595087
0.02725367
0.08273714
0.06240978
-0.06414459
0.00808840
-0.04110220
0.09168039
0.06739820
-0.06204137
-0.06048502
-0.05030173
-0.00908804
-0.07243637
-0.06113474
0.03463806
-0.01583539
0.00608541
0.05344399
-0.08193856
0.00671993
0.00060463
-0.02791069
-0.07973605
-0.11073925
-0.01255805
-0.06823505
0.09104145
-0.06679400
0.13409635
-0.03483324
0.07442565
-0.09047410
0.06236805
0.01713709
-0.11284272
-0.16936572
-0.07115773
0.01896453
0.00243296
-0.02116925
0.06877922
-0.07316684
0.07996874
-0.14881015
-0.03483650
-0.01509052
-0.14076376
-0.05746546
-0.07229072
-0.07471441
-0.02165723
-0.01734838
-0.05967852
0.04084898
-0.05987493
-0.00501400
-0.15671663
0.04962819
0.12562919
-0.03083228
0.04600279
-0.10260514
0.07296301
-0.09342463
-0.07654511
-0.11986551
-0.09335820
-0.02406619
0.08649437
0.17598277
-0.11416334
-0.01495724
-0.01959729
0.07861361
0.03230237
-0.08493358
-0.11667826
0.02416504
0.06771649
-0.11421697
-0.03473853
-0.10308130
0.09883941
0.01080755
0.01501855
0.11387494
-0.04474454
-0.04399068
0.16571514
0.03501680
-0.23655172
0.07360737
-0.14227013
0.05630512
0.04441516
-0.07387422
-0.06244283
-0.06791292
0.13637631
0.11975276
0.08997075
0.00119577
-0.02849507
-0.03512154
-0.06625610
0.02156513
-0.04007144
-0.03279962
0.03430201
-0.02641141
0.05733246
-0.00530903
0.02519600
0.12284195
0.06388989
-0.03734550
0.00711254
-0.10501990
-0.10928579
0.04192207
0.01722994
0.07156410
0.02936332
-0.07694060
-0.04051486
0.05579514
0.10367028
-0.07470700
0.03376144
-0.00035228
-0.00607812
0.04473304
-0.08744290
-0.08241791
0.11682000
-0.05391083
0.12071349
-0.00067859
0.05443296
0.08869474
0.04531727
0.00066334
0.00746670
0.03815877
0.04111727
-0.03761746
-0.08711428
0.00074738
-0.04542192
0.03302626
0.00039713
-0.00551610
-0.14897303
-0.02138693
-0.03397190
0.03614217
0.01949408
-0.13568409
-0.02105294
-0.11539305
0.11680587
-0.05642788
0.02103989
0.02393385
0.00976408
0.00481149
-0.12058012
-0.06781473
0.05746991
0.07575279
0.00438563
0.05848198
0.10858312
0.00520519
0.04466689
-0.03026089
0.08096186
-0.04041120
-0.17224619
-0.23892973
-0.01547489
-0.03127319
-0.03754513
0.12126326
-0.09022152
-0.15618713
0.09198857
0.04318053
0.05588910
-0.00311279
-0.06040404
0.02613385
0.01343574
0.06617462
0.02222073
0.03744229
-0.01405196
0.05226642
-0.13927028
0.01737782
-0.14263766
0.06037628
-0.10509883
-0.08519302
-0.06779233
-0.12944348
-0.02926033
-0.03991722
-0.09218387
-0.08339441
0.03992847
-0.01154694
-0.11684915
-0.04679695
-0.05425317
-0.19028254
0.07359783
-0.06203225
-0.13430412
-0.07945859
-0.06865474
-0.07880425
0.04903521
0.09924521
-0.08875155
0.04372059
0.08818691
0.00504878
0.07852975
-0.07173802
-0.17319128
0.05649941
-0.09054399
0.07489311
-0.11005446
0.10714896
-0.10153991
0.04112292
0.13738742
0.04017655
0.02511795
0.04006109
0.08490828
0.09558540
0.00041537
-0.11813474
-0.05251768
-0.12418983
0.10083637
-0.04010091
-0.14344665
-0.11165868
0.03510003
-0.03004594
0.03898030
-0.02049980
0.03752195
-0.02895085
0.06687858
0.00321068
-0.00286044
-0.12266395
0.10287417
0.04647790
-0.05208193
-0.11979719
0.00109236
-0.00875318
0.02538351
0.08788236
-0.00358793
0.03426766
-0.12401572
0.12330583
-0.08943368
-0.11410638
0.06002485
-0.03903451
-0.00106334
0.06569780
-0.09729794
0.02165769
0.03399880
0.02258229
0.15632761
-0.06506310
-0.00063632
-0.05611356
-0.03594415
-0.01734094
-0.02732429
0.00075648
-0.08703434
-0.08357589
-0.03321412
-0.07128366
0.10094243
0.12567878
-0.12826857
0.02678479
-0.08439846
-0.08878807
0.01149903
0.14127915
0.09494624
0.01584196
-0.00528410
0.07770352
-0.09428060
0.02426832
-0.02512369
-0.01206682
0.12235167
0.03537403
0.00437227
-0.01199916
-0.03653116
0.08056202
0.15501282
0.01740782
-0.04170309
0.06229856
0.04152681
-0.06516989
-0.01867763
-0.02793879
-0.05269407
-0.08182219
-0.05282300
-0.09941903
-0.05615120
-0.10455055
-0.00718253
-0.02505515
0.08792091
-0.06129066
-0.04893675
0.00041813
0.06764504
-0.04003895
-0.01458240
-0.04197896
-0.09924606
-0.11577389
-0.03741957
-0.06621072
-0.12049636
0.10075942
-0.12561494
-0.02822334
0.04911722
-0.01120231
-0.04198461
-0.02305884
0.01377719
0.02082100
0.13601442
-0.05704143
-0.09709205
0.06587546
0.00348533
-0.03494816
-0.01908349
0.07792191
0.05588174
0.02271580
-0.06060280
-0.09476650
-0.01306032
0.00346649
0.01057280
0.03234661
0.09878769
0.05851137
-0.04873069
0.07085801
0.00538981
0.02654885
-0.03785683
-0.05107176
0.02353753
0.00678779
-0.10916424
-0.06338038
-0.05862657
0.18223962
-0.05395257
0.01576626
0.01414405
-0.02218224
-0.02111605
-0.02909213
0.02060143
-0.02116629
0.01935379
0.02299793
-0.07615691
0.02195642
-0.00510844
-0.04265393
0.05006483
-0.15073834
0.02207617
-0.06542753
-0.01531293
0.09038746
-0.02011421
-0.13605933
0.07794198
-0.17534906
0.14462754
-0.01399296
0.03533261
0.00489466
-0.04840585
0.02015636
0.05027807
0.04070033
0.07416609
-0.00588315
-0.03107846
-0.08334923
-0.06531220
-0.05972845
0.01773972
0.07940355
-0.06718262
-0.14359117
-0.06880733
-0.00403634
-0.07187064
0.02234841
0.04539113
0.01784832
-0.07174411
0.03616404
-0.06396105
-0.04342657
0.05351198
-0.00735438
0.01203305
-0.03449555
0.06964303
-0.04055512
-0.05196266
0.04764191
0.14510073
-0.03576815
-0.02625869
-0.02070552
-0.00666578
0.01738176
-0.04568757
0.06840821
0.10923747
0.02644413
0.03096949
-0.00235055
-0.14091283
0.04197980
0.07188065
-0.07630575
0.11968265
-0.07605277
-0.10548314
0.06817481
0.14481294
-0.09248865
-0.03605354
-0.02355170
-0.01934820
-0.04844410
0.00476825
-0.11855613
-0.12925608
-0.11085207
0.09586979
-0.01735891
-0.00255031
0.08237971
-0.02863356
-0.04498745
0.05016868
0.08512887
0.01513425
-0.07526622
-0.02085513
-0.03221415
0.06038180
-0.01055831
-0.03573600
0.02084463
-0.09185614
-0.08305918
-0.02695035
0.05166229
-0.04982531
0.08393125
0.06195075
0.03849288
-0.05762327
0.01972551
-0.02224693
0.06562918
-0.05631490
-0.03930597
-0.00837873
0.04720516
-0.04392552
-0.08537420
0.10735957
-0.03406844
0.08994440
-0.00147757
0.01776919
-0.03528551
-0.00121238
0.00054411
0.00112582
0.08042502
0.09658822
0.00895106
-0.09185986
0.01168276
0.04626683
0.00474826
0.02534189
-0.03517925
-0.00333164
0.02061521
0.00555932
-0.01491060
-0.02483507
0.03764400
-0.00106916
-0.00684669
-0.01559021
-0.07403249
-0.07191580
0.03294032
0.02682015
-0.03674702
0.02946939
0.09953398
0.02538148
0.05268511
-0.03160015
-0.06579009
-0.03762564
-0.07169282
-0.03559897
0.09484510
-0.01629967
0.03192526
0.02536551
-0.06474007
0.05239800
0.00465590
-0.15704624
0.07229380
0.04483981
0.04655590
-0.01360800
0.17031564
-0.00719731
-0.13728978
-0.11635193
-0.00847410
-0.01440155
0.00340327
-0.09109647
0.04084384
-0.04493537
-0.05305920
0.02747673
0.02282869
0.06781751
-0.13089244
0.00463326
-0.04239072
0.02029767
-0.13618247
0.08500601
-0.06499942
-0.00425035
-0.07639583
0.04465760
0.07542346
0.02310090
0.03253488
0.06369743
-0.08219852
-0.07166953
-0.00130126
-0.02905153
0.10207154
-0.04105070
-0.01074010
0.00839035
0.00250155
-0.07417109
-0.14572072
0.12918417
-0.10822256
0.07039326
-0.01185778
0.05876084
-0.00630192
-0.00881391
-0.07201058
0.07462508
0.05505659
0.03426179
-0.00475938
-0.03552900
-0.01615165
0.00655995
0.04970663
0.03774314
0.07456548
-0.05775495
-0.00150913
-0.08922452
0.06289680
0.01389398
0.01538309
0.04331010
-0.01998601
0.02107419
0.08164154
0.01918729
-0.03941707
0.07385587
-0.00595965
0.01713906
0.00932884
-0.04320478
0.03181924
0.13201395
0.04121620
0.03365886
-0.01472235
-0.03214435
0.01554330
-0.00376873
-0.07189897
0.02878612
0.08310097
0.00961388
0.02443254
-0.10685489
-0.09824140
0.03829311
0.00733596
0.03890180
-0.06179057
-0.04931651
0.08410690
0.02746388
0.04023198
-0.01236634
-0.06802748
0.04364621
-0.12089290
-0.08078641
-0.04768340
-0.02782000
-0.01530757
-0.04076574
-0.00031737
0.06774484
0.02778263
-0.05764863
-0.06230750
0.09187946
0.03463775
0.05795765
-0.04703544
-0.11549412
0.05140211
0.06478161
0.05665806
-0.07517095
0.02568526
-0.14034134
0.05439497
0.00100728
0.03237056
0.06927533
0.04203464
0.04829169
0.08728877
-0.06107669
-0.04242054
0.08694974
-0.02608144
-0.00919860
0.06366009
0.00413723
-0.00870602
-0.05801405
0.00212907
0.18317865
0.02325267
0.05150869
0.00943832
-0.04622200
-0.02207087
-0.04267798
-0.09352590
0.06455228
-0.02133156
0.04024472
-0.05969778
-0.10176319
0.01958618
-0.05342979
0.01336905
0.01676571
0.00537473
-0.09550968
0.02609625
0.00263432
-0.04376621
-0.03180471
-0.01526255
0.07790117
0.01907213
-0.04640171
-0.03781325
0.04874660
-0.03952207
-0.02031167
-0.06633342
0.00913662
0.03304039
0.04216745
0.01107145
0.05437971
0.02370853
0.03961584
-0.06031867
-0.05300748
-0.09876248
0.04964579
0.03145070
-0.03494590
0.09028614
0.05757429
0.00393622
-0.10231467
0.03704188
-0.07581024
0.02593890
-0.02957911
0.07494452
-0.06081348
0.14674540
0.08979078
0.09775620
-0.01237124
0.02189369
0.06088597
0.01785795
0.01561532
-0.02352460
-0.10749961
-0.01361443
0.06125201
0.16039523
0.00304298
0.01628643
0.03920729
0.00944667
0.04300446
-0.00301328
0.01589967
0.04692448
0.05330175
-0.00188243
-0.01381407
-0.02472813
0.01236065
-0.01237632
-0.05250513
-0.07032824
-0.03194890
0.06832867
-0.04300924
-0.07742477
0.04987495
-0.00168405
0.12925750
-0.14400080
-0.00205248
-0.03064766
-0.04830103
0.01721445
0.02664585
-0.04177739
0.07103326
-0.00053053
0.03311278
-0.01424099
0.01306738
-0.08571620
-0.00199805
-0.08026709
0.06706890
-0.06566390
0.04571602
0.05052333
0.01562221
-0.01549239
-0.00615497
0.08746335
0.07854010
-0.03329829
0.03550851
0.02939963
0.01831394
0.00928254
0.04612053
0.05516920
0.02719451
-0.03520961
-0.04498378
-0.06012604
0.02156344
0.10272906
0.03353752
0.01040826
-0.04577810
-0.00181741
0.04974170
-0.06920113
-0.04238348
0.00873214
0.04612818
0.04294831
0.02875475
-0.00275373
0.06664875
-0.02071169
0.07493622
0.01821798
-0.00552099
0.05127437
-0.01416047
0.08826829
-0.00676585
0.04883375
-0.03349623
-0.03542099
0.01967514
-0.11661283
-0.03273458
-0.10897922
0.01549036
-0.00684848
-0.02611338
-0.05695428
0.06953873
-0.02291320
0.05549056
-0.00231353
-0.04031713
0.04047449
0.09239378
-0.03929758
0.03090286
-0.00049277
0.06070274
-0.00833184
-0.01794179
0.05346151
0.02225599
-0.07319104
-0.07016066
-0.05908021
0.04853208
-0.00335010
-0.01671671
0.04096935
-0.06575358
0.10208122
0.06678617
-0.04032476
0.02647178
0.01644466
0.04804082
-0.01733560
-0.04622421
0.01767257
-0.01850256
-0.00841285
-0.01818039
0.03063472
-0.06656660
-0.03070173
-0.07878330
-0.06113802
-0.05527230
-0.00649041
-0.08758656
-0.04713213
-0.05848183
-0.02290149
0.05564005
0.02783440
0.04363877
-0.08460338
0.03830842
0.05240071
0.02894205
0.00162825
0.00481091
0.00011494
0.02369770
-0.12930425
-0.06141489
-0.09177402
-0.00351458
-0.06439993
-0.00056902
-0.05307474
-0.01795960
0.07071518
-0.00406240
-0.03632373
0.01767048
0.03939873
-0.01350710
-0.07409846
-0.04951122
-0.05058677
0.07465458
0.06796773
-0.14852585
0.03622676
-0.13076238
-0.06258281
-0.05561372
-0.02376677
0.00391377
-0.07655078
0.00109061
-0.02828787
-0.04978145
-0.02011833
0.01984653
0.07449085
0.11124081
0.02017874
0.04083224
0.06077534
-0.00500019
-0.05385720
0.00184847
-0.12051161
-0.01388235
-0.04476664
0.09424444
-0.03562393
-0.04666201
-0.00450936
-0.03538952
-0.03012444
0.14161666
0.06985259
-0.18736263
-0.08467589
-0.05961048
0.01605760
0.11938608
-0.08410776
-0.00984111
0.05167628
0.12996729
0.06745704
-0.07576386
0.04970632
0.00031737
-0.05507472
0.02012983
-0.13481826
0.08306756
-0.00687383
-0.09236725
-0.14643577
-0.00849885
-0.12411010
0.15335426
0.01236697
-0.00251668
-0.09324827
-0.17488265
-0.06019754
0.03482244
-0.06413075
0.00146618
0.05907651
-0.10513010
-0.12318400
-0.11959721
-0.00205631
-0.17731664
0.18236250
-0.06504951
-0.11850575
0.01866763
0.01830965
-0.05043468
0.05251556
0.01477469
0.01323014
0.02508771
-0.04470459
-0.11360332
-0.02149958
-0.04469912
-0.07095017
0.11297207
-0.10664961
-0.09978374
-0.01905137
-0.12244539
-0.01503867
-0.00785416
0.11511205
-0.00195601
-0.11502212
-0.06192055
0.07030271
0.04797037
0.13969724
-0.13894650
0.03764909
0.00166505
-0.11361688
0.00207705
0.02384341
0.06292823
0.07509122
-0.04151295
0.00766812
-0.09113479
-0.16202305
0.01243028
0.06773423
-0.21343485
-0.01488032
-0.14336823
-0.07547429
-0.02567886
0.06136237
-0.00996219
-0.05609588
0.04816932
0.02916284
0.02217416
-0.07532235
-0.08151705
0.02460794
-0.13493365
-0.10261627
-0.04759004
-0.02033665
0.03408721
-0.10887474
-0.05385664
0.10543045
0.06056736
-0.03227247
0.01348987
0.02027424
0.06477593
0.05701027
-0.11936036
0.02074070
-0.01299939
-0.03609860
0.00407674
-0.14921620
0.03011881
-0.03131428
0.07006297
-0.01679936
0.01416917
0.12430196
-0.05503092
-0.08683272
-0.01358850
-0.00618255
0.06662961
0.00239961
0.05420157
-0.08340474
0.01232118
0.00481955
0.12269434
-0.00589937
-0.02324971
0.00959867
0.00782883
-0.06415056
0.01108585
-0.02705975
-0.05904621
-0.09074897
0.12822801
-0.06319627
-0.04826432
-0.02053745
-0.00279561
-0.01362881
-0.00413942
0.05898663
0.01417412
0.05555605
-0.06608773
-0.02715733
-0.01134091
-0.04962558
0.11101648
0.00422647
0.03976930
-0.04467827
-0.00904152
-0.06239399
0.03676404
0.05565266
-0.03550645
0.03266499
-0.05882252
-0.10729863
-0.05280783
0.03499139
0.05121869
0.01110611
-0.09634960
-0.02407327
-0.06203034
-0.04058253
-0.03749550
0.02847043
-0.04404927
-0.03919858
-0.07484001
0.14904927
-0.01877780
-0.08361560
-0.07927152
0.10655282
-0.01421417
-0.01893233
-0.04518352
0.02480029
-0.03897560
0.09422997
0.04546824
-0.05747866
0.00160267
-0.05966891
0.03245467
-0.06078794
-0.05532991
-0.06725258
-0.03602120
-0.01750686
-0.10899993
0.08256020
0.01948393
-0.09881676
-0.02161379
-0.04702061
-0.02253884
-0.07121731
0.08865965
0.00051388
0.04014252
0.07463875
0.15978763
0.13661708
0.03398396
0.00073719
0.02514117
-0.03882005
-0.03001702
0.04655069
-0.15217726
0.08627028
-0.14672010
0.05035759
0.00393286
0.00669074
-0.00669654
-0.04950845
0.00733893
-0.18854751
-0.07035712
0.06329556
0.03632094
0.10268200
0.18399549
-0.28696176
-0.09399205
0.05091707
0.06369113
0.05883660
0.02376166
0.03229646
0.03845371
-0.06759961
0.05753154
-0.12877744
-0.00286296
-0.06019655
0.04022420
-0.02785332
-0.02597895
-0.16906539
0.22530892
-0.06595928
0.11274297
0.03556404
0.08694995
0.06875949
0.07105116
0.02054180
-0.12402185
0.15752852
-0.08211057
-0.10337792
-0.01117335
-0.15376402
0.07619634
0.08746180
-0.07673941
0.24339165
-0.00273124
0.10704817
0.17140028
-0.00489345
0.04319653
0.00812221
0.06066624
0.12183283
-0.02299530
-0.06170520
0.07252799
0.03929197
-0.02608526
-0.02728757
-0.10166423
0.08064058
-0.13567142
-0.09980788
-0.11511606
-0.00742155
-0.15026809
-0.02910724
0.09139337
-0.06631613
-0.11452383
0.06761619
0.04668501
0.11830048
-0.06325118
-0.23534396
-0.18215582
0.03127180
0.12147296
0.09485094
-0.09115978
-0.12776420
0.02381926
-0.08504978
0.07842958
0.03283738
-0.00776629
0.05265984
0.01297726
-0.01389089
-0.05492010
-0.14859304
0.09641442
-0.08215471
0.03923585
-0.07287680
0.01996899
0.00231920
-0.00734788
0.07034748
-0.06368165
0.12861873
-0.03557672
-0.06593871
-0.03754511
-0.00515093
0.01840628
-0.07885868
-0.05289233
0.09116268
-0.06131734
-0.03737324
0.14183004
0.09842363
0.09742381
-0.06052997
-0.04367356
-0.04567701
-0.05046287
-0.03132779
0.05978968
-0.04134602
0.06291793
0.00899743
0.05648137
-0.05409572
0.03269551
0.00095386
-0.02761000
-0.03140479
0.02375516
-0.04226080
-0.06549950
0.04090948
-0.05137357
-0.03707230
-0.05840046
-0.08343479
0.05125169
0.05611363
0.01875460
0.07847290
-0.10918166
-0.06239145
0.04906894
0.04440599
-0.07672129
0.00876863
-0.05440169
-0.03752859
0.02523989
0.02997566
0.00332997
-0.02376653
-0.01476402
0.06302602
-0.04934025
-0.01370359
-0.01204040
-0.04742637
-0.03329790
-0.07000340
-0.04385090
-0.04750577
0.03911446
-0.03154323
-0.00873717
0.03059154
0.11771093
0.00372985
-0.03812128
0.06227005
0.03421831
-0.10102874
-0.01542701
-0.12553149
-0.08644824
-0.07486102
0.00252834
-0.15900706
-0.10504693
0.01113584
-0.00713225
-0.00340590
-0.01279715
0.15720890
0.18092166
0.04050414
0.04511663
-0.03323914
-0.11266106
0.02401170
0.08998771
-0.02828734
0.08399957
-0.10026649
-0.17593387
-0.05283915
-0.10781663
-0.07742417
0.08466042
0.21656471
0.09074262
-0.12100346
0.05922628
-0.14433151
-0.12078999
0.19017285
-0.17310043
-0.05920976
-0.06199588
0.04858124
-0.08159051
-0.08920508
-0.07262482
-0.00087155
0.07257420
-0.07290893
0.08862201
-0.10859577
0.12547219
-0.02971894
0.06553612
-0.08118508
0.04706308
-0.07519875
-0.04615978
-0.04112983
-0.04267025
-0.11605230
0.02030066
0.09010692
-0.04710140
0.03962417
-0.09699347
-0.16381299
-0.10391013
-0.01790923
0.06087882
-0.21262111
0.02915831
-0.01277989
0.20030513
-0.02772736
-0.00551481
0.05402513
0.00562425
0.03386538
0.06788522
0.15117659
0.04610569
-0.00101981
-0.04938120
-0.09842514
-0.08490549
-0.15457183
-0.09027876
0.13711874
-0.03310810
-0.05431890
0.09644216
-0.15236621
-0.04310036
0.07703400
0.03635205
0.13549836
-0.00027583
-0.10172548
-0.08381568
0.00004806
0.10316615
-0.03079672
-0.05309829
-0.15065150
-0.07150559
0.08880287
0.04576036
0.01367778
0.11970513
0.01632984
0.02755833
-0.03613185
-0.18232223
-0.04527774
0.06805126
-0.13324025
0.00924501
-0.05005789
0.10217604
0.01498157
0.04063835
-0.03254612
-0.11745959
0.13928811
0.04534862
0.01587639
-0.09553779
-0.19704247
0.07304662
-0.04173749
0.01329219
0.07139217
-0.18368192
0.07750604
-0.01450558
0.14565898
0.04664150
-0.07439529
0.00822060
-0.01635154
0.00471675
-0.00239864
-0.05855312
0.04845186
0.04728172
-0.08764271
0.01586705
-0.02885023
-0.02717720
-0.02591545
-0.01462104
0.14789720
0.06988478
-0.06095666
-0.17355247
0.02955330
0.02960422
0.11028862
-0.00762228
0.03806679
-0.05218298
0.08063317
0.09159727
-0.06859080
-0.08834416
-0.01671393
-0.09518124
-0.01455449
-0.08640426
-0.07320876
0.02891993
0.00935767
-0.01919922
-0.02747831
-0.02128593
-0.06311182
-0.00120105
-0.09192639
-0.00299266
-0.00730719
-0.08507608
-0.07262012
-0.08475301
0.00594478
0.03429778
-0.02253277
-0.00432806
-0.10085538
0.03597427
0.13572156
-0.09110455
0.07554085
-0.06561864
-0.13732338
-0.05543774
-0.06367817
0.01332031
-0.04894033
0.08039050
0.02101208
-0.00129267
-0.05168955
0.07334386
0.04257056
-0.05748827
-0.04604539
-0.03204629
-0.00115806
-0.07029497
-0.05959714
-0.11000475
0.03830500
0.01396586
0.12057485
-0.03849173
-0.03469125
-0.04223482
-0.06218894
-0.01696357
-0.03061569
0.09766252
0.05386802
0.11907242
0.05537965
-0.02718530
-0.18460096
0.02696351
-0.02976678
0.07264637
-0.00583197
-0.01887535
-0.00219082
0.02531888
0.01439409
-0.09064698
-0.06695583
0.08712347
0.00315815
0.07141822
0.02838503
0.02950097
-0.03175326
0.00546026
-0.01328526
0.05992215
0.05616147
-0.08512439
0.08100726
-0.01184797
0.10324199
0.02475502
-0.04542239
-0.04711018
0.07975414
-0.04881767
0.00756480
-0.06407737
0.05765377
-0.01822584
0.05542632
0.08167095
-0.01462152
-0.01314912
-0.01364718
-0.09648705
-0.09627202
-0.01544760
-0.06041565
0.03074553
-0.03469199
0.10597796
0.18848743
-0.02043102
-0.10758799
-0.16059250
-0.11538512
0.02649896
-0.08216321
0.03924872
0.14263089
0.14769964
-0.08093586
-0.00765100
-0.10345393
0.02793196
0.12280737
-0.02947610
0.03477760
-0.02095594
-0.04788607
-0.06720759
0.01889062
0.07726911
-0.00895540
-0.00750770
-0.04506521
-0.01317412
0.06349555
0.01583219
0.01417654
-0.05391029
0.01477913
-0.01205727
-0.06015865
-0.04678327
0.01701689
0.08462101
0.06880935
-0.05590346
0.05100204
0.07328207
-0.05629023
0.04170468
0.00172125
-0.08831903
0.07275149
-0.11950814
-0.05661679
-0.07514390
-0.01793512
0.01669837
0.03912313
-0.00226726
-0.04462847
-0.07000925
-0.07134103
-0.02777255
0.13414602
0.02287232
-0.05277232
0.04870003
-0.05493824
0.08092924
0.04620512
-0.01393945
0.02463519
0.00939523
-0.06378638
-0.03293654
-0.02889379
0.14663124
0.11888982
-0.12038801
-0.07178245
-0.16504283
-0.01838045
0.05165061
0.05143847
0.06091893
-0.05432476
0.10083079
0.06839319
-0.09133038
-0.00725562
0.04689104
0.03404976
0.01821985
-0.04567241
0.03693194
-0.01448048
-0.04439712
0.05694161
-0.01342376
-0.06598283
-0.05794466
-0.00712687
0.07056760
-0.04967058
-0.08529633
-0.03985004
0.04304970
-0.09598669
0.05793688
-0.04891854
-0.14384086
-0.12518673
-0.04009889
-0.03106695
0.06581944
-0.15001631
-0.05699473
0.06742554
0.15819758
0.08324026
-0.01578046
-0.01488540
0.04262888
-0.03601110
0.13940129
-0.05427797
-0.07782046
-0.09215079
0.05683564
-0.18725762
-0.05023145
-0.01575133
0.03548367
0.01005468
0.03185206
0.08440379
-0.01768912
-0.08496343
-0.04555897
-0.01630477
0.01532430
-0.01101896
-0.18717434
-0.15418583
-0.16456376
0.04057641
0.08632122
0.14070258
0.04047488
0.01078688
0.05653378
0.05801889
-0.08455121
0.01360067
0.04633800
0.04687481
0.04393194
-0.03022969
-0.01803382
-0.03679630
-0.03130405
0.03273265
0.02179256
0.02797819
0.00122825
-0.00799255
-0.08783233
-0.04260548
-0.01550781
0.08301686
-0.02186419
-0.01206227
0.07414770
-0.08881544
-0.12213593
-0.01566193
0.02629286
-0.00273558
0.08304171
-0.18193473
-0.03399048
0.11545976
0.10423067
0.04186125
-0.07996225
0.00878128
0.06425127
-0.07429776
0.02303267
-0.08037644
-0.12475690
-0.04024380
-0.07535084
-0.01971386
0.07960148
-0.08758383
-0.03477376
0.04487030
-0.03496457
0.00763123
-0.02614675
-0.07161998
0.01370592
0.03304256
0.05313884
0.12254110
-0.06707542
0.07924211
-0.00856135
-0.05537473
-0.00554402
0.08112419
0.11609667
0.02110561
-0.01546461
-0.01347052
0.00234168
0.05545611
-0.02670930
-0.04286464
0.01047593
0.06209550
0.02151390
0.03049691
-0.07528171
0.07140508
-0.03853562
-0.06587028
0.08736006
0.01752782
-0.05803626
-0.05893144
0.07332337
-0.05312607
-0.05064929
0.01062734
-0.03999789
-0.07330906
-0.16290370
-0.10427791
-0.00555165
0.03930921
0.03662221
-0.01629202
0.04316889
-0.03927245
0.10823946
0.06294433
0.06275087
-0.02170354
-0.06614886
-0.10839926
0.04254605
-0.17128161
0.04055367
-0.02423224
-0.10784785
0.07378833
-0.03655171
0.00530354
0.06868979
-0.04423517
-0.03461265
-0.02050984
0.02971789
-0.04236455
-0.05580040
0.01740327
-0.03244888
0.01949801
-0.06744213
-0.04539776
0.02383615
-0.04312160
0.06177350
0.01724553
0.03681304
0.00229473
-0.02549069
-0.03319660
0.00278364
0.06035284
-0.01484363
-0.03493584
0.02487658
-0.05237151
0.02260964
-0.05211742
-0.04869807
0.04483028
-0.04113190
-0.05973760
-0.00806319
0.01125772
-0.00146351
-0.06482780
0.00852652
-0.04028129
0.04005192
0.00468528
0.03443748
0.03351122
-0.03574017
-0.03046713
-0.06414150
0.04570527
0.06567697
0.07262606
-0.03513645
0.00522164
0.02828963
-0.05807982
-0.01614108
0.06391305
0.05621498
-0.01354059
-0.05533768
-0.03218178
-0.03393734
0.00715925
-0.01061043
-0.12370743
0.02265690
-0.07542842
-0.00961489
-0.01672653
0.06935129
-0.00620228
-0.02625843
0.02497333
-0.03515299
-0.09552800
0.09415092
0.08328693
0.02914922
0.03558582
0.14011261
-0.06114909
0.01877632
-0.07393606
0.08572200
0.00752092
-0.00371521
-0.11399534
-0.02648112
0.04618661
0.02582864
0.02653357
-0.04404206
-0.07844127
0.09879227
-0.03259511
0.01057334
0.03837249
-0.02957687
-0.10696260
0.04530766
0.11247324
0.01325335
0.01232350
0.08041662
0.01645568
-0.07449717
0.10738168
-0.14732744
-0.04001175
0.05688876
-0.01166470
-0.16156118
-0.12275899
-0.03627804
-0.00408029
0.02683710
-0.11488640
-0.05934485
-0.05706034
-0.14890885
0.04385382
-0.03244359
-0.16409367
-0.01606475
-0.09857944
0.00920916
-0.10531676
-0.08188279
-0.01153359
-0.00829564
-0.04624366
-0.06540353
0.02683929
0.05487194
0.02562336
0.24014550
-0.03990177
0.00011026
-0.05797031
-0.10368682
-0.00560064
0.04432097
0.07220431
0.04382997
0.03945429
-0.08671772
-0.14270082
-0.11298015
0.06778638
0.00448271
-0.01324277
-0.07778372
-0.02448118
0.00042623
0.07356898
-0.03839188
0.24685386
-0.16637400
-0.11300104
0.01764674
0.10512547
-0.10300544
0.02484924
-0.07685997
0.22857082
0.08017867
-0.04081356
-0.07680944
0.07406030
0.02969610
0.03812864
0.02583091
-0.06045539
0.08163316
-0.07258034
-0.05156188
-0.24840143
0.03597568
-0.00845698
0.02402798
0.00787329
0.04557557
-0.02630194
0.05539791
-0.06810612
-0.11915398
0.03165872
0.00352452
-0.04627304
0.08371182
0.04457144
0.08830731
-0.06970646
-0.02570725
0.00141641
0.01727955
-0.00798347
0.08814240
0.07483083
0.05016787
-0.00337588
0.00566833
-0.02328082
-0.01276549
-0.03662485
-0.07262217
0.05435345
0.05052622
-0.04805908
0.00502765
-0.05824419
0.06782018
0.06868362
-0.02222615
0.01177725
-0.06723514
0.04947435
0.06843325
0.02761069
-0.08239497
-0.00006926
0.00330580
-0.03633582
-0.02848252
0.06218640
0.13423878
-0.08262376
0.08138788
-0.01299635
0.06578470
-0.03911996
-0.01068719
-0.08352856
0.06363352
0.00095019
-0.00826564
-0.01922243
-0.01932830
-0.01611083
-0.04781374
0.02773118
-0.05858282
0.05026438
0.03770823
-0.04836946
-0.04082984
-0.03717600
0.00186169
0.03144028
-0.04604707
-0.08793820
-0.06016569
-0.01181382
0.03731426
-0.03821419
0.04203346
-0.02732535
0.02133492
-0.03537427
0.02356445
-0.01267343
0.01967479
0.03078506
0.02574073
0.00280238
-0.03129395
0.00148715
0.06860674
0.01984945
0.06208187
0.16409197
0.10687719
-0.02739760
-0.09896725
-0.07133888
-0.05171851
0.00914350
-0.05462944
-0.09613922
-0.02141821
0.07332591
-0.05533431
0.00772127
-0.02674547
-0.08573117
-0.00471940
0.04169025
-0.03014623
-0.04366425
0.02698177
-0.00504724
0.05111980
0.02084427
-0.07568550
-0.06916298
-0.00893690
0.02334056
-0.09079886
0.02555775
-0.02191709
-0.01068544
-0.04660302
-0.09355509
-0.09127188
-0.03386263
-0.02499392
0.01450461
-0.03010962
-0.00110658
0.05350710
-0.07463221
-0.01334877
0.00332210
0.01943119
-0.12380721
0.00677703
-0.11945191
0.01796356
-0.03096726
-0.06008711
-0.01891437
-0.02903997
-0.00471117
0.00843842
-0.01690837
0.03906346
-0.05062854
0.09490322
-0.09000069
0.00374594
0.03258169
0.07004785
0.02460772
-0.00700821
0.10370474
0.01207942
-0.03795259
-0.12450349
0.01751793
0.03863507
0.05694301
-0.06428128
0.06470647
0.02099540
0.04713230
-0.00777697
0.00653532
0.00422505
-0.01257225
0.01428314
-0.04270479
0.00717704
0.07852215
0.09619902
0.04190579
0.08279412
0.10441451
0.01913206
-0.09517388
0.00861357
-0.02962697
-0.08901646
0.04719254
-0.00569635
0.03732466
-0.03324981
-0.05006523
0.04250001
-0.04315262
0.06249768
-0.06061387
-0.04407945
-0.00431518
-0.11707413
0.04675873
-0.04493744
-0.09568679
-0.06527080
-0.09168211
0.05387196
-0.04116629
0.01699436
-0.00331662
0.02313984
-0.05540632
-0.02798854
0.01227636
-0.03607745
-0.03266059
-0.00177437
-0.00460139
0.19795345
0.02283896
-0.07527886
0.01441933
-0.04185433
-0.01112078
-0.09173638
0.15065829
-0.10398855
0.05122296
-0.11803370
0.00197652
0.01444353
0.03591371
0.08267600
-0.02916360
-0.16436671
0.04629185
0.01069181
0.00150400
-0.03914995
0.03151461
-0.01387269
-0.05907926
-0.01370682
0.06344355
0.16042739
0.01396630
-0.02164983
0.02529732
0.03159447
-0.04993921
0.01831042
-0.13378941
0.03916160
0.02575161
-0.00551752
-0.01635394
-0.01589300
-0.03642574
0.05692073
-0.12338792
-0.05423528
-0.04753673
-0.12244952
0.03915519
-0.06898832
0.01739781
-0.06988826
-0.14090849
-0.07075240
-0.05844132
-0.02079561
-0.13722703
0.10568678
-0.00013592
-0.06763109
-0.08293163
0.05854611
-0.01067824
-0.00496547
-0.00578044
0.12865607
0.06962893
0.07521126
-0.06331953
-0.09757847
0.07586582
-0.00240102
0.10013444
-0.08200774
-0.04632005
-0.09228475
0.02366315
-0.01279265
-0.06438091
0.01764346
0.09963287
0.06686654
0.08293080
-0.01527142
-0.14834946
-0.06580154
0.04697548
0.08611324
0.02434791
0.02411395
-0.05685426
-0.03766857
-0.01790014
-0.04400600
0.01452496
0.00466120
0.01230608
0.09555601
-0.01816543
-0.08247150
0.00336324
0.08495191
-0.09212153
0.06775463
-0.06834769
-0.04829094
0.01425195
0.07391597
0.00050193
-0.00447077
0.06027220
-0.01262326
0.03184689
-0.04427876
-0.05586926
-0.04164504
0.00217890
-0.05516001
0.00446282
-0.00050977
-0.00416283
0.01574684
-0.06224221
0.06151593
-0.10551319
-0.05569673
0.08307321
-0.05436468
-0.06270448
0.02169276
-0.04955070
0.24468495
0.03759464
0.06238509
-0.00271753
-0.06816926
-0.07935299
0.11469373
0.03939757
0.04603121
-0.01656055
-0.17309919
-0.09490872
-0.07588260
0.02315823
0.03577878
0.10049587
-0.02092803
-0.02211910
0.05338037
-0.08592337
-0.10920054
0.08025213
-0.18860361
0.00619474
0.04675939
-0.09471851
0.06111952
-0.04337469
0.03328523
-0.06040720
0.10082252
-0.08111863
0.05750955
-0.22764601
0.10290822
0.04565655
-0.04585558
-0.10596843
-0.04047895
-0.05348480
-0.11576211
-0.04238280
0.04450097
-0.03469203
-0.06711649
0.01728927
-0.00842278
0.06814248
-0.02249808
-0.09225699
0.04110508
-0.08488778
0.03835843
-0.03783878
0.07170790
-0.16334985
0.09743946
-0.03306958
0.07365874
0.13253252
-0.01296498
0.03416249
-0.09916100
-0.00064065
0.13204141
-0.04793943
0.04801951
-0.01057468
-0.18479426
0.03525717
0.07793017
0.00439013
-0.05400306
-0.11163387
-0.14173353
0.03885083
-0.05552072
0.16235518
0.03610955
0.21040770
0.02260261
0.04097701
0.03567005
-0.07529124
-0.08531141
0.21408786
-0.10769756
-0.10469138
-0.00172898
-0.14243004
0.02390994
-0.02386094
0.06826071
0.03072929
-0.02866779
-0.10527213
-0.01277046
-0.23242620
0.10197791
-0.06207694
0.03655419
-0.09274510
-0.03147129
0.06052962
0.03606288
-0.03726147
0.08077539
-0.04590207
-0.03999659
0.07693253
-0.08206802
0.09919570
-0.01179420
-0.08870757
0.04163886
-0.01957092
0.02487697
-0.15151766
0.10531578
-0.14135852
0.15566213
-0.21090725
-0.20091635
-0.11159705
0.07065438
0.04772883
-0.02625045
0.03166549
-0.08108813
-0.05345704
0.02822609
-0.10950536
-0.06189358
-0.04337816
-0.07491361
-0.17189802
-0.11772229
-0.00129705
-0.08698634
0.17503133
-0.08704593
-0.13582376
-0.01838019
0.05980225
-0.11716198
-0.02272139
0.07857788
-0.09042869
-0.02371590
-0.01035518
-0.06827915
-0.02594265
-0.05264276
-0.09478536
0.18603420
-0.10980082
0.00357866
-0.05109658
-0.06012037
0.04471717
0.06516001
0.01506934
0.06938586
-0.01558277
-0.10884614
0.06487761
0.04570529
0.14063527
-0.14125860
-0.04187467
-0.00096199
-0.08940715
-0.05144949
0.15352555
0.04589504
-0.08714418
-0.04590975
0.09732702
-0.19859907
-0.13111867
-0.04218249
0.06047603
-0.16589101
-0.22500385
-0.14601722
-0.14563578
-0.03804147
-0.04723213
-0.03532184
0.03407177
0.17366523
0.09821737
0.16976334
0.00663919
0.06404100
0.04067703
-0.07352537
0.04615795
-0.00134665
-0.04258006
-0.04394360
-0.03567787
-0.11503325
0.05457463
0.00774460
0.05343077
0.01824334
0.03778536
-0.00456231
0.00778306
0.01627185
-0.04620662
-0.07534967
0.04603153
-0.14770190
0.03201560
-0.00111593
-0.05524184
0.10670771
-0.02019917
0.12284094
0.01770993
-0.09670708
-0.07324539
0.06927882
-0.01331215
0.10279828
-0.05954042
-0.08711889
0.03878345
-0.03398083
-0.03172099
-0.01897431
0.02181988
0.04808479
-0.08584122
-0.02374127
0.10617359
-0.04710142
-0.02112168
-0.01396462
-0.00222254
-0.11501482
-0.06480155
0.01968836
-0.11456129
0.03392491
-0.01218947
-0.01793725
-0.06204129
-0.02030762
-0.15945938
0.09901136
-0.06308661
0.00015366
-0.02933144
-0.08012532
0.00234796
-0.03465319
-0.12512691
0.04327229
0.12415575
-0.04144807
0.03359065
-0.04129291
0.00194285
-0.03242585
0.02870095
0.04807706
0.03858907
-0.02461945
0.02875273
-0.11424922
0.14080922
0.06813207
0.00583521
-0.02945500
-0.08203699
0.10141548
0.08214395
0.05549720
-0.04677935
0.02976394
-0.08999098
-0.01502976
0.00721592
-0.03123028
-0.04133316
0.10370362
-0.01585429
0.03592421
-0.00810342
-0.11932092
-0.07741637
0.01471716
-0.03555311
-0.12018964
-0.03421431
-0.02755767
-0.10680077
0.00264637
-0.00722395
0.07774675
0.00745262
-0.03174836
0.07192983
-0.04854460
-0.08589774
-0.05333922
-0.05958660
-0.03296718
0.05468776
-0.06248688
0.00065427
-0.00221831
0.01035474
-0.08731502
-0.02962604
-0.03813215
-0.09842585
0.00133136
0.02106918
0.02548532
-0.07454871
0.02682157
-0.00767651
0.08676817
0.15216722
0.10383260
-0.01739671
-0.13083039
0.03740856
0.04042367
0.09804971
-0.08102489
-0.02313114
-0.06492535
0.06534996
0.04105240
-0.04448171
-0.06069448
0.02420108
-0.07181074
-0.03927881
-0.02730632
0.01722213
0.02200505
0.01208760
-0.04469667
0.02309601
-0.05199187
-0.08414405
0.02186598
-0.05085802
-0.11690089
0.07844065
-0.08822584
0.01599045
0.05022261
-0.13590257
-0.06510548
-0.06352492
-0.05888006
-0.04852283
0.00198908
-0.03991866
-0.07705005
0.01555506
-0.04730888
-0.02994393
-0.01350274
-0.05682807
0.04376939
-0.14311147
-0.00066306
-0.05659238
0.00289595
