0.06688673
0.00812528
0.20109180
-0.10652966
-0.01689129
0.14481317
0.01318191
0.00704876
-0.13302675
-0.03102455
0.11436575
0.06929543
0.04763898
-0.12482392
-0.05416725
0.05854966
-0.04274810
-0.03688194
-0.04404934
-0.01677118
0.00979826
0.15857124
-0.07148071
-0.09042846
-0.16395406
-0.18545671
-0.02133171
-0.10552406
-0.02507341
-0.11199641
-0.08344454
-0.01594236
-0.04107535
-0.09227332
0.04358504
-0.06813807
-0.15974288
-0.17951055
0.05166414
0.05791628
-0.06854656
0.05877770
-0.00404436
0.00391851
-0.01868875
0.10094422
-0.05514698
0.11669151
0.07110614
-0.03494520
-0.04192002
-0.11333066
-0.10435228
-0.01154037
-0.09395278
-0.06906889
-0.04371455
-0.09082155
0.10356861
0.02926826
0.01601773
-0.08683951
0.09071706
-0.09071243
-0.04232635
0.07195767
-0.02403085
0.03340007
-0.08180183
0.12113406
-0.03056365
-0.02398343
-0.09774052
0.04621343
-0.02251461
-0.06216687
0.19192812
0.01748001
0.04134905
-0.10980740
-0.06791303
-0.06363803
0.03257817
-0.05862759
-0.00841550
-0.01363928
0.15675469
-0.01642249
-0.00859199
-0.03754390
-0.13619104
-0.06478944
-0.11343958
0.08596955
0.06822333
0.15324542
-0.08479269
-0.04430820
-0.08834674
0.11038788
-0.08298127
0.03544636
-0.00834837
-0.18548800
-0.00195283
0.02179039
-0.04684893
-0.13116990
0.04518290
0.07165483
-0.05621887
-0.03328171
-0.13447602
-0.00171345
-0.02989458
0.01241953
-0.11538843
0.01405903
-0.03687881
0.04262744
-0.01483638
0.14961262
-0.12784472
0.01792314
-0.11307506
-0.10282932
0.02052410
-0.10685997
-0.07884222
0.13092533
-0.08537147
-0.00964960
0.09761349
0.06898241
-0.04907846
-0.02935878
-0.07503746
-0.00554293
0.00978008
-0.08491444
0.03924751
0.03617994
-0.03185143
0.04794512
-0.10037050
0.02514222
-0.01268805
0.06167611
0.07331320
0.00267409
0.07194947
-0.07393874
0.10878447
0.06508224
-0.24934445
-0.10048607
-0.01480773
0.08331365
-0.06837419
0.03161711
-0.08143485
-0.00522745
-0.09273963
0.02230377
-0.07541109
0.10105026
0.08842627
-0.05534712
-0.02255064
-0.01759183
-0.03555712
-0.05815384
-0.07616311
0.08218767
-0.11747468
0.07430638
-0.02010036
-0.04778033
0.04311834
0.00174528
-0.05805007
0.12789901
0.08117940
-0.01920895
0.05024974
0.03764579
-0.09820607
-0.01186715
-0.16034505
-0.12238042
0.06678718
-0.02601757
0.04138441
0.07000297
-0.01186836
-0.15467538
-0.06975896
-0.04552583
-0.03579451
0.05693081
-0.01289115
-0.04376251
0.04111467
0.02003862
-0.02993464
0.04751509
-0.06123166
-0.00403827
-0.08515418
-0.10066802
-0.11964885
0.02196456
-0.00710199
0.04783146
0.03538969
0.07165373
0.04001649
-0.14375317
0.08358043
-0.05142530
-0.08645301
-0.01718180
-0.11206213
-0.03977180
-0.00087916
0.04505836
-0.12468706
-0.13789965
-0.02227854
0.09080144
-0.08094148
0.09696562
0.04556812
-0.07680903
-0.09089845
0.07390796
0.00387648
0.09665337
0.00537859
-0.08857207
-0.01469389
-0.08950617
0.00182867
-0.09433118
0.06327178
0.06296437
0.04168858
0.05008574
-0.08026891
-0.01639067
-0.03663149
-0.05777142
0.04604952
-0.00984056
-0.16980194
-0.09551875
0.11427013
0.03067932
-0.01536836
0.03855314
0.13963301
0.13248555
0.00760893
0.08326797
0.09089589
0.09221107
0.14245234
-0.00053321
0.18478687
0.02874633
-0.11432083
-0.12659223
-0.04894218
0.11332129
0.01835976
-0.05003054
0.13835900
0.11233593
0.13497005
-0.20665212
0.21725293
-0.04686068
-0.10904455
-0.10486824
-0.15956041
-0.01530684
-0.03351758
0.13054729
0.04266130
-0.02566135
0.07085729
-0.06863374
0.01760507
-0.02944586
0.08796055
-0.10694527
-0.02229712
0.00733018
-0.13538142
-0.05792001
-0.05377285
0.12346494
-0.00032974
0.21563652
-0.02784814
0.06011923
-0.06059836
0.04019596
0.08515164
0.08416688
-0.10303975
-0.08218236
-0.03108916
-0.06772383
-0.06371663
0.04689552
0.05013307
-0.09437065
0.14729454
-0.00780966
0.01964321
0.12122232
-0.16356792
0.02768774
-0.14601409
-0.01746446
-0.22420585
0.07968304
0.08513057
-0.06074671
0.07024492
0.04075485
-0.13883369
-0.01084828
-0.19310117
-0.10822798
-0.09286940
-0.07786248
0.07567012
-0.05292025
-0.09356044
0.01368758
-0.02344880
0.04235821
0.04420222
-0.24681479
-0.02571033
0.00591544
0.07043037
-0.06462390
-0.09448941
-0.07810403
-0.01430907
0.05918304
-0.07079826
-0.04725139
-0.11172455
0.04485047
-0.21925652
0.28049946
0.09414008
0.03306303
-0.06694052
0.04919885
-0.14401749
-0.07719474
0.02543813
-0.07354014
0.07406675
-0.05462211
0.07084431
-0.02041592
0.09092303
0.06776628
0.00219148
-0.11481681
0.01066788
-0.04558561
-0.10794932
0.01006090
-0.00464732
0.12242375
-0.04520386
-0.07278847
-0.16722226
0.03699634
0.04052853
0.06475206
0.02247346
0.01566476
-0.02867988
-0.04812508
-0.10829695
0.06451555
0.06693030
0.12688847
0.12176657
-0.02224132
0.08677609
-0.04868203
0.04813632
-0.19854175
-0.14151034
0.01696834
0.09043963
-0.10744812
0.18864515
0.03331473
-0.06428807
-0.01756841
-0.15399247
-0.18408225
-0.10274222
-0.01094495
-0.02002974
0.09223739
-0.14384285
-0.06566226
0.05161655
0.15094475
-0.16009186
0.13961759
-0.04079706
-0.05625889
-0.09110979
-0.08877888
0.06126483
-0.14141211
0.10452897
0.12596625
-0.20310538
-0.03195284
-0.14983059
0.12888709
0.03438960
-0.13565515
-0.05668478
-0.01853923
0.05881950
-0.06748856
0.12661284
0.12094893
-0.00692103
0.06754250
-0.24883759
-0.11310783
-0.02471641
-0.05132833
-0.12140775
0.12329757
0.05030684
0.06575879
-0.10741653
-0.07650327
0.01532090
0.04036494
0.03751637
0.03782215
-0.04174615
0.06858359
-0.02343727
-0.03494976
0.08977369
-0.07459666
0.08460978
-0.09416018
-0.00009171
0.04759293
0.01269729
-0.05765657
-0.02029860
0.00424825
0.01737797
0.02472353
-0.05194493
0.02457797
-0.07914917
-0.03940445
-0.02120209
-0.01531577
-0.00208328
-0.03412666
-0.02700352
0.04111354
-0.05871776
-0.05094871
0.05398237
-0.15916455
-0.10669857
-0.01829166
0.06005356
-0.03037881
0.09975497
0.12434939
0.02528941
-0.01791075
-0.13923098
0.12623219
-0.01040273
-0.08411957
-0.10306010
0.07826828
0.04760217
0.05670787
0.15615441
0.05924421
0.00492874
0.07003396
-0.08592772
-0.01533573
0.01830789
-0.03585536
-0.09720877
0.00478559
-0.00907538
-0.06935643
0.08684167
-0.02941514
-0.04098322
0.14011204
0.02114822
0.02989325
0.01380238
-0.09749007
0.07794750
0.02104096
0.00125996
-0.10874125
-0.04242890
0.03078112
-0.06471574
0.01829933
0.03012503
0.08902348
0.00413313
-0.08954542
0.18286709
0.02565006
-0.07201582
-0.07704090
-0.04528520
0.00721941
-0.00088003
0.13217121
-0.00461525
-0.04218539
-0.05640013
-0.04086599
-0.02260894
-0.00879491
0.00488939
-0.00872387
0.09510173
0.02919014
-0.09207205
-0.05044636
-0.07687703
0.09577598
0.00234162
0.01280761
0.00386891
0.05386133
-0.00787877
-0.14474148
0.15482186
0.15273997
0.03053712
-0.06520525
0.01919228
-0.01850596
-0.09951417
0.09413969
-0.07341501
-0.02868062
-0.09786695
0.00836333
0.05178857
0.10633520
-0.14275157
-0.07875091
-0.06161344
0.04820312
-0.14397213
-0.04737860
-0.03533230
-0.03822700
0.00848294
0.02394907
-0.23439744
0.03350787
-0.26370913
-0.01261093
-0.05845964
0.03674817
-0.06842610
-0.01960730
0.00822028
0.01215940
0.04030054
0.08146240
-0.05766722
-0.25187400
0.02841353
-0.10437576
0.10372507
-0.00851195
0.01079647
0.03517256
-0.10531588
0.10842188
-0.12641534
-0.03836206
0.03520099
0.04898981
-0.24825677
0.13699545
-0.02364975
-0.09079477
0.04006408
-0.01383232
-0.10090065
-0.06069000
0.07686715
0.04250748
0.04418463
-0.07791092
-0.04715025
0.04110766
0.03424902
0.03746694
0.06423393
-0.11617827
-0.11344320
0.07654990
-0.01712825
0.06793148
-0.00250753
0.12817191
-0.04851704
-0.14796861
0.08801603
0.11428029
-0.09319177
0.00818202
-0.11363483
0.02446722
-0.11435375
-0.06894875
-0.16060942
-0.16121991
0.00328735
-0.02931443
-0.25048801
-0.14349823
-0.16193113
-0.07062712
0.01777652
-0.00443019
-0.09570188
-0.01862414
0.01892868
0.10134377
-0.03346091
0.05025621
-0.09240559
-0.28422374
-0.03753949
-0.14117917
0.00384410
0.06027034
0.05752573
0.01302484
-0.11052702
-0.04556059
0.04469392
-0.09841192
-0.00955451
-0.10414220
-0.22548705
0.17769188
-0.06846173
0.08988693
0.00806483
0.05982306
-0.09809420
-0.10093369
0.04595424
-0.02174433
0.09841651
-0.10793412
0.00016184
0.00698522
-0.14912428
-0.07199308
-0.03436826
-0.11901564
-0.00896079
0.10393173
0.09202399
-0.00453625
0.13279332
0.15522347
-0.04809220
-0.23143411
0.01625405
0.16239551
-0.05883907
-0.35515478
0.05010538
0.00913458
-0.06961698
0.03930154
0.10505107
0.06553230
0.12159435
0.14694872
0.01527890
0.08938739
-0.01223845
-0.03388248
0.02836996
0.03297228
-0.10202804
0.06770541
-0.01825231
-0.10872383
0.05513639
0.13643870
0.04328405
-0.12769461
0.18901445
0.11416093
0.03820957
0.03982292
-0.07838640
0.08020432
0.15804453
0.15837392
0.05629208
-0.13373597
0.03206365
-0.04886848
0.07630762
0.11010198
-0.03649230
-0.08268448
-0.03498163
0.12690853
-0.03165491
-0.04691825
0.20556276
-0.11559483
0.23063155
-0.02412351
-0.07731439
0.02280253
0.10152417
0.18158916
0.15152389
-0.01606715
0.10484520
0.12071434
-0.04692962
-0.10801995
-0.00529533
-0.09454262
0.00116494
-0.03448355
0.01246890
0.12912130
-0.05838954
0.05111625
-0.01094640
0.09357419
-0.04381771
0.03776045
-0.04028936
0.12850688
0.02216987
-0.01972426
0.08353937
-0.11422673
-0.09446834
-0.13900943
-0.01005370
-0.05363159
-0.05068517
-0.05707819
0.00266558
-0.10732099
0.12900271
0.03302314
0.10513035
-0.11436483
-0.14719109
-0.11178803
0.03687331
0.12428227
0.04269338
0.16409989
-0.12620339
0.00260689
0.04175993
0.20846501
-0.08122125
-0.00579711
0.00751368
-0.10913450
-0.02646250
0.03049709
0.02163292
0.00229697
-0.06838128
0.04599662
-0.10879777
0.12083929
0.05629632
-0.04313106
0.06567789
-0.01250343
-0.06029168
0.10322753
-0.05946468
-0.09335943
0.03137217
0.03218246
-0.05518636
-0.08342669
-0.17761312
0.01510963
0.03931382
-0.03725555
0.01917258
0.05534571
0.17109436
-0.12401681
-0.02695166
0.00896151
0.11144269
0.05835623
0.01472587
-0.01664984
0.02903450
0.03533014
-0.00159677
-0.07242379
0.07072545
-0.07982927
0.06862085
-0.06707673
-0.10798790
0.00482225
0.01667950
0.06426261
0.04176346
-0.12102793
0.11722022
-0.07197280
-0.14384966
-0.12199214
-0.10881489
0.00774749
0.02051085
-0.03474402
-0.11301243
-0.06490079
-0.00501658
-0.04099934
0.02594375
-0.01889554
0.07504142
-0.03801626
-0.01000590
-0.07021503
0.00104700
-0.11947126
0.10070905
0.01914890
-0.11620314
-0.09885581
-0.12830125
0.07318181
-0.00322039
-0.12744914
-0.04019544
0.00410866
0.05814756
-0.00969158
0.05065857
0.03778813
-0.00223909
-0.04207108
-0.10584149
-0.05476601
-0.12523551
-0.04352300
-0.05067013
-0.00888340
-0.01278116
-0.06027215
-0.09073597
0.07270692
0.00408449
-0.08056869
-0.11448289
0.07094865
-0.05722990
0.04058389
-0.04468210
-0.00518938
0.05262883
0.14243923
-0.03510892
-0.05121371
0.07907489
0.05541489
-0.00459291
-0.19880180
0.02794579
0.03575078
-0.02399912
-0.06789789
-0.09299020
0.03922756
-0.02821061
0.06893079
-0.01402246
-0.01358055
-0.00386147
0.00551225
0.06987531
0.02142028
-0.08982519
-0.12685007
0.00497927
-0.03222833
0.02760123
0.01684689
-0.02219773
0.00070426
0.09101264
0.00544160
-0.01532309
-0.08110339
-0.09959029
-0.03005307
-0.08983966
0.10198145
0.00925170
0.05810384
0.07095289
0.09471714
-0.02811663
0.01571724
-0.05965510
0.02812082
-0.04927026
-0.10293590
0.11147524
0.06062807
-0.11135180
0.03861899
-0.17764281
0.25016794
0.06153467
0.15521705
-0.21572098
0.06735203
-0.12210805
-0.03985713
0.12643884
0.02373557
0.10408415
-0.10181492
-0.05298845
-0.10565006
0.00593220
0.11780453
0.15280890
-0.02785996
0.03954790
-0.14605430
0.03224535
-0.10941073
-0.04312523
0.06885474
-0.15152074
0.03426584
-0.05279769
-0.02704201
-0.04017971
0.05239502
-0.14021562
-0.06859866
-0.11175023
0.09086386
-0.23049639
-0.00606311
-0.06386330
-0.20401701
-0.11097263
0.06889495
0.15053187
-0.27396837
-0.09474778
-0.05376994
-0.19433454
-0.02342965
-0.13337094
0.03820345
-0.08083814
0.06263880
-0.14237852
-0.02347099
0.04710466
-0.14691360
0.04189848
0.15051799
-0.00987610
0.02649387
-0.06786922
-0.10820396
0.03121970
-0.16731781
-0.15286240
-0.04363301
0.06890931
-0.00033642
-0.02129886
-0.00221310
0.00305512
-0.02064388
-0.08503994
0.01915142
0.00460449
0.01248928
0.08397616
-0.01376285
0.11798727
-0.00893265
0.07613552
-0.13501006
-0.14382076
0.02002678
0.05015998
-0.07105474
0.09597497
0.05851839
-0.02444440
-0.02205831
-0.02229047
0.02334120
0.02849887
-0.06868059
-0.02692047
0.00802896
-0.07757433
-0.01956521
-0.01930364
0.01233904
0.05450026
0.01152264
-0.00990473
-0.11587360
-0.07907373
0.03256294
0.05616878
-0.06230556
0.08934004
0.11521569
-0.08987369
-0.02031352
-0.14591849
-0.01362194
-0.00726421
-0.02240775
-0.06795547
0.00982327
-0.00677748
0.09195285
0.11454763
-0.02880859
0.08990906
-0.07825386
-0.11084546
-0.09420326
0.00037445
0.08486006
-0.07923241
0.02244369
0.15008847
-0.09475919
-0.15132940
-0.09837332
0.08968271
0.05865807
0.02648752
-0.01613717
-0.02491738
-0.01432241
0.06290844
-0.00249042
-0.01325291
-0.09449691
-0.01039867
0.01978536
-0.16190353
0.05344498
0.03214938
0.05226595
0.01343725
0.01953837
-0.01883543
-0.01351387
0.06058251
-0.03047612
-0.06339990
-0.10562223
0.08317314
-0.02578576
0.06661385
-0.05089320
0.08474993
0.02980664
-0.04972550
-0.06955053
0.09075264
0.03414367
0.02785789
0.00539969
-0.15054472
0.00449052
0.07079160
0.03164600
0.02432037
-0.05580838
-0.05109486
-0.00805434
-0.02493294
-0.00533405
0.05503131
0.01426475
-0.04020675
0.12211822
-0.08408343
-0.00447546
-0.07539047
0.01823767
-0.08802567
-0.03273585
-0.04634694
0.09491996
-0.02957770
-0.04795352
0.14654811
-0.11278096
0.01487249
0.05200617
0.00205669
0.00650527
0.00672209
-0.04206903
0.02634746
-0.10976611
0.02121944
0.07238888
0.08717983
0.03085181
-0.02626259
0.05291073
-0.05338522
-0.04078126
-0.02427695
0.12149861
-0.09844707
-0.10172096
0.02467250
0.00238912
-0.11537518
-0.05441925
-0.06167013
-0.02443689
0.01978523
0.00305513
-0.10807321
0.02445647
-0.06307699
0.05485961
-0.04418527
0.05626890
0.06505831
-0.00106214
-0.05872077
-0.08407484
-0.08581607
-0.06742689
-0.01716680
0.06970920
0.00963912
0.00736764
-0.10393290
0.00214788
-0.04255459
-0.13263921
0.05463781
0.04769116
0.03490959
-0.01458882
0.05472435
-0.04996541
0.07642911
0.06517446
-0.08948014
-0.05311075
-0.06141101
0.01285127
0.04919895
-0.05892726
0.06668688
-0.03826777
-0.00238980
0.09051891
0.02072023
0.03028800
-0.01015246
-0.05348802
-0.02370164
-0.10487854
0.09516011
0.07830488
0.01661647
-0.11173775
-0.07876622
-0.06200696
-0.11105791
0.00036455
0.02338511
0.07944458
-0.07145976
-0.07704876
0.05181093
0.04967451
0.06172766
-0.10704099
-0.05939078
-0.06918548
-0.05734243
0.08224780
-0.07246717
0.05957693
-0.02259499
-0.09794669
-0.00671459
-0.00562777
-0.02357050
0.03515156
-0.05150254
-0.10189415
-0.04219712
0.00291802
-0.01848571
-0.04443506
0.06394887
-0.05273416
0.00347116
-0.04867105
0.04694662
-0.09309506
0.01265997
0.02166015
-0.03542468
-0.00848003
-0.07715622
-0.07099673
-0.05283478
0.02732463
-0.03006594
-0.03208642
-0.03986029
0.00677515
-0.09769551
0.03295128
0.05209633
-0.15174305
-0.08385649
0.00163227
-0.01813702
0.00557545
0.07050293
-0.00879762
-0.00106344
-0.07124726
0.02241189
0.00462230
0.05153538
-0.05408309
-0.03033378
-0.01743329
-0.19949558
-0.05493289
-0.01139090
0.03176440
-0.06709325
-0.06766800
0.12045184
-0.02934305
-0.04924113
-0.09180729
-0.02697488
-0.07244890
0.00717076
-0.00937727
0.04638861
-0.10215303
-0.02659762
-0.00798386
-0.05881369
-0.03944120
0.07729993
0.05275223
-0.07823062
-0.15746225
-0.04155663
0.05971817
-0.00405354
0.09818996
-0.07452670
-0.14612430
-0.10154737
-0.04595734
-0.08522759
-0.02267767
-0.06499992
-0.02374483
0.09745653
0.02891783
-0.07080210
0.01985713
-0.04559744
-0.06382746
-0.09677044
-0.09659006
-0.12197212
-0.09623855
0.06855974
0.04968520
0.00651341
-0.14180207
-0.08097496
-0.04180291
0.06511278
-0.07295912
-0.01584259
-0.00926077
0.03585175
0.02875557
-0.06559007
0.05976370
0.05891411
-0.09636000
0.04515112
-0.03497047
-0.07491673
-0.04079940
-0.11645231
0.03860842
0.00410008
-0.06193784
-0.00988416
-0.00903185
0.07842109
-0.07833606
-0.06028945
-0.00050501
0.06098401
-0.02351337
0.08148169
0.05976447
0.00707878
-0.00294858
-0.05713380
0.01998196
0.04111016
-0.03366861
0.08029135
-0.00835123
0.03492497
0.02568110
0.07051553
0.12050439
-0.00777801
-0.16663942
-0.01972139
0.08964854
-0.08858807
-0.09591243
0.08624387
0.07953757
0.01350255
0.09292715
-0.05313146
0.07061090
-0.04458836
-0.01238086
-0.02341986
-0.04167824
-0.12808299
-0.04695034
-0.05893804
-0.02217942
0.05626733
-0.11721807
0.05831419
0.03108682
-0.01233586
0.11252718
0.01835343
0.06007432
-0.07307424
-0.05012051
-0.03719374
0.00842739
0.04209494
-0.13173310
-0.05172425
0.02998522
-0.18664043
-0.00335864
-0.04006204
0.08014119
-0.09265584
0.02602454
0.13928655
-0.00668700
-0.06240097
-0.06951545
-0.10823039
0.03489451
0.02561969
0.00077852
0.00877002
0.01837914
-0.07150513
-0.06618503
0.05553722
-0.08879180
0.04249204
0.06116235
0.03216017
-0.08958952
-0.09437088
0.04072693
-0.02733151
0.04717290
-0.03875247
-0.13526116
0.02536215
0.04799643
-0.01048013
-0.06437435
-0.03726188
0.05391349
-0.00186009
-0.05454762
0.01229404
-0.00479205
0.04052033
-0.02580951
0.00020754
0.01089861
-0.11253476
-0.00458948
-0.00506829
-0.08850609
0.03465846
-0.12143879
0.02858743
0.15486908
-0.06292684
0.21327044
-0.04886084
-0.00652347
0.02177446
-0.06234274
0.04895885
0.00844350
-0.10140953
-0.14064695
-0.00103038
0.06473812
-0.06671948
0.02893927
-0.02095654
0.21290764
-0.01240082
-0.22243145
0.17327522
0.08430409
-0.14934523
-0.14639020
-0.09408854
-0.11136554
-0.05269159
0.03396303
0.04764450
0.03855807
0.00812909
-0.07111919
-0.06232272
0.02835664
0.02589471
0.02670226
0.06825682
-0.07954062
-0.02512121
-0.10199342
-0.02607677
0.01535475
-0.00086753
0.05292467
0.04348344
-0.00936604
0.06559077
-0.08718792
0.14292093
0.09307467
-0.02036533
-0.00457209
-0.04189190
-0.09143039
0.02165759
0.10219519
0.06084941
0.06362124
-0.00241886
-0.04707327
0.05709764
0.06528910
0.06970540
-0.17149563
-0.10910245
0.05841434
0.06945878
0.02113543
0.00887428
0.08600902
-0.05866625
0.03360962
0.00912753
0.06056358
-0.04091033
0.02792460
-0.01332306
-0.03502222
-0.10569691
-0.08384017
-0.05531634
0.10039410
-0.02800991
0.06353359
0.05142254
0.05379925
-0.03649903
-0.12315246
0.01773135
-0.01426546
-0.06278557
0.01522779
0.00452606
-0.01813004
0.02651260
0.02640977
0.08616100
-0.06447337
0.04152725
0.13974528
0.11855888
-0.05146070
-0.07084137
0.01982077
0.03433616
0.01533396
0.06117905
-0.06242633
-0.00541549
-0.01384452
-0.08842319
0.06571545
0.01753030
-0.03520741
0.04664950
0.08325198
-0.03857127
0.04712668
0.07255027
-0.03699936
0.08692228
-0.00425693
-0.02834301
-0.04329052
0.00373007
0.22796345
-0.09957245
0.03478808
-0.07489146
0.00954214
-0.12588064
0.01441092
-0.10437600
-0.00959790
-0.02225501
0.03028208
-0.05075568
-0.00851985
-0.14643100
-0.20095995
-0.02449067
-0.01858848
-0.06077193
-0.06106445
-0.00309550
-0.10605156
-0.06222701
0.17115572
-0.13147412
-0.10792124
-0.05905237
-0.06567087
0.06337627
-0.06076542
0.10264000
-0.00775975
-0.13793144
0.07173738
0.06330901
0.09829262
-0.09764645
-0.05071811
-0.08155255
0.23490852
0.00634505
0.00655840
0.02084018
-0.01279341
-0.08596068
-0.19568437
-0.04834614
0.11767958
0.07292673
-0.08761226
0.00399798
0.02553219
-0.05797990
0.09659923
-0.05587312
-0.05548164
-0.02370341
0.09058528
-0.08674568
-0.01167933
0.03509462
0.07700818
0.03979921
-0.08388225
0.11038581
0.17669535
0.04787576
-0.04773460
0.06122183
-0.02204664
-0.00395519
-0.02885889
-0.04914018
0.09157641
0.03209018
0.07644267
0.02883265
-0.06301313
-0.05783465
-0.16181844
0.06059055
0.01932449
-0.20502917
0.02736313
-0.05245940
0.10000027
-0.06815170
-0.09002797
-0.17728545
-0.20540567
0.01810928
-0.09018787
0.04011983
0.03852546
0.02881317
0.03200836
-0.05310382
0.04330958
-0.04622318
-0.15376180
-0.16154924
0.05862579
-0.02011761
0.08367110
-0.05762238
-0.02834786
-0.02215100
-0.08165219
-0.01669156
0.10698491
0.10860658
0.00570991
0.19830561
-0.13694762
0.00539940
0.02536063
-0.15782732
-0.11175568
0.04255623
-0.04838426
0.06006738
0.01616727
0.03811005
-0.09325876
-0.03465994
0.03211279
-0.10280852
-0.03587873
-0.03141711
0.10488364
-0.01048399
0.01749694
0.10241006
0.01657420
-0.03272426
0.11281536
0.03844809
0.06311847
0.09837860
-0.09023947
0.13016661
0.03848578
-0.10525038
0.03497475
-0.01765834
0.10321449
-0.12294192
-0.09388971
-0.02675690
0.10341913
0.06279790
-0.13720192
0.06369642
-0.02955513
-0.17352425
-0.16570513
-0.16482396
-0.05526712
-0.07866935
0.12234142
0.00703957
-0.02606455
0.03852304
0.03709841
-0.07994198
0.00619145
0.09653798
-0.00960431
-0.03738277
-0.07670543
-0.10186408
-0.14921352
-0.07516385
0.07850152
-0.11646667
-0.00950008
-0.06250922
-0.01944880
0.00188016
-0.14724974
0.06098794
0.08023589
0.07098427
-0.01472120
0.04821077
-0.00748523
-0.00731393
-0.09598169
-0.06743224
-0.02104873
0.05331557
0.04612698
0.04944196
-0.05893968
0.09914902
0.00115528
0.03346426
0.11619311
-0.01368482
0.02854657
-0.07103569
-0.06773409
-0.01855372
0.01976219
0.20657687
-0.17109817
-0.11856955
0.05379778
-0.01973023
0.11062874
-0.03206806
0.06518918
-0.08713134
0.23750719
-0.14895508
-0.14688991
0.01341533
-0.13227390
-0.18270756
-0.11929849
0.00941951
-0.13038978
-0.10643735
-0.05862797
0.14435609
-0.01005148
0.01041097
-0.08432161
-0.09526966
-0.23546773
0.13614307
0.05469145
-0.07583310
0.09700146
-0.00866989
-0.01768917
-0.04652195
0.04866666
0.10565724
0.14725633
0.02342284
-0.17073594
0.05044390
0.01595870
0.00682552
-0.04090971
-0.18184614
-0.01424143
-0.08619370
-0.13659781
-0.01520968
-0.03391686
-0.09084040
-0.13682376
0.08274823
-0.06388851
0.03128577
0.18599950
0.07298887
-0.04201531
0.00266597
0.06188079
0.02042650
0.00807246
-0.02879660
-0.01560989
0.00719123
-0.01605950
-0.14792521
-0.09359215
-0.05363484
-0.07071467
0.10715100
0.02484360
-0.14115644
-0.00345122
-0.05045531
0.14644086
-0.07369342
-0.00375015
0.02786390
-0.15901822
-0.00617747
-0.16153491
-0.07643580
-0.05948824
0.03558909
0.10706184
-0.02189567
0.08776548
-0.05892095
-0.16411829
0.04230686
0.03456718
0.02040017
0.12307355
-0.04685819
-0.01072123
-0.00613986
-0.00654879
0.02668947
0.14371400
-0.00585043
-0.06876987
0.12711248
-0.14159644
0.03584667
-0.09445862
-0.03603306
-0.03137315
0.06437469
0.01197055
0.05213708
0.10320315
0.12181590
0.11660051
0.02625139
-0.00014730
-0.16201036
-0.06166126
0.00020207
0.01201909
-0.32732260
0.06616495
-0.05822089
0.00244479
-0.25836319
-0.01774706
0.04159986
-0.14639878
-0.03539635
0.10352750
-0.13756660
0.04600845
-0.20902859
-0.03503938
-0.19648759
-0.01223766
0.07517021
-0.09590257
-0.13235548
0.00948634
-0.02913817
0.07598323
-0.03390093
-0.14329877
0.03886395
-0.01909592
0.00553235
-0.02514714
-0.00265180
0.09025755
-0.10540149
0.01874905
-0.04427468
-0.12004349
-0.05736712
-0.02500476
-0.27055830
0.14351551
0.02155844
-0.01335393
0.08121304
-0.03928293
-0.26590741
-0.00254573
-0.01268016
-0.07190289
0.04003057
-0.07118659
0.01441804
-0.06519654
-0.08113087
0.05123411
-0.06415749
-0.11084054
-0.18492645
0.07550585
-0.07128599
0.03064225
0.15228070
0.09715120
-0.14514771
-0.09365346
-0.00515415
0.03081846
0.00682481
-0.11214670
0.04753953
-0.00585905
-0.05234115
0.00834934
0.09267473
0.00103328
0.06824372
-0.02798900
0.10511942
-0.04654946
0.02434495
-0.11210297
0.01862608
0.05432038
-0.14492218
-0.04548851
0.03954890
0.08069079
-0.00704515
-0.09255235
0.07449135
0.00197291
-0.06739003
-0.13118763
-0.05644589
0.04556532
-0.04751132
0.06033204
-0.11801831
0.03980894
-0.01884943
-0.04659640
0.01359750
-0.04602001
0.07721439
0.05313575
0.00034394
-0.09365495
0.02338225
-0.03844268
-0.12642045
0.12304883
-0.07062016
0.04470634
0.05683693
0.05349634
-0.08010385
-0.09103535
0.06567109
-0.01905128
0.02620238
-0.08283449
-0.10364981
0.00554903
-0.09586170
-0.02704727
-0.07312209
-0.05187849
-0.09260347
-0.12031162
-0.05892286
-0.01513605
0.05126357
-0.07890912
-0.16989057
-0.12645961
0.07841954
-0.15638231
0.08091010
0.07036965
0.01384074
-0.04019957
0.02011745
0.00669656
0.08516621
0.03646037
-0.01614943
-0.01503285
-0.12960100
-0.06057417
-0.02237012
0.01844041
-0.05155351
-0.11192457
-0.08599149
-0.09374510
-0.02382136
0.04187180
-0.05260257
-0.00844992
-0.07498171
-0.12335169
0.14590332
-0.09769057
-0.08208120
-0.04272624
-0.00140055
-0.13026099
0.01467051
0.10346812
0.05061064
-0.14091536
-0.02025793
0.00946704
0.05380513
0.11070923
-0.15106243
-0.09749679
0.07164832
-0.03403084
-0.02626188
-0.15151197
0.11270015
-0.13164315
-0.12120943
0.06602438
0.05193682
-0.13240214
-0.00211067
0.09429513
0.02234722
-0.05916503
-0.09157917
0.14037888
-0.05937948
0.05456775
0.01893513
0.00823858
0.05972049
0.01583030
-0.02235079
0.12913649
-0.00617821
-0.00731411
0.04647405
-0.11700387
0.00690356
-0.00867594
0.04165448
0.09556577
-0.02541767
-0.06239277
-0.23352394
0.04962016
0.01676604
-0.15639792
0.09029564
0.00720441
0.13442554
0.00508338
0.02571804
0.03122468
-0.04758282
-0.07068335
0.06585137
0.07962834
-0.11057668
0.02996012
0.08023595
-0.02783410
-0.04145714
-0.05734554
0.13151258
-0.03744817
-0.00921702
0.07045288
-0.14435455
0.01558205
-0.00216937
0.04112552
0.02392922
0.10242403
0.00711305
0.10104143
0.02142274
-0.06989067
0.09857851
0.14209318
0.01554568
-0.06197761
-0.04272877
0.11611919
-0.02382646
0.06205502
-0.19647229
-0.09898189
0.01313495
-0.00167209
0.01734865
0.03376507
-0.01287448
0.06952503
-0.04746269
0.07993818
0.07783722
0.05214171
0.09887835
-0.00070326
0.10952028
-0.12678964
0.13352975
0.03708849
0.02424078
0.08642711
-0.02039090
-0.06806359
-0.16164994
-0.01727319
0.01922738
-0.10739657
0.08148650
-0.07340309
0.07950963
-0.05791070
-0.00696038
0.06996938
-0.06189554
-0.07268044
0.02208235
0.06389373
-0.01524457
0.00571212
-0.05765351
-0.01346771
-0.07015179
0.02815938
0.03593782
-0.00217846
0.10260718
0.06735168
-0.12854576
-0.07460780
0.03089776
0.04324666
-0.10660907
0.05101001
-0.01976874
-0.07314588
0.03083540
0.00661839
0.13299476
0.15252250
0.05532712
0.08094969
0.01172849
0.07429266
-0.13046333
0.07340629
-0.07567331
-0.08372895
-0.05898646
0.04707161
-0.05410657
-0.02002342
0.04276305
-0.08287758
-0.13907610
-0.06591170
0.03845714
-0.07578842
0.01229269
0.03468372
0.04849047
-0.01113591
-0.12853441
0.01509994
-0.01979947
0.02737715
-0.00869590
-0.11039761
-0.05823784
-0.02953659
-0.09137248
-0.12436975
0.09031399
-0.06517995
-0.01728572
0.00822058
0.11250968
-0.09303880
-0.11989937
-0.02698686
-0.02308590
-0.07327341
-0.07469361
0.07715535
0.02219547
-0.09499147
0.11342966
0.08145159
-0.12465052
0.16677368
0.07717184
-0.08235592
0.12375160
0.00058816
-0.02307339
0.08574921
-0.02434033
-0.09847271
-0.08069699
0.06614641
-0.04675060
-0.10690454
-0.07579617
0.04900063
0.04669815
-0.07607478
-0.02155374
0.01392426
0.06804059
0.02308956
0.03542960
-0.04373296
-0.06626341
-0.06263588
-0.04534238
0.07046911
0.17654413
-0.03332236
-0.01291657
-0.12006363
0.16504200
0.12764920
0.18917674
-0.02453368
0.10549443
0.08923017
-0.05460837
0.08742420
-0.04809765
0.09053301
0.00644001
-0.02337374
-0.25782222
-0.03262957
0.09389748
0.11804060
0.06364089
-0.13583595
0.16745029
-0.05681207
0.16745292
0.01746316
-0.04596510
-0.21353519
0.01761478
-0.03390268
0.09943871
-0.09192771
-0.06244010
-0.08739571
0.05470990
0.04151368
0.12246349
0.04625508
0.01758188
-0.15701368
-0.06496823
-0.02395125
0.02660509
0.15622035
0.05556372
0.01489213
-0.04790615
-0.10176699
0.02261895
-0.03841209
0.20411500
0.00668517
-0.02298211
0.07178690
0.08463482
-0.06582024
-0.03989670
-0.00564803
-0.06803121
-0.09250534
-0.08960381
0.04216725
-0.00255630
-0.01285542
0.01074194
0.12214734
0.05033239
0.01443212
-0.00562855
-0.18079126
-0.05619761
0.02701544
-0.02494941
0.14136837
-0.02822056
-0.06910974
-0.08069691
-0.05787521
-0.00560833
-0.03339899
0.04427103
-0.01166311
-0.15732425
-0.08210009
-0.06335518
-0.11971669
-0.08943778
-0.34153157
0.07969379
-0.08158804
-0.06128544
0.09791604
-0.05079194
-0.00931909
-0.11967622
-0.02496966
-0.21785541
-0.18516347
0.05154770
0.03312197
-0.06357832
0.09317566
-0.02880313
-0.10980436
0.06581146
0.01332431
-0.11826879
-0.02993386
0.05277344
-0.12598698
0.07021700
-0.16163771
0.03159604
-0.00412897
-0.10412082
0.00009498
-0.00093089
-0.13662897
-0.06357691
0.06724993
0.04297185
0.08279036
0.13299918
-0.04263351
-0.11285278
-0.17442040
-0.04020626
0.06711502
-0.10697062
-0.01812768
0.08603463
0.10930526
-0.02383861
-0.09510883
0.05325766
0.02898289
-0.01054080
-0.01667660
-0.06803973
0.02919406
0.06136966
0.11623450
0.04926907
-0.11155140
-0.10139991
-0.06527328
0.05020336
-0.10349355
0.11329024
0.00214363
-0.01620625
-0.02247118
-0.07610664
0.08649447
0.07448485
0.05459905
0.06428754
-0.01757775
0.01253110
-0.02361602
0.03551311
0.19252972
-0.11872732
0.03929905
-0.03724010
0.04284888
0.02182179
0.04979971
-0.03935067
0.02527348
0.06132852
0.03890482
0.03946039
0.10571684
0.09813569
0.02555928
-0.04473773
-0.03206627
-0.02543337
0.06190552
0.06833450
-0.02162677
0.10610534
0.04290422
-0.06049959
-0.02219987
-0.22116803
-0.07533022
0.08191541
-0.02656343
-0.07215381
-0.06089476
-0.09441241
0.01314501
-0.08478805
0.08405007
-0.03822822
-0.00118909
-0.07717883
0.06984209
0.04725831
0.07122050
-0.14604615
0.04583564
0.02656655
0.04675820
-0.03852498
-0.05483950
-0.03784187
-0.01989005
0.05477281
0.03846350
0.08763056
-0.00310636
-0.07327995
-0.02159363
-0.04934156
0.03833559
-0.06570924
0.03351405
0.02231730
-0.02374885
0.13992143
-0.05744107
0.05668642
0.02756784
-0.04725768
-0.00431049
-0.15303537
-0.13553646
-0.01234992
0.14336923
-0.05085193
0.08093940
-0.08873191
-0.01692384
0.03471524
0.14862424
0.09055068
-0.02675194
0.07060608
0.09166433
-0.09337831
0.09712892
0.06683107
-0.00857411
0.00792339
-0.07912929
-0.06180847
0.01744503
-0.14040555
0.02240434
0.04044645
0.08740851
0.00282307
0.02234182
0.06138318
-0.17696042
0.05716895
0.00843712
0.02361103
0.04066251
0.14929046
-0.02882408
-0.01282232
0.08493008
-0.13451760
0.05451592
-0.00582022
0.10286201
0.02469604
-0.20366962
-0.02277567
-0.07997391
0.01163080
-0.05937937
0.07671501
-0.01257619
0.13136861
0.06670915
0.12126169
-0.01617165
-0.12917075
-0.00945504
-0.07063174
0.09602152
0.04137827
0.05583855
-0.03894557
0.07935762
0.08471037
0.07850147
-0.01769948
0.12134077
0.12882569
-0.01772817
0.00289742
0.03167341
-0.00437633
0.12021282
-0.00170462
-0.09451894
-0.04306041
-0.02777581
0.01037466
-0.09299424
-0.00763880
-0.00439655
0.12288275
-0.00885841
0.01239343
0.09383998
-0.02477795
0.09954074
-0.10344748
-0.07813962
-0.10271973
-0.04915646
-0.02596294
0.01984889
0.07612177
-0.02608521
0.03278694
-0.05949309
0.07121487
-0.18079571
-0.30731997
-0.02009290
-0.00054098
0.10308913
-0.14574933
-0.17575818
0.10501368
0.00538165
0.05327341
0.05068737
0.00226216
0.03321661
-0.05409056
-0.04251261
0.02264015
-0.07736953
-0.12537254
-0.12804721
-0.09111725
-0.10021047
-0.00170955
0.10915453
0.00380010
-0.06492842
-0.21846619
-0.00930724
-0.05396388
-0.12473141
0.11311743
-0.05860299
-0.13637048
0.09132878
0.01669347
-0.16121717
0.19215439
0.01484036
0.00762001
-0.04696321
0.02316496
-0.29031610
0.09288033
-0.18826053
0.01313579
-0.10805500
-0.17544925
0.00736117
-0.14340681
-0.05558441
-0.06808628
0.11719676
0.07703507
0.10765229
0.18056905
0.05823009
-0.15440772
-0.17699011
-0.05671492
-0.07656480
0.03740595
-0.05914887
-0.02434502
-0.07888405
-0.01335464
-0.23801595
-0.21368106
0.02708636
-0.09830166
0.13786983
-0.09234147
-0.26775303
0.11514208
-0.11603197
-0.05327685
-0.09437252
-0.03164444
-0.06179593
-0.09338148
0.01759120
-0.00907902
-0.07832418
-0.11768007
-0.16956526
-0.07633723
0.02258445
0.03350291
0.08417515
-0.04233830
0.10258359
-0.13948180
-0.06729132
-0.14475511
-0.01194497
-0.01212729
-0.10097258
-0.15218322
0.09025261
0.07042273
-0.16810800
0.08960295
-0.07879744
0.03767472
0.08984008
-0.02353842
-0.18156421
0.15097891
-0.02925615
-0.03939707
-0.18307546
-0.21049891
-0.05280051
-0.09171019
-0.03989546
-0.02691704
0.06262716
0.02395545
0.02501942
0.16966663
0.09591265
-0.10375910
-0.18553875
-0.12511232
-0.02595603
0.00580435
-0.01970766
0.13156350
-0.04357667
0.03090820
-0.05771909
-0.00848259
0.30224609
0.14588740
0.16572249
-0.01823523
-0.07886998
-0.03923352
-0.02556414
0.10112751
0.10171384
0.02069322
-0.07474387
0.08764058
-0.06149204
0.03321323
-0.00149459
-0.16193125
-0.30529773
0.15876608
-0.05338189
-0.01429909
0.14724527
-0.05878320
-0.00194696
0.03115730
0.00093097
-0.11154347
-0.06781311
0.06715691
0.15164925
0.03531387
0.07087364
0.02102499
-0.05126133
0.18121196
0.08232362
0.02272284
0.05737774
-0.03367399
-0.04800702
-0.03806623
-0.02195787
-0.03680512
-0.06658242
-0.04208227
0.07779122
-0.08718701
-0.02476630
0.07013062
-0.00928853
-0.01027587
0.13100109
0.11267797
-0.14628491
-0.18045090
-0.03928204
-0.04891982
0.07404108
-0.02371615
-0.03542940
0.01758548
-0.13699873
0.05876108
-0.01208011
0.14564747
-0.03037330
0.03770499
-0.00827936
-0.09935527
0.00094264
0.01262929
0.09730335
-0.13237783
-0.15981831
-0.32108891
0.03498882
0.05569380
-0.02176726
0.15387192
0.05050054
0.21856485
-0.17519598
0.13546100
0.08572044
0.07758952
-0.00125456
0.01679793
0.07163161
-0.05531248
-0.08639199
0.01221656
-0.01405496
-0.03631006
-0.01710973
0.07546759
0.04554627
0.04484597
0.07566064
-0.13576666
-0.08820467
0.11184563
0.12802710
-0.05879328
0.04594890
0.22507510
-0.00196863
0.00405229
-0.19804955
0.20538695
0.09649361
0.01387582
-0.03961042
0.16658191
-0.03766682
0.03831064
0.02905960
0.10893507
-0.03816855
-0.15021630
-0.01203508
0.00026083
0.03372575
0.04835725
-0.03039126
0.02913680
0.00960320
0.01478430
0.04068301
0.09145609
0.05820888
0.03126232
-0.13985145
-0.04324816
0.11338425
0.13870132
0.07544406
-0.03549909
-0.20909160
-0.21748780
-0.05428364
0.05765830
-0.10828901
0.08910638
-0.02739380
0.10570183
-0.01097696
-0.05475498
-0.07285418
-0.03306497
0.01858988
0.01125998
-0.08930477
-0.01499484
-0.03257385
0.04978717
0.00555899
0.06310128
-0.04363433
0.04306479
-0.10977709
0.06649978
0.10173222
-0.05013419
0.03421115
0.11370574
0.04625690
0.07536639
-0.02060788
-0.06376707
0.09999993
-0.07086543
-0.08116417
0.05694445
0.12869005
0.04023993
0.00184306
-0.03324073
0.08741210
-0.00403975
-0.00661258
-0.18633431
-0.00088322
-0.00811240
0.11578441
0.06579063
-0.10759252
-0.16192542
0.06243211
0.03206520
0.03475612
-0.11750726
-0.01967649
-0.09511221
-0.18262529
0.00890883
-0.07087172
-0.05695769
-0.04370274
0.00220488
0.02821712
-0.00895213
0.06706424
0.02262466
0.04093223
-0.01316774
0.03869924
-0.01608493
-0.01466143
-0.17155127
0.00981336
-0.04244567
0.05169239
0.02090476
-0.06412710
0.05656546
-0.07355069
0.11968416
0.00945461
0.08299438
-0.03900348
-0.05507017
-0.17239200
-0.01309812
-0.01679808
-0.07248485
0.12210178
0.01529939
0.00784263
-0.08290599
0.06500284
0.01403498
0.10665842
-0.06833646
-0.11041714
-0.04943674
0.06049152
-0.18907912
-0.14381796
-0.09445579
-0.04837229
-0.08837487
-0.13078243
-0.08634567
-0.04861322
-0.13483202
-0.07748246
0.00266490
0.07971735
-0.00863285
0.12053415
-0.04851380
0.11468485
0.01369938
0.09969682
-0.08561281
0.01479199
-0.02087412
-0.02650799
0.02529636
0.01635798
0.07734971
-0.15987186
-0.10594267
-0.01388389
-0.14586888
-0.07429913
0.00453044
-0.09215489
0.01841359
-0.10590490
0.11181468
-0.06155918
0.08105063
-0.12933429
-0.19801651
0.14936225
-0.07555485
0.07479861
-0.01204547
-0.00965266
-0.12560701
-0.11146833
-0.00904522
0.00845870
-0.15383993
-0.02221010
0.12704553
-0.00979568
-0.06319586
0.09324012
-0.00250964
-0.19741084
-0.02979072
0.00993210
-0.14581156
0.15715104
0.03138131
-0.07726841
-0.07370587
-0.13670602
0.09203658
0.13120471
-0.09867363
-0.18301773
0.03480397
0.17943586
-0.02856195
0.01264335
0.01762978
-0.03438935
-0.03724208
-0.13417768
-0.01500997
0.01130823
-0.12894483
-0.05060408
-0.00156004
-0.00017839
-0.05579611
0.00939738
0.05960513
-0.01125884
0.07834814
0.01856426
-0.05990702
0.00716808
-0.01327034
0.07640434
0.06421900
-0.11125237
-0.05651545
0.01726133
0.08589644
-0.03192317
0.11789645
0.11493911
-0.02879127
0.08905680
-0.06994841
-0.05618439
0.08662072
0.09144922
0.08784512
-0.05041984
0.01502503
0.00156988
0.09350891
0.14909470
0.02964050
0.07044398
-0.09478472
-0.06006972
0.09072623
0.07080464
-0.02616183
0.09950897
-0.04827325
-0.00331482
-0.07093706
0.11062127
-0.05812627
0.06760591
-0.07563436
0.06434455
-0.03299728
0.10616492
0.08432549
-0.01466288
-0.09734330
0.04326983
-0.07652792
0.06545793
-0.17473458
-0.11820135
-0.00453418
-0.00068229
-0.02202434
0.01189213
-0.04357642
-0.21873909
0.02475091
-0.00020680
-0.06864701
0.01958760
0.06938311
0.03404335
0.04026097
-0.00807218
-0.18963461
0.02709701
0.02640603
0.02112550
0.00832674
-0.00826108
-0.03517247
-0.01454590
-0.08253476
-0.02572279
-0.01155174
0.13375700
0.01695488
0.07040366
0.15059771
-0.07259912
0.03328494
0.06035622
-0.08869404
0.01076105
0.02941679
0.04445523
0.04746657
0.02135866
-0.02802544
0.09824081
-0.13443826
0.06043890
0.06305423
-0.00359181
0.01837037
0.12410283
-0.12066326
0.05366256
0.13301997
0.06432804
0.03024821
-0.00048602
-0.04332555
0.07493562
-0.06991369
0.05060853
0.03987360
-0.07326139
-0.05188822
-0.03381050
-0.04983656
0.08400169
-0.11544660
-0.04426601
0.07734898
0.06735511
-0.01881690
-0.01048301
0.02425411
-0.12567627
-0.00020283
-0.03464897
-0.03458338
-0.02124405
0.05996248
-0.02672480
-0.05124556
-0.03074813
-0.05325225
0.11188885
0.02130607
0.09071274
-0.09958174
-0.03608442
-0.17664629
-0.07499652
-0.01860040
-0.10417651
0.05729738
0.04126224
0.07798481
0.09028003
-0.04300717
-0.02258441
-0.08562518
-0.02568604
0.06290144
0.06932157
0.00030801
0.09314649
0.04148794
-0.03124073
0.05784842
0.02378463
-0.05050333
-0.05592610
-0.02108849
-0.04162373
-0.02559907
-0.04101156
-0.06828882
0.09284151
0.01553687
-0.07230677
0.03562286
-0.02406758
0.00344525
-0.02091667
0.01430844
0.04556290
0.07819444
0.03115548
0.04844493
0.00279490
-0.08756711
-0.03585716
-0.23059592
0.02444603
0.03758509
0.01846002
0.00285492
-0.05731726
0.01978702
-0.18553844
-0.00163752
-0.04473420
0.11447897
0.03075283
-0.01571330
0.04852803
-0.08333592
-0.05109052
-0.07348417
0.11105490
0.05417045
0.11357706
-0.05634826
-0.08879483
-0.11725423
-0.04627628
0.00095533
-0.10553905
-0.00031934
0.09092078
-0.02160178
0.08610740
0.06584246
-0.03552003
-0.09564414
-0.08815011
0.02477728
-0.02797301
0.04246033
-0.00547918
-0.05034962
0.02283670
0.02616489
0.01000522
-0.03174708
0.12287388
-0.01191165
-0.01326993
-0.08907831
0.01331181
-0.01522975
-0.05006800
0.08103487
-0.03827747
-0.10613483
0.11891846
-0.02779837
-0.06119553
-0.02063215
-0.02766636
0.12737215
-0.02385869
-0.06821036
-0.02472220
-0.04269202
-0.05513364
0.03178912
-0.00112686
-0.02808356
-0.00843513
0.01439055
-0.01721176
0.04734541
-0.17135428
-0.04716993
0.00056929
0.06048355
0.08428174
0.05809645
-0.04668010
-0.03389483
-0.03981866
-0.12450688
0.12036256
0.11645003
0.12509181
-0.04247025
-0.05448658
-0.14846107
-0.03247498
-0.00845464
-0.09151752
0.03942997
0.07249570
0.02410008
0.06051246
0.00162158
-0.05552465
-0.05021867
0.04050507
-0.04051949
-0.03108449
0.03597954
0.05137089
-0.04103097
0.00760002
-0.04625884
-0.00252653
0.02044050
-0.00483676
0.05824944
0.06456421
-0.12619866
0.00865235
-0.01850118
-0.04260878
0.00752373
-0.10819168
-0.12060820
0.06061416
0.05895762
0.01155555
-0.05791748
0.04608423
0.10903264
0.07482541
-0.05694656
0.02888515
-0.07173514
-0.02215124
-0.09691352
-0.00543193
0.02675457
0.05590368
-0.02465216
-0.10342236
0.04491392
-0.18665905
-0.08374371
-0.05841236
0.00115905
0.02016062
0.05518746
0.02173160
0.04233195
-0.06172213
0.00820325
0.05960608
0.02058741
0.02056588
-0.07906178
-0.08597196
-0.09799662
0.07569972
-0.07102482
-0.04551223
-0.01717537
0.10730693
-0.04091779
0.01426159
0.09577750
-0.03903682
0.01411635
0.02621776
-0.00964961
-0.03651680
0.05833945
0.03921681
0.00818763
0.00860146
0.03023180
-0.00805662
-0.15006328
-0.01086225
0.00865781
0.06797855
-0.04048770
0.02723630
-0.06275670
-0.04847274
-0.01508497
0.08670051
0.06112067
-0.02330932
0.02811785
-0.02640332
-0.06909935
-0.05920531
-0.03953408
0.06433775
-0.11091197
-0.01569815
-0.06411899
-0.05383693
-0.07406186
-0.07223193
0.00676038
0.01935259
0.02272266
-0.09552342
0.09856491
-0.08847070
-0.13268425
-0.01614708
-0.02016784
0.00494126
0.03729761
-0.07994939
0.00760482
-0.10551895
-0.14336129
0.01055879
0.09476747
-0.00319146
0.04678616
-0.01057616
-0.12297937
-0.07609767
-0.03808519
-0.11572657
-0.02142817
0.09966712
-0.02815424
0.02454488
0.06747600
-0.13964552
0.02899751
-0.03976573
-0.07767828
-0.03794359
0.06745491
0.00401911
0.00050788
-0.03141854
0.04037080
0.03808634
-0.03955340
0.06310423
0.12221463
-0.07909074
-0.09899796
0.01440424
-0.07473246
0.06573127
-0.03212101
-0.11309160
0.03310626
0.11678357
-0.06585393
-0.06868818
0.05167923
0.11195952
0.11554643
-0.02826725
-0.02364555
0.07282127
-0.08030642
-0.01102182
-0.13983963
-0.12192007
-0.01017092
0.03154453
-0.00418944
0.01488265
0.15760109
-0.11647432
-0.06840882
-0.14269859
0.10338269
0.13606496
0.05934537
0.08347411
0.05788523
0.00588798
-0.03331501
0.07944831
0.02375020
0.08481687
0.03214701
-0.13392861
-0.18323496
0.00293880
-0.01078297
0.09566098
-0.07154270
-0.08274856
0.09188715
-0.05053415
0.17334838
-0.01828014
-0.03036676
-0.08142718
-0.06906168
0.02341896
0.09755380
-0.03257152
-0.00959660
-0.09892540
0.03556489
0.00331323
0.01864391
0.04172776
-0.00215729
-0.12170852
-0.12069336
-0.01515928
-0.00353703
0.04945004
-0.00223631
-0.09153821
-0.03452678
-0.03687593
-0.08611325
-0.16779175
0.19728976
0.08934233
-0.06918287
0.11122122
0.07705134
-0.03053085
0.04130386
0.01613233
-0.07800549
-0.09724978
-0.12880473
0.05659521
0.07032470
0.02034856
-0.06490038
-0.17100672
-0.11692056
-0.04972408
0.05358303
0.05304634
0.09896225
-0.02840851
-0.03456188
0.05370477
-0.16066265
0.05908987
0.08350485
0.00122516
0.01534394
-0.09627873
-0.02579319
-0.00276731
0.05080409
-0.13716716
-0.06727675
0.07438572
-0.10379905
-0.12808681
0.05140289
-0.04410686
0.03205030
0.01965526
-0.10495972
-0.08214958
0.10460021
-0.04734736
0.07770342
0.05941959
0.03509638
0.05901856
0.04876844
0.11491766
0.04965976
0.06673583
-0.00553621
0.06597855
0.04350277
0.08803099
0.11396708
0.01981659
-0.03642599
-0.02572799
0.07297568
0.07363968
-0.09265019
-0.05645147
0.05575503
0.09257286
-0.05252370
0.05069151
0.01388637
0.10131538
-0.06787345
-0.03449631
-0.08920665
-0.03390740
0.08446532
0.32629794
-0.05811978
0.02849209
0.15401457
-0.07801816
0.03155959
-0.13025451
-0.14740592
0.09257026
-0.08333836
-0.01307704
-0.16205706
-0.15759858
-0.05309222
-0.04049221
0.04645362
-0.01871525
-0.19130313
0.03221684
-0.07330090
-0.07555590
0.05314320
0.11274518
0.03923212
-0.29207590
-0.03266722
0.25209767
0.04860159
0.04486307
0.20530650
0.06219361
-0.21349515
-0.00448751
-0.09369635
-0.05505905
-0.07629300
0.04424311
0.07161272
0.12318514
-0.00206153
0.02760991
0.01191153
-0.09567021
-0.07689458
0.07023674
-0.01700362
0.06965249
0.26380977
-0.08884466
-0.06287345
-0.16572380
0.03202902
0.05808084
-0.09963781
-0.09982403
0.25215805
0.09198076
0.04302049
-0.02399220
0.10012782
0.03424780
-0.14721887
-0.09066936
-0.11113779
0.00425387
0.00490583
-0.13848248
-0.03112368
-0.10927174
0.03251521
-0.12661669
-0.04495451
0.03454432
-0.12466773
0.07913149
-0.10793419
-0.02851914
0.13374656
0.03881415
0.07167284
-0.08585446
-0.14645796
0.02048995
0.00124872
-0.04855590
0.02575427
-0.10721248
-0.07510073
-0.07502789
-0.17162222
0.00396804
0.04633098
0.03159766
-0.08090696
0.00200265
-0.02598601
-0.12701404
0.02212693
0.03562672
-0.00052129
0.03855113
0.07195336
0.05650512
-0.04672845
0.03139474
-0.04462341
-0.09770760
0.02381802
-0.05227404
-0.10073628
-0.03786864
0.05563801
0.10187462
-0.01367264
-0.06915535
-0.04056841
0.04577266
-0.05585679
0.12676716
0.10987440
0.05510841
0.08056257
-0.02864056
0.02614411
-0.05179719
-0.13993298
0.01530151
0.03607134
0.08208825
0.11304627
-0.05315816
-0.10879282
0.02676249
0.00921504
0.08269903
0.16133520
-0.06465901
0.00351411
-0.00694682
0.02773368
0.02345516
-0.01453313
0.07836133
0.02543784
-0.05651513
-0.21665739
-0.04039800
-0.00429332
-0.11336014
0.02272332
-0.00661932
0.18726078
0.00709911
0.01369516
-0.00865478
0.01516824
0.01118067
-0.03821522
0.00336032
-0.03156500
0.05267347
-0.05130715
-0.07633480
-0.00795842
-0.03580818
0.01726156
-0.09858729
-0.00439852
-0.10456347
-0.20909168
0.05800515
-0.03436798
0.01681287
-0.05882072
-0.00505227
0.00957074
0.02548156
-0.05529458
-0.04680360
0.07116712
-0.01056554
0.02588380
0.10570948
0.08999500
-0.01284069
-0.08383837
0.04220989
-0.10599314
-0.00699345
-0.07721338
0.06838337
-0.08601923
0.05475122
0.15099151
-0.09432203
-0.09584890
-0.14855747
0.06019787
0.01150728
0.09183536
0.04275251
0.04113612
-0.03231170
-0.03722370
0.00884187
0.15362184
0.03110831
0.00916670
-0.05572094
-0.10328570
-0.01613437
0.02242337
0.09164343
-0.08328613
-0.03999009
-0.07115860
0.04951602
0.13792118
0.00658214
-0.02208904
-0.12717023
-0.13297771
-0.07422054
0.19497800
-0.06621570
-0.11912095
0.02916996
0.04755645
-0.04352359
0.15165465
0.00728902
-0.00694301
-0.18904948
-0.15076001
-0.09170296
0.06912106
0.10206695
-0.07234152
0.00236898
-0.07520463
-0.05462890
-0.06585815
-0.16917278
0.28110573
-0.05429327
-0.13238800
0.14767864
-0.13605267
-0.11572922
0.02317896
0.02591487
-0.08067552
-0.03072599
-0.21578293
0.14572369
0.03122464
-0.09351374
0.09339079
-0.09695395
-0.04914808
-0.06023706
0.08721374
0.00370279
-0.01783910
0.11831235
-0.07668226
-0.02091697
-0.05498337
0.00509441
0.05920172
-0.07770670
0.05044622
-0.00313576
-0.07453625
-0.01396805
0.03955520
-0.11932326
0.01966915
-0.04629826
-0.05956832
-0.11676469
-0.07580125
-0.15295386
-0.02242551
0.08440970
0.02122683
-0.14185931
-0.04321142
-0.09693614
0.00724111
0.01338436
0.10222855
0.02413054
-0.10630146
0.05493788
0.13380134
0.05189611
0.02365956
0.06406892
0.00246600
0.08355192
-0.02472098
-0.15574874
-0.07777488
0.03161564
0.02639836
-0.09642852
-0.17087629
0.06890055
-0.01524182
0.07486761
0.05269609
-0.01622506
0.02508505
0.13465612
0.20249298
0.02458920
-0.14298691
0.04629224
0.00761984
0.04105071
-0.10205342
0.13740504
0.03469111
-0.07659356
-0.07162085
-0.08349163
-0.19610508
-0.09082022
0.03759385
0.21226981
-0.01169814
-0.16519982
-0.05541087
-0.14083070
-0.11587055
0.04148998
-0.03428362
-0.06536200
-0.09554067
-0.06745952
0.05917429
-0.05218188
-0.08830464
-0.10158986
0.03888130
-0.02095047
-0.03762360
0.00580488
-0.05409475
0.04232295
-0.20960127
0.02111336
-0.27387571
-0.07733091
0.02584550
-0.06260214
-0.05839622
0.15706468
0.00896811
-0.29483032
0.14283423
0.03493286
-0.12569758
-0.01935047
-0.03657622
-0.19073509
-0.06295555
-0.10777293
-0.10821606
-0.11444411
-0.07562164
0.02558358
-0.10828149
-0.07273087
-0.07810180
0.06845991
-0.02733367
-0.00582740
0.26401502
0.03733040
-0.07475761
-0.24253815
0.02817895
0.06506903
0.07634625
-0.05212705
-0.07176176
0.02950792
0.08251272
-0.01343103
0.01745109
-0.02347862
-0.05978371
-0.04339947
-0.05409782
0.02435924
0.03062479
0.06870176
-0.03735171
-0.13508004
-0.21824105
-0.05930925
-0.01338327
-0.05659625
-0.05477327
-0.02774907
0.11724280
-0.03882019
0.03864941
-0.09636537
0.01264676
-0.05426543
0.03685089
-0.03332928
0.02752344
0.09089600
-0.03092910
-0.04625360
-0.07020697
0.08853783
0.05567901
-0.01079158
0.04614692
0.02445082
-0.02888235
0.01933785
-0.04041741
0.12618822
0.09287614
-0.12645914
0.02653357
0.04698564
-0.00430385
-0.09191699
0.13911587
0.00918187
-0.00540699
0.06187358
-0.00930473
0.05160407
-0.00016685
0.04994528
-0.14833045
-0.09137201
-0.09656818
0.01168387
0.16104446
0.00931010
-0.00838786
-0.08958713
-0.07204353
-0.01766364
-0.02113257
0.03224392
0.07454392
-0.13892654
0.11893178
0.00287198
-0.01670982
-0.03099973
0.25719902
0.02250174
-0.08619788
-0.01578986
-0.06594998
-0.00445165
0.00942107
-0.03826759
-0.04846515
0.03150566
-0.16546071
0.01172272
0.03024740
-0.11456734
0.04999855
-0.06398124
-0.10682621
-0.08808517
0.16330305
0.03343642
0.06857102
0.16336633
-0.12653866
-0.00595977
-0.04259093
0.05072925
0.07398949
0.05115237
-0.05995835
-0.01683506
-0.06372472
0.15858716
0.04361704
0.01726414
-0.06413106
0.13355760
-0.02528926
0.05657452
-0.02443542
-0.18326792
0.05432172
-0.04189868
0.04136547
-0.14622539
0.11601775
0.03714005
-0.07294229
-0.14700148
0.03592426
-0.01894642
-0.00031779
0.00777817
-0.22033924
-0.08734129
0.01719978
-0.02179842
0.01599460
0.03321004
0.08763435
0.04575505
0.15296443
0.00645066
0.00037979
-0.05803236
-0.13959995
0.18460540
-0.12562670
-0.02118264
-0.20862311
-0.05955522
-0.13765875
0.02763443
0.12332495
-0.05984521
0.08236649
-0.04530294
0.09692473
0.03377480
0.01831496
-0.14864914
0.00798738
0.03064908
-0.01863134
-0.00482336
0.03863689
-0.06388084
-0.05271671
-0.00529165
-0.08215067
0.06643930
0.04821888
-0.02523204
-0.23701085
-0.01146868
0.00779294
0.06369775
0.04100041
-0.05052774
0.02605239
-0.07820703
-0.04516753
-0.04393975
-0.01455840
0.00533584
-0.01582230
-0.04830823
-0.03658063
0.07791373
-0.18635659
-0.07465301
-0.05003880
-0.12219059
0.00347583
0.02442539
-0.01311358
0.01382447
-0.10604005
-0.08552072
0.13297331
-0.00522813
-0.07070638
-0.01325724
0.02549152
0.02540998
0.08076659
-0.01470905
0.02008195
-0.02076350
-0.05663313
0.15892233
-0.04203511
0.07403514
-0.36806050
0.06433167
-0.09549892
-0.08119810
-0.00900787
0.02992941
0.13858661
0.01508604
0.08868915
0.00902551
0.06144348
-0.02920355
0.07424007
0.07814085
0.07703654
0.02458335
0.04685482
-0.13488762
0.00516102
0.10007036
0.01991120
-0.02993198
-0.09229903
-0.15535334
-0.19820589
0.05716820
-0.02018386
-0.00747842
0.10416566
0.03500125
-0.00149321
-0.02744980
0.03058809
0.07706640
0.05400579
0.05490449
0.03939511
0.00474219
0.07537407
0.00904669
-0.15860312
-0.03059906
0.03683003
-0.04715883
-0.09037120
-0.08520336
0.10015466
-0.12072812
-0.06561436
-0.09447560
-0.15800604
0.05426231
-0.00748509
0.04738678
-0.09524278
0.00117927
-0.00808064
-0.08508782
-0.01505750
-0.05966070
0.02283798
-0.00771535
-0.00782311
0.01207615
0.03761026
0.03467879
-0.02180914
-0.06587484
0.07156075
-0.00825402
-0.07949100
0.02866668
-0.07456842
-0.15788963
0.05487028
0.02293774
0.05870407
-0.03250371
0.01764722
0.07585914
0.07456801
0.01946145
0.07150853
0.05605393
-0.04319172
0.10850538
0.08226801
0.09807654
0.02958452
-0.03896145
-0.03816882
-0.04459089
0.03989552
-0.00547548
0.03202436
0.01747587
-0.03763378
0.08052144
-0.02267068
-0.02369512
0.05418511
0.04705777
-0.08447263
0.00918961
0.00440816
0.05142851
-0.14242549
-0.14979286
-0.02816480
0.02182617
-0.03447738
0.03944723
0.06488793
-0.26002663
-0.00222459
-0.13792981
0.03055921
0.09100159
-0.01923575
0.16776675
0.20999713
0.09442675
-0.01791482
0.08767437
0.05970918
0.10261691
0.02956520
0.07065209
-0.30861533
0.00103147
-0.01689949
-0.02882444
-0.00957969
-0.00725137
0.03746056
-0.07861934
0.17519820
-0.01291258
-0.02720960
-0.15356153
-0.12561102
-0.01005591
0.14548407
-0.02011550
0.03307526
0.07079853
-0.00655613
0.02578482
-0.11337020
0.01291990
-0.11398775
-0.04161097
-0.20608498
0.05358664
0.09182723
-0.03819745
0.10138283
0.01763101
-0.08250298
0.11239253
-0.00563472
0.05515444
-0.05647152
-0.08087216
-0.01410906
-0.07521755
0.10517691
0.10879610
-0.04820065
-0.03231024
0.02819685
-0.23890661
-0.05229874
0.06392638
-0.15240429
-0.17281541
0.07952066
0.08871625
-0.19192916
-0.17010598
0.13919185
-0.13718300
0.06746859
0.14659625
-0.04469304
-0.03280631
-0.10930028
-0.15459606
0.07549375
-0.07364275
-0.14623015
-0.07311267
-0.04200597
0.02611856
-0.02572720
-0.20680262
0.03473861
-0.16387255
-0.18965831
-0.19445151
-0.02784205
-0.14920974
-0.13226075
0.08027652
-0.11124761
-0.20504311
-0.17458130
-0.10295579
-0.06479856
-0.03129041
0.08359589
-0.03255984
-0.02466558
0.14732683
0.12114759
0.03882020
0.08681719
-0.13309769
-0.07428502
0.01649213
0.01102368
-0.15042752
-0.08987915
-0.09409399
0.01035057
-0.16530758
0.05378629
-0.16970636
-0.01499880
-0.00769186
-0.07792727
0.09126908
-0.07319867
0.00893706
0.13518952
-0.05120183
-0.11077420
-0.16262111
0.11297400
-0.10608806
-0.15597902
-0.10800135
0.09324989
0.07019991
0.00887113
0.09511566
-0.09796951
-0.00927889
0.04830777
-0.03799320
0.03129888
0.02698280
-0.09211220
0.03871001
-0.06336983
0.15324087
-0.10483170
0.06990820
-0.19155280
0.10881244
0.12833731
-0.07514524
0.19419296
0.05348760
-0.16691829
0.05631763
-0.01997741
-0.08831964
0.10628620
-0.01274978
0.07524072
-0.11737165
-0.05560527
-0.04210818
-0.07060330
-0.14987737
0.03795757
-0.01121721
-0.01556477
0.02491086
-0.04839838
0.04397418
0.06637393
0.07051864
-0.07316484
0.01861902
0.09085894
-0.04214326
-0.06065569
0.06751131
-0.11449599
-0.00134611
-0.02097575
-0.00524869
0.12292322
0.00496637
-0.03802420
0.01217060
-0.00132319
-0.08291835
0.01435069
0.02704749
-0.03596051
0.01472588
-0.13144743
-0.05726629
-0.02290757
0.08659328
0.03209769
0.12511829
-0.03017697
0.03025703
-0.05367587
-0.02203949
-0.10481054
0.03299578
-0.02005769
0.06632444
-0.05017690
0.13658218
0.01061199
-0.06712199
-0.01618842
0.02682609
0.07379817
-0.08707958
0.11966799
0.02613331
-0.07310320
0.04318601
-0.00072612
-0.01140491
0.04352987
0.01548454
0.02159193
-0.00943968
-0.03418257
0.01216341
-0.03403189
-0.07389455
0.00942086
-0.06159094
-0.00678523
-0.05719075
-0.03712535
0.03818131
0.05844688
-0.00572703
0.02747369
0.11303478
0.01460799
0.07612640
0.04351506
0.00012404
-0.05309376
-0.00295178
-0.03991615
0.04535670
0.06812131
0.02018975
0.06731863
-0.00074677
-0.10797128
-0.10829055
0.06830093
0.07960191
0.04761203
-0.04286839
-0.05739610
-0.20374095
0.07384666
0.01991363
0.03716023
0.03240672
-0.00338279
0.08846922
0.14903037
0.10552572
-0.11477206
0.08000218
0.09592359
0.02803268
-0.06002476
0.10340165
0.04108608
-0.07949138
-0.09463122
-0.07842953
0.06135311
0.05344431
0.07380952
0.03993092
0.01769146
0.05051348
-0.01357604
0.01289038
0.00390762
0.00342258
0.07499737
-0.01087132
0.09378839
-0.06380786
0.01723484
0.01952726
-0.12223016
0.11995211
-0.01535724
0.06630909
0.01445365
0.04413658
-0.08143610
-0.07703339
0.11660410
-0.07430562
-0.10414208
0.09406651
-0.05080141
0.04652007
-0.08978187
0.08314550
0.00490392
-0.06966895
0.07689070
0.09209497
-0.03270160
-0.03498526
-0.06439903
-0.20264196
-0.02452060
0.04588087
-0.00272251
-0.16538683
0.01291474
-0.05933747
-0.22342519
-0.23516247
-0.00769923
-0.11271752
-0.01333246
-0.05871875
-0.18538560
-0.04409297
0.02003979
0.01297925
0.03909643
-0.11330760
-0.21921912
-0.11561163
0.05703617
-0.00439432
0.11294170
-0.22168177
-0.03273302
-0.07355160
-0.00660194
-0.17750095
-0.11317223
-0.15852576
0.03354983
0.07807647
-0.05692286
-0.09662366
-0.15727967
-0.17720084
0.03284602
-0.01006948
0.03673591
-0.12510003
-0.02197871
0.12493450
0.15799724
0.12971643
0.11803348
-0.00743874
-0.02142078
0.08064235
0.01319924
0.06626230
-0.01385321
-0.08647840
0.00355265
-0.10345768
0.10943830
-0.06752454
-0.15295088
0.04551252
-0.01869198
0.00315499
0.01463551
0.08334004
0.02844409
-0.03201948
-0.19599877
-0.09883518
0.02576588
-0.17993340
0.07971056
0.01635350
-0.12177338
-0.12324271
0.15690483
-0.12072336
0.02155774
-0.11990376
-0.18223037
-0.10578783
-0.03386917
0.00426823
0.15346044
-0.03588574
-0.23446546
-0.17231861
-0.06142525
0.03978804
-0.03354772
-0.10018855
-0.08694356
0.04159830
-0.08038284
-0.07332979
-0.19930542
-0.05369732
0.03017320
0.08513772
-0.05020011
-0.08219439
-0.04514289
-0.06534689
0.05298846
0.09112944
0.11504240
-0.17684200
-0.08627271
0.13637835
0.19695562
0.03491508
0.01625133
-0.06174418
0.00990362
0.07561044
-0.03890602
-0.02806176
-0.00619938
0.06238521
-0.02908551
-0.11021626
-0.06469417
-0.19435839
-0.04608878
0.05222382
0.04781628
-0.11414020
-0.09258892
0.03987307
0.06371474
-0.11525863
-0.08260014
0.04172263
0.04078988
-0.06394282
0.03126896
-0.02242106
-0.19050747
-0.12464201
0.00158231
-0.02211503
0.18180534
0.21957433
0.06058353
-0.09276406
-0.12878600
0.02010304
0.00875310
-0.17504515
-0.01779760
-0.02121792
0.14965607
-0.01856177
0.10294717
-0.07850124
0.08531084
-0.07978406
-0.00043451
-0.26486963
0.07020304
-0.09598601
0.04434735
0.08749364
-0.10890486
-0.09619965
-0.01986627
-0.02930638
0.11318431
-0.05182044
-0.06092424
-0.02857274
0.03998539
0.07109465
0.04158610
0.11242327
0.07677913
0.01526055
0.02123151
-0.07058323
-0.11852091
-0.01565138
-0.02941687
0.01274369
0.02069294
-0.12145601
0.20943579
-0.03603891
-0.06980637
0.14619784
-0.06283920
0.13517810
0.08030483
0.08726467
-0.17253688
-0.06200746
-0.05304656
-0.04958633
0.08610027
0.00778405
-0.02378457
-0.15123218
0.18269031
0.02231821
0.11163388
0.04784559
0.03225815
0.07400364
0.10970040
0.02823744
-0.14765961
-0.00863251
-0.00575324
0.32353142
-0.15330461
0.00315339
-0.30797908
-0.06321347
-0.06685094
-0.05022009
-0.02204224
-0.06325941
0.20785728
-0.19706579
0.09046451
0.02306382
0.14794914
-0.04572909
0.05554487
0.12650786
-0.03305529
-0.06002744
0.01787232
-0.06884260
0.06211964
0.02793521
-0.03386608
0.08661895
0.01653554
-0.05773972
-0.15041529
0.00459463
-0.00883290
0.06651254
0.02696392
-0.13630696
0.12367335
0.05416260
-0.04314477
0.11153709
-0.08978122
-0.11837699
0.00441173
-0.01716163
0.15648770
-0.01067223
-0.12967236
0.04722518
0.20907499
-0.04763042
-0.00102014
0.07043388
0.13350782
-0.00638002
-0.12253732
-0.07769187
-0.01767408
0.07367010
-0.05621701
0.01031975
0.07334840
-0.05556312
0.06194668
0.03833424
-0.21274087
0.00690661
-0.03963386
0.03130757
-0.10529353
0.12408484
-0.01555887
-0.08083417
-0.00209145
0.04836341
0.01497553
0.02456277
0.07240100
0.00694638
0.08152036
0.06122661
0.01731400
-0.00151941
-0.02687949
-0.04237471
0.11373616
-0.03993390
0.03539612
0.05830382
-0.04795582
0.09768582
-0.09217503
0.08516081
0.07195872
0.11470273
-0.04649071
0.01101097
0.03874051
0.01446636
0.10201383
0.12096267
0.09621023
0.03456828
-0.01074127
0.07578230
-0.10578482
0.06423194
-0.05726989
-0.06563738
0.07813029
0.08181415
-0.08584163
0.03230476
-0.06623816
-0.04972634
0.00157922
0.06204403
-0.12035374
-0.10003082
0.15624578
-0.06453229
0.05296711
0.03249819
0.02107765
-0.04891404
0.02560918
-0.05192507
0.00953627
-0.15273921
0.07244468
-0.06971852
-0.16693005
-0.03299567
-0.03052984
0.05794780
0.08522050
-0.08245622
0.02728311
0.01811565
-0.26154366
-0.09390009
-0.00759851
0.03144136
-0.15403751
-0.09231866
0.04106813
-0.11445604
-0.06050906
0.06922031
-0.09276051
-0.07059784
-0.03487824
-0.01380190
-0.03625377
-0.26104546
0.05996902
-0.15112892
-0.07595739
-0.05478152
-0.02574045
-0.05092730
0.04593721
-0.12639830
0.00718629
0.07974720
0.06602184
-0.18124852
-0.04165871
0.11175248
0.01651862
-0.21699192
-0.11561472
0.04129760
-0.03102640
-0.05329390
0.02833374
-0.04462687
0.02812788
0.02027101
-0.03378570
-0.04101798
-0.00579395
0.11563946
-0.04250319
0.01119056
0.09145679
-0.11021947
-0.00595872
-0.00716297
0.00950687
-0.09432610
0.12225052
0.05143977
-0.04190777
-0.05957366
-0.09913353
0.18659091
-0.08122414
-0.00422443
-0.18565100
-0.03626350
0.02586554
-0.08945834
0.07920474
-0.00368061
0.10329110
-0.11807457
0.03510041
0.02547431
0.11436050
-0.16355358
0.15574522
0.03511120
-0.08954045
-0.08224134
-0.06867771
-0.13918974
-0.08422095
-0.03025746
-0.02374676
-0.01792193
-0.07696375
0.00271181
-0.16357358
-0.04189600
-0.00057083
0.04256897
-0.06775513
-0.10601719
-0.08063058
-0.15994243
-0.07926577
-0.05321516
0.08036843
0.05563444
-0.02576985
-0.05169942
0.11466455
0.07726382
-0.18661535
-0.08553194
0.10791653
-0.05556816
-0.00571177
-0.08094689
0.07177475
0.02028130
-0.18887788
-0.05611654
-0.05019535
0.16014241
-0.11998253
0.10213219
-0.02765054
-0.01268337
-0.08035790
-0.12151065
-0.07202518
-0.00062569
-0.05585025
0.00603279
-0.12675360
0.08524246
-0.06461912
0.00200837
-0.11674595
0.09569269
0.13694909
-0.10393044
0.08006186
0.07273157
-0.01495110
0.04129136
0.01289303
0.03452028
0.03680458
0.08666205
-0.08220690
-0.04631314
0.04001231
0.02525435
-0.02797159
-0.06498929
-0.05407756
0.09266075
0.03592096
-0.00310840
0.07020079
-0.01025627
-0.05364598
-0.00003639
0.09364112
0.01692958
0.03768263
-0.05875077
-0.04390150
0.06963291
0.03574483
0.11124438
0.07391313
0.04841632
-0.00206613
0.10913163
0.01244813
0.04184845
-0.05851569
-0.11031582
0.05668176
-0.03008110
0.02431685
-0.12736519
-0.08705545
-0.10277925
-0.02990953
0.10021592
-0.02373709
-0.00616770
-0.17010896
-0.00102130
0.00971020
0.04887444
-0.07997429
0.01278564
-0.15050445
-0.07818774
0.01398658
0.14635040
-0.01510668
-0.03441845
-0.10797119
0.07527560
0.06799714
-0.05228359
-0.10808880
0.13459340
-0.03618740
-0.08507610
-0.05681559
0.06372955
-0.06467687
0.00862397
0.10647721
-0.00421508
-0.09359492
-0.08226401
0.01970948
0.00551569
0.02389278
0.02362867
0.00630206
-0.07047412
0.16858321
0.06116771
-0.05326951
-0.00981367
0.02789423
0.05427019
-0.00569316
0.03447958
-0.02305557
0.14429885
-0.04533102
-0.00886242
0.09649511
0.02883687
-0.14849259
0.08452897
0.08282308
-0.03016120
-0.09604458
-0.05885985
0.11503071
-0.06293387
0.08484011
-0.04233680
-0.04051094
-0.20274089
-0.02470088
0.07560716
-0.10417938
0.05961717
0.04602856
-0.00034866
0.05375697
-0.09107908
-0.11147930
0.04366015
-0.00878585
0.09398193
0.01596460
0.02804900
-0.06981511
0.06573946
-0.04924842
-0.04799575
0.04190717
0.05070951
-0.02266820
-0.02068312
0.05682310
-0.06131769
-0.01620474
-0.02091482
-0.03356379
0.04189148
0.07784618
0.04161524
0.06643293
-0.01354861
-0.03643557
0.01337243
-0.10415085
-0.00945671
0.06374761
0.02358141
-0.09375235
0.12162068
0.01687834
0.05859632
0.04760874
0.01112920
-0.07018703
0.06527376
0.04511236
0.09346508
-0.03543923
0.02194574
-0.05716709
-0.06466034
-0.01575494
0.02202770
-0.08101647
0.00213340
-0.09456999
-0.13412772
0.09460030
-0.04100830
0.00412688
-0.11050916
0.01505303
-0.13785061
-0.02238472
0.06999741
0.03711025
0.08001687
-0.06826819
0.03059332
-0.04055184
-0.01607774
-0.10002003
-0.03743552
0.05754804
0.04755865
-0.07298686
0.05913284
-0.05809367
0.01282839
-0.08845709
-0.06157178
-0.02054186
0.09909069
-0.06231076
-0.00292030
0.06238284
-0.00064185
-0.07905486
-0.02487777
0.08728725
-0.08911031
0.00594063
-0.00814888
-0.03340512
0.08244368
0.00493781
-0.03314196
-0.18378806
0.05910116
0.04370633
-0.04456691
0.02173847
0.14298567
-0.00988365
0.00889768
-0.04320192
0.06446955
-0.08914835
0.04718776
0.02093454
0.07750364
-0.09561760
-0.01691125
0.11656000
-0.03769743
-0.13953537
0.05592960
-0.07344348
-0.03011312
-0.15479884
-0.08901075
0.01932259
0.04528762
0.08222403
0.03641636
-0.03048873
-0.10580064
-0.00639701
0.14082763
-0.14126734
0.11698998
0.02818513
-0.08244997
-0.06876036
-0.09864409
-0.05529496
0.07381979
0.05899571
0.04167741
-0.02975450
0.11413662
0.11095823
-0.02318765
-0.04071778
-0.01062989
0.07628115
0.00462159
0.04118188
0.11824528
-0.05687742
-0.01723474
0.06383713
0.10274872
0.09336190
0.05029804
0.09106113
0.05495966
0.08171313
-0.04034991
-0.01524249
0.07572837
-0.05970982
0.10152529
0.13006733
0.06325185
0.04559953
0.09693506
0.00925993
0.01695915
0.02370520
-0.00265678
0.04864109
0.01822206
0.03256110
-0.00691835
-0.01415635
0.00939946
-0.00128070
0.03463207
-0.10641533
0.06550781
0.07261726
-0.03322296
-0.21243727
-0.09399961
0.11544732
0.05566834
0.02631274
-0.06557453
-0.12994608
-0.02631350
0.00450005
0.08407537
-0.14252950
0.03736631
-0.10131080
-0.02428903
0.02368047
-0.13268498
-0.16120936
0.02452086
-0.10771006
0.08799312
-0.02038989
0.06939329
-0.01890447
-0.02362089
-0.03067092
0.07989468
-0.02304059
0.08003316
-0.07753529
0.06504200
0.04336076
-0.01216568
-0.05853168
0.10693870
-0.05354290
0.05588106
0.07184266
0.03749534
-0.05205297
0.04405798
0.02593022
0.07269624
-0.05911221
0.02404335
0.12644412
0.03796675
0.11649176
0.02550098
-0.09245910
-0.07079770
0.02294360
0.09183563
-0.02436176
0.05980467
-0.08633876
0.05503751
-0.09616634
-0.03825880
-0.00823143
-0.00662915
-0.07115477
-0.01307514
0.00259547
0.02170873
-0.09486721
-0.01439616
0.12603179
-0.08811914
0.08638974
-0.10282745
-0.07452384
-0.16061258
0.00718213
0.03887549
-0.09044570
0.06759237
-0.05695812
-0.03713559
-0.02960123
-0.07733463
-0.07721031
0.03414846
0.00208176
-0.01110435
-0.06501465
0.01478740
0.00647897
-0.06887057
-0.10280168
0.00308776
0.07240818
0.09398028
0.06751930
0.09991100
0.00472166
-0.09808713
-0.09753310
0.05485801
0.02379727
-0.03939218
0.00080415
0.09332267
0.04524308
0.08087199
-0.06601476
0.03315377
-0.12061706
0.10688248
-0.00380400
-0.02679175
0.03930488
0.06391694
-0.03483544
0.06262368
0.06360573
0.04695086
-0.00995369
0.11672969
-0.03995375
0.03723005
-0.02178832
0.08587315
0.03414951
-0.05258855
-0.02658558
0.09562052
-0.05969946
0.08626004
-0.20475160
-0.09271412
0.06842361
0.00058860
0.04106204
0.03188360
-0.05001552
-0.14554992
-0.03804190
-0.13160720
0.04876326
0.02033093
-0.10795777
0.17600772
0.20304005
0.15649822
-0.16523916
-0.04654506
0.03994698
-0.00742293
0.08958244
-0.00697888
-0.09128749
0.01424919
0.02386974
-0.09000666
-0.08758241
-0.06166290
-0.05640092
0.02883823
0.11900765
-0.01511531
0.02907324
-0.03372061
-0.10604907
-0.06078176
0.01269535
0.04748553
0.01324932
-0.08234001
-0.06257389
0.10580798
-0.05056522
0.04396206
-0.01620966
0.03410849
-0.00839713
-0.06614196
0.05889381
0.11123861
0.09619091
-0.10385362
-0.08770738
0.01676275
0.06109590
-0.03492428
-0.15732469
-0.06769912
0.02362748
-0.08859785
0.07612498
0.05769502
0.03812793
-0.01508177
-0.05788593
-0.22112839
-0.00417420
-0.01345738
-0.00343882
-0.10381152
-0.02943076
-0.05696537
-0.08831036
0.12411573
-0.07005458
0.02916519
0.00289328
0.03894986
-0.02792842
0.01272014
-0.11846887
-0.05872656
-0.13302058
-0.03581018
0.07144149
0.02260894
0.02339696
-0.02452525
-0.04181999
-0.02098694
0.09003930
-0.01209788
0.00542094
0.06043159
0.04362749
-0.03564723
-0.04307931
0.06856788
0.00715128
-0.06150271
0.04136441
0.05484070
0.00512715
0.02130208
-0.04956703
0.06686392
-0.02493142
0.00582191
0.07807233
-0.04917669
0.17891450
0.09572881
-0.13040785
0.00761411
-0.02126797
0.09278699
0.05957377
-0.01515619
-0.06739661
0.01281996
0.02721952
-0.08869349
-0.03371621
-0.03697814
-0.08509123
0.12185487
0.06981665
0.13647610
-0.21392378
-0.10534892
0.00902962
-0.01910914
-0.11502928
0.19061339
0.06994569
-0.11946238
0.22892006
-0.18666112
0.01622373
-0.09977710
0.17183034
0.18906261
-0.06940949
-0.04548283
-0.04065625
-0.07728365
-0.01102369
0.01051454
-0.08719167
-0.10873183
-0.04168889
-0.09341310
0.03223661
-0.22987629
0.06371902
0.00004050
0.12320442
-0.35813388
0.04253734
0.14992394
0.13504933
0.08223971
-0.01752584
0.05721994
-0.01612975
-0.06478725
-0.01799550
-0.01948827
0.10716839
-0.19551609
0.03893983
0.16215718
0.14914739
-0.02149187
-0.02011704
-0.10189482
-0.10677287
0.16721539
-0.07241818
-0.18079410
0.05306121
0.02954297
0.03944355
-0.14890683
0.18689588
-0.11352532
-0.10896857
-0.00976327
0.26564500
-0.02013721
-0.16658308
-0.01139498
0.16276999
-0.12012093
-0.15117194
-0.06626202
0.17891547
-0.07065185
0.02728329
-0.03373516
-0.19183530
-0.06348217
-0.01841710
-0.02784218
0.13500378
-0.05181289
0.04560711
0.01176257
-0.11309052
-0.03902388
0.00036140
0.05370327
-0.08000199
0.02861781
-0.12874316
-0.07583003
-0.03922409
0.02196019
-0.00994327
0.03831162
0.05030327
-0.06648756
0.08400454
-0.09331730
-0.06915127
0.06990179
-0.09687556
-0.04240077
0.12070566
-0.05685475
0.03747075
0.11839487
-0.04746447
-0.00015767
-0.05949674
0.15852796
0.17424218
0.10883257
-0.03863598
0.08605589
0.00972029
0.11775842
0.09740514
0.09891903
-0.09481183
0.05735148
-0.02957359
0.05598315
0.01577519
-0.01170998
-0.02838295
-0.05632568
-0.05920522
-0.14486301
-0.09859785
0.07822932
-0.16194212
-0.12761207
0.11211180
0.07050092
-0.04008727
0.10562092
-0.15128991
-0.27455077
0.03367904
-0.06681781
0.00277584
0.02608085
-0.03423138
0.07465940
0.07879134
-0.04571714
-0.03803379
-0.00878063
-0.07464471
0.12764466
-0.07194539
0.07457913
-0.14851186
-0.07365507
-0.06148380
-0.10243712
-0.02627997
0.07875930
0.12496218
0.01259026
0.16048519
0.06600504
0.10358550
-0.00931244
0.04912007
0.00031023
0.08501835
-0.06515621
-0.01517584
0.03221047
0.05823393
0.06354125
-0.04594907
-0.08476584
-0.09204689
-0.04069129
-0.15016410
0.07400965
-0.02452457
-0.04478042
0.06892081
-0.03414188
0.01736236
0.09885280
0.03958140
-0.01913369
-0.08892281
0.04566158
-0.01819906
-0.01104175
0.06470571
0.14215863
-0.14630488
-0.00322947
0.10159362
-0.05985497
0.03716423
-0.03712799
0.00064706
0.01341150
-0.11066417
-0.23568018
-0.10967972
-0.07240692
0.05653788
-0.07136114
-0.02358906
-0.01377884
0.06451425
0.07524437
-0.05987241
0.05639664
0.23289382
-0.05586278
0.11761066
-0.00571504
-0.06936345
-0.04834598
0.03895397
-0.15647013
-0.15384829
0.07552987
-0.06662348
-0.03531713
0.25717583
-0.04870293
-0.09495982
-0.08608906
-0.18556857
-0.14118779
0.21266697
-0.04437756
0.00377152
0.07632653
-0.07922863
0.04426926
0.01304272
-0.00020587
-0.10889836
-0.03878334
-0.04674462
-0.15962976
0.00823612
0.16373330
-0.04629861
0.03394782
0.04860258
0.05689152
-0.05064349
-0.02635885
0.04300058
-0.17783053
-0.04933318
-0.04570945
0.03728293
-0.04554853
0.01441127
0.01040965
-0.08741780
-0.01459588
0.02227525
-0.06479795
0.05245928
-0.08950645
0.01592616
-0.07777334
-0.08889312
-0.04835292
-0.03479815
0.09648781
-0.01413107
-0.00915515
0.02238628
-0.11597270
-0.07911349
0.05525254
0.08577361
0.02947239
0.00704487
-0.02265993
0.01757339
0.02043720
0.08525018
-0.01575520
0.07171259
0.01818500
-0.04711675
-0.05191224
-0.01203174
-0.07437181
-0.08138702
0.12069752
-0.12320456
-0.00307180
-0.04311583
-0.03299709
0.01697405
-0.04333544
0.04984384
-0.06652389
-0.10693411
0.15387946
0.22209050
0.03926904
0.15285994
0.00844273
-0.05222986
-0.00839486
-0.00099738
0.07878174
-0.05045002
0.11219545
-0.08443188
0.10795300
-0.09842891
-0.06455095
0.01918416
-0.06008697
0.02688316
-0.08262462
-0.09936963
-0.00347415
-0.09178632
-0.13262953
-0.02132759
-0.00852961
-0.15973993
-0.25482401
0.04125112
0.04084470
-0.25723761
-0.35135743
-0.07310444
-0.13896585
0.05438440
-0.09381502
-0.18349175
-0.00903673
-0.13351612
-0.03277716
0.05333836
-0.08146102
-0.11874498
-0.11596026
-0.00128374
0.03133003
0.04110273
-0.20671804
0.06988117
-0.01384220
-0.05606760
-0.28292155
-0.11070325
-0.16283691
-0.18259329
0.07255085
-0.00461183
-0.19553855
-0.14080267
-0.14269562
0.01294812
0.00389163
0.00041796
-0.12849712
-0.05928602
0.03796982
0.12802288
-0.05645949
0.10142557
-0.10784692
-0.08810592
0.08705941
-0.08052661
-0.03881369
-0.21763895
-0.04868525
-0.01127683
-0.29018748
0.13408825
0.01703159
-0.02687202
0.02651710
-0.11555658
0.03947490
-0.10820771
-0.00988425
0.14467767
0.01969570
-0.14160120
-0.11396831
-0.00116410
0.02888808
-0.10418965
-0.11519563
0.05207228
0.09461378
-0.00937974
0.00309274
0.02348542
0.07826993
0.06403740
0.06397101
-0.01681282
0.00968325
-0.01207681
0.06588145
0.04620494
0.06868008
-0.12842907
-0.07802221
-0.05473673
-0.07518799
-0.00724661
-0.04377221
-0.05042022
-0.02290424
0.07065548
0.01042884
0.00679196
0.05096948
0.08477025
-0.04519664
0.11672343
0.08295891
-0.03154868
0.06289996
0.06578379
0.11720307
-0.12003598
0.04821394
-0.00155814
-0.01849549
0.01880718
0.13492368
-0.03576962
0.04037347
0.08273471
0.02107012
0.03978266
0.01341697
-0.06870399
0.11976647
-0.10052274
-0.00022845
-0.03252852
-0.06133977
0.04615821
0.01844403
-0.07207212
-0.03155095
-0.08117076
-0.14157856
0.03747034
-0.06383400
-0.01625296
-0.13063142
0.20389535
-0.09405974
-0.00776063
0.02637909
0.03903056
-0.30902639
-0.04324626
0.02656370
0.10435075
-0.10756360
0.07174841
-0.14959027
0.14645989
-0.13920364
-0.04503866
0.15698625
-0.06019738
0.05748029
-0.15759599
0.21808921
-0.04270352
-0.28999174
-0.17634095
-0.11648388
-0.13558351
-0.13474065
-0.12004112
0.05572154
-0.02027258
-0.06065714
-0.03723742
-0.10808457
0.07496456
0.05283254
-0.22587125
-0.01428462
-0.03415724
-0.07590352
-0.10734732
0.01648482
-0.09741440
-0.21049026
0.00118108
0.06825594
-0.05265365
-0.24412881
-0.22313124
0.01986863
-0.03354473
-0.08376020
-0.15836717
-0.01210460
-0.10111864
-0.07574432
-0.07385427
0.03073063
-0.08361056
-0.01403283
-0.26177701
-0.13659257
0.06677731
0.02193614
-0.04849805
0.17453474
-0.16076963
0.08593663
0.14054321
-0.11774239
-0.01280511
0.02876890
-0.11559172
-0.03745384
0.03684807
-0.00873585
0.06032323
-0.02111402
-0.02820781
-0.25013739
0.11225811
0.11785718
0.11623710
0.03473751
0.05240757
-0.04840397
0.03994713
0.09844092
-0.16424441
0.00501641
-0.17834716
0.10166184
0.07347178
0.08839504
-0.04380672
-0.04347745
0.02860488
0.00798837
-0.11333159
-0.00509326
-0.15979932
-0.10158628
-0.00767554
0.09802166
-0.09704788
-0.06190251
0.07465541
-0.08394413
0.05043932
-0.08038679
-0.19627130
0.00794997
0.02149094
-0.08773501
-0.05689697
-0.03756902
-0.14275713
0.01171177
-0.02877184
0.02105165
-0.00717774
-0.03227741
0.13783412
0.00213568
-0.12615101
0.03964752
0.02366184
0.03650539
-0.02085779
0.18853451
-0.06247103
0.13697909
0.03535540
0.02078849
-0.03375965
-0.07048821
-0.03074787
-0.04128854
-0.01836435
0.08634084
-0.01289640
-0.02701402
-0.06354125
-0.15031205
0.13196054
0.06363591
0.17314523
-0.09270323
0.04405530
0.01594692
-0.01532906
-0.00839780
-0.08031247
-0.14258663
-0.17107294
0.10142507
-0.03960776
-0.04742895
-0.05689576
0.03810929
0.00884369
0.04083177
-0.05368610
-0.07470990
-0.11679190
-0.08627370
-0.04732812
0.15919979
-0.07969238
0.03782658
0.02871158
-0.16008094
0.08051784
-0.05865160
-0.10708576
0.09531415
0.03391080
-0.09500170
-0.00036024
-0.03523318
-0.18006483
-0.05359540
-0.14454955
-0.07681983
0.05120891
-0.08966641
0.01206105
0.00344561
-0.12340101
0.01038477
0.04807266
0.04785118
-0.12566330
0.13146923
0.04117067
0.03651949
-0.09258647
0.10098452
0.01836023
0.01389329
0.01505332
0.06223814
-0.11285215
-0.00430911
0.08451133
0.03430085
0.00143965
-0.10458091
0.05272997
-0.02763452
-0.00575191
-0.02733464
0.02280877
0.08373635
-0.03005022
-0.07096596
0.03314342
-0.00125285
0.00624753
-0.11714267
-0.08465727
0.01200289
0.02045953
0.06529159
-0.02279867
-0.11562963
-0.06566669
-0.06308010
0.00236675
-0.04524124
0.03049505
-0.24081457
-0.08332385
-0.08786500
0.03582978
-0.06940395
-0.07962628
0.01814603
-0.07248180
-0.13313973
-0.03070077
0.06150863
-0.06844261
-0.03255437
-0.00722112
-0.03965746
-0.02624381
0.03772749
0.00056502
0.01509341
0.06964609
-0.07117651
-0.28341720
-0.05240751
0.00919068
-0.01079378
0.05391082
0.11554463
-0.01591200
0.08251093
0.04282670
0.02320942
-0.03525872
0.07956654
-0.03828715
0.11737872
0.02729563
0.08845893
0.11314180
-0.04085016
-0.12305144
-0.05477239
0.09686143
0.10501251
0.01014514
0.00707091
0.07800043
0.12628803
-0.04419944
-0.15451950
-0.02977172
-0.06245371
-0.03826499
-0.13043836
-0.10602170
0.00829958
-0.06034559
0.07048570
0.03016927
-0.14325501
-0.00221740
-0.21338916
-0.14882077
-0.01603513
0.01332049
0.08897134
-0.05152596
-0.09983148
0.13030173
-0.07112209
0.06951586
0.08739794
0.02081008
-0.04386135
0.03196636
-0.02035146
0.07059705
0.03383242
-0.03402734
-0.11926893
-0.16106947
-0.00240445
0.14359300
-0.02754754
0.16575536
0.02198690
-0.17656736
-0.09160326
0.01919903
-0.14548555
0.09138086
0.06688478
0.01097138
0.10945427
-0.00305004
0.08023607
-0.17090254
0.01293496
-0.02032974
0.03414289
-0.05196532
-0.08240658
-0.12478988
-0.01294835
-0.14290874
0.09325061
-0.09091312
-0.01485770
0.04957006
0.07341953
0.04537689
0.03907227
0.08216043
-0.02050638
0.12376678
-0.20269138
-0.03866142
-0.18357427
-0.19786038
0.00570890
-0.24355914
0.08720338
0.03273959
-0.13239196
-0.06269751
-0.13774903
-0.02551853
0.05115991
-0.04506423
-0.08449478
0.04806315
-0.19381599
0.04022844
0.02592535
-0.13523228
0.25380892
-0.05414942
-0.13319619
-0.01665590
-0.10000519
-0.06396993
-0.00613730
0.15240775
-0.02138072
0.00240291
-0.05920555
-0.05174787
0.10478146
-0.02164151
0.01106012
-0.05458317
-0.11894125
-0.04699695
-0.08894056
0.01739317
0.08016479
0.03559711
0.11347992
0.00368649
-0.09993016
0.06210738
-0.11476450
-0.06350541
-0.15825938
-0.10976940
0.05665076
0.01590692
-0.06092224
0.05263833
-0.24179980
-0.10042319
0.01286818
0.09931902
-0.06655300
-0.00899012
0.01861384
0.04070760
-0.01107769
-0.11770815
0.05286360
-0.27494270
0.04457051
0.11970150
-0.12655902
0.02920655
0.05495111
-0.03964065
0.09057844
0.04655448
0.18778303
-0.20876308
-0.04108331
-0.08431028
-0.04558324
-0.10709555
0.00742596
-0.07483321
-0.20022003
0.02333921
-0.16864721
-0.16826928
-0.03707144
0.23914567
-0.03951829
0.07839064
-0.07534575
-0.05737405
-0.13036150
-0.16799757
-0.07926967
-0.02697903
0.03351448
-0.11893022
-0.02011824
-0.09859362
0.02603001
-0.08106754
0.02729342
-0.11333469
0.05343834
0.06942509
0.10883183
-0.05219000
-0.13355960
0.09642804
0.02707493
-0.01146398
-0.03435684
-0.05835629
0.06152388
-0.03224565
0.07720178
0.04385057
-0.16194834
-0.03035851
-0.12903123
0.14372049
-0.08256028
-0.03567870
-0.04523613
0.01820945
0.11051536
-0.14223145
0.07785013
-0.02433818
-0.03987269
0.11126078
-0.05405296
0.05739838
-0.03154173
0.02376572
0.00954164
0.01633721
0.12047160
-0.19635922
-0.00810937
0.06926156
-0.06305806
-0.06532628
0.08380982
-0.04241348
-0.12747428
0.11086353
-0.02294123
-0.09098852
0.10941938
0.14448813
0.06448281
0.05084054
-0.11127483
-0.03760578
0.04203269
-0.02724496
-0.01513241
-0.04428334
0.04017619
-0.00588034
-0.08892843
-0.11859903
0.07631447
-0.01149546
-0.03828583
0.03844379
0.04694986
0.01466926
0.20861433
0.10500478
0.05382684
-0.01973024
-0.00062420
-0.09813918
-0.04101454
0.09228195
0.01929673
0.14016455
-0.10420305
-0.04108541
-0.05219286
-0.02656860
-0.09690377
0.10263088
-0.06145466
0.06007758
0.09475195
0.07990570
-0.12628844
0.14690720
-0.03573454
-0.13715510
-0.08689041
-0.06995784
0.06917599
0.01754102
0.02699224
0.02096387
-0.10428857
-0.05590500
0.06464932
-0.06190286
-0.01007623
0.11368703
0.05607222
-0.10038196
-0.06790455
0.13253593
-0.02833188
-0.06798510
0.00859100
-0.16603324
-0.02960681
-0.04456096
-0.06696759
0.00333729
-0.07911804
-0.02302469
0.02283997
-0.14496922
0.03095970
0.11140863
-0.03697759
0.13270959
-0.04343167
-0.12498864
-0.08798657
-0.03272451
0.01895731
-0.04697104
-0.03471796
-0.08512021
0.07952298
-0.08910131
0.12646137
-0.13771752
-0.17122979
0.13251732
-0.04014223
-0.02311409
-0.05367826
-0.23340642
-0.09960507
0.00280464
0.05657414
-0.11423788
-0.01143709
-0.08398691
-0.05591909
-0.02476399
0.06104894
0.02528488
-0.06630558
0.01943572
-0.22851704
0.03776215
-0.18152909
-0.12812488
-0.02316492
-0.29123756
0.03399614
-0.07317250
-0.02291310
0.00737506
-0.00696443
0.04218291
0.10479436
-0.09611463
-0.11436099
0.10473269
-0.00359812
-0.06642945
-0.08194778
-0.15275761
0.17004704
-0.05889868
-0.11802907
-0.24923907
-0.06832741
-0.06594360
-0.08421438
0.14260356
0.07849689
-0.00144330
-0.16587505
-0.07861580
0.04243540
0.02170077
0.12852256
-0.06629575
-0.06411582
0.11061113
-0.13038470
0.10950868
-0.06507191
0.00332025
0.10030735
-0.05945145
0.19916530
-0.11026771
-0.16824913
0.04792455
-0.18339770
-0.11843395
-0.06734953
-0.25131401
-0.06957352
0.10900842
-0.03102874
-0.09916043
-0.06520807
-0.12294420
0.03296483
0.02020895
0.03512312
0.06421389
-0.07776563
0.03713461
-0.18846776
-0.07056228
-0.12248306
-0.04738068
0.01459654
-0.18604676
0.08642213
-0.08998965
-0.09462250
-0.04293783
-0.02649686
0.05533947
0.03630668
-0.31276640
-0.20512325
-0.09984666
-0.10010733
-0.12724365
0.02113432
-0.14027901
0.24795730
-0.10621925
-0.17401931
-0.17227924
-0.01762956
-0.06016168
0.04463969
0.03419055
0.04397003
0.00822907
-0.23881283
-0.04366352
0.03751857
-0.06094360
0.09009674
0.01977914
-0.14401969
0.07138041
-0.22275914
0.01983214
0.20539296
0.05419929
-0.03056865
-0.08473264
0.14884251
-0.04370056
0.02053973
0.17080621
0.13527881
-0.06540390
-0.14133093
-0.14442347
0.08427302
-0.04342339
0.15072738
0.03421746
-0.21205047
-0.05222458
-0.00049539
0.12628473
-0.23759714
0.06978688
-0.00381367
0.07104418
-0.17539243
0.08870368
-0.15420008
0.03568884
0.03515624
-0.04626448
0.09824466
0.04279120
-0.12835227
0.08232205
0.05805226
-0.02398843
0.04247154
0.09260960
-0.20023736
0.04111340
-0.15722732
-0.10762993
0.09064678
0.04513344
0.07059668
0.02395249
-0.20612988
-0.13520308
-0.01163410
-0.07613506
-0.04642107
0.24960051
0.02638956
0.10700454
0.09599250
0.00012050
0.03480970
-0.06454201
0.05893080
-0.29506320
-0.16973683
0.01590639
0.03730587
0.02096636
0.08760029
-0.05496934
0.17844133
0.06366759
-0.01545675
0.01263152
-0.11840140
-0.04123923
-0.07854619
0.00753747
0.02684269
0.01925664
-0.16157635
-0.14581983
-0.32332462
0.08066179
-0.03396475
0.06718490
0.02222235
-0.08005907
-0.01999139
-0.02052272
0.00856610
-0.34203893
-0.06211011
-0.08977126
0.00380458
0.18054335
0.04523184
-0.12016962
-0.00682726
-0.17349474
0.09896576
-0.12442337
-0.03636090
-0.08565549
0.10151414
-0.09856901
0.00946780
-0.10590997
0.08143697
0.09273870
-0.23288387
-0.02956361
-0.00368694
-0.03033282
0.10921147
0.22529122
-0.15907900
0.02595052
-0.07222994
-0.09862591
-0.00778914
-0.07913102
-0.08340794
0.12705070
0.11003637
0.04248120
-0.13441542
0.01862605
0.08954068
-0.01081055
-0.06102777
-0.12584452
0.12935403
0.08327033
0.06923630
0.04719457
-0.15751711
0.09877092
-0.10012771
-0.00600929
-0.11583433
0.00401345
0.08245829
0.10651471
0.05727295
0.13473003
-0.13529499
0.04972717
0.08712226
-0.01065724
-0.05842288
0.00198615
0.01529714
-0.08529456
-0.08423376
0.00617731
-0.00594310
-0.11038895
0.01361368
0.01183805
-0.08427187
0.09468620
0.04903472
-0.03108931
-0.01960739
0.03240466
0.05673175
-0.21215743
-0.02046411
-0.11316418
0.01318132
-0.02843897
-0.06349328
-0.01502114
-0.14088303
-0.05966102
-0.06194387
-0.15055610
0.01125217
-0.00628255
0.08187075
0.06786749
-0.10350408
-0.14956743
-0.08098722
-0.14165232
-0.03139430
-0.03853644
-0.09509300
-0.07599037
-0.11533047
-0.09249047
-0.01276926
0.00044771
0.05009077
0.11156972
-0.18900169
0.02187699
-0.09618789
-0.05988801
-0.03040418
0.03354822
-0.08497932
-0.03703840
-0.18048993
-0.06671222
0.02491098
0.04001930
-0.06542163
-0.06246938
0.02850874
-0.10178392
0.02351300
0.13007911
-0.00117899
0.01619611
-0.09473277
-0.08524868
0.05360837
0.01310946
-0.16913052
-0.02357584
0.05736332
-0.03557583
-0.12744975
0.01989722
-0.13488860
0.00812212
0.03841254
0.02476531
-0.06248575
0.02005094
-0.17384164
-0.06908087
-0.07089958
0.09043266
0.08678010
-0.13360479
0.00044568
-0.06543601
-0.11769159
0.05609928
0.02272721
-0.04737163
-0.12046237
-0.00551864
0.10095743
-0.01029680
-0.01379986
0.08942828
-0.03403351
-0.08523618
-0.14884591
-0.04157645
-0.07155230
0.07455649
0.03047412
0.12310779
0.03233185
-0.02042517
-0.02944943
-0.33362666
0.24015550
0.06641633
0.02447332
-0.17007919
-0.03509099
-0.11675017
-0.05441308
0.00220564
-0.03559532
-0.20188367
-0.14891501
-0.13171895
-0.04459301
0.09801485
0.13403530
0.30464491
-0.04436922
0.01007467
-0.09973831
-0.02879560
0.06611887
-0.19000606
-0.04309202
-0.13958851
-0.09878752
0.09325869
0.11239842
-0.00307504
0.01063165
-0.06083191
-0.12498233
-0.10239617
-0.04817482
-0.06792077
0.00180665
-0.27690670
0.15290904
0.12015918
-0.02109952
0.21852398
-0.02301778
0.00680290
-0.15512086
-0.05973674
-0.03562414
-0.01361289
-0.12671922
0.03446782
0.03908993
-0.18231502
-0.03598036
-0.15679643
-0.17327140
-0.09603823
0.04564192
0.03099007
-0.00965628
-0.10627912
0.15278985
0.01005062
-0.11624685
-0.06653146
-0.02642968
0.09662673
0.02938879
-0.01440468
-0.01410746
0.05092289
-0.01324778
-0.12340387
0.00285123
-0.01639716
0.07918678
-0.05097865
-0.05782705
0.01906108
-0.17072485
-0.04800924
-0.10846280
0.18505758
0.04637455
0.03041278
-0.10299955
0.00936473
0.09425033
-0.10598352
0.04699077
-0.17147063
0.07827658
0.02834810
-0.04366471
0.11350787
-0.10633855
-0.04673764
-0.00171522
-0.04016348
0.03842324
-0.06781986
-0.05092259
-0.05373297
-0.05977655
-0.14046474
0.05592408
0.09848715
-0.14467824
0.08478479
-0.11063659
-0.04042472
-0.00700741
0.08514325
0.08185469
-0.05712600
0.01897568
-0.02605002
-0.08105763
-0.01440462
0.07269672
0.09569062
0.03212023
-0.07211172
-0.03145948
-0.15590978
0.12805900
-0.01752743
0.08082244
-0.06255700
-0.03535276
0.09859372
-0.04855913
-0.07164185
-0.09096350
0.02460748
0.12177466
-0.08830380
0.02090753
0.00394722
-0.03973823
0.22227459
-0.02199972
0.05326631
-0.02816268
-0.06318013
-0.07671059
0.04345288
-0.04073642
0.00971427
0.00900898
-0.01159534
0.07403490
0.04618281
0.08365463
-0.10115576
-0.06672050
-0.04406524
0.01365492
-0.06878096
0.03697324
-0.01778327
0.04727363
-0.06914110
-0.08343818
-0.14580289
-0.08014268
0.13010941
-0.10449170
-0.03469590
-0.06574097
-0.04975214
-0.02917121
-0.02768238
-0.04192693
-0.02852518
0.04958588
-0.01277314
-0.01911830
0.02121507
0.03534922
0.01288051
0.02603648
-0.02408983
-0.04406530
0.06865484
-0.02327107
0.02592111
-0.08697300
-0.21077406
-0.01678334
0.03861295
0.00855302
-0.10711545
-0.00437523
-0.00198950
0.09658462
0.05090704
-0.11800643
0.01656742
-0.02063893
0.03419036
-0.07329714
-0.02384818
-0.04277326
0.13075687
-0.04222479
0.05718370
-0.14962570
-0.00806812
0.07740838
0.05060809
-0.01274068
-0.03312424
-0.02021780
-0.09221692
-0.01380077
0.01698309
0.01488214
-0.15740231
0.07447696
0.08082749
0.03317123
0.04425479
-0.00115442
-0.05482519
-0.07521808
-0.01986076
-0.01683172
-0.22032803
-0.08579104
-0.02016822
-0.05556993
-0.11991173
0.02192859
-0.04031191
-0.06985048
0.04735911
-0.01942057
-0.11207115
-0.04220685
-0.03278467
-0.00727273
0.02488806
-0.05844289
-0.10646131
-0.08294023
-0.03210026
-0.05513630
0.01714947
-0.04950989
-0.02244934
-0.01970373
-0.16966821
0.05175294
0.04322099
-0.07703964
-0.10238100
0.04700843
0.05985255
-0.02987399
-0.03696317
-0.02723447
0.10350552
-0.06179444
-0.10372696
0.01765633
0.05338015
-0.00379901
0.11914561
-0.02832116
0.04941311
-0.13733174
-0.02990228
-0.04563814
0.05006099
-0.01944049
-0.03987351
0.09813713
0.03370562
-0.01722748
0.02523704
0.10533273
-0.11593776
-0.04863109
0.03879432
0.01998438
-0.02325005
0.08301640
-0.08254201
-0.02849686
0.00331285
-0.01092088
-0.03996608
0.06485678
0.08152022
-0.14865898
-0.01058075
-0.11215190
0.02086617
-0.11707950
0.02412862
0.06772056
-0.04421706
-0.08958658
-0.03292484
0.09772187
-0.02005813
-0.13264804
-0.04800498
0.05802498
-0.05359070
-0.09051683
0.10317557
0.01319410
-0.00072769
-0.14227469
-0.17428277
-0.04554386
-0.05943267
-0.00331517
-0.11537145
-0.01250989
0.06116660
0.04505060
0.02735341
-0.04418278
0.09627730
-0.01053019
-0.04985139
-0.03867340
0.01645025
-0.08822522
-0.00622176
0.07973073
-0.00717198
-0.16116577
-0.02886451
0.03319092
0.00010309
0.07156628
-0.10685495
0.00720571
0.03671287
-0.01114000
0.01149956
0.05024981
-0.08281079
-0.06270285
-0.03164387
0.04625861
0.12189612
-0.00841447
-0.10989035
0.05150056
-0.02379884
0.08108727
-0.08438900
0.02807741
-0.03563671
-0.04718719
-0.14577498
0.00818548
0.01204076
-0.01531535
0.05408866
0.03412389
-0.01736294
0.00113050
-0.08337565
0.02004515
-0.01318264
-0.10231795
-0.02530944
0.05149707
-0.07713698
0.05903218
-0.02390102
0.07785174
-0.00416245
-0.02615695
-0.14572771
0.02373778
-0.11047593
0.03961218
-0.13648671
0.04188688
0.03989462
-0.02985321
0.05741618
-0.04272824
0.00385186
0.04019941
0.05033600
-0.06270707
-0.02479745
-0.10419295
0.05875020
0.01117359
0.06668055
-0.03059162
0.04533837
-0.11945198
-0.05008546
-0.08833855
0.05225508
0.00299054
0.01180900
0.01339465
0.06834691
0.08055595
-0.04971994
0.00836534
-0.04948607
-0.04682442
-0.03044809
0.04844292
0.02442905
0.03357529
0.02547124
0.00431944
-0.06414251
-0.01745644
0.06849720
-0.15661170
0.01220935
-0.04034190
-0.02185807
-0.09322084
-0.02705593
-0.05715517
-0.03654264
-0.06689998
0.05346765
0.06141623
0.06605726
-0.08537367
-0.02827497
0.07025685
0.03859773
0.07422077
0.01524798
-0.01291948
-0.03252311
-0.00657421
-0.23510918
0.06481709
-0.08830352
0.00040794
-0.16190712
0.02665395
0.05982789
0.02498581
0.01440031
-0.01056364
0.07661287
-0.00422313
-0.04404808
-0.02578309
-0.08756674
0.05067924
0.14451440
-0.00127574
0.10675944
-0.08728417
-0.03681890
0.01519126
-0.03815287
-0.09080188
-0.10408333
-0.02763718
0.06015445
-0.02213502
0.02537988
0.03297228
-0.03647624
-0.10211609
-0.00690427
-0.02963132
-0.00799200
0.09342482
-0.06350577
-0.05487810
0.00601924
0.07674365
-0.17586395
-0.03187820
0.02231855
-0.03256815
-0.03190093
0.01336624
0.07018124
-0.05568373
-0.00559684
0.00965265
-0.14637795
-0.02626393
-0.12850344
-0.02618304
0.07231534
-0.05465593
-0.11451115
0.00750593
0.03128065
-0.01401283
0.09750069
0.01044382
-0.06938859
-0.01350554
-0.25847846
-0.05150149
-0.01904330
0.06511931
-0.10557926
0.14491881
-0.00016190
0.08487500
0.13401376
0.01872339
-0.10282000
0.02719698
0.00309984
0.08491378
0.09635889
0.01908543
0.14121641
-0.09492994
-0.09910766
-0.05252764
0.02763545
0.12827168
-0.00931550
-0.03184131
0.04020412
0.16784516
-0.08135251
-0.21580605
0.02008874
-0.04786181
-0.04249652
-0.08624185
-0.00778919
0.02158550
-0.06057334
0.11878794
0.09229177
-0.13511176
-0.11324836
-0.02202441
-0.17260954
0.01041336
0.11178850
0.01759508
-0.04650849
0.00493859
0.11817684
-0.07212004
0.00394696
0.05481306
-0.06639137
-0.13252455
-0.13238995
-0.06341010
0.00555431
0.03455728
0.03909103
-0.06139188
-0.06029085
-0.08726880
0.06551344
-0.00093965
-0.02328663
-0.02269546
-0.17426316
-0.08980113
0.05716322
-0.07046276
-0.08816243
0.03975697
0.06846737
-0.03570361
0.00312488
-0.01269968
0.03082228
0.04224819
0.01527641
0.01251422
0.06379988
-0.00311448
0.02496721
0.02523647
0.08218539
0.06013235
-0.07807806
-0.11244084
-0.09353238
-0.03744183
0.04430857
-0.11502012
0.08195274
-0.06688235
0.17237726
-0.08612409
0.00058850
-0.11049444
0.04295922
-0.00011082
-0.06552754
0.05711455
-0.08905106
-0.02269130
-0.06658628
0.00560245
-0.02707907
0.03526461
-0.01518363
-0.17033210
0.02146341
-0.02813653
0.00294774
-0.08185603
0.04912223
0.13243832
-0.06331671
-0.02273246
-0.07154921
0.04227971
-0.06935696
-0.08900385
0.00256968
0.05093292
-0.02180232
0.02308501
-0.04344495
-0.01510862
-0.06722412
0.01859073
-0.17414191
-0.06614388
-0.07370856
0.04619085
0.01961572
-0.02734511
-0.15562755
0.12264282
-0.04013369
0.06554951
-0.22825989
-0.01977016
0.04668700
-0.04202101
-0.00973981
0.13779616
-0.24116716
-0.12946714
-0.08035945
-0.05100817
0.17932326
-0.04978320
0.12262170
0.05553302
0.09619814
0.12129593
0.05535283
-0.07720067
0.13348085
-0.22023560
-0.07483726
-0.04493779
-0.00239542
0.14653100
-0.15384023
0.03684300
-0.06796626
-0.04066967
-0.04057003
-0.11462325
0.15486304
0.05880624
-0.11592478
0.05894287
0.15236624
-0.08485844
0.16988218
0.03540233
0.06863172
0.12491912
0.01779906
-0.18731777
0.12970476
-0.11982057
-0.01781983
-0.08866698
-0.00388754
0.11462700
0.02640625
-0.15251540
0.01026572
0.12938176
0.18846321
0.13738690
0.05025654
0.09131600
-0.00921672
-0.29041573
-0.09310280
-0.05490807
0.01149847
-0.02012789
-0.11308774
-0.03327483
-0.01191408
-0.03887342
-0.03967685
0.00544893
-0.08326786
-0.09426203
0.02653857
-0.08132388
0.15534462
-0.07126025
0.07206662
-0.02094737
-0.01788349
-0.04771646
0.03272622
0.13389522
0.09734461
-0.19111910
-0.05426233
-0.10016294
-0.02531359
-0.14292626
-0.14029738
-0.06024505
-0.00484824
-0.06917793
-0.20119211
-0.11329859
-0.02541704
0.04918626
-0.01629273
0.15913358
-0.15118802
-0.13563742
0.01997575
0.02573951
-0.11274823
-0.09485055
-0.05830487
0.06953892
-0.11808357
-0.10468581
-0.20602342
-0.01980883
-0.07646971
-0.03902899
0.05399105
0.01460836
0.06682144
-0.04381261
-0.00517923
0.09249441
0.07746112
0.06888740
-0.17236435
-0.15416265
0.00144984
-0.11728428
-0.00058767
0.08108478
-0.00253212
0.11767332
0.14070407
-0.10590178
-0.05823870
0.02270005
-0.09860509
-0.03932404
0.02408250
-0.03155827
0.06258796
-0.01302124
-0.07917225
-0.13481061
0.06139416
0.05869206
0.08370613
-0.04950815
-0.04081384
0.02220685
-0.08520150
-0.16250393
-0.08919518
-0.02827672
-0.05948579
-0.01048067
0.06090171
0.02402700
-0.05895993
0.07069068
-0.06113079
-0.03798205
-0.10771122
0.01704940
-0.13293689
-0.04217410
0.02544886
0.15114379
-0.07626933
-0.03529384
0.12418840
-0.09520172
0.01994843
0.00282529
-0.18578801
-0.02086826
0.04992735
-0.05430871
-0.02754444
-0.07357173
-0.06112797
-0.06379360
-0.02948096
-0.09129460
0.09197984
-0.07725670
0.03327616
-0.07811491
-0.16235875
0.04781057
0.07309082
-0.01981392
-0.07587172
-0.01284223
0.09811210
-0.09029800
-0.05382190
0.13348283
0.02510332
-0.23851524
-0.11521848
0.09228309
-0.01285809
-0.03495238
0.14602132
-0.21366276
-0.07750425
-0.04661294
0.03814280
0.04427019
0.06112850
-0.07769264
-0.18794855
0.17337126
-0.11072241
-0.29501164
-0.14543676
-0.23239583
0.01266274
-0.16065595
-0.04877093
0.05744221
-0.09722263
-0.06527112
0.04763234
-0.19185914
-0.03099013
-0.15746394
-0.29299235
-0.04742105
0.09129766
0.09734808
0.04543271
0.02985620
-0.02334663
-0.12400219
-0.06221481
-0.04573085
0.05643864
-0.19282238
-0.22767393
-0.09230834
0.05658652
-0.05585320
-0.20200092
-0.09625930
-0.11477528
-0.06747914
-0.04913941
-0.02165163
0.05247400
-0.06524426
-0.29205945
-0.20622261
0.05519250
-0.02161797
-0.04970573
0.05026419
0.10210871
-0.00752124
-0.08790385
0.13508388
0.09812965
-0.13988124
-0.04554512
-0.00429253
-0.00769434
-0.02650335
0.01907103
-0.11001867
0.13771300
-0.06049244
-0.03748598
-0.15816115
-0.17633727
-0.04784148
0.10976326
-0.05153834
0.06691266
-0.17624557
0.03958375
-0.14843595
-0.04296976
-0.17918654
-0.01395386
0.00340173
-0.07087819
0.10016307
-0.15377350
-0.08107600
0.01726771
0.12176394
-0.00323764
0.04302070
-0.08783092
-0.21324378
-0.06731656
-0.08863620
-0.06468822
-0.01850034
-0.08051711
0.18592158
-0.07557228
-0.08328546
-0.11534715
0.05166860
0.00532183
-0.03711813
0.15080245
-0.03893878
-0.01332740
-0.01056026
-0.03199437
0.11137965
0.01289435
-0.09468877
-0.23009397
-0.08961857
0.08913054
-0.12778680
0.14349152
-0.03052255
-0.10807627
0.21389259
0.01149426
0.11861524
-0.31973973
-0.02082036
-0.00708270
-0.04767083
-0.16459113
-0.06964332
-0.13569467
-0.05410777
-0.09144757
0.17074700
-0.04669597
0.00236175
0.04622830
-0.02246411
0.05654534
0.03070396
0.08194033
-0.09416700
0.21447536
-0.24676585
0.02157999
-0.09316892
-0.04544517
-0.01666244
-0.21742831
0.12691000
-0.00370169
-0.08863834
-0.04810246
-0.05827910
0.06033199
0.07109255
-0.20061867
0.00516412
0.03029208
-0.26638082
-0.03724116
0.07466801
-0.10345438
0.19121777
-0.02044982
-0.07753341
-0.27695352
-0.02770494
0.01413651
-0.07806781
0.12848015
0.01238349
0.07428475
-0.26898623
-0.01095548
0.13007502
-0.02883535
0.03761450
-0.13125610
-0.06892183
0.02715388
-0.14100917
-0.13286147
0.03830750
0.05658116
0.12543300
0.02968587
0.05844427
-0.05918050
-0.07443345
-0.06490300
-0.04887050
0.01327531
0.01321322
0.09598649
-0.09141768
0.03962376
-0.04064637
0.01152947
-0.01309292
-0.01425749
0.01931470
-0.05670388
0.08594459
0.03097825
-0.03680045
-0.00062834
0.02886981
-0.16436671
-0.04167147
-0.02510942
0.07699967
-0.05184729
-0.04133502
0.05347536
-0.09604452
0.01686425
0.05844478
-0.08337841
-0.08343902
0.04465772
-0.05502994
-0.08572406
0.02727176
0.13277106
-0.19002162
0.06538921
-0.02506084
-0.18313758
-0.00274535
-0.03582347
0.06306542
-0.02349058
-0.06065094
-0.00369450
0.07268958
0.00876356
-0.05759061
0.01190692
-0.00320061
-0.01252448
-0.12364943
-0.14532214
0.04359887
-0.03202715
-0.08335489
0.00889893
-0.07698894
0.06750724
-0.10926049
-0.03950354
-0.21771178
0.08403370
-0.15915646
-0.12763098
-0.07076479
-0.00294955
-0.15931615
0.19760172
-0.07239237
0.12395723
-0.00520906
-0.04003292
-0.08466741
-0.05297921
0.04118095
-0.03625204
-0.05841291
-0.10694466
0.05643420
-0.07297690
-0.08407546
-0.21364370
-0.05258831
-0.03583765
-0.07257107
-0.04947050
-0.06310408
-0.05479652
-0.05424377
0.04326389
0.11746436
-0.08362844
0.00420929
0.13511974
-0.08381892
-0.14157026
0.13107879
-0.03603346
-0.14418745
-0.06483178
0.00213653
0.00310478
0.02532907
0.05564192
0.07550421
-0.04261222
0.03549225
-0.09767357
0.00264419
-0.07331432
0.13843387
-0.11940276
0.08179265
-0.09276262
-0.08010998
-0.25616238
-0.18204354
-0.18099003
0.15145209
0.06354851
0.01957155
-0.09431218
0.14284895
0.09568733
0.03382927
0.00366083
0.06333838
-0.09958606
0.13887838
-0.08949742
0.02549372
-0.02444207
0.01688081
-0.17925894
-0.13342598
0.11507078
-0.12412282
0.05627808
-0.04766352
0.03048102
-0.02466075
-0.01994324
0.01023791
0.06891099
-0.10256901
-0.08462557
-0.01474294
0.06244497
0.02617509
0.01221314
-0.04207134
-0.05485342
0.02045503
-0.00279520
-0.07557277
0.05450958
-0.05315464
0.02036067
0.05288828
0.03750895
-0.02796895
0.14973530
-0.16112445
-0.03558479
-0.08435753
-0.12698932
0.01255568
-0.00653684
-0.07947218
-0.00889615
0.03311726
0.06354327
0.00775001
-0.09368518
-0.02373068
0.06754110
-0.04705547
0.04965448
-0.06496236
0.11055529
0.03081258
0.04226447
-0.06279399
-0.01728113
0.06555296
-0.04367764
0.09842184
-0.04229987
0.04919284
0.05148043
-0.02007675
-0.12080461
0.04417823
-0.11564728
0.06243789
0.08694245
-0.16081470
-0.08532650
-0.15880083
0.09123856
-0.04434553
0.12638402
0.01669710
0.03181603
0.03866942
0.00458796
-0.07623429
0.01582325
-0.07870606
-0.11324552
-0.03423196
0.04805449
0.03909060
-0.02945607
0.06942464
-0.14350118
-0.14079909
-0.05943187
-0.04109948
0.08401891
-0.06510153
0.08793437
-0.02664960
-0.03781506
-0.13401516
0.02151974
-0.15328388
0.07647441
-0.13263081
-0.14943187
-0.01113907
0.03635520
-0.05551836
0.07143990
-0.02573821
0.03827986
-0.04133968
-0.08535560
0.01447082
0.00789742
-0.15410148
-0.01730952
-0.11622367
0.13971895
0.07395860
-0.01992922
0.02997555
0.03675199
0.05103131
-0.09448635
-0.07771972
0.04924186
0.04345194
0.04984087
0.02226725
0.03493829
-0.09772200
-0.07149271
-0.04498125
0.04063082
0.06286632
0.03264565
0.13802102
-0.02735671
-0.08829361
-0.14912446
0.00831289
0.08228571
-0.08013414
0.03497472
0.06569475
0.12815814
0.04314328
0.01867433
0.13773450
-0.03331710
-0.11127745
-0.00115886
0.09827195
0.01764464
-0.05734957
0.05629570
0.03344818
-0.06394118
0.05623757
-0.02247498
-0.03083268
0.00260721
0.10518149
-0.14029743
0.14096490
-0.07464301
0.04882382
0.12060751
0.04615802
0.06313247
-0.05508582
-0.00677616
-0.00532993
0.05719019
0.02725005
-0.05390723
-0.08782175
-0.01540661
0.02748968
-0.07027391
0.03392865
-0.19138487
-0.05596848
-0.06305908
0.00900890
-0.01605606
0.00070388
0.11652616
0.07411844
-0.14217052
-0.07565565
0.12137217
-0.03772535
0.11111978
0.16674405
0.02200612
-0.02687238
0.18744031
0.04640894
0.01330268
-0.02601789
0.08819591
-0.05456805
-0.01210558
0.04388751
0.11552996
-0.08173135
-0.15463594
-0.15572204
0.01663555
-0.11177988
0.03299744
-0.13083211
-0.06927414
-0.02474084
-0.03192501
-0.07637833
0.07286127
-0.12681925
-0.08793336
-0.13424858
-0.10546457
-0.10235049
0.29627267
-0.20352608
0.00094332
-0.12054547
0.14494726
-0.13579717
0.16570607
0.08166778
-0.04203881
-0.14089464
-0.12644179
-0.03222557
0.05609787
-0.05711211
0.13616128
0.00653455
0.02949715
0.11332962
-0.05846179
-0.14174205
-0.00122342
-0.10884973
-0.09075365
0.03657747
-0.07393756
0.03478587
-0.06466263
0.06780943
0.06112878
-0.05284324
-0.07442401
0.00672679
0.02607228
-0.17125095
0.09960062
0.03665940
-0.08463702
-0.01741710
-0.17672807
-0.08068265
0.10141093
0.08183397
-0.06718529
-0.11378910
-0.12697183
-0.04644942
0.03453376
-0.02427932
0.11281257
-0.14687505
0.05398316
-0.16012424
-0.07853721
-0.04513925
-0.06521379
0.10535624
-0.20095631
0.00088786
-0.02551638
-0.03730140
0.00695103
0.08105214
0.13303640
0.06891619
-0.17828408
0.04513982
0.08445298
0.01271281
-0.10359001
0.15212047
-0.12533687
0.16586921
0.01473686
-0.12204916
-0.08954510
-0.07678797
0.05141186
-0.20831138
0.09783474
0.11761986
-0.06380481
-0.11294670
-0.10698406
0.14753748
0.00297415
0.15991196
-0.12385325
-0.13868928
-0.25651726
-0.26092026
0.15272695
-0.08291672
-0.22835799
0.09516648
0.14250489
-0.02369702
-0.17224924
-0.15796581
-0.14996716
-0.02754410
0.05990433
-0.03262959
-0.16081728
-0.05411304
-0.18032911
-0.05318259
-0.07510868
-0.15570766
-0.06320601
-0.08576787
-0.15149847
-0.05914479
0.04288452
0.07312859
-0.11643955
-0.11238563
-0.19436646
0.15419103
0.05048675
-0.03606774
-0.04473101
-0.06360532
-0.10096648
-0.12297277
-0.03045839
-0.13789181
-0.01871598
-0.01840978
-0.12379722
-0.06658167
-0.08494193
0.12638152
-0.00323241
-0.11697218
-0.06640245
-0.08394174
-0.01847554
0.19893222
0.12329631
-0.21358262
0.00794889
-0.02083636
-0.04164897
-0.13604723
0.03671978
0.00912840
0.06641416
-0.10715602
-0.06238816
-0.11249196
0.18318859
0.14044766
0.10315359
0.04998924
0.13646072
-0.03605267
-0.15355170
-0.00882130
0.01836579
0.12515938
-0.08154670
0.00350538
0.05621141
0.05500069
0.04023870
0.02979936
-0.01582012
-0.01687935
-0.02011425
0.04614305
0.00916831
0.00712073
-0.02983747
-0.04349289
-0.08999287
0.08663061
0.04158377
0.01123745
-0.04495696
-0.03528516
-0.02174465
0.00118687
-0.01333518
-0.05715384
0.01226988
-0.01631779
-0.01747163
-0.01297491
0.05425263
0.00394874
0.04861731
-0.03522794
-0.13583575
0.01560808
-0.04328900
0.04769000
-0.09386474
-0.05639149
-0.02741976
-0.10401598
-0.05084591
0.11156437
0.07265142
0.01534425
0.06060433
0.08692904
-0.04983506
0.03590639
0.03506950
-0.03244891
0.05854192
-0.04961547
-0.06086591
-0.10371742
0.07743401
0.07908778
-0.01150771
0.06828865
0.01652359
0.18884468
0.02050000
0.09727181
0.02773541
-0.05302885
0.10868341
0.04681613
0.12372943
0.03429392
-0.10928522
0.09099510
-0.01612413
0.05614433
0.02532809
0.12742710
0.10392328
-0.11355938
0.00593819
0.07705218
-0.00485908
-0.04382912
-0.08457649
0.01903796
0.18910417
0.05423207
0.07696952
0.04403735
0.11742163
-0.07945932
-0.00760617
0.11676399
0.05729751
0.02584808
-0.06837957
-0.09168967
-0.08443764
-0.00766979
0.03804835
-0.06117918
0.01640370
-0.07144586
0.00335536
0.05081801
-0.05188803
-0.04901547
0.03064761
-0.00329328
-0.04147799
-0.08689135
-0.05547631
-0.09600104
0.18775398
0.04742564
0.07052354
0.03915367
0.12698896
0.02002422
-0.09488868
-0.08446831
-0.02263655
-0.01601729
-0.04152472
-0.03500107
-0.06839511
-0.03744169
-0.03811726
-0.24711516
-0.06535960
0.02897142
0.00595326
-0.15140109
-0.08939196
-0.17569207
-0.06048031
-0.04132923
-0.08972865
-0.12452204
0.11406066
0.15849383
-0.09696566
-0.01449389
-0.11354795
-0.04903928
0.04470176
-0.07090789
0.15974197
-0.11569249
0.04537510
-0.03126065
-0.00968314
0.06712808
0.00490978
0.04404315
-0.09789274
0.08686251
-0.10579039
-0.10999908
-0.10909963
0.12808253
0.07833629
0.10020983
-0.08393062
-0.01735923
0.14384806
0.00524159
-0.07973973
0.12369002
-0.13260996
0.11078097
0.11397872
0.07262046
0.06465755
0.06723763
-0.02195583
-0.12116946
-0.12598750
-0.06698686
-0.10030014
-0.08831537
-0.07488528
0.14084767
-0.06791646
0.05996445
-0.03640980
-0.07125399
-0.18844590
-0.12006338
-0.16569324
0.07298414
0.03007186
-0.28061768
-0.06411080
0.01427453
0.09055760
-0.15879458
-0.19758093
-0.09137014
-0.16625354
-0.09627764
-0.01260950
-0.07581066
0.04116607
-0.00831875
-0.11304312
-0.13497721
-0.22153650
0.04907006
-0.12155714
-0.09535639
0.08118163
-0.11622817
0.09617890
-0.12623167
-0.13384917
-0.01087898
0.01194828
0.01322512
-0.15378030
0.05984100
-0.14572567
-0.02493408
-0.04044224
0.16039318
0.13609226
0.00978377
-0.22402406
-0.04569643
0.03269702
0.07880177
-0.19120987
0.05234780
0.03235159
0.19708848
0.01236979
0.10682505
0.06149377
-0.00283476
-0.00730700
-0.22946477
-0.09966206
-0.05861706
-0.17584930
-0.20400521
-0.10265910
0.05911600
-0.16762342
0.09031065
-0.11809065
-0.10117605
-0.16089700
-0.11743987
0.02438219
0.16053766
-0.16608889
-0.03967679
-0.04462022
-0.05688563
-0.12667578
-0.13524063
0.22563066
0.06432555
0.05211041
0.06067936
0.04206365
0.03603911
0.02304966
0.14161241
-0.05907432
0.11061326
-0.13632756
0.06788801
0.17988406
-0.18671325
0.07200981
0.02673783
0.00528776
-0.15728778
0.21596472
0.13411602
0.08877891
-0.07599960
-0.14088522
0.05457649
0.13575102
-0.04587336
0.16770405
0.08619525
-0.13853508
0.18688872
0.09179487
0.08708667
0.15741058
0.06902711
0.01102530
0.16069494
0.01548594
0.08420226
0.04466416
0.03991194
0.06820893
-0.04836157
-0.07432177
0.02326239
0.13464093
0.08678966
0.02238711
-0.01731613
-0.08916036
0.05533617
-0.04119246
0.08330902
-0.17434287
-0.15111066
-0.07808269
0.00978683
-0.02468993
-0.00175093
0.05903766
-0.01071030
0.01063649
-0.10534320
0.04170642
-0.11615282
0.01644294
0.08588137
0.10932808
0.01211143
-0.12641157
-0.09732242
0.10657275
-0.14683050
0.12725431
-0.14029397
-0.00369554
-0.01674369
0.09441058
0.04950370
0.03385174
0.00054591
-0.13937873
-0.19438624
-0.14447716
0.04287458
0.13121012
0.03629534
0.00242167
-0.08456609
-0.19525510
-0.13059720
-0.00144378
-0.02136881
0.12659618
0.06907063
0.03415313
-0.16217937
-0.02511414
-0.14620920
-0.02604703
-0.26550463
0.08311502
0.11411039
-0.09992451
-0.01763899
0.05310902
-0.02663287
-0.07186324
-0.11272434
0.04590908
-0.00821956
-0.04074114
0.04276974
-0.00264003
-0.05004363
0.08695265
-0.05253775
0.20350136
0.03860877
0.00970958
0.15044323
-0.01392133
0.07289266
0.00289196
0.02759945
0.03929190
-0.03008336
0.02969125
0.06674149
-0.10123248
0.04217010
-0.00832040
-0.01187155
0.00979987
-0.08198830
0.03478296
-0.13408346
0.08424790
-0.22891463
0.00536599
-0.02578283
-0.00233954
-0.06716702
-0.04217637
0.08732434
0.03577140
-0.02408541
-0.04679334
0.09936380
0.09598486
-0.01678098
0.08338114
0.01658256
-0.00419115
0.05937631
-0.08354964
0.07520024
-0.06819917
-0.01844281
0.07517236
-0.10674199
-0.14858715
0.01084309
0.07945793
-0.02905494
-0.02417556
-0.17054477
-0.10010225
0.15952571
0.08041822
-0.04904390
-0.00966378
-0.03605033
-0.03864902
0.06413630
-0.03233305
0.04889312
0.00903219
0.00782703
-0.03471925
-0.05129552
0.01016390
-0.04355437
0.03750516
0.07632379
0.06787150
-0.31406042
-0.10093088
-0.04395160
-0.05752539
0.12202802
-0.21047191
-0.10447875
-0.07651227
-0.10970790
-0.01216055
-0.10536788
-0.10366636
-0.00548134
-0.10574713
0.09247781
-0.12255378
0.04105183
0.05406057
0.03480925
-0.20578997
0.04042015
-0.02740621
0.01142181
-0.22182725
-0.04432957
-0.00612734
-0.03496805
-0.09247606
-0.07953803
-0.08484474
-0.22613020
0.10356042
-0.10716356
0.05049284
-0.14015602
-0.00047335
-0.05400956
-0.23782365
0.05769423
-0.09229358
-0.07065261
-0.06362086
0.02521143
-0.12680259
-0.07508808
0.03171195
-0.10898153
-0.09621237
-0.25127670
0.04963839
0.03477537
-0.18779299
-0.06335241
0.02327113
-0.10504113
-0.27258727
-0.05022378
-0.05817845
0.03022883
-0.00246859
-0.06518394
0.04068494
0.03556546
0.02276237
-0.06283403
-0.22763638
0.18116362
-0.09542567
-0.03427067
-0.17574714
-0.12107614
-0.27543247
0.04277687
-0.12463225
0.14539991
0.11336616
-0.20670909
-0.10364004
-0.16981937
0.03357387
-0.04109651
0.17036995
0.04723644
0.01353157
0.04039432
-0.01060071
-0.07501065
-0.02778503
-0.17385556
-0.14734674
0.03732736
-0.08097716
0.12527768
-0.13470845
0.03131068
-0.19597983
-0.06192560
-0.15707487
-0.21535596
0.00663198
-0.04895318
0.05853651
0.10091367
0.07036174
-0.10609218
0.18239333
-0.05793424
-0.03136164
-0.08865684
-0.08186556
-0.02488021
-0.03607651
-0.15474215
0.01096444
-0.10857578
-0.02047270
-0.23737359
-0.06203109
-0.06354947
-0.03940541
-0.05274301
0.12249295
0.02273512
0.03275577
0.01896238
-0.11644104
-0.14850178
0.07472738
0.10129950
-0.11614638
0.08376509
0.12626664
0.02120146
-0.14699489
-0.03084094
-0.05419291
-0.02782381
-0.02899433
-0.00816357
-0.01532234
0.01200644
0.00763460
-0.01176596
-0.01937652
-0.12906225
-0.03907844
-0.05092571
-0.00468199
0.05741669
0.05600497
0.09336342
0.04007117
-0.04955740
-0.07798340
-0.00045904
-0.02801301
-0.08894886
0.05113754
0.02304744
0.04752125
0.04119605
-0.08544751
-0.05129575
0.00955925
-0.02170046
-0.03228588
-0.12802738
-0.05829433
0.11201865
0.08345324
0.01998179
0.05173317
-0.10513260
-0.05502373
0.14412980
0.07307158
0.02777904
0.00675417
0.09731346
0.00121374
0.02358432
-0.01711840
-0.04041455
0.07877462
-0.07345376
-0.00827809
-0.11813577
0.08565909
0.00275236
0.10800391
0.02211900
0.02583520
0.05537333
-0.00796006
-0.05620604
0.02684838
0.12294649
-0.14134569
-0.04967850
0.02625200
0.06466378
0.03550481
-0.09467066
-0.01365573
0.05808597
-0.06532588
0.07016620
-0.07249928
-0.01477297
-0.11569449
-0.07807279
-0.02088132
-0.00166928
-0.01997566
0.14548866
0.11402440
-0.02514317
0.04021687
-0.08170497
-0.01089932
-0.00497274
-0.01132132
0.09506260
0.11622813
-0.08293689
-0.06788163
0.04438770
-0.09180277
0.02767150
-0.02390630
-0.00234222
-0.03824300
0.00828362
-0.01206147
0.04073905
-0.04120820
0.07447261
0.08914225
-0.02396003
-0.04702293
-0.01422799
0.04852865
0.02855871
0.17379463
0.05677920
0.11401211
-0.07369494
-0.03563974
-0.04064160
-0.09805073
-0.00267614
-0.01327530
-0.04765915
-0.02486450
-0.03180476
-0.03667016
0.03245050
-0.02350361
0.02680592
0.05340987
-0.00157664
-0.03874646
0.08578495
-0.04365523
0.04754850
-0.05553909
0.02749720
0.11702276
-0.02451201
0.04752991
-0.01975009
-0.06721652
-0.10888689
0.09287330
-0.00648519
-0.02346580
-0.05942229
-0.06394352
-0.01169717
0.03363596
0.00539234
-0.05689361
-0.02537703
0.02622350
-0.05252998
-0.00348688
0.03094711
0.01361076
-0.02895795
-0.07157393
-0.02894824
-0.05494770
-0.11927194
0.12465085
-0.01328972
-0.02215097
0.03722305
0.00986971
-0.05915312
0.01667021
-0.13049535
-0.00195490
0.03471447
-0.04759843
0.03313073
-0.00382980
0.07420233
0.03870693
-0.03724365
0.07629676
-0.04964602
-0.04204137
-0.07677228
0.00545060
-0.10540327
-0.04919375
0.01550538
0.02608286
0.07206961
0.06327974
0.07426569
0.06597895
0.11076806
-0.07466397
-0.02989920
0.08185529
0.05510680
0.10398026
-0.07980496
0.01401660
-0.01580891
-0.03211877
0.03788010
-0.03746080
0.09646964
-0.09777147
-0.19546719
-0.07123458
-0.05557162
-0.00798384
-0.15727681
-0.08011346
0.11029310
0.13482043
0.11555193
-0.04160617
0.06538098
-0.03063522
-0.08455922
0.08480068
0.00896716
-0.05369483
0.04509586
0.02272694
0.11032980
-0.08354897
0.01114914
0.02219855
-0.15326163
-0.00166423
0.09285921
-0.08609606
-0.04712958
0.02753638
0.05155048
0.00085109
-0.02553470
-0.07295024
0.03824679
-0.01238689
-0.02716244
0.04953079
-0.02815172
0.08862420
0.02833415
0.04604160
-0.09263559
-0.03623325
-0.03325558
-0.01460699
0.06695329
0.10292282
0.00870147
0.07305972
0.06091039
-0.07466175
0.07555665
-0.04841545
0.03739930
0.07571208
0.07580359
-0.02532306
-0.08533540
-0.07380840
-0.04698191
-0.06843226
0.08495093
0.01105945
0.02884922
-0.07792699
-0.05583261
-0.03791856
0.00377989
-0.02943712
-0.02895587
-0.08716179
-0.02139452
0.09887103
0.02591452
0.02841488
0.05110878
0.03003313
-0.01736460
-0.04509079
0.05418833
-0.03984996
0.00300839
0.02127018
-0.02791889
-0.08593076
-0.05657718
0.01856435
-0.06292406
-0.11944467
0.01695411
0.03894099
0.03033519
-0.09167409
-0.10381208
0.01618135
0.12464269
0.08699436
0.10921465
-0.02792400
0.05959568
0.07334815
0.03889924
0.10584122
-0.08616938
-0.02678066
-0.02660992
-0.07056014
-0.12679720
0.07267816
-0.01341036
-0.02898761
0.05880809
0.10333181
0.06116575
-0.13143836
-0.06434486
0.04608273
0.07506638
-0.01468654
0.09059961
0.03551159
-0.08099050
0.04911584
-0.02718120
-0.11307361
0.02378052
-0.02552942
0.07976783
0.00679417
-0.08352904
-0.07360537
-0.07800333
0.04574644
-0.02293321
0.03903401
0.04285790
0.08815813
0.05670285
0.05025744
0.01635356
-0.02190115
-0.04832557
-0.03133164
0.04542222
0.10052040
-0.00805323
-0.02124025
0.01927871
0.02998257
0.00172734
-0.07044872
-0.00917654
-0.05828779
0.08170418
-0.02039964
-0.03074700
-0.00170126
-0.10139571
-0.00635729
0.05215232
0.07784094
0.10449029
0.02562741
0.10197721
0.09118102
0.04118319
0.09944727
-0.04563573
0.00906075
-0.01004784
0.00906943
-0.08794076
-0.00588018
0.06459703
0.01744991
0.06748487
-0.02658269
0.05040771
-0.08577523
0.10615004
0.04102249
-0.02276805
0.02311678
-0.05225665
0.08526692
0.00877612
0.00793895
-0.07543481
-0.09526816
0.03566603
0.06642829
0.01335706
0.02058672
-0.15851207
-0.10291602
-0.01865666
0.00477054
-0.04360550
-0.02064816
0.13344319
0.13854912
0.05961142
-0.00579317
-0.05603739
0.02206596
-0.12872399
0.11335559
0.05586439
0.03589922
0.04805613
0.06590413
0.08061585
-0.10444653
-0.07193150
0.01815106
-0.18625510
-0.10509180
-0.05709324
-0.10746270
-0.04833224
-0.08953270
-0.05288354
-0.00164757
-0.03171701
-0.01003489
-0.01507909
-0.02963855
-0.03410028
0.10183901
-0.05461697
0.03427863
-0.01842549
0.06310764
-0.03541412
-0.08032029
-0.12334263
-0.01757524
-0.03603202
0.07348943
-0.03117549
-0.10718802
-0.00024760
-0.01902938
0.07865530
-0.19205645
-0.13223195
0.01635192
-0.00463822
0.09339650
0.16645186
-0.08126924
-0.06371231
0.04465846
0.02516025
-0.00786503
-0.01998805
-0.01258202
-0.15996967
-0.08681346
-0.04843316
0.01350076
-0.15329650
-0.00720242
0.05381636
0.01916280
-0.06308819
0.09909161
-0.15673661
-0.02676385
-0.09191757
-0.09890714
-0.10772026
0.08156062
-0.15195841
-0.10364719
-0.00963930
-0.17326558
-0.03192867
0.26695594
-0.24911454
-0.04683212
-0.03612902
0.10454713
-0.11318418
0.02798748
0.00373455
-0.06968776
0.04539318
-0.01627120
0.01663512
0.03528432
-0.06942232
0.29188776
-0.10123138
-0.03116857
0.06783330
-0.07755014
-0.07577149
-0.10352163
0.02447337
-0.18992570
-0.10896161
-0.15374534
0.12532347
0.08083239
-0.01845708
-0.11514486
0.01015219
-0.02243879
0.06384533
-0.09480805
-0.02462400
0.15843321
-0.02892933
-0.03468783
-0.01599780
-0.06060532
0.09108818
-0.06068347
0.19895832
0.01691497
-0.00924416
-0.21114731
0.06983341
-0.01317613
-0.08537429
-0.01766043
0.00280522
0.06913448
-0.07547224
-0.06201757
0.04203637
0.06496800
-0.06566246
-0.03838164
-0.06183288
0.05628971
-0.06031993
0.05084314
0.03389446
-0.08973759
0.05856277
0.04333224
-0.10403311
-0.00479786
0.12600759
-0.07616474
0.06391951
-0.00880572
0.04803964
0.03581148
-0.02201345
0.04474603
0.03546024
-0.07458916
0.02943573
0.08634121
0.10064027
0.04926417
-0.05897094
-0.04203755
-0.04989769
0.05631182
-0.00719720
-0.07563761
-0.11689650
0.06719416
-0.01001139
-0.07875433
0.31380412
0.06616043
-0.00041873
0.04113361
-0.01097311
0.06967381
-0.16070190
-0.13669890
0.12008936
0.14333563
0.06845543
-0.11236814
-0.11940652
0.08713451
0.06642721
0.06938811
-0.20169203
-0.10506766
-0.01681660
-0.07047518
-0.08252885
0.18460795
-0.33034870
0.07041829
-0.30029592
-0.04584395
0.06915068
0.14817980
0.13009951
-0.12049884
-0.04324515
-0.18009998
-0.07101467
-0.05047771
0.07683981
0.24135837
0.12027793
-0.20605023
0.06113822
0.11108751
-0.08229421
0.16715182
0.06784377
0.24612814
0.19971015
-0.08200906
-0.04268190
0.02346960
0.00470520
-0.05585894
-0.23881552
-0.24443586
0.10066453
0.00436170
-0.05078041
0.24009728
0.08591275
0.00358073
0.05731239
0.19258545
0.00699804
-0.09094840
-0.02019926
0.06964107
-0.06766439
0.04138103
-0.08059220
0.08095700
-0.13248748
0.08508639
-0.12474099
-0.17507677
-0.16464052
0.07194994
-0.02034364
0.09135543
-0.06885701
0.13320309
0.06685618
-0.04738074
-0.20680244
0.02471135
0.06343129
-0.07828435
-0.28088671
0.07078213
0.01663550
-0.03750871
-0.04729835
-0.24088599
0.16450158
0.06573394
-0.06011401
-0.02590754
-0.10547410
-0.16283794
-0.00670621
-0.07665452
0.01479966
0.05209930
0.01217592
-0.06030653
-0.03719727
-0.01591457
0.01336178
-0.10853436
-0.02816808
0.05550150
0.06341445
-0.08130185
0.05787703
0.12095042
0.03792314
-0.01281995
-0.11177257
-0.18809271
-0.07244946
-0.13009125
0.04940516
-0.04964519
0.06702502
-0.09619973
0.01548099
-0.11562074
-0.12273466
-0.02020850
0.07517840
-0.05780596
0.01870046
-0.04062465
0.12537096
-0.05069627
0.00916120
-0.01922707
0.00336648
0.01850154
0.14360723
-0.09467193
-0.00269430
-0.01609520
0.01045401
0.05619913
0.01620045
0.08356642
-0.13200891
0.06186150
0.06963852
0.04591995
-0.09944611
0.02518594
-0.06254980
0.02723770
-0.04685397
-0.04391088
-0.08527409
0.04393075
0.05145765
-0.00535676
0.01534716
0.03110393
-0.09771737
0.01962001
-0.06659216
0.01810247
-0.02176177
0.14822324
0.00351497
-0.07177019
-0.05394737
0.02905909
-0.16466074
0.05275635
-0.03343147
0.00914350
-0.04006318
-0.00201987
0.00311372
-0.05457684
-0.07990000
0.07034211
0.06555066
0.07754438
0.12906651
0.10259339
-0.11443254
0.03301224
0.00273321
0.10976467
0.01084861
-0.01845576
0.05961971
0.01468045
-0.06896038
0.09983536
0.01697749
-0.26318312
-0.14328943
0.09667282
-0.03405196
-0.07361158
0.08071540
-0.08887130
-0.04893487
0.17520417
-0.00740713
0.03763496
-0.04745814
0.02723283
0.04855433
0.05409324
0.01892201
-0.00120873
-0.01732078
-0.05931009
-0.08806870
-0.18847902
-0.15526100
-0.07166730
-0.17073421
0.00800038
0.06603381
-0.05730598
-0.21421179
0.01986667
-0.11912230
-0.07346077
0.00976894
-0.18964148
0.00499957
0.17413262
-0.13456547
-0.02810769
-0.02306181
0.15200250
-0.09855055
-0.01110766
0.02720512
0.02100558
-0.02192714
-0.14690985
0.06630156
0.01637055
-0.18650290
0.13911320
-0.15287876
-0.04865344
0.03443914
-0.20927323
0.00291274
-0.03938719
0.04594171
-0.26675844
-0.28743145
-0.25064093
0.12586568
0.03485071
0.02979603
-0.04810556
-0.15363368
0.08444803
-0.02280474
0.06535613
-0.03787502
-0.07218355
-0.06133819
0.01664790
-0.03628000
-0.11143234
-0.01793865
0.08568105
0.12665322
-0.02142453
-0.20319569
-0.28670174
0.03433559
0.11661458
-0.29438248
0.05457544
0.04675232
0.13981214
-0.01223115
-0.07574327
0.23221554
0.04128614
-0.11732861
-0.02733566
0.07416426
-0.09466220
-0.01814797
-0.02952598
0.09576456
0.05723568
0.02971143
-0.03129781
-0.05831135
0.04114153
0.07677300
-0.14752053
0.14014435
-0.02112990
0.16575041
0.06504538
0.18455857
0.21523204
0.07642242
-0.04010177
-0.01860044
-0.00658674
0.07530981
-0.15707773
-0.08624915
-0.06331521
0.03068572
-0.12140540
-0.00005609
-0.07954720
-0.07656610
-0.09236640
-0.04941714
-0.28680053
0.15476364
-0.05486565
-0.03580964
-0.03866864
-0.13398348
-0.17209625
-0.19900751
-0.03666536
-0.06072896
-0.25120652
-0.13184875
-0.10613704
-0.12134793
-0.03321242
0.18160200
-0.11538295
-0.12224191
-0.05344649
-0.03114820
0.00877670
-0.12858039
0.04588582
-0.19339164
0.05998579
-0.13504229
-0.02089012
0.02086794
0.09888782
-0.00493622
-0.10081056
-0.04960393
-0.18332821
-0.10508627
-0.07878903
0.01388961
0.13851950
0.02492836
-0.13382803
0.16404417
0.19458604
-0.07552871
-0.00389367
0.20545994
-0.04384841
0.19883761
0.11951207
0.03162507
-0.11401971
-0.00427353
0.02040745
-0.12941279
-0.09141707
-0.06069542
-0.05651825
-0.21080089
0.01484786
0.11553279
-0.08129565
0.11004438
-0.15984616
-0.00528964
-0.13470311
-0.15927488
-0.03409376
-0.02347018
0.03721581
0.13288616
-0.01520233
-0.07863592
0.08749349
0.09176485
-0.01971220
-0.05755518
-0.00538040
-0.00369891
0.08359906
0.05371005
-0.00949130
0.00637980
-0.02762703
-0.16768442
0.07134695
0.00498613
0.00425441
-0.02563645
0.03570398
-0.00874601
0.02252146
0.04917021
-0.02983664
-0.07987297
0.01887095
0.04179053
0.07376102
0.03930116
-0.05296633
0.01810521
-0.02306653
0.00378575
0.00421307
-0.13563585
0.10173543
-0.17430763
0.01094022
-0.06285730
0.04774780
-0.02815080
0.04879153
0.01629018
-0.05681966
-0.07816323
0.01850397
0.02844776
-0.04090007
-0.04482134
0.10731693
-0.01455805
0.07222034
-0.03993789
0.06745926
-0.03035406
-0.00116469
-0.13350759
-0.08377355
0.00987431
0.07338534
-0.02995690
0.08009530
-0.02076669
-0.17948768
0.03018105
0.11134014
0.11248851
-0.04157487
-0.05763781
0.04306012
-0.13094532
0.03582315
0.00893537
-0.00470023
0.07354335
0.06255893
-0.03464584
-0.03272925
-0.04721636
-0.09966568
0.03228507
-0.10659311
0.04042995
-0.04671100
0.08190001
0.06406986
0.07599123
-0.00891847
0.02449765
-0.12701558
-0.08511082
-0.06438444
-0.03061621
0.01019738
0.03521469
0.06591444
0.06504195
-0.12061546
-0.09041940
-0.01849635
0.06479881
-0.00687363
0.07180461
-0.05695182
0.08751319
-0.02785155
0.22275035
-0.08078031
0.22129208
0.05966926
0.03191676
0.02988030
0.14281100
0.00338607
-0.06081239
-0.00399409
-0.07073916
-0.03807664
0.04162567
0.02450572
0.03878393
-0.31958428
-0.13434005
0.02082240
0.01359222
-0.08460773
-0.03177192
-0.00819160
0.11008737
-0.04301015
-0.08910383
-0.07942671
-0.01522485
0.13256679
0.03320291
0.05463312
-0.01253645
-0.06180944
0.00021085
-0.15910947
0.08537698
0.04126725
0.02216505
-0.13153903
-0.03909100
0.05837388
-0.05188198
-0.01691930
0.02583180
0.01428529
-0.06002300
0.03513360
-0.05545365
0.01431784
0.01635280
0.04741567
-0.05472278
0.08668469
0.04380139
0.06950434
-0.14534874
0.08200336
-0.04419199
0.01614260
-0.00404836
0.05220253
-0.05256101
-0.08499862
-0.04765735
0.06705694
-0.00446353
-0.06188571
-0.12475465
-0.08947291
-0.10235251
0.04402367
-0.01140747
0.18237573
-0.09291097
0.01386501
0.03549821
0.04735785
-0.09957407
-0.10965902
-0.18609567
0.22982506
0.13320430
-0.01368258
-0.06130616
0.00215267
0.02943515
-0.08024916
0.10647612
-0.11236696
-0.03645932
-0.04673824
0.01847080
0.10309049
-0.05846597
-0.03473654
-0.01347018
0.02305251
0.08703043
-0.00732677
0.04668329
0.07202249
0.02971363
-0.03233756
-0.02045379
0.17440264
-0.06095483
-0.00632828
0.07411487
0.02502850
-0.06053834
0.07351752
-0.02805562
0.12131503
-0.06104362
-0.01812211
-0.03850857
0.08198036
-0.07625613
0.10288622
-0.17280412
0.06498847
-0.04584903
-0.02069863
0.02946178
0.05423060
-0.01038709
-0.02954515
-0.09072940
-0.00992146
-0.05060552
0.01413546
-0.10242657
-0.00556565
-0.11002325
0.06125554
0.05260697
0.10820346
-0.03145091
-0.06864654
0.11210335
0.09648400
-0.13974185
-0.02188101
-0.08868220
0.16865787
0.03807360
-0.03165631
0.11167286
0.07632715
-0.00161601
-0.19481531
-0.17125963
0.11107200
0.08977112
-0.13510726
0.05064487
-0.00389129
-0.00141366
0.02894694
-0.00924271
-0.04232975
-0.08441358
-0.14017370
0.07973015
0.01144511
0.03520545
-0.16083343
0.07436485
-0.06321988
0.02726430
-0.08776128
-0.02060706
0.02616712
0.03204015
-0.08678028
0.09916876
0.07030921
-0.11833169
-0.03423908
0.12706207
-0.02297735
-0.06205292
-0.04235861
-0.00625767
-0.04272057
-0.05884147
-0.00818621
0.03225743
-0.06693636
-0.04754925
-0.02589463
0.17936608
-0.09334658
0.04017813
0.11614483
-0.03128798
0.01326013
0.05086973
0.05018635
0.00163810
-0.11532450
-0.01085124
-0.08181418
0.05712913
0.04424487
-0.02582384
-0.13581118
-0.01799075
0.09604782
-0.13555603
0.03758679
-0.04495087
0.12469020
0.07698566
-0.10707226
0.14189419
-0.17624855
-0.01280028
-0.00645096
0.08622918
0.27678478
0.00402850
0.05808548
0.06423631
-0.02071256
0.04450477
0.13228998
0.00688618
0.02471740
0.00598815
-0.20230301
0.06389482
0.08905004
-0.01611050
-0.20296533
0.16275549
-0.06992237
-0.05534509
0.27643234
-0.08577410
0.05010235
-0.02029028
-0.10890450
-0.04034045
0.07699342
-0.02528420
0.06543498
0.10297898
-0.17104657
0.03030442
0.06660648
-0.08103181
-0.07290759
0.03003966
-0.13864945
0.00521835
0.04540202
-0.01522486
0.01165369
0.03488644
0.01058516
0.03311599
-0.02418333
-0.02280367
0.28902632
-0.07776545
0.06192502
0.03954922
-0.00730397
0.00722615
0.08582841
-0.13604270
-0.10915938
-0.00612924
-0.06728644
0.13460274
-0.04667978
-0.11610877
-0.00398613
-0.06912286
-0.01210662
-0.14808187
0.00602747
-0.10524537
-0.08508461
-0.07974940
-0.14641212
0.04812117
0.01083269
-0.19108973
0.00872373
0.17826727
-0.07930006
0.02939721
0.19855006
0.04970912
-0.20541394
-0.20347571
0.02679249
-0.04088689
0.02552909
-0.03111388
-0.07086022
0.13320243
-0.02367012
-0.06638927
-0.12277596
0.11910561
-0.13022313
-0.01378110
-0.13776250
0.08388510
-0.11188132
0.04685093
0.02758525
0.09964389
0.07544178
0.06655731
0.10427563
0.07426320
-0.00569713
0.09454703
0.08319174
0.00173025
0.04704948
0.02661602
-0.09790664
-0.26810440
-0.08593353
-0.12118565
-0.14114997
-0.12434348
0.01094396
0.04440248
0.05793941
0.11571894
-0.03479729
-0.17356841
-0.22461627
-0.16236107
-0.01430898
0.03411045
0.03040354
-0.14603522
0.08177298
0.08435112
0.10017432
-0.01755742
-0.26886642
0.17133527
0.03794280
-0.06547844
-0.04625416
-0.10792334
-0.21366684
-0.07899426
0.08505722
0.06160218
-0.21710101
-0.08732264
0.02873823
0.03554131
-0.06631393
-0.12819612
-0.04815585
-0.08030779
-0.12939070
0.01332483
-0.03568582
-0.03858591
-0.01610077
-0.16448846
0.01013155
-0.13313068
-0.13164137
-0.23957719
0.10007480
-0.00354225
0.07390264
-0.16885753
-0.07275510
-0.09360507
-0.06093618
0.00944428
0.03974293
-0.12260859
0.02971170
-0.00432601
-0.01456385
-0.10688393
-0.01153260
0.11786585
-0.11213151
-0.17884903
-0.08554833
0.00205145
0.03929359
-0.15035012
-0.06099107
-0.08731842
0.25184941
-0.03093745
0.04147898
0.03930458
0.04676538
0.04330538
-0.08724565
-0.05254677
0.10444034
0.11658115
0.04411912
-0.08144740
-0.19376859
0.13249831
0.07833281
0.05529637
0.03199610
-0.05522211
-0.17849541
0.01621002
-0.02806603
0.15871707
-0.05639823
0.00950742
-0.07584399
0.03954845
0.03035603
-0.12539583
0.02256124
0.01213781
-0.05873249
0.02587592
0.06459722
0.01688091
0.04025286
-0.09289475
0.06737977
0.03447047
-0.04738393
-0.16917363
0.17166516
0.01676880
0.13881551
-0.15593408
-0.10788745
-0.05265196
-0.04596331
-0.04624279
0.05704069
-0.17197047
-0.03842373
0.00647190
0.01096402
-0.07529444
-0.05465319
0.05101045
-0.06585500
-0.02918471
-0.09568083
-0.04226952
-0.00118681
-0.01929711
-0.05166233
-0.02374453
0.09326474
0.10006088
0.07843795
0.01139381
-0.06335976
0.15957908
-0.03161393
-0.01394522
0.06105232
-0.05396613
-0.06770650
0.01567127
0.08198625
-0.04246424
0.01030812
0.06155359
-0.14734405
0.04670665
0.04473263
0.10213852
-0.01187553
0.01878073
-0.28792551
0.07950860
0.11155778
-0.04467746
-0.08735249
0.09121668
0.01853952
0.09836710
0.06187521
0.06083280
-0.01994435
-0.08428204
-0.01610915
-0.02653385
0.05382658
0.08961134
0.05883931
-0.07350969
-0.00735485
0.08931040
0.07835410
-0.09726399
-0.02100595
0.04092746
-0.14993925
-0.01213843
0.08130590
-0.09482722
0.05610931
-0.08814865
0.03089372
0.05806280
-0.06373314
-0.00301087
0.02992280
0.05922816
0.01860879
-0.07994597
0.20518972
-0.02555653
0.01777020
-0.06089244
0.00061363
0.13688429
-0.05104488
0.02652023
-0.04424784
-0.12395654
-0.03554535
-0.24103434
0.18666121
-0.05077942
0.01662247
-0.00988481
-0.21623525
0.01114974
-0.08135854
-0.10290141
-0.01897899
-0.17603485
0.09226260
0.20498268
-0.08846923
-0.07344409
0.14971220
-0.07922009
-0.20441596
-0.08700671
-0.04737836
-0.02467013
0.10896809
0.02478599
-0.32593310
0.06071122
0.07113386
-0.09926688
0.02669089
0.00633042
-0.25775522
-0.04622583
-0.00934681
0.03644540
-0.19656332
-0.11666559
-0.04996460
0.02617166
0.02001934
0.00805045
-0.02432798
0.20190808
-0.17160112
0.09828247
0.15073857
0.11812375
0.03243753
0.07285884
0.04872328
-0.18349682
-0.15852480
-0.08724219
-0.22047351
-0.14231670
-0.12736629
-0.03492359
0.00790771
0.05343234
0.17198664
-0.10532118
-0.13092363
-0.06588657
-0.01152902
-0.02212957
-0.02106593
-0.23358539
0.17219301
-0.12598297
0.00209780
-0.08412312
-0.34993762
0.00097879
-0.00520104
-0.12351986
-0.12037288
-0.12502743
0.05363054
0.19061850
-0.01776091
-0.19782293
-0.01458642
0.01989336
-0.16444434
-0.22863404
0.01925035
-0.00318032
0.15242818
0.07688321
-0.22822623
0.11599937
-0.04774202
-0.00462958
-0.10615209
0.00426364
-0.32220605
-0.14664282
-0.09897915
-0.00696588
-0.08905865
-0.10986679
-0.06102914
0.12266214
0.16184342
0.11819753
0.00592969
0.09431699
-0.04002597
0.06823370
0.01501203
0.05263942
0.14501487
0.00112949
-0.05148230
-0.08546426
-0.17634489
-0.14258394
-0.16645761
-0.02397757
0.01223581
0.02242007
0.05658786
0.01358861
-0.00265545
-0.14693497
-0.00501708
-0.14186464
-0.01788790
-0.06311348
-0.10607128
-0.17068163
0.17432266
0.04654799
0.04454976
-0.03728995
-0.10857162
-0.03517520
-0.06583859
-0.00587511
0.02165760
-0.05660454
-0.20149234
0.15026151
0.04407715
0.03992423
0.14874519
0.04011795
-0.10945445
-0.08135699
-0.08786831
-0.04503497
-0.01915587
-0.05780263
-0.12321292
0.19318449
-0.01230613
-0.12219122
0.02122357
0.05689076
-0.16010530
0.02014421
-0.08802215
-0.06917678
-0.04892018
-0.00934893
0.11455245
-0.03212812
-0.06596018
-0.08224091
0.19834431
0.19710526
-0.04145889
-0.01007254
0.04655516
-0.03509215
0.14553419
-0.10580568
0.04205131
0.02653729
-0.14442736
-0.04714404
-0.14487047
-0.00569446
-0.05733807
0.11341304
-0.07100680
0.00710985
0.05328752
-0.25691229
0.01162032
-0.01994246
-0.01167364
-0.10229661
0.01657286
-0.13005573
0.09275592
-0.12698869
0.08688943
-0.09524739
0.21801932
0.00108537
0.05100852
-0.05789877
-0.07301988
0.05778173
0.05732444
0.07169247
-0.07000705
0.01781761
-0.20053205
0.03453113
0.11904535
0.02770751
-0.03155987
0.04697844
0.03689689
0.00901011
0.06380358
0.07981814
0.08721330
-0.02624569
-0.07581227
-0.08318561
0.06831019
-0.01854380
0.01103902
0.07254302
0.09494948
0.09915652
-0.06497940
0.01846801
0.17413408
0.10991596
-0.10857975
-0.02863143
0.02102913
0.13550489
-0.09449017
0.14728145
0.06327195
0.03148840
-0.00547816
0.08588319
0.11525227
-0.01119394
-0.04756102
-0.06157143
0.10274446
0.00862332
-0.03557159
-0.09239179
0.05426165
-0.02168937
0.01551398
0.12206473
0.10140540
0.08826880
-0.07751039
0.01300786
-0.03400076
0.03858601
-0.12310597
0.08642238
-0.00730967
-0.01978779
-0.05677988
0.03710829
-0.10602886
-0.04554594
-0.19385557
0.07356362
-0.05302787
-0.07280890
-0.13178626
-0.07960678
0.09114466
0.08543819
-0.02464621
0.07597856
-0.02734688
0.06629130
0.05600074
-0.05078481
-0.01067281
-0.09176560
0.07167828
0.04447993
0.03542757
-0.07856596
0.07247207
-0.02789706
0.01451558
0.10140767
0.04133822
-0.16804750
-0.04895418
-0.07754776
-0.10617238
-0.02021853
0.05100311
-0.08832143
0.05328690
-0.09842763
-0.04775426
-0.08997655
0.05801706
0.05706102
0.09622870
0.08011411
0.11308133
-0.06231061
0.03197618
0.05210969
-0.01079703
0.02016693
0.07523146
0.01609318
-0.01895354
-0.05475866
-0.21909796
-0.32990313
0.09666599
-0.08266199
-0.24061358
0.06600966
0.12047803
-0.13313976
-0.33475357
-0.02301374
-0.11454275
-0.06860983
0.18819809
-0.18131134
0.02656924
-0.09345648
-0.03930863
0.20066065
0.06553810
0.04474535
-0.05315614
0.13008654
-0.12472714
-0.29841942
-0.33635548
-0.02417585
-0.21241742
-0.27687261
-0.08409180
-0.06055193
-0.05915044
-0.10015673
-0.03952895
-0.14106035
0.02076720
-0.14212644
0.08765013
-0.01750822
0.11293008
-0.06743867
-0.13732702
0.01037824
0.01419379
-0.00241909
-0.10205307
-0.16924506
-0.07973372
-0.14652030
-0.18816639
-0.16019006
0.04557558
0.07495540
-0.16907500
-0.09502734
-0.05755804
-0.00169749
-0.24260634
-0.11209855
0.02387846
-0.08764179
-0.03640184
-0.04662313
-0.00271972
-0.02149870
-0.04881928
-0.09365606
0.01758586
0.13984364
-0.22344439
-0.12716043
0.08784032
-0.18441938
0.13058887
-0.00474338
-0.11558057
0.04080791
-0.03945915
0.02333604
-0.07732259
-0.00366140
-0.01260380
-0.11969171
0.03349906
-0.08510895
0.12702842
-0.04242934
-0.16757795
-0.13497128
-0.05650278
-0.18318760
-0.10154086
0.07286336
0.03895034
0.01667009
-0.03868431
-0.15141086
-0.17045797
-0.11358332
-0.02443534
-0.08130030
0.09425615
-0.13236812
0.13809764
0.04572792
0.02299587
-0.15703790
0.11834989
-0.21297245
0.09453695
-0.05207987
0.00924310
-0.06918044
-0.00476704
-0.15180399
-0.05841005
-0.29390755
0.20890568
-0.23788555
-0.14538059
-0.05952338
0.03331532
-0.24555685
0.10760652
-0.06538357
0.10450474
0.06148145
-0.07150730
-0.01701774
0.03375333
0.05144529
0.01013306
-0.05916769
0.08502945
0.14636403
-0.02998641
0.08145487
-0.04529087
-0.01178592
0.07791013
0.00460069
-0.05483337
-0.06862804
-0.12913296
0.05622414
0.04648383
0.12186510
-0.19137532
0.01006981
0.06457910
0.08712384
-0.00797675
-0.04458338
-0.05163831
-0.02906556
-0.01727893
-0.00268841
-0.03729163
-0.04776374
0.02824721
-0.01029277
-0.03484181
0.04578363
0.03573346
-0.12235666
0.06469714
-0.05852879
-0.01036043
-0.09350570
0.01824322
-0.09879853
-0.01400193
0.03302499
0.03435870
-0.08273338
-0.08583336
-0.13853946
-0.03279122
-0.16855577
0.02510960
0.03615476
0.00984507
0.02934686
-0.10141655
-0.01368849
0.13949075
0.01833484
-0.06735092
-0.15253896
0.10109525
0.12041324
0.02325174
0.04070493
-0.03643213
0.04713108
-0.13043918
-0.10893084
-0.00906646
0.06221773
-0.08665503
-0.05376381
0.05613746
-0.02115751
0.06694213
-0.04246037
-0.03592811
-0.06833680
-0.19535545
0.13733171
0.04743014
0.12741283
-0.17625307
0.01461489
-0.09028110
0.07085805
0.04314392
-0.12844799
-0.00757600
-0.04988496
0.09529661
0.01890106
0.03462991
-0.09117632
0.11532648
0.08125538
0.03465603
-0.00983432
0.01178295
-0.00714738
0.06417864
-0.01301028
0.02655496
-0.05492625
0.00974717
-0.12147030
-0.08445295
-0.00593168
0.02529875
-0.11164884
0.10420249
-0.09656373
-0.08726199
-0.01591565
-0.08581896
0.02931414
-0.04947573
-0.01344424
0.01043745
0.06074277
0.08177570
-0.00176153
0.06504358
-0.11296132
0.05537615
0.05017030
-0.01952384
-0.05122912
-0.04859939
0.05162332
-0.04290392
0.09311175
0.06006999
0.08326014
-0.02762405
-0.01350630
0.05257746
0.08155244
-0.04581041
0.01663548
-0.12494083
-0.02110676
-0.09304938
0.08405975
-0.06957642
-0.01689425
-0.15131094
0.07066100
0.07290240
0.05449717
-0.08574332
-0.01467194
-0.04661008
-0.06203125
-0.00675311
-0.02009585
-0.04425381
0.02697369
-0.00843650
-0.05639205
0.09931269
-0.03733136
0.02807791
-0.03418754
0.02468013
-0.06386904
-0.08232090
-0.10046569
-0.02563522
-0.04567280
-0.12581936
0.01094774
0.02210676
-0.16833267
-0.02523625
-0.00523421
0.00725791
0.04901780
0.00384336
0.01152050
0.03512329
0.04551501
0.04825426
0.06781350
-0.00388233
-0.04913259
-0.03290593
-0.00602982
0.04213792
0.02720155
0.05648169
-0.03869620
0.08208161
0.05908095
-0.19993024
-0.04313876
0.05723088
0.07937929
-0.11677124
-0.03993426
-0.03090837
-0.06531435
-0.08661804
-0.03670263
-0.14720158
-0.05262906
-0.04450402
0.02096925
-0.04768961
-0.00023271
-0.11076666
-0.01202674
0.00699832
0.04626234
-0.04378069
0.06172981
-0.01118578
-0.01227206
0.05463451
0.06423539
0.09207727
-0.13244492
0.09703238
-0.04057930
0.09176884
0.08862463
-0.04433499
-0.06377253
-0.05974369
-0.02297357
-0.10055264
-0.14021245
-0.10372669
0.05135003
-0.16827054
-0.01637073
0.01211658
-0.07240785
0.05036147
0.03031663
0.07013520
0.02730970
0.02759930
0.06360337
-0.02066914
0.06987255
-0.02749273
0.01404067
0.10886466
0.09656153
-0.03181845
-0.01774747
0.03394380
0.06217653
0.00691361
-0.03314534
-0.02652763
0.05025458
-0.07840140
-0.02378989
-0.03569609
0.05969385
-0.12835096
-0.00456690
0.02091280
-0.04511264
-0.06705949
0.04874264
-0.12631631
-0.02948781
-0.16586892
0.05047558
0.03720677
0.04148355
-0.11520264
0.06594753
-0.02601720
0.08104682
0.03318706
-0.03060421
0.03885729
0.02866381
0.08008996
-0.02217025
0.05015031
-0.03893559
-0.01611926
-0.03658894
-0.03793458
0.01070963
-0.01306524
-0.08615235
0.07059474
0.04185847
-0.07368817
-0.13926207
-0.10585513
-0.08616180
-0.12899651
0.00893638
-0.05538098
-0.07017569
-0.03137380
-0.04000770
0.05728827
-0.01736069
-0.07093298
0.02027853
0.02422443
-0.02874984
0.07035375
-0.09230017
0.06275657
-0.05292798
-0.03176021
-0.01268826
0.07677069
-0.00512727
0.07732713
0.02586119
0.05923920
0.00463230
-0.04653907
0.00654913
0.03583629
0.10638399
-0.10566079
0.09775139
-0.07175902
0.00261229
0.02758073
-0.08034733
-0.10802656
-0.06933841
-0.18569878
-0.01692890
-0.04556612
0.15892363
-0.10594457
-0.04363099
0.02931484
0.05055362
0.04157282
-0.08484779
0.03172558
0.02308522
0.00501880
-0.02939948
0.05181144
-0.10808696
-0.02938335
0.04507574
-0.01939968
0.06567200
-0.03557215
-0.11927468
-0.02268730
0.04345408
-0.03019368
-0.05994961
0.02042842
-0.12542374
-0.09241725
-0.01848796
-0.05683784
-0.08664230
-0.05088175
-0.09424733
0.05679368
0.00133241
0.05857689
0.07876611
-0.08850020
0.06352796
0.07484686
-0.01479023
0.03529915
0.09242725
0.05274777
-0.06776468
0.01142039
0.04916783
-0.03144848
-0.10295327
-0.02224086
0.06437968
-0.20801803
-0.07767925
0.05382774
0.02802198
-0.08033480
0.07506094
0.08560375
-0.02038552
0.07033748
-0.00313944
-0.02581469
0.04888242
-0.06374044
0.16381063
-0.00072744
0.15170357
-0.15485479
-0.03426242
-0.09639180
-0.02542334
-0.00660958
-0.03491572
0.00104379
-0.02611952
0.04290595
0.04263816
0.03536889
-0.09059072
0.03766958
0.03567926
-0.03290205
0.07993221
0.01483767
-0.09624693
-0.05894740
0.00511814
-0.05447781
-0.01259834
-0.07617863
0.02829488
-0.08910166
0.04928349
0.07364896
-0.11154505
0.11029077
0.02463992
0.03661473
-0.04186795
-0.00518976
0.08447862
0.07252911
0.09945389
0.08290116
-0.02312546
0.09177165
0.01042647
0.00811584
-0.12900901
0.01334631
-0.01913720
0.02754033
-0.04847151
0.11805652
0.08841709
-0.05219573
-0.00874571
-0.07073164
0.03381070
-0.02723286
0.04007044
0.17202026
-0.16460842
-0.03535829
0.01118288
-0.15828170
0.10786144
0.07456050
0.08016802
-0.07666322
-0.00015006
-0.23922995
-0.04357801
0.07393740
0.01629290
-0.20071538
0.04399084
-0.08292226
0.02609076
0.23911880
-0.07310148
0.00786959
-0.09958376
0.06857102
-0.02987110
0.02894778
0.00895736
-0.03243893
0.12598585
-0.08803134
0.00802315
0.05199242
0.02645346
0.02945371
0.02653948
0.00090646
0.07130214
0.03225357
0.11766753
0.09720951
0.13511115
-0.04133311
0.06382544
-0.09043965
0.06045759
0.22959319
-0.11961026
0.01193685
-0.03927363
0.04560708
-0.01947518
-0.06524785
-0.05332298
-0.17240386
-0.02133433
-0.00935155
-0.00444644
-0.00750686
0.08330719
-0.20065953
-0.08754201
0.04681472
0.06584215
-0.01028742
0.05017557
0.03619424
0.02585325
-0.01997658
0.04885344
-0.04233378
0.03543854
-0.08941310
0.11222257
0.00821747
0.04169362
-0.02169771
-0.02604967
-0.02095641
0.00734194
-0.10285264
-0.04654773
0.02488718
0.00952526
0.15635224
0.01429033
0.07435074
-0.09460038
0.07308951
0.10864698
0.00938071
0.08155613
-0.07352920
-0.02863054
-0.03519842
0.09058707
0.01052064
0.01309333
-0.11170561
-0.13348278
-0.03463484
0.10081291
-0.07984076
-0.07720537
0.06150293
-0.00413748
-0.00716455
-0.00432242
-0.03315463
0.12060061
-0.00071362
-0.06804676
0.03225118
0.00373893
-0.00808570
0.11978880
-0.02947522
0.00797008
0.03792584
-0.11950313
-0.00357236
0.04535955
-0.05817838
-0.09274630
0.06957740
-0.09213362
0.09089928
-0.22895826
0.07196935
-0.08699686
-0.19570731
0.10683317
0.14052834
-0.06756066
-0.01031605
0.01619911
0.01726287
0.13351198
-0.07056320
-0.11303494
0.10204544
-0.06701212
-0.07542935
-0.04312686
0.19647413
-0.04552372
0.14850506
-0.08797096
-0.11326867
0.15026021
0.03528938
0.02009413
-0.18578409
0.10955109
-0.21284267
-0.01452593
0.11686881
0.08988868
-0.06102020
-0.00314860
-0.09522703
0.13932832
0.14891122
0.13016289
0.13531998
0.19292414
-0.01801348
0.08657429
0.15272427
0.18994994
0.11871822
-0.01122016
0.05206475
-0.14076544
-0.16901447
-0.05556255
-0.18413080
-0.09939492
0.11282392
0.11941822
0.05110880
-0.07547024
0.07196932
0.00874038
-0.15058768
0.11115824
0.16380718
-0.00680877
-0.15400529
-0.11351637
0.07393866
0.04696028
-0.07180116
0.03684321
-0.04522552
0.02037173
-0.02900970
-0.10534082
-0.04026722
-0.10921559
-0.05209308
0.06508113
-0.01985057
-0.08429012
0.02839896
-0.05091722
-0.15921481
0.05414211
-0.08742257
0.10005414
0.13907078
0.13324989
-0.14559349
0.11068361
-0.04699229
-0.11308566
0.07145786
-0.06935750
0.00605335
0.06695398
0.01314561
0.05991312
-0.12292464
-0.08173978
0.00305317
0.07942776
0.06792511
0.06563934
-0.00719678
0.06557091
-0.01336758
0.04144342
-0.04945038
0.07694506
0.00388112
0.01554597
0.01295015
-0.00967868
-0.02595748
-0.12124911
0.03844117
0.02892120
0.00816033
-0.07422739
-0.07198124
0.03952299
-0.05227587
-0.20593341
0.07551907
0.01902478
0.11617976
0.03327071
-0.12930366
0.02083948
-0.11032870
-0.01552359
-0.09905634
0.06743372
0.11103565
-0.06527237
0.07155798
0.00269691
0.01399804
0.02645451
-0.06333204
0.08718354
0.05327684
-0.02502705
-0.04377384
0.03162667
0.11662943
0.00826330
-0.06348848
-0.02109182
0.03976249
0.04960565
0.20590360
-0.00088902
-0.05348169
-0.02803770
0.06345420
-0.04356203
0.14998794
0.08673400
0.04254600
0.03578296
-0.04440509
-0.02247160
0.00598933
-0.02952009
-0.07146780
-0.05118487
-0.12165383
-0.02552867
0.00950638
0.02159361
-0.00047150
-0.06564762
-0.09324127
-0.07517825
0.05628215
-0.02193622
0.18059672
-0.08045511
-0.01593354
-0.04404518
0.08196071
-0.05650505
-0.05969161
-0.03758222
0.11560189
0.02532131
-0.01008725
0.10907070
0.13141499
-0.08325554
-0.10927849
0.08716352
-0.09444124
0.08430050
-0.11317676
0.01606243
0.21525601
-0.21023609
0.00043240
-0.00253461
-0.09216592
0.03422899
0.11217574
-0.16402024
-0.07389020
0.02444949
0.01934573
0.02852520
-0.01637452
-0.13608567
-0.22346994
0.18229395
-0.05462288
0.00995280
0.17563020
0.00006056
-0.18657450
-0.08967485
-0.10208892
-0.11387701
0.13793707
-0.07377891
0.06772237
0.05282936
-0.24893704
0.07664476
0.04505695
-0.06584132
-0.03736691
0.07777795
0.01161916
-0.10734893
-0.16610144
0.20606165
-0.03614996
0.21095175
0.01664630
0.03366792
0.06094585
0.09140199
0.05864841
-0.12616047
0.12415192
-0.01814803
-0.05610252
-0.08919626
0.00640867
0.05321034
-0.21209204
-0.03389838
0.00311149
0.11670426
0.05967255
-0.02283960
-0.05568106
-0.27977940
0.09406757
0.03754307
-0.05161108
0.01346808
-0.10645330
0.13293916
-0.05698859
-0.09323986
-0.03301361
0.02152528
-0.08107582
0.12857854
-0.01035262
-0.11673964
-0.12366877
0.02370014
-0.07878008
0.11972715
-0.09809040
0.06271529
0.10195832
0.11077770
-0.08099723
0.11016911
0.02291150
-0.06688551
0.04692651
0.07786637
-0.10767777
-0.00765602
-0.03609503
0.03284681
-0.06099693
-0.09978738
0.05347192
0.04536146
0.07870986
-0.11377499
-0.16660321
0.19961359
-0.00770331
0.09502341
0.11261435
0.00022105
0.05831532
0.00285111
-0.04552403
-0.01339511
-0.05280274
-0.09324650
-0.04542245
-0.01672602
0.01728906
0.04356569
-0.07261100
-0.06901269
0.10453419
-0.13110691
0.05765954
-0.03864532
-0.17254031
-0.14348698
0.02260579
-0.02036592
0.04899407
-0.24608169
-0.06907945
-0.06878262
-0.22294785
-0.02354275
-0.14159285
0.04143699
-0.06369638
-0.15826154
-0.01433942
0.15124209
-0.07299867
-0.05646143
0.18344156
0.00359346
-0.16597515
-0.27679935
-0.02146707
-0.01929541
0.10222374
0.03553450
-0.16233560
0.01787584
0.00918714
0.04949840
-0.00573304
0.04333829
-0.28864425
-0.10778257
-0.21702042
0.06812766
-0.22091517
-0.12763368
-0.01966963
0.09109753
0.17297511
0.01634014
0.12570755
0.25325248
-0.09842722
0.11580683
0.08923171
-0.01870207
-0.01464291
0.03183137
0.01442591
-0.28518564
-0.17866753
-0.14096773
-0.24642533
-0.18051849
0.03431838
-0.07040282
-0.01649789
0.01567028
0.21544059
-0.18113819
-0.21660821
-0.17591549
0.01823887
0.07506388
-0.16574086
-0.01066459
0.07129154
-0.01835372
-0.04352843
-0.00116230
0.10252574
-0.10042927
-0.06377191
0.08982947
-0.11073025
0.04031130
-0.03836263
0.11446001
0.00872906
0.12632677
-0.19403464
0.00078983
0.08342995
-0.04437126
0.01388914
0.10954924
0.06698927
0.11017163
0.16866575
-0.02952942
0.00798173
-0.06563833
0.05184213
-0.06418776
0.12075421
-0.03585511
0.03021926
0.03297688
-0.02972678
-0.00244528
-0.05482448
-0.05538053
-0.11166376
0.08853444
-0.10953095
0.06273779
-0.09830138
-0.05168708
0.04035887
0.04972805
0.07643553
-0.01591919
-0.04514775
0.05716288
0.14905511
0.06387796
-0.03244982
-0.03844507
0.11097316
0.07302961
-0.09592050
-0.08317290
-0.03001389
0.05519854
0.07757246
-0.03034618
-0.13689293
-0.14150076
0.02027596
-0.05804636
0.01832294
-0.08063813
0.01233303
-0.06826557
0.07821025
-0.25521556
-0.03660057
0.00855961
0.05445460
-0.07827181
-0.04101079
-0.30546856
-0.13279942
0.14772446
0.14283434
-0.05239666
0.07340868
-0.01118896
-0.11182038
-0.22750103
-0.14733762
0.08606720
-0.03842438
0.12647496
0.01776406
-0.06390300
0.04362732
-0.08574312
-0.03374201
0.05873531
0.08160475
0.07582184
-0.28165868
-0.04752970
-0.08104696
0.04378682
-0.10330879
0.07560275
-0.16728248
-0.18772803
-0.09182917
0.00823264
-0.13597271
0.01314105
0.03993324
-0.03775097
0.01805536
-0.05428436
0.01927844
-0.03873115
-0.25694615
-0.08298708
-0.05575871
-0.03696869
-0.18162704
-0.09926509
-0.16622807
-0.06108377
-0.09067440
-0.20177747
0.02935453
-0.07025309
-0.02531930
0.06542305
-0.02204734
-0.07275482
-0.01608745
-0.03182031
-0.10895897
0.01696017
0.07530022
0.09118637
-0.03748620
-0.05293182
0.00187120
-0.06797649
0.10903455
-0.00092809
0.18030411
-0.08433092
0.08708285
-0.01371966
-0.02461807
-0.07132383
-0.08539703
-0.03052929
0.14189327
0.04173434
-0.00730766
0.06729593
-0.15637802
-0.15065727
0.11400392
-0.05207457
0.04384128
-0.11278628
-0.01230099
0.08297182
-0.00254055
-0.03772293
0.06219416
-0.02701841
-0.14205259
0.12988517
-0.00757832
0.04368548
-0.09424800
0.16576709
0.02878635
-0.17110093
0.03761164
0.02846139
-0.08995757
-0.03108963
-0.10354150
0.01565300
-0.10003848
-0.03838615
0.04369553
0.13023853
-0.02768265
0.05082038
0.01771046
-0.15515099
0.02589435
-0.12223022
-0.05089742
-0.01271361
0.11651377
-0.05188952
-0.06858305
-0.05162060
-0.08188345
0.11141198
0.15773307
0.07531298
-0.06939827
-0.18104357
-0.01441742
-0.01908413
0.14534234
0.01639157
0.06622719
-0.02557296
0.12250113
0.00353649
0.01001216
-0.08089831
-0.03457141
-0.17655540
0.04371329
-0.02760173
-0.11041825
0.07859572
-0.14071079
0.00017482
0.02008812
-0.07559330
-0.02639366
-0.00875906
0.08216933
0.11659801
-0.12499657
-0.05267435
0.04964041
-0.05754593
-0.03855877
0.01509555
0.12028493
0.09937844
-0.03471769
-0.03050714
0.00058996
-0.09766263
0.04372406
-0.07277103
0.03670638
-0.03721551
-0.06567802
0.03590647
-0.07583095
-0.05962085
0.03095805
0.21639217
-0.02083294
0.04095169
0.08471384
-0.06069936
-0.00771001
0.01565927
-0.05330012
0.10912337
0.05999553
-0.03488924
0.02137461
0.04286162
-0.02304283
0.07507800
-0.01739011
0.07125969
0.06296267
-0.06527820
0.06566478
-0.26248381
0.09467933
-0.10555432
0.07631628
-0.01306244
-0.09563098
-0.10061941
-0.03065668
-0.04881160
-0.07608651
-0.00135697
-0.13205314
0.01902778
-0.03715234
0.06843871
0.07467835
-0.04256545
-0.03046607
0.08590340
-0.05924175
-0.00747866
-0.08052342
-0.11212961
-0.09884055
-0.01580142
-0.13389063
-0.06881844
0.02775384
-0.17550990
0.01754988
-0.06606673
-0.07854898
0.06132177
0.01771702
0.04666012
0.04426491
-0.08540209
-0.13760084
-0.08335068
-0.15412918
0.02747455
0.07680767
-0.02650473
0.10591553
0.08090643
-0.08656990
0.14246368
-0.03115579
0.05855142
0.02650000
-0.18177059
-0.04143914
-0.09363496
-0.03848951
-0.10411859
0.07862324
-0.20243941
-0.17506945
0.13120051
0.04194419
0.02531873
0.08295704
-0.17397267
0.01801894
-0.10404921
0.15006459
0.10796165
0.06592904
-0.08641081
0.10107735
0.06623923
0.02590095
-0.25334954
-0.00514036
-0.23192592
0.03189531
-0.25084066
-0.11745939
0.09109733
-0.05763809
-0.15209204
0.11089446
-0.07373464
0.16315868
0.07682800
-0.19171660
0.21558827
-0.07876175
0.18910842
-0.01890050
0.02761896
0.03591387
0.06502962
0.19302633
0.06821635
-0.01374775
-0.10694326
-0.06931503
-0.09424822
0.05011730
-0.03350199
-0.00638939
-0.08694562
-0.21303567
-0.05758226
-0.03036541
0.08213918
0.14835639
0.09938127
-0.14701986
-0.07557674
-0.02823444
-0.16884127
-0.00973370
0.12719697
0.05820919
0.02982519
0.07028808
0.00208652
-0.12334324
-0.08677203
-0.04178752
0.00430811
-0.09707356
-0.01394952
-0.02008768
0.03097519
0.10841747
-0.01910257
0.17685187
-0.07232535
0.03882403
0.00728203
-0.03335122
0.11015657
-0.02815234
-0.06679412
0.03411927
-0.03979365
-0.02453046
-0.25594762
0.08931524
0.07804911
0.09190438
0.14302444
0.09862736
0.04765381
0.05527030
0.14627999
-0.25019723
-0.07692049
-0.00585759
-0.04146132
-0.12438699
-0.10858598
0.22466721
-0.17898864
-0.09964502
0.06113157
-0.02579219
-0.08572189
-0.05713963
0.13378173
0.00316057
0.04514766
0.01565762
-0.05007323
-0.02153469
-0.08574162
0.16855060
-0.06355122
0.20466977
-0.12669419
-0.24278854
0.16718470
0.17093380
-0.00907415
0.07155237
-0.14254144
-0.00235511
-0.07120999
0.09111759
-0.01150619
-0.00108973
0.11139501
-0.00568612
0.10836762
0.03232118
-0.03774119
0.04208652
-0.07627317
-0.16940451
-0.11036718
-0.11989924
-0.00313778
0.08162787
0.00475996
0.06412869
-0.07271850
-0.08114006
0.06655358
-0.21836443
0.06130573
0.13027021
0.03238014
-0.02240907
0.01426059
-0.10894293
-0.14598592
-0.07924559
-0.02927709
-0.00482140
-0.23177221
0.09616534
0.03802055
0.01815698
-0.02913853
0.03282136
0.00892784
-0.08837021
0.08750457
-0.06321231
-0.13396779
-0.13999034
0.05879296
0.01231036
-0.20684256
-0.03599805
-0.06726709
0.03172661
-0.06660932
0.02796298
0.06137014
-0.05871907
-0.01638445
0.04033642
0.00840769
0.06328537
-0.00266275
0.00479555
-0.04132010
-0.00278895
-0.12680942
-0.11234658
-0.03782729
-0.04462855
0.06794925
0.02632551
-0.02300578
-0.09391115
0.02891851
-0.00440273
-0.01875360
0.17161049
0.02036046
-0.12209450
-0.17082530
0.02460391
-0.06303255
0.16981798
0.07124075
-0.00617220
-0.09190607
-0.01207790
0.11736958
-0.09406204
-0.07098601
-0.03706602
0.13265368
0.06254650
-0.02061567
-0.06216091
-0.11942954
-0.00459913
-0.02478553
-0.06504793
0.00165772
-0.01099015
-0.05550164
0.00015398
-0.03835060
0.00255920
0.03980958
-0.09954800
-0.05367323
-0.01230147
-0.13305333
-0.08290784
0.02288231
0.14241806
-0.07086962
0.01275820
0.02867987
0.01845697
-0.04019270
0.00559212
0.05178685
0.00872019
0.03177390
0.01594221
0.08813591
0.10794742
-0.00554040
0.09160426
0.07373460
0.02401746
-0.05722796
-0.08258659
-0.04663393
0.00450167
-0.05083030
0.09090713
-0.07982522
-0.07596248
0.10449655
0.00178547
0.06971485
0.06581144
-0.13166675
-0.00695104
-0.20996436
0.16649300
-0.03686521
0.07337999
-0.01855470
-0.06229396
0.04348998
-0.11371750
-0.04552993
-0.07982513
0.10788606
-0.11005468
0.00986526
0.00011190
0.11602370
0.01635467
0.01435495
0.08576366
-0.08768113
0.03008036
0.07248619
-0.11013730
0.13959594
0.01316686
0.12565176
0.04336637
0.04201326
0.09901369
-0.02549937
0.11736803
-0.07154635
-0.16169278
-0.07292970
-0.09215578
-0.09351572
0.03371931
-0.06985576
-0.18959132
-0.09443641
-0.17277235
0.04241294
0.09127930
-0.03163123
0.17645860
0.19118387
-0.13721469
0.00562049
-0.03954475
-0.06346998
0.01991502
0.08085845
0.07884756
0.08207817
0.16235667
-0.06632348
-0.02656711
-0.15401953
0.03104568
0.05479525
0.00276496
0.04426617
-0.13081419
-0.02911436
0.08468867
-0.04089846
0.12980607
0.04960380
0.09201175
-0.03830901
-0.03579012
-0.03581729
-0.06677860
0.03302790
-0.04354044
-0.01407143
-0.05624796
-0.12610912
0.14666466
-0.11174063
-0.04245375
0.13331743
0.06357424
0.03979847
-0.01499279
0.14062856
-0.20132548
-0.18064703
-0.09015982
-0.07796951
-0.06237461
-0.04079064
0.13994892
-0.09713510
-0.00839574
-0.07006445
-0.04279194
-0.02658165
-0.00303075
0.06128456
-0.03094257
0.09564859
0.11363412
0.01885794
0.04299457
-0.04116181
0.05364249
-0.02281572
0.10150696
-0.17156376
-0.15089662
0.09060699
-0.02779490
-0.08188307
-0.10970879
0.16282842
0.07274068
0.12619160
0.13162383
0.08712758
-0.10564762
-0.02573611
0.11209408
-0.04578276
-0.07476054
0.04393761
-0.23160711
0.01139782
0.18638642
-0.03468962
-0.00594430
0.08767246
0.00346173
0.02973991
-0.02401012
0.17383544
-0.06852817
-0.07239475
-0.08380975
0.06557623
-0.09197176
-0.00547711
0.18008335
-0.12072644
-0.04954201
0.01943503
-0.03036074
0.06313984
0.08060731
0.12218195
-0.34408244
-0.10098167
-0.16822478
-0.06920452
-0.21056342
-0.04024000
0.10485937
-0.13904586
-0.10041729
0.00454179
-0.06662802
-0.05648788
0.05257725
0.07125718
0.02431877
0.06918713
-0.03926264
0.01388088
-0.19778399
0.04225618
0.00128277
0.03799883
0.13657247
-0.24519934
-0.15556398
0.21022803
0.05752903
-0.04955257
0.02438510
0.14142209
-0.01840879
0.03309131
0.16270603
-0.08908527
0.04787813
-0.02490709
0.04455092
0.10954984
-0.11238370
0.10473195
0.02741378
0.06583788
-0.00390600
-0.15530665
0.23357722
-0.16869619
0.15206847
-0.04307915
-0.04211254
-0.13324538
0.06758183
0.10204361
-0.03176529
-0.02928277
-0.11334401
-0.06277020
0.04506406
0.12218427
0.02093498
0.09421042
0.12276438
-0.01301973
-0.06072309
-0.03792446
-0.23404433
-0.16896509
0.15896867
-0.17496602
-0.11594475
-0.06656669
0.21214943
-0.09092364
0.05425495
-0.15460563
0.05993132
-0.12421691
0.04808719
0.06453585
-0.04371984
0.08600812
0.03178362
0.05353286
0.04143845
-0.00702656
0.10346676
-0.13554052
0.21490932
-0.15126145
-0.09179574
0.01954810
0.03954564
0.06535572
-0.02333903
-0.10047521
-0.03753355
-0.10839997
0.04222441
-0.03490552
-0.07615913
-0.17037594
0.06765812
0.18005480
0.04726119
0.07986684
0.03902563
-0.17822380
0.07870865
0.01473649
0.00116749
-0.00659875
0.01675596
-0.03913871
0.09623178
0.11758375
0.11321718
-0.27106690
-0.16147155
-0.10626402
0.11139372
-0.08581721
-0.14866263
0.01238905
-0.12630251
-0.18608062
-0.00154594
0.00757244
0.04376769
-0.00811681
0.08621078
0.13903488
0.05263154
-0.13817410
0.01865686
-0.08846789
-0.19275543
-0.03548857
0.07920215
-0.02241261
0.00240433
0.02710826
-0.04887740
-0.02154970
0.01536916
-0.08370676
0.10628911
0.00748891
-0.14694527
0.10036502
0.07624286
0.11263462
-0.03317085
0.13529310
0.05795487
-0.10363124
0.06477933
-0.10729318
-0.00910017
-0.15349612
-0.07242008
-0.05301574
-0.01629307
-0.11951390
-0.00782468
-0.00173818
-0.06375781
0.07652063
0.02795679
0.06427565
0.00575928
-0.08078122
-0.14025080
-0.23152018
0.05430323
0.15777652
0.17692927
0.02550382
0.06680318
-0.15395637
-0.13078243
-0.03860417
-0.05823020
0.01207450
0.00085661
0.12676126
-0.04353138
0.08883071
-0.06604370
-0.00194126
0.02104570
0.01169747
-0.05408122
-0.04268467
-0.04607115
0.09484576
0.00743414
-0.04721434
0.00660057
0.00984493
-0.07687230
-0.08175962
-0.02420579
-0.02286681
-0.14070599
0.09001970
0.00761663
-0.03773579
-0.00322833
-0.01068373
-0.12677497
-0.03942080
-0.10222446
0.03729375
0.09351548
0.08727568
0.01147798
0.11282454
-0.02596124
0.08388481
-0.09740771
-0.05710698
0.08888690
-0.33333769
-0.03918175
-0.07277966
-0.22215788
0.13574366
-0.01424882
-0.09886384
-0.01834288
-0.06182814
-0.07896682
-0.07540274
0.16845271
-0.09746724
-0.31142780
0.07250579
-0.23537767
-0.01471803
0.00548434
-0.06710928
-0.13448904
0.02264746
0.06751578
0.20219941
0.07862350
-0.12120935
-0.03270669
-0.06697273
-0.24387270
-0.00811559
-0.13710587
-0.04749462
-0.03390284
-0.23533075
-0.04880885
-0.19770843
0.05145799
-0.07972723
0.15945384
-0.10616552
0.02497710
-0.10154365
-0.06281232
-0.05782913
-0.12608959
-0.01685600
-0.05399019
-0.16016723
-0.09426245
-0.02890423
-0.01555047
0.14094862
0.12447187
0.00415014
0.00443018
0.05770097
-0.06779884
-0.03485765
-0.20659903
0.02421102
0.19338614
-0.23038131
0.11218291
-0.04391762
0.08501064
-0.11733606
-0.18571088
-0.14601372
-0.05438539
0.01824775
-0.17646098
-0.14562181
0.01297312
0.09233233
0.01703592
0.02385605
-0.18488798
-0.17360441
-0.17784169
0.18776383
0.08488762
0.02138478
0.17579840
-0.05155386
0.18442014
-0.02876952
-0.00027681
-0.12471045
0.14214160
-0.02504364
0.23582378
-0.14086001
-0.10879220
0.04428506
-0.22971378
0.02467665
0.11632943
-0.12260847
0.03505154
-0.07586804
0.02192171
0.05269321
-0.10311311
0.00574791
0.07710037
0.03550171
-0.18772677
0.18393575
-0.00250846
0.00436597
0.04290999
-0.00482872
-0.14773253
-0.09693068
0.05045567
-0.01291158
-0.00482466
-0.11239207
-0.07172886
-0.07406142
-0.13221467
0.02186031
0.13786258
0.09976748
0.03489618
0.04328528
0.04376765
-0.21973440
0.02387437
-0.16686606
-0.01700106
0.04175941
-0.01585614
-0.07341604
-0.06054179
0.12029546
-0.08973613
0.05617624
0.03713291
0.03438091
-0.01736768
0.01286672
-0.05993701
-0.11960315
-0.03477319
-0.02756945
0.10866441
-0.08748475
0.08721943
-0.05713631
-0.00483024
-0.00745878
-0.11398138
0.10578451
-0.00544012
0.11698195
0.05120633
-0.02892109
-0.07685121
-0.02490605
0.06673520
-0.09587640
-0.03896694
-0.06284802
0.01473874
0.05693522
0.08516902
0.02868791
0.12530485
0.06790663
0.02498414
0.05633248
-0.04039248
-0.07653124
-0.07747912
0.07214729
0.00433620
0.00195357
0.04564511
-0.07122086
0.02354871
-0.02221066
-0.03381618
0.02785338
-0.01100814
-0.07747881
0.06436292
0.03547841
0.08374240
0.03529439
-0.00833567
-0.09060904
0.00392007
0.08654816
0.06898963
-0.00573075
-0.04214748
-0.07167496
0.08886950
0.06938016
-0.06457666
-0.01338464
0.01876097
0.05347067
0.07509335
0.02180242
-0.07860116
-0.26786318
0.05223532
-0.07696350
0.03123635
-0.02221707
-0.07142306
-0.01763993
-0.04071240
-0.03154951
-0.12952247
0.03468141
-0.15148874
-0.03550519
0.03801786
0.10806362
0.00113346
-0.03312846
-0.00214257
-0.07083171
0.04222945
0.01181129
0.03963806
0.06136177
0.02902676
0.08148341
-0.01892169
-0.02562452
0.07377065
-0.02522475
0.00188178
-0.03473392
-0.14495666
-0.08357930
0.02568362
0.05066717
0.00942497
-0.00275838
-0.15520209
-0.06504975
-0.09824564
0.08803302
0.14829840
-0.09524346
0.10113036
-0.03039173
0.02646551
-0.04302790
0.01465909
0.03081908
0.04970329
0.00617880
0.04390068
0.05898068
-0.02449939
-0.09597100
0.08807629
0.11268043
-0.15292163
-0.03159307
-0.02863784
0.05235313
-0.04065514
-0.08557659
-0.03290527
-0.14823508
0.08124194
0.08393682
0.01969734
0.05996079
0.07072460
0.03160524
-0.08853278
-0.09124769
-0.11124385
0.00041819
0.09340876
0.07699143
-0.08807959
-0.01050140
-0.07637159
-0.14367771
0.08542333
0.06305238
-0.00700765
0.01268791
-0.10803993
0.03001819
-0.09331328
0.01454998
-0.05995305
-0.00532180
-0.00597574
0.00613545
-0.01004563
-0.00889987
-0.09319200
0.10320881
-0.06337737
-0.01965146
-0.00103969
-0.08116825
-0.18567812
-0.13693325
-0.09379654
0.06438133
0.07544874
-0.06467664
0.03879916
0.14804593
-0.04529430
0.08841870
0.05054576
-0.04258928
-0.07670831
0.06140437
0.04768180
0.05031577
0.03521290
-0.03180998
0.08846051
0.10508378
-0.13277456
-0.08101895
0.05181888
-0.04006388
-0.00439869
-0.07673708
0.09835652
-0.23410434
0.03834633
0.09977893
0.11966280
0.04749234
0.06382007
-0.10268164
0.02139657
-0.07648665
-0.09731069
0.06338587
-0.13127956
0.09189186
0.04256978
-0.03604436
-0.05144878
-0.12560655
0.00150769
0.03202334
0.07273899
0.07675175
-0.16779920
-0.03174593
-0.03301366
0.09677559
-0.07168019
0.00863284
0.01066587
-0.10119665
0.10313882
-0.03191369
-0.13496152
0.11249474
0.06938068
0.03951779
-0.03688493
-0.09061236
-0.18218377
-0.09484445
-0.13463454
-0.07988679
0.07186518
-0.08742326
0.07061426
0.07367359
-0.13638149
0.08213699
0.04495488
0.01235666
0.02678105
-0.08562105
0.05115522
0.02541332
0.08027585
-0.15685840
0.11124662
0.01060620
-0.13969073
-0.09128176
0.07537755
0.06843618
0.07984354
-0.03157181
-0.00125092
-0.21152426
0.05614937
-0.00178738
0.09503812
-0.08877902
-0.07051904
-0.12397727
-0.09166196
-0.05830491
-0.14431365
0.12065911
-0.12979668
0.12189206
-0.05962867
-0.02477050
0.07604054
-0.05648039
-0.08588046
-0.07599172
0.05570074
-0.03673859
0.02021458
0.03312949
-0.04785700
0.06729390
-0.02811969
0.06299519
-0.05034018
-0.10216245
0.09377120
-0.08655137
-0.13787216
0.09609129
0.08351542
0.00704036
-0.07331228
-0.07205652
-0.14048089
-0.09212793
-0.04347531
0.05367426
-0.03128149
-0.00005506
0.07542807
0.04026333
-0.08787546
0.11605042
-0.03871243
-0.01220524
-0.05736542
-0.06315030
0.00265335
0.05840711
-0.05356289
-0.12123338
0.06901247
0.09216674
-0.07187840
0.04328671
0.07523129
0.05806199
0.14606833
0.02304573
-0.03041620
-0.19831264
-0.06890903
-0.10128589
0.11667224
0.05959067
0.02593368
-0.11841192
-0.10559081
0.09098154
-0.04645092
0.05642171
-0.07477853
0.00425558
-0.07913791
0.00039592
0.03429459
-0.02949135
-0.10459471
-0.10169705
0.00760874
-0.03267918
-0.05871687
-0.10518266
-0.01016157
0.00130253
0.00157818
-0.02428841
0.07601760
-0.12115000
0.06981594
-0.07863825
-0.15274405
0.11912587
-0.05662870
0.02314733
-0.02403653
0.01234008
0.00243983
0.00999601
-0.06459618
-0.03259210
0.06183132
-0.08097640
-0.06841502
0.02895641
0.06957018
0.04128640
0.11238658
0.00614360
-0.00675275
-0.00749717
0.08035994
-0.03840392
-0.04664081
-0.04385919
0.09364987
0.08618921
-0.09003950
-0.07969838
0.05222245
0.06888489
0.11886341
-0.03156605
0.00096327
-0.18454359
-0.06491472
0.02634643
0.17442478
0.05950123
-0.06349156
-0.08584452
-0.12539053
-0.03719607
-0.15370984
0.11365263
-0.02018699
0.08825221
-0.01048067
-0.00982822
0.09269509
0.02148367
0.05021873
0.03666928
-0.04938663
0.08302613
-0.10514662
-0.02235544
-0.06390765
0.02554585
0.04802529
0.05726850
0.07897671
-0.10768047
0.05014582
-0.07619765
-0.13083605
0.11938642
-0.05118575
-0.05349708
-0.06350052
-0.02699012
-0.09650039
-0.12188781
-0.11129454
-0.03166646
-0.00743203
0.03809243
-0.04697732
-0.04060055
-0.01406286
0.00042995
0.01967520
-0.04540652
-0.02560483
-0.12199993
0.01715978
0.04555577
-0.11661299
-0.00161722
0.03376716
-0.11474429
-0.06133174
0.12227251
0.03632326
-0.01539298
0.16248560
-0.14173765
-0.08060736
-0.13576424
0.03448562
0.22054699
0.14111641
-0.04337886
0.12765621
-0.00361357
-0.13787352
-0.21958788
-0.02010458
-0.11213560
0.07914843
-0.12030341
-0.09925347
0.01454792
-0.07523536
0.00866711
0.20126180
0.02066592
0.02335790
0.00606330
-0.17482601
0.19008675
-0.07847665
0.15196966
-0.06290610
-0.02105326
-0.00563549
-0.01052583
0.11456423
0.03041348
-0.05370241
-0.00747585
-0.08845753
-0.02326885
-0.04956988
0.00919030
-0.20277658
-0.00349104
-0.14502804
-0.07924426
0.05268325
0.00848395
0.10728706
0.12899110
-0.25754380
-0.01215020
-0.14297935
-0.01049904
-0.00545795
0.07285406
0.03387474
0.03066562
0.13315441
-0.11559470
0.02481932
0.02075110
-0.07621846
0.03264559
-0.02793037
0.05990096
0.01677921
-0.00605390
0.08070588
-0.25186560
0.04771766
-0.11416255
0.06050203
0.00309364
0.00710582
-0.03837989
-0.02042964
0.01512711
-0.02423118
-0.00761437
-0.10214849
-0.00981216
0.10078754
0.11929207
-0.01630026
-0.04461510
-0.02011385
-0.03195067
-0.10003821
0.03862067
-0.09201208
0.04762853
0.05783565
0.05501566
-0.08938769
-0.07424717
0.01719747
-0.08468310
0.07323577
-0.13397752
-0.06669910
-0.05617559
-0.01536729
0.00381683
-0.05560575
0.06318863
-0.08279230
0.03335447
0.03383766
-0.07190903
0.04954920
-0.06146805
0.15457270
-0.01796190
0.02507619
0.04963850
-0.08875461
0.04293363
-0.15396653
0.16938376
0.06070867
0.18435486
0.15693696
0.03586547
-0.14060813
-0.18491167
0.14737907
0.05351899
-0.00922776
0.05900529
-0.29948747
-0.11570012
0.21374008
0.03932688
0.02627223
-0.05807953
0.22145888
-0.01435512
0.18674530
0.08335947
0.06559268
-0.12504210
0.09353899
-0.15747312
-0.06005892
-0.06668951
0.04890574
0.02184185
-0.08483450
0.10777003
0.07167821
-0.04260535
0.00743173
0.04308557
-0.08369738
0.08823061
-0.07072078
-0.34255749
-0.09209937
-0.17017972
0.12229780
0.07450867
-0.18904679
0.06345131
-0.04759376
-0.05683006
0.10236257
0.06043125
0.03375161
-0.03396455
0.23412623
-0.02248636
-0.03560434
0.06215591
0.13592218
-0.04573952
0.13756895
-0.11044667
-0.15378888
-0.03543760
0.14136007
-0.11750776
-0.03069426
0.00377280
-0.00784946
0.08656840
0.09308276
-0.14476047
0.07331778
0.07589264
-0.03064818
-0.01329226
-0.06500529
0.01576719
-0.05385228
-0.07592437
0.11442728
-0.25736383
-0.08173510
0.18659031
-0.02399855
-0.03744431
0.03099983
-0.03944409
-0.07829171
-0.04642269
-0.11325087
0.16613580
-0.09518228
0.09711097
0.04089375
-0.07235848
-0.03517442
0.00232706
-0.03937765
0.01191310
0.07111856
0.09653341
-0.17057313
-0.09458629
-0.09538525
-0.03695901
-0.11552726
0.03964828
-0.05259743
-0.13353314
-0.08085412
-0.11026952
-0.14908223
0.08968474
0.04803040
0.02000245
0.05999761
-0.11379007
-0.05129435
0.00423085
-0.22697072
-0.01387421
-0.03628393
0.03377123
-0.02902108
-0.03663631
-0.16337690
0.11236028
-0.10708182
-0.17716569
0.03837547
-0.09008413
-0.01392927
0.00215384
0.08998588
-0.13660631
0.09664362
-0.01597332
-0.07362504
0.01434366
0.12915006
0.07497907
0.05378614
-0.05475634
0.01035851
-0.09372003
0.01475248
-0.04452732
0.12967037
0.04376892
0.11711616
0.00800811
-0.12363371
-0.08950142
0.01311431
0.06979259
0.14348058
-0.00835931
-0.09295753
-0.00466572
-0.06550670
-0.02517011
0.03442964
-0.10776193
0.09050773
0.09557322
-0.03660628
0.03267609
-0.10354310
-0.01063886
0.07679716
0.03566951
0.03394841
-0.03285175
0.03591975
0.05879536
-0.07525200
-0.04356667
0.00430792
-0.13367017
-0.06405160
-0.02178037
-0.13547353
-0.12012307
-0.03156514
0.01110831
0.00918628
-0.02013955
0.01801863
0.15655787
-0.07146233
0.03412221
-0.10317249
0.00926745
-0.07515721
-0.10729875
0.13874562
0.00947479
-0.13915659
-0.06610501
0.07779151
-0.22913058
-0.00741061
-0.18925291
-0.04757747
0.01230204
0.12659717
-0.02526765
0.02622467
-0.09612650
-0.09876736
0.08882045
0.02087215
0.04012431
-0.02491209
-0.00407239
-0.12330166
-0.18420324
0.01533427
-0.06711723
0.04206872
0.01530210
-0.03265694
0.03006562
-0.05262443
-0.05661117
0.05773520
-0.07561032
0.08124111
0.05438947
-0.26230997
0.00450188
-0.09835267
0.07038071
-0.08702903
-0.02280330
-0.09240265
-0.00977532
0.00290453
-0.00285868
0.01289622
-0.07591928
-0.08250052
-0.10009015
0.03539327
-0.07537115
-0.14668454
-0.05088821
-0.15008435
-0.00897752
0.00407072
0.00131980
-0.06368374
-0.03992557
-0.20843956
-0.18810451
-0.00618058
-0.25702617
-0.10895246
0.05593201
0.01429935
0.15823905
0.12029555
-0.11026908
0.01992173
-0.05933208
0.04777930
-0.02591593
0.09123313
0.05790861
-0.12307066
-0.04612844
0.09154161
-0.27981511
0.14178601
0.02841800
0.11367863
-0.02822741
0.04955582
-0.08005972
0.00502296
-0.07759735
0.00546587
0.11236724
-0.03623835
0.13114952
0.10256159
0.00107568
0.07853054
-0.03838743
-0.01068602
0.06421006
-0.09708048
0.00772362
-0.03910996
-0.03693717
-0.12604396
0.05665512
-0.12986921
0.01146323
0.15554237
-0.24607311
-0.06135429
-0.14896582
-0.08248626
0.04105339
0.02616140
0.05904247
-0.01712235
-0.02914974
0.04281880
-0.09471663
-0.10228383
-0.01550452
-0.00830783
-0.06697901
0.09230392
-0.07098097
-0.11743373
0.04873783
-0.05098345
-0.06556924
0.01275813
0.25823313
0.03292153
0.01320837
0.06216442
0.00271457
-0.12017282
-0.02710016
0.03370249
0.13411039
0.07253576
0.08676149
-0.08390816
-0.07097422
0.12943020
0.07776092
0.18027753
-0.07866669
0.02353911
-0.04500553
-0.09347633
0.07905348
0.03872625
-0.02410354
0.14026207
0.00091194
-0.06824400
-0.22627215
0.11485544
-0.04864997
0.08483517
0.14837117
0.03142871
0.04495908
0.04404398
0.02673552
-0.24199781
-0.18903108
-0.04153042
-0.10621737
-0.02311304
-0.12015326
0.20715316
-0.01348291
-0.05436799
0.02625812
-0.08050264
-0.08099996
-0.04825383
0.10390021
0.01466639
0.17246754
-0.00505718
-0.04879097
-0.00651650
-0.01487982
0.01868260
-0.12157252
0.18778871
-0.20306626
-0.24042873
0.12264258
0.12706511
-0.00982851
0.02218062
0.03706279
-0.05574267
0.03282488
0.04050910
-0.05021135
-0.02941518
-0.01008185
-0.08663972
0.02636449
0.03447660
-0.06327250
0.07532528
-0.07233849
0.03670223
-0.13373628
-0.01302805
0.05559856
0.13754243
-0.05125124
-0.02653249
-0.00164747
-0.04015966
-0.04321944
-0.03851492
0.00571749
-0.07230022
-0.07853175
0.00633967
0.01950336
0.05255314
-0.05164492
-0.01549513
-0.01775179
-0.03794167
-0.02084325
0.00147207
0.03344738
-0.12789789
0.11373872
0.02775311
-0.06192276
0.03678714
-0.00524630
0.11218429
-0.06334611
-0.14208332
0.09648877
0.01999957
-0.01618143
-0.08748454
-0.07872646
-0.11669225
-0.13470657
-0.09640619
0.03851838
-0.01084964
0.05998553
0.12768359
0.07023093
-0.07381822
-0.00613435
-0.01608790
0.01113793
0.10331192
0.00331211
0.08540890
-0.07980122
0.11590512
-0.06205318
0.00458633
-0.04272082
-0.20551065
-0.13633867
-0.00148398
-0.08207414
0.18946148
-0.01850847
-0.07393997
-0.26263306
-0.02262921
-0.05907389
0.10566462
-0.03738609
-0.04023182
-0.20347793
-0.05110740
-0.04066045
-0.15677685
0.07292181
-0.20642492
0.16272201
0.04914825
0.06432504
0.03392461
0.03082331
-0.08600891
-0.01618018
-0.10027105
-0.02123217
-0.06934339
0.01796523
0.09877878
-0.06679656
-0.20389348
-0.00229378
0.01372639
-0.14142306
-0.20874861
-0.05537105
-0.14200735
0.15009831
0.07592046
0.02472322
-0.01153654
-0.06108029
-0.21564989
-0.04450940
-0.08398246
-0.00402666
-0.05419372
-0.02807376
-0.10687639
-0.09789290
-0.06175353
-0.01689656
-0.00102524
-0.09869114
-0.10488398
-0.08516913
0.05522707
-0.06143478
-0.01285559
-0.02051032
0.00476486
-0.00892372
-0.11601592
0.10407466
0.06619526
0.12270571
-0.01111665
-0.04611926
-0.05769766
-0.06691378
0.14610964
0.03462910
0.08979439
-0.04088401
0.11830223
0.09644709
-0.00662835
-0.02623649
0.02014672
-0.18901178
-0.03324766
-0.04890951
-0.06024960
0.05443132
-0.07551762
-0.11083730
0.06818143
-0.12102479
-0.04413165
0.00327319
0.15942390
0.05736194
0.08010796
0.06086958
0.06736921
-0.03132273
0.10089574
0.03658628
0.09117253
0.01904839
-0.00525503
-0.01429033
-0.05445705
-0.09456336
0.05569689
-0.04077274
-0.13120294
-0.06791453
0.00897893
0.12006578
0.02977999
-0.02479946
0.17141905
0.14468148
0.07189017
0.04539152
-0.03045549
-0.03900691
-0.07594009
-0.05018041
-0.03545198
0.06384946
0.01886206
0.01524325
0.05713572
-0.16653304
-0.07597814
0.11506609
0.07829303
0.01326072
0.05861279
-0.10380211
-0.05206087
0.04721203
0.03066825
-0.10199045
0.18662466
0.03460068
0.00894924
0.06587969
0.01794565
-0.06357220
0.07942965
-0.16970618
0.01791114
-0.11741760
0.01069722
0.08431607
-0.14612371
-0.08830871
0.06456508
-0.06749489
-0.01584788
0.02004538
0.10350969
0.14897975
0.02038771
0.03884396
0.07064415
0.04755123
0.10811220
0.21297178
0.02356761
-0.05378241
-0.02056007
-0.05980202
-0.04864058
0.05235453
0.03283783
-0.07953163
-0.13086009
-0.16870597
-0.11402347
0.10622591
0.02187085
-0.02448747
0.04259145
0.18304676
-0.00218382
-0.06408001
-0.10005561
0.08400716
0.04737771
0.03753451
-0.01354895
0.00750467
0.08195598
0.05111253
0.08127901
-0.04116476
0.08159419
0.10452501
-0.03579420
-0.01676072
-0.07598083
0.04198554
0.03869169
-0.12742737
0.10476860
-0.15916301
0.04691358
-0.06441378
0.05668033
-0.05336048
-0.07180474
0.07410857
0.04563199
0.11420301
-0.06608553
0.05487705
0.10007945
0.08125865
0.05966481
-0.05656109
0.05820347
0.05417198
-0.05399906
-0.00868135
0.02016138
-0.09620068
0.06918576
-0.01918153
-0.10044538
0.01606154
0.06597787
-0.09812684
-0.04585548
-0.06491198
-0.02097533
-0.00504014
0.04409644
0.00031778
0.03196235
0.04821482
0.00043658
-0.08044726
0.07890048
0.07333362
-0.00434116
-0.11981370
0.07056331
-0.13317180
0.10031856
0.16077057
0.00501018
0.04500706
-0.11244874
-0.14202063
-0.02093353
0.14815213
-0.18059541
-0.04838641
0.04467640
-0.05255106
-0.05586259
-0.04543141
-0.04902223
-0.00943148
0.19869931
-0.06421063
0.02849410
-0.16632253
0.05122106
-0.02989404
0.23224002
-0.05640977
-0.03244368
-0.02615765
-0.06274568
-0.02856792
-0.04260767
-0.06564116
-0.21052088
-0.00494198
-0.12056988
0.12297586
-0.18881048
-0.18746810
0.04959485
-0.12816612
0.06687655
0.02700147
-0.06899763
0.01423987
0.22804259
0.06793458
-0.02063033
-0.01379702
0.21387804
0.08674560
-0.01880170
-0.03977926
0.07998127
0.02999049
0.01509587
0.07750704
-0.03879924
-0.01341529
-0.02242388
-0.15549037
-0.05819768
0.06444942
-0.05973244
0.04672482
0.10945514
0.04023581
-0.11937317
-0.07266647
-0.21432646
0.18704703
-0.15125282
0.11063005
0.01501858
-0.00660208
0.17300349
-0.07324927
-0.07795963
-0.13239688
-0.00689599
-0.04604444
-0.14679863
-0.01688420
-0.10905213
0.04067525
0.04835600
0.15993798
0.15752777
0.10967133
-0.05002488
0.00741593
0.08996031
-0.08937825
-0.01067461
-0.14481729
0.10403340
0.08875752
0.01991501
0.13290691
0.04802238
0.00573443
0.03843012
0.01159680
0.03980782
0.09539776
0.03539511
-0.03424397
-0.10466757
-0.04351123
-0.02842826
-0.13068879
-0.13594747
0.02002219
0.14426050
-0.02926730
-0.00597906
0.03311036
0.20284709
0.11497717
0.07072898
0.08179191
-0.02169950
-0.05240463
0.04172470
-0.10650498
-0.12140662
-0.07261057
0.10197352
-0.10046089
0.15875058
-0.24699329
0.06701382
0.03617398
-0.15200603
-0.08743301
0.11310595
0.00498355
-0.02286770
0.01775032
-0.04028554
-0.05533842
-0.00498999
-0.10377254
0.05996625
0.16096371
0.07175611
0.03698223
-0.14617063
-0.10752427
-0.11647443
-0.09042763
0.05944121
-0.08404676
0.10125858
-0.04623740
0.12944713
-0.04006878
0.10224750
-0.04187592
0.00246160
-0.17485213
0.07702363
-0.04805619
-0.16797952
-0.04245337
-0.21907495
-0.03807271
-0.06459848
-0.08709828
0.00179580
-0.13331950
0.20612727
0.20868464
-0.10994982
-0.19609050
0.05740980
-0.13729277
-0.04180805
-0.00074942
-0.05784565
-0.12647916
-0.14845183
-0.11095855
-0.05395562
-0.16715159
-0.06227268
0.07686096
0.13418995
0.02451474
0.08798998
0.14585841
-0.02558909
-0.00099286
0.06540088
0.00795796
0.20360656
0.08385883
0.02267973
-0.14289504
0.01169813
-0.04745314
0.03930033
0.00925332
-0.08819427
0.08447785
-0.15805565
-0.10645564
0.10408019
0.10433843
0.01114977
-0.02594287
-0.07736386
-0.05809013
-0.14077459
-0.17261693
-0.07262295
-0.07560766
0.05447226
-0.07666573
-0.04617023
0.11368607
-0.01638450
0.07758406
-0.10129245
-0.09993625
0.02570165
-0.04542685
-0.06637925
-0.04223961
-0.03577359
-0.17057724
-0.04212952
-0.00960440
0.04428038
-0.16094188
0.15696202
0.06083737
-0.07725570
-0.18232089
0.10406772
-0.00289309
0.01473514
0.02220255
-0.13594019
-0.12694450
-0.05383547
-0.08895498
0.04320974
-0.09716137
0.00245051
0.02324606
0.05230959
0.04984570
0.02857532
0.09008481
-0.05557687
-0.03678169
-0.05726818
0.06439181
0.12453312
0.05448089
0.09178437
-0.00632957
-0.08300516
0.01717122
0.04880976
0.05271589
0.00190066
-0.03874924
0.12939849
-0.07627463
-0.05749672
0.06357516
-0.01138948
0.03059338
0.01588856
-0.02395544
0.06555324
-0.21347679
0.05056273
-0.12300508
0.07356357
0.04677007
-0.04843686
0.01940799
0.04446705
0.03419170
-0.08224726
-0.05740979
-0.04028676
-0.12799147
-0.04535159
0.01585366
0.05082475
-0.12862718
0.05981920
0.03772579
0.05240712
-0.08527778
0.02839747
-0.06105420
0.02712484
-0.01333119
-0.07636748
-0.07735052
0.06055907
-0.00376365
0.14180796
-0.07309069
-0.00201308
0.01408359
0.00995398
0.04511309
-0.02736628
0.02146697
-0.07341304
0.04766064
-0.02371762
0.04759587
0.01740710
-0.09729920
0.16039418
0.11050818
0.10022210
0.03760058
-0.08203561
0.07337470
-0.15830332
0.13563815
0.07428483
-0.09373676
0.10475466
0.00464796
-0.05221984
-0.10154458
0.02257694
-0.03955711
-0.03837758
-0.03197610
-0.02976884
0.07873651
-0.08554064
0.07621824
0.14664580
-0.04070584
-0.21882299
-0.03814238
0.07800274
-0.10733343
-0.03317521
-0.11242361
0.08407956
0.15458775
-0.05303362
0.08110522
0.01717168
-0.02252221
0.01969478
0.11336243
0.08927570
0.02999288
-0.08686319
0.02904490
-0.11938319
0.05091019
-0.00377359
-0.11177163
-0.15294205
-0.08600843
-0.13277894
-0.02816658
-0.05481453
-0.11269362
0.12927669
0.11109210
0.02761630
0.08169130
-0.06509540
-0.18156157
-0.00071193
-0.08454920
-0.10877237
0.06780151
-0.03846180
-0.10188477
-0.00832141
-0.19925413
0.03319795
0.14320780
-0.14073440
0.04007020
-0.06446958
0.19287921
-0.07810850
-0.11576184
0.16713324
-0.06032069
-0.07542383
-0.08889057
-0.07833190
-0.06521526
-0.09642218
-0.00780830
-0.16486722
-0.04163842
0.06475308
0.07803655
0.07354493
-0.01114727
-0.25353658
0.03650805
0.05533559
-0.15014400
-0.11130910
-0.12639485
-0.01268956
0.07146285
-0.11774703
0.13595252
-0.00448219
-0.01659737
0.02608837
0.00815824
-0.12556115
0.04570103
-0.04084482
0.07244608
-0.13537095
-0.08102602
0.01558457
-0.08969281
-0.13478509
-0.03455712
-0.12660404
-0.05628999
-0.11804097
-0.06119383
0.02801908
0.19256507
0.13116114
-0.03016567
-0.06256429
-0.21777008
-0.12178485
-0.20519121
-0.13632539
0.06132179
-0.08268614
-0.02695213
-0.04403939
-0.35833851
0.01900928
0.07228935
-0.15719922
-0.10044390
0.01959098
0.05568534
0.04629801
0.02391899
0.07410365
0.04603586
0.02765515
-0.10367858
0.21879907
-0.00641347
-0.14594910
-0.00224793
-0.08606644
0.03189107
-0.09986652
0.12641825
0.13086008
0.09224764
-0.06599156
0.06916706
0.19440557
-0.15350054
-0.08542649
0.04270613
0.04665794
0.05512105
0.14776181
0.05866954
0.07744157
0.09768720
0.13163397
0.01653971
0.15268832
-0.01911354
0.11355104
-0.10413194
-0.08541719
0.05929658
0.11458132
-0.18255112
-0.12386281
-0.10650244
0.05994723
0.02518950
0.01301813
-0.13720490
0.16474573
0.09138732
0.07795420
0.06482451
0.03106220
0.05143540
0.15203355
-0.07852528
0.01411352
0.08881011
0.02263548
-0.10292636
0.11428435
0.06045825
0.23909456
0.06404629
-0.14323698
0.07194657
-0.07696211
0.04356890
0.00785632
0.09739567
0.05136464
-0.24963030
0.15152404
-0.27617344
-0.07634066
0.10915761
0.20404278
0.07012090
0.08332539
-0.10576541
0.13850823
-0.07670838
0.02087255
-0.17851326
0.01277603
-0.06664666
0.11813895
-0.01072789
0.00108011
-0.11624472
0.04156873
-0.03358040
-0.10222083
0.22174299
0.05383043
-0.00173368
-0.13086973
-0.10523126
-0.08657134
0.02006346
0.13478519
0.11452284
0.22762297
0.15683186
-0.08459464
-0.24590801
0.08469425
-0.02008075
-0.02825259
0.09820057
0.00069091
0.04965945
-0.02586493
0.12264759
0.20734099
0.05078021
-0.00358613
-0.18709081
0.08364862
-0.12221987
-0.14407298
0.02561222
0.04730267
-0.01796716
0.01704595
0.08077938
0.14344740
-0.10694208
-0.16994125
0.11942808
0.06213311
0.05035890
-0.06941010
0.02578911
-0.07462960
-0.03222969
0.05085175
0.04266706
-0.14954025
-0.01266848
0.02426132
-0.06569643
0.01831430
-0.08910045
-0.02950168
-0.23931187
0.02966744
-0.19551732
0.05393134
-0.07516917
0.00189758
0.00967330
0.06471521
0.12079837
-0.05087959
0.04271436
0.00746661
-0.03190460
-0.14409029
0.09294932
0.02574514
-0.12799580
0.01456864
-0.11020628
-0.03930314
-0.09207468
0.12097016
0.07901463
0.06058669
-0.07387643
0.04277671
0.03713939
0.00615545
-0.09741801
-0.00086887
-0.08616768
-0.01599929
-0.05111283
-0.12565491
0.03089800
-0.04583682
0.00404257
-0.00040811
0.00940097
-0.02391654
0.09228754
-0.01455028
-0.06974696
0.03716773
-0.01833609
0.12573975
0.06727429
0.00386685
-0.00329690
0.05775693
-0.19575840
0.01131337
-0.03555456
-0.21438926
0.05452589
-0.14973097
0.00706620
-0.01478875
-0.19069085
0.03160501
-0.10749064
-0.13115095
-0.01549992
-0.02268982
-0.02988157
-0.29951793
-0.02866893
0.03227326
-0.03883770
-0.15891981
0.08453287
-0.00925962
0.10176494
-0.13877521
-0.05215592
0.00895759
-0.12713826
-0.24804607
-0.05312328
-0.00357536
-0.02499329
0.06058492
-0.00406887
-0.00420296
0.08127238
-0.07678506
0.02272946
-0.16983423
-0.10823540
-0.07023079
0.02028746
-0.13854079
-0.02390319
-0.22914079
-0.04299086
-0.02473508
-0.09005638
-0.18042643
-0.04396648
-0.00331864
0.11006104
0.13020416
0.00613969
0.07100391
0.06397009
-0.20885952
-0.06105965
-0.18020761
0.06334688
-0.00590082
-0.10322480
0.04009602
-0.04613325
-0.17241000
-0.09168160
-0.05992395
-0.09213490
-0.23194091
-0.00002178
-0.00543553
-0.11504561
-0.06294001
0.04885849
0.03938743
0.00190787
-0.11697145
-0.30222222
-0.00276975
0.25154296
0.06820504
0.04571776
0.07016264
-0.09306487
0.12215681
0.13066381
0.10191812
-0.19301875
0.28139761
-0.14357014
-0.06897859
-0.16644289
-0.17321080
0.05076080
-0.18818721
0.01946181
0.04978611
-0.11382627
0.02771317
-0.08885167
0.11250456
0.15153638
-0.18803653
0.08503172
0.07579020
-0.04906147
-0.04202599
0.31368616
0.08345507
0.03602485
0.15365502
-0.15752886
-0.12546551
-0.01528961
-0.08962373
-0.09862594
-0.01847445
-0.19048962
-0.16473176
-0.08093235
-0.15802386
0.06036113
0.21577954
0.27087960
-0.01137980
-0.00974837
-0.04757306
-0.13526759
0.11997283
0.00739527
0.05129508
-0.05084856
0.03551470
0.03155776
-0.01548899
-0.00985790
0.06869235
0.05633372
0.03168341
0.00168355
-0.04067652
-0.03509104
-0.07045794
-0.13393486
0.05700751
0.00498998
0.06586777
-0.04558773
0.01530038
0.03576963
0.08325625
0.11008565
-0.08407802
-0.01467278
0.04680598
-0.13314782
-0.06394543
0.06381325
-0.01872994
-0.14175794
-0.06073178
-0.03467369
0.08918735
-0.14817293
0.06383392
0.13315462
0.02638463
-0.11489468
0.12675230
-0.03353311
-0.00593978
0.00816555
0.10660540
-0.04529869
-0.02916692
-0.12255859
-0.05334050
-0.08886686
-0.04732026
0.00382498
-0.02481695
0.04236839
0.05639393
0.01844076
-0.04371997
-0.05216341
0.00411865
0.05407727
0.11042224
0.05786670
0.11560700
0.01267663
0.07977699
0.01494936
-0.07842582
0.13895717
-0.11298730
0.09642870
0.00193330
0.00418168
0.08966310
-0.00190171
-0.09373316
0.01175240
0.04285342
0.03946501
0.01140444
-0.16917734
0.06079511
-0.14780547
0.19343266
-0.06942103
-0.07450460
0.07499137
0.00019428
0.07458384
-0.07849254
-0.03021002
-0.02096877
-0.08910586
-0.06399987
0.02872625
-0.01306389
0.02056468
-0.04986499
-0.06832705
0.08452646
-0.12731415
0.06686836
-0.00413170
0.02950512
0.00591636
0.01856676
-0.11346586
0.11755209
-0.04621723
0.06848983
-0.13318041
-0.11165064
-0.14528522
-0.03235882
-0.01863213
0.06106455
-0.00850472
0.01418443
0.07391331
0.04940422
0.03153211
-0.04138338
-0.11486119
0.00924482
-0.04436769
0.03819837
-0.03064661
0.02274374
0.07269421
-0.03769715
0.00375436
-0.01000339
0.09721002
0.00740601
0.01077387
0.07544019
0.08605015
-0.02290050
-0.01215272
-0.02241373
0.08050129
0.05900913
-0.06642828
-0.06121508
-0.10838950
0.02037509
-0.01820624
0.15595758
0.01025449
-0.00400995
0.03329985
-0.07253491
0.00165656
-0.02163125
-0.00976250
-0.09719092
0.01073207
-0.01177949
0.09956144
0.05183642
-0.15221557
0.06136781
-0.09551407
-0.04133168
-0.08068377
0.09110250
-0.06317611
-0.01619850
-0.07851967
0.08534364
-0.02380253
0.08203329
0.06454787
0.05318879
-0.11818616
-0.04694049
0.07505023
0.00588217
0.03126179
0.07111997
0.04985206
0.01509110
0.08794251
0.07561917
0.08831076
-0.01116257
-0.00775738
0.07644478
0.06112641
0.01139481
-0.00326444
-0.01308167
-0.01780701
0.03301817
0.06047280
-0.11285671
0.03855379
0.06689018
-0.03332481
-0.02454595
-0.00342557
-0.00669986
-0.00254720
0.06175504
-0.02301559
-0.00743127
0.01307289
-0.03224290
-0.11700609
-0.02430862
-0.09848840
0.04649531
-0.04211123
-0.05849140
0.00150968
-0.08672350
0.01241886
-0.04503041
0.10162059
-0.04352696
-0.02833229
-0.07966831
0.00689704
0.08177988
-0.10853362
0.00334922
0.01998456
0.07797287
0.04568068
0.05033610
0.01072715
0.08991017
0.03875550
-0.04468092
0.00585184
0.10680313
-0.05416013
0.08667009
-0.10462963
-0.10631610
-0.04541045
0.03479262
0.06095619
-0.07575834
0.09018303
0.01716370
0.06729607
0.11534901
0.04238763
-0.03452318
-0.08444996
0.08341943
-0.03820205
-0.00064609
0.09220111
0.07030120
0.06589063
0.00247107
-0.05745348
-0.07937437
0.03998248
0.01197949
0.00787623
-0.09881113
-0.01172071
0.03165783
0.07165761
-0.04462219
-0.01926979
0.01949444
0.09084664
-0.09071673
-0.13180006
-0.04897444
-0.09633549
0.11225913
-0.00677536
0.04129710
-0.00689171
0.06780285
0.05507020
-0.10581940
-0.04332953
-0.03562249
0.06426948
-0.08293320
-0.05271993
0.05547090
-0.04391319
-0.08300644
0.04650292
0.04624288
-0.01352677
0.04274645
0.01449767
0.06288542
-0.04025160
-0.02388470
0.00574714
0.02563839
-0.13445041
0.01876344
-0.07630110
-0.06018062
-0.00386951
-0.01818818
0.06838729
-0.01214273
0.03506020
-0.06346981
-0.05310508
-0.01053208
0.00697080
-0.03765684
-0.09666499
0.08990178
-0.00440575
0.11723216
0.12370402
0.09739244
-0.01869985
0.11329845
0.05703093
-0.09912436
0.05086010
-0.02707845
0.07293661
-0.07383205
0.05481213
-0.00283112
0.06987315
0.05445866
0.11467148
-0.02963381
0.05199962
0.01640524
-0.15190718
0.05887603
-0.09003776
0.03682913
-0.03448887
0.00515448
0.04757188
-0.05593031
0.08770105
-0.02839524
-0.04379824
0.05523983
0.02915360
-0.07404457
0.00042038
-0.06326841
-0.08375879
0.07060706
-0.04366361
-0.05606286
-0.02965869
0.12291398
0.02695402
-0.04027000
-0.09803820
-0.03150954
-0.02813545
0.02082908
-0.10445578
0.02985064
-0.08705366
-0.08000351
0.03237859
-0.10461847
-0.07085258
-0.08046624
0.01124731
0.00078248
-0.05688085
0.11696340
0.07302827
0.03125064
-0.00767648
-0.04191323
0.02184154
0.02458422
0.10339563
-0.02331717
-0.05397006
-0.01198657
-0.09247839
-0.12406101
0.03937638
0.03065821
0.03291034
-0.08743765
0.01207930
-0.03124042
-0.01730718
-0.00845824
-0.02740289
-0.02994077
-0.00531431
0.00511894
-0.22432360
-0.00767293
-0.04541511
0.17186798
0.06832421
-0.01932308
-0.04213794
0.02797274
0.00341896
-0.02941195
0.10296844
-0.05973056
0.04916897
-0.08599381
0.04877762
-0.00083663
0.00899158
-0.08052599
0.02736984
-0.02381658
-0.10494392
0.08578130
-0.09096951
0.01348876
-0.07142634
0.03441316
0.06692965
0.05771746
-0.15121484
0.01075348
-0.19607624
-0.05056646
-0.05464531
0.04500932
0.05781823
0.07304318
-0.00646040
-0.08916445
-0.00314070
0.11681604
0.04109360
0.07146364
-0.07827124
0.04855985
0.02745138
0.11994436
0.07621503
-0.01915082
-0.03056261
0.03194783
-0.00625068
0.06407098
0.19681433
-0.03690471
-0.16580728
0.04552173
-0.06408899
-0.10513647
-0.02503895
-0.12728034
-0.02951842
0.11075890
-0.06627877
0.08201051
-0.18444914
0.00008969
-0.04087499
0.17166349
-0.04973478
-0.01229818
-0.05631236
-0.01052636
0.08817277
-0.08987736
-0.10172947
-0.02996388
0.00034138
-0.00291019
0.05861983
-0.00565055
-0.11074214
-0.09044097
0.02246320
0.01887310
0.04761567
-0.13995628
-0.11287648
0.19034725
0.03774543
-0.11991045
-0.00759221
0.17503609
-0.10457101
0.09784368
-0.19267565
0.02187218
0.03767090
-0.01154083
0.00921798
0.02168893
-0.10035161
-0.05711609
-0.02233499
-0.07532191
-0.06241133
-0.07156842
-0.12229508
0.01948527
0.04225833
-0.01742596
-0.09272075
-0.16704206
0.06233817
0.10841196
-0.02533519
-0.02925645
0.08056418
-0.09979832
0.10985532
-0.07262780
0.02641303
0.01085248
0.01202960
0.03166775
0.02584036
-0.01662690
0.04948622
-0.00464116
-0.09353424
0.07768653
-0.05317611
0.07269645
0.07260209
-0.01010724
-0.05279881
-0.00697880
0.03675290
-0.01976789
0.07546144
0.02339519
-0.05716518
0.04240089
-0.00681639
0.03469801
0.08557469
-0.02090752
-0.07289972
0.02854764
-0.13690841
0.12602730
0.04262974
0.02028240
-0.14124185
-0.09337880
0.00785654
0.13102008
-0.10816445
0.03826508
-0.15273584
0.08494283
0.02077117
0.01802824
0.09906451
-0.00687819
0.05781900
0.05902658
0.03789717
0.08553477
0.03620310
0.05613958
-0.12172236
0.09837772
-0.03228027
0.15433407
0.08750939
0.05102968
0.06630746
-0.07134483
0.16032448
-0.00721424
0.08315233
0.17233129
-0.18699291
0.06752000
-0.16710761
0.01839756
0.01865972
-0.17459510
0.00027378
-0.28354737
-0.17126571
-0.02553305
0.07549720
-0.02251875
-0.10521320
-0.05681990
-0.05188361
0.20357393
-0.09627849
-0.01021271
-0.14612143
0.22510967
0.03062016
-0.11769482
0.27556303
0.15217756
-0.11650280
0.09791300
0.08284096
-0.04902235
0.12854844
0.09514227
-0.02735460
0.08034392
-0.05327681
-0.03461960
-0.36299294
-0.01054805
0.11134078
-0.09293313
0.08401465
-0.10797907
-0.03880235
0.13394266
0.19438682
0.23386647
-0.01307641
-0.04701678
-0.17896804
0.14646034
-0.03932057
-0.25861704
-0.11700965
0.08302935
-0.01434008
-0.07834399
-0.05074622
0.03586899
0.11884572
-0.19646247
-0.25989690
-0.00678908
-0.07057665
-0.03169494
0.00359924
0.11498326
-0.08300402
-0.01592835
0.07162985
-0.11330679
0.14998131
0.09644460
-0.01984712
0.09430461
-0.04409607
-0.04502606
-0.04659821
0.07637078
-0.13851380
-0.02955885
0.06065190
0.16708143
-0.05104393
0.04278902
-0.06482346
0.00882408
0.02190278
-0.04912430
0.08585307
-0.04432471
0.06522586
0.03378165
0.01582928
-0.11955998
0.02160113
-0.12013426
0.00854263
-0.04473779
-0.01857571
0.00188107
-0.15921746
-0.10611811
0.07861859
-0.04729961
-0.05223999
0.01787714
-0.14276645
-0.00664930
0.13591449
0.08885773
0.02450834
0.06035952
-0.08989304
-0.01748379
-0.03815810
-0.03704168
-0.02623929
0.05816740
-0.00561379
-0.02909748
-0.14876701
0.06116106
-0.02979451
-0.08889986
-0.15556045
0.02663830
-0.15080792
-0.02561839
0.11957696
-0.12718187
-0.07976860
0.12719841
-0.08696157
-0.14311448
-0.08338960
0.03487546
-0.05884340
0.04135583
0.06239119
0.02212759
0.07102028
0.10347609
-0.07086437
0.17497911
-0.04669160
-0.07390387
0.02545823
0.04506827
0.07934688
-0.09433477
-0.12361791
0.04006750
0.04984862
-0.00770676
-0.04491792
-0.02735280
-0.20831284
-0.08714338
-0.01794306
-0.04146412
0.00250472
-0.02032037
0.00392230
0.04253619
-0.02831566
0.01537764
0.00438623
0.03739143
0.09987183
0.11170448
-0.06027382
0.04053242
0.01094813
-0.08556628
-0.01792784
-0.08080753
0.02175377
-0.07143751
-0.09164932
-0.06982582
0.01659246
0.06217136
-0.08170275
0.07961091
0.13052471
0.03738824
0.08281008
0.04918822
0.13714491
0.03240122
-0.20800337
-0.02372848
0.10632154
-0.00183362
0.03077994
0.15217210
-0.05765479
-0.20685962
-0.05951825
-0.12169042
-0.08708359
0.14218158
-0.00859118
-0.01906665
-0.24482483
-0.03768424
0.11823696
0.19303913
-0.04342437
-0.09787340
-0.05295131
-0.07585902
0.09307830
-0.10394705
-0.03121198
-0.22067022
0.04056518
-0.06373700
-0.05896219
-0.09715053
-0.05127011
-0.05285313
-0.14454138
-0.09083978
0.00877372
-0.30775437
-0.13349617
0.10596955
0.07348253
-0.06619538
-0.06984425
-0.01406730
-0.13424867
-0.11170243
-0.09286307
-0.05903921
-0.01950656
0.00547570
-0.02473162
-0.06052309
0.02719857
-0.20596448
-0.03043322
-0.04210788
0.01990608
-0.04807756
-0.05139623
-0.03580950
-0.02846006
-0.08778835
-0.18890542
-0.17056343
0.04827965
0.08527848
-0.03304207
-0.06828618
-0.02548476
0.09337000
-0.03880718
0.08592302
-0.06058893
-0.03812537
0.11343906
0.02254951
0.02660769
-0.12353135
0.02679088
-0.11842858
-0.09153925
0.06343643
-0.11473668
-0.03301910
-0.04712835
0.02310769
0.01626759
0.03422827
0.02127546
-0.05756983
0.11361589
-0.14331168
0.09725381
-0.01481377
0.00611798
0.05105791
-0.04483004
0.03396996
0.02294597
-0.01716845
-0.14574054
0.05811707
0.00071782
-0.02630359
-0.20258921
-0.10621709
0.02563332
-0.07958934
-0.15643778
-0.00887253
-0.12237896
0.14958385
0.12393013
0.07218446
-0.05600210
-0.04575289
-0.10244451
-0.09116455
-0.00398343
0.02525987
-0.01758579
-0.01915073
-0.04092868
0.04288407
-0.16341370
0.08141922
0.07610740
-0.12184305
-0.07410709
-0.18780828
0.16953999
-0.05560798
0.07529710
0.18957770
-0.19028418
-0.06571481
-0.05221725
0.07446960
0.07939116
-0.10663588
-0.05569832
-0.12976217
0.03933485
0.04887806
0.18898584
0.16137823
-0.00305620
-0.12178396
0.02225039
0.20267114
-0.17495501
-0.10802491
-0.10037831
0.22544275
0.14671887
-0.02418774
-0.02826531
0.14684096
-0.04542492
0.00287687
0.15702431
-0.10985021
-0.01953708
0.05605446
-0.02902385
0.00017829
-0.06934629
0.03307151
-0.11975464
0.02716188
-0.06229655
0.07465107
0.09506624
0.02146769
0.09811614
0.33875316
0.07653102
0.11177491
0.02423627
-0.09658283
-0.12152649
0.08593592
-0.20826392
-0.09669648
-0.02095416
-0.03157230
-0.04008712
0.08329833
-0.16186924
0.06962214
0.15725562
-0.26404154
-0.07864353
0.07400852
-0.09634620
-0.05441668
0.13427185
-0.00229539
-0.06263906
0.00806085
0.03810072
-0.14710711
0.02899576
-0.01243996
0.01247626
0.03480847
-0.07082823
-0.04293121
-0.10292186
-0.01057572
-0.08046922
0.12962261
0.01212676
-0.01312501
0.03237680
-0.03496715
0.11329900
-0.08031014
-0.07045488
-0.01705621
0.05092759
-0.01713475
0.06460629
-0.03276101
-0.08982264
-0.05697653
-0.02228351
-0.03587888
0.04273712
0.04921835
-0.07438130
0.14151460
-0.05680693
-0.03328942
0.07003180
0.09022764
-0.00443979
0.00414614
-0.11723447
-0.02728759
-0.05167029
0.04534966
-0.01447392
-0.04394362
0.07580123
-0.01346997
-0.04205476
0.06363060
-0.05601212
-0.02711312
-0.11399665
0.09362048
0.10132384
0.08238963
-0.04317141
0.07137062
0.12485407
0.08752869
-0.06608720
-0.12847726
0.07407545
0.01908920
0.10214660
-0.08865003
0.01436279
-0.01586841
0.18141586
0.07068683
-0.04864636
-0.06885677
-0.01245695
-0.08570215
-0.15371530
-0.06712720
-0.11626872
0.15576561
0.08098390
0.00421511
0.03934982
0.03343137
0.08278617
-0.05314181
0.08881313
-0.00308351
-0.01130453
-0.10078825
0.03369780
-0.01771129
0.04276853
-0.17667493
0.09172945
0.01348973
-0.09253175
-0.01712590
0.01888152
0.08639700
-0.07482813
-0.13519447
-0.02215636
-0.08864932
-0.04662735
-0.07936116
-0.24997385
-0.08187604
-0.00709710
-0.11346054
-0.04039657
0.03945287
-0.00062419
-0.03131310
0.08163749
-0.00131087
0.10160390
-0.12463313
-0.07884356
0.01404626
-0.06966876
-0.00056651
-0.19282910
0.11180416
-0.13547948
-0.10711258
-0.19146229
-0.03764010
0.07505129
-0.10657429
0.03711186
0.00541276
-0.00439149
0.05336831
-0.07020123
-0.07876649
0.06513479
-0.06246962
0.10998788
0.05989466
-0.09826683
0.01724153
-0.07278624
-0.01290674
0.03663915
0.01664954
-0.07221261
-0.03598853
-0.03754653
-0.07423071
-0.19695783
0.07261095
-0.07819454
0.09374230
0.01265438
-0.03490304
-0.07391726
0.04627378
-0.07794432
0.02470205
-0.06607974
0.01830106
-0.04797029
-0.03761970
-0.07707201
0.08663682
-0.02543630
0.14758459
0.04024740
0.09744287
0.02283386
-0.00395897
-0.01568942
0.02296605
-0.01612237
-0.07454045
0.01523613
0.02475101
-0.00517962
0.04533863
-0.01036776
-0.04303959
-0.06058639
0.13971740
0.01834603
0.02907467
0.08511353
0.06699947
0.18388417
-0.01567886
-0.12544005
0.04310216
0.05298150
-0.10330067
-0.06068422
0.11336199
-0.01920688
0.15379529
-0.22476096
-0.09260288
-0.01507078
-0.09019402
0.04051333
0.09602035
-0.12537567
-0.00124095
-0.07175827
-0.00033054
-0.05255244
-0.06654745
0.03745990
-0.10849761
0.15115701
-0.09383667
-0.17929733
-0.01604464
-0.10396826
-0.02208388
0.10736596
-0.03204813
-0.02450762
-0.07828018
-0.01750539
0.03640834
-0.08769903
-0.05712498
-0.06864512
-0.01108157
-0.08970728
0.11660051
0.05241281
0.16817322
0.02140980
0.02377190
0.09305865
0.01735345
-0.06435632
0.01653649
0.04523237
-0.04672811
0.07884324
-0.03320386
-0.02967522
0.08278979
-0.09797065
-0.04745263
-0.13975121
0.14015318
0.06997398
0.02606050
-0.04631083
0.01349073
0.20056053
-0.05620125
-0.05738102
-0.03609189
-0.05464699
0.04419790
-0.02136495
0.03789164
0.00500030
0.09317540
0.03321464
-0.00986292
0.06179559
-0.10398655
0.07259580
-0.07248942
0.00423938
0.01308460
0.01841718
-0.10795253
0.00257118
0.15273422
-0.02259655
0.07193084
-0.06194321
-0.10455144
0.07982302
0.08030086
-0.01068725
0.05941609
0.04509734
0.13306968
0.09933314
-0.01479118
0.04024437
0.01414709
-0.16490623
0.08672483
0.07600228
0.07853014
-0.09364302
-0.03922069
-0.10120120
-0.07295257
-0.05638359
0.09977839
-0.20587850
0.04434389
-0.04389912
-0.03053586
0.00956319
-0.05953057
0.09812465
0.06279459
-0.06280082
-0.05848025
0.07183398
0.00598817
-0.09372089
0.10905629
-0.10601135
0.14724316
0.03555132
0.05865142
0.12166264
0.14781857
-0.09644011
-0.01633838
0.21840757
-0.17161797
-0.02594324
0.04536404
0.00077703
0.11709382
-0.06111395
-0.13124731
-0.03582972
-0.03151633
-0.00599947
-0.02873953
-0.22947063
0.06243845
-0.09050312
0.18012789
-0.03207959
-0.02826524
-0.04287004
-0.08630528
0.10325945
-0.22734569
-0.11003954
0.11536076
-0.11971303
-0.20081750
-0.07660589
0.02782885
-0.02692238
0.01042219
0.02840927
0.05101370
-0.04551968
-0.13025571
-0.01594645
0.09091394
0.03560004
0.02448816
0.02631461
0.20632860
-0.12480591
-0.05625292
-0.07866102
-0.11874381
-0.04803501
-0.03479303
-0.01215205
-0.07747927
0.10975476
0.21049127
-0.02683685
0.02722893
-0.09767483
-0.07720444
-0.15591121
0.09245265
0.07962823
-0.07491245
-0.01710127
-0.01388163
0.09492344
-0.09237098
0.03763669
-0.01882297
-0.15148714
0.10992858
-0.01646123
-0.01289701
0.04920266
0.07426859
0.06043343
-0.07772595
0.00898311
-0.13805534
0.10489145
-0.04260736
0.32323110
-0.01563224
-0.04166064
-0.15011843
0.03887883
0.25264862
-0.03188021
-0.09015145
0.01759739
0.06645194
0.19024216
-0.05384582
0.07829861
0.03653990
0.02621386
0.00889285
0.10049826
0.09056836
0.06766343
-0.04897989
-0.12137556
-0.00724067
0.01002883
-0.02808836
-0.14646508
0.01496665
-0.08802340
-0.17795303
0.01441469
0.03687100
-0.21349974
0.18417218
0.11854938
0.06941995
-0.04641728
0.03778408
-0.04024253
-0.00486111
-0.04204898
-0.08641994
0.07644589
-0.09522795
-0.12648124
-0.11511873
-0.18243527
0.18218039
0.15637752
-0.00158769
0.02128932
-0.11523186
-0.05284345
0.11681693
-0.14958362
-0.19754265
0.01221244
0.16773890
-0.17321476
-0.05191065
-0.06090267
0.13473624
0.02438556
0.03330046
-0.06660645
-0.12568974
-0.25932178
0.01569456
-0.01454079
-0.05564180
0.07417244
0.07878470
0.09709726
0.03796490
-0.14103121
0.05018962
-0.28307468
-0.04388070
-0.05007179
-0.06028453
0.08015439
-0.20919886
-0.00606684
-0.07276415
0.04962027
0.07563784
-0.08837703
0.10623322
0.06998949
-0.03857002
-0.19536537
-0.02396625
-0.12582809
-0.10243250
0.06361897
0.09237662
0.04498532
-0.10934761
-0.11753455
-0.05757107
-0.18099257
0.06194263
-0.09101736
-0.13160782
-0.10857549
-0.10080349
0.12717350
-0.07674662
0.03436222
0.12613806
0.12385359
0.05112042
0.00176468
-0.07325364
-0.00757247
-0.17299153
-0.05700383
0.00369758
-0.14286980
-0.12435277
0.00403878
0.07580162
-0.05632363
0.03799169
0.02705976
0.06470259
0.05128955
-0.02186637
0.02228495
-0.06853359
-0.11140813
0.10579611
0.12598699
-0.06080443
-0.03323532
0.00993193
0.09498210
0.11938027
-0.22154379
-0.07715090
-0.22093496
0.00250979
0.03639759
0.01942004
0.00839206
-0.06913516
-0.08754249
0.00966459
0.06036119
0.06433515
-0.16942760
0.09999167
0.13819733
0.01643740
-0.13135618
-0.01015448
-0.05345741
0.00050883
-0.03746095
0.09633592
0.03682771
-0.04686248
-0.15131959
0.00606770
-0.21832533
0.06163681
0.08480505
-0.02659245
-0.05673769
-0.14808410
0.00490250
0.06450207
0.10370003
0.01999942
0.08583750
0.01189426
0.08088613
-0.08226448
0.07194696
0.07228687
-0.04373961
0.00681657
0.10228038
-0.20013936
0.03215562
-0.05012243
0.02990214
0.17162630
-0.04084140
0.00448842
0.02973898
-0.10300513
0.04042215
-0.08489599
-0.17947266
0.09431454
0.04617438
-0.00048643
0.01802061
0.11849597
0.03796763
-0.03099798
-0.02018517
-0.05520917
0.01779709
0.09687738
0.00571615
-0.13633801
0.02387178
0.03757906
-0.13253720
0.02270530
0.08582174
0.15504719
-0.12928928
-0.03314091
0.00957965
0.07327566
-0.06078279
-0.00415763
0.02865942
0.11681608
-0.09954768
0.13270523
-0.09145359
0.06166700
-0.00619946
-0.15467598
-0.05013374
0.02704846
0.10511334
0.12750308
0.01057607
0.08259442
0.01705924
0.01061299
-0.03865196
-0.00320942
0.01301899
0.05835079
0.06806559
0.05271470
0.14600761
-0.07094550
0.01585166
-0.04093396
-0.16608667
0.05975691
0.01638515
-0.06026839
0.07565642
-0.12746792
0.10297296
-0.06279856
-0.00278244
0.03124062
0.08053556
-0.09336942
0.32317308
0.07900082
-0.08541509
-0.15150659
0.05335957
0.14397798
0.00701234
-0.04801251
0.01934543
0.12527663
0.18595308
-0.17940965
0.00228377
0.02665497
-0.05961968
0.08921006
0.03240852
0.01394935
0.05457421
0.00144136
-0.07154565
0.03602523
0.01460876
0.01313350
-0.08583209
-0.00602266
0.02421500
-0.23423502
0.12216083
0.08478334
-0.22804965
0.14047936
-0.00159105
0.06025210
-0.02237669
-0.01901685
-0.11979479
-0.11993339
-0.05182533
-0.17754327
0.15526715
-0.06294853
-0.10754175
-0.12110443
-0.08137417
0.13287590
0.10729123
-0.05300977
-0.01264594
0.06043421
0.06401858
-0.09412669
-0.19479044
0.15479062
-0.09785324
0.03976607
-0.01280480
-0.16073512
0.16804306
0.07427625
0.07647673
-0.08218344
-0.07159159
-0.07219654
0.18285552
0.06828159
-0.22610784
-0.18885639
-0.02617420
0.15443835
-0.06547202
-0.12899046
-0.01692664
0.00840116
0.16513832
-0.20831940
-0.00683211
0.02487072
0.09690007
-0.03470436
0.07858972
-0.18911697
-0.01239750
-0.08718223
-0.20086950
0.20972155
-0.03062754
-0.03462430
-0.09108766
-0.01988312
0.02044682
-0.31213745
0.14141157
-0.04398817
-0.24051042
0.24233927
-0.02039540
-0.01056210
-0.03554698
0.00508306
-0.11774120
-0.02322241
-0.01569152
-0.14741048
0.11205284
-0.12647825
-0.10357731
-0.10624778
-0.18773018
0.23262118
-0.05763199
0.00519390
-0.09900079
-0.06981979
-0.10144836
0.06062273
-0.09709660
-0.06178430
0.08310553
0.12596428
0.05300724
0.03858345
0.01095207
-0.12439115
-0.01962828
0.13164246
0.05282497
-0.09981689
0.07497451
0.02705056
0.10181847
-0.12406483
-0.05244675
0.10458311
0.02741401
0.03404771
-0.11131442
-0.16154474
0.11348703
-0.01535087
0.08282315
0.05894753
0.09905934
0.14022438
0.12269499
0.07404196
0.16664301
0.07752647
-0.08889387
0.01169298
0.08381718
-0.00577385
-0.16825989
-0.06875880
0.07999418
-0.16572104
0.03728909
0.17480218
-0.17868623
0.17100553
-0.04409069
0.02176943
-0.10276159
0.05062476
0.02580057
0.03069992
-0.04419161
-0.15808573
0.15927069
-0.05382314
0.04541558
0.09365535
-0.06787873
0.09063751
-0.01297285
-0.00429251
0.10360828
0.17894848
-0.10623419
-0.07753510
-0.01416637
0.05317745
0.00743617
-0.03278492
-0.09589183
0.07046923
0.02822248
0.02928190
-0.10154165
-0.08469406
-0.04802231
-0.02240353
-0.08275070
0.00939749
-0.12349851
0.02745071
0.07467847
0.04046572
0.07850304
-0.02321583
0.13402300
-0.02798245
-0.03685251
0.11121351
0.16818742
0.05453694
0.08845467
-0.08677336
0.02751965
-0.06010282
0.08494426
0.11714949
-0.06332438
-0.09298515
0.05188090
0.06813718
-0.08212441
-0.03875479
-0.01497550
0.05149118
-0.01745684
-0.01661820
0.05038165
-0.03136880
0.17773476
0.02203120
-0.01139080
0.07286934
0.07363214
0.00040428
-0.14300007
0.03429391
0.04285092
-0.04446338
-0.12726147
0.03806448
-0.00036478
-0.02664441
-0.07017555
-0.02808090
0.02553030
0.05111615
0.02329873
-0.04081251
0.07337360
-0.11350245
0.09433266
0.06274435
0.04621632
0.11890224
-0.03269104
0.07731101
0.07575556
0.04046407
0.04312966
-0.03031570
-0.08032736
-0.03361394
-0.07982365
0.00261623
0.00309089
-0.05258712
-0.02261136
-0.02994819
-0.00057872
0.04548323
-0.06594047
0.04986392
-0.07936955
0.01488459
0.00160514
-0.05226887
-0.08396790
0.04648798
0.01878062
0.07564974
-0.08801109
0.16439562
-0.03875699
-0.04179470
-0.03166849
0.07507111
0.05668102
0.06690745
-0.09186290
-0.02074469
-0.08963254
-0.11319625
-0.12563986
-0.03067394
-0.09373482
-0.06601705
0.08703695
0.06049596
-0.04587374
0.02948392
0.05499683
0.10148836
-0.07051682
0.05475226
0.07912807
0.01305155
-0.00114861
-0.00996521
0.02782678
-0.22609417
-0.16597204
0.01754547
-0.21613884
-0.29190049
0.04208724
0.10064973
-0.09015488
-0.04504633
-0.30508712
-0.03346719
-0.17420118
0.12593432
-0.18482754
-0.02424218
-0.12991622
-0.15272342
0.14056434
-0.01882995
0.03946332
-0.16272524
-0.06495020
-0.02602465
-0.09689116
-0.20378643
-0.08673792
-0.11755969
0.09177534
-0.03168339
-0.04513776
-0.23450755
-0.03065145
0.00955803
-0.09440283
-0.11780048
-0.06533305
-0.24304000
-0.06985351
-0.11587548
-0.05610723
-0.05826651
0.07569075
-0.03329803
-0.02512008
-0.20156592
-0.00553546
-0.00560346
-0.04184903
-0.09320924
-0.20194179
-0.02350673
0.02780563
-0.13309549
-0.13797002
-0.01579166
-0.11264734
-0.28093854
0.03300039
-0.06066203
-0.00200694
-0.21852586
-0.23729421
-0.10960440
-0.13478367
-0.25747198
-0.22863416
0.11481151
0.12995510
-0.05544977
-0.23172106
0.07759508
-0.11779729
-0.02684352
-0.11368878
-0.08632687
0.05706316
-0.01741164
0.01565613
0.06026401
0.23159178
-0.01735488
-0.09538545
0.14065398
-0.06678441
-0.07519741
-0.07699054
-0.06193996
-0.16482723
0.06653912
-0.18397687
-0.27038714
-0.00411919
0.00001027
0.05886805
-0.11216878
-0.05982136
-0.09692988
-0.01452418
0.06588478
0.02942533
0.16483872
0.02564684
-0.01857154
-0.02975369
0.02418697
-0.00187476
0.16770577
0.25911477
0.12139603
0.10681981
0.13875197
0.01631702
-0.06298243
0.01349192
-0.01898735
-0.29600990
-0.11893694
-0.22277349
-0.16553231
0.04005992
0.00566228
-0.10144820
0.25296199
0.07630274
0.04129973
0.06925047
-0.24751934
0.06399832
-0.11354686
-0.05251817
-0.04094578
-0.08168393
-0.06444386
0.05487575
0.13790058
-0.12753853
0.07999041
-0.05536288
0.07614596
0.04746015
-0.04388706
-0.05586730
-0.08530154
-0.13760991
-0.01596268
0.13004109
0.00690988
-0.00410411
0.00011746
0.08806241
0.04391255
-0.15406738
-0.05461518
-0.21212825
-0.00259340
-0.07679953
0.03567633
-0.01577700
-0.14596967
-0.14129902
-0.00720065
0.01777466
0.01103734
-0.16253221
0.15883873
-0.04145734
0.00268567
-0.16330229
0.08410090
0.02847144
-0.04521279
-0.08886733
0.10155340
-0.08019187
-0.01437747
-0.15372422
0.05070813
-0.19355993
-0.07205901
0.02700713
0.03115786
0.03943479
0.00718146
-0.04979109
0.06632348
0.08918746
0.02245867
0.07093439
0.00608443
-0.02358952
0.07643963
0.03385092
-0.14186060
0.06008220
-0.01497914
0.02965196
-0.14697777
0.01303394
-0.07989567
0.00159004
0.13870624
-0.02996078
-0.00681081
-0.02774261
-0.02688216
-0.01687085
-0.05526628
-0.05638819
-0.05508465
0.16538142
-0.10387671
-0.01854494
0.06438547
-0.00175610
0.05957076
0.00103097
-0.05215472
-0.09258149
0.06781172
0.11640603
0.03724206
0.01191049
0.01248298
-0.03689732
0.07977080
0.02297342
0.02525468
-0.08907571
0.01102956
-0.01159668
-0.03199433
-0.08691052
-0.03093939
0.01824955
-0.01307989
-0.00667467
-0.00829340
-0.07609466
-0.08040102
-0.16179892
0.05824995
-0.11696939
-0.04285333
0.01145209
0.09631561
0.07024801
-0.00210649
-0.07711955
0.07685354
-0.01775363
-0.02693952
-0.04062955
0.00479521
0.13851213
-0.04180167
0.09142358
0.03287846
-0.03652312
-0.07852854
0.10004128
-0.07363689
0.03772087
-0.06160771
0.03266469
0.08627070
-0.02183679
0.07271462
0.04306705
-0.04496972
0.01308572
-0.06583754
-0.19861363
0.04504826
-0.05747376
-0.01551874
0.02134421
-0.05016514
0.00124101
-0.02201669
0.00845789
-0.12036321
-0.12452284
-0.01589978
-0.12512010
0.05128168
-0.05557080
-0.08303542
-0.11694179
0.06707178
-0.04806804
0.00511353
-0.04597190
0.11852708
-0.03975447
-0.08036510
0.01549629
0.00012590
-0.10823134
0.03646214
0.03839547
0.03542743
-0.11833449
-0.14495297
-0.14220889
-0.11992764
-0.05155858
-0.05689739
-0.01395963
-0.03219196
0.03135108
0.12213997
0.05031973
0.08817460
-0.02221838
-0.00922291
0.11847480
0.09028895
-0.04451439
0.10527920
0.00212099
-0.03265421
0.04815413
-0.10304809
0.04939176
0.01460070
0.11665275
-0.08827247
-0.01966855
0.12497465
0.03256143
-0.04343527
0.06540029
0.00540944
0.09992486
-0.07344870
-0.11051303
0.08634285
0.02980084
-0.01720867
-0.00416628
0.02677045
-0.04161101
0.01869188
-0.00857397
-0.06756307
-0.08905059
-0.04301665
-0.00427431
-0.07163385
-0.00727665
0.08559377
-0.03712849
0.01257013
0.01398243
0.04433540
-0.08937441
0.16872773
-0.02939011
0.06771160
-0.12363580
-0.05409238
-0.06804445
-0.02701194
0.00655493
0.07747302
-0.05896090
-0.00140423
-0.03686895
-0.06995112
-0.12907553
-0.02923975
0.11173767
0.06796827
0.08956134
0.04316176
0.06502421
-0.03262546
0.01074273
0.11019533
0.03593759
0.09342571
0.09434592
0.00318123
-0.00133488
-0.07478851
-0.03627978
-0.00038557
0.06645899
-0.02409799
0.01447369
0.00836905
0.05685946
0.03200978
0.05355541
0.00442307
-0.03794381
0.03934995
0.09451767
-0.02843679
-0.13731793
-0.02761594
0.01052656
-0.09559633
-0.07866491
0.00300336
0.04926448
-0.01296996
0.02461466
-0.13579409
-0.10246067
0.11355518
-0.01531754
-0.00587082
0.01629016
-0.04395523
-0.02452291
0.08351082
0.01859130
-0.01534535
0.01196159
0.03653836
0.04770635
0.03213297
-0.02825304
-0.05449406
-0.00974073
0.04693525
-0.07556085
0.03195113
-0.03568114
-0.03322269
-0.09697919
0.00146477
-0.06805752
-0.02466926
0.11583281
0.09350882
0.04184939
0.01139971
0.01433610
-0.01169075
-0.05305333
0.04743234
-0.02233224
0.11989421
-0.03017245
0.08199973
0.05540366
0.03417449
-0.04669956
0.02345352
-0.06995746
-0.07950591
0.12577166
-0.03192410
-0.00168997
0.03268458
-0.10759673
0.02907321
-0.04060561
-0.04094315
-0.02487424
-0.03236092
-0.06591403
0.05884950
0.12949750
-0.06473722
-0.01422743
-0.01351593
-0.00308718
-0.01089548
-0.02328882
0.03739112
-0.01765383
0.08543388
0.03962067
-0.02635623
0.05357526
0.06026340
-0.03965390
0.03320574
0.04711044
0.01305293
-0.14801225
0.14904189
0.08208138
-0.08041328
-0.14642842
0.00554495
-0.06691027
0.03170893
-0.09018894
0.12061318
-0.12430767
-0.02287961
-0.14603107
0.02484014
-0.09343941
-0.00814117
0.09979176
-0.01220438
-0.05428103
0.08275914
-0.02843693
0.12017286
-0.00919079
0.01426538
-0.00327393
0.11386009
0.11821755
-0.04554367
0.02045823
-0.06384187
0.02548827
0.03050144
0.04503634
-0.07266910
0.16104081
0.04389004
0.09605018
0.10384135
-0.00213275
0.01595525
0.02463867
-0.05819593
0.10623044
-0.14821123
-0.09967869
0.00153253
-0.02401574
-0.00896210
-0.02151057
-0.00318458
-0.01127507
0.08297206
-0.02039193
-0.07380564
-0.09370518
0.10255431
-0.04331996
0.02398766
0.04680518
-0.00509195
-0.08077793
0.09131881
0.03343065
0.06657565
-0.03370671
0.11451655
0.03922193
0.08226591
-0.15228102
-0.05791093
-0.05472069
0.00808685
-0.05506752
-0.00017953
-0.16337951
-0.01940677
-0.09064715
0.01858697
-0.09871183
0.01853375
0.08008199
0.04215042
0.06343644
0.00641899
0.07552848
0.04080221
0.05742177
0.09583803
-0.03778328
0.14014632
0.03225628
0.06182626
-0.01962727
0.01625419
-0.07578687
-0.01798007
0.20810318
-0.05686761
-0.02746544
-0.02792802
0.07442258
0.10132124
-0.01601552
-0.12317668
0.06380589
-0.05052295
0.01376641
0.08816820
-0.24171618
0.02063943
-0.00973281
0.17395394
-0.08862749
0.02215712
0.04317493
-0.09683114
0.11754484
-0.12317789
0.04289596
0.04253870
0.02221986
-0.08179455
0.05367788
-0.04308065
-0.05193972
0.00946338
-0.03110001
0.07588536
-0.08070152
0.00290622
-0.06098597
0.04238744
-0.07391912
-0.02452861
0.04757464
0.10669909
-0.17612079
-0.05500599
-0.18071450
-0.08908265
0.04472351
-0.03732866
-0.01196734
0.04254350
0.10400289
0.16576147
-0.00292908
0.02549622
0.04059526
0.00429276
-0.00646701
-0.01194740
0.08881349
-0.00844656
0.01937477
0.00673688
0.16318004
-0.11573624
-0.03256629
-0.06119120
-0.05149234
-0.00376242
0.09917128
-0.05737640
-0.05941024
0.09346612
0.02125468
-0.01702014
-0.04849134
-0.01229656
0.14707495
-0.04409372
0.06413206
0.02029595
0.15613014
-0.12733141
-0.08663677
0.02218472
-0.01709938
0.07211257
-0.07902791
-0.02691841
0.07678989
0.03359801
-0.05573992
-0.02991741
0.06212313
0.12353507
0.04973716
-0.00761575
0.09843239
0.01639857
-0.03017817
0.10928985
-0.03772988
-0.01166114
-0.04559901
0.03635420
-0.06252891
0.04154173
-0.01772435
0.10781299
-0.08614990
-0.01279203
-0.06682041
-0.04221039
-0.10463545
-0.06788465
0.03133414
0.03669726
0.02469625
0.03297451
-0.01388843
0.09173252
0.01367125
-0.03195753
0.06646328
0.06944973
0.12307099
-0.04879887
0.06302861
0.08475751
0.04297554
-0.13843869
-0.30504331
0.18773317
-0.06484444
0.08875063
-0.10342229
-0.08387402
0.06406055
0.05407476
-0.11514041
-0.16404518
-0.11569413
-0.11998857
0.30131662
0.02538071
-0.24882856
-0.23641351
-0.09042993
0.27903476
0.00775650
-0.15861130
0.03097112
0.15446009
0.15476395
-0.13101304
0.19166699
-0.04357137
-0.09718665
0.16430233
0.11703995
-0.28261724
0.03611802
-0.06275356
-0.17423996
-0.03490878
0.04698909
0.05733969
-0.15441461
-0.08199916
-0.01987981
-0.27135846
0.26151520
0.04207033
-0.04937984
0.31109113
-0.03501988
0.05860635
-0.04936972
0.01111970
-0.10709619
0.03039376
-0.25382191
-0.10713910
0.16861691
-0.06604858
-0.18351704
-0.21989118
0.00673059
0.21509732
-0.11678636
-0.14850630
-0.05761423
0.06449927
0.01107663
0.02430248
-0.06048515
0.07322682
0.10193980
-0.03383759
-0.04723253
-0.20181698
0.18904713
0.12998648
-0.03669466
-0.06245269
-0.03812246
-0.08078900
0.02145942
0.08303128
0.02104260
0.04466388
-0.06835823
0.13979952
0.08689217
0.02139364
-0.01430728
-0.03973259
0.13973430
0.01815973
-0.08061907
-0.03059006
0.02035808
-0.00757202
-0.01436858
-0.01086212
-0.01785669
0.05304745
-0.12832126
0.14328748
0.08893633
0.04275560
-0.09367317
-0.01933846
-0.06702380
-0.08245707
-0.06193021
-0.07251085
-0.19430940
-0.06926277
-0.11121389
-0.09989914
0.05951312
0.07003465
0.02233613
0.00277458
0.08580104
0.02844369
0.02921506
-0.07737470
0.02965318
0.03695348
-0.03951345
0.12447296
-0.03764109
0.12129734
-0.02825368
0.09920249
-0.03386369
0.07404117
0.15850893
-0.04107998
0.00083962
-0.01655203
0.10834791
0.07168023
-0.08470824
-0.00602548
-0.03803576
-0.09777565
0.05265479
-0.02995677
-0.20208438
0.07794988
-0.05560663
0.10685951
0.03434592
0.02465533
0.02892623
-0.00947888
0.07720100
-0.06181389
-0.09352192
0.16452298
-0.03602635
-0.08706964
0.09452540
-0.10228693
-0.14730214
0.13788848
0.00980990
0.09545720
-0.07745193
0.03775126
-0.06896538
-0.07459378
-0.09356890
0.09630693
0.08885328
0.14331669
-0.02420578
0.09661212
-0.00664216
-0.02569647
0.01353374
-0.07287991
0.09754911
-0.08762918
0.08729528
0.08274966
0.06370902
0.01779306
-0.04802723
0.07554531
0.01776506
0.11524042
0.11498383
-0.04885393
0.05559873
-0.01439339
0.16999964
0.14513581
-0.03948703
-0.03338762
0.19314976
-0.01215694
0.06912527
-0.12925515
0.02328098
0.08353711
-0.02326037
-0.13580929
-0.01994266
-0.04367561
0.02559526
-0.07355291
-0.27678347
-0.03200409
-0.08858180
0.29652211
-0.07959281
-0.03532065
0.07526456
-0.06383400
0.18973656
-0.03208032
0.00746296
0.10126927
-0.00892172
-0.05188853
0.09115027
0.00560630
-0.02377704
0.01953004
-0.02691782
0.07188623
0.02650476
-0.06962562
-0.03008366
0.04657994
-0.07255803
-0.08334217
0.00098295
0.16815867
-0.13754246
-0.15699250
-0.21175756
-0.08055475
0.07591082
0.01822909
0.04923843
-0.05735742
0.11322192
0.07310429
0.08153560
0.14676870
0.05759490
-0.06409084
-0.06563070
0.00292316
0.04115409
-0.08769143
-0.09518845
0.06770247
0.05672532
-0.06981260
0.07241351
0.00753184
-0.02249957
0.09666789
-0.05659300
-0.02797204
-0.02516129
-0.03829040
0.10231829
-0.02728016
0.00656048
0.02638048
0.14216346
-0.13715254
0.15396622
0.06338624
0.06516971
-0.23822293
-0.04406296
0.09680200
0.08393881
0.06018795
0.00605249
0.03533008
0.05058347
-0.05153086
-0.02115180
0.01531728
-0.01494650
0.18549420
0.09110412
-0.05867070
0.10900340
0.10640465
-0.13089503
0.23267040
0.08523320
-0.01846141
-0.26182771
-0.01852034
-0.02554606
-0.05548457
0.09612106
0.12383532
-0.34826905
0.15833959
-0.01223662
0.01432999
-0.00229675
-0.00823575
0.01088130
0.06428128
0.06461307
0.04995606
0.13387011
-0.01908749
-0.01574492
0.09650002
-0.11359688
0.13879494
0.04297342
-0.00374242
0.01949968
-0.00559395
-0.09166731
-0.01397965
-0.13608520
0.18046547
-0.08657232
0.07058875
-0.03563772
0.08668839
0.06926278
-0.04139189
-0.06362166
0.04488956
0.09751473
-0.00417684
0.34955859
0.04852316
-0.10593953
-0.13348681
-0.00775334
0.16415077
-0.17790337
-0.07874732
-0.03332236
0.03247133
0.11928272
-0.08848631
-0.01692874
0.04778087
0.09710141
0.10798499
0.02976554
-0.00982225
0.03741892
-0.10780309
-0.06742064
0.09144163
0.13613969
0.00941126
-0.00954584
-0.06528482
0.05305984
-0.15450014
0.25093415
0.12433036
-0.12069152
0.30800721
-0.05972468
-0.03611884
0.06656500
0.01954393
-0.10025329
-0.07672452
-0.02724971
-0.13551766
0.04479068
-0.13867867
0.02156339
-0.06731987
0.00916581
0.22576246
0.07950032
-0.19624774
0.17188951
0.10218730
0.05124702
0.02920511
0.13478498
-0.09914842
0.13151608
0.02765672
0.01213770
0.04455681
-0.02370264
0.00623850
0.01431213
-0.05628516
0.04642040
-0.03865542
-0.19112128
-0.01321994
-0.04343915
0.02683195
-0.08808372
-0.06989903
0.11429327
-0.02539294
0.07734036
-0.11004110
-0.06115336
0.06694680
0.02529963
-0.05151199
0.04511876
0.08497128
-0.01532231
0.04936267
0.02163036
0.06326331
-0.03088273
0.06362469
-0.01833572
0.01594305
-0.10720087
-0.03231028
-0.09708574
0.15083987
-0.10470894
0.00615876
-0.15033945
-0.11580388
-0.13402748
-0.11826804
-0.09304060
0.03903599
0.03074615
0.02732508
0.05716105
0.10980957
-0.07435745
-0.04602598
-0.09044274
-0.03580565
0.06730566
0.04024861
0.02355130
0.08537685
0.07416458
