0.05779254
-0.20502605
-0.10741287
-0.04912961
0.08712258
0.11703444
0.27338526
-0.06097296
-0.01237449
0.00340308
0.02458952
-0.21261376
0.04177956
-0.14372081
-0.19947268
-0.11571187
0.13131748
-0.05907984
0.07252829
-0.08890486
0.05517413
-0.08647355
-0.11900333
0.19138859
-0.15486853
0.20472753
0.18394682
0.14585876
0.13643222
-0.09218409
-0.01926556
0.14603594
-0.03016783
0.09594849
-0.03197622
0.19168609
-0.13995579
-0.12828535
-0.07910764
-0.05934279
0.11874753
0.02846146
0.04570634
-0.08313971
-0.19136962
-0.00756697
0.04767083
-0.08536679
-0.06050080
0.10666114
0.02671766
-0.27032873
0.06497078
0.01184784
0.10091133
0.00990734
-0.00738915
-0.04483830
-0.09294980
0.19352581
-0.09740989
-0.10196828
0.07104665
0.03421174
-0.00235677
-0.01208015
-0.07495683
-0.07030772
0.02135764
0.07687292
-0.01193590
-0.03093082
0.07158054
0.02214495
0.05805803
0.07550570
-0.04174796
0.05523591
-0.01452983
-0.08229308
0.01276849
0.04298304
-0.03968172
0.10326844
-0.08295633
-0.11354002
0.06530274
-0.09478502
-0.02059060
0.06817462
0.03105708
-0.06352025
-0.12524989
0.11193458
-0.01993491
-0.09754495
-0.05957860
-0.02200155
0.06347409
-0.04608747
-0.03043279
0.03482584
0.10426190
-0.07003900
0.09431253
0.07277358
0.10973534
0.06140158
-0.09666692
-0.05818271
0.03193397
-0.00982436
0.13679470
0.00767952
-0.07294160
0.01767761
0.00180627
0.01388194
0.03905159
-0.01212388
0.01737422
-0.04730345
-0.04700518
-0.06977793
0.02866810
0.01028018
-0.08736843
0.06761792
0.02924504
0.00197538
-0.08442986
0.09129281
0.09406593
0.00909309
0.02346828
0.02687235
-0.00007504
-0.01224022
-0.08581446
-0.06116460
0.04130847
0.03883070
0.07953170
0.05135664
0.00645176
0.04030947
-0.10007275
0.02555693
0.08656207
-0.02107663
-0.04721013
0.00200482
0.04847277
-0.04862924
0.11577975
0.18162468
0.12230666
-0.08506820
-0.00529556
0.05047314
-0.10421899
-0.03390367
-0.01818810
0.09923258
0.06116319
0.03544023
0.01736088
-0.02874206
0.04127966
0.01012734
0.03861896
0.03321362
0.03590076
0.08668701
0.06351686
-0.01815922
-0.11234000
-0.06316737
0.02556478
-0.06240825
-0.01200792
0.13607860
-0.03151648
-0.09974651
0.03625408
0.00616176
-0.08195504
0.00909467
0.09750775
0.15290710
-0.04843282
0.02444614
0.07533590
-0.06276675
0.03173724
0.10369790
-0.01871751
0.08635056
0.03506501
0.04436843
0.05302074
-0.07818943
0.00293890
0.02774240
0.04192899
-0.00807809
-0.01139095
-0.02613558
0.10884942
-0.00940846
0.09316127
-0.12629858
0.00434673
0.01099766
0.01506544
-0.06198669
0.00812366
-0.04456493
0.03080556
0.02286990
0.02501779
-0.01479676
-0.10087942
0.05039001
-0.01067017
-0.11078075
-0.02890478
0.08852492
0.11640089
-0.07123181
-0.07370005
0.05716875
0.00128720
-0.08544048
0.04861473
-0.01995009
0.12967181
0.02316565
0.02029644
0.01675380
-0.02143516
-0.04759321
0.01543331
0.08117519
0.01499690
0.08699545
0.14516237
0.01294280
0.04503315
-0.04497486
0.03884714
0.09749819
0.07306932
0.14763039
-0.07695828
-0.05047630
-0.07990423
0.06762890
-0.07867938
-0.07278641
0.06464137
0.01207143
0.06674001
0.06159777
0.03560620
-0.02327329
-0.02490167
0.09030002
0.02688537
-0.04112788
0.02392132
-0.08215602
0.03007730
0.07299788
0.02194016
-0.00322323
-0.09166022
0.09541759
-0.06702802
0.08509216
-0.08028120
0.05171034
-0.10277606
-0.09693925
0.07191607
0.01472743
0.09445052
-0.05668146
-0.06749865
-0.00393164
0.02832047
0.00324701
0.00825255
0.09655154
0.03320774
-0.05618710
-0.03548831
0.07067783
0.07763457
0.08064557
-0.00666952
-0.06756543
0.08013117
0.00371988
0.08858326
-0.07246406
-0.09435190
0.09377018
-0.02515800
-0.08265416
0.05332063
-0.06794109
0.01697357
0.06524196
0.04289015
0.03253875
-0.04443723
0.06643136
-0.06068619
0.03252628
0.10099098
-0.13783373
0.03190350
0.17278925
-0.03988858
-0.15096515
-0.09926011
-0.06175780
0.13790773
0.06303921
0.05304388
0.11163072
-0.18210377
-0.05925800
-0.08984097
0.07750665
-0.07216900
-0.13151374
0.01119651
-0.12513506
-0.14174405
-0.06842683
0.04927225
-0.07344847
0.06122970
0.09295907
-0.07746712
-0.09982365
-0.12768352
0.07337324
0.07526041
0.16151886
0.02267258
0.06867708
0.03435111
-0.13683623
0.05058336
0.17722432
0.02540516
0.13200089
-0.10705997
0.00383634
0.09988907
-0.11876521
0.19972412
-0.16085830
0.00841132
-0.09458056
0.01187184
0.15815653
0.00167666
0.07318643
-0.05338245
-0.10744134
0.03098825
-0.04436174
0.07212210
-0.21863356
0.15075988
-0.07691509
-0.01181306
-0.12186768
-0.08403446
-0.04440606
0.02061491
0.18099272
-0.11061442
0.00624110
-0.04677460
-0.03709621
-0.13427818
-0.03064620
0.07893255
0.20019208
0.05434346
0.17861652
-0.13514277
-0.05611776
0.07206824
0.01538486
0.03378232
0.03714326
-0.01355291
0.07149927
-0.04704618
-0.04990771
-0.02647837
0.09471452
0.10799092
-0.08038597
-0.07705488
0.02616986
-0.16497698
-0.02216129
-0.10399868
-0.16869429
-0.10237937
0.10187111
-0.03890537
-0.09523457
0.03151955
-0.11103886
0.03982911
-0.03530429
-0.19133580
-0.04689366
-0.11032449
0.00989711
-0.01837522
-0.00547685
-0.08861388
-0.02538719
0.02948556
-0.00698250
0.06268078
0.09403343
-0.14927524
-0.15205066
0.10745784
-0.07207304
-0.21676311
-0.03606038
-0.04869088
-0.01758431
-0.01181755
0.05803051
0.00712644
-0.00151740
-0.00484720
-0.01092029
0.04044127
-0.11546449
0.11237285
0.00399553
0.06253730
-0.00818089
0.04045232
0.00733577
0.05923293
0.01773142
0.03782677
-0.02304278
0.02924428
0.03626292
0.02660901
0.05282693
-0.05099721
0.06010561
0.07389767
0.01214982
-0.06623475
-0.15549208
-0.01980101
0.11960660
-0.00272092
0.12989378
0.08325116
-0.04866393
-0.08152939
-0.01872428
0.04607426
-0.06585201
0.01155390
0.08995460
-0.01478496
-0.04077297
-0.01360433
-0.03749974
0.02645512
0.09670582
-0.01150464
0.02684878
-0.00456512
-0.01701141
0.07896979
-0.06484759
-0.05023010
-0.10445118
-0.06596582
-0.03756764
0.09629788
0.03932866
-0.02817352
0.01689281
-0.04280324
0.09561908
-0.00566043
0.11041597
0.06725066
0.02982919
-0.03886451
0.06654166
0.04277649
0.07289850
0.08671235
-0.05815584
0.07448383
-0.03278071
0.00778479
-0.05248620
-0.03707550
0.02090180
-0.04702818
0.08925869
0.02907143
0.08168721
0.03886721
-0.06323900
0.08329216
-0.02900479
-0.04202520
0.04447513
0.07304361
-0.00214825
-0.03891182
0.02287464
0.07412826
-0.00867203
0.06757095
-0.07163388
0.01451144
-0.09258056
-0.01260254
-0.07421991
-0.01313254
0.06567211
0.05021613
-0.00785878
-0.03196771
0.00901536
0.03807516
0.08667140
0.08409662
-0.09144272
0.07606321
-0.01078532
0.03987302
-0.04547352
-0.05365587
-0.03387558
-0.00093411
0.07500395
0.04802473
0.01635665
-0.09350577
0.07526723
-0.04419023
-0.08746742
0.02600568
0.10614457
0.05853534
-0.07513028
-0.02939781
0.06836632
-0.09369311
0.06776936
0.00171043
-0.11328761
-0.05701746
0.08638594
-0.03839092
0.15262096
-0.14693613
-0.04568092
-0.03256110
0.00003467
-0.00097263
0.13972223
-0.01887048
-0.06646553
-0.03172731
0.04844313
-0.13090511
-0.04130388
0.03289311
-0.17555238
-0.19949949
-0.03645562
0.11078269
0.15968636
-0.02131855
0.01640013
0.14616579
0.09513851
0.05654531
0.07392880
0.00047000
-0.21925527
0.07037647
0.26163176
-0.10071901
0.07866839
0.10896232
0.07613751
0.14034002
-0.06104620
-0.02715371
-0.02759049
-0.00025358
0.10002643
0.03925285
0.14585687
0.00652138
0.08719347
0.03104066
-0.04946130
-0.07900660
-0.06762150
-0.09888758
-0.02639916
-0.05441466
0.02908128
-0.06506146
-0.06389654
0.05272276
-0.02036455
-0.03611566
-0.06634291
-0.02688544
-0.01397942
-0.07242446
-0.06603093
-0.09515988
0.06199111
0.00954076
0.03331403
0.06601595
0.07762314
0.02899643
0.09127037
0.01820683
0.01889659
0.08712614
0.02460258
0.07705532
-0.08085577
0.01585839
0.04338108
-0.07268059
0.09993359
0.01642373
-0.02450988
0.00421337
0.03617637
-0.00760912
0.01223821
-0.12084404
-0.05230059
-0.03150629
0.06361960
0.02532424
0.03493716
-0.07078824
-0.15539491
0.03467914
0.02320876
0.08943486
0.10543811
-0.01674799
0.05134394
0.07615349
0.14225084
0.09948955
0.09785993
0.01569846
-0.02074840
-0.01101419
0.05190101
0.03202545
0.03325225
-0.04702585
-0.02814656
-0.10152136
-0.02306018
-0.10727745
-0.09882815
0.02577121
0.01538083
0.00043525
0.01348655
-0.05294993
-0.09594109
-0.00374863
0.09720889
-0.00493447
0.12175980
-0.02995907
-0.01772229
0.06910915
0.03448844
-0.03044076
0.09184117
-0.08100541
0.07151590
-0.09435629
-0.04809149
-0.01777357
0.00687220
0.06963862
-0.09016381
0.00244364
-0.10640536
-0.08790238
0.09293880
-0.10104405
-0.09674402
0.14882703
-0.04205595
-0.05541057
0.02718069
0.04203217
0.03759737
0.03205939
-0.06221538
-0.14337678
0.01073447
-0.11591791
-0.09339193
0.09818722
-0.07673433
-0.02744915
0.06851297
0.09700776
0.07172632
0.03907327
0.05069357
0.05134418
0.03055557
-0.10301784
0.03917950
-0.01778034
-0.04458914
0.05173784
0.06013029
-0.01440777
-0.03983306
-0.03909565
-0.10143618
0.02674234
-0.07021822
-0.07551149
-0.11760701
-0.01310526
-0.02274399
0.07870883
0.04543179
0.03100333
-0.04510128
0.03897231
-0.14060390
0.07715323
0.07084422
-0.04526874
-0.00262810
0.09399044
0.01290943
-0.01762847
-0.08374421
0.05477974
-0.10478152
-0.05903094
-0.06517044
-0.17375308
-0.06591465
0.06709103
0.03477131
-0.03514257
-0.11063865
-0.12866215
0.03624121
-0.15505694
-0.05233684
0.12373012
-0.00823781
0.15796746
0.04148202
0.00382548
-0.04551072
-0.04868248
0.17926699
0.06262670
-0.10605718
0.06600270
0.05967808
0.00469902
0.05970892
0.05163176
0.05836016
0.06910188
-0.03193427
0.07423653
0.06852822
0.09276681
0.02436889
0.06247426
-0.01721123
0.00089825
0.07353650
-0.04325026
-0.09981428
0.07652114
-0.05122238
0.08324427
-0.06803143
0.11762455
0.02257141
0.11899412
0.05166753
0.12566033
-0.07158089
-0.09294006
0.00910016
0.00796309
-0.01210029
-0.08400895
-0.09114351
-0.00916139
-0.05574657
-0.03913619
0.13931037
0.08772801
-0.03998378
-0.06009915
-0.08574263
0.03665889
-0.05323880
-0.05305834
-0.07939310
-0.09981215
0.02494994
-0.00324840
0.05183768
-0.01120736
-0.08482268
0.03273166
-0.06948842
-0.03243140
-0.02349723
0.01023399
0.01698108
0.06889769
-0.02625485
0.00157648
0.11629552
-0.03110267
-0.03754820
-0.03097500
-0.00583228
-0.09440688
0.07973868
0.05013856
-0.03044247
-0.00967900
0.17685406
0.12715280
-0.04002170
-0.08063220
0.04470010
0.07392953
-0.01018436
-0.01417472
0.00336742
-0.11643417
-0.08242142
0.04155592
-0.00288829
-0.09969538
0.01769455
0.04786808
0.05526837
0.06327432
-0.02710170
0.04565835
-0.02915964
-0.02946829
0.06319146
0.11558864
0.10014396
0.02611307
-0.13917312
0.05750248
-0.06853547
-0.02257655
0.00245940
-0.00737076
0.04256175
-0.09947593
-0.15125923
0.16745861
0.14464574
-0.00760300
-0.14900351
0.12490980
0.08558185
-0.08846566
-0.02793007
-0.00842765
-0.13446586
-0.03455624
-0.06111834
-0.04094844
-0.08849769
0.05716579
0.08245236
0.01861539
-0.10802654
-0.04652815
-0.01532715
-0.12217390
0.07917225
0.09581117
0.06818506
-0.05614907
0.07991135
-0.04790184
-0.02594506
0.08392672
0.00385490
-0.10099184
0.03445268
-0.10808426
0.12378100
-0.15003747
0.05723537
0.03716242
-0.00094765
-0.04822857
-0.04422440
0.19267471
-0.02214430
0.06107315
0.02875026
-0.02056438
0.02768247
0.06133275
0.14235513
-0.05151466
0.06453599
-0.04926987
0.07850045
0.13697293
-0.00398034
0.02958642
0.00687876
0.03159368
0.06719890
-0.00769960
-0.03853369
-0.03370706
-0.09538490
0.09271353
-0.11093338
0.06910209
0.05026042
-0.00267184
0.01131674
0.08900675
-0.07389679
-0.08389544
-0.03041273
-0.09665853
-0.00681996
-0.01363542
-0.10163490
0.02074686
0.02114703
0.02729103
-0.04993250
0.03820581
-0.09914458
0.01390268
0.02686874
-0.08071993
-0.09233379
0.05720521
0.08730479
-0.01072066
0.08772655
0.01248282
0.04342135
0.15917496
-0.01275643
0.03321769
0.09779630
-0.00295419
0.00000943
-0.12846150
-0.08090170
-0.02496309
-0.05426736
-0.06959253
0.05882631
-0.04948060
0.15040539
0.11967351
-0.01453008
-0.07359490
-0.05767018
0.06170574
0.02091452
0.04499546
0.01262954
-0.04966548
-0.01293635
-0.03579025
-0.04675923
0.03341331
0.02114284
0.01660962
-0.04549317
-0.14176293
-0.02169264
0.01481192
-0.03330421
-0.01259708
0.07234946
0.02200086
-0.03509562
0.05787535
-0.03136657
0.06109301
0.01165495
-0.05820430
0.01393345
0.00630435
-0.04719379
0.01551595
0.04578336
-0.08709171
-0.01024311
-0.03555126
0.05495251
0.01228556
0.06239545
0.03874512
-0.08154391
0.04438229
0.04118150
0.04269366
0.11380897
-0.01593398
0.06961307
0.06316383
0.10526347
0.06936771
0.08038148
0.06666874
-0.09071133
0.00977274
0.01643563
-0.07029577
0.05707906
-0.04583105
-0.08857123
0.07560319
-0.12513126
-0.10463589
0.09117540
0.03082932
0.03612863
0.07818747
-0.01737795
0.04715654
-0.10543368
-0.01742756
-0.00536655
0.05190229
0.02258580
0.02505974
0.12147138
-0.14435124
-0.09664004
0.01372737
0.10358998
0.13983785
-0.01736514
-0.06335387
-0.00604159
-0.03391425
-0.10649945
0.00419813
-0.06710330
0.09696538
-0.30446088
0.14250426
-0.07245761
-0.00836542
0.01942968
0.06159118
0.06240034
-0.02053461
-0.12432556
0.04797929
0.16212708
0.02236325
-0.03814905
0.14847285
-0.01324742
-0.06353743
0.03001086
0.06298725
-0.09368823
0.01386075
0.05511517
0.03242107
-0.16255538
-0.05117160
-0.12119340
0.11828411
0.01068251
0.07802584
-0.23637590
-0.11617522
-0.10516524
-0.04390840
0.04585660
0.11188157
-0.09114792
0.01517129
0.01427015
0.07805780
-0.02975129
0.03648778
0.03242724
0.04125122
0.03412858
-0.03251798
-0.10161763
-0.01668863
0.16171402
-0.01937399
-0.08241075
-0.02447379
0.01194628
-0.03237570
-0.11842591
0.01486967
0.07022632
-0.08059632
0.03590735
0.11374579
0.11050200
0.02343260
0.07195969
-0.01216804
0.04460728
-0.01194435
0.01299634
-0.04736780
0.10590775
-0.04892915
-0.00934808
0.05149575
0.02517382
0.01564782
0.02069678
-0.07826532
0.11829814
-0.12072862
0.02963241
0.01251035
0.02525648
0.07306463
-0.05301443
-0.04651553
-0.07548980
-0.01536511
-0.11957222
0.01110901
-0.03025218
-0.01401390
0.04763806
-0.04259190
-0.09918179
0.01317915
0.04492278
-0.09565343
-0.06912720
0.03716373
-0.06934555
-0.04455526
0.12120084
-0.01654914
-0.07860535
0.04742703
-0.01430989
-0.05222396
-0.01159688
0.10019468
-0.03160848
0.04341218
0.03887630
-0.00134137
0.00313124
-0.00123691
0.05626304
0.04523368
0.08941643
0.02979508
-0.08701389
-0.04843540
-0.02365731
-0.05265601
-0.08331100
0.03277699
0.13140298
-0.04374092
0.10851794
-0.05246326
-0.02244640
0.10571885
-0.07835709
0.02541371
0.01512749
-0.06866532
0.00428231
0.02521004
-0.06723299
0.02978840
0.05108421
0.11865497
0.03107795
-0.04964115
0.04777735
0.01512949
0.00991116
0.01730362
0.01833460
0.03898852
0.05028777
0.05069671
-0.07490188
-0.07823587
-0.06591652
0.01804291
-0.00536341
0.07321787
-0.05062745
0.04508799
-0.01032922
0.11346527
-0.02747161
-0.01251380
0.02235507
0.09311949
0.05257052
0.00722532
-0.07456978
-0.07068542
-0.07814703
-0.04184989
0.03958200
0.08562446
-0.10780796
0.02274765
-0.10455449
0.12324192
-0.07447688
0.02466129
0.11061593
0.08629171
-0.04006730
-0.06421938
-0.00051978
0.04257852
-0.02420927
0.07164674
-0.13138604
0.17782664
-0.09533855
-0.03593418
-0.00770925
0.15369496
0.16146450
-0.07934026
0.07914861
-0.13135107
-0.00608503
-0.01852235
-0.08364708
0.01228642
-0.06993848
0.04177225
0.10841242
-0.01690105
-0.03260284
-0.02169969
0.05048209
-0.04995089
0.04417833
-0.12287255
0.15771246
0.01977745
-0.04394055
-0.04856738
0.19896314
-0.01212842
-0.07777327
-0.05096538
0.00267725
-0.02077509
-0.01944924
-0.04926179
0.00604371
-0.00708922
0.01103172
-0.10056303
-0.02438323
-0.00960947
0.01739507
-0.01675785
-0.21436971
0.03153547
0.02213863
-0.05581509
0.04286542
-0.04220160
0.00410234
0.09575136
-0.02900994
0.08783414
-0.19304597
0.02437045
0.14200747
0.01548060
0.09986626
-0.12089618
0.00329224
0.07373457
-0.05543074
0.10309942
0.06783607
0.01527278
-0.10703709
-0.08232262
-0.03360494
0.03015389
-0.08165207
-0.16496012
-0.12553182
-0.04975061
0.09052987
-0.04011052
-0.08939479
0.05009846
-0.05916310
-0.06333065
-0.14727454
-0.17327970
0.04779657
-0.04039153
0.07647192
0.15733452
-0.04103040
-0.03658218
0.18214922
-0.03123369
-0.13330977
-0.03077687
0.21622972
0.07328233
-0.00616426
-0.07486994
0.02485763
0.04545191
0.04306484
-0.01338215
-0.02801055
0.02766004
0.06264414
0.04548730
-0.00046912
-0.13142243
0.09103186
-0.04102794
-0.13495441
0.13569385
0.02315591
-0.07980988
0.05931095
0.03292388
0.12440340
-0.05998117
0.04540015
-0.02433014
0.10732935
-0.00245118
-0.03989670
0.09855942
0.07255372
-0.08722119
0.04998717
-0.00543964
-0.05965883
-0.06735094
0.13296595
-0.02971280
0.01241481
-0.10240000
0.04176088
0.04074903
0.01657123
0.01741362
0.03253540
0.07998525
0.09773862
0.01134627
-0.04268934
0.10563993
-0.08038006
-0.04793711
-0.06441163
0.03391496
-0.04953743
0.05202169
0.03025352
-0.02263769
-0.00512478
-0.08088131
0.03343455
-0.06528732
-0.06911919
-0.03122465
0.11797167
-0.02788997
0.10423527
0.05338305
0.01112268
0.05281644
0.05547798
-0.07063033
-0.05354268
0.02041427
0.10853870
-0.00450878
0.02656092
0.06889801
0.09059194
0.03832199
0.02712414
0.07177953
-0.01201029
-0.05865740
0.02937475
-0.10125328
-0.02974719
-0.08084178
-0.03128392
-0.09958772
-0.05893534
0.05175186
0.05042643
0.02308914
-0.01425780
-0.23703139
-0.02968015
-0.00021617
0.01100444
-0.07237040
0.06003410
0.08291575
0.11705697
-0.01501734
-0.00264291
-0.16101338
0.08092940
-0.05641481
-0.07802897
-0.00132779
0.07081542
0.07617895
0.02555832
0.05356838
0.02023665
0.07833410
-0.03243499
-0.04182504
-0.10513125
0.07475150
0.05358215
0.01795108
0.04169304
-0.06351334
-0.06142920
0.05399483
-0.02600782
-0.00148552
0.00101768
0.03631062
-0.01749768
0.08361766
-0.02241692
-0.11664245
0.08265027
-0.03819190
0.01511405
-0.12624627
0.07582410
0.04631170
-0.00968560
-0.02839415
0.02225072
-0.03834270
0.10276663
-0.04181642
-0.08663616
0.03147407
-0.06634701
-0.07480337
-0.07468315
-0.14221072
-0.11135466
-0.04787827
0.06136563
-0.01573587
-0.06005330
-0.02306587
0.07999939
0.06233700
-0.01477444
-0.03940465
-0.10982049
0.00112210
0.08747455
0.10477422
0.05568929
-0.04626324
0.00615650
-0.05016291
-0.01329453
-0.01735415
0.11664143
0.08608546
0.05571593
-0.01422570
0.09293725
0.04018833
0.10301182
0.03280266
-0.03309393
0.02257123
-0.13713826
0.04151066
0.05029456
-0.09159843
-0.04372044
-0.00134638
0.13668272
-0.01293546
-0.02425932
0.05293410
0.06958105
-0.04188557
-0.00794693
-0.13593739
-0.02065966
-0.11143339
-0.02629770
-0.01347305
0.03419235
0.05448763
-0.06650428
-0.20037575
0.03323642
-0.09258465
0.14233278
0.05816151
0.09318792
-0.07191123
0.06898376
0.07639948
-0.05535865
-0.01483972
-0.13524646
0.04452675
0.05629576
0.03620473
0.04198191
-0.10698715
0.14524540
-0.06748614
-0.03583962
-0.06589601
-0.00679914
0.09284759
-0.00312728
-0.13268793
-0.09437937
0.13980627
-0.00335814
-0.08696530
0.14079009
-0.00465113
0.03025686
-0.08727813
0.14614347
-0.00907938
-0.04353173
-0.09449422
0.00865152
-0.01757171
0.02393530
0.08478613
0.02711868
0.03492615
-0.04322524
-0.03204728
-0.02215130
-0.04404280
0.02671543
0.07462248
-0.00916587
-0.11353095
0.07343527
0.00194338
-0.12398790
0.11874431
0.05210717
-0.04340412
0.15518452
-0.04371085
-0.07382739
0.00935723
0.08968703
-0.02754572
-0.01898328
-0.02287725
0.01537042
-0.01814975
-0.00302745
0.06093637
0.02642472
-0.02875972
-0.01548156
-0.01170863
-0.05921740
-0.03239694
-0.05761924
-0.00116404
0.03116085
-0.04130689
-0.05269413
0.00303209
-0.03263327
0.06800359
0.04507057
0.15996686
0.02507661
-0.07762820
-0.15219964
0.12449616
0.08889557
-0.07467227
0.12662658
-0.07749739
0.03039611
0.05373673
0.14360854
0.07924358
0.05672093
0.04673361
0.06146315
-0.08492190
0.09739935
0.07851004
-0.06073418
-0.15368721
0.10368243
-0.04085201
-0.09897985
0.04880751
-0.03478218
-0.16310671
-0.00250536
0.10887324
-0.00374344
-0.05909277
-0.09743403
-0.02643428
-0.08142901
0.07254422
0.09641124
-0.08897560
-0.06072710
0.02892896
-0.06209119
-0.00675397
-0.02233983
0.03422007
-0.01628845
0.05762102
-0.05733918
-0.09526778
0.06440761
-0.14304794
0.13910641
-0.01549639
-0.13014217
0.10866579
0.02559483
0.17663732
-0.14042126
0.18501954
0.02047837
0.03858805
0.06936558
-0.11212670
0.06116018
0.05722653
-0.07575089
-0.19010207
0.03504436
-0.09951032
-0.01167715
-0.07883852
0.02270222
-0.03568447
0.07160398
-0.08273979
0.02860409
-0.09165858
0.10351768
0.05421088
-0.07294746
-0.09428936
0.00922296
0.00220875
-0.04221078
-0.04844218
0.08836860
0.15322596
0.03647403
-0.08186377
-0.09989704
0.03707669
0.04654088
0.05696782
0.03320061
-0.01539771
-0.06555400
0.09510072
-0.04134586
-0.08165383
-0.12720953
-0.05305617
-0.06854016
0.09985047
0.02663853
-0.08129352
-0.10434485
-0.06489979
-0.10035054
-0.11281326
0.05329771
-0.06448670
0.04806029
0.00522319
-0.03528138
-0.10368892
0.00935521
0.05131600
-0.06667757
-0.06786626
-0.06023583
-0.01883599
0.00164728
-0.10180818
0.06215082
-0.06435884
-0.02995262
-0.08176229
0.08923870
0.10149150
0.03529307
-0.07565314
-0.08950856
0.04747449
0.01454417
0.02845584
-0.05335003
0.03342392
-0.05700928
0.03382896
0.08679301
0.11881561
0.15720834
-0.06723817
-0.02424405
-0.13573667
0.09104778
-0.10222036
0.07157952
0.11133789
-0.09969585
0.02056698
0.02000115
-0.08364943
-0.06709038
-0.03832786
0.02217235
-0.13694218
0.11246739
-0.00093831
-0.03799754
-0.10531668
0.05465546
-0.12151855
-0.00096183
-0.00977180
0.05834039
-0.04652238
0.00823076
-0.05333799
0.05651889
0.03068531
-0.01908744
0.08109808
-0.03112164
0.02769395
-0.04843489
0.00307803
0.11564017
0.02194392
-0.04089002
0.01364009
-0.04761249
-0.06046885
-0.07127097
-0.08985741
0.08506739
0.06703087
-0.03308720
0.03828601
0.02935527
0.05600769
-0.02495844
0.04907684
0.03665654
0.09666105
-0.09876923
0.16402569
0.05681887
0.10680466
-0.02914259
0.05673574
-0.10062529
-0.00945779
-0.08992538
-0.00954094
-0.14930250
-0.11688311
0.07235139
-0.02539382
-0.00080087
-0.01390562
0.04073510
-0.06961986
-0.11282804
-0.23188607
-0.08477040
0.05319115
0.14393903
0.07620772
-0.14467084
0.10117319
-0.04454437
-0.01286534
0.12579711
-0.00547814
-0.07481529
0.04055369
-0.06181896
-0.17990574
-0.00439578
0.04053728
-0.03437239
-0.03028149
-0.03803953
0.01912286
0.01729754
0.01324850
0.00695412
0.00674414
-0.03067448
0.02443806
-0.04719466
0.01548291
0.01026644
0.09080795
0.04807903
0.10408393
-0.04848727
0.12067361
0.00584520
0.11700357
0.06997550
-0.08150372
0.06376645
-0.03961059
0.02267912
0.03900754
0.10848041
-0.06314722
-0.01513341
0.10683737
-0.02969071
-0.06941725
0.12342457
-0.00265155
0.02670093
0.04736771
0.14329539
0.00954964
0.03588788
0.08802926
0.01166616
0.05991563
0.01922735
0.00305928
-0.05229114
0.03681231
-0.09565151
0.15300840
-0.01730963
0.06565034
-0.03302368
-0.03948802
0.02637554
0.06589800
0.07741702
-0.12123120
0.05943446
0.05623995
0.07343496
0.07402893
-0.00170374
-0.07760727
-0.12538476
0.09354148
0.09345510
-0.13410689
0.03035573
-0.00337653
-0.02810003
-0.08647760
0.04289657
0.01425507
0.02448851
0.01799035
-0.03264569
-0.06543690
-0.13630070
0.06984343
-0.11712812
-0.05398044
-0.08091569
-0.05145960
-0.00059811
-0.16331896
-0.07090601
-0.00173704
0.00229645
-0.09657084
0.00717525
-0.06730547
0.06274519
-0.08084733
0.09088906
0.02073650
0.03918622
0.04851193
0.06459755
0.09731642
-0.07203913
0.01644894
0.03181115
-0.00541846
0.07359212
0.02307575
0.08411851
0.05211399
-0.04735425
-0.08058555
-0.04868116
-0.08097831
0.06875791
-0.07746486
0.01990670
0.08994386
0.00091011
-0.02701551
0.04237411
0.03275640
0.04074697
0.02042068
-0.00933617
-0.05614221
0.09225397
-0.07788957
-0.06976118
-0.06740818
-0.10019267
0.00193520
-0.02133595
0.06089070
0.05553043
0.05665602
-0.00445428
-0.00544751
0.02313166
0.06202060
0.00644809
0.02353148
0.05953586
0.04862790
-0.05879599
0.08951860
0.07218608
0.04570154
0.08824183
-0.06342258
-0.07154401
0.07440978
-0.02911161
-0.01070472
0.01066565
0.07119673
0.03762447
0.00611946
-0.04138216
-0.11729629
-0.21101728
-0.07519803
0.06601765
0.01433687
0.02448002
-0.04429058
0.08467468
-0.01739432
-0.10427298
-0.05944058
-0.01883074
-0.06699214
0.12714858
-0.04963404
0.11607835
-0.10118160
0.09959187
0.00433213
0.02712252
-0.02158123
0.00569946
-0.10003765
-0.05468047
-0.02140938
0.06575273
-0.02451636
0.10631550
-0.09480517
-0.04786928
-0.03027898
-0.00988101
-0.07254528
-0.00481670
0.10876906
0.12198886
0.09249242
-0.02747845
-0.06281941
0.11006688
-0.00192733
0.12200159
-0.02659616
0.06957180
0.08330681
-0.02117122
-0.04128328
-0.06425560
-0.13350603
0.07025781
0.07400185
-0.03889124
-0.03057087
0.02477162
-0.05696082
0.13097063
-0.01828379
-0.06190520
-0.04809726
0.05836966
-0.08878965
-0.03100717
0.05450605
-0.07794388
-0.02820525
-0.06043804
0.05324601
-0.01128523
-0.01919897
-0.04139231
-0.02109551
-0.01076791
0.07530621
0.07442547
-0.25067830
-0.05137483
0.07864802
0.06109102
0.03724621
-0.00202148
-0.08313917
0.08653206
-0.07813229
0.04300848
0.17621113
0.07452098
0.03064032
0.08431549
-0.10354117
-0.02702937
-0.11445700
0.12410211
-0.06191602
-0.04350331
0.01624957
0.06595686
0.13826449
-0.19435018
-0.03417524
0.02354486
0.19794837
-0.02595329
0.01101280
-0.22846188
-0.09585275
-0.13489273
0.01962319
-0.05235455
0.13721029
0.04894246
0.08264637
-0.10025427
-0.12238806
0.01272013
0.03738175
-0.03812312
0.04975503
-0.08431391
0.06358197
0.07410212
0.11665734
-0.09924048
-0.07894696
0.07192648
0.04225684
-0.07163181
-0.01520798
-0.04571614
0.08886882
0.01140279
-0.04011071
-0.02910116
-0.03108344
-0.00340257
-0.06099286
-0.01981381
-0.03708129
0.02304535
-0.00867649
-0.00844828
0.04665742
-0.08335378
0.00518338
-0.06146294
-0.05330550
0.04937314
-0.02257990
0.04161752
-0.06854810
-0.01204250
-0.08592036
-0.00665714
-0.02530134
0.04868332
-0.07256453
0.07400867
0.00266247
-0.02010805
0.07930982
-0.06512628
-0.06091515
0.01926193
0.04067285
-0.02481990
-0.07458995
0.01790558
-0.07723311
-0.06387753
-0.00880521
0.06399155
-0.06319914
0.02940233
0.04709047
-0.09190767
-0.05076747
-0.04203451
0.02436841
0.01708817
0.06232053
-0.05145287
-0.00974882
-0.05660728
-0.00948296
0.08137717
0.04417114
-0.01868018
-0.00241947
0.06703224
0.07013467
-0.07225549
0.11682062
0.04079446
0.08774697
-0.00228853
-0.02302137
-0.08311923
-0.06691784
0.09242856
-0.06547792
-0.06818629
-0.11043447
0.09228282
0.04738360
0.05562464
-0.02416836
0.11712006
-0.01118212
0.04673539
0.02384449
0.00439835
-0.00084719
-0.07653440
-0.05672860
0.09286413
0.07988409
-0.02948101
0.05807720
0.10088818
-0.04789224
0.00375971
0.03313391
-0.00097906
0.00093806
0.03195130
-0.02746622
0.02831954
0.13199614
0.14747337
-0.07370494
-0.02697780
0.01412761
-0.03594445
-0.05244352
-0.04092113
0.12818864
-0.01039592
0.04489240
0.08023891
0.06879474
-0.01776179
-0.06877673
0.03813436
0.02359622
0.05029601
0.01815195
0.07974372
0.02380294
0.02284239
0.00323977
-0.05340381
-0.00870474
0.04683846
0.04244860
0.02757998
0.03099855
-0.01440423
-0.01601724
-0.03028131
0.07083470
0.03827884
0.01445947
0.13924159
-0.08604570
0.09379160
-0.05605352
0.01029372
0.07302466
0.20504387
0.03641635
-0.06049649
-0.00884945
0.03387253
0.06740552
-0.05020761
-0.02560321
-0.09583991
0.00796427
0.00877910
0.09216905
-0.14993054
0.04590422
-0.02938331
0.08035637
-0.02249423
-0.00158045
-0.13980804
-0.00670862
0.02557817
-0.01036488
0.03948098
0.14384277
-0.03981953
0.12782389
-0.11354636
-0.13247582
-0.15050530
-0.11722419
-0.03159351
0.07390753
0.10608118
0.10882704
0.00179775
0.06657559
0.00743773
-0.04650450
0.00757291
-0.05083236
0.07777378
-0.05922316
0.07583345
0.05773973
-0.08827961
-0.05835861
0.09498014
-0.10901264
-0.08008408
-0.01549220
0.03405404
0.10730418
-0.02689127
0.01472737
-0.02766252
0.06878942
-0.07259095
0.02828703
0.04237274
-0.05230256
-0.05496078
-0.02494719
0.00267843
0.01612188
0.05782153
0.01153156
0.04394180
0.04406925
0.06263900
0.01850798
0.04186829
0.09748137
0.04826061
-0.02414393
-0.07419250
-0.02759877
-0.00829695
-0.03634281
0.08149682
-0.09100492
0.06174098
0.02302682
0.02335411
0.06795655
-0.00468626
-0.11288366
-0.01443070
-0.12762173
0.09111384
-0.07436531
0.01347295
-0.01489966
0.01701255
0.10776814
-0.05248814
-0.09461733
-0.07060881
0.03681556
-0.05686945
0.06337852
-0.00528232
-0.03937985
-0.04472194
-0.01614971
-0.00260842
0.12095482
0.04426092
0.03513047
-0.01062128
0.12525912
0.11567207
0.04986577
-0.06275137
-0.06396694
0.07334089
-0.09794646
0.07049575
0.04244220
-0.01808924
-0.02071270
0.07378775
-0.02142107
-0.07081634
0.07111437
0.04904676
0.04162183
0.03874939
0.02094288
-0.01098073
0.09957725
0.01016385
0.04915527
-0.08638082
0.07741936
-0.05366423
-0.09349556
-0.06019714
-0.01196276
-0.09136127
-0.05432438
-0.08773597
-0.07619660
0.06909434
-0.06538282
-0.02054288
-0.05009845
-0.08013447
-0.02964070
0.00529923
-0.09009191
0.01517082
-0.06599484
0.03250278
0.04587341
-0.00766949
-0.02843339
-0.02116997
0.09289258
0.08175176
0.08154792
-0.01119503
0.06009571
0.00779972
0.07194223
-0.02992622
-0.02260058
-0.07603349
0.01615667
0.00586967
-0.04255747
0.05595168
-0.00271350
-0.08319336
0.06891719
0.02028991
0.01073216
0.01610051
0.04579172
0.01206318
-0.00720195
-0.13731696
0.08245070
-0.05818520
0.04684107
-0.01539287
-0.16115995
0.07693893
0.04252187
0.17755269
-0.06671516
0.18557107
-0.01249116
0.10958306
-0.02754430
0.14137489
-0.10106500
0.14608978
0.03717357
-0.02029145
0.16428985
0.06206933
0.10752916
0.02471383
0.01020395
-0.04260392
0.10679013
0.09931891
-0.12007944
0.14322872
0.01098848
-0.08914886
0.06993751
0.07875314
0.05272410
0.01680693
0.07322864
0.07779442
-0.13313831
0.15843537
-0.04068422
0.02458825
0.10728925
0.12373109
0.05375133
-0.06370735
-0.08011824
0.00973021
-0.14600766
0.00780484
-0.01734394
-0.01673670
-0.15329252
0.12699391
-0.18601893
-0.07633395
-0.02747645
0.00979823
0.17174135
-0.03293862
0.20700166
0.05056018
-0.01691724
0.10094557
-0.04392968
0.08437415
-0.04140065
0.04591962
-0.06397941
-0.05151704
-0.11338660
0.01936951
0.06728750
0.15929632
0.01540734
0.04364435
-0.04476959
0.09743030
-0.09309368
0.12883754
0.02890854
0.03689406
-0.09282880
-0.08844022
0.00730227
0.05557944
0.07652995
0.03775747
-0.07148780
-0.18067190
0.03830972
0.01004782
-0.03290926
-0.05782254
-0.07828096
-0.09495778
0.04542677
-0.07192017
-0.04154044
0.02835027
-0.04460484
0.04482898
0.05230321
0.02321377
-0.04414684
-0.03886085
-0.02669190
0.02907990
-0.14880300
0.07321990
0.05895266
-0.05108688
0.05446920
-0.00407684
0.03239109
-0.06635612
-0.16512063
-0.01949246
-0.07799802
-0.06329306
-0.07959405
0.11265813
0.07834756
-0.00999691
-0.07178010
0.02617138
0.01874642
0.01517576
-0.02142314
0.06103110
-0.04273132
-0.02382163
0.04480233
0.01192455
0.02486564
0.00817078
0.05548312
0.04831704
-0.07852346
0.08486638
0.00364920
0.11001880
-0.02470475
0.04660726
0.08387680
-0.10430989
-0.09930243
0.04112957
-0.08342420
-0.06711823
0.12090306
-0.06554046
0.00286206
-0.13515203
-0.07705007
0.08198272
-0.04792723
-0.00090619
0.00940609
0.05643888
0.04820907
-0.01543855
0.03534105
-0.04032999
0.13572915
0.18210956
-0.02433326
-0.00330469
-0.08999033
0.04407687
0.00763819
-0.00537563
0.04962978
0.04251963
0.10752861
-0.08584683
0.01642341
0.06912202
0.04651995
0.04013346
0.06491213
0.02230250
0.03415816
-0.08049081
-0.04839409
0.12001008
-0.03630151
0.04135004
-0.01753113
-0.00120263
0.08353011
-0.15527435
0.01654017
-0.14517669
0.09436332
-0.08146744
0.08432621
0.06204081
0.03143116
-0.07305021
0.09152354
-0.08404403
0.10091234
-0.04151509
0.03446468
-0.04972893
-0.00232551
-0.00287758
-0.01001575
-0.10670328
-0.00183478
-0.03142823
-0.00316899
-0.00430101
-0.08133093
0.00130520
0.13181216
0.09792011
0.10197710
0.02731197
0.05659650
0.03467616
0.00400095
0.04485252
0.09035529
-0.03769749
-0.10401233
-0.07166366
-0.10239784
0.07429367
-0.12902710
0.04507248
0.06931881
0.05297174
0.14678831
-0.05013976
-0.00417653
-0.15947208
-0.04270063
-0.02891154
0.03782291
0.08019190
-0.04309457
-0.02861869
0.11175799
0.12243152
0.09647253
0.00733568
0.13588248
0.03695637
0.17884690
-0.05820932
0.03244810
0.01446883
-0.07616044
0.14261389
0.05468165
-0.00403601
0.03078211
-0.03209306
0.05187047
0.08544143
0.10658283
-0.02167202
-0.06527125
-0.02805858
-0.01670977
-0.13246210
0.03510525
-0.03890707
-0.05084900
-0.07650210
0.00230361
0.01383009
-0.01772694
-0.09050457
-0.01178468
0.01219659
-0.20406693
0.01840286
-0.18088910
-0.04797920
-0.02588977
0.00915810
0.12359715
-0.17030396
-0.03318383
0.17781422
-0.03771942
0.03813532
-0.11281031
0.09219170
0.04785502
-0.16514488
-0.00406321
-0.03373556
0.02477668
0.07488773
0.05396575
-0.06899984
0.06337379
-0.01032963
0.09768484
0.04411193
-0.00416886
-0.01137596
-0.05590938
-0.12843837
0.09757119
-0.06386501
-0.07301763
-0.06845383
-0.01034379
0.01521505
-0.13666037
0.13795924
-0.00714344
0.06055842
0.02063890
0.07078565
0.10013361
-0.01711347
-0.08294744
-0.03733170
-0.09382026
0.06008254
-0.05836356
-0.03608711
-0.00494681
0.12306360
0.06276738
0.16666415
-0.13754511
0.06995038
0.03821402
0.00101482
0.05171204
0.05156306
-0.06778426
0.04023428
-0.00990009
-0.00485656
0.17046662
-0.05928341
0.01989421
0.01536669
-0.02672263
0.06568900
-0.02130431
0.00382367
-0.09121303
0.00001691
-0.11128691
-0.01246612
-0.02799394
-0.02075033
0.00523473
-0.06225784
-0.05394203
-0.02292364
-0.11766041
-0.02563214
0.05293121
-0.03083759
-0.17737307
0.10237664
0.02406513
0.03877663
0.06321745
-0.05017646
0.01325822
0.08124098
-0.00109347
-0.11345645
0.01949301
-0.00404002
-0.06621102
0.00900226
-0.14539239
-0.02563651
0.07526650
0.07429980
0.04024972
-0.04441619
-0.02908570
0.09073048
-0.18902199
0.08356599
0.01903924
-0.00279250
-0.03284082
0.09652051
-0.02029840
-0.00703147
-0.02543620
-0.02219220
0.07101289
0.11843613
-0.04883398
-0.10320354
0.00296287
-0.16423371
0.06319179
0.08939229
0.02267266
0.01317567
0.04589440
-0.01563095
-0.01080325
-0.14385220
0.00037013
-0.11247812
0.01467329
0.00997814
-0.13222006
-0.02967244
-0.00808631
-0.07961828
0.09384505
-0.02681502
0.11610907
0.07251804
0.08661149
-0.08598643
-0.11664134
0.06259693
-0.02282345
-0.08308034
-0.12365598
-0.00289860
0.05451164
-0.01283872
-0.00127290
-0.08406677
0.03271922
0.13063337
-0.03873480
0.01206862
-0.04332288
0.05261520
-0.03639796
0.13367634
-0.07917093
0.02674847
-0.06968107
0.05427204
-0.09314536
-0.12495868
-0.02000388
0.01811584
-0.08776028
-0.00452723
0.18549687
0.07848217
-0.01292850
-0.04373194
-0.02401497
-0.06132653
-0.10753901
0.00450177
0.08088015
-0.15517254
-0.01942278
0.04911448
0.06544405
0.08451834
0.07845089
-0.00067887
-0.04577889
-0.07593290
-0.07137737
-0.00324167
0.00729925
0.04539335
0.06876458
0.01701663
0.09857102
-0.12953620
-0.08611953
-0.02981746
0.01849885
-0.06240862
0.06762372
-0.05233059
0.03150469
0.13578948
0.06623753
-0.02252103
0.00326246
0.08536354
-0.05506191
-0.01711207
-0.03191408
0.02127067
-0.05412399
0.00412627
-0.03609993
-0.02166026
-0.02664459
0.06776045
-0.11597726
-0.15999873
0.06448168
-0.04099778
-0.03901514
0.12661806
0.00511181
0.04192890
0.11146995
0.14476621
0.06394987
0.00785565
-0.11028842
0.09610655
0.02165660
-0.14561786
-0.05265370
0.07002222
-0.00801630
0.04342522
-0.01861683
0.08930769
0.05136400
-0.06821952
-0.03929893
-0.09421715
-0.05889607
-0.05828398
-0.03859286
0.10301896
-0.10645769
-0.05412313
0.11047810
0.07111414
-0.00150604
0.02528396
0.01926599
0.12011674
-0.09726281
-0.04303997
0.04883785
-0.03069979
-0.04880501
-0.03764090
-0.02082862
0.08311311
-0.02151196
0.16806106
-0.03256302
-0.09061138
0.00344173
-0.08242860
0.11068673
0.10784820
-0.05934222
-0.00202160
-0.15648396
-0.01341229
0.08833620
-0.09645386
0.00269007
0.02074171
-0.08351869
-0.00175532
0.03921313
-0.08116016
0.02122716
-0.01801155
-0.02244820
0.01486517
-0.07119375
0.11958170
0.02618366
-0.00619059
-0.08830627
0.01004471
-0.05572097
-0.01113784
0.07236589
-0.08375962
0.05742079
-0.00972023
0.04150590
0.04518860
-0.01057654
-0.02672340
0.00860424
-0.16187425
0.09040552
-0.05371765
-0.00822125
-0.03388938
-0.05057818
0.10672307
0.01701689
-0.00018568
-0.00859083
-0.03191235
-0.11414679
-0.02864743
-0.08002426
0.12666239
0.08781458
0.04648199
0.06611922
-0.06628746
-0.13247404
0.13199717
0.00099904
0.05063936
0.01042155
0.13109158
-0.09033498
-0.09535009
-0.04038778
0.02434517
0.01613477
0.02424750
-0.03874429
-0.11797042
0.02443090
0.09657802
-0.04095267
0.01827457
-0.08358958
0.07064214
0.07754183
-0.11349815
0.14184514
-0.04905103
-0.06243616
0.05003341
0.04668798
0.10959375
0.04333950
-0.08726261
0.08730593
-0.06834208
0.08477349
0.05904808
0.06766522
-0.03815779
0.00735756
-0.03114503
0.11528271
0.07914954
0.12605309
0.09043623
0.00925480
0.13121021
-0.08586830
-0.05365219
0.04762586
-0.06216349
-0.12323588
0.07514946
0.15645619
-0.04451953
-0.04903366
0.07408618
-0.03816133
0.05374359
-0.17834595
0.03206445
-0.01470730
-0.00452426
0.04708808
0.09351181
0.08378594
-0.01006778
-0.13873567
0.09652323
-0.02734127
-0.03732308
-0.00659213
0.04808892
-0.07058509
0.00910108
0.08205963
-0.08635687
-0.07514466
-0.05022593
-0.01726682
0.03082757
0.04932997
-0.00229223
-0.06372872
0.07756036
-0.06023023
0.03471757
-0.02935136
-0.01377496
-0.03881551
-0.03057789
-0.08894770
0.00117913
0.04914935
-0.06478684
0.13855708
0.09948458
-0.07538629
-0.01208438
-0.06358252
0.05715527
0.09945791
-0.09144682
-0.12001346
-0.03333500
-0.00431423
0.11894384
-0.04677291
0.01804477
0.02020402
0.05579578
-0.08791158
0.10775322
-0.10712416
-0.01496157
-0.05605429
-0.04353897
-0.05358127
-0.11804345
0.09668988
-0.10092488
-0.09054379
0.00338593
0.07219566
-0.10584222
-0.04328682
0.05937306
-0.05237726
0.05224487
-0.08618034
-0.00559443
-0.07581866
-0.06720694
0.08561596
-0.05383663
0.04165498
-0.09484102
-0.04459631
0.00799081
0.14961664
0.08647800
0.00639792
0.09065574
-0.06003316
-0.03550284
-0.01093955
0.08526684
0.10898821
0.00185937
0.05627635
0.10168721
-0.00122982
-0.07581794
0.03661536
0.01515714
-0.12949222
-0.04863766
0.01980185
0.05322704
-0.05453846
0.04200232
-0.00107900
-0.05291396
0.08280096
-0.08841906
0.00911597
-0.03969846
-0.01196718
0.09279168
0.09670105
0.02458131
0.08983418
-0.07292497
0.03826686
-0.02446494
0.08229160
0.02859472
-0.04198820
-0.06115098
0.03585723
0.00825572
-0.04269753
0.03575074
0.09476076
0.03713680
0.09879892
-0.05414515
-0.03782068
0.05617416
0.04968926
0.08820847
0.05794058
-0.06972454
0.05557936
-0.07566221
-0.06015208
0.01532138
0.00963215
0.08459368
-0.02605032
0.04953974
-0.04508329
-0.05912838
0.03702138
-0.01344232
0.03047353
-0.07112970
0.06098054
-0.01412631
-0.02882795
-0.03194481
-0.01291806
-0.02917889
-0.09476394
0.01770109
-0.06393722
-0.07538649
0.03327360
0.10947385
-0.03581475
-0.07274199
-0.07203709
0.00767973
-0.01346558
-0.03666208
-0.07231344
-0.00413703
-0.08533369
0.08243741
0.06399399
-0.13058884
-0.18916135
-0.13977806
-0.02396904
-0.06815299
0.01045783
-0.08832696
0.13465792
-0.00464705
0.03250040
0.06688879
0.13644348
0.06993844
-0.09891018
0.06942176
0.04568798
-0.07423687
0.00726793
0.06173003
0.03926791
0.01413822
-0.11908715
-0.06558599
-0.11747399
-0.11043536
-0.11741375
0.03554032
-0.04270543
0.15745200
0.08406773
0.23725003
-0.07995424
-0.04639370
-0.06539176
-0.03304165
-0.11570405
-0.01521525
-0.14707050
-0.00927410
-0.07732033
-0.04999459
0.15458447
0.15110251
-0.07865227
0.05800692
-0.08751133
-0.10653236
-0.05965155
0.09986107
-0.07143643
-0.02586844
-0.00094206
0.19479859
0.08229481
0.01659499
-0.10607238
-0.07575569
0.22166830
0.06885362
0.03860453
-0.13403171
0.03773475
0.13443276
0.04333226
0.00674222
-0.02576828
0.01096617
-0.01389394
-0.06704190
-0.16074051
0.08953259
-0.02955458
0.13381398
0.06016383
0.11347902
-0.12995178
0.03014662
-0.08301856
0.08441963
0.01078859
0.00228413
0.09265216
0.01067976
-0.00629324
-0.01905191
0.11615847
0.01308697
0.07446845
0.00233184
-0.02811984
-0.03442495
-0.02164750
0.02392959
-0.05020612
-0.05336436
-0.07520486
-0.01566851
-0.01270797
-0.03079147
0.01569327
0.03314865
-0.06012730
0.13525493
-0.15249762
-0.02400293
-0.05605045
-0.00764019
-0.05395494
-0.01969506
0.15097404
-0.04631295
-0.08415339
-0.03166918
0.01905211
0.13929604
-0.06662422
-0.10709291
0.11023157
0.01727373
-0.02568609
-0.10933149
0.04450404
-0.11115547
0.01606385
-0.02966825
-0.00812616
-0.04006219
0.02359117
-0.12871476
-0.09593995
-0.06696784
-0.14039746
-0.11939403
0.06519395
0.04328865
-0.10833506
-0.10159080
-0.02641294
-0.05890625
0.12776250
0.12604775
-0.06273255
-0.01152375
-0.03236847
0.00439289
0.03690414
-0.05432630
-0.05574195
-0.03955123
-0.13422114
0.03888595
-0.02326960
-0.04135348
-0.10824412
0.08016434
-0.05093497
0.03972728
-0.09098023
0.04833240
-0.03790641
0.07558250
0.02785897
0.13541859
0.06774411
0.01310670
-0.02046567
-0.04904367
0.06418419
-0.06627225
0.09444745
-0.01325550
-0.02786628
0.00119062
0.04298799
-0.02852552
-0.00386648
0.11024018
-0.02366926
0.00110469
-0.01610662
0.02619382
0.15342735
0.07975879
-0.02214937
0.06803929
0.10278656
0.10507015
0.03996401
-0.16811706
-0.04018500
0.12678006
0.20388429
-0.04442546
-0.20648015
0.04053187
-0.10682142
-0.03238855
-0.02587686
-0.06142044
0.04799302
0.02711190
-0.05686273
0.03894367
-0.02569195
-0.00006149
-0.05356146
-0.06335926
-0.05616803
-0.05077759
0.04896985
-0.05338082
0.07445693
0.03983944
0.10546202
-0.00864459
-0.08824263
0.00833446
-0.06324498
-0.01837650
-0.04499010
0.21838669
-0.12067280
0.10127325
-0.00055552
-0.00148025
-0.07281394
-0.12480333
-0.14911091
0.07329200
-0.03116616
-0.02625765
-0.00659829
0.08543258
0.20559664
-0.02119163
-0.18300068
0.04793672
-0.00457163
-0.07627049
0.07085427
0.10972668
0.02695657
-0.23714475
0.05102518
0.06048912
-0.05290849
-0.05020880
-0.05819990
-0.05635241
0.11041417
0.04108871
-0.06864882
-0.07834561
-0.02197867
0.02064113
0.08987606
-0.10871489
-0.01763834
0.03240706
-0.02894878
-0.08229706
-0.06892601
0.07131861
0.00631682
0.11290886
0.05989566
0.06236454
-0.11596203
-0.04266453
-0.08733153
0.02093624
0.07839771
-0.10004956
-0.09178229
0.13231894
0.01311975
-0.06050804
0.12268704
-0.07849537
-0.03072836
0.02985061
0.03564618
-0.14810392
-0.01433579
0.02454947
0.11135492
0.00532606
-0.08592563
0.07290383
0.14038581
-0.11577663
0.11606369
0.13966563
-0.00179038
0.06821950
-0.06902998
0.02665358
0.00048851
0.07713880
-0.03689168
-0.15654345
0.00711912
-0.08758137
0.08462366
-0.00969169
-0.10373020
0.02042632
-0.13571407
0.04195002
-0.01132281
-0.07546826
0.06776047
-0.00734275
0.03731143
-0.06930608
0.10510939
-0.02068677
-0.06574098
-0.00256049
-0.05573601
0.16107620
-0.07656369
0.00566824
0.02225693
-0.00176131
0.03391677
0.11066540
0.07116939
-0.03228309
0.01562463
-0.01170193
0.04087278
0.00330951
0.07467893
-0.13110387
-0.00416072
-0.00677088
-0.09233727
0.06947374
0.08305729
0.03782863
-0.04531721
-0.07492997
-0.11077040
-0.05750609
0.01749758
-0.08577992
0.05527693
-0.05396770
-0.11983815
-0.08278696
0.00173149
-0.10482270
-0.04269568
0.04928771
-0.05665810
-0.07234670
0.02886561
0.03921555
0.01391471
-0.05747592
0.06784581
-0.09190604
-0.20644617
0.06758699
-0.03639861
0.04245649
-0.06112850
-0.03292527
-0.01879598
0.06273400
0.02078915
0.06804478
0.05195643
-0.08573782
-0.05446002
0.00802519
-0.11011484
-0.04051210
-0.07445398
0.10036827
0.06533144
0.01784467
0.05698755
-0.05895933
-0.07948067
0.03972521
0.00566224
0.02450763
-0.12265628
-0.04937633
0.09278330
0.05502197
-0.05656693
0.10062375
0.04884531
0.10734099
0.00173613
-0.19530092
-0.12390681
-0.04458799
-0.01449257
0.07959714
-0.01995547
-0.01343030
0.04605905
-0.11141885
-0.06514688
0.05817839
-0.01260011
0.06163939
-0.00328258
-0.06339631
0.05148159
-0.06437792
-0.05877234
0.02081574
-0.08772309
0.07894598
0.02401041
0.03900402
-0.01171649
-0.01394045
-0.02038835
0.14126445
0.01761586
-0.00630523
-0.00375583
0.02903252
0.18682548
-0.07254607
0.08453211
0.07352388
0.06448175
-0.04678841
0.04350468
-0.10893516
0.04281724
0.04075048
-0.09322581
0.11758786
-0.14506438
-0.07177284
-0.04067771
0.07599467
-0.07406459
0.04072868
0.10158215
0.02320281
-0.09608708
-0.03458910
-0.03592351
0.02873972
0.04418689
0.03121153
-0.01513387
0.14026055
-0.05437921
0.15848468
-0.07821491
0.03161341
-0.04771756
0.10024327
-0.07882041
0.07108991
0.06726269
0.06715828
0.00104013
0.05999641
0.15582021
-0.03259803
-0.10540270
-0.08810254
-0.09706672
-0.02454950
-0.04099074
-0.05036436
0.06358694
-0.00376799
-0.04875918
-0.04673394
-0.02709391
-0.01433029
0.06112720
0.06882044
0.09111013
0.10044770
-0.07380864
-0.00809267
-0.08074673
-0.03932801
-0.08150654
0.03225232
0.09390418
0.02792007
0.07951915
-0.01792893
0.06125896
0.05879828
0.02779634
0.02444144
-0.07531314
0.03598404
-0.00109910
0.05758256
-0.11254162
0.01432522
-0.04880581
0.10007550
-0.07953228
-0.01225494
0.03820346
0.09014924
-0.21060322
0.13892598
-0.03971181
0.04015418
0.07945164
-0.11498626
0.02458947
-0.09479100
-0.01963298
-0.02306087
-0.03509430
-0.01607725
-0.06599399
-0.01952957
0.06310630
-0.00912464
-0.05952720
-0.02928588
-0.04125273
-0.08666842
0.05017242
-0.10261021
0.03143361
0.14301893
0.08231647
-0.00928477
-0.00822564
0.06607698
0.05777204
-0.01718058
-0.00077017
-0.09772254
0.00008351
0.00312183
0.12316029
-0.08435098
0.10256521
-0.00895541
0.03575709
-0.08730081
-0.04309479
0.07722598
-0.19551562
0.07319012
0.09040760
-0.05209847
0.03329696
-0.09369699
-0.01812877
0.01043600
0.04530320
-0.13201062
-0.01190698
0.02969893
-0.00178383
0.01277741
-0.02622088
-0.12250012
0.01984728
-0.00118376
0.01621692
0.05643648
0.07258180
0.11560152
-0.06321301
0.01824842
0.03993441
0.02105889
0.11778128
0.10317086
-0.01407264
0.07129852
0.05175427
-0.08796080
0.04817704
0.05151119
-0.03135508
-0.15426999
-0.02842836
0.09438159
-0.10003921
0.01021926
0.08344553
-0.03029893
-0.10044641
-0.02096387
-0.13279940
-0.01880060
-0.03735496
0.11359306
0.14112201
-0.12362137
-0.05822174
0.00162163
-0.08146333
-0.05972933
-0.04078546
0.08770778
-0.04600624
0.00598442
-0.04709243
-0.00285829
-0.03421870
0.12137599
-0.08229094
-0.05723093
0.04544925
0.08540465
-0.05370739
0.06300094
0.02931608
-0.01317308
-0.01128169
0.00252582
0.05323360
-0.03061713
-0.04012370
-0.04475253
0.00326212
0.13258606
-0.15322579
0.03765489
-0.01333983
-0.02363539
0.03880439
-0.01750220
-0.04418319
-0.10935715
-0.16699614
-0.03882247
0.03483871
-0.05606693
-0.02160683
0.08929998
0.16603360
0.10576537
0.06268158
-0.00688639
-0.03159394
-0.08154999
0.04720513
0.06283308
0.01106164
0.03689693
0.01084421
0.06184296
-0.01534291
-0.00922622
0.02037603
0.02187332
-0.01936002
-0.06995866
-0.10330265
0.03057225
-0.04364936
0.01302453
-0.03263240
0.03058166
0.08073010
0.07822827
-0.07740050
-0.09677683
-0.00614194
0.01963705
0.10563207
0.17269120
-0.11335178
0.05747914
-0.00984005
-0.02845038
0.02603085
0.01137831
0.00809673
-0.07604012
-0.14828497
-0.01859009
-0.02924355
0.01866986
-0.13659242
-0.00586777
0.04002871
0.04176655
-0.00255835
-0.02092617
0.04541350
-0.07830376
0.00681491
-0.08598156
-0.03656346
0.01323573
0.06238141
-0.03370184
-0.06000948
0.03956478
-0.09907393
-0.06962804
0.06347848
0.01646088
-0.02943656
-0.05506995
-0.04488258
0.05536788
-0.02599255
0.04520844
0.00368016
-0.08040778
-0.05458297
-0.04256298
-0.01679249
0.04535238
-0.08879280
-0.05340106
0.05938662
-0.05588993
0.03044725
-0.02561252
0.07390972
0.06866536
0.03078716
0.04605453
-0.05708017
-0.10518526
-0.08213539
0.04772338
-0.05276452
-0.01102008
-0.11836923
-0.00367919
-0.04131879
-0.07870317
0.10279705
0.07518242
0.03724808
-0.06727381
-0.10385873
0.06450263
-0.02486653
-0.05160459
-0.02162560
0.00864838
0.07927429
-0.04995800
-0.01672840
-0.07832824
-0.08607752
0.05683083
0.00997060
0.00656650
0.00988637
0.07957319
-0.03059844
0.01663100
-0.05990347
-0.00874873
0.16599350
-0.25033277
-0.00480133
0.07875588
-0.07755254
-0.06031404
0.06335171
-0.07996333
0.07706517
-0.10232254
-0.06987658
-0.25861466
0.01255250
-0.03731849
-0.09612544
-0.12480794
0.16810364
0.04225899
-0.06403424
-0.08446065
-0.03769792
-0.06086009
-0.12974657
-0.16679336
-0.08813135
0.02086423
0.07497343
0.13132116
0.09096430
-0.00365500
-0.03523618
0.12494964
0.07913193
-0.10391989
-0.00973559
0.11455760
0.00495510
0.13083042
-0.01959357
-0.08404732
0.26452705
-0.04675785
-0.02857992
-0.08537058
0.00703988
-0.03089514
-0.03313107
0.07485604
-0.00426218
-0.01087845
-0.06986629
-0.19980426
0.07358456
-0.01557429
0.22408439
-0.06328859
0.15887961
0.02871524
0.09141308
0.09725637
0.01273261
-0.00829285
0.01647697
-0.02822854
0.06418705
0.04356878
0.00685052
-0.05710228
-0.05408635
0.06414132
-0.06501513
0.01545380
-0.01989094
-0.09116008
-0.06302815
0.02697471
-0.06360246
0.13925812
0.15906990
0.06832515
-0.07498093
0.01735325
-0.03051384
0.00043517
-0.03296514
0.07601058
0.02412081
-0.08081356
-0.01917367
0.03492886
-0.00819638
-0.05711351
-0.00172281
0.11963969
-0.06446573
-0.07114963
-0.01886678
-0.09688874
0.06386796
-0.07427651
-0.07254609
0.09000966
-0.05476398
-0.07658970
0.01475292
0.06933736
-0.09355167
0.07014807
-0.04878293
0.07429332
-0.06689146
0.08497971
0.18055153
-0.05027656
-0.04378692
-0.07550537
-0.03857309
-0.05229888
-0.09942798
-0.01726531
0.05836968
-0.05462456
0.05672282
-0.02013999
0.04336631
0.06293538
0.01402014
0.15244912
-0.03619668
0.00409997
0.04317744
-0.06307133
0.06021444
-0.00202859
-0.04873932
-0.03709026
-0.03761296
0.07319938
-0.07418793
0.05540070
0.12292477
-0.06021976
0.10590627
0.03457276
0.03647333
-0.01039641
0.06049408
-0.11821772
0.01065992
0.02792922
-0.02437451
-0.18488841
-0.06604572
-0.11779491
0.14902432
0.15915696
0.08108905
0.08415892
-0.07757156
0.06379715
-0.09087507
-0.01812691
-0.01727229
-0.00363165
0.00194922
-0.11889644
0.07537368
0.05351668
-0.02710444
0.03126920
-0.06529030
0.09211334
0.05932615
-0.02928500
-0.15408787
-0.07850593
0.06435586
-0.02488023
-0.03323013
0.05643649
-0.02374885
0.09888345
-0.04703898
-0.07513533
0.01144600
0.05762700
0.07639646
-0.04607400
-0.02558708
-0.00413426
-0.08344140
0.08829506
0.02087737
-0.00261863
0.11386320
0.09513339
-0.03037637
0.04885015
-0.03220899
0.04409837
-0.02949130
-0.02806197
-0.06645716
-0.05530777
-0.00642435
0.08009086
0.00688726
-0.07249651
0.01890424
-0.01547434
0.03808155
-0.04408151
0.00308637
-0.03304041
-0.08022488
-0.10839649
-0.06465898
-0.09170535
0.02778178
0.04843810
-0.08731905
0.03026032
0.02554581
-0.08477052
-0.00555173
-0.03596882
-0.06858640
-0.02200148
0.10098278
-0.01568471
0.04056613
0.10791413
-0.03153411
-0.07068129
0.07419790
0.03467085
0.00897417
-0.11396223
-0.06959490
0.03242169
0.05223076
0.02901960
0.00290846
-0.02186435
0.06014133
0.01515075
0.03852028
0.00946762
-0.10933081
-0.03135030
0.10213906
0.04564887
-0.02159949
0.00903414
-0.03648254
0.01784058
-0.02523720
-0.08544484
-0.01718595
-0.03680697
-0.03223845
0.02997618
0.00477355
0.05092148
0.08140223
-0.08795726
0.07356013
0.00928108
-0.01893659
0.09954920
-0.05691692
-0.07258957
0.06649456
-0.05828709
0.01326846
-0.08208273
-0.01424736
0.06851328
-0.06070485
0.08515929
-0.02417997
-0.06409981
-0.06956650
-0.02875097
-0.08143028
0.03276616
-0.02408897
0.08339900
-0.07106181
-0.04445838
0.00961880
-0.06520797
0.08190469
0.04686077
-0.04011776
0.06880075
0.01169065
-0.09270129
0.07040860
0.09815633
-0.02718494
0.00368988
-0.04253395
0.07511279
0.02636147
0.04318181
-0.01828928
-0.02712963
0.02356635
-0.00150293
-0.03491135
-0.06227475
-0.07798707
0.06085955
-0.07634098
-0.06077899
-0.08569755
-0.02395409
-0.09041092
-0.05179333
-0.03255830
-0.29632124
-0.13670181
-0.04031493
0.05579676
-0.04339443
0.09789231
-0.07584976
0.27400160
0.23321067
-0.00987950
0.13700062
-0.20447680
-0.08446245
-0.17894413
0.02607237
0.10476995
-0.07718650
-0.08633374
-0.19263621
-0.03354270
-0.07383531
0.08502449
-0.06732182
0.12812088
0.17382431
0.14936176
0.00721716
-0.13501975
-0.01189740
-0.05316695
-0.03562187
0.08467311
0.05051543
-0.13709927
-0.23642670
-0.01578793
-0.03804171
-0.03423253
-0.03987349
-0.15692213
0.09158724
0.16001615
-0.12292250
-0.13316840
-0.05121100
0.12116218
0.06101861
0.09588780
0.05988033
0.04446652
-0.16517840
-0.01359709
0.03709635
-0.07880262
-0.03305569
0.05059575
-0.18106697
0.14501710
-0.12147404
0.10179164
-0.15880768
-0.02624342
-0.09447528
0.04672866
-0.02635591
-0.05473232
0.13696513
-0.03329556
0.13035415
-0.08482836
0.04956925
-0.02112669
-0.06127055
-0.09408890
-0.00218754
-0.02896344
0.15975735
0.16388890
0.08252036
0.16324082
-0.14363191
0.01826008
0.01269553
-0.07182755
0.03177828
0.05736029
-0.09956121
0.08485200
-0.11415592
-0.05800811
-0.05255799
-0.11526796
-0.01133825
-0.02970391
-0.22049160
-0.00834478
0.13243748
0.06144367
-0.04064126
0.04668218
0.12378021
0.17992342
0.01724322
-0.04760920
-0.20832720
-0.05187580
-0.02242040
0.02826076
0.09328973
0.04653429
0.05420022
0.09892364
-0.01463824
0.03392247
0.06555930
-0.02258367
-0.10475892
0.25502157
-0.08115087
-0.08374562
-0.08275721
-0.01426418
-0.13216636
0.02788649
0.05618779
-0.05830881
-0.00449889
-0.03013299
0.02147055
-0.03130325
-0.03416181
-0.05517234
-0.09731684
0.14247468
-0.01652821
-0.05190561
0.09115987
-0.03143833
0.08260756
-0.07670403
0.00639315
-0.03001262
0.01798654
0.12544562
-0.05687721
-0.03542303
0.04543146
0.03193430
-0.05395934
0.06064760
-0.06326140
0.06446899
0.08267156
-0.11217482
-0.06308044
0.02453061
0.02471596
0.03892030
0.16602123
-0.01458460
-0.10238927
0.06128072
-0.02078541
0.01747676
-0.07832845
0.04376101
-0.01989882
-0.10667074
-0.05081715
0.00905107
0.08715344
-0.02513424
-0.10364763
-0.09600209
-0.05321783
-0.01698181
0.02771046
-0.03584433
0.06619068
-0.00080383
0.06987002
0.01679869
0.07342619
0.10201591
0.00050894
0.05251957
0.01787897
0.02437152
0.01364537
0.05495908
0.06378902
0.03918923
0.12366717
-0.03161205
0.05084107
-0.10215510
-0.04910340
-0.02476966
0.04745784
0.09096675
0.06469445
-0.09558189
0.01468197
0.01218049
0.07265417
0.10229956
0.04724592
-0.06143987
0.02613734
-0.03682346
0.05792986
-0.09239348
0.09056717
0.03646170
-0.02577344
0.00565719
0.09465592
-0.02830685
0.05161342
0.03311715
-0.09012814
0.02069440
-0.02371158
0.00748564
0.07681973
0.06643190
-0.11070207
-0.05103104
0.02196420
-0.08168534
-0.08089336
0.04185275
-0.02429867
0.00146877
-0.05177899
-0.09422003
-0.05374374
-0.03861996
0.06052887
-0.08763229
-0.08746209
0.06763171
-0.06286110
-0.08079407
0.03844972
0.10647433
0.04115261
-0.06510612
0.02872779
0.01747651
0.07465254
-0.00214441
0.03172842
-0.07382383
0.00258833
0.03293911
0.06233365
0.12241638
0.09383719
0.05693218
0.12664692
0.02228216
0.04940779
0.11685061
0.04414637
0.04480673
0.02602162
0.03412345
0.10175781
0.05290923
0.02273824
-0.03322516
0.02396673
-0.04188184
-0.05677125
-0.09297726
0.06073782
0.17301543
-0.01605004
-0.07661337
-0.05660575
0.13526334
0.16766296
0.03803681
0.03165383
-0.09072000
-0.06587922
-0.11588195
-0.09170830
-0.04971436
-0.01585885
0.10209590
0.01776283
0.02556245
0.02197288
-0.02165723
-0.00742742
0.06655815
0.00407951
-0.04843603
-0.04924117
0.07320889
-0.01060399
-0.04132685
-0.01832549
-0.01296522
-0.06771139
-0.14304031
-0.09952375
-0.01563023
0.06080367
-0.14268784
-0.01776653
-0.01082221
-0.02468651
0.05737484
0.13016599
-0.01142088
-0.05049356
-0.01815916
0.04449926
0.00348902
0.02304281
-0.11537849
0.04166252
-0.04236818
0.01137186
-0.10715456
0.10817912
-0.08050043
0.06765481
0.03787577
0.06539666
0.12403722
-0.02448228
0.08223936
-0.05474025
-0.07344031
0.05703304
0.11882843
0.01816172
0.09335733
0.06427675
-0.09214880
0.03608105
-0.03435536
0.04590658
-0.03541528
0.02518670
-0.06872972
0.03348613
0.00852294
-0.06934015
-0.05325757
0.01722136
0.13546942
-0.04443845
0.06612147
0.05941464
-0.09259383
-0.07562459
-0.09055176
-0.11101291
0.04487984
0.07023589
-0.05460906
-0.03708976
0.00961125
-0.08464928
-0.12500614
-0.02638235
0.11813888
0.11189347
0.04116284
-0.01400896
-0.06958441
0.02075985
-0.07141250
0.00728281
-0.07799225
0.02211519
-0.05013888
-0.03077366
-0.06658535
0.07266659
-0.07346662
0.08342613
0.02307477
0.11061528
-0.07451285
0.08614346
-0.08608837
-0.06059517
-0.11632290
0.01360253
0.12712541
0.03141275
-0.03192284
-0.09720965
-0.09298442
0.07303805
0.08052654
0.08474749
0.03431075
0.06133082
-0.03186278
0.03243449
-0.05585310
-0.04947303
-0.05042133
-0.01125732
-0.03989849
0.01231498
-0.00957018
0.03838878
0.03368464
0.03332357
0.08092684
0.02802340
0.05497296
0.01487672
0.09027770
-0.04446526
-0.05585072
0.05361862
-0.12758502
0.03474016
0.01797477
0.12844497
0.04065247
-0.01049335
0.07049271
0.01320307
-0.04882212
0.07524446
-0.03227606
0.03520677
-0.02641330
-0.04822907
-0.04308874
0.05458876
0.05101075
-0.03429001
-0.06380812
0.03399174
0.00209497
-0.08341760
0.05810230
-0.03376824
-0.00435601
0.01062388
0.02508047
-0.12890716
0.04985769
-0.05798592
0.03933232
0.11773843
0.05368052
0.08568878
-0.01816589
-0.12671030
-0.18464491
0.08087576
0.05338026
0.12955712
-0.08192126
-0.02726031
-0.05264280
0.06007903
-0.16537918
-0.01859273
-0.00888597
0.08968017
0.07648581
0.09917827
0.05348813
0.01718717
-0.03223010
0.16066107
-0.01411284
-0.04786585
-0.05379991
-0.01982090
0.06880799
-0.00918720
-0.07074308
0.07848200
-0.11420192
0.05725859
0.06427763
0.03707106
0.09107988
-0.09102000
-0.14224568
0.02197099
-0.09622116
0.13471377
-0.01202655
0.00267412
-0.05053630
0.12949747
-0.03313245
-0.02612035
-0.03499066
-0.16499904
0.19204402
0.10432882
0.08432516
0.00625401
0.01091357
0.10081318
-0.04710289
0.01098191
-0.01684217
0.13137579
-0.06768308
-0.00117303
0.04675265
0.03541533
-0.04896700
-0.03639191
-0.00098271
0.10029585
-0.04072749
0.08530150
-0.04115013
-0.03117337
0.02135991
0.08121368
0.02941774
0.02656308
-0.07847849
0.06784873
0.02541802
-0.07071363
-0.03876720
0.00267877
0.06810676
-0.03069983
-0.00850297
0.06129725
0.04962341
-0.07971791
-0.00297959
-0.02078301
-0.01905961
-0.08942456
0.00777628
0.06937729
0.01445775
-0.04483264
0.06912814
-0.06110696
0.03515878
0.10049036
0.10176520
0.03996943
0.08038034
-0.04008621
0.02626590
-0.04340883
0.04734251
0.13287875
-0.05526195
0.02856831
-0.03960065
-0.08795185
0.01373981
0.04575444
0.09491822
0.01994322
-0.03052546
0.00997897
0.05555062
0.01158447
0.07475263
-0.00696114
0.03115282
0.04456446
-0.08139963
-0.04063874
0.05312457
0.15196635
0.03061727
-0.10296569
0.00306617
0.05691761
0.03477335
0.01463323
0.08337083
0.10847079
0.16858287
-0.04525187
-0.05198302
0.14780457
-0.00427407
-0.02068956
-0.07172039
-0.05164700
0.10451612
-0.12268505
-0.09545010
-0.10261653
0.05418825
-0.03173621
-0.01774329
-0.01244266
0.00747251
-0.03807690
0.06592362
-0.07763277
-0.02370953
0.02771350
-0.07632891
-0.10683144
0.07149118
-0.06758204
-0.12026949
-0.01061955
0.05085097
-0.09756926
-0.07846481
-0.09441280
0.09044234
-0.16830598
-0.06197268
0.01004797
-0.09728237
0.08083756
0.09120115
-0.07405836
-0.04781200
-0.03469458
0.01759823
-0.05729967
0.00752178
-0.02039241
-0.05755723
-0.06203140
0.03061033
-0.00249468
0.00311873
0.22225671
-0.00162466
0.07379980
-0.15688711
0.01127269
0.17493770
0.10494582
0.03338330
0.09662418
-0.04192688
0.01107972
-0.05301648
0.10096799
-0.15298319
0.03142929
-0.03562106
-0.06728954
-0.08315776
-0.09849039
0.01067172
0.06425723
0.08731303
-0.11729327
-0.03538836
0.11351545
-0.04896253
0.08399165
-0.06301720
-0.04985899
0.01234103
0.05444114
0.01620965
-0.09285939
0.13846682
0.10459208
0.07735617
0.11031289
-0.00405696
-0.10849851
-0.12666264
0.00245054
0.04768659
-0.01081664
0.03645732
-0.02445862
-0.07313337
0.02012530
-0.08239954
-0.10883754
-0.17036659
0.01790179
0.00200387
0.05703899
-0.15550397
0.03282511
0.09870703
-0.09394304
-0.02081512
0.04190576
-0.11527499
-0.02706638
0.01034821
0.00197275
-0.07650224
-0.05710247
0.05505324
-0.01899128
0.04622628
0.00480819
0.08076048
0.04045790
0.00748328
-0.02995200
-0.08915734
0.08853788
-0.00730173
0.05129844
0.06377103
0.00471524
-0.05419385
0.06926187
-0.07478702
0.00486049
0.04096564
0.08870482
0.10260582
0.06611770
-0.01142561
0.02460564
0.06386176
0.00524825
0.05603805
0.04138599
0.06130411
0.03383647
0.03154638
-0.08506669
-0.07230171
0.05380601
0.02454848
-0.04278506
0.01123131
-0.07571881
-0.04068043
-0.08413184
-0.01217206
-0.04548277
0.00324113
0.03688756
0.00439469
-0.07152491
-0.03843385
-0.05339893
0.05029744
0.01704296
-0.03808967
0.09600312
0.08409318
-0.05030265
0.00133232
0.06634661
0.04585184
-0.01409422
-0.01470143
-0.07846522
0.16754048
0.08781900
0.00697503
0.10685934
0.09830893
0.05488719
0.12114690
0.03623655
-0.01635414
-0.01747008
-0.08880617
0.03997641
0.03122235
0.05732919
-0.08458393
-0.18908826
-0.04180175
-0.01936875
-0.05797808
-0.07688252
-0.09078759
-0.01722680
-0.01163158
-0.14223656
-0.08644331
0.01512438
0.00020291
0.00187599
0.09524231
0.17662060
0.03492537
-0.00476459
0.04066215
0.07286742
0.03726130
-0.07664289
0.02631406
-0.07056566
0.16101253
-0.08431600
-0.07694688
0.10134995
0.06961219
0.00438107
-0.03001389
0.08909559
-0.00547982
0.00589930
0.09043329
-0.01483478
0.00750566
-0.09152751
-0.00867546
-0.13625321
-0.14705910
-0.05395392
-0.08563486
-0.08363987
-0.06402048
-0.12374441
-0.11464210
0.10828430
-0.02293268
-0.17197219
0.05096764
0.13818932
-0.06776164
0.00887307
-0.00763198
-0.02329722
-0.11983550
0.11338844
0.04743901
0.08916656
-0.09052692
0.00644003
0.02875521
0.03248056
-0.06473970
0.10059446
-0.08064577
-0.00233100
0.07925297
-0.03234142
0.05433512
-0.06121312
0.04993971
0.04533867
-0.06937176
-0.09078539
-0.07962528
-0.00014645
-0.04855481
-0.05529175
-0.07934331
-0.02721733
-0.02275710
-0.08415733
0.04842127
-0.02332127
0.05593232
-0.05653642
0.11109359
0.08732155
-0.00215725
-0.01979217
-0.03676030
-0.04377333
0.06096012
-0.07170139
-0.08781167
-0.02503174
-0.00283847
0.00860781
-0.00189553
0.02100781
0.00333051
-0.04732755
-0.03826137
0.05864965
-0.03064768
-0.02216639
0.07235286
-0.11786662
-0.07591275
0.10901240
-0.11552777
-0.13994391
-0.06048684
0.05302582
0.02378011
0.16742940
-0.04124042
0.02389193
-0.09674920
0.14600405
0.00264353
0.03163451
-0.05138059
-0.00821688
0.09244525
-0.02165672
-0.06877086
0.07789382
-0.08326986
0.09923403
-0.05690815
0.06532799
0.01283361
0.02042677
-0.07079215
0.12382843
-0.07142129
0.01329824
0.02124501
-0.06070621
-0.06518377
-0.16961589
-0.09277926
-0.02166337
-0.05298877
-0.09385790
0.09903503
-0.05294401
-0.04419381
0.09992968
0.06183256
0.01600579
-0.03485142
-0.06729554
0.00431503
0.01558246
-0.04372868
0.06140652
0.03594466
0.07024516
-0.17346592
0.03830544
0.00709265
-0.09819082
0.04021300
0.07448972
0.02307572
0.04440275
0.04608732
-0.02434579
0.00292820
-0.03670509
0.02912748
0.09847085
0.06971222
0.00113370
0.03149553
0.14898154
0.05649241
-0.03143917
-0.00255078
0.06332306
0.02109580
0.11582968
-0.12175095
-0.05103233
-0.06559919
0.08140309
0.05282525
-0.03353787
0.02672052
-0.02836468
-0.09014288
-0.04866200
0.04706059
0.03141834
0.01934700
0.10398439
0.04974711
0.01027250
-0.05007221
-0.00710047
0.05279588
0.13841377
-0.03301020
-0.10260711
0.06116620
0.03175838
0.02958263
-0.02834205
-0.04056318
0.01857126
0.04379166
-0.05868950
-0.13706367
-0.07253093
0.04655851
-0.02884375
-0.01083300
-0.12652108
-0.10882873
-0.02195938
0.06261218
-0.03859604
-0.01304924
0.10846239
-0.02538608
0.00957443
-0.03331965
-0.08256442
-0.00757073
-0.07513983
-0.04400826
0.05730617
-0.04350980
0.00133935
0.00966351
0.03987864
-0.00097080
-0.03031502
0.11833391
-0.04208329
-0.03335916
-0.13163482
0.15086792
-0.02533136
0.21435006
0.00636731
0.08926598
-0.06877532
-0.07018751
0.04415625
-0.01596909
0.01590990
-0.04087293
-0.08739489
-0.00135064
-0.01899057
-0.08843771
-0.09271364
0.05632301
-0.12619095
-0.06783640
-0.05951642
0.02395299
0.00521156
-0.01295754
0.15578951
0.00912622
0.15034445
-0.05812526
0.21603808
0.02670006
-0.04443775
-0.03713687
-0.01924603
-0.09907027
-0.01721735
-0.01109765
-0.08362161
0.11687779
0.11669442
0.10251153
0.08580368
-0.12332587
-0.11208201
0.04685041
-0.07826535
-0.02041361
-0.02655823
0.02151208
-0.05880199
0.07945691
0.08622984
-0.14444491
0.00888332
0.03479608
0.05768802
0.05840517
0.04583433
-0.05799709
-0.02451944
-0.05167281
-0.06245095
0.02045019
0.00548523
-0.15294114
-0.12276609
0.07378384
-0.08404416
0.07212588
0.11276821
-0.00862338
0.02793167
-0.00426168
-0.01018968
-0.05471678
0.06532221
0.13265412
0.05798992
-0.07287544
-0.02617343
-0.06130239
-0.02187559
0.04221251
-0.06199921
0.11251401
-0.01492644
0.02921156
0.06557034
0.01714663
0.02380919
0.02263482
0.06371852
-0.00971591
0.10769977
-0.01391059
0.06108052
-0.02512318
-0.03812229
0.00774295
-0.04804010
0.05612957
0.05662449
-0.07250314
0.01384213
-0.04159238
-0.01232064
-0.13128893
-0.05757311
-0.06930415
0.00084089
0.00087433
-0.04055536
-0.04098980
-0.01063279
-0.04101076
0.12447523
-0.01447170
-0.03712673
-0.04616432
0.07478406
0.01878266
-0.03723523
0.00792990
0.01562071
0.01052645
-0.00895467
0.09610725
-0.04597998
-0.01915696
0.00537673
-0.07236153
-0.00594557
-0.10741957
0.06361145
-0.02179589
-0.05212078
-0.07544889
-0.08489703
-0.11435719
0.09463370
0.02068895
-0.06215479
-0.07992997
0.02256345
0.05036259
-0.08964326
0.06751658
-0.01210031
0.07337143
0.07203553
0.03018799
-0.13725072
-0.04609479
-0.00489819
0.07616821
-0.03500627
-0.03485433
-0.09633338
0.02845643
0.03561496
-0.09640540
-0.09671546
0.00535888
-0.08570790
-0.09092224
-0.11960823
-0.02340585
-0.03422371
-0.01686570
0.03788730
-0.11379329
0.07728729
-0.01623968
0.05093051
0.01923326
0.05635811
-0.11107438
0.07690611
-0.06892110
-0.07460181
0.05319658
0.03240959
0.01303899
-0.02841712
-0.00864958
-0.12475230
0.07099962
-0.02063361
0.02765305
-0.04947811
-0.07216738
0.11442586
-0.04825912
0.01772623
0.10257937
0.01163200
-0.04031708
-0.01975247
0.10160762
0.06470937
-0.04858318
0.04199310
0.11777627
-0.04893336
-0.09816402
0.15232423
-0.01477939
0.11584413
-0.03372758
0.20370731
0.02094369
0.08006683
0.09374880
-0.00936214
0.06916907
0.04214934
-0.08180906
-0.03913777
0.00991780
-0.02551887
-0.11637675
-0.04011767
0.02033507
-0.10433677
0.03861928
-0.04533640
-0.10204136
0.04150508
0.00223121
0.09973656
-0.08481776
-0.00119707
0.11309636
0.13320103
-0.01956583
0.03485965
-0.10143384
-0.10333088
-0.12768200
-0.03660651
-0.03979098
-0.06290580
-0.15666351
-0.05851378
0.00561666
-0.03628056
-0.02193077
0.13061409
0.01337968
-0.00741442
0.12615563
-0.05846488
-0.02263651
0.06420273
-0.01564670
-0.05344469
-0.03244475
0.11557338
-0.01032553
-0.00482131
0.02692673
0.00912474
0.01584857
0.05819640
-0.02822308
-0.03453099
-0.12486066
0.02295493
-0.11237916
0.07766880
0.04946915
-0.09954073
-0.07106213
-0.02775293
-0.11282644
-0.03446203
0.05590836
0.03577603
0.09913127
-0.09266663
0.06775107
-0.07135840
-0.04417340
0.08794801
-0.11892384
-0.00858907
-0.10910796
0.17900614
-0.05737943
-0.05427178
0.03286407
0.17475075
0.11351795
0.13472356
0.03719943
-0.01303378
-0.05005972
-0.06310914
-0.00825478
-0.00825523
-0.07700819
0.03640476
0.02168746
0.04021454
0.08380949
0.01390059
-0.01202404
0.03566504
0.05230559
0.04983415
-0.09153328
-0.09730484
0.08633348
-0.13012573
-0.00617970
0.04643964
0.01667869
-0.03537094
-0.03452410
-0.07660228
0.12635797
-0.09326459
-0.01868745
0.03322137
-0.20282638
0.10251553
-0.01333157
0.12417475
-0.04199692
0.00382574
-0.03267387
0.11290640
-0.08070354
0.05027435
-0.10261285
0.01058970
0.02771538
0.05520483
-0.01204432
0.06121179
-0.08455010
-0.10073277
0.03411282
0.11001757
-0.00359992
0.03636185
-0.13736449
0.02971704
-0.04241066
0.00166953
-0.06191814
-0.00466526
-0.03995748
0.00477003
-0.06778868
0.03683130
0.00713715
0.15274914
0.05744121
-0.03146243
-0.05098219
0.01972516
0.04247425
0.04058684
0.08250507
-0.08302850
-0.13992010
-0.04350047
-0.04302596
0.01819442
-0.04360657
0.13033780
0.05329635
-0.04691252
0.01913575
0.12817712
-0.03820874
-0.05881937
0.17772062
-0.05887320
-0.07445879
0.02537625
0.12915543
0.12059670
-0.17683619
0.07319380
-0.05769200
0.09347168
0.00707838
0.05134783
-0.14105242
-0.08562467
0.02178929
-0.04477796
0.08065142
0.02787105
0.16024619
-0.12519842
-0.01861157
-0.00742993
-0.04663947
0.07431225
-0.06353248
-0.08388980
0.11638492
0.03369264
-0.05088020
-0.07386434
-0.10065793
-0.00170884
-0.03830005
0.08490002
-0.07364164
-0.03264650
-0.06934668
-0.06490844
0.05529505
-0.10924846
-0.07157909
-0.06791565
0.04039002
-0.08659987
-0.06121175
0.09705645
-0.08323088
-0.10282922
-0.01731297
0.05560180
0.05332850
-0.12043308
0.12474182
-0.03901428
0.01504457
0.05464178
0.11217328
0.06714311
0.03410822
-0.02518855
-0.08141868
0.08952404
-0.02072822
-0.10273015
-0.09005801
0.05792110
-0.05574427
-0.09415226
0.03179905
-0.04611098
-0.19497713
-0.16569103
0.12300574
-0.02693256
0.07327414
0.04055383
0.00934719
0.00296595
-0.02866170
-0.11981988
0.08183911
-0.01916849
0.03859024
-0.10877293
0.00964225
-0.08618686
-0.00280591
0.16119887
-0.03629603
0.00371309
0.05755649
0.02844794
0.04347148
0.02114876
-0.13045780
-0.03452970
-0.06110047
0.06296157
-0.00833909
0.00866188
0.08721352
-0.09674856
0.03592996
-0.02906722
0.00151461
-0.06122854
0.01254796
-0.03518554
0.10894516
0.13395523
-0.04029397
0.09177265
-0.10392994
-0.07410140
-0.02947608
-0.01880685
-0.04063547
0.07751174
-0.03173634
0.10028376
0.09620185
0.01500389
-0.04257005
0.05365689
-0.06652792
-0.00334798
-0.08884550
0.09691383
0.03036358
-0.05877135
0.04072298
0.04000935
-0.02761077
-0.09789722
-0.00755194
-0.01886653
-0.01123073
0.01831296
0.02283372
-0.08627935
0.08602978
-0.06729042
-0.01729967
-0.02510910
0.03195123
0.00852135
-0.06951082
0.15124148
0.02514795
0.02957622
-0.05084494
0.11598293
-0.13353135
0.04469125
-0.07720863
0.02522597
0.04835703
0.06180115
-0.03570064
-0.01237119
0.06370511
0.13824937
-0.07190394
0.15254155
-0.08045156
0.00115356
0.05073311
-0.08093843
-0.13045447
0.08114491
-0.00946670
0.00626428
0.02644492
-0.03609228
0.10224879
-0.06208641
0.18888606
-0.13621148
-0.20357646
-0.07112968
-0.02135964
0.14586821
-0.10916073
-0.04873852
0.02504147
0.14391388
0.06462310
0.05176796
0.05080306
0.01463194
0.19475809
-0.04197113
0.08964781
0.04049980
-0.00359243
0.12576407
0.02224440
0.01149901
-0.17178409
-0.01856142
-0.03816803
-0.00143367
0.08106652
0.09272175
0.06546228
0.08410775
-0.11481837
0.06499283
0.07136735
0.08487109
0.01839029
-0.07454137
0.04384053
0.03256026
-0.03702534
0.08005996
0.06653676
-0.00264416
0.13256717
-0.03968237
-0.05247368
-0.09656327
0.06625141
0.07137844
0.14800669
-0.00449234
-0.08637520
0.02634287
-0.04136266
0.02159709
0.04711699
-0.00973559
0.05520477
0.02228586
0.07534567
-0.10204326
-0.05171704
0.03811909
0.07130985
0.03243853
-0.20930777
0.07256735
0.05027776
-0.07641231
-0.05865300
-0.05580148
-0.02648401
0.03696234
-0.03594642
-0.11294708
-0.10091293
0.06938323
-0.13161781
0.12747124
-0.18057370
-0.06594147
0.01150968
0.01920078
-0.11276176
-0.01760364
0.06855553
-0.05911408
-0.03722164
-0.01454853
0.00856867
0.06914876
0.08991133
0.01774632
0.10068832
-0.01448028
0.08603944
-0.04151554
0.06935737
-0.08953353
-0.06824490
0.00002576
0.05464490
0.05721110
-0.03681212
-0.03159744
0.07024633
-0.06368795
-0.06997134
0.05320703
0.01747688
-0.00624768
0.03102066
0.03025447
0.04277150
-0.04737648
-0.05179070
-0.03174027
0.07460488
0.06918183
0.04779512
-0.07608817
-0.10076725
-0.03293407
-0.06666784
-0.10994707
-0.06388797
-0.04439035
-0.01506313
-0.00210960
-0.05419321
0.00662096
-0.08986584
0.07503425
0.06408597
0.00086049
-0.06307568
-0.00261345
-0.03248707
-0.05136741
-0.09081057
0.05103739
0.04989425
0.07991597
0.01296247
0.08773601
0.05869111
0.00870868
-0.03558456
-0.09071909
0.01210845
0.10331173
-0.04220862
0.06806763
0.01299772
0.12193308
-0.06833784
-0.04774704
-0.00593433
0.01095231
-0.05427795
0.06868560
-0.02403694
-0.08069691
0.03486969
0.00865104
-0.05461451
0.02138188
-0.00087541
-0.04379185
-0.03681784
-0.02004268
0.04168193
-0.08362408
0.08795793
0.10790085
-0.09725369
-0.01532585
-0.08126360
-0.03286728
-0.14219853
0.14379580
-0.02819782
0.02268988
0.00782208
0.08483960
0.07541800
-0.02571058
0.08340449
-0.02281809
0.02439581
-0.01479887
-0.05957353
-0.00789487
0.07236815
0.08315703
-0.01972527
-0.04387608
0.08112552
0.06303222
0.01223668
0.03217979
0.04340707
0.11887133
-0.06068308
-0.01600546
0.00363829
0.01864264
-0.10247974
0.10269859
-0.09029497
0.07961158
0.02894901
-0.00931321
0.03707573
-0.06349175
0.10488854
-0.02097759
-0.21198131
0.17300215
-0.03797834
0.08891640
0.01649070
0.04813539
0.04063290
0.11124184
-0.21869177
0.05900769
0.03243254
-0.17161016
-0.07904654
-0.03007973
-0.02919576
-0.15815160
-0.07627968
-0.02564901
0.06842826
0.11610736
-0.06350029
0.10790916
-0.07941683
-0.06224192
0.00293770
0.09635205
0.06370992
-0.02251031
0.05342955
0.09067994
0.01870257
-0.17094897
0.06464954
0.07213418
0.26401830
-0.09706266
-0.07635395
-0.08667854
0.04573053
-0.05192764
0.08436868
0.23024710
0.27743500
-0.01131654
0.12508136
-0.07920818
-0.00813757
-0.11422632
0.18848869
-0.23615347
-0.08965489
-0.06148317
-0.06792787
-0.07715265
-0.02251737
-0.07117820
-0.11336558
0.08952801
-0.01284648
-0.17422679
0.00079766
-0.02996120
-0.05986880
0.07258043
-0.06473459
-0.04097009
0.03682105
0.02576727
-0.06474327
0.02901176
-0.00370222
-0.09921723
-0.00600527
-0.06341713
0.02654969
0.03757082
0.02533137
-0.00100221
0.07778092
0.00596558
0.05597408
-0.05789967
0.07760034
-0.02787096
-0.02355733
0.05397196
0.04951210
0.00278347
0.04144900
-0.00702207
0.06657870
0.07558703
-0.04777393
0.06140557
-0.01041020
-0.08956683
0.00251095
-0.03987556
0.07187817
0.08051500
-0.08168243
-0.08038847
0.04032826
-0.00010940
-0.06351329
0.05519512
0.07492573
0.07880950
0.00810763
0.06678704
0.05371519
0.06631664
0.03821342
-0.03033965
-0.06884699
0.00557837
0.04734932
0.01276325
0.05747375
-0.10137947
-0.06826660
0.04696738
0.01184079
0.04561055
0.03612597
-0.04420251
-0.04589393
0.07790614
-0.03029894
-0.11180812
-0.05895743
0.03100484
-0.00915651
-0.02471809
0.04060192
-0.02690895
-0.08093181
-0.02381580
0.08026280
-0.04757097
-0.10533284
0.04335685
0.04423298
0.08722906
0.02642845
0.04435256
0.01484796
0.01491533
-0.08692927
0.01666712
-0.01680619
-0.01312591
-0.04146709
-0.01689773
-0.00048657
0.00458670
-0.10834959
-0.04284180
-0.05095950
-0.00005915
0.04090977
0.16681421
0.05062641
-0.03334920
-0.08029661
0.02679804
-0.08914644
-0.02662952
0.07708576
-0.10343861
-0.05796498
0.00797675
0.10788486
0.09183630
-0.00969115
0.01446435
-0.02935348
0.07294858
0.00342567
0.03020388
-0.04596905
0.02781677
0.01415498
0.05808417
0.09422447
-0.04141312
-0.07278999
-0.04755604
-0.05085478
-0.06801406
-0.00787542
0.01617329
-0.14558898
-0.03496350
-0.17340602
-0.09712812
-0.09803832
0.00467230
-0.03759539
-0.01079431
-0.01652922
0.00810765
0.06007566
0.06660281
0.02113898
-0.05384727
0.04653628
-0.06744534
-0.15131822
-0.05426946
0.14364320
-0.15588596
0.16118236
0.06078082
0.03693383
-0.03405774
-0.04572767
0.01640216
-0.00409063
-0.06944933
-0.05051462
-0.00193856
-0.08711417
-0.06354615
0.14453140
0.12308534
-0.06288996
0.05713722
0.12185660
-0.07987370
-0.01606415
-0.05362044
0.10507508
-0.00812643
-0.02626528
0.01135097
0.11347373
0.01937283
-0.14254507
-0.01423345
-0.03510815
0.02256337
-0.06704035
-0.05637784
0.15885612
0.04772131
-0.08137339
-0.08579453
0.09547872
-0.01825953
-0.03572904
0.07460645
0.08701653
0.01306038
-0.06102727
-0.08124365
0.00226966
-0.12288345
0.03758576
0.08506593
0.08130233
0.13670154
0.06530551
0.06250333
0.00138533
0.03794642
0.09391201
0.05719504
0.08044055
-0.05271709
-0.08020357
0.00552845
0.16839799
0.00196284
-0.10500158
-0.04776631
-0.06702938
-0.11232236
-0.07708297
-0.04536822
-0.07457781
0.01329904
0.07548049
-0.00629012
-0.11642605
-0.00608756
-0.04101804
0.05356711
0.04835938
0.04692633
0.03487798
0.02576551
0.07434048
-0.10489773
-0.07664761
0.03427296
0.02953130
-0.10285378
0.04323240
-0.03878535
0.03908290
0.12083717
-0.02568208
0.10868721
-0.02889989
0.02864972
0.11738136
0.06716028
0.08006291
-0.04483438
0.13806805
0.07078356
0.11525096
0.09003258
-0.13703783
0.04957726
0.04121965
-0.00847967
0.03071043
0.04282920
-0.03429121
0.02129824
0.01809920
-0.10267284
0.04188644
-0.00762612
0.09310146
-0.03947231
-0.06246008
0.04530110
-0.06678119
0.01523366
0.06513202
-0.09145562
0.05089287
0.05871222
0.09889629
0.02196508
0.01955588
0.07152590
0.07391630
-0.11593962
-0.09261833
-0.06087580
-0.08731514
0.09512661
0.05518569
-0.01233361
-0.06595719
-0.07106375
-0.07573850
0.01855008
0.01754851
-0.03156278
-0.03218255
0.05538576
-0.01760717
-0.06942265
-0.06340759
0.04655662
-0.00621647
0.07134122
-0.07677457
0.07437778
-0.08845757
0.09696706
0.04805614
0.09134209
-0.06068428
0.00059783
0.08667281
0.06280667
0.00715445
0.01682997
0.01595602
-0.04257747
-0.07226270
0.02846909
0.02075765
0.09106826
-0.13916221
-0.03428913
0.04013998
0.05007023
-0.00223514
0.08680036
-0.06328021
-0.04846341
0.01567272
0.06331616
-0.10719300
0.10290488
-0.03456662
-0.13477485
0.04794165
0.08022860
-0.03227688
0.04026013
-0.08772293
0.00986173
0.08539256
-0.03024155
0.05380272
0.14982975
-0.04551716
-0.13413228
0.00256681
-0.04088050
0.04234930
-0.02345050
-0.11324463
-0.16677578
0.02909421
-0.07641651
0.05777999
-0.04966541
0.03056289
-0.05458099
0.03218722
0.00988188
-0.04271725
-0.00539401
0.06065231
0.06356257
0.06690291
-0.03402604
-0.05510676
0.00414012
-0.07344040
0.09494260
-0.13048750
-0.11034308
-0.00234709
-0.00046604
-0.07335214
0.02811191
-0.05242147
0.13090768
0.09232377
0.05059239
-0.00426019
0.09247428
-0.01671222
-0.00959867
0.05096954
-0.06345247
-0.01607131
0.06958362
-0.11288402
0.11482728
-0.12738715
-0.01108264
0.03104483
-0.01534863
-0.07982701
0.09286435
-0.11630097
0.15258522
-0.05277550
0.08531336
0.06145857
0.03303464
0.02114329
0.05652305
0.03287741
-0.00867634
0.03012380
0.05698695
0.03441520
-0.03663423
-0.04581045
-0.00522182
0.06305788
0.03801468
-0.02209349
0.02021602
0.05394078
0.00092630
-0.10271093
-0.07934448
-0.04610040
-0.06687888
0.08923100
0.14010267
-0.05975375
0.06517555
0.10488227
0.09141146
-0.12062786
0.12633781
-0.04888436
0.06707634
0.02572761
0.04027928
-0.03668687
0.09206419
-0.00328565
-0.09753281
-0.08636921
0.00880090
-0.01253123
-0.04893115
-0.08289964
-0.05882810
-0.07397293
0.02676940
0.08031105
0.05115487
-0.04277227
-0.01254780
-0.12221862
-0.07902374
0.05170369
-0.05597759
0.10658210
-0.07064779
0.04657825
0.00472785
-0.05358645
-0.06538329
0.02521385
0.04724461
0.01905456
0.08151154
-0.04246361
-0.11265972
-0.10064776
0.01381845
-0.12868634
0.00892822
-0.02223719
-0.04200253
-0.04270224
0.00473679
0.00831046
-0.07040290
0.09527870
0.09825978
0.01697240
0.10656685
-0.05605586
0.03637023
0.02677276
0.04447589
-0.02039757
0.03963972
-0.05212250
-0.01276686
0.09437346
0.09362195
0.07026573
0.06276368
-0.08742149
-0.08967963
0.10584179
-0.02033214
0.04311189
-0.05675911
-0.07018603
-0.13009851
0.06260962
-0.03240617
-0.11380306
-0.07383214
-0.09805826
-0.02438653
-0.13109533
0.03933240
0.03122826
-0.10397021
0.08780191
0.07250929
-0.05849553
-0.02222477
0.01093332
0.07735435
0.00540381
-0.15044616
-0.00303806
0.06657296
0.12550642
-0.03269806
-0.02737633
-0.04684091
-0.07330227
-0.08059996
0.00483447
0.08516987
-0.03240281
-0.01046848
-0.00170894
0.01095467
-0.08570392
0.06332173
-0.11793770
-0.02507684
0.09965795
-0.02934862
-0.12602775
-0.14261872
-0.07951114
-0.03790510
0.05104190
-0.06435818
-0.12371459
0.04069042
0.11140818
-0.12391337
0.08777817
0.07233132
0.06188849
0.07285648
-0.02842784
-0.06268075
0.04405665
-0.01758980
0.08177613
-0.05587214
-0.01871395
-0.07754707
0.17948456
0.02533127
-0.03079414
0.01458684
-0.17663236
-0.07415183
0.01646005
0.07883050
-0.02147107
-0.07225857
0.21208341
-0.01600303
0.07420681
-0.10588867
-0.02479829
0.06872827
0.10360966
0.07581972
-0.12492156
0.03695638
0.06862985
-0.05123824
0.08396751
-0.01134549
-0.05004423
-0.00674569
0.00298699
-0.04603998
0.12102886
0.02671518
0.03080777
0.02305478
-0.06704518
-0.06158185
0.02523284
-0.00943116
-0.06328692
0.01633963
0.02115398
-0.03063460
-0.02867142
0.01988960
0.11934280
0.10439898
0.05023416
-0.03342101
0.02806403
0.07664981
0.04299633
-0.09444901
0.01944473
0.12686254
0.07166081
-0.05624256
0.02467221
-0.02546859
-0.00820189
-0.06067036
0.06240026
0.02928641
-0.03754630
-0.01700621
0.03427646
-0.03496944
0.03094416
-0.04511898
-0.01360351
-0.13077974
0.10625385
0.05253485
-0.00305587
0.07507969
-0.02392474
0.04899047
-0.09763476
0.08748568
-0.01425410
-0.03951253
0.07137594
0.04135980
0.07994799
0.00320314
0.02676826
0.04256324
0.09833246
0.10919218
0.05726165
0.04341465
-0.03675304
0.04306275
0.00522393
0.02042339
0.03895205
0.06139565
0.12558940
-0.00451531
-0.01502993
0.02895348
-0.10298952
-0.03118734
-0.07273189
0.05108801
0.13609552
-0.04567654
0.07084703
-0.07782722
-0.05177271
0.09424677
0.00326426
-0.03588102
-0.09998884
-0.05071773
0.00326393
-0.00925482
0.10156114
-0.11655201
0.07562067
-0.14799011
0.08687486
0.08485012
0.07721029
-0.02930338
-0.06070824
-0.09223065
-0.14533381
0.13286449
0.11387725
0.07128636
0.02197053
-0.10711005
0.03517022
-0.08744967
0.03928975
0.05303853
-0.04220719
0.00356091
-0.00999048
0.09412431
-0.01521845
-0.05382698
-0.10933536
0.09250727
-0.00079263
-0.12287490
0.13210645
-0.06497339
0.05207048
-0.07723556
-0.04218263
-0.05835065
0.03798517
0.07236466
0.10649445
-0.03047780
0.03237918
0.07996736
0.05873198
0.07296903
-0.01059461
-0.08931634
0.01113893
-0.07894737
0.07819899
-0.03253666
0.00177389
0.06907016
0.06642893
-0.03649804
-0.01231537
0.01351762
0.01157849
0.04810228
0.01757398
0.03464301
-0.00895153
0.00263482
-0.08559649
0.07351054
-0.08191520
-0.02743527
0.06391659
0.04489467
-0.05485732
-0.00357006
-0.09763528
-0.05787165
0.04377069
0.03893673
-0.14845218
0.05340512
-0.00697583
-0.03094222
-0.03854039
0.09996510
-0.03479753
-0.00818092
-0.03276123
-0.04954555
-0.04195789
0.08413553
-0.00796740
0.02027755
-0.11298514
0.02356996
0.06513209
0.04020091
-0.08207171
0.01233548
0.04287408
-0.05982247
0.06271349
-0.02875707
0.14874230
0.02849085
0.03982024
-0.06581957
0.01557480
0.07809713
-0.01168113
0.02668251
-0.00013132
-0.02493494
-0.08816069
-0.03488166
0.00463552
0.01108280
0.04305397
0.00659097
0.00976419
0.05365194
-0.05775059
0.00592669
0.13738598
0.10058737
0.12627728
0.00007021
0.03789166
-0.00766680
-0.09949689
0.02334708
0.05925308
0.15672031
-0.07127058
0.06967147
-0.01718036
0.07795965
-0.04722505
-0.05341076
-0.12358889
0.04962613
0.01138353
-0.01802851
-0.02601828
-0.12271053
-0.08230727
0.08080730
0.07712220
-0.06721907
-0.05639322
0.10708938
-0.00238285
-0.17543931
-0.06275869
-0.01824418
0.05386469
-0.00268173
0.06194691
-0.07294898
0.00637607
0.09431355
0.01349540
-0.06697684
-0.02602362
-0.05795175
-0.01881031
-0.15794148
-0.00608642
0.04953803
0.10793244
-0.01801528
0.05795970
-0.03364867
-0.06804670
-0.08124769
-0.02577483
0.06871376
0.08673095
-0.08390664
-0.02787305
-0.07706189
-0.05563986
-0.05296459
-0.04625579
-0.09000178
0.09255186
-0.03463157
-0.07422569
-0.03829592
0.03449492
0.04920693
-0.04774812
0.05503591
-0.13712701
0.06782904
0.05755545
-0.01369441
0.03871343
0.09451909
-0.04131712
0.05765620
0.03067957
0.05282580
0.08275847
0.02982197
0.04440114
-0.00176945
-0.03990073
0.01530586
-0.00549661
-0.04815766
-0.05630301
0.00638758
0.00143599
0.07115750
0.09699017
-0.03876509
0.03883838
0.06556702
-0.02458846
0.08501988
-0.02643740
0.07143378
-0.12032416
0.09052757
-0.04762776
0.01855071
0.04037083
0.07900547
0.03285320
-0.05496161
-0.02385129
-0.05040499
0.10112718
0.08351926
-0.02861736
-0.05406511
0.07110417
-0.10257777
0.15008028
0.03049348
-0.03580761
-0.07224941
0.04005811
0.14372221
0.05048826
-0.01883334
0.00922253
-0.04694053
-0.00513588
-0.13838030
-0.08115178
0.03683044
0.13433169
0.03515848
0.01868036
-0.01435618
0.04589270
0.04086366
0.02876430
0.02505877
-0.05443500
0.07043786
0.06305088
0.02772439
-0.01216524
0.12891111
-0.03629767
0.07342760
0.07101186
0.05039232
-0.02781845
0.07783226
-0.03366556
0.07808477
-0.15902297
0.09857342
0.00827442
-0.00309302
-0.02228136
0.02605451
-0.04219234
0.01073933
-0.03595199
0.01154721
-0.09385820
0.03453509
0.03046772
0.10302099
-0.07341819
0.00894982
0.00283543
0.02278036
0.05568571
0.05587563
0.06555101
0.00402722
0.14572582
-0.00868497
0.11950169
0.07019294
0.03822485
-0.02170424
0.03244539
-0.09008484
-0.04389513
-0.06271686
0.05473875
0.00803049
0.03900369
-0.02979057
0.00639698
0.06399191
-0.12180309
-0.06745551
-0.10627307
-0.06854125
0.09470423
0.00813135
0.13463825
-0.01429837
0.03564505
0.11951908
-0.10249934
0.00902280
-0.10164212
0.09393413
-0.17200404
-0.08437188
-0.07302104
-0.05209567
0.04896768
0.07017487
-0.04342728
0.07433467
-0.03878877
-0.04781242
-0.02883322
-0.09268124
-0.09123275
0.10243261
-0.00705846
0.03389449
0.08018453
0.04213136
0.01579953
-0.05989531
0.07788160
0.11754262
0.04490135
0.09722486
0.00032145
-0.03814463
0.00295062
-0.08103999
0.03553952
-0.00721025
-0.10363462
0.05796219
-0.06313913
-0.04743236
0.05419814
-0.07730224
0.09790207
-0.01891910
0.02705327
0.03326776
0.06464219
0.02522755
-0.06891941
0.02869921
-0.08197396
0.08427959
-0.05908133
-0.05135689
0.05319373
-0.00779101
0.14073935
-0.08204469
0.04264694
-0.07438203
-0.06897200
-0.02912846
-0.01794917
-0.04501383
0.04496856
0.02614784
-0.00031268
-0.08383718
0.04797741
0.03959499
-0.04691477
-0.04515152
0.00182665
0.06788589
0.07884634
0.04308952
0.00958412
-0.02158649
-0.13740098
0.04896742
0.10133325
-0.11663151
-0.06636412
-0.00099461
0.05287823
-0.11802695
0.07077019
-0.08987855
-0.11618082
-0.08103380
-0.05925776
0.06451844
-0.14445478
0.05189427
0.01649525
0.02481418
-0.06710088
0.00201923
-0.01833109
0.04613806
-0.09655233
0.06156342
0.01518029
-0.09316521
0.00800353
0.02744319
-0.04611232
-0.08230390
0.07514475
-0.01855010
0.07442188
0.07928562
-0.05788966
0.04155087
-0.03805301
-0.09309009
0.07243669
0.05779521
0.07417895
-0.08258358
-0.09862283
0.08855765
-0.02821528
0.05339765
-0.03503380
0.00326093
0.07103340
0.00059007
0.08475870
-0.07526760
0.06864502
-0.00997297
0.03793650
0.07560259
-0.01471995
0.08146627
-0.00513720
0.05689463
0.09496319
-0.01626929
-0.03691626
0.07366049
0.03731174
-0.00717286
0.00500813
0.07362935
0.06543909
0.09555443
-0.03595995
0.08710533
0.01904367
-0.01321387
-0.04755185
-0.06863412
0.01051298
-0.04556141
0.05196862
0.06439585
0.11086375
0.07753975
-0.09543627
-0.02718031
-0.08486107
0.01344403
-0.12109563
-0.00278268
0.00862955
-0.16039485
-0.01769335
0.02059036
0.08413096
0.09456716
-0.00691360
0.01861987
-0.09648616
0.02627253
0.05797746
0.08946709
-0.02427594
0.09215055
0.05771158
-0.02295239
0.06308672
0.08920771
0.11525940
0.16471869
0.05536259
-0.07885234
0.08966581
0.01154127
-0.04169180
-0.02752633
-0.02301422
-0.10737381
-0.08358616
-0.10597043
0.01963068
0.02802389
-0.03033877
-0.13266556
0.05983661
-0.04658430
-0.03962171
-0.06317700
-0.09318972
-0.02581308
-0.15783451
-0.07533052
-0.03061940
0.04540525
0.00890996
0.00191504
0.02343825
0.23888722
-0.00011834
0.05588899
-0.05659670
-0.07072578
0.03890112
-0.14873490
0.06307497
-0.02376368
0.02799451
0.16537763
-0.08358283
-0.09539443
-0.03220019
0.10751622
0.09519893
0.08985200
-0.00599933
0.05882983
-0.19262941
0.10122798
-0.00645450
0.08610323
0.02738186
0.21170788
0.05994730
-0.06810169
0.02180269
0.10471134
-0.08239519
0.04025603
-0.09198255
-0.03008707
-0.03889886
-0.06824809
0.00549128
0.07532114
0.14959468
0.07539725
0.09782185
0.06789627
0.03132701
-0.24616261
-0.05221425
-0.09162371
0.00076646
0.05046372
0.03206261
0.01411888
0.02824954
0.05623984
0.19154394
0.08550522
-0.18112731
-0.07584196
-0.00246401
-0.06157205
0.04380192
0.07573456
-0.06516912
0.00293639
-0.04570158
-0.10279759
-0.08845785
0.19027899
-0.20922740
-0.11670365
0.03385248
0.06749281
-0.04317499
0.00110147
0.03915858
0.00078795
-0.03566353
0.13641188
0.02697402
-0.08248869
0.05525161
0.11030281
-0.08168305
-0.12482195
0.02482986
0.10342626
-0.04057930
0.11069978
0.02008793
-0.04363253
-0.03596366
0.02675228
0.14182450
0.02071194
0.07645106
-0.07174686
0.08679049
0.08745330
-0.07408828
-0.03170478
0.05362905
-0.06263509
0.05301466
0.04665248
-0.12709193
-0.02485210
0.04863600
-0.09414687
-0.08189678
-0.10740466
0.02217531
-0.00716751
-0.09237286
0.04014884
0.02069761
0.14747579
-0.07739162
0.01907568
-0.06487024
0.07820150
-0.03423252
-0.00138625
-0.02050750
0.00173222
-0.14658737
0.06631258
0.00292114
0.00862857
0.00025615
-0.06003838
-0.11501192
-0.00114843
0.07167666
0.00328895
0.04280608
0.01945076
-0.00821214
0.10678610
-0.06477026
-0.00636253
0.04191292
-0.01838578
-0.08264393
-0.04312237
0.02191141
-0.17527846
0.02133057
0.03913798
0.04642588
-0.11148343
-0.03827186
0.04722045
-0.04025198
-0.00089958
-0.03002175
-0.16294101
-0.01534932
0.02408142
0.05112282
0.05907221
-0.03642927
0.07935351
0.05969025
-0.08696219
0.07106973
-0.04957565
-0.06844179
-0.00329885
0.01534493
0.09425483
0.06063434
0.00993252
-0.08864313
0.00125160
-0.09716441
0.12048809
-0.04076032
0.02193959
0.00038090
0.06897154
0.01007980
0.07447718
0.01001133
0.04844007
0.06273150
-0.06626711
0.04292681
0.06313509
-0.08706167
0.04269249
0.04279869
-0.03750385
-0.04431952
0.12899713
-0.09731366
-0.23232590
0.04810071
0.12586278
0.08470988
-0.02329192
0.02797935
0.06096734
0.05473895
-0.04537381
0.06009367
-0.13022055
0.07196201
0.09085074
0.10105809
-0.09270768
-0.11219067
0.08124845
-0.01370719
0.01167599
0.11311436
0.03021538
0.09681734
-0.03356035
-0.03501809
-0.02117321
-0.04124623
0.15099655
-0.09102480
0.08177760
0.03051387
0.00051630
-0.10354166
-0.05363060
-0.08073854
-0.15217967
0.07941106
0.09648183
0.05751570
0.09754496
0.06962443
0.06793824
-0.08602726
0.05436039
0.06457089
-0.07557328
0.05355787
0.00658459
0.01366972
-0.14620866
0.00547791
0.10588823
0.02333279
-0.05641616
0.00328543
0.02124907
0.06892741
-0.00016490
0.03988526
-0.03372043
0.06007719
0.05542082
0.08571535
0.01135460
0.05503265
0.01501907
-0.01537229
-0.14703387
-0.00687453
-0.09270956
0.10653703
-0.11716794
0.02982010
-0.07351222
0.02613368
-0.09437731
-0.11765914
0.01071262
0.06247836
0.14070337
-0.00255644
-0.03734501
0.00234581
-0.04373747
0.08127141
0.05193199
0.05474037
-0.01444216
0.05173568
0.05401981
0.01416469
0.10980690
0.13463989
0.00605012
0.08018173
-0.15031017
-0.01301797
0.09217226
-0.10535153
-0.00205354
-0.01884858
-0.15165295
0.04106932
0.00000211
-0.01075996
0.03759557
-0.03825755
0.01662996
0.02696847
-0.05281566
-0.00133552
-0.10793965
0.03094465
-0.00880208
0.03706484
-0.04527325
0.04344929
-0.09859121
-0.06704585
0.03870327
0.06364263
0.10206917
-0.14022104
0.10469736
-0.00925733
-0.11309824
0.03944163
-0.07877591
-0.00871962
-0.04991423
-0.05940658
0.06605507
-0.06790692
0.01399545
-0.02032345
-0.07551084
0.02404516
0.03112426
0.01319142
-0.02229776
-0.06250269
0.03384511
0.07218427
0.01737090
-0.03389439
-0.07136739
-0.00199078
-0.04342724
-0.01144531
0.05341434
-0.06195210
0.05658976
-0.03578480
-0.05186241
-0.07166410
0.02078057
0.06810186
-0.05881819
0.03503147
-0.05704049
-0.06897061
0.02648189
0.05339902
-0.05008659
0.07791331
0.16013122
0.00539706
-0.02108514
-0.02533142
0.11207741
0.02049281
-0.03804347
0.10174322
-0.13904929
-0.02260981
-0.03661809
-0.07677133
0.04844122
-0.02255834
-0.09093294
0.08381075
0.00583207
0.00171566
-0.09059244
-0.07799391
0.10097107
-0.07269723
0.05412188
0.11982406
-0.02388629
0.02420407
-0.03774212
-0.19771948
0.00120222
0.08672623
-0.04663289
0.00289110
0.02286766
-0.08004224
-0.04869844
-0.15148579
0.00063722
-0.01729391
0.01904411
0.04294045
0.05263350
0.01898642
0.03349521
-0.00598495
0.04012837
0.06055359
0.00819872
-0.02810314
-0.02888978
0.04648589
-0.03002563
-0.07991741
0.04833191
0.00845171
-0.04991502
0.07889888
0.09052017
-0.06454354
0.00621236
-0.10000651
0.06650058
0.07140002
0.00825997
-0.05331046
0.06378852
0.02741902
0.04200806
0.11400295
0.12601535
0.00632928
-0.07478161
0.00807576
-0.00001315
-0.02995275
-0.12440219
0.08857910
0.10081191
-0.04940429
0.03590277
0.07780349
-0.00577813
-0.07846696
0.03499132
0.04652552
0.02348910
-0.12884389
-0.05235801
0.08637711
-0.10382258
-0.01984948
0.08607938
-0.02528740
0.07399473
-0.06456102
-0.07931931
-0.07888224
-0.10016331
0.02100129
-0.00968621
0.04234280
-0.11697076
0.14429973
0.04125089
-0.05574084
-0.01834457
0.19199173
-0.00969516
-0.01271120
-0.04969795
-0.08574881
0.08357774
0.01928994
0.09845491
-0.01461195
0.05805462
-0.06394969
-0.10851952
0.06472100
-0.07302306
0.01577451
-0.16155677
0.04443508
0.00668818
-0.06808083
0.04242238
-0.07663158
0.02497341
-0.09341095
-0.03560619
0.07639114
0.00017242
0.06950682
0.00588184
-0.03076620
0.03297699
0.00587242
-0.07500633
-0.10746200
-0.02476134
0.06031056
0.01250274
0.10869309
0.15131627
-0.04810906
0.04546601
0.05075326
0.06477767
-0.08776814
0.01720382
0.13877222
0.03018375
0.02817693
-0.05571669
0.02062523
0.10469662
-0.04510007
-0.06877254
-0.07938158
-0.06966087
0.14161879
-0.06742490
0.09407098
-0.02506900
0.08787157
-0.08468407
0.03914756
-0.00342407
-0.05877835
-0.02335450
0.04094923
0.09632248
-0.00416262
-0.08898357
0.07892966
-0.01191985
0.07407914
0.01621254
0.06225935
0.06770183
-0.08103229
-0.05977995
0.05947718
0.05413912
0.03377988
0.02943296
-0.00282083
-0.01889654
-0.02273814
0.04499710
0.04780372
0.05758203
0.07214565
-0.13828850
-0.05372025
-0.01425972
-0.05920866
0.03518888
0.04700863
0.08152490
0.01511002
0.11080918
-0.07897032
-0.01329487
0.05842914
-0.00953698
-0.13784274
0.08155335
0.04013618
-0.04429969
0.08978037
-0.00191782
0.06436389
0.06748948
0.04407083
0.07876326
0.04186762
-0.08895402
0.01477718
-0.10951018
-0.11090002
0.08556495
0.13389996
0.15039207
-0.05547703
-0.01850217
0.03736436
-0.02524554
-0.10977638
0.07284798
-0.06644744
0.03045942
0.07959041
0.06613382
-0.03883335
-0.02108587
-0.12964304
-0.08250147
0.10467919
0.18930246
-0.11688543
-0.08266940
0.00764191
-0.02687710
-0.06586676
-0.03118652
-0.00802710
-0.06671422
0.05299713
0.06232490
-0.00738255
0.07223085
0.03398911
0.04342235
0.00795890
-0.00864654
0.16611341
-0.04874958
0.03125180
-0.06716854
0.03680998
-0.07468889
0.06019787
-0.00805365
-0.10539080
-0.06258708
0.03632991
0.06737917
0.15237162
-0.05346720
0.03913580
-0.04443574
0.06114362
-0.06113488
0.05850991
0.07371759
-0.00431160
-0.02226523
-0.07465009
0.17208314
-0.01820496
-0.10631016
-0.00052633
-0.03835145
-0.11709836
-0.18155441
0.06865366
0.07314652
-0.04489157
0.00302658
-0.07910227
0.04393627
-0.06333136
0.04034375
-0.02285935
0.04372712
-0.01082445
0.02573348
0.01243885
-0.05382325
-0.09513481
0.01328069
-0.03305997
-0.02345320
0.01758819
0.01216903
0.04470165
0.04124549
-0.03530229
0.07877532
-0.11535186
0.04415100
0.05044815
-0.03637009
-0.04820546
-0.02060555
-0.01239315
0.08476393
-0.09857248
0.01563261
0.12493999
-0.07790469
0.04927155
0.11449660
0.11152618
-0.12521008
-0.08398142
-0.05233045
-0.07100049
0.02222786
-0.09101167
-0.12140647
0.10108279
-0.14772789
-0.02749837
0.02940575
-0.04212086
0.06784836
0.06693260
-0.01042315
-0.05372499
-0.01648697
-0.12776184
0.09504221
0.02982695
-0.07667366
0.05079255
0.02282347
-0.04550168
-0.03741893
-0.04916296
0.05223500
0.08999834
0.05136063
-0.02829320
0.07558420
0.01659507
0.02658852
0.00727356
0.08083274
-0.10097940
0.07641236
0.14022931
-0.11070444
0.04624254
-0.04089841
-0.06662847
0.00607379
0.05820169
-0.11261969
0.08370864
0.04394805
-0.09377686
-0.11235338
0.03276438
-0.00939061
0.01825919
-0.07966357
0.07775029
-0.02698585
0.00533496
-0.13506855
-0.10511681
-0.01432937
-0.04307525
-0.04433380
0.09366686
0.14834002
0.08569795
0.06791764
-0.04735602
0.16821305
-0.04356753
0.12195841
0.02499785
-0.01819650
0.01118631
-0.10010877
-0.09659066
-0.05783313
0.05058847
0.04193735
0.06844197
-0.05478753
0.07820542
-0.07312017
-0.00131440
0.03535195
-0.08849833
-0.09056207
0.10055042
0.04628605
0.05750453
0.00908842
-0.13455181
-0.14382936
-0.00865688
-0.01161147
0.12086824
-0.19980919
0.09702315
-0.00028764
0.18234032
-0.09952409
-0.05602489
0.10954232
0.01561741
-0.09033713
-0.01934982
0.03282047
-0.00843881
0.05886003
-0.06957158
0.05761888
-0.13426502
0.00618940
-0.08319641
-0.12138993
0.01214747
0.08329662
0.03284206
0.03279000
-0.08228858
-0.07541006
-0.08336297
0.14645897
0.09966992
-0.02510746
0.03825285
0.00132433
-0.05139065
-0.10782119
0.00473202
-0.07240513
-0.02763218
0.02538112
-0.07407012
-0.05370414
0.02880125
-0.12059783
0.07714356
0.06759403
-0.09392881
0.06234419
0.15088369
0.06891968
0.01132185
0.00398063
-0.06785699
-0.02449603
0.08089734
0.01021010
0.00636028
-0.08530474
0.12822185
-0.04070001
-0.06323809
-0.05180345
0.13001613
0.03614742
0.09802663
0.00923437
0.01872214
-0.00348521
-0.05060753
-0.03774647
-0.07786137
-0.04529695
-0.07848216
0.03612055
-0.06260731
-0.08177570
0.02247285
-0.03190654
0.05251798
-0.05217867
0.05049565
-0.02489275
-0.07041161
0.03018313
-0.07067142
0.03564537
0.01760077
0.07212801
0.01609715
0.10803098
0.03979030
-0.03939202
-0.04495523
0.02106250
-0.06854489
-0.04885065
-0.01626136
-0.19017486
0.00936568
-0.04299321
-0.15415485
-0.11187654
-0.14766932
-0.00493524
0.05512441
0.06199280
-0.10244852
0.05040673
-0.05103170
-0.01304471
-0.14020324
0.01982537
-0.06104930
-0.02388772
-0.16122432
-0.04778797
-0.02976823
-0.07956669
0.02830717
-0.14751822
-0.19226091
0.07572794
0.10508487
0.00925435
0.06872705
0.10759386
-0.01790536
0.01793325
-0.08408479
-0.08685863
-0.03525456
-0.22039661
0.19763671
0.01746589
0.08139537
-0.05259018
-0.05992706
0.04626540
-0.05617472
-0.01089538
-0.04256407
0.01057776
-0.02620019
-0.05144991
0.08249162
0.02420667
0.03796690
-0.01217842
0.05039774
0.00641904
-0.07319711
0.04298584
-0.10425089
-0.09899556
0.02389519
0.03079915
0.05793855
0.06515954
-0.11514969
0.03268812
0.07819077
-0.01591428
-0.06501424
-0.08347891
0.05355283
-0.03788970
0.10210539
-0.03103827
0.06070841
0.07377011
-0.03906649
0.01102932
-0.01733555
-0.03239056
0.02676013
0.01207215
0.06573956
0.07680668
0.07386027
-0.03523558
0.09166268
0.11275078
-0.04934009
0.07321783
0.05618284
-0.01663627
0.04769553
-0.01783448
0.00178023
0.01075089
-0.08244654
-0.02377712
-0.09910023
-0.06205363
0.06069389
-0.06651703
0.06360744
-0.10812761
0.04399144
-0.03751092
-0.06527980
-0.01892860
-0.03381064
-0.06830717
-0.06291847
0.03777584
0.00630741
0.08986747
-0.06270500
0.07868069
-0.08427078
-0.03662889
0.04328659
-0.05894925
0.08793240
-0.04400055
-0.00829952
-0.02580317
0.00365982
0.08914865
-0.05225316
0.00539109
0.07516897
-0.04575250
0.08830968
-0.03121760
0.03832782
-0.02513174
0.01166017
0.04388865
0.00570538
-0.04913408
0.06107621
-0.06831226
-0.04142287
-0.07339002
-0.09378190
-0.01010026
0.04707573
0.01873011
0.00928887
-0.02905319
0.08060419
-0.05119791
0.06779888
-0.07990676
0.06727701
-0.08503698
0.04667164
0.04367170
-0.05449786
0.08364654
-0.04933811
-0.00691175
0.01521554
0.06314088
0.03158635
-0.00951370
0.02855170
-0.02740295
0.04300019
0.05856511
-0.08957285
-0.05323867
0.01752899
0.05482079
-0.11871337
0.03600903
0.01689632
0.12675203
0.15025233
-0.09995421
-0.07247338
0.01691728
-0.02971252
0.05776815
-0.08370784
0.10022580
-0.15128818
-0.19021209
-0.03345068
0.04443126
0.12970245
-0.02406591
-0.00554924
0.04130772
-0.12514344
0.03626134
-0.12017766
-0.00408847
0.17204966
0.05351156
0.00046515
-0.10670036
-0.12641770
-0.09388617
0.02465697
-0.10198435
-0.09309705
-0.11939477
0.12498498
-0.17883180
0.14109364
0.15312915
0.14682361
0.05663171
-0.04581956
-0.09679449
0.00900946
-0.15849346
-0.00720059
-0.21679392
-0.06287149
-0.03040720
0.06458531
-0.03200964
0.02127876
-0.01790864
-0.17572939
-0.02324471
0.12049761
0.02395481
0.07462431
-0.13379689
0.13637958
-0.06092058
0.06752010
0.22172032
0.08871129
-0.02502650
0.06239279
-0.15330663
-0.01665035
-0.03500456
-0.06049527
0.04798559
0.07460783
-0.06786730
0.02886280
-0.01533966
0.00875401
-0.08354325
-0.06222784
0.04062729
0.06486797
0.08001193
0.17327027
-0.10174181
-0.05072723
-0.08052470
-0.19130757
0.08555798
-0.02521333
-0.01537231
0.00660125
-0.06294663
0.06192205
0.19090793
0.01851829
0.13126224
-0.01692248
0.19107257
0.03434364
0.21865863
0.01677270
0.07898778
0.01718944
-0.02161812
-0.17066610
-0.05952774
0.06273537
-0.21408187
-0.07644641
0.03517789
0.00609200
0.06619175
0.00862108
-0.08998895
0.14703533
-0.03632203
0.07774615
-0.13790110
0.20045605
-0.12706113
0.15140463
-0.03929628
-0.20070343
-0.07725301
0.09699502
-0.08434334
-0.00323605
-0.18203032
0.03444896
0.03513086
-0.05554812
-0.07832530
-0.04906083
-0.00599347
0.00466517
-0.19178191
-0.05584991
-0.03347855
0.13669604
0.16838115
0.06884669
0.19466801
-0.20113656
-0.04651383
0.12416603
0.03860626
0.07500052
-0.02875016
0.05590712
-0.02588263
-0.05578253
0.09972890
-0.00991240
0.00674621
0.09889064
0.07669285
-0.23072775
-0.04147981
-0.15540788
0.13894664
-0.05737216
0.11153340
-0.03665150
-0.11123168
-0.15978926
-0.12189173
0.04515777
0.07376777
-0.15874226
0.01174158
-0.13503464
-0.02185102
0.09846862
0.04939818
0.00524458
-0.17558672
-0.00700857
-0.08894055
0.16805416
0.02869330
-0.03613894
0.12186879
-0.05542119
-0.13437954
-0.10587665
0.00605800
-0.08490957
-0.14539665
0.17853735
-0.00235662
0.14823002
0.03349657
-0.04322645
0.13781540
-0.04392704
0.04448779
0.06215731
0.05971431
0.04769940
-0.07265341
0.04049703
0.05947185
0.05112044
0.05698257
-0.02060444
-0.02871558
0.07026067
0.08664180
0.08938251
0.04456939
-0.09534395
-0.09448932
-0.04217633
-0.04963334
0.03379059
-0.02279943
-0.00161230
0.09392110
0.02276989
0.05002204
0.06655411
0.00037303
-0.05194534
-0.04661127
-0.07592326
-0.00021842
-0.04369498
-0.03392119
-0.08979564
0.00630418
-0.08372113
-0.01484806
0.01314756
0.04768584
-0.02615861
-0.09991112
-0.10061818
0.01782953
0.06009400
0.09315102
0.01412944
0.05729239
0.01525860
-0.11014692
-0.04611092
0.09223557
0.08134340
-0.04321649
0.01253008
-0.00136078
0.08975311
-0.04693953
0.01828763
-0.09207340
0.06320399
-0.04245692
0.05523332
-0.03778891
0.11740377
-0.01432112
-0.16116673
0.01387457
0.07433085
0.01315549
0.20341110
-0.11038989
0.07526746
0.07978668
0.04362897
0.06171002
0.01432558
0.02402017
0.12156282
0.03033523
0.09653075
-0.00176819
-0.08532050
-0.03216810
-0.03957345
-0.07951140
0.00082578
0.05619984
0.09471796
-0.07092490
0.00623044
0.13949589
0.16320898
0.11416271
0.00581566
-0.01948949
-0.02772301
0.09197363
-0.12592436
-0.03588369
0.06340028
-0.06467476
-0.03494506
-0.09954232
-0.03842530
-0.01066654
-0.01746248
0.01322857
-0.06481458
0.01575726
-0.03604384
0.07474257
0.04030256
-0.07478230
0.08941727
0.00356931
0.00945156
-0.18937509
-0.02918560
0.02215862
0.05470547
-0.10984582
0.15506904
-0.12283200
0.09402192
-0.04722304
-0.01312207
-0.10377324
-0.00135688
0.04599863
-0.15368725
0.04059190
-0.01740520
-0.10847840
-0.08001295
0.00335148
-0.02409067
0.08249076
0.05619479
-0.00591313
-0.02588354
0.07136982
0.06642558
0.00264750
-0.02901585
-0.11535413
-0.09877979
-0.05404740
0.03357309
-0.01771325
0.02629463
0.00475059
-0.04846857
-0.11090210
-0.00554093
-0.02845351
-0.02855117
0.05463677
-0.13126092
0.02963037
-0.07846119
0.03938422
-0.02224110
0.00675809
-0.02532516
-0.05470826
0.04473657
0.10559882
0.01469353
0.01508578
-0.02943249
0.08404227
-0.02200606
0.07562987
-0.01416206
-0.00498240
0.08575240
0.04358466
-0.09573637
0.03566791
-0.02142327
0.07428356
0.06280765
-0.05511064
0.03029621
0.02206657
0.00304843
-0.07520530
-0.04317944
0.04656271
-0.03820423
-0.07936213
-0.11672607
0.12779512
0.02051924
0.05085820
-0.02175991
0.10502972
-0.04638940
-0.01045086
-0.02805433
0.01798015
-0.00586187
-0.00619246
0.08282864
0.10034816
0.04957192
0.00287983
-0.14724551
0.06203110
0.02692457
0.10057762
0.04314423
-0.01556296
0.04288714
-0.05201803
0.04781808
0.07001046
-0.07315709
-0.02853429
-0.01192179
0.02521912
-0.05654844
-0.03506415
-0.10262308
-0.03186600
-0.07728457
0.07936029
-0.07308286
-0.03502724
-0.03286934
0.03049901
-0.11286842
-0.03647928
-0.14037648
-0.04228721
0.00576169
0.14908513
0.12039595
-0.08188428
-0.01283162
0.04279795
-0.08488765
0.01077130
0.00709347
-0.05512476
0.07588947
0.04396782
-0.02589000
0.12416198
-0.09125976
0.06282432
0.09696046
0.06721726
0.01735603
-0.02366794
0.02974018
-0.06072267
-0.14421600
-0.10634106
0.10385416
-0.17209113
-0.04573931
0.12746419
0.16715750
0.17785898
-0.02842175
0.06776918
0.01669246
0.06258729
-0.13619834
-0.00677893
-0.00589693
0.07523116
-0.00413742
0.00361586
0.15314987
0.02071749
-0.01787558
-0.03362891
-0.12335699
-0.05410558
-0.06123148
-0.00474739
-0.12652352
-0.01041698
0.02360083
0.09124985
-0.01224522
0.01422631
-0.10973958
0.04009950
-0.04428080
-0.11978229
-0.16490358
0.11224835
-0.16481158
0.18508434
0.11936239
0.03866300
-0.11877250
-0.10891750
-0.13246468
0.01191604
-0.14466396
0.10360582
0.04373610
0.12557228
-0.18528369
-0.10828990
-0.04664939
-0.10143162
0.04125955
-0.07315777
0.17222001
0.08496907
0.17404875
-0.09814208
0.07201848
0.18734236
0.07259465
0.02524442
0.00250020
0.08488485
0.02816782
-0.06017183
-0.06099911
0.03288772
0.06987857
0.03483587
-0.04844106
-0.00882736
-0.08583865
0.00981726
0.02813484
0.08868623
0.08271720
0.06122504
-0.02635132
0.14523473
0.07009734
0.07155409
0.08396962
-0.04602219
0.10943169
-0.06514654
0.06217071
-0.13349400
-0.06907127
-0.08096199
-0.07827554
-0.09329283
-0.01513417
-0.12849213
0.03049944
-0.07325454
0.00700130
0.02678692
0.00750272
-0.07519429
-0.09059868
-0.00574815
0.07795946
-0.04822282
0.07339809
-0.13229050
-0.02200662
0.03971510
0.04737619
0.09215897
0.03615569
0.14512883
0.01068693
-0.07547402
-0.02883094
0.05342098
-0.03651138
-0.09671792
-0.03307820
-0.00721725
0.11730913
0.10353234
-0.08628015
-0.06597751
-0.07068915
-0.03128698
0.03836934
-0.01724257
0.02327265
-0.07479822
-0.11460137
-0.09752284
-0.01554136
-0.09716053
-0.08971456
-0.03232107
0.03314529
0.16061857
-0.02357017
0.16513473
-0.13076508
0.17054430
-0.02315898
0.17517297
-0.02856219
0.00511400
-0.12254266
-0.14196254
0.02586867
0.06377584
-0.01951309
0.03733349
-0.19854948
0.10751758
0.07350560
0.12522607
0.02224788
-0.03442624
0.04675177
0.07594962
-0.03235802
-0.01035220
-0.31054980
0.18380523
0.10096298
0.08661179
-0.04861912
0.12822612
-0.09742833
0.00274283
-0.09442309
-0.05638834
-0.01249820
0.04234312
0.14373676
-0.01163523
-0.21308020
-0.15242763
0.03205702
0.06947422
-0.08533735
0.17944644
-0.01213781
-0.10987541
0.18305570
-0.17298160
0.01598754
0.07209471
-0.10210168
-0.00013924
-0.09686030
0.00273414
-0.07460805
0.01865039
-0.25443447
-0.11389285
0.10667805
-0.11099435
-0.09927706
0.01506732
-0.08329153
0.09238345
-0.06831466
-0.07011972
-0.15361252
0.12234540
0.00712776
0.06659842
0.00684060
-0.10315842
0.07660811
-0.04599538
-0.03663351
0.03247713
0.00865097
0.00277194
0.06204174
0.06157793
0.08577868
-0.17694579
-0.09404758
-0.00178101
0.01734838
0.01134680
0.04346826
-0.00446649
0.09153197
0.11024430
0.01582925
0.01376848
-0.05304230
0.07907169
-0.09024250
0.13472548
0.01028071
-0.00619330
-0.01755249
0.01660454
-0.07291923
-0.09453282
-0.09133861
-0.25251126
-0.03777909
-0.04406710
0.00290084
0.05380664
-0.00511193
-0.11482911
0.03783053
-0.02459886
-0.05141816
0.03429565
0.08102845
0.02907233
-0.07720736
0.06227671
-0.04553119
-0.08778956
-0.09125571
-0.08277729
0.06860661
-0.00908455
-0.03374851
-0.01781675
-0.01637864
-0.09723324
0.01552979
-0.01501623
0.00011294
0.08043497
0.02933159
-0.00034450
-0.05574720
-0.02352197
-0.07617841
-0.04591544
0.08139398
-0.06954546
0.07977593
0.03207432
-0.10058859
-0.06777790
0.06420058
-0.03145732
-0.00417969
-0.00031215
0.04570993
0.07162212
0.00718693
0.00838066
0.02307587
0.07925825
0.04663607
0.03637628
0.01460832
-0.03489761
-0.03333055
-0.07898879
0.00449790
0.03918780
-0.07918254
-0.00234869
-0.03777531
-0.03596055
-0.02301042
-0.02207303
-0.05225557
0.09349747
-0.04460439
-0.00005724
0.04841003
-0.07779726
0.08500579
0.06773392
-0.06694678
-0.01251748
0.24069855
-0.00048151
0.05950913
-0.02558486
-0.03927799
0.00263658
0.15023291
0.04057994
-0.10897668
-0.02694055
0.02776985
-0.14383493
0.01489982
0.03328384
0.05647755
-0.04187547
-0.02081755
-0.02469256
-0.00840958
-0.21104063
-0.09938023
-0.02651048
-0.09156463
0.01228537
-0.16177544
-0.05814136
-0.02173943
0.05772091
0.03678221
0.02916030
0.04074381
0.05174092
-0.09875122
0.02530018
-0.10368205
0.04533107
0.06951389
0.10183885
-0.08220569
-0.02715435
0.02820944
0.04650132
-0.13012563
0.01248720
0.08780459
0.16143396
0.09087233
-0.04340934
-0.05386136
0.09709383
-0.07526577
-0.10618566
0.11612671
-0.09389446
0.06573322
0.00848443
0.01374275
-0.14030668
0.10943718
0.00575089
0.04811433
-0.06910152
-0.04679292
0.10975695
0.01248476
-0.01017011
-0.01393899
-0.10884214
0.11990179
-0.06546158
0.06603627
0.09794384
-0.06977301
0.07850990
-0.05201597
0.04420426
-0.00801169
-0.06395684
-0.05421839
0.07711011
0.00402315
0.04392132
-0.07193879
-0.04292402
-0.00678741
0.07040621
0.03668624
-0.04382153
-0.07832768
0.02960844
0.13464125
0.02440651
0.07390314
-0.00658436
-0.09021616
-0.00599502
-0.01821297
0.01390025
-0.06339605
0.08050489
-0.01801503
-0.04900545
0.11672471
-0.06965347
0.05849834
0.06930847
0.07022547
-0.05971073
-0.10556260
-0.06095165
-0.06422274
-0.06402583
-0.10448591
-0.05323326
0.09990303
-0.06511708
-0.06528961
-0.01269662
-0.01528248
-0.03320239
0.05338900
0.17387731
-0.02785334
-0.03462598
-0.05629288
0.03157474
0.06487587
-0.04971345
0.00861266
0.15767327
-0.11187760
0.02599351
0.03880829
0.00571058
-0.13388859
-0.02770619
-0.09034386
-0.01111137
-0.10165639
0.14546488
-0.02344491
-0.08474757
0.02559487
-0.04339431
-0.07251913
0.03652273
0.08413284
0.14150999
0.16533038
-0.00815905
0.14281599
0.01384043
-0.01937686
-0.00687883
0.06164873
-0.04006210
-0.06394316
-0.03452333
0.09837127
-0.12067412
-0.01083680
-0.01222212
-0.01025388
0.02840919
0.08176219
0.00516320
0.17795405
0.01342304
-0.10973902
0.14666246
0.00358175
-0.10826098
-0.10761830
0.04616887
0.12543991
0.00413585
-0.08927730
0.00284850
0.09776322
0.03778102
-0.22310431
-0.11204543
-0.07367507
-0.00422232
0.04867559
0.08882802
-0.10328813
0.04793427
0.16628428
0.15339778
0.06414250
0.01743028
-0.15594006
0.04443603
-0.07699883
-0.17112385
-0.07053600
-0.17436083
-0.07594780
0.02883350
-0.00835632
-0.02829239
-0.04266332
0.17968395
-0.05539973
-0.04783970
0.14258544
0.02511943
-0.01601311
0.10754386
-0.10690864
0.19173172
-0.04532449
-0.12792155
0.01528322
-0.01443128
0.16208175
-0.01034612
-0.03620853
-0.10420813
-0.10309996
0.11033385
-0.01854622
-0.14225237
-0.03295795
-0.15013769
0.00973503
-0.03504321
-0.09558924
0.03926234
-0.13942313
0.01327595
0.00308532
-0.12047958
0.04662864
0.00903524
-0.14002731
-0.00736400
0.06585179
-0.07083494
-0.02843972
0.07664791
0.05200690
0.12253168
-0.00605956
0.03641574
-0.00275142
0.04116577
0.00905797
-0.04266996
-0.05938838
-0.09077004
0.05596380
0.05967410
0.02603542
-0.03004463
-0.01623406
-0.12250115
0.05495956
-0.04365135
0.02119284
-0.12078992
0.07095271
0.05643170
0.03112285
0.12012965
0.01390117
-0.01314565
0.05074822
-0.03219856
-0.08794893
0.03165706
0.07880914
0.13161398
-0.02835573
-0.10545053
-0.01198347
-0.04110282
-0.13149677
-0.01944165
0.01759353
0.01105261
-0.02768241
0.04309823
-0.05976252
0.00135617
-0.02427521
0.16901039
0.06578247
-0.01998476
-0.12394920
0.11177912
0.00071759
-0.01362289
-0.23515494
0.05562599
-0.14070159
0.03082686
-0.01603850
-0.00411789
0.05533820
-0.09602703
-0.04942407
0.01877870
0.05358149
0.02903057
0.02009057
0.00929413
0.03547179
0.04843243
-0.00529561
-0.01697699
0.11123899
-0.15994166
0.20188046
0.13044675
0.13114223
-0.18763660
-0.01097627
0.15100937
-0.02589547
0.04272356
-0.06789329
0.00317754
-0.10272969
0.10373089
0.01948290
0.12603688
-0.02345533
0.04093429
-0.04592461
-0.11639375
-0.12729318
0.02692327
-0.02792052
-0.00824584
-0.11464062
-0.06911211
-0.04014171
-0.05138748
-0.02816608
-0.03653651
-0.05163690
-0.06638128
0.00705813
-0.03330360
-0.03559829
-0.05950236
-0.11338066
-0.02214498
-0.01738559
0.08929196
-0.07612330
0.01471963
-0.09331328
0.05649638
-0.08602853
0.00534187
-0.08481491
0.07017108
0.05352762
-0.05218996
0.05900148
0.00773875
-0.10402219
0.16278817
0.09628215
-0.09045743
0.03608887
0.09572849
-0.06359129
-0.03680542
-0.02095227
0.02090438
0.02721914
-0.05080485
0.07023156
0.10577758
-0.12978940
0.07673291
-0.04384090
-0.02699037
-0.07948238
0.15990859
0.00414666
0.00217704
-0.02783064
0.01893741
-0.01732618
0.01232516
0.12873627
0.05514662
-0.10751471
-0.00958721
-0.09986448
0.09550672
-0.00273347
0.06488980
0.04783665
0.01051607
0.01094834
-0.13599673
-0.04811325
-0.04790899
-0.03758648
-0.07331510
0.13516100
0.01776544
0.11614364
0.05004919
0.09208393
0.06556062
-0.07518217
0.00862707
-0.03045319
-0.06244884
-0.12068202
0.12218557
-0.15282558
-0.12429424
0.05223698
-0.01956588
0.09349468
-0.08531635
-0.13262859
-0.01220738
-0.08354454
0.00849216
-0.01491418
0.04668831
0.07418947
-0.06001686
0.10135447
0.12819089
-0.04614490
0.11553070
0.07809554
-0.03550806
-0.06923248
-0.05588310
-0.03153686
-0.09254271
0.14452055
-0.11592012
-0.05591198
-0.07211491
0.01088096
0.06280807
-0.06381230
0.00755085
0.03682910
-0.01609230
0.11939855
0.11434487
-0.01021427
0.02101341
0.13142933
-0.01218269
-0.10833558
0.10781148
0.01479402
-0.00006897
0.04578182
0.13199991
-0.14314681
0.06831370
0.00159855
0.10920727
0.01031089
0.02336300
-0.06603266
0.00578177
0.04959624
-0.06310782
0.07607498
-0.06067363
0.07985955
0.00536886
0.08679589
-0.09119919
-0.01113205
-0.09894831
0.03458641
0.01732816
0.01107972
0.05715623
0.00787761
0.14199044
0.08793921
0.09354400
0.03589935
0.00516164
-0.03851218
-0.11807652
-0.01666847
-0.09529269
-0.07370269
0.00054803
0.03298163
-0.07569516
-0.01499942
0.10293673
-0.06449749
0.01735902
-0.06447840
0.05183878
-0.05034769
0.03333013
0.03218163
0.05529759
0.03064409
-0.09608642
0.12026529
-0.02731584
0.06686610
-0.08102750
0.07826345
-0.17633666
0.06570037
0.02215599
-0.03293594
0.02306668
0.08165102
0.00747896
0.06130783
0.10986797
0.01255075
0.04924174
0.20078510
0.00683213
-0.07015815
-0.04521252
-0.01953724
-0.05440715
-0.08375927
0.06846503
0.10198084
-0.18205717
-0.06575738
0.02590498
-0.01622860
0.07387893
0.01338998
0.14694650
-0.02824220
0.16284618
0.03610934
0.02296552
0.01974924
-0.10821240
-0.25653347
-0.02044149
0.07563778
-0.07184412
-0.05108121
0.03576297
-0.05416713
-0.09754179
-0.17846006
0.04523188
-0.03093093
-0.07499948
0.07712880
0.02606580
0.04395838
-0.04533943
0.10836800
-0.00016326
-0.12923796
-0.13146265
-0.04847093
0.01874097
0.06014680
0.01326828
0.04554862
0.13487762
0.12698576
-0.08077496
0.00897577
-0.00382846
-0.12173518
-0.06735386
-0.05613901
0.13965392
-0.02243393
0.16331951
-0.09026664
-0.15105428
-0.13567951
-0.03031984
-0.10191543
-0.05494971
-0.20393683
-0.00283910
0.01311054
0.07022591
0.13398626
0.08487959
0.01512607
-0.05751438
-0.10443705
0.09083632
-0.04132354
-0.15630770
-0.15050243
-0.01678458
-0.00816794
0.11203653
0.06961723
-0.09907922
0.07357257
-0.04899097
0.04337902
0.00048863
-0.05032065
0.08598854
-0.11918999
-0.07789215
0.11066937
-0.16646200
-0.03071259
0.10366362
0.13879173
-0.08996740
-0.02344595
0.08112627
-0.14735706
0.03163296
-0.01878939
0.01671880
-0.07433289
-0.05713931
0.20114763
0.04469389
0.03100489
0.17702790
0.03863374
-0.01466184
0.04399079
-0.05452851
0.11717714
0.04144212
0.00858947
-0.07192439
0.00234677
-0.04367910
-0.01305959
0.00406417
-0.14031294
0.04231503
-0.09477451
-0.10582103
0.03666857
0.04149108
0.07904379
-0.10249223
-0.04432662
-0.12600006
0.05424789
-0.04832029
-0.00518192
-0.03581277
0.06220050
-0.10602265
-0.12215200
0.10536301
-0.07982182
0.07464302
-0.03245001
0.03582306
0.11685874
-0.00436844
-0.05663811
-0.08577647
-0.06169219
-0.01006172
-0.07910714
-0.04033581
0.04378427
-0.03834439
0.01304307
0.05193525
-0.08037773
0.09657305
-0.07433198
0.08629758
0.09241885
-0.04442822
0.00086516
-0.01530960
-0.01176985
-0.01904450
0.11381619
-0.03726071
-0.01004498
-0.00631832
0.00696826
0.18269904
-0.10061739
0.04105308
-0.07788646
-0.03999579
-0.05243478
-0.11993765
0.07816891
0.06572682
-0.08328883
-0.02600559
-0.00691849
0.01728814
-0.00147206
0.05769707
-0.04756127
-0.03319739
0.00090411
0.13402556
0.06637388
-0.00990795
0.03125207
-0.02500779
-0.09360198
-0.06413752
0.02872504
-0.03030652
0.11527593
-0.00803276
0.10378392
0.03015864
0.02941819
0.03833487
-0.05831933
0.02476124
-0.07165124
0.05300631
-0.06015778
0.03155853
0.05024788
-0.09619182
-0.02110992
0.00474447
0.02381923
0.06959920
-0.06865089
-0.02176513
0.00263710
0.01231517
-0.02711167
0.01180557
-0.03593419
-0.08253129
0.03488665
-0.06750712
-0.05163023
-0.02914136
-0.01516137
0.02378569
0.08215374
0.03819115
-0.00424009
-0.05184977
-0.04077911
0.01060783
0.03158851
-0.09544396
-0.11663921
0.08871541
-0.10529463
-0.06776560
0.09211173
-0.12587750
-0.04345763
-0.10043162
0.06905339
-0.10260513
-0.09484597
0.10554730
0.04533682
0.04781591
-0.02485335
-0.04100494
0.03459720
0.00233218
-0.17973948
0.06485117
-0.14427592
0.15171298
-0.04740792
0.17861126
0.12073939
-0.05266668
-0.22592668
-0.03254799
0.00240381
0.00941596
-0.09253751
-0.04145128
-0.14323772
0.06614657
-0.05704898
0.05399782
-0.07917115
-0.08237705
-0.02035872
0.04495516
-0.07108553
0.06098330
-0.15799840
0.13563831
0.05586166
-0.02686229
0.13396256
0.05339902
-0.01441418
-0.02079570
-0.04689600
0.02630900
-0.02414398
0.03835003
-0.02169802
0.01800978
-0.06852358
-0.00114554
0.06197870
-0.01524474
-0.03050602
0.09934948
0.18137293
0.13077612
0.10044474
-0.13907336
0.07609535
0.23386206
0.05363240
0.11857598
0.02250014
-0.03732060
-0.06460117
0.00224499
-0.05605463
0.14028037
-0.12436423
0.07130080
-0.01808221
-0.06985829
-0.00213091
0.08316131
0.13725829
-0.02855964
0.13892962
0.02305426
0.01210254
0.02469439
0.04986965
-0.07503272
0.05684751
-0.03359591
-0.05077173
-0.02366364
0.00888681
0.02105049
0.09684717
0.02701404
-0.10523866
-0.09114216
-0.07750546
0.02738910
0.07775833
0.10269571
0.04613959
0.07610144
0.11454690
-0.04511924
-0.00596702
-0.05727110
-0.03419976
-0.09384948
-0.10722507
-0.03353015
0.00609358
-0.04829689
-0.03753564
0.06171372
-0.03191387
0.01944002
-0.08532773
0.07792857
0.10513373
-0.02984612
0.07296500
0.12023830
-0.04852849
0.08993436
0.04709243
0.00356682
-0.02857983
-0.08362401
0.08093967
-0.10646522
0.04402868
-0.04869619
0.11472858
-0.05442463
0.05776965
0.03609167
-0.10251102
-0.03651608
-0.00367919
-0.00140090
0.02931385
0.08985528
-0.04814875
-0.07347707
0.08948766
0.02097458
0.02377555
0.06384213
-0.00661605
-0.04856403
-0.06388525
0.07923123
-0.07623342
-0.01833593
-0.01236882
-0.07756924
-0.05329023
0.03655135
0.08101064
-0.04718662
0.04097034
0.00749779
-0.03826560
0.06946116
-0.06664997
-0.07276703
0.03412645
-0.01653526
-0.02817367
-0.06093811
-0.07329281
-0.10018294
0.04653690
0.01000634
0.03573407
-0.01694810
0.06538460
0.02291306
-0.00965329
0.12138009
-0.04951487
-0.01921034
0.06105422
-0.07707178
-0.05660438
-0.06179584
0.00812682
-0.04075767
0.06378793
-0.06920645
-0.01921427
0.07691909
0.09819391
-0.06713526
-0.13965517
-0.04614537
0.01552937
0.10135932
0.17518626
0.06151116
-0.02949636
0.09062031
0.05175026
-0.10831177
0.05550946
0.09636222
-0.05316534
0.03759883
0.10221585
-0.11155374
0.02892179
0.08204886
-0.08097773
0.06923854
0.08217554
-0.09100077
-0.02013719
0.01267617
0.04110505
0.06992529
-0.02677548
0.08791529
-0.09970516
-0.01597600
0.01592105
-0.09945576
-0.10354932
0.04474596
-0.11769570
-0.02789795
-0.04356537
-0.13530920
-0.01177070
0.10917579
0.11285584
0.10917122
-0.00978047
0.06374577
-0.01783372
-0.05974525
-0.01814742
-0.02193943
-0.01789465
-0.06025205
0.11951786
0.15414348
-0.08093636
-0.01398291
-0.02961351
-0.07033975
0.05196622
0.10656176
0.05496253
-0.11555501
0.07359002
-0.07802381
-0.07439399
-0.06937758
0.24519625
-0.03501723
-0.00956660
0.11909825
0.04977009
-0.14223959
-0.00065964
-0.01213566
0.08918142
0.01783749
-0.20493381
-0.00557184
-0.03049600
0.02804339
-0.00959726
-0.05207435
-0.02891447
-0.21897794
-0.22604312
-0.01038872
0.09634527
-0.06622048
0.04649405
0.16850971
0.24428014
0.09058703
0.16883461
-0.01681708
-0.05496870
-0.07166860
0.05921999
-0.00098236
0.21858953
0.01714650
0.15511434
-0.07966538
0.13246359
-0.05979402
0.00279040
-0.16645129
-0.01521329
-0.10791401
0.08064021
0.09076752
0.21665749
0.06315538
0.09500261
-0.15014155
0.16208015
-0.15387741
-0.08471096
-0.15033171
-0.04571689
0.01233625
0.06312627
-0.16993308
-0.03188704
-0.10924339
-0.05552124
0.18193664
-0.03627131
-0.10634276
0.08744269
-0.06150534
0.00305071
-0.08533649
0.07068636
0.05872366
0.12372679
-0.05684047
0.07436509
0.05821140
-0.04798857
0.03661389
0.04767175
-0.11867963
-0.08204370
0.08327870
-0.09017271
0.09826377
0.08442768
-0.01339939
0.11549564
-0.01237466
-0.14932786
0.04181187
0.00618638
-0.16318202
0.04892445
0.10250496
0.04315889
0.09188464
-0.07518586
0.01146855
-0.06800225
-0.06689356
0.04040308
-0.01983809
0.01419759
0.05950758
0.03003040
0.01610510
0.02500823
0.07853801
-0.09858794
0.06858688
0.06834329
0.03224724
0.00403211
-0.03287328
0.08050666
0.01256876
0.09618983
0.04203213
0.02843348
0.14778735
0.07976186
-0.02056427
-0.11976963
0.08373994
0.07976374
0.03844133
-0.01601176
-0.14189608
-0.08870025
-0.02512888
0.18017328
-0.15976240
-0.17025226
-0.00655366
0.01222288
-0.22284906
-0.07888131
-0.00806082
-0.02140256
0.12427568
-0.00344109
0.14622837
-0.06490499
0.16553724
0.00451100
-0.14806895
0.01201541
-0.10694620
-0.09626852
0.02224004
-0.06172542
0.01052126
0.15675236
-0.01089049
0.01879705
-0.09909762
0.01645635
0.01633984
-0.20922035
0.17606717
0.05051254
0.13573307
-0.09683721
-0.03832563
-0.09054085
-0.16834581
-0.02684576
-0.00105219
-0.12737559
0.17921273
-0.07909185
0.06391860
0.08450788
0.03900689
-0.09317441
0.01358151
0.03884272
-0.08508730
-0.00592740
0.10427705
-0.07688835
0.07197692
-0.02730244
-0.03629367
0.00156471
-0.03780510
0.01513856
-0.18006854
0.13893665
-0.01774140
0.09048449
-0.06217505
-0.03000797
0.13811839
-0.11903840
0.05954887
0.02200076
0.06433643
0.06619339
0.02207882
-0.10995545
0.00766793
0.06643785
0.03808554
0.00542217
0.01972504
0.07418168
0.09902610
-0.01290620
0.13101989
-0.14060287
0.20039529
0.03940073
0.06724385
0.07353485
-0.04215055
0.18578102
0.02062019
-0.06512515
-0.15565453
0.02832737
0.03410590
0.04262513
-0.01589589
0.04823975
-0.18797602
-0.01988275
0.15219691
0.11307722
0.16405460
0.06911149
-0.09673423
0.10126898
-0.00879721
-0.02362407
0.07237387
-0.05862200
0.01278995
0.00390966
0.08424772
0.07500638
0.04542005
-0.23184837
-0.02349013
-0.07301904
0.00489210
0.06147626
0.00344856
0.11738839
0.02762046
-0.16538027
0.22800067
0.04287339
0.00867716
-0.06153447
0.14330110
0.08267815
0.05981655
-0.13513134
-0.08200825
0.04161732
-0.06093061
-0.00257320
-0.07132804
-0.21240674
0.10094033
-0.04401115
-0.07470088
0.06424202
0.00531787
-0.04606532
0.03867230
-0.00931531
-0.03850636
-0.13650949
0.16136241
-0.06149724
0.08475865
-0.02994660
0.07013691
-0.06163345
-0.06939808
0.05738835
-0.05576729
0.09197139
0.10372505
-0.05078193
0.01490160
-0.08190097
0.04902450
-0.04849793
-0.12737066
-0.01773627
0.00164039
0.00115806
-0.01330351
0.02178108
0.16390043
0.04474109
0.01640396
-0.02871267
-0.04131418
0.08006082
-0.12502223
-0.00944025
-0.05908011
-0.00668160
0.01575488
0.05945108
-0.05160787
0.01767201
0.10918333
0.04459214
-0.08852118
-0.11807988
0.04822272
0.07243755
0.06560764
0.19797948
0.01162675
-0.09065498
-0.02514084
-0.02851958
-0.09095584
-0.06839731
-0.05498505
0.00677886
0.03711299
-0.02709649
0.02987892
0.00550818
-0.03004895
0.03270765
-0.07117493
0.04023894
0.03377624
0.00586790
0.01990016
0.07847510
-0.07032674
-0.04389033
-0.05218926
-0.02945045
0.01264430
0.04397280
-0.03652510
0.04783941
-0.05935969
-0.02786565
-0.03315964
-0.00054978
0.05582841
0.07313642
0.08968640
0.06625953
-0.02718653
0.08602277
-0.03852474
0.06350289
0.02700440
0.04077198
-0.00779061
0.09818070
-0.08296118
0.01354006
-0.02556831
0.07009131
0.04643098
-0.03968616
-0.06186583
-0.05613605
0.01292062
0.05551928
-0.08431374
-0.08979480
0.06767130
0.10312258
0.07646845
-0.01020253
-0.03031992
-0.01698846
-0.04709585
0.11704061
-0.00431470
0.01277914
0.02782796
-0.08623129
0.09845225
-0.05592674
-0.03903699
0.04280703
-0.00458702
-0.05119428
0.02966449
0.04968031
0.08016095
-0.11089569
0.16289036
-0.01849625
-0.07974369
0.09974342
0.00931863
-0.05442586
-0.01752125
-0.04953631
0.01939585
-0.00571869
0.04925363
-0.03891959
-0.00634784
0.10959291
0.03405817
-0.03370269
-0.08128905
-0.05671273
-0.14480822
0.02688248
-0.09572387
-0.03533002
-0.01576759
0.04765587
0.11141036
-0.08727136
-0.12667938
0.03283480
0.10066456
0.01852781
0.01606248
-0.03176472
-0.00498706
-0.03045971
0.01062620
0.05200463
-0.03719969
-0.09149844
-0.05407716
-0.08549920
0.07795739
0.03331777
0.06793019
-0.05996609
-0.07788803
-0.10489139
0.15322007
-0.12758313
0.09738636
0.03845275
0.16269842
-0.09756271
-0.14132342
-0.00484576
0.06552669
0.03010051
-0.15429260
0.07040438
0.05522423
0.18465316
0.08382163
0.03706786
-0.03690687
0.06029776
0.01912044
0.04221700
-0.08112232
0.12895003
0.02125295
0.14475018
0.01078993
0.06495716
-0.14410685
0.03921103
-0.04112193
-0.04349901
-0.04224183
-0.05157768
0.00172518
-0.00244172
-0.02946261
0.12207744
-0.04731922
-0.12209881
0.12318087
0.02675273
0.16472997
-0.05404923
-0.05744410
-0.03017889
-0.21801937
0.09380557
-0.02732659
0.08422305
0.07306375
0.00720301
0.00644362
-0.14504428
-0.04497484
-0.06835053
0.05840140
0.01732261
-0.04485040
0.00584569
-0.02575763
0.14005239
0.02926130
0.06814344
0.05293398
0.07606571
-0.03891127
-0.00932106
-0.05198246
-0.10616187
0.01239543
0.07009318
0.01812252
0.08929615
0.03342598
0.04648384
-0.02802858
0.01128118
-0.00621262
0.06907841
0.01939464
-0.09789605
0.05284444
-0.10885545
-0.06279475
-0.06948350
0.08453868
0.06220667
-0.03965314
0.14445269
-0.01179106
-0.02709463
-0.02404287
-0.07323619
0.07082072
-0.04674552
0.08455637
0.05573453
-0.09534387
0.05487252
0.08876831
0.08312227
-0.04544850
0.01674733
-0.05339437
-0.08303420
0.02185522
-0.11017474
-0.00930868
0.05323219
0.06826168
-0.06714363
-0.07935848
0.06542136
0.03420326
0.05333871
-0.05567912
-0.06754452
0.10862643
0.03912811
0.01345368
-0.04210175
-0.00980988
0.10155930
-0.15813580
0.02087631
0.00920620
0.09327012
-0.08794378
0.01868927
-0.15527925
0.10033594
-0.07513696
-0.00577607
0.04017563
0.02138039
0.10696418
-0.03847680
-0.08780306
0.05210994
0.16532584
-0.01895459
-0.09570118
-0.12734196
0.04382768
0.07595020
-0.05343860
-0.02900958
0.01316502
0.06400046
0.00215666
-0.09300859
-0.01861782
0.05473185
0.09708966
0.00192344
-0.00722141
-0.09752042
0.02436726
-0.14922610
-0.06851063
0.05744361
-0.03857774
-0.08916790
-0.12323356
-0.13525642
-0.06663518
-0.10839706
-0.05766129
0.06629208
-0.00033149
0.09738779
0.06210112
0.15763849
0.02709168
-0.01820267
-0.00781008
-0.04655633
0.06682076
-0.00262867
-0.09038258
0.13884509
-0.10428792
-0.13531528
-0.08890480
0.07044853
-0.00903733
-0.04537058
0.00337558
0.00434307
-0.03369853
0.16819517
0.02683083
0.00991025
-0.09647112
0.13241464
0.02547831
-0.00548828
0.09269147
0.02794310
0.03361241
-0.02217532
0.13203475
0.03023717
-0.06545156
-0.02932291
-0.04365290
0.04400556
-0.04043287
-0.13326690
0.07125739
-0.10637736
-0.05461200
0.14608911
-0.05444304
0.06265718
-0.03834272
0.09523432
0.04167283
0.07889292
0.09300829
0.01428898
0.03003581
-0.07012124
0.03269153
0.03077978
-0.01062073
-0.01536534
-0.06487413
0.08419134
-0.10663809
0.05042060
0.04262831
-0.10876309
0.01195197
0.05464255
0.00421855
0.00975528
0.06540384
0.08248674
-0.13024855
0.06769420
0.04695946
0.02239561
0.08048791
0.04111220
0.07135240
-0.05167602
-0.00806970
0.00857065
-0.06456348
-0.02263842
0.03773903
0.06680062
0.15479715
-0.08538284
-0.03993841
-0.01417301
-0.02286636
-0.04653845
0.09896337
-0.02794488
0.07470165
0.02927769
0.00658794
-0.01924650
0.12614451
-0.03601241
0.02688030
0.02686344
0.07319964
-0.03253597
-0.07747471
0.08647847
-0.05448823
-0.10988741
-0.03339284
-0.00901874
0.00727903
-0.03987988
-0.11663479
0.10568658
-0.08595993
0.01051964
-0.02772537
-0.04081349
-0.06081939
0.09807508
-0.07192220
-0.08077260
0.12697780
-0.03880021
0.01006195
-0.00462290
0.00162628
0.02166712
0.06150263
-0.09214474
0.01363939
0.09868833
0.10446253
-0.13822185
-0.04065539
0.06434656
-0.07857053
-0.00980613
0.08008713
0.08936639
0.03938417
0.05919677
0.00723756
0.13399404
-0.04349619
0.07646444
0.07932755
-0.03408005
-0.10374978
0.01745818
-0.09127107
-0.02114713
-0.04607851
0.09204522
-0.01901207
-0.17062303
-0.02311672
-0.06031397
0.01840509
-0.06068400
-0.07001098
0.11730228
-0.25884232
-0.02352502
-0.03094496
-0.06815673
-0.09300389
0.11832642
-0.08194097
-0.09793246
-0.10003988
-0.07525154
-0.08199074
-0.06428813
0.05868033
0.05569675
-0.02013101
0.08366978
-0.12200628
0.05507895
-0.17135799
-0.05308138
0.05134463
-0.05752150
0.00361843
-0.07610047
0.05454216
0.08208253
0.14272331
0.00585408
0.13782443
-0.09284761
0.05016295
-0.00457893
-0.02350126
-0.18618011
-0.03263641
0.02719374
-0.08792304
-0.07518926
-0.10580301
0.17701644
0.01343508
-0.06553505
0.11704887
-0.14150836
-0.00875479
-0.02558904
0.09168822
0.03666682
0.01263416
-0.02110789
-0.08442535
0.13030344
0.06799891
-0.00275436
-0.11545831
0.08347515
-0.18069778
0.04289004
-0.10985237
0.04850547
-0.23193474
-0.07349989
0.07571530
-0.09949117
-0.01870980
-0.02972548
-0.01833881
0.12471295
-0.02082076
0.08425193
0.01120434
-0.07710270
0.05900348
0.00955901
0.03333435
0.05682248
0.01219533
0.02041982
-0.01011672
0.03588377
0.00785813
0.03527131
0.13261943
-0.02909095
-0.07819951
-0.23500435
-0.00636555
0.10504386
0.12760009
-0.04937600
0.05127434
-0.12261552
0.00642121
0.04943103
-0.01830615
-0.06432741
0.02218978
-0.00486387
0.11621238
-0.12505376
0.02157536
0.05283710
0.11805764
-0.06348575
0.01252476
-0.05383191
0.03968161
0.14740218
-0.18953736
-0.04342201
-0.08855148
0.00666759
0.07521937
-0.10612964
0.15156363
0.09336270
0.02556977
0.09547535
-0.08355834
-0.02650575
-0.11724398
0.13145760
0.10249999
0.14251992
-0.00122395
-0.02846941
0.05403583
-0.01842377
0.02953178
0.01681340
0.02697290
0.08396950
-0.05651818
0.12248448
0.12504870
-0.00530954
-0.03648918
-0.04670712
-0.03497037
-0.02529715
0.12560493
0.07744133
0.04609923
0.04404019
-0.05889365
-0.04750771
0.03359948
0.03589214
-0.05145605
0.10510343
-0.15503395
-0.08256045
0.03661463
0.02796085
-0.00574592
0.07552730
-0.00792080
-0.07941305
-0.00721929
0.02398175
-0.13884667
0.01535772
0.01482599
-0.12893948
0.03606952
-0.06480226
-0.02372523
0.07279716
-0.06195014
0.10415088
-0.04718325
-0.08238933
-0.06578717
-0.09862129
-0.03190665
-0.00173628
-0.04994901
-0.00175368
0.02561080
0.05219315
0.07739892
-0.05484739
-0.01714461
0.04867414
0.04869730
-0.09216662
0.05432993
-0.11938069
-0.04641277
-0.04411110
-0.05384735
-0.05382215
0.01740420
0.15040001
-0.04327973
0.00775853
0.04196369
0.13288645
-0.00051782
0.06610223
0.05079713
0.07080768
0.09636266
0.04797544
0.00315400
-0.01199341
-0.01985306
0.04167942
-0.03092686
-0.03063865
0.00879186
0.07427713
0.01048592
-0.07308608
-0.01777811
0.07109021
0.06231036
0.18060105
0.10512683
0.11462232
-0.02592303
-0.03993736
0.06907158
-0.03309686
-0.10740445
0.08332549
0.14361547
0.05589240
-0.17335190
0.01476256
-0.05073556
-0.01206036
0.06081063
0.05230420
0.07174595
0.03538476
-0.02347934
-0.03209433
-0.04372396
-0.05219305
-0.03418749
0.12619025
0.04702627
-0.10232730
0.03385138
0.05813095
-0.03694611
-0.00724001
-0.12350851
0.02345045
0.07798027
0.11810050
0.08119924
0.00769361
0.04491827
0.09203967
-0.03706895
-0.05053310
-0.00483116
0.08456767
-0.06560756
0.07146669
0.00447498
0.01920512
0.12613419
-0.05174961
0.13136813
-0.10206027
-0.00051440
-0.12046915
0.06954410
0.06495441
0.16939090
0.06770016
0.08478122
-0.05097639
0.04869172
-0.00128910
-0.00395073
-0.04316891
0.06914547
0.01237640
-0.06787493
-0.12720568
0.03343569
-0.07894436
0.08097809
0.04911945
-0.14284427
-0.12204134
0.09345630
-0.03865856
0.03563486
-0.06915208
0.03400102
0.00533273
0.03353747
-0.01369894
0.10478080
0.01173601
-0.05861593
0.06164573
0.02008086
-0.06762594
-0.03134802
0.09271158
0.10914961
-0.16632262
-0.02256563
-0.03790319
0.05369018
-0.01037720
0.03341958
0.08987711
0.06666552
0.14824302
-0.02698447
-0.09782546
0.00781300
-0.08943689
0.05040801
0.04550333
-0.03926265
-0.08710031
0.08959385
0.01575152
0.06178032
0.00494483
-0.09686650
-0.03938286
-0.11466716
0.02196843
0.04074135
-0.07246670
-0.12233793
-0.06548066
0.04782470
-0.10097805
-0.00155706
-0.02916095
-0.00382214
-0.03207140
0.05494217
-0.11066318
0.05252359
0.01806242
0.05921093
0.00278638
0.04809393
0.02838889
0.03319596
0.04376422
0.06422256
0.09970217
0.09026816
-0.08729421
-0.02249040
0.02561509
-0.13168852
0.06075672
-0.08615053
0.00276743
0.01483188
-0.05177725
-0.02978173
0.09078561
-0.09858500
0.02612033
-0.06626216
0.03505674
-0.05876438
0.01699567
0.07934074
0.07545080
0.06887668
0.14292777
0.08632766
0.05038131
-0.02142965
-0.06570631
-0.03233945
-0.06796567
-0.05816995
0.06257681
0.00325245
-0.08177035
0.04874063
-0.00534225
0.08147159
0.04117821
0.05259749
0.00940948
0.09313232
-0.04803209
-0.01391783
0.06444287
0.08243704
-0.06371488
0.00532188
-0.07080665
-0.06246327
-0.09085230
0.09303398
0.04701337
-0.09247865
-0.00892438
0.04963624
-0.04753529
0.02908048
-0.04776073
-0.01262604
0.05849256
0.01600438
-0.08000019
-0.08729793
0.05570915
0.06964003
-0.05901713
-0.01940374
0.01998987
-0.04306427
-0.06039576
-0.02712068
-0.02907858
0.08165535
0.04097934
0.07726713
-0.03771111
-0.00191577
-0.01131949
-0.09549364
-0.01742248
0.03841669
-0.07054707
0.00716845
0.05640591
0.08326439
0.01367838
-0.03613052
-0.06573761
-0.01394742
0.07284785
-0.08845360
0.08361452
0.01545034
0.07195330
0.08022068
-0.15820873
0.00519277
0.02948763
0.08957958
0.12414696
0.00333491
-0.00334377
-0.08651354
0.04237984
0.03864650
-0.04295431
0.12730771
-0.08612548
-0.06369746
-0.01105269
-0.04580696
-0.08712703
-0.06559048
-0.00610078
0.06646081
0.08622274
-0.01919449
0.14649104
0.12237220
0.04000189
0.02498512
-0.06459943
-0.04846846
0.08896415
-0.08888236
0.01073211
-0.17076366
-0.03001849
0.05124179
0.12762885
0.03240586
-0.07029676
-0.07963672
0.10785122
0.12413773
0.02636860
0.04022027
0.06258735
-0.04769026
0.07715376
-0.00625908
0.14445257
0.05165085
0.02744351
-0.05721232
-0.06475828
-0.04211256
0.07791065
-0.11598545
0.01335260
0.04895684
-0.11087790
0.19239889
-0.09267235
-0.01823163
0.02804144
0.01461818
0.01229926
-0.18941844
-0.23540288
0.14472446
-0.06080875
0.06413443
0.07258915
0.12686227
-0.16669917
0.01706091
-0.13825673
-0.01310206
0.07344782
0.10011655
-0.01600820
-0.13070446
0.13121341
0.00793114
-0.07426517
0.18987589
0.08283451
0.07397494
-0.03472979
-0.00528751
0.02128203
-0.11533248
0.14017217
0.15557072
-0.04965120
-0.05355978
-0.05091204
-0.27888370
-0.00435651
-0.12304604
-0.09045663
0.12928164
0.13474417
0.02420550
0.19445084
0.03596202
0.22787093
0.17628437
-0.09544784
-0.00434757
-0.04351331
-0.05418894
0.11596182
-0.02297133
0.00615711
0.00175384
0.01017321
-0.12335037
-0.07331020
-0.01108433
-0.12804525
-0.11301036
-0.07209548
-0.09575239
-0.00590547
0.07660711
-0.03628120
-0.05847342
0.05358813
0.17249127
0.04776164
-0.19527420
-0.07316839
0.05373019
-0.02292698
0.06003646
0.07587664
0.10323019
-0.10819762
-0.00993288
0.09176022
0.08407954
-0.00149450
0.02079936
0.04413883
-0.00192268
0.06618955
-0.05196259
0.01435483
0.00786735
-0.06007847
0.06033154
0.08637991
0.03911041
0.04057604
0.06738565
-0.04912420
0.06357838
0.00134807
0.00889844
0.09818324
-0.07398832
-0.11055467
-0.04560600
0.04998966
-0.10497767
-0.00720474
-0.05221731
-0.08460363
-0.00269005
0.13038206
-0.03616024
0.01357058
0.03078313
-0.04761027
0.02027212
0.05796865
0.01810864
0.10202494
-0.09993587
0.01103098
-0.08676671
-0.11187904
-0.05465350
-0.00100145
-0.08435713
0.05785169
-0.06009508
-0.03375550
0.15016229
0.02976606
0.02860091
-0.05711792
0.14425069
-0.08388622
-0.08603843
0.05919436
0.10012388
-0.00238091
0.11796463
-0.00933739
0.09502466
0.03833955
0.03270889
-0.10379791
0.02117463
0.06205580
-0.11129994
-0.01103694
0.10156613
0.00541108
-0.00799381
-0.06977672
-0.02929894
0.04716951
-0.02971818
-0.01822753
-0.07510313
-0.04547935
-0.07572415
-0.11845995
-0.03380230
-0.06170794
-0.05979141
0.08116740
-0.03828022
-0.00761746
-0.07740779
0.00289406
0.04377387
0.05251769
0.12656268
0.03727623
0.06250827
0.05349443
-0.14023124
0.01764851
0.02162381
-0.05001787
0.06320357
0.15076794
-0.08873390
-0.08649460
0.03130791
-0.04337605
-0.01954396
-0.13610739
-0.08152085
0.04921570
0.01267354
0.03186921
0.00696248
0.14425753
-0.05785284
0.00977844
0.12326060
0.07210343
0.04061291
-0.01953144
0.08547326
0.15635803
-0.07046650
0.01632844
-0.03682489
-0.07842115
-0.09390421
0.06034286
0.10703738
-0.15572555
0.00084744
-0.10686123
-0.02264458
-0.00334312
0.05036646
-0.03524832
-0.10210875
0.01257671
0.00425479
-0.03285025
-0.04831408
0.10384692
-0.09182397
0.08180747
0.06303342
-0.00347981
-0.13269810
-0.03484578
0.11047748
0.04777092
-0.08456221
-0.11232879
0.13997900
-0.03980986
-0.08053231
-0.11998825
0.12100097
-0.00278340
-0.09406755
0.03620251
-0.03148085
0.00328139
-0.05171655
-0.04402907
-0.06191773
0.00171235
0.07146104
-0.05566847
-0.06329477
-0.02688254
-0.03370677
-0.09703611
0.05383294
0.12073297
-0.06211416
0.13301326
-0.04925473
0.12675117
-0.10139538
-0.10024885
0.07606445
-0.09337008
0.00595454
0.00824351
-0.02837814
0.14511023
-0.07419441
-0.00643484
-0.01814185
0.02885894
0.03842403
0.14092800
-0.01676321
-0.09931018
-0.04198390
-0.08484974
-0.04564277
-0.03035137
0.14598142
-0.07142461
-0.09085070
0.10748729
-0.07392596
0.05686279
0.01442609
-0.00067036
0.02195442
0.06887341
-0.11783395
0.05408248
0.02985955
-0.03119629
-0.02104907
-0.07965210
-0.04197053
0.00657015
0.09363208
-0.07451769
-0.04473818
-0.06382487
-0.01303950
-0.03668666
-0.00405844
-0.03133455
0.08127870
-0.00947852
0.04420155
0.05641639
-0.00779930
-0.06140203
0.11689227
0.11218912
-0.08284703
-0.01656465
0.05746581
-0.02345531
0.02818421
0.11547656
-0.08688806
-0.02242910
0.02430811
-0.06030615
-0.01008049
0.08727311
-0.03822660
-0.01413787
-0.10336401
-0.08680599
0.08282549
0.18507549
-0.06667087
0.01675442
0.01395307
-0.08993275
-0.02272812
0.03056688
0.15335718
-0.19377646
-0.07601044
0.02015108
-0.07256711
0.08765192
0.05656430
-0.00009344
-0.07136171
-0.00465612
-0.08202139
-0.10606648
-0.04099603
0.03381256
-0.01447311
-0.02721709
0.00889708
-0.00117871
-0.01078897
-0.09367460
-0.04198747
-0.08523574
-0.00601715
-0.04522340
-0.02034815
-0.05429774
-0.00716133
-0.00995196
0.08533049
-0.01663440
-0.07890078
0.05749766
-0.13836391
0.02365891
-0.04625534
-0.02191021
0.01272739
-0.03147354
0.13004011
0.01153664
0.03026994
0.10258737
0.09275460
-0.03182191
0.11299895
0.14720924
0.00459540
0.13963078
0.06949960
-0.02416837
0.02978492
0.06666709
-0.02920832
-0.06884165
0.00134348
-0.02246843
0.02549463
-0.07625820
0.04181221
-0.14445305
-0.12459368
-0.07180674
-0.05928908
0.02068911
-0.01933330
0.01401792
0.03689281
-0.05423176
-0.10920867
-0.08699600
0.05732695
-0.00086634
-0.06249785
0.00754815
-0.01851290
0.07497279
-0.00487180
0.03892099
-0.08402193
0.04302071
-0.06974378
-0.05897471
0.04966706
-0.05731791
-0.08266553
-0.00953479
-0.16758695
-0.04348375
-0.06174283
0.06317732
-0.01957919
-0.00772443
-0.06569023
-0.06129226
-0.17179844
0.07597737
-0.01075350
-0.05054464
0.07315081
-0.07582001
-0.07899006
-0.07750549
0.01040463
0.11889743
0.00180173
0.07217377
0.03774818
0.04095821
0.08538148
0.06526862
0.04952382
-0.06128120
-0.10714394
0.11234019
0.10245556
-0.00622878
-0.02606018
-0.04188450
0.15670945
0.05934674
-0.05153767
0.10297271
-0.12821124
0.17624013
0.16818459
0.05058265
-0.03952101
0.00236555
0.05652248
0.03016736
0.06800514
0.10294841
0.08280296
-0.10624272
0.05396353
-0.04941508
0.12750314
-0.01891058
0.01585759
-0.08586269
0.03575610
-0.06371912
-0.11110573
-0.02669839
0.00069382
0.02174049
0.09354483
0.01132955
0.04113688
0.01990755
0.06044400
-0.08826109
0.04336731
-0.04463278
0.04484575
0.01491114
0.01361907
0.14469986
0.01496895
-0.06045841
0.10642529
0.03785059
-0.12437352
-0.04973145
0.02925976
0.07085060
0.03529729
0.00660280
-0.05862341
0.04767604
0.11887638
-0.02764963
0.02740352
0.05910582
-0.11237925
-0.02192720
0.02320480
-0.04194659
0.02085425
0.09073533
0.00544022
0.00352005
-0.16252056
0.01462699
0.05566287
0.01744789
-0.15616754
0.08340544
-0.17326222
0.01408457
-0.03442550
0.08258808
-0.10866705
-0.03047877
-0.04520359
-0.07082676
-0.02524931
-0.08397102
-0.00130604
0.00977563
-0.09688562
0.01749165
-0.12817231
-0.08359425
-0.02376515
-0.10631397
-0.01085955
-0.13155603
0.05593158
-0.10760880
-0.01420817
-0.11451403
0.10663607
-0.03325699
-0.01569149
-0.00576352
0.10998014
0.04499809
-0.05313123
-0.04184983
0.02506989
-0.14604263
-0.01557839
0.01138635
-0.05338340
-0.02843094
-0.00055238
-0.00095579
0.19527143
-0.09117928
-0.03026614
0.03731482
0.01983091
0.14781624
-0.04002243
-0.12892592
0.05588915
0.09798758
0.07372659
-0.03323888
0.06746005
-0.02555910
-0.01288513
0.09883583
-0.00219819
0.00423230
-0.18868527
-0.02267438
0.02807676
0.07188550
0.11930596
0.00607811
0.07762997
-0.07946187
-0.00461428
0.06157845
0.06915779
-0.02780115
-0.03515885
-0.10225370
0.04358148
-0.09476576
0.07179279
-0.00860338
0.07889261
-0.11006869
-0.03045745
-0.01791495
0.08972860
0.08931723
0.03036944
0.14572428
0.04984721
-0.01484481
0.03550232
0.01021641
-0.02031588
0.04307390
0.06548014
-0.03994158
0.01475447
0.04375378
-0.14411218
0.05715670
0.07053123
-0.12706386
-0.05509536
-0.00945646
-0.00951862
-0.01258618
0.00224899
0.09489110
0.04170508
-0.11027556
0.13759165
0.01253053
-0.06496394
0.08932716
0.07668981
-0.12318052
-0.12566715
0.05898352
-0.02788400
0.02513754
0.01923674
-0.03323799
0.11202276
-0.12444338
0.05141656
-0.09881338
0.01910370
0.04044142
-0.01412069
0.00316351
-0.08831415
0.02499258
0.04012823
0.07614495
-0.05796156
-0.07430807
-0.06939936
-0.03958183
-0.04631491
-0.01216704
-0.03787989
-0.03077368
-0.05467305
-0.03035404
-0.07593518
0.08700770
0.04654913
-0.09246601
0.09001207
-0.02655072
0.01463445
0.10233539
0.08532819
-0.01760164
0.02829249
0.06792067
-0.05187347
-0.07933746
0.08234395
0.02028582
-0.03139447
0.00232547
0.01047831
0.06670889
-0.09298126
0.07731597
-0.01005810
0.02881797
-0.01201287
0.09684625
0.05409656
-0.07719140
-0.02901383
-0.05414087
0.00826623
0.08714765
-0.05035167
0.00085314
-0.00346337
-0.11740076
0.05147970
0.07786544
-0.00623140
0.07666022
-0.09564587
0.02120742
-0.00050836
-0.03076124
-0.01168903
-0.03486244
0.04016450
-0.12981017
0.03967453
0.07032055
-0.03341864
0.05183972
-0.15211326
-0.04121709
0.03775182
0.12998867
0.00452782
0.10535424
-0.02249156
-0.03737554
-0.21967439
-0.01112924
-0.03810007
-0.12599678
-0.18583085
0.04364807
0.05398872
-0.00366848
0.02487698
0.04302570
-0.04723446
-0.13845499
-0.00593478
-0.19337671
0.03409553
0.01040240
0.02949454
0.10096429
-0.04057448
0.05025489
-0.00821982
0.08193913
0.07697908
-0.08314383
0.09048571
-0.05072406
-0.12128802
-0.03621101
-0.06184908
0.20518188
0.08115979
0.04808638
0.05940589
0.03552974
-0.04887829
0.05991431
-0.08056320
0.03111861
-0.06568442
0.08479106
-0.11743107
0.11201149
-0.02068957
0.06134223
-0.04774219
0.03480294
0.05482463
0.00766251
0.02030209
-0.05200163
-0.05670833
-0.05686853
0.07581564
-0.08341915
0.02890175
-0.08151246
-0.05674934
0.10297157
0.00882098
0.03102066
-0.09547539
0.07806350
0.16400214
-0.06147519
0.13154815
-0.04873029
-0.05180461
-0.13764562
0.01528251
0.07645144
0.13851622
-0.10597664
0.03162921
-0.00081416
0.02772852
-0.08708867
0.02507763
-0.01522210
0.20598775
0.09213434
0.02630888
-0.08987167
0.07107111
-0.12888995
-0.01264755
0.01386854
-0.03772859
-0.19527878
0.07582279
-0.00389223
-0.13504536
0.00399550
0.12735979
-0.08315568
-0.09243791
0.17018567
-0.03987120
-0.03132576
-0.06008352
-0.04514888
0.06932551
-0.03681504
-0.01743510
-0.13043779
0.01108323
-0.10726834
0.02841169
-0.13374256
-0.07518048
0.03335872
0.07186770
0.11044741
-0.07016547
0.01333197
-0.02639764
0.01382121
0.00367980
0.06334857
-0.06223956
-0.04593714
-0.17148982
-0.03324080
0.06857493
-0.03060095
0.01970752
-0.14757825
-0.03554336
0.05444553
-0.07280092
0.13050643
0.09280927
-0.00505795
-0.07511430
0.11508214
-0.04107251
0.04361369
0.05522140
-0.04833728
-0.12177423
-0.07638066
-0.05991716
0.09713904
0.06772398
-0.04834756
-0.03389410
-0.12050970
-0.03499328
-0.07656305
-0.03998605
0.00587455
0.04848959
-0.00181719
-0.07371049
-0.07408335
0.00869850
-0.10361941
-0.04138079
0.04952284
-0.00426790
-0.00281227
0.09514385
0.11485901
0.04449944
-0.09803300
0.05684789
0.08599214
-0.09470226
-0.02799405
0.04518057
0.00986116
0.04421838
0.01380171
-0.03454890
0.09450528
-0.03553156
-0.04709125
-0.00253258
-0.06260584
0.06091285
0.02003828
-0.00310742
0.06964923
0.03138872
0.11672951
0.09384071
0.01698050
-0.06892700
0.03091479
-0.04156055
-0.08836336
-0.01025671
-0.04822674
0.01780823
-0.02148733
0.10419986
0.03219763
-0.00746808
0.00921682
-0.06931422
-0.02744930
-0.01646320
0.07648885
0.05240615
0.04826976
-0.01715978
0.10283154
-0.06670084
0.07375645
-0.09701088
-0.02479020
-0.01958293
0.04719697
0.06778577
-0.07553092
-0.08327652
0.03910768
0.06993756
0.10527758
-0.00345432
0.05817287
-0.07166265
-0.02819419
-0.08602553
-0.01425916
0.03968783
0.08392095
0.05592413
-0.00537101
0.01383032
0.05410256
-0.04214144
-0.09377181
0.06116145
0.00339598
0.12531140
-0.01415661
0.07090403
0.06540430
-0.01207580
-0.01906594
0.02293273
0.10539610
-0.07596730
-0.06440076
0.06065362
0.05302177
0.00925913
0.08883484
-0.04936920
-0.03779565
-0.06690246
0.04709610
0.01345432
0.03657576
-0.00026215
-0.00917304
0.05984173
-0.03297242
-0.04284730
-0.04245992
0.03736678
-0.00449399
-0.05691376
-0.05788906
0.03061848
-0.05219238
0.04756221
-0.00559453
-0.04034819
0.02880995
-0.10068348
-0.00667534
-0.04405091
-0.05920210
-0.03132346
-0.03357261
-0.08692598
-0.04356608
0.06448650
-0.08580945
-0.01661956
0.02036631
-0.06236972
0.00993909
0.07526000
0.06900536
0.06767462
-0.03792834
0.04767453
0.06161011
0.09444834
0.03125663
0.08832158
0.06155137
0.08075634
-0.07481094
0.01010453
0.05807958
-0.09411917
0.01351780
0.07544446
0.02023177
-0.08277935
0.00584517
0.03345815
0.03219727
-0.05591083
0.09380506
0.06617907
0.04861299
-0.01007575
0.07676101
-0.15340438
0.00623757
0.08110116
0.05696028
0.02363480
-0.05712960
-0.03863372
-0.10031358
0.09905995
0.02697726
-0.03283620
-0.01887672
-0.06175664
0.05073110
-0.02500452
0.07231453
0.00841542
0.08637511
0.02967803
-0.12873258
-0.07184640
0.05998459
0.17113131
0.03504571
-0.14835304
0.07070393
-0.02801820
0.00221208
0.15933280
0.00020646
-0.03997920
-0.22879598
0.02133751
-0.12676190
-0.16641018
0.03074250
-0.03255155
-0.04294135
0.18574294
0.17502168
-0.19513370
-0.11431922
-0.07565568
0.07836016
0.03494089
0.09881305
0.08742758
-0.05736583
0.07753007
0.07441203
0.02269518
0.15849362
0.00896583
0.11792996
-0.07899538
-0.00606560
0.03875328
-0.02644821
-0.03202309
0.09128089
-0.00732183
0.02285081
0.11118501
-0.03401341
0.01328115
-0.09914220
-0.10770589
-0.14646350
0.08586941
-0.05570170
0.10425089
0.07459787
0.24208400
-0.17149663
0.10519192
0.05958382
-0.14677417
-0.00028861
-0.03090638
0.02190372
0.09107400
0.00297491
0.06829175
0.20646727
-0.14666873
0.10594361
-0.13756263
0.08070602
-0.00839551
-0.08448930
0.08677206
0.04728988
-0.16255084
-0.05837928
0.05992748
0.13278170
-0.18374458
0.06881064
-0.01239265
0.19339722
-0.04964974
-0.03192170
0.04222959
-0.03105617
-0.01647881
-0.12706351
0.01832615
0.00067103
-0.02732873
0.12027677
-0.06510074
-0.02214439
-0.04032990
-0.10250820
-0.08826236
-0.05904583
-0.05585219
-0.22529037
0.04106743
-0.08464714
-0.14663483
-0.05002174
-0.03520809
0.06521861
-0.13973363
-0.00664995
0.08456703
-0.00910355
-0.00457222
-0.02157164
-0.02434537
0.02251389
-0.11716999
0.08369373
-0.04476314
-0.05075926
-0.03910847
0.07895719
-0.02921646
-0.12804355
0.05118147
-0.15453501
0.05065523
0.02248321
0.05811361
-0.08281646
-0.09980956
0.05235045
0.10871056
0.01475259
0.13873698
-0.09298715
-0.03129048
0.05433112
0.08584794
0.05557567
0.02522709
-0.06811979
-0.10595772
0.04002205
-0.06214339
0.06068221
0.04485894
-0.05443231
0.07218184
0.02176723
-0.03843481
0.06454255
0.00381521
-0.00598836
0.02754808
-0.09667692
0.00237183
-0.09555107
-0.02020842
-0.05040491
-0.11069686
-0.02402523
0.06600267
-0.06940641
-0.00601003
-0.08223163
0.13231139
0.02538457
-0.01156534
0.00588222
-0.14260978
0.01753744
0.09401593
-0.08348624
-0.04781107
0.10630572
0.03544594
0.06945634
0.13464826
-0.11340877
-0.05742895
0.00480858
-0.06134942
-0.05448911
0.01822534
0.00382114
0.05608229
0.01794588
-0.06580341
-0.01185930
-0.00382860
-0.01093953
-0.12714088
0.05232803
-0.06216466
0.08860702
0.07259637
0.08464354
-0.07384796
-0.00448866
0.05878654
0.13880315
0.07122075
-0.08317843
-0.03958222
-0.08715645
0.04714143
0.12356315
0.03245763
-0.05974030
0.05324185
-0.05134588
0.04231157
-0.05667269
0.04231115
-0.09995068
-0.10560078
0.03236239
0.09649599
0.00389082
-0.08455080
0.06603353
-0.06088162
-0.05566258
0.03380122
-0.10142961
0.04438233
0.04484819
-0.05881720
-0.04003590
0.01796922
0.01680429
-0.05556408
-0.01600553
0.03984538
-0.05562649
-0.10274386
-0.03323672
-0.11112998
-0.09306547
0.28653982
0.05134932
0.16834943
-0.12826389
-0.07723383
0.17923401
-0.03165686
-0.00668104
0.08491884
-0.00354816
0.04940298
-0.09027103
-0.06616741
-0.00246301
0.00441858
-0.05978083
-0.13604014
-0.15665628
-0.05358595
0.02108595
-0.05376557
0.05890438
-0.03438589
0.06592101
0.09884539
0.00055127
0.00714183
0.04081985
-0.12633580
-0.09765209
-0.06499723
0.07407266
0.02462372
0.09318454
0.15684135
-0.02562621
-0.07152550
0.01725586
0.04703407
0.03616902
-0.08091584
-0.07339971
-0.03177536
0.04521400
-0.09045167
-0.08389814
-0.05612371
0.02807106
-0.13773640
-0.00109352
-0.07130019
-0.07138896
-0.02082632
0.06067867
0.06180528
0.04437752
-0.07838406
0.08331081
-0.10784531
-0.05621850
-0.01435881
-0.06870884
0.12600853
-0.09407713
-0.12724216
0.01463018
0.07173157
0.01450361
-0.03322144
-0.11104544
0.01138684
0.04295456
-0.03532210
0.03680922
0.08753209
0.10579859
-0.09413456
0.04649397
-0.08370730
0.05513306
0.10311755
-0.00963759
-0.01964139
0.08643641
0.02561496
0.07883532
0.02384260
-0.08581625
0.06564702
-0.04174687
0.02298187
0.03607694
0.04805255
-0.04692437
-0.10769811
-0.00917406
0.02522215
-0.10014592
-0.03171118
-0.08132452
0.02295724
0.06874385
-0.05059366
0.00252281
0.08216711
0.08949202
-0.02271607
-0.02245535
0.05029783
-0.05831925
0.00566237
0.00387947
0.03591144
0.14995375
-0.01049950
0.12832618
0.07045759
-0.02655906
0.04264757
-0.07519277
-0.01109870
-0.05981767
0.05122968
-0.11559287
0.07417003
0.08700845
-0.10344730
-0.09554268
-0.01886359
0.05887255
0.06151716
0.04515969
-0.03486796
-0.00201064
0.09979915
-0.03116650
0.06491199
-0.07423406
0.06203533
0.04203512
-0.05947832
0.07504775
-0.04278563
-0.00342407
0.04065907
-0.00933010
-0.04520032
-0.00807447
0.00059693
0.05476119
-0.03518331
0.03450361
-0.01009597
0.03058594
-0.09205874
0.01726319
0.01380234
-0.02678995
-0.04840972
-0.04618182
0.01596075
-0.06997219
0.10249074
-0.10677218
-0.07777561
-0.09361921
-0.00430438
-0.08807099
0.06681137
-0.04263750
0.04947975
-0.06624871
-0.03174137
0.02627948
0.06674021
-0.04992312
-0.08963065
0.03916238
-0.07241469
0.05497419
-0.00069441
-0.02031034
-0.08797740
0.02107803
0.08114208
0.02528031
-0.06459955
-0.12328765
0.02997894
0.11845823
0.05015933
0.03106159
-0.00141469
-0.04904827
-0.06808253
0.14277188
0.05946966
-0.07021784
0.02639838
0.03531522
0.07615130
0.04903638
-0.04206174
-0.09718571
0.00744299
-0.06873560
0.09104986
-0.01113871
-0.11651221
-0.01486367
-0.07223468
-0.07271902
0.00086331
-0.02386995
-0.03715306
0.00873810
0.02193432
0.07639395
-0.07624714
0.04502448
-0.00136253
0.02237173
-0.07195324
-0.07833663
0.03926203
0.02609483
-0.04370926
-0.04134502
0.00525512
-0.09037568
0.06610399
-0.01946275
-0.00189980
0.10706414
-0.03083871
-0.07931123
0.06643027
-0.01877970
0.06829903
-0.09848497
0.13896839
-0.04896296
-0.01354405
0.06367888
0.04121590
0.08310032
-0.13745812
0.09471773
0.01898462
-0.05965933
-0.05837330
0.02758395
-0.04523931
0.01108849
-0.04500517
0.06000751
-0.13474225
0.00471340
0.04738278
-0.10922878
-0.13059263
0.11510884
-0.00303692
-0.02981663
-0.06762705
-0.00551718
-0.03101088
0.02176370
0.01114069
-0.06792206
0.10979064
-0.08083607
0.00651792
-0.09263588
0.02345076
-0.02943161
0.01984810
0.06088972
0.14489241
0.05895845
0.06984951
0.00409702
0.06909173
0.05059447
0.10593918
-0.08841084
-0.09698348
0.14555277
-0.14142668
-0.08003639
-0.02016828
0.01992283
0.06695353
-0.03669181
-0.00484076
0.11108683
0.08619717
0.11912467
-0.11918471
-0.00831983
-0.01136064
0.01791508
-0.01182376
-0.00497782
0.03738054
-0.10592524
0.02184338
-0.01019244
0.06226389
0.01701568
0.02909452
-0.04395222
-0.08174855
0.08267900
-0.03866790
-0.07730358
-0.01100861
-0.10733673
-0.02224299
0.04208494
-0.01511320
0.01779099
-0.03680778
-0.05210683
0.01097412
-0.08760042
-0.06640723
0.05800880
0.04123596
-0.07286184
-0.06683697
0.00483418
0.01950369
0.06830727
0.02641463
-0.03370087
0.18850343
-0.12429287
0.03271541
0.00315612
0.04639114
0.11768138
0.09175728
0.13697797
-0.09561771
0.08054460
0.02746913
-0.11572627
-0.10510299
-0.00067192
-0.02830156
0.16414849
-0.20615038
-0.10361931
0.01725963
0.03880924
0.02454076
0.05619182
-0.00620302
-0.12542480
0.06428055
0.01546241
-0.04323592
0.01240226
0.07484080
0.09769129
-0.10420875
-0.04951494
-0.02532505
0.07341700
0.09088688
0.17745242
-0.05807053
0.03464655
0.12147767
0.05917565
0.05772150
0.03109888
0.03005191
-0.09418958
0.06605387
-0.13909699
0.03290966
0.10607935
0.00176361
0.10800830
-0.01948304
0.08433978
0.05829230
-0.00678253
0.10229021
0.06772410
0.11010504
0.01014178
-0.06907772
0.04155553
0.03573328
-0.03449613
0.04483481
-0.02665572
0.00096537
0.06431165
-0.02855798
0.00773008
0.03058776
0.03914014
-0.03358234
0.04945662
0.06745425
0.02332902
-0.02735471
0.00887645
-0.00792185
-0.02892132
-0.12747397
-0.03010489
0.03586923
0.02399018
-0.00504180
-0.06537973
-0.02002885
0.08302034
0.00757764
-0.16503161
0.10066467
0.10203672
0.03086838
0.04448940
0.01805274
-0.09744960
-0.07708936
-0.10832331
0.03187418
-0.02588800
0.00173412
-0.02727405
-0.03645787
0.13163796
0.03705212
0.05439426
0.02597727
-0.03716864
0.03071971
-0.08498360
-0.10438378
-0.04199824
-0.01546155
-0.07613129
-0.09419155
0.01722899
-0.00604594
0.01474069
0.00967770
-0.09630570
0.00660189
-0.04278896
0.04845301
-0.05557238
-0.02556113
0.09242814
-0.01119110
-0.07529727
-0.04428274
0.07471345
-0.03724188
0.11982448
-0.04032673
-0.05287226
-0.00939900
-0.04964512
-0.01700125
0.00666087
-0.03389656
0.05602272
0.06088442
-0.03264301
-0.01526847
0.07742657
0.01186918
0.09377540
0.04569596
0.05772591
-0.08895424
0.03696604
-0.03890240
0.01696729
-0.05513789
-0.08654626
0.08521083
0.03364968
0.05209814
-0.04844553
-0.04810727
-0.12328772
-0.11317537
-0.00672455
0.00282259
0.04680411
-0.03511221
0.08376064
0.02150020
0.03800425
0.01921348
-0.03585088
-0.05307993
-0.09344316
-0.05763126
-0.01960639
-0.06347423
-0.08915314
-0.06050348
-0.03101319
-0.09410364
-0.00072044
0.13267349
-0.08683110
-0.12942204
0.06030960
0.00257671
-0.01715220
0.00251005
-0.09344947
-0.00236102
-0.07803658
0.04649912
-0.10977996
0.00935258
0.04302849
0.04155367
-0.01237682
-0.09621508
-0.00356274
-0.04087961
0.00017277
0.10738919
0.02810066
-0.08539355
-0.02129843
0.05980994
0.07254594
-0.01948697
-0.04933642
-0.05082024
0.08744115
-0.01714471
-0.15139040
0.03085581
-0.00775147
0.09631199
-0.04102520
0.02573876
0.12929663
0.06481118
0.05612935
0.05775519
0.11627003
0.03334165
-0.03796163
-0.05411513
-0.12413502
-0.02781849
-0.00016973
-0.12887052
-0.02317043
0.09628257
0.07428992
0.09317192
-0.07913405
-0.03807911
0.01355596
-0.07892603
0.02977686
0.07283039
0.00092021
-0.00793779
-0.09645502
0.08639602
0.07145607
0.09405995
0.06388570
0.09265939
-0.04934050
-0.00020950
-0.05674974
0.08476669
-0.02903755
-0.05370386
-0.11667224
0.00956295
0.00755453
0.03654499
-0.02298152
-0.00011698
0.08244599
0.00400890
-0.00889724
-0.09921464
0.03782355
-0.05750556
0.05289905
-0.01575895
0.07360940
0.02514312
-0.07728485
0.02529058
0.05717421
-0.13563520
0.02972565
0.10548209
0.05249639
0.02329626
-0.03987973
-0.08448350
-0.11310630
0.15977009
0.03194804
-0.06634519
0.06742762
0.12941054
0.08622486
0.07285605
-0.12030010
-0.05339584
-0.06943706
-0.07458592
-0.03222777
0.05490674
-0.00258098
-0.04625980
-0.07156222
-0.04178898
0.00064823
-0.04822807
-0.08863827
0.08121186
0.04067494
0.09534007
0.10577546
0.00588359
0.08618239
-0.06417378
-0.07693662
-0.00552801
0.03930589
0.00261891
-0.04437993
0.04957851
0.06420119
-0.04259870
0.07371090
0.00159768
-0.04499108
-0.03254406
0.08976337
-0.04214458
-0.02632701
0.07771146
0.14625302
0.03994260
-0.09388003
0.03724502
-0.06302059
-0.14919375
-0.02259244
0.00167842
0.05178104
0.00268799
-0.00824047
-0.08290736
-0.02180976
-0.06798054
-0.03150303
0.17507707
-0.03126014
0.04428440
-0.04906430
-0.13082892
-0.06233520
-0.08771152
-0.15217413
0.07261837
0.05621568
0.08378577
0.02206191
-0.02388683
-0.06780289
0.06222319
-0.11177473
0.04352891
0.04308335
-0.02164812
0.02236742
-0.07921895
0.06357202
-0.06174546
-0.03016634
-0.04342040
0.01389009
0.02031845
-0.08277790
0.00403192
0.06262065
0.08211736
-0.03592009
-0.08398893
0.05589548
-0.04277852
0.11024144
0.02967615
-0.05791048
-0.06553198
0.06362946
-0.00135705
0.08674467
0.01843484
0.02406906
0.02437063
-0.04753152
0.01271636
0.08275010
-0.02662368
-0.00759139
-0.06380712
-0.15766068
0.09232205
0.03770090
0.05218664
-0.00011026
0.14213333
0.06895050
0.10710200
0.05574240
0.08026419
0.04627701
-0.00414102
-0.04403739
0.11518952
-0.06219155
0.05774134
0.08290445
-0.00899050
0.07965665
0.01003477
-0.03686896
0.04948303
-0.01457924
-0.04081267
0.06648227
0.03614637
0.00500889
-0.04142849
0.04259366
-0.14938208
0.06927361
0.02649914
0.10112464
0.02189065
0.05447971
0.04525350
-0.01359033
0.00170309
-0.03302557
-0.03080981
-0.05225259
-0.02962764
-0.00286148
0.04241375
-0.05976643
-0.12746929
0.19504592
0.06603204
0.13015670
-0.07430862
0.03660893
-0.16196635
-0.04041888
-0.09274019
0.16594279
-0.13764577
0.03732794
-0.00868739
-0.04779937
0.14515227
0.00539266
0.05257579
-0.04141680
0.05868364
-0.04217111
0.03538691
0.05998858
0.09773283
-0.04534323
-0.03253025
0.08912683
-0.07287898
-0.04955993
-0.01565735
-0.03970506
-0.03859291
-0.01190512
0.06010235
-0.01483803
-0.01736936
-0.01301800
0.05804758
0.00377073
0.08937806
0.14823046
0.06397075
-0.01193672
0.02435203
-0.09906264
-0.08416976
-0.01494799
-0.00296314
0.09521912
-0.14828397
-0.04199146
0.12387708
0.02140152
-0.06081908
0.04311098
0.19547132
-0.03181322
0.10684485
0.03161861
0.00798308
0.07140110
-0.01652321
0.04849789
-0.02186819
-0.10318344
-0.03777270
0.01490317
-0.01413539
-0.03348270
0.12388450
-0.04965238
0.01189122
0.00695891
-0.07319237
0.09761617
0.00730107
0.03366487
0.07797743
0.03492178
0.08677713
0.03815166
0.12771133
0.08654232
-0.09094113
0.06828547
0.04577161
0.02155759
0.02966098
-0.10253014
-0.07370719
-0.04984394
0.07888751
-0.03505755
0.08628055
-0.07907360
-0.02024379
0.06645522
0.01764501
0.05080946
0.14954999
0.00838440
0.07584791
0.09541542
0.04506820
0.02038121
-0.04721564
0.10076904
-0.04731404
-0.04480431
-0.03392209
0.02643532
-0.10514203
-0.09962747
0.10869274
0.02298941
0.12855764
0.05752114
-0.03962610
0.05214209
-0.01695451
-0.08182195
-0.03743929
-0.03222100
0.01002785
-0.09467442
0.08622517
-0.00173171
0.12210894
0.02763946
-0.02045158
-0.09203584
-0.09486463
0.03345700
0.04653147
-0.06366646
0.11188737
-0.02483113
0.04665244
0.12865934
0.12519377
0.02334952
0.07596541
0.01628756
0.05756698
-0.08251017
0.13384330
0.13721803
-0.07195196
0.07126994
-0.05200901
-0.07883228
-0.13307747
-0.09330551
-0.11085761
-0.03312161
-0.05429837
-0.09241491
-0.03089931
-0.07016366
-0.12125343
-0.00544946
-0.03023547
-0.06790714
-0.03606008
0.05728516
-0.07878801
-0.11570916
0.05933465
-0.03497382
0.00930358
-0.16004437
-0.10336704
0.02102981
0.00423867
-0.01007474
-0.02295998
-0.09445094
0.08735409
0.09427281
0.07686283
0.09200699
0.07503218
-0.08106651
-0.12669542
0.04556785
-0.03314817
0.06273489
0.01988809
-0.05797658
0.03409136
0.15538660
-0.01685930
-0.02910965
-0.06542651
-0.00826224
0.05335392
0.12832683
0.08080039
0.04191384
0.06233641
-0.07539605
-0.05250492
0.10415138
-0.00723456
-0.10683669
-0.09214831
-0.01486380
-0.07825706
-0.02008472
0.01370218
-0.03545198
-0.11047639
-0.05260928
-0.07223701
-0.01861581
0.14211783
-0.01198428
0.06732525
0.10280442
0.00241927
-0.05021472
0.05409138
-0.05166962
0.01589102
-0.14321700
0.01973178
-0.05767617
0.00796358
0.03521565
-0.03636562
0.01424639
0.00793495
0.14921303
0.01532057
-0.15297826
-0.09845790
-0.07037836
0.07173753
0.03620997
-0.06217093
-0.12960860
0.07385682
-0.12704068
-0.15220782
-0.11967162
-0.01649360
0.04555832
-0.05688271
0.08362316
-0.08412644
-0.11627489
-0.04944175
0.01554762
-0.10944246
0.05088022
0.01215421
-0.05979110
0.03469468
0.00167529
0.05879193
-0.01058375
-0.00507405
-0.10801904
-0.03047042
-0.08254237
0.02327950
-0.06359258
-0.00142964
0.09504865
0.04043915
0.06335028
0.10710293
-0.09066267
-0.02044143
0.08160814
-0.03269793
0.09147391
-0.07292839
0.08914672
-0.20173083
0.04844271
0.10828581
0.03600939
0.01287543
-0.02518826
-0.05315602
-0.04368028
0.02079947
0.08790527
0.13683411
0.11473718
0.04848632
0.07211520
0.08284285
0.06725714
0.01102522
-0.15463831
0.04337504
0.03748140
-0.03532098
-0.03492222
-0.09338978
-0.07750024
-0.05221644
-0.04520828
-0.05952220
0.04099985
0.04364441
0.07867910
-0.06480268
0.08681702
0.01716197
0.07913948
0.00722930
0.10415010
0.01401283
0.00668932
-0.02706491
0.17519923
-0.07962703
0.14998914
0.08033653
0.06634264
-0.13242735
0.09413769
0.09782342
0.00002186
-0.06946015
-0.05488663
-0.09709738
0.11142825
0.04616945
0.10436568
0.04395414
0.05001623
0.09508549
-0.06940084
-0.00325438
0.03448777
-0.04994940
0.03338198
-0.09633878
-0.09018799
-0.09782489
0.01052351
0.18260837
-0.07648555
-0.04141041
-0.02184924
0.06136401
-0.01238890
0.04554295
-0.00208430
0.16167261
-0.04657733
-0.07360996
-0.01875251
-0.11264656
0.16268434
0.04486573
-0.07439496
0.02375165
0.06344079
0.12537017
-0.00050811
0.00634753
-0.09428007
-0.04282406
-0.03658278
-0.02198877
-0.03421476
0.06945384
0.15377815
0.02409287
0.14169908
-0.12797455
-0.00143269
0.11545021
-0.00314015
-0.00953697
0.06992521
0.15024552
-0.09780192
0.12782367
-0.03043142
-0.02747244
0.04044288
0.09950951
0.03581193
-0.01584975
-0.00948847
0.07152966
-0.06579871
0.10593329
0.02904147
0.05415583
-0.07518747
0.02526181
-0.10307073
0.14647900
0.00677653
-0.05464584
0.04831064
-0.00534519
0.03873153
0.04220828
-0.03392354
-0.01606272
-0.12583649
-0.05568597
-0.00226597
0.07267186
0.00241900
-0.02275359
-0.04527358
-0.08910176
0.02310763
0.11851984
0.16114035
-0.05803525
0.06739780
0.11259485
-0.05639629
-0.04731420
0.09991225
0.05160590
0.00281862
0.02136780
-0.04348171
-0.11725501
-0.13131961
-0.10179458
0.00494064
-0.01268265
-0.11063889
0.09924024
0.00900659
-0.01235216
-0.04908270
0.14597446
0.09540050
0.01290851
-0.01567941
0.07274359
-0.06228674
0.00868461
-0.04668142
-0.05635592
-0.08400962
-0.11744633
0.01318697
-0.06407675
-0.01323690
-0.00153603
0.05099401
0.04110346
0.05988597
-0.13886610
0.13224937
0.14707367
-0.03126755
0.10036865
-0.13934532
0.11344449
-0.06665871
0.07475757
-0.04382634
-0.02165016
0.01777174
0.07735236
-0.03407533
-0.08618166
-0.00659732
0.11616962
-0.09789524
-0.09221760
-0.02714041
0.12227242
0.05154488
0.03177112
-0.12822695
-0.06125497
0.03565487
0.00696795
-0.05888691
-0.04157929
0.03627698
0.04754805
0.03340363
0.02539540
-0.08404302
0.01680034
0.02726220
-0.05183845
0.04499718
-0.03911666
-0.09501495
-0.01908937
-0.02828146
-0.00408464
0.02747105
0.03272332
-0.07347164
0.03183572
0.07728610
0.05153993
-0.06996214
-0.02763757
0.01576793
0.00989048
0.06383205
0.06170588
0.03690572
0.08723006
0.12861690
-0.04253069
0.04391631
0.06942440
-0.00088812
0.04081513
-0.03898290
-0.06481202
0.09271816
0.05597557
0.09712563
0.09356634
0.03782824
0.07354368
-0.06476821
0.02152038
-0.02435213
-0.10662720
0.00613644
-0.01579986
0.09025536
0.07906194
0.09723470
0.06118280
0.02656460
-0.17013250
-0.03157899
0.00893643
0.07015992
-0.13061783
-0.05151788
0.09105473
0.08806540
0.01851409
0.00970105
-0.04132288
0.08134076
0.04038138
-0.09981927
-0.05481265
0.10801578
0.00576654
-0.00320998
-0.00612379
0.02135508
0.01084321
-0.05283668
-0.13372044
-0.09601795
-0.19022214
0.00087194
0.02906967
0.12983434
0.11035003
-0.01220719
0.09868865
-0.13743040
0.11760852
-0.06396619
0.03010714
-0.10726154
-0.03930051
-0.03244071
-0.13979058
0.09387466
0.00451733
0.05218239
-0.07910534
0.07683263
0.02285666
-0.11467903
-0.01181096
0.01980197
-0.02953219
-0.09272031
-0.11148460
-0.11580133
0.06725125
-0.03432807
-0.04744491
-0.05727315
0.01033887
-0.05013277
-0.13244204
0.01276492
0.06741817
0.08212100
-0.07029320
-0.02313160
-0.08174921
-0.01519756
-0.00347265
0.00488079
0.03019181
0.06999816
0.00424095
0.13297474
-0.02270563
0.06224772
0.06114861
0.09032775
0.08465084
-0.02544347
-0.02677336
0.10013514
0.05225385
0.07253937
0.01531825
0.00020487
-0.09245654
0.03833339
-0.02321016
-0.07044959
-0.10621729
-0.10277143
-0.01284102
-0.06193790
0.07390668
-0.03539126
-0.04502026
-0.02126990
0.07469296
-0.04405312
-0.08273181
0.01240466
-0.06299499
0.04243505
-0.06304181
0.06492521
-0.05774483
-0.00405024
0.04238560
0.03728465
-0.04603427
0.02728374
0.07418191
0.02875208
0.02797135
-0.07541999
-0.07078809
0.00489725
0.10092156
-0.02002965
-0.03655399
0.07310343
-0.07461190
-0.02736870
0.01400048
-0.06613660
0.07057671
0.07474077
0.05263878
-0.04773693
-0.01272160
-0.09004415
-0.08606802
-0.02892391
-0.06780746
0.03226653
-0.00844627
0.03401861
-0.01303264
0.00098522
-0.03177980
0.04668513
-0.08548661
0.01929827
0.06258947
0.02816080
-0.02500220
0.10573017
-0.04970726
-0.03755181
0.01071856
-0.06349905
-0.04436309
-0.04251267
-0.07104333
0.10144389
-0.00699104
0.02511123
-0.04552466
0.06736650
0.06733420
-0.03170781
-0.03678641
0.05154192
-0.01244178
0.03462987
0.03847148
0.01950678
-0.01921524
-0.03145014
-0.07712620
0.08497668
-0.09260079
0.07059664
0.11244762
-0.04399460
0.17761791
0.00825957
-0.09187298
-0.00652488
0.07856993
-0.04002880
0.10525303
0.00211101
-0.03750859
-0.05102953
-0.11021511
-0.00407474
-0.06699760
0.05051338
-0.06411003
0.04259075
0.03888924
0.04546487
-0.01537937
0.03355067
0.06919935
-0.03118916
0.06141412
-0.03191853
-0.01408368
0.00728454
-0.00496887
0.00660708
0.09435100
-0.14744732
0.00317270
-0.14402960
0.04446332
0.06514528
0.13033654
-0.02849366
0.06514344
-0.11085141
-0.00634748
-0.04970210
0.11224278
-0.15152702
-0.12519278
-0.10788953
-0.02321215
-0.08486752
0.02516452
0.07496569
-0.03423694
0.02973156
0.11596441
-0.00606793
-0.02172896
0.07565402
-0.00086680
-0.04944009
0.09954573
0.01997469
0.01233362
-0.11938989
0.03953791
-0.01891976
-0.05170222
0.06331033
0.16921936
-0.11602131
0.02564486
-0.12235913
-0.03557359
-0.10950266
-0.06270307
0.02266337
0.07564242
-0.13502499
-0.09243509
0.11835785
-0.11557155
0.01192887
-0.07601170
0.00217642
0.03043125
-0.03508189
0.12107259
0.09538756
-0.04324577
0.03528698
0.04016751
-0.01996768
-0.13649079
0.07212390
0.03608209
0.07366899
-0.12319013
-0.04013120
-0.04908938
0.12638280
-0.05398153
-0.03145851
-0.05280421
0.00258764
-0.04878889
0.08946463
0.02923303
-0.02660308
0.00611997
-0.03152724
-0.01995296
-0.07274614
-0.02794242
-0.08597602
-0.13552558
-0.00067346
-0.14350605
-0.01130669
-0.11705837
-0.00371375
-0.01703084
0.00144516
-0.00680303
0.05652351
0.01600589
-0.03110984
-0.01925622
0.08276892
-0.05532049
0.02257901
0.05943863
-0.08042301
-0.00691419
0.05528408
0.04835792
-0.01727109
-0.07266538
0.01617575
-0.03689513
-0.00463948
0.00220841
0.08265097
-0.05560070
0.08230250
0.01771953
-0.00121475
0.01258102
0.02433804
0.06675164
-0.03827619
0.03893815
-0.09614818
0.05968441
-0.00417287
-0.07163228
0.05457076
-0.05474814
-0.08037668
0.00850257
0.07393010
-0.01318484
-0.05796654
0.02520955
0.08478648
0.00616140
0.03527315
-0.07268220
-0.06164478
0.09658906
-0.07680598
0.08786419
0.08283946
-0.07295982
0.04338938
0.00285950
0.01957356
-0.06278326
0.08328293
-0.01304590
-0.04474787
-0.02089744
0.03594570
-0.09301768
-0.04488589
0.03203192
0.12976997
0.07349370
-0.07062893
0.04625857
-0.08292549
-0.11134354
0.01877553
0.10878008
-0.08851391
0.12690400
0.01613150
0.06105385
0.05057680
-0.00954085
0.06439787
-0.07192338
-0.04261704
0.05385382
-0.08041862
0.05911011
-0.04660747
-0.04509900
-0.07660641
-0.05884961
0.10035835
-0.05346729
-0.03531789
-0.07324087
-0.03351451
-0.05104810
-0.01156604
0.01684278
-0.10665628
-0.01799745
-0.01192524
0.02899225
0.03744538
0.04879875
0.00249540
0.00363872
0.06395870
-0.01780550
0.06489464
0.06016409
0.05135530
0.03555179
0.03743978
0.06776436
0.07120002
-0.01723548
-0.04666677
0.00476374
0.06757076
0.04088653
0.10565817
0.02085902
-0.01305046
0.07154714
0.11317492
0.08602289
-0.03052391
-0.04578038
-0.02932215
0.04788144
0.15835567
0.05007673
-0.04176028
0.06444611
0.00251122
-0.08925422
-0.02428317
0.10379102
-0.10853108
0.10046786
-0.05216346
0.07644138
-0.05015575
0.16497193
0.01714244
-0.19032094
0.15936875
-0.14366350
0.01251650
0.18485478
-0.07377476
-0.02875195
-0.06992888
-0.01303211
0.04923262
-0.01030636
-0.03114652
-0.14770620
-0.10617360
-0.06408654
0.07967108
-0.01243696
-0.00387540
0.04587226
0.06475170
-0.31280249
0.01145404
-0.00942511
0.16549775
-0.02678561
-0.18024030
-0.20831382
0.05215030
-0.04861870
-0.03720021
-0.11272675
-0.10288190
-0.09548795
0.11870234
0.08878881
-0.04892233
0.24548331
-0.06226191
0.00760238
0.17089672
0.05250038
-0.21585029
-0.02941333
0.19150467
-0.10027114
0.05114868
0.12017775
-0.06843307
0.17403953
-0.00672035
-0.08959951
0.05285347
0.00254157
0.13442422
-0.03180090
0.06438479
-0.06461555
0.06678699
-0.01232619
-0.05023371
-0.09313623
0.03941668
-0.06802437
-0.13684517
-0.03824789
0.03470813
0.04442887
-0.06733581
0.10405316
0.06615899
-0.09641105
-0.10909486
-0.08312541
0.00095257
0.04391064
0.15451047
0.10690586
-0.00945141
0.00712893
-0.10050753
0.08855145
-0.02330513
-0.07586843
-0.06594022
0.07429308
-0.06419282
-0.11380219
-0.07847872
-0.07270528
0.04696176
0.12090588
0.02350930
-0.04208145
0.02129992
-0.07837591
0.06615831
0.06595367
-0.05183084
0.11112940
-0.11119877
-0.10905834
0.01619139
0.07393593
-0.02873551
0.08723406
0.08574412
0.06096390
-0.02691218
0.06276090
0.02439384
0.07257277
-0.03080110
0.01004403
0.05286298
-0.02129310
-0.05599758
-0.01101238
-0.08308850
-0.03950441
0.00966699
0.02247155
0.02989583
0.07278685
-0.04770735
-0.09650569
0.01802184
-0.01167786
0.00111968
-0.03894253
0.01459360
0.02270279
-0.07793849
-0.03596876
0.06500004
0.04233792
0.03788434
-0.08208115
0.05014434
-0.07614374
0.02366927
0.01737232
-0.00234232
0.03601805
0.01721178
-0.09109067
0.06493294
0.08931400
-0.04883114
0.09000558
0.00969753
0.00883392
-0.00352658
-0.09765568
-0.06354963
-0.06566055
0.03138374
0.00714993
-0.04326478
-0.07113267
-0.02811447
0.01648267
0.07744385
0.08899530
0.06173013
0.04354261
-0.04038566
-0.07015395
-0.08648097
-0.02264040
-0.07299557
-0.02757177
0.05240633
0.00692964
-0.05922214
0.01523847
0.09218012
0.09330289
0.14784431
-0.08210327
-0.12120751
-0.08441092
-0.09445736
-0.03521970
0.00407843
0.05711238
0.09739140
0.04378723
0.08023874
-0.04185522
-0.02049069
0.03471505
-0.03611235
0.04344024
0.05899666
0.04311389
-0.08653101
-0.00864015
0.10872926
-0.00246995
0.05440516
-0.08312158
0.01929897
0.01861949
-0.07326607
0.04175503
-0.07123319
-0.06682208
-0.05398145
-0.01093918
-0.06774366
-0.01857180
-0.16994844
0.08546282
-0.02605977
0.01905052
-0.02077112
-0.08803681
-0.01262530
0.09267827
-0.00028048
-0.09731247
-0.17599711
0.12621461
0.10145611
-0.03406240
0.08627568
0.01311375
-0.09424274
-0.05826090
-0.06007680
-0.08604020
-0.08971243
0.04034839
0.10871305
0.01434647
0.06042858
-0.06187690
-0.07836567
-0.10073189
-0.02410531
-0.04817809
-0.06571738
-0.04263333
-0.07439112
0.03754898
-0.11905690
0.04991693
0.06363579
0.13684432
0.03547936
0.07931881
-0.05157763
0.08239733
-0.05624826
0.09190748
-0.08036628
-0.11267994
0.11490268
-0.05520203
-0.01468623
0.02293884
-0.02537386
-0.03939955
0.00505211
-0.04180990
-0.07610828
-0.08362667
-0.05022009
0.08327629
-0.00150417
-0.03993397
-0.00735050
0.03224249
-0.02229032
-0.07599059
0.08821984
0.03845762
0.03248128
0.08775500
0.06897093
0.09720302
-0.09594695
0.00502013
0.06724219
-0.12515862
-0.03555506
-0.04010832
0.04033435
0.05267417
-0.13822868
0.12081394
0.05779029
0.04529375
-0.13225102
0.06827881
0.07332692
-0.02850243
-0.11900906
-0.09056768
-0.06460845
0.05794531
-0.07343838
0.04133710
0.02823433
-0.07593354
-0.02663405
0.08313179
0.03375128
0.07424160
-0.05195569
0.00660404
0.09223232
0.05557707
0.05276533
-0.05193517
-0.10382517
-0.03442629
0.02743183
-0.02228150
0.03859356
-0.08240610
-0.06015098
0.10444684
0.01787233
-0.01068488
0.05793550
-0.02774730
0.03891848
-0.02439987
-0.00703289
-0.06359901
0.02742074
0.02242650
0.00442717
0.07046907
-0.09042358
0.06606196
-0.07091441
0.11086648
-0.00193011
0.12348742
-0.06867944
0.08789690
-0.01199614
-0.02854331
0.14382194
0.07290763
0.12563822
0.07965221
0.02247848
0.07326154
-0.04635341
-0.10890667
-0.08308461
0.06197272
0.06741456
0.03318188
0.06148647
-0.01962202
0.08923937
-0.06193658
-0.06632578
0.02464878
-0.06268973
0.02558754
0.10867812
-0.00267498
-0.01418725
0.07252700
-0.05890922
0.02309463
0.03074094
0.05486552
0.12774900
0.07932990
0.06666352
-0.13718082
0.12265518
0.01440061
-0.09220415
0.07787178
-0.05409905
-0.13330726
-0.05185436
0.14974490
-0.12097290
0.10341501
-0.08885684
0.06354675
0.03602878
0.08748291
-0.05029534
0.11822577
-0.02816262
0.07394261
0.00871157
0.07938864
0.11784392
-0.04169810
-0.04276549
-0.02956689
0.00294840
-0.01217126
0.08485041
0.07351079
-0.11666542
-0.12862591
-0.02763744
0.10546307
0.08899204
-0.04937253
0.10318322
-0.01924765
-0.01165772
-0.00778210
0.08943359
0.03186799
0.01150115
0.03067303
-0.03413106
-0.12323669
-0.13988112
0.01119872
-0.07340705
0.00671506
-0.02035940
0.00781231
0.00357410
-0.06814650
0.05187177
-0.04494411
0.01875314
-0.03844309
-0.00349996
-0.04512039
-0.09221981
-0.02400860
0.10847867
0.00343653
0.12066981
-0.08474249
0.15062828
0.02884493
-0.02460455
0.00937340
0.08819342
-0.09251156
-0.04515084
0.15107253
-0.06606781
0.14682166
-0.01932868
-0.02500428
-0.00867171
0.00404214
-0.18392281
-0.00495037
-0.00267783
0.19732679
0.10323128
0.00941949
0.01113620
0.07801650
0.05934759
-0.01492805
-0.09496939
-0.04809081
-0.11819423
-0.00394425
0.11464955
-0.12914400
-0.10633933
0.11399871
0.10279864
-0.00491234
0.12510626
-0.02346495
-0.08067311
0.04787062
0.12463948
-0.07941956
-0.02688032
0.00485976
0.00297999
-0.21601520
0.00732179
-0.05579410
-0.09605858
-0.04499568
0.15284884
0.06800043
0.02781697
-0.05324393
0.04015490
-0.02460892
0.03769842
0.07016432
0.04013828
0.08137466
0.05102877
0.01164526
0.01132626
-0.00966432
-0.06825452
0.14701532
0.02749688
0.16601542
-0.05126360
0.02116918
0.00785691
-0.05775773
-0.04151499
-0.06999222
-0.05138817
0.00984792
0.02347635
0.04155688
0.00611520
-0.10281060
0.05501592
-0.05689788
-0.05096280
0.03605603
0.07197310
-0.02695131
0.08722079
-0.05464628
0.08604041
0.00264388
-0.00318768
-0.00260269
-0.05633010
-0.03655112
-0.07206842
0.10650060
0.00358854
0.04503261
-0.14170662
0.15332568
-0.00175349
0.02289932
0.00674546
0.01818177
0.06600966
-0.05445879
-0.06087519
-0.02249925
-0.02288316
0.04062853
-0.04603741
-0.00529521
-0.11972972
-0.08516236
-0.08252479
0.09338363
-0.06331451
0.06610618
-0.02558686
-0.02155879
-0.10707040
-0.02811152
-0.03028914
0.08395021
-0.15011738
0.09701475
-0.06275031
-0.01483895
0.00974942
0.15938368
0.10586485
-0.01258318
-0.01664174
0.05590236
0.08260706
0.12668464
0.08229519
-0.10478783
0.01683557
-0.02260380
0.00412179
-0.00559292
0.08141040
-0.03129302
0.06167206
-0.02238797
-0.00114788
-0.16645774
0.04282473
-0.09653227
0.04302237
-0.10368698
-0.07790668
-0.04929500
-0.11859675
-0.02776451
0.07362371
0.05816200
-0.06786928
0.10907948
0.00535085
-0.08163217
0.03310208
-0.08210263
0.02747804
0.01637508
-0.12382142
-0.10092675
0.06156016
-0.11251543
-0.02556118
-0.00338243
0.04633380
0.15528540
-0.00842129
0.07855055
-0.05705269
-0.05327760
-0.13267522
0.01663156
-0.05630891
-0.08269957
0.09167434
-0.04446821
-0.03698609
-0.00396582
-0.17694795
0.01350275
-0.08020031
-0.05974439
0.08483080
0.12817462
-0.10146685
-0.06718091
0.09968306
0.03945861
-0.02949210
0.25832695
-0.03711522
-0.02454143
0.14905514
-0.02274539
0.11345043
0.06847042
0.00122887
-0.08677111
0.02101137
0.02686062
0.07148455
0.10019065
0.14135118
0.06723477
-0.00570555
0.12411802
0.01538257
-0.06712461
0.00626425
-0.06311741
-0.05950754
-0.05608302
0.04784997
0.05985681
0.06455006
-0.04155963
0.12641726
0.08253777
-0.24594264
-0.09649359
-0.01295081
0.00286257
-0.00699696
0.04547561
0.08425118
0.01807947
-0.10948174
-0.03946461
-0.11240327
-0.02002816
-0.15546322
-0.18315198
-0.15141770
-0.01759484
0.03066877
-0.11181977
-0.09228908
-0.11167205
0.08171996
0.02235324
0.00865112
0.06181533
-0.12334624
0.06432343
0.06163751
0.00094236
-0.04788871
-0.02711708
0.01538866
-0.04680831
-0.09207316
-0.01322262
-0.03351339
-0.03076007
0.15244272
-0.04169067
0.03469474
0.06009593
-0.01759009
0.10665108
-0.01692236
0.00769923
0.04379758
0.01916930
0.07049051
0.09558091
0.03561898
0.00097042
0.07045092
0.08774807
-0.06538108
-0.02662643
-0.06418398
0.00015167
0.05635460
-0.02873423
-0.05164177
0.02220171
0.14498833
-0.00893801
-0.02304180
0.03488490
-0.06898079
0.05778560
-0.09607761
0.08906740
-0.00467311
0.05401774
0.06573828
0.01441811
-0.06001739
0.03045708
0.09938917
0.03718709
0.01469271
-0.04329726
-0.06218944
0.06855368
-0.06293815
0.07154197
0.06495272
-0.03282411
-0.03031458
0.15573551
-0.07827526
0.05070256
0.09890917
-0.01266636
0.00670786
-0.01762406
-0.12604341
0.07350120
0.08537414
-0.02167665
0.07542191
-0.08747508
-0.02562117
-0.09341950
0.09619983
-0.02569768
0.02850701
-0.10343859
-0.04991595
-0.03131314
0.05298699
-0.05137212
-0.09128999
-0.07615129
0.11069372
0.01532428
-0.08014008
0.10367839
0.07898252
-0.00434391
0.07707982
0.04205821
0.04916445
-0.01238301
0.03995725
-0.07301797
-0.08053144
0.08683646
-0.03485623
-0.08427549
0.04383211
0.02184180
0.15976837
0.06868576
0.13843830
0.12886594
0.05545870
0.01954016
0.02148004
-0.07361955
0.12953369
0.00256008
-0.01929538
-0.05865804
0.15507674
0.10700893
-0.12371199
-0.05374155
0.08040264
-0.02127697
-0.02699210
-0.08933808
-0.02390755
-0.04748675
-0.10652798
0.02239249
0.03298599
0.07523464
-0.09192208
-0.12102452
0.02285447
0.03924298
0.12914494
0.02383727
-0.07058339
-0.01253130
0.00165333
0.04194454
0.06886705
-0.07150277
-0.00370366
-0.11578238
0.02354568
0.05920945
-0.08762319
-0.00496148
-0.02489899
-0.09498011
-0.09308369
-0.01497057
-0.05554526
-0.00457748
-0.01127352
0.01214681
0.12714188
-0.05680649
-0.09284005
0.00320814
-0.09159890
-0.01879817
0.06630854
0.03064665
0.02156640
-0.16368793
-0.10281214
-0.00342913
-0.01763716
0.21246117
-0.03571972
0.00751392
-0.01538770
0.09410720
-0.09952068
0.06034018
0.01975588
0.00229202
0.03675150
-0.02784364
-0.01670359
-0.06967976
-0.07380086
-0.01604502
0.06755122
0.05834575
-0.10167334
-0.03428118
0.01583685
0.02088526
-0.01615266
-0.00147506
0.01329319
-0.04247991
-0.10179336
-0.08584704
-0.09952815
-0.06313162
-0.03055662
-0.03407833
0.06138776
0.03825330
0.09108862
0.09803149
-0.01238983
0.16802944
-0.11410072
-0.03791211
0.01850326
-0.00598694
0.02230480
-0.00132151
-0.00452901
0.05266323
0.08806485
0.02050505
-0.08440823
-0.12573178
-0.12132808
-0.01241329
0.03755827
0.08802100
0.11796116
-0.03371754
-0.08708623
0.09755328
-0.08739118
-0.00035293
0.07764249
-0.03697580
-0.08084415
0.09890887
0.02967258
0.07288568
0.09269779
0.06196898
-0.11495098
-0.00711428
0.01716847
0.06619170
-0.07581636
0.06838099
-0.04284877
-0.17079858
0.03926221
-0.04895539
-0.03508362
-0.08097400
-0.10280038
0.05495823
0.06886064
-0.03100549
0.03010303
-0.01910556
0.03975184
0.07402266
0.09216227
0.02630884
-0.00420470
0.05152320
-0.00585722
0.04999474
0.02888845
-0.02541533
-0.05308256
-0.03960394
-0.00935485
0.06531452
0.02932817
0.01479520
-0.09222445
0.02087381
0.00040159
0.01732290
0.07796550
0.05377261
-0.00446774
0.03451447
-0.00053965
-0.08403067
-0.06761339
-0.01090269
-0.04776686
-0.12369010
0.04855184
0.10689912
0.02732410
-0.07078922
-0.08855709
-0.00926377
0.09247983
-0.06469078
-0.04476525
0.16546257
-0.06920550
0.08891095
0.07178757
0.00139981
0.02237062
0.14906085
0.03487147
0.11782782
-0.09870353
0.02106648
0.05081459
0.02319082
-0.06946776
-0.09147402
0.02484064
0.00690105
-0.04404413
0.07892278
0.08539592
0.06094890
-0.03980266
-0.00231377
0.03105416
-0.10779896
-0.06691410
-0.00612614
0.10773636
-0.07050131
-0.02188563
0.04894985
-0.02680404
-0.05976588
-0.04379359
0.01562514
-0.02437156
-0.10105404
0.03119649
0.03344747
0.12543540
0.05863319
0.01199745
0.09262670
-0.05905392
0.01030836
0.06321883
0.11883268
-0.00414847
0.00172744
0.00165276
-0.03672487
-0.03478728
0.06141505
-0.00090309
-0.05702197
-0.06190327
0.05703293
0.04400624
0.14340697
0.03167628
0.02901158
-0.02871350
0.02296863
0.00471719
0.07326574
-0.09412471
-0.08105185
0.04612697
0.10627991
0.11310920
-0.01363247
0.00913080
-0.05425065
-0.09864379
-0.09231831
0.00844979
0.04394536
0.01626710
0.01820773
-0.10595492
0.04029265
0.02973541
0.03147353
-0.05909033
0.04175434
0.19960074
-0.08726978
0.02428674
-0.12290926
-0.05369761
-0.01294857
0.08877117
0.05432875
-0.00127262
0.01321754
0.02696648
0.02651042
0.08095165
0.16184530
-0.04455664
0.09611413
0.01510009
0.04190091
-0.14177142
0.19642986
0.05783582
-0.15944973
0.13723569
-0.06430291
-0.02016202
-0.00384243
0.04865635
-0.03166723
0.05141879
0.05449167
0.03451129
-0.19608024
0.07509021
0.13790268
-0.03665432
-0.01064622
0.04842749
-0.15350774
-0.03374004
0.03442832
0.03937220
-0.09375925
0.01854606
0.08768971
-0.04247746
0.08993728
-0.09850141
-0.01720039
-0.05339106
-0.12603825
-0.07470295
0.08994893
0.12193472
-0.08934718
0.00708624
0.01105390
0.06064579
0.13036811
-0.03073633
-0.04511916
0.05054571
0.03163903
-0.07886045
-0.10575525
0.00653927
-0.12114000
-0.06004203
0.00293981
-0.03237975
0.05911700
0.07684728
-0.11347117
-0.09550827
-0.12725070
0.00469514
0.09212671
-0.01596826
-0.01068149
-0.05788980
-0.05124522
0.07039894
-0.07918392
0.02045137
-0.10408588
-0.06402422
-0.06190938
0.05655665
0.04284212
0.03181227
0.05091327
-0.00630112
0.01124008
-0.11566525
-0.11369442
0.07244247
-0.01797656
0.02285623
-0.09184897
0.04385042
0.02753115
0.08264080
0.14005718
-0.03958465
0.02956600
0.01221740
0.08983163
-0.01407715
-0.07638400
0.02999678
0.03271956
0.00781237
0.02317803
0.16238455
-0.03106202
-0.12283310
-0.01170757
-0.03573734
-0.01963478
0.10312561
0.03890222
0.09250765
-0.00977112
0.01065494
-0.03687345
0.00190996
0.06542291
0.03743117
0.06708556
-0.08705613
0.01221138
-0.02382582
0.04275099
-0.01594735
0.16138777
-0.12504140
-0.03573952
0.04687739
-0.09543200
0.00947995
0.11594531
0.08476947
0.00313726
0.10997453
0.05070119
-0.04812010
-0.01576856
0.00470924
0.01875526
0.01989588
0.07158433
-0.07684678
0.01314692
-0.09677666
0.10188591
0.03383666
-0.03004782
0.01308633
0.00426945
-0.01746825
0.07203163
-0.05004269
-0.00349851
0.12638342
-0.00382570
0.03248088
0.01567774
-0.02251182
0.06682201
-0.08282506
0.05660718
0.10185470
-0.17602654
0.08099302
-0.02391478
0.01860422
0.02737837
0.05124170
0.06002206
-0.05377179
0.06096650
0.12964343
0.04650350
-0.02955865
-0.01778343
-0.08693121
-0.08149442
0.03974840
0.04295671
-0.01234707
0.04732612
0.04722771
0.03985339
-0.08048347
-0.11569031
-0.11292700
0.10541318
0.01217345
-0.02262526
0.14851931
-0.08049954
0.01745472
-0.05347769
-0.07891348
-0.08660270
0.12221391
0.10834530
0.06757611
-0.01844004
-0.02496565
-0.05258064
-0.07110503
0.19895595
-0.08002520
0.03995509
-0.04092377
-0.01896253
-0.03601969
0.11642596
0.02826174
0.07057104
0.01750401
-0.01226983
-0.15787464
-0.26980737
-0.06902502
0.05092076
-0.03472530
0.03826106
-0.02524006
0.11240736
-0.04168097
0.00642874
0.03894997
0.12293524
0.04301797
-0.07972015
-0.06096482
-0.04550634
0.08161628
0.01036366
-0.08236164
-0.03613719
0.02182068
0.08667254
-0.00785717
-0.10195171
-0.02116284
0.05338179
-0.11475545
-0.01739473
0.00998656
0.02460555
0.09978382
-0.07515720
0.00170323
-0.02080235
0.14297831
-0.02279491
-0.07550843
-0.02049954
-0.09256813
-0.05386500
-0.03592105
-0.08090224
-0.01215866
-0.02860378
0.04819893
0.06144563
-0.04333458
-0.01760885
0.08211222
-0.04736503
0.01609854
0.05687913
0.06557757
0.06634739
-0.08760890
-0.05302344
-0.05211641
-0.05484372
-0.02376843
-0.09568625
-0.01675651
-0.06751018
0.05937433
0.08160014
0.00194460
0.04693961
0.08257023
0.05290874
-0.00027782
-0.06401084
-0.00068631
-0.08604279
-0.09126046
-0.04733827
0.00363985
-0.01857796
0.02046761
0.01050403
0.09816162
0.11285407
0.10964591
-0.00772632
0.09604995
0.05218041
-0.06530812
0.10195811
0.06027441
-0.06191229
-0.08155032
-0.04345940
-0.09347820
-0.13413137
0.02925947
-0.11574865
-0.05862872
0.05486324
-0.07812816
0.10177699
0.01415304
-0.03668896
0.01185817
-0.03682098
0.07896839
0.02480040
-0.01916703
-0.04858873
-0.04529075
-0.07833360
0.06566986
0.15336791
-0.11466249
-0.03621824
0.13426878
-0.00151002
-0.09435270
0.18254749
-0.06904950
0.04406228
-0.12637137
0.09390002
0.03799292
0.06820951
0.08390649
-0.02861144
0.02238113
-0.02704244
0.02347956
-0.00441055
0.03077566
0.13325977
-0.01098445
-0.01951787
-0.02173619
0.20698707
0.04766445
-0.08459985
-0.04905637
0.14452325
-0.05092311
0.01579400
0.10134867
-0.01864917
0.00696798
0.11839633
-0.01533045
-0.04632093
0.11035660
0.07029179
-0.04643383
0.03673995
0.05572010
0.02124729
-0.03141636
-0.02204350
-0.01057812
-0.07239573
0.10996741
-0.15732723
-0.03513800
0.08348551
-0.03997400
-0.05444004
-0.09078165
0.02340208
0.01309052
-0.03800363
-0.01901486
-0.15211405
-0.00306837
-0.02471564
-0.22030780
0.00401383
-0.16348852
0.07372276
-0.04923288
0.12632093
-0.01860862
0.09224796
-0.10206727
0.01866361
-0.06866661
-0.01595474
-0.13341500
0.09661618
-0.03463943
0.07737958
-0.03373159
0.00286617
0.06033944
-0.09292507
0.08557215
-0.09031992
-0.09917563
-0.04496580
-0.11190560
0.00574016
-0.03964387
-0.04586334
-0.05696640
0.01749939
-0.11697342
0.04228030
-0.03127205
0.00181127
0.02803632
-0.02893693
-0.06732450
0.01738271
-0.03870998
0.07680511
0.00052388
0.00376509
-0.09984884
0.03779832
0.10857569
-0.09275124
0.00422081
0.10972374
-0.01265361
-0.02468798
-0.02219644
-0.06533888
0.02802821
0.01325660
0.03195151
-0.03901999
-0.04104444
-0.06586609
0.10361966
-0.02686365
-0.05159692
-0.03874888
0.10054752
0.02181275
-0.02317307
0.11430198
0.14088258
-0.00750287
-0.00930860
0.01286945
-0.02936227
0.02234901
-0.03759931
0.05881476
0.05220723
-0.08526736
-0.09889877
-0.02275395
0.01780928
-0.00113723
0.02151868
0.08169451
0.06599534
0.00727062
0.08273739
0.00827864
0.02156895
0.11566865
0.02804980
-0.03555046
-0.01331089
-0.04963633
0.04539251
-0.14926039
-0.00402499
-0.01094425
0.02665859
0.04985005
-0.07738312
-0.00802310
0.05543093
0.04402662
-0.09398808
-0.04043597
0.11771475
-0.10631525
-0.08286422
0.05262958
0.05429257
0.02905464
0.04219133
-0.07598498
-0.00040546
-0.05256690
-0.07853158
0.03855672
-0.10548561
0.04243770
-0.05191503
0.05874631
0.08824696
-0.07158361
-0.03683992
0.04884708
-0.05397426
-0.10167380
-0.03856056
0.01256333
0.00216774
-0.19411401
0.11544201
-0.05116246
0.04098969
-0.01288532
-0.06796099
0.01064608
0.01857036
-0.07823528
0.11856030
-0.10472874
-0.02365258
0.11812041
-0.01376148
0.01935376
0.01376545
0.00600378
0.10148107
-0.04441521
-0.14865655
0.05851272
0.11781289
0.04042028
0.01936102
0.10802245
0.03345339
-0.07418197
0.01165411
0.07693333
-0.07180918
0.03947885
-0.03885772
0.02692718
0.03591074
-0.10660132
-0.11044569
-0.05453463
0.03259965
0.05534422
0.11303365
0.07977165
0.06878655
-0.06590401
0.03555010
-0.09742417
-0.05219904
0.04111508
0.08923278
0.03157130
0.00188079
0.06861163
-0.01516023
-0.08721805
-0.01451605
0.08234955
0.04782197
0.13609684
-0.01846764
-0.00258335
0.03990934
0.05800643
-0.01436183
-0.06961302
0.03206398
-0.00724554
0.04797254
0.01376753
0.04649920
-0.03210011
0.01494904
0.09929329
0.02128024
-0.04995179
-0.08220841
0.03262518
-0.05395710
0.04927314
-0.04645493
0.05163473
0.00658015
0.01767937
0.02533006
-0.04454543
-0.03493194
0.06185192
-0.08341500
0.04649848
-0.04645521
0.09724936
-0.03900201
0.13381563
-0.04046760
0.02848601
-0.08305725
0.06660996
-0.07280824
-0.07830595
-0.04414355
0.13854623
0.06022297
0.08405951
-0.06462499
-0.01171426
0.05113756
0.00015853
-0.10069498
0.11943779
0.02790658
0.02434525
-0.01853490
-0.06198888
0.04076069
-0.12578234
0.08873120
0.03139668
0.04088382
0.00058169
0.06781095
-0.03613633
0.05272176
-0.07768639
0.05424864
0.03990598
0.08632562
0.08452148
0.10579870
-0.05071554
-0.06725703
-0.05517165
0.04283147
-0.05579101
0.01251046
0.07711604
0.11786973
0.06728820
-0.04000961
-0.11311828
0.01005410
0.10154124
-0.12720819
0.06278096
-0.11093312
-0.05438992
-0.00283525
-0.04484369
-0.04906948
-0.00882072
0.00580696
-0.02009821
-0.01727581
-0.00653279
-0.01619700
-0.02481638
0.03984352
-0.04278634
-0.03423201
0.05066853
0.08628307
-0.02580517
-0.09971126
0.08444415
0.02489243
-0.00563126
0.01882216
-0.05027856
0.09549328
0.04550291
0.07673568
-0.01992144
-0.14221458
-0.03686877
0.10786339
-0.00158481
0.01555405
0.03466529
0.00071689
-0.09168846
-0.00665347
-0.00371457
0.02952874
-0.06228559
0.04355491
0.12971474
0.03724171
0.09803224
0.01326877
-0.08728307
-0.10315044
-0.06225297
0.04125732
-0.02008802
0.14807072
0.00188526
0.03870699
-0.02161211
0.07346836
-0.01097374
-0.06023025
-0.08019810
0.03412848
-0.11140142
-0.05799504
-0.00827278
0.06280859
0.00377706
0.08916871
0.12965408
0.03455386
0.00569430
-0.04554784
-0.07875276
-0.11737476
-0.02640612
-0.04597239
-0.05287940
-0.03337595
0.01762261
0.04243599
0.12824197
-0.05169887
-0.07942013
-0.07364491
-0.01515020
-0.06101932
0.02491169
-0.03698669
-0.02369167
0.05240408
0.05361864
0.10845400
-0.00019958
0.04939529
-0.00638709
0.13067612
0.00195773
-0.05011499
-0.02146554
0.11972382
-0.06008754
-0.03346151
-0.00712054
0.01300822
0.08985191
0.17564778
-0.07557014
0.08399634
0.00922002
0.00186026
0.05898092
-0.02150800
0.06110257
0.06725638
0.05496747
0.02003448
-0.07174958
0.01521606
-0.05973677
0.04830816
-0.09733057
0.04889987
-0.01153362
0.04958172
0.25468123
0.04440944
0.17723842
-0.15890135
-0.10170891
-0.16647680
0.09971312
0.06916282
0.15386832
0.00282149
-0.01816086
0.15119816
0.09561096
0.02846250
0.01819858
-0.02647391
0.07189570
-0.11698914
0.00821284
-0.06093568
0.07158741
-0.04698693
-0.05044968
0.04278608
-0.02320083
-0.09937175
0.05627000
0.01459839
-0.07184838
-0.00093249
0.01217796
-0.07695930
-0.09207568
0.01785456
-0.12167753
0.08770087
-0.01633477
0.03041553
-0.01630383
-0.17925686
0.19563586
-0.10760298
-0.03832693
0.00671640
-0.06138149
-0.03469709
0.03337981
0.09699171
-0.16679052
0.14638929
-0.02865945
0.08182482
-0.05807729
-0.06052686
-0.04336794
0.08185802
-0.01147822
-0.02509501
0.06794905
-0.06403120
0.01361562
0.04690401
-0.03734649
-0.09407628
0.11560341
0.06544074
0.10785801
0.11587452
0.05356811
0.12727885
-0.02359969
0.08204927
-0.09020792
0.02578201
0.08151819
0.04868637
0.06981446
0.01082053
0.04286360
0.02731777
-0.07969026
-0.14928679
-0.03629839
-0.02315283
0.04103132
0.01744097
0.00842883
0.02377636
-0.00168455
0.07768633
0.02665312
0.12819438
0.15195328
0.10715832
-0.08086412
-0.07404781
0.01816105
-0.11847795
0.06686513
0.08305699
0.03985145
-0.02036647
0.08140759
0.12947558
-0.09177131
-0.01183583
0.09898794
-0.00092738
0.09599137
0.00533896
0.00333931
-0.06533132
0.00379338
0.02188321
0.02579866
-0.06258164
0.06460433
-0.09565110
0.05531547
-0.03332833
-0.05184947
-0.00099192
-0.05583412
0.03595591
0.06421541
0.07775985
-0.00130330
0.06127706
-0.02128771
0.02223773
-0.00299317
0.11141708
-0.03385108
0.09380934
0.05726365
-0.10806526
0.08688870
0.05942507
0.06725483
-0.02207900
-0.04336045
-0.00340319
0.06187700
0.01145643
0.06485055
0.10025755
0.05787037
-0.08741721
0.09754697
0.00001778
-0.00245942
-0.00742469
-0.05462595
0.05828480
-0.03531168
-0.08781326
0.01971510
-0.01357444
-0.00399547
-0.02190512
-0.05441036
0.09858704
0.10206534
0.00879784
-0.00086989
0.04012095
0.05266146
0.11893982
0.04476665
-0.01453202
0.08565596
0.00610791
-0.02868480
-0.00754440
-0.00127520
-0.01278104
-0.02257713
0.07407362
-0.10208170
0.00568067
-0.03528692
0.07841136
0.08763278
-0.09005607
-0.04380757
-0.01258144
0.02133722
0.02440502
-0.04404735
0.03109679
0.07829939
0.08710572
0.07792629
0.09474778
-0.02453780
0.04412801
0.06956179
0.04866982
-0.09653516
-0.00928200
0.08792277
-0.09539746
-0.08105484
0.00351320
0.04990705
-0.09102940
-0.02930418
-0.05804516
0.04541937
-0.00167910
-0.01266325
-0.03395481
-0.05724272
0.04068291
-0.02754935
0.07649256
-0.09183013
-0.03683567
0.07097973
0.00300199
-0.02831211
0.03935597
0.02749356
0.03547342
-0.07903366
-0.09661576
0.04917932
0.02414563
0.00459316
0.04540845
-0.06102005
-0.05421395
-0.07999054
0.07660581
0.01502925
-0.05269941
0.01972394
-0.01830174
0.05597027
0.06947140
0.09241509
-0.04093858
-0.05839356
-0.08374294
-0.01086057
-0.03499259
-0.02430199
0.17104839
-0.05488827
-0.10641528
-0.17401433
-0.08124385
0.02402254
0.07645265
-0.09060573
-0.00613469
-0.09769217
-0.08732305
-0.04729907
-0.07127923
0.08496877
0.02458595
-0.12263159
0.11484914
0.04905225
0.01382663
-0.03496750
-0.14772245
0.01258200
-0.09088407
-0.03920493
-0.03615800
-0.03023628
0.07559633
-0.01985893
0.04299294
0.02586594
-0.05708899
-0.04484679
0.04848349
-0.07323868
0.08260321
0.00308495
-0.03802866
-0.14377914
-0.11195605
-0.10355458
0.14290841
-0.03061306
0.08243350
0.01472265
-0.21254523
-0.01796467
0.01895547
0.01416964
0.16216677
0.10426968
0.10844517
-0.06436271
-0.06443609
0.04496009
0.16057265
0.00947630
0.06247250
0.02751446
0.08391718
-0.09553715
0.01065400
-0.02452662
0.05537609
0.03515245
0.06233937
0.01582438
-0.03906960
0.11086611
0.14559515
-0.02507209
-0.13298717
-0.13280457
-0.07553246
-0.14418425
-0.07612084
0.14961258
0.04986665
0.03176271
0.11822726
0.04233986
0.13460152
0.06892314
-0.09737985
0.07366973
-0.06657181
-0.08373436
-0.03056634
-0.08993392
0.04458662
0.05474764
0.01053857
0.03164965
0.07736617
-0.03511496
0.10802583
-0.03627646
-0.04369699
-0.00179425
0.14174291
-0.05856275
0.20572954
-0.00271801
-0.13189504
0.04809499
-0.04355934
0.03188057
0.06932199
0.11981508
0.01957517
-0.02522943
-0.02303489
0.02176078
0.04787127
-0.09292945
0.04672179
-0.04869165
-0.07860775
-0.01513170
0.07535640
-0.05890904
0.05138223
-0.02110586
0.05937642
-0.18361810
0.03019755
-0.06196414
0.05392035
0.05242265
0.04046987
-0.01703222
-0.13013726
0.09595925
0.04477328
-0.08722088
-0.04291922
0.02091829
-0.00296027
0.09395853
0.01166018
0.11435156
0.01606850
0.01422980
0.07645544
-0.00033040
0.11582693
-0.12468648
-0.05905415
0.03816958
0.07183983
-0.04895388
0.11983454
0.00818624
0.09256963
0.00866996
0.06156541
-0.07159720
-0.04209553
0.01924225
-0.05681635
0.06290966
0.02639139
-0.00446660
0.08775558
0.04056449
-0.03051204
0.03944171
0.09008730
0.02598530
-0.03077050
-0.06512570
-0.06428684
0.03964086
0.05166310
-0.12577485
0.02665408
-0.04587955
0.02965338
0.05255335
0.11123154
0.10144308
-0.15147756
-0.05442049
-0.00796637
0.05110985
-0.08940163
-0.07135609
-0.08009741
0.08525787
-0.00314420
0.10763488
-0.00113108
-0.03097809
0.02499001
0.09734698
-0.02822811
-0.02073732
-0.04010349
0.02213850
-0.01675650
-0.02503970
0.03316458
0.00478140
0.06996852
0.10335246
0.03577234
-0.10735945
0.01492948
0.08083269
-0.03280633
-0.00021665
-0.08508960
-0.11175469
-0.03792496
0.01973878
-0.04750621
-0.04477431
0.00149237
-0.00704412
0.05341172
0.07521842
-0.00395260
-0.08563924
0.08113682
0.02091773
0.02784391
-0.04981666
-0.01654020
0.00254750
-0.05433360
0.07765090
0.05614749
-0.01411389
-0.08260434
-0.12937474
0.03597914
0.03746651
-0.05624412
-0.01917312
0.08724765
0.00270953
0.01868074
-0.01872962
-0.06354502
-0.12010783
0.03363826
0.01338685
-0.03373153
-0.06802667
-0.00663318
0.06830681
0.03322483
-0.07581583
-0.00201750
0.05376859
-0.04355905
0.06262360
-0.02449107
-0.15971072
0.04396550
0.17996077
-0.11700679
0.00169755
0.09961412
-0.00371834
0.01018086
-0.03111151
0.00106885
0.07390057
0.04045261
0.03426841
-0.07422928
-0.14749260
0.06935338
0.01420056
-0.05409978
-0.12116376
-0.01724769
0.04836528
-0.07076029
-0.04699663
0.06745975
-0.01197964
-0.01876507
0.00383873
-0.03731775
0.13625316
0.04843402
-0.08856971
-0.00719132
0.05386183
0.01122307
0.04512750
0.19242206
0.08263019
-0.07429314
-0.09899338
0.01428077
-0.08697353
-0.11365089
-0.00891009
-0.00928423
0.03407715
0.01667469
-0.01603613
-0.11468653
0.03448835
-0.11031486
-0.01965567
0.03154987
-0.20698832
-0.01843333
-0.00378614
-0.02813858
-0.06597821
0.07636024
0.04418987
0.09304030
-0.02571690
-0.07641208
0.09622277
0.07521717
0.11647973
0.01775718
0.08633745
0.02065404
0.03330583
0.09307283
0.08810820
0.00968641
-0.00523884
-0.05973512
0.02011086
0.05642714
-0.07457022
-0.06158332
0.04180994
-0.06890929
-0.09612611
-0.00510800
-0.04744146
0.04688421
-0.10095104
-0.02791217
-0.05476533
-0.05367102
-0.05924112
-0.05928603
-0.03672990
0.05433080
-0.07741444
-0.12483940
-0.03853400
0.02589730
-0.00207052
0.11515098
-0.07874009
-0.06461430
0.09647538
-0.09544823
-0.01481289
0.03039006
0.08989219
0.03102727
0.03937574
0.09486937
0.02479080
-0.08339500
-0.06723073
-0.06745408
0.09663605
-0.03336726
0.07456878
-0.06100824
-0.01484958
0.09250312
-0.06318992
0.01205185
0.08109523
0.06473269
-0.05100147
-0.06338020
-0.01681714
0.03099911
-0.07463326
0.06199566
0.07119568
-0.11335539
-0.05344901
-0.00155471
0.00617177
-0.01809332
0.05802575
0.05534861
0.04363633
-0.08214623
0.02633734
-0.05310950
0.08977386
-0.04900862
0.02225916
-0.00885729
-0.08984001
0.02200505
-0.02012763
-0.09460526
-0.02779535
0.02424098
-0.04011150
0.05154184
0.06615213
-0.04776390
-0.07152578
0.10150016
0.10693789
-0.02886575
-0.05718645
-0.06511300
-0.08058124
0.02641621
-0.07634990
0.03142316
0.01931827
0.06306740
0.04844979
-0.02296656
0.00232118
0.07606736
-0.06850485
0.01836284
-0.04031077
0.03709761
-0.06854977
-0.02005166
0.03347310
-0.10990515
0.01409243
0.14152594
-0.06257831
-0.04460786
-0.09132745
0.09688821
-0.08186658
0.02836700
0.05270330
0.09868229
-0.06332506
0.02507385
0.04262567
0.02615754
0.09204750
0.07366182
-0.02903005
0.12826067
0.07510034
-0.03531361
0.14389996
0.07951064
-0.00483481
0.03559509
0.04365985
0.04821968
0.10251008
-0.07423295
-0.06273150
-0.03433378
-0.11040302
0.07947292
0.09775914
-0.09588832
-0.11666426
0.04072331
-0.13808879
-0.04993656
0.09977601
-0.06948150
0.04242368
-0.00504439
0.00253542
-0.02090471
0.10422706
-0.00156686
0.04865297
0.06680453
0.02473581
-0.06287289
0.03129362
-0.06351941
-0.10776532
0.04616500
0.13412306
0.11735651
0.05835655
-0.02293021
-0.08303618
-0.00457891
0.03998829
0.03001086
-0.05195913
-0.06461900
-0.06959245
-0.09663326
0.02319563
0.07796883
0.03395500
0.01575999
0.02353265
0.07373784
0.03657607
-0.05390532
0.07375491
-0.06248158
0.02178965
0.04707159
-0.03498863
0.01558360
-0.00159345
-0.02848911
-0.03774885
-0.04226891
0.13391761
0.06409833
0.06502273
-0.00068887
-0.04046079
-0.01229835
0.01349365
-0.02368428
-0.00040933
-0.05928291
-0.06379639
-0.03127937
0.01105797
-0.08057354
-0.07385468
0.02468056
0.03973891
0.00376089
-0.04358828
-0.00004073
0.02372769
-0.02718698
0.03012498
0.05854025
-0.09322067
-0.02523140
0.08414562
0.08414771
-0.00489138
0.02369127
-0.00334579
0.04157190
-0.13963690
-0.01797226
-0.08336415
-0.06005613
-0.00918265
0.02091304
-0.09372590
-0.10966246
-0.01047307
0.00043538
0.01456891
-0.09879901
0.07677779
-0.09016039
0.02377341
0.15013885
0.04447694
0.01728372
0.01447331
-0.07085196
0.05285282
0.01682534
0.13655913
-0.08600042
-0.06434240
-0.07485444
-0.00448772
0.00308882
0.01705527
-0.03867263
-0.02709286
-0.00935175
0.03431221
0.19888784
0.01897118
0.07608620
0.02601029
-0.06523176
0.06150350
-0.05628781
0.03626601
0.09666379
-0.01334395
-0.03629793
0.08345002
-0.06225697
0.03723379
0.06183782
-0.12975785
0.07418844
0.04655579
0.03247571
-0.14640778
-0.11791796
0.01635426
-0.01033869
0.02888014
-0.04365977
0.02265717
-0.05055109
0.03653261
-0.04504924
-0.00361587
0.10432272
0.03035693
0.03560612
-0.06705108
-0.01124317
-0.03869214
-0.12611908
-0.21284129
-0.10115489
-0.07512455
0.10224983
0.02004375
0.03023363
-0.04180407
-0.17708734
0.03680779
-0.04397026
-0.07817102
0.01472716
-0.05227573
0.08121283
-0.14882572
0.02799629
-0.03832542
-0.02111720
0.15613239
0.02996495
0.02611473
0.04736370
0.04141660
-0.01218825
-0.02169763
0.10874576
0.02570189
0.10002831
0.02553485
-0.05960107
-0.01504067
-0.10605622
0.09088609
0.02815633
0.03267835
0.00836132
0.12843488
0.08156876
-0.08973430
-0.00059008
-0.08277638
0.01621547
-0.02483507
0.01101969
-0.13947114
-0.00167188
0.05707695
-0.02162944
-0.07489099
-0.12080982
0.05988138
-0.07255490
0.03673397
-0.07926051
-0.01763538
-0.07900496
-0.00110745
-0.03211872
0.02948048
-0.03229429
-0.05156902
-0.06277715
-0.09113190
-0.09891251
-0.02968280
0.00699604
0.00533940
-0.05132965
-0.00028920
-0.03279505
-0.11880188
-0.04186153
0.14946365
0.04096201
-0.03130348
0.14796445
-0.04581561
0.08683828
0.08100670
0.05664303
-0.06019370
-0.10004636
0.07701883
0.01270700
-0.07599742
-0.07230151
0.05323603
0.04118759
0.05978350
-0.07957862
0.08209230
0.06247091
-0.06000101
-0.07569470
-0.00024329
0.07188817
0.04154633
-0.00736566
-0.07573602
-0.08653361
0.07020942
-0.08039455
-0.03854948
-0.03578128
-0.02563185
0.09533013
-0.00623110
-0.01221143
0.07738005
0.04097792
0.09215869
0.06021969
0.04715855
0.08345085
0.01864060
0.07251775
-0.01644066
0.09723055
0.01603654
0.06433634
-0.01911803
0.00167611
0.00850863
-0.07640916
0.07245004
0.04681468
-0.05822179
0.05232541
-0.07551342
-0.00591089
0.01047470
0.01567327
0.01179243
-0.05116093
-0.00067052
0.00345745
0.03292606
0.00564346
-0.06524336
-0.01512839
-0.07066423
-0.06004948
-0.02607843
-0.05633501
-0.01340310
-0.03885905
0.07583529
-0.00419604
-0.11921332
0.11622427
-0.08067462
0.01374929
0.04241569
-0.00111572
0.02781203
0.08677542
0.00216387
-0.05933132
0.08278871
-0.25486404
-0.01878976
-0.07284666
-0.11102562
-0.02482899
0.08129998
-0.02086074
-0.18964146
-0.12485784
0.00325065
-0.07180016
0.00794296
0.04998499
0.17424138
-0.01424060
0.04260095
-0.00815292
0.15109836
0.03397027
0.09385746
0.03921791
-0.05506516
-0.02902431
-0.16092452
0.06736913
0.02256239
0.09796820
0.09738077
0.01006744
-0.08132514
0.12725261
-0.15859744
-0.00412525
-0.12203790
0.03316187
-0.00249078
0.06843257
0.02442925
-0.15098505
0.05881013
-0.01138775
-0.02792495
-0.14382435
0.02634116
0.13147466
-0.15372817
0.00661629
-0.13943174
-0.03845555
-0.14346537
0.02704405
-0.00997703
0.01368868
-0.00966456
0.00040114
0.12136452
-0.06955635
0.02596175
-0.03473886
0.07589169
0.03811554
0.09797131
-0.00591766
0.00944909
0.09646788
0.11706991
-0.05663033
0.05024426
-0.07900704
0.05767218
-0.09275857
-0.05862484
-0.09163155
-0.13235307
0.14934003
-0.10105804
-0.00903054
-0.10223568
0.04466726
0.10620059
-0.05030283
0.07569741
-0.02073260
-0.04126401
-0.06399361
-0.02284136
-0.01144534
0.10712434
0.01218468
-0.03582568
0.04879990
0.05477535
-0.03323169
0.12565777
-0.09324242
-0.01876123
0.02357901
-0.01953300
0.03929511
-0.09131199
-0.09387959
0.06974738
0.02201010
0.08277235
-0.05785797
-0.01583573
-0.00477340
-0.00166482
-0.03269815
0.06345347
-0.03060587
-0.10099849
-0.03472198
-0.03565089
-0.02884658
0.01070726
0.11143821
0.04598337
-0.03731085
0.05493733
0.05776580
0.05461979
0.02670802
0.06486101
0.05363920
-0.05307569
0.05562567
0.07376742
0.03185229
0.01934828
-0.08452088
0.00722334
-0.09879231
0.08030352
0.05358606
0.05997814
0.04004701
0.07409813
0.01297676
-0.08207172
0.03798945
-0.09796763
-0.02836464
0.01849879
-0.02133113
0.08728737
-0.00113743
0.06575993
-0.01832518
0.02352028
-0.00558215
-0.03059293
-0.05857402
0.04718146
-0.10206491
0.02420270
0.11161914
-0.05168398
0.08450899
0.07171966
0.13748831
0.08248866
0.05691624
-0.09552154
-0.01790939
0.04027691
-0.03247134
-0.08466821
0.03612186
0.12023690
0.04481588
0.06975000
0.04239587
0.08800962
-0.02234801
0.10837608
0.03984598
-0.09874407
-0.03672450
0.01865689
0.15023570
-0.17312947
0.07472865
0.07114175
0.02540715
-0.06201961
-0.01384536
0.15574864
-0.05866841
-0.03346492
-0.04550879
-0.06924489
-0.07133757
-0.07213754
-0.17744324
-0.01163824
-0.00005300
0.01009141
-0.09560267
0.09822848
-0.03683612
-0.05472779
-0.18019560
-0.10220542
0.01985660
-0.05439477
0.01569268
-0.07479861
-0.10642726
0.02993317
-0.08427085
0.17066562
-0.11577206
-0.03340717
-0.08582166
-0.07675420
0.10427447
0.16506375
-0.01503245
0.05701389
-0.00030513
0.09123211
0.16210622
0.03017813
-0.08701090
-0.16712815
0.00600221
-0.04899292
0.01477121
0.15596031
0.03986175
0.00098243
-0.10969859
0.17662679
0.13119958
-0.03382806
0.08563094
-0.00635583
0.01525757
0.04127437
-0.10521651
-0.11399130
0.02568174
-0.02972328
0.00791720
-0.00857558
0.06974886
-0.01273930
0.04487050
-0.02797556
0.03303550
-0.08490437
-0.03514509
-0.04585237
0.08251142
-0.03436071
0.11875556
-0.03610365
0.01768992
-0.01557089
0.00334477
-0.00039907
0.02162444
-0.03866405
0.03546098
-0.02276679
-0.07013021
-0.07421872
0.11850905
0.03759253
-0.07162451
0.08890814
0.01619834
-0.00910021
0.00938953
0.06069846
0.07641289
0.02902658
-0.01316642
0.08311693
-0.03794191
-0.11127116
-0.00620174
-0.09652259
-0.02036723
0.03441937
0.11048734
0.01784869
0.04207361
-0.09306281
0.05990168
-0.05109467
0.03281238
-0.02509522
0.04301696
-0.04039332
-0.04226567
0.00214662
0.00074906
-0.09677296
0.09744657
0.02812666
-0.03474455
0.05383386
0.00953551
0.04875238
-0.02869543
-0.01719757
-0.07073071
-0.01923371
-0.10630284
-0.03537812
0.04567745
-0.02270472
0.08309293
-0.04648397
0.02660932
0.06353983
-0.09994891
-0.01836429
-0.06424580
0.01765081
-0.02033531
-0.03961672
-0.02459557
0.07168810
-0.07805337
0.01217912
-0.00531611
-0.02298123
0.10472239
-0.08043905
0.12882195
0.08078173
-0.11860310
-0.02994212
0.02947292
0.01883173
-0.11497679
-0.03519249
-0.04643449
-0.00393558
0.03271754
0.03901603
-0.10482159
-0.01498524
-0.05593822
-0.03586803
0.06905210
0.02120940
0.00740347
0.03815904
0.04851692
-0.00222972
-0.02790262
0.04619509
0.02822850
0.05344795
0.06776010
0.13869779
-0.00595465
-0.04036702
-0.02904712
0.02384003
0.09802191
-0.00408346
-0.07126248
-0.06109262
-0.06871807
0.05654801
-0.09767910
0.00926851
-0.05367963
0.12626314
-0.13963334
-0.04324619
-0.01912930
-0.01466933
-0.00307688
0.04014159
0.04288418
-0.04360117
0.00912965
0.02228245
0.11250269
0.10619735
0.10871742
-0.10971810
0.08198123
-0.09155672
-0.05334368
-0.02385200
0.01271208
-0.08539541
0.02776830
-0.03847532
-0.05802500
-0.14093155
-0.00874296
0.00970367
-0.04272462
-0.09721354
-0.08186592
-0.05725139
0.09085568
-0.00403552
-0.01769407
0.05694874
-0.11005609
0.13644585
-0.01622034
-0.04784809
-0.01629019
0.06520385
-0.05146510
0.01794231
-0.02993361
-0.08313343
0.00410862
0.00684397
-0.00554723
-0.06591811
-0.02936784
-0.00709328
0.09108945
0.12571819
0.07344676
-0.00703911
-0.01889525
-0.01480610
0.02558002
0.02232112
0.00644685
0.08444694
0.03499101
-0.08316085
0.00072427
-0.07330992
-0.04486540
0.15487927
0.01602564
0.13288784
-0.13350123
0.07090043
0.14775479
-0.00067371
-0.11626546
-0.09463290
-0.03580685
-0.02915732
-0.05013468
-0.04760783
-0.04326404
-0.02503021
-0.07203183
0.01601002
0.04508181
0.07518560
-0.04515637
-0.00363152
0.04902323
0.09364299
-0.00739493
0.02522852
-0.05577091
0.07959155
0.07271151
-0.12651396
-0.05425543
-0.03087327
-0.00657217
-0.14790988
0.03065611
0.02493240
0.03928831
-0.01023559
-0.01651962
-0.04558000
0.03411292
0.03042618
-0.13704763
0.03856810
0.03839766
0.02838478
0.07252506
0.10384905
-0.11783417
-0.04926304
-0.07049721
-0.05677541
-0.09482076
0.04661581
0.08206119
0.11744133
0.01129731
-0.04674006
-0.05996748
0.04493514
-0.08712837
0.06352862
0.10847200
-0.06608612
0.03269709
0.02051495
0.03960540
0.08460048
-0.04921918
0.09748192
0.03078745
0.00490731
0.03435332
0.14681558
-0.06191814
0.02435835
-0.10957611
0.05455986
0.02366543
-0.07764824
0.01861659
0.06965119
-0.11916853
-0.04802381
0.00249266
0.01584267
-0.11277606
-0.09576932
-0.08787984
-0.05609804
-0.08771513
0.04058283
0.06795053
-0.05424301
-0.04349062
0.08106226
0.06754418
-0.07785166
0.09010600
0.03793006
0.13002343
0.11348458
-0.09567302
0.06735573
0.02359102
-0.05590513
-0.05299813
-0.00365940
0.15123650
-0.06823965
0.02528562
0.08848043
-0.06166604
-0.08876521
0.02524442
-0.06227222
-0.04154039
0.04541001
-0.09989318
0.01660698
-0.04673766
-0.05735826
-0.00191519
-0.10953533
0.00257510
-0.03179720
0.13390386
-0.00931403
0.08543381
-0.13118623
-0.04848760
-0.08478066
-0.03565136
-0.01823476
-0.10893685
0.14384980
0.05550553
0.07684013
-0.03488670
0.11353977
0.08431070
-0.03837620
-0.12570150
-0.09131403
0.05805582
0.00120828
0.16225313
0.06272823
-0.00358246
-0.05461072
0.06581815
0.06026261
-0.12554055
0.02013173
-0.12437620
0.08516382
-0.07648158
-0.01706054
-0.08473145
-0.09236265
-0.08024188
0.04654491
0.01635804
0.02248967
-0.08968668
0.13355255
0.02365545
-0.01725334
0.00785151
0.08681464
0.02284330
-0.01971114
-0.09754196
0.00275240
0.03487980
-0.01577027
0.09880046
0.02294681
-0.09785842
-0.09532701
-0.09565954
0.05880570
0.04481227
0.10947456
0.05635916
0.10469688
-0.00170797
-0.02082134
-0.06119643
0.06740918
-0.05457724
-0.04149560
-0.14681345
-0.16598929
0.04561772
0.04366757
0.05929919
0.06674310
0.04216011
0.00577445
-0.03901495
0.06625156
0.08532032
-0.13301416
0.06775936
-0.06029271
-0.14492241
0.08537178
0.01070986
-0.02700695
0.04432608
-0.02025489
0.11330155
-0.06734575
-0.05170974
0.07470520
0.06965938
-0.02994217
0.00024740
-0.03799310
-0.08169873
0.04100329
-0.06932960
-0.08129615
0.07729664
-0.07959482
0.07124030
-0.00026776
0.00358391
0.05530691
0.07559147
0.00383126
0.04409535
0.03895401
0.12758152
0.02005176
-0.01759969
0.05781949
-0.01970815
-0.05733413
-0.03708708
-0.08401287
0.05526629
-0.02662620
-0.00423106
0.04976776
0.09918882
0.03012530
0.03966784
-0.00189794
-0.01579172
0.09854592
-0.06203597
-0.00288722
-0.00991217
0.12285408
-0.22779019
0.02150265
-0.05837988
-0.02045632
-0.00635908
-0.05906885
0.00609196
0.03457727
0.07849128
0.12243339
-0.01221718
0.02212094
-0.01010946
0.06190445
0.07406908
0.03896518
-0.09249510
0.06310113
0.03627470
-0.02659296
0.06119827
0.00208518
0.03489695
0.03350610
0.01862074
0.07263330
0.00183121
-0.03596454
-0.03655915
-0.08823694
-0.06948081
-0.09845317
0.03128514
0.00737161
-0.03585662
-0.10917490
0.09504949
-0.09325471
0.08261361
-0.04981297
-0.08119405
0.10211980
-0.08413261
0.05815228
-0.02422132
0.03187755
0.10504454
-0.11581390
0.02808207
0.03483293
0.05659169
-0.09270370
-0.00830742
-0.01978978
0.05806800
-0.01175161
-0.04732822
-0.04277603
0.10813522
0.10744343
0.06540634
0.06509542
0.03729963
0.05030816
0.01839705
-0.00007033
-0.04341440
0.02740679
0.07433212
-0.02293112
-0.10909883
0.00504428
-0.06139127
-0.09218495
0.05113402
-0.00531064
-0.03623298
-0.02214739
-0.09430522
0.06038588
0.01593597
0.01262983
-0.06906893
-0.06514525
-0.05883418
-0.05309511
-0.13031416
0.08298016
0.07554269
-0.10520300
-0.01909193
-0.08919937
-0.02958944
-0.02785593
0.01144687
0.05659657
0.02048811
0.02972382
0.13959938
-0.05682594
0.01490869
-0.06503388
0.12173241
0.07745977
0.07404001
0.02243401
0.05497735
0.10490750
0.05493084
0.05589825
-0.10908394
0.02809327
-0.06892044
-0.00246340
-0.02923995
-0.17775820
0.01307580
0.07570139
0.12838791
0.16773294
-0.11599310
0.13257912
-0.05064587
0.07104199
-0.04850679
-0.02993269
0.11528427
0.05369612
-0.01251636
-0.00530379
-0.00550514
-0.05674415
-0.03477279
-0.05820775
0.11029361
0.09504709
-0.07328601
0.01569167
0.12972918
0.10938745
0.03911453
-0.04523297
-0.05739830
0.07405290
-0.09030995
0.06251847
-0.06076269
0.03518055
0.01918246
-0.08907969
-0.02069950
0.04227064
-0.09152909
-0.04723783
-0.00803741
-0.02070173
-0.09494952
0.08934616
0.04659877
-0.04249132
-0.05207803
0.12717310
0.02124717
0.06979062
0.07120283
0.08193062
-0.07630420
0.00428940
-0.00849361
0.09027573
-0.08299164
0.06820997
0.10074554
-0.05695137
0.07768189
0.05963592
-0.07937097
0.00871317
0.07961293
0.06789707
0.01999745
-0.04205271
0.07938832
0.02448657
-0.06967925
-0.00233341
-0.03853677
-0.10065391
0.04626395
0.05467503
-0.02868496
0.04154160
-0.09627468
-0.05551634
0.00822183
0.07606964
0.06301860
0.01901762
0.05805697
-0.04869282
-0.07405099
0.05891386
-0.01933377
-0.08897809
0.07042623
0.04476574
-0.04860026
-0.03111758
-0.01071738
-0.02082962
0.07435199
-0.04168338
-0.06488957
-0.04165330
-0.07584166
0.10860220
-0.02362390
0.05940206
0.08693597
-0.07189364
0.09538807
0.04134423
-0.09469344
-0.00669996
0.09329813
0.06003812
0.02397825
-0.02536038
0.08886857
0.04332148
0.08213548
-0.08673190
0.00208263
-0.05716646
-0.04120927
0.07043824
-0.01083102
-0.00599939
-0.09278160
0.09278884
-0.04362548
-0.06256957
0.04031700
0.07069406
-0.02827113
0.00270967
-0.06106822
-0.03432359
0.06807332
-0.08259464
-0.05615660
0.04260116
-0.08450590
0.06755961
-0.06178793
-0.01679865
-0.24574053
0.02309714
0.02489896
-0.01984072
0.02430704
-0.13804875
-0.02855862
-0.01024948
0.01138699
0.14245549
0.02172223
-0.06103212
0.03374022
0.10674933
0.02890151
-0.01949427
-0.09457485
0.09205659
-0.02527883
0.02976432
-0.00585757
-0.04317272
0.18280430
0.08560584
-0.03993562
0.03348897
0.10714107
-0.07077840
0.00837429
0.10590992
-0.01336716
-0.05683614
-0.08513194
-0.07280634
-0.02474496
0.00777312
-0.01170534
-0.09583446
0.00293317
-0.00949613
0.01741120
0.08718738
-0.00331420
-0.06705081
0.00188925
-0.09078682
0.05155947
-0.06710649
0.07626660
0.10751347
0.04038719
-0.08822951
0.01633077
0.04920163
-0.05107246
-0.00292271
0.06212858
-0.10537658
0.11373871
0.11829669
0.07283562
0.02014862
0.07951554
-0.00377178
-0.07298683
0.11398735
0.01975141
0.02284705
-0.02668414
0.07318416
0.00519346
-0.04734535
0.04551398
0.05473679
-0.02683811
-0.07937650
-0.04287848
0.15713118
-0.10503749
0.03133034
-0.09446252
-0.09621862
-0.08101385
-0.09832062
-0.06898347
-0.00883206
0.03141455
-0.03375795
0.03487332
0.00734766
0.08893548
-0.01762390
-0.01363878
0.17194104
-0.09171962
0.14028151
-0.11420093
0.07229526
0.11155056
0.06347773
0.01312825
0.11401015
0.02923100
0.08270271
-0.06203183
0.12137271
-0.08991477
-0.09823270
0.08803985
-0.07874192
-0.14840040
0.08913355
0.15689506
-0.06342879
-0.10695212
0.00170617
0.07875235
-0.04724914
-0.06000627
0.03857307
0.03310419
-0.03964457
0.04205871
-0.10396414
0.00197740
-0.12428482
-0.07730217
-0.02975601
-0.04065422
-0.05952783
0.00816438
-0.10603318
0.02337990
0.08622974
-0.01968616
-0.01717427
0.00374911
0.09803808
-0.00789560
-0.07059381
0.01149711
-0.06216567
-0.01646372
0.05038405
0.04673678
0.05683565
0.05283756
0.03356590
-0.04298680
0.06996819
0.02525082
0.01675862
0.03266976
0.06828841
0.03134885
-0.03116116
-0.06031820
0.09290147
-0.06504289
-0.05585236
-0.10093951
0.07844134
0.09929337
-0.05030765
-0.08938454
-0.01132857
0.03339546
0.00975093
-0.01352256
-0.02445634
0.04185564
-0.08346912
0.03764047
0.05788514
0.01777572
0.07849026
0.08607948
-0.05348367
0.08281969
-0.06569085
0.04493728
0.07918957
0.06393033
-0.00356272
0.01427897
0.01669953
-0.05633664
0.00638267
0.06485237
0.07770746
0.01651242
-0.05721657
-0.18803135
-0.01210107
0.08304687
0.10777105
0.01459049
-0.03457606
0.06721820
0.00989535
-0.06475508
0.04481799
0.04735492
0.00016960
-0.13587150
0.04300014
-0.11218755
-0.02196284
0.06876666
0.04261547
-0.00278277
-0.02251670
0.09361351
-0.03009112
-0.09970902
-0.09744448
0.05936849
-0.05664057
0.04437278
0.15748085
-0.12010192
-0.04371816
-0.01232452
0.01040964
-0.04510062
-0.04764326
0.01025737
0.03599603
-0.07246920
-0.10056432
-0.03678763
0.08941296
0.17102849
0.07285541
-0.06078515
-0.02484124
0.06461756
-0.10694569
-0.04247490
-0.06255753
0.06097146
0.02987461
0.09660364
0.03584239
-0.07605740
-0.02757337
-0.01795615
0.05984803
0.11478326
-0.10682736
0.00262626
-0.04361832
-0.09626359
-0.05446928
0.14142030
0.06353675
0.06057462
0.11778217
0.08987466
0.05794725
0.04413839
-0.05851943
0.12556250
0.05723336
-0.07494354
0.11181729
-0.02345456
0.02657843
0.09813435
0.00829737
0.20713012
-0.17768942
-0.08942097
-0.04045172
-0.19832934
-0.01938269
0.08678872
-0.01373780
0.07839249
0.05556462
0.02750675
-0.09335191
0.05210987
-0.02816437
0.04741566
0.00397869
0.06242758
0.05172499
0.03500251
-0.12564577
-0.08876547
0.02504862
0.02692301
-0.16663161
-0.08863743
-0.07162626
-0.11606964
-0.03801818
0.00675937
-0.07007144
-0.20888454
-0.02898876
0.15961769
-0.07479616
0.06491457
0.04351429
-0.08397779
-0.05917973
0.09531698
-0.04351763
-0.11933778
0.01992059
0.03562200
-0.05368777
0.14557335
0.08193932
0.04340229
-0.07168406
-0.07630093
-0.03277983
0.08355805
-0.01761524
0.11744934
0.00934039
-0.00707317
-0.07475471
0.12826978
0.01581373
-0.06598073
0.05997805
-0.00530155
0.05608374
-0.06200887
0.14522378
-0.05936646
0.07919613
-0.02184157
0.04121299
-0.01318336
-0.04539563
-0.09493436
0.04740491
0.08733122
-0.13804767
-0.03473607
0.14252411
0.00041265
0.00127552
0.04981854
-0.10468180
-0.06492212
-0.02121679
0.03059653
0.04078799
0.03079577
-0.00089288
-0.06872155
0.10352744
0.01837295
-0.04246098
0.03093134
-0.02622116
-0.00040445
0.09318287
-0.05736715
-0.04590670
-0.07272843
0.03376844
0.03918894
-0.01936738
-0.07053910
0.11043470
-0.07923448
-0.07327387
-0.04167051
0.07377469
-0.00467761
0.00442847
0.18044955
0.02629922
0.01789798
0.01529326
-0.00188913
-0.07727597
-0.00828192
-0.03210909
0.09535940
-0.09141514
-0.07927246
-0.07467017
-0.07262445
0.08620903
-0.02247424
-0.04491987
0.07825218
0.07319011
0.03630657
0.09916610
-0.04659489
-0.06906289
-0.06797574
0.02072633
0.09223762
-0.08422537
0.02692482
-0.08250722
0.06166277
0.01970833
-0.06749292
0.00617199
0.09402093
0.01159017
-0.01724175
-0.01309542
-0.09167304
-0.03249485
-0.08231495
0.01804609
0.03757865
0.01366727
0.07639150
-0.03667904
-0.05120075
-0.09140713
-0.01758878
-0.01579658
0.06149622
0.07600332
-0.07123725
-0.02558803
-0.05264724
-0.08083476
0.08003093
0.01663531
-0.00265786
0.00730691
0.07745086
0.07233295
-0.08195834
0.07266121
0.07151790
-0.04976799
-0.00125154
-0.07537597
-0.03950295
-0.03384515
-0.05981103
-0.02395744
-0.05431760
0.07543018
-0.06871578
0.00102807
0.04733725
0.10817511
-0.04947893
-0.05107314
0.02014915
-0.05539273
0.01070897
0.08298823
-0.08751435
0.00487977
-0.05457809
0.04237498
-0.07623067
-0.07636807
0.09448396
0.11133554
0.07894923
-0.15483847
0.03303728
-0.16871250
0.10075067
0.02131367
0.02198270
-0.10161717
-0.08547215
0.00823037
-0.08840198
-0.10383525
-0.01270464
0.10115632
0.02802865
0.10625396
-0.02900247
0.04635618
-0.00227566
-0.01177112
0.03582541
-0.05310424
-0.01179366
0.06834175
0.06689174
0.05101765
-0.01688046
-0.08890965
-0.01680397
-0.04085947
-0.04526279
-0.02619973
0.00745761
-0.03804524
-0.09902703
-0.01677240
0.09307380
0.03428765
0.04599695
0.00170797
0.02937570
-0.01786517
-0.03158141
0.02083952
-0.10020122
-0.09265923
0.00777053
0.08427648
-0.07188149
-0.00614392
0.16686234
0.09140847
-0.04093111
0.09513831
-0.03496438
0.10182970
-0.03099290
0.08027247
-0.04569542
0.03966070
0.08149507
0.00752965
-0.02732307
-0.07081255
0.14467208
0.01199233
0.04105366
-0.05723749
0.07794356
0.11779644
-0.07541421
-0.02318219
-0.07384931
-0.05032856
-0.09537000
-0.03104163
-0.03037263
0.07093111
-0.08599545
-0.11302045
-0.08106302
0.12989804
0.05769495
-0.04864661
0.02179298
-0.03784796
-0.13365206
0.09147495
0.04099550
0.02378945
-0.07787199
-0.07962446
-0.00913915
-0.08763208
-0.01875546
0.07255365
-0.02179905
-0.08554293
-0.02198362
0.02561347
-0.06568343
-0.10848963
-0.00040250
-0.00942636
0.05062376
0.04638885
0.01800794
0.08610350
0.06916771
-0.13922411
0.07343901
0.10695590
-0.07151961
0.09772814
-0.07452914
-0.02231616
0.00376551
-0.07874706
-0.01535386
0.01084533
-0.03201261
0.00790711
-0.01557967
-0.00343177
-0.10019681
0.00476058
-0.04296755
-0.04464458
0.01164165
0.07648575
0.12422363
0.10377389
0.01460595
-0.03372071
-0.05410586
0.05243625
-0.06131276
0.04051328
-0.03037700
-0.09516359
-0.06681627
0.05503762
0.01425562
-0.18261701
-0.05272295
-0.02482289
0.02038797
0.05991448
-0.05602770
-0.10026561
-0.02655402
0.06174802
-0.01971208
-0.01547229
0.06811626
0.08057947
0.05212383
0.00752887
0.04219648
-0.10103266
0.03964261
-0.04256951
0.02477346
0.01103945
-0.14178130
-0.01229876
0.07796116
-0.03407833
-0.02304748
-0.02149296
-0.02304717
-0.04200273
0.10155401
0.04831011
0.07844719
-0.02142091
0.00885287
-0.03175743
0.09974631
-0.02079227
-0.04572349
-0.05299840
-0.08712197
-0.02014615
-0.03955631
0.14444426
-0.10839026
0.15127058
0.05856249
-0.07161254
0.00965776
0.02657083
0.04731178
-0.01419386
0.07218653
-0.06628934
0.04706422
0.04860104
0.04816535
-0.06609749
0.04992053
-0.04414313
0.05460346
-0.10556667
0.06404614
0.12740031
0.07383835
0.05426177
0.04539793
0.17914309
0.11585036
0.00481136
-0.00584147
-0.05260164
-0.02412990
0.07075153
0.13342007
-0.03905335
-0.14580342
0.08056884
-0.13813402
0.00857857
-0.18867214
-0.06999987
0.08647685
0.01170703
0.14086871
0.08998057
-0.02950548
0.02611707
0.12842715
-0.00084896
0.02723377
-0.02607452
-0.05461420
-0.02276632
-0.09667230
-0.07729499
-0.06428380
-0.00024247
0.14635213
-0.08666567
-0.04185674
-0.00029092
-0.06252468
-0.08060162
0.11757912
-0.02825252
-0.01136378
-0.09252188
0.00876371
0.06121575
-0.02879189
-0.05298882
0.04285984
-0.02985906
-0.00257461
0.06576262
-0.04403500
-0.04015207
0.07851233
0.01636856
0.03482627
0.05731926
-0.07785127
0.02699276
-0.00596713
0.01770324
-0.02993886
0.04250999
-0.05438099
-0.10928600
-0.01513064
-0.09079276
0.00604794
-0.08098692
0.00161841
0.10933375
-0.01132132
0.01295416
-0.03661392
0.02577282
0.01091965
0.01908894
-0.06458014
-0.08719970
0.04695865
-0.02096894
0.02855993
0.04704899
0.04854222
0.00205022
-0.04256904
0.02470217
-0.04606861
-0.00272896
-0.04202042
0.00034644
0.04604157
-0.03612328
-0.03915507
-0.04172583
-0.06298913
-0.02067618
0.05367418
0.10536443
-0.03895580
0.01487180
0.03050624
-0.06740270
0.08476588
-0.01403626
-0.03232964
0.07097507
-0.04186840
0.00052037
0.07922429
0.02586009
-0.02464640
0.03228889
-0.01384041
-0.01932932
0.04063250
-0.00889866
-0.01026083
0.03060670
-0.06468756
0.01257369
-0.01826527
-0.02878140
-0.03100392
0.02351667
-0.05739001
0.09841409
-0.07339939
0.06333606
-0.00744194
0.01696626
0.01953748
-0.01617537
-0.07505663
-0.07570236
-0.01983846
-0.00395989
0.05544074
-0.07427379
-0.05097165
-0.02307565
-0.10067513
-0.01779912
0.09137908
-0.04277124
0.08976441
-0.04768662
-0.10316500
0.06730658
-0.05534615
-0.08190671
0.08689867
0.06610926
-0.04355402
-0.00522938
-0.05875944
0.05921563
-0.13703029
0.02713893
-0.08263160
0.01297235
0.01052196
-0.06390855
0.04273610
0.00839393
0.07679840
-0.03623779
-0.05557761
0.05619527
0.10343844
0.02644380
-0.06132844
0.00977888
0.03042504
-0.02509972
-0.00807639
-0.00973296
0.11371357
-0.09253772
0.09693620
-0.02163588
-0.04061702
0.03697484
-0.11064518
0.01732318
0.06451564
-0.08024152
-0.02798624
0.06899187
0.07954769
0.00704349
0.03591392
0.00701716
0.14496684
-0.06640694
0.02479148
-0.01305159
0.09995614
-0.08367546
-0.09237222
-0.00675925
0.05634271
-0.02178804
0.12095062
-0.00965061
-0.08520331
-0.01427846
-0.00474337
0.07433738
-0.06440821
0.00318547
-0.04885041
-0.02951975
-0.15210055
0.00645463
-0.01170103
0.08642066
-0.01419530
0.05966402
-0.07377242
0.00891280
-0.02287726
0.02656225
-0.00258692
0.11558324
-0.10926808
0.09580477
-0.08387037
-0.04137919
-0.09515478
-0.05457307
0.02745222
-0.05405247
0.08316094
-0.16627026
0.05476221
-0.02531874
0.07306995
-0.01902615
-0.11364331
0.06592915
0.03248880
0.01452581
0.08319031
0.01701655
-0.02018812
-0.13358191
0.07823309
-0.06007763
0.03749250
-0.03641629
-0.06230241
0.08763610
0.17238036
-0.07599553
0.17833404
0.00753610
0.16654360
-0.06592122
0.03816693
-0.13829073
0.05876408
-0.04159631
0.07217950
-0.09854647
-0.08202470
-0.09171509
0.15966420
-0.10144021
-0.09300566
0.08325607
0.13041195
-0.06597498
0.12412907
0.02586645
0.01366301
-0.02162790
-0.00220007
-0.07465953
0.00503634
0.05400530
0.04388826
-0.00926147
0.05278126
-0.03522817
-0.04957177
-0.06653593
0.10154992
0.03691698
0.20573504
0.01752928
0.03607562
0.00702439
-0.07358973
-0.05045350
0.13486797
-0.10220446
-0.07142667
0.06552461
-0.01483700
0.06743079
-0.01986091
0.04471914
0.07890493
-0.02083674
-0.11626089
0.00268462
0.07401098
0.10071432
-0.02007822
0.01586503
0.06669772
-0.12232594
0.01038756
-0.00557516
-0.05891283
-0.01006096
-0.12893134
0.08095887
-0.05209911
-0.05847531
-0.00503974
-0.01720622
-0.01651627
0.01074977
-0.04814151
0.12048762
-0.01234475
-0.06869677
0.00608663
-0.09654782
0.02897212
0.00747240
-0.05632710
-0.12755366
-0.01573027
0.00778434
0.10294848
-0.05868193
0.11585476
0.10779250
0.00577096
0.01714456
-0.07722592
0.03374176
-0.01870037
0.01438776
-0.11107787
0.12850164
0.11158299
-0.03081844
-0.10794922
0.07798941
-0.06452456
0.01725131
-0.03045934
-0.05334948
-0.02707986
0.07192503
-0.01219398
0.07121431
0.05837170
0.07612718
0.01882863
-0.00666543
0.06905928
0.16525114
0.04048083
-0.08510012
0.00235422
0.02221276
-0.07347354
-0.04606981
-0.12417281
0.01260438
-0.13801882
-0.01380698
-0.05641387
-0.10841094
-0.02643618
0.03791530
0.00137640
0.14203015
-0.14817594
-0.06399222
0.00578557
0.02691859
0.09811688
0.03845077
0.00150785
0.11470736
0.13095500
0.12071406
0.02043749
0.01211318
-0.06961028
-0.09959711
0.04733521
0.02135799
-0.08263113
-0.03857169
0.00470962
0.00283324
-0.02789886
0.13167290
-0.05148409
0.00656863
0.08370119
0.07299090
0.03273573
0.10392663
0.07121861
-0.03750945
0.14074631
-0.01037346
-0.05280157
-0.02897146
0.09687573
0.06515918
0.04082898
-0.04561481
-0.10532196
0.04275504
0.12252930
-0.01720608
0.01072651
-0.02937132
-0.02908233
0.02729750
0.05246456
0.10899556
0.09248020
0.04688133
-0.01855832
-0.05377884
0.01898942
0.04010363
0.02137068
-0.11508141
-0.00528597
0.05146668
0.01640124
0.10515709
0.01520075
-0.02754242
-0.05010600
-0.06656514
-0.02997508
-0.01114566
0.05179062
0.02563989
0.03236829
0.01254014
0.01409352
0.05187764
-0.00993348
0.10334472
0.04054801
-0.07986577
0.05677243
0.01053534
0.03259045
-0.03873026
-0.04035318
-0.08112381
0.02494658
-0.06082225
0.09891383
0.01721017
-0.02342949
0.10769771
0.02212109
0.01704726
-0.04398913
0.05610792
0.01021332
-0.00139218
-0.09178606
-0.03952876
0.06036426
-0.04988260
-0.05728824
0.04567051
-0.07898369
-0.01308228
0.06082463
-0.05084867
0.10407364
-0.04020634
-0.07606517
-0.01149202
0.00599165
-0.07393409
0.04408316
0.08913422
0.01509573
0.02713875
-0.09847987
0.09129701
-0.01672656
-0.02121907
-0.08645830
-0.00027384
0.06680108
-0.03084612
0.01783778
0.07091790
-0.07922459
0.00284946
-0.02689988
0.02758616
-0.02715487
-0.08142772
-0.01996477
0.11885751
0.10680608
0.08721870
0.02756240
0.14706747
-0.06818461
0.09711812
0.01832679
-0.11139883
0.01305919
-0.07403739
-0.07185739
0.02008673
0.09464599
0.04370865
0.04282015
-0.03954988
0.07120436
0.04923270
0.09576683
-0.03989990
0.11610044
-0.08327994
-0.00320980
0.03098725
-0.05820998
0.05406868
0.04961483
-0.00417225
-0.07692255
0.09112641
-0.07287272
0.00709689
-0.02386151
0.02418143
0.05782808
-0.05448624
-0.07589029
0.03816585
-0.04171826
-0.00053377
0.00878226
-0.05869707
0.03902371
-0.08868649
0.09578416
0.04508474
-0.02354996
-0.06543771
0.05841252
-0.07185413
0.02655599
0.00535387
0.04101390
0.05185017
-0.02680773
0.08506361
0.00509721
-0.07219814
-0.09213309
-0.05271257
-0.01095504
-0.08251860
0.05723400
0.04899539
-0.06842294
0.04318668
0.06968160
0.00022505
-0.07395985
0.04885273
-0.08653785
0.03356934
-0.00904944
-0.05740317
-0.07061680
-0.08578062
-0.00912184
0.02287439
-0.04191933
0.00330631
0.07105953
0.03140354
0.03703484
-0.02610078
-0.08754525
0.03811070
0.01074848
-0.07784359
0.04618520
0.07163860
-0.03550939
-0.09348831
0.01136526
-0.06573948
0.01159199
0.09188036
0.04130460
0.01053378
0.04451355
0.09012757
0.01772850
0.07985504
-0.06361697
-0.01088806
-0.04443760
0.02624766
-0.02238362
0.04290432
0.04128065
0.08281969
-0.00578983
0.07914644
0.09032563
-0.03808305
0.10275409
0.06268167
0.06965695
-0.14807169
-0.07618601
-0.04094560
0.01673548
0.05610430
-0.00080142
-0.03630126
-0.04590391
0.06536805
0.02529908
0.10466982
0.00344405
0.03224096
-0.11022379
-0.00272881
-0.06367322
-0.02387311
-0.07566062
0.06798650
-0.11055788
-0.02998306
-0.12936890
0.14659236
-0.06482259
0.08394517
0.01108010
-0.03599839
0.06475606
0.08260798
0.06668718
0.08653051
0.01652935
-0.00506668
0.08675903
-0.02121575
-0.01464216
0.03027085
-0.04337285
0.00165589
0.01796514
0.11097558
-0.06523097
-0.09801807
0.06604782
-0.02109324
-0.08624723
-0.04392480
0.03284630
0.02247171
-0.06079829
-0.02174278
0.05295132
0.04392618
-0.05298217
0.01278962
-0.04192072
0.00641257
0.12400191
-0.12918937
0.05685565
0.05209142
-0.00300388
0.02010196
0.04803687
0.00575274
-0.06716294
-0.06072662
0.05663875
0.06014622
0.04888841
0.02855736
-0.03959081
-0.04113987
0.03583762
0.04536719
0.11153962
-0.08554038
0.03163262
-0.03637254
0.09766028
-0.02109695
-0.04453379
-0.04831922
0.07855961
0.00125127
-0.11476886
0.09790014
-0.05064707
-0.01183076
-0.00321783
-0.04053108
-0.01910423
0.11077803
-0.03092726
0.01578270
0.05751064
0.11580916
0.05574227
-0.12668476
-0.00341006
-0.05056329
-0.07842206
-0.04889956
0.05950437
0.02013107
0.11008408
0.11440577
0.04827693
0.01013968
0.03842832
0.02394285
-0.06379184
0.02706520
0.08742802
0.12019771
-0.04368398
0.02577663
0.05837077
0.02818561
0.11216167
0.09417475
-0.08755852
-0.05626252
-0.10863671
-0.05425672
0.07818512
-0.05014759
-0.10627890
0.05518456
-0.09270537
0.05808974
-0.06851208
0.02922654
-0.07435302
-0.04239716
0.09642759
0.06570117
0.00183826
0.03795502
0.14985208
-0.03415244
-0.02123037
-0.04107138
-0.01185479
0.03657407
-0.01196814
0.04802120
-0.02593618
-0.05674744
0.02409511
0.04785624
-0.06570681
-0.04414766
-0.01016676
0.03783805
0.00215496
-0.03484542
0.10996621
0.04347168
0.06368597
-0.06728081
-0.03052779
-0.00966583
0.08700935
0.02286392
-0.02071691
0.00009748
0.10949566
-0.06634810
0.07948744
-0.04357287
-0.00360164
0.07149719
-0.04535771
0.07042027
0.03662460
-0.08296567
-0.07576415
-0.02358936
0.05056724
0.07514781
0.07947321
0.01591871
0.01962176
-0.06842512
-0.11068687
-0.08081536
-0.03768161
0.06194127
0.11611502
0.04724288
0.08125106
-0.08121262
-0.03863610
0.07163505
-0.02935900
-0.04515757
0.07069284
0.01954357
0.00244149
-0.12279499
-0.07211172
0.04776289
0.00070471
0.05465474
0.10383446
0.04166417
0.06470202
-0.10734501
-0.02935516
0.04077407
-0.09386937
-0.06513705
-0.09873975
0.07816762
-0.01726598
0.03549971
-0.00886778
-0.00936293
-0.08389841
-0.01638929
0.02383591
-0.03376139
-0.05957722
0.14266817
0.05932874
0.02716043
-0.01076663
-0.07680859
-0.18156782
-0.02548856
-0.05823755
-0.02275945
-0.12051070
0.01013307
0.06752154
0.02541542
0.00602127
-0.08887866
0.05092986
0.05327876
-0.10100471
0.05954061
-0.04154425
-0.09046477
-0.08310033
-0.02804333
-0.08360028
0.09107617
0.06238911
-0.09371889
-0.04103989
-0.06730619
-0.01537330
0.07202441
0.02877593
0.11595047
-0.09519855
0.07160777
0.00804324
-0.06250232
-0.06017772
0.00376532
0.13842790
0.08859120
0.00930799
-0.09061394
-0.02552276
0.11305144
0.05039278
0.01422901
0.04920591
0.07516230
-0.09286698
-0.10684979
0.02439504
0.05716436
-0.05966955
-0.08718718
0.14977242
0.00220339
-0.09487053
-0.00432932
-0.04561232
0.04412973
0.05970953
-0.01852646
0.01222966
-0.11386397
0.07393059
-0.05640775
0.05289447
-0.03361418
-0.07541347
0.03977179
0.13575900
0.05729044
0.11042384
0.05208680
0.10228580
-0.06767759
0.04170549
0.11617824
-0.06423089
0.08920283
-0.04436310
0.04965899
0.00430820
-0.05304076
0.03756207
-0.04385337
0.08790509
0.02864021
0.10068795
-0.01158236
0.05984218
0.08766763
0.02695449
0.00609803
0.10392977
0.08736201
0.03955854
-0.03165960
-0.10060775
-0.01131317
-0.04215844
-0.06168476
-0.09322574
-0.07525605
0.00897202
0.02975040
-0.08055627
-0.08853249
0.00559362
0.05032475
-0.02320166
-0.09856499
0.09332755
-0.04409146
0.10976511
0.02480221
-0.07881192
-0.01045550
-0.02279299
0.05511783
0.01172221
0.02702892
0.02484908
-0.04624438
0.00870392
0.06211922
0.09036631
-0.09527438
-0.06941140
-0.01564175
0.12386160
0.04944433
0.02302753
0.00248009
0.04344802
-0.06027588
0.04184639
-0.04060570
0.03487090
-0.00119754
-0.04689578
0.15372737
0.03441122
-0.10269236
-0.02629318
0.03489952
-0.02197045
-0.03163664
-0.06830468
-0.09669232
0.08928231
-0.11788788
-0.00678431
0.03588739
-0.01926148
-0.00636098
0.07731156
0.06204059
0.05108697
0.04371123
0.05907316
0.08386480
-0.05454906
-0.02041647
-0.00229098
0.03890725
0.04186222
0.12840708
0.06767831
-0.06574178
-0.15391178
-0.05335254
-0.03557278
-0.03959307
0.04281197
-0.00847087
-0.02776178
-0.03913782
0.00613431
-0.00736120
0.10619054
-0.07311682
0.09037708
0.01015601
0.04695233
-0.08117074
0.13054159
-0.03095543
0.03701061
0.02819619
-0.04707839
-0.02230089
0.07601217
-0.05559987
-0.00826227
-0.10189428
0.01408460
0.00309006
-0.16135173
0.03832238
0.07162104
-0.04812351
0.06777371
0.08451550
-0.11327598
-0.11125275
0.02300122
0.08947237
0.06922863
0.06978171
0.07214258
-0.05398330
-0.05296242
0.01849753
-0.01806002
0.04355369
0.13737895
0.01777175
0.00951186
-0.10655163
0.02183840
0.07341503
-0.02510103
0.07422646
-0.08115041
-0.06239067
0.00699801
0.02812867
-0.06093779
-0.03073622
0.03520057
0.06464037
-0.00445947
0.10609907
0.10675360
-0.06773152
-0.08138114
-0.05177840
-0.00502620
0.00687391
0.03584657
0.03629305
0.04092611
0.03253799
0.04131040
0.05748206
-0.00760476
-0.07762970
0.03831818
-0.02783586
-0.05769687
-0.04373975
0.03067142
-0.05541830
-0.03634904
-0.07601028
-0.10789742
-0.03415222
0.14459682
-0.07103835
0.19271357
0.00546030
-0.06824335
0.04062013
0.07792860
-0.10374106
0.08898810
0.15971753
-0.05120358
-0.07149486
-0.07735759
0.07090405
0.05955457
-0.06822421
-0.00253388
0.08895372
-0.08130949
-0.02975029
-0.08514074
-0.05527005
-0.02653280
-0.05036462
0.09965177
0.11101782
0.05974219
-0.13414320
-0.06577586
-0.04056271
-0.04916995
-0.09778219
-0.00952610
0.04967167
-0.02183272
-0.02288545
0.05731838
0.05502248
0.06834628
0.00480981
0.04069687
-0.06963325
0.04925928
-0.09845205
-0.02015852
0.07239140
0.17021221
-0.01731859
0.09060794
0.18453865
-0.03451191
0.00007032
-0.08257440
-0.18106845
0.06846422
0.06953169
0.14922075
-0.10450797
0.03190545
-0.07850503
-0.10362213
-0.11083175
-0.10453899
0.12144990
-0.10063796
0.10366371
0.02166452
-0.03589502
0.09319142
0.04569878
-0.03956515
0.05577432
0.03361624
0.11348985
0.06114365
-0.02698581
0.09451161
0.03845932
0.05451648
0.09811763
-0.09826160
0.00472684
-0.00869264
0.03701842
0.13248163
-0.07568926
-0.10375728
0.09577838
0.07507151
-0.02947334
0.02680735
-0.03172036
-0.10863332
0.06184356
-0.03943229
-0.02530244
0.04493538
-0.12301133
-0.05882161
0.05076427
-0.02053978
-0.02023026
0.05538820
0.01655467
-0.06150590
-0.06806930
0.06854006
0.03263846
0.08517911
0.01784205
-0.09660743
-0.01038229
-0.08671443
0.03900728
0.09546234
-0.00500705
-0.06164785
-0.01287281
0.02707939
0.04971017
-0.05921916
-0.03122741
0.07439583
0.16316646
0.00738322
-0.01484598
-0.01089230
0.03890728
0.11754164
0.06154804
0.02215866
-0.05213204
-0.10040154
0.07844453
0.01312179
0.11121093
0.08092319
0.06703690
-0.06483307
0.04542967
-0.05263042
0.01350651
0.05617836
-0.04051049
0.00881155
0.04091518
0.06121230
0.04873899
0.02986554
-0.01843163
-0.09875934
-0.04010706
0.04908917
-0.00184777
-0.06567610
0.06583492
0.06538381
-0.09398664
-0.07433078
0.05551656
-0.09019525
-0.09969486
-0.00797352
-0.02240993
0.00813638
0.02014110
-0.05974413
-0.08883316
0.04439563
-0.11205693
0.04858455
0.02248082
0.07841706
-0.00305179
-0.04294868
0.02644761
-0.07624627
-0.03373365
-0.10929968
0.03902010
-0.05794331
0.03109450
-0.03922120
0.01329864
-0.00061237
-0.13160671
0.10271045
-0.08319508
-0.02972255
0.02638589
-0.08270933
0.00452935
-0.03595036
-0.09903698
0.00289488
-0.08287445
-0.00990962
-0.06761552
-0.12437792
0.00118248
-0.04012237
0.10208158
-0.11215225
-0.03156870
-0.10037126
-0.05043093
-0.04047953
0.09779635
0.06330530
0.12768531
-0.01475926
-0.06707726
0.06636734
-0.05224069
0.03400217
0.11131956
-0.02783834
-0.01112635
-0.00303433
0.06891589
-0.04843774
0.10488485
0.04895352
0.07475263
-0.07503019
-0.04280457
0.03151786
0.01423112
0.06604779
0.01843249
-0.05046053
0.13156655
-0.05084750
-0.04423792
-0.00862777
0.06700382
-0.03836785
-0.03423291
0.09576958
-0.04104268
-0.02870699
-0.04466742
-0.01712975
0.08499040
-0.08499567
-0.00760371
-0.00034522
0.02206698
0.09835576
-0.02718800
0.01043077
-0.00625230
-0.01241957
-0.00924081
0.05392249
0.07174265
0.10459892
-0.00472689
0.07259940
-0.01272664
-0.03999939
-0.17473648
0.09599648
0.08282807
0.00166078
0.00984498
-0.09532893
-0.00643131
0.10681189
0.00868994
0.13602050
0.11493924
0.11257616
-0.04117064
-0.06547754
0.12483513
0.11893652
-0.12831943
-0.03028542
-0.00024302
0.04920194
-0.02498721
-0.04707926
-0.13631143
-0.08665299
-0.04066015
-0.05520846
0.07795557
-0.11934356
-0.04045391
-0.06106410
-0.09787820
-0.00491118
-0.07016930
-0.07903539
-0.05783233
-0.07619256
-0.07264517
0.11800463
-0.04151691
0.05958069
-0.07869507
-0.05150908
-0.03383126
0.01964627
0.08142731
-0.04371709
0.17618266
0.04682111
-0.01051387
0.01592425
0.06912505
-0.02342184
0.03281719
-0.04116923
0.00169449
-0.10663235
0.01716305
-0.00875420
-0.06022699
0.02743372
-0.03789812
-0.11210226
-0.14702220
-0.01331530
0.12989278
0.09492309
-0.10191038
0.20943360
-0.04598108
-0.05172607
0.07544049
0.06819201
-0.07641072
-0.06998239
0.09225633
0.08453777
0.11940094
-0.03996880
-0.03666116
0.02651489
0.01836278
-0.02711142
0.08870390
-0.00126146
-0.00773166
-0.00953811
0.06426984
0.12204448
0.07865933
-0.01014730
0.09155262
-0.01835739
0.02218180
0.10082584
0.06519719
0.00342856
-0.02426451
-0.01830674
0.05512227
0.10786702
0.11445002
-0.00634893
0.11210358
0.02617812
0.07707109
-0.05063410
0.01657137
-0.12188049
0.04081461
0.01896748
-0.18528864
0.10056452
0.19686474
-0.00031445
-0.07054996
-0.00334523
0.01995372
0.15620941
0.12158310
0.05498800
0.11494546
0.04441036
0.06610350
0.19036651
-0.08685429
-0.02937327
0.08375423
-0.11047467
-0.15617171
0.09463679
0.06061035
-0.06446175
0.05960182
-0.05023040
0.07565272
-0.14685486
0.10582706
0.06856158
0.03998679
0.10846899
-0.02280892
-0.00859140
0.01818477
0.09470198
0.00175352
0.13777344
-0.08469088
0.05384403
-0.05513298
-0.12783565
-0.10101841
-0.09379364
0.02673553
0.06847785
-0.09025241
0.03063955
0.03680453
-0.16945928
-0.10419093
0.02963611
0.17275788
-0.00716388
-0.02330666
-0.16755332
0.08024652
-0.08612826
0.02548926
-0.06882042
0.04450771
0.13408439
-0.07652692
-0.03341487
0.08266684
0.02953502
-0.03082961
-0.14362910
-0.03652611
0.09726510
0.08377981
0.05684625
-0.17788865
-0.02859638
-0.04417973
0.04883661
0.02243609
0.06170483
0.04139639
-0.00045776
-0.01270903
0.02191566
-0.03699957
0.09792562
0.07852089
0.01920445
-0.09953842
0.08163577
0.04169823
-0.04586027
0.04616826
0.04859554
-0.07531395
0.10794438
-0.03266014
0.05496959
0.02749362
-0.09630146
-0.05572482
-0.01999505
-0.01224315
0.02668528
-0.02379744
0.07654414
0.07394984
0.09951833
-0.04962248
-0.00798758
-0.02972744
-0.00154357
0.09009819
-0.01950864
-0.04362347
-0.01882058
0.01278219
-0.01878934
-0.07118482
0.06207147
0.06179621
-0.03649456
-0.07124255
0.04797209
-0.09694998
0.03051562
-0.04553415
0.04040749
0.05183163
0.02825046
0.06826288
0.07308276
0.09542839
0.02282524
0.01440121
-0.02563714
0.05621465
0.06124559
0.07923276
-0.04713434
-0.10693411
0.12934990
-0.09182625
0.04759629
0.08815775
0.04707282
0.01023067
0.00342052
-0.09476201
0.08240328
-0.03469155
0.05739659
0.06969107
0.07929381
0.05263676
-0.09201157
0.02224343
0.07755323
0.05126600
0.08208862
0.05113205
-0.05499171
-0.08837963
0.05623889
0.00026813
0.02799672
0.06872539
-0.04240061
0.08710229
-0.04562273
0.05541833
-0.05152820
0.01772013
0.01495167
0.04637637
-0.07025775
0.08081532
-0.05674649
-0.00795714
-0.02226972
-0.08178663
0.06840704
0.02539556
0.04287662
0.01548960
-0.05732942
-0.03200812
-0.06458678
-0.07841699
0.03771888
-0.03878461
-0.00803556
0.08587660
-0.02284478
-0.01379190
0.03185245
0.07536094
0.04530378
-0.04479267
0.06127129
-0.02414719
-0.05331432
-0.00154091
-0.10149658
0.01752166
0.03997102
-0.08203079
0.08938228
0.08416532
0.05260635
0.00020457
0.05199796
0.16718970
0.07138848
0.00831191
-0.09226158
0.11125983
0.05688358
0.02796187
-0.06199388
0.21069121
-0.00536227
0.09130152
-0.02406448
0.01093044
0.01917442
0.00751380
-0.04550001
-0.11459988
-0.00803055
-0.03056428
0.09838482
0.09096803
0.16111287
-0.01213691
0.08354506
0.06792481
0.07174545
0.02614427
0.04175684
-0.08978429
0.02970710
-0.09431330
0.11464047
-0.06608334
0.05566870
0.11648692
-0.05705016
-0.07067289
-0.12003221
-0.02753385
-0.11588305
-0.02249276
0.08976001
0.08014362
-0.01746674
-0.06594842
0.04653664
0.02016478
-0.04993196
0.07074020
-0.00951804
-0.06926361
-0.01805511
0.05258915
0.05485922
-0.11486886
0.11854754
0.06814706
0.02342191
0.11616009
-0.03317096
-0.01343773
0.02089238
0.02341516
-0.04030782
0.10000626
-0.02408009
-0.09145381
-0.00534083
0.12984803
-0.14242877
-0.09028324
-0.04638694
-0.12129696
0.01311838
0.07177565
0.00940809
-0.05635396
-0.07803234
0.04868360
-0.01219107
0.04986479
-0.07562115
0.08894361
-0.08138242
0.09697159
-0.04388365
0.03452629
-0.05021559
-0.06093368
0.12832238
-0.03455966
0.01890276
0.11879171
0.05793908
0.16094908
0.03458967
0.02205811
0.13742507
0.16442168
-0.11795607
-0.07245697
0.12090620
0.09437332
0.06964825
-0.06731605
0.00531749
-0.01112769
-0.10764001
0.08456306
-0.06025143
0.11825068
0.05490964
-0.01993617
0.06339332
-0.10327718
0.07215922
0.05067201
0.09288145
0.01137671
-0.04204849
-0.09168468
0.02994637
-0.04650938
0.08132699
0.06369111
0.03722361
0.10990813
-0.02382666
-0.03046522
0.06736033
-0.07170554
-0.01127094
0.00917274
0.04879707
-0.02898357
0.07619528
0.00928227
0.07084523
0.02755825
0.08154918
0.06832059
-0.04252785
0.03235947
-0.03616683
0.13382666
0.12758122
0.05392838
0.00207077
0.11800448
0.07207293
-0.04155533
-0.01731355
0.10289495
0.00012459
-0.04898590
-0.07235613
-0.03748843
0.07608692
-0.07175481
0.01141018
0.07491723
-0.04191811
0.09322955
-0.07820655
0.10288902
0.01519430
0.04657838
0.03168992
0.05741068
-0.11914874
0.03142593
-0.03501764
0.00770303
0.00859964
0.10886488
-0.09914104
-0.05757511
-0.11150577
-0.10366437
-0.02679894
-0.06107084
-0.11153093
0.11922514
-0.05501194
0.04070549
0.05152706
-0.01198443
-0.00083006
-0.00254170
0.04231221
0.10718875
-0.00874770
-0.04017279
-0.10334306
0.02527494
-0.03816605
0.02873524
0.01169911
0.06342331
-0.01285393
0.05309269
0.05447573
-0.02064160
-0.00039150
0.01239050
0.09780356
0.05220322
0.02053498
0.02525282
-0.02692502
0.06631410
-0.09524987
-0.06603549
0.05115448
-0.03688259
-0.01803264
-0.03294279
0.03951248
0.02368786
-0.01542052
-0.03784586
0.06312218
-0.08656599
0.06046835
0.04435628
0.02955207
0.01166644
-0.04899175
0.01906613
0.02137441
0.02358213
0.04349173
0.06784651
-0.02660875
0.03108400
-0.11163770
0.06467907
0.05781794
-0.05113621
0.09660184
-0.00360851
0.01373681
0.03873815
-0.06439855
0.04264057
-0.00408209
0.05739845
-0.05485971
-0.04822404
-0.04918934
0.09270247
0.00668927
0.07970680
0.09903672
-0.06999750
-0.10460081
0.09929259
-0.07138602
-0.06072237
-0.00598977
0.02046531
0.07371526
0.00848892
0.03939084
0.10394789
0.00600841
0.02966381
0.01932524
-0.10848279
0.10145513
-0.01004326
-0.00865834
-0.14218342
-0.00557557
-0.00774160
0.07146260
0.04936578
-0.07144807
-0.07836307
0.08500655
0.02450904
-0.04663649
0.11939315
-0.10339165
0.10265859
-0.02199242
-0.06110298
0.01805002
-0.03231383
-0.05803928
0.07658335
0.05382581
-0.09721982
0.07978530
-0.09898052
-0.04284732
-0.04261288
-0.12603752
-0.02640749
0.09378108
-0.05937568
0.09421505
-0.05322104
0.04857086
0.13832191
-0.01326863
-0.09578706
0.03388866
0.00898471
-0.08331042
0.01992951
0.03409300
-0.03624002
-0.04104038
-0.09731618
-0.09769200
0.06371824
0.07011005
0.07161018
-0.02126291
-0.04896048
0.09621480
0.06419645
0.10355919
0.03113567
-0.01813336
0.07127170
-0.07968798
0.07496847
0.02667293
-0.01344529
-0.05199905
-0.04242632
0.06103882
0.02994461
0.07721772
-0.04700835
0.12836666
-0.07683589
-0.03490215
-0.05865419
0.00697588
0.06476574
-0.00872889
0.02731456
0.09362895
0.01953620
-0.09270589
-0.04652717
0.02592734
-0.05873205
0.04115589
0.04821870
-0.04128036
-0.04061810
0.05665017
0.05189719
0.05854782
0.12724294
0.08308563
-0.09699143
-0.08734995
0.06368578
-0.05621212
-0.07622837
-0.01342845
0.10414700
-0.05619504
0.04377267
-0.00002207
-0.05530428
-0.13533823
0.07381577
-0.00414007
0.14098045
-0.11679708
0.06491605
-0.01897406
0.09683059
0.05131565
0.05496719
-0.08209796
0.00512321
-0.06411267
-0.08636685
0.04594247
-0.06694344
0.03650781
-0.04145122
0.04761634
0.06915227
-0.02243450
-0.07189383
0.06295981
0.15162396
0.10885049
-0.06780034
-0.11712763
-0.00516865
0.07750350
0.06632378
0.06865245
0.06910808
0.16326092
-0.00729648
0.02226616
0.11476911
0.05507851
0.06346571
-0.08103811
-0.03395338
-0.03121956
-0.12185550
0.03858352
-0.09720128
-0.07917536
-0.09937514
-0.15086107
-0.08620514
0.08437189
-0.08877074
0.02596311
0.09651998
0.02042504
-0.08084716
-0.08505812
0.07940342
-0.00382738
-0.09484869
0.08330596
0.00915462
-0.06283534
-0.01427502
0.03401386
0.03948410
-0.03996798
-0.08921938
0.04377646
0.10964530
-0.09370583
-0.03414424
-0.03769616
-0.02588690
0.06654550
-0.00599376
-0.15596549
0.07425198
0.00884695
0.00791627
0.09584444
0.15561867
-0.14857638
-0.06816871
0.07649158
-0.01436432
0.00789756
-0.08873935
0.01539425
-0.03652544
0.05625103
-0.05549644
-0.08963317
0.07381300
-0.05096451
0.13118769
0.17137916
0.04590782
0.08460041
0.01354004
0.10760523
0.15366189
0.08530245
0.08288251
0.04030319
0.00842665
-0.09457096
0.03054316
-0.03874455
-0.01746662
0.10953812
-0.02153366
0.07824852
-0.04872354
-0.09443257
0.17996766
0.07292734
0.11609349
0.11241421
0.09770948
-0.10281801
0.10064880
0.01003163
0.01369687
-0.09906359
-0.09882769
0.05215621
-0.09096856
0.02682439
0.01261356
-0.05190129
-0.08050241
0.03955652
0.16931336
-0.12137162
-0.02578384
-0.01901242
-0.03304261
0.07152696
0.09950097
0.05974120
0.13031191
0.00980829
0.02043707
0.08393569
0.01912442
0.02932565
0.00322962
0.08066325
-0.06892668
-0.10532253
0.07997806
0.07755844
0.11549906
0.02711248
0.10260507
-0.07405097
0.01726681
-0.04141621
0.06914867
0.06801520
-0.10919066
0.05029445
-0.13211313
-0.09038551
-0.01098122
0.02151281
0.00787441
-0.08901498
-0.08193849
0.03087628
-0.01985102
-0.09014925
-0.00805266
0.00189579
-0.08052520
0.02488091
-0.04684344
0.08315700
-0.09321028
-0.09327065
0.02368188
0.01819026
-0.00433836
-0.00390441
0.01520240
0.02881769
0.03566232
0.02044160
-0.03027651
0.09353084
-0.06517966
0.05907378
0.09672821
0.03507486
0.09508753
-0.08797344
0.05999871
0.05944932
0.02563800
0.03577397
0.01116369
0.00477630
0.00590244
0.02549289
-0.17123114
0.07620393
-0.11040125
-0.00974665
0.12463249
-0.09406409
-0.05246360
0.12239268
-0.07518246
-0.05339715
-0.13148479
0.10449492
0.19928744
-0.13535810
0.12237232
-0.04921449
0.03788075
-0.07343023
-0.16125564
-0.00062810
-0.15331207
0.16909955
-0.09046037
-0.07767132
-0.08648095
0.11915112
0.12095638
-0.04863546
0.20610435
0.07470419
-0.00172274
-0.00247397
0.01720113
0.02728483
0.01562407
-0.01625608
-0.00746625
-0.04980541
0.02357377
0.13513722
0.06113289
0.13905077
0.12739778
-0.12595291
0.00140734
0.01057211
-0.03991711
0.09217675
0.04643434
0.06184911
-0.17355506
0.05864225
-0.19712347
-0.01393761
0.03715149
0.05123137
-0.04908654
-0.06412120
-0.17924516
0.04946934
-0.20850892
-0.02426743
0.02319319
0.02093004
-0.03265831
0.10543641
-0.02321034
-0.15292798
0.09491350
-0.03055562
-0.00068433
0.02315802
0.03236785
-0.04500465
-0.12821540
-0.01055313
0.07067681
0.06683111
-0.07355636
0.04941840
-0.00851776
0.07358597
0.04746788
-0.10529307
0.07909772
0.06048107
-0.23836158
0.09923700
0.01682936
0.07472979
0.07982825
0.01510892
0.07131613
0.02965548
-0.02920902
-0.04288037
-0.12528495
-0.02491298
-0.13914576
0.06927393
0.00707554
0.12110288
0.06649644
0.09309147
-0.05623716
-0.03583216
-0.03644260
0.10098207
0.06916554
-0.02256369
-0.02123238
0.01713712
-0.12585561
-0.11962081
-0.12063748
0.06803609
-0.10384075
-0.07186614
0.03783125
0.11774573
-0.01515827
-0.12843993
0.00377286
-0.03277749
-0.07593207
0.06427234
0.00621602
0.06617285
-0.10019901
0.06423820
-0.03291225
0.03263676
0.01764787
-0.04470247
-0.05518721
0.00006743
-0.07405283
0.00221032
-0.06538510
0.04807446
0.01702100
0.04850871
0.02326067
0.01086585
0.06811345
-0.00806705
-0.07202156
0.06928337
0.10095994
0.06676610
-0.03309901
0.09152386
-0.00043073
-0.03902610
-0.06514242
-0.01018895
-0.06239361
-0.05054713
-0.08155451
-0.06507413
0.05220586
-0.03363389
-0.01721271
0.06156881
0.07875006
-0.07712243
-0.07681445
0.03219132
-0.02594056
0.08355429
-0.08760137
0.00797490
-0.00040001
-0.06230670
0.08112481
0.06117243
-0.02755676
0.01397518
-0.08942965
-0.08845913
-0.00988202
-0.05645205
0.09664088
0.07356355
0.00975167
-0.04637959
-0.07611765
-0.08051981
-0.06444731
-0.04025658
-0.07862283
0.16848077
-0.03621904
0.11321297
0.13451838
-0.04897115
-0.05364271
0.00835569
0.10222021
-0.04663260
-0.00829138
-0.08296227
-0.12783001
-0.03156959
0.11766223
0.01354658
-0.04604908
-0.09931033
0.04492300
0.01006411
0.05312702
-0.01868365
0.12104224
-0.02101645
-0.05513910
-0.11153640
-0.12822539
-0.05710497
0.00256856
-0.18981767
0.00254590
-0.00815710
0.17499277
0.04756679
-0.05924125
0.06555557
-0.00174932
-0.04710776
-0.02281612
-0.11769100
0.14044040
-0.00575868
-0.03241087
-0.03544733
-0.02509856
0.14493868
0.05191976
-0.08797313
0.03728060
-0.04734256
0.03194381
-0.11794151
-0.02787152
0.09202227
0.08417018
0.05567424
-0.06077661
0.04271394
-0.03385366
0.18699476
0.08182880
0.03061933
-0.08343194
0.02454623
0.10439181
0.00385001
-0.04131157
-0.11997664
0.03674672
0.07772642
0.09076534
-0.09297651
-0.04306697
0.05397715
0.01269389
-0.11363636
-0.09882251
-0.08790758
-0.07399490
-0.00380941
0.07694005
-0.02945968
0.00215528
-0.02523203
-0.06844164
-0.07342100
0.10741251
-0.00232042
-0.01424946
0.04804843
0.00791279
0.05258305
0.00751415
0.04516638
-0.08870951
-0.09455029
0.06993940
-0.05526035
-0.07988480
-0.04942458
-0.07268486
-0.00011136
-0.08397531
-0.00385359
0.03968394
0.14449303
-0.03856937
0.00438835
0.04842395
-0.03620462
-0.01306359
0.02558016
-0.05723150
0.08937266
-0.04339474
-0.09920199
-0.07462233
-0.03627644
0.09355459
-0.11408973
-0.02299858
0.14299288
0.03818304
-0.08527125
0.05228356
-0.01838332
0.07966326
0.00162340
0.00325269
-0.01218277
0.01019351
-0.10594649
-0.00965158
-0.07510852
-0.00429697
-0.03023278
0.05591498
-0.05799349
-0.06820399
0.05313851
-0.01802690
-0.09969158
-0.02462113
-0.09987810
-0.02043067
-0.05662999
0.06039684
0.07122634
0.03794685
0.03002934
0.03317157
0.09565381
-0.22459242
-0.02843775
0.16803344
-0.07201210
-0.07937828
-0.07153169
-0.07172373
0.04508599
-0.12965082
-0.00823072
-0.12164946
0.03399530
0.08868062
-0.13351001
-0.09544142
0.12314922
-0.11728603
0.13555512
-0.04549305
0.15621307
-0.05214933
0.09978079
0.09747592
0.13113654
0.04632923
0.10022759
0.11256351
-0.14323458
-0.11851614
-0.00348033
0.00766774
-0.12405413
-0.07046916
0.19597857
0.17389901
-0.10036945
-0.00224266
0.02672017
-0.00160935
-0.02103289
0.00207540
0.00254704
-0.06520078
-0.06255145
0.00404961
0.03278100
0.06004234
-0.10546748
0.11389446
-0.03833788
-0.07031997
0.01478466
-0.00843433
0.11228695
0.11605249
0.04662547
0.10066807
-0.01830065
-0.02796575
0.05795326
0.14160120
0.01747867
-0.02840321
-0.01035907
0.01240301
-0.00989549
-0.16893169
-0.09503248
-0.14747933
-0.12904914
0.04596392
0.07961335
-0.11873715
0.04174965
0.04834094
0.10369848
0.12588039
-0.06920224
0.13257748
-0.06645542
0.04746720
0.03351756
0.12480258
0.10423381
0.12977839
-0.18460922
-0.12853676
-0.07952951
0.03918631
-0.15077035
0.01356502
-0.06277491
-0.06458450
0.02383651
0.02847716
0.02488588
0.02502469
-0.04633852
0.21861719
0.06760707
0.00383982
0.09206798
-0.10471396
-0.05464476
0.03653358
0.08301082
-0.04102971
-0.01169827
0.08517563
0.11243109
-0.04578657
0.02747211
-0.05081946
0.18019004
0.04447575
0.01197742
-0.01014788
0.00279409
0.09442917
-0.00321555
0.00745793
-0.00772159
-0.04803756
-0.09007217
0.08317907
0.01560432
0.03806521
0.05937785
-0.03210323
-0.03427602
0.03737342
-0.01636310
-0.03397890
0.00318677
0.01278060
0.08057602
0.17326353
-0.04698110
-0.14424439
-0.11300389
0.00933313
0.03691536
0.13773364
-0.19417036
0.08096877
-0.05233526
0.18666239
-0.06010564
0.14141832
0.02253092
-0.14809497
0.02693460
0.04767537
-0.02303358
-0.02421362
0.10516643
0.00869316
-0.11962926
0.15829600
0.05952922
-0.07349081
-0.02263950
0.00838539
0.18262747
-0.02940020
0.03299895
-0.09136995
-0.00768111
0.06943485
0.08731671
-0.04350166
-0.09426966
0.07342957
-0.10422689
-0.03352526
0.09240822
-0.05838932
-0.08823922
0.08483946
-0.03829002
0.04983456
-0.06827550
0.03555627
0.01731241
0.07298102
0.01885079
-0.03285568
0.02620652
0.02136749
0.10892081
0.03192020
0.13139887
0.01060276
0.05300867
-0.13039230
-0.02067204
0.06315497
-0.15186627
0.08688202
-0.07833167
0.06429428
-0.04264448
-0.00890169
0.00729865
-0.09299195
0.18259528
0.13747789
0.00215156
0.07209595
-0.12741457
-0.03858653
-0.04562809
-0.03396338
0.07768767
0.03685968
0.08759136
-0.00666169
0.07281345
-0.02633024
-0.04885570
-0.02033136
-0.09225878
-0.09026039
0.11571713
-0.00685499
-0.15302764
-0.09885123
0.11552849
-0.07039379
0.04849590
0.04488781
0.08336449
0.15659080
0.11405961
0.09242666
0.00130850
-0.04689063
0.06070933
0.01300325
0.04284143
0.08677348
-0.04561400
0.00717078
0.05142585
-0.01203782
0.09308738
0.03329061
0.01100486
0.04821376
-0.06517512
0.03814953
-0.04323753
-0.02146307
0.09147040
-0.05812251
0.10598055
-0.02179048
-0.02342555
-0.06805348
-0.02710039
0.10783952
0.00468783
-0.08931482
0.04294503
0.03091072
-0.04815267
0.06552211
0.07433637
0.00664978
0.06043561
-0.07190651
-0.03386416
0.05915835
0.01552348
-0.01700233
-0.05841171
0.07385626
-0.02752511
0.07800598
-0.06068768
0.08366030
0.05787591
-0.04632527
-0.01495537
0.00315310
0.00019449
0.01979309
-0.05289529
0.05142761
0.00617593
0.08086074
0.00163621
0.08718474
0.04868796
0.09541725
0.08716016
-0.08283307
0.02139838
0.08023061
-0.08732657
0.11508933
0.00169177
0.02979236
0.01087004
-0.05757317
-0.05695793
-0.04008586
-0.10377855
-0.08485960
0.05582864
0.00817941
-0.01711100
0.11785143
-0.06443077
0.07866681
-0.09848884
0.00772399
-0.04367805
-0.01725637
0.01196757
-0.00888473
0.01518461
0.06759697
0.08071174
-0.07120374
0.08548108
0.03388696
0.04429326
-0.04930665
-0.04358016
-0.14614142
0.07363851
0.01621180
0.06759453
0.02777066
0.12244931
-0.01380337
0.08047058
-0.01224492
-0.03348195
-0.04629459
0.03414376
0.05173495
-0.00586601
-0.03774042
0.11104152
-0.03802513
0.03683606
-0.03741036
0.02166776
0.00363690
-0.03858751
0.07518972
-0.04432075
-0.02167963
0.01201362
-0.00012002
0.00486031
0.03909019
-0.12009601
-0.00637525
0.00411743
-0.08910825
-0.02523866
-0.02832605
-0.08104887
0.07763331
-0.07513200
-0.16452953
-0.01042214
-0.01484296
0.05613703
0.05348307
-0.15407929
0.05043274
0.09359039
-0.09361961
-0.00483766
0.02078550
0.06010271
-0.01524597
-0.12622719
0.00823073
0.24520256
0.13537993
0.01737598
-0.07653319
-0.00931406
-0.01888790
0.02909292
0.08309591
0.02106381
-0.21801308
0.02546553
-0.04929861
0.02669545
-0.06176599
0.04542077
-0.07052379
0.09403920
-0.00243224
0.04203400
-0.21625219
-0.02347434
-0.05760819
-0.04473979
0.15700024
0.24093239
-0.08547454
0.06506011
0.03675978
0.01783199
-0.07641068
0.11112631
-0.10013689
-0.07125282
0.02603602
0.01331889
0.09635662
0.05843407
-0.11463985
-0.10993634
-0.07776843
0.08171322
0.05493981
-0.01061261
-0.20571552
-0.04860819
0.03900133
-0.00969720
0.07666768
0.07803307
-0.05652416
-0.00353121
-0.06352590
-0.08442162
-0.08547082
-0.02724988
-0.08427786
-0.11149877
0.09365246
0.10657754
0.13766551
0.03570046
-0.01505573
0.09355654
0.02270637
-0.10937392
0.00215818
0.07612970
0.05752682
0.04445689
0.01304376
0.02807541
0.03262932
-0.03464449
0.04358521
0.02071136
-0.10989697
0.05891187
-0.02855362
-0.06538123
-0.17003694
0.11409868
0.04013825
0.03039504
-0.01753127
0.00383425
-0.16945381
0.10454088
0.04983195
0.04092866
-0.02853565
0.13761723
0.07822368
0.10183263
-0.00703784
-0.21086137
0.11639202
-0.09651879
0.06341749
0.04945026
-0.05579551
0.10447472
0.10111985
-0.06251406
-0.09027562
0.04826327
0.02500790
0.12914205
-0.14393474
-0.08729851
0.10222027
0.09634813
0.07357839
0.00562453
-0.11940490
0.17418684
0.03734614
0.00525006
0.09262569
-0.15301909
0.02631283
0.03380713
0.05476577
0.01978208
-0.00511238
0.03903448
-0.16376729
-0.05366065
0.09878556
0.17130378
-0.12487410
0.09189655
0.12686753
-0.07080510
0.05837952
0.06599134
0.11117342
0.04965831
0.10103061
-0.09246897
-0.01593602
0.05025868
-0.07520558
0.14931032
0.09819474
0.06235904
-0.12605503
-0.01588825
-0.13014731
0.01056931
-0.14561808
-0.01756612
0.10097388
0.13226098
-0.01149661
0.10044383
-0.05528187
-0.08715156
-0.16657639
0.05077064
-0.12777196
-0.14653435
-0.03464338
0.05397416
-0.18897997
0.06792151
-0.13722761
-0.00160639
-0.04193345
0.00592449
0.05777547
0.08042774
0.10539255
-0.20013438
-0.03379292
0.05477368
-0.13600375
0.04814916
0.10220232
-0.10578601
0.02550433
-0.07948209
0.00454005
-0.05091689
0.00282629
0.01289654
0.04067463
0.12470964
-0.05427038
-0.03244111
-0.08398058
-0.00493323
0.01624510
-0.08653124
0.09076151
0.15671790
0.01490943
0.04725444
0.02152558
-0.06041012
-0.14643304
-0.07631552
-0.00833380
-0.03650985
-0.05471829
0.02757740
-0.07029915
-0.02522197
0.07856399
0.09139312
0.10155017
-0.12785189
0.04417121
0.07913072
-0.09354138
-0.06324784
-0.01145786
-0.08371881
-0.05640016
-0.03117824
0.07214703
0.01479493
-0.06389190
-0.10635031
0.00250578
-0.01760272
-0.01436053
0.06886864
-0.06929278
-0.05359919
0.09697319
0.05913560
0.15984479
0.07027264
-0.04456474
-0.14564316
-0.07945588
0.01301426
-0.07200227
-0.11763208
0.12969640
0.01634725
0.06969149
-0.09371832
-0.06114878
0.01408882
-0.12872855
0.07628283
-0.02962521
0.04942137
-0.06141463
-0.03071357
0.10183151
-0.05567190
-0.03343057
0.12292246
-0.04794640
-0.02330683
-0.20746075
-0.05952898
0.07579688
0.01404058
-0.03306088
-0.03856366
-0.04523706
-0.08154100
-0.03113760
-0.10122854
0.05302417
-0.01311042
-0.04634472
0.03560474
0.01732287
0.08125377
0.02225966
-0.01803292
-0.05119036
-0.06913150
0.00557138
0.16054797
0.06254669
0.08132452
0.03606911
0.03240357
0.06656017
-0.00190278
-0.14020646
0.00988274
-0.09411476
0.05767993
-0.03239060
0.03434187
0.07913048
-0.04166784
0.10614374
0.05440697
0.09232473
-0.08677188
0.04040802
0.05645420
0.02070011
-0.12524003
-0.04650493
0.04138596
-0.04044695
0.11046653
0.03817089
0.05810722
0.03208432
-0.00456550
0.00575782
-0.03411417
0.13041949
0.03547021
-0.03160147
0.03874424
0.02296376
0.03923570
0.03400878
-0.00182231
-0.07567994
-0.04980738
-0.10907286
-0.07047957
-0.07485998
-0.12585860
0.06469708
0.01179594
-0.00390454
-0.00646596
-0.01772139
0.04464039
-0.10699169
-0.03200965
0.06706774
-0.08329155
-0.02064098
-0.01878602
0.02218904
-0.07099981
-0.06576356
0.04855797
0.08770592
0.02686852
-0.05320793
0.00339488
-0.04957516
0.04542808
0.10378318
-0.10673992
-0.06800575
0.14262287
0.07242179
-0.08756618
0.01336171
0.02743744
0.09098984
0.13557410
-0.02482536
0.01880427
0.05141303
-0.10674275
-0.06912971
-0.02770668
0.06778862
0.05580571
-0.01670974
0.01328858
-0.04281919
0.01723585
-0.05384364
0.07558446
-0.08164743
-0.06529380
0.05944125
0.06292380
-0.04035898
-0.02902527
-0.03139273
0.05423865
-0.06022386
0.09015657
-0.01465787
-0.07597000
-0.00089850
-0.04601302
0.05718926
0.05714439
-0.04163264
0.02198531
-0.07994927
0.03466605
0.07361895
-0.01900174
0.08260670
-0.06756900
0.00736588
0.07964550
0.01638371
-0.01487968
0.01189058
0.03554229
-0.05902144
-0.04819256
-0.08286242
0.04349406
0.05060384
-0.07776539
0.06044745
0.00901677
0.03225207
-0.03932162
0.08675444
-0.06248099
0.01332903
0.02348340
-0.07325395
0.02372898
0.05704577
0.01516282
-0.07691396
-0.01381405
-0.07772928
-0.04388942
0.00684409
0.01608983
0.01541573
0.01794732
-0.06946171
-0.03239199
-0.05735214
0.06066804
-0.10287854
0.14835542
0.03642897
-0.02025228
0.04727494
-0.07155933
0.06004154
0.07275248
0.05283550
0.08675247
-0.12365751
0.08581976
-0.12771134
-0.09879167
-0.07352848
0.02560786
-0.08148116
-0.07315854
0.06716006
0.02961377
0.11108549
0.02359794
-0.04103509
0.01824500
0.05208785
0.00992811
0.05966824
-0.03082484
-0.08501656
0.03318010
-0.08414229
-0.09240014
0.04282947
-0.06677025
-0.03757229
0.07447724
-0.09196481
-0.04015736
-0.03572287
-0.04240606
-0.02861638
-0.12569003
0.07107937
0.10994969
0.05437249
0.03408660
-0.01291883
0.08848491
0.05793449
-0.03578819
-0.02930923
-0.05257732
-0.04708274
-0.06912538
-0.09013629
-0.05965855
0.07709663
-0.00792533
0.04300268
0.06507536
-0.18240604
-0.11432832
-0.00286416
-0.01807113
-0.06210129
0.17956142
-0.19877769
-0.18652508
-0.16918106
-0.04962262
-0.00972988
-0.12230994
0.11388054
-0.01110441
-0.07598801
0.20645820
-0.08159125
-0.01422729
-0.11830274
-0.20780908
0.00490047
0.07162843
0.08349447
0.10546736
0.01974253
0.07220739
-0.00360903
0.12661247
-0.03116114
0.01067786
-0.08028947
0.01425622
0.03936237
0.09381699
-0.07496315
-0.00374611
-0.08098003
0.04221337
-0.15801387
0.18084475
-0.27359766
-0.09946949
0.01598361
-0.02658041
-0.03367595
-0.12857999
-0.02802432
0.11042787
-0.04971074
0.17787117
0.08464526
0.15533434
-0.07804939
0.23950243
0.03309460
-0.01414712
-0.27156633
0.01723172
-0.21487711
0.02846467
-0.00176463
0.00276707
0.04985993
0.05319905
0.00953369
0.03519981
0.08967198
-0.01789622
-0.06797062
0.09283266
-0.05478521
0.01128504
-0.07377298
-0.02883596
0.11060369
-0.09771211
-0.05943124
0.01818547
-0.00639142
-0.00825766
0.09398749
-0.04247643
-0.02777010
-0.05021516
0.01535125
0.02714709
-0.09988053
0.11438406
-0.04928493
-0.06829867
0.04328292
0.05569769
-0.03392167
-0.05724217
-0.04309465
0.00889273
0.00002323
0.04631485
-0.02375339
-0.04106696
0.10143995
-0.02372935
-0.16653018
0.07061991
-0.04730576
-0.09429824
0.02092801
0.04032725
-0.12318759
0.02151335
0.02133650
-0.05456435
0.04541032
-0.04747748
0.10776716
-0.12390915
0.00285430
-0.08713316
0.08138394
0.05353762
-0.10060238
0.04621060
0.01145208
0.06061796
0.08093562
-0.02718783
-0.06783909
-0.11049397
-0.04152668
-0.03159288
-0.10113654
0.06285634
0.05820164
-0.06638405
-0.11094356
-0.07668371
0.00011802
0.00260322
0.03898739
-0.13085456
-0.08523996
-0.03596974
-0.03787698
-0.17691459
0.17498423
-0.04912534
-0.11492750
0.16604891
-0.06828903
0.05531882
0.15092155
-0.06906196
0.07400743
-0.03228499
0.14656268
-0.08717138
-0.08610917
-0.02810913
-0.10310643
-0.08672204
0.05177643
-0.04511723
0.04920474
0.11578552
-0.17521186
0.03746479
0.16088682
-0.06905553
0.05775919
-0.02593951
-0.05039477
-0.10708318
0.23814702
0.24828646
0.07290851
-0.02804581
-0.00169042
-0.09110831
-0.00658208
-0.09379679
-0.08908113
-0.17069679
-0.01467679
-0.01948372
0.15557176
-0.07724027
0.07231754
-0.08988412
0.08771051
0.01184995
0.11410807
-0.07826961
-0.04271190
0.04601191
-0.12834068
-0.13496597
0.05162682
-0.03644746
-0.10083591
-0.00922033
-0.03813384
0.02408423
-0.09542783
-0.18307143
-0.03317715
0.05528410
0.07545427
-0.07860195
0.12992938
0.04602771
-0.13096029
-0.03564687
-0.06640024
-0.03129565
-0.11378444
0.17704301
0.24908504
-0.00154145
0.10203539
-0.14793508
-0.12895462
0.01259062
-0.02915123
-0.01593873
-0.06283993
-0.03136500
-0.10923310
-0.02972824
-0.13793485
0.03227288
-0.08681865
0.04069730
-0.13947199
0.11860367
-0.12290979
0.00184315
0.12667958
0.13327779
-0.00446494
0.14648630
-0.04764739
0.00436884
-0.13068108
-0.04688290
-0.07357244
0.01249500
-0.06967910
0.06458155
0.15928815
-0.15680747
0.06880399
0.04301867
0.09651893
-0.06377537
0.09296477
0.00256991
0.00871110
-0.01428759
0.11406849
0.02682209
0.07013147
-0.09588212
-0.16728170
0.04080172
-0.00088984
-0.03767487
0.09741333
0.03401153
0.05315296
-0.01284946
0.00085103
0.00542315
-0.08943041
0.05495640
0.02937399
-0.09485911
0.00109523
0.02025582
0.05112035
0.08595916
0.01344123
0.02547088
0.03633804
-0.01308877
0.08758929
0.02594642
-0.01964432
-0.08601806
0.04536793
0.04373576
-0.01097581
-0.01612048
-0.06413357
0.10256480
0.08222447
0.00485423
0.08858918
0.13267788
-0.08818312
-0.02674167
0.06441917
-0.04608975
0.06398007
-0.01211137
-0.09663974
0.02107011
-0.06909689
-0.01818802
-0.04072559
0.01719636
-0.05700941
-0.02147127
0.14846802
0.06033483
0.03680389
0.02916936
0.01974723
0.06933232
0.05484047
-0.01631021
0.01425560
-0.09702600
0.07328667
-0.04397625
0.03737577
-0.06337321
-0.09562157
0.06355853
-0.09884609
0.04370351
-0.06625345
-0.05123057
-0.01785739
-0.07794735
-0.08172625
-0.05303958
0.05560204
-0.04679735
0.09147025
0.08381560
-0.00660400
-0.04992880
-0.06514259
-0.09627093
-0.08451518
-0.08123498
0.07118158
-0.05693197
-0.07314268
0.09401016
-0.01212502
-0.08224639
0.00654643
0.08875225
0.00025259
0.05855174
0.05079810
-0.00347706
0.07756624
0.09143499
-0.05387444
-0.00256308
0.07917269
0.06217580
-0.04900761
0.00715870
0.04122645
0.01833287
0.00720227
-0.06831114
0.01657954
-0.06468076
-0.06104435
-0.09241692
0.07465851
0.07190023
-0.02431449
0.00293248
0.07448574
-0.06100790
0.09248601
0.08586924
0.06795773
-0.11862615
-0.07953907
0.04726671
0.04741182
-0.12838198
0.09130592
0.02722404
-0.05312929
0.06865957
0.01496101
-0.07569869
-0.07764731
0.06602445
-0.02069043
-0.04354130
0.02263958
-0.05355865
0.01607815
-0.08527963
-0.04432666
-0.00474994
-0.05442746
0.04380554
-0.00027760
0.10557108
-0.02366922
-0.06481966
0.01431099
0.01998712
0.00971851
-0.05942114
-0.08221549
0.01762883
0.03999834
-0.05764821
-0.05993881
-0.00044199
0.05618877
-0.02053933
0.09663556
0.06234110
-0.06083752
0.05071582
0.02849339
-0.07600326
-0.04516714
-0.02529802
-0.08503319
0.07451763
-0.03609904
-0.07866978
0.02619929
-0.07831804
-0.02360458
0.02427044
-0.01239009
0.07761408
-0.04883040
-0.06921353
-0.11080984
0.04661143
0.02551008
-0.00684553
-0.03194990
0.04891264
0.05952920
-0.06243547
-0.21642534
0.06829847
0.03330027
0.15880692
0.05371023
-0.03269509
-0.07417628
0.06660740
-0.10507871
0.01544893
0.10909246
0.11780201
-0.04310266
0.12773287
-0.09137276
0.06470407
-0.11803119
-0.07954020
0.05835884
0.08248492
-0.05230312
-0.00780279
0.01561632
-0.02646551
0.06572383
-0.02758829
-0.09033476
0.05766803
0.10804145
-0.03062029
0.05950151
-0.13029368
-0.01495144
-0.15496235
-0.22962128
-0.01974673
-0.17525350
0.10366093
-0.01580540
0.05706690
0.11049140
-0.09119501
0.07534768
0.07997523
-0.08658097
0.14724065
-0.09674080
0.05694984
0.08404572
0.03337106
0.08804710
-0.05273389
-0.05722939
0.14275460
0.04803060
-0.11278445
-0.08799975
-0.09463690
-0.08412378
-0.08827613
0.10537042
0.09185784
0.07776854
-0.12046814
0.02419796
-0.06418928
-0.12662099
-0.10436957
-0.02148928
0.07776550
0.09605292
0.01224463
0.10218240
0.00510284
-0.03008998
0.00827701
-0.10698198
0.04043273
-0.02652783
0.09107086
-0.04595431
0.06865364
-0.00654018
0.11015829
-0.02667076
-0.00990322
0.03630105
0.06553851
0.05559484
0.02354940
-0.01057433
0.04241241
0.07058728
0.06695212
-0.11034921
0.01875310
-0.04473492
0.03979881
0.12925754
-0.04530241
0.13213927
-0.08423589
-0.08803868
-0.08990231
0.05420307
0.00477438
0.01214349
0.09957916
0.01941612
-0.08489347
0.10265344
-0.08340295
0.06120601
-0.15171905
0.03498671
-0.02959600
-0.07383931
-0.03446759
-0.11316799
-0.03646513
0.02459471
-0.04650528
-0.03750952
0.00916986
0.05665036
-0.03434403
0.14520445
-0.08160206
0.06763945
-0.05532064
-0.01816521
-0.09350532
0.16923623
0.08257954
-0.00412004
-0.09248929
0.06448398
0.11788420
0.06838385
0.10038769
0.11186241
-0.00464666
-0.02072583
-0.05845634
0.16670278
0.00558918
-0.09474864
-0.03277247
-0.12624441
-0.07796181
0.07037876
-0.10850759
-0.09868675
-0.10359380
-0.09975165
-0.09991948
-0.11456110
0.07951052
0.03031986
0.01326592
0.04266346
0.06345282
0.04421492
0.09582818
-0.00164441
-0.05329632
0.08999662
0.05646325
0.12084076
0.03383677
-0.08959422
-0.08418527
0.05284064
-0.10131919
0.03767618
0.05602201
0.07984720
0.03441949
-0.03136875
0.11700249
0.02345182
0.05449149
0.10838482
-0.07897194
0.03807570
-0.01917179
0.00573643
-0.04535100
0.06106879
0.03794017
0.18139365
0.00062027
-0.04636811
0.01336124
-0.15093219
-0.05183107
0.14779805
-0.00873510
0.09279428
-0.08370703
0.11460816
-0.00759860
0.03379110
0.09580508
0.11180351
0.06611831
0.01151366
0.02022504
0.08613419
0.09980682
-0.09691624
-0.03240944
-0.02461646
-0.09070297
-0.03000071
-0.04727174
-0.07478070
-0.14835764
0.08713865
0.01096027
-0.01412966
-0.08905295
0.02086464
-0.07437282
0.00938451
-0.05110504
-0.03434194
-0.03984236
0.07873053
-0.14817284
-0.05102454
-0.07155155
-0.04833052
0.02342639
0.00619539
0.01386065
-0.05550181
0.06562956
0.13770589
-0.05531349
0.14896286
-0.10182909
-0.01047217
0.04590596
0.00716209
-0.16067377
-0.00583450
0.01085216
0.05381501
0.06612619
-0.04617234
0.05653550
0.09219329
0.09921354
0.02040002
-0.04298519
-0.04078441
-0.05132032
0.04946187
0.06989388
0.11018112
-0.05270413
-0.04918427
-0.05634084
-0.00752077
0.09057886
0.12495978
-0.02481848
-0.04460448
0.01347656
-0.12326103
0.00752457
0.03946544
-0.13963901
0.05478865
0.07527998
0.03745367
0.03434636
-0.04117637
0.08382662
-0.00719308
-0.02724558
0.05407514
0.01827769
-0.08089161
0.07206290
-0.00197269
-0.03035947
0.06006607
-0.02679290
-0.08561023
-0.07600527
0.01252702
-0.03929619
-0.05147380
0.01701412
0.00628870
0.04946533
-0.00258621
-0.04419024
-0.03565606
-0.03650786
-0.10568304
-0.03923031
-0.12236484
0.03608938
-0.01464549
0.07983872
0.05364935
0.06792875
-0.10811632
0.05966334
-0.09429990
0.04598245
0.03177471
-0.04148605
-0.04383504
0.14792658
-0.00487379
-0.09378562
-0.04692515
-0.06867762
-0.05436898
0.14547168
-0.07089816
-0.05327927
0.08882716
-0.09382890
-0.02846036
-0.15282516
0.06451614
-0.02852532
-0.10798246
-0.03650786
-0.01233316
-0.09589005
-0.01569048
0.03568413
-0.02733030
-0.01172196
0.00318926
0.01182549
0.03354552
0.06562632
0.18434034
0.02702515
0.06976388
-0.07687586
0.15470663
-0.09654052
0.09469178
-0.18555528
-0.02734029
-0.04718877
-0.12530281
-0.13850516
-0.05842668
0.05555006
-0.05712733
0.08520832
0.05914060
-0.05044596
-0.04963727
-0.00000595
0.03492667
0.00540067
0.09225613
-0.02342995
0.00611540
0.04247320
0.04902308
-0.01267493
-0.07319927
0.04910989
-0.00689844
-0.03296066
-0.07916070
-0.11290537
-0.04472797
-0.07817081
0.09099796
-0.01275900
-0.02169543
0.00788390
0.20141321
-0.00462184
0.08961718
0.01819798
0.14451262
-0.07153849
0.07470468
-0.04927327
-0.07037571
0.15625457
0.16985083
0.05632246
0.04021154
-0.11487376
0.04621819
-0.08364128
-0.01120323
-0.00398799
-0.07267307
0.10041461
-0.14095195
-0.11360349
-0.02795078
0.01325942
0.05855604
-0.13419892
-0.14463185
-0.01576773
0.04905057
0.04032165
-0.00054587
-0.04379060
0.01292400
0.18408965
0.03846556
0.05836641
-0.01936807
-0.13514268
0.04634701
-0.11279067
-0.03731942
-0.00822347
-0.04029821
-0.02654236
0.02553133
0.03130069
-0.02387389
0.05726138
-0.16251341
-0.04495722
-0.01640398
0.02496693
-0.02016521
-0.01299953
0.09122004
0.04682523
0.04690765
0.04920130
0.04615767
-0.07530313
-0.06633576
0.07896948
-0.08813792
0.00096545
-0.14593668
-0.01447864
-0.11260592
0.11020546
-0.01378692
-0.04909069
0.08719940
-0.06680020
0.00209227
-0.08965185
0.09400780
-0.07934300
-0.06183745
0.11380114
0.04650732
0.00312383
-0.13195415
-0.00480195
0.07325166
0.05407613
-0.04380131
-0.07095613
-0.05178658
-0.02163163
0.10684174
-0.04236954
0.10297941
-0.03778119
0.13851726
-0.10929306
-0.06280729
0.01485062
0.03487425
-0.02975960
0.02396487
-0.09290233
-0.08493152
-0.02010133
-0.06517829
-0.04304481
0.15198371
-0.13455690
-0.06444934
-0.00058915
-0.06506952
0.05311379
0.10213163
-0.05339825
0.02438345
0.06068517
0.01506856
-0.03562944
-0.08930685
-0.05889417
-0.09663709
0.02164543
-0.01478152
0.01322627
-0.11138810
-0.05311282
0.14128247
0.05869845
-0.09145564
0.02847740
0.03945928
-0.09961691
0.03712065
0.15595964
0.03928148
-0.16267437
-0.08533897
-0.09290470
-0.00826870
0.07651536
-0.03426371
0.03349815
0.11273973
0.01605172
0.08017670
0.01004420
0.03850888
-0.08107914
-0.03621103
-0.07497835
-0.11032133
0.12442415
-0.00987726
-0.08442418
0.01177903
0.02416173
-0.06104966
0.00945373
-0.00222617
-0.07362282
-0.03701906
-0.01852552
-0.02969954
0.04134661
-0.11905138
-0.00288684
-0.10476208
0.06038483
0.01361378
-0.17654486
-0.02527141
0.06289309
0.05803821
0.02022135
0.08302853
-0.03523504
0.04130545
0.07320774
0.00066944
0.12158962
-0.05899885
0.02548682
-0.01741197
0.08659172
0.05701252
0.02669277
-0.01130381
-0.05105002
0.10571843
-0.03640154
0.03543890
-0.07414787
-0.11755066
-0.01643460
0.10275052
0.03724565
-0.03997289
-0.04943307
0.02277700
0.00250392
-0.02191473
0.03549747
0.01339105
0.10486944
-0.03420674
-0.08732667
-0.02934510
-0.11751866
0.06494039
0.03865045
0.13610643
0.04609673
-0.02396572
-0.11261545
0.04063996
0.09808097
-0.01442196
0.08472272
-0.07716103
-0.09486683
-0.04828299
0.06551481
0.09732534
0.06540786
-0.09831171
0.11298665
-0.05863871
0.10266912
0.04653922
0.05325882
0.02693581
-0.00475682
0.10545773
0.01645111
0.06500262
-0.02074518
-0.09045912
0.07610872
0.03899313
0.09353284
-0.04399617
-0.11398960
0.02243267
-0.11694378
-0.05322403
-0.08108931
-0.01782630
-0.04648786
0.02268365
0.07712203
-0.06215629
0.02873585
-0.17288117
-0.05992245
0.11379733
-0.07743396
0.01779377
-0.03165013
-0.00412969
0.10625423
-0.08822440
-0.14726424
-0.00927661
0.06291907
0.07061979
-0.03023273
0.01792787
-0.00031762
0.04500217
0.09480135
0.13497666
0.05297403
0.02751163
-0.03489893
0.05359032
0.02043726
-0.00994459
-0.01971065
0.11948411
0.00445118
0.01391394
-0.10926829
0.10522211
-0.10308664
0.04386077
0.04822597
-0.05514640
0.04740168
-0.03691474
0.09088109
0.12404704
0.00531972
0.13209169
0.00262971
0.15983760
-0.05586790
0.07985110
-0.06660979
0.05304782
0.10098473
0.10181177
-0.00218678
-0.02115865
-0.07095720
0.06183828
0.03917740
0.00039351
0.00094386
0.11679658
0.06923445
-0.02272781
0.02694584
0.06606903
-0.00197960
-0.05904005
0.11157788
-0.02207053
-0.01814288
0.10453033
0.05554200
-0.08456703
0.02650045
0.01471750
-0.01200638
0.06797220
0.08989565
-0.02790671
0.09201336
-0.06025878
0.04610710
0.08762388
-0.03593984
-0.02081132
0.04929400
0.03668069
0.04443136
0.03099493
0.00033944
0.02671270
0.01838884
-0.06372346
0.01516878
0.03616133
0.04348319
0.03084847
0.09812167
0.10095570
0.07101002
0.05074579
0.05266479
-0.05145337
-0.06228216
-0.03921035
-0.06135591
-0.01405429
0.10003385
-0.06868415
0.06957785
0.08316031
0.00633597
-0.04140043
0.01884805
-0.06334201
-0.02075361
-0.01577864
-0.07897356
0.04188840
-0.02443107
-0.02545840
-0.04900663
-0.05504139
-0.03242234
0.07270429
-0.03159787
-0.05452187
0.08539781
-0.00426175
0.05877079
0.01560432
-0.07016444
0.06969928
0.05114226
0.02583105
-0.07102890
-0.11514942
-0.04009637
-0.02442235
-0.02100332
0.14952922
-0.01602847
-0.08801723
0.11071670
-0.07565124
0.04416059
-0.04689329
0.07210558
-0.07397389
-0.13764746
0.04017359
0.02229421
-0.01085903
-0.02066798
0.06867075
-0.09178542
-0.04213955
0.03317298
-0.12061130
-0.05016748
-0.04848874
-0.05779642
0.04347596
0.13679795
-0.11210825
-0.09146655
-0.11104641
0.04072997
0.03732801
0.14087602
0.06062216
-0.06100701
0.04593241
0.01313716
0.00599560
0.06579471
-0.12689582
-0.02232244
-0.01984706
0.01061083
0.00582853
-0.05345068
0.04553904
-0.10429980
0.01739531
-0.00540901
-0.03210887
0.06969532
0.12206455
0.08803579
-0.04632791
0.05866436
0.11538224
-0.03642401
0.02625879
0.05411021
0.08912817
0.05283140
-0.06129596
-0.01181501
-0.01921317
0.01281622
0.03525934
0.00356953
0.12851143
-0.04924034
-0.05103418
0.00159781
-0.05545948
-0.11193531
-0.07186946
0.07057491
-0.13060509
0.08285769
-0.14689049
-0.12525135
0.03945843
0.07824680
0.08147640
-0.02209364
-0.11184015
-0.04647250
-0.20001587
-0.05658834
0.09619632
0.04912021
-0.03299602
-0.02328803
-0.09708630
0.11570652
-0.09698506
0.07088992
-0.09879119
0.07745764
0.00701151
0.01019807
-0.07028730
0.09188148
-0.01536248
0.08410216
0.04286569
0.07940762
0.02895077
-0.06029249
0.09469059
0.06459287
-0.02621686
-0.09155180
-0.05663646
-0.04570691
-0.10457496
0.00319786
0.08249919
-0.19641648
-0.03147081
0.16265035
0.16803952
-0.16186033
0.10939017
-0.10702089
0.15268379
-0.00597695
0.00723913
0.08808198
0.00597358
-0.09448318
0.10897949
0.00578495
-0.04567203
-0.08449438
0.05766617
-0.05080947
0.11752055
-0.04331587
0.01832486
0.00223499
0.02382421
0.04411737
-0.01243804
0.03835324
-0.12291275
-0.05080342
-0.02607559
-0.04260938
-0.04465623
0.08935131
0.02591435
-0.04026743
-0.04498383
0.03370328
-0.09062220
-0.08584576
-0.02635033
-0.01854164
-0.01908480
0.03466640
-0.09792684
0.06912769
0.04985991
-0.04193969
0.13078831
0.03548072
-0.09950232
0.06146712
0.01872261
-0.09791990
0.06020885
-0.07075533
-0.10045180
-0.10514597
0.01046468
-0.03422681
0.07003659
0.03134296
-0.01257240
0.07140556
-0.06894092
-0.05338253
-0.10532907
0.06684947
0.04738019
0.01027065
-0.06165569
0.07421657
-0.00190708
-0.09219952
-0.03119319
0.02460791
0.10550623
0.06402550
0.02717168
0.00002215
0.10905528
0.05787936
0.06689510
0.12467646
-0.05444090
-0.05585293
0.05831315
0.10645955
0.00157119
-0.08221715
0.03964319
-0.09621149
0.05549343
0.03658724
0.08001369
-0.01244983
-0.01613438
-0.00710824
0.03431417
0.08180667
0.04685032
-0.12895247
-0.09763385
0.09100433
-0.08696756
-0.11034843
-0.01005988
-0.07486854
0.04305404
-0.01286633
-0.14180951
0.06053137
-0.03991472
0.00209262
-0.04370852
0.00983736
-0.01186115
-0.03737243
0.17191811
0.10275175
-0.10467859
-0.06196219
-0.01215735
0.05469799
0.02375104
-0.09472342
0.16994934
0.01744540
0.04465658
0.03445814
-0.09290101
0.07513988
0.11745407
0.06152416
-0.00989662
-0.00443005
0.06752569
0.03713657
-0.01572398
-0.07427067
-0.00468508
-0.08719751
-0.17136925
0.03104143
0.00739632
0.09602288
0.10225247
0.03897000
0.09577776
-0.03556564
-0.05399652
-0.07339500
0.07968152
0.02016310
-0.10253578
0.01172182
-0.06393176
-0.08241346
0.11908774
0.16594644
-0.03262446
-0.06675930
0.05309833
0.00459344
-0.02261074
0.03302352
-0.11099847
-0.07719998
-0.00776740
-0.00765806
-0.03005327
0.05616836
-0.10856766
0.04277711
-0.00107628
-0.17213313
-0.14591752
0.03578530
0.01243471
0.00122625
0.05910908
-0.05293534
-0.13211277
-0.02402818
0.09549907
0.06850809
-0.01208082
0.05675521
-0.00548995
-0.11040527
-0.03897246
0.07118522
0.15592149
-0.14398126
-0.06460004
0.00352171
0.12387912
0.08599131
0.03452354
0.01268231
0.04586390
-0.09793113
0.07812510
0.02062866
0.06189431
0.04814676
0.05706979
-0.10794503
-0.04360329
0.02571968
-0.01232028
0.04517997
-0.05050781
-0.10959899
-0.00180916
-0.06844638
-0.04625040
0.12055082
-0.11871281
0.01016127
0.09933722
-0.08209968
0.00095839
-0.05734201
-0.01308788
0.07905889
-0.02483378
0.08923151
-0.02771026
0.00844676
0.09193645
-0.07196023
0.02593819
0.05651636
-0.03221374
0.03616644
-0.06743797
-0.02525874
-0.07841416
-0.03454820
0.00161335
-0.11988597
-0.00247741
-0.04503941
-0.11114629
-0.07299767
-0.03373753
-0.02204130
0.08199371
-0.05067119
-0.08143249
-0.06269171
0.01203689
-0.10196422
-0.03760037
0.05634379
-0.01456704
-0.01342019
0.02476877
-0.05375532
-0.00063398
0.15379590
-0.01315571
0.14448223
0.04382731
-0.08849026
0.01875370
0.00268399
-0.12961088
-0.00776483
0.01324929
0.09718400
0.04631307
0.02090853
0.07933877
0.07418859
-0.01761468
-0.08507253
0.08581124
0.05928729
0.00771094
-0.03426323
-0.06261215
-0.05028402
0.06482618
0.01096504
0.13375238
-0.00020835
-0.06069267
0.02107679
-0.13738744
-0.07163054
0.04953177
-0.06683782
-0.08455231
0.02296941
0.13245592
-0.12402197
0.11353824
-0.05295773
-0.08077410
0.07675987
0.02879890
-0.02311571
0.00230728
-0.11866444
0.03817748
0.14584896
0.14917818
-0.02877802
-0.00341469
0.12017180
0.01079571
-0.08460970
0.05775085
-0.09073396
-0.02979638
-0.02794715
0.01276077
-0.05991358
0.17528349
0.08293235
0.06027503
0.02128324
0.13402390
-0.00402395
0.04100392
-0.01568935
-0.06260629
0.00139096
-0.01391472
0.01085926
0.08663266
-0.03592569
-0.10761856
0.03704767
-0.04154969
0.07257065
0.03875886
-0.03501879
0.09900341
-0.03226871
-0.04923676
0.06549140
0.08950190
-0.05786706
0.00990264
-0.11226676
-0.09147905
0.06173415
-0.05289510
-0.11494444
-0.03915450
0.01504202
-0.10319711
0.04907083
-0.05390840
0.05250827
-0.07858885
-0.00764844
-0.11666512
-0.04439133
0.05310680
-0.07984915
0.08131749
0.07982488
0.06419799
-0.05290252
-0.01260906
0.05724669
-0.10699325
0.11232670
0.09866048
-0.03930056
0.09013306
0.05371044
-0.04705366
0.06772953
-0.09263676
0.03875653
0.07011979
-0.08511547
-0.06345864
-0.01441649
0.03657731
-0.04371615
0.03025727
0.01361840
0.12678775
-0.01948276
-0.03578842
-0.12280208
0.03695641
-0.02060219
-0.05270389
0.06142228
-0.00858314
0.02293736
0.08834128
-0.10921056
0.02366597
-0.03543453
0.12565582
-0.04768357
-0.01894519
-0.08932967
-0.13869040
0.07924599
0.04231717
-0.02937707
-0.22922383
0.02674389
-0.04336572
-0.10236971
0.11330600
-0.01194946
0.02568118
-0.04031493
-0.00276879
0.01864540
0.09565818
-0.07054663
-0.10024954
-0.04475658
0.04352336
-0.03434275
0.11728393
0.06119846
0.04548986
-0.03810066
-0.07765967
0.03696214
0.02675305
-0.00464336
-0.02926305
0.05260802
0.03682615
0.00231793
-0.02234386
0.12311421
0.00535420
-0.11048880
-0.03493958
0.05916851
0.03016221
-0.09203843
-0.02380554
0.04411257
0.03602060
-0.01127026
-0.02109365
0.05605207
-0.07627404
-0.03579270
-0.00043355
-0.01883489
0.01182541
0.05247865
0.12103190
0.12449355
0.04922742
-0.09916218
-0.00795157
-0.06657846
-0.10550206
0.07459101
0.19992305
-0.03208793
0.16549574
-0.03341725
0.12562913
0.02684312
0.07562429
0.08123147
-0.07747723
0.04540629
0.05210593
-0.04587391
0.01827504
0.15870136
-0.10677336
0.00649750
-0.05426688
0.05882885
-0.07680346
-0.03013689
-0.04468560
-0.13706589
-0.06609689
-0.09325291
-0.06236896
0.06132605
0.00544261
0.01057548
0.05575377
0.05636319
0.01580684
-0.01196790
-0.00722084
-0.06184251
0.02463268
-0.11529278
0.04817899
0.00931711
-0.00320070
0.04406707
-0.03921143
-0.03758823
0.15303056
0.04994587
0.07852879
-0.04330509
-0.10901396
-0.09300572
0.05810021
-0.11510719
-0.03395264
-0.02961192
0.05564659
-0.05299528
0.02030130
0.04029443
-0.02414395
-0.03183517
-0.03109732
-0.11791731
-0.15060741
0.03206486
-0.07406875
0.05159980
0.00692170
0.06738376
0.04949084
0.07393599
0.06190993
0.10578120
0.01432302
0.08544795
0.10268006
0.07221048
-0.08383906
-0.06440947
0.03605016
-0.11531980
0.09546679
0.01726389
-0.11090311
0.10910878
-0.02573023
-0.00714068
-0.06693681
0.00129374
0.10948538
-0.05515606
0.04149254
-0.00829029
0.03150564
-0.05651021
-0.07368578
-0.05068370
-0.06495766
-0.06175275
0.00050470
0.09312006
-0.01983151
-0.03014510
0.00881234
0.02769175
0.03189356
-0.06205908
-0.02697863
0.02248627
0.03399154
0.02526276
0.04872791
0.04908283
-0.04591972
0.07416088
0.05733927
0.03513338
0.01499982
-0.03750357
-0.04249252
0.01956353
-0.00763112
0.05681322
0.01002891
-0.04867987
0.09529524
-0.04623995
-0.06190056
0.13788874
0.02113460
0.03010202
0.05709569
0.01392507
0.06435589
-0.04788486
0.05932224
-0.02004069
0.09617721
0.14061329
0.03061261
0.01171120
0.17084208
-0.00389391
-0.02148733
0.15091568
0.05912102
0.08942827
0.06753042
0.02776404
-0.13841210
0.00870972
0.00523355
0.10765859
0.03198929
-0.09591597
0.03262649
0.06404777
-0.12214300
0.07570909
0.05146869
0.02827716
-0.13178831
-0.03464258
-0.01353885
0.01519595
-0.12212264
-0.09280214
0.06432576
0.07597052
-0.03167132
0.06257638
-0.09715247
-0.04899537
-0.07743990
0.05518684
-0.00201005
-0.09418387
-0.09351713
0.00430007
-0.10189827
-0.08226192
0.03893974
0.11608037
-0.01269316
0.10151403
0.06122937
-0.04722344
0.02003059
0.00064106
-0.06678841
-0.06763656
-0.14691322
0.06675268
0.11312398
-0.14534076
-0.09759721
0.12141709
0.06808860
-0.00248805
0.04517283
-0.05092770
0.04453194
-0.09376374
0.10487247
0.00707621
0.17249398
-0.09958262
-0.08755363
-0.05296433
-0.03080544
0.10904593
0.17981742
0.08771043
0.04460243
-0.04388551
-0.02546917
-0.00860603
0.03046762
0.00765995
-0.12319908
0.05265947
0.11045893
0.03805096
-0.04291227
-0.06362979
-0.12853517
-0.01358568
0.00718122
-0.05243484
0.02781147
0.04638027
0.13976011
0.06870716
0.01743502
0.12327490
0.01843581
0.01891491
-0.00549535
0.09991737
-0.02032103
-0.11281285
-0.03523685
-0.01288747
-0.05695092
0.01247432
0.13203247
-0.06344447
0.02518958
0.03945716
-0.00477177
-0.10367843
0.06269615
0.03648086
-0.05027153
-0.09905738
0.09406265
0.10035437
-0.05412800
0.05560003
-0.07485534
0.00521854
0.10380460
-0.00734548
0.04542502
-0.05640278
-0.01277748
-0.00428334
0.05074701
-0.16312346
0.02963056
0.00673319
-0.21156630
-0.04061684
-0.11212685
0.11395261
0.02052592
-0.05986318
0.01848027
0.14132506
0.17660643
0.16805522
-0.19295259
-0.00800462
0.11725151
0.07895869
0.03856869
0.03517133
-0.00829465
0.21521531
0.05945015
-0.02558310
0.05178013
-0.02779835
0.04981372
-0.01879340
-0.08038928
0.06279305
0.04881437
0.12393978
-0.09206147
-0.00913263
0.02116078
-0.01057328
-0.04017114
0.04929592
-0.11044206
-0.08032289
-0.09537593
0.06617974
-0.08005829
0.06101973
0.08774765
-0.04664712
0.05088447
0.05303602
-0.10635188
-0.00762881
0.01414026
-0.08104757
-0.11919411
0.15000392
0.01582395
0.04378682
0.03414656
0.01995269
0.04249030
0.07400407
0.08277057
-0.01779782
-0.12084053
0.16182464
0.01254867
0.15132585
0.12569658
-0.07401089
0.06404622
0.14811860
-0.01855559
-0.08659050
0.01180613
0.16427866
-0.03612771
0.02444117
0.13962503
-0.02614894
-0.21233572
-0.05728948
-0.05277108
0.00275201
0.02709419
0.02599706
0.02020745
-0.02036440
-0.17125298
-0.08009744
-0.04346937
-0.12761663
0.01594676
-0.05798646
0.07580597
-0.04513161
0.11724804
-0.03324351
-0.08209877
-0.07089572
-0.02925511
-0.03467153
0.04702809
-0.13607484
-0.05041965
-0.00883968
0.03616831
0.14855352
-0.05886171
0.02491616
-0.03236901
0.11520310
0.11148956
0.06468783
-0.00809898
-0.00688311
-0.05526722
0.09238995
0.10974891
0.01582909
-0.00834042
0.04333641
0.07673258
0.01093214
0.03362364
0.02934912
0.00504158
-0.04039172
0.08658998
-0.06040558
-0.09833945
0.02524228
0.05771601
0.05555516
-0.00672442
-0.14855529
0.02526200
0.08087211
-0.03616736
0.00818542
-0.06793320
0.00661471
-0.06735913
0.05641738
-0.06977108
0.05502075
0.06355301
-0.08090786
0.07041278
0.09912392
-0.05064659
0.08158429
-0.03761035
0.07478125
-0.00923385
-0.02297188
-0.04028741
-0.04696387
-0.00214969
-0.03566739
-0.00844726
-0.05006757
0.00772232
0.07716974
0.07041641
0.00192626
0.03737882
-0.04938137
-0.03816230
0.06051795
0.08062360
0.02531543
-0.03649718
0.02244286
-0.11395311
-0.01335705
-0.11880139
-0.05420614
-0.04091227
0.04466657
-0.08536172
0.03044271
-0.03077708
0.03986359
0.02669777
0.05128729
-0.01629170
-0.00027878
-0.07968363
-0.05923799
0.00790611
-0.08878934
0.01786834
-0.08390877
-0.00770402
-0.03263378
-0.01710364
0.05751157
-0.10549404
-0.04382156
0.01801079
-0.03840224
0.02943441
-0.00937011
-0.01971435
0.00290376
0.00474764
-0.06932264
-0.04471550
0.02511151
0.05680470
0.02671595
-0.07284842
0.01857994
0.06723350
0.09565303
-0.05372969
-0.02692214
0.02732765
-0.02984561
0.04005827
-0.02971896
0.04612529
-0.05637058
-0.04267423
-0.00556898
-0.02424809
0.03225642
-0.06906863
0.02424091
0.02797141
0.08253292
-0.00241811
-0.11997668
0.03281072
0.05385929
-0.00155376
-0.06645172
0.05447109
0.00365265
-0.00590586
0.05713051
0.02333811
0.07230730
-0.10852356
-0.04334527
0.09763501
0.01287967
0.07391568
-0.05962228
0.03633035
0.01239386
-0.02799625
0.03090224
-0.07217537
-0.06126430
-0.10738497
-0.12064467
-0.14266418
0.05853312
0.05788994
-0.00874022
0.01685716
-0.08701038
-0.01142044
-0.06033749
-0.20800906
-0.07846085
0.08766699
-0.10290837
-0.30215335
-0.14362189
0.01074384
0.08357415
-0.03600908
-0.11565734
-0.10334855
-0.04360843
-0.24545881
0.10826148
0.19057149
0.15568198
-0.11564849
0.06723791
0.08668631
0.27844101
-0.09239351
-0.08033598
-0.22844212
-0.04467015
-0.01363166
0.01924120
0.17374636
0.04777277
-0.08338016
-0.17751381
0.02118134
-0.06989995
0.06663761
0.12318071
0.20711221
0.05273739
0.00952878
-0.13136005
-0.15927199
-0.12326653
0.07841685
0.19136514
-0.06019106
0.03965442
0.16222951
-0.12457181
0.00494274
0.00174723
0.09114189
0.13078786
0.01433016
0.04793194
-0.05635558
0.03856662
0.05148877
0.00623261
-0.03058790
0.04664209
-0.01513762
-0.08363207
0.01370479
-0.06607818
-0.03850802
0.02621378
0.00506250
-0.09105849
-0.09768070
0.00594370
0.03601722
-0.09690978
-0.06659831
0.04312341
0.14710931
-0.02492800
-0.07237919
-0.05904911
0.08537186
0.08009491
0.11525738
0.01971925
0.08127186
-0.09191214
-0.00777688
-0.03397188
-0.05228417
-0.06762274
-0.07318132
0.07018820
-0.08604432
-0.09043460
0.02389241
0.05827527
-0.17931323
0.08374839
0.07317632
0.04277388
-0.05454009
-0.17362529
-0.11520677
0.01574610
0.12958828
-0.02392325
-0.03872698
0.02088682
-0.13143116
-0.01940760
0.04237031
-0.15437274
-0.00549572
0.09173007
-0.05447842
0.09696531
0.05104946
-0.01588442
0.02945845
0.02043730
-0.04723541
-0.12615868
-0.05482949
-0.03702014
-0.12450001
-0.06019298
0.14096656
0.02874129
-0.07965232
0.08703583
-0.08226433
-0.10966465
0.05089391
0.02605059
0.10031059
0.06621653
0.15601249
-0.00765148
-0.05461178
-0.09300803
-0.07036228
0.00691108
0.02850628
-0.08105039
0.05848394
-0.06045172
-0.18869972
-0.09452984
0.08846435
-0.10109775
-0.06679397
0.04512337
-0.15203379
-0.08690573
0.12660879
0.00031118
0.05349660
-0.06406948
-0.00931464
-0.12878890
-0.08226924
-0.02535851
-0.00351937
-0.04533180
-0.11635488
0.11160357
0.00151675
0.05060308
0.00287654
0.00111710
0.05218184
0.04690146
-0.05543520
0.00070414
-0.02043170
0.01961208
0.10499095
-0.06228801
-0.00305671
0.00874832
-0.02972960
0.08276923
0.00348333
-0.05235319
-0.05197874
-0.05897781
-0.07631691
-0.07506744
0.08813398
-0.09353720
0.06250017
-0.05453512
0.02463215
0.13631479
-0.03715588
-0.05832595
0.06332999
0.07848926
0.08750861
-0.02915900
-0.07730884
-0.01139895
0.11402717
-0.08928207
0.03722488
0.05240683
0.09478872
-0.03563947
0.00107189
0.07800834
-0.05372159
-0.09188294
0.07885803
0.04732164
0.04818655
0.12790442
0.09633521
-0.10893179
-0.00143849
-0.05361552
0.04241320
-0.11486458
0.03442162
0.00805693
0.02473682
-0.03623262
0.03296008
-0.03237386
-0.09605106
0.01779531
0.06495939
-0.00655326
0.02892085
-0.07316758
-0.02165018
0.01090513
0.08000169
0.03087984
0.00644138
-0.09279597
0.00462127
-0.11142442
0.03046541
-0.03167069
0.03918902
0.10655375
0.02836820
-0.09477911
-0.00109980
-0.03941402
0.15025245
-0.01782180
0.06975679
-0.04273632
0.05076630
0.01697918
0.02054837
0.01625920
0.00624945
0.15544438
0.00773687
0.12358613
0.04404962
-0.04019575
-0.15748620
-0.04625656
0.05475978
0.00590698
-0.16359222
-0.01691704
-0.06502337
-0.00959273
-0.14574349
0.01609318
0.03917040
-0.08305841
0.09644509
0.04232214
-0.14381269
0.04199732
0.00115891
-0.06630443
-0.08219942
0.13997750
-0.11204004
0.02903177
0.02385745
-0.09566846
0.01274092
0.07219134
-0.04449239
0.02473474
0.00613806
0.11263514
-0.00211839
-0.01017303
-0.13908792
-0.02661481
-0.01135669
-0.03672610
-0.01432197
-0.10029534
0.04726699
-0.08078466
0.06250662
0.01668164
0.11020987
0.02099053
-0.03208366
0.04670417
-0.03493644
-0.07552090
-0.07582838
0.03001057
0.03940537
0.08650289
0.02973597
0.09956613
-0.06615794
0.00559030
-0.06218858
-0.02129336
-0.05185413
-0.00001705
-0.03264055
0.06880160
0.05656127
-0.06321177
0.08335438
-0.02851844
-0.01324069
0.00464541
0.00109208
0.04101767
-0.10684638
0.06107778
0.04548592
0.09863082
-0.05631778
-0.02882801
0.06171501
0.00053495
0.04229727
-0.04957862
-0.05160839
0.13175125
0.02456151
-0.01770365
0.03754850
-0.05224732
-0.07194515
-0.02783764
-0.07082061
0.04665288
-0.04912879
-0.01931100
0.06051567
0.07193434
0.10300443
0.03199486
0.01800846
0.06554595
0.09385799
-0.03717234
0.05608259
-0.03498329
-0.00290180
-0.04399031
0.06338404
-0.09389547
0.09267320
0.04974104
0.03795365
0.06237387
0.04533819
0.07626523
-0.04305867
0.11370994
-0.03562079
-0.07535325
-0.07716705
0.03909066
-0.06668471
0.04364403
0.08926651
0.04086488
0.02136388
-0.06883932
-0.07823455
-0.13318114
-0.06150334
0.05886709
-0.04521128
0.03222778
-0.02649985
-0.01842399
0.11809253
-0.04474846
-0.16165474
-0.07904222
0.09337804
-0.06385286
0.01875728
0.02929660
0.10436546
0.03338535
0.15175222
-0.02365989
-0.00132161
0.05790005
-0.01746082
0.09320895
0.03444111
-0.02654278
0.02498976
0.09142399
-0.14727195
0.00910915
0.13892296
-0.09273129
-0.02325812
-0.03585726
-0.02399156
0.09420542
0.12873405
-0.05076979
-0.03698806
-0.10374627
0.08730267
0.03010039
-0.06912556
-0.03700225
-0.06258549
0.02919261
0.02907572
-0.05387095
0.11681673
-0.03244989
0.11879206
0.07169345
-0.10145494
0.07768712
0.00103119
-0.05616936
-0.09131982
0.03114034
-0.03094672
0.07218105
-0.00744937
0.08996104
-0.08159674
-0.01965598
-0.05934025
0.07554191
0.00137089
-0.04948980
0.08526707
0.10680026
-0.05079047
-0.10300632
-0.00048462
-0.05491983
-0.04495503
-0.07016618
-0.03727945
0.06387530
-0.00980360
0.00295950
0.03413716
0.00282104
-0.01694958
0.04541867
-0.05146503
0.09342178
0.10689898
0.05910063
0.01453508
0.08388138
-0.00075432
-0.08581131
-0.11713810
0.00917532
0.05890082
-0.00228760
-0.04571579
0.01682246
-0.11882339
-0.05984789
-0.05787348
0.08196529
0.05964435
0.03729960
-0.04374034
-0.09163785
-0.06462568
-0.06848555
-0.07028060
-0.12471282
-0.06154413
0.13268812
0.01177578
-0.04489636
0.10619690
-0.03331495
-0.07569164
-0.04320630
0.03110044
-0.06218674
-0.08434488
-0.01699307
0.21247701
-0.08282124
-0.04300942
0.20401584
0.10243756
-0.04152731
-0.06906381
-0.04695155
-0.02101837
0.12010705
0.15882246
-0.09516117
0.03657375
-0.07726611
-0.09130570
-0.00875946
0.02075104
0.00584006
0.14240076
0.04147198
0.01844373
-0.09347050
0.09076198
-0.07597508
-0.08835167
0.01509495
-0.08762676
0.00773258
0.07029416
0.08617483
0.03059905
-0.13390143
0.13931391
-0.08745372
-0.07800903
-0.01580698
0.09593080
-0.01352634
0.02290137
0.13330314
0.07221936
0.05401298
0.06823607
0.03385226
-0.03226097
0.04671678
0.08965046
-0.03049118
0.08089767
0.08840156
-0.10571107
0.04889904
0.08014885
0.16260791
-0.05945038
0.01965093
0.06372315
-0.07089595
0.13803832
-0.09709128
-0.16829132
0.01499041
0.01584638
0.06377260
0.14431217
-0.00443665
-0.06725533
0.05636748
-0.11460865
0.02083461
-0.03015239
0.02860575
0.16026002
0.03053258
0.07970570
0.04952985
-0.04945742
-0.00826350
0.14466092
0.04867361
-0.02625508
-0.06871121
-0.04286088
0.04978981
-0.05396248
0.03327385
0.04527153
-0.03206821
-0.00098362
0.05282336
-0.18422863
0.05237899
0.03878076
0.13456397
-0.01871206
-0.00605758
0.10841425
0.08309464
0.00866056
-0.14204077
-0.09021594
-0.10611665
-0.03715929
0.16229603
-0.08068415
0.00940278
-0.03011884
0.00129104
-0.03226787
-0.09822924
0.10858900
-0.05305779
-0.05725551
-0.03097467
-0.12404663
0.07051855
-0.00559151
0.21106844
-0.06901959
-0.07992890
0.07849260
-0.03254749
-0.06404345
0.02456085
-0.02886729
-0.09354906
-0.06255570
-0.02271265
0.05283360
0.07928880
-0.09747801
0.13873442
0.07132120
-0.04782633
0.01838318
-0.16343473
0.19195957
0.03343658
0.07635958
-0.00383067
0.04241347
-0.03704033
0.03685692
-0.02726239
0.02638070
-0.21073434
0.04780746
-0.00310909
-0.01433028
0.08868425
-0.02785945
-0.09595479
0.14856431
0.00738642
-0.15189882
-0.08635630
0.03990737
0.17906667
0.03848960
0.01247957
0.14272419
0.13827546
-0.07065026
-0.10551465
0.10270546
-0.18497010
-0.05417465
0.22017983
-0.01136348
-0.05950098
0.04537618
0.02444968
0.00551423
-0.06932966
-0.07559712
-0.04449593
0.02077184
-0.02294333
-0.02273391
-0.02004902
0.04292773
-0.01294410
0.09768485
0.07761870
-0.08250331
-0.07597492
-0.03918601
0.08844846
-0.05363634
-0.06626420
0.06432828
-0.05585931
0.04188007
-0.07099145
-0.06028349
-0.12062560
0.06025900
0.04579413
0.05737678
0.04222289
-0.08374874
-0.00067418
-0.09177107
-0.11230724
0.00712071
-0.09641583
-0.07163624
-0.04991528
0.02833591
-0.02639434
0.02084457
-0.02439175
-0.01662772
0.00802131
-0.08896974
0.09695276
-0.06987515
-0.03112866
-0.05626310
0.06285911
-0.06823244
-0.04925533
-0.01422925
0.01018935
0.01068901
0.00532869
0.09560734
0.01588543
-0.04021151
0.00649683
0.07922576
0.07175563
-0.04684522
-0.00413036
-0.01369954
0.10102169
-0.00297875
0.04822822
-0.02404813
-0.13075638
-0.04168051
-0.14634702
0.04574923
0.04621799
-0.02052281
-0.04878912
-0.05759838
0.01882970
0.06627055
-0.08648030
0.03182913
0.00592734
0.02721913
-0.07236342
0.16943406
-0.05950494
0.06729395
0.05024871
-0.06406577
0.09967735
-0.13919505
0.03757468
-0.08378646
0.08389850
-0.06286226
0.01990708
0.17412269
0.09486284
0.03580027
-0.03396302
-0.03743469
-0.09117839
0.13023771
-0.13463083
0.19238685
0.08181478
0.00127022
0.02983346
0.04835821
0.04368692
-0.00630699
-0.01074265
0.07690316
0.10604127
0.11388199
0.14531055
-0.05843023
-0.04074253
0.04459938
0.01481482
-0.02168821
-0.00029681
-0.07726541
-0.13143252
0.00998775
0.00092205
0.14231800
-0.00448438
0.04532424
0.15539910
0.00064696
0.04763034
0.13443601
0.05328206
0.06456470
0.00914905
-0.01765915
-0.02642319
-0.07801542
0.08495225
0.05957513
0.06501333
0.01398676
-0.05572707
0.03436147
0.13115862
0.14557703
0.08871622
-0.09071628
-0.04422521
0.03774306
-0.09087861
-0.00895551
-0.07229185
-0.10085795
-0.02602054
-0.06173493
-0.03650969
-0.14631809
0.08608259
0.03677486
-0.02586091
-0.05903749
-0.03996477
0.07119635
0.06110521
-0.00892161
0.03728867
0.01275743
-0.12062341
-0.05892747
-0.13134018
-0.04778975
-0.01343046
-0.05955431
-0.05600877
0.08757056
-0.13172472
-0.02432711
0.02675203
-0.06512769
0.01893238
0.11973658
0.04565197
0.01270069
-0.05080681
0.01604313
0.12125547
-0.00625029
-0.00386118
-0.10345974
0.14571887
0.09220392
0.03193897
0.02702202
0.03207393
0.08414706
0.10077215
-0.03845438
-0.07291731
-0.01621057
0.04043803
0.08014283
0.03465018
0.12727937
0.07783502
0.14378899
0.07610127
0.09491203
0.05995246
-0.09203271
0.01593040
0.04042971
-0.03468715
0.08022755
0.02609359
0.08189430
-0.01916094
0.00004158
-0.12779213
0.01635999
0.02054522
0.00753681
-0.00644024
-0.06936985
-0.07852627
-0.03746316
-0.02538043
0.00964630
0.06714618
-0.08413234
-0.12923314
0.10629673
-0.01816141
0.03051267
0.00758697
0.09624044
0.01326589
0.05619719
0.06217442
0.04000369
0.00220961
0.00905009
0.06395106
-0.06677964
-0.02487138
0.07147216
-0.01932833
-0.01417114
-0.02267685
0.19492657
0.05643262
0.08441202
-0.04134713
-0.07345291
0.11718760
0.05848081
-0.04497489
0.08701321
0.01683202
-0.05645496
-0.05119049
-0.06908571
0.09314156
-0.09025687
0.01659399
-0.03909405
0.10294119
-0.05684354
-0.00380669
-0.05574088
-0.06629691
0.05244517
-0.01181644
-0.02771827
-0.06478717
-0.15604538
0.01840113
0.03303786
0.01999931
0.03708422
-0.06641438
-0.10501848
-0.15971351
0.14434859
-0.00828378
0.14114536
-0.01652779
-0.10635719
-0.09406541
-0.03846111
-0.08653864
0.04486787
0.01783625
0.05717628
0.04309648
-0.14092661
-0.03614656
-0.15022527
-0.02586483
0.03123118
0.12944853
-0.05356859
0.05123959
-0.11358508
-0.05391522
-0.05774978
-0.03043554
-0.04377221
0.20684488
0.02773809
-0.08072209
-0.03931865
-0.03105860
-0.21077742
0.07367902
-0.03751434
0.06595310
0.10621960
0.07955211
-0.03703725
-0.06731848
-0.05024795
-0.10862559
0.07096405
-0.13277645
0.07448833
-0.14361376
0.00714705
0.04978952
-0.05307206
-0.05576019
-0.09904721
-0.01480763
0.09993577
-0.04464205
0.00424274
0.02795121
-0.06990983
0.10506232
0.13566387
-0.02504062
0.14211667
0.03665887
0.02225257
0.12923142
-0.05820572
0.03294497
0.02698019
-0.03014624
0.15362343
0.08607916
0.05242336
-0.02133272
-0.11116532
-0.07044400
-0.15929270
0.05676976
-0.01058108
0.07982899
0.09315187
0.09397156
-0.15927014
0.13800567
0.05901612
0.03567525
-0.10339818
0.02670197
-0.08001082
0.00241283
0.03273782
0.00969932
-0.08894805
-0.02589515
-0.09840673
-0.04305044
-0.08049934
-0.13550159
-0.24262436
0.02354107
0.06130069
0.10227775
0.04679962
0.02381356
-0.02059749
0.06756052
0.00462732
-0.08854817
0.09029818
-0.01161580
0.11104708
-0.05870155
0.09630605
0.06525372
0.02483879
0.00856168
0.06718297
-0.03924659
0.01535814
-0.10838807
0.02241921
0.02066014
0.02017860
0.08793223
0.09241685
0.05076063
-0.07661503
-0.09114861
0.02127905
-0.03786801
0.09989630
0.05095019
0.02792825
-0.01390210
-0.06091032
0.07215299
0.01188977
0.06950965
-0.00302670
-0.01879363
-0.00844266
0.02202669
-0.06306789
0.04419148
-0.10623159
-0.05936061
0.06257766
0.02753684
-0.05574987
0.05929657
-0.04534017
-0.02063678
0.07834855
-0.07154842
0.10235023
-0.14536017
-0.03379012
0.08649383
0.00713931
-0.12008541
-0.02931783
-0.08446857
-0.10510690
0.02679464
-0.05968635
-0.03582356
-0.04764773
0.06217493
0.02816059
-0.03630875
0.04878214
-0.02382502
0.05768691
-0.01222386
0.05964070
-0.14741896
0.02255632
0.06255713
-0.04098862
-0.04805095
0.06797358
-0.10601079
0.07816008
-0.02485161
0.03954466
0.03467804
-0.05723021
0.08630595
0.05977020
0.00270659
0.01164323
-0.09713896
0.11549845
0.00325187
0.04853858
-0.04595339
0.02010919
0.00497885
-0.02038351
-0.06511913
0.06737079
-0.08779333
0.05142462
0.01700199
-0.02848102
-0.05284959
0.13030995
0.02789497
0.13093115
-0.02276536
0.04708431
0.01323837
-0.05512396
0.08478262
0.00017257
0.10781424
-0.03664247
0.01884784
-0.10246463
-0.11372302
-0.05087051
-0.06156376
-0.08145268
-0.08981196
-0.01502691
0.00909331
0.03241330
0.05355299
0.07977062
0.04909853
0.10305408
0.07423871
-0.09493568
0.02169544
-0.06622527
-0.05609399
0.12529206
-0.00787594
-0.03865713
0.11947705
-0.00802116
-0.06963945
-0.07633055
-0.00665998
-0.01687760
0.01383572
0.01908528
0.04013165
0.07368022
-0.10294872
0.06751355
0.12119360
-0.04813390
-0.02678374
0.05404056
0.07604085
-0.05375176
0.04490527
-0.10293271
-0.04738123
0.00701946
0.14067286
0.09223772
0.04939550
0.15964821
0.01935231
-0.05350170
-0.00714538
-0.12380011
0.08566512
0.03416638
-0.03697128
0.06017412
0.00201320
-0.10869598
0.05225181
0.18935859
-0.01000720
-0.11980210
-0.01600203
-0.03037140
-0.12386478
0.08419055
0.10848041
-0.07610777
0.01476842
-0.00773252
-0.03330844
-0.06581912
-0.17157578
-0.17726818
0.08731204
-0.07616398
0.01869816
-0.09074388
-0.03830239
-0.11806007
0.20661186
-0.06410382
-0.11044253
0.15869933
-0.03668312
0.03349354
-0.05839628
0.03674699
-0.03047482
0.01787602
-0.11239778
0.06798915
0.06573884
-0.00820527
-0.00321011
-0.04969521
0.07776289
0.14776541
-0.11856658
0.01497365
0.04909046
0.07765126
0.01861582
-0.02685357
-0.17487139
-0.05557898
0.00594041
-0.12483937
-0.06356345
-0.05883414
-0.02882815
-0.11216670
-0.06689277
0.08780237
0.07864365
0.00722834
-0.02497067
0.03583150
0.18511453
0.02132304
0.02532391
-0.01745134
0.05218905
0.03783634
0.00711667
-0.10334873
-0.00690798
0.07133292
0.04973654
-0.12931210
0.01111533
-0.01210760
0.07387196
-0.02481111
-0.00272886
0.05641281
0.05027726
0.13568798
0.13223766
0.03126331
0.05163219
0.00474281
0.05322122
-0.11137586
0.05659028
0.07985878
-0.00655926
0.01932927
0.03749593
0.05245308
0.02339835
0.05209932
0.05102738
-0.06894965
0.04635383
0.18639787
-0.05585366
-0.06114526
-0.08088309
-0.11023837
-0.00525614
0.05391424
0.05682399
-0.01379738
0.07591023
-0.02929214
0.07167609
0.14651826
0.03504709
-0.07284983
0.08127803
-0.04217102
0.09582119
-0.04483774
-0.02302003
-0.15988268
-0.00072883
-0.15343802
-0.03167173
0.04241739
-0.02931318
-0.06759652
0.03679068
0.01044745
-0.00601180
-0.08775546
0.17876756
-0.15636064
0.15187801
-0.00606504
0.01529764
0.01882578
0.04623468
-0.08602090
-0.07075946
-0.02437635
0.08328795
-0.02560222
-0.06783491
0.17737982
0.00822278
0.06495432
-0.01160315
0.02567395
0.08969915
-0.04367788
-0.02560502
0.00852999
-0.09549291
0.06954771
0.06137005
0.05423724
-0.15330684
-0.03186115
-0.06958828
-0.01429060
0.03682694
-0.06150678
-0.02571164
-0.02649476
0.05658424
-0.00137481
0.00161719
0.08023024
0.08416342
0.05009922
0.06040140
0.05726160
-0.15948911
0.04603759
0.08885406
-0.01915215
0.02718368
-0.11733853
-0.05769891
-0.08611209
0.12717673
0.05058682
0.12215467
0.09966680
0.06093912
-0.00713549
-0.10598174
-0.09783330
0.03988670
0.00336432
-0.17034191
-0.02162868
0.11371082
0.06389172
-0.11821709
0.02396336
0.01193349
-0.13403642
0.04397047
0.08248608
0.04911830
-0.05981795
-0.12226778
0.07703006
-0.01299003
0.00168975
0.07784560
0.07026427
0.01834130
0.03456977
-0.05009022
-0.06290647
-0.03499087
0.04995578
0.14602846
-0.06803819
0.00236382
-0.02975839
0.05057717
0.18750572
0.01150460
0.02300783
-0.18941584
-0.14631467
0.02013701
-0.11806443
0.07183888
0.13217619
-0.09603235
-0.06625859
0.05666441
-0.02771797
0.09945162
0.12822464
0.15285295
-0.05912778
0.01833898
0.06619903
-0.03693011
0.01077819
0.12681173
-0.14129090
0.00722182
0.04615838
0.04521577
0.05516594
0.03251964
0.00766410
-0.08376708
-0.14504416
-0.10414959
-0.07686380
0.03328480
0.04722263
0.08140402
0.04264159
0.04008519
-0.07440760
-0.06594658
0.03889496
-0.01262609
-0.01955917
-0.06295608
-0.06382043
-0.19634549
0.01296203
-0.04070736
-0.02129774
0.03179099
-0.03171648
0.01085058
0.08500195
-0.00325680
-0.07815951
-0.00787277
0.02143357
0.03008302
0.11140227
0.01881891
0.05581625
-0.02857262
0.20121439
0.07296792
0.01191666
0.01271674
-0.13701949
-0.07808520
0.04213139
-0.14805259
0.08725218
-0.05207516
0.05482930
-0.03098766
0.09383304
0.00025544
-0.01621663
0.01091440
0.15487611
-0.17651066
-0.04741928
-0.11556108
-0.09311812
-0.08260952
0.04369540
-0.06618316
0.02579692
0.12718223
-0.04612316
-0.07162195
-0.16704689
0.01190771
-0.10461625
-0.00058391
-0.00126046
0.07042685
-0.06126864
0.01861773
-0.11196128
-0.02952522
0.07314762
-0.03044374
0.08367468
0.04010059
0.03913153
0.09921200
-0.02436988
0.00885474
-0.02929031
0.07505760
-0.12191258
0.16505356
-0.00373258
-0.01500139
-0.01404198
-0.10816384
-0.27443662
-0.03101243
0.04746435
-0.00702322
-0.08336601
0.02813260
0.01055023
0.08597694
0.00093172
0.06994671
-0.04485212
0.03945322
-0.03791184
-0.05907139
-0.00848184
0.04869726
-0.12050412
-0.05600114
-0.10067517
-0.03718250
-0.02419315
0.00533688
-0.06353323
-0.04281240
-0.05857698
0.09412988
-0.00099419
-0.07027995
0.02195064
-0.10029192
0.08267779
0.07279159
-0.06705507
0.03097667
0.05376185
-0.06377789
-0.03044841
-0.02425902
0.10168257
0.09273110
-0.03488423
-0.02824375
-0.04051414
-0.02096436
-0.03760120
0.05828154
0.08377360
-0.03141552
0.00976487
-0.10149640
-0.08386404
-0.03547458
0.15838614
0.01257672
0.01504223
-0.01125695
0.10339413
-0.04866973
0.10006110
-0.08228307
-0.00153690
-0.04594382
-0.00658512
-0.00281250
-0.01891358
-0.05015198
-0.09234609
-0.12018772
-0.02034759
0.07062590
0.07892524
0.00947837
0.03358386
-0.00158700
-0.01881269
0.03109628
0.06283250
0.06923951
0.07650187
-0.01118223
-0.06497382
-0.00063887
-0.05452736
-0.00030701
0.01360297
-0.09543198
-0.05961087
-0.02435382
0.01146568
-0.01160269
-0.08721413
-0.06647354
0.05412283
-0.03955130
0.06011710
0.06541225
-0.08919188
0.08725014
-0.06298558
0.06156949
0.04242665
0.09169956
0.04062906
0.07584856
-0.05496086
0.03316866
0.00946764
0.02300599
0.05491095
-0.04258491
-0.09088282
0.10060690
-0.04112855
0.07718621
-0.07544104
-0.03889067
-0.03696150
0.03606843
0.07944765
0.00429797
-0.01514566
-0.02121454
0.06559652
0.08540802
0.02711973
-0.08046486
0.01824077
-0.00990279
0.05167586
-0.01102926
0.10038409
0.02848321
-0.05319592
0.07103353
-0.03327303
0.04151164
-0.09329470
0.06157703
0.05577129
-0.00016415
-0.02256962
0.00385332
-0.05370596
0.00996180
0.14671193
-0.07307298
0.01497065
-0.03481308
-0.02626726
-0.08050456
-0.03799215
-0.00575544
0.10079869
-0.02181612
0.18567495
0.17048813
-0.00859553
0.12089262
-0.07584478
-0.05928377
0.00253032
0.01575289
0.01894216
0.10789362
0.02366151
0.03977298
-0.16455497
0.00959003
-0.05053684
0.04547696
0.02792600
-0.03242185
0.02824884
-0.11526496
-0.10232135
-0.07632086
-0.12647082
0.04346237
0.13707025
0.03130840
-0.04081954
-0.02094363
0.00915424
-0.10424374
-0.03699182
-0.08578750
0.06783656
0.00976665
-0.05721774
0.13159047
0.01642380
0.00874941
0.13852672
-0.06585448
-0.05173904
0.06312863
-0.01423579
0.04241162
0.04104915
0.02204086
-0.13153821
0.11627699
0.05981357
-0.03035256
-0.03123396
-0.10483426
-0.03536231
-0.06164521
0.09092274
-0.07310209
-0.11816487
-0.16192667
0.08628795
-0.04720642
-0.10401199
-0.08620932
-0.06359722
0.06921881
0.06518282
0.07236075
-0.04120350
0.11771917
0.01259008
0.01201629
0.12092958
-0.09452307
0.01041685
-0.06461056
-0.18661346
0.15067127
-0.19727340
0.12384631
0.04653668
-0.00434009
-0.12052130
0.05479047
-0.06021002
-0.11107973
-0.08436669
0.05677655
0.08685098
0.09802145
0.10316069
-0.05174950
-0.03073216
0.03717653
-0.00477936
-0.10683527
-0.10728543
-0.17414927
-0.14270727
-0.14516835
-0.01570259
0.05304511
-0.05000362
0.07938967
-0.00464617
0.06451625
0.07468285
0.13475193
-0.06991551
-0.18466581
-0.07143978
0.17005825
-0.03168286
0.11573703
0.09883204
-0.04214315
0.07444987
0.09436633
0.01604076
0.06902874
0.08107049
0.04245258
-0.02022840
-0.08074890
0.12923241
-0.00259858
-0.01991818
0.03398685
0.09052017
0.00627800
-0.03751351
0.00878403
0.02035356
-0.00338285
-0.03272947
0.05842508
-0.08366878
0.08895750
-0.04157596
0.06420456
-0.00272339
0.02414000
0.06429441
-0.07426952
-0.06037943
-0.00931009
0.13114201
0.07665195
-0.09296887
-0.07671209
-0.05263601
-0.01080726
0.05459882
0.09937558
-0.06601001
0.10649053
0.02392370
-0.08772957
-0.04269167
0.00651502
-0.04556865
0.04840614
-0.05101871
-0.04573979
-0.09558532
-0.08320900
0.10130633
0.02169272
0.08728220
0.04605682
-0.01787345
0.03173585
-0.09000505
-0.07611154
-0.08412914
-0.10399054
-0.04019521
0.01597007
-0.09744343
-0.06104531
-0.03020282
0.15603940
0.07738492
-0.12638891
-0.06174661
-0.04031397
-0.00175192
0.14344186
0.14526640
0.03017288
0.00202586
0.01845666
-0.06338160
0.12612325
0.09081094
0.06886313
-0.12268047
0.12015441
-0.00402165
-0.08693285
0.06273773
-0.07699850
-0.09376048
-0.08312726
-0.01459282
-0.05150260
0.01187412
0.00515361
0.06093639
0.01496726
-0.15081060
-0.03698274
-0.00458655
-0.08106864
0.01218077
-0.04482599
-0.02908001
-0.04934704
-0.00970145
0.09212818
-0.16780056
-0.01883418
0.07513750
-0.05238628
-0.01435388
0.00811302
0.07762184
-0.13559169
0.01740337
0.14171784
0.01527450
0.03502845
0.15399377
-0.01795189
0.03553072
0.04539707
0.04854875
-0.03645645
0.01644520
0.00518310
0.04589435
-0.07974124
0.06106717
-0.11990284
-0.04745032
-0.05031361
0.13409784
0.08650562
-0.07303135
-0.08833198
-0.12114383
-0.03988297
0.14684096
-0.07109063
0.03829759
-0.01743811
0.08408494
0.00234100
-0.01489824
0.11192477
-0.05563598
0.24132243
-0.23121321
-0.04174208
0.18551768
0.03141050
-0.00203310
-0.02746300
0.04129990
0.02736602
0.07125348
-0.08862686
-0.21592659
-0.06711235
0.04721286
-0.05171949
-0.17365678
0.02569669
-0.11459296
0.08667584
-0.09666497
-0.05203511
-0.00695674
0.07304142
-0.05133942
-0.00531983
0.05314695
0.13881043
0.06390959
-0.05056341
-0.27540964
-0.16371883
0.05257489
0.22741140
0.04805038
0.03690407
0.21611069
-0.15232405
-0.03099084
0.12194961
-0.05936879
0.05745998
0.03108929
0.00445069
0.08967026
-0.02844229
-0.02145161
0.08315913
-0.00609308
-0.00426770
-0.02523052
-0.02187566
0.07665957
0.11477024
-0.01483619
0.02180178
0.00734228
0.07966691
-0.05192485
-0.03609264
-0.01292710
0.03447663
-0.07606357
-0.06526843
0.02490633
-0.12803671
-0.05514711
-0.08504313
-0.17275204
0.05626820
-0.13069932
0.04991953
0.09593742
0.07888615
0.01122159
0.15099734
0.04130092
-0.03522363
0.01136230
0.02757230
0.08116386
-0.10822248
-0.06075921
-0.06180124
0.02319281
-0.02146666
-0.08338597
0.06141432
-0.04708887
-0.00333033
-0.06589567
0.07871173
-0.01154798
-0.02890507
-0.05470476
0.16090007
0.07331546
0.08337739
0.11851329
0.01214319
0.03731293
0.03306553
-0.03985756
0.04034001
-0.09553123
0.02006446
-0.04588306
0.03250087
0.08437319
-0.00440274
0.04158854
-0.05928438
-0.06178330
0.09348309
0.07224606
0.05631690
0.06684655
-0.08913899
0.07818231
0.00591817
-0.06066994
0.01958723
-0.06855413
0.00809816
0.07125692
-0.04403886
0.00451466
0.05340257
0.08635397
0.00453286
0.08257154
0.00583308
0.02537645
-0.03595473
-0.08480056
0.03029396
0.00685168
0.02032874
-0.07561722
-0.04727911
0.04412402
-0.01421797
0.08511683
-0.02254503
0.03136215
0.00415586
-0.05530169
-0.08187098
0.00062705
-0.00050528
0.05582015
-0.07383125
0.03115828
-0.04013120
0.04057652
-0.04491723
-0.05199648
-0.01194555
-0.07762652
-0.05935413
0.01469489
-0.02536214
-0.07088166
-0.07019018
0.08889660
0.06602503
0.04153138
0.06784196
0.09423043
0.03920285
0.07016160
-0.03727116
-0.09528028
-0.01831138
-0.01500956
0.06071766
-0.07959551
0.05141371
-0.16530624
-0.00765975
-0.03100028
0.00867060
-0.11559463
0.18084575
-0.09935446
-0.07276633
0.05209007
-0.02443944
-0.05998574
-0.00957480
0.08259513
-0.00258063
-0.05754008
0.01007544
-0.00780838
-0.06998440
0.02881457
0.01104545
-0.08580188
0.01292572
-0.00255758
0.02692494
0.07987821
-0.01339823
-0.01113226
-0.00233082
-0.04204369
0.04760576
-0.07083271
-0.06781828
-0.05074982
-0.12462972
0.01839387
-0.09439140
-0.11146618
-0.01917927
0.05293391
-0.06328031
-0.04043821
0.18857980
0.05372327
0.00235756
-0.06035849
0.08953503
0.02516758
0.08625262
0.07927247
-0.04491132
0.01302096
0.01902938
-0.09283838
0.02834507
-0.09090269
0.13496411
-0.08718248
0.09076697
-0.04780935
-0.04218766
-0.04535469
-0.05251754
-0.00065910
0.00789505
0.01007412
-0.02729224
-0.08074946
-0.03348869
-0.02271429
-0.13382989
0.03983466
0.09598543
-0.09902062
0.02103188
0.00099279
0.11856823
0.09655508
0.02368115
-0.06308556
0.00734353
-0.03422529
0.00728080
0.02740495
-0.08569887
-0.05089799
0.02970308
-0.04157858
-0.12591657
-0.11146592
-0.18115009
-0.13973959
-0.07631534
0.09585795
-0.03673772
0.08484928
-0.02248636
-0.08318305
0.08404870
-0.01216656
-0.04491006
0.05236780
0.04138933
0.06957370
0.02690614
0.11816215
0.10126404
-0.07088017
0.03670833
-0.05030193
-0.00487149
0.05026545
0.11429340
-0.03955043
0.04726050
-0.01406034
0.07043996
0.01277418
0.07101246
0.05867394
-0.09775107
0.04662521
-0.04278321
-0.02506726
0.04701474
-0.04947473
-0.02325912
-0.04891217
0.04802315
-0.04574094
-0.10429794
-0.04653783
-0.08088688
-0.06051386
-0.04471339
0.04044490
0.07275297
-0.02770892
-0.05265805
0.03371361
0.08098716
0.12397815
-0.03243003
-0.04029901
0.05936296
-0.08442111
0.02232655
0.13855501
0.03117932
0.02388804
-0.05381303
-0.15296920
-0.04315881
0.13775149
-0.02077137
-0.11405417
-0.00407931
0.07796694
-0.09976549
0.02302365
-0.02666624
0.08164713
0.12601922
-0.11948533
-0.06445555
0.07684471
0.01468005
-0.13093880
0.16605961
-0.06274489
0.10219525
-0.06784972
-0.05322216
0.00614521
-0.00314648
-0.04562264
0.05331910
-0.10164256
0.04237493
0.02391885
0.06713919
0.02924086
0.16705480
-0.12203054
-0.00582833
0.10004470
0.18692391
-0.03063808
0.09143015
0.05812604
-0.07707860
0.09538164
-0.00501286
-0.10972560
-0.01929913
0.13611306
0.01022337
0.06344874
0.03623077
-0.08050957
-0.00837285
0.14055866
0.00427046
0.03016642
-0.26672542
0.01817503
-0.12935953
0.00933610
-0.15163700
0.02440536
0.00973978
-0.08270592
0.11184890
-0.01298130
0.04108217
0.00381201
0.00602191
-0.07984992
0.12209888
0.10267887
0.00873968
-0.04103492
0.03833534
-0.01020446
-0.04367376
-0.05538533
-0.10889628
-0.00597387
0.12746575
-0.06403303
-0.01726645
0.16962893
-0.14479420
-0.04968241
-0.01945089
-0.06271638
0.00321584
0.07875261
0.25309020
0.04337681
-0.06021031
0.14747636
-0.05846479
-0.06786923
-0.11848590
-0.09086533
-0.15580453
0.00683770
0.14382140
-0.09602592
0.04359126
0.03519245
-0.07680468
-0.07959230
0.01656600
-0.00698673
-0.06449027
-0.03443570
-0.09581535
-0.02537166
-0.02805967
-0.00197352
-0.05281178
0.04784466
0.06077100
0.05260850
-0.07020070
-0.05255265
0.05727471
-0.10373695
-0.06900224
0.14670347
-0.09513105
0.18777902
-0.07463082
-0.13608570
0.21892674
-0.10401596
-0.09384224
-0.02140147
0.04472506
0.01520305
-0.01002371
0.18752508
0.02018815
-0.14340229
0.04669566
0.04521894
0.08078071
-0.02111895
-0.09147602
0.16565673
0.06821138
-0.06697168
-0.05885186
0.18323025
-0.01218010
-0.00265362
0.03416945
0.07212827
-0.12978265
0.12497047
0.12891512
-0.04211223
-0.01579241
0.07714733
-0.09655161
-0.04471444
-0.13401638
-0.10265131
-0.10450096
-0.03592691
0.16565596
0.11575906
-0.14785701
0.14164697
-0.02214696
0.04788780
-0.09795309
0.04746232
-0.08577757
0.08822280
-0.03469310
0.04547543
-0.07754936
-0.04879652
0.02588525
-0.00812258
0.08528607
-0.03318948
-0.10971320
-0.00268913
0.02627777
-0.05709060
-0.09251698
-0.05011681
-0.10238050
0.03221516
-0.10832187
0.14309718
0.09325115
-0.03810275
0.07585128
0.04738627
-0.05377543
-0.02778270
0.05283381
0.00621578
0.06803845
-0.05474309
0.00055555
-0.02561091
0.01991674
0.10302359
0.07267210
-0.01486473
-0.07126285
-0.06062802
-0.10301690
-0.01117301
0.03224185
0.05930607
0.05251525
0.05666813
-0.02106410
-0.02256091
-0.03943012
0.03737624
0.04583542
0.07166037
-0.04819701
-0.11024042
-0.02644840
-0.08257038
0.00203940
-0.10491472
-0.02513744
-0.00820223
-0.09301703
-0.02558475
0.05432670
-0.14225425
-0.02900617
0.11544853
0.05864559
0.00235415
-0.02225477
-0.12388818
0.03531667
0.05987181
-0.08800404
0.12147444
0.05114494
0.04354920
-0.02416285
0.11937504
0.08943412
0.05581461
0.11210304
0.00189501
0.08174062
0.04391693
0.03676636
0.15664066
-0.06319781
-0.05097166
0.10460457
-0.05945861
0.10975254
-0.01930605
-0.14141844
-0.11001735
-0.08276003
0.06425955
-0.08634257
0.02203195
-0.07248000
-0.09202224
-0.04883900
-0.05365949
-0.07671551
-0.04144815
-0.05919822
0.04296379
0.12316548
0.02251069
-0.01196725
-0.04532745
-0.03004695
-0.03501727
0.04458114
0.02411754
0.10403295
0.02403770
-0.00061269
-0.07003170
0.05343542
0.02352189
0.01428914
-0.07516155
0.01839972
0.04869193
0.07438818
-0.06124137
-0.04806795
0.11100522
0.06044229
-0.09367903
0.04893345
-0.00907684
-0.10210027
0.06293092
-0.07585201
0.06576435
-0.21965469
0.02550919
0.12730834
0.09294842
0.03202808
0.11481433
-0.00750860
0.18860614
0.08867128
0.11186779
-0.03854400
-0.11435480
0.07786009
0.02837664
-0.06927981
0.06147365
0.16342087
-0.01675236
-0.06597827
-0.08618972
-0.10721261
-0.00469955
-0.04615328
-0.00593824
0.03975267
-0.12283516
0.08007193
-0.00959919
0.08083941
-0.09481308
0.09589565
0.01690608
-0.02952116
0.01104339
-0.06861869
0.00358610
-0.02361934
-0.03795685
0.02265460
-0.04171617
-0.08305113
0.04873003
0.03923048
-0.04034428
-0.07241273
0.00509645
-0.09522948
-0.00045233
-0.01716103
0.04862643
-0.21400405
0.10325053
0.08446439
-0.05394264
0.15928265
-0.03111004
0.06889897
-0.09640326
-0.13101596
0.16509643
-0.12955354
-0.05159275
-0.02163686
-0.12640245
-0.14933404
-0.06373609
-0.13861814
0.09775480
0.05226700
0.11958043
0.00311558
0.11298902
0.18971249
0.00267059
0.00764564
0.01837807
-0.08239563
-0.02745529
0.00068561
-0.06846900
0.09863321
0.08587259
0.09805921
-0.05430613
0.03993957
0.03291771
-0.15019953
-0.17636059
-0.08549377
-0.12740701
-0.00435008
0.02741327
0.04191057
-0.07193123
0.04081027
-0.08033685
-0.02283556
0.06836651
-0.08214625
-0.04514306
-0.05513195
0.03328884
0.02608893
0.08045058
0.05541313
0.03899860
0.01652813
-0.05410746
-0.04711836
0.21241415
-0.14004193
-0.13784081
0.02618580
0.06245128
0.09355044
0.00189833
-0.04044996
-0.06257947
0.10406884
0.09587839
0.03411956
0.06478961
-0.05921077
-0.03143343
-0.02690572
-0.03785445
-0.04744062
0.02121773
-0.07004482
0.00356521
-0.09034228
0.17063615
-0.03964162
-0.04776054
0.01220942
-0.12614028
0.05723945
0.12462012
0.03079375
0.04406537
0.06188321
-0.04740456
0.03702283
-0.08529200
-0.01557306
-0.02819306
-0.04210795
0.11935430
0.10779423
0.11613256
-0.03812018
-0.08069760
-0.10913783
-0.08923298
0.03118449
0.01910568
0.05224829
0.15399909
0.11239538
-0.08613994
0.00760203
0.00845808
-0.11972267
-0.00420551
-0.01614216
-0.01969700
0.02166405
0.10841807
-0.01031352
0.04268096
-0.11381192
0.04134662
-0.10861098
-0.04209319
-0.13876708
-0.22160800
0.05059642
-0.03758553
0.23252957
-0.04458617
0.07157785
0.02253819
-0.01501050
0.11208850
0.01184044
-0.01526864
0.00589313
0.08368734
0.01907284
-0.09180618
0.10293346
0.01191840
0.01092921
-0.01226258
-0.05450080
0.07670032
-0.09744821
0.02122125
0.02601865
0.04279229
0.09970777
0.05016913
-0.07460519
0.12261429
0.03913052
-0.05767672
0.05305601
-0.07220963
-0.00909020
0.09594888
0.08098175
0.07443118
-0.03054034
-0.00028650
0.04670480
0.12832943
0.01324216
-0.08072279
-0.02612800
0.04137278
-0.03173974
-0.06517005
-0.05788770
-0.11739762
0.10907050
0.10191373
-0.04187831
-0.10733781
0.06177065
0.11182755
-0.02019756
0.09723031
0.06717265
-0.00101213
0.12416486
0.01836034
-0.06792869
0.04532037
-0.00382395
-0.24438873
-0.06376981
-0.05615554
0.09075548
-0.00167212
-0.03628029
-0.11131121
0.10191768
-0.00614311
0.01080729
0.00886606
-0.14331543
0.02943655
-0.10262218
-0.07887018
0.14359787
0.06035798
-0.10506389
-0.12775135
-0.04348590
-0.09936493
0.02150320
0.01010865
0.03880016
-0.04507931
0.15553820
0.07046480
0.07228304
0.12322883
-0.06427189
-0.00624393
-0.10880610
0.08236152
-0.08439107
-0.06778981
0.23655666
-0.03860751
-0.02410150
0.04788830
0.03111445
0.05070625
-0.02802445
-0.08089654
-0.08364928
0.17404954
-0.07570361
-0.05609355
0.10920007
0.03751686
0.06644067
0.06367072
0.18601029
-0.11298696
-0.06507330
0.10729133
0.07661110
0.09102135
-0.03757081
-0.05629499
0.04895073
-0.17724198
-0.10426800
0.06138964
0.01365841
-0.07674497
0.05025415
0.00547381
-0.00776277
-0.01541640
0.09858984
-0.07705037
0.09086946
-0.02281574
-0.06196924
0.00433540
-0.11307446
0.00491573
0.10737380
-0.03962203
-0.02313879
0.00663577
-0.04326306
-0.02005482
0.00337601
-0.03442712
0.03899987
0.12914181
-0.00575153
0.00152653
-0.09265908
-0.03931173
0.05095262
0.06426591
0.06889996
0.09540512
0.06537663
0.09380187
0.00601472
0.07604825
0.03612904
-0.06201774
-0.00001746
0.09693472
-0.00548627
0.06998444
0.05694014
0.09021367
-0.08942671
-0.05241358
0.02390317
0.04163305
0.09362064
0.07364658
-0.11312710
0.02983157
-0.05775507
0.12826240
0.08600046
0.06182420
0.04560714
0.02103570
-0.10464110
0.01527012
-0.05466330
0.01176883
0.09175025
0.03318774
-0.05723272
0.02056616
0.03408427
-0.08895528
-0.10948440
-0.06716967
0.07934457
-0.01889842
0.12660371
-0.03208804
0.00443558
-0.01979259
0.03420541
-0.00473243
-0.09751232
-0.08506950
-0.03744918
0.10861344
0.02781252
-0.08812323
0.06649768
0.01533271
-0.03930181
0.04393975
0.12072745
0.01034905
0.15135473
0.02224368
0.02878468
-0.01936263
-0.09671962
-0.00282236
0.05317206
0.04882039
-0.07601229
0.02573204
0.04962958
-0.08653048
-0.03041933
0.03377607
-0.01796385
-0.17330737
0.05283853
-0.12094186
-0.10465973
-0.03521995
-0.06656767
0.07161900
0.09132832
-0.13996854
-0.11973887
0.01858002
0.00768673
0.04845953
-0.14035903
0.03694316
-0.00307442
0.21087150
0.04533496
-0.06511418
0.01175273
-0.01781155
0.00845408
0.03686737
-0.09009524
-0.03894182
-0.09488885
0.01141145
-0.00651698
0.05490013
-0.05188633
0.04344356
0.02348107
0.09795383
-0.08565684
0.05124857
0.04056244
-0.05713110
-0.07175948
0.01322189
-0.12685184
0.06195791
-0.00501342
0.01613713
0.07218097
-0.05349749
-0.00154922
0.05473300
-0.03779255
0.05839238
0.04949367
-0.09269744
-0.07770200
-0.12855098
0.00537929
0.16913310
-0.06605311
0.00529193
0.07089595
-0.11965259
-0.13592464
-0.17241487
-0.18145204
-0.14214216
-0.05305833
0.11248615
-0.02479710
-0.02694353
-0.00139602
-0.02483878
0.01953734
-0.00056564
-0.07864351
0.08195057
-0.07703686
0.05683067
0.01441310
0.07612883
0.02630301
0.09341024
-0.04881442
0.01670590
-0.05339888
-0.05202604
0.03667964
0.01766511
-0.12613635
-0.02417395
0.00698087
0.13363779
0.06415827
0.06844839
-0.02704328
0.06481510
0.14252931
0.09822802
0.03214793
-0.00737142
-0.02922358
0.05798792
-0.10010005
-0.08347965
0.01661734
0.00010978
0.04271580
0.10314007
0.07043543
-0.13091928
-0.03324769
0.02518960
0.02207549
0.08757997
0.00176019
0.02917458
0.11296064
0.03677957
-0.07543199
0.05197332
0.01693602
-0.03737323
-0.02961890
-0.01266703
-0.05206535
-0.12703510
0.10283133
0.14136285
0.14135465
0.06286366
0.01127547
-0.07011169
-0.00179346
-0.00506957
0.05229183
0.06406962
0.01118953
-0.04266585
-0.02703586
-0.06561499
-0.07346937
0.06704988
0.01431752
-0.10827470
-0.03132032
-0.02066514
-0.09006837
0.01948918
0.05789224
-0.04241369
0.09171370
-0.05503534
0.09904949
0.07622362
0.00725579
-0.21150906
0.10935145
-0.08795964
0.09688154
0.02207628
0.05971948
-0.01901351
0.09464718
0.05681125
-0.03581988
-0.04646846
-0.04857492
0.01129188
-0.06296147
-0.10462175
0.05462271
-0.00638662
0.11049779
-0.02683377
0.02570071
0.01662857
0.01554978
0.02301357
-0.01426491
-0.05787043
-0.06351157
0.01401676
-0.02866265
0.11726950
0.00940826
0.07850992
0.18000123
0.04523490
-0.01750368
-0.00560596
0.08665793
0.14079674
0.02353822
-0.05724643
-0.04009381
-0.16133456
-0.03475045
0.05348360
0.01427428
-0.09119083
0.05273332
0.03261177
-0.04864078
-0.08511331
0.07166457
0.04929703
-0.11797662
-0.01337167
-0.01511460
-0.11220676
0.07841557
0.10540438
0.02992993
-0.04464645
-0.00690691
0.07710308
0.03096551
0.01513320
-0.05889392
-0.12731119
-0.02349975
0.01294264
0.02846345
-0.01752697
-0.04607382
0.03899083
-0.01987672
0.01939839
-0.04948174
0.08513801
0.07583008
0.08481049
0.03016444
0.10551684
0.10599320
0.00029831
0.02573827
0.10544949
-0.02402502
-0.08377292
-0.08255828
-0.06590351
0.00370303
-0.00164018
0.08253419
0.05724677
0.00623631
-0.06959228
0.03120760
0.01643972
-0.07251953
-0.11025285
-0.00925193
-0.20014675
-0.04261356
-0.06833944
-0.05295992
-0.15321384
0.10241681
0.02730798
-0.09028344
0.01748993
-0.11272371
-0.04742576
0.05061346
0.04960482
0.06194448
0.04826162
0.08434694
-0.12673220
0.13698426
0.05242664
-0.05689188
-0.04120075
-0.02297409
-0.01081869
-0.02460836
0.01289296
-0.02731896
0.02279925
-0.00034537
0.01572859
0.13084945
0.10216651
-0.05083107
0.06412419
0.00031172
0.04493329
-0.04605447
-0.00825799
0.05104300
-0.00913511
0.00594103
-0.07118832
-0.04290454
0.05341388
-0.07574648
-0.10010691
-0.02560386
-0.05309210
0.10289788
0.08016331
-0.01509473
-0.01376422
0.03095261
-0.04350301
0.04404445
0.01201417
0.09447303
0.02786918
0.06791936
0.09026185
-0.06209332
0.07768703
0.10814906
-0.05758038
-0.03457890
-0.13880332
0.01924211
0.01314888
-0.04242390
0.04262951
0.02478463
0.06633939
-0.10525030
0.09934416
-0.08247560
0.01313203
-0.02936203
0.07748762
0.07001715
0.06035581
-0.03563603
0.02433782
-0.00105773
0.09335997
-0.06385726
0.05324713
-0.15858278
0.13325348
0.12668000
-0.05490154
0.06218088
0.04858806
-0.03815620
0.02261938
0.05179236
0.08823740
0.00024901
-0.07870533
-0.05149438
-0.03926896
0.04156109
0.08141091
-0.03690157
0.03540525
-0.10461044
0.04413037
-0.19285609
0.10403946
-0.01907806
0.11897291
0.14768283
0.09460645
0.04386873
-0.05274212
-0.11869397
-0.18383506
-0.01527555
-0.15306787
0.05584900
0.02488366
0.13507810
0.03268375
-0.05710445
0.17225671
-0.03947001
-0.01064863
-0.06389305
-0.05355334
0.09699978
-0.06701577
0.08854749
0.05648421
0.14100543
0.20271327
0.09712926
-0.06649198
-0.00956175
-0.05565779
-0.05832273
0.18360436
0.01340989
0.13193943
0.16633458
0.00478882
-0.00348591
-0.01871108
0.12036247
-0.20156850
-0.15942092
0.07524974
0.09645412
0.21876866
-0.11364937
-0.07224298
-0.08590256
-0.10458604
-0.09854509
0.01935373
0.04312752
-0.22678381
0.14063646
0.02787437
0.00265145
0.12557784
0.11638708
-0.07904448
0.14589044
0.08378446
-0.03480753
0.15974380
0.12541392
0.06022954
0.05482679
-0.03252644
0.03069630
-0.08964432
0.10960277
0.05010587
-0.01098157
-0.11146179
-0.11283059
-0.01320424
0.18610859
-0.00233151
0.03831482
-0.05030696
-0.02446089
-0.11158442
0.04340741
0.09141967
-0.02684740
0.07779419
-0.02051943
-0.07022376
-0.07358371
-0.07889783
-0.04112069
0.06172711
0.06377152
0.15058675
-0.10496541
0.11776990
0.00687529
0.04346132
0.07027472
-0.05537271
0.03855578
-0.08720221
-0.13276210
-0.06644501
0.01970949
0.09877592
0.05111406
0.18056995
-0.06002366
0.01969070
-0.14808954
-0.09587678
0.08051157
-0.07443174
-0.00549827
0.05945786
0.14077993
0.15643141
0.01673629
0.02387581
-0.04036238
0.02426487
0.14526889
-0.06946605
0.08243573
-0.10542671
-0.11607745
0.11687233
0.01209567
0.06285994
0.08894652
-0.01773402
-0.06465498
0.10292239
-0.13491429
0.09544974
0.11122876
-0.00163103
-0.09245768
0.04655278
0.05784227
0.02048296
0.05120572
0.12609445
-0.07828064
-0.04452251
-0.04042302
0.09962684
-0.00844367
-0.03426249
0.05459702
0.08061212
0.12237183
-0.06669919
0.06546848
0.00879286
-0.01090548
0.07716969
0.00993693
0.00097283
0.08083228
-0.05279054
0.07690779
-0.04046472
0.07715414
-0.02278475
-0.03774101
-0.07617769
-0.08307473
-0.03546828
-0.07148930
0.01013578
-0.03020284
0.02252366
0.05029771
0.00487503
0.08278908
0.05811617
-0.07423219
-0.05442323
-0.09313608
0.06812843
0.05291101
-0.07162549
-0.11937081
-0.07328001
-0.01531521
-0.08484387
-0.02861991
0.02063835
-0.09186649
0.05755910
-0.03233025
0.15970640
-0.01433237
-0.03162806
0.09657978
0.01864256
0.09470683
-0.04380874
0.04995047
0.01342541
-0.05500670
0.11365632
0.02833201
-0.09194408
0.12402239
0.09596010
0.07559923
0.12889344
-0.06881977
-0.08393830
0.03775749
0.02154487
-0.06787699
0.04570232
0.08097338
-0.01987219
0.07152197
0.12354395
0.02969680
-0.06688140
-0.08319030
-0.04503660
0.01862385
0.03638979
-0.07488070
-0.04753078
-0.00513475
-0.04953876
0.00678659
0.04107103
0.03703782
-0.06744928
0.02818207
0.01072900
0.00853969
0.12633584
-0.05799622
0.08071327
-0.08175468
-0.01610283
-0.00773742
-0.07854417
-0.00778238
-0.12404828
-0.12310993
-0.06778713
0.07138351
-0.06370696
-0.00734477
-0.00517015
0.02259026
0.01919341
0.04978101
-0.04977725
0.02303874
-0.04112620
-0.02893468
-0.03188243
-0.04147300
0.10623099
0.07900634
0.00776572
-0.13093559
0.04306627
-0.07194747
0.02036431
0.04186364
-0.08224952
-0.01224660
-0.09740610
-0.09901756
0.01540645
-0.06471884
0.05630101
-0.00246829
-0.01872074
-0.08535463
0.10668950
0.08233473
0.11879571
0.01637692
0.02404118
0.07572318
0.05501870
0.08721995
-0.10289996
-0.09590623
-0.01077526
0.02336084
0.02693072
0.09005768
0.00698132
-0.04757190
0.03129037
0.10480289
-0.05200041
-0.06319269
-0.07602373
-0.04730148
0.06707150
0.11846828
-0.00226561
-0.04485751
-0.06089273
0.03972300
0.01224773
0.06371257
-0.06393004
-0.09168773
-0.02073420
0.12521777
0.01138448
-0.07536113
-0.08417735
0.04018407
0.05826521
-0.05770122
0.08028907
0.06903502
0.05065599
-0.09367222
-0.12168395
0.08113066
0.10157388
0.13286830
0.02701580
0.03109161
-0.03265994
-0.02636884
-0.09230714
0.06565086
-0.04010966
-0.01930021
0.01592766
-0.03834755
0.05145162
-0.03272035
-0.04079371
0.03404206
0.00029248
-0.07147828
-0.04377392
0.05490550
0.03247394
-0.06235181
0.04628785
0.13423224
0.02087402
0.00674366
0.09780862
0.02920737
-0.04899080
0.06648272
-0.02394403
-0.06205957
-0.00576300
0.00297501
0.04226033
0.04156594
0.07445189
0.07068488
0.07718064
0.00918424
-0.01205078
0.08172362
-0.04549054
-0.00420198
0.06781898
-0.09444579
-0.03795419
-0.01023125
-0.01660402
0.06904052
-0.06468129
0.10121330
0.05667888
-0.10729227
-0.03651696
-0.12020182
0.05926244
-0.07750620
0.07212406
-0.14372455
0.14516085
0.06476590
-0.01067973
0.08942377
-0.01781638
0.17974178
-0.08010787
0.05348140
0.04347887
0.06787324
0.10923111
-0.05513892
-0.08555573
0.04960662
-0.02226481
-0.01733409
0.09565563
0.04435962
-0.08002234
0.00365447
-0.08918389
0.03466767
0.14296274
0.09523672
0.12987940
0.02824194
0.03076019
-0.06271675
-0.13070175
-0.08928984
-0.08274124
-0.07294414
-0.10376465
-0.01530515
-0.05060726
0.09576508
-0.03467136
0.03553929
-0.09243592
-0.10622531
-0.10984555
-0.10082226
0.06519499
0.07322831
-0.00449796
0.02723933
-0.10656697
0.02050228
-0.01854343
-0.02917746
-0.05910937
0.06302029
-0.07493928
0.04947600
0.01586947
-0.02985585
-0.02294722
-0.08055834
0.02762341
-0.14014265
0.03946754
0.07046648
-0.00765543
0.09872091
0.05418238
-0.14725141
0.08333804
0.03966042
-0.07118690
0.21162248
0.08998670
0.02104794
0.20851941
-0.08731818
0.13336588
-0.07782674
-0.02459136
-0.18704464
-0.03276256
-0.01865490
0.00929291
-0.08701040
-0.16337505
0.12578858
0.04766177
-0.05830839
-0.06628831
-0.09098347
-0.10361034
-0.07934395
-0.07231522
0.04663466
-0.00791661
-0.04138843
0.16560544
-0.02360764
0.01830809
-0.10975752
0.04672908
0.11797776
-0.00174961
-0.01753884
0.11662270
-0.05921906
0.27885306
-0.07020959
-0.05074268
0.06828596
0.02465367
0.22404818
-0.01576323
-0.12008838
0.10355753
-0.10251887
-0.02515229
-0.00652411
0.15496008
-0.05621466
0.05028564
-0.02619026
-0.10059018
-0.05063559
0.10291507
-0.14717405
0.01653173
0.00395233
-0.05384899
-0.07539587
0.05025420
0.13270259
0.08386280
0.04321805
-0.03919608
0.00549923
-0.00367218
-0.08633374
0.02082800
-0.05288277
0.07487475
0.03133136
0.02039996
-0.03275435
-0.09220229
0.10281563
0.02103428
0.00013501
-0.04398673
-0.00028983
0.02739634
-0.02100028
-0.01541678
-0.03014482
0.03096964
0.06350804
0.06098570
0.02726165
-0.08883572
-0.11273660
0.06904498
-0.04873104
-0.01241702
0.11272401
0.01339979
-0.00558172
-0.04441350
0.01026740
-0.08215442
0.04440057
-0.07551525
-0.04096040
-0.06648586
-0.05078796
-0.13627025
-0.11070403
-0.06568987
0.10893118
-0.00620149
0.07108962
-0.06297231
0.07618400
0.07152126
-0.03123948
-0.07025445
0.01605933
0.00079965
0.03019076
-0.10787629
0.05508281
0.10117207
0.03018406
-0.00296612
0.07349493
-0.14486696
0.11993270
-0.06144280
0.02588231
0.04671294
-0.05039163
-0.00090000
0.05770779
0.03613504
0.03762689
-0.05557086
-0.08259227
0.04744909
-0.06072213
-0.07973554
-0.04640164
-0.02198880
0.06479286
-0.01998710
-0.06790686
-0.06202747
-0.05053649
-0.09741420
0.08515856
-0.09998880
-0.09012926
-0.03203100
0.02244421
0.06344102
0.04104026
0.05101465
0.02267265
0.03798249
-0.06828336
0.08802062
-0.00736626
-0.03671116
-0.03358704
-0.01617727
0.01485822
-0.09350347
0.04943394
0.11302026
0.04091907
-0.05712197
-0.02662639
0.00023392
-0.06770236
-0.02358375
0.03359863
0.00564081
0.00028994
0.00577333
0.01446264
0.05685982
-0.06764427
-0.05196114
-0.07806764
0.03687216
-0.09615193
-0.08002501
0.06998913
-0.06525278
0.04530806
-0.02406324
0.07517619
0.02579310
0.01381378
0.04921088
0.02177236
-0.01194973
-0.00888976
-0.09827022
-0.04866253
0.02750436
0.02058305
-0.08378058
-0.06541926
-0.03642810
-0.04470704
0.08135419
0.05156375
0.08054747
0.03785413
0.06431876
0.08787819
0.06694966
0.03994865
0.02590534
0.04110704
-0.08867363
-0.01568175
0.01556843
-0.01055954
-0.02513534
-0.08849775
0.07185774
-0.01060240
-0.05830559
0.05273305
0.03945136
-0.00821714
-0.05696983
-0.02984687
0.06746500
0.02513581
0.04156115
-0.01694790
0.09431627
-0.04774262
-0.02293260
-0.01968293
-0.00321894
0.00954375
-0.00414404
-0.00031991
-0.04978506
-0.00677743
-0.04091641
-0.06165857
-0.02804611
-0.09249527
-0.07019987
0.06788410
-0.04756640
-0.01942539
0.09947809
-0.12858130
-0.03341793
-0.03854069
-0.00704774
0.08606430
0.09457995
-0.04969025
-0.05681597
0.00778391
0.08548192
0.05190117
-0.05166226
0.02756951
-0.09692956
-0.10682154
0.00587255
-0.04594593
0.05460431
0.00889627
0.10683482
0.00004489
-0.05498379
-0.10463390
0.22141261
-0.02869685
0.08463278
-0.02638438
-0.09734005
0.01093261
0.10577815
0.02652562
0.01832521
0.01935421
-0.08644219
0.01728738
-0.09761701
-0.08603438
-0.00844487
-0.08727530
0.02227413
-0.05465910
0.09252735
0.07949746
-0.09505503
0.06123476
0.03490148
-0.00918222
0.02314131
-0.11680318
0.13040698
0.06259901
-0.01529416
-0.01094588
-0.11392853
-0.25227168
-0.05801979
0.08414352
0.15354225
0.01519064
0.08647987
0.05121308
-0.19359569
-0.06717490
0.02167843
0.02929414
0.01515776
-0.05147289
-0.07324544
-0.12397390
-0.04056284
-0.11268403
0.04705252
0.08143963
-0.08040804
-0.08793528
-0.07871856
0.02499685
0.13964963
-0.05635455
-0.10547954
0.03727015
0.03314635
0.04855885
-0.02932902
-0.06662558
0.00321068
0.05021049
0.05991855
0.04168605
-0.08870711
0.03198874
-0.11008338
-0.00833193
-0.05795723
-0.06618904
-0.00209063
-0.04938950
-0.08051912
0.10590123
-0.05847904
-0.11470184
0.07772218
0.02279122
-0.03765951
-0.06677526
-0.11546417
0.03294054
-0.01144611
-0.06161962
0.00443972
-0.09676998
-0.02192499
0.12243023
-0.06934740
0.00197268
0.01994445
0.01304886
0.05341885
0.22018583
-0.11831009
-0.00762006
-0.07663122
0.00527210
-0.03747462
0.00326187
0.09735516
-0.09351795
-0.08483942
0.07411509
-0.00155112
-0.03999655
0.19284527
0.04229231
0.07897402
-0.16341253
0.00286169
0.00939170
0.05474862
-0.04031682
0.04730400
-0.02537471
0.08973291
-0.01488686
-0.13103135
0.02342395
0.14460073
-0.08404860
-0.00980928
-0.01552350
-0.06676383
0.10301645
0.05162778
-0.07922782
0.01535778
0.01469923
0.08652102
-0.00762602
-0.03739116
0.00772027
-0.00735556
-0.04736247
-0.05014170
0.08798180
0.01378884
0.08051277
0.14520057
-0.03211294
0.01318249
-0.10435794
-0.06860411
0.05684797
-0.06756712
0.02644353
0.01057940
-0.02126288
0.06558121
-0.13182424
0.06038597
0.03540783
-0.20264308
0.01645019
0.05433217
-0.03558914
-0.02044712
-0.07952229
0.08919440
-0.01853191
-0.13737959
0.17705424
0.04663613
0.02455880
-0.04450630
0.03893014
-0.00813157
-0.08886171
-0.07290950
0.00119798
0.01152460
-0.06299434
0.02529068
-0.07647896
0.01090470
-0.08231950
-0.07084840
0.03420840
-0.04913631
0.08964510
0.04582705
0.05340255
-0.08182967
-0.03301555
-0.01020939
0.05655788
0.09092215
0.07606832
0.02521251
0.12971008
-0.09240469
-0.02632310
-0.00862596
-0.04400245
-0.00172951
-0.03999639
0.05528830
-0.02525994
0.04073323
-0.07190191
0.06371283
0.10808683
0.02655308
0.07001130
0.05177405
0.07031959
0.03777083
-0.04817980
0.06855322
0.07588830
-0.06154946
0.10576607
-0.07601294
0.00679765
-0.06389315
0.08115229
-0.00605886
0.03688312
-0.11777132
0.07359999
-0.08520440
-0.03791059
-0.05643535
-0.00297202
-0.10220795
-0.02182287
-0.01837645
-0.03983929
-0.04757824
0.05733204
0.04196246
0.09316380
-0.00813145
-0.14164153
0.01731477
0.06461347
0.07477440
-0.01615497
-0.06708563
-0.02457259
0.01465866
0.12365174
0.03809400
0.07484090
-0.03311864
0.02192864
-0.03683344
-0.04314741
0.01271188
-0.01228310
0.08425947
0.06721846
0.02746078
0.01254909
-0.06490999
-0.04412381
0.04591192
-0.11299948
0.09943278
-0.06239786
-0.06407425
-0.09138533
-0.01460926
-0.06941214
0.00272891
-0.00379985
-0.09973110
-0.15473677
-0.10020094
0.01101142
-0.02329527
0.01186625
0.08831946
-0.04496276
0.09943870
-0.12323508
-0.07014474
0.02137672
-0.08014282
-0.02995059
-0.00813026
0.06001974
-0.01521986
0.03773094
-0.10174193
0.00273378
-0.12043630
-0.03963785
-0.09797572
-0.08031169
0.03380581
0.03085675
0.11793404
0.00985447
-0.05754565
-0.02242755
-0.02834675
-0.09327364
-0.02497705
-0.02381647
0.11506720
-0.04870778
-0.00561440
-0.07023361
0.04934702
0.06227633
0.02259208
-0.02760603
-0.02241481
0.10200024
-0.04424221
-0.10244354
-0.00708981
-0.03148104
-0.08718053
0.04515798
-0.09767138
0.08715876
0.04703306
-0.09471910
0.10031734
0.06443684
-0.01223103
-0.07472142
0.04788937
0.01775348
-0.06639522
-0.01866111
-0.02315118
0.07143535
-0.01588308
-0.04339717
0.07852982
-0.05600479
-0.08818080
-0.00026920
0.08386211
-0.09821619
0.08657663
-0.00835674
-0.01299199
0.05048944
-0.07796631
-0.09825265
0.05102938
0.06233338
-0.04224088
-0.01305765
-0.10423438
-0.03065969
0.05926101
-0.03198162
-0.07119733
-0.02424375
0.05056798
0.03342970
0.07429492
-0.07660361
0.08537016
-0.10823176
-0.05208378
0.06858982
-0.07685695
-0.06280433
0.04352314
0.00458346
-0.03652897
-0.03056044
0.08244298
-0.03636904
0.13624500
0.10881241
-0.01015069
0.05244291
-0.04361239
-0.01008349
0.02195596
0.00366857
-0.06265825
-0.07719960
-0.07808008
-0.07198519
-0.12719406
-0.05171737
0.07017083
0.01046149
0.03087801
-0.02641599
0.05345890
-0.01480593
-0.04110679
-0.00156570
-0.02399791
0.01419638
-0.14168786
-0.01412245
0.05682201
0.09206171
0.02276679
0.05082617
-0.03790460
-0.08909037
0.04744077
0.00235982
-0.07130922
-0.05807670
0.03580968
-0.03378612
0.13460755
0.07474513
0.01940873
0.07355484
-0.04045429
-0.00111291
0.08008566
-0.01627850
-0.03513581
0.05075221
0.11267724
-0.08226395
0.03242909
0.18181576
-0.16372341
-0.03585414
-0.17515475
-0.12411737
-0.01547934
0.03905843
0.00277199
-0.05766682
0.00578689
0.08559112
-0.06172550
0.00105876
0.06255858
0.07000373
-0.10109183
0.05461608
-0.01384892
-0.07303842
-0.01525036
0.02077232
-0.01653977
0.09500805
0.07215739
0.11879455
0.14707236
-0.01374525
-0.03132088
-0.09531545
0.11884376
-0.02086785
-0.05080139
-0.01323838
0.02155683
0.05911305
-0.09512662
-0.07193499
0.03935961
0.07216168
0.04986645
0.00200756
-0.03820577
0.03764612
-0.03495267
-0.01729060
0.01706555
0.02883392
-0.06128132
0.18313406
-0.05712100
-0.13032845
0.08662680
-0.12167385
-0.19233021
0.02210659
0.01092074
0.08432908
-0.08424659
0.07880419
-0.18556082
-0.03413051
-0.06418388
-0.11907022
-0.01854603
0.07000344
-0.01443417
0.02445380
0.06305502
-0.05717944
-0.02274187
-0.00180222
0.05890035
0.08776495
0.05566349
-0.09397189
0.09492341
0.05677330
-0.07011560
-0.10460781
-0.10850851
0.06384467
0.05180112
0.05835455
-0.02686848
-0.09332901
0.00606871
0.11626221
0.01557193
-0.06081894
0.03781708
0.02033609
-0.02696710
0.08781815
0.07672656
-0.03182738
-0.03604013
-0.07612976
-0.00609733
0.03819580
-0.02573038
-0.04633388
0.09627078
0.04966763
0.00237616
0.15362725
0.07364608
0.10702869
0.01276184
0.02718751
-0.00519622
-0.05306336
0.04758519
0.06466982
-0.06892008
0.05889354
0.00158448
0.12598693
0.08260912
0.00735569
-0.04334231
0.02093834
-0.04192349
-0.13333961
0.03530693
0.01501941
-0.00721183
-0.04654883
0.03626671
0.04017488
0.02132711
0.11630929
0.12109916
-0.10660952
0.18336013
-0.09662066
0.08786016
0.17628452
0.10130192
0.05202335
-0.03702198
-0.05625743
-0.00337326
-0.30329010
-0.03043104
-0.01287160
-0.05735878
-0.03794587
-0.04992961
-0.03161487
0.02775797
-0.03060532
-0.15119101
-0.13473769
-0.10382354
0.04304507
-0.01367781
0.07695678
-0.04008678
-0.03883013
-0.05641500
0.04618999
0.00403770
-0.08476260
-0.00473377
0.11014409
0.19081540
0.15991543
0.05308874
-0.10343242
0.17831807
0.11417644
-0.20321672
-0.02192491
-0.10696109
0.16102092
0.03370099
-0.06747028
-0.01825936
0.03466235
-0.15408131
0.03778479
0.05947239
-0.04184574
-0.07347987
0.11320757
0.03112216
-0.05244831
0.15400942
-0.02265649
-0.05042633
0.06397699
-0.22352204
0.04475603
-0.10229048
0.04798814
0.09247576
-0.05065001
0.11900932
-0.14696422
0.04277252
0.12589253
-0.01101470
-0.09142016
0.04993058
0.08391646
-0.03133105
-0.21963562
0.02692034
-0.15515184
-0.00433163
-0.00537446
-0.00188982
0.07151234
-0.10600653
-0.06871855
-0.20436762
-0.08146088
-0.11080434
-0.13553073
-0.05586366
-0.07368188
0.15696059
0.06433555
-0.04762470
-0.06900650
0.03240285
0.04631029
0.08717823
-0.00018857
0.13622393
0.05018740
0.08895214
-0.06224779
0.17631911
0.21912186
-0.03935153
-0.07732883
-0.11892395
0.12613538
0.01928341
-0.05834709
0.10710714
-0.00149992
-0.12870350
-0.01008383
0.16880967
0.12087609
0.02779189
-0.01406026
0.11627926
0.09738172
0.15830910
-0.04582368
-0.04617220
0.06952926
-0.01043342
0.03167906
-0.03336092
0.06817138
-0.01921887
0.00834125
0.00957772
0.08080848
-0.09745570
-0.07968444
-0.08444227
-0.01358327
0.05165267
-0.08702822
-0.02062827
0.00774503
0.04946971
-0.09023152
0.05475588
-0.02277602
0.03137712
0.05088031
0.05883693
0.04134667
0.00096249
-0.07607400
0.08840206
-0.06385697
-0.07529892
0.06221728
-0.06894826
-0.03747853
-0.02434561
0.08578993
0.05424364
0.03542243
0.08491886
0.05900925
0.06166469
0.02171046
0.04056143
0.01523796
-0.00386172
-0.05393792
0.00211940
0.02349441
-0.00615661
0.05892264
0.03953123
0.02324482
0.05205114
-0.09671286
0.07074368
-0.08003426
0.02023751
0.10231438
-0.09183444
-0.04066005
-0.00017387
0.04077416
-0.09764218
0.01351251
-0.06945997
0.05180638
0.02182017
0.05688952
-0.24381651
0.02442039
0.14773907
-0.16189274
-0.10622229
-0.03686259
0.06991158
-0.05773840
0.11495858
0.03762040
0.00282125
0.05783366
0.15060472
0.00293229
0.08434675
-0.00230099
-0.01263968
0.09656671
-0.11511632
-0.02216981
-0.07299822
-0.06523352
0.05480691
0.06836350
0.01220661
0.04576829
0.15907842
0.01131619
-0.02920866
-0.05096011
0.08523171
-0.09656388
-0.00574386
-0.04601273
0.06794855
0.18482500
0.09136034
-0.00512148
0.10607760
0.00413182
0.05924334
-0.11079838
0.05281211
0.19024058
-0.12224970
-0.02451178
-0.01784287
0.03335147
0.01804931
-0.05010348
-0.21496500
0.00625237
0.00421576
0.02240646
0.09679499
-0.03246050
-0.16520229
0.12195183
-0.04008956
0.18515809
-0.07048576
0.08472696
0.16223031
-0.00331257
0.07469309
-0.09470239
-0.01362347
-0.16285673
-0.00560526
-0.01237083
-0.02989889
-0.06105306
0.05991338
-0.07750286
0.00191910
0.10319813
0.10081837
0.10579714
-0.10258406
0.09757617
-0.08630488
-0.03933129
0.14060073
-0.09894995
0.08012827
-0.04816880
0.01643592
0.07780822
-0.06807917
-0.04421741
0.03295215
-0.01645143
0.03200822
0.03107380
-0.05159144
-0.02385862
-0.11259003
0.02189315
-0.07200104
-0.17015927
-0.07419599
-0.04497602
-0.06078701
0.14038633
-0.07301138
0.07655691
0.00903296
-0.16728778
-0.03850448
-0.04540173
-0.08123458
0.12167640
-0.06926827
-0.09244759
0.03965260
0.10188513
-0.08082038
0.17278837
-0.07639863
0.04305642
0.02228324
-0.04838251
-0.08951279
0.05150186
0.07117669
-0.04119470
0.10932600
-0.02413454
0.00031802
-0.06891280
-0.08629750
-0.04813196
0.06646841
-0.02789111
-0.03548901
0.06802815
-0.07780580
-0.06349467
0.06811822
0.09451232
0.15306038
-0.07968644
0.09781963
0.02342489
-0.09817890
0.02279638
0.15134442
-0.07080854
0.04337991
-0.02849903
-0.19748366
0.05491668
0.03868201
0.01054252
0.07341458
0.00717983
0.14400025
-0.04437874
-0.02599987
0.04332348
-0.02682136
0.09711714
0.05390256
-0.17594762
0.07152114
-0.00568473
-0.00177313
0.11907626
-0.02916695
0.14196397
0.15688947
-0.13253205
-0.09191432
-0.04958298
-0.02366751
0.14629664
-0.04214999
-0.09548510
0.11262123
0.03443044
-0.08030106
0.03194211
0.07784294
0.00368810
0.02523746
-0.00945926
-0.03549436
-0.05286345
0.04508035
-0.05362903
-0.03126992
0.06837004
-0.01655320
-0.01346580
0.12267829
0.01466700
0.12855014
0.03187642
0.11677054
0.04897019
0.03198889
0.02493493
0.00909350
-0.03016261
-0.02583911
-0.06610223
0.01600853
0.15780556
0.02676953
0.06740706
-0.07143500
0.10117065
0.04201264
-0.05041128
0.02011784
-0.14090176
0.03174954
0.02208443
-0.03799982
-0.03175830
-0.11387409
0.02036345
0.03078219
0.04439683
-0.08076704
0.01063356
0.03701618
-0.04741088
0.14172244
-0.01586045
-0.07189470
0.09742161
0.03001078
0.03239396
-0.13930896
-0.13096245
-0.05049841
-0.04405834
0.04974743
0.00168952
-0.08748480
-0.05764700
-0.09895226
0.01669349
-0.02532679
0.03253758
-0.02924525
0.00665831
0.12927623
0.07365937
-0.02047587
-0.03736094
-0.06045037
-0.08120002
-0.09411691
-0.09319263
-0.04655587
0.03536321
0.12643224
0.02574270
-0.00026570
-0.13642734
-0.04077056
-0.06847797
-0.04607301
0.01844267
0.01331149
-0.22484124
-0.12433752
-0.02375678
-0.05970847
-0.05145690
0.06115909
-0.03407457
0.05110989
-0.02027931
-0.09127192
-0.05758803
-0.00024032
0.06354336
0.00152728
0.06777123
0.02688942
0.05178029
-0.10275027
0.00123268
-0.09464543
0.03569745
-0.06352413
0.05407958
0.01495794
0.17665236
0.02063314
0.09343319
0.02612308
-0.07110638
-0.10452330
0.10736649
-0.09410213
0.01384216
-0.07275166
0.01180725
0.02384779
-0.01012702
0.11725809
-0.00463210
-0.09459713
-0.11214259
-0.03079908
-0.05439305
-0.05571202
-0.07343230
0.10733929
0.01429210
-0.03128762
0.16479389
0.07318247
0.05700592
0.11579426
-0.10220994
0.01342745
-0.09419192
0.06713528
0.06628953
-0.11558016
0.03678546
-0.01785410
-0.03730494
-0.06294964
-0.06334803
0.09203185
-0.02376621
0.05486829
0.10091174
-0.04115994
0.18824561
0.05437937
-0.03329591
0.02445491
-0.10503557
-0.08269288
0.04872360
0.07881028
0.10701866
0.13048460
0.11311748
0.10333452
0.04409040
-0.14512965
-0.05238250
-0.01549511
-0.10834845
-0.01626679
-0.02024405
-0.06345217
-0.03503704
-0.05078253
0.06936392
-0.09925247
0.02061077
-0.03934580
0.06476773
-0.09798648
-0.00406237
0.00553522
-0.03551297
0.04891538
0.03612527
0.01039326
0.01381121
0.01076449
-0.10546625
-0.02840766
0.00858122
0.02027941
-0.02461607
-0.10713266
-0.03845617
0.01268138
0.11821885
0.13938279
-0.03503225
0.02255927
-0.14480919
0.06963864
-0.03667286
0.09042959
0.12539007
0.11773963
-0.06952284
-0.05172079
-0.03235250
-0.06337091
-0.09223023
-0.00965289
0.00951134
0.00102508
0.07310966
-0.00245560
-0.03569089
0.00885840
-0.04709816
0.15041630
-0.05101717
-0.09759620
-0.02981416
-0.11505825
0.08378813
0.02929382
-0.08074110
0.01435162
0.06445629
0.10414723
0.05761286
-0.09504422
0.01174857
-0.02075774
0.05386466
-0.10375781
-0.00110068
0.13490893
0.07088849
0.12775992
0.10474485
0.05776488
0.07885166
0.03864237
0.11622315
-0.01334760
-0.05321458
-0.05388750
-0.01376082
0.07262898
-0.05812159
-0.04151908
-0.02122829
0.12679149
0.03583357
0.09046915
0.05754508
0.15480043
0.09073118
-0.04752183
0.02044582
0.08248352
-0.06588120
0.07303460
0.12006211
0.07397231
-0.05783721
-0.10038744
0.00019367
-0.17538066
0.12642869
0.00320323
-0.07316084
0.04955752
0.01593727
0.03936990
-0.02602336
-0.03368751
0.02703467
0.03103681
0.16792314
0.05851156
0.01096475
-0.12839894
0.03796731
0.02656501
0.04854942
-0.07430322
-0.09194147
-0.11543852
-0.06036825
0.06255420
0.06498016
-0.01904420
-0.08613911
0.10026674
-0.04494087
-0.11009266
0.03487591
-0.00103644
0.04695997
0.05002692
-0.00636219
-0.06827752
-0.07454722
-0.05473601
-0.06064951
-0.12326580
-0.09416781
0.16989139
0.11938132
-0.01128790
-0.01388673
0.02479572
0.03215615
0.05918558
-0.03938212
-0.19588204
0.05471290
0.01933503
-0.03749514
-0.19622982
0.02764711
0.09455404
-0.05692823
0.10868866
-0.12041996
-0.01867898
0.04233608
0.01005776
0.05696138
-0.12489418
-0.00004093
0.14643711
-0.08989833
0.08312314
0.01452228
-0.04761923
-0.05876501
-0.00576097
0.01610574
0.12079404
-0.09642683
-0.01309050
0.06583400
0.01800184
0.04193816
0.02297482
-0.03272517
-0.11500648
-0.02913360
0.00642297
-0.13622575
-0.08677154
-0.04571671
-0.02076693
0.09852596
0.10204905
-0.09736951
0.07594530
0.04032692
-0.03608774
0.08448084
0.01573914
-0.10512292
0.03623599
-0.02318515
0.06591784
0.08081273
0.09319208
-0.02639001
0.05066046
-0.00953669
-0.05223528
0.02998940
-0.03915028
0.06025652
-0.08444549
-0.10551152
0.07931186
0.12212735
0.07200323
0.10016878
0.04901871
0.02085908
0.00836861
-0.09184361
-0.01519918
-0.04954797
-0.00677920
0.04535924
0.00375655
0.10814995
-0.00824550
-0.04332310
-0.02303091
0.00021387
0.00569106
-0.01527284
0.05517946
0.03057598
-0.06720276
-0.05340387
-0.07074317
0.09291089
0.07095326
-0.08093365
0.15545554
0.03608598
-0.03095374
0.00610548
0.02414292
-0.02739206
-0.08964004
0.03907904
0.00149221
0.02346367
-0.14927931
-0.05905135
-0.09579338
0.07331578
0.01225352
0.01560708
-0.05002207
0.01285338
0.05241435
-0.00021802
-0.12142682
-0.04761019
-0.06502341
-0.07617965
-0.08086375
-0.15860593
0.11251169
0.06163667
0.11257228
0.14287645
-0.05528545
0.04050444
-0.05990203
0.00571731
0.00915518
-0.10357993
-0.00696196
-0.05219679
-0.08243160
0.03259736
-0.05403480
-0.10321902
-0.14419647
0.11661159
-0.04400483
0.09788179
-0.02758744
-0.06275327
0.01591842
0.01655573
0.10877615
-0.10718773
0.01389683
0.04432226
0.02941373
-0.08763663
-0.00264678
0.00914183
0.00434275
-0.07580923
0.10983671
-0.03769058
0.04541934
0.03688103
0.13660765
-0.05583096
0.04909469
0.06491244
-0.08728632
0.02113033
0.01954779
0.02447365
-0.02635390
0.12972529
-0.12972425
0.13237229
0.00248104
0.02923254
-0.12846974
-0.02729006
-0.10313997
-0.08240845
-0.01221325
-0.06909160
0.02995579
0.04666787
-0.06570100
0.04439163
-0.01847657
-0.07017896
-0.08237339
0.04139130
0.11222991
-0.03455509
-0.05499392
0.01347313
0.09281211
0.05337254
-0.07971764
-0.01704982
0.02614872
-0.03193733
-0.07122526
-0.08197129
-0.07745703
-0.01334991
0.04777402
-0.04330477
-0.02347089
0.05230659
0.07321439
-0.07642023
-0.07115199
-0.11883031
-0.00162470
0.01225665
0.06206363
0.03580809
0.04973798
0.02742939
0.03101987
0.01339056
-0.05505101
0.02285051
0.00273942
-0.10588635
0.05955480
0.08736544
-0.00801321
0.09650119
0.12501355
-0.00617986
-0.06301779
0.06758192
-0.05869504
0.00156809
0.09076742
-0.05320388
0.11875156
0.11805604
0.18200518
0.09891902
-0.02907453
-0.11575378
-0.03954622
-0.06062279
0.02219106
0.07134537
-0.00291722
-0.00810206
-0.08375125
0.04164935
0.15931842
-0.02898015
-0.13389602
-0.09696078
0.01169886
-0.04786982
0.09160386
-0.03840565
-0.07352308
-0.03839541
0.06585018
-0.09660508
0.05062572
-0.01153155
-0.04049234
-0.11106685
-0.02810844
0.06706347
-0.05844831
0.02445435
0.08103414
0.05674234
0.04409052
-0.01292355
0.07632782
0.09301502
-0.09215225
0.06862913
-0.09570593
-0.25992766
-0.07811397
0.04597447
0.10226088
-0.00435554
0.01307656
0.03232980
-0.16519155
-0.14595474
0.09418961
-0.10302273
0.03896659
-0.04385477
-0.03505070
0.02024208
-0.09125163
0.02210631
0.04292809
0.15349177
-0.08852208
0.01462885
-0.01314127
-0.00342394
-0.12757728
-0.13792077
0.06752000
0.08765880
-0.08949485
-0.07048995
-0.14152896
-0.03275283
-0.12687017
-0.03465339
0.14567381
0.10006925
0.16438459
0.00473395
0.05365831
0.09829155
-0.09124755
0.08535583
-0.00437256
0.18254597
-0.02541517
-0.00372015
0.07229108
0.03724498
-0.03068164
-0.01782801
-0.09715030
0.03342136
0.01229004
0.10829145
-0.06070212
-0.06940061
-0.08127930
-0.10050248
-0.09727970
-0.06117938
0.11471194
0.07684631
0.10429469
-0.08960190
-0.09088373
-0.03668977
-0.08554219
0.07704281
-0.07849292
0.02833768
-0.08445819
-0.06673761
-0.08526900
0.06111550
-0.04989643
0.08051403
-0.03248993
-0.04312820
-0.01909989
0.06310462
0.02266268
0.05639426
-0.10062291
0.06374670
0.07998704
0.07226794
0.09277571
0.00632025
-0.02121736
0.06558707
-0.07153101
-0.10940407
0.13436225
0.00410307
-0.09292229
-0.01974637
-0.01187324
-0.07425063
-0.07671503
-0.07132946
-0.04195981
0.08297768
-0.10542174
-0.04568350
0.03166024
-0.06113931
0.02864473
-0.12990123
0.00952847
0.12780647
-0.10671821
-0.05849691
0.02054946
-0.01267782
-0.03947277
-0.05382046
-0.04335179
0.04768532
0.07311829
-0.03694329
0.03105103
-0.01033902
-0.04275816
-0.09047743
0.10432811
-0.04200650
-0.05667707
0.03475225
-0.00817208
-0.01057370
0.09731785
-0.06722271
0.02704325
-0.08873492
0.03482061
-0.05017158
0.04255534
-0.09053235
0.00462808
0.10351475
-0.09792876
0.01193972
0.05580274
0.05128931
0.07661582
0.05556408
0.04100682
0.05773048
-0.02466246
-0.06107480
-0.00694367
-0.05901470
0.09713276
-0.01436595
0.07987560
0.09451045
0.01058016
0.04786627
0.00637385
-0.05491396
0.05153555
-0.03869975
0.02453593
0.08576861
-0.02452688
0.02787086
-0.08234732
0.02279488
0.08050273
0.07709113
0.00757926
0.01646022
0.08027063
0.02961219
-0.06892208
-0.01872799
0.08946683
-0.07363259
-0.03122176
-0.08350684
0.05246982
0.03707151
0.06574747
-0.05782555
0.06357975
0.02908339
0.08576577
0.07139167
-0.05387338
-0.04430399
0.03532203
-0.07093998
0.10159809
-0.00683147
-0.02038840
0.05109860
0.02232296
0.04639482
-0.06185333
0.02895747
0.06145914
-0.01185734
0.01460957
0.08174779
0.05829315
-0.00075576
0.08794920
0.02655750
-0.02174346
-0.08610894
-0.00595790
0.07301604
0.08991664
0.10380639
-0.02049408
0.10504504
0.05583230
-0.02894641
-0.13088593
-0.12333140
-0.06729207
0.01978007
-0.10220481
0.11594125
-0.10115777
0.11114871
-0.02617065
0.05401751
0.01684563
0.03663035
-0.09545428
-0.06324332
0.01116610
0.00380559
-0.13604049
-0.00791099
-0.09655254
0.05075536
-0.10894850
-0.07919843
-0.06970149
-0.09757800
-0.09770465
0.15203249
0.03566997
0.01839167
-0.05026404
0.13776188
-0.08280263
0.05492055
0.06889234
-0.11050313
0.11110505
-0.10189541
-0.10839584
0.00223500
0.04892758
-0.01795914
-0.01277157
-0.01162973
0.02378107
0.04370827
-0.05524173
0.03063085
0.03447915
-0.02181000
0.08498475
0.00900642
-0.16012822
-0.08536118
0.07138380
0.02063582
0.00109486
0.00074422
0.00327277
-0.04070046
-0.05425169
0.10283755
0.09964720
-0.00883802
-0.01466556
-0.02789601
-0.09013034
0.04299001
-0.05504819
0.07215206
-0.01393248
-0.00445137
-0.15271333
0.02281998
0.28824300
0.00938360
-0.11572495
0.07848862
-0.13550091
0.00891442
-0.08365984
0.02186435
-0.10413667
-0.02858111
-0.02930348
0.09148388
-0.12573670
0.01770977
0.00581475
0.03877620
0.08368675
0.16585332
-0.00830640
-0.00917913
0.00344802
-0.14937618
-0.00042311
0.12951347
-0.09058470
-0.07051253
-0.05877357
-0.06936162
-0.06642326
0.07695319
0.06661754
0.02259984
-0.10335200
-0.06044601
-0.05250517
0.01347301
-0.07799831
-0.03977808
-0.01339532
-0.03967638
0.05891536
-0.02266242
0.08909295
-0.02630466
-0.05833365
-0.04601002
-0.04884599
0.06302465
-0.02581772
-0.08826911
0.06956841
-0.07600638
-0.02182819
0.10174390
0.08214954
0.06961522
-0.04443122
-0.01629940
0.02382600
-0.03430616
-0.03176497
0.06244862
0.08384200
0.08900516
-0.03526494
-0.04737662
-0.05717891
-0.00385218
-0.07084769
-0.07448275
0.00700229
-0.04286513
0.05146527
0.06178325
0.08440229
-0.06815781
-0.10581255
-0.01856033
0.08482537
-0.06012072
-0.04791671
-0.05942697
0.08882417
-0.01233110
-0.07500049
-0.00225278
-0.00520831
-0.01038540
0.02987104
-0.03669472
-0.08464056
-0.01158918
-0.09178746
-0.10601906
-0.09393215
-0.03784688
0.03944322
0.04038442
-0.01716780
-0.04105408
-0.13298690
0.05550912
-0.01192785
0.07115605
0.14927684
-0.01847560
-0.08737494
0.14199172
0.01376771
-0.04636414
0.11844631
-0.02976051
-0.08060674
0.02359723
-0.01551717
0.07092337
0.12279682
-0.01535334
-0.02643490
-0.05171793
0.03503311
-0.13824765
-0.08570193
-0.01140761
0.01207042
-0.11541588
-0.00396154
-0.13047367
0.08182103
-0.07627916
0.04402314
0.13196008
0.01363178
-0.00416798
0.02186108
-0.27613232
-0.03103610
-0.05575936
0.03160583
0.17198934
0.03824398
0.01326857
-0.04794262
-0.10731846
0.00114226
-0.06336599
-0.09000566
0.08077153
0.04687509
-0.02907778
-0.02546900
-0.05084350
-0.01156547
0.04753937
-0.04061241
0.02744462
0.03523936
0.01153685
-0.04870190
-0.03430684
-0.01484740
-0.01864552
-0.00330339
-0.01882472
-0.07200133
0.02319300
0.03597705
-0.02172027
-0.06848772
0.11819600
0.11183698
0.00219282
0.12692836
-0.01353265
0.03528091
-0.04879270
-0.08554756
0.07541573
0.06652343
0.09252208
0.01201375
-0.03774240
0.08879574
-0.00204953
0.01145160
0.02622277
-0.14265552
-0.09436867
0.04209111
-0.00509655
-0.00170761
-0.12886195
-0.02563209
-0.05201783
-0.05269217
-0.03258201
-0.11909450
-0.04152505
0.07624184
0.00044703
-0.02651716
0.05376203
-0.00760401
0.05494360
0.01442851
-0.00319896
-0.02079707
0.05608934
-0.21897018
0.19451590
0.09413017
0.04536289
-0.05882142
-0.06697183
-0.03738556
-0.02693694
-0.05822217
-0.01163303
-0.01372637
0.08820564
-0.10086357
0.00226999
0.12451144
-0.08025767
0.04307543
-0.09582966
-0.05312052
0.12153425
0.09859039
0.06879202
-0.01547276
-0.10325884
-0.08018325
-0.01493629
-0.00909255
-0.02503951
0.04910263
-0.01545015
-0.02802989
0.01163074
0.05995034
-0.01256985
0.06494750
0.03419319
-0.04044615
0.05523975
-0.05005844
0.06141344
-0.11774239
0.08805283
0.00967345
-0.00136999
-0.01447305
0.09479424
-0.04724044
0.10029077
0.02405261
0.12869896
0.05683374
0.00481437
0.06337482
0.10095239
0.04033866
0.03034806
-0.04998146
0.04461333
-0.03673025
-0.08031925
0.05076423
-0.00168822
0.00218144
-0.09168744
0.00055262
0.05332769
-0.05251460
-0.04622037
0.00377653
0.06167276
0.03196349
-0.06815881
-0.01879973
-0.00395273
-0.11821719
-0.01255474
0.02065735
0.04705132
0.05038114
-0.03794531
0.08047701
-0.09113467
0.06072220
-0.07876405
0.09954087
0.08668393
0.05397143
-0.01481798
-0.01990296
0.00773879
0.03477800
0.04259230
-0.04987646
0.03315009
0.00208288
0.08057523
0.01017432
-0.08879032
-0.08022183
0.03119196
0.04752259
0.01327899
-0.01521279
0.02974418
-0.06803916
-0.03564440
-0.04555641
0.07903305
-0.01025198
-0.00092476
0.07147026
0.05349817
-0.05441277
0.01313882
0.05868531
-0.08615759
0.00443730
-0.02445593
-0.08371440
-0.06185932
-0.02455859
-0.00854504
-0.02623758
0.08910739
-0.02182705
-0.01725011
-0.07284474
0.02981418
0.06682340
-0.04279939
-0.03164674
-0.02488540
0.05825775
-0.07684714
-0.00665574
-0.09553345
0.02640081
0.06515080
-0.06350477
0.12187987
-0.10793649
-0.00721305
-0.05882183
-0.12840420
-0.06758532
0.09739076
0.03895348
-0.05601084
-0.09468716
0.00273750
-0.09628355
-0.00292783
0.00826341
0.12439734
-0.09637557
0.09232366
-0.12862067
0.04378529
0.05365618
-0.05646965
-0.01727454
-0.12364307
-0.10217636
-0.01207444
-0.01602162
-0.01499418
0.03822348
-0.06867471
0.09217609
-0.04967677
-0.02585755
-0.02038429
-0.08538081
0.08733445
-0.00464126
0.03541386
0.05500897
-0.08585221
0.01011906
0.04883181
-0.04378856
0.01324619
0.03062777
-0.00352319
0.10570657
-0.03304197
0.04913448
0.18968612
0.02412794
0.00584918
0.03778376
0.11274648
0.06001585
0.18713146
-0.04059492
-0.09271621
0.01622025
0.02646530
-0.03649157
0.07922935
-0.01013180
-0.12086981
0.05651807
0.11104717
0.06830645
0.02617486
-0.06688916
-0.00669017
0.02072623
-0.13108279
0.08973006
0.01169111
-0.04443700
0.05341777
0.01536449
0.13012333
0.13349321
-0.03670885
0.07424448
-0.12317667
0.04973600
-0.08124755
0.07111116
-0.01135447
-0.00528482
0.16447516
-0.07746654
0.00039417
-0.08932982
-0.00082390
-0.03863436
0.02230779
0.11848847
-0.11207930
-0.10870612
0.04583293
0.04525778
0.03232307
-0.02526887
0.00774124
-0.01134166
-0.05838936
0.01033583
0.03499063
0.01765195
0.00859982
0.07848679
0.01767115
-0.05579114
-0.04358082
-0.01856877
0.10594743
-0.00425566
-0.14445516
-0.03592764
0.05892689
-0.08360436
0.09043092
-0.04965262
-0.13916732
-0.02785681
-0.08771976
0.02112819
0.11338010
0.05479744
-0.08798481
0.02567436
-0.02072416
0.09546540
-0.13394094
-0.01463276
0.04178302
0.05628504
0.01451298
0.05188896
-0.04442498
0.01882596
0.02475639
0.08310784
0.00644119
0.04231957
0.08115026
0.03937519
0.04810750
0.12147362
-0.04732011
0.01017813
0.00959710
0.03970130
-0.05331870
-0.03655366
0.09975161
0.03068610
-0.08690259
0.11143734
-0.08872047
-0.21111730
-0.01601839
-0.03724654
0.04077494
-0.00782511
-0.06758032
0.07802502
0.05248833
-0.04690174
-0.03085566
0.03342286
-0.07728021
-0.09788680
0.10526037
-0.15734580
0.07192875
0.00323739
-0.05030749
-0.00361783
-0.04001104
-0.07170252
-0.08797806
-0.05157505
-0.15516074
-0.16931674
0.03843352
-0.02754882
0.02891592
-0.03702137
-0.03960802
0.02122948
0.13307664
0.07653622
-0.03941902
0.13237293
0.04664311
-0.13573328
0.07590016
0.07432836
-0.02482615
0.21770257
-0.01206263
0.09086134
0.11346536
-0.05086700
-0.07059316
-0.02870585
0.03097866
0.07409019
-0.15095040
-0.09410837
-0.14137116
-0.01043975
-0.04444666
-0.02314424
0.02899989
-0.07695363
0.01713322
-0.16142917
-0.06550330
0.00547396
-0.04727378
0.14098594
0.16866125
-0.03045090
0.05448454
-0.02826151
-0.06086268
-0.09204984
0.07801276
-0.00141220
0.09536063
0.13993265
0.11147368
0.01521376
0.03496480
0.01002617
0.13849422
-0.09428398
0.11598475
0.05890593
0.16427121
-0.00980565
-0.06358061
0.04761009
-0.03352232
-0.01306020
0.07985985
0.06768788
0.07760069
-0.08456755
0.02574287
0.05136769
0.07822601
0.07970940
0.04224645
-0.06227163
0.06603876
0.01726163
0.05415679
0.00208236
-0.00676844
-0.00799506
0.15787996
-0.05082927
0.14921477
-0.05333206
0.05902229
0.09400576
0.03265329
0.01562421
-0.03714387
-0.03741883
0.03510315
-0.08476918
0.00753161
0.16208959
0.02651631
-0.15778705
0.17503136
-0.10706097
0.03124597
-0.02933537
0.00402153
-0.01447867
0.00317306
0.22795229
0.04421866
-0.13403498
-0.07909527
0.09325908
-0.07197466
0.01976747
-0.11012132
0.04791475
-0.00463265
-0.03635643
0.05438840
-0.00670740
-0.20222135
0.08817074
-0.00580428
-0.07840230
-0.05953952
0.07557857
0.08376414
0.08017247
-0.06231794
0.07085167
-0.06984144
0.07202443
-0.01119148
-0.00612403
-0.07033791
0.00385484
0.05456970
-0.14067717
-0.00626230
0.04786572
-0.03327897
-0.03045600
-0.06038126
-0.04123600
-0.05716389
-0.07448147
-0.04353572
-0.10075094
0.06918649
-0.10354234
-0.04191962
-0.08070149
0.04833585
-0.05933311
-0.00551940
-0.05693544
-0.01421843
0.04022421
0.07541067
0.10509353
0.01825965
-0.05429855
-0.01678047
0.04339579
-0.09027437
0.06397760
0.09744170
-0.11215533
0.10261901
-0.03810018
-0.06074294
-0.00882146
-0.02177975
0.12131761
-0.09052762
0.00124417
0.06835563
-0.08232256
-0.05637170
0.02162847
0.10971296
-0.03324221
0.04089727
0.06753384
0.00040968
0.02648328
0.08098938
0.01133657
0.04958878
0.09321199
0.00293953
-0.05079839
0.11399090
0.07347064
-0.13079207
0.05731769
0.08763209
-0.05347290
0.07199054
-0.06462368
-0.07723270
0.04140988
-0.01659302
0.03243226
-0.02097384
0.01158993
0.04220811
0.04880794
0.01401221
-0.03790785
0.06009549
-0.19307086
-0.02917597
0.00170990
0.00711679
0.15404968
-0.07552564
0.10386361
-0.03208990
0.10405628
0.07441373
-0.02891489
0.12030898
0.05840084
-0.04388425
0.08569947
0.02163045
0.15721025
0.06413539
-0.13688239
0.07454237
-0.04348282
-0.02333561
0.07677458
-0.13898784
0.02204066
0.03124006
-0.04710625
0.02839915
-0.04504721
-0.04494096
0.10491002
0.05705409
0.07973719
0.09295368
-0.11249711
0.06093723
0.06727829
0.05630462
0.09258494
0.00345190
-0.03677136
-0.03426261
-0.01617885
-0.06029997
-0.05993631
0.04694991
0.02264452
-0.07255361
0.00032825
-0.00764488
-0.09941828
0.08729174
-0.05581161
0.04960036
-0.09306517
0.07842585
-0.08602314
-0.03830808
0.15695693
0.07927866
0.03013237
0.01471072
-0.00477234
-0.02871257
0.12375075
0.00827632
0.08963326
-0.11386437
-0.13360646
-0.09232657
-0.13762788
0.06556138
-0.12558942
-0.07119241
0.07948483
0.08585669
-0.08531448
-0.14130290
-0.10465889
0.00115188
0.10131972
-0.16952720
-0.06702799
0.07877540
0.04575590
0.04133108
0.15316081
-0.11806444
-0.01490868
-0.01991540
0.01133701
0.09427918
-0.12746909
-0.03559601
-0.04909833
0.19985761
-0.15484387
-0.06788769
0.10446802
0.03319493
0.13818151
0.17226149
-0.15871730
0.03230013
0.00876858
-0.00215189
-0.09556162
0.02838088
-0.08434151
0.19713627
0.03098532
-0.06021201
-0.08838647
0.13385011
0.09908301
-0.01929160
-0.03826411
0.00706655
0.09131926
0.01101232
0.00340856
0.03839919
-0.02242726
-0.06652764
0.20899440
-0.02241425
0.00227661
-0.05010279
0.13402751
0.11994593
0.10544722
-0.01239652
-0.09188020
0.07194076
-0.02915902
-0.00540761
0.08496413
-0.13510947
-0.13046502
0.03625320
0.06167918
0.05878723
0.01747886
0.07845393
-0.10472740
0.03299340
-0.05039506
0.08913171
-0.03804818
0.11795185
0.09768538
0.02508751
0.03923230
0.02094075
0.00331567
-0.08377355
0.05600373
0.02906751
-0.03358890
0.02168803
0.03428752
-0.01862889
-0.05855894
0.04718980
-0.02140469
-0.09455866
-0.04800152
0.10487538
0.04470548
-0.00646724
0.01359791
0.04408827
0.05530167
0.06020605
0.08546735
-0.08025566
-0.05343265
0.09826531
-0.08315788
-0.03350526
-0.05852594
-0.01332073
0.06164724
0.05652089
0.06493634
0.04680688
0.02022381
-0.06575940
0.01427072
-0.02698235
0.01118049
0.06126978
-0.02229309
0.08463696
0.01138429
-0.02065377
-0.00215865
-0.06265187
0.02194428
-0.08532909
-0.00916445
-0.09123084
-0.07067900
0.07203078
0.02021364
-0.03680313
0.16622174
-0.09390920
0.01003821
0.15013078
0.04826628
0.03264795
0.08932680
0.10452151
0.10403688
-0.03199994
0.20551907
0.02106062
-0.15930617
0.04999020
-0.11084434
-0.02206852
-0.09231330
-0.02964941
-0.08432972
-0.07717152
-0.12425406
-0.09430078
0.06413998
-0.08683226
0.03523421
0.02677796
-0.06760266
0.13132037
-0.05049086
0.12895980
0.08745711
-0.10681564
0.04573487
-0.06565301
-0.02862134
-0.00648846
-0.23123559
0.02588195
-0.07925575
0.14133479
-0.18285826
0.04942450
0.02601163
0.04244841
0.17560765
-0.06818761
-0.06916706
-0.03864391
0.06000467
0.13206021
-0.01524356
0.04614456
0.09876650
0.13197877
-0.04029933
-0.05856754
0.11835303
-0.05702231
0.03703211
-0.17095749
0.00152633
0.03900285
-0.05940055
0.03190830
0.17664690
-0.08849171
0.03389572
0.14794603
0.02211179
-0.11257433
0.04924577
0.05442636
0.12344845
0.02025082
-0.02326934
-0.07620872
-0.09162295
-0.12015650
-0.06884325
0.06469453
-0.00049762
-0.07281692
-0.01638770
0.00372254
-0.06303038
0.12314043
-0.01682919
0.09449393
-0.16170573
0.08820195
-0.09997804
0.07191954
0.07074768
0.19759724
-0.05753655
0.00411565
0.10672913
-0.03618786
0.04083931
-0.08485077
-0.14429763
-0.07646947
-0.03646243
0.09418900
0.04666723
-0.01856524
-0.06100685
-0.08726579
0.07224634
-0.02362726
-0.00414236
-0.02956691
-0.01198379
-0.02509623
-0.04068989
-0.05194484
0.06055429
0.01932906
-0.13931596
0.05639211
-0.10250507
-0.06970027
-0.04013810
0.06751834
-0.10265581
-0.01654384
0.07273784
-0.08571644
-0.03070317
-0.03509060
-0.06322198
-0.08951423
-0.06025524
-0.02380621
-0.04391703
0.08710391
0.02166131
-0.00213344
0.02476900
-0.03451840
-0.06937107
0.04728853
0.01081424
0.01682353
-0.04836307
-0.07401147
0.05201405
0.08454927
0.06166342
0.06403614
0.04872289
0.03872347
-0.00438897
-0.01489127
0.09663916
0.06734905
0.08673828
0.00122988
0.06985655
0.13920730
-0.13821614
-0.10258365
-0.05486427
0.02962976
-0.18936425
0.07943867
-0.09681380
0.11595792
0.04114912
0.07576497
-0.09508780
0.01507100
0.00807662
0.01848901
0.00773438
0.00997344
0.03035282
0.04601233
0.00246183
-0.00614575
0.04540348
0.04651169
0.08893102
-0.01850462
-0.06115615
-0.09354331
0.09105155
0.01264259
-0.04919318
-0.05509751
0.02784903
0.04667301
0.01158056
0.08614275
-0.02650186
0.06998061
-0.05343606
0.09613204
0.07274757
0.07285002
-0.07901050
-0.09620102
0.09299095
-0.07857165
-0.01202679
-0.06485547
-0.02042361
0.08660218
-0.05464191
-0.08905095
0.06786940
0.02315743
0.08530362
0.03580357
0.06071902
0.06612054
-0.05150820
0.07461619
0.00249334
0.09627195
-0.00179426
0.08022167
0.00651037
-0.09465638
-0.03066750
-0.00826743
-0.01097767
0.03336959
0.01367607
0.06098929
-0.05276467
-0.09939728
0.07074943
0.06829447
0.06209654
0.04934418
-0.00556063
0.02421493
0.00797864
-0.13776858
-0.07966201
0.14615442
0.03743403
-0.10167807
0.05598024
0.03114915
-0.16834810
-0.04298278
0.00905025
-0.01724222
-0.00635795
-0.16657543
-0.06083003
-0.05810254
-0.10728399
-0.12088294
0.18216814
-0.01856317
-0.04597074
0.02606657
0.04831503
-0.01317424
0.07780270
0.08253076
0.16402617
0.19591740
0.12174288
-0.12899579
-0.01990521
-0.09494597
-0.05244236
-0.05899331
0.03496181
0.11674847
-0.11765718
0.14147048
-0.02662615
0.10370898
0.19803759
-0.01276276
-0.20246537
0.06322947
0.03588055
0.04558016
0.11998960
0.07043360
-0.01611648
0.03863806
-0.06399830
-0.01466534
-0.12155922
-0.03979315
0.04877257
-0.05175219
-0.07207868
0.17369105
0.08368988
-0.00199198
0.01242634
0.03428085
0.04543695
-0.01312288
0.06461293
0.10475872
0.11337422
-0.05373125
-0.06258735
-0.02691273
-0.00410828
0.01816736
0.01963314
-0.04321100
-0.05629360
-0.04134421
0.13160963
-0.02265261
0.10399719
0.06904487
-0.04314440
0.07627091
-0.16079068
0.00093506
0.06872609
0.03716080
0.00182649
-0.00574207
0.11552151
-0.02843496
-0.24566106
-0.14804657
-0.06786489
-0.04159455
-0.03324001
-0.04845497
-0.00744398
0.07229143
-0.02978460
-0.07354978
-0.05010637
-0.18754977
-0.16621114
-0.06792549
-0.01809810
-0.02258650
-0.04519411
-0.09934403
-0.00995856
-0.07177903
0.03977121
-0.08165172
0.04911202
0.04292540
-0.02082350
-0.10340879
0.10950577
0.02471125
-0.09559142
0.11560370
-0.03691237
0.00722169
-0.14029396
-0.06942439
0.07321613
-0.08027082
-0.07502139
0.05892656
-0.02905282
-0.06919486
-0.12266045
0.02370861
-0.05034363
0.00752753
-0.04565714
0.15286081
0.03977551
0.07268777
0.07851517
0.01797632
0.03176085
-0.01206230
-0.05364950
-0.06167721
-0.02633940
-0.02196621
-0.04235362
-0.07746539
-0.04997589
0.10855871
-0.11239959
-0.00112982
-0.00681622
0.03232519
0.07926733
0.08882216
0.08528862
0.05423117
-0.12879455
0.03201000
0.03383376
0.02669909
0.08868535
-0.10259428
-0.01352998
-0.06318531
-0.05177039
-0.06360298
0.05081198
0.01045972
-0.02385106
-0.02002301
-0.09365282
-0.06684040
-0.05437706
0.01582299
-0.08241871
0.03432196
0.08873273
-0.03731189
0.03878217
-0.03528201
-0.07625083
0.05295563
0.03476766
0.00641245
-0.10895729
0.06715710
-0.03382818
0.01570692
0.08374652
-0.06433154
0.06831026
-0.09401953
-0.05891463
0.14763963
0.07622682
0.10263345
-0.09703252
-0.01872958
-0.06690644
0.11704570
0.06708293
-0.05776639
-0.00241039
-0.03150119
-0.02265316
0.03205283
-0.01210625
-0.08225398
0.06459504
0.02157592
-0.01490335
-0.02760985
-0.05521194
0.03337872
0.12562245
0.09935408
-0.07596827
0.13918331
0.00294343
0.04926462
0.08697584
0.00333164
-0.02230536
-0.00111087
0.02698069
-0.02440771
0.06075508
0.11924160
0.01954249
-0.01071283
0.09816425
-0.07690896
-0.06460770
0.01085391
-0.05698045
-0.01202564
-0.05041978
0.01424304
-0.02941570
0.07961421
0.09980805
-0.08857366
0.00448946
0.00184428
-0.02949805
-0.07443374
0.04956499
0.00404262
0.06457850
0.01634146
-0.10235968
0.10730579
0.06741129
-0.00980394
0.00857947
0.07934973
0.09777637
-0.09567213
-0.11813218
0.02331534
0.04861677
-0.11889655
0.01774069
0.02865678
-0.10844786
-0.08906128
-0.09244114
0.17319392
0.08728347
0.10478890
-0.02090507
-0.04344039
-0.00556731
-0.05260815
0.16172810
-0.08859774
-0.01018280
-0.04370216
0.00931236
-0.01428517
-0.03693375
-0.10033309
0.00745452
-0.01311451
0.08485655
0.07908323
-0.10097018
0.06894277
-0.07342974
-0.03999311
0.06260073
0.03903347
-0.03351967
-0.09324221
-0.03410275
0.11115345
0.04633069
0.02064388
0.01751399
0.00645598
0.06602897
-0.00190003
-0.02151612
0.06786244
0.00242755
-0.11768670
0.05907093
-0.08173792
-0.07048494
0.07005645
0.02284084
-0.07856864
0.09419042
0.04231491
-0.08513404
0.08676274
-0.00596178
0.05951088
0.02964678
-0.02787731
0.08991756
-0.12606549
0.03074138
-0.08966868
0.03180842
-0.04147866
-0.01648693
-0.02353429
0.04702988
0.01208814
0.12431503
-0.11253980
0.05698124
-0.07662128
-0.01611408
0.04511144
0.01495301
0.06294233
-0.00208976
0.03160274
-0.07816806
0.01327398
0.00668299
-0.00667542
-0.07326240
0.01584799
-0.12261397
-0.03470178
0.13326748
-0.10683876
0.02756267
0.03823871
-0.09527988
-0.02963571
-0.07755814
0.08014837
0.14533845
0.05597361
0.01193318
-0.06724247
0.12417621
-0.01872577
-0.04478275
-0.02857107
-0.05610498
0.03848672
-0.01063325
-0.01234570
-0.02420690
0.12026677
-0.11564732
-0.05394981
0.13794085
-0.02038944
-0.05182677
-0.03853998
0.00844573
-0.01594931
0.02868365
-0.04345524
-0.06816614
-0.07541361
0.01991980
-0.07330772
-0.13194054
-0.15192446
0.12874709
-0.09542983
-0.05145638
0.02935584
-0.12547928
-0.05368685
-0.08910826
-0.05761266
-0.06849776
-0.00952149
-0.02770730
0.07044468
-0.00875466
-0.10117606
0.01100138
0.09289496
-0.00243314
-0.07964060
-0.07845017
0.11074924
0.05951377
0.13497864
0.16220851
-0.01655655
0.04818371
-0.10225473
0.00706206
0.03342719
0.00792214
0.04547650
-0.03266129
0.01138318
0.08083633
0.05489701
0.11024389
-0.01462354
-0.04052105
0.01983658
-0.06170036
-0.08011422
-0.01963193
0.10663222
-0.04784660
-0.00485319
-0.00624156
0.00847529
0.07436649
-0.00690585
-0.00361251
0.07943471
0.14219984
0.12830402
-0.07934696
-0.00404125
-0.02610543
0.06451879
-0.15682627
0.01857608
-0.03682680
-0.06481539
0.14726456
-0.05750376
0.13820636
-0.02103240
-0.03237110
0.01401320
-0.08162649
0.07978137
-0.04950361
-0.02394762
-0.09200169
-0.02898218
-0.03692179
0.00578389
0.10940421
0.05907907
0.02599999
0.03507886
0.03211590
-0.05074761
0.10635994
0.01806168
-0.06359834
0.07630257
-0.04524101
0.09287185
-0.09003184
-0.06033407
-0.00817116
-0.01129464
0.06999424
-0.09815200
0.04928989
-0.03909465
-0.03030245
0.10778812
-0.00330558
-0.07957202
-0.04364976
0.03404803
-0.13307458
-0.05568321
0.06643295
0.01989347
-0.03464847
0.06087722
0.06871377
-0.12552029
0.07378861
0.12491218
-0.10624680
0.01390942
0.10053681
-0.05228624
-0.02088514
0.03648292
-0.08328941
-0.02008813
-0.06398883
0.08451214
0.06229166
-0.03672211
0.03710741
-0.09017640
-0.04550742
-0.02243711
0.00026627
0.02179868
0.12393177
-0.15244691
-0.00284145
-0.02468325
0.00398678
0.02936189
0.00764482
0.00993897
0.04883911
0.16501668
0.07878936
-0.11045894
0.01795583
0.00898412
-0.18739021
-0.04727814
0.17084318
-0.15421155
0.07236049
0.02734589
-0.11356594
-0.11837803
-0.16434601
-0.13479742
-0.20985049
-0.12132692
-0.04125766
-0.09258796
0.02399422
-0.04394809
-0.15068397
0.00937276
0.05827708
0.07923435
0.16055189
0.05024366
-0.03699715
0.12365688
0.01886003
-0.03287177
0.08386037
0.11209556
-0.04369143
-0.10853710
0.00138537
-0.00071341
0.09489776
-0.06534411
-0.22740969
0.03351795
0.26356804
0.03781233
-0.08639132
-0.06391320
0.02195525
0.06446569
0.08214150
0.04263222
0.01906419
0.01620894
-0.06479995
0.00480730
-0.08822884
-0.04666430
0.09956053
0.05902970
-0.07445569
0.02739184
-0.10651020
-0.03371520
0.00041181
0.00951896
-0.05500052
-0.14551821
-0.07724036
-0.01747898
0.03371676
-0.02824101
0.08107745
-0.06040914
0.00563910
0.05630875
-0.00978791
0.05785841
-0.01879528
-0.00553690
0.10676026
-0.04499362
-0.00864047
0.04527182
-0.00239420
-0.04634335
0.04521664
-0.02660222
0.05810174
0.04890370
-0.10575463
0.07000111
0.05057538
0.03172646
0.06341200
-0.00116419
-0.03209160
0.05483601
-0.09387112
-0.06953858
-0.10049541
-0.09339120
-0.04503331
0.02155384
-0.05425338
0.06924427
-0.21438318
-0.04571257
-0.06516702
-0.10698289
0.01356440
-0.08740032
0.08114024
0.04408824
0.05987858
-0.01864215
-0.05588393
-0.01131952
-0.01812110
-0.00481164
0.05791763
-0.00974236
-0.04907473
0.04196868
-0.09239629
-0.02259053
-0.00112493
0.00116168
-0.01559396
-0.01248495
0.02059385
0.06056191
0.09202372
0.01929920
0.05924740
0.09679945
0.10823885
-0.03838544
-0.03418463
-0.02561120
-0.03953058
-0.02447105
0.08545820
0.06041941
0.05273119
0.00615270
0.03748576
-0.01223201
-0.10053108
-0.03315238
0.04125257
-0.00772138
0.05780224
-0.11515006
0.01488238
0.08043397
0.09118130
-0.06213595
0.01942550
-0.04656987
-0.11305213
-0.03726110
-0.08088692
0.02329522
0.05459850
-0.03093826
-0.05005102
-0.10031390
0.12680855
0.02092900
0.00830623
0.01495992
0.00461243
0.02074257
0.04050661
-0.02712159
-0.02469453
0.04201518
0.03102220
0.03840924
-0.05223840
0.01539364
0.00229142
0.09282739
0.10743304
0.02252446
0.08564137
0.02986877
0.00037596
0.05496902
0.07541733
0.07735083
0.12735009
0.02251865
0.00058564
-0.10806311
-0.00220897
0.07904198
0.09000476
-0.06614058
0.07152392
-0.08867545
-0.09657435
0.09180126
-0.03755870
0.08474234
-0.04680030
0.07204927
-0.03683466
-0.01367978
-0.07238543
-0.05929689
-0.12976460
-0.03754024
-0.01822509
-0.10805918
0.06227848
0.11034846
-0.05823186
0.05534163
0.00106006
-0.02358558
0.06577681
-0.05484437
-0.06871179
0.00648593
-0.12029513
0.10192941
-0.07041635
0.05737234
-0.01052264
-0.08909743
0.01478753
0.08729322
-0.05247689
-0.00902135
-0.05117332
0.05814647
-0.07335094
0.02634672
-0.02278194
0.02246425
0.04026959
0.03944745
0.04135014
-0.09194557
-0.12327927
0.07087362
0.16051400
-0.04583577
-0.07706127
-0.01291104
-0.04198717
-0.07544776
0.14004524
0.07979728
0.01507669
-0.04246528
0.07970452
0.07940830
0.07678370
0.06015686
-0.05570809
-0.01791362
-0.02106627
-0.05235084
-0.01478067
0.08635501
-0.03802839
0.02961182
0.02583550
-0.08373516
-0.12341314
-0.07818114
-0.05571728
-0.09117047
0.00774207
0.00348004
0.01468737
-0.10417021
0.05350878
0.13853492
0.08717797
-0.04562296
0.13610342
0.04866799
0.11594697
-0.09440964
0.04283953
-0.04273659
0.12639816
0.04863381
-0.04605616
0.05673481
-0.03370287
-0.04497543
0.07840259
-0.05285180
-0.00711610
0.06231981
0.02319809
0.03855857
0.00784924
-0.07502604
0.05859493
0.07537559
0.08397507
0.05418631
-0.03731503
-0.10606128
-0.03520546
0.08023690
0.07137631
0.02703701
0.02307675
0.03863209
-0.01706380
-0.16602975
0.13586107
0.00140699
-0.03586407
0.03902955
0.13793464
0.02129929
-0.01199362
0.00993788
0.04988775
-0.04384565
0.00405625
-0.04447636
0.09968118
0.09470069
-0.05309334
0.08254156
-0.01011223
-0.07027534
-0.14218791
0.06268561
-0.06892949
-0.03434062
0.00668060
-0.04296359
-0.02093749
0.01607587
-0.00283790
0.04091021
0.01447256
0.11402147
0.07647637
-0.01364788
0.18039022
-0.04438031
-0.00207291
-0.03562634
0.14041869
-0.11116080
0.09801352
0.03529060
0.07182112
-0.02874798
0.08957800
-0.09977717
-0.01450320
0.05367920
-0.04387422
-0.00565753
0.06558687
-0.01514533
0.13684709
0.02017101
-0.07827610
0.08437093
-0.03527522
0.03039687
0.06249746
-0.06951031
0.02924156
-0.01220718
-0.06666309
-0.01582518
-0.04080345
-0.01974310
-0.19665998
0.01128295
0.05527594
0.07769740
-0.02188982
-0.06884487
0.04042817
0.00825495
0.03648145
-0.05797187
-0.00638770
0.03923779
-0.15024282
-0.02063588
0.06974194
0.07138326
-0.06703424
0.10718860
0.10049852
0.06745563
0.08039685
-0.05989625
0.07655590
-0.02954686
-0.09138766
0.06914146
-0.08248410
0.04444392
0.05280551
-0.06962210
-0.05020838
0.00033700
-0.09799754
0.08774268
-0.06157097
0.03118893
-0.21162954
-0.16777211
-0.00905596
-0.06687053
0.05336203
0.07811499
-0.03581674
0.06272177
-0.00855627
-0.11441209
-0.12667914
-0.09404129
-0.02835527
-0.01833836
0.07259632
0.01450068
-0.10996149
0.06963032
0.04572235
-0.09179633
-0.03186307
0.01536324
-0.09079304
0.06466579
-0.03096016
-0.01508942
0.01220411
0.01442021
-0.05956546
-0.01395130
0.00484094
0.02968922
0.00214572
-0.04538987
-0.10954906
0.00610137
0.00108317
-0.01632105
0.07336605
-0.04150322
0.00367818
0.08279506
-0.00050468
-0.05554578
0.04889428
-0.08816506
0.01330987
0.01197647
0.03182501
-0.03891204
-0.00813894
0.02953111
-0.02203711
-0.06223455
0.03014171
0.03669087
-0.04538622
0.04598351
0.10812131
0.09306412
0.07905840
0.00002379
-0.10727222
-0.05979011
0.00108777
0.08224843
-0.04281487
0.13126230
0.05438910
-0.03043151
0.02635625
-0.02221898
0.09067969
0.07162540
0.02926265
0.10188198
0.01341487
0.00754472
-0.05563647
-0.03382028
-0.02513739
-0.02857666
-0.08770772
-0.05248402
-0.06218836
-0.04772503
0.04190915
0.01817418
0.02773708
0.00427722
0.07151490
0.05077427
0.02150089
-0.06213775
0.02555448
-0.03488890
0.05123130
0.02799938
-0.03642859
0.06012268
-0.03953131
-0.06656829
0.03515914
-0.01136722
-0.05693476
0.06679882
-0.03198474
-0.03206918
0.05403510
0.03007449
0.05937301
-0.06526943
-0.07068843
0.08880546
0.08452336
-0.02026019
0.07657740
0.02851135
0.07770406
0.06068165
-0.07322304
-0.00996044
0.04170445
-0.03298362
-0.00322862
-0.07407904
0.00194818
-0.00521984
0.00288810
0.08025075
-0.02754252
0.04648988
0.02410035
-0.06335581
-0.10192206
-0.03890383
0.08861811
0.06886114
0.01806122
-0.07056318
0.05275305
-0.05109016
-0.06158504
-0.06948605
0.06491950
0.06181446
0.04889696
0.06108080
-0.04257892
0.02210116
0.01623248
0.10515799
0.10196634
0.08816887
0.14859353
-0.05693727
-0.06386279
0.13452263
-0.02163048
0.00455579
-0.08159848
-0.01268901
0.14572980
-0.09779616
0.05438991
0.01034129
0.08707742
-0.04015965
-0.03478340
0.02482649
-0.04912599
0.06769928
0.06748445
-0.10576118
-0.17935459
-0.03337204
0.00158023
0.09766546
-0.03857550
-0.06121951
0.00969231
0.04303896
-0.05556097
0.16028588
0.12912029
0.13111539
0.08176655
-0.00300605
0.04213848
0.13442495
0.01779187
-0.11204020
-0.02979656
0.07077593
0.08151257
-0.12293523
-0.06053122
-0.11339034
-0.09977107
-0.13893335
-0.12972692
0.05992115
0.10380498
0.09189450
-0.10737106
-0.09188427
-0.04265617
0.12420826
0.01709832
-0.02929838
-0.04878409
-0.02775669
0.02717120
0.02487883
-0.05871844
0.04607086
0.09450464
-0.03060428
0.07830194
0.03664422
0.12288667
0.05425781
0.00793334
0.00822662
-0.08465954
-0.07659326
-0.04387194
-0.10120176
-0.06300079
-0.09610666
-0.01617641
-0.06488292
-0.05199238
0.09029695
0.00972788
-0.09272006
-0.03367161
-0.08878136
0.07304797
0.11575857
-0.05225913
-0.03634615
-0.05960446
0.03594463
0.07664368
-0.02718066
-0.02560107
-0.03685806
0.18171056
0.17775424
-0.02440663
-0.05834226
-0.07865431
-0.04036899
-0.00446051
0.09098201
-0.02878122
-0.09794454
0.11553982
0.15672541
0.07558594
-0.06361392
0.03922063
-0.03968749
-0.08418746
0.02251991
-0.00987928
-0.03774536
-0.00035007
0.12823972
0.06181803
0.01173075
0.00519429
-0.16285199
-0.01714164
-0.10643533
0.02190120
-0.07600889
0.00448635
-0.12445944
0.14930959
-0.04086816
0.25810149
-0.13117701
-0.04144582
0.10783380
-0.12396543
0.00658142
-0.13260739
0.07100935
-0.09319576
-0.00715210
-0.03805530
-0.11749643
0.14451467
0.06540070
0.11013133
-0.11987185
0.05158344
0.01398622
0.08109939
0.02218063
-0.02774221
0.12368346
-0.03044641
0.12347490
-0.06027653
-0.04011118
-0.00212728
-0.04502994
-0.07324661
0.12227461
0.11685566
0.00809241
0.02297960
0.10515275
0.04670625
0.10561482
-0.02473218
0.02686047
-0.04820756
-0.00686922
0.01546407
0.05083394
-0.01593251
-0.00295746
-0.08470261
-0.02354088
-0.14392070
0.05065542
-0.00343423
-0.04465689
0.03936044
-0.15943393
0.07285332
0.16165489
-0.16681202
0.03929002
0.05290880
-0.10491852
-0.11942805
-0.09557521
0.03803952
0.10068552
0.01874261
0.00187054
-0.04705338
-0.10049704
0.06519908
-0.01680725
0.05878025
0.08250450
0.01277739
-0.10386126
-0.01332545
0.06678976
-0.05557116
-0.00509111
0.03481965
0.05800462
-0.04609350
-0.02100956
0.04968275
0.07872725
-0.04365847
-0.01499757
-0.07622690
-0.01320388
0.06728622
-0.03351104
0.06207980
0.09088503
0.04261096
0.05239137
-0.00889688
0.08903255
-0.00231827
0.02008904
-0.01209578
-0.02054787
0.03713308
0.03732537
0.04252006
0.05507189
-0.06231867
-0.00892255
-0.01391969
0.06734646
-0.04817821
0.01627599
-0.03620332
0.02169281
0.10763050
0.04186580
0.09048724
0.10885213
0.04958025
0.01665741
0.05558258
-0.03153739
-0.06931679
0.11453561
-0.04613454
-0.09973197
0.01082210
0.11242056
0.16740902
-0.14482294
0.04762954
-0.10400142
-0.01642652
0.05759117
0.12177737
0.01168511
-0.00189572
-0.06703374
-0.07096721
0.10208020
0.05261679
0.04534944
-0.06574660
0.06291439
0.07364334
0.04135054
0.12256172
0.02331281
-0.00254092
-0.09948003
0.01942138
-0.12261533
-0.11524317
-0.06153014
-0.07960574
-0.04956464
0.06174463
0.00728522
0.00160150
-0.07928293
-0.10251547
0.08763116
0.07481170
-0.02175714
-0.01882907
-0.06090776
-0.04856043
0.02653355
0.10845406
-0.07573064
0.03113189
0.00484824
0.07817512
-0.16849723
0.02157185
0.02529806
0.05512770
-0.10270644
-0.03101458
0.08395457
0.10545132
-0.00510917
-0.01552266
-0.13051037
0.10707004
-0.05067362
0.08065738
-0.02407389
0.09154805
-0.09394621
0.02070973
-0.11161139
-0.00975894
-0.07335345
-0.05589294
0.07426073
0.06524170
0.03431019
-0.10954626
-0.11756664
0.06152298
0.00461253
0.03655912
-0.03107902
0.11329458
0.02035828
-0.07317191
0.04560963
0.06925039
0.00907835
0.03146586
-0.06502414
0.04203045
-0.04400065
0.09286407
0.12100847
0.07278437
0.07887752
0.00259949
-0.03753529
0.00463345
0.04328583
-0.11711636
-0.10375890
-0.15092967
-0.01271470
-0.02825201
-0.01489533
-0.12250680
0.07871149
-0.08181355
-0.03942895
-0.12568910
0.01190396
-0.14114502
-0.16049400
-0.01486275
0.07219070
-0.00485178
0.04252344
-0.03868438
-0.00027698
0.00251761
-0.04059406
-0.15392736
-0.06272744
0.03831199
-0.03482135
0.08587261
-0.04488622
-0.13137004
0.01249542
-0.02605677
0.02140323
0.02354126
0.02925130
-0.04922379
-0.19453621
-0.25210956
-0.07790966
-0.08370405
0.10182581
-0.03559370
0.01043944
0.11087003
-0.12207121
0.07879246
-0.01631521
0.11274461
-0.05116776
0.04076790
0.14151245
-0.13736327
0.04171658
0.02040957
0.07479975
0.09451149
0.10535177
0.05487854
0.02057694
-0.04767468
-0.08741253
-0.11131948
-0.02065938
-0.08250440
-0.09577474
-0.00143556
-0.06144333
0.02079351
-0.10226762
0.02912010
-0.11169486
-0.09289714
0.01768283
0.07156124
-0.06410907
-0.07621441
0.03177619
-0.08209160
-0.07991624
0.06248378
0.01071332
0.05441047
0.00035433
0.09746990
0.05208033
0.05689586
0.06340022
-0.08596075
-0.05369285
-0.05566133
-0.00660572
-0.04473747
-0.08038469
-0.01812907
-0.08990195
-0.04389671
0.04017891
0.10488763
-0.13209319
-0.14512078
0.03322022
-0.00383560
-0.10496915
0.04904392
-0.03351756
-0.14416245
0.01153464
0.02638382
0.01949262
-0.06542832
-0.10072701
0.03908110
-0.00521294
-0.11914916
0.04057688
0.07398405
-0.08991045
-0.07423002
-0.08893257
-0.08411879
-0.06511606
0.02946188
0.01534891
0.06442160
0.04382159
0.06677190
-0.05212121
-0.11281586
-0.07297837
-0.12282898
-0.02720948
-0.06448808
-0.10671945
-0.03597034
0.08496441
0.02114854
0.02560787
0.03778535
0.10125215
-0.11100968
-0.00713086
0.05742187
0.01415574
0.14740314
-0.03360353
-0.06654368
0.15887114
-0.03043829
0.00701113
-0.08012145
-0.04089090
-0.18182012
0.07601727
0.03230803
0.05433260
0.02194322
0.00158939
-0.00566362
-0.10028499
-0.07228662
-0.05852307
0.12589225
0.15995479
0.03265991
0.02158597
-0.03049496
0.09030527
0.14420180
-0.02635805
0.18606049
0.04333397
0.05018863
-0.08364721
-0.03688332
0.04886989
0.14264150
-0.13907352
-0.02239619
-0.04135523
-0.13816947
0.01577593
0.00143542
-0.11391697
-0.08862156
0.13862538
-0.08581206
0.00271536
0.05007123
-0.00882947
0.04574454
0.01835031
0.11670225
-0.10653364
0.00714041
-0.07277744
0.01387619
-0.02941942
0.11151715
0.04182369
0.15334520
0.00982655
-0.10608310
-0.04806259
0.07881555
0.04991828
0.03964587
0.02175258
-0.06063204
0.01804507
0.05896309
-0.09021364
-0.02312795
-0.07669894
0.00684703
0.13185422
0.02202399
0.02877799
0.01652963
-0.16786793
0.14683579
0.01641044
0.06096091
-0.09671746
-0.03086651
-0.11069479
-0.13372445
0.10204019
-0.02414185
0.13832636
0.03849124
0.10757988
0.14297716
-0.36970738
0.10265021
0.23244314
-0.03942167
0.05865265
-0.04454618
0.23608832
0.08104798
-0.28729573
0.19996955
-0.03575445
-0.04655620
-0.04867786
0.28631794
-0.28701937
-0.12232132
-0.06336473
-0.12077504
-0.15432997
-0.02337348
-0.10528590
-0.15282696
0.14628150
0.04352049
0.04338069
0.03652477
-0.06923525
0.08564378
0.08074059
-0.00935555
0.00456222
0.27321514
-0.12168429
0.02712763
0.12110103
0.14225826
0.05924004
0.39791808
0.00123686
-0.20732330
-0.11512351
-0.08587492
-0.10947181
0.03210348
-0.04374332
-0.31109843
0.21003591
0.01687140
0.02346965
0.01817908
-0.10850614
0.07059776
0.07858323
-0.12863070
-0.03817898
-0.17511946
-0.08233405
-0.03737332
0.13812536
0.09855729
0.06827882
-0.15714766
0.02388534
-0.08604304
-0.08001591
0.10914373
0.01940607
-0.00983731
-0.04937961
-0.06462786
0.08652276
0.20009492
0.03218981
0.14961104
0.02289692
-0.21902636
-0.09026682
0.10715476
-0.04520232
-0.06381920
0.12346698
-0.21502198
-0.07980669
-0.04024865
-0.22726312
-0.08723052
0.01696458
-0.02171059
0.07397369
-0.12379035
-0.10230241
-0.05231429
0.10446318
-0.02710826
-0.11231648
-0.10779933
0.02595394
-0.08539617
0.05031335
0.11243692
-0.03342729
0.20762996
0.08598934
-0.02570607
-0.05686242
-0.02413308
0.03020584
0.04043140
-0.04734030
0.06591345
0.02056426
0.05303407
0.10427936
-0.00882697
-0.06619971
-0.02210019
0.01119977
0.06294257
0.07505337
-0.03685040
-0.03640932
-0.00328378
0.04123966
0.03258374
-0.08642763
0.02747061
-0.06966266
0.09593370
0.04275181
0.07717686
0.04500626
0.01874884
-0.09201517
-0.01367800
-0.03059725
-0.08935002
0.08941296
-0.02378201
0.05496666
0.02471722
-0.00104851
0.00223923
0.09070422
0.04894247
0.03836148
0.07872771
0.00600792
0.07954929
0.07177477
0.01593090
-0.07011534
0.06988163
-0.07320082
0.02313615
-0.02839678
-0.09294004
0.02888032
-0.09434086
-0.02364822
-0.07171908
0.06883295
-0.08346594
0.04086345
0.06918756
-0.04228864
-0.07532239
0.03268076
-0.00741258
-0.01022571
0.09167400
-0.06382769
0.07420582
-0.06131114
0.04327250
0.05357789
0.05050090
0.04429018
0.06460001
0.03874127
0.07700522
-0.01849393
0.05168314
-0.02295363
0.04006100
-0.04208781
0.01201234
0.16855678
-0.12665966
-0.00821832
0.15970992
-0.01758183
0.04297958
-0.07466386
-0.02190517
0.12747563
0.05060462
-0.02881278
-0.02946555
0.09343386
0.15711491
-0.04467032
-0.03537627
-0.07879503
-0.02069555
-0.00640802
0.00095815
-0.00540221
-0.03905920
0.01943308
-0.06294223
-0.12760511
0.01655008
-0.05556471
0.01900892
0.01262592
0.00382188
-0.07202219
0.08157049
0.02901864
-0.01907238
0.07039554
0.03764735
0.15033625
0.24631150
0.08324703
0.01184064
0.13449170
0.13337119
0.11274040
0.17245747
0.02784123
-0.02001905
0.02356614
-0.09426232
0.07090259
0.11271036
0.00101310
-0.12634982
0.03943401
0.12753130
-0.04490790
-0.04171816
0.00890883
0.09315674
-0.06832322
0.01822813
-0.01841811
0.00774411
-0.06547254
0.09651595
0.00701874
0.09112555
-0.20311551
-0.02931603
-0.06100062
-0.04302724
0.13299651
-0.02599999
-0.18705250
0.07965086
0.02978592
0.01129285
-0.04068824
-0.00429103
0.21361163
-0.14922883
0.23721094
-0.01503983
-0.07250449
-0.04111861
-0.01474517
-0.00382009
0.06447742
0.05971133
0.00162223
0.10094046
0.04947555
-0.06108469
-0.17029291
-0.07863921
-0.02764163
-0.05809548
0.01759790
-0.09057716
-0.01639397
-0.10467704
-0.05166288
-0.16309093
0.09413842
-0.06546101
0.01285993
-0.15455729
-0.00277296
-0.15906914
-0.14921498
0.06267396
0.04768724
-0.11062118
0.08202494
0.08492784
0.04483665
0.14193065
-0.07671461
-0.28255036
0.08504856
-0.08947680
-0.01664972
-0.09981660
-0.05256901
-0.03515694
-0.04069564
0.00980956
-0.11880931
0.04058858
0.09559766
0.12548985
-0.13440454
-0.06794172
-0.09373196
-0.10189079
-0.05140216
-0.01360076
0.00330836
0.04018442
-0.03998516
0.09787606
0.00131985
0.00681566
0.14125375
0.00980825
0.10934278
0.04123771
-0.01356597
0.08410526
-0.09422469
0.03710786
-0.02851281
0.07093398
0.08903204
0.03741384
-0.01219837
-0.04548896
-0.06970952
-0.02396020
-0.09883297
-0.02948643
-0.12072499
0.00045523
-0.07861125
0.03498692
-0.21390155
-0.23769265
-0.08342459
-0.04880369
0.06325333
0.04068355
0.01921056
0.00308447
0.00937366
0.00709988
0.05058429
-0.01939637
0.17746089
-0.09343934
0.00750456
0.03758017
-0.03340342
-0.22266348
-0.13404039
0.07898802
-0.05323037
-0.07963236
-0.00547409
-0.13771418
-0.06514420
0.06401963
-0.09182356
-0.01741428
-0.11408114
0.04242338
0.06115076
0.02279591
0.17692912
0.05535468
0.05531251
0.00940881
0.04272621
-0.10298122
-0.01291652
-0.06747919
0.06645900
-0.13524802
-0.12803312
-0.06466684
-0.08208434
0.04092166
-0.00422858
-0.03410890
0.12096214
0.00798200
-0.10416187
0.10914742
-0.17974752
-0.02275987
0.05056107
0.04519532
0.05179394
-0.17590351
0.02428645
0.04454863
-0.12134251
0.00029219
0.23048553
0.04198885
0.11649844
0.02394612
0.07401376
0.05690146
0.00103253
0.08834184
-0.11808232
0.11104885
0.02338765
-0.00855303
0.06207236
0.08071998
-0.13045913
-0.05645375
0.03554597
-0.14181052
0.01396768
0.03118623
-0.04400733
0.02049959
0.04116287
0.19650894
0.08280160
-0.02750210
0.04249517
0.21895652
-0.07112151
-0.01960202
-0.06069239
-0.03478564
0.05547515
0.14461116
-0.01760464
0.17380968
-0.07580166
-0.10431857
0.14011662
0.07733752
0.03027294
0.05286289
-0.14559384
0.13381524
-0.12120756
-0.01393634
0.03669868
0.07703254
0.08150234
-0.08570098
-0.03765563
-0.12992121
0.03877339
0.02379388
0.00972892
-0.00104007
0.12477618
-0.00522196
0.04671386
-0.05839944
0.00778099
0.06596994
-0.08236729
0.03436940
0.03259596
0.09082658
0.05136745
0.07625914
0.06360544
0.15715441
-0.12915073
0.02384333
-0.03416314
0.00910485
0.04614148
0.00508311
0.13763149
-0.01514224
0.02676646
-0.06523842
-0.01318730
-0.10766787
-0.14383474
-0.00188514
0.06213394
0.04836432
-0.03927018
-0.04714894
0.06640753
-0.00044190
0.05395767
-0.04956354
0.00245652
-0.02718127
-0.17701186
-0.07343654
-0.08201246
0.04947449
0.10650698
-0.03685487
0.01012926
-0.06163244
0.10907092
-0.04596114
-0.07690384
0.08110413
-0.03179051
-0.14435528
0.04929309
0.04507751
0.03490287
0.14342663
-0.00097725
-0.12855934
0.05418154
0.02938365
-0.09612662
-0.04366489
0.10858149
0.03161264
0.00141971
0.05984242
0.12294401
-0.15190844
-0.10289110
0.00847405
-0.06172328
-0.07169995
0.02640950
0.11415745
0.07618596
0.08449258
-0.00174805
0.13294874
-0.09905732
-0.03989926
-0.11065866
0.04079514
-0.21672598
-0.01051943
-0.02584360
0.04848565
-0.10997689
-0.03242375
0.07001601
-0.09028920
-0.09383198
-0.12109546
-0.08190994
-0.07159299
-0.02712570
-0.00581746
-0.05005638
0.04132391
0.25074583
0.06627338
-0.01362385
0.02747012
-0.02326683
-0.06734616
0.04225843
0.05452948
0.06250128
0.13616471
-0.04660963
-0.04614247
0.03737992
-0.03646639
-0.00753071
0.16163042
-0.05234383
0.07117240
0.02968484
0.07534099
-0.04498051
-0.04359104
0.04341083
0.04400411
0.02442001
-0.04284707
0.05915796
-0.04299846
-0.00939703
0.06798286
-0.06304479
0.04893879
-0.04000087
0.12027404
0.03472494
0.01160484
-0.02847128
0.05359622
0.09476963
0.02286199
0.05238800
0.09568310
0.08652811
0.07293769
0.06894038
0.02446414
0.09449503
-0.00605977
-0.08601791
0.00822274
0.09980902
-0.05898420
0.02898085
0.03920040
-0.13592449
-0.11706092
-0.00660280
0.08380096
-0.08884096
-0.04762741
0.12645341
0.06245252
-0.02838606
-0.03579626
-0.05679911
-0.10809461
-0.00002766
0.04437842
0.12914540
0.08796325
-0.04568681
-0.08478980
0.05129693
-0.08888421
0.09902775
0.20106314
-0.17351672
0.02760802
-0.10254388
-0.08538592
0.10930072
-0.02982487
0.10852728
-0.00798501
0.15102904
-0.08520853
0.05926491
0.08785777
0.13350713
-0.05222334
-0.09459714
-0.08597789
-0.05361704
-0.07000618
-0.02960860
0.14528072
0.07287531
-0.03634779
-0.10466973
0.08368857
-0.03355536
-0.06461556
0.05176088
0.15043962
-0.16388236
-0.10412212
-0.10017181
-0.21334934
0.08141269
-0.08409164
-0.02086600
-0.08641080
-0.08251060
0.05831602
0.03599964
0.02345361
0.06995756
0.11247589
-0.04477732
0.09376244
-0.00477928
-0.02312125
-0.02909243
-0.08347172
-0.04632676
-0.02818582
-0.09307453
0.10838722
-0.14566207
0.11605632
-0.08738293
-0.10125551
-0.04027639
-0.10157768
0.12062608
0.12983055
-0.01909916
0.11992244
-0.07951670
-0.00699365
-0.12033396
0.00341924
0.06966630
0.00395764
-0.00496620
0.12281618
0.01544326
-0.06938718
0.07758875
0.04235117
0.02350557
-0.11576530
0.04304468
-0.04155815
0.07618374
-0.17438632
-0.03115775
0.01921606
0.09339824
0.09879932
-0.08655378
0.02784706
-0.09944399
-0.01580740
-0.08806994
0.01301437
-0.02420320
-0.00960776
0.23163985
0.08780277
0.00130936
-0.04884159
-0.02211131
-0.01506553
-0.05706059
-0.10787585
0.12616560
0.08046909
0.09713281
-0.00575314
0.09376656
-0.13895944
-0.13313065
0.07615598
0.08993514
-0.16705313
0.03631495
-0.02653981
0.13345335
-0.08013689
0.08580898
-0.09038109
-0.06012425
0.00776953
-0.01155196
0.02588236
-0.13635276
-0.10301100
-0.10742255
-0.03388001
-0.07413611
0.05606968
0.01713560
-0.00395491
-0.07052134
-0.08974373
-0.08404550
-0.07479493
-0.00560974
0.04336578
-0.04819764
0.10500377
-0.09182085
0.03074629
-0.01636744
-0.01342200
0.02114936
-0.06935807
-0.00048198
-0.18078038
-0.08045392
0.12870918
0.05695204
0.00425128
-0.10544273
-0.08463556
-0.00316788
0.02772722
-0.08869448
-0.09877154
0.01091745
0.11048815
0.11170287
-0.00144646
-0.01589631
0.07654729
0.11219801
-0.02363492
0.09885101
0.02489014
-0.00168559
0.16192724
0.16570179
-0.00932249
0.10701954
0.02132765
-0.10905796
-0.10519578
0.03446328
-0.04436714
0.06810920
-0.03598959
0.11778732
0.15996279
-0.03599292
-0.11140130
-0.02997579
-0.15218219
-0.10944726
0.02325085
0.06772431
0.02736226
0.03295569
0.02718918
-0.06999739
-0.08615988
0.12257995
-0.04056228
-0.06197123
-0.02326432
-0.02905474
0.09729059
-0.08263835
0.07499263
0.16255845
0.01711826
0.17579617
0.04097084
-0.03290115
-0.07856891
-0.09399716
0.03351446
-0.05618452
0.06908115
0.13682745
0.04715278
-0.01484996
0.00086296
-0.02832921
0.09808000
-0.10843150
0.06374550
0.01296188
-0.03987417
-0.02045630
-0.00925097
0.12438311
-0.16419400
0.00008179
-0.02839643
-0.01653430
0.02050544
-0.13748229
0.06246220
0.05508078
-0.05427290
-0.03681302
0.06767566
-0.06998423
-0.07253609
0.12786546
-0.07526723
-0.05218396
-0.01215536
-0.02446521
-0.09745377
-0.01877016
-0.09058706
0.09471616
0.02084339
0.03167155
-0.02361666
0.01914310
0.07324074
-0.03085877
-0.05463612
0.04945316
0.08225129
0.02543282
0.13340555
0.07357269
-0.06388158
0.06801173
-0.08112782
-0.10496289
-0.00511575
0.01819812
-0.01851056
0.04403348
-0.02125494
0.11402878
0.01421458
0.01186611
0.02670879
-0.02901934
-0.06271891
-0.04884927
0.01168340
0.02482423
-0.00672164
0.07908275
0.02547909
0.06575517
-0.11393378
-0.08311949
0.14012863
0.02514620
-0.01355729
0.09287071
-0.03114598
-0.06609271
0.00965548
0.09311471
-0.05887795
0.00932561
-0.12692320
-0.04105895
0.04796284
0.06060930
-0.02054697
0.06817544
-0.06318229
-0.12412962
-0.02971098
-0.07581382
-0.00709854
-0.10739285
0.04212210
0.12144990
0.02507795
-0.04487295
-0.08734559
0.11241885
-0.00994055
0.18029861
0.11655667
-0.04649039
0.08483507
0.04698718
-0.10167905
0.03830818
-0.13027743
-0.18846472
-0.01019774
0.07374814
0.12731741
-0.05869402
0.12876709
-0.00038489
-0.06431132
-0.03815864
0.09116826
-0.03834719
-0.14765935
-0.02728348
-0.13169135
-0.03085523
-0.11168016
0.00750560
0.08688361
0.05817029
-0.15198135
-0.03395186
0.03822463
-0.01066316
-0.03164452
-0.01416743
0.03795990
0.09289657
-0.04553888
-0.07988674
-0.08553172
-0.13505621
-0.06105947
-0.03025973
-0.07166255
0.12322425
-0.03041638
0.04858828
0.09420641
0.15155885
-0.09580985
0.08869383
0.00021730
0.08672351
0.03104410
0.17239870
0.10214143
-0.11275479
0.07581300
-0.00759355
0.02530912
-0.02221089
-0.09234527
0.22875042
-0.03397519
0.05704587
-0.02341180
-0.23552880
0.02201282
-0.02673000
-0.00079310
0.10239156
0.12017106
-0.06588961
0.07205313
-0.06009534
-0.04222412
0.10420274
0.02300118
0.07112116
0.11817820
0.05710842
-0.01549140
0.04691391
-0.02879276
0.12799379
0.06242219
0.10289042
-0.11055391
-0.06418018
-0.03200920
0.05069723
0.01431358
-0.07813906
0.06211934
0.05426067
-0.00208078
-0.00213901
-0.00143273
0.04499204
-0.03810816
-0.01107053
-0.04877649
0.01322271
-0.00398802
-0.00285793
-0.09687956
-0.00480414
0.07445171
0.05495771
-0.05418505
0.03528646
0.00348637
0.01208957
-0.12627861
0.01358947
-0.05984081
-0.11703180
-0.05708614
0.16743158
-0.01573877
0.02203508
0.09722857
0.03044096
0.00107433
-0.09381333
0.04791328
-0.01611884
0.03189510
0.04991946
0.09549616
-0.06054083
0.09829395
-0.08499449
-0.05969759
0.02383803
0.07350533
0.06595065
0.03128904
-0.08115341
-0.09053801
-0.07715403
0.09723239
0.06421460
0.02906188
-0.07567471
-0.08900698
-0.09220850
0.01577573
0.05686000
0.00640538
-0.05844403
0.01028625
-0.08166037
-0.05449174
-0.05303721
-0.02398249
0.10538088
0.04089653
-0.02595048
0.08555911
0.08183618
0.09125426
0.08212245
0.05226283
0.04319955
0.02875208
-0.02581166
0.07596896
0.06567750
-0.08248806
-0.01849584
-0.06667079
0.10219739
-0.00450633
-0.01419797
-0.00301635
-0.00718631
-0.03271862
-0.09467258
0.04135415
0.04120241
-0.01227120
0.00756959
0.09022097
-0.06832869
-0.02939759
-0.06122122
0.09977645
-0.08698694
-0.00283311
-0.07353126
-0.01731926
0.06983747
-0.02606809
0.07041495
-0.07918221
-0.03358458
-0.08571064
-0.04582146
0.14550574
-0.03350484
0.00814840
0.08045852
-0.11946767
0.09524450
0.01417683
-0.13065954
-0.00122405
-0.05056867
0.04118471
-0.12047822
-0.07286586
-0.01329112
-0.08181456
0.12153446
0.07818682
-0.09755652
0.02520080
0.03291926
0.04918293
0.02764568
0.06392230
-0.00455944
-0.01455891
0.06811491
-0.02129870
-0.00818238
-0.12930113
-0.01649438
0.11026252
-0.04468458
0.00866753
0.06446775
0.04979904
0.02725423
-0.10042414
0.03772608
0.03634137
-0.01388665
-0.04942538
-0.08798941
-0.11985515
-0.05675459
0.06765302
-0.00486860
0.07234921
0.09944867
0.00649095
0.06913139
-0.00073808
0.01571217
-0.12719642
0.04868067
-0.07960175
0.07008903
-0.16901092
0.06936160
0.04783172
0.14318757
0.01103374
0.00063749
0.01811253
-0.04829247
-0.10621830
0.10682487
0.16850798
0.04417715
-0.04729867
-0.07581740
-0.13542545
-0.03215714
-0.05820887
0.02239028
-0.03849052
-0.17755377
0.01646363
0.06477119
-0.01948696
-0.01237669
0.01869263
0.06943147
-0.10692704
-0.23068273
-0.03519039
0.00917326
0.22603820
0.11010777
-0.01969883
0.18405750
0.08044551
-0.03574754
0.06687719
0.06451777
-0.10383897
-0.05292960
0.00259163
0.05794586
0.07584418
0.02065939
-0.04917635
0.02799679
0.04307029
0.10318987
-0.16220035
-0.13312031
-0.08627404
0.08832686
0.05077424
0.00737168
-0.00591958
0.12695770
-0.15810788
-0.08554048
0.04138095
-0.02580852
0.07640544
0.10435651
-0.01695473
-0.08265047
-0.01679237
0.18883409
-0.17871970
0.07170226
0.00050304
0.02404213
0.16677001
0.06598976
0.07112851
-0.10436001
0.04970640
-0.02283713
-0.08676709
0.06739990
0.05802670
-0.02256379
-0.03209402
-0.00527974
0.08455716
0.12710333
0.01855014
-0.03414736
-0.06600181
-0.00362945
-0.04905508
-0.04556014
-0.03449724
0.05796736
-0.08080915
-0.07381175
-0.05071055
-0.04145798
0.01777332
-0.01307679
-0.01718740
0.01826572
-0.08137661
-0.08079336
-0.00118529
-0.04253156
0.05801864
-0.06493945
-0.05209950
-0.00657440
-0.04532468
-0.00257107
-0.10078166
0.00774762
0.10470074
-0.07303293
-0.07033714
0.11646064
-0.01227281
0.04325747
-0.07510643
0.06902177
-0.07076102
0.08183591
0.08031871
-0.03237268
-0.05062276
-0.00012991
0.04667948
0.10270372
0.04870187
0.06320890
0.05384274
0.04025012
0.01715297
-0.09093891
-0.11535819
-0.16455279
-0.11639316
-0.05748137
0.10702576
-0.01633297
0.15035553
0.07964185
-0.05764170
0.11635188
-0.07328926
0.00154304
-0.09189563
-0.09380163
-0.03892067
0.08301250
-0.00649319
0.04863225
0.17421201
0.05735973
-0.05009435
-0.00134831
-0.02448146
-0.07037587
0.03129061
0.15399979
0.06431531
0.15925393
0.11454414
-0.01766671
-0.05603015
0.05484752
0.00221799
-0.07695419
-0.02138362
0.05680926
0.05634677
0.10384846
-0.09922771
0.07851475
0.12978134
0.04949740
-0.11459844
-0.02732150
-0.07269920
-0.02226982
0.19376698
0.09507259
-0.03163650
-0.14550839
-0.13387708
-0.03584738
-0.04022782
-0.03265699
-0.01119811
0.05085584
0.00311757
0.06335753
0.12099506
-0.04485110
-0.02609096
0.02988494
0.14763582
-0.04702192
-0.04218303
-0.08722987
0.04762941
0.04982207
-0.04749709
0.00343199
0.10018878
-0.04638738
-0.08874177
-0.09590427
0.07782488
0.06136350
-0.03035684
-0.03496203
-0.00592493
0.03445727
0.03357349
-0.14648291
0.03458228
0.00721464
0.05495602
0.12584931
0.03429084
0.09862927
0.05998150
0.00094642
0.11325620
0.07480928
0.06415894
-0.14090782
0.01072455
0.01890595
-0.12461775
0.06988201
0.07483174
-0.00906026
0.03753323
0.02831723
-0.12941821
0.08093795
-0.01961749
0.05577017
-0.02158286
0.08280567
-0.01741749
0.11693501
0.11289468
0.15530166
0.02377418
-0.02213163
-0.10942392
0.01061975
0.06619132
0.09773679
-0.08828121
0.07033194
0.07541876
0.16290256
-0.08244848
-0.09419383
0.07375281
0.05729153
-0.07950466
-0.04607992
0.13197845
0.00534574
0.02823006
0.05311028
0.03624511
-0.01617453
0.03217093
-0.14690353
-0.08831701
0.01583482
-0.13301437
-0.05833562
-0.09031932
0.05119381
0.10486351
0.05252186
0.13791907
-0.01407160
0.02057127
0.07320499
0.01264705
-0.12278173
-0.05456876
0.03447785
-0.13418172
0.01028165
-0.18080129
-0.02733574
0.00731702
-0.02236409
0.02654632
-0.09592754
-0.19529355
-0.00967772
-0.10130963
0.01248182
-0.04162994
0.01726787
-0.01131506
-0.01932719
-0.04838217
0.06250497
-0.12027619
0.03770960
0.14328307
-0.06967913
0.11724571
-0.07109781
0.00384513
0.04003204
-0.09579845
-0.07263575
-0.08997207
0.11941256
-0.10920533
-0.00437681
0.00312756
-0.01613447
-0.05509054
0.03266201
-0.15787356
-0.01855363
0.08977623
0.04642014
-0.09422529
0.08935247
0.05388838
-0.08266367
-0.06762441
0.02356349
-0.08124971
0.05037713
-0.09243444
-0.06295958
0.00561695
0.08660252
0.06694572
0.02007135
0.07355061
-0.05414063
0.08221611
0.08711789
-0.10042962
0.02983226
-0.04987234
0.04125937
-0.07022371
0.01761948
-0.08461642
0.08877213
-0.04922709
-0.02344955
-0.05421096
-0.00799465
0.05851312
-0.01579941
0.00245592
-0.06271940
0.03929064
0.08420277
0.06488934
-0.00901559
-0.01718320
-0.03917421
0.04738024
0.10097975
0.03333738
0.06141523
0.01000641
-0.04499357
-0.05718042
0.08519139
0.03661588
0.06692587
0.05386819
0.04437236
-0.01558340
-0.03226738
-0.07475288
0.01104480
-0.03935574
0.06252048
0.00043833
0.02856397
-0.08562682
0.05083701
0.01166996
0.07126982
0.05349892
0.10143439
0.11138445
-0.03672861
-0.13519567
0.00888779
-0.14902045
0.06564167
0.07055635
0.03832756
0.02447264
0.03385112
-0.01471764
-0.00768660
0.03669282
0.14341888
-0.01687917
0.05990196
-0.01505765
-0.06396741
0.06122377
0.05315680
-0.05072291
-0.04474740
-0.03807056
-0.05064288
0.04566241
-0.01206992
-0.02433419
0.06448586
-0.06733818
-0.03586489
0.06674076
0.04644219
0.04194054
-0.02961673
-0.07339753
-0.20261508
0.00116053
-0.04813233
-0.00676044
0.03731697
-0.01254882
-0.04589277
0.07712099
-0.17217240
0.08810705
-0.01353124
-0.08719616
0.09949616
-0.04534840
0.04171116
0.02182787
-0.10441522
-0.22091644
0.09815618
-0.05674870
0.05552731
-0.12303358
-0.11939579
0.04525741
-0.11057289
0.10196579
0.06772886
0.05343439
0.04639970
0.02307848
-0.13639770
-0.14314674
0.07983606
-0.15418974
0.10241025
0.12857208
-0.14539222
0.18217370
0.02914213
-0.02476393
-0.09814859
0.12867695
0.13338895
0.02755078
0.06072823
-0.00117508
0.01453814
-0.00969944
-0.01108559
0.05389172
-0.02180317
-0.06052468
-0.03576757
0.04181995
-0.09430923
-0.01948089
-0.10244481
0.05540882
0.08046597
0.03832585
0.05289745
-0.05412290
-0.11979155
-0.08994155
-0.17489190
-0.06564735
-0.03502279
-0.09501655
-0.13052200
-0.03850926
-0.10120323
-0.06153951
0.03521702
0.04012172
-0.05287078
-0.06717679
-0.01163714
0.08957359
0.05248586
0.18235764
-0.06973119
-0.05710056
-0.09026939
0.04149893
0.07277203
-0.06501250
-0.10271938
-0.02705227
0.05457373
0.08379663
0.00557610
0.05269551
-0.07221060
-0.16706277
-0.01078344
0.13647334
0.08810694
0.11384884
-0.05674377
-0.01758658
-0.03058144
0.09818539
0.04270041
0.04504090
-0.13904037
-0.02295022
0.03464277
-0.00083082
-0.00550617
0.11427058
0.05540014
-0.00113768
-0.01323105
0.01272590
-0.05345561
0.07904977
0.04504031
0.07775192
-0.00015556
0.16244479
0.05233525
-0.06638441
-0.05427597
-0.01649690
0.03965759
0.04010072
0.02131113
0.11685441
0.13224284
0.04445734
0.05804288
0.05136207
-0.05368125
-0.07640791
0.01911315
0.01950426
-0.07808328
0.11666182
0.17993829
-0.00488405
-0.13617685
0.02168595
0.00921838
-0.08287840
-0.08020563
-0.03925085
0.03633866
-0.03666751
-0.01367991
0.07828622
0.07875712
-0.01095034
0.10215381
-0.01403540
-0.09866239
0.13758434
0.06249262
0.00470278
-0.10589182
-0.02001107
-0.01052332
0.01775609
-0.07983198
0.19163138
0.08861850
-0.08824579
0.09283808
-0.09620015
0.12292127
0.19582909
-0.15073574
0.02311131
-0.11332940
-0.04241431
-0.02925286
0.19739664
0.07747400
-0.03531476
0.02852639
-0.07713618
-0.10894480
0.00367321
-0.13791226
-0.16312717
-0.03839005
0.11608329
-0.02975596
-0.06714913
-0.08128713
-0.10123775
-0.03288469
0.06179104
-0.07960577
-0.01002664
0.12487356
0.04770612
0.01045436
0.04632038
0.15891983
-0.04643828
-0.02351211
-0.06421908
-0.00119641
-0.06623096
-0.02638648
0.01823332
-0.10495014
0.03773870
0.07065808
-0.05102490
0.00282363
-0.05453475
-0.09974506
0.00316497
-0.04432266
0.03950165
-0.07013151
0.08580590
0.02822910
-0.13928162
-0.03358335
0.08440002
0.06625655
0.04528227
-0.00369966
-0.07419516
0.02110982
0.14008217
0.09027062
-0.04661151
0.01637771
0.06465798
-0.09959057
-0.00946690
0.03608437
0.04093566
-0.04504476
-0.08305310
0.04325312
0.07182597
0.09021401
-0.12238962
0.02598980
0.00341709
0.03951118
-0.03662106
0.00253422
0.10182792
0.04296661
0.04668639
-0.09324705
0.13861427
0.02223499
-0.06722857
0.08750346
-0.00685599
0.09330632
0.00980707
0.06947632
0.04903469
0.04785856
0.18355115
0.01363479
0.11788817
0.03530475
0.00059487
-0.03429917
-0.01752018
0.01031635
0.04369189
0.04220241
-0.08383834
-0.03077693
0.08832011
0.04854507
-0.04250168
-0.18396889
0.02302867
-0.00575921
0.05996357
0.09775060
0.02295327
-0.09950022
0.06391589
0.07990036
0.13099508
-0.04006150
-0.01505638
-0.04567401
-0.10596940
-0.03562129
0.08285689
0.05131672
0.12381456
-0.09340948
0.04612614
-0.01218239
0.07839356
0.00201225
-0.02671291
0.10554438
-0.01240181
-0.04714978
0.07988879
0.00141519
-0.02597355
0.01810095
0.05833977
0.05278770
-0.03462992
-0.07466480
-0.04218399
0.04066841
0.07590802
-0.03930707
-0.06285232
-0.06976321
-0.11566876
-0.05241468
0.01279678
0.00063632
0.01237508
0.06589770
0.05965281
0.07463599
-0.07167546
-0.07527605
0.08993851
0.04912670
-0.02297963
-0.01079264
-0.10150008
0.12464363
-0.09418388
-0.09671660
0.04024949
0.08428844
-0.06689913
-0.04606297
0.01560731
-0.05201005
-0.04676164
0.08860376
-0.02871404
-0.01307462
0.00439100
0.07526318
-0.08348739
-0.07059757
-0.08429811
0.12111996
0.12665054
-0.01416376
-0.04700134
0.11590010
0.05025074
-0.04672048
0.11256336
0.00750122
0.01680098
-0.14600523
0.06799056
-0.00830545
-0.00672726
-0.00561410
0.08220226
-0.00909640
-0.12579924
0.11035707
0.02390657
0.09829390
-0.05486525
-0.03465313
-0.00814937
0.07799816
0.15519859
-0.03045831
0.06761874
-0.10966735
0.06233177
-0.03622312
0.08085006
0.03732334
0.06375278
0.16458930
0.05141317
-0.02468043
0.13731556
0.08758672
-0.04575524
-0.13262129
0.11805301
0.02080754
0.18051176
0.07327118
-0.08193611
0.02180631
0.09254621
0.01564834
-0.07556362
0.05376104
0.06803400
-0.05508978
0.00566362
0.13955525
-0.00816021
-0.03352378
0.03640569
-0.04316743
0.04488022
-0.02854318
-0.04500006
0.01383985
-0.14831644
0.05508558
0.01769127
-0.06533062
-0.07915635
0.02215293
-0.04861700
-0.08920214
0.04749440
-0.10297652
-0.13127987
-0.13671806
-0.00086006
0.03403157
-0.31508991
-0.08344314
-0.10633603
0.02074512
0.01938863
0.02293569
0.03222041
0.08330746
0.06666261
0.02128847
0.13910896
-0.02634781
-0.11960108
-0.03213978
0.12105170
0.04691295
0.03200934
-0.09131224
-0.07902180
0.00509807
-0.03589609
-0.07584351
-0.06774400
0.11362568
-0.07514926
0.04541992
0.00829512
0.03292554
-0.15533350
0.02297557
-0.04360422
0.10752708
0.06488667
0.04486889
0.04845213
-0.08581305
0.03869454
0.00288306
0.04259101
-0.15155280
0.07412131
0.07782976
-0.08173510
0.03258294
0.01831334
-0.07797526
-0.14052688
0.04305865
0.01909122
-0.01375863
-0.04645755
0.01988679
-0.01044763
-0.03427509
-0.16052988
0.11685176
0.05325233
0.04750469
0.02228109
-0.03588410
0.03997822
-0.03896777
0.07197301
0.05641503
-0.02710527
0.11045964
0.04728907
-0.05784350
-0.04834311
0.05121872
-0.02306334
0.00194580
0.16987550
-0.06643629
-0.10696876
0.14656113
0.17400305
0.00906409
-0.09382834
0.01685660
-0.01538478
0.06678644
-0.09043761
-0.08204231
-0.08089221
0.07627278
0.06981849
-0.05908787
-0.01331800
0.02313682
0.00478614
-0.10658902
-0.07625683
0.02295321
-0.08605896
0.04176586
-0.01576272
-0.04250292
0.02038859
0.00843641
-0.06400866
-0.14521475
-0.18073507
0.03621663
-0.04031396
-0.11406124
-0.18534760
0.12624462
-0.04116613
0.09143697
0.03701755
0.01529638
0.01534909
0.06274205
-0.02264108
-0.01188648
0.08795731
0.11691202
0.02538626
-0.03881479
0.02865832
-0.01525435
-0.04401269
-0.06452118
0.11861969
-0.14058156
-0.10548297
-0.01064443
-0.02242336
0.00041309
-0.20444848
-0.09341850
-0.07206638
-0.20168096
-0.07588179
-0.02074980
-0.10721579
0.12387396
0.04050469
0.10585117
-0.14398426
-0.07838212
-0.03444808
-0.01505740
-0.00334679
0.07594690
0.03299481
-0.04668589
-0.08848608
-0.09335099
-0.00226506
0.13488935
-0.04179244
-0.05542597
-0.00781732
0.14187215
-0.17208430
-0.03974647
-0.05653578
-0.06336770
-0.06232163
0.25329974
0.02905350
0.04605725
0.14152595
0.04064328
0.00413833
-0.05387129
-0.08645990
0.10486291
-0.11603628
-0.05737164
-0.05674523
-0.06774714
0.06295009
0.06131973
0.10106304
0.02354983
0.13649367
0.16261902
0.11683438
-0.04235009
0.16742001
0.10538306
0.02333605
-0.13744572
-0.02299431
-0.07616987
-0.07160003
0.02315573
0.04160814
0.15490584
-0.16941409
-0.07089250
-0.06525120
0.01011308
0.05172470
-0.08663087
0.05164689
0.03320961
-0.04789063
-0.18135564
-0.10669027
0.05819489
0.10275436
0.11191601
-0.01172983
0.08434113
-0.09723160
-0.09908378
-0.10017994
0.12982807
0.11608113
0.09684817
0.12850435
0.10681476
-0.11937580
0.15883808
-0.07519259
-0.07613236
-0.02013178
0.00261668
0.13800932
-0.03186785
0.08231500
0.04368914
-0.14404944
-0.08118864
-0.14394528
0.07122545
0.08558239
0.11913294
-0.10259397
0.05442596
-0.01694383
-0.10891493
0.02731213
-0.00638808
0.08317086
0.04690133
-0.07165313
-0.02483145
-0.03439495
-0.10560884
0.05657025
0.02319375
0.08658173
0.10238875
0.01671744
-0.01932008
0.04127862
-0.00998452
-0.02924211
-0.01269512
-0.02991421
-0.01349398
0.02571739
-0.00996371
-0.00832881
-0.02081804
-0.06079810
-0.09203729
-0.01167305
-0.06218791
0.04889599
0.05012741
-0.00039999
-0.01086092
0.05990957
0.06013038
0.01021297
0.04877803
0.06315736
0.06645531
-0.08381379
-0.06324891
0.03786120
0.03720455
0.00534698
0.04270742
-0.06118744
0.02559771
0.05796987
-0.01685883
0.09226031
0.04430740
0.00666190
-0.07030773
-0.04212667
0.12471076
-0.02664615
0.09572188
0.08644810
0.00094240
-0.05983143
-0.08444037
0.04892605
-0.01782059
-0.02117662
0.09270188
-0.07962394
-0.00738463
-0.06976628
0.06582525
-0.02078038
0.07140121
-0.07412029
0.01581416
0.01048728
0.06431685
0.01282173
0.06249548
-0.05241799
-0.00309823
0.05485989
0.02727900
-0.08181821
0.06487058
-0.05488534
-0.07464787
0.05417889
0.03508760
0.04714337
-0.08641651
-0.08987185
0.07939053
-0.03316228
0.09471427
0.01302995
0.07166857
-0.00427990
0.09320268
0.05384026
-0.08567510
0.02806890
0.09099826
0.05819440
0.00706803
-0.02806592
-0.02385655
0.07259667
0.02363381
0.05336344
0.07883595
0.03410536
0.02605143
-0.07290629
0.01494604
-0.08198491
0.07400069
0.08735184
-0.06215836
-0.05886372
0.01400410
0.01799004
0.04984178
0.06352451
0.09059136
-0.05771454
-0.06526382
-0.03966674
0.00034466
-0.00361872
-0.04805164
0.01451825
-0.08756526
-0.05801678
0.02825780
0.00449567
-0.07372382
-0.01386909
-0.04981381
-0.00374504
-0.11827505
0.03161393
0.02071846
-0.10473483
0.03353207
0.05074800
0.01749227
-0.13378215
0.10136675
0.13432926
0.06258628
0.04950372
0.06402912
0.00830954
-0.03749325
-0.01719576
-0.16161582
-0.00999475
-0.02676925
-0.10904431
0.01250772
-0.08329728
0.04854966
0.05850634
-0.03973171
-0.01511700
-0.00455666
-0.07223640
-0.00457735
-0.03916967
-0.01604466
-0.02641388
0.00177491
0.14184737
0.03566647
-0.04353877
0.14387165
-0.03422000
-0.11203640
-0.04517344
0.04447298
-0.00510536
-0.01665273
-0.03042263
-0.04831577
-0.05979120
-0.13542825
-0.09876194
0.02954427
0.12904401
0.15497065
0.04928679
-0.03501726
-0.09309370
0.07759380
0.02483651
0.11165627
0.05761942
-0.07422516
0.11143334
0.06578300
-0.10059714
-0.05922456
-0.16221145
-0.15648529
-0.04974216
0.02094616
0.11357699
-0.01182549
0.06097083
-0.03459357
-0.01386504
-0.05547666
0.04140659
0.10684077
0.02280964
-0.00501254
-0.03664288
0.04822148
-0.08119333
-0.01762434
0.04595359
-0.01494372
-0.07723132
-0.05072100
-0.09865860
-0.02462139
-0.03463950
-0.12194222
0.02039014
0.05869931
-0.02729128
-0.05858047
0.06022000
0.01468439
0.05701239
-0.13091137
-0.13673437
-0.11615759
-0.01546896
0.13081735
0.00590038
0.08588450
0.05298754
-0.00387783
0.05271253
0.03984380
-0.00770044
0.03251890
-0.03996158
-0.11846299
0.04174826
0.01991940
0.04694315
-0.05767258
0.02894215
0.15139362
0.00535260
-0.16175030
-0.12553397
-0.10072023
-0.08053655
-0.06502227
0.08562188
0.13768481
0.15106934
0.00221474
-0.04695700
0.05261787
-0.03008856
0.09847299
0.13632897
0.01878930
-0.01286992
0.04138432
0.04748395
-0.03371139
0.05662718
0.13453177
0.12698816
0.16578327
-0.02108188
0.02068822
-0.06718081
0.03369805
-0.05406620
-0.05600047
0.04347260
-0.06900354
-0.08848099
0.04612448
0.11771308
-0.04949388
-0.13401605
-0.09144951
-0.06372428
0.01079167
0.01338224
-0.04367836
0.00692421
-0.02367821
0.00378880
0.06082275
0.01194665
-0.07275618
-0.01801310
-0.15378559
0.06653913
-0.13610423
0.14159082
-0.09636789
-0.09932791
-0.05355147
0.08879949
0.12623836
0.04761535
-0.09050700
-0.00706400
0.12002964
0.00161222
0.02788790
-0.04383429
-0.00525415
0.07452685
0.04499917
0.00343771
-0.06642163
0.01753875
0.13540134
0.06202092
-0.11529984
-0.00800012
0.05916593
-0.09813827
0.12484215
0.04857248
-0.04422575
0.12080692
-0.02641913
0.14025027
-0.12792033
0.12787446
-0.05118274
-0.05890190
0.04885897
0.05144974
0.01538515
-0.10231437
0.07074752
0.06499468
-0.00865478
0.00249811
-0.06388296
-0.10147000
-0.01305772
0.02900743
-0.08701827
0.00900341
0.01104926
0.09178455
-0.04511229
-0.09009441
-0.13717656
0.04358866
0.04865963
-0.07203377
0.12443475
-0.09253773
-0.09264400
0.07802436
-0.01058545
0.03642913
-0.04349575
-0.03011063
0.10417903
-0.05888275
0.08132254
0.07638822
-0.08716308
0.03375813
-0.14265145
-0.15300247
0.01096754
-0.05738611
0.08827683
-0.03798093
-0.07569850
0.09088371
-0.04599537
0.04541288
-0.01736396
0.05997648
-0.14284065
-0.00433264
-0.11534671
0.00316797
0.08023848
-0.02028707
0.05826172
-0.09011286
-0.09903263
0.12300168
0.05230640
0.15832660
-0.15252152
-0.05634950
0.06343538
-0.01871614
0.03162119
0.07649013
-0.03923815
0.07608939
-0.00458437
-0.10252825
0.11033055
0.02149068
0.17918424
0.03666376
0.02484725
0.03480838
-0.16014262
0.01301025
0.00859982
-0.09975602
-0.10840765
-0.01375014
-0.02057596
0.03454468
-0.01986711
-0.07708802
0.09702709
0.16886832
0.04206926
-0.06361222
-0.05485919
0.14169627
0.03071539
0.05067548
-0.06803533
-0.02997781
0.09132419
0.06317545
-0.10704394
0.20296098
-0.09877767
-0.17737821
0.07174971
-0.11577744
0.06910500
-0.07773782
0.14798197
-0.03432107
0.13745140
0.12096227
-0.06895689
0.16711450
-0.01074832
-0.01772955
-0.06141533
-0.03051912
0.04738029
0.08650103
-0.10842257
0.10783995
0.06761610
-0.07920095
0.08821784
-0.01179168
0.13937333
-0.00616906
-0.10603285
-0.01034024
-0.18439713
-0.04799977
0.00243869
0.05321168
-0.08177058
0.08255426
-0.00247608
0.01763081
0.01655932
-0.09214390
-0.10779240
-0.02053280
-0.09012982
0.00856251
0.05040868
-0.08608861
-0.10597825
-0.10972255
0.12113287
0.03376476
0.12862852
0.16799891
0.02107290
-0.03015669
-0.03748075
0.10042838
0.05115131
0.02263848
-0.01759883
0.04147554
-0.01699159
0.00589432
0.06585541
0.09022004
0.06445101
-0.11157898
0.07502251
0.19444045
-0.07753678
0.04790950
-0.04586879
0.07019159
0.10178076
-0.04377143
0.09296757
0.03777405
-0.02374166
0.06885430
-0.05661234
-0.17082797
-0.03945356
0.14846696
0.08334081
0.03089145
0.09584703
0.03149782
0.07411207
0.07004201
-0.07768379
0.11943331
-0.05616339
0.05454182
-0.13289657
-0.01861825
-0.16247196
0.02884771
0.05078332
0.06427030
-0.08947883
-0.00268900
0.15861815
0.06855960
0.12988761
0.12331325
-0.07816728
-0.11210790
0.02379112
0.04696912
0.00443154
-0.06664556
-0.11869300
-0.01657635
-0.04869863
-0.02668784
0.12138014
0.13542485
0.07099678
0.13171338
0.04212456
0.08033212
0.13592778
0.09599432
-0.03530125
-0.15155508
0.00823911
-0.00688033
0.11552586
0.15479314
-0.02100272
-0.12124562
-0.03079131
0.13061830
-0.09612983
-0.04291696
0.02069918
-0.00691351
0.06860170
-0.01364007
0.02076554
-0.15824628
-0.08587051
-0.02293559
0.04422484
0.05018293
-0.09469955
0.07826605
-0.00368060
0.03834356
0.10643420
0.13490735
-0.02698544
0.04427098
-0.00321020
-0.02619397
-0.08070358
0.07470813
0.06592494
-0.03523606
0.11168914
-0.04521339
-0.09637512
-0.00538898
-0.04582164
-0.11102735
-0.08341217
0.09496508
0.00801235
0.05010812
-0.13408585
-0.04287035
0.06214072
0.05377000
-0.09958959
-0.01536784
-0.04624498
0.00831304
-0.01871157
-0.00897879
0.00361778
-0.05311529
0.02824593
-0.03376720
0.10052672
-0.07454537
-0.05372322
-0.09799848
0.09123817
0.10049357
-0.04759597
-0.04387850
0.04658486
0.03388730
-0.09315873
0.07681873
-0.07074264
-0.01433502
0.05749834
0.04128626
-0.08464541
0.00603449
-0.03238476
0.08849916
0.02585414
0.00945138
-0.00469274
-0.00235439
0.14396186
-0.13634206
0.00361751
-0.03171295
0.07484084
0.12004093
-0.07781807
0.05012761
0.02750422
0.02746113
-0.05524631
-0.10111267
-0.04788154
0.06638846
-0.06643867
-0.03646319
-0.11487022
0.00974361
-0.09142724
0.08865751
0.04672940
0.04586528
-0.01173246
-0.10607272
-0.07076278
0.01606197
-0.12053902
-0.16436598
-0.03627207
0.15615338
0.03756813
-0.08595733
-0.01372429
0.02929120
-0.00178275
0.01986870
-0.00910146
0.13158672
-0.05605767
0.03540825
0.04149114
0.19898689
0.09183022
-0.00224838
0.03958020
-0.12605308
0.14543879
0.05259369
0.03218944
0.14260992
-0.05756684
-0.06729075
0.14568181
0.13544580
0.03994320
-0.07090316
-0.00560648
0.16885923
0.02821726
0.14235950
-0.09560521
-0.09248279
-0.06918837
0.11917716
-0.14615725
-0.13220091
0.12732801
0.14392728
0.00957270
0.05987661
0.00266366
-0.11416166
0.12175129
-0.03709453
-0.04978796
0.07151111
-0.00956722
0.05923051
0.05100700
0.07502284
-0.15693259
0.03557754
0.02740998
0.03322910
0.07659473
0.04364650
0.05510972
-0.03176815
0.10923938
0.05672773
0.07076351
0.10057587
-0.08242794
-0.06738549
0.01379385
0.00428041
-0.10972993
0.01143433
0.07231549
-0.06027490
0.12644596
0.06920163
0.08033582
0.06539716
0.07432467
-0.08051151
0.09436119
-0.07146463
-0.03905104
0.02653812
0.04120794
-0.08693339
-0.02979259
0.05186821
0.05835508
-0.15551317
-0.09069481
-0.03530451
0.08453719
0.01602968
-0.04556640
-0.03297823
0.16060171
-0.03248972
0.10600901
0.05376736
0.02477295
0.02707990
0.02419224
0.09358900
-0.22081536
-0.04550110
0.05755891
-0.13939764
0.05488417
-0.03389555
-0.07116791
0.12865780
0.06118071
-0.01340105
0.08895914
0.03788525
0.00154593
0.12972185
0.19167058
0.11392769
0.04980048
-0.00515538
-0.02166199
0.07150128
-0.03939784
-0.03718790
0.10071070
-0.07884613
0.06525130
0.11770367
0.08859364
-0.10363615
-0.13896546
-0.00754198
-0.02615026
0.02635027
-0.06552433
0.05645918
-0.08494404
-0.15629858
-0.02681420
-0.06013786
-0.11032340
-0.07705420
-0.03474019
0.07630835
-0.06653768
-0.04403569
0.05359325
-0.03397847
-0.01682877
0.10778546
0.03281304
0.04742765
0.00494413
-0.23118390
0.09651267
-0.10179193
0.04733390
-0.05928375
-0.04082807
-0.03065829
-0.01360764
0.05447477
-0.04903021
0.01430889
0.02677956
-0.05169946
-0.03951108
-0.02211006
0.14383288
0.10283864
-0.16233912
-0.11494156
0.11864355
-0.12498130
0.07358694
0.04979464
0.01263355
0.05414914
0.00783034
0.15321231
-0.01314217
0.05242889
0.06718175
-0.03140544
-0.11435509
-0.07654526
0.16642435
-0.03620262
-0.03801203
0.05677764
0.05361168
0.13217528
-0.01854314
0.06897933
-0.06182960
-0.02295557
0.06796414
-0.13368699
0.13937496
0.06132339
0.02348354
-0.02247156
0.05136131
0.04076601
0.04609942
0.06239137
-0.00539478
0.11182521
0.07959998
0.06618473
-0.08237011
-0.04266027
-0.01493429
-0.07534599
0.07570902
-0.05017884
0.02205947
0.09503163
-0.01715836
-0.02671043
0.01638214
-0.03296043
0.14913650
-0.12255279
0.05309554
0.03938748
0.03971635
-0.04105961
