

================================================================
== Vitis HLS Report for 'attention_int8_kernel'
================================================================
* Date:           Sat Apr 25 16:34:13 2026

* Version:        2023.2 (Build 4023990 on Oct 11 2023)
* Project:        attention_int8_kernel
* Solution:       hls (Vivado IP Flow Target)
* Product family: artix7
* Target device:  xc7a200t-sbg484-1


================================================================
== Performance Estimates
================================================================
+ Timing: 
    * Summary: 
    +--------+----------+----------+------------+
    |  Clock |  Target  | Estimated| Uncertainty|
    +--------+----------+----------+------------+
    |ap_clk  |  10.00 ns|  8.491 ns|     2.70 ns|
    +--------+----------+----------+------------+

+ Latency: 
    * Summary: 
    +---------+-----------+-----------+-----------+---------+-----------+---------+
    |   Latency (cycles)  |   Latency (absolute)  |       Interval      | Pipeline|
    |   min   |    max    |    min    |    max    |   min   |    max    |   Type  |
    +---------+-----------+-----------+-----------+---------+-----------+---------+
    |  8404494|  743587342|  84.045 ms|  7.436 sec|  8404495|  743587343|       no|
    +---------+-----------+-----------+-----------+---------+-----------+---------+

    + Detail: 
        * Instance: 
        +---------------------------------------------------------------------------------+--------------------------------------------------------------------+---------+---------+-----------+-----------+------+------+---------+
        |                                                                                 |                                                                    |  Latency (cycles) |   Latency (absolute)  |   Interval  | Pipeline|
        |                                     Instance                                    |                               Module                               |   min   |   max   |    min    |    max    |  min |  max |   Type  |
        +---------------------------------------------------------------------------------+--------------------------------------------------------------------+---------+---------+-----------+-----------+------+------+---------+
        |grp_attention_int8_kernel_Pipeline_VITIS_LOOP_101_3_VITIS_LOOP_102_4_fu_50797    |attention_int8_kernel_Pipeline_VITIS_LOOP_101_3_VITIS_LOOP_102_4    |     8195|     8195|  81.950 us|  81.950 us|  8195|  8195|       no|
        |grp_attention_int8_kernel_Pipeline_VITIS_LOOP_108_5_fu_50932                     |attention_int8_kernel_Pipeline_VITIS_LOOP_108_5                     |      514|      514|   5.140 us|   5.140 us|   514|   514|       no|
        |grp_attention_int8_kernel_Pipeline_VITIS_LOOP_193_18_VITIS_LOOP_195_19_fu_50944  |attention_int8_kernel_Pipeline_VITIS_LOOP_193_18_VITIS_LOOP_195_19  |     8216|     8216|  82.160 us|  82.160 us|  8216|  8216|       no|
        |grp_attention_int8_kernel_Pipeline_VITIS_LOOP_130_8_VITIS_LOOP_131_9_fu_51087    |attention_int8_kernel_Pipeline_VITIS_LOOP_130_8_VITIS_LOOP_131_9    |     8195|     8195|  81.950 us|  81.950 us|  8195|  8195|       no|
        |grp_attention_int8_kernel_Pipeline_VITIS_LOOP_146_11_fu_51737                    |attention_int8_kernel_Pipeline_VITIS_LOOP_146_11                    |       83|       83|   0.830 us|   0.830 us|    83|    83|       no|
        |grp_attention_int8_kernel_Pipeline_VITIS_LOOP_168_14_fu_52139                    |attention_int8_kernel_Pipeline_VITIS_LOOP_168_14                    |      124|      124|   1.240 us|   1.240 us|   124|   124|       no|
        |grp_attention_int8_kernel_Pipeline_VITIS_LOOP_180_16_fu_52217                    |attention_int8_kernel_Pipeline_VITIS_LOOP_180_16                    |      600|      600|   6.000 us|   6.000 us|   600|   600|       no|
        +---------------------------------------------------------------------------------+--------------------------------------------------------------------+---------+---------+-----------+-----------+------+------+---------+

        * Loop: 
        +-----------------------------------+---------+-----------+-----------------+-----------+-----------+--------+----------+
        |                                   |   Latency (cycles)  |    Iteration    |  Initiation Interval  |  Trip  |          |
        |             Loop Name             |   min   |    max    |     Latency     |  achieved |   target  |  Count | Pipelined|
        +-----------------------------------+---------+-----------+-----------------+-----------+-----------+--------+----------+
        |- VITIS_LOOP_81_1_VITIS_LOOP_89_2  |  8404480|  743587328|  16415 ~ 1452319|          -|          -|     512|        no|
        | + VITIS_LOOP_118_7                |        0|    1435904|            89744|          -|          -|  0 ~ 16|        no|
        |  ++ VITIS_LOOP_144_10             |     5632|       5632|               88|          -|          -|      64|        no|
        |  ++ VITIS_LOOP_161_13             |    75904|      75904|             1186|          -|          -|      64|        no|
        +-----------------------------------+---------+-----------+-----------------+-----------+-----------+--------+----------+



================================================================
== Utilization Estimates
================================================================
* Summary: 
+-----------------+---------+-----+--------+--------+-----+
|       Name      | BRAM_18K| DSP |   FF   |   LUT  | URAM|
+-----------------+---------+-----+--------+--------+-----+
|DSP              |        -|    -|       -|       -|    -|
|Expression       |        -|    -|       0|    1480|    -|
|FIFO             |        -|    -|       -|       -|    -|
|Instance         |        8|  581|   60255|   49547|    -|
|Memory           |       24|    -|    6144|    3072|    0|
|Multiplexer      |        -|    -|       -|   36908|    -|
|Register         |        -|    -|   18263|       -|    -|
+-----------------+---------+-----+--------+--------+-----+
|Total            |       32|  581|   84662|   91007|    0|
+-----------------+---------+-----+--------+--------+-----+
|Available        |      730|  740|  269200|  134600|    0|
+-----------------+---------+-----+--------+--------+-----+
|Utilization (%)  |        4|   78|      31|      67|    0|
+-----------------+---------+-----+--------+--------+-----+

+ Detail: 
    * Instance: 
    +---------------------------------------------------------------------------------+--------------------------------------------------------------------+---------+-----+-------+-------+-----+
    |                                     Instance                                    |                               Module                               | BRAM_18K| DSP |   FF  |  LUT  | URAM|
    +---------------------------------------------------------------------------------+--------------------------------------------------------------------+---------+-----+-------+-------+-----+
    |grp_attention_int8_kernel_Pipeline_VITIS_LOOP_101_3_VITIS_LOOP_102_4_fu_50797    |attention_int8_kernel_Pipeline_VITIS_LOOP_101_3_VITIS_LOOP_102_4    |        0|    0|     42|    170|    0|
    |grp_attention_int8_kernel_Pipeline_VITIS_LOOP_108_5_fu_50932                     |attention_int8_kernel_Pipeline_VITIS_LOOP_108_5                     |        0|    0|     22|    835|    0|
    |grp_attention_int8_kernel_Pipeline_VITIS_LOOP_130_8_VITIS_LOOP_131_9_fu_51087    |attention_int8_kernel_Pipeline_VITIS_LOOP_130_8_VITIS_LOOP_131_9    |        0|    0|    213|    190|    0|
    |grp_attention_int8_kernel_Pipeline_VITIS_LOOP_146_11_fu_51737                    |attention_int8_kernel_Pipeline_VITIS_LOOP_146_11                    |        0|   64|   3410|   4731|    0|
    |grp_attention_int8_kernel_Pipeline_VITIS_LOOP_168_14_fu_52139                    |attention_int8_kernel_Pipeline_VITIS_LOOP_168_14                    |        0|    0|   3220|   1759|    0|
    |grp_attention_int8_kernel_Pipeline_VITIS_LOOP_180_16_fu_52217                    |attention_int8_kernel_Pipeline_VITIS_LOOP_180_16                    |        0|  442|  38356|  27598|    0|
    |grp_attention_int8_kernel_Pipeline_VITIS_LOOP_193_18_VITIS_LOOP_195_19_fu_50944  |attention_int8_kernel_Pipeline_VITIS_LOOP_193_18_VITIS_LOOP_195_19  |        0|    0|    620|    767|    0|
    |control_s_axi_U                                                                  |control_s_axi                                                       |        0|    0|    392|    680|    0|
    |fadd_32ns_32ns_32_7_full_dsp_1_U2272                                             |fadd_32ns_32ns_32_7_full_dsp_1                                      |        0|    2|    306|    231|    0|
    |fadd_32ns_32ns_32_7_full_dsp_1_U2273                                             |fadd_32ns_32ns_32_7_full_dsp_1                                      |        0|    2|    306|    231|    0|
    |fadd_32ns_32ns_32_7_full_dsp_1_U2274                                             |fadd_32ns_32ns_32_7_full_dsp_1                                      |        0|    2|    306|    231|    0|
    |fadd_32ns_32ns_32_7_full_dsp_1_U2275                                             |fadd_32ns_32ns_32_7_full_dsp_1                                      |        0|    2|    306|    231|    0|
    |fadd_32ns_32ns_32_7_full_dsp_1_U2276                                             |fadd_32ns_32ns_32_7_full_dsp_1                                      |        0|    2|    306|    231|    0|
    |fadd_32ns_32ns_32_7_full_dsp_1_U2277                                             |fadd_32ns_32ns_32_7_full_dsp_1                                      |        0|    2|    306|    231|    0|
    |fadd_32ns_32ns_32_7_full_dsp_1_U2278                                             |fadd_32ns_32ns_32_7_full_dsp_1                                      |        0|    2|    306|    231|    0|
    |fadd_32ns_32ns_32_7_full_dsp_1_U2279                                             |fadd_32ns_32ns_32_7_full_dsp_1                                      |        0|    2|    306|    231|    0|
    |fadd_32ns_32ns_32_7_full_dsp_1_U2280                                             |fadd_32ns_32ns_32_7_full_dsp_1                                      |        0|    2|    306|    231|    0|
    |fadd_32ns_32ns_32_7_full_dsp_1_U2281                                             |fadd_32ns_32ns_32_7_full_dsp_1                                      |        0|    2|    306|    231|    0|
    |fadd_32ns_32ns_32_7_full_dsp_1_U2282                                             |fadd_32ns_32ns_32_7_full_dsp_1                                      |        0|    2|    306|    231|    0|
    |fadd_32ns_32ns_32_7_full_dsp_1_U2283                                             |fadd_32ns_32ns_32_7_full_dsp_1                                      |        0|    2|    306|    231|    0|
    |fadd_32ns_32ns_32_7_full_dsp_1_U2284                                             |fadd_32ns_32ns_32_7_full_dsp_1                                      |        0|    2|    306|    231|    0|
    |fadd_32ns_32ns_32_7_full_dsp_1_U2285                                             |fadd_32ns_32ns_32_7_full_dsp_1                                      |        0|    2|    306|    231|    0|
    |fadd_32ns_32ns_32_7_full_dsp_1_U2286                                             |fadd_32ns_32ns_32_7_full_dsp_1                                      |        0|    2|    306|    231|    0|
    |fadd_32ns_32ns_32_7_full_dsp_1_U2287                                             |fadd_32ns_32ns_32_7_full_dsp_1                                      |        0|    2|    306|    231|    0|
    |fadd_32ns_32ns_32_7_full_dsp_1_U2288                                             |fadd_32ns_32ns_32_7_full_dsp_1                                      |        0|    2|    306|    231|    0|
    |fadd_32ns_32ns_32_7_full_dsp_1_U2289                                             |fadd_32ns_32ns_32_7_full_dsp_1                                      |        0|    2|    306|    231|    0|
    |fadd_32ns_32ns_32_7_full_dsp_1_U2290                                             |fadd_32ns_32ns_32_7_full_dsp_1                                      |        0|    2|    306|    231|    0|
    |fadd_32ns_32ns_32_7_full_dsp_1_U2291                                             |fadd_32ns_32ns_32_7_full_dsp_1                                      |        0|    2|    306|    231|    0|
    |fadd_32ns_32ns_32_7_full_dsp_1_U2292                                             |fadd_32ns_32ns_32_7_full_dsp_1                                      |        0|    2|    306|    231|    0|
    |fadd_32ns_32ns_32_7_full_dsp_1_U2293                                             |fadd_32ns_32ns_32_7_full_dsp_1                                      |        0|    2|    306|    231|    0|
    |fadd_32ns_32ns_32_7_full_dsp_1_U2294                                             |fadd_32ns_32ns_32_7_full_dsp_1                                      |        0|    2|    306|    231|    0|
    |fadd_32ns_32ns_32_7_full_dsp_1_U2295                                             |fadd_32ns_32ns_32_7_full_dsp_1                                      |        0|    2|    306|    231|    0|
    |fadd_32ns_32ns_32_7_full_dsp_1_U2296                                             |fadd_32ns_32ns_32_7_full_dsp_1                                      |        0|    2|    306|    231|    0|
    |fadd_32ns_32ns_32_7_full_dsp_1_U2297                                             |fadd_32ns_32ns_32_7_full_dsp_1                                      |        0|    2|    306|    231|    0|
    |fadd_32ns_32ns_32_7_full_dsp_1_U2298                                             |fadd_32ns_32ns_32_7_full_dsp_1                                      |        0|    2|    306|    231|    0|
    |fadd_32ns_32ns_32_7_full_dsp_1_U2299                                             |fadd_32ns_32ns_32_7_full_dsp_1                                      |        0|    2|    306|    231|    0|
    |fadd_32ns_32ns_32_7_full_dsp_1_U2300                                             |fadd_32ns_32ns_32_7_full_dsp_1                                      |        0|    2|    306|    231|    0|
    |faddfsub_32ns_32ns_32_7_full_dsp_1_U2269                                         |faddfsub_32ns_32ns_32_7_full_dsp_1                                  |        0|    2|    306|    231|    0|
    |faddfsub_32ns_32ns_32_7_full_dsp_1_U2270                                         |faddfsub_32ns_32ns_32_7_full_dsp_1                                  |        0|    2|    306|    231|    0|
    |faddfsub_32ns_32ns_32_7_full_dsp_1_U2271                                         |faddfsub_32ns_32ns_32_7_full_dsp_1                                  |        0|    2|    306|    231|    0|
    |faddfsub_32ns_32ns_32_7_full_dsp_1_U2301                                         |faddfsub_32ns_32ns_32_7_full_dsp_1                                  |        0|    2|    306|    231|    0|
    |fcmp_32ns_32ns_1_2_no_dsp_1_U2307                                                |fcmp_32ns_32ns_1_2_no_dsp_1                                         |        0|    0|      0|      0|    0|
    |fdiv_32ns_32ns_32_16_no_dsp_1_U2305                                              |fdiv_32ns_32ns_32_16_no_dsp_1                                       |        0|    0|      0|      0|    0|
    |fmul_32ns_32ns_32_4_max_dsp_1_U2302                                              |fmul_32ns_32ns_32_4_max_dsp_1                                       |        0|    3|    143|    140|    0|
    |fmul_32ns_32ns_32_4_max_dsp_1_U2303                                              |fmul_32ns_32ns_32_4_max_dsp_1                                       |        0|    3|    143|    140|    0|
    |fmul_32ns_32ns_32_4_max_dsp_1_U2304                                              |fmul_32ns_32ns_32_4_max_dsp_1                                       |        0|    3|    143|    140|    0|
    |gmem0_m_axi_U                                                                    |gmem0_m_axi                                                         |        2|    0|    866|    854|    0|
    |gmem1_m_axi_U                                                                    |gmem1_m_axi                                                         |        2|    0|    866|    854|    0|
    |gmem2_m_axi_U                                                                    |gmem2_m_axi                                                         |        2|    0|    866|    854|    0|
    |gmem3_m_axi_U                                                                    |gmem3_m_axi                                                         |        2|    0|    855|    831|    0|
    |sitofp_32ns_32_6_no_dsp_1_U2306                                                  |sitofp_32ns_32_6_no_dsp_1                                           |        0|    0|      0|      0|    0|
    |sparsemux_129_6_32_1_1_U2308                                                     |sparsemux_129_6_32_1_1                                              |        0|    0|      0|    273|    0|
    |sparsemux_129_6_32_1_1_U2309                                                     |sparsemux_129_6_32_1_1                                              |        0|    0|      0|    273|    0|
    |sparsemux_129_6_32_1_1_U2312                                                     |sparsemux_129_6_32_1_1                                              |        0|    0|      0|    273|    0|
    |sparsemux_131_7_32_1_1_U2310                                                     |sparsemux_131_7_32_1_1                                              |        0|    0|      0|    281|    0|
    |sparsemux_131_7_32_1_1_U2311                                                     |sparsemux_131_7_32_1_1                                              |        0|    0|      0|    281|    0|
    +---------------------------------------------------------------------------------+--------------------------------------------------------------------+---------+-----+-------+-------+-----+
    |Total                                                                            |                                                                    |        8|  581|  60255|  49547|    0|
    +---------------------------------------------------------------------------------+--------------------------------------------------------------------+---------+-----+-------+-------+-----+

    * DSP: 
    N/A

    * Memory: 
    +--------------+----------------------+---------+----+----+-----+------+-----+------+-------------+
    |    Memory    |        Module        | BRAM_18K| FF | LUT| URAM| Words| Bits| Banks| W*Bits*Banks|
    +--------------+----------------------+---------+----+----+-----+------+-----+------+-------------+
    |O_tile_U      |O_tile_RAM_AUTO_1R1W  |        2|   0|   0|    0|  1024|   32|     1|        32768|
    |O_tile_1_U    |O_tile_RAM_AUTO_1R1W  |        2|   0|   0|    0|  1024|   32|     1|        32768|
    |O_tile_2_U    |O_tile_RAM_AUTO_1R1W  |        2|   0|   0|    0|  1024|   32|     1|        32768|
    |O_tile_3_U    |O_tile_RAM_AUTO_1R1W  |        2|   0|   0|    0|  1024|   32|     1|        32768|
    |O_tile_4_U    |O_tile_RAM_AUTO_1R1W  |        2|   0|   0|    0|  1024|   32|     1|        32768|
    |O_tile_5_U    |O_tile_RAM_AUTO_1R1W  |        2|   0|   0|    0|  1024|   32|     1|        32768|
    |O_tile_6_U    |O_tile_RAM_AUTO_1R1W  |        2|   0|   0|    0|  1024|   32|     1|        32768|
    |O_tile_7_U    |O_tile_RAM_AUTO_1R1W  |        2|   0|   0|    0|  1024|   32|     1|        32768|
    |Q_tile_U      |Q_tile_RAM_AUTO_1R1W  |        0|   8|   8|    0|    64|    8|     1|          512|
    |Q_tile_1_U    |Q_tile_RAM_AUTO_1R1W  |        0|   8|   8|    0|    64|    8|     1|          512|
    |Q_tile_2_U    |Q_tile_RAM_AUTO_1R1W  |        0|   8|   8|    0|    64|    8|     1|          512|
    |Q_tile_3_U    |Q_tile_RAM_AUTO_1R1W  |        0|   8|   8|    0|    64|    8|     1|          512|
    |Q_tile_4_U    |Q_tile_RAM_AUTO_1R1W  |        0|   8|   8|    0|    64|    8|     1|          512|
    |Q_tile_5_U    |Q_tile_RAM_AUTO_1R1W  |        0|   8|   8|    0|    64|    8|     1|          512|
    |Q_tile_6_U    |Q_tile_RAM_AUTO_1R1W  |        0|   8|   8|    0|    64|    8|     1|          512|
    |Q_tile_7_U    |Q_tile_RAM_AUTO_1R1W  |        0|   8|   8|    0|    64|    8|     1|          512|
    |Q_tile_8_U    |Q_tile_RAM_AUTO_1R1W  |        0|   8|   8|    0|    64|    8|     1|          512|
    |Q_tile_9_U    |Q_tile_RAM_AUTO_1R1W  |        0|   8|   8|    0|    64|    8|     1|          512|
    |Q_tile_10_U   |Q_tile_RAM_AUTO_1R1W  |        0|   8|   8|    0|    64|    8|     1|          512|
    |Q_tile_11_U   |Q_tile_RAM_AUTO_1R1W  |        0|   8|   8|    0|    64|    8|     1|          512|
    |Q_tile_12_U   |Q_tile_RAM_AUTO_1R1W  |        0|   8|   8|    0|    64|    8|     1|          512|
    |Q_tile_13_U   |Q_tile_RAM_AUTO_1R1W  |        0|   8|   8|    0|    64|    8|     1|          512|
    |Q_tile_14_U   |Q_tile_RAM_AUTO_1R1W  |        0|   8|   8|    0|    64|    8|     1|          512|
    |Q_tile_15_U   |Q_tile_RAM_AUTO_1R1W  |        0|   8|   8|    0|    64|    8|     1|          512|
    |Q_tile_16_U   |Q_tile_RAM_AUTO_1R1W  |        0|   8|   8|    0|    64|    8|     1|          512|
    |Q_tile_17_U   |Q_tile_RAM_AUTO_1R1W  |        0|   8|   8|    0|    64|    8|     1|          512|
    |Q_tile_18_U   |Q_tile_RAM_AUTO_1R1W  |        0|   8|   8|    0|    64|    8|     1|          512|
    |Q_tile_19_U   |Q_tile_RAM_AUTO_1R1W  |        0|   8|   8|    0|    64|    8|     1|          512|
    |Q_tile_20_U   |Q_tile_RAM_AUTO_1R1W  |        0|   8|   8|    0|    64|    8|     1|          512|
    |Q_tile_21_U   |Q_tile_RAM_AUTO_1R1W  |        0|   8|   8|    0|    64|    8|     1|          512|
    |Q_tile_22_U   |Q_tile_RAM_AUTO_1R1W  |        0|   8|   8|    0|    64|    8|     1|          512|
    |Q_tile_23_U   |Q_tile_RAM_AUTO_1R1W  |        0|   8|   8|    0|    64|    8|     1|          512|
    |Q_tile_24_U   |Q_tile_RAM_AUTO_1R1W  |        0|   8|   8|    0|    64|    8|     1|          512|
    |Q_tile_25_U   |Q_tile_RAM_AUTO_1R1W  |        0|   8|   8|    0|    64|    8|     1|          512|
    |Q_tile_26_U   |Q_tile_RAM_AUTO_1R1W  |        0|   8|   8|    0|    64|    8|     1|          512|
    |Q_tile_27_U   |Q_tile_RAM_AUTO_1R1W  |        0|   8|   8|    0|    64|    8|     1|          512|
    |Q_tile_28_U   |Q_tile_RAM_AUTO_1R1W  |        0|   8|   8|    0|    64|    8|     1|          512|
    |Q_tile_29_U   |Q_tile_RAM_AUTO_1R1W  |        0|   8|   8|    0|    64|    8|     1|          512|
    |Q_tile_30_U   |Q_tile_RAM_AUTO_1R1W  |        0|   8|   8|    0|    64|    8|     1|          512|
    |Q_tile_31_U   |Q_tile_RAM_AUTO_1R1W  |        0|   8|   8|    0|    64|    8|     1|          512|
    |Q_tile_32_U   |Q_tile_RAM_AUTO_1R1W  |        0|   8|   8|    0|    64|    8|     1|          512|
    |Q_tile_33_U   |Q_tile_RAM_AUTO_1R1W  |        0|   8|   8|    0|    64|    8|     1|          512|
    |Q_tile_34_U   |Q_tile_RAM_AUTO_1R1W  |        0|   8|   8|    0|    64|    8|     1|          512|
    |Q_tile_35_U   |Q_tile_RAM_AUTO_1R1W  |        0|   8|   8|    0|    64|    8|     1|          512|
    |Q_tile_36_U   |Q_tile_RAM_AUTO_1R1W  |        0|   8|   8|    0|    64|    8|     1|          512|
    |Q_tile_37_U   |Q_tile_RAM_AUTO_1R1W  |        0|   8|   8|    0|    64|    8|     1|          512|
    |Q_tile_38_U   |Q_tile_RAM_AUTO_1R1W  |        0|   8|   8|    0|    64|    8|     1|          512|
    |Q_tile_39_U   |Q_tile_RAM_AUTO_1R1W  |        0|   8|   8|    0|    64|    8|     1|          512|
    |Q_tile_40_U   |Q_tile_RAM_AUTO_1R1W  |        0|   8|   8|    0|    64|    8|     1|          512|
    |Q_tile_41_U   |Q_tile_RAM_AUTO_1R1W  |        0|   8|   8|    0|    64|    8|     1|          512|
    |Q_tile_42_U   |Q_tile_RAM_AUTO_1R1W  |        0|   8|   8|    0|    64|    8|     1|          512|
    |Q_tile_43_U   |Q_tile_RAM_AUTO_1R1W  |        0|   8|   8|    0|    64|    8|     1|          512|
    |Q_tile_44_U   |Q_tile_RAM_AUTO_1R1W  |        0|   8|   8|    0|    64|    8|     1|          512|
    |Q_tile_45_U   |Q_tile_RAM_AUTO_1R1W  |        0|   8|   8|    0|    64|    8|     1|          512|
    |Q_tile_46_U   |Q_tile_RAM_AUTO_1R1W  |        0|   8|   8|    0|    64|    8|     1|          512|
    |Q_tile_47_U   |Q_tile_RAM_AUTO_1R1W  |        0|   8|   8|    0|    64|    8|     1|          512|
    |Q_tile_48_U   |Q_tile_RAM_AUTO_1R1W  |        0|   8|   8|    0|    64|    8|     1|          512|
    |Q_tile_49_U   |Q_tile_RAM_AUTO_1R1W  |        0|   8|   8|    0|    64|    8|     1|          512|
    |Q_tile_50_U   |Q_tile_RAM_AUTO_1R1W  |        0|   8|   8|    0|    64|    8|     1|          512|
    |Q_tile_51_U   |Q_tile_RAM_AUTO_1R1W  |        0|   8|   8|    0|    64|    8|     1|          512|
    |Q_tile_52_U   |Q_tile_RAM_AUTO_1R1W  |        0|   8|   8|    0|    64|    8|     1|          512|
    |Q_tile_53_U   |Q_tile_RAM_AUTO_1R1W  |        0|   8|   8|    0|    64|    8|     1|          512|
    |Q_tile_54_U   |Q_tile_RAM_AUTO_1R1W  |        0|   8|   8|    0|    64|    8|     1|          512|
    |Q_tile_55_U   |Q_tile_RAM_AUTO_1R1W  |        0|   8|   8|    0|    64|    8|     1|          512|
    |Q_tile_56_U   |Q_tile_RAM_AUTO_1R1W  |        0|   8|   8|    0|    64|    8|     1|          512|
    |Q_tile_57_U   |Q_tile_RAM_AUTO_1R1W  |        0|   8|   8|    0|    64|    8|     1|          512|
    |Q_tile_58_U   |Q_tile_RAM_AUTO_1R1W  |        0|   8|   8|    0|    64|    8|     1|          512|
    |Q_tile_59_U   |Q_tile_RAM_AUTO_1R1W  |        0|   8|   8|    0|    64|    8|     1|          512|
    |Q_tile_60_U   |Q_tile_RAM_AUTO_1R1W  |        0|   8|   8|    0|    64|    8|     1|          512|
    |Q_tile_61_U   |Q_tile_RAM_AUTO_1R1W  |        0|   8|   8|    0|    64|    8|     1|          512|
    |Q_tile_62_U   |Q_tile_RAM_AUTO_1R1W  |        0|   8|   8|    0|    64|    8|     1|          512|
    |Q_tile_63_U   |Q_tile_RAM_AUTO_1R1W  |        0|   8|   8|    0|    64|    8|     1|          512|
    |Q_tile_64_U   |Q_tile_RAM_AUTO_1R1W  |        0|   8|   8|    0|    64|    8|     1|          512|
    |Q_tile_65_U   |Q_tile_RAM_AUTO_1R1W  |        0|   8|   8|    0|    64|    8|     1|          512|
    |Q_tile_66_U   |Q_tile_RAM_AUTO_1R1W  |        0|   8|   8|    0|    64|    8|     1|          512|
    |Q_tile_67_U   |Q_tile_RAM_AUTO_1R1W  |        0|   8|   8|    0|    64|    8|     1|          512|
    |Q_tile_68_U   |Q_tile_RAM_AUTO_1R1W  |        0|   8|   8|    0|    64|    8|     1|          512|
    |Q_tile_69_U   |Q_tile_RAM_AUTO_1R1W  |        0|   8|   8|    0|    64|    8|     1|          512|
    |Q_tile_70_U   |Q_tile_RAM_AUTO_1R1W  |        0|   8|   8|    0|    64|    8|     1|          512|
    |Q_tile_71_U   |Q_tile_RAM_AUTO_1R1W  |        0|   8|   8|    0|    64|    8|     1|          512|
    |Q_tile_72_U   |Q_tile_RAM_AUTO_1R1W  |        0|   8|   8|    0|    64|    8|     1|          512|
    |Q_tile_73_U   |Q_tile_RAM_AUTO_1R1W  |        0|   8|   8|    0|    64|    8|     1|          512|
    |Q_tile_74_U   |Q_tile_RAM_AUTO_1R1W  |        0|   8|   8|    0|    64|    8|     1|          512|
    |Q_tile_75_U   |Q_tile_RAM_AUTO_1R1W  |        0|   8|   8|    0|    64|    8|     1|          512|
    |Q_tile_76_U   |Q_tile_RAM_AUTO_1R1W  |        0|   8|   8|    0|    64|    8|     1|          512|
    |Q_tile_77_U   |Q_tile_RAM_AUTO_1R1W  |        0|   8|   8|    0|    64|    8|     1|          512|
    |Q_tile_78_U   |Q_tile_RAM_AUTO_1R1W  |        0|   8|   8|    0|    64|    8|     1|          512|
    |Q_tile_79_U   |Q_tile_RAM_AUTO_1R1W  |        0|   8|   8|    0|    64|    8|     1|          512|
    |Q_tile_80_U   |Q_tile_RAM_AUTO_1R1W  |        0|   8|   8|    0|    64|    8|     1|          512|
    |Q_tile_81_U   |Q_tile_RAM_AUTO_1R1W  |        0|   8|   8|    0|    64|    8|     1|          512|
    |Q_tile_82_U   |Q_tile_RAM_AUTO_1R1W  |        0|   8|   8|    0|    64|    8|     1|          512|
    |Q_tile_83_U   |Q_tile_RAM_AUTO_1R1W  |        0|   8|   8|    0|    64|    8|     1|          512|
    |Q_tile_84_U   |Q_tile_RAM_AUTO_1R1W  |        0|   8|   8|    0|    64|    8|     1|          512|
    |Q_tile_85_U   |Q_tile_RAM_AUTO_1R1W  |        0|   8|   8|    0|    64|    8|     1|          512|
    |Q_tile_86_U   |Q_tile_RAM_AUTO_1R1W  |        0|   8|   8|    0|    64|    8|     1|          512|
    |Q_tile_87_U   |Q_tile_RAM_AUTO_1R1W  |        0|   8|   8|    0|    64|    8|     1|          512|
    |Q_tile_88_U   |Q_tile_RAM_AUTO_1R1W  |        0|   8|   8|    0|    64|    8|     1|          512|
    |Q_tile_89_U   |Q_tile_RAM_AUTO_1R1W  |        0|   8|   8|    0|    64|    8|     1|          512|
    |Q_tile_90_U   |Q_tile_RAM_AUTO_1R1W  |        0|   8|   8|    0|    64|    8|     1|          512|
    |Q_tile_91_U   |Q_tile_RAM_AUTO_1R1W  |        0|   8|   8|    0|    64|    8|     1|          512|
    |Q_tile_92_U   |Q_tile_RAM_AUTO_1R1W  |        0|   8|   8|    0|    64|    8|     1|          512|
    |Q_tile_93_U   |Q_tile_RAM_AUTO_1R1W  |        0|   8|   8|    0|    64|    8|     1|          512|
    |Q_tile_94_U   |Q_tile_RAM_AUTO_1R1W  |        0|   8|   8|    0|    64|    8|     1|          512|
    |Q_tile_95_U   |Q_tile_RAM_AUTO_1R1W  |        0|   8|   8|    0|    64|    8|     1|          512|
    |Q_tile_96_U   |Q_tile_RAM_AUTO_1R1W  |        0|   8|   8|    0|    64|    8|     1|          512|
    |Q_tile_97_U   |Q_tile_RAM_AUTO_1R1W  |        0|   8|   8|    0|    64|    8|     1|          512|
    |Q_tile_98_U   |Q_tile_RAM_AUTO_1R1W  |        0|   8|   8|    0|    64|    8|     1|          512|
    |Q_tile_99_U   |Q_tile_RAM_AUTO_1R1W  |        0|   8|   8|    0|    64|    8|     1|          512|
    |Q_tile_100_U  |Q_tile_RAM_AUTO_1R1W  |        0|   8|   8|    0|    64|    8|     1|          512|
    |Q_tile_101_U  |Q_tile_RAM_AUTO_1R1W  |        0|   8|   8|    0|    64|    8|     1|          512|
    |Q_tile_102_U  |Q_tile_RAM_AUTO_1R1W  |        0|   8|   8|    0|    64|    8|     1|          512|
    |Q_tile_103_U  |Q_tile_RAM_AUTO_1R1W  |        0|   8|   8|    0|    64|    8|     1|          512|
    |Q_tile_104_U  |Q_tile_RAM_AUTO_1R1W  |        0|   8|   8|    0|    64|    8|     1|          512|
    |Q_tile_105_U  |Q_tile_RAM_AUTO_1R1W  |        0|   8|   8|    0|    64|    8|     1|          512|
    |Q_tile_106_U  |Q_tile_RAM_AUTO_1R1W  |        0|   8|   8|    0|    64|    8|     1|          512|
    |Q_tile_107_U  |Q_tile_RAM_AUTO_1R1W  |        0|   8|   8|    0|    64|    8|     1|          512|
    |Q_tile_108_U  |Q_tile_RAM_AUTO_1R1W  |        0|   8|   8|    0|    64|    8|     1|          512|
    |Q_tile_109_U  |Q_tile_RAM_AUTO_1R1W  |        0|   8|   8|    0|    64|    8|     1|          512|
    |Q_tile_110_U  |Q_tile_RAM_AUTO_1R1W  |        0|   8|   8|    0|    64|    8|     1|          512|
    |Q_tile_111_U  |Q_tile_RAM_AUTO_1R1W  |        0|   8|   8|    0|    64|    8|     1|          512|
    |Q_tile_112_U  |Q_tile_RAM_AUTO_1R1W  |        0|   8|   8|    0|    64|    8|     1|          512|
    |Q_tile_113_U  |Q_tile_RAM_AUTO_1R1W  |        0|   8|   8|    0|    64|    8|     1|          512|
    |Q_tile_114_U  |Q_tile_RAM_AUTO_1R1W  |        0|   8|   8|    0|    64|    8|     1|          512|
    |Q_tile_115_U  |Q_tile_RAM_AUTO_1R1W  |        0|   8|   8|    0|    64|    8|     1|          512|
    |Q_tile_116_U  |Q_tile_RAM_AUTO_1R1W  |        0|   8|   8|    0|    64|    8|     1|          512|
    |Q_tile_117_U  |Q_tile_RAM_AUTO_1R1W  |        0|   8|   8|    0|    64|    8|     1|          512|
    |Q_tile_118_U  |Q_tile_RAM_AUTO_1R1W  |        0|   8|   8|    0|    64|    8|     1|          512|
    |Q_tile_119_U  |Q_tile_RAM_AUTO_1R1W  |        0|   8|   8|    0|    64|    8|     1|          512|
    |Q_tile_120_U  |Q_tile_RAM_AUTO_1R1W  |        0|   8|   8|    0|    64|    8|     1|          512|
    |Q_tile_121_U  |Q_tile_RAM_AUTO_1R1W  |        0|   8|   8|    0|    64|    8|     1|          512|
    |Q_tile_122_U  |Q_tile_RAM_AUTO_1R1W  |        0|   8|   8|    0|    64|    8|     1|          512|
    |Q_tile_123_U  |Q_tile_RAM_AUTO_1R1W  |        0|   8|   8|    0|    64|    8|     1|          512|
    |Q_tile_124_U  |Q_tile_RAM_AUTO_1R1W  |        0|   8|   8|    0|    64|    8|     1|          512|
    |Q_tile_125_U  |Q_tile_RAM_AUTO_1R1W  |        0|   8|   8|    0|    64|    8|     1|          512|
    |Q_tile_126_U  |Q_tile_RAM_AUTO_1R1W  |        0|   8|   8|    0|    64|    8|     1|          512|
    |Q_tile_127_U  |Q_tile_RAM_AUTO_1R1W  |        0|   8|   8|    0|    64|    8|     1|          512|
    |K_tile_U      |Q_tile_RAM_AUTO_1R1W  |        0|   8|   8|    0|    64|    8|     1|          512|
    |K_tile_1_U    |Q_tile_RAM_AUTO_1R1W  |        0|   8|   8|    0|    64|    8|     1|          512|
    |K_tile_2_U    |Q_tile_RAM_AUTO_1R1W  |        0|   8|   8|    0|    64|    8|     1|          512|
    |K_tile_3_U    |Q_tile_RAM_AUTO_1R1W  |        0|   8|   8|    0|    64|    8|     1|          512|
    |K_tile_4_U    |Q_tile_RAM_AUTO_1R1W  |        0|   8|   8|    0|    64|    8|     1|          512|
    |K_tile_5_U    |Q_tile_RAM_AUTO_1R1W  |        0|   8|   8|    0|    64|    8|     1|          512|
    |K_tile_6_U    |Q_tile_RAM_AUTO_1R1W  |        0|   8|   8|    0|    64|    8|     1|          512|
    |K_tile_7_U    |Q_tile_RAM_AUTO_1R1W  |        0|   8|   8|    0|    64|    8|     1|          512|
    |K_tile_8_U    |Q_tile_RAM_AUTO_1R1W  |        0|   8|   8|    0|    64|    8|     1|          512|
    |K_tile_9_U    |Q_tile_RAM_AUTO_1R1W  |        0|   8|   8|    0|    64|    8|     1|          512|
    |K_tile_10_U   |Q_tile_RAM_AUTO_1R1W  |        0|   8|   8|    0|    64|    8|     1|          512|
    |K_tile_11_U   |Q_tile_RAM_AUTO_1R1W  |        0|   8|   8|    0|    64|    8|     1|          512|
    |K_tile_12_U   |Q_tile_RAM_AUTO_1R1W  |        0|   8|   8|    0|    64|    8|     1|          512|
    |K_tile_13_U   |Q_tile_RAM_AUTO_1R1W  |        0|   8|   8|    0|    64|    8|     1|          512|
    |K_tile_14_U   |Q_tile_RAM_AUTO_1R1W  |        0|   8|   8|    0|    64|    8|     1|          512|
    |K_tile_15_U   |Q_tile_RAM_AUTO_1R1W  |        0|   8|   8|    0|    64|    8|     1|          512|
    |K_tile_16_U   |Q_tile_RAM_AUTO_1R1W  |        0|   8|   8|    0|    64|    8|     1|          512|
    |K_tile_17_U   |Q_tile_RAM_AUTO_1R1W  |        0|   8|   8|    0|    64|    8|     1|          512|
    |K_tile_18_U   |Q_tile_RAM_AUTO_1R1W  |        0|   8|   8|    0|    64|    8|     1|          512|
    |K_tile_19_U   |Q_tile_RAM_AUTO_1R1W  |        0|   8|   8|    0|    64|    8|     1|          512|
    |K_tile_20_U   |Q_tile_RAM_AUTO_1R1W  |        0|   8|   8|    0|    64|    8|     1|          512|
    |K_tile_21_U   |Q_tile_RAM_AUTO_1R1W  |        0|   8|   8|    0|    64|    8|     1|          512|
    |K_tile_22_U   |Q_tile_RAM_AUTO_1R1W  |        0|   8|   8|    0|    64|    8|     1|          512|
    |K_tile_23_U   |Q_tile_RAM_AUTO_1R1W  |        0|   8|   8|    0|    64|    8|     1|          512|
    |K_tile_24_U   |Q_tile_RAM_AUTO_1R1W  |        0|   8|   8|    0|    64|    8|     1|          512|
    |K_tile_25_U   |Q_tile_RAM_AUTO_1R1W  |        0|   8|   8|    0|    64|    8|     1|          512|
    |K_tile_26_U   |Q_tile_RAM_AUTO_1R1W  |        0|   8|   8|    0|    64|    8|     1|          512|
    |K_tile_27_U   |Q_tile_RAM_AUTO_1R1W  |        0|   8|   8|    0|    64|    8|     1|          512|
    |K_tile_28_U   |Q_tile_RAM_AUTO_1R1W  |        0|   8|   8|    0|    64|    8|     1|          512|
    |K_tile_29_U   |Q_tile_RAM_AUTO_1R1W  |        0|   8|   8|    0|    64|    8|     1|          512|
    |K_tile_30_U   |Q_tile_RAM_AUTO_1R1W  |        0|   8|   8|    0|    64|    8|     1|          512|
    |K_tile_31_U   |Q_tile_RAM_AUTO_1R1W  |        0|   8|   8|    0|    64|    8|     1|          512|
    |K_tile_32_U   |Q_tile_RAM_AUTO_1R1W  |        0|   8|   8|    0|    64|    8|     1|          512|
    |K_tile_33_U   |Q_tile_RAM_AUTO_1R1W  |        0|   8|   8|    0|    64|    8|     1|          512|
    |K_tile_34_U   |Q_tile_RAM_AUTO_1R1W  |        0|   8|   8|    0|    64|    8|     1|          512|
    |K_tile_35_U   |Q_tile_RAM_AUTO_1R1W  |        0|   8|   8|    0|    64|    8|     1|          512|
    |K_tile_36_U   |Q_tile_RAM_AUTO_1R1W  |        0|   8|   8|    0|    64|    8|     1|          512|
    |K_tile_37_U   |Q_tile_RAM_AUTO_1R1W  |        0|   8|   8|    0|    64|    8|     1|          512|
    |K_tile_38_U   |Q_tile_RAM_AUTO_1R1W  |        0|   8|   8|    0|    64|    8|     1|          512|
    |K_tile_39_U   |Q_tile_RAM_AUTO_1R1W  |        0|   8|   8|    0|    64|    8|     1|          512|
    |K_tile_40_U   |Q_tile_RAM_AUTO_1R1W  |        0|   8|   8|    0|    64|    8|     1|          512|
    |K_tile_41_U   |Q_tile_RAM_AUTO_1R1W  |        0|   8|   8|    0|    64|    8|     1|          512|
    |K_tile_42_U   |Q_tile_RAM_AUTO_1R1W  |        0|   8|   8|    0|    64|    8|     1|          512|
    |K_tile_43_U   |Q_tile_RAM_AUTO_1R1W  |        0|   8|   8|    0|    64|    8|     1|          512|
    |K_tile_44_U   |Q_tile_RAM_AUTO_1R1W  |        0|   8|   8|    0|    64|    8|     1|          512|
    |K_tile_45_U   |Q_tile_RAM_AUTO_1R1W  |        0|   8|   8|    0|    64|    8|     1|          512|
    |K_tile_46_U   |Q_tile_RAM_AUTO_1R1W  |        0|   8|   8|    0|    64|    8|     1|          512|
    |K_tile_47_U   |Q_tile_RAM_AUTO_1R1W  |        0|   8|   8|    0|    64|    8|     1|          512|
    |K_tile_48_U   |Q_tile_RAM_AUTO_1R1W  |        0|   8|   8|    0|    64|    8|     1|          512|
    |K_tile_49_U   |Q_tile_RAM_AUTO_1R1W  |        0|   8|   8|    0|    64|    8|     1|          512|
    |K_tile_50_U   |Q_tile_RAM_AUTO_1R1W  |        0|   8|   8|    0|    64|    8|     1|          512|
    |K_tile_51_U   |Q_tile_RAM_AUTO_1R1W  |        0|   8|   8|    0|    64|    8|     1|          512|
    |K_tile_52_U   |Q_tile_RAM_AUTO_1R1W  |        0|   8|   8|    0|    64|    8|     1|          512|
    |K_tile_53_U   |Q_tile_RAM_AUTO_1R1W  |        0|   8|   8|    0|    64|    8|     1|          512|
    |K_tile_54_U   |Q_tile_RAM_AUTO_1R1W  |        0|   8|   8|    0|    64|    8|     1|          512|
    |K_tile_55_U   |Q_tile_RAM_AUTO_1R1W  |        0|   8|   8|    0|    64|    8|     1|          512|
    |K_tile_56_U   |Q_tile_RAM_AUTO_1R1W  |        0|   8|   8|    0|    64|    8|     1|          512|
    |K_tile_57_U   |Q_tile_RAM_AUTO_1R1W  |        0|   8|   8|    0|    64|    8|     1|          512|
    |K_tile_58_U   |Q_tile_RAM_AUTO_1R1W  |        0|   8|   8|    0|    64|    8|     1|          512|
    |K_tile_59_U   |Q_tile_RAM_AUTO_1R1W  |        0|   8|   8|    0|    64|    8|     1|          512|
    |K_tile_60_U   |Q_tile_RAM_AUTO_1R1W  |        0|   8|   8|    0|    64|    8|     1|          512|
    |K_tile_61_U   |Q_tile_RAM_AUTO_1R1W  |        0|   8|   8|    0|    64|    8|     1|          512|
    |K_tile_62_U   |Q_tile_RAM_AUTO_1R1W  |        0|   8|   8|    0|    64|    8|     1|          512|
    |K_tile_63_U   |Q_tile_RAM_AUTO_1R1W  |        0|   8|   8|    0|    64|    8|     1|          512|
    |K_tile_64_U   |Q_tile_RAM_AUTO_1R1W  |        0|   8|   8|    0|    64|    8|     1|          512|
    |K_tile_65_U   |Q_tile_RAM_AUTO_1R1W  |        0|   8|   8|    0|    64|    8|     1|          512|
    |K_tile_66_U   |Q_tile_RAM_AUTO_1R1W  |        0|   8|   8|    0|    64|    8|     1|          512|
    |K_tile_67_U   |Q_tile_RAM_AUTO_1R1W  |        0|   8|   8|    0|    64|    8|     1|          512|
    |K_tile_68_U   |Q_tile_RAM_AUTO_1R1W  |        0|   8|   8|    0|    64|    8|     1|          512|
    |K_tile_69_U   |Q_tile_RAM_AUTO_1R1W  |        0|   8|   8|    0|    64|    8|     1|          512|
    |K_tile_70_U   |Q_tile_RAM_AUTO_1R1W  |        0|   8|   8|    0|    64|    8|     1|          512|
    |K_tile_71_U   |Q_tile_RAM_AUTO_1R1W  |        0|   8|   8|    0|    64|    8|     1|          512|
    |K_tile_72_U   |Q_tile_RAM_AUTO_1R1W  |        0|   8|   8|    0|    64|    8|     1|          512|
    |K_tile_73_U   |Q_tile_RAM_AUTO_1R1W  |        0|   8|   8|    0|    64|    8|     1|          512|
    |K_tile_74_U   |Q_tile_RAM_AUTO_1R1W  |        0|   8|   8|    0|    64|    8|     1|          512|
    |K_tile_75_U   |Q_tile_RAM_AUTO_1R1W  |        0|   8|   8|    0|    64|    8|     1|          512|
    |K_tile_76_U   |Q_tile_RAM_AUTO_1R1W  |        0|   8|   8|    0|    64|    8|     1|          512|
    |K_tile_77_U   |Q_tile_RAM_AUTO_1R1W  |        0|   8|   8|    0|    64|    8|     1|          512|
    |K_tile_78_U   |Q_tile_RAM_AUTO_1R1W  |        0|   8|   8|    0|    64|    8|     1|          512|
    |K_tile_79_U   |Q_tile_RAM_AUTO_1R1W  |        0|   8|   8|    0|    64|    8|     1|          512|
    |K_tile_80_U   |Q_tile_RAM_AUTO_1R1W  |        0|   8|   8|    0|    64|    8|     1|          512|
    |K_tile_81_U   |Q_tile_RAM_AUTO_1R1W  |        0|   8|   8|    0|    64|    8|     1|          512|
    |K_tile_82_U   |Q_tile_RAM_AUTO_1R1W  |        0|   8|   8|    0|    64|    8|     1|          512|
    |K_tile_83_U   |Q_tile_RAM_AUTO_1R1W  |        0|   8|   8|    0|    64|    8|     1|          512|
    |K_tile_84_U   |Q_tile_RAM_AUTO_1R1W  |        0|   8|   8|    0|    64|    8|     1|          512|
    |K_tile_85_U   |Q_tile_RAM_AUTO_1R1W  |        0|   8|   8|    0|    64|    8|     1|          512|
    |K_tile_86_U   |Q_tile_RAM_AUTO_1R1W  |        0|   8|   8|    0|    64|    8|     1|          512|
    |K_tile_87_U   |Q_tile_RAM_AUTO_1R1W  |        0|   8|   8|    0|    64|    8|     1|          512|
    |K_tile_88_U   |Q_tile_RAM_AUTO_1R1W  |        0|   8|   8|    0|    64|    8|     1|          512|
    |K_tile_89_U   |Q_tile_RAM_AUTO_1R1W  |        0|   8|   8|    0|    64|    8|     1|          512|
    |K_tile_90_U   |Q_tile_RAM_AUTO_1R1W  |        0|   8|   8|    0|    64|    8|     1|          512|
    |K_tile_91_U   |Q_tile_RAM_AUTO_1R1W  |        0|   8|   8|    0|    64|    8|     1|          512|
    |K_tile_92_U   |Q_tile_RAM_AUTO_1R1W  |        0|   8|   8|    0|    64|    8|     1|          512|
    |K_tile_93_U   |Q_tile_RAM_AUTO_1R1W  |        0|   8|   8|    0|    64|    8|     1|          512|
    |K_tile_94_U   |Q_tile_RAM_AUTO_1R1W  |        0|   8|   8|    0|    64|    8|     1|          512|
    |K_tile_95_U   |Q_tile_RAM_AUTO_1R1W  |        0|   8|   8|    0|    64|    8|     1|          512|
    |K_tile_96_U   |Q_tile_RAM_AUTO_1R1W  |        0|   8|   8|    0|    64|    8|     1|          512|
    |K_tile_97_U   |Q_tile_RAM_AUTO_1R1W  |        0|   8|   8|    0|    64|    8|     1|          512|
    |K_tile_98_U   |Q_tile_RAM_AUTO_1R1W  |        0|   8|   8|    0|    64|    8|     1|          512|
    |K_tile_99_U   |Q_tile_RAM_AUTO_1R1W  |        0|   8|   8|    0|    64|    8|     1|          512|
    |K_tile_100_U  |Q_tile_RAM_AUTO_1R1W  |        0|   8|   8|    0|    64|    8|     1|          512|
    |K_tile_101_U  |Q_tile_RAM_AUTO_1R1W  |        0|   8|   8|    0|    64|    8|     1|          512|
    |K_tile_102_U  |Q_tile_RAM_AUTO_1R1W  |        0|   8|   8|    0|    64|    8|     1|          512|
    |K_tile_103_U  |Q_tile_RAM_AUTO_1R1W  |        0|   8|   8|    0|    64|    8|     1|          512|
    |K_tile_104_U  |Q_tile_RAM_AUTO_1R1W  |        0|   8|   8|    0|    64|    8|     1|          512|
    |K_tile_105_U  |Q_tile_RAM_AUTO_1R1W  |        0|   8|   8|    0|    64|    8|     1|          512|
    |K_tile_106_U  |Q_tile_RAM_AUTO_1R1W  |        0|   8|   8|    0|    64|    8|     1|          512|
    |K_tile_107_U  |Q_tile_RAM_AUTO_1R1W  |        0|   8|   8|    0|    64|    8|     1|          512|
    |K_tile_108_U  |Q_tile_RAM_AUTO_1R1W  |        0|   8|   8|    0|    64|    8|     1|          512|
    |K_tile_109_U  |Q_tile_RAM_AUTO_1R1W  |        0|   8|   8|    0|    64|    8|     1|          512|
    |K_tile_110_U  |Q_tile_RAM_AUTO_1R1W  |        0|   8|   8|    0|    64|    8|     1|          512|
    |K_tile_111_U  |Q_tile_RAM_AUTO_1R1W  |        0|   8|   8|    0|    64|    8|     1|          512|
    |K_tile_112_U  |Q_tile_RAM_AUTO_1R1W  |        0|   8|   8|    0|    64|    8|     1|          512|
    |K_tile_113_U  |Q_tile_RAM_AUTO_1R1W  |        0|   8|   8|    0|    64|    8|     1|          512|
    |K_tile_114_U  |Q_tile_RAM_AUTO_1R1W  |        0|   8|   8|    0|    64|    8|     1|          512|
    |K_tile_115_U  |Q_tile_RAM_AUTO_1R1W  |        0|   8|   8|    0|    64|    8|     1|          512|
    |K_tile_116_U  |Q_tile_RAM_AUTO_1R1W  |        0|   8|   8|    0|    64|    8|     1|          512|
    |K_tile_117_U  |Q_tile_RAM_AUTO_1R1W  |        0|   8|   8|    0|    64|    8|     1|          512|
    |K_tile_118_U  |Q_tile_RAM_AUTO_1R1W  |        0|   8|   8|    0|    64|    8|     1|          512|
    |K_tile_119_U  |Q_tile_RAM_AUTO_1R1W  |        0|   8|   8|    0|    64|    8|     1|          512|
    |K_tile_120_U  |Q_tile_RAM_AUTO_1R1W  |        0|   8|   8|    0|    64|    8|     1|          512|
    |K_tile_121_U  |Q_tile_RAM_AUTO_1R1W  |        0|   8|   8|    0|    64|    8|     1|          512|
    |K_tile_122_U  |Q_tile_RAM_AUTO_1R1W  |        0|   8|   8|    0|    64|    8|     1|          512|
    |K_tile_123_U  |Q_tile_RAM_AUTO_1R1W  |        0|   8|   8|    0|    64|    8|     1|          512|
    |K_tile_124_U  |Q_tile_RAM_AUTO_1R1W  |        0|   8|   8|    0|    64|    8|     1|          512|
    |K_tile_125_U  |Q_tile_RAM_AUTO_1R1W  |        0|   8|   8|    0|    64|    8|     1|          512|
    |K_tile_126_U  |Q_tile_RAM_AUTO_1R1W  |        0|   8|   8|    0|    64|    8|     1|          512|
    |K_tile_127_U  |Q_tile_RAM_AUTO_1R1W  |        0|   8|   8|    0|    64|    8|     1|          512|
    |V_tile_U      |V_tile_RAM_AUTO_1R1W  |        0|   8|   2|    0|    16|    8|     1|          128|
    |V_tile_1_U    |V_tile_RAM_AUTO_1R1W  |        0|   8|   2|    0|    16|    8|     1|          128|
    |V_tile_2_U    |V_tile_RAM_AUTO_1R1W  |        0|   8|   2|    0|    16|    8|     1|          128|
    |V_tile_3_U    |V_tile_RAM_AUTO_1R1W  |        0|   8|   2|    0|    16|    8|     1|          128|
    |V_tile_4_U    |V_tile_RAM_AUTO_1R1W  |        0|   8|   2|    0|    16|    8|     1|          128|
    |V_tile_5_U    |V_tile_RAM_AUTO_1R1W  |        0|   8|   2|    0|    16|    8|     1|          128|
    |V_tile_6_U    |V_tile_RAM_AUTO_1R1W  |        0|   8|   2|    0|    16|    8|     1|          128|
    |V_tile_7_U    |V_tile_RAM_AUTO_1R1W  |        0|   8|   2|    0|    16|    8|     1|          128|
    |V_tile_8_U    |V_tile_RAM_AUTO_1R1W  |        0|   8|   2|    0|    16|    8|     1|          128|
    |V_tile_9_U    |V_tile_RAM_AUTO_1R1W  |        0|   8|   2|    0|    16|    8|     1|          128|
    |V_tile_10_U   |V_tile_RAM_AUTO_1R1W  |        0|   8|   2|    0|    16|    8|     1|          128|
    |V_tile_11_U   |V_tile_RAM_AUTO_1R1W  |        0|   8|   2|    0|    16|    8|     1|          128|
    |V_tile_12_U   |V_tile_RAM_AUTO_1R1W  |        0|   8|   2|    0|    16|    8|     1|          128|
    |V_tile_13_U   |V_tile_RAM_AUTO_1R1W  |        0|   8|   2|    0|    16|    8|     1|          128|
    |V_tile_14_U   |V_tile_RAM_AUTO_1R1W  |        0|   8|   2|    0|    16|    8|     1|          128|
    |V_tile_15_U   |V_tile_RAM_AUTO_1R1W  |        0|   8|   2|    0|    16|    8|     1|          128|
    |V_tile_16_U   |V_tile_RAM_AUTO_1R1W  |        0|   8|   2|    0|    16|    8|     1|          128|
    |V_tile_17_U   |V_tile_RAM_AUTO_1R1W  |        0|   8|   2|    0|    16|    8|     1|          128|
    |V_tile_18_U   |V_tile_RAM_AUTO_1R1W  |        0|   8|   2|    0|    16|    8|     1|          128|
    |V_tile_19_U   |V_tile_RAM_AUTO_1R1W  |        0|   8|   2|    0|    16|    8|     1|          128|
    |V_tile_20_U   |V_tile_RAM_AUTO_1R1W  |        0|   8|   2|    0|    16|    8|     1|          128|
    |V_tile_21_U   |V_tile_RAM_AUTO_1R1W  |        0|   8|   2|    0|    16|    8|     1|          128|
    |V_tile_22_U   |V_tile_RAM_AUTO_1R1W  |        0|   8|   2|    0|    16|    8|     1|          128|
    |V_tile_23_U   |V_tile_RAM_AUTO_1R1W  |        0|   8|   2|    0|    16|    8|     1|          128|
    |V_tile_24_U   |V_tile_RAM_AUTO_1R1W  |        0|   8|   2|    0|    16|    8|     1|          128|
    |V_tile_25_U   |V_tile_RAM_AUTO_1R1W  |        0|   8|   2|    0|    16|    8|     1|          128|
    |V_tile_26_U   |V_tile_RAM_AUTO_1R1W  |        0|   8|   2|    0|    16|    8|     1|          128|
    |V_tile_27_U   |V_tile_RAM_AUTO_1R1W  |        0|   8|   2|    0|    16|    8|     1|          128|
    |V_tile_28_U   |V_tile_RAM_AUTO_1R1W  |        0|   8|   2|    0|    16|    8|     1|          128|
    |V_tile_29_U   |V_tile_RAM_AUTO_1R1W  |        0|   8|   2|    0|    16|    8|     1|          128|
    |V_tile_30_U   |V_tile_RAM_AUTO_1R1W  |        0|   8|   2|    0|    16|    8|     1|          128|
    |V_tile_31_U   |V_tile_RAM_AUTO_1R1W  |        0|   8|   2|    0|    16|    8|     1|          128|
    |V_tile_32_U   |V_tile_RAM_AUTO_1R1W  |        0|   8|   2|    0|    16|    8|     1|          128|
    |V_tile_33_U   |V_tile_RAM_AUTO_1R1W  |        0|   8|   2|    0|    16|    8|     1|          128|
    |V_tile_34_U   |V_tile_RAM_AUTO_1R1W  |        0|   8|   2|    0|    16|    8|     1|          128|
    |V_tile_35_U   |V_tile_RAM_AUTO_1R1W  |        0|   8|   2|    0|    16|    8|     1|          128|
    |V_tile_36_U   |V_tile_RAM_AUTO_1R1W  |        0|   8|   2|    0|    16|    8|     1|          128|
    |V_tile_37_U   |V_tile_RAM_AUTO_1R1W  |        0|   8|   2|    0|    16|    8|     1|          128|
    |V_tile_38_U   |V_tile_RAM_AUTO_1R1W  |        0|   8|   2|    0|    16|    8|     1|          128|
    |V_tile_39_U   |V_tile_RAM_AUTO_1R1W  |        0|   8|   2|    0|    16|    8|     1|          128|
    |V_tile_40_U   |V_tile_RAM_AUTO_1R1W  |        0|   8|   2|    0|    16|    8|     1|          128|
    |V_tile_41_U   |V_tile_RAM_AUTO_1R1W  |        0|   8|   2|    0|    16|    8|     1|          128|
    |V_tile_42_U   |V_tile_RAM_AUTO_1R1W  |        0|   8|   2|    0|    16|    8|     1|          128|
    |V_tile_43_U   |V_tile_RAM_AUTO_1R1W  |        0|   8|   2|    0|    16|    8|     1|          128|
    |V_tile_44_U   |V_tile_RAM_AUTO_1R1W  |        0|   8|   2|    0|    16|    8|     1|          128|
    |V_tile_45_U   |V_tile_RAM_AUTO_1R1W  |        0|   8|   2|    0|    16|    8|     1|          128|
    |V_tile_46_U   |V_tile_RAM_AUTO_1R1W  |        0|   8|   2|    0|    16|    8|     1|          128|
    |V_tile_47_U   |V_tile_RAM_AUTO_1R1W  |        0|   8|   2|    0|    16|    8|     1|          128|
    |V_tile_48_U   |V_tile_RAM_AUTO_1R1W  |        0|   8|   2|    0|    16|    8|     1|          128|
    |V_tile_49_U   |V_tile_RAM_AUTO_1R1W  |        0|   8|   2|    0|    16|    8|     1|          128|
    |V_tile_50_U   |V_tile_RAM_AUTO_1R1W  |        0|   8|   2|    0|    16|    8|     1|          128|
    |V_tile_51_U   |V_tile_RAM_AUTO_1R1W  |        0|   8|   2|    0|    16|    8|     1|          128|
    |V_tile_52_U   |V_tile_RAM_AUTO_1R1W  |        0|   8|   2|    0|    16|    8|     1|          128|
    |V_tile_53_U   |V_tile_RAM_AUTO_1R1W  |        0|   8|   2|    0|    16|    8|     1|          128|
    |V_tile_54_U   |V_tile_RAM_AUTO_1R1W  |        0|   8|   2|    0|    16|    8|     1|          128|
    |V_tile_55_U   |V_tile_RAM_AUTO_1R1W  |        0|   8|   2|    0|    16|    8|     1|          128|
    |V_tile_56_U   |V_tile_RAM_AUTO_1R1W  |        0|   8|   2|    0|    16|    8|     1|          128|
    |V_tile_57_U   |V_tile_RAM_AUTO_1R1W  |        0|   8|   2|    0|    16|    8|     1|          128|
    |V_tile_58_U   |V_tile_RAM_AUTO_1R1W  |        0|   8|   2|    0|    16|    8|     1|          128|
    |V_tile_59_U   |V_tile_RAM_AUTO_1R1W  |        0|   8|   2|    0|    16|    8|     1|          128|
    |V_tile_60_U   |V_tile_RAM_AUTO_1R1W  |        0|   8|   2|    0|    16|    8|     1|          128|
    |V_tile_61_U   |V_tile_RAM_AUTO_1R1W  |        0|   8|   2|    0|    16|    8|     1|          128|
    |V_tile_62_U   |V_tile_RAM_AUTO_1R1W  |        0|   8|   2|    0|    16|    8|     1|          128|
    |V_tile_63_U   |V_tile_RAM_AUTO_1R1W  |        0|   8|   2|    0|    16|    8|     1|          128|
    |V_tile_64_U   |V_tile_RAM_AUTO_1R1W  |        0|   8|   2|    0|    16|    8|     1|          128|
    |V_tile_65_U   |V_tile_RAM_AUTO_1R1W  |        0|   8|   2|    0|    16|    8|     1|          128|
    |V_tile_66_U   |V_tile_RAM_AUTO_1R1W  |        0|   8|   2|    0|    16|    8|     1|          128|
    |V_tile_67_U   |V_tile_RAM_AUTO_1R1W  |        0|   8|   2|    0|    16|    8|     1|          128|
    |V_tile_68_U   |V_tile_RAM_AUTO_1R1W  |        0|   8|   2|    0|    16|    8|     1|          128|
    |V_tile_69_U   |V_tile_RAM_AUTO_1R1W  |        0|   8|   2|    0|    16|    8|     1|          128|
    |V_tile_70_U   |V_tile_RAM_AUTO_1R1W  |        0|   8|   2|    0|    16|    8|     1|          128|
    |V_tile_71_U   |V_tile_RAM_AUTO_1R1W  |        0|   8|   2|    0|    16|    8|     1|          128|
    |V_tile_72_U   |V_tile_RAM_AUTO_1R1W  |        0|   8|   2|    0|    16|    8|     1|          128|
    |V_tile_73_U   |V_tile_RAM_AUTO_1R1W  |        0|   8|   2|    0|    16|    8|     1|          128|
    |V_tile_74_U   |V_tile_RAM_AUTO_1R1W  |        0|   8|   2|    0|    16|    8|     1|          128|
    |V_tile_75_U   |V_tile_RAM_AUTO_1R1W  |        0|   8|   2|    0|    16|    8|     1|          128|
    |V_tile_76_U   |V_tile_RAM_AUTO_1R1W  |        0|   8|   2|    0|    16|    8|     1|          128|
    |V_tile_77_U   |V_tile_RAM_AUTO_1R1W  |        0|   8|   2|    0|    16|    8|     1|          128|
    |V_tile_78_U   |V_tile_RAM_AUTO_1R1W  |        0|   8|   2|    0|    16|    8|     1|          128|
    |V_tile_79_U   |V_tile_RAM_AUTO_1R1W  |        0|   8|   2|    0|    16|    8|     1|          128|
    |V_tile_80_U   |V_tile_RAM_AUTO_1R1W  |        0|   8|   2|    0|    16|    8|     1|          128|
    |V_tile_81_U   |V_tile_RAM_AUTO_1R1W  |        0|   8|   2|    0|    16|    8|     1|          128|
    |V_tile_82_U   |V_tile_RAM_AUTO_1R1W  |        0|   8|   2|    0|    16|    8|     1|          128|
    |V_tile_83_U   |V_tile_RAM_AUTO_1R1W  |        0|   8|   2|    0|    16|    8|     1|          128|
    |V_tile_84_U   |V_tile_RAM_AUTO_1R1W  |        0|   8|   2|    0|    16|    8|     1|          128|
    |V_tile_85_U   |V_tile_RAM_AUTO_1R1W  |        0|   8|   2|    0|    16|    8|     1|          128|
    |V_tile_86_U   |V_tile_RAM_AUTO_1R1W  |        0|   8|   2|    0|    16|    8|     1|          128|
    |V_tile_87_U   |V_tile_RAM_AUTO_1R1W  |        0|   8|   2|    0|    16|    8|     1|          128|
    |V_tile_88_U   |V_tile_RAM_AUTO_1R1W  |        0|   8|   2|    0|    16|    8|     1|          128|
    |V_tile_89_U   |V_tile_RAM_AUTO_1R1W  |        0|   8|   2|    0|    16|    8|     1|          128|
    |V_tile_90_U   |V_tile_RAM_AUTO_1R1W  |        0|   8|   2|    0|    16|    8|     1|          128|
    |V_tile_91_U   |V_tile_RAM_AUTO_1R1W  |        0|   8|   2|    0|    16|    8|     1|          128|
    |V_tile_92_U   |V_tile_RAM_AUTO_1R1W  |        0|   8|   2|    0|    16|    8|     1|          128|
    |V_tile_93_U   |V_tile_RAM_AUTO_1R1W  |        0|   8|   2|    0|    16|    8|     1|          128|
    |V_tile_94_U   |V_tile_RAM_AUTO_1R1W  |        0|   8|   2|    0|    16|    8|     1|          128|
    |V_tile_95_U   |V_tile_RAM_AUTO_1R1W  |        0|   8|   2|    0|    16|    8|     1|          128|
    |V_tile_96_U   |V_tile_RAM_AUTO_1R1W  |        0|   8|   2|    0|    16|    8|     1|          128|
    |V_tile_97_U   |V_tile_RAM_AUTO_1R1W  |        0|   8|   2|    0|    16|    8|     1|          128|
    |V_tile_98_U   |V_tile_RAM_AUTO_1R1W  |        0|   8|   2|    0|    16|    8|     1|          128|
    |V_tile_99_U   |V_tile_RAM_AUTO_1R1W  |        0|   8|   2|    0|    16|    8|     1|          128|
    |V_tile_100_U  |V_tile_RAM_AUTO_1R1W  |        0|   8|   2|    0|    16|    8|     1|          128|
    |V_tile_101_U  |V_tile_RAM_AUTO_1R1W  |        0|   8|   2|    0|    16|    8|     1|          128|
    |V_tile_102_U  |V_tile_RAM_AUTO_1R1W  |        0|   8|   2|    0|    16|    8|     1|          128|
    |V_tile_103_U  |V_tile_RAM_AUTO_1R1W  |        0|   8|   2|    0|    16|    8|     1|          128|
    |V_tile_104_U  |V_tile_RAM_AUTO_1R1W  |        0|   8|   2|    0|    16|    8|     1|          128|
    |V_tile_105_U  |V_tile_RAM_AUTO_1R1W  |        0|   8|   2|    0|    16|    8|     1|          128|
    |V_tile_106_U  |V_tile_RAM_AUTO_1R1W  |        0|   8|   2|    0|    16|    8|     1|          128|
    |V_tile_107_U  |V_tile_RAM_AUTO_1R1W  |        0|   8|   2|    0|    16|    8|     1|          128|
    |V_tile_108_U  |V_tile_RAM_AUTO_1R1W  |        0|   8|   2|    0|    16|    8|     1|          128|
    |V_tile_109_U  |V_tile_RAM_AUTO_1R1W  |        0|   8|   2|    0|    16|    8|     1|          128|
    |V_tile_110_U  |V_tile_RAM_AUTO_1R1W  |        0|   8|   2|    0|    16|    8|     1|          128|
    |V_tile_111_U  |V_tile_RAM_AUTO_1R1W  |        0|   8|   2|    0|    16|    8|     1|          128|
    |V_tile_112_U  |V_tile_RAM_AUTO_1R1W  |        0|   8|   2|    0|    16|    8|     1|          128|
    |V_tile_113_U  |V_tile_RAM_AUTO_1R1W  |        0|   8|   2|    0|    16|    8|     1|          128|
    |V_tile_114_U  |V_tile_RAM_AUTO_1R1W  |        0|   8|   2|    0|    16|    8|     1|          128|
    |V_tile_115_U  |V_tile_RAM_AUTO_1R1W  |        0|   8|   2|    0|    16|    8|     1|          128|
    |V_tile_116_U  |V_tile_RAM_AUTO_1R1W  |        0|   8|   2|    0|    16|    8|     1|          128|
    |V_tile_117_U  |V_tile_RAM_AUTO_1R1W  |        0|   8|   2|    0|    16|    8|     1|          128|
    |V_tile_118_U  |V_tile_RAM_AUTO_1R1W  |        0|   8|   2|    0|    16|    8|     1|          128|
    |V_tile_119_U  |V_tile_RAM_AUTO_1R1W  |        0|   8|   2|    0|    16|    8|     1|          128|
    |V_tile_120_U  |V_tile_RAM_AUTO_1R1W  |        0|   8|   2|    0|    16|    8|     1|          128|
    |V_tile_121_U  |V_tile_RAM_AUTO_1R1W  |        0|   8|   2|    0|    16|    8|     1|          128|
    |V_tile_122_U  |V_tile_RAM_AUTO_1R1W  |        0|   8|   2|    0|    16|    8|     1|          128|
    |V_tile_123_U  |V_tile_RAM_AUTO_1R1W  |        0|   8|   2|    0|    16|    8|     1|          128|
    |V_tile_124_U  |V_tile_RAM_AUTO_1R1W  |        0|   8|   2|    0|    16|    8|     1|          128|
    |V_tile_125_U  |V_tile_RAM_AUTO_1R1W  |        0|   8|   2|    0|    16|    8|     1|          128|
    |V_tile_126_U  |V_tile_RAM_AUTO_1R1W  |        0|   8|   2|    0|    16|    8|     1|          128|
    |V_tile_127_U  |V_tile_RAM_AUTO_1R1W  |        0|   8|   2|    0|    16|    8|     1|          128|
    |V_tile_128_U  |V_tile_RAM_AUTO_1R1W  |        0|   8|   2|    0|    16|    8|     1|          128|
    |V_tile_129_U  |V_tile_RAM_AUTO_1R1W  |        0|   8|   2|    0|    16|    8|     1|          128|
    |V_tile_130_U  |V_tile_RAM_AUTO_1R1W  |        0|   8|   2|    0|    16|    8|     1|          128|
    |V_tile_131_U  |V_tile_RAM_AUTO_1R1W  |        0|   8|   2|    0|    16|    8|     1|          128|
    |V_tile_132_U  |V_tile_RAM_AUTO_1R1W  |        0|   8|   2|    0|    16|    8|     1|          128|
    |V_tile_133_U  |V_tile_RAM_AUTO_1R1W  |        0|   8|   2|    0|    16|    8|     1|          128|
    |V_tile_134_U  |V_tile_RAM_AUTO_1R1W  |        0|   8|   2|    0|    16|    8|     1|          128|
    |V_tile_135_U  |V_tile_RAM_AUTO_1R1W  |        0|   8|   2|    0|    16|    8|     1|          128|
    |V_tile_136_U  |V_tile_RAM_AUTO_1R1W  |        0|   8|   2|    0|    16|    8|     1|          128|
    |V_tile_137_U  |V_tile_RAM_AUTO_1R1W  |        0|   8|   2|    0|    16|    8|     1|          128|
    |V_tile_138_U  |V_tile_RAM_AUTO_1R1W  |        0|   8|   2|    0|    16|    8|     1|          128|
    |V_tile_139_U  |V_tile_RAM_AUTO_1R1W  |        0|   8|   2|    0|    16|    8|     1|          128|
    |V_tile_140_U  |V_tile_RAM_AUTO_1R1W  |        0|   8|   2|    0|    16|    8|     1|          128|
    |V_tile_141_U  |V_tile_RAM_AUTO_1R1W  |        0|   8|   2|    0|    16|    8|     1|          128|
    |V_tile_142_U  |V_tile_RAM_AUTO_1R1W  |        0|   8|   2|    0|    16|    8|     1|          128|
    |V_tile_143_U  |V_tile_RAM_AUTO_1R1W  |        0|   8|   2|    0|    16|    8|     1|          128|
    |V_tile_144_U  |V_tile_RAM_AUTO_1R1W  |        0|   8|   2|    0|    16|    8|     1|          128|
    |V_tile_145_U  |V_tile_RAM_AUTO_1R1W  |        0|   8|   2|    0|    16|    8|     1|          128|
    |V_tile_146_U  |V_tile_RAM_AUTO_1R1W  |        0|   8|   2|    0|    16|    8|     1|          128|
    |V_tile_147_U  |V_tile_RAM_AUTO_1R1W  |        0|   8|   2|    0|    16|    8|     1|          128|
    |V_tile_148_U  |V_tile_RAM_AUTO_1R1W  |        0|   8|   2|    0|    16|    8|     1|          128|
    |V_tile_149_U  |V_tile_RAM_AUTO_1R1W  |        0|   8|   2|    0|    16|    8|     1|          128|
    |V_tile_150_U  |V_tile_RAM_AUTO_1R1W  |        0|   8|   2|    0|    16|    8|     1|          128|
    |V_tile_151_U  |V_tile_RAM_AUTO_1R1W  |        0|   8|   2|    0|    16|    8|     1|          128|
    |V_tile_152_U  |V_tile_RAM_AUTO_1R1W  |        0|   8|   2|    0|    16|    8|     1|          128|
    |V_tile_153_U  |V_tile_RAM_AUTO_1R1W  |        0|   8|   2|    0|    16|    8|     1|          128|
    |V_tile_154_U  |V_tile_RAM_AUTO_1R1W  |        0|   8|   2|    0|    16|    8|     1|          128|
    |V_tile_155_U  |V_tile_RAM_AUTO_1R1W  |        0|   8|   2|    0|    16|    8|     1|          128|
    |V_tile_156_U  |V_tile_RAM_AUTO_1R1W  |        0|   8|   2|    0|    16|    8|     1|          128|
    |V_tile_157_U  |V_tile_RAM_AUTO_1R1W  |        0|   8|   2|    0|    16|    8|     1|          128|
    |V_tile_158_U  |V_tile_RAM_AUTO_1R1W  |        0|   8|   2|    0|    16|    8|     1|          128|
    |V_tile_159_U  |V_tile_RAM_AUTO_1R1W  |        0|   8|   2|    0|    16|    8|     1|          128|
    |V_tile_160_U  |V_tile_RAM_AUTO_1R1W  |        0|   8|   2|    0|    16|    8|     1|          128|
    |V_tile_161_U  |V_tile_RAM_AUTO_1R1W  |        0|   8|   2|    0|    16|    8|     1|          128|
    |V_tile_162_U  |V_tile_RAM_AUTO_1R1W  |        0|   8|   2|    0|    16|    8|     1|          128|
    |V_tile_163_U  |V_tile_RAM_AUTO_1R1W  |        0|   8|   2|    0|    16|    8|     1|          128|
    |V_tile_164_U  |V_tile_RAM_AUTO_1R1W  |        0|   8|   2|    0|    16|    8|     1|          128|
    |V_tile_165_U  |V_tile_RAM_AUTO_1R1W  |        0|   8|   2|    0|    16|    8|     1|          128|
    |V_tile_166_U  |V_tile_RAM_AUTO_1R1W  |        0|   8|   2|    0|    16|    8|     1|          128|
    |V_tile_167_U  |V_tile_RAM_AUTO_1R1W  |        0|   8|   2|    0|    16|    8|     1|          128|
    |V_tile_168_U  |V_tile_RAM_AUTO_1R1W  |        0|   8|   2|    0|    16|    8|     1|          128|
    |V_tile_169_U  |V_tile_RAM_AUTO_1R1W  |        0|   8|   2|    0|    16|    8|     1|          128|
    |V_tile_170_U  |V_tile_RAM_AUTO_1R1W  |        0|   8|   2|    0|    16|    8|     1|          128|
    |V_tile_171_U  |V_tile_RAM_AUTO_1R1W  |        0|   8|   2|    0|    16|    8|     1|          128|
    |V_tile_172_U  |V_tile_RAM_AUTO_1R1W  |        0|   8|   2|    0|    16|    8|     1|          128|
    |V_tile_173_U  |V_tile_RAM_AUTO_1R1W  |        0|   8|   2|    0|    16|    8|     1|          128|
    |V_tile_174_U  |V_tile_RAM_AUTO_1R1W  |        0|   8|   2|    0|    16|    8|     1|          128|
    |V_tile_175_U  |V_tile_RAM_AUTO_1R1W  |        0|   8|   2|    0|    16|    8|     1|          128|
    |V_tile_176_U  |V_tile_RAM_AUTO_1R1W  |        0|   8|   2|    0|    16|    8|     1|          128|
    |V_tile_177_U  |V_tile_RAM_AUTO_1R1W  |        0|   8|   2|    0|    16|    8|     1|          128|
    |V_tile_178_U  |V_tile_RAM_AUTO_1R1W  |        0|   8|   2|    0|    16|    8|     1|          128|
    |V_tile_179_U  |V_tile_RAM_AUTO_1R1W  |        0|   8|   2|    0|    16|    8|     1|          128|
    |V_tile_180_U  |V_tile_RAM_AUTO_1R1W  |        0|   8|   2|    0|    16|    8|     1|          128|
    |V_tile_181_U  |V_tile_RAM_AUTO_1R1W  |        0|   8|   2|    0|    16|    8|     1|          128|
    |V_tile_182_U  |V_tile_RAM_AUTO_1R1W  |        0|   8|   2|    0|    16|    8|     1|          128|
    |V_tile_183_U  |V_tile_RAM_AUTO_1R1W  |        0|   8|   2|    0|    16|    8|     1|          128|
    |V_tile_184_U  |V_tile_RAM_AUTO_1R1W  |        0|   8|   2|    0|    16|    8|     1|          128|
    |V_tile_185_U  |V_tile_RAM_AUTO_1R1W  |        0|   8|   2|    0|    16|    8|     1|          128|
    |V_tile_186_U  |V_tile_RAM_AUTO_1R1W  |        0|   8|   2|    0|    16|    8|     1|          128|
    |V_tile_187_U  |V_tile_RAM_AUTO_1R1W  |        0|   8|   2|    0|    16|    8|     1|          128|
    |V_tile_188_U  |V_tile_RAM_AUTO_1R1W  |        0|   8|   2|    0|    16|    8|     1|          128|
    |V_tile_189_U  |V_tile_RAM_AUTO_1R1W  |        0|   8|   2|    0|    16|    8|     1|          128|
    |V_tile_190_U  |V_tile_RAM_AUTO_1R1W  |        0|   8|   2|    0|    16|    8|     1|          128|
    |V_tile_191_U  |V_tile_RAM_AUTO_1R1W  |        0|   8|   2|    0|    16|    8|     1|          128|
    |V_tile_192_U  |V_tile_RAM_AUTO_1R1W  |        0|   8|   2|    0|    16|    8|     1|          128|
    |V_tile_193_U  |V_tile_RAM_AUTO_1R1W  |        0|   8|   2|    0|    16|    8|     1|          128|
    |V_tile_194_U  |V_tile_RAM_AUTO_1R1W  |        0|   8|   2|    0|    16|    8|     1|          128|
    |V_tile_195_U  |V_tile_RAM_AUTO_1R1W  |        0|   8|   2|    0|    16|    8|     1|          128|
    |V_tile_196_U  |V_tile_RAM_AUTO_1R1W  |        0|   8|   2|    0|    16|    8|     1|          128|
    |V_tile_197_U  |V_tile_RAM_AUTO_1R1W  |        0|   8|   2|    0|    16|    8|     1|          128|
    |V_tile_198_U  |V_tile_RAM_AUTO_1R1W  |        0|   8|   2|    0|    16|    8|     1|          128|
    |V_tile_199_U  |V_tile_RAM_AUTO_1R1W  |        0|   8|   2|    0|    16|    8|     1|          128|
    |V_tile_200_U  |V_tile_RAM_AUTO_1R1W  |        0|   8|   2|    0|    16|    8|     1|          128|
    |V_tile_201_U  |V_tile_RAM_AUTO_1R1W  |        0|   8|   2|    0|    16|    8|     1|          128|
    |V_tile_202_U  |V_tile_RAM_AUTO_1R1W  |        0|   8|   2|    0|    16|    8|     1|          128|
    |V_tile_203_U  |V_tile_RAM_AUTO_1R1W  |        0|   8|   2|    0|    16|    8|     1|          128|
    |V_tile_204_U  |V_tile_RAM_AUTO_1R1W  |        0|   8|   2|    0|    16|    8|     1|          128|
    |V_tile_205_U  |V_tile_RAM_AUTO_1R1W  |        0|   8|   2|    0|    16|    8|     1|          128|
    |V_tile_206_U  |V_tile_RAM_AUTO_1R1W  |        0|   8|   2|    0|    16|    8|     1|          128|
    |V_tile_207_U  |V_tile_RAM_AUTO_1R1W  |        0|   8|   2|    0|    16|    8|     1|          128|
    |V_tile_208_U  |V_tile_RAM_AUTO_1R1W  |        0|   8|   2|    0|    16|    8|     1|          128|
    |V_tile_209_U  |V_tile_RAM_AUTO_1R1W  |        0|   8|   2|    0|    16|    8|     1|          128|
    |V_tile_210_U  |V_tile_RAM_AUTO_1R1W  |        0|   8|   2|    0|    16|    8|     1|          128|
    |V_tile_211_U  |V_tile_RAM_AUTO_1R1W  |        0|   8|   2|    0|    16|    8|     1|          128|
    |V_tile_212_U  |V_tile_RAM_AUTO_1R1W  |        0|   8|   2|    0|    16|    8|     1|          128|
    |V_tile_213_U  |V_tile_RAM_AUTO_1R1W  |        0|   8|   2|    0|    16|    8|     1|          128|
    |V_tile_214_U  |V_tile_RAM_AUTO_1R1W  |        0|   8|   2|    0|    16|    8|     1|          128|
    |V_tile_215_U  |V_tile_RAM_AUTO_1R1W  |        0|   8|   2|    0|    16|    8|     1|          128|
    |V_tile_216_U  |V_tile_RAM_AUTO_1R1W  |        0|   8|   2|    0|    16|    8|     1|          128|
    |V_tile_217_U  |V_tile_RAM_AUTO_1R1W  |        0|   8|   2|    0|    16|    8|     1|          128|
    |V_tile_218_U  |V_tile_RAM_AUTO_1R1W  |        0|   8|   2|    0|    16|    8|     1|          128|
    |V_tile_219_U  |V_tile_RAM_AUTO_1R1W  |        0|   8|   2|    0|    16|    8|     1|          128|
    |V_tile_220_U  |V_tile_RAM_AUTO_1R1W  |        0|   8|   2|    0|    16|    8|     1|          128|
    |V_tile_221_U  |V_tile_RAM_AUTO_1R1W  |        0|   8|   2|    0|    16|    8|     1|          128|
    |V_tile_222_U  |V_tile_RAM_AUTO_1R1W  |        0|   8|   2|    0|    16|    8|     1|          128|
    |V_tile_223_U  |V_tile_RAM_AUTO_1R1W  |        0|   8|   2|    0|    16|    8|     1|          128|
    |V_tile_224_U  |V_tile_RAM_AUTO_1R1W  |        0|   8|   2|    0|    16|    8|     1|          128|
    |V_tile_225_U  |V_tile_RAM_AUTO_1R1W  |        0|   8|   2|    0|    16|    8|     1|          128|
    |V_tile_226_U  |V_tile_RAM_AUTO_1R1W  |        0|   8|   2|    0|    16|    8|     1|          128|
    |V_tile_227_U  |V_tile_RAM_AUTO_1R1W  |        0|   8|   2|    0|    16|    8|     1|          128|
    |V_tile_228_U  |V_tile_RAM_AUTO_1R1W  |        0|   8|   2|    0|    16|    8|     1|          128|
    |V_tile_229_U  |V_tile_RAM_AUTO_1R1W  |        0|   8|   2|    0|    16|    8|     1|          128|
    |V_tile_230_U  |V_tile_RAM_AUTO_1R1W  |        0|   8|   2|    0|    16|    8|     1|          128|
    |V_tile_231_U  |V_tile_RAM_AUTO_1R1W  |        0|   8|   2|    0|    16|    8|     1|          128|
    |V_tile_232_U  |V_tile_RAM_AUTO_1R1W  |        0|   8|   2|    0|    16|    8|     1|          128|
    |V_tile_233_U  |V_tile_RAM_AUTO_1R1W  |        0|   8|   2|    0|    16|    8|     1|          128|
    |V_tile_234_U  |V_tile_RAM_AUTO_1R1W  |        0|   8|   2|    0|    16|    8|     1|          128|
    |V_tile_235_U  |V_tile_RAM_AUTO_1R1W  |        0|   8|   2|    0|    16|    8|     1|          128|
    |V_tile_236_U  |V_tile_RAM_AUTO_1R1W  |        0|   8|   2|    0|    16|    8|     1|          128|
    |V_tile_237_U  |V_tile_RAM_AUTO_1R1W  |        0|   8|   2|    0|    16|    8|     1|          128|
    |V_tile_238_U  |V_tile_RAM_AUTO_1R1W  |        0|   8|   2|    0|    16|    8|     1|          128|
    |V_tile_239_U  |V_tile_RAM_AUTO_1R1W  |        0|   8|   2|    0|    16|    8|     1|          128|
    |V_tile_240_U  |V_tile_RAM_AUTO_1R1W  |        0|   8|   2|    0|    16|    8|     1|          128|
    |V_tile_241_U  |V_tile_RAM_AUTO_1R1W  |        0|   8|   2|    0|    16|    8|     1|          128|
    |V_tile_242_U  |V_tile_RAM_AUTO_1R1W  |        0|   8|   2|    0|    16|    8|     1|          128|
    |V_tile_243_U  |V_tile_RAM_AUTO_1R1W  |        0|   8|   2|    0|    16|    8|     1|          128|
    |V_tile_244_U  |V_tile_RAM_AUTO_1R1W  |        0|   8|   2|    0|    16|    8|     1|          128|
    |V_tile_245_U  |V_tile_RAM_AUTO_1R1W  |        0|   8|   2|    0|    16|    8|     1|          128|
    |V_tile_246_U  |V_tile_RAM_AUTO_1R1W  |        0|   8|   2|    0|    16|    8|     1|          128|
    |V_tile_247_U  |V_tile_RAM_AUTO_1R1W  |        0|   8|   2|    0|    16|    8|     1|          128|
    |V_tile_248_U  |V_tile_RAM_AUTO_1R1W  |        0|   8|   2|    0|    16|    8|     1|          128|
    |V_tile_249_U  |V_tile_RAM_AUTO_1R1W  |        0|   8|   2|    0|    16|    8|     1|          128|
    |V_tile_250_U  |V_tile_RAM_AUTO_1R1W  |        0|   8|   2|    0|    16|    8|     1|          128|
    |V_tile_251_U  |V_tile_RAM_AUTO_1R1W  |        0|   8|   2|    0|    16|    8|     1|          128|
    |V_tile_252_U  |V_tile_RAM_AUTO_1R1W  |        0|   8|   2|    0|    16|    8|     1|          128|
    |V_tile_253_U  |V_tile_RAM_AUTO_1R1W  |        0|   8|   2|    0|    16|    8|     1|          128|
    |V_tile_254_U  |V_tile_RAM_AUTO_1R1W  |        0|   8|   2|    0|    16|    8|     1|          128|
    |V_tile_255_U  |V_tile_RAM_AUTO_1R1W  |        0|   8|   2|    0|    16|    8|     1|          128|
    |V_tile_256_U  |V_tile_RAM_AUTO_1R1W  |        0|   8|   2|    0|    16|    8|     1|          128|
    |V_tile_257_U  |V_tile_RAM_AUTO_1R1W  |        0|   8|   2|    0|    16|    8|     1|          128|
    |V_tile_258_U  |V_tile_RAM_AUTO_1R1W  |        0|   8|   2|    0|    16|    8|     1|          128|
    |V_tile_259_U  |V_tile_RAM_AUTO_1R1W  |        0|   8|   2|    0|    16|    8|     1|          128|
    |V_tile_260_U  |V_tile_RAM_AUTO_1R1W  |        0|   8|   2|    0|    16|    8|     1|          128|
    |V_tile_261_U  |V_tile_RAM_AUTO_1R1W  |        0|   8|   2|    0|    16|    8|     1|          128|
    |V_tile_262_U  |V_tile_RAM_AUTO_1R1W  |        0|   8|   2|    0|    16|    8|     1|          128|
    |V_tile_263_U  |V_tile_RAM_AUTO_1R1W  |        0|   8|   2|    0|    16|    8|     1|          128|
    |V_tile_264_U  |V_tile_RAM_AUTO_1R1W  |        0|   8|   2|    0|    16|    8|     1|          128|
    |V_tile_265_U  |V_tile_RAM_AUTO_1R1W  |        0|   8|   2|    0|    16|    8|     1|          128|
    |V_tile_266_U  |V_tile_RAM_AUTO_1R1W  |        0|   8|   2|    0|    16|    8|     1|          128|
    |V_tile_267_U  |V_tile_RAM_AUTO_1R1W  |        0|   8|   2|    0|    16|    8|     1|          128|
    |V_tile_268_U  |V_tile_RAM_AUTO_1R1W  |        0|   8|   2|    0|    16|    8|     1|          128|
    |V_tile_269_U  |V_tile_RAM_AUTO_1R1W  |        0|   8|   2|    0|    16|    8|     1|          128|
    |V_tile_270_U  |V_tile_RAM_AUTO_1R1W  |        0|   8|   2|    0|    16|    8|     1|          128|
    |V_tile_271_U  |V_tile_RAM_AUTO_1R1W  |        0|   8|   2|    0|    16|    8|     1|          128|
    |V_tile_272_U  |V_tile_RAM_AUTO_1R1W  |        0|   8|   2|    0|    16|    8|     1|          128|
    |V_tile_273_U  |V_tile_RAM_AUTO_1R1W  |        0|   8|   2|    0|    16|    8|     1|          128|
    |V_tile_274_U  |V_tile_RAM_AUTO_1R1W  |        0|   8|   2|    0|    16|    8|     1|          128|
    |V_tile_275_U  |V_tile_RAM_AUTO_1R1W  |        0|   8|   2|    0|    16|    8|     1|          128|
    |V_tile_276_U  |V_tile_RAM_AUTO_1R1W  |        0|   8|   2|    0|    16|    8|     1|          128|
    |V_tile_277_U  |V_tile_RAM_AUTO_1R1W  |        0|   8|   2|    0|    16|    8|     1|          128|
    |V_tile_278_U  |V_tile_RAM_AUTO_1R1W  |        0|   8|   2|    0|    16|    8|     1|          128|
    |V_tile_279_U  |V_tile_RAM_AUTO_1R1W  |        0|   8|   2|    0|    16|    8|     1|          128|
    |V_tile_280_U  |V_tile_RAM_AUTO_1R1W  |        0|   8|   2|    0|    16|    8|     1|          128|
    |V_tile_281_U  |V_tile_RAM_AUTO_1R1W  |        0|   8|   2|    0|    16|    8|     1|          128|
    |V_tile_282_U  |V_tile_RAM_AUTO_1R1W  |        0|   8|   2|    0|    16|    8|     1|          128|
    |V_tile_283_U  |V_tile_RAM_AUTO_1R1W  |        0|   8|   2|    0|    16|    8|     1|          128|
    |V_tile_284_U  |V_tile_RAM_AUTO_1R1W  |        0|   8|   2|    0|    16|    8|     1|          128|
    |V_tile_285_U  |V_tile_RAM_AUTO_1R1W  |        0|   8|   2|    0|    16|    8|     1|          128|
    |V_tile_286_U  |V_tile_RAM_AUTO_1R1W  |        0|   8|   2|    0|    16|    8|     1|          128|
    |V_tile_287_U  |V_tile_RAM_AUTO_1R1W  |        0|   8|   2|    0|    16|    8|     1|          128|
    |V_tile_288_U  |V_tile_RAM_AUTO_1R1W  |        0|   8|   2|    0|    16|    8|     1|          128|
    |V_tile_289_U  |V_tile_RAM_AUTO_1R1W  |        0|   8|   2|    0|    16|    8|     1|          128|
    |V_tile_290_U  |V_tile_RAM_AUTO_1R1W  |        0|   8|   2|    0|    16|    8|     1|          128|
    |V_tile_291_U  |V_tile_RAM_AUTO_1R1W  |        0|   8|   2|    0|    16|    8|     1|          128|
    |V_tile_292_U  |V_tile_RAM_AUTO_1R1W  |        0|   8|   2|    0|    16|    8|     1|          128|
    |V_tile_293_U  |V_tile_RAM_AUTO_1R1W  |        0|   8|   2|    0|    16|    8|     1|          128|
    |V_tile_294_U  |V_tile_RAM_AUTO_1R1W  |        0|   8|   2|    0|    16|    8|     1|          128|
    |V_tile_295_U  |V_tile_RAM_AUTO_1R1W  |        0|   8|   2|    0|    16|    8|     1|          128|
    |V_tile_296_U  |V_tile_RAM_AUTO_1R1W  |        0|   8|   2|    0|    16|    8|     1|          128|
    |V_tile_297_U  |V_tile_RAM_AUTO_1R1W  |        0|   8|   2|    0|    16|    8|     1|          128|
    |V_tile_298_U  |V_tile_RAM_AUTO_1R1W  |        0|   8|   2|    0|    16|    8|     1|          128|
    |V_tile_299_U  |V_tile_RAM_AUTO_1R1W  |        0|   8|   2|    0|    16|    8|     1|          128|
    |V_tile_300_U  |V_tile_RAM_AUTO_1R1W  |        0|   8|   2|    0|    16|    8|     1|          128|
    |V_tile_301_U  |V_tile_RAM_AUTO_1R1W  |        0|   8|   2|    0|    16|    8|     1|          128|
    |V_tile_302_U  |V_tile_RAM_AUTO_1R1W  |        0|   8|   2|    0|    16|    8|     1|          128|
    |V_tile_303_U  |V_tile_RAM_AUTO_1R1W  |        0|   8|   2|    0|    16|    8|     1|          128|
    |V_tile_304_U  |V_tile_RAM_AUTO_1R1W  |        0|   8|   2|    0|    16|    8|     1|          128|
    |V_tile_305_U  |V_tile_RAM_AUTO_1R1W  |        0|   8|   2|    0|    16|    8|     1|          128|
    |V_tile_306_U  |V_tile_RAM_AUTO_1R1W  |        0|   8|   2|    0|    16|    8|     1|          128|
    |V_tile_307_U  |V_tile_RAM_AUTO_1R1W  |        0|   8|   2|    0|    16|    8|     1|          128|
    |V_tile_308_U  |V_tile_RAM_AUTO_1R1W  |        0|   8|   2|    0|    16|    8|     1|          128|
    |V_tile_309_U  |V_tile_RAM_AUTO_1R1W  |        0|   8|   2|    0|    16|    8|     1|          128|
    |V_tile_310_U  |V_tile_RAM_AUTO_1R1W  |        0|   8|   2|    0|    16|    8|     1|          128|
    |V_tile_311_U  |V_tile_RAM_AUTO_1R1W  |        0|   8|   2|    0|    16|    8|     1|          128|
    |V_tile_312_U  |V_tile_RAM_AUTO_1R1W  |        0|   8|   2|    0|    16|    8|     1|          128|
    |V_tile_313_U  |V_tile_RAM_AUTO_1R1W  |        0|   8|   2|    0|    16|    8|     1|          128|
    |V_tile_314_U  |V_tile_RAM_AUTO_1R1W  |        0|   8|   2|    0|    16|    8|     1|          128|
    |V_tile_315_U  |V_tile_RAM_AUTO_1R1W  |        0|   8|   2|    0|    16|    8|     1|          128|
    |V_tile_316_U  |V_tile_RAM_AUTO_1R1W  |        0|   8|   2|    0|    16|    8|     1|          128|
    |V_tile_317_U  |V_tile_RAM_AUTO_1R1W  |        0|   8|   2|    0|    16|    8|     1|          128|
    |V_tile_318_U  |V_tile_RAM_AUTO_1R1W  |        0|   8|   2|    0|    16|    8|     1|          128|
    |V_tile_319_U  |V_tile_RAM_AUTO_1R1W  |        0|   8|   2|    0|    16|    8|     1|          128|
    |V_tile_320_U  |V_tile_RAM_AUTO_1R1W  |        0|   8|   2|    0|    16|    8|     1|          128|
    |V_tile_321_U  |V_tile_RAM_AUTO_1R1W  |        0|   8|   2|    0|    16|    8|     1|          128|
    |V_tile_322_U  |V_tile_RAM_AUTO_1R1W  |        0|   8|   2|    0|    16|    8|     1|          128|
    |V_tile_323_U  |V_tile_RAM_AUTO_1R1W  |        0|   8|   2|    0|    16|    8|     1|          128|
    |V_tile_324_U  |V_tile_RAM_AUTO_1R1W  |        0|   8|   2|    0|    16|    8|     1|          128|
    |V_tile_325_U  |V_tile_RAM_AUTO_1R1W  |        0|   8|   2|    0|    16|    8|     1|          128|
    |V_tile_326_U  |V_tile_RAM_AUTO_1R1W  |        0|   8|   2|    0|    16|    8|     1|          128|
    |V_tile_327_U  |V_tile_RAM_AUTO_1R1W  |        0|   8|   2|    0|    16|    8|     1|          128|
    |V_tile_328_U  |V_tile_RAM_AUTO_1R1W  |        0|   8|   2|    0|    16|    8|     1|          128|
    |V_tile_329_U  |V_tile_RAM_AUTO_1R1W  |        0|   8|   2|    0|    16|    8|     1|          128|
    |V_tile_330_U  |V_tile_RAM_AUTO_1R1W  |        0|   8|   2|    0|    16|    8|     1|          128|
    |V_tile_331_U  |V_tile_RAM_AUTO_1R1W  |        0|   8|   2|    0|    16|    8|     1|          128|
    |V_tile_332_U  |V_tile_RAM_AUTO_1R1W  |        0|   8|   2|    0|    16|    8|     1|          128|
    |V_tile_333_U  |V_tile_RAM_AUTO_1R1W  |        0|   8|   2|    0|    16|    8|     1|          128|
    |V_tile_334_U  |V_tile_RAM_AUTO_1R1W  |        0|   8|   2|    0|    16|    8|     1|          128|
    |V_tile_335_U  |V_tile_RAM_AUTO_1R1W  |        0|   8|   2|    0|    16|    8|     1|          128|
    |V_tile_336_U  |V_tile_RAM_AUTO_1R1W  |        0|   8|   2|    0|    16|    8|     1|          128|
    |V_tile_337_U  |V_tile_RAM_AUTO_1R1W  |        0|   8|   2|    0|    16|    8|     1|          128|
    |V_tile_338_U  |V_tile_RAM_AUTO_1R1W  |        0|   8|   2|    0|    16|    8|     1|          128|
    |V_tile_339_U  |V_tile_RAM_AUTO_1R1W  |        0|   8|   2|    0|    16|    8|     1|          128|
    |V_tile_340_U  |V_tile_RAM_AUTO_1R1W  |        0|   8|   2|    0|    16|    8|     1|          128|
    |V_tile_341_U  |V_tile_RAM_AUTO_1R1W  |        0|   8|   2|    0|    16|    8|     1|          128|
    |V_tile_342_U  |V_tile_RAM_AUTO_1R1W  |        0|   8|   2|    0|    16|    8|     1|          128|
    |V_tile_343_U  |V_tile_RAM_AUTO_1R1W  |        0|   8|   2|    0|    16|    8|     1|          128|
    |V_tile_344_U  |V_tile_RAM_AUTO_1R1W  |        0|   8|   2|    0|    16|    8|     1|          128|
    |V_tile_345_U  |V_tile_RAM_AUTO_1R1W  |        0|   8|   2|    0|    16|    8|     1|          128|
    |V_tile_346_U  |V_tile_RAM_AUTO_1R1W  |        0|   8|   2|    0|    16|    8|     1|          128|
    |V_tile_347_U  |V_tile_RAM_AUTO_1R1W  |        0|   8|   2|    0|    16|    8|     1|          128|
    |V_tile_348_U  |V_tile_RAM_AUTO_1R1W  |        0|   8|   2|    0|    16|    8|     1|          128|
    |V_tile_349_U  |V_tile_RAM_AUTO_1R1W  |        0|   8|   2|    0|    16|    8|     1|          128|
    |V_tile_350_U  |V_tile_RAM_AUTO_1R1W  |        0|   8|   2|    0|    16|    8|     1|          128|
    |V_tile_351_U  |V_tile_RAM_AUTO_1R1W  |        0|   8|   2|    0|    16|    8|     1|          128|
    |V_tile_352_U  |V_tile_RAM_AUTO_1R1W  |        0|   8|   2|    0|    16|    8|     1|          128|
    |V_tile_353_U  |V_tile_RAM_AUTO_1R1W  |        0|   8|   2|    0|    16|    8|     1|          128|
    |V_tile_354_U  |V_tile_RAM_AUTO_1R1W  |        0|   8|   2|    0|    16|    8|     1|          128|
    |V_tile_355_U  |V_tile_RAM_AUTO_1R1W  |        0|   8|   2|    0|    16|    8|     1|          128|
    |V_tile_356_U  |V_tile_RAM_AUTO_1R1W  |        0|   8|   2|    0|    16|    8|     1|          128|
    |V_tile_357_U  |V_tile_RAM_AUTO_1R1W  |        0|   8|   2|    0|    16|    8|     1|          128|
    |V_tile_358_U  |V_tile_RAM_AUTO_1R1W  |        0|   8|   2|    0|    16|    8|     1|          128|
    |V_tile_359_U  |V_tile_RAM_AUTO_1R1W  |        0|   8|   2|    0|    16|    8|     1|          128|
    |V_tile_360_U  |V_tile_RAM_AUTO_1R1W  |        0|   8|   2|    0|    16|    8|     1|          128|
    |V_tile_361_U  |V_tile_RAM_AUTO_1R1W  |        0|   8|   2|    0|    16|    8|     1|          128|
    |V_tile_362_U  |V_tile_RAM_AUTO_1R1W  |        0|   8|   2|    0|    16|    8|     1|          128|
    |V_tile_363_U  |V_tile_RAM_AUTO_1R1W  |        0|   8|   2|    0|    16|    8|     1|          128|
    |V_tile_364_U  |V_tile_RAM_AUTO_1R1W  |        0|   8|   2|    0|    16|    8|     1|          128|
    |V_tile_365_U  |V_tile_RAM_AUTO_1R1W  |        0|   8|   2|    0|    16|    8|     1|          128|
    |V_tile_366_U  |V_tile_RAM_AUTO_1R1W  |        0|   8|   2|    0|    16|    8|     1|          128|
    |V_tile_367_U  |V_tile_RAM_AUTO_1R1W  |        0|   8|   2|    0|    16|    8|     1|          128|
    |V_tile_368_U  |V_tile_RAM_AUTO_1R1W  |        0|   8|   2|    0|    16|    8|     1|          128|
    |V_tile_369_U  |V_tile_RAM_AUTO_1R1W  |        0|   8|   2|    0|    16|    8|     1|          128|
    |V_tile_370_U  |V_tile_RAM_AUTO_1R1W  |        0|   8|   2|    0|    16|    8|     1|          128|
    |V_tile_371_U  |V_tile_RAM_AUTO_1R1W  |        0|   8|   2|    0|    16|    8|     1|          128|
    |V_tile_372_U  |V_tile_RAM_AUTO_1R1W  |        0|   8|   2|    0|    16|    8|     1|          128|
    |V_tile_373_U  |V_tile_RAM_AUTO_1R1W  |        0|   8|   2|    0|    16|    8|     1|          128|
    |V_tile_374_U  |V_tile_RAM_AUTO_1R1W  |        0|   8|   2|    0|    16|    8|     1|          128|
    |V_tile_375_U  |V_tile_RAM_AUTO_1R1W  |        0|   8|   2|    0|    16|    8|     1|          128|
    |V_tile_376_U  |V_tile_RAM_AUTO_1R1W  |        0|   8|   2|    0|    16|    8|     1|          128|
    |V_tile_377_U  |V_tile_RAM_AUTO_1R1W  |        0|   8|   2|    0|    16|    8|     1|          128|
    |V_tile_378_U  |V_tile_RAM_AUTO_1R1W  |        0|   8|   2|    0|    16|    8|     1|          128|
    |V_tile_379_U  |V_tile_RAM_AUTO_1R1W  |        0|   8|   2|    0|    16|    8|     1|          128|
    |V_tile_380_U  |V_tile_RAM_AUTO_1R1W  |        0|   8|   2|    0|    16|    8|     1|          128|
    |V_tile_381_U  |V_tile_RAM_AUTO_1R1W  |        0|   8|   2|    0|    16|    8|     1|          128|
    |V_tile_382_U  |V_tile_RAM_AUTO_1R1W  |        0|   8|   2|    0|    16|    8|     1|          128|
    |V_tile_383_U  |V_tile_RAM_AUTO_1R1W  |        0|   8|   2|    0|    16|    8|     1|          128|
    |V_tile_384_U  |V_tile_RAM_AUTO_1R1W  |        0|   8|   2|    0|    16|    8|     1|          128|
    |V_tile_385_U  |V_tile_RAM_AUTO_1R1W  |        0|   8|   2|    0|    16|    8|     1|          128|
    |V_tile_386_U  |V_tile_RAM_AUTO_1R1W  |        0|   8|   2|    0|    16|    8|     1|          128|
    |V_tile_387_U  |V_tile_RAM_AUTO_1R1W  |        0|   8|   2|    0|    16|    8|     1|          128|
    |V_tile_388_U  |V_tile_RAM_AUTO_1R1W  |        0|   8|   2|    0|    16|    8|     1|          128|
    |V_tile_389_U  |V_tile_RAM_AUTO_1R1W  |        0|   8|   2|    0|    16|    8|     1|          128|
    |V_tile_390_U  |V_tile_RAM_AUTO_1R1W  |        0|   8|   2|    0|    16|    8|     1|          128|
    |V_tile_391_U  |V_tile_RAM_AUTO_1R1W  |        0|   8|   2|    0|    16|    8|     1|          128|
    |V_tile_392_U  |V_tile_RAM_AUTO_1R1W  |        0|   8|   2|    0|    16|    8|     1|          128|
    |V_tile_393_U  |V_tile_RAM_AUTO_1R1W  |        0|   8|   2|    0|    16|    8|     1|          128|
    |V_tile_394_U  |V_tile_RAM_AUTO_1R1W  |        0|   8|   2|    0|    16|    8|     1|          128|
    |V_tile_395_U  |V_tile_RAM_AUTO_1R1W  |        0|   8|   2|    0|    16|    8|     1|          128|
    |V_tile_396_U  |V_tile_RAM_AUTO_1R1W  |        0|   8|   2|    0|    16|    8|     1|          128|
    |V_tile_397_U  |V_tile_RAM_AUTO_1R1W  |        0|   8|   2|    0|    16|    8|     1|          128|
    |V_tile_398_U  |V_tile_RAM_AUTO_1R1W  |        0|   8|   2|    0|    16|    8|     1|          128|
    |V_tile_399_U  |V_tile_RAM_AUTO_1R1W  |        0|   8|   2|    0|    16|    8|     1|          128|
    |V_tile_400_U  |V_tile_RAM_AUTO_1R1W  |        0|   8|   2|    0|    16|    8|     1|          128|
    |V_tile_401_U  |V_tile_RAM_AUTO_1R1W  |        0|   8|   2|    0|    16|    8|     1|          128|
    |V_tile_402_U  |V_tile_RAM_AUTO_1R1W  |        0|   8|   2|    0|    16|    8|     1|          128|
    |V_tile_403_U  |V_tile_RAM_AUTO_1R1W  |        0|   8|   2|    0|    16|    8|     1|          128|
    |V_tile_404_U  |V_tile_RAM_AUTO_1R1W  |        0|   8|   2|    0|    16|    8|     1|          128|
    |V_tile_405_U  |V_tile_RAM_AUTO_1R1W  |        0|   8|   2|    0|    16|    8|     1|          128|
    |V_tile_406_U  |V_tile_RAM_AUTO_1R1W  |        0|   8|   2|    0|    16|    8|     1|          128|
    |V_tile_407_U  |V_tile_RAM_AUTO_1R1W  |        0|   8|   2|    0|    16|    8|     1|          128|
    |V_tile_408_U  |V_tile_RAM_AUTO_1R1W  |        0|   8|   2|    0|    16|    8|     1|          128|
    |V_tile_409_U  |V_tile_RAM_AUTO_1R1W  |        0|   8|   2|    0|    16|    8|     1|          128|
    |V_tile_410_U  |V_tile_RAM_AUTO_1R1W  |        0|   8|   2|    0|    16|    8|     1|          128|
    |V_tile_411_U  |V_tile_RAM_AUTO_1R1W  |        0|   8|   2|    0|    16|    8|     1|          128|
    |V_tile_412_U  |V_tile_RAM_AUTO_1R1W  |        0|   8|   2|    0|    16|    8|     1|          128|
    |V_tile_413_U  |V_tile_RAM_AUTO_1R1W  |        0|   8|   2|    0|    16|    8|     1|          128|
    |V_tile_414_U  |V_tile_RAM_AUTO_1R1W  |        0|   8|   2|    0|    16|    8|     1|          128|
    |V_tile_415_U  |V_tile_RAM_AUTO_1R1W  |        0|   8|   2|    0|    16|    8|     1|          128|
    |V_tile_416_U  |V_tile_RAM_AUTO_1R1W  |        0|   8|   2|    0|    16|    8|     1|          128|
    |V_tile_417_U  |V_tile_RAM_AUTO_1R1W  |        0|   8|   2|    0|    16|    8|     1|          128|
    |V_tile_418_U  |V_tile_RAM_AUTO_1R1W  |        0|   8|   2|    0|    16|    8|     1|          128|
    |V_tile_419_U  |V_tile_RAM_AUTO_1R1W  |        0|   8|   2|    0|    16|    8|     1|          128|
    |V_tile_420_U  |V_tile_RAM_AUTO_1R1W  |        0|   8|   2|    0|    16|    8|     1|          128|
    |V_tile_421_U  |V_tile_RAM_AUTO_1R1W  |        0|   8|   2|    0|    16|    8|     1|          128|
    |V_tile_422_U  |V_tile_RAM_AUTO_1R1W  |        0|   8|   2|    0|    16|    8|     1|          128|
    |V_tile_423_U  |V_tile_RAM_AUTO_1R1W  |        0|   8|   2|    0|    16|    8|     1|          128|
    |V_tile_424_U  |V_tile_RAM_AUTO_1R1W  |        0|   8|   2|    0|    16|    8|     1|          128|
    |V_tile_425_U  |V_tile_RAM_AUTO_1R1W  |        0|   8|   2|    0|    16|    8|     1|          128|
    |V_tile_426_U  |V_tile_RAM_AUTO_1R1W  |        0|   8|   2|    0|    16|    8|     1|          128|
    |V_tile_427_U  |V_tile_RAM_AUTO_1R1W  |        0|   8|   2|    0|    16|    8|     1|          128|
    |V_tile_428_U  |V_tile_RAM_AUTO_1R1W  |        0|   8|   2|    0|    16|    8|     1|          128|
    |V_tile_429_U  |V_tile_RAM_AUTO_1R1W  |        0|   8|   2|    0|    16|    8|     1|          128|
    |V_tile_430_U  |V_tile_RAM_AUTO_1R1W  |        0|   8|   2|    0|    16|    8|     1|          128|
    |V_tile_431_U  |V_tile_RAM_AUTO_1R1W  |        0|   8|   2|    0|    16|    8|     1|          128|
    |V_tile_432_U  |V_tile_RAM_AUTO_1R1W  |        0|   8|   2|    0|    16|    8|     1|          128|
    |V_tile_433_U  |V_tile_RAM_AUTO_1R1W  |        0|   8|   2|    0|    16|    8|     1|          128|
    |V_tile_434_U  |V_tile_RAM_AUTO_1R1W  |        0|   8|   2|    0|    16|    8|     1|          128|
    |V_tile_435_U  |V_tile_RAM_AUTO_1R1W  |        0|   8|   2|    0|    16|    8|     1|          128|
    |V_tile_436_U  |V_tile_RAM_AUTO_1R1W  |        0|   8|   2|    0|    16|    8|     1|          128|
    |V_tile_437_U  |V_tile_RAM_AUTO_1R1W  |        0|   8|   2|    0|    16|    8|     1|          128|
    |V_tile_438_U  |V_tile_RAM_AUTO_1R1W  |        0|   8|   2|    0|    16|    8|     1|          128|
    |V_tile_439_U  |V_tile_RAM_AUTO_1R1W  |        0|   8|   2|    0|    16|    8|     1|          128|
    |V_tile_440_U  |V_tile_RAM_AUTO_1R1W  |        0|   8|   2|    0|    16|    8|     1|          128|
    |V_tile_441_U  |V_tile_RAM_AUTO_1R1W  |        0|   8|   2|    0|    16|    8|     1|          128|
    |V_tile_442_U  |V_tile_RAM_AUTO_1R1W  |        0|   8|   2|    0|    16|    8|     1|          128|
    |V_tile_443_U  |V_tile_RAM_AUTO_1R1W  |        0|   8|   2|    0|    16|    8|     1|          128|
    |V_tile_444_U  |V_tile_RAM_AUTO_1R1W  |        0|   8|   2|    0|    16|    8|     1|          128|
    |V_tile_445_U  |V_tile_RAM_AUTO_1R1W  |        0|   8|   2|    0|    16|    8|     1|          128|
    |V_tile_446_U  |V_tile_RAM_AUTO_1R1W  |        0|   8|   2|    0|    16|    8|     1|          128|
    |V_tile_447_U  |V_tile_RAM_AUTO_1R1W  |        0|   8|   2|    0|    16|    8|     1|          128|
    |V_tile_448_U  |V_tile_RAM_AUTO_1R1W  |        0|   8|   2|    0|    16|    8|     1|          128|
    |V_tile_449_U  |V_tile_RAM_AUTO_1R1W  |        0|   8|   2|    0|    16|    8|     1|          128|
    |V_tile_450_U  |V_tile_RAM_AUTO_1R1W  |        0|   8|   2|    0|    16|    8|     1|          128|
    |V_tile_451_U  |V_tile_RAM_AUTO_1R1W  |        0|   8|   2|    0|    16|    8|     1|          128|
    |V_tile_452_U  |V_tile_RAM_AUTO_1R1W  |        0|   8|   2|    0|    16|    8|     1|          128|
    |V_tile_453_U  |V_tile_RAM_AUTO_1R1W  |        0|   8|   2|    0|    16|    8|     1|          128|
    |V_tile_454_U  |V_tile_RAM_AUTO_1R1W  |        0|   8|   2|    0|    16|    8|     1|          128|
    |V_tile_455_U  |V_tile_RAM_AUTO_1R1W  |        0|   8|   2|    0|    16|    8|     1|          128|
    |V_tile_456_U  |V_tile_RAM_AUTO_1R1W  |        0|   8|   2|    0|    16|    8|     1|          128|
    |V_tile_457_U  |V_tile_RAM_AUTO_1R1W  |        0|   8|   2|    0|    16|    8|     1|          128|
    |V_tile_458_U  |V_tile_RAM_AUTO_1R1W  |        0|   8|   2|    0|    16|    8|     1|          128|
    |V_tile_459_U  |V_tile_RAM_AUTO_1R1W  |        0|   8|   2|    0|    16|    8|     1|          128|
    |V_tile_460_U  |V_tile_RAM_AUTO_1R1W  |        0|   8|   2|    0|    16|    8|     1|          128|
    |V_tile_461_U  |V_tile_RAM_AUTO_1R1W  |        0|   8|   2|    0|    16|    8|     1|          128|
    |V_tile_462_U  |V_tile_RAM_AUTO_1R1W  |        0|   8|   2|    0|    16|    8|     1|          128|
    |V_tile_463_U  |V_tile_RAM_AUTO_1R1W  |        0|   8|   2|    0|    16|    8|     1|          128|
    |V_tile_464_U  |V_tile_RAM_AUTO_1R1W  |        0|   8|   2|    0|    16|    8|     1|          128|
    |V_tile_465_U  |V_tile_RAM_AUTO_1R1W  |        0|   8|   2|    0|    16|    8|     1|          128|
    |V_tile_466_U  |V_tile_RAM_AUTO_1R1W  |        0|   8|   2|    0|    16|    8|     1|          128|
    |V_tile_467_U  |V_tile_RAM_AUTO_1R1W  |        0|   8|   2|    0|    16|    8|     1|          128|
    |V_tile_468_U  |V_tile_RAM_AUTO_1R1W  |        0|   8|   2|    0|    16|    8|     1|          128|
    |V_tile_469_U  |V_tile_RAM_AUTO_1R1W  |        0|   8|   2|    0|    16|    8|     1|          128|
    |V_tile_470_U  |V_tile_RAM_AUTO_1R1W  |        0|   8|   2|    0|    16|    8|     1|          128|
    |V_tile_471_U  |V_tile_RAM_AUTO_1R1W  |        0|   8|   2|    0|    16|    8|     1|          128|
    |V_tile_472_U  |V_tile_RAM_AUTO_1R1W  |        0|   8|   2|    0|    16|    8|     1|          128|
    |V_tile_473_U  |V_tile_RAM_AUTO_1R1W  |        0|   8|   2|    0|    16|    8|     1|          128|
    |V_tile_474_U  |V_tile_RAM_AUTO_1R1W  |        0|   8|   2|    0|    16|    8|     1|          128|
    |V_tile_475_U  |V_tile_RAM_AUTO_1R1W  |        0|   8|   2|    0|    16|    8|     1|          128|
    |V_tile_476_U  |V_tile_RAM_AUTO_1R1W  |        0|   8|   2|    0|    16|    8|     1|          128|
    |V_tile_477_U  |V_tile_RAM_AUTO_1R1W  |        0|   8|   2|    0|    16|    8|     1|          128|
    |V_tile_478_U  |V_tile_RAM_AUTO_1R1W  |        0|   8|   2|    0|    16|    8|     1|          128|
    |V_tile_479_U  |V_tile_RAM_AUTO_1R1W  |        0|   8|   2|    0|    16|    8|     1|          128|
    |V_tile_480_U  |V_tile_RAM_AUTO_1R1W  |        0|   8|   2|    0|    16|    8|     1|          128|
    |V_tile_481_U  |V_tile_RAM_AUTO_1R1W  |        0|   8|   2|    0|    16|    8|     1|          128|
    |V_tile_482_U  |V_tile_RAM_AUTO_1R1W  |        0|   8|   2|    0|    16|    8|     1|          128|
    |V_tile_483_U  |V_tile_RAM_AUTO_1R1W  |        0|   8|   2|    0|    16|    8|     1|          128|
    |V_tile_484_U  |V_tile_RAM_AUTO_1R1W  |        0|   8|   2|    0|    16|    8|     1|          128|
    |V_tile_485_U  |V_tile_RAM_AUTO_1R1W  |        0|   8|   2|    0|    16|    8|     1|          128|
    |V_tile_486_U  |V_tile_RAM_AUTO_1R1W  |        0|   8|   2|    0|    16|    8|     1|          128|
    |V_tile_487_U  |V_tile_RAM_AUTO_1R1W  |        0|   8|   2|    0|    16|    8|     1|          128|
    |V_tile_488_U  |V_tile_RAM_AUTO_1R1W  |        0|   8|   2|    0|    16|    8|     1|          128|
    |V_tile_489_U  |V_tile_RAM_AUTO_1R1W  |        0|   8|   2|    0|    16|    8|     1|          128|
    |V_tile_490_U  |V_tile_RAM_AUTO_1R1W  |        0|   8|   2|    0|    16|    8|     1|          128|
    |V_tile_491_U  |V_tile_RAM_AUTO_1R1W  |        0|   8|   2|    0|    16|    8|     1|          128|
    |V_tile_492_U  |V_tile_RAM_AUTO_1R1W  |        0|   8|   2|    0|    16|    8|     1|          128|
    |V_tile_493_U  |V_tile_RAM_AUTO_1R1W  |        0|   8|   2|    0|    16|    8|     1|          128|
    |V_tile_494_U  |V_tile_RAM_AUTO_1R1W  |        0|   8|   2|    0|    16|    8|     1|          128|
    |V_tile_495_U  |V_tile_RAM_AUTO_1R1W  |        0|   8|   2|    0|    16|    8|     1|          128|
    |V_tile_496_U  |V_tile_RAM_AUTO_1R1W  |        0|   8|   2|    0|    16|    8|     1|          128|
    |V_tile_497_U  |V_tile_RAM_AUTO_1R1W  |        0|   8|   2|    0|    16|    8|     1|          128|
    |V_tile_498_U  |V_tile_RAM_AUTO_1R1W  |        0|   8|   2|    0|    16|    8|     1|          128|
    |V_tile_499_U  |V_tile_RAM_AUTO_1R1W  |        0|   8|   2|    0|    16|    8|     1|          128|
    |V_tile_500_U  |V_tile_RAM_AUTO_1R1W  |        0|   8|   2|    0|    16|    8|     1|          128|
    |V_tile_501_U  |V_tile_RAM_AUTO_1R1W  |        0|   8|   2|    0|    16|    8|     1|          128|
    |V_tile_502_U  |V_tile_RAM_AUTO_1R1W  |        0|   8|   2|    0|    16|    8|     1|          128|
    |V_tile_503_U  |V_tile_RAM_AUTO_1R1W  |        0|   8|   2|    0|    16|    8|     1|          128|
    |V_tile_504_U  |V_tile_RAM_AUTO_1R1W  |        0|   8|   2|    0|    16|    8|     1|          128|
    |V_tile_505_U  |V_tile_RAM_AUTO_1R1W  |        0|   8|   2|    0|    16|    8|     1|          128|
    |V_tile_506_U  |V_tile_RAM_AUTO_1R1W  |        0|   8|   2|    0|    16|    8|     1|          128|
    |V_tile_507_U  |V_tile_RAM_AUTO_1R1W  |        0|   8|   2|    0|    16|    8|     1|          128|
    |V_tile_508_U  |V_tile_RAM_AUTO_1R1W  |        0|   8|   2|    0|    16|    8|     1|          128|
    |V_tile_509_U  |V_tile_RAM_AUTO_1R1W  |        0|   8|   2|    0|    16|    8|     1|          128|
    |V_tile_510_U  |V_tile_RAM_AUTO_1R1W  |        0|   8|   2|    0|    16|    8|     1|          128|
    |V_tile_511_U  |V_tile_RAM_AUTO_1R1W  |        0|   8|   2|    0|    16|    8|     1|          128|
    |scores_U      |scores_RAM_AUTO_1R1W  |        1|   0|   0|    0|   512|   32|     1|        16384|
    |scores_1_U    |scores_RAM_AUTO_1R1W  |        1|   0|   0|    0|   512|   32|     1|        16384|
    |scores_2_U    |scores_RAM_AUTO_1R1W  |        1|   0|   0|    0|   512|   32|     1|        16384|
    |scores_3_U    |scores_RAM_AUTO_1R1W  |        1|   0|   0|    0|   512|   32|     1|        16384|
    |scores_4_U    |scores_RAM_AUTO_1R1W  |        1|   0|   0|    0|   512|   32|     1|        16384|
    |scores_5_U    |scores_RAM_AUTO_1R1W  |        1|   0|   0|    0|   512|   32|     1|        16384|
    |scores_6_U    |scores_RAM_AUTO_1R1W  |        1|   0|   0|    0|   512|   32|     1|        16384|
    |scores_7_U    |scores_RAM_AUTO_1R1W  |        1|   0|   0|    0|   512|   32|     1|        16384|
    +--------------+----------------------+---------+----+----+-----+------+-----+------+-------------+
    |Total         |                      |       24|6144|3072|    0| 36864| 6656|   784|       589824|
    +--------------+----------------------+---------+----+----+-----+------+-----+------+-------------+

    * FIFO: 
    N/A

    * Expression: 
    +----------------------------------+----------+----+---+-----+------------+------------+
    |           Variable Name          | Operation| DSP| FF| LUT | Bitwidth P0| Bitwidth P1|
    +----------------------------------+----------+----+---+-----+------------+------------+
    |add_ln118_1_fu_53212_p2           |         +|   0|  0|   64|          64|          64|
    |add_ln118_2_fu_53217_p2           |         +|   0|  0|   64|          64|          64|
    |add_ln118_3_fu_53222_p2           |         +|   0|  0|   64|          64|          64|
    |add_ln118_4_fu_53984_p2           |         +|   0|  0|   18|          11|           7|
    |add_ln118_5_fu_53185_p2           |         +|   0|  0|   13|           5|           1|
    |add_ln118_fu_53207_p2             |         +|   0|  0|   64|          64|          64|
    |add_ln144_fu_53290_p2             |         +|   0|  0|   14|           7|           1|
    |add_ln161_fu_53450_p2             |         +|   0|  0|   14|           7|           1|
    |add_ln317_fu_54197_p2             |         +|   0|  0|   16|           9|           8|
    |add_ln81_1_fu_53111_p2            |         +|   0|  0|   17|          10|           1|
    |add_ln81_fu_53123_p2              |         +|   0|  0|   14|           6|           1|
    |add_ln89_1_fu_53237_p2            |         +|   0|  0|   13|           5|           1|
    |add_ln89_fu_53232_p2              |         +|   0|  0|   18|          11|           7|
    |empty_105_fu_53432_p2             |         +|   0|  0|   17|          10|          10|
    |result_3_fu_54274_p2              |         -|   0|  0|   39|           1|          32|
    |sub_ln18_fu_54211_p2              |         -|   0|  0|   15|           7|           8|
    |and_ln162_1_fu_54066_p2           |       and|   0|  0|    2|           1|           1|
    |and_ln162_fu_54060_p2             |       and|   0|  0|    2|           1|           1|
    |and_ln32_fu_54864_p2              |       and|   0|  0|    2|           1|           1|
    |and_ln33_fu_54118_p2              |       and|   0|  0|    2|           1|           1|
    |icmp_ln119_fu_53227_p2            |      icmp|   0|  0|   17|          10|          10|
    |icmp_ln144_fu_53284_p2            |      icmp|   0|  0|   15|           7|           8|
    |icmp_ln161_fu_53444_p2            |      icmp|   0|  0|   15|           7|           8|
    |icmp_ln162_1_fu_54030_p2          |      icmp|   0|  0|   30|          23|           1|
    |icmp_ln162_2_fu_54042_p2          |      icmp|   0|  0|   15|           8|           2|
    |icmp_ln162_3_fu_54048_p2          |      icmp|   0|  0|   30|          23|           1|
    |icmp_ln162_fu_54024_p2            |      icmp|   0|  0|   15|           8|           2|
    |icmp_ln32_1_fu_54106_p2           |      icmp|   0|  0|   30|          23|           1|
    |icmp_ln32_fu_54100_p2             |      icmp|   0|  0|   15|           8|           2|
    |icmp_ln36_fu_54297_p2             |      icmp|   0|  0|   33|          26|           1|
    |icmp_ln81_fu_53105_p2             |      icmp|   0|  0|   18|          10|          11|
    |icmp_ln89_fu_53129_p2             |      icmp|   0|  0|   14|           5|           6|
    |lshr_ln18_fu_54237_p2             |      lshr|   0|  0|  242|          79|          79|
    |ap_block_state11_on_subcall_done  |        or|   0|  0|    2|           1|           1|
    |ap_block_state13_io               |        or|   0|  0|    2|           1|           1|
    |empty_106_fu_53171_p2             |        or|   0|  0|   10|          10|           6|
    |or_ln162_1_fu_54054_p2            |        or|   0|  0|    2|           1|           1|
    |or_ln162_fu_54036_p2              |        or|   0|  0|    2|           1|           1|
    |or_ln32_fu_54112_p2               |        or|   0|  0|    2|           1|           1|
    |idx_2_fu_54303_p3                 |    select|   0|  0|   32|           1|           6|
    |m_new_fu_54072_p3                 |    select|   0|  0|   32|           1|          32|
    |rescale_old_fu_54868_p3           |    select|   0|  0|   32|           1|           1|
    |result_fu_54280_p3                |    select|   0|  0|   32|           1|          32|
    |select_ln18_fu_54221_p3           |    select|   0|  0|    9|           1|           9|
    |select_ln35_fu_54134_p3           |    select|   0|  0|   33|           1|          33|
    |select_ln81_1_fu_53143_p3         |    select|   0|  0|    6|           1|           6|
    |select_ln81_fu_53135_p3           |    select|   0|  0|   11|           1|           1|
    |select_ln89_fu_53243_p3           |    select|   0|  0|    5|           1|           1|
    |val_fu_54269_p3                   |    select|   0|  0|   32|           1|          32|
    |shl_ln18_fu_54243_p2              |       shl|   0|  0|  242|          79|          79|
    |xor_ln35_fu_54124_p2              |       xor|   0|  0|   33|          32|          33|
    +----------------------------------+----------+----+---+-----+------------+------------+
    |Total                             |          |   0|  0| 1480|         722|         746|
    +----------------------------------+----------+----+---+-----+------------+------------+

    * Multiplexer: 
    +------------------------------------------+------+-----------+-----+-----------+
    |                   Name                   |  LUT | Input Size| Bits| Total Bits|
    +------------------------------------------+------+-----------+-----+-----------+
    |K_tile_100_address0                       |    13|          3|    6|         18|
    |K_tile_100_ce0                            |    13|          3|    1|          3|
    |K_tile_100_we0                            |     9|          2|    1|          2|
    |K_tile_101_address0                       |    13|          3|    6|         18|
    |K_tile_101_ce0                            |    13|          3|    1|          3|
    |K_tile_101_we0                            |     9|          2|    1|          2|
    |K_tile_102_address0                       |    13|          3|    6|         18|
    |K_tile_102_ce0                            |    13|          3|    1|          3|
    |K_tile_102_we0                            |     9|          2|    1|          2|
    |K_tile_103_address0                       |    13|          3|    6|         18|
    |K_tile_103_ce0                            |    13|          3|    1|          3|
    |K_tile_103_we0                            |     9|          2|    1|          2|
    |K_tile_104_address0                       |    13|          3|    6|         18|
    |K_tile_104_ce0                            |    13|          3|    1|          3|
    |K_tile_104_we0                            |     9|          2|    1|          2|
    |K_tile_105_address0                       |    13|          3|    6|         18|
    |K_tile_105_ce0                            |    13|          3|    1|          3|
    |K_tile_105_we0                            |     9|          2|    1|          2|
    |K_tile_106_address0                       |    13|          3|    6|         18|
    |K_tile_106_ce0                            |    13|          3|    1|          3|
    |K_tile_106_we0                            |     9|          2|    1|          2|
    |K_tile_107_address0                       |    13|          3|    6|         18|
    |K_tile_107_ce0                            |    13|          3|    1|          3|
    |K_tile_107_we0                            |     9|          2|    1|          2|
    |K_tile_108_address0                       |    13|          3|    6|         18|
    |K_tile_108_ce0                            |    13|          3|    1|          3|
    |K_tile_108_we0                            |     9|          2|    1|          2|
    |K_tile_109_address0                       |    13|          3|    6|         18|
    |K_tile_109_ce0                            |    13|          3|    1|          3|
    |K_tile_109_we0                            |     9|          2|    1|          2|
    |K_tile_10_address0                        |    13|          3|    6|         18|
    |K_tile_10_ce0                             |    13|          3|    1|          3|
    |K_tile_10_we0                             |     9|          2|    1|          2|
    |K_tile_110_address0                       |    13|          3|    6|         18|
    |K_tile_110_ce0                            |    13|          3|    1|          3|
    |K_tile_110_we0                            |     9|          2|    1|          2|
    |K_tile_111_address0                       |    13|          3|    6|         18|
    |K_tile_111_ce0                            |    13|          3|    1|          3|
    |K_tile_111_we0                            |     9|          2|    1|          2|
    |K_tile_112_address0                       |    13|          3|    6|         18|
    |K_tile_112_ce0                            |    13|          3|    1|          3|
    |K_tile_112_we0                            |     9|          2|    1|          2|
    |K_tile_113_address0                       |    13|          3|    6|         18|
    |K_tile_113_ce0                            |    13|          3|    1|          3|
    |K_tile_113_we0                            |     9|          2|    1|          2|
    |K_tile_114_address0                       |    13|          3|    6|         18|
    |K_tile_114_ce0                            |    13|          3|    1|          3|
    |K_tile_114_we0                            |     9|          2|    1|          2|
    |K_tile_115_address0                       |    13|          3|    6|         18|
    |K_tile_115_ce0                            |    13|          3|    1|          3|
    |K_tile_115_we0                            |     9|          2|    1|          2|
    |K_tile_116_address0                       |    13|          3|    6|         18|
    |K_tile_116_ce0                            |    13|          3|    1|          3|
    |K_tile_116_we0                            |     9|          2|    1|          2|
    |K_tile_117_address0                       |    13|          3|    6|         18|
    |K_tile_117_ce0                            |    13|          3|    1|          3|
    |K_tile_117_we0                            |     9|          2|    1|          2|
    |K_tile_118_address0                       |    13|          3|    6|         18|
    |K_tile_118_ce0                            |    13|          3|    1|          3|
    |K_tile_118_we0                            |     9|          2|    1|          2|
    |K_tile_119_address0                       |    13|          3|    6|         18|
    |K_tile_119_ce0                            |    13|          3|    1|          3|
    |K_tile_119_we0                            |     9|          2|    1|          2|
    |K_tile_11_address0                        |    13|          3|    6|         18|
    |K_tile_11_ce0                             |    13|          3|    1|          3|
    |K_tile_11_we0                             |     9|          2|    1|          2|
    |K_tile_120_address0                       |    13|          3|    6|         18|
    |K_tile_120_ce0                            |    13|          3|    1|          3|
    |K_tile_120_we0                            |     9|          2|    1|          2|
    |K_tile_121_address0                       |    13|          3|    6|         18|
    |K_tile_121_ce0                            |    13|          3|    1|          3|
    |K_tile_121_we0                            |     9|          2|    1|          2|
    |K_tile_122_address0                       |    13|          3|    6|         18|
    |K_tile_122_ce0                            |    13|          3|    1|          3|
    |K_tile_122_we0                            |     9|          2|    1|          2|
    |K_tile_123_address0                       |    13|          3|    6|         18|
    |K_tile_123_ce0                            |    13|          3|    1|          3|
    |K_tile_123_we0                            |     9|          2|    1|          2|
    |K_tile_124_address0                       |    13|          3|    6|         18|
    |K_tile_124_ce0                            |    13|          3|    1|          3|
    |K_tile_124_we0                            |     9|          2|    1|          2|
    |K_tile_125_address0                       |    13|          3|    6|         18|
    |K_tile_125_ce0                            |    13|          3|    1|          3|
    |K_tile_125_we0                            |     9|          2|    1|          2|
    |K_tile_126_address0                       |    13|          3|    6|         18|
    |K_tile_126_ce0                            |    13|          3|    1|          3|
    |K_tile_126_we0                            |     9|          2|    1|          2|
    |K_tile_127_address0                       |    13|          3|    6|         18|
    |K_tile_127_ce0                            |    13|          3|    1|          3|
    |K_tile_127_we0                            |     9|          2|    1|          2|
    |K_tile_12_address0                        |    13|          3|    6|         18|
    |K_tile_12_ce0                             |    13|          3|    1|          3|
    |K_tile_12_we0                             |     9|          2|    1|          2|
    |K_tile_13_address0                        |    13|          3|    6|         18|
    |K_tile_13_ce0                             |    13|          3|    1|          3|
    |K_tile_13_we0                             |     9|          2|    1|          2|
    |K_tile_14_address0                        |    13|          3|    6|         18|
    |K_tile_14_ce0                             |    13|          3|    1|          3|
    |K_tile_14_we0                             |     9|          2|    1|          2|
    |K_tile_15_address0                        |    13|          3|    6|         18|
    |K_tile_15_ce0                             |    13|          3|    1|          3|
    |K_tile_15_we0                             |     9|          2|    1|          2|
    |K_tile_16_address0                        |    13|          3|    6|         18|
    |K_tile_16_ce0                             |    13|          3|    1|          3|
    |K_tile_16_we0                             |     9|          2|    1|          2|
    |K_tile_17_address0                        |    13|          3|    6|         18|
    |K_tile_17_ce0                             |    13|          3|    1|          3|
    |K_tile_17_we0                             |     9|          2|    1|          2|
    |K_tile_18_address0                        |    13|          3|    6|         18|
    |K_tile_18_ce0                             |    13|          3|    1|          3|
    |K_tile_18_we0                             |     9|          2|    1|          2|
    |K_tile_19_address0                        |    13|          3|    6|         18|
    |K_tile_19_ce0                             |    13|          3|    1|          3|
    |K_tile_19_we0                             |     9|          2|    1|          2|
    |K_tile_1_address0                         |    13|          3|    6|         18|
    |K_tile_1_ce0                              |    13|          3|    1|          3|
    |K_tile_1_we0                              |     9|          2|    1|          2|
    |K_tile_20_address0                        |    13|          3|    6|         18|
    |K_tile_20_ce0                             |    13|          3|    1|          3|
    |K_tile_20_we0                             |     9|          2|    1|          2|
    |K_tile_21_address0                        |    13|          3|    6|         18|
    |K_tile_21_ce0                             |    13|          3|    1|          3|
    |K_tile_21_we0                             |     9|          2|    1|          2|
    |K_tile_22_address0                        |    13|          3|    6|         18|
    |K_tile_22_ce0                             |    13|          3|    1|          3|
    |K_tile_22_we0                             |     9|          2|    1|          2|
    |K_tile_23_address0                        |    13|          3|    6|         18|
    |K_tile_23_ce0                             |    13|          3|    1|          3|
    |K_tile_23_we0                             |     9|          2|    1|          2|
    |K_tile_24_address0                        |    13|          3|    6|         18|
    |K_tile_24_ce0                             |    13|          3|    1|          3|
    |K_tile_24_we0                             |     9|          2|    1|          2|
    |K_tile_25_address0                        |    13|          3|    6|         18|
    |K_tile_25_ce0                             |    13|          3|    1|          3|
    |K_tile_25_we0                             |     9|          2|    1|          2|
    |K_tile_26_address0                        |    13|          3|    6|         18|
    |K_tile_26_ce0                             |    13|          3|    1|          3|
    |K_tile_26_we0                             |     9|          2|    1|          2|
    |K_tile_27_address0                        |    13|          3|    6|         18|
    |K_tile_27_ce0                             |    13|          3|    1|          3|
    |K_tile_27_we0                             |     9|          2|    1|          2|
    |K_tile_28_address0                        |    13|          3|    6|         18|
    |K_tile_28_ce0                             |    13|          3|    1|          3|
    |K_tile_28_we0                             |     9|          2|    1|          2|
    |K_tile_29_address0                        |    13|          3|    6|         18|
    |K_tile_29_ce0                             |    13|          3|    1|          3|
    |K_tile_29_we0                             |     9|          2|    1|          2|
    |K_tile_2_address0                         |    13|          3|    6|         18|
    |K_tile_2_ce0                              |    13|          3|    1|          3|
    |K_tile_2_we0                              |     9|          2|    1|          2|
    |K_tile_30_address0                        |    13|          3|    6|         18|
    |K_tile_30_ce0                             |    13|          3|    1|          3|
    |K_tile_30_we0                             |     9|          2|    1|          2|
    |K_tile_31_address0                        |    13|          3|    6|         18|
    |K_tile_31_ce0                             |    13|          3|    1|          3|
    |K_tile_31_we0                             |     9|          2|    1|          2|
    |K_tile_32_address0                        |    13|          3|    6|         18|
    |K_tile_32_ce0                             |    13|          3|    1|          3|
    |K_tile_32_we0                             |     9|          2|    1|          2|
    |K_tile_33_address0                        |    13|          3|    6|         18|
    |K_tile_33_ce0                             |    13|          3|    1|          3|
    |K_tile_33_we0                             |     9|          2|    1|          2|
    |K_tile_34_address0                        |    13|          3|    6|         18|
    |K_tile_34_ce0                             |    13|          3|    1|          3|
    |K_tile_34_we0                             |     9|          2|    1|          2|
    |K_tile_35_address0                        |    13|          3|    6|         18|
    |K_tile_35_ce0                             |    13|          3|    1|          3|
    |K_tile_35_we0                             |     9|          2|    1|          2|
    |K_tile_36_address0                        |    13|          3|    6|         18|
    |K_tile_36_ce0                             |    13|          3|    1|          3|
    |K_tile_36_we0                             |     9|          2|    1|          2|
    |K_tile_37_address0                        |    13|          3|    6|         18|
    |K_tile_37_ce0                             |    13|          3|    1|          3|
    |K_tile_37_we0                             |     9|          2|    1|          2|
    |K_tile_38_address0                        |    13|          3|    6|         18|
    |K_tile_38_ce0                             |    13|          3|    1|          3|
    |K_tile_38_we0                             |     9|          2|    1|          2|
    |K_tile_39_address0                        |    13|          3|    6|         18|
    |K_tile_39_ce0                             |    13|          3|    1|          3|
    |K_tile_39_we0                             |     9|          2|    1|          2|
    |K_tile_3_address0                         |    13|          3|    6|         18|
    |K_tile_3_ce0                              |    13|          3|    1|          3|
    |K_tile_3_we0                              |     9|          2|    1|          2|
    |K_tile_40_address0                        |    13|          3|    6|         18|
    |K_tile_40_ce0                             |    13|          3|    1|          3|
    |K_tile_40_we0                             |     9|          2|    1|          2|
    |K_tile_41_address0                        |    13|          3|    6|         18|
    |K_tile_41_ce0                             |    13|          3|    1|          3|
    |K_tile_41_we0                             |     9|          2|    1|          2|
    |K_tile_42_address0                        |    13|          3|    6|         18|
    |K_tile_42_ce0                             |    13|          3|    1|          3|
    |K_tile_42_we0                             |     9|          2|    1|          2|
    |K_tile_43_address0                        |    13|          3|    6|         18|
    |K_tile_43_ce0                             |    13|          3|    1|          3|
    |K_tile_43_we0                             |     9|          2|    1|          2|
    |K_tile_44_address0                        |    13|          3|    6|         18|
    |K_tile_44_ce0                             |    13|          3|    1|          3|
    |K_tile_44_we0                             |     9|          2|    1|          2|
    |K_tile_45_address0                        |    13|          3|    6|         18|
    |K_tile_45_ce0                             |    13|          3|    1|          3|
    |K_tile_45_we0                             |     9|          2|    1|          2|
    |K_tile_46_address0                        |    13|          3|    6|         18|
    |K_tile_46_ce0                             |    13|          3|    1|          3|
    |K_tile_46_we0                             |     9|          2|    1|          2|
    |K_tile_47_address0                        |    13|          3|    6|         18|
    |K_tile_47_ce0                             |    13|          3|    1|          3|
    |K_tile_47_we0                             |     9|          2|    1|          2|
    |K_tile_48_address0                        |    13|          3|    6|         18|
    |K_tile_48_ce0                             |    13|          3|    1|          3|
    |K_tile_48_we0                             |     9|          2|    1|          2|
    |K_tile_49_address0                        |    13|          3|    6|         18|
    |K_tile_49_ce0                             |    13|          3|    1|          3|
    |K_tile_49_we0                             |     9|          2|    1|          2|
    |K_tile_4_address0                         |    13|          3|    6|         18|
    |K_tile_4_ce0                              |    13|          3|    1|          3|
    |K_tile_4_we0                              |     9|          2|    1|          2|
    |K_tile_50_address0                        |    13|          3|    6|         18|
    |K_tile_50_ce0                             |    13|          3|    1|          3|
    |K_tile_50_we0                             |     9|          2|    1|          2|
    |K_tile_51_address0                        |    13|          3|    6|         18|
    |K_tile_51_ce0                             |    13|          3|    1|          3|
    |K_tile_51_we0                             |     9|          2|    1|          2|
    |K_tile_52_address0                        |    13|          3|    6|         18|
    |K_tile_52_ce0                             |    13|          3|    1|          3|
    |K_tile_52_we0                             |     9|          2|    1|          2|
    |K_tile_53_address0                        |    13|          3|    6|         18|
    |K_tile_53_ce0                             |    13|          3|    1|          3|
    |K_tile_53_we0                             |     9|          2|    1|          2|
    |K_tile_54_address0                        |    13|          3|    6|         18|
    |K_tile_54_ce0                             |    13|          3|    1|          3|
    |K_tile_54_we0                             |     9|          2|    1|          2|
    |K_tile_55_address0                        |    13|          3|    6|         18|
    |K_tile_55_ce0                             |    13|          3|    1|          3|
    |K_tile_55_we0                             |     9|          2|    1|          2|
    |K_tile_56_address0                        |    13|          3|    6|         18|
    |K_tile_56_ce0                             |    13|          3|    1|          3|
    |K_tile_56_we0                             |     9|          2|    1|          2|
    |K_tile_57_address0                        |    13|          3|    6|         18|
    |K_tile_57_ce0                             |    13|          3|    1|          3|
    |K_tile_57_we0                             |     9|          2|    1|          2|
    |K_tile_58_address0                        |    13|          3|    6|         18|
    |K_tile_58_ce0                             |    13|          3|    1|          3|
    |K_tile_58_we0                             |     9|          2|    1|          2|
    |K_tile_59_address0                        |    13|          3|    6|         18|
    |K_tile_59_ce0                             |    13|          3|    1|          3|
    |K_tile_59_we0                             |     9|          2|    1|          2|
    |K_tile_5_address0                         |    13|          3|    6|         18|
    |K_tile_5_ce0                              |    13|          3|    1|          3|
    |K_tile_5_we0                              |     9|          2|    1|          2|
    |K_tile_60_address0                        |    13|          3|    6|         18|
    |K_tile_60_ce0                             |    13|          3|    1|          3|
    |K_tile_60_we0                             |     9|          2|    1|          2|
    |K_tile_61_address0                        |    13|          3|    6|         18|
    |K_tile_61_ce0                             |    13|          3|    1|          3|
    |K_tile_61_we0                             |     9|          2|    1|          2|
    |K_tile_62_address0                        |    13|          3|    6|         18|
    |K_tile_62_ce0                             |    13|          3|    1|          3|
    |K_tile_62_we0                             |     9|          2|    1|          2|
    |K_tile_63_address0                        |    13|          3|    6|         18|
    |K_tile_63_ce0                             |    13|          3|    1|          3|
    |K_tile_63_we0                             |     9|          2|    1|          2|
    |K_tile_64_address0                        |    13|          3|    6|         18|
    |K_tile_64_ce0                             |    13|          3|    1|          3|
    |K_tile_64_we0                             |     9|          2|    1|          2|
    |K_tile_65_address0                        |    13|          3|    6|         18|
    |K_tile_65_ce0                             |    13|          3|    1|          3|
    |K_tile_65_we0                             |     9|          2|    1|          2|
    |K_tile_66_address0                        |    13|          3|    6|         18|
    |K_tile_66_ce0                             |    13|          3|    1|          3|
    |K_tile_66_we0                             |     9|          2|    1|          2|
    |K_tile_67_address0                        |    13|          3|    6|         18|
    |K_tile_67_ce0                             |    13|          3|    1|          3|
    |K_tile_67_we0                             |     9|          2|    1|          2|
    |K_tile_68_address0                        |    13|          3|    6|         18|
    |K_tile_68_ce0                             |    13|          3|    1|          3|
    |K_tile_68_we0                             |     9|          2|    1|          2|
    |K_tile_69_address0                        |    13|          3|    6|         18|
    |K_tile_69_ce0                             |    13|          3|    1|          3|
    |K_tile_69_we0                             |     9|          2|    1|          2|
    |K_tile_6_address0                         |    13|          3|    6|         18|
    |K_tile_6_ce0                              |    13|          3|    1|          3|
    |K_tile_6_we0                              |     9|          2|    1|          2|
    |K_tile_70_address0                        |    13|          3|    6|         18|
    |K_tile_70_ce0                             |    13|          3|    1|          3|
    |K_tile_70_we0                             |     9|          2|    1|          2|
    |K_tile_71_address0                        |    13|          3|    6|         18|
    |K_tile_71_ce0                             |    13|          3|    1|          3|
    |K_tile_71_we0                             |     9|          2|    1|          2|
    |K_tile_72_address0                        |    13|          3|    6|         18|
    |K_tile_72_ce0                             |    13|          3|    1|          3|
    |K_tile_72_we0                             |     9|          2|    1|          2|
    |K_tile_73_address0                        |    13|          3|    6|         18|
    |K_tile_73_ce0                             |    13|          3|    1|          3|
    |K_tile_73_we0                             |     9|          2|    1|          2|
    |K_tile_74_address0                        |    13|          3|    6|         18|
    |K_tile_74_ce0                             |    13|          3|    1|          3|
    |K_tile_74_we0                             |     9|          2|    1|          2|
    |K_tile_75_address0                        |    13|          3|    6|         18|
    |K_tile_75_ce0                             |    13|          3|    1|          3|
    |K_tile_75_we0                             |     9|          2|    1|          2|
    |K_tile_76_address0                        |    13|          3|    6|         18|
    |K_tile_76_ce0                             |    13|          3|    1|          3|
    |K_tile_76_we0                             |     9|          2|    1|          2|
    |K_tile_77_address0                        |    13|          3|    6|         18|
    |K_tile_77_ce0                             |    13|          3|    1|          3|
    |K_tile_77_we0                             |     9|          2|    1|          2|
    |K_tile_78_address0                        |    13|          3|    6|         18|
    |K_tile_78_ce0                             |    13|          3|    1|          3|
    |K_tile_78_we0                             |     9|          2|    1|          2|
    |K_tile_79_address0                        |    13|          3|    6|         18|
    |K_tile_79_ce0                             |    13|          3|    1|          3|
    |K_tile_79_we0                             |     9|          2|    1|          2|
    |K_tile_7_address0                         |    13|          3|    6|         18|
    |K_tile_7_ce0                              |    13|          3|    1|          3|
    |K_tile_7_we0                              |     9|          2|    1|          2|
    |K_tile_80_address0                        |    13|          3|    6|         18|
    |K_tile_80_ce0                             |    13|          3|    1|          3|
    |K_tile_80_we0                             |     9|          2|    1|          2|
    |K_tile_81_address0                        |    13|          3|    6|         18|
    |K_tile_81_ce0                             |    13|          3|    1|          3|
    |K_tile_81_we0                             |     9|          2|    1|          2|
    |K_tile_82_address0                        |    13|          3|    6|         18|
    |K_tile_82_ce0                             |    13|          3|    1|          3|
    |K_tile_82_we0                             |     9|          2|    1|          2|
    |K_tile_83_address0                        |    13|          3|    6|         18|
    |K_tile_83_ce0                             |    13|          3|    1|          3|
    |K_tile_83_we0                             |     9|          2|    1|          2|
    |K_tile_84_address0                        |    13|          3|    6|         18|
    |K_tile_84_ce0                             |    13|          3|    1|          3|
    |K_tile_84_we0                             |     9|          2|    1|          2|
    |K_tile_85_address0                        |    13|          3|    6|         18|
    |K_tile_85_ce0                             |    13|          3|    1|          3|
    |K_tile_85_we0                             |     9|          2|    1|          2|
    |K_tile_86_address0                        |    13|          3|    6|         18|
    |K_tile_86_ce0                             |    13|          3|    1|          3|
    |K_tile_86_we0                             |     9|          2|    1|          2|
    |K_tile_87_address0                        |    13|          3|    6|         18|
    |K_tile_87_ce0                             |    13|          3|    1|          3|
    |K_tile_87_we0                             |     9|          2|    1|          2|
    |K_tile_88_address0                        |    13|          3|    6|         18|
    |K_tile_88_ce0                             |    13|          3|    1|          3|
    |K_tile_88_we0                             |     9|          2|    1|          2|
    |K_tile_89_address0                        |    13|          3|    6|         18|
    |K_tile_89_ce0                             |    13|          3|    1|          3|
    |K_tile_89_we0                             |     9|          2|    1|          2|
    |K_tile_8_address0                         |    13|          3|    6|         18|
    |K_tile_8_ce0                              |    13|          3|    1|          3|
    |K_tile_8_we0                              |     9|          2|    1|          2|
    |K_tile_90_address0                        |    13|          3|    6|         18|
    |K_tile_90_ce0                             |    13|          3|    1|          3|
    |K_tile_90_we0                             |     9|          2|    1|          2|
    |K_tile_91_address0                        |    13|          3|    6|         18|
    |K_tile_91_ce0                             |    13|          3|    1|          3|
    |K_tile_91_we0                             |     9|          2|    1|          2|
    |K_tile_92_address0                        |    13|          3|    6|         18|
    |K_tile_92_ce0                             |    13|          3|    1|          3|
    |K_tile_92_we0                             |     9|          2|    1|          2|
    |K_tile_93_address0                        |    13|          3|    6|         18|
    |K_tile_93_ce0                             |    13|          3|    1|          3|
    |K_tile_93_we0                             |     9|          2|    1|          2|
    |K_tile_94_address0                        |    13|          3|    6|         18|
    |K_tile_94_ce0                             |    13|          3|    1|          3|
    |K_tile_94_we0                             |     9|          2|    1|          2|
    |K_tile_95_address0                        |    13|          3|    6|         18|
    |K_tile_95_ce0                             |    13|          3|    1|          3|
    |K_tile_95_we0                             |     9|          2|    1|          2|
    |K_tile_96_address0                        |    13|          3|    6|         18|
    |K_tile_96_ce0                             |    13|          3|    1|          3|
    |K_tile_96_we0                             |     9|          2|    1|          2|
    |K_tile_97_address0                        |    13|          3|    6|         18|
    |K_tile_97_ce0                             |    13|          3|    1|          3|
    |K_tile_97_we0                             |     9|          2|    1|          2|
    |K_tile_98_address0                        |    13|          3|    6|         18|
    |K_tile_98_ce0                             |    13|          3|    1|          3|
    |K_tile_98_we0                             |     9|          2|    1|          2|
    |K_tile_99_address0                        |    13|          3|    6|         18|
    |K_tile_99_ce0                             |    13|          3|    1|          3|
    |K_tile_99_we0                             |     9|          2|    1|          2|
    |K_tile_9_address0                         |    13|          3|    6|         18|
    |K_tile_9_ce0                              |    13|          3|    1|          3|
    |K_tile_9_we0                              |     9|          2|    1|          2|
    |K_tile_address0                           |    13|          3|    6|         18|
    |K_tile_ce0                                |    13|          3|    1|          3|
    |K_tile_we0                                |     9|          2|    1|          2|
    |O_tile_1_address0                         |    17|          4|   10|         40|
    |O_tile_1_address1                         |    13|          3|   10|         30|
    |O_tile_1_ce0                              |    17|          4|    1|          4|
    |O_tile_1_ce1                              |    13|          3|    1|          3|
    |O_tile_1_d0                               |    13|          3|   32|         96|
    |O_tile_1_we0                              |    13|          3|    1|          3|
    |O_tile_1_we1                              |     9|          2|    1|          2|
    |O_tile_2_address0                         |    17|          4|   10|         40|
    |O_tile_2_address1                         |    13|          3|   10|         30|
    |O_tile_2_ce0                              |    17|          4|    1|          4|
    |O_tile_2_ce1                              |    13|          3|    1|          3|
    |O_tile_2_d0                               |    13|          3|   32|         96|
    |O_tile_2_we0                              |    13|          3|    1|          3|
    |O_tile_2_we1                              |     9|          2|    1|          2|
    |O_tile_3_address0                         |    17|          4|   10|         40|
    |O_tile_3_address1                         |    13|          3|   10|         30|
    |O_tile_3_ce0                              |    17|          4|    1|          4|
    |O_tile_3_ce1                              |    13|          3|    1|          3|
    |O_tile_3_d0                               |    13|          3|   32|         96|
    |O_tile_3_we0                              |    13|          3|    1|          3|
    |O_tile_3_we1                              |     9|          2|    1|          2|
    |O_tile_4_address0                         |    17|          4|   10|         40|
    |O_tile_4_address1                         |    13|          3|   10|         30|
    |O_tile_4_ce0                              |    17|          4|    1|          4|
    |O_tile_4_ce1                              |    13|          3|    1|          3|
    |O_tile_4_d0                               |    13|          3|   32|         96|
    |O_tile_4_we0                              |    13|          3|    1|          3|
    |O_tile_4_we1                              |     9|          2|    1|          2|
    |O_tile_5_address0                         |    17|          4|   10|         40|
    |O_tile_5_address1                         |    13|          3|   10|         30|
    |O_tile_5_ce0                              |    17|          4|    1|          4|
    |O_tile_5_ce1                              |    13|          3|    1|          3|
    |O_tile_5_d0                               |    13|          3|   32|         96|
    |O_tile_5_we0                              |    13|          3|    1|          3|
    |O_tile_5_we1                              |     9|          2|    1|          2|
    |O_tile_6_address0                         |    17|          4|   10|         40|
    |O_tile_6_address1                         |    13|          3|   10|         30|
    |O_tile_6_ce0                              |    17|          4|    1|          4|
    |O_tile_6_ce1                              |    13|          3|    1|          3|
    |O_tile_6_d0                               |    13|          3|   32|         96|
    |O_tile_6_we0                              |    13|          3|    1|          3|
    |O_tile_6_we1                              |     9|          2|    1|          2|
    |O_tile_7_address0                         |    17|          4|   10|         40|
    |O_tile_7_address1                         |    13|          3|   10|         30|
    |O_tile_7_ce0                              |    17|          4|    1|          4|
    |O_tile_7_ce1                              |    13|          3|    1|          3|
    |O_tile_7_d0                               |    13|          3|   32|         96|
    |O_tile_7_we0                              |    13|          3|    1|          3|
    |O_tile_7_we1                              |     9|          2|    1|          2|
    |O_tile_address0                           |    17|          4|   10|         40|
    |O_tile_address1                           |    13|          3|   10|         30|
    |O_tile_ce0                                |    17|          4|    1|          4|
    |O_tile_ce1                                |    13|          3|    1|          3|
    |O_tile_d0                                 |    13|          3|   32|         96|
    |O_tile_we0                                |    13|          3|    1|          3|
    |O_tile_we1                                |     9|          2|    1|          2|
    |Q_tile_100_address0                       |    13|          3|    6|         18|
    |Q_tile_100_ce0                            |    13|          3|    1|          3|
    |Q_tile_100_we0                            |     9|          2|    1|          2|
    |Q_tile_101_address0                       |    13|          3|    6|         18|
    |Q_tile_101_ce0                            |    13|          3|    1|          3|
    |Q_tile_101_we0                            |     9|          2|    1|          2|
    |Q_tile_102_address0                       |    13|          3|    6|         18|
    |Q_tile_102_ce0                            |    13|          3|    1|          3|
    |Q_tile_102_we0                            |     9|          2|    1|          2|
    |Q_tile_103_address0                       |    13|          3|    6|         18|
    |Q_tile_103_ce0                            |    13|          3|    1|          3|
    |Q_tile_103_we0                            |     9|          2|    1|          2|
    |Q_tile_104_address0                       |    13|          3|    6|         18|
    |Q_tile_104_ce0                            |    13|          3|    1|          3|
    |Q_tile_104_we0                            |     9|          2|    1|          2|
    |Q_tile_105_address0                       |    13|          3|    6|         18|
    |Q_tile_105_ce0                            |    13|          3|    1|          3|
    |Q_tile_105_we0                            |     9|          2|    1|          2|
    |Q_tile_106_address0                       |    13|          3|    6|         18|
    |Q_tile_106_ce0                            |    13|          3|    1|          3|
    |Q_tile_106_we0                            |     9|          2|    1|          2|
    |Q_tile_107_address0                       |    13|          3|    6|         18|
    |Q_tile_107_ce0                            |    13|          3|    1|          3|
    |Q_tile_107_we0                            |     9|          2|    1|          2|
    |Q_tile_108_address0                       |    13|          3|    6|         18|
    |Q_tile_108_ce0                            |    13|          3|    1|          3|
    |Q_tile_108_we0                            |     9|          2|    1|          2|
    |Q_tile_109_address0                       |    13|          3|    6|         18|
    |Q_tile_109_ce0                            |    13|          3|    1|          3|
    |Q_tile_109_we0                            |     9|          2|    1|          2|
    |Q_tile_10_address0                        |    13|          3|    6|         18|
    |Q_tile_10_ce0                             |    13|          3|    1|          3|
    |Q_tile_10_we0                             |     9|          2|    1|          2|
    |Q_tile_110_address0                       |    13|          3|    6|         18|
    |Q_tile_110_ce0                            |    13|          3|    1|          3|
    |Q_tile_110_we0                            |     9|          2|    1|          2|
    |Q_tile_111_address0                       |    13|          3|    6|         18|
    |Q_tile_111_ce0                            |    13|          3|    1|          3|
    |Q_tile_111_we0                            |     9|          2|    1|          2|
    |Q_tile_112_address0                       |    13|          3|    6|         18|
    |Q_tile_112_ce0                            |    13|          3|    1|          3|
    |Q_tile_112_we0                            |     9|          2|    1|          2|
    |Q_tile_113_address0                       |    13|          3|    6|         18|
    |Q_tile_113_ce0                            |    13|          3|    1|          3|
    |Q_tile_113_we0                            |     9|          2|    1|          2|
    |Q_tile_114_address0                       |    13|          3|    6|         18|
    |Q_tile_114_ce0                            |    13|          3|    1|          3|
    |Q_tile_114_we0                            |     9|          2|    1|          2|
    |Q_tile_115_address0                       |    13|          3|    6|         18|
    |Q_tile_115_ce0                            |    13|          3|    1|          3|
    |Q_tile_115_we0                            |     9|          2|    1|          2|
    |Q_tile_116_address0                       |    13|          3|    6|         18|
    |Q_tile_116_ce0                            |    13|          3|    1|          3|
    |Q_tile_116_we0                            |     9|          2|    1|          2|
    |Q_tile_117_address0                       |    13|          3|    6|         18|
    |Q_tile_117_ce0                            |    13|          3|    1|          3|
    |Q_tile_117_we0                            |     9|          2|    1|          2|
    |Q_tile_118_address0                       |    13|          3|    6|         18|
    |Q_tile_118_ce0                            |    13|          3|    1|          3|
    |Q_tile_118_we0                            |     9|          2|    1|          2|
    |Q_tile_119_address0                       |    13|          3|    6|         18|
    |Q_tile_119_ce0                            |    13|          3|    1|          3|
    |Q_tile_119_we0                            |     9|          2|    1|          2|
    |Q_tile_11_address0                        |    13|          3|    6|         18|
    |Q_tile_11_ce0                             |    13|          3|    1|          3|
    |Q_tile_11_we0                             |     9|          2|    1|          2|
    |Q_tile_120_address0                       |    13|          3|    6|         18|
    |Q_tile_120_ce0                            |    13|          3|    1|          3|
    |Q_tile_120_we0                            |     9|          2|    1|          2|
    |Q_tile_121_address0                       |    13|          3|    6|         18|
    |Q_tile_121_ce0                            |    13|          3|    1|          3|
    |Q_tile_121_we0                            |     9|          2|    1|          2|
    |Q_tile_122_address0                       |    13|          3|    6|         18|
    |Q_tile_122_ce0                            |    13|          3|    1|          3|
    |Q_tile_122_we0                            |     9|          2|    1|          2|
    |Q_tile_123_address0                       |    13|          3|    6|         18|
    |Q_tile_123_ce0                            |    13|          3|    1|          3|
    |Q_tile_123_we0                            |     9|          2|    1|          2|
    |Q_tile_124_address0                       |    13|          3|    6|         18|
    |Q_tile_124_ce0                            |    13|          3|    1|          3|
    |Q_tile_124_we0                            |     9|          2|    1|          2|
    |Q_tile_125_address0                       |    13|          3|    6|         18|
    |Q_tile_125_ce0                            |    13|          3|    1|          3|
    |Q_tile_125_we0                            |     9|          2|    1|          2|
    |Q_tile_126_address0                       |    13|          3|    6|         18|
    |Q_tile_126_ce0                            |    13|          3|    1|          3|
    |Q_tile_126_we0                            |     9|          2|    1|          2|
    |Q_tile_127_address0                       |    13|          3|    6|         18|
    |Q_tile_127_ce0                            |    13|          3|    1|          3|
    |Q_tile_127_we0                            |     9|          2|    1|          2|
    |Q_tile_12_address0                        |    13|          3|    6|         18|
    |Q_tile_12_ce0                             |    13|          3|    1|          3|
    |Q_tile_12_we0                             |     9|          2|    1|          2|
    |Q_tile_13_address0                        |    13|          3|    6|         18|
    |Q_tile_13_ce0                             |    13|          3|    1|          3|
    |Q_tile_13_we0                             |     9|          2|    1|          2|
    |Q_tile_14_address0                        |    13|          3|    6|         18|
    |Q_tile_14_ce0                             |    13|          3|    1|          3|
    |Q_tile_14_we0                             |     9|          2|    1|          2|
    |Q_tile_15_address0                        |    13|          3|    6|         18|
    |Q_tile_15_ce0                             |    13|          3|    1|          3|
    |Q_tile_15_we0                             |     9|          2|    1|          2|
    |Q_tile_16_address0                        |    13|          3|    6|         18|
    |Q_tile_16_ce0                             |    13|          3|    1|          3|
    |Q_tile_16_we0                             |     9|          2|    1|          2|
    |Q_tile_17_address0                        |    13|          3|    6|         18|
    |Q_tile_17_ce0                             |    13|          3|    1|          3|
    |Q_tile_17_we0                             |     9|          2|    1|          2|
    |Q_tile_18_address0                        |    13|          3|    6|         18|
    |Q_tile_18_ce0                             |    13|          3|    1|          3|
    |Q_tile_18_we0                             |     9|          2|    1|          2|
    |Q_tile_19_address0                        |    13|          3|    6|         18|
    |Q_tile_19_ce0                             |    13|          3|    1|          3|
    |Q_tile_19_we0                             |     9|          2|    1|          2|
    |Q_tile_1_address0                         |    13|          3|    6|         18|
    |Q_tile_1_ce0                              |    13|          3|    1|          3|
    |Q_tile_1_we0                              |     9|          2|    1|          2|
    |Q_tile_20_address0                        |    13|          3|    6|         18|
    |Q_tile_20_ce0                             |    13|          3|    1|          3|
    |Q_tile_20_we0                             |     9|          2|    1|          2|
    |Q_tile_21_address0                        |    13|          3|    6|         18|
    |Q_tile_21_ce0                             |    13|          3|    1|          3|
    |Q_tile_21_we0                             |     9|          2|    1|          2|
    |Q_tile_22_address0                        |    13|          3|    6|         18|
    |Q_tile_22_ce0                             |    13|          3|    1|          3|
    |Q_tile_22_we0                             |     9|          2|    1|          2|
    |Q_tile_23_address0                        |    13|          3|    6|         18|
    |Q_tile_23_ce0                             |    13|          3|    1|          3|
    |Q_tile_23_we0                             |     9|          2|    1|          2|
    |Q_tile_24_address0                        |    13|          3|    6|         18|
    |Q_tile_24_ce0                             |    13|          3|    1|          3|
    |Q_tile_24_we0                             |     9|          2|    1|          2|
    |Q_tile_25_address0                        |    13|          3|    6|         18|
    |Q_tile_25_ce0                             |    13|          3|    1|          3|
    |Q_tile_25_we0                             |     9|          2|    1|          2|
    |Q_tile_26_address0                        |    13|          3|    6|         18|
    |Q_tile_26_ce0                             |    13|          3|    1|          3|
    |Q_tile_26_we0                             |     9|          2|    1|          2|
    |Q_tile_27_address0                        |    13|          3|    6|         18|
    |Q_tile_27_ce0                             |    13|          3|    1|          3|
    |Q_tile_27_we0                             |     9|          2|    1|          2|
    |Q_tile_28_address0                        |    13|          3|    6|         18|
    |Q_tile_28_ce0                             |    13|          3|    1|          3|
    |Q_tile_28_we0                             |     9|          2|    1|          2|
    |Q_tile_29_address0                        |    13|          3|    6|         18|
    |Q_tile_29_ce0                             |    13|          3|    1|          3|
    |Q_tile_29_we0                             |     9|          2|    1|          2|
    |Q_tile_2_address0                         |    13|          3|    6|         18|
    |Q_tile_2_ce0                              |    13|          3|    1|          3|
    |Q_tile_2_we0                              |     9|          2|    1|          2|
    |Q_tile_30_address0                        |    13|          3|    6|         18|
    |Q_tile_30_ce0                             |    13|          3|    1|          3|
    |Q_tile_30_we0                             |     9|          2|    1|          2|
    |Q_tile_31_address0                        |    13|          3|    6|         18|
    |Q_tile_31_ce0                             |    13|          3|    1|          3|
    |Q_tile_31_we0                             |     9|          2|    1|          2|
    |Q_tile_32_address0                        |    13|          3|    6|         18|
    |Q_tile_32_ce0                             |    13|          3|    1|          3|
    |Q_tile_32_we0                             |     9|          2|    1|          2|
    |Q_tile_33_address0                        |    13|          3|    6|         18|
    |Q_tile_33_ce0                             |    13|          3|    1|          3|
    |Q_tile_33_we0                             |     9|          2|    1|          2|
    |Q_tile_34_address0                        |    13|          3|    6|         18|
    |Q_tile_34_ce0                             |    13|          3|    1|          3|
    |Q_tile_34_we0                             |     9|          2|    1|          2|
    |Q_tile_35_address0                        |    13|          3|    6|         18|
    |Q_tile_35_ce0                             |    13|          3|    1|          3|
    |Q_tile_35_we0                             |     9|          2|    1|          2|
    |Q_tile_36_address0                        |    13|          3|    6|         18|
    |Q_tile_36_ce0                             |    13|          3|    1|          3|
    |Q_tile_36_we0                             |     9|          2|    1|          2|
    |Q_tile_37_address0                        |    13|          3|    6|         18|
    |Q_tile_37_ce0                             |    13|          3|    1|          3|
    |Q_tile_37_we0                             |     9|          2|    1|          2|
    |Q_tile_38_address0                        |    13|          3|    6|         18|
    |Q_tile_38_ce0                             |    13|          3|    1|          3|
    |Q_tile_38_we0                             |     9|          2|    1|          2|
    |Q_tile_39_address0                        |    13|          3|    6|         18|
    |Q_tile_39_ce0                             |    13|          3|    1|          3|
    |Q_tile_39_we0                             |     9|          2|    1|          2|
    |Q_tile_3_address0                         |    13|          3|    6|         18|
    |Q_tile_3_ce0                              |    13|          3|    1|          3|
    |Q_tile_3_we0                              |     9|          2|    1|          2|
    |Q_tile_40_address0                        |    13|          3|    6|         18|
    |Q_tile_40_ce0                             |    13|          3|    1|          3|
    |Q_tile_40_we0                             |     9|          2|    1|          2|
    |Q_tile_41_address0                        |    13|          3|    6|         18|
    |Q_tile_41_ce0                             |    13|          3|    1|          3|
    |Q_tile_41_we0                             |     9|          2|    1|          2|
    |Q_tile_42_address0                        |    13|          3|    6|         18|
    |Q_tile_42_ce0                             |    13|          3|    1|          3|
    |Q_tile_42_we0                             |     9|          2|    1|          2|
    |Q_tile_43_address0                        |    13|          3|    6|         18|
    |Q_tile_43_ce0                             |    13|          3|    1|          3|
    |Q_tile_43_we0                             |     9|          2|    1|          2|
    |Q_tile_44_address0                        |    13|          3|    6|         18|
    |Q_tile_44_ce0                             |    13|          3|    1|          3|
    |Q_tile_44_we0                             |     9|          2|    1|          2|
    |Q_tile_45_address0                        |    13|          3|    6|         18|
    |Q_tile_45_ce0                             |    13|          3|    1|          3|
    |Q_tile_45_we0                             |     9|          2|    1|          2|
    |Q_tile_46_address0                        |    13|          3|    6|         18|
    |Q_tile_46_ce0                             |    13|          3|    1|          3|
    |Q_tile_46_we0                             |     9|          2|    1|          2|
    |Q_tile_47_address0                        |    13|          3|    6|         18|
    |Q_tile_47_ce0                             |    13|          3|    1|          3|
    |Q_tile_47_we0                             |     9|          2|    1|          2|
    |Q_tile_48_address0                        |    13|          3|    6|         18|
    |Q_tile_48_ce0                             |    13|          3|    1|          3|
    |Q_tile_48_we0                             |     9|          2|    1|          2|
    |Q_tile_49_address0                        |    13|          3|    6|         18|
    |Q_tile_49_ce0                             |    13|          3|    1|          3|
    |Q_tile_49_we0                             |     9|          2|    1|          2|
    |Q_tile_4_address0                         |    13|          3|    6|         18|
    |Q_tile_4_ce0                              |    13|          3|    1|          3|
    |Q_tile_4_we0                              |     9|          2|    1|          2|
    |Q_tile_50_address0                        |    13|          3|    6|         18|
    |Q_tile_50_ce0                             |    13|          3|    1|          3|
    |Q_tile_50_we0                             |     9|          2|    1|          2|
    |Q_tile_51_address0                        |    13|          3|    6|         18|
    |Q_tile_51_ce0                             |    13|          3|    1|          3|
    |Q_tile_51_we0                             |     9|          2|    1|          2|
    |Q_tile_52_address0                        |    13|          3|    6|         18|
    |Q_tile_52_ce0                             |    13|          3|    1|          3|
    |Q_tile_52_we0                             |     9|          2|    1|          2|
    |Q_tile_53_address0                        |    13|          3|    6|         18|
    |Q_tile_53_ce0                             |    13|          3|    1|          3|
    |Q_tile_53_we0                             |     9|          2|    1|          2|
    |Q_tile_54_address0                        |    13|          3|    6|         18|
    |Q_tile_54_ce0                             |    13|          3|    1|          3|
    |Q_tile_54_we0                             |     9|          2|    1|          2|
    |Q_tile_55_address0                        |    13|          3|    6|         18|
    |Q_tile_55_ce0                             |    13|          3|    1|          3|
    |Q_tile_55_we0                             |     9|          2|    1|          2|
    |Q_tile_56_address0                        |    13|          3|    6|         18|
    |Q_tile_56_ce0                             |    13|          3|    1|          3|
    |Q_tile_56_we0                             |     9|          2|    1|          2|
    |Q_tile_57_address0                        |    13|          3|    6|         18|
    |Q_tile_57_ce0                             |    13|          3|    1|          3|
    |Q_tile_57_we0                             |     9|          2|    1|          2|
    |Q_tile_58_address0                        |    13|          3|    6|         18|
    |Q_tile_58_ce0                             |    13|          3|    1|          3|
    |Q_tile_58_we0                             |     9|          2|    1|          2|
    |Q_tile_59_address0                        |    13|          3|    6|         18|
    |Q_tile_59_ce0                             |    13|          3|    1|          3|
    |Q_tile_59_we0                             |     9|          2|    1|          2|
    |Q_tile_5_address0                         |    13|          3|    6|         18|
    |Q_tile_5_ce0                              |    13|          3|    1|          3|
    |Q_tile_5_we0                              |     9|          2|    1|          2|
    |Q_tile_60_address0                        |    13|          3|    6|         18|
    |Q_tile_60_ce0                             |    13|          3|    1|          3|
    |Q_tile_60_we0                             |     9|          2|    1|          2|
    |Q_tile_61_address0                        |    13|          3|    6|         18|
    |Q_tile_61_ce0                             |    13|          3|    1|          3|
    |Q_tile_61_we0                             |     9|          2|    1|          2|
    |Q_tile_62_address0                        |    13|          3|    6|         18|
    |Q_tile_62_ce0                             |    13|          3|    1|          3|
    |Q_tile_62_we0                             |     9|          2|    1|          2|
    |Q_tile_63_address0                        |    13|          3|    6|         18|
    |Q_tile_63_ce0                             |    13|          3|    1|          3|
    |Q_tile_63_we0                             |     9|          2|    1|          2|
    |Q_tile_64_address0                        |    13|          3|    6|         18|
    |Q_tile_64_ce0                             |    13|          3|    1|          3|
    |Q_tile_64_we0                             |     9|          2|    1|          2|
    |Q_tile_65_address0                        |    13|          3|    6|         18|
    |Q_tile_65_ce0                             |    13|          3|    1|          3|
    |Q_tile_65_we0                             |     9|          2|    1|          2|
    |Q_tile_66_address0                        |    13|          3|    6|         18|
    |Q_tile_66_ce0                             |    13|          3|    1|          3|
    |Q_tile_66_we0                             |     9|          2|    1|          2|
    |Q_tile_67_address0                        |    13|          3|    6|         18|
    |Q_tile_67_ce0                             |    13|          3|    1|          3|
    |Q_tile_67_we0                             |     9|          2|    1|          2|
    |Q_tile_68_address0                        |    13|          3|    6|         18|
    |Q_tile_68_ce0                             |    13|          3|    1|          3|
    |Q_tile_68_we0                             |     9|          2|    1|          2|
    |Q_tile_69_address0                        |    13|          3|    6|         18|
    |Q_tile_69_ce0                             |    13|          3|    1|          3|
    |Q_tile_69_we0                             |     9|          2|    1|          2|
    |Q_tile_6_address0                         |    13|          3|    6|         18|
    |Q_tile_6_ce0                              |    13|          3|    1|          3|
    |Q_tile_6_we0                              |     9|          2|    1|          2|
    |Q_tile_70_address0                        |    13|          3|    6|         18|
    |Q_tile_70_ce0                             |    13|          3|    1|          3|
    |Q_tile_70_we0                             |     9|          2|    1|          2|
    |Q_tile_71_address0                        |    13|          3|    6|         18|
    |Q_tile_71_ce0                             |    13|          3|    1|          3|
    |Q_tile_71_we0                             |     9|          2|    1|          2|
    |Q_tile_72_address0                        |    13|          3|    6|         18|
    |Q_tile_72_ce0                             |    13|          3|    1|          3|
    |Q_tile_72_we0                             |     9|          2|    1|          2|
    |Q_tile_73_address0                        |    13|          3|    6|         18|
    |Q_tile_73_ce0                             |    13|          3|    1|          3|
    |Q_tile_73_we0                             |     9|          2|    1|          2|
    |Q_tile_74_address0                        |    13|          3|    6|         18|
    |Q_tile_74_ce0                             |    13|          3|    1|          3|
    |Q_tile_74_we0                             |     9|          2|    1|          2|
    |Q_tile_75_address0                        |    13|          3|    6|         18|
    |Q_tile_75_ce0                             |    13|          3|    1|          3|
    |Q_tile_75_we0                             |     9|          2|    1|          2|
    |Q_tile_76_address0                        |    13|          3|    6|         18|
    |Q_tile_76_ce0                             |    13|          3|    1|          3|
    |Q_tile_76_we0                             |     9|          2|    1|          2|
    |Q_tile_77_address0                        |    13|          3|    6|         18|
    |Q_tile_77_ce0                             |    13|          3|    1|          3|
    |Q_tile_77_we0                             |     9|          2|    1|          2|
    |Q_tile_78_address0                        |    13|          3|    6|         18|
    |Q_tile_78_ce0                             |    13|          3|    1|          3|
    |Q_tile_78_we0                             |     9|          2|    1|          2|
    |Q_tile_79_address0                        |    13|          3|    6|         18|
    |Q_tile_79_ce0                             |    13|          3|    1|          3|
    |Q_tile_79_we0                             |     9|          2|    1|          2|
    |Q_tile_7_address0                         |    13|          3|    6|         18|
    |Q_tile_7_ce0                              |    13|          3|    1|          3|
    |Q_tile_7_we0                              |     9|          2|    1|          2|
    |Q_tile_80_address0                        |    13|          3|    6|         18|
    |Q_tile_80_ce0                             |    13|          3|    1|          3|
    |Q_tile_80_we0                             |     9|          2|    1|          2|
    |Q_tile_81_address0                        |    13|          3|    6|         18|
    |Q_tile_81_ce0                             |    13|          3|    1|          3|
    |Q_tile_81_we0                             |     9|          2|    1|          2|
    |Q_tile_82_address0                        |    13|          3|    6|         18|
    |Q_tile_82_ce0                             |    13|          3|    1|          3|
    |Q_tile_82_we0                             |     9|          2|    1|          2|
    |Q_tile_83_address0                        |    13|          3|    6|         18|
    |Q_tile_83_ce0                             |    13|          3|    1|          3|
    |Q_tile_83_we0                             |     9|          2|    1|          2|
    |Q_tile_84_address0                        |    13|          3|    6|         18|
    |Q_tile_84_ce0                             |    13|          3|    1|          3|
    |Q_tile_84_we0                             |     9|          2|    1|          2|
    |Q_tile_85_address0                        |    13|          3|    6|         18|
    |Q_tile_85_ce0                             |    13|          3|    1|          3|
    |Q_tile_85_we0                             |     9|          2|    1|          2|
    |Q_tile_86_address0                        |    13|          3|    6|         18|
    |Q_tile_86_ce0                             |    13|          3|    1|          3|
    |Q_tile_86_we0                             |     9|          2|    1|          2|
    |Q_tile_87_address0                        |    13|          3|    6|         18|
    |Q_tile_87_ce0                             |    13|          3|    1|          3|
    |Q_tile_87_we0                             |     9|          2|    1|          2|
    |Q_tile_88_address0                        |    13|          3|    6|         18|
    |Q_tile_88_ce0                             |    13|          3|    1|          3|
    |Q_tile_88_we0                             |     9|          2|    1|          2|
    |Q_tile_89_address0                        |    13|          3|    6|         18|
    |Q_tile_89_ce0                             |    13|          3|    1|          3|
    |Q_tile_89_we0                             |     9|          2|    1|          2|
    |Q_tile_8_address0                         |    13|          3|    6|         18|
    |Q_tile_8_ce0                              |    13|          3|    1|          3|
    |Q_tile_8_we0                              |     9|          2|    1|          2|
    |Q_tile_90_address0                        |    13|          3|    6|         18|
    |Q_tile_90_ce0                             |    13|          3|    1|          3|
    |Q_tile_90_we0                             |     9|          2|    1|          2|
    |Q_tile_91_address0                        |    13|          3|    6|         18|
    |Q_tile_91_ce0                             |    13|          3|    1|          3|
    |Q_tile_91_we0                             |     9|          2|    1|          2|
    |Q_tile_92_address0                        |    13|          3|    6|         18|
    |Q_tile_92_ce0                             |    13|          3|    1|          3|
    |Q_tile_92_we0                             |     9|          2|    1|          2|
    |Q_tile_93_address0                        |    13|          3|    6|         18|
    |Q_tile_93_ce0                             |    13|          3|    1|          3|
    |Q_tile_93_we0                             |     9|          2|    1|          2|
    |Q_tile_94_address0                        |    13|          3|    6|         18|
    |Q_tile_94_ce0                             |    13|          3|    1|          3|
    |Q_tile_94_we0                             |     9|          2|    1|          2|
    |Q_tile_95_address0                        |    13|          3|    6|         18|
    |Q_tile_95_ce0                             |    13|          3|    1|          3|
    |Q_tile_95_we0                             |     9|          2|    1|          2|
    |Q_tile_96_address0                        |    13|          3|    6|         18|
    |Q_tile_96_ce0                             |    13|          3|    1|          3|
    |Q_tile_96_we0                             |     9|          2|    1|          2|
    |Q_tile_97_address0                        |    13|          3|    6|         18|
    |Q_tile_97_ce0                             |    13|          3|    1|          3|
    |Q_tile_97_we0                             |     9|          2|    1|          2|
    |Q_tile_98_address0                        |    13|          3|    6|         18|
    |Q_tile_98_ce0                             |    13|          3|    1|          3|
    |Q_tile_98_we0                             |     9|          2|    1|          2|
    |Q_tile_99_address0                        |    13|          3|    6|         18|
    |Q_tile_99_ce0                             |    13|          3|    1|          3|
    |Q_tile_99_we0                             |     9|          2|    1|          2|
    |Q_tile_9_address0                         |    13|          3|    6|         18|
    |Q_tile_9_ce0                              |    13|          3|    1|          3|
    |Q_tile_9_we0                              |     9|          2|    1|          2|
    |Q_tile_address0                           |    13|          3|    6|         18|
    |Q_tile_ce0                                |    13|          3|    1|          3|
    |Q_tile_we0                                |     9|          2|    1|          2|
    |V_tile_100_address0                       |    13|          3|    4|         12|
    |V_tile_100_ce0                            |    13|          3|    1|          3|
    |V_tile_100_we0                            |     9|          2|    1|          2|
    |V_tile_101_address0                       |    13|          3|    4|         12|
    |V_tile_101_ce0                            |    13|          3|    1|          3|
    |V_tile_101_we0                            |     9|          2|    1|          2|
    |V_tile_102_address0                       |    13|          3|    4|         12|
    |V_tile_102_ce0                            |    13|          3|    1|          3|
    |V_tile_102_we0                            |     9|          2|    1|          2|
    |V_tile_103_address0                       |    13|          3|    4|         12|
    |V_tile_103_ce0                            |    13|          3|    1|          3|
    |V_tile_103_we0                            |     9|          2|    1|          2|
    |V_tile_104_address0                       |    13|          3|    4|         12|
    |V_tile_104_ce0                            |    13|          3|    1|          3|
    |V_tile_104_we0                            |     9|          2|    1|          2|
    |V_tile_105_address0                       |    13|          3|    4|         12|
    |V_tile_105_ce0                            |    13|          3|    1|          3|
    |V_tile_105_we0                            |     9|          2|    1|          2|
    |V_tile_106_address0                       |    13|          3|    4|         12|
    |V_tile_106_ce0                            |    13|          3|    1|          3|
    |V_tile_106_we0                            |     9|          2|    1|          2|
    |V_tile_107_address0                       |    13|          3|    4|         12|
    |V_tile_107_ce0                            |    13|          3|    1|          3|
    |V_tile_107_we0                            |     9|          2|    1|          2|
    |V_tile_108_address0                       |    13|          3|    4|         12|
    |V_tile_108_ce0                            |    13|          3|    1|          3|
    |V_tile_108_we0                            |     9|          2|    1|          2|
    |V_tile_109_address0                       |    13|          3|    4|         12|
    |V_tile_109_ce0                            |    13|          3|    1|          3|
    |V_tile_109_we0                            |     9|          2|    1|          2|
    |V_tile_10_address0                        |    13|          3|    4|         12|
    |V_tile_10_ce0                             |    13|          3|    1|          3|
    |V_tile_10_we0                             |     9|          2|    1|          2|
    |V_tile_110_address0                       |    13|          3|    4|         12|
    |V_tile_110_ce0                            |    13|          3|    1|          3|
    |V_tile_110_we0                            |     9|          2|    1|          2|
    |V_tile_111_address0                       |    13|          3|    4|         12|
    |V_tile_111_ce0                            |    13|          3|    1|          3|
    |V_tile_111_we0                            |     9|          2|    1|          2|
    |V_tile_112_address0                       |    13|          3|    4|         12|
    |V_tile_112_ce0                            |    13|          3|    1|          3|
    |V_tile_112_we0                            |     9|          2|    1|          2|
    |V_tile_113_address0                       |    13|          3|    4|         12|
    |V_tile_113_ce0                            |    13|          3|    1|          3|
    |V_tile_113_we0                            |     9|          2|    1|          2|
    |V_tile_114_address0                       |    13|          3|    4|         12|
    |V_tile_114_ce0                            |    13|          3|    1|          3|
    |V_tile_114_we0                            |     9|          2|    1|          2|
    |V_tile_115_address0                       |    13|          3|    4|         12|
    |V_tile_115_ce0                            |    13|          3|    1|          3|
    |V_tile_115_we0                            |     9|          2|    1|          2|
    |V_tile_116_address0                       |    13|          3|    4|         12|
    |V_tile_116_ce0                            |    13|          3|    1|          3|
    |V_tile_116_we0                            |     9|          2|    1|          2|
    |V_tile_117_address0                       |    13|          3|    4|         12|
    |V_tile_117_ce0                            |    13|          3|    1|          3|
    |V_tile_117_we0                            |     9|          2|    1|          2|
    |V_tile_118_address0                       |    13|          3|    4|         12|
    |V_tile_118_ce0                            |    13|          3|    1|          3|
    |V_tile_118_we0                            |     9|          2|    1|          2|
    |V_tile_119_address0                       |    13|          3|    4|         12|
    |V_tile_119_ce0                            |    13|          3|    1|          3|
    |V_tile_119_we0                            |     9|          2|    1|          2|
    |V_tile_11_address0                        |    13|          3|    4|         12|
    |V_tile_11_ce0                             |    13|          3|    1|          3|
    |V_tile_11_we0                             |     9|          2|    1|          2|
    |V_tile_120_address0                       |    13|          3|    4|         12|
    |V_tile_120_ce0                            |    13|          3|    1|          3|
    |V_tile_120_we0                            |     9|          2|    1|          2|
    |V_tile_121_address0                       |    13|          3|    4|         12|
    |V_tile_121_ce0                            |    13|          3|    1|          3|
    |V_tile_121_we0                            |     9|          2|    1|          2|
    |V_tile_122_address0                       |    13|          3|    4|         12|
    |V_tile_122_ce0                            |    13|          3|    1|          3|
    |V_tile_122_we0                            |     9|          2|    1|          2|
    |V_tile_123_address0                       |    13|          3|    4|         12|
    |V_tile_123_ce0                            |    13|          3|    1|          3|
    |V_tile_123_we0                            |     9|          2|    1|          2|
    |V_tile_124_address0                       |    13|          3|    4|         12|
    |V_tile_124_ce0                            |    13|          3|    1|          3|
    |V_tile_124_we0                            |     9|          2|    1|          2|
    |V_tile_125_address0                       |    13|          3|    4|         12|
    |V_tile_125_ce0                            |    13|          3|    1|          3|
    |V_tile_125_we0                            |     9|          2|    1|          2|
    |V_tile_126_address0                       |    13|          3|    4|         12|
    |V_tile_126_ce0                            |    13|          3|    1|          3|
    |V_tile_126_we0                            |     9|          2|    1|          2|
    |V_tile_127_address0                       |    13|          3|    4|         12|
    |V_tile_127_ce0                            |    13|          3|    1|          3|
    |V_tile_127_we0                            |     9|          2|    1|          2|
    |V_tile_128_address0                       |    13|          3|    4|         12|
    |V_tile_128_ce0                            |    13|          3|    1|          3|
    |V_tile_128_we0                            |     9|          2|    1|          2|
    |V_tile_129_address0                       |    13|          3|    4|         12|
    |V_tile_129_ce0                            |    13|          3|    1|          3|
    |V_tile_129_we0                            |     9|          2|    1|          2|
    |V_tile_12_address0                        |    13|          3|    4|         12|
    |V_tile_12_ce0                             |    13|          3|    1|          3|
    |V_tile_12_we0                             |     9|          2|    1|          2|
    |V_tile_130_address0                       |    13|          3|    4|         12|
    |V_tile_130_ce0                            |    13|          3|    1|          3|
    |V_tile_130_we0                            |     9|          2|    1|          2|
    |V_tile_131_address0                       |    13|          3|    4|         12|
    |V_tile_131_ce0                            |    13|          3|    1|          3|
    |V_tile_131_we0                            |     9|          2|    1|          2|
    |V_tile_132_address0                       |    13|          3|    4|         12|
    |V_tile_132_ce0                            |    13|          3|    1|          3|
    |V_tile_132_we0                            |     9|          2|    1|          2|
    |V_tile_133_address0                       |    13|          3|    4|         12|
    |V_tile_133_ce0                            |    13|          3|    1|          3|
    |V_tile_133_we0                            |     9|          2|    1|          2|
    |V_tile_134_address0                       |    13|          3|    4|         12|
    |V_tile_134_ce0                            |    13|          3|    1|          3|
    |V_tile_134_we0                            |     9|          2|    1|          2|
    |V_tile_135_address0                       |    13|          3|    4|         12|
    |V_tile_135_ce0                            |    13|          3|    1|          3|
    |V_tile_135_we0                            |     9|          2|    1|          2|
    |V_tile_136_address0                       |    13|          3|    4|         12|
    |V_tile_136_ce0                            |    13|          3|    1|          3|
    |V_tile_136_we0                            |     9|          2|    1|          2|
    |V_tile_137_address0                       |    13|          3|    4|         12|
    |V_tile_137_ce0                            |    13|          3|    1|          3|
    |V_tile_137_we0                            |     9|          2|    1|          2|
    |V_tile_138_address0                       |    13|          3|    4|         12|
    |V_tile_138_ce0                            |    13|          3|    1|          3|
    |V_tile_138_we0                            |     9|          2|    1|          2|
    |V_tile_139_address0                       |    13|          3|    4|         12|
    |V_tile_139_ce0                            |    13|          3|    1|          3|
    |V_tile_139_we0                            |     9|          2|    1|          2|
    |V_tile_13_address0                        |    13|          3|    4|         12|
    |V_tile_13_ce0                             |    13|          3|    1|          3|
    |V_tile_13_we0                             |     9|          2|    1|          2|
    |V_tile_140_address0                       |    13|          3|    4|         12|
    |V_tile_140_ce0                            |    13|          3|    1|          3|
    |V_tile_140_we0                            |     9|          2|    1|          2|
    |V_tile_141_address0                       |    13|          3|    4|         12|
    |V_tile_141_ce0                            |    13|          3|    1|          3|
    |V_tile_141_we0                            |     9|          2|    1|          2|
    |V_tile_142_address0                       |    13|          3|    4|         12|
    |V_tile_142_ce0                            |    13|          3|    1|          3|
    |V_tile_142_we0                            |     9|          2|    1|          2|
    |V_tile_143_address0                       |    13|          3|    4|         12|
    |V_tile_143_ce0                            |    13|          3|    1|          3|
    |V_tile_143_we0                            |     9|          2|    1|          2|
    |V_tile_144_address0                       |    13|          3|    4|         12|
    |V_tile_144_ce0                            |    13|          3|    1|          3|
    |V_tile_144_we0                            |     9|          2|    1|          2|
    |V_tile_145_address0                       |    13|          3|    4|         12|
    |V_tile_145_ce0                            |    13|          3|    1|          3|
    |V_tile_145_we0                            |     9|          2|    1|          2|
    |V_tile_146_address0                       |    13|          3|    4|         12|
    |V_tile_146_ce0                            |    13|          3|    1|          3|
    |V_tile_146_we0                            |     9|          2|    1|          2|
    |V_tile_147_address0                       |    13|          3|    4|         12|
    |V_tile_147_ce0                            |    13|          3|    1|          3|
    |V_tile_147_we0                            |     9|          2|    1|          2|
    |V_tile_148_address0                       |    13|          3|    4|         12|
    |V_tile_148_ce0                            |    13|          3|    1|          3|
    |V_tile_148_we0                            |     9|          2|    1|          2|
    |V_tile_149_address0                       |    13|          3|    4|         12|
    |V_tile_149_ce0                            |    13|          3|    1|          3|
    |V_tile_149_we0                            |     9|          2|    1|          2|
    |V_tile_14_address0                        |    13|          3|    4|         12|
    |V_tile_14_ce0                             |    13|          3|    1|          3|
    |V_tile_14_we0                             |     9|          2|    1|          2|
    |V_tile_150_address0                       |    13|          3|    4|         12|
    |V_tile_150_ce0                            |    13|          3|    1|          3|
    |V_tile_150_we0                            |     9|          2|    1|          2|
    |V_tile_151_address0                       |    13|          3|    4|         12|
    |V_tile_151_ce0                            |    13|          3|    1|          3|
    |V_tile_151_we0                            |     9|          2|    1|          2|
    |V_tile_152_address0                       |    13|          3|    4|         12|
    |V_tile_152_ce0                            |    13|          3|    1|          3|
    |V_tile_152_we0                            |     9|          2|    1|          2|
    |V_tile_153_address0                       |    13|          3|    4|         12|
    |V_tile_153_ce0                            |    13|          3|    1|          3|
    |V_tile_153_we0                            |     9|          2|    1|          2|
    |V_tile_154_address0                       |    13|          3|    4|         12|
    |V_tile_154_ce0                            |    13|          3|    1|          3|
    |V_tile_154_we0                            |     9|          2|    1|          2|
    |V_tile_155_address0                       |    13|          3|    4|         12|
    |V_tile_155_ce0                            |    13|          3|    1|          3|
    |V_tile_155_we0                            |     9|          2|    1|          2|
    |V_tile_156_address0                       |    13|          3|    4|         12|
    |V_tile_156_ce0                            |    13|          3|    1|          3|
    |V_tile_156_we0                            |     9|          2|    1|          2|
    |V_tile_157_address0                       |    13|          3|    4|         12|
    |V_tile_157_ce0                            |    13|          3|    1|          3|
    |V_tile_157_we0                            |     9|          2|    1|          2|
    |V_tile_158_address0                       |    13|          3|    4|         12|
    |V_tile_158_ce0                            |    13|          3|    1|          3|
    |V_tile_158_we0                            |     9|          2|    1|          2|
    |V_tile_159_address0                       |    13|          3|    4|         12|
    |V_tile_159_ce0                            |    13|          3|    1|          3|
    |V_tile_159_we0                            |     9|          2|    1|          2|
    |V_tile_15_address0                        |    13|          3|    4|         12|
    |V_tile_15_ce0                             |    13|          3|    1|          3|
    |V_tile_15_we0                             |     9|          2|    1|          2|
    |V_tile_160_address0                       |    13|          3|    4|         12|
    |V_tile_160_ce0                            |    13|          3|    1|          3|
    |V_tile_160_we0                            |     9|          2|    1|          2|
    |V_tile_161_address0                       |    13|          3|    4|         12|
    |V_tile_161_ce0                            |    13|          3|    1|          3|
    |V_tile_161_we0                            |     9|          2|    1|          2|
    |V_tile_162_address0                       |    13|          3|    4|         12|
    |V_tile_162_ce0                            |    13|          3|    1|          3|
    |V_tile_162_we0                            |     9|          2|    1|          2|
    |V_tile_163_address0                       |    13|          3|    4|         12|
    |V_tile_163_ce0                            |    13|          3|    1|          3|
    |V_tile_163_we0                            |     9|          2|    1|          2|
    |V_tile_164_address0                       |    13|          3|    4|         12|
    |V_tile_164_ce0                            |    13|          3|    1|          3|
    |V_tile_164_we0                            |     9|          2|    1|          2|
    |V_tile_165_address0                       |    13|          3|    4|         12|
    |V_tile_165_ce0                            |    13|          3|    1|          3|
    |V_tile_165_we0                            |     9|          2|    1|          2|
    |V_tile_166_address0                       |    13|          3|    4|         12|
    |V_tile_166_ce0                            |    13|          3|    1|          3|
    |V_tile_166_we0                            |     9|          2|    1|          2|
    |V_tile_167_address0                       |    13|          3|    4|         12|
    |V_tile_167_ce0                            |    13|          3|    1|          3|
    |V_tile_167_we0                            |     9|          2|    1|          2|
    |V_tile_168_address0                       |    13|          3|    4|         12|
    |V_tile_168_ce0                            |    13|          3|    1|          3|
    |V_tile_168_we0                            |     9|          2|    1|          2|
    |V_tile_169_address0                       |    13|          3|    4|         12|
    |V_tile_169_ce0                            |    13|          3|    1|          3|
    |V_tile_169_we0                            |     9|          2|    1|          2|
    |V_tile_16_address0                        |    13|          3|    4|         12|
    |V_tile_16_ce0                             |    13|          3|    1|          3|
    |V_tile_16_we0                             |     9|          2|    1|          2|
    |V_tile_170_address0                       |    13|          3|    4|         12|
    |V_tile_170_ce0                            |    13|          3|    1|          3|
    |V_tile_170_we0                            |     9|          2|    1|          2|
    |V_tile_171_address0                       |    13|          3|    4|         12|
    |V_tile_171_ce0                            |    13|          3|    1|          3|
    |V_tile_171_we0                            |     9|          2|    1|          2|
    |V_tile_172_address0                       |    13|          3|    4|         12|
    |V_tile_172_ce0                            |    13|          3|    1|          3|
    |V_tile_172_we0                            |     9|          2|    1|          2|
    |V_tile_173_address0                       |    13|          3|    4|         12|
    |V_tile_173_ce0                            |    13|          3|    1|          3|
    |V_tile_173_we0                            |     9|          2|    1|          2|
    |V_tile_174_address0                       |    13|          3|    4|         12|
    |V_tile_174_ce0                            |    13|          3|    1|          3|
    |V_tile_174_we0                            |     9|          2|    1|          2|
    |V_tile_175_address0                       |    13|          3|    4|         12|
    |V_tile_175_ce0                            |    13|          3|    1|          3|
    |V_tile_175_we0                            |     9|          2|    1|          2|
    |V_tile_176_address0                       |    13|          3|    4|         12|
    |V_tile_176_ce0                            |    13|          3|    1|          3|
    |V_tile_176_we0                            |     9|          2|    1|          2|
    |V_tile_177_address0                       |    13|          3|    4|         12|
    |V_tile_177_ce0                            |    13|          3|    1|          3|
    |V_tile_177_we0                            |     9|          2|    1|          2|
    |V_tile_178_address0                       |    13|          3|    4|         12|
    |V_tile_178_ce0                            |    13|          3|    1|          3|
    |V_tile_178_we0                            |     9|          2|    1|          2|
    |V_tile_179_address0                       |    13|          3|    4|         12|
    |V_tile_179_ce0                            |    13|          3|    1|          3|
    |V_tile_179_we0                            |     9|          2|    1|          2|
    |V_tile_17_address0                        |    13|          3|    4|         12|
    |V_tile_17_ce0                             |    13|          3|    1|          3|
    |V_tile_17_we0                             |     9|          2|    1|          2|
    |V_tile_180_address0                       |    13|          3|    4|         12|
    |V_tile_180_ce0                            |    13|          3|    1|          3|
    |V_tile_180_we0                            |     9|          2|    1|          2|
    |V_tile_181_address0                       |    13|          3|    4|         12|
    |V_tile_181_ce0                            |    13|          3|    1|          3|
    |V_tile_181_we0                            |     9|          2|    1|          2|
    |V_tile_182_address0                       |    13|          3|    4|         12|
    |V_tile_182_ce0                            |    13|          3|    1|          3|
    |V_tile_182_we0                            |     9|          2|    1|          2|
    |V_tile_183_address0                       |    13|          3|    4|         12|
    |V_tile_183_ce0                            |    13|          3|    1|          3|
    |V_tile_183_we0                            |     9|          2|    1|          2|
    |V_tile_184_address0                       |    13|          3|    4|         12|
    |V_tile_184_ce0                            |    13|          3|    1|          3|
    |V_tile_184_we0                            |     9|          2|    1|          2|
    |V_tile_185_address0                       |    13|          3|    4|         12|
    |V_tile_185_ce0                            |    13|          3|    1|          3|
    |V_tile_185_we0                            |     9|          2|    1|          2|
    |V_tile_186_address0                       |    13|          3|    4|         12|
    |V_tile_186_ce0                            |    13|          3|    1|          3|
    |V_tile_186_we0                            |     9|          2|    1|          2|
    |V_tile_187_address0                       |    13|          3|    4|         12|
    |V_tile_187_ce0                            |    13|          3|    1|          3|
    |V_tile_187_we0                            |     9|          2|    1|          2|
    |V_tile_188_address0                       |    13|          3|    4|         12|
    |V_tile_188_ce0                            |    13|          3|    1|          3|
    |V_tile_188_we0                            |     9|          2|    1|          2|
    |V_tile_189_address0                       |    13|          3|    4|         12|
    |V_tile_189_ce0                            |    13|          3|    1|          3|
    |V_tile_189_we0                            |     9|          2|    1|          2|
    |V_tile_18_address0                        |    13|          3|    4|         12|
    |V_tile_18_ce0                             |    13|          3|    1|          3|
    |V_tile_18_we0                             |     9|          2|    1|          2|
    |V_tile_190_address0                       |    13|          3|    4|         12|
    |V_tile_190_ce0                            |    13|          3|    1|          3|
    |V_tile_190_we0                            |     9|          2|    1|          2|
    |V_tile_191_address0                       |    13|          3|    4|         12|
    |V_tile_191_ce0                            |    13|          3|    1|          3|
    |V_tile_191_we0                            |     9|          2|    1|          2|
    |V_tile_192_address0                       |    13|          3|    4|         12|
    |V_tile_192_ce0                            |    13|          3|    1|          3|
    |V_tile_192_we0                            |     9|          2|    1|          2|
    |V_tile_193_address0                       |    13|          3|    4|         12|
    |V_tile_193_ce0                            |    13|          3|    1|          3|
    |V_tile_193_we0                            |     9|          2|    1|          2|
    |V_tile_194_address0                       |    13|          3|    4|         12|
    |V_tile_194_ce0                            |    13|          3|    1|          3|
    |V_tile_194_we0                            |     9|          2|    1|          2|
    |V_tile_195_address0                       |    13|          3|    4|         12|
    |V_tile_195_ce0                            |    13|          3|    1|          3|
    |V_tile_195_we0                            |     9|          2|    1|          2|
    |V_tile_196_address0                       |    13|          3|    4|         12|
    |V_tile_196_ce0                            |    13|          3|    1|          3|
    |V_tile_196_we0                            |     9|          2|    1|          2|
    |V_tile_197_address0                       |    13|          3|    4|         12|
    |V_tile_197_ce0                            |    13|          3|    1|          3|
    |V_tile_197_we0                            |     9|          2|    1|          2|
    |V_tile_198_address0                       |    13|          3|    4|         12|
    |V_tile_198_ce0                            |    13|          3|    1|          3|
    |V_tile_198_we0                            |     9|          2|    1|          2|
    |V_tile_199_address0                       |    13|          3|    4|         12|
    |V_tile_199_ce0                            |    13|          3|    1|          3|
    |V_tile_199_we0                            |     9|          2|    1|          2|
    |V_tile_19_address0                        |    13|          3|    4|         12|
    |V_tile_19_ce0                             |    13|          3|    1|          3|
    |V_tile_19_we0                             |     9|          2|    1|          2|
    |V_tile_1_address0                         |    13|          3|    4|         12|
    |V_tile_1_ce0                              |    13|          3|    1|          3|
    |V_tile_1_we0                              |     9|          2|    1|          2|
    |V_tile_200_address0                       |    13|          3|    4|         12|
    |V_tile_200_ce0                            |    13|          3|    1|          3|
    |V_tile_200_we0                            |     9|          2|    1|          2|
    |V_tile_201_address0                       |    13|          3|    4|         12|
    |V_tile_201_ce0                            |    13|          3|    1|          3|
    |V_tile_201_we0                            |     9|          2|    1|          2|
    |V_tile_202_address0                       |    13|          3|    4|         12|
    |V_tile_202_ce0                            |    13|          3|    1|          3|
    |V_tile_202_we0                            |     9|          2|    1|          2|
    |V_tile_203_address0                       |    13|          3|    4|         12|
    |V_tile_203_ce0                            |    13|          3|    1|          3|
    |V_tile_203_we0                            |     9|          2|    1|          2|
    |V_tile_204_address0                       |    13|          3|    4|         12|
    |V_tile_204_ce0                            |    13|          3|    1|          3|
    |V_tile_204_we0                            |     9|          2|    1|          2|
    |V_tile_205_address0                       |    13|          3|    4|         12|
    |V_tile_205_ce0                            |    13|          3|    1|          3|
    |V_tile_205_we0                            |     9|          2|    1|          2|
    |V_tile_206_address0                       |    13|          3|    4|         12|
    |V_tile_206_ce0                            |    13|          3|    1|          3|
    |V_tile_206_we0                            |     9|          2|    1|          2|
    |V_tile_207_address0                       |    13|          3|    4|         12|
    |V_tile_207_ce0                            |    13|          3|    1|          3|
    |V_tile_207_we0                            |     9|          2|    1|          2|
    |V_tile_208_address0                       |    13|          3|    4|         12|
    |V_tile_208_ce0                            |    13|          3|    1|          3|
    |V_tile_208_we0                            |     9|          2|    1|          2|
    |V_tile_209_address0                       |    13|          3|    4|         12|
    |V_tile_209_ce0                            |    13|          3|    1|          3|
    |V_tile_209_we0                            |     9|          2|    1|          2|
    |V_tile_20_address0                        |    13|          3|    4|         12|
    |V_tile_20_ce0                             |    13|          3|    1|          3|
    |V_tile_20_we0                             |     9|          2|    1|          2|
    |V_tile_210_address0                       |    13|          3|    4|         12|
    |V_tile_210_ce0                            |    13|          3|    1|          3|
    |V_tile_210_we0                            |     9|          2|    1|          2|
    |V_tile_211_address0                       |    13|          3|    4|         12|
    |V_tile_211_ce0                            |    13|          3|    1|          3|
    |V_tile_211_we0                            |     9|          2|    1|          2|
    |V_tile_212_address0                       |    13|          3|    4|         12|
    |V_tile_212_ce0                            |    13|          3|    1|          3|
    |V_tile_212_we0                            |     9|          2|    1|          2|
    |V_tile_213_address0                       |    13|          3|    4|         12|
    |V_tile_213_ce0                            |    13|          3|    1|          3|
    |V_tile_213_we0                            |     9|          2|    1|          2|
    |V_tile_214_address0                       |    13|          3|    4|         12|
    |V_tile_214_ce0                            |    13|          3|    1|          3|
    |V_tile_214_we0                            |     9|          2|    1|          2|
    |V_tile_215_address0                       |    13|          3|    4|         12|
    |V_tile_215_ce0                            |    13|          3|    1|          3|
    |V_tile_215_we0                            |     9|          2|    1|          2|
    |V_tile_216_address0                       |    13|          3|    4|         12|
    |V_tile_216_ce0                            |    13|          3|    1|          3|
    |V_tile_216_we0                            |     9|          2|    1|          2|
    |V_tile_217_address0                       |    13|          3|    4|         12|
    |V_tile_217_ce0                            |    13|          3|    1|          3|
    |V_tile_217_we0                            |     9|          2|    1|          2|
    |V_tile_218_address0                       |    13|          3|    4|         12|
    |V_tile_218_ce0                            |    13|          3|    1|          3|
    |V_tile_218_we0                            |     9|          2|    1|          2|
    |V_tile_219_address0                       |    13|          3|    4|         12|
    |V_tile_219_ce0                            |    13|          3|    1|          3|
    |V_tile_219_we0                            |     9|          2|    1|          2|
    |V_tile_21_address0                        |    13|          3|    4|         12|
    |V_tile_21_ce0                             |    13|          3|    1|          3|
    |V_tile_21_we0                             |     9|          2|    1|          2|
    |V_tile_220_address0                       |    13|          3|    4|         12|
    |V_tile_220_ce0                            |    13|          3|    1|          3|
    |V_tile_220_we0                            |     9|          2|    1|          2|
    |V_tile_221_address0                       |    13|          3|    4|         12|
    |V_tile_221_ce0                            |    13|          3|    1|          3|
    |V_tile_221_we0                            |     9|          2|    1|          2|
    |V_tile_222_address0                       |    13|          3|    4|         12|
    |V_tile_222_ce0                            |    13|          3|    1|          3|
    |V_tile_222_we0                            |     9|          2|    1|          2|
    |V_tile_223_address0                       |    13|          3|    4|         12|
    |V_tile_223_ce0                            |    13|          3|    1|          3|
    |V_tile_223_we0                            |     9|          2|    1|          2|
    |V_tile_224_address0                       |    13|          3|    4|         12|
    |V_tile_224_ce0                            |    13|          3|    1|          3|
    |V_tile_224_we0                            |     9|          2|    1|          2|
    |V_tile_225_address0                       |    13|          3|    4|         12|
    |V_tile_225_ce0                            |    13|          3|    1|          3|
    |V_tile_225_we0                            |     9|          2|    1|          2|
    |V_tile_226_address0                       |    13|          3|    4|         12|
    |V_tile_226_ce0                            |    13|          3|    1|          3|
    |V_tile_226_we0                            |     9|          2|    1|          2|
    |V_tile_227_address0                       |    13|          3|    4|         12|
    |V_tile_227_ce0                            |    13|          3|    1|          3|
    |V_tile_227_we0                            |     9|          2|    1|          2|
    |V_tile_228_address0                       |    13|          3|    4|         12|
    |V_tile_228_ce0                            |    13|          3|    1|          3|
    |V_tile_228_we0                            |     9|          2|    1|          2|
    |V_tile_229_address0                       |    13|          3|    4|         12|
    |V_tile_229_ce0                            |    13|          3|    1|          3|
    |V_tile_229_we0                            |     9|          2|    1|          2|
    |V_tile_22_address0                        |    13|          3|    4|         12|
    |V_tile_22_ce0                             |    13|          3|    1|          3|
    |V_tile_22_we0                             |     9|          2|    1|          2|
    |V_tile_230_address0                       |    13|          3|    4|         12|
    |V_tile_230_ce0                            |    13|          3|    1|          3|
    |V_tile_230_we0                            |     9|          2|    1|          2|
    |V_tile_231_address0                       |    13|          3|    4|         12|
    |V_tile_231_ce0                            |    13|          3|    1|          3|
    |V_tile_231_we0                            |     9|          2|    1|          2|
    |V_tile_232_address0                       |    13|          3|    4|         12|
    |V_tile_232_ce0                            |    13|          3|    1|          3|
    |V_tile_232_we0                            |     9|          2|    1|          2|
    |V_tile_233_address0                       |    13|          3|    4|         12|
    |V_tile_233_ce0                            |    13|          3|    1|          3|
    |V_tile_233_we0                            |     9|          2|    1|          2|
    |V_tile_234_address0                       |    13|          3|    4|         12|
    |V_tile_234_ce0                            |    13|          3|    1|          3|
    |V_tile_234_we0                            |     9|          2|    1|          2|
    |V_tile_235_address0                       |    13|          3|    4|         12|
    |V_tile_235_ce0                            |    13|          3|    1|          3|
    |V_tile_235_we0                            |     9|          2|    1|          2|
    |V_tile_236_address0                       |    13|          3|    4|         12|
    |V_tile_236_ce0                            |    13|          3|    1|          3|
    |V_tile_236_we0                            |     9|          2|    1|          2|
    |V_tile_237_address0                       |    13|          3|    4|         12|
    |V_tile_237_ce0                            |    13|          3|    1|          3|
    |V_tile_237_we0                            |     9|          2|    1|          2|
    |V_tile_238_address0                       |    13|          3|    4|         12|
    |V_tile_238_ce0                            |    13|          3|    1|          3|
    |V_tile_238_we0                            |     9|          2|    1|          2|
    |V_tile_239_address0                       |    13|          3|    4|         12|
    |V_tile_239_ce0                            |    13|          3|    1|          3|
    |V_tile_239_we0                            |     9|          2|    1|          2|
    |V_tile_23_address0                        |    13|          3|    4|         12|
    |V_tile_23_ce0                             |    13|          3|    1|          3|
    |V_tile_23_we0                             |     9|          2|    1|          2|
    |V_tile_240_address0                       |    13|          3|    4|         12|
    |V_tile_240_ce0                            |    13|          3|    1|          3|
    |V_tile_240_we0                            |     9|          2|    1|          2|
    |V_tile_241_address0                       |    13|          3|    4|         12|
    |V_tile_241_ce0                            |    13|          3|    1|          3|
    |V_tile_241_we0                            |     9|          2|    1|          2|
    |V_tile_242_address0                       |    13|          3|    4|         12|
    |V_tile_242_ce0                            |    13|          3|    1|          3|
    |V_tile_242_we0                            |     9|          2|    1|          2|
    |V_tile_243_address0                       |    13|          3|    4|         12|
    |V_tile_243_ce0                            |    13|          3|    1|          3|
    |V_tile_243_we0                            |     9|          2|    1|          2|
    |V_tile_244_address0                       |    13|          3|    4|         12|
    |V_tile_244_ce0                            |    13|          3|    1|          3|
    |V_tile_244_we0                            |     9|          2|    1|          2|
    |V_tile_245_address0                       |    13|          3|    4|         12|
    |V_tile_245_ce0                            |    13|          3|    1|          3|
    |V_tile_245_we0                            |     9|          2|    1|          2|
    |V_tile_246_address0                       |    13|          3|    4|         12|
    |V_tile_246_ce0                            |    13|          3|    1|          3|
    |V_tile_246_we0                            |     9|          2|    1|          2|
    |V_tile_247_address0                       |    13|          3|    4|         12|
    |V_tile_247_ce0                            |    13|          3|    1|          3|
    |V_tile_247_we0                            |     9|          2|    1|          2|
    |V_tile_248_address0                       |    13|          3|    4|         12|
    |V_tile_248_ce0                            |    13|          3|    1|          3|
    |V_tile_248_we0                            |     9|          2|    1|          2|
    |V_tile_249_address0                       |    13|          3|    4|         12|
    |V_tile_249_ce0                            |    13|          3|    1|          3|
    |V_tile_249_we0                            |     9|          2|    1|          2|
    |V_tile_24_address0                        |    13|          3|    4|         12|
    |V_tile_24_ce0                             |    13|          3|    1|          3|
    |V_tile_24_we0                             |     9|          2|    1|          2|
    |V_tile_250_address0                       |    13|          3|    4|         12|
    |V_tile_250_ce0                            |    13|          3|    1|          3|
    |V_tile_250_we0                            |     9|          2|    1|          2|
    |V_tile_251_address0                       |    13|          3|    4|         12|
    |V_tile_251_ce0                            |    13|          3|    1|          3|
    |V_tile_251_we0                            |     9|          2|    1|          2|
    |V_tile_252_address0                       |    13|          3|    4|         12|
    |V_tile_252_ce0                            |    13|          3|    1|          3|
    |V_tile_252_we0                            |     9|          2|    1|          2|
    |V_tile_253_address0                       |    13|          3|    4|         12|
    |V_tile_253_ce0                            |    13|          3|    1|          3|
    |V_tile_253_we0                            |     9|          2|    1|          2|
    |V_tile_254_address0                       |    13|          3|    4|         12|
    |V_tile_254_ce0                            |    13|          3|    1|          3|
    |V_tile_254_we0                            |     9|          2|    1|          2|
    |V_tile_255_address0                       |    13|          3|    4|         12|
    |V_tile_255_ce0                            |    13|          3|    1|          3|
    |V_tile_255_we0                            |     9|          2|    1|          2|
    |V_tile_256_address0                       |    13|          3|    4|         12|
    |V_tile_256_ce0                            |    13|          3|    1|          3|
    |V_tile_256_we0                            |     9|          2|    1|          2|
    |V_tile_257_address0                       |    13|          3|    4|         12|
    |V_tile_257_ce0                            |    13|          3|    1|          3|
    |V_tile_257_we0                            |     9|          2|    1|          2|
    |V_tile_258_address0                       |    13|          3|    4|         12|
    |V_tile_258_ce0                            |    13|          3|    1|          3|
    |V_tile_258_we0                            |     9|          2|    1|          2|
    |V_tile_259_address0                       |    13|          3|    4|         12|
    |V_tile_259_ce0                            |    13|          3|    1|          3|
    |V_tile_259_we0                            |     9|          2|    1|          2|
    |V_tile_25_address0                        |    13|          3|    4|         12|
    |V_tile_25_ce0                             |    13|          3|    1|          3|
    |V_tile_25_we0                             |     9|          2|    1|          2|
    |V_tile_260_address0                       |    13|          3|    4|         12|
    |V_tile_260_ce0                            |    13|          3|    1|          3|
    |V_tile_260_we0                            |     9|          2|    1|          2|
    |V_tile_261_address0                       |    13|          3|    4|         12|
    |V_tile_261_ce0                            |    13|          3|    1|          3|
    |V_tile_261_we0                            |     9|          2|    1|          2|
    |V_tile_262_address0                       |    13|          3|    4|         12|
    |V_tile_262_ce0                            |    13|          3|    1|          3|
    |V_tile_262_we0                            |     9|          2|    1|          2|
    |V_tile_263_address0                       |    13|          3|    4|         12|
    |V_tile_263_ce0                            |    13|          3|    1|          3|
    |V_tile_263_we0                            |     9|          2|    1|          2|
    |V_tile_264_address0                       |    13|          3|    4|         12|
    |V_tile_264_ce0                            |    13|          3|    1|          3|
    |V_tile_264_we0                            |     9|          2|    1|          2|
    |V_tile_265_address0                       |    13|          3|    4|         12|
    |V_tile_265_ce0                            |    13|          3|    1|          3|
    |V_tile_265_we0                            |     9|          2|    1|          2|
    |V_tile_266_address0                       |    13|          3|    4|         12|
    |V_tile_266_ce0                            |    13|          3|    1|          3|
    |V_tile_266_we0                            |     9|          2|    1|          2|
    |V_tile_267_address0                       |    13|          3|    4|         12|
    |V_tile_267_ce0                            |    13|          3|    1|          3|
    |V_tile_267_we0                            |     9|          2|    1|          2|
    |V_tile_268_address0                       |    13|          3|    4|         12|
    |V_tile_268_ce0                            |    13|          3|    1|          3|
    |V_tile_268_we0                            |     9|          2|    1|          2|
    |V_tile_269_address0                       |    13|          3|    4|         12|
    |V_tile_269_ce0                            |    13|          3|    1|          3|
    |V_tile_269_we0                            |     9|          2|    1|          2|
    |V_tile_26_address0                        |    13|          3|    4|         12|
    |V_tile_26_ce0                             |    13|          3|    1|          3|
    |V_tile_26_we0                             |     9|          2|    1|          2|
    |V_tile_270_address0                       |    13|          3|    4|         12|
    |V_tile_270_ce0                            |    13|          3|    1|          3|
    |V_tile_270_we0                            |     9|          2|    1|          2|
    |V_tile_271_address0                       |    13|          3|    4|         12|
    |V_tile_271_ce0                            |    13|          3|    1|          3|
    |V_tile_271_we0                            |     9|          2|    1|          2|
    |V_tile_272_address0                       |    13|          3|    4|         12|
    |V_tile_272_ce0                            |    13|          3|    1|          3|
    |V_tile_272_we0                            |     9|          2|    1|          2|
    |V_tile_273_address0                       |    13|          3|    4|         12|
    |V_tile_273_ce0                            |    13|          3|    1|          3|
    |V_tile_273_we0                            |     9|          2|    1|          2|
    |V_tile_274_address0                       |    13|          3|    4|         12|
    |V_tile_274_ce0                            |    13|          3|    1|          3|
    |V_tile_274_we0                            |     9|          2|    1|          2|
    |V_tile_275_address0                       |    13|          3|    4|         12|
    |V_tile_275_ce0                            |    13|          3|    1|          3|
    |V_tile_275_we0                            |     9|          2|    1|          2|
    |V_tile_276_address0                       |    13|          3|    4|         12|
    |V_tile_276_ce0                            |    13|          3|    1|          3|
    |V_tile_276_we0                            |     9|          2|    1|          2|
    |V_tile_277_address0                       |    13|          3|    4|         12|
    |V_tile_277_ce0                            |    13|          3|    1|          3|
    |V_tile_277_we0                            |     9|          2|    1|          2|
    |V_tile_278_address0                       |    13|          3|    4|         12|
    |V_tile_278_ce0                            |    13|          3|    1|          3|
    |V_tile_278_we0                            |     9|          2|    1|          2|
    |V_tile_279_address0                       |    13|          3|    4|         12|
    |V_tile_279_ce0                            |    13|          3|    1|          3|
    |V_tile_279_we0                            |     9|          2|    1|          2|
    |V_tile_27_address0                        |    13|          3|    4|         12|
    |V_tile_27_ce0                             |    13|          3|    1|          3|
    |V_tile_27_we0                             |     9|          2|    1|          2|
    |V_tile_280_address0                       |    13|          3|    4|         12|
    |V_tile_280_ce0                            |    13|          3|    1|          3|
    |V_tile_280_we0                            |     9|          2|    1|          2|
    |V_tile_281_address0                       |    13|          3|    4|         12|
    |V_tile_281_ce0                            |    13|          3|    1|          3|
    |V_tile_281_we0                            |     9|          2|    1|          2|
    |V_tile_282_address0                       |    13|          3|    4|         12|
    |V_tile_282_ce0                            |    13|          3|    1|          3|
    |V_tile_282_we0                            |     9|          2|    1|          2|
    |V_tile_283_address0                       |    13|          3|    4|         12|
    |V_tile_283_ce0                            |    13|          3|    1|          3|
    |V_tile_283_we0                            |     9|          2|    1|          2|
    |V_tile_284_address0                       |    13|          3|    4|         12|
    |V_tile_284_ce0                            |    13|          3|    1|          3|
    |V_tile_284_we0                            |     9|          2|    1|          2|
    |V_tile_285_address0                       |    13|          3|    4|         12|
    |V_tile_285_ce0                            |    13|          3|    1|          3|
    |V_tile_285_we0                            |     9|          2|    1|          2|
    |V_tile_286_address0                       |    13|          3|    4|         12|
    |V_tile_286_ce0                            |    13|          3|    1|          3|
    |V_tile_286_we0                            |     9|          2|    1|          2|
    |V_tile_287_address0                       |    13|          3|    4|         12|
    |V_tile_287_ce0                            |    13|          3|    1|          3|
    |V_tile_287_we0                            |     9|          2|    1|          2|
    |V_tile_288_address0                       |    13|          3|    4|         12|
    |V_tile_288_ce0                            |    13|          3|    1|          3|
    |V_tile_288_we0                            |     9|          2|    1|          2|
    |V_tile_289_address0                       |    13|          3|    4|         12|
    |V_tile_289_ce0                            |    13|          3|    1|          3|
    |V_tile_289_we0                            |     9|          2|    1|          2|
    |V_tile_28_address0                        |    13|          3|    4|         12|
    |V_tile_28_ce0                             |    13|          3|    1|          3|
    |V_tile_28_we0                             |     9|          2|    1|          2|
    |V_tile_290_address0                       |    13|          3|    4|         12|
    |V_tile_290_ce0                            |    13|          3|    1|          3|
    |V_tile_290_we0                            |     9|          2|    1|          2|
    |V_tile_291_address0                       |    13|          3|    4|         12|
    |V_tile_291_ce0                            |    13|          3|    1|          3|
    |V_tile_291_we0                            |     9|          2|    1|          2|
    |V_tile_292_address0                       |    13|          3|    4|         12|
    |V_tile_292_ce0                            |    13|          3|    1|          3|
    |V_tile_292_we0                            |     9|          2|    1|          2|
    |V_tile_293_address0                       |    13|          3|    4|         12|
    |V_tile_293_ce0                            |    13|          3|    1|          3|
    |V_tile_293_we0                            |     9|          2|    1|          2|
    |V_tile_294_address0                       |    13|          3|    4|         12|
    |V_tile_294_ce0                            |    13|          3|    1|          3|
    |V_tile_294_we0                            |     9|          2|    1|          2|
    |V_tile_295_address0                       |    13|          3|    4|         12|
    |V_tile_295_ce0                            |    13|          3|    1|          3|
    |V_tile_295_we0                            |     9|          2|    1|          2|
    |V_tile_296_address0                       |    13|          3|    4|         12|
    |V_tile_296_ce0                            |    13|          3|    1|          3|
    |V_tile_296_we0                            |     9|          2|    1|          2|
    |V_tile_297_address0                       |    13|          3|    4|         12|
    |V_tile_297_ce0                            |    13|          3|    1|          3|
    |V_tile_297_we0                            |     9|          2|    1|          2|
    |V_tile_298_address0                       |    13|          3|    4|         12|
    |V_tile_298_ce0                            |    13|          3|    1|          3|
    |V_tile_298_we0                            |     9|          2|    1|          2|
    |V_tile_299_address0                       |    13|          3|    4|         12|
    |V_tile_299_ce0                            |    13|          3|    1|          3|
    |V_tile_299_we0                            |     9|          2|    1|          2|
    |V_tile_29_address0                        |    13|          3|    4|         12|
    |V_tile_29_ce0                             |    13|          3|    1|          3|
    |V_tile_29_we0                             |     9|          2|    1|          2|
    |V_tile_2_address0                         |    13|          3|    4|         12|
    |V_tile_2_ce0                              |    13|          3|    1|          3|
    |V_tile_2_we0                              |     9|          2|    1|          2|
    |V_tile_300_address0                       |    13|          3|    4|         12|
    |V_tile_300_ce0                            |    13|          3|    1|          3|
    |V_tile_300_we0                            |     9|          2|    1|          2|
    |V_tile_301_address0                       |    13|          3|    4|         12|
    |V_tile_301_ce0                            |    13|          3|    1|          3|
    |V_tile_301_we0                            |     9|          2|    1|          2|
    |V_tile_302_address0                       |    13|          3|    4|         12|
    |V_tile_302_ce0                            |    13|          3|    1|          3|
    |V_tile_302_we0                            |     9|          2|    1|          2|
    |V_tile_303_address0                       |    13|          3|    4|         12|
    |V_tile_303_ce0                            |    13|          3|    1|          3|
    |V_tile_303_we0                            |     9|          2|    1|          2|
    |V_tile_304_address0                       |    13|          3|    4|         12|
    |V_tile_304_ce0                            |    13|          3|    1|          3|
    |V_tile_304_we0                            |     9|          2|    1|          2|
    |V_tile_305_address0                       |    13|          3|    4|         12|
    |V_tile_305_ce0                            |    13|          3|    1|          3|
    |V_tile_305_we0                            |     9|          2|    1|          2|
    |V_tile_306_address0                       |    13|          3|    4|         12|
    |V_tile_306_ce0                            |    13|          3|    1|          3|
    |V_tile_306_we0                            |     9|          2|    1|          2|
    |V_tile_307_address0                       |    13|          3|    4|         12|
    |V_tile_307_ce0                            |    13|          3|    1|          3|
    |V_tile_307_we0                            |     9|          2|    1|          2|
    |V_tile_308_address0                       |    13|          3|    4|         12|
    |V_tile_308_ce0                            |    13|          3|    1|          3|
    |V_tile_308_we0                            |     9|          2|    1|          2|
    |V_tile_309_address0                       |    13|          3|    4|         12|
    |V_tile_309_ce0                            |    13|          3|    1|          3|
    |V_tile_309_we0                            |     9|          2|    1|          2|
    |V_tile_30_address0                        |    13|          3|    4|         12|
    |V_tile_30_ce0                             |    13|          3|    1|          3|
    |V_tile_30_we0                             |     9|          2|    1|          2|
    |V_tile_310_address0                       |    13|          3|    4|         12|
    |V_tile_310_ce0                            |    13|          3|    1|          3|
    |V_tile_310_we0                            |     9|          2|    1|          2|
    |V_tile_311_address0                       |    13|          3|    4|         12|
    |V_tile_311_ce0                            |    13|          3|    1|          3|
    |V_tile_311_we0                            |     9|          2|    1|          2|
    |V_tile_312_address0                       |    13|          3|    4|         12|
    |V_tile_312_ce0                            |    13|          3|    1|          3|
    |V_tile_312_we0                            |     9|          2|    1|          2|
    |V_tile_313_address0                       |    13|          3|    4|         12|
    |V_tile_313_ce0                            |    13|          3|    1|          3|
    |V_tile_313_we0                            |     9|          2|    1|          2|
    |V_tile_314_address0                       |    13|          3|    4|         12|
    |V_tile_314_ce0                            |    13|          3|    1|          3|
    |V_tile_314_we0                            |     9|          2|    1|          2|
    |V_tile_315_address0                       |    13|          3|    4|         12|
    |V_tile_315_ce0                            |    13|          3|    1|          3|
    |V_tile_315_we0                            |     9|          2|    1|          2|
    |V_tile_316_address0                       |    13|          3|    4|         12|
    |V_tile_316_ce0                            |    13|          3|    1|          3|
    |V_tile_316_we0                            |     9|          2|    1|          2|
    |V_tile_317_address0                       |    13|          3|    4|         12|
    |V_tile_317_ce0                            |    13|          3|    1|          3|
    |V_tile_317_we0                            |     9|          2|    1|          2|
    |V_tile_318_address0                       |    13|          3|    4|         12|
    |V_tile_318_ce0                            |    13|          3|    1|          3|
    |V_tile_318_we0                            |     9|          2|    1|          2|
    |V_tile_319_address0                       |    13|          3|    4|         12|
    |V_tile_319_ce0                            |    13|          3|    1|          3|
    |V_tile_319_we0                            |     9|          2|    1|          2|
    |V_tile_31_address0                        |    13|          3|    4|         12|
    |V_tile_31_ce0                             |    13|          3|    1|          3|
    |V_tile_31_we0                             |     9|          2|    1|          2|
    |V_tile_320_address0                       |    13|          3|    4|         12|
    |V_tile_320_ce0                            |    13|          3|    1|          3|
    |V_tile_320_we0                            |     9|          2|    1|          2|
    |V_tile_321_address0                       |    13|          3|    4|         12|
    |V_tile_321_ce0                            |    13|          3|    1|          3|
    |V_tile_321_we0                            |     9|          2|    1|          2|
    |V_tile_322_address0                       |    13|          3|    4|         12|
    |V_tile_322_ce0                            |    13|          3|    1|          3|
    |V_tile_322_we0                            |     9|          2|    1|          2|
    |V_tile_323_address0                       |    13|          3|    4|         12|
    |V_tile_323_ce0                            |    13|          3|    1|          3|
    |V_tile_323_we0                            |     9|          2|    1|          2|
    |V_tile_324_address0                       |    13|          3|    4|         12|
    |V_tile_324_ce0                            |    13|          3|    1|          3|
    |V_tile_324_we0                            |     9|          2|    1|          2|
    |V_tile_325_address0                       |    13|          3|    4|         12|
    |V_tile_325_ce0                            |    13|          3|    1|          3|
    |V_tile_325_we0                            |     9|          2|    1|          2|
    |V_tile_326_address0                       |    13|          3|    4|         12|
    |V_tile_326_ce0                            |    13|          3|    1|          3|
    |V_tile_326_we0                            |     9|          2|    1|          2|
    |V_tile_327_address0                       |    13|          3|    4|         12|
    |V_tile_327_ce0                            |    13|          3|    1|          3|
    |V_tile_327_we0                            |     9|          2|    1|          2|
    |V_tile_328_address0                       |    13|          3|    4|         12|
    |V_tile_328_ce0                            |    13|          3|    1|          3|
    |V_tile_328_we0                            |     9|          2|    1|          2|
    |V_tile_329_address0                       |    13|          3|    4|         12|
    |V_tile_329_ce0                            |    13|          3|    1|          3|
    |V_tile_329_we0                            |     9|          2|    1|          2|
    |V_tile_32_address0                        |    13|          3|    4|         12|
    |V_tile_32_ce0                             |    13|          3|    1|          3|
    |V_tile_32_we0                             |     9|          2|    1|          2|
    |V_tile_330_address0                       |    13|          3|    4|         12|
    |V_tile_330_ce0                            |    13|          3|    1|          3|
    |V_tile_330_we0                            |     9|          2|    1|          2|
    |V_tile_331_address0                       |    13|          3|    4|         12|
    |V_tile_331_ce0                            |    13|          3|    1|          3|
    |V_tile_331_we0                            |     9|          2|    1|          2|
    |V_tile_332_address0                       |    13|          3|    4|         12|
    |V_tile_332_ce0                            |    13|          3|    1|          3|
    |V_tile_332_we0                            |     9|          2|    1|          2|
    |V_tile_333_address0                       |    13|          3|    4|         12|
    |V_tile_333_ce0                            |    13|          3|    1|          3|
    |V_tile_333_we0                            |     9|          2|    1|          2|
    |V_tile_334_address0                       |    13|          3|    4|         12|
    |V_tile_334_ce0                            |    13|          3|    1|          3|
    |V_tile_334_we0                            |     9|          2|    1|          2|
    |V_tile_335_address0                       |    13|          3|    4|         12|
    |V_tile_335_ce0                            |    13|          3|    1|          3|
    |V_tile_335_we0                            |     9|          2|    1|          2|
    |V_tile_336_address0                       |    13|          3|    4|         12|
    |V_tile_336_ce0                            |    13|          3|    1|          3|
    |V_tile_336_we0                            |     9|          2|    1|          2|
    |V_tile_337_address0                       |    13|          3|    4|         12|
    |V_tile_337_ce0                            |    13|          3|    1|          3|
    |V_tile_337_we0                            |     9|          2|    1|          2|
    |V_tile_338_address0                       |    13|          3|    4|         12|
    |V_tile_338_ce0                            |    13|          3|    1|          3|
    |V_tile_338_we0                            |     9|          2|    1|          2|
    |V_tile_339_address0                       |    13|          3|    4|         12|
    |V_tile_339_ce0                            |    13|          3|    1|          3|
    |V_tile_339_we0                            |     9|          2|    1|          2|
    |V_tile_33_address0                        |    13|          3|    4|         12|
    |V_tile_33_ce0                             |    13|          3|    1|          3|
    |V_tile_33_we0                             |     9|          2|    1|          2|
    |V_tile_340_address0                       |    13|          3|    4|         12|
    |V_tile_340_ce0                            |    13|          3|    1|          3|
    |V_tile_340_we0                            |     9|          2|    1|          2|
    |V_tile_341_address0                       |    13|          3|    4|         12|
    |V_tile_341_ce0                            |    13|          3|    1|          3|
    |V_tile_341_we0                            |     9|          2|    1|          2|
    |V_tile_342_address0                       |    13|          3|    4|         12|
    |V_tile_342_ce0                            |    13|          3|    1|          3|
    |V_tile_342_we0                            |     9|          2|    1|          2|
    |V_tile_343_address0                       |    13|          3|    4|         12|
    |V_tile_343_ce0                            |    13|          3|    1|          3|
    |V_tile_343_we0                            |     9|          2|    1|          2|
    |V_tile_344_address0                       |    13|          3|    4|         12|
    |V_tile_344_ce0                            |    13|          3|    1|          3|
    |V_tile_344_we0                            |     9|          2|    1|          2|
    |V_tile_345_address0                       |    13|          3|    4|         12|
    |V_tile_345_ce0                            |    13|          3|    1|          3|
    |V_tile_345_we0                            |     9|          2|    1|          2|
    |V_tile_346_address0                       |    13|          3|    4|         12|
    |V_tile_346_ce0                            |    13|          3|    1|          3|
    |V_tile_346_we0                            |     9|          2|    1|          2|
    |V_tile_347_address0                       |    13|          3|    4|         12|
    |V_tile_347_ce0                            |    13|          3|    1|          3|
    |V_tile_347_we0                            |     9|          2|    1|          2|
    |V_tile_348_address0                       |    13|          3|    4|         12|
    |V_tile_348_ce0                            |    13|          3|    1|          3|
    |V_tile_348_we0                            |     9|          2|    1|          2|
    |V_tile_349_address0                       |    13|          3|    4|         12|
    |V_tile_349_ce0                            |    13|          3|    1|          3|
    |V_tile_349_we0                            |     9|          2|    1|          2|
    |V_tile_34_address0                        |    13|          3|    4|         12|
    |V_tile_34_ce0                             |    13|          3|    1|          3|
    |V_tile_34_we0                             |     9|          2|    1|          2|
    |V_tile_350_address0                       |    13|          3|    4|         12|
    |V_tile_350_ce0                            |    13|          3|    1|          3|
    |V_tile_350_we0                            |     9|          2|    1|          2|
    |V_tile_351_address0                       |    13|          3|    4|         12|
    |V_tile_351_ce0                            |    13|          3|    1|          3|
    |V_tile_351_we0                            |     9|          2|    1|          2|
    |V_tile_352_address0                       |    13|          3|    4|         12|
    |V_tile_352_ce0                            |    13|          3|    1|          3|
    |V_tile_352_we0                            |     9|          2|    1|          2|
    |V_tile_353_address0                       |    13|          3|    4|         12|
    |V_tile_353_ce0                            |    13|          3|    1|          3|
    |V_tile_353_we0                            |     9|          2|    1|          2|
    |V_tile_354_address0                       |    13|          3|    4|         12|
    |V_tile_354_ce0                            |    13|          3|    1|          3|
    |V_tile_354_we0                            |     9|          2|    1|          2|
    |V_tile_355_address0                       |    13|          3|    4|         12|
    |V_tile_355_ce0                            |    13|          3|    1|          3|
    |V_tile_355_we0                            |     9|          2|    1|          2|
    |V_tile_356_address0                       |    13|          3|    4|         12|
    |V_tile_356_ce0                            |    13|          3|    1|          3|
    |V_tile_356_we0                            |     9|          2|    1|          2|
    |V_tile_357_address0                       |    13|          3|    4|         12|
    |V_tile_357_ce0                            |    13|          3|    1|          3|
    |V_tile_357_we0                            |     9|          2|    1|          2|
    |V_tile_358_address0                       |    13|          3|    4|         12|
    |V_tile_358_ce0                            |    13|          3|    1|          3|
    |V_tile_358_we0                            |     9|          2|    1|          2|
    |V_tile_359_address0                       |    13|          3|    4|         12|
    |V_tile_359_ce0                            |    13|          3|    1|          3|
    |V_tile_359_we0                            |     9|          2|    1|          2|
    |V_tile_35_address0                        |    13|          3|    4|         12|
    |V_tile_35_ce0                             |    13|          3|    1|          3|
    |V_tile_35_we0                             |     9|          2|    1|          2|
    |V_tile_360_address0                       |    13|          3|    4|         12|
    |V_tile_360_ce0                            |    13|          3|    1|          3|
    |V_tile_360_we0                            |     9|          2|    1|          2|
    |V_tile_361_address0                       |    13|          3|    4|         12|
    |V_tile_361_ce0                            |    13|          3|    1|          3|
    |V_tile_361_we0                            |     9|          2|    1|          2|
    |V_tile_362_address0                       |    13|          3|    4|         12|
    |V_tile_362_ce0                            |    13|          3|    1|          3|
    |V_tile_362_we0                            |     9|          2|    1|          2|
    |V_tile_363_address0                       |    13|          3|    4|         12|
    |V_tile_363_ce0                            |    13|          3|    1|          3|
    |V_tile_363_we0                            |     9|          2|    1|          2|
    |V_tile_364_address0                       |    13|          3|    4|         12|
    |V_tile_364_ce0                            |    13|          3|    1|          3|
    |V_tile_364_we0                            |     9|          2|    1|          2|
    |V_tile_365_address0                       |    13|          3|    4|         12|
    |V_tile_365_ce0                            |    13|          3|    1|          3|
    |V_tile_365_we0                            |     9|          2|    1|          2|
    |V_tile_366_address0                       |    13|          3|    4|         12|
    |V_tile_366_ce0                            |    13|          3|    1|          3|
    |V_tile_366_we0                            |     9|          2|    1|          2|
    |V_tile_367_address0                       |    13|          3|    4|         12|
    |V_tile_367_ce0                            |    13|          3|    1|          3|
    |V_tile_367_we0                            |     9|          2|    1|          2|
    |V_tile_368_address0                       |    13|          3|    4|         12|
    |V_tile_368_ce0                            |    13|          3|    1|          3|
    |V_tile_368_we0                            |     9|          2|    1|          2|
    |V_tile_369_address0                       |    13|          3|    4|         12|
    |V_tile_369_ce0                            |    13|          3|    1|          3|
    |V_tile_369_we0                            |     9|          2|    1|          2|
    |V_tile_36_address0                        |    13|          3|    4|         12|
    |V_tile_36_ce0                             |    13|          3|    1|          3|
    |V_tile_36_we0                             |     9|          2|    1|          2|
    |V_tile_370_address0                       |    13|          3|    4|         12|
    |V_tile_370_ce0                            |    13|          3|    1|          3|
    |V_tile_370_we0                            |     9|          2|    1|          2|
    |V_tile_371_address0                       |    13|          3|    4|         12|
    |V_tile_371_ce0                            |    13|          3|    1|          3|
    |V_tile_371_we0                            |     9|          2|    1|          2|
    |V_tile_372_address0                       |    13|          3|    4|         12|
    |V_tile_372_ce0                            |    13|          3|    1|          3|
    |V_tile_372_we0                            |     9|          2|    1|          2|
    |V_tile_373_address0                       |    13|          3|    4|         12|
    |V_tile_373_ce0                            |    13|          3|    1|          3|
    |V_tile_373_we0                            |     9|          2|    1|          2|
    |V_tile_374_address0                       |    13|          3|    4|         12|
    |V_tile_374_ce0                            |    13|          3|    1|          3|
    |V_tile_374_we0                            |     9|          2|    1|          2|
    |V_tile_375_address0                       |    13|          3|    4|         12|
    |V_tile_375_ce0                            |    13|          3|    1|          3|
    |V_tile_375_we0                            |     9|          2|    1|          2|
    |V_tile_376_address0                       |    13|          3|    4|         12|
    |V_tile_376_ce0                            |    13|          3|    1|          3|
    |V_tile_376_we0                            |     9|          2|    1|          2|
    |V_tile_377_address0                       |    13|          3|    4|         12|
    |V_tile_377_ce0                            |    13|          3|    1|          3|
    |V_tile_377_we0                            |     9|          2|    1|          2|
    |V_tile_378_address0                       |    13|          3|    4|         12|
    |V_tile_378_ce0                            |    13|          3|    1|          3|
    |V_tile_378_we0                            |     9|          2|    1|          2|
    |V_tile_379_address0                       |    13|          3|    4|         12|
    |V_tile_379_ce0                            |    13|          3|    1|          3|
    |V_tile_379_we0                            |     9|          2|    1|          2|
    |V_tile_37_address0                        |    13|          3|    4|         12|
    |V_tile_37_ce0                             |    13|          3|    1|          3|
    |V_tile_37_we0                             |     9|          2|    1|          2|
    |V_tile_380_address0                       |    13|          3|    4|         12|
    |V_tile_380_ce0                            |    13|          3|    1|          3|
    |V_tile_380_we0                            |     9|          2|    1|          2|
    |V_tile_381_address0                       |    13|          3|    4|         12|
    |V_tile_381_ce0                            |    13|          3|    1|          3|
    |V_tile_381_we0                            |     9|          2|    1|          2|
    |V_tile_382_address0                       |    13|          3|    4|         12|
    |V_tile_382_ce0                            |    13|          3|    1|          3|
    |V_tile_382_we0                            |     9|          2|    1|          2|
    |V_tile_383_address0                       |    13|          3|    4|         12|
    |V_tile_383_ce0                            |    13|          3|    1|          3|
    |V_tile_383_we0                            |     9|          2|    1|          2|
    |V_tile_384_address0                       |    13|          3|    4|         12|
    |V_tile_384_ce0                            |    13|          3|    1|          3|
    |V_tile_384_we0                            |     9|          2|    1|          2|
    |V_tile_385_address0                       |    13|          3|    4|         12|
    |V_tile_385_ce0                            |    13|          3|    1|          3|
    |V_tile_385_we0                            |     9|          2|    1|          2|
    |V_tile_386_address0                       |    13|          3|    4|         12|
    |V_tile_386_ce0                            |    13|          3|    1|          3|
    |V_tile_386_we0                            |     9|          2|    1|          2|
    |V_tile_387_address0                       |    13|          3|    4|         12|
    |V_tile_387_ce0                            |    13|          3|    1|          3|
    |V_tile_387_we0                            |     9|          2|    1|          2|
    |V_tile_388_address0                       |    13|          3|    4|         12|
    |V_tile_388_ce0                            |    13|          3|    1|          3|
    |V_tile_388_we0                            |     9|          2|    1|          2|
    |V_tile_389_address0                       |    13|          3|    4|         12|
    |V_tile_389_ce0                            |    13|          3|    1|          3|
    |V_tile_389_we0                            |     9|          2|    1|          2|
    |V_tile_38_address0                        |    13|          3|    4|         12|
    |V_tile_38_ce0                             |    13|          3|    1|          3|
    |V_tile_38_we0                             |     9|          2|    1|          2|
    |V_tile_390_address0                       |    13|          3|    4|         12|
    |V_tile_390_ce0                            |    13|          3|    1|          3|
    |V_tile_390_we0                            |     9|          2|    1|          2|
    |V_tile_391_address0                       |    13|          3|    4|         12|
    |V_tile_391_ce0                            |    13|          3|    1|          3|
    |V_tile_391_we0                            |     9|          2|    1|          2|
    |V_tile_392_address0                       |    13|          3|    4|         12|
    |V_tile_392_ce0                            |    13|          3|    1|          3|
    |V_tile_392_we0                            |     9|          2|    1|          2|
    |V_tile_393_address0                       |    13|          3|    4|         12|
    |V_tile_393_ce0                            |    13|          3|    1|          3|
    |V_tile_393_we0                            |     9|          2|    1|          2|
    |V_tile_394_address0                       |    13|          3|    4|         12|
    |V_tile_394_ce0                            |    13|          3|    1|          3|
    |V_tile_394_we0                            |     9|          2|    1|          2|
    |V_tile_395_address0                       |    13|          3|    4|         12|
    |V_tile_395_ce0                            |    13|          3|    1|          3|
    |V_tile_395_we0                            |     9|          2|    1|          2|
    |V_tile_396_address0                       |    13|          3|    4|         12|
    |V_tile_396_ce0                            |    13|          3|    1|          3|
    |V_tile_396_we0                            |     9|          2|    1|          2|
    |V_tile_397_address0                       |    13|          3|    4|         12|
    |V_tile_397_ce0                            |    13|          3|    1|          3|
    |V_tile_397_we0                            |     9|          2|    1|          2|
    |V_tile_398_address0                       |    13|          3|    4|         12|
    |V_tile_398_ce0                            |    13|          3|    1|          3|
    |V_tile_398_we0                            |     9|          2|    1|          2|
    |V_tile_399_address0                       |    13|          3|    4|         12|
    |V_tile_399_ce0                            |    13|          3|    1|          3|
    |V_tile_399_we0                            |     9|          2|    1|          2|
    |V_tile_39_address0                        |    13|          3|    4|         12|
    |V_tile_39_ce0                             |    13|          3|    1|          3|
    |V_tile_39_we0                             |     9|          2|    1|          2|
    |V_tile_3_address0                         |    13|          3|    4|         12|
    |V_tile_3_ce0                              |    13|          3|    1|          3|
    |V_tile_3_we0                              |     9|          2|    1|          2|
    |V_tile_400_address0                       |    13|          3|    4|         12|
    |V_tile_400_ce0                            |    13|          3|    1|          3|
    |V_tile_400_we0                            |     9|          2|    1|          2|
    |V_tile_401_address0                       |    13|          3|    4|         12|
    |V_tile_401_ce0                            |    13|          3|    1|          3|
    |V_tile_401_we0                            |     9|          2|    1|          2|
    |V_tile_402_address0                       |    13|          3|    4|         12|
    |V_tile_402_ce0                            |    13|          3|    1|          3|
    |V_tile_402_we0                            |     9|          2|    1|          2|
    |V_tile_403_address0                       |    13|          3|    4|         12|
    |V_tile_403_ce0                            |    13|          3|    1|          3|
    |V_tile_403_we0                            |     9|          2|    1|          2|
    |V_tile_404_address0                       |    13|          3|    4|         12|
    |V_tile_404_ce0                            |    13|          3|    1|          3|
    |V_tile_404_we0                            |     9|          2|    1|          2|
    |V_tile_405_address0                       |    13|          3|    4|         12|
    |V_tile_405_ce0                            |    13|          3|    1|          3|
    |V_tile_405_we0                            |     9|          2|    1|          2|
    |V_tile_406_address0                       |    13|          3|    4|         12|
    |V_tile_406_ce0                            |    13|          3|    1|          3|
    |V_tile_406_we0                            |     9|          2|    1|          2|
    |V_tile_407_address0                       |    13|          3|    4|         12|
    |V_tile_407_ce0                            |    13|          3|    1|          3|
    |V_tile_407_we0                            |     9|          2|    1|          2|
    |V_tile_408_address0                       |    13|          3|    4|         12|
    |V_tile_408_ce0                            |    13|          3|    1|          3|
    |V_tile_408_we0                            |     9|          2|    1|          2|
    |V_tile_409_address0                       |    13|          3|    4|         12|
    |V_tile_409_ce0                            |    13|          3|    1|          3|
    |V_tile_409_we0                            |     9|          2|    1|          2|
    |V_tile_40_address0                        |    13|          3|    4|         12|
    |V_tile_40_ce0                             |    13|          3|    1|          3|
    |V_tile_40_we0                             |     9|          2|    1|          2|
    |V_tile_410_address0                       |    13|          3|    4|         12|
    |V_tile_410_ce0                            |    13|          3|    1|          3|
    |V_tile_410_we0                            |     9|          2|    1|          2|
    |V_tile_411_address0                       |    13|          3|    4|         12|
    |V_tile_411_ce0                            |    13|          3|    1|          3|
    |V_tile_411_we0                            |     9|          2|    1|          2|
    |V_tile_412_address0                       |    13|          3|    4|         12|
    |V_tile_412_ce0                            |    13|          3|    1|          3|
    |V_tile_412_we0                            |     9|          2|    1|          2|
    |V_tile_413_address0                       |    13|          3|    4|         12|
    |V_tile_413_ce0                            |    13|          3|    1|          3|
    |V_tile_413_we0                            |     9|          2|    1|          2|
    |V_tile_414_address0                       |    13|          3|    4|         12|
    |V_tile_414_ce0                            |    13|          3|    1|          3|
    |V_tile_414_we0                            |     9|          2|    1|          2|
    |V_tile_415_address0                       |    13|          3|    4|         12|
    |V_tile_415_ce0                            |    13|          3|    1|          3|
    |V_tile_415_we0                            |     9|          2|    1|          2|
    |V_tile_416_address0                       |    13|          3|    4|         12|
    |V_tile_416_ce0                            |    13|          3|    1|          3|
    |V_tile_416_we0                            |     9|          2|    1|          2|
    |V_tile_417_address0                       |    13|          3|    4|         12|
    |V_tile_417_ce0                            |    13|          3|    1|          3|
    |V_tile_417_we0                            |     9|          2|    1|          2|
    |V_tile_418_address0                       |    13|          3|    4|         12|
    |V_tile_418_ce0                            |    13|          3|    1|          3|
    |V_tile_418_we0                            |     9|          2|    1|          2|
    |V_tile_419_address0                       |    13|          3|    4|         12|
    |V_tile_419_ce0                            |    13|          3|    1|          3|
    |V_tile_419_we0                            |     9|          2|    1|          2|
    |V_tile_41_address0                        |    13|          3|    4|         12|
    |V_tile_41_ce0                             |    13|          3|    1|          3|
    |V_tile_41_we0                             |     9|          2|    1|          2|
    |V_tile_420_address0                       |    13|          3|    4|         12|
    |V_tile_420_ce0                            |    13|          3|    1|          3|
    |V_tile_420_we0                            |     9|          2|    1|          2|
    |V_tile_421_address0                       |    13|          3|    4|         12|
    |V_tile_421_ce0                            |    13|          3|    1|          3|
    |V_tile_421_we0                            |     9|          2|    1|          2|
    |V_tile_422_address0                       |    13|          3|    4|         12|
    |V_tile_422_ce0                            |    13|          3|    1|          3|
    |V_tile_422_we0                            |     9|          2|    1|          2|
    |V_tile_423_address0                       |    13|          3|    4|         12|
    |V_tile_423_ce0                            |    13|          3|    1|          3|
    |V_tile_423_we0                            |     9|          2|    1|          2|
    |V_tile_424_address0                       |    13|          3|    4|         12|
    |V_tile_424_ce0                            |    13|          3|    1|          3|
    |V_tile_424_we0                            |     9|          2|    1|          2|
    |V_tile_425_address0                       |    13|          3|    4|         12|
    |V_tile_425_ce0                            |    13|          3|    1|          3|
    |V_tile_425_we0                            |     9|          2|    1|          2|
    |V_tile_426_address0                       |    13|          3|    4|         12|
    |V_tile_426_ce0                            |    13|          3|    1|          3|
    |V_tile_426_we0                            |     9|          2|    1|          2|
    |V_tile_427_address0                       |    13|          3|    4|         12|
    |V_tile_427_ce0                            |    13|          3|    1|          3|
    |V_tile_427_we0                            |     9|          2|    1|          2|
    |V_tile_428_address0                       |    13|          3|    4|         12|
    |V_tile_428_ce0                            |    13|          3|    1|          3|
    |V_tile_428_we0                            |     9|          2|    1|          2|
    |V_tile_429_address0                       |    13|          3|    4|         12|
    |V_tile_429_ce0                            |    13|          3|    1|          3|
    |V_tile_429_we0                            |     9|          2|    1|          2|
    |V_tile_42_address0                        |    13|          3|    4|         12|
    |V_tile_42_ce0                             |    13|          3|    1|          3|
    |V_tile_42_we0                             |     9|          2|    1|          2|
    |V_tile_430_address0                       |    13|          3|    4|         12|
    |V_tile_430_ce0                            |    13|          3|    1|          3|
    |V_tile_430_we0                            |     9|          2|    1|          2|
    |V_tile_431_address0                       |    13|          3|    4|         12|
    |V_tile_431_ce0                            |    13|          3|    1|          3|
    |V_tile_431_we0                            |     9|          2|    1|          2|
    |V_tile_432_address0                       |    13|          3|    4|         12|
    |V_tile_432_ce0                            |    13|          3|    1|          3|
    |V_tile_432_we0                            |     9|          2|    1|          2|
    |V_tile_433_address0                       |    13|          3|    4|         12|
    |V_tile_433_ce0                            |    13|          3|    1|          3|
    |V_tile_433_we0                            |     9|          2|    1|          2|
    |V_tile_434_address0                       |    13|          3|    4|         12|
    |V_tile_434_ce0                            |    13|          3|    1|          3|
    |V_tile_434_we0                            |     9|          2|    1|          2|
    |V_tile_435_address0                       |    13|          3|    4|         12|
    |V_tile_435_ce0                            |    13|          3|    1|          3|
    |V_tile_435_we0                            |     9|          2|    1|          2|
    |V_tile_436_address0                       |    13|          3|    4|         12|
    |V_tile_436_ce0                            |    13|          3|    1|          3|
    |V_tile_436_we0                            |     9|          2|    1|          2|
    |V_tile_437_address0                       |    13|          3|    4|         12|
    |V_tile_437_ce0                            |    13|          3|    1|          3|
    |V_tile_437_we0                            |     9|          2|    1|          2|
    |V_tile_438_address0                       |    13|          3|    4|         12|
    |V_tile_438_ce0                            |    13|          3|    1|          3|
    |V_tile_438_we0                            |     9|          2|    1|          2|
    |V_tile_439_address0                       |    13|          3|    4|         12|
    |V_tile_439_ce0                            |    13|          3|    1|          3|
    |V_tile_439_we0                            |     9|          2|    1|          2|
    |V_tile_43_address0                        |    13|          3|    4|         12|
    |V_tile_43_ce0                             |    13|          3|    1|          3|
    |V_tile_43_we0                             |     9|          2|    1|          2|
    |V_tile_440_address0                       |    13|          3|    4|         12|
    |V_tile_440_ce0                            |    13|          3|    1|          3|
    |V_tile_440_we0                            |     9|          2|    1|          2|
    |V_tile_441_address0                       |    13|          3|    4|         12|
    |V_tile_441_ce0                            |    13|          3|    1|          3|
    |V_tile_441_we0                            |     9|          2|    1|          2|
    |V_tile_442_address0                       |    13|          3|    4|         12|
    |V_tile_442_ce0                            |    13|          3|    1|          3|
    |V_tile_442_we0                            |     9|          2|    1|          2|
    |V_tile_443_address0                       |    13|          3|    4|         12|
    |V_tile_443_ce0                            |    13|          3|    1|          3|
    |V_tile_443_we0                            |     9|          2|    1|          2|
    |V_tile_444_address0                       |    13|          3|    4|         12|
    |V_tile_444_ce0                            |    13|          3|    1|          3|
    |V_tile_444_we0                            |     9|          2|    1|          2|
    |V_tile_445_address0                       |    13|          3|    4|         12|
    |V_tile_445_ce0                            |    13|          3|    1|          3|
    |V_tile_445_we0                            |     9|          2|    1|          2|
    |V_tile_446_address0                       |    13|          3|    4|         12|
    |V_tile_446_ce0                            |    13|          3|    1|          3|
    |V_tile_446_we0                            |     9|          2|    1|          2|
    |V_tile_447_address0                       |    13|          3|    4|         12|
    |V_tile_447_ce0                            |    13|          3|    1|          3|
    |V_tile_447_we0                            |     9|          2|    1|          2|
    |V_tile_448_address0                       |    13|          3|    4|         12|
    |V_tile_448_ce0                            |    13|          3|    1|          3|
    |V_tile_448_we0                            |     9|          2|    1|          2|
    |V_tile_449_address0                       |    13|          3|    4|         12|
    |V_tile_449_ce0                            |    13|          3|    1|          3|
    |V_tile_449_we0                            |     9|          2|    1|          2|
    |V_tile_44_address0                        |    13|          3|    4|         12|
    |V_tile_44_ce0                             |    13|          3|    1|          3|
    |V_tile_44_we0                             |     9|          2|    1|          2|
    |V_tile_450_address0                       |    13|          3|    4|         12|
    |V_tile_450_ce0                            |    13|          3|    1|          3|
    |V_tile_450_we0                            |     9|          2|    1|          2|
    |V_tile_451_address0                       |    13|          3|    4|         12|
    |V_tile_451_ce0                            |    13|          3|    1|          3|
    |V_tile_451_we0                            |     9|          2|    1|          2|
    |V_tile_452_address0                       |    13|          3|    4|         12|
    |V_tile_452_ce0                            |    13|          3|    1|          3|
    |V_tile_452_we0                            |     9|          2|    1|          2|
    |V_tile_453_address0                       |    13|          3|    4|         12|
    |V_tile_453_ce0                            |    13|          3|    1|          3|
    |V_tile_453_we0                            |     9|          2|    1|          2|
    |V_tile_454_address0                       |    13|          3|    4|         12|
    |V_tile_454_ce0                            |    13|          3|    1|          3|
    |V_tile_454_we0                            |     9|          2|    1|          2|
    |V_tile_455_address0                       |    13|          3|    4|         12|
    |V_tile_455_ce0                            |    13|          3|    1|          3|
    |V_tile_455_we0                            |     9|          2|    1|          2|
    |V_tile_456_address0                       |    13|          3|    4|         12|
    |V_tile_456_ce0                            |    13|          3|    1|          3|
    |V_tile_456_we0                            |     9|          2|    1|          2|
    |V_tile_457_address0                       |    13|          3|    4|         12|
    |V_tile_457_ce0                            |    13|          3|    1|          3|
    |V_tile_457_we0                            |     9|          2|    1|          2|
    |V_tile_458_address0                       |    13|          3|    4|         12|
    |V_tile_458_ce0                            |    13|          3|    1|          3|
    |V_tile_458_we0                            |     9|          2|    1|          2|
    |V_tile_459_address0                       |    13|          3|    4|         12|
    |V_tile_459_ce0                            |    13|          3|    1|          3|
    |V_tile_459_we0                            |     9|          2|    1|          2|
    |V_tile_45_address0                        |    13|          3|    4|         12|
    |V_tile_45_ce0                             |    13|          3|    1|          3|
    |V_tile_45_we0                             |     9|          2|    1|          2|
    |V_tile_460_address0                       |    13|          3|    4|         12|
    |V_tile_460_ce0                            |    13|          3|    1|          3|
    |V_tile_460_we0                            |     9|          2|    1|          2|
    |V_tile_461_address0                       |    13|          3|    4|         12|
    |V_tile_461_ce0                            |    13|          3|    1|          3|
    |V_tile_461_we0                            |     9|          2|    1|          2|
    |V_tile_462_address0                       |    13|          3|    4|         12|
    |V_tile_462_ce0                            |    13|          3|    1|          3|
    |V_tile_462_we0                            |     9|          2|    1|          2|
    |V_tile_463_address0                       |    13|          3|    4|         12|
    |V_tile_463_ce0                            |    13|          3|    1|          3|
    |V_tile_463_we0                            |     9|          2|    1|          2|
    |V_tile_464_address0                       |    13|          3|    4|         12|
    |V_tile_464_ce0                            |    13|          3|    1|          3|
    |V_tile_464_we0                            |     9|          2|    1|          2|
    |V_tile_465_address0                       |    13|          3|    4|         12|
    |V_tile_465_ce0                            |    13|          3|    1|          3|
    |V_tile_465_we0                            |     9|          2|    1|          2|
    |V_tile_466_address0                       |    13|          3|    4|         12|
    |V_tile_466_ce0                            |    13|          3|    1|          3|
    |V_tile_466_we0                            |     9|          2|    1|          2|
    |V_tile_467_address0                       |    13|          3|    4|         12|
    |V_tile_467_ce0                            |    13|          3|    1|          3|
    |V_tile_467_we0                            |     9|          2|    1|          2|
    |V_tile_468_address0                       |    13|          3|    4|         12|
    |V_tile_468_ce0                            |    13|          3|    1|          3|
    |V_tile_468_we0                            |     9|          2|    1|          2|
    |V_tile_469_address0                       |    13|          3|    4|         12|
    |V_tile_469_ce0                            |    13|          3|    1|          3|
    |V_tile_469_we0                            |     9|          2|    1|          2|
    |V_tile_46_address0                        |    13|          3|    4|         12|
    |V_tile_46_ce0                             |    13|          3|    1|          3|
    |V_tile_46_we0                             |     9|          2|    1|          2|
    |V_tile_470_address0                       |    13|          3|    4|         12|
    |V_tile_470_ce0                            |    13|          3|    1|          3|
    |V_tile_470_we0                            |     9|          2|    1|          2|
    |V_tile_471_address0                       |    13|          3|    4|         12|
    |V_tile_471_ce0                            |    13|          3|    1|          3|
    |V_tile_471_we0                            |     9|          2|    1|          2|
    |V_tile_472_address0                       |    13|          3|    4|         12|
    |V_tile_472_ce0                            |    13|          3|    1|          3|
    |V_tile_472_we0                            |     9|          2|    1|          2|
    |V_tile_473_address0                       |    13|          3|    4|         12|
    |V_tile_473_ce0                            |    13|          3|    1|          3|
    |V_tile_473_we0                            |     9|          2|    1|          2|
    |V_tile_474_address0                       |    13|          3|    4|         12|
    |V_tile_474_ce0                            |    13|          3|    1|          3|
    |V_tile_474_we0                            |     9|          2|    1|          2|
    |V_tile_475_address0                       |    13|          3|    4|         12|
    |V_tile_475_ce0                            |    13|          3|    1|          3|
    |V_tile_475_we0                            |     9|          2|    1|          2|
    |V_tile_476_address0                       |    13|          3|    4|         12|
    |V_tile_476_ce0                            |    13|          3|    1|          3|
    |V_tile_476_we0                            |     9|          2|    1|          2|
    |V_tile_477_address0                       |    13|          3|    4|         12|
    |V_tile_477_ce0                            |    13|          3|    1|          3|
    |V_tile_477_we0                            |     9|          2|    1|          2|
    |V_tile_478_address0                       |    13|          3|    4|         12|
    |V_tile_478_ce0                            |    13|          3|    1|          3|
    |V_tile_478_we0                            |     9|          2|    1|          2|
    |V_tile_479_address0                       |    13|          3|    4|         12|
    |V_tile_479_ce0                            |    13|          3|    1|          3|
    |V_tile_479_we0                            |     9|          2|    1|          2|
    |V_tile_47_address0                        |    13|          3|    4|         12|
    |V_tile_47_ce0                             |    13|          3|    1|          3|
    |V_tile_47_we0                             |     9|          2|    1|          2|
    |V_tile_480_address0                       |    13|          3|    4|         12|
    |V_tile_480_ce0                            |    13|          3|    1|          3|
    |V_tile_480_we0                            |     9|          2|    1|          2|
    |V_tile_481_address0                       |    13|          3|    4|         12|
    |V_tile_481_ce0                            |    13|          3|    1|          3|
    |V_tile_481_we0                            |     9|          2|    1|          2|
    |V_tile_482_address0                       |    13|          3|    4|         12|
    |V_tile_482_ce0                            |    13|          3|    1|          3|
    |V_tile_482_we0                            |     9|          2|    1|          2|
    |V_tile_483_address0                       |    13|          3|    4|         12|
    |V_tile_483_ce0                            |    13|          3|    1|          3|
    |V_tile_483_we0                            |     9|          2|    1|          2|
    |V_tile_484_address0                       |    13|          3|    4|         12|
    |V_tile_484_ce0                            |    13|          3|    1|          3|
    |V_tile_484_we0                            |     9|          2|    1|          2|
    |V_tile_485_address0                       |    13|          3|    4|         12|
    |V_tile_485_ce0                            |    13|          3|    1|          3|
    |V_tile_485_we0                            |     9|          2|    1|          2|
    |V_tile_486_address0                       |    13|          3|    4|         12|
    |V_tile_486_ce0                            |    13|          3|    1|          3|
    |V_tile_486_we0                            |     9|          2|    1|          2|
    |V_tile_487_address0                       |    13|          3|    4|         12|
    |V_tile_487_ce0                            |    13|          3|    1|          3|
    |V_tile_487_we0                            |     9|          2|    1|          2|
    |V_tile_488_address0                       |    13|          3|    4|         12|
    |V_tile_488_ce0                            |    13|          3|    1|          3|
    |V_tile_488_we0                            |     9|          2|    1|          2|
    |V_tile_489_address0                       |    13|          3|    4|         12|
    |V_tile_489_ce0                            |    13|          3|    1|          3|
    |V_tile_489_we0                            |     9|          2|    1|          2|
    |V_tile_48_address0                        |    13|          3|    4|         12|
    |V_tile_48_ce0                             |    13|          3|    1|          3|
    |V_tile_48_we0                             |     9|          2|    1|          2|
    |V_tile_490_address0                       |    13|          3|    4|         12|
    |V_tile_490_ce0                            |    13|          3|    1|          3|
    |V_tile_490_we0                            |     9|          2|    1|          2|
    |V_tile_491_address0                       |    13|          3|    4|         12|
    |V_tile_491_ce0                            |    13|          3|    1|          3|
    |V_tile_491_we0                            |     9|          2|    1|          2|
    |V_tile_492_address0                       |    13|          3|    4|         12|
    |V_tile_492_ce0                            |    13|          3|    1|          3|
    |V_tile_492_we0                            |     9|          2|    1|          2|
    |V_tile_493_address0                       |    13|          3|    4|         12|
    |V_tile_493_ce0                            |    13|          3|    1|          3|
    |V_tile_493_we0                            |     9|          2|    1|          2|
    |V_tile_494_address0                       |    13|          3|    4|         12|
    |V_tile_494_ce0                            |    13|          3|    1|          3|
    |V_tile_494_we0                            |     9|          2|    1|          2|
    |V_tile_495_address0                       |    13|          3|    4|         12|
    |V_tile_495_ce0                            |    13|          3|    1|          3|
    |V_tile_495_we0                            |     9|          2|    1|          2|
    |V_tile_496_address0                       |    13|          3|    4|         12|
    |V_tile_496_ce0                            |    13|          3|    1|          3|
    |V_tile_496_we0                            |     9|          2|    1|          2|
    |V_tile_497_address0                       |    13|          3|    4|         12|
    |V_tile_497_ce0                            |    13|          3|    1|          3|
    |V_tile_497_we0                            |     9|          2|    1|          2|
    |V_tile_498_address0                       |    13|          3|    4|         12|
    |V_tile_498_ce0                            |    13|          3|    1|          3|
    |V_tile_498_we0                            |     9|          2|    1|          2|
    |V_tile_499_address0                       |    13|          3|    4|         12|
    |V_tile_499_ce0                            |    13|          3|    1|          3|
    |V_tile_499_we0                            |     9|          2|    1|          2|
    |V_tile_49_address0                        |    13|          3|    4|         12|
    |V_tile_49_ce0                             |    13|          3|    1|          3|
    |V_tile_49_we0                             |     9|          2|    1|          2|
    |V_tile_4_address0                         |    13|          3|    4|         12|
    |V_tile_4_ce0                              |    13|          3|    1|          3|
    |V_tile_4_we0                              |     9|          2|    1|          2|
    |V_tile_500_address0                       |    13|          3|    4|         12|
    |V_tile_500_ce0                            |    13|          3|    1|          3|
    |V_tile_500_we0                            |     9|          2|    1|          2|
    |V_tile_501_address0                       |    13|          3|    4|         12|
    |V_tile_501_ce0                            |    13|          3|    1|          3|
    |V_tile_501_we0                            |     9|          2|    1|          2|
    |V_tile_502_address0                       |    13|          3|    4|         12|
    |V_tile_502_ce0                            |    13|          3|    1|          3|
    |V_tile_502_we0                            |     9|          2|    1|          2|
    |V_tile_503_address0                       |    13|          3|    4|         12|
    |V_tile_503_ce0                            |    13|          3|    1|          3|
    |V_tile_503_we0                            |     9|          2|    1|          2|
    |V_tile_504_address0                       |    13|          3|    4|         12|
    |V_tile_504_ce0                            |    13|          3|    1|          3|
    |V_tile_504_we0                            |     9|          2|    1|          2|
    |V_tile_505_address0                       |    13|          3|    4|         12|
    |V_tile_505_ce0                            |    13|          3|    1|          3|
    |V_tile_505_we0                            |     9|          2|    1|          2|
    |V_tile_506_address0                       |    13|          3|    4|         12|
    |V_tile_506_ce0                            |    13|          3|    1|          3|
    |V_tile_506_we0                            |     9|          2|    1|          2|
    |V_tile_507_address0                       |    13|          3|    4|         12|
    |V_tile_507_ce0                            |    13|          3|    1|          3|
    |V_tile_507_we0                            |     9|          2|    1|          2|
    |V_tile_508_address0                       |    13|          3|    4|         12|
    |V_tile_508_ce0                            |    13|          3|    1|          3|
    |V_tile_508_we0                            |     9|          2|    1|          2|
    |V_tile_509_address0                       |    13|          3|    4|         12|
    |V_tile_509_ce0                            |    13|          3|    1|          3|
    |V_tile_509_we0                            |     9|          2|    1|          2|
    |V_tile_50_address0                        |    13|          3|    4|         12|
    |V_tile_50_ce0                             |    13|          3|    1|          3|
    |V_tile_50_we0                             |     9|          2|    1|          2|
    |V_tile_510_address0                       |    13|          3|    4|         12|
    |V_tile_510_ce0                            |    13|          3|    1|          3|
    |V_tile_510_we0                            |     9|          2|    1|          2|
    |V_tile_511_address0                       |    13|          3|    4|         12|
    |V_tile_511_ce0                            |    13|          3|    1|          3|
    |V_tile_511_we0                            |     9|          2|    1|          2|
    |V_tile_51_address0                        |    13|          3|    4|         12|
    |V_tile_51_ce0                             |    13|          3|    1|          3|
    |V_tile_51_we0                             |     9|          2|    1|          2|
    |V_tile_52_address0                        |    13|          3|    4|         12|
    |V_tile_52_ce0                             |    13|          3|    1|          3|
    |V_tile_52_we0                             |     9|          2|    1|          2|
    |V_tile_53_address0                        |    13|          3|    4|         12|
    |V_tile_53_ce0                             |    13|          3|    1|          3|
    |V_tile_53_we0                             |     9|          2|    1|          2|
    |V_tile_54_address0                        |    13|          3|    4|         12|
    |V_tile_54_ce0                             |    13|          3|    1|          3|
    |V_tile_54_we0                             |     9|          2|    1|          2|
    |V_tile_55_address0                        |    13|          3|    4|         12|
    |V_tile_55_ce0                             |    13|          3|    1|          3|
    |V_tile_55_we0                             |     9|          2|    1|          2|
    |V_tile_56_address0                        |    13|          3|    4|         12|
    |V_tile_56_ce0                             |    13|          3|    1|          3|
    |V_tile_56_we0                             |     9|          2|    1|          2|
    |V_tile_57_address0                        |    13|          3|    4|         12|
    |V_tile_57_ce0                             |    13|          3|    1|          3|
    |V_tile_57_we0                             |     9|          2|    1|          2|
    |V_tile_58_address0                        |    13|          3|    4|         12|
    |V_tile_58_ce0                             |    13|          3|    1|          3|
    |V_tile_58_we0                             |     9|          2|    1|          2|
    |V_tile_59_address0                        |    13|          3|    4|         12|
    |V_tile_59_ce0                             |    13|          3|    1|          3|
    |V_tile_59_we0                             |     9|          2|    1|          2|
    |V_tile_5_address0                         |    13|          3|    4|         12|
    |V_tile_5_ce0                              |    13|          3|    1|          3|
    |V_tile_5_we0                              |     9|          2|    1|          2|
    |V_tile_60_address0                        |    13|          3|    4|         12|
    |V_tile_60_ce0                             |    13|          3|    1|          3|
    |V_tile_60_we0                             |     9|          2|    1|          2|
    |V_tile_61_address0                        |    13|          3|    4|         12|
    |V_tile_61_ce0                             |    13|          3|    1|          3|
    |V_tile_61_we0                             |     9|          2|    1|          2|
    |V_tile_62_address0                        |    13|          3|    4|         12|
    |V_tile_62_ce0                             |    13|          3|    1|          3|
    |V_tile_62_we0                             |     9|          2|    1|          2|
    |V_tile_63_address0                        |    13|          3|    4|         12|
    |V_tile_63_ce0                             |    13|          3|    1|          3|
    |V_tile_63_we0                             |     9|          2|    1|          2|
    |V_tile_64_address0                        |    13|          3|    4|         12|
    |V_tile_64_ce0                             |    13|          3|    1|          3|
    |V_tile_64_we0                             |     9|          2|    1|          2|
    |V_tile_65_address0                        |    13|          3|    4|         12|
    |V_tile_65_ce0                             |    13|          3|    1|          3|
    |V_tile_65_we0                             |     9|          2|    1|          2|
    |V_tile_66_address0                        |    13|          3|    4|         12|
    |V_tile_66_ce0                             |    13|          3|    1|          3|
    |V_tile_66_we0                             |     9|          2|    1|          2|
    |V_tile_67_address0                        |    13|          3|    4|         12|
    |V_tile_67_ce0                             |    13|          3|    1|          3|
    |V_tile_67_we0                             |     9|          2|    1|          2|
    |V_tile_68_address0                        |    13|          3|    4|         12|
    |V_tile_68_ce0                             |    13|          3|    1|          3|
    |V_tile_68_we0                             |     9|          2|    1|          2|
    |V_tile_69_address0                        |    13|          3|    4|         12|
    |V_tile_69_ce0                             |    13|          3|    1|          3|
    |V_tile_69_we0                             |     9|          2|    1|          2|
    |V_tile_6_address0                         |    13|          3|    4|         12|
    |V_tile_6_ce0                              |    13|          3|    1|          3|
    |V_tile_6_we0                              |     9|          2|    1|          2|
    |V_tile_70_address0                        |    13|          3|    4|         12|
    |V_tile_70_ce0                             |    13|          3|    1|          3|
    |V_tile_70_we0                             |     9|          2|    1|          2|
    |V_tile_71_address0                        |    13|          3|    4|         12|
    |V_tile_71_ce0                             |    13|          3|    1|          3|
    |V_tile_71_we0                             |     9|          2|    1|          2|
    |V_tile_72_address0                        |    13|          3|    4|         12|
    |V_tile_72_ce0                             |    13|          3|    1|          3|
    |V_tile_72_we0                             |     9|          2|    1|          2|
    |V_tile_73_address0                        |    13|          3|    4|         12|
    |V_tile_73_ce0                             |    13|          3|    1|          3|
    |V_tile_73_we0                             |     9|          2|    1|          2|
    |V_tile_74_address0                        |    13|          3|    4|         12|
    |V_tile_74_ce0                             |    13|          3|    1|          3|
    |V_tile_74_we0                             |     9|          2|    1|          2|
    |V_tile_75_address0                        |    13|          3|    4|         12|
    |V_tile_75_ce0                             |    13|          3|    1|          3|
    |V_tile_75_we0                             |     9|          2|    1|          2|
    |V_tile_76_address0                        |    13|          3|    4|         12|
    |V_tile_76_ce0                             |    13|          3|    1|          3|
    |V_tile_76_we0                             |     9|          2|    1|          2|
    |V_tile_77_address0                        |    13|          3|    4|         12|
    |V_tile_77_ce0                             |    13|          3|    1|          3|
    |V_tile_77_we0                             |     9|          2|    1|          2|
    |V_tile_78_address0                        |    13|          3|    4|         12|
    |V_tile_78_ce0                             |    13|          3|    1|          3|
    |V_tile_78_we0                             |     9|          2|    1|          2|
    |V_tile_79_address0                        |    13|          3|    4|         12|
    |V_tile_79_ce0                             |    13|          3|    1|          3|
    |V_tile_79_we0                             |     9|          2|    1|          2|
    |V_tile_7_address0                         |    13|          3|    4|         12|
    |V_tile_7_ce0                              |    13|          3|    1|          3|
    |V_tile_7_we0                              |     9|          2|    1|          2|
    |V_tile_80_address0                        |    13|          3|    4|         12|
    |V_tile_80_ce0                             |    13|          3|    1|          3|
    |V_tile_80_we0                             |     9|          2|    1|          2|
    |V_tile_81_address0                        |    13|          3|    4|         12|
    |V_tile_81_ce0                             |    13|          3|    1|          3|
    |V_tile_81_we0                             |     9|          2|    1|          2|
    |V_tile_82_address0                        |    13|          3|    4|         12|
    |V_tile_82_ce0                             |    13|          3|    1|          3|
    |V_tile_82_we0                             |     9|          2|    1|          2|
    |V_tile_83_address0                        |    13|          3|    4|         12|
    |V_tile_83_ce0                             |    13|          3|    1|          3|
    |V_tile_83_we0                             |     9|          2|    1|          2|
    |V_tile_84_address0                        |    13|          3|    4|         12|
    |V_tile_84_ce0                             |    13|          3|    1|          3|
    |V_tile_84_we0                             |     9|          2|    1|          2|
    |V_tile_85_address0                        |    13|          3|    4|         12|
    |V_tile_85_ce0                             |    13|          3|    1|          3|
    |V_tile_85_we0                             |     9|          2|    1|          2|
    |V_tile_86_address0                        |    13|          3|    4|         12|
    |V_tile_86_ce0                             |    13|          3|    1|          3|
    |V_tile_86_we0                             |     9|          2|    1|          2|
    |V_tile_87_address0                        |    13|          3|    4|         12|
    |V_tile_87_ce0                             |    13|          3|    1|          3|
    |V_tile_87_we0                             |     9|          2|    1|          2|
    |V_tile_88_address0                        |    13|          3|    4|         12|
    |V_tile_88_ce0                             |    13|          3|    1|          3|
    |V_tile_88_we0                             |     9|          2|    1|          2|
    |V_tile_89_address0                        |    13|          3|    4|         12|
    |V_tile_89_ce0                             |    13|          3|    1|          3|
    |V_tile_89_we0                             |     9|          2|    1|          2|
    |V_tile_8_address0                         |    13|          3|    4|         12|
    |V_tile_8_ce0                              |    13|          3|    1|          3|
    |V_tile_8_we0                              |     9|          2|    1|          2|
    |V_tile_90_address0                        |    13|          3|    4|         12|
    |V_tile_90_ce0                             |    13|          3|    1|          3|
    |V_tile_90_we0                             |     9|          2|    1|          2|
    |V_tile_91_address0                        |    13|          3|    4|         12|
    |V_tile_91_ce0                             |    13|          3|    1|          3|
    |V_tile_91_we0                             |     9|          2|    1|          2|
    |V_tile_92_address0                        |    13|          3|    4|         12|
    |V_tile_92_ce0                             |    13|          3|    1|          3|
    |V_tile_92_we0                             |     9|          2|    1|          2|
    |V_tile_93_address0                        |    13|          3|    4|         12|
    |V_tile_93_ce0                             |    13|          3|    1|          3|
    |V_tile_93_we0                             |     9|          2|    1|          2|
    |V_tile_94_address0                        |    13|          3|    4|         12|
    |V_tile_94_ce0                             |    13|          3|    1|          3|
    |V_tile_94_we0                             |     9|          2|    1|          2|
    |V_tile_95_address0                        |    13|          3|    4|         12|
    |V_tile_95_ce0                             |    13|          3|    1|          3|
    |V_tile_95_we0                             |     9|          2|    1|          2|
    |V_tile_96_address0                        |    13|          3|    4|         12|
    |V_tile_96_ce0                             |    13|          3|    1|          3|
    |V_tile_96_we0                             |     9|          2|    1|          2|
    |V_tile_97_address0                        |    13|          3|    4|         12|
    |V_tile_97_ce0                             |    13|          3|    1|          3|
    |V_tile_97_we0                             |     9|          2|    1|          2|
    |V_tile_98_address0                        |    13|          3|    4|         12|
    |V_tile_98_ce0                             |    13|          3|    1|          3|
    |V_tile_98_we0                             |     9|          2|    1|          2|
    |V_tile_99_address0                        |    13|          3|    4|         12|
    |V_tile_99_ce0                             |    13|          3|    1|          3|
    |V_tile_99_we0                             |     9|          2|    1|          2|
    |V_tile_9_address0                         |    13|          3|    4|         12|
    |V_tile_9_ce0                              |    13|          3|    1|          3|
    |V_tile_9_we0                              |     9|          2|    1|          2|
    |V_tile_address0                           |    13|          3|    4|         12|
    |V_tile_ce0                                |    13|          3|    1|          3|
    |V_tile_we0                                |     9|          2|    1|          2|
    |ap_NS_fsm                                 |  2609|        496|    1|        496|
    |ap_phi_mux_m_state_129_phi_fu_47334_p128  |    13|          3|   32|         96|
    |ap_phi_mux_m_state_130_phi_fu_47136_p128  |    13|          3|   32|         96|
    |ap_phi_mux_m_state_131_phi_fu_46938_p128  |    13|          3|   32|         96|
    |ap_phi_mux_m_state_132_phi_fu_46740_p128  |    13|          3|   32|         96|
    |ap_phi_mux_m_state_133_phi_fu_46542_p128  |    13|          3|   32|         96|
    |ap_phi_mux_m_state_134_phi_fu_46344_p128  |    13|          3|   32|         96|
    |ap_phi_mux_m_state_135_phi_fu_46146_p128  |    13|          3|   32|         96|
    |ap_phi_mux_m_state_136_phi_fu_45948_p128  |    13|          3|   32|         96|
    |ap_phi_mux_m_state_137_phi_fu_45750_p128  |    13|          3|   32|         96|
    |ap_phi_mux_m_state_138_phi_fu_45552_p128  |    13|          3|   32|         96|
    |ap_phi_mux_m_state_139_phi_fu_45354_p128  |    13|          3|   32|         96|
    |ap_phi_mux_m_state_140_phi_fu_45156_p128  |    13|          3|   32|         96|
    |ap_phi_mux_m_state_141_phi_fu_44958_p128  |    13|          3|   32|         96|
    |ap_phi_mux_m_state_142_phi_fu_44760_p128  |    13|          3|   32|         96|
    |ap_phi_mux_m_state_143_phi_fu_44562_p128  |    13|          3|   32|         96|
    |ap_phi_mux_m_state_144_phi_fu_44364_p128  |    13|          3|   32|         96|
    |ap_phi_mux_m_state_145_phi_fu_44166_p128  |    13|          3|   32|         96|
    |ap_phi_mux_m_state_146_phi_fu_43968_p128  |    13|          3|   32|         96|
    |ap_phi_mux_m_state_147_phi_fu_43770_p128  |    13|          3|   32|         96|
    |ap_phi_mux_m_state_148_phi_fu_43572_p128  |    13|          3|   32|         96|
    |ap_phi_mux_m_state_149_phi_fu_43374_p128  |    13|          3|   32|         96|
    |ap_phi_mux_m_state_150_phi_fu_43176_p128  |    13|          3|   32|         96|
    |ap_phi_mux_m_state_151_phi_fu_42978_p128  |    13|          3|   32|         96|
    |ap_phi_mux_m_state_152_phi_fu_42780_p128  |    13|          3|   32|         96|
    |ap_phi_mux_m_state_153_phi_fu_42582_p128  |    13|          3|   32|         96|
    |ap_phi_mux_m_state_154_phi_fu_42384_p128  |    13|          3|   32|         96|
    |ap_phi_mux_m_state_155_phi_fu_42186_p128  |    13|          3|   32|         96|
    |ap_phi_mux_m_state_156_phi_fu_41988_p128  |    13|          3|   32|         96|
    |ap_phi_mux_m_state_157_phi_fu_41790_p128  |    13|          3|   32|         96|
    |ap_phi_mux_m_state_158_phi_fu_41592_p128  |    13|          3|   32|         96|
    |ap_phi_mux_m_state_159_phi_fu_41394_p128  |    13|          3|   32|         96|
    |ap_phi_mux_m_state_160_phi_fu_41196_p128  |    13|          3|   32|         96|
    |ap_phi_mux_m_state_161_phi_fu_40998_p128  |    13|          3|   32|         96|
    |ap_phi_mux_m_state_162_phi_fu_40800_p128  |    13|          3|   32|         96|
    |ap_phi_mux_m_state_163_phi_fu_40602_p128  |    13|          3|   32|         96|
    |ap_phi_mux_m_state_164_phi_fu_40404_p128  |    13|          3|   32|         96|
    |ap_phi_mux_m_state_165_phi_fu_40206_p128  |    13|          3|   32|         96|
    |ap_phi_mux_m_state_166_phi_fu_40008_p128  |    13|          3|   32|         96|
    |ap_phi_mux_m_state_167_phi_fu_39810_p128  |    13|          3|   32|         96|
    |ap_phi_mux_m_state_168_phi_fu_39612_p128  |    13|          3|   32|         96|
    |ap_phi_mux_m_state_169_phi_fu_39414_p128  |    13|          3|   32|         96|
    |ap_phi_mux_m_state_170_phi_fu_39216_p128  |    13|          3|   32|         96|
    |ap_phi_mux_m_state_171_phi_fu_39018_p128  |    13|          3|   32|         96|
    |ap_phi_mux_m_state_172_phi_fu_38820_p128  |    13|          3|   32|         96|
    |ap_phi_mux_m_state_173_phi_fu_38622_p128  |    13|          3|   32|         96|
    |ap_phi_mux_m_state_174_phi_fu_38424_p128  |    13|          3|   32|         96|
    |ap_phi_mux_m_state_175_phi_fu_38226_p128  |    13|          3|   32|         96|
    |ap_phi_mux_m_state_176_phi_fu_38028_p128  |    13|          3|   32|         96|
    |ap_phi_mux_m_state_177_phi_fu_37830_p128  |    13|          3|   32|         96|
    |ap_phi_mux_m_state_178_phi_fu_37632_p128  |    13|          3|   32|         96|
    |ap_phi_mux_m_state_179_phi_fu_37434_p128  |    13|          3|   32|         96|
    |ap_phi_mux_m_state_180_phi_fu_37236_p128  |    13|          3|   32|         96|
    |ap_phi_mux_m_state_181_phi_fu_37038_p128  |    13|          3|   32|         96|
    |ap_phi_mux_m_state_182_phi_fu_36840_p128  |    13|          3|   32|         96|
    |ap_phi_mux_m_state_183_phi_fu_36642_p128  |    13|          3|   32|         96|
    |ap_phi_mux_m_state_184_phi_fu_36444_p128  |    13|          3|   32|         96|
    |ap_phi_mux_m_state_185_phi_fu_36246_p128  |    13|          3|   32|         96|
    |ap_phi_mux_m_state_186_phi_fu_36048_p128  |    13|          3|   32|         96|
    |ap_phi_mux_m_state_187_phi_fu_35850_p128  |    13|          3|   32|         96|
    |ap_phi_mux_m_state_188_phi_fu_35652_p128  |    13|          3|   32|         96|
    |ap_phi_mux_m_state_189_phi_fu_35454_p128  |    13|          3|   32|         96|
    |ap_phi_mux_m_state_190_phi_fu_35256_p128  |    13|          3|   32|         96|
    |ap_phi_mux_m_state_191_phi_fu_35058_p128  |    13|          3|   32|         96|
    |ap_phi_mux_m_state_192_phi_fu_34860_p128  |    13|          3|   32|         96|
    |gmem0_ARADDR                              |    13|          3|   64|        192|
    |gmem0_ARLEN                               |    13|          3|   32|         96|
    |gmem0_ARVALID                             |    13|          3|    1|          3|
    |gmem0_RREADY                              |     9|          2|    1|          2|
    |gmem0_blk_n_AR                            |     9|          2|    1|          2|
    |gmem1_ARADDR                              |    13|          3|   64|        192|
    |gmem1_ARLEN                               |    13|          3|   32|         96|
    |gmem1_ARVALID                             |    13|          3|    1|          3|
    |gmem1_RREADY                              |     9|          2|    1|          2|
    |gmem1_blk_n_AR                            |     9|          2|    1|          2|
    |gmem2_ARADDR                              |    13|          3|   64|        192|
    |gmem2_ARLEN                               |    13|          3|   32|         96|
    |gmem2_ARVALID                             |    13|          3|    1|          3|
    |gmem2_RREADY                              |     9|          2|    1|          2|
    |gmem2_blk_n_AR                            |     9|          2|    1|          2|
    |gmem3_AWADDR                              |    13|          3|   64|        192|
    |gmem3_AWLEN                               |    13|          3|   32|         96|
    |gmem3_AWVALID                             |    13|          3|    1|          3|
    |gmem3_BREADY                              |    13|          3|    1|          3|
    |gmem3_WVALID                              |     9|          2|    1|          2|
    |gmem3_blk_n_AW                            |     9|          2|    1|          2|
    |gmem3_blk_n_B                             |     9|          2|    1|          2|
    |grp_fu_47528_ce                           |    13|          3|    1|          3|
    |grp_fu_47528_opcode                       |    17|          4|    2|          8|
    |grp_fu_47528_p0                           |    17|          4|   32|        128|
    |grp_fu_47528_p1                           |    21|          5|   32|        160|
    |grp_fu_47529_ce                           |    13|          3|    1|          3|
    |grp_fu_47529_opcode                       |    17|          4|    2|          8|
    |grp_fu_47529_p0                           |    17|          4|   32|        128|
    |grp_fu_47529_p1                           |    21|          5|   32|        160|
    |grp_fu_47530_ce                           |    13|          3|    1|          3|
    |grp_fu_47530_opcode                       |    17|          4|    2|          8|
    |grp_fu_47530_p0                           |    21|          5|   32|        160|
    |grp_fu_47530_p1                           |    21|          5|   32|        160|
    |grp_fu_47531_ce                           |    13|          3|    1|          3|
    |grp_fu_47531_p0                           |    17|          4|   32|        128|
    |grp_fu_47531_p1                           |    21|          5|   32|        160|
    |grp_fu_47532_ce                           |     9|          2|    1|          2|
    |grp_fu_47532_p0                           |    17|          4|   32|        128|
    |grp_fu_47532_p1                           |    21|          5|   32|        160|
    |grp_fu_47533_ce                           |     9|          2|    1|          2|
    |grp_fu_47533_p0                           |    13|          3|   32|         96|
    |grp_fu_47533_p1                           |    17|          4|   32|        128|
    |grp_fu_47534_ce                           |     9|          2|    1|          2|
    |grp_fu_47534_p0                           |    13|          3|   32|         96|
    |grp_fu_47534_p1                           |    17|          4|   32|        128|
    |grp_fu_47535_ce                           |     9|          2|    1|          2|
    |grp_fu_47535_p0                           |    13|          3|   32|         96|
    |grp_fu_47535_p1                           |    17|          4|   32|        128|
    |grp_fu_47536_ce                           |     9|          2|    1|          2|
    |grp_fu_47536_p0                           |    13|          3|   32|         96|
    |grp_fu_47536_p1                           |    17|          4|   32|        128|
    |grp_fu_47537_ce                           |     9|          2|    1|          2|
    |grp_fu_47537_p0                           |    13|          3|   32|         96|
    |grp_fu_47537_p1                           |    17|          4|   32|        128|
    |grp_fu_47538_ce                           |     9|          2|    1|          2|
    |grp_fu_47538_p0                           |    13|          3|   32|         96|
    |grp_fu_47538_p1                           |    17|          4|   32|        128|
    |grp_fu_47539_ce                           |     9|          2|    1|          2|
    |grp_fu_47539_p0                           |    13|          3|   32|         96|
    |grp_fu_47539_p1                           |    17|          4|   32|        128|
    |grp_fu_47540_ce                           |     9|          2|    1|          2|
    |grp_fu_47540_p0                           |    13|          3|   32|         96|
    |grp_fu_47540_p1                           |    17|          4|   32|        128|
    |grp_fu_47541_ce                           |     9|          2|    1|          2|
    |grp_fu_47541_p0                           |    17|          4|   32|        128|
    |grp_fu_47541_p1                           |    21|          5|   32|        160|
    |grp_fu_47542_ce                           |     9|          2|    1|          2|
    |grp_fu_47542_p0                           |    13|          3|   32|         96|
    |grp_fu_47542_p1                           |    17|          4|   32|        128|
    |grp_fu_47543_ce                           |     9|          2|    1|          2|
    |grp_fu_47543_p0                           |    13|          3|   32|         96|
    |grp_fu_47543_p1                           |    17|          4|   32|        128|
    |grp_fu_47544_ce                           |     9|          2|    1|          2|
    |grp_fu_47544_p0                           |    13|          3|   32|         96|
    |grp_fu_47544_p1                           |    17|          4|   32|        128|
    |grp_fu_47545_ce                           |     9|          2|    1|          2|
    |grp_fu_47545_p0                           |    13|          3|   32|         96|
    |grp_fu_47545_p1                           |    17|          4|   32|        128|
    |grp_fu_47546_ce                           |     9|          2|    1|          2|
    |grp_fu_47546_p0                           |    13|          3|   32|         96|
    |grp_fu_47546_p1                           |    17|          4|   32|        128|
    |grp_fu_47547_ce                           |     9|          2|    1|          2|
    |grp_fu_47547_p0                           |    13|          3|   32|         96|
    |grp_fu_47547_p1                           |    17|          4|   32|        128|
    |grp_fu_47548_ce                           |     9|          2|    1|          2|
    |grp_fu_47548_p0                           |    17|          4|   32|        128|
    |grp_fu_47548_p1                           |    17|          4|   32|        128|
    |grp_fu_47549_ce                           |     9|          2|    1|          2|
    |grp_fu_47549_p0                           |    13|          3|   32|         96|
    |grp_fu_47549_p1                           |    17|          4|   32|        128|
    |grp_fu_47550_ce                           |     9|          2|    1|          2|
    |grp_fu_47550_p0                           |    13|          3|   32|         96|
    |grp_fu_47550_p1                           |    17|          4|   32|        128|
    |grp_fu_47551_ce                           |     9|          2|    1|          2|
    |grp_fu_47551_p0                           |    13|          3|   32|         96|
    |grp_fu_47551_p1                           |    17|          4|   32|        128|
    |grp_fu_47552_ce                           |     9|          2|    1|          2|
    |grp_fu_47552_p0                           |    17|          4|   32|        128|
    |grp_fu_47552_p1                           |    17|          4|   32|        128|
    |grp_fu_47553_ce                           |     9|          2|    1|          2|
    |grp_fu_47553_p0                           |    13|          3|   32|         96|
    |grp_fu_47553_p1                           |    17|          4|   32|        128|
    |grp_fu_47554_ce                           |     9|          2|    1|          2|
    |grp_fu_47554_p0                           |    13|          3|   32|         96|
    |grp_fu_47554_p1                           |    17|          4|   32|        128|
    |grp_fu_47555_ce                           |     9|          2|    1|          2|
    |grp_fu_47555_p0                           |    13|          3|   32|         96|
    |grp_fu_47555_p1                           |    17|          4|   32|        128|
    |grp_fu_47556_ce                           |     9|          2|    1|          2|
    |grp_fu_47556_p0                           |    13|          3|   32|         96|
    |grp_fu_47556_p1                           |    17|          4|   32|        128|
    |grp_fu_47557_ce                           |     9|          2|    1|          2|
    |grp_fu_47557_p0                           |    17|          4|   32|        128|
    |grp_fu_47557_p1                           |    17|          4|   32|        128|
    |grp_fu_47558_ce                           |     9|          2|    1|          2|
    |grp_fu_47558_p0                           |    13|          3|   32|         96|
    |grp_fu_47558_p1                           |    17|          4|   32|        128|
    |grp_fu_47559_ce                           |     9|          2|    1|          2|
    |grp_fu_47559_p0                           |    17|          4|   32|        128|
    |grp_fu_47559_p1                           |    17|          4|   32|        128|
    |grp_fu_49499_ce                           |    13|          3|    1|          3|
    |grp_fu_49499_opcode                       |    13|          3|    2|          6|
    |grp_fu_49499_p0                           |    21|          5|   32|        160|
    |grp_fu_49499_p1                           |    21|          5|   32|        160|
    |grp_fu_49878_ce                           |    21|          5|    1|          5|
    |grp_fu_49878_p0                           |    25|          6|   32|        192|
    |grp_fu_49878_p1                           |    25|          6|   32|        192|
    |grp_fu_49889_ce                           |    13|          3|    1|          3|
    |grp_fu_49889_p0                           |    17|          4|   32|        128|
    |grp_fu_49889_p1                           |    17|          4|   32|        128|
    |grp_fu_49892_ce                           |     9|          2|    1|          2|
    |grp_fu_49892_p0                           |    13|          3|   32|         96|
    |grp_fu_49892_p1                           |    13|          3|   32|         96|
    |grp_fu_52808_ce                           |    13|          3|    1|          3|
    |grp_fu_52808_p0                           |    17|          4|   32|        128|
    |grp_fu_52808_p1                           |    17|          4|   32|        128|
    |grp_fu_52813_ce                           |     9|          2|    1|          2|
    |grp_fu_52813_p0                           |    13|          3|   32|         96|
    |grp_fu_52816_ce                           |    17|          4|    1|          4|
    |grp_fu_52816_opcode                       |    25|          6|    5|         30|
    |grp_fu_52816_p0                           |    25|          6|   32|        192|
    |grp_fu_52816_p1                           |    29|          7|   32|        224|
    |h_q_fu_622                                |     9|          2|    6|         12|
    |i_2_reg_22173                             |     9|          2|    7|         14|
    |i_reg_7954                                |     9|          2|    7|         14|
    |indvar2984_reg_5627                       |     9|          2|    5|         10|
    |indvar_flatten20_fu_626                   |     9|          2|   10|         20|
    |indvar_fu_618                             |     9|          2|    5|         10|
    |kb_reg_7174                               |     9|          2|   11|         22|
    |l_state_100_reg_20961                     |     9|          2|   32|         64|
    |l_state_101_reg_20949                     |     9|          2|   32|         64|
    |l_state_102_reg_20937                     |     9|          2|   32|         64|
    |l_state_103_reg_20925                     |     9|          2|   32|         64|
    |l_state_104_reg_20913                     |     9|          2|   32|         64|
    |l_state_105_reg_20901                     |     9|          2|   32|         64|
    |l_state_106_reg_20889                     |     9|          2|   32|         64|
    |l_state_107_reg_20877                     |     9|          2|   32|         64|
    |l_state_108_reg_20865                     |     9|          2|   32|         64|
    |l_state_109_reg_20853                     |     9|          2|   32|         64|
    |l_state_10_reg_6274                       |     9|          2|   32|         64|
    |l_state_110_reg_20841                     |     9|          2|   32|         64|
    |l_state_111_reg_20829                     |     9|          2|   32|         64|
    |l_state_112_reg_20817                     |     9|          2|   32|         64|
    |l_state_113_reg_20805                     |     9|          2|   32|         64|
    |l_state_114_reg_20793                     |     9|          2|   32|         64|
    |l_state_115_reg_20781                     |     9|          2|   32|         64|
    |l_state_116_reg_20769                     |     9|          2|   32|         64|
    |l_state_117_reg_20757                     |     9|          2|   32|         64|
    |l_state_118_reg_20745                     |     9|          2|   32|         64|
    |l_state_119_reg_20733                     |     9|          2|   32|         64|
    |l_state_11_reg_6262                       |     9|          2|   32|         64|
    |l_state_120_reg_20721                     |     9|          2|   32|         64|
    |l_state_121_reg_20709                     |     9|          2|   32|         64|
    |l_state_122_reg_20697                     |     9|          2|   32|         64|
    |l_state_123_reg_20685                     |     9|          2|   32|         64|
    |l_state_124_reg_20673                     |     9|          2|   32|         64|
    |l_state_125_reg_20661                     |     9|          2|   32|         64|
    |l_state_126_reg_20649                     |     9|          2|   32|         64|
    |l_state_127_reg_20637                     |     9|          2|   32|         64|
    |l_state_129_reg_34658                     |     9|          2|   32|         64|
    |l_state_12_reg_6250                       |     9|          2|   32|         64|
    |l_state_130_reg_34460                     |     9|          2|   32|         64|
    |l_state_131_reg_34262                     |     9|          2|   32|         64|
    |l_state_132_reg_34064                     |     9|          2|   32|         64|
    |l_state_133_reg_33866                     |     9|          2|   32|         64|
    |l_state_134_reg_33668                     |     9|          2|   32|         64|
    |l_state_135_reg_33470                     |     9|          2|   32|         64|
    |l_state_136_reg_33272                     |     9|          2|   32|         64|
    |l_state_137_reg_33074                     |     9|          2|   32|         64|
    |l_state_138_reg_32876                     |     9|          2|   32|         64|
    |l_state_139_reg_32678                     |     9|          2|   32|         64|
    |l_state_13_reg_6238                       |     9|          2|   32|         64|
    |l_state_140_reg_32480                     |     9|          2|   32|         64|
    |l_state_141_reg_32282                     |     9|          2|   32|         64|
    |l_state_142_reg_32084                     |     9|          2|   32|         64|
    |l_state_143_reg_31886                     |     9|          2|   32|         64|
    |l_state_144_reg_31688                     |     9|          2|   32|         64|
    |l_state_145_reg_31490                     |     9|          2|   32|         64|
    |l_state_146_reg_31292                     |     9|          2|   32|         64|
    |l_state_147_reg_31094                     |     9|          2|   32|         64|
    |l_state_148_reg_30896                     |     9|          2|   32|         64|
    |l_state_149_reg_30698                     |     9|          2|   32|         64|
    |l_state_14_reg_6226                       |     9|          2|   32|         64|
    |l_state_150_reg_30500                     |     9|          2|   32|         64|
    |l_state_151_reg_30302                     |     9|          2|   32|         64|
    |l_state_152_reg_30104                     |     9|          2|   32|         64|
    |l_state_153_reg_29906                     |     9|          2|   32|         64|
    |l_state_154_reg_29708                     |     9|          2|   32|         64|
    |l_state_155_reg_29510                     |     9|          2|   32|         64|
    |l_state_156_reg_29312                     |     9|          2|   32|         64|
    |l_state_157_reg_29114                     |     9|          2|   32|         64|
    |l_state_158_reg_28916                     |     9|          2|   32|         64|
    |l_state_159_reg_28718                     |     9|          2|   32|         64|
    |l_state_15_reg_6214                       |     9|          2|   32|         64|
    |l_state_160_reg_28520                     |     9|          2|   32|         64|
    |l_state_161_reg_28322                     |     9|          2|   32|         64|
    |l_state_162_reg_28124                     |     9|          2|   32|         64|
    |l_state_163_reg_27926                     |     9|          2|   32|         64|
    |l_state_164_reg_27728                     |     9|          2|   32|         64|
    |l_state_165_reg_27530                     |     9|          2|   32|         64|
    |l_state_166_reg_27332                     |     9|          2|   32|         64|
    |l_state_167_reg_27134                     |     9|          2|   32|         64|
    |l_state_168_reg_26936                     |     9|          2|   32|         64|
    |l_state_169_reg_26738                     |     9|          2|   32|         64|
    |l_state_16_reg_6202                       |     9|          2|   32|         64|
    |l_state_170_reg_26540                     |     9|          2|   32|         64|
    |l_state_171_reg_26342                     |     9|          2|   32|         64|
    |l_state_172_reg_26144                     |     9|          2|   32|         64|
    |l_state_173_reg_25946                     |     9|          2|   32|         64|
    |l_state_174_reg_25748                     |     9|          2|   32|         64|
    |l_state_175_reg_25550                     |     9|          2|   32|         64|
    |l_state_176_reg_25352                     |     9|          2|   32|         64|
    |l_state_177_reg_25154                     |     9|          2|   32|         64|
    |l_state_178_reg_24956                     |     9|          2|   32|         64|
    |l_state_179_reg_24758                     |     9|          2|   32|         64|
    |l_state_17_reg_6190                       |     9|          2|   32|         64|
    |l_state_180_reg_24560                     |     9|          2|   32|         64|
    |l_state_181_reg_24362                     |     9|          2|   32|         64|
    |l_state_182_reg_24164                     |     9|          2|   32|         64|
    |l_state_183_reg_23966                     |     9|          2|   32|         64|
    |l_state_184_reg_23768                     |     9|          2|   32|         64|
    |l_state_185_reg_23570                     |     9|          2|   32|         64|
    |l_state_186_reg_23372                     |     9|          2|   32|         64|
    |l_state_187_reg_23174                     |     9|          2|   32|         64|
    |l_state_188_reg_22976                     |     9|          2|   32|         64|
    |l_state_189_reg_22778                     |     9|          2|   32|         64|
    |l_state_18_reg_6178                       |     9|          2|   32|         64|
    |l_state_190_reg_22580                     |     9|          2|   32|         64|
    |l_state_191_reg_22382                     |     9|          2|   32|         64|
    |l_state_192_reg_22184                     |     9|          2|   32|         64|
    |l_state_19_reg_6166                       |     9|          2|   32|         64|
    |l_state_1_reg_6382                        |     9|          2|   32|         64|
    |l_state_20_reg_6154                       |     9|          2|   32|         64|
    |l_state_21_reg_6142                       |     9|          2|   32|         64|
    |l_state_22_reg_6130                       |     9|          2|   32|         64|
    |l_state_23_reg_6118                       |     9|          2|   32|         64|
    |l_state_24_reg_6106                       |     9|          2|   32|         64|
    |l_state_25_reg_6094                       |     9|          2|   32|         64|
    |l_state_26_reg_6082                       |     9|          2|   32|         64|
    |l_state_27_reg_6070                       |     9|          2|   32|         64|
    |l_state_28_reg_6058                       |     9|          2|   32|         64|
    |l_state_29_reg_6046                       |     9|          2|   32|         64|
    |l_state_2_reg_6370                        |     9|          2|   32|         64|
    |l_state_30_reg_6034                       |     9|          2|   32|         64|
    |l_state_31_reg_6022                       |     9|          2|   32|         64|
    |l_state_32_reg_6010                       |     9|          2|   32|         64|
    |l_state_33_reg_5998                       |     9|          2|   32|         64|
    |l_state_34_reg_5986                       |     9|          2|   32|         64|
    |l_state_35_reg_5974                       |     9|          2|   32|         64|
    |l_state_36_reg_5962                       |     9|          2|   32|         64|
    |l_state_37_reg_5950                       |     9|          2|   32|         64|
    |l_state_38_reg_5938                       |     9|          2|   32|         64|
    |l_state_39_reg_5926                       |     9|          2|   32|         64|
    |l_state_3_reg_6358                        |     9|          2|   32|         64|
    |l_state_40_reg_5914                       |     9|          2|   32|         64|
    |l_state_41_reg_5902                       |     9|          2|   32|         64|
    |l_state_42_reg_5890                       |     9|          2|   32|         64|
    |l_state_43_reg_5878                       |     9|          2|   32|         64|
    |l_state_44_reg_5866                       |     9|          2|   32|         64|
    |l_state_45_reg_5854                       |     9|          2|   32|         64|
    |l_state_46_reg_5842                       |     9|          2|   32|         64|
    |l_state_47_reg_5830                       |     9|          2|   32|         64|
    |l_state_48_reg_5818                       |     9|          2|   32|         64|
    |l_state_49_reg_5806                       |     9|          2|   32|         64|
    |l_state_4_reg_6346                        |     9|          2|   32|         64|
    |l_state_50_reg_5794                       |     9|          2|   32|         64|
    |l_state_51_reg_5782                       |     9|          2|   32|         64|
    |l_state_52_reg_5770                       |     9|          2|   32|         64|
    |l_state_53_reg_5758                       |     9|          2|   32|         64|
    |l_state_54_reg_5746                       |     9|          2|   32|         64|
    |l_state_55_reg_5734                       |     9|          2|   32|         64|
    |l_state_56_reg_5722                       |     9|          2|   32|         64|
    |l_state_57_reg_5710                       |     9|          2|   32|         64|
    |l_state_58_reg_5698                       |     9|          2|   32|         64|
    |l_state_59_reg_5686                       |     9|          2|   32|         64|
    |l_state_5_reg_6334                        |     9|          2|   32|         64|
    |l_state_60_reg_5674                       |     9|          2|   32|         64|
    |l_state_61_reg_5662                       |     9|          2|   32|         64|
    |l_state_62_reg_5650                       |     9|          2|   32|         64|
    |l_state_63_reg_5638                       |     9|          2|   32|         64|
    |l_state_64_reg_21393                      |     9|          2|   32|         64|
    |l_state_65_reg_21381                      |     9|          2|   32|         64|
    |l_state_66_reg_21369                      |     9|          2|   32|         64|
    |l_state_67_reg_21357                      |     9|          2|   32|         64|
    |l_state_68_reg_21345                      |     9|          2|   32|         64|
    |l_state_69_reg_21333                      |     9|          2|   32|         64|
    |l_state_6_reg_6322                        |     9|          2|   32|         64|
    |l_state_70_reg_21321                      |     9|          2|   32|         64|
    |l_state_71_reg_21309                      |     9|          2|   32|         64|
    |l_state_72_reg_21297                      |     9|          2|   32|         64|
    |l_state_73_reg_21285                      |     9|          2|   32|         64|
    |l_state_74_reg_21273                      |     9|          2|   32|         64|
    |l_state_75_reg_21261                      |     9|          2|   32|         64|
    |l_state_76_reg_21249                      |     9|          2|   32|         64|
    |l_state_77_reg_21237                      |     9|          2|   32|         64|
    |l_state_78_reg_21225                      |     9|          2|   32|         64|
    |l_state_79_reg_21213                      |     9|          2|   32|         64|
    |l_state_7_reg_6310                        |     9|          2|   32|         64|
    |l_state_80_reg_21201                      |     9|          2|   32|         64|
    |l_state_81_reg_21189                      |     9|          2|   32|         64|
    |l_state_82_reg_21177                      |     9|          2|   32|         64|
    |l_state_83_reg_21165                      |     9|          2|   32|         64|
    |l_state_84_reg_21153                      |     9|          2|   32|         64|
    |l_state_85_reg_21141                      |     9|          2|   32|         64|
    |l_state_86_reg_21129                      |     9|          2|   32|         64|
    |l_state_87_reg_21117                      |     9|          2|   32|         64|
    |l_state_88_reg_21105                      |     9|          2|   32|         64|
    |l_state_89_reg_21093                      |     9|          2|   32|         64|
    |l_state_8_reg_6298                        |     9|          2|   32|         64|
    |l_state_90_reg_21081                      |     9|          2|   32|         64|
    |l_state_91_reg_21069                      |     9|          2|   32|         64|
    |l_state_92_reg_21057                      |     9|          2|   32|         64|
    |l_state_93_reg_21045                      |     9|          2|   32|         64|
    |l_state_94_reg_21033                      |     9|          2|   32|         64|
    |l_state_95_reg_21021                      |     9|          2|   32|         64|
    |l_state_96_reg_21009                      |     9|          2|   32|         64|
    |l_state_97_reg_20997                      |     9|          2|   32|         64|
    |l_state_98_reg_20985                      |     9|          2|   32|         64|
    |l_state_99_reg_20973                      |     9|          2|   32|         64|
    |l_state_9_reg_6286                        |     9|          2|   32|         64|
    |l_state_reg_6394                          |     9|          2|   32|         64|
    |m_state_100_reg_21729                     |     9|          2|   32|         64|
    |m_state_101_reg_21717                     |     9|          2|   32|         64|
    |m_state_102_reg_21705                     |     9|          2|   32|         64|
    |m_state_103_reg_21693                     |     9|          2|   32|         64|
    |m_state_104_reg_21681                     |     9|          2|   32|         64|
    |m_state_105_reg_21669                     |     9|          2|   32|         64|
    |m_state_106_reg_21657                     |     9|          2|   32|         64|
    |m_state_107_reg_21645                     |     9|          2|   32|         64|
    |m_state_108_reg_21633                     |     9|          2|   32|         64|
    |m_state_109_reg_21621                     |     9|          2|   32|         64|
    |m_state_10_reg_7042                       |     9|          2|   32|         64|
    |m_state_110_reg_21609                     |     9|          2|   32|         64|
    |m_state_111_reg_21597                     |     9|          2|   32|         64|
    |m_state_112_reg_21585                     |     9|          2|   32|         64|
    |m_state_113_reg_21573                     |     9|          2|   32|         64|
    |m_state_114_reg_21561                     |     9|          2|   32|         64|
    |m_state_115_reg_21549                     |     9|          2|   32|         64|
    |m_state_116_reg_21537                     |     9|          2|   32|         64|
    |m_state_117_reg_21525                     |     9|          2|   32|         64|
    |m_state_118_reg_21513                     |     9|          2|   32|         64|
    |m_state_119_reg_21501                     |     9|          2|   32|         64|
    |m_state_11_reg_7030                       |     9|          2|   32|         64|
    |m_state_120_reg_21489                     |     9|          2|   32|         64|
    |m_state_121_reg_21477                     |     9|          2|   32|         64|
    |m_state_122_reg_21465                     |     9|          2|   32|         64|
    |m_state_123_reg_21453                     |     9|          2|   32|         64|
    |m_state_124_reg_21441                     |     9|          2|   32|         64|
    |m_state_125_reg_21429                     |     9|          2|   32|         64|
    |m_state_126_reg_21417                     |     9|          2|   32|         64|
    |m_state_127_reg_21405                     |     9|          2|   32|         64|
    |m_state_12_reg_7018                       |     9|          2|   32|         64|
    |m_state_13_reg_7006                       |     9|          2|   32|         64|
    |m_state_14_reg_6994                       |     9|          2|   32|         64|
    |m_state_15_reg_6982                       |     9|          2|   32|         64|
    |m_state_16_reg_6970                       |     9|          2|   32|         64|
    |m_state_17_reg_6958                       |     9|          2|   32|         64|
    |m_state_18_reg_6946                       |     9|          2|   32|         64|
    |m_state_19_reg_6934                       |     9|          2|   32|         64|
    |m_state_1_reg_7150                        |     9|          2|   32|         64|
    |m_state_20_reg_6922                       |     9|          2|   32|         64|
    |m_state_21_reg_6910                       |     9|          2|   32|         64|
    |m_state_22_reg_6898                       |     9|          2|   32|         64|
    |m_state_23_reg_6886                       |     9|          2|   32|         64|
    |m_state_24_reg_6874                       |     9|          2|   32|         64|
    |m_state_25_reg_6862                       |     9|          2|   32|         64|
    |m_state_26_reg_6850                       |     9|          2|   32|         64|
    |m_state_27_reg_6838                       |     9|          2|   32|         64|
    |m_state_28_reg_6826                       |     9|          2|   32|         64|
    |m_state_29_reg_6814                       |     9|          2|   32|         64|
    |m_state_2_reg_7138                        |     9|          2|   32|         64|
    |m_state_30_reg_6802                       |     9|          2|   32|         64|
    |m_state_31_reg_6790                       |     9|          2|   32|         64|
    |m_state_32_reg_6778                       |     9|          2|   32|         64|
    |m_state_33_reg_6766                       |     9|          2|   32|         64|
    |m_state_34_reg_6754                       |     9|          2|   32|         64|
    |m_state_35_reg_6742                       |     9|          2|   32|         64|
    |m_state_36_reg_6730                       |     9|          2|   32|         64|
    |m_state_37_reg_6718                       |     9|          2|   32|         64|
    |m_state_38_reg_6706                       |     9|          2|   32|         64|
    |m_state_39_reg_6694                       |     9|          2|   32|         64|
    |m_state_3_reg_7126                        |     9|          2|   32|         64|
    |m_state_40_reg_6682                       |     9|          2|   32|         64|
    |m_state_41_reg_6670                       |     9|          2|   32|         64|
    |m_state_42_reg_6658                       |     9|          2|   32|         64|
    |m_state_43_reg_6646                       |     9|          2|   32|         64|
    |m_state_44_reg_6634                       |     9|          2|   32|         64|
    |m_state_45_reg_6622                       |     9|          2|   32|         64|
    |m_state_46_reg_6610                       |     9|          2|   32|         64|
    |m_state_47_reg_6598                       |     9|          2|   32|         64|
    |m_state_48_reg_6586                       |     9|          2|   32|         64|
    |m_state_49_reg_6574                       |     9|          2|   32|         64|
    |m_state_4_reg_7114                        |     9|          2|   32|         64|
    |m_state_50_reg_6562                       |     9|          2|   32|         64|
    |m_state_51_reg_6550                       |     9|          2|   32|         64|
    |m_state_52_reg_6538                       |     9|          2|   32|         64|
    |m_state_53_reg_6526                       |     9|          2|   32|         64|
    |m_state_54_reg_6514                       |     9|          2|   32|         64|
    |m_state_55_reg_6502                       |     9|          2|   32|         64|
    |m_state_56_reg_6490                       |     9|          2|   32|         64|
    |m_state_57_reg_6478                       |     9|          2|   32|         64|
    |m_state_58_reg_6466                       |     9|          2|   32|         64|
    |m_state_59_reg_6454                       |     9|          2|   32|         64|
    |m_state_5_reg_7102                        |     9|          2|   32|         64|
    |m_state_60_reg_6442                       |     9|          2|   32|         64|
    |m_state_61_reg_6430                       |     9|          2|   32|         64|
    |m_state_62_reg_6418                       |     9|          2|   32|         64|
    |m_state_63_reg_6406                       |     9|          2|   32|         64|
    |m_state_64_reg_22161                      |     9|          2|   32|         64|
    |m_state_65_reg_22149                      |     9|          2|   32|         64|
    |m_state_66_reg_22137                      |     9|          2|   32|         64|
    |m_state_67_reg_22125                      |     9|          2|   32|         64|
    |m_state_68_reg_22113                      |     9|          2|   32|         64|
    |m_state_69_reg_22101                      |     9|          2|   32|         64|
    |m_state_6_reg_7090                        |     9|          2|   32|         64|
    |m_state_70_reg_22089                      |     9|          2|   32|         64|
    |m_state_71_reg_22077                      |     9|          2|   32|         64|
    |m_state_72_reg_22065                      |     9|          2|   32|         64|
    |m_state_73_reg_22053                      |     9|          2|   32|         64|
    |m_state_74_reg_22041                      |     9|          2|   32|         64|
    |m_state_75_reg_22029                      |     9|          2|   32|         64|
    |m_state_76_reg_22017                      |     9|          2|   32|         64|
    |m_state_77_reg_22005                      |     9|          2|   32|         64|
    |m_state_78_reg_21993                      |     9|          2|   32|         64|
    |m_state_79_reg_21981                      |     9|          2|   32|         64|
    |m_state_7_reg_7078                        |     9|          2|   32|         64|
    |m_state_80_reg_21969                      |     9|          2|   32|         64|
    |m_state_81_reg_21957                      |     9|          2|   32|         64|
    |m_state_82_reg_21945                      |     9|          2|   32|         64|
    |m_state_83_reg_21933                      |     9|          2|   32|         64|
    |m_state_84_reg_21921                      |     9|          2|   32|         64|
    |m_state_85_reg_21909                      |     9|          2|   32|         64|
    |m_state_86_reg_21897                      |     9|          2|   32|         64|
    |m_state_87_reg_21885                      |     9|          2|   32|         64|
    |m_state_88_reg_21873                      |     9|          2|   32|         64|
    |m_state_89_reg_21861                      |     9|          2|   32|         64|
    |m_state_8_reg_7066                        |     9|          2|   32|         64|
    |m_state_90_reg_21849                      |     9|          2|   32|         64|
    |m_state_91_reg_21837                      |     9|          2|   32|         64|
    |m_state_92_reg_21825                      |     9|          2|   32|         64|
    |m_state_93_reg_21813                      |     9|          2|   32|         64|
    |m_state_94_reg_21801                      |     9|          2|   32|         64|
    |m_state_95_reg_21789                      |     9|          2|   32|         64|
    |m_state_96_reg_21777                      |     9|          2|   32|         64|
    |m_state_97_reg_21765                      |     9|          2|   32|         64|
    |m_state_98_reg_21753                      |     9|          2|   32|         64|
    |m_state_99_reg_21741                      |     9|          2|   32|         64|
    |m_state_9_reg_7054                        |     9|          2|   32|         64|
    |m_state_reg_7162                          |     9|          2|   32|         64|
    |qb_fu_614                                 |     9|          2|   11|         22|
    |row_max_100_reg_13311                     |     9|          2|   32|         64|
    |row_max_101_reg_13113                     |     9|          2|   32|         64|
    |row_max_102_reg_12915                     |     9|          2|   32|         64|
    |row_max_103_reg_12717                     |     9|          2|   32|         64|
    |row_max_104_reg_12519                     |     9|          2|   32|         64|
    |row_max_105_reg_12321                     |     9|          2|   32|         64|
    |row_max_106_reg_12123                     |     9|          2|   32|         64|
    |row_max_107_reg_11925                     |     9|          2|   32|         64|
    |row_max_108_reg_11727                     |     9|          2|   32|         64|
    |row_max_109_reg_11529                     |     9|          2|   32|         64|
    |row_max_110_reg_11331                     |     9|          2|   32|         64|
    |row_max_111_reg_11133                     |     9|          2|   32|         64|
    |row_max_112_reg_10935                     |     9|          2|   32|         64|
    |row_max_113_reg_10737                     |     9|          2|   32|         64|
    |row_max_114_reg_10539                     |     9|          2|   32|         64|
    |row_max_115_reg_10341                     |     9|          2|   32|         64|
    |row_max_116_reg_10143                     |     9|          2|   32|         64|
    |row_max_117_reg_9945                      |     9|          2|   32|         64|
    |row_max_118_reg_9747                      |     9|          2|   32|         64|
    |row_max_119_reg_9549                      |     9|          2|   32|         64|
    |row_max_120_reg_9351                      |     9|          2|   32|         64|
    |row_max_121_reg_9153                      |     9|          2|   32|         64|
    |row_max_122_reg_8955                      |     9|          2|   32|         64|
    |row_max_123_reg_8757                      |     9|          2|   32|         64|
    |row_max_124_reg_8559                      |     9|          2|   32|         64|
    |row_max_125_reg_8361                      |     9|          2|   32|         64|
    |row_max_126_reg_8163                      |     9|          2|   32|         64|
    |row_max_127_reg_7965                      |     9|          2|   32|         64|
    |row_max_64_reg_20439                      |     9|          2|   32|         64|
    |row_max_65_reg_20241                      |     9|          2|   32|         64|
    |row_max_66_reg_20043                      |     9|          2|   32|         64|
    |row_max_67_reg_19845                      |     9|          2|   32|         64|
    |row_max_68_reg_19647                      |     9|          2|   32|         64|
    |row_max_69_reg_19449                      |     9|          2|   32|         64|
    |row_max_70_reg_19251                      |     9|          2|   32|         64|
    |row_max_71_reg_19053                      |     9|          2|   32|         64|
    |row_max_72_reg_18855                      |     9|          2|   32|         64|
    |row_max_73_reg_18657                      |     9|          2|   32|         64|
    |row_max_74_reg_18459                      |     9|          2|   32|         64|
    |row_max_75_reg_18261                      |     9|          2|   32|         64|
    |row_max_76_reg_18063                      |     9|          2|   32|         64|
    |row_max_77_reg_17865                      |     9|          2|   32|         64|
    |row_max_78_reg_17667                      |     9|          2|   32|         64|
    |row_max_79_reg_17469                      |     9|          2|   32|         64|
    |row_max_80_reg_17271                      |     9|          2|   32|         64|
    |row_max_81_reg_17073                      |     9|          2|   32|         64|
    |row_max_82_reg_16875                      |     9|          2|   32|         64|
    |row_max_83_reg_16677                      |     9|          2|   32|         64|
    |row_max_84_reg_16479                      |     9|          2|   32|         64|
    |row_max_85_reg_16281                      |     9|          2|   32|         64|
    |row_max_86_reg_16083                      |     9|          2|   32|         64|
    |row_max_87_reg_15885                      |     9|          2|   32|         64|
    |row_max_88_reg_15687                      |     9|          2|   32|         64|
    |row_max_89_reg_15489                      |     9|          2|   32|         64|
    |row_max_90_reg_15291                      |     9|          2|   32|         64|
    |row_max_91_reg_15093                      |     9|          2|   32|         64|
    |row_max_92_reg_14895                      |     9|          2|   32|         64|
    |row_max_93_reg_14697                      |     9|          2|   32|         64|
    |row_max_94_reg_14499                      |     9|          2|   32|         64|
    |row_max_95_reg_14301                      |     9|          2|   32|         64|
    |row_max_96_reg_14103                      |     9|          2|   32|         64|
    |row_max_97_reg_13905                      |     9|          2|   32|         64|
    |row_max_98_reg_13707                      |     9|          2|   32|         64|
    |row_max_99_reg_13509                      |     9|          2|   32|         64|
    |scores_1_address0                         |    13|          3|    9|         27|
    |scores_1_ce0                              |    13|          3|    1|          3|
    |scores_1_we0                              |     9|          2|    1|          2|
    |scores_2_address0                         |    13|          3|    9|         27|
    |scores_2_ce0                              |    13|          3|    1|          3|
    |scores_2_we0                              |     9|          2|    1|          2|
    |scores_3_address0                         |    13|          3|    9|         27|
    |scores_3_ce0                              |    13|          3|    1|          3|
    |scores_3_we0                              |     9|          2|    1|          2|
    |scores_4_address0                         |    13|          3|    9|         27|
    |scores_4_ce0                              |    13|          3|    1|          3|
    |scores_4_we0                              |     9|          2|    1|          2|
    |scores_5_address0                         |    13|          3|    9|         27|
    |scores_5_ce0                              |    13|          3|    1|          3|
    |scores_5_we0                              |     9|          2|    1|          2|
    |scores_6_address0                         |    13|          3|    9|         27|
    |scores_6_ce0                              |    13|          3|    1|          3|
    |scores_6_we0                              |     9|          2|    1|          2|
    |scores_7_address0                         |    13|          3|    9|         27|
    |scores_7_ce0                              |    13|          3|    1|          3|
    |scores_7_we0                              |     9|          2|    1|          2|
    |scores_address0                           |    13|          3|    9|         27|
    |scores_ce0                                |    13|          3|    1|          3|
    |scores_we0                                |     9|          2|    1|          2|
    +------------------------------------------+------+-----------+-----+-----------+
    |Total                                     | 36908|       8325|22969|      58579|
    +------------------------------------------+------+-----------+-----+-----------+

    * Register: 
    +----------------------------------------------------------------------------------------------+-----+----+-----+-----------+
    |                                             Name                                             |  FF | LUT| Bits| Const Bits|
    +----------------------------------------------------------------------------------------------+-----+----+-----+-----------+
    |K_in_read_reg_55406                                                                           |   64|   0|   64|          0|
    |Q_in_read_reg_55411                                                                           |   64|   0|   64|          0|
    |Q_tile_100_load_reg_57053                                                                     |    8|   0|    8|          0|
    |Q_tile_101_load_reg_57058                                                                     |    8|   0|    8|          0|
    |Q_tile_102_load_reg_57063                                                                     |    8|   0|    8|          0|
    |Q_tile_103_load_reg_57068                                                                     |    8|   0|    8|          0|
    |Q_tile_104_load_reg_57073                                                                     |    8|   0|    8|          0|
    |Q_tile_105_load_reg_57078                                                                     |    8|   0|    8|          0|
    |Q_tile_106_load_reg_57083                                                                     |    8|   0|    8|          0|
    |Q_tile_107_load_reg_57088                                                                     |    8|   0|    8|          0|
    |Q_tile_108_load_reg_57093                                                                     |    8|   0|    8|          0|
    |Q_tile_109_load_reg_57098                                                                     |    8|   0|    8|          0|
    |Q_tile_10_load_reg_56603                                                                      |    8|   0|    8|          0|
    |Q_tile_110_load_reg_57103                                                                     |    8|   0|    8|          0|
    |Q_tile_111_load_reg_57108                                                                     |    8|   0|    8|          0|
    |Q_tile_112_load_reg_57113                                                                     |    8|   0|    8|          0|
    |Q_tile_113_load_reg_57118                                                                     |    8|   0|    8|          0|
    |Q_tile_114_load_reg_57123                                                                     |    8|   0|    8|          0|
    |Q_tile_115_load_reg_57128                                                                     |    8|   0|    8|          0|
    |Q_tile_116_load_reg_57133                                                                     |    8|   0|    8|          0|
    |Q_tile_117_load_reg_57138                                                                     |    8|   0|    8|          0|
    |Q_tile_118_load_reg_57143                                                                     |    8|   0|    8|          0|
    |Q_tile_119_load_reg_57148                                                                     |    8|   0|    8|          0|
    |Q_tile_11_load_reg_56608                                                                      |    8|   0|    8|          0|
    |Q_tile_120_load_reg_57153                                                                     |    8|   0|    8|          0|
    |Q_tile_121_load_reg_57158                                                                     |    8|   0|    8|          0|
    |Q_tile_122_load_reg_57163                                                                     |    8|   0|    8|          0|
    |Q_tile_123_load_reg_57168                                                                     |    8|   0|    8|          0|
    |Q_tile_124_load_reg_57173                                                                     |    8|   0|    8|          0|
    |Q_tile_125_load_reg_57178                                                                     |    8|   0|    8|          0|
    |Q_tile_126_load_reg_57183                                                                     |    8|   0|    8|          0|
    |Q_tile_127_load_reg_57188                                                                     |    8|   0|    8|          0|
    |Q_tile_12_load_reg_56613                                                                      |    8|   0|    8|          0|
    |Q_tile_13_load_reg_56618                                                                      |    8|   0|    8|          0|
    |Q_tile_14_load_reg_56623                                                                      |    8|   0|    8|          0|
    |Q_tile_15_load_reg_56628                                                                      |    8|   0|    8|          0|
    |Q_tile_16_load_reg_56633                                                                      |    8|   0|    8|          0|
    |Q_tile_17_load_reg_56638                                                                      |    8|   0|    8|          0|
    |Q_tile_18_load_reg_56643                                                                      |    8|   0|    8|          0|
    |Q_tile_19_load_reg_56648                                                                      |    8|   0|    8|          0|
    |Q_tile_1_load_reg_56558                                                                       |    8|   0|    8|          0|
    |Q_tile_20_load_reg_56653                                                                      |    8|   0|    8|          0|
    |Q_tile_21_load_reg_56658                                                                      |    8|   0|    8|          0|
    |Q_tile_22_load_reg_56663                                                                      |    8|   0|    8|          0|
    |Q_tile_23_load_reg_56668                                                                      |    8|   0|    8|          0|
    |Q_tile_24_load_reg_56673                                                                      |    8|   0|    8|          0|
    |Q_tile_25_load_reg_56678                                                                      |    8|   0|    8|          0|
    |Q_tile_26_load_reg_56683                                                                      |    8|   0|    8|          0|
    |Q_tile_27_load_reg_56688                                                                      |    8|   0|    8|          0|
    |Q_tile_28_load_reg_56693                                                                      |    8|   0|    8|          0|
    |Q_tile_29_load_reg_56698                                                                      |    8|   0|    8|          0|
    |Q_tile_2_load_reg_56563                                                                       |    8|   0|    8|          0|
    |Q_tile_30_load_reg_56703                                                                      |    8|   0|    8|          0|
    |Q_tile_31_load_reg_56708                                                                      |    8|   0|    8|          0|
    |Q_tile_32_load_reg_56713                                                                      |    8|   0|    8|          0|
    |Q_tile_33_load_reg_56718                                                                      |    8|   0|    8|          0|
    |Q_tile_34_load_reg_56723                                                                      |    8|   0|    8|          0|
    |Q_tile_35_load_reg_56728                                                                      |    8|   0|    8|          0|
    |Q_tile_36_load_reg_56733                                                                      |    8|   0|    8|          0|
    |Q_tile_37_load_reg_56738                                                                      |    8|   0|    8|          0|
    |Q_tile_38_load_reg_56743                                                                      |    8|   0|    8|          0|
    |Q_tile_39_load_reg_56748                                                                      |    8|   0|    8|          0|
    |Q_tile_3_load_reg_56568                                                                       |    8|   0|    8|          0|
    |Q_tile_40_load_reg_56753                                                                      |    8|   0|    8|          0|
    |Q_tile_41_load_reg_56758                                                                      |    8|   0|    8|          0|
    |Q_tile_42_load_reg_56763                                                                      |    8|   0|    8|          0|
    |Q_tile_43_load_reg_56768                                                                      |    8|   0|    8|          0|
    |Q_tile_44_load_reg_56773                                                                      |    8|   0|    8|          0|
    |Q_tile_45_load_reg_56778                                                                      |    8|   0|    8|          0|
    |Q_tile_46_load_reg_56783                                                                      |    8|   0|    8|          0|
    |Q_tile_47_load_reg_56788                                                                      |    8|   0|    8|          0|
    |Q_tile_48_load_reg_56793                                                                      |    8|   0|    8|          0|
    |Q_tile_49_load_reg_56798                                                                      |    8|   0|    8|          0|
    |Q_tile_4_load_reg_56573                                                                       |    8|   0|    8|          0|
    |Q_tile_50_load_reg_56803                                                                      |    8|   0|    8|          0|
    |Q_tile_51_load_reg_56808                                                                      |    8|   0|    8|          0|
    |Q_tile_52_load_reg_56813                                                                      |    8|   0|    8|          0|
    |Q_tile_53_load_reg_56818                                                                      |    8|   0|    8|          0|
    |Q_tile_54_load_reg_56823                                                                      |    8|   0|    8|          0|
    |Q_tile_55_load_reg_56828                                                                      |    8|   0|    8|          0|
    |Q_tile_56_load_reg_56833                                                                      |    8|   0|    8|          0|
    |Q_tile_57_load_reg_56838                                                                      |    8|   0|    8|          0|
    |Q_tile_58_load_reg_56843                                                                      |    8|   0|    8|          0|
    |Q_tile_59_load_reg_56848                                                                      |    8|   0|    8|          0|
    |Q_tile_5_load_reg_56578                                                                       |    8|   0|    8|          0|
    |Q_tile_60_load_reg_56853                                                                      |    8|   0|    8|          0|
    |Q_tile_61_load_reg_56858                                                                      |    8|   0|    8|          0|
    |Q_tile_62_load_reg_56863                                                                      |    8|   0|    8|          0|
    |Q_tile_63_load_reg_56868                                                                      |    8|   0|    8|          0|
    |Q_tile_64_load_reg_56873                                                                      |    8|   0|    8|          0|
    |Q_tile_65_load_reg_56878                                                                      |    8|   0|    8|          0|
    |Q_tile_66_load_reg_56883                                                                      |    8|   0|    8|          0|
    |Q_tile_67_load_reg_56888                                                                      |    8|   0|    8|          0|
    |Q_tile_68_load_reg_56893                                                                      |    8|   0|    8|          0|
    |Q_tile_69_load_reg_56898                                                                      |    8|   0|    8|          0|
    |Q_tile_6_load_reg_56583                                                                       |    8|   0|    8|          0|
    |Q_tile_70_load_reg_56903                                                                      |    8|   0|    8|          0|
    |Q_tile_71_load_reg_56908                                                                      |    8|   0|    8|          0|
    |Q_tile_72_load_reg_56913                                                                      |    8|   0|    8|          0|
    |Q_tile_73_load_reg_56918                                                                      |    8|   0|    8|          0|
    |Q_tile_74_load_reg_56923                                                                      |    8|   0|    8|          0|
    |Q_tile_75_load_reg_56928                                                                      |    8|   0|    8|          0|
    |Q_tile_76_load_reg_56933                                                                      |    8|   0|    8|          0|
    |Q_tile_77_load_reg_56938                                                                      |    8|   0|    8|          0|
    |Q_tile_78_load_reg_56943                                                                      |    8|   0|    8|          0|
    |Q_tile_79_load_reg_56948                                                                      |    8|   0|    8|          0|
    |Q_tile_7_load_reg_56588                                                                       |    8|   0|    8|          0|
    |Q_tile_80_load_reg_56953                                                                      |    8|   0|    8|          0|
    |Q_tile_81_load_reg_56958                                                                      |    8|   0|    8|          0|
    |Q_tile_82_load_reg_56963                                                                      |    8|   0|    8|          0|
    |Q_tile_83_load_reg_56968                                                                      |    8|   0|    8|          0|
    |Q_tile_84_load_reg_56973                                                                      |    8|   0|    8|          0|
    |Q_tile_85_load_reg_56978                                                                      |    8|   0|    8|          0|
    |Q_tile_86_load_reg_56983                                                                      |    8|   0|    8|          0|
    |Q_tile_87_load_reg_56988                                                                      |    8|   0|    8|          0|
    |Q_tile_88_load_reg_56993                                                                      |    8|   0|    8|          0|
    |Q_tile_89_load_reg_56998                                                                      |    8|   0|    8|          0|
    |Q_tile_8_load_reg_56593                                                                       |    8|   0|    8|          0|
    |Q_tile_90_load_reg_57003                                                                      |    8|   0|    8|          0|
    |Q_tile_91_load_reg_57008                                                                      |    8|   0|    8|          0|
    |Q_tile_92_load_reg_57013                                                                      |    8|   0|    8|          0|
    |Q_tile_93_load_reg_57018                                                                      |    8|   0|    8|          0|
    |Q_tile_94_load_reg_57023                                                                      |    8|   0|    8|          0|
    |Q_tile_95_load_reg_57028                                                                      |    8|   0|    8|          0|
    |Q_tile_96_load_reg_57033                                                                      |    8|   0|    8|          0|
    |Q_tile_97_load_reg_57038                                                                      |    8|   0|    8|          0|
    |Q_tile_98_load_reg_57043                                                                      |    8|   0|    8|          0|
    |Q_tile_99_load_reg_57048                                                                      |    8|   0|    8|          0|
    |Q_tile_9_load_reg_56598                                                                       |    8|   0|    8|          0|
    |Q_tile_load_reg_56553                                                                         |    8|   0|    8|          0|
    |V_in_read_reg_55401                                                                           |   64|   0|   64|          0|
    |add_ln118_1_reg_55870                                                                         |   64|   0|   64|          0|
    |add_ln118_3_reg_55876                                                                         |   64|   0|   64|          0|
    |add_ln118_5_reg_55865                                                                         |    5|   0|    5|          0|
    |add_ln144_reg_55903                                                                           |    7|   0|    7|          0|
    |add_ln161_reg_57206                                                                           |    7|   0|    7|          0|
    |add_ln81_1_reg_55826                                                                          |   10|   0|   10|          0|
    |ap_CS_fsm                                                                                     |  495|   0|  495|          0|
    |ap_predicate_pred15838_state26                                                                |    1|   0|    1|          0|
    |ap_predicate_pred15851_state26                                                                |    1|   0|    1|          0|
    |ap_predicate_pred15856_state26                                                                |    1|   0|    1|          0|
    |ap_predicate_pred15862_state26                                                                |    1|   0|    1|          0|
    |ap_predicate_pred15868_state26                                                                |    1|   0|    1|          0|
    |ap_predicate_pred15874_state26                                                                |    1|   0|    1|          0|
    |ap_predicate_pred15880_state26                                                                |    1|   0|    1|          0|
    |ap_predicate_pred15886_state26                                                                |    1|   0|    1|          0|
    |ap_predicate_pred15892_state26                                                                |    1|   0|    1|          0|
    |ap_predicate_pred15898_state26                                                                |    1|   0|    1|          0|
    |ap_predicate_pred15904_state26                                                                |    1|   0|    1|          0|
    |ap_predicate_pred15910_state26                                                                |    1|   0|    1|          0|
    |ap_predicate_pred15916_state26                                                                |    1|   0|    1|          0|
    |ap_predicate_pred15922_state26                                                                |    1|   0|    1|          0|
    |ap_predicate_pred15928_state26                                                                |    1|   0|    1|          0|
    |ap_predicate_pred15934_state26                                                                |    1|   0|    1|          0|
    |ap_predicate_pred15940_state26                                                                |    1|   0|    1|          0|
    |ap_predicate_pred15946_state26                                                                |    1|   0|    1|          0|
    |ap_predicate_pred15952_state26                                                                |    1|   0|    1|          0|
    |ap_predicate_pred15958_state26                                                                |    1|   0|    1|          0|
    |ap_predicate_pred15964_state26                                                                |    1|   0|    1|          0|
    |ap_predicate_pred15970_state26                                                                |    1|   0|    1|          0|
    |ap_predicate_pred15976_state26                                                                |    1|   0|    1|          0|
    |ap_predicate_pred15982_state26                                                                |    1|   0|    1|          0|
    |ap_predicate_pred15988_state26                                                                |    1|   0|    1|          0|
    |ap_predicate_pred15994_state26                                                                |    1|   0|    1|          0|
    |ap_predicate_pred16000_state26                                                                |    1|   0|    1|          0|
    |ap_predicate_pred16006_state26                                                                |    1|   0|    1|          0|
    |ap_predicate_pred16012_state26                                                                |    1|   0|    1|          0|
    |ap_predicate_pred16018_state26                                                                |    1|   0|    1|          0|
    |ap_predicate_pred16024_state26                                                                |    1|   0|    1|          0|
    |ap_predicate_pred16030_state26                                                                |    1|   0|    1|          0|
    |ap_predicate_pred16036_state26                                                                |    1|   0|    1|          0|
    |ap_predicate_pred16042_state26                                                                |    1|   0|    1|          0|
    |ap_predicate_pred16048_state26                                                                |    1|   0|    1|          0|
    |ap_predicate_pred16054_state26                                                                |    1|   0|    1|          0|
    |ap_predicate_pred16060_state26                                                                |    1|   0|    1|          0|
    |ap_predicate_pred16066_state26                                                                |    1|   0|    1|          0|
    |ap_predicate_pred16072_state26                                                                |    1|   0|    1|          0|
    |ap_predicate_pred16078_state26                                                                |    1|   0|    1|          0|
    |ap_predicate_pred16084_state26                                                                |    1|   0|    1|          0|
    |ap_predicate_pred16090_state26                                                                |    1|   0|    1|          0|
    |ap_predicate_pred16096_state26                                                                |    1|   0|    1|          0|
    |ap_predicate_pred16102_state26                                                                |    1|   0|    1|          0|
    |ap_predicate_pred16108_state26                                                                |    1|   0|    1|          0|
    |ap_predicate_pred16114_state26                                                                |    1|   0|    1|          0|
    |ap_predicate_pred16120_state26                                                                |    1|   0|    1|          0|
    |ap_predicate_pred16126_state26                                                                |    1|   0|    1|          0|
    |ap_predicate_pred16132_state26                                                                |    1|   0|    1|          0|
    |ap_predicate_pred16138_state26                                                                |    1|   0|    1|          0|
    |ap_predicate_pred16144_state26                                                                |    1|   0|    1|          0|
    |ap_predicate_pred16150_state26                                                                |    1|   0|    1|          0|
    |ap_predicate_pred16156_state26                                                                |    1|   0|    1|          0|
    |ap_predicate_pred16162_state26                                                                |    1|   0|    1|          0|
    |ap_predicate_pred16168_state26                                                                |    1|   0|    1|          0|
    |ap_predicate_pred16174_state26                                                                |    1|   0|    1|          0|
    |ap_predicate_pred16180_state26                                                                |    1|   0|    1|          0|
    |ap_predicate_pred16186_state26                                                                |    1|   0|    1|          0|
    |ap_predicate_pred16192_state26                                                                |    1|   0|    1|          0|
    |ap_predicate_pred16198_state26                                                                |    1|   0|    1|          0|
    |ap_predicate_pred16204_state26                                                                |    1|   0|    1|          0|
    |ap_predicate_pred16210_state26                                                                |    1|   0|    1|          0|
    |ap_predicate_pred16216_state26                                                                |    1|   0|    1|          0|
    |ap_predicate_pred16222_state26                                                                |    1|   0|    1|          0|
    |ap_predicate_pred18580_state488                                                               |    1|   0|    1|          0|
    |ap_predicate_pred18580_state489                                                               |    1|   0|    1|          0|
    |ap_predicate_pred18584_state488                                                               |    1|   0|    1|          0|
    |ap_predicate_pred18584_state489                                                               |    1|   0|    1|          0|
    |ap_predicate_pred18588_state488                                                               |    1|   0|    1|          0|
    |ap_predicate_pred18588_state489                                                               |    1|   0|    1|          0|
    |ap_predicate_pred18593_state488                                                               |    1|   0|    1|          0|
    |ap_predicate_pred18593_state489                                                               |    1|   0|    1|          0|
    |ap_predicate_pred18598_state488                                                               |    1|   0|    1|          0|
    |ap_predicate_pred18598_state489                                                               |    1|   0|    1|          0|
    |ap_predicate_pred18603_state488                                                               |    1|   0|    1|          0|
    |ap_predicate_pred18603_state489                                                               |    1|   0|    1|          0|
    |ap_predicate_pred18608_state488                                                               |    1|   0|    1|          0|
    |ap_predicate_pred18608_state489                                                               |    1|   0|    1|          0|
    |ap_predicate_pred18613_state488                                                               |    1|   0|    1|          0|
    |ap_predicate_pred18613_state489                                                               |    1|   0|    1|          0|
    |ap_predicate_pred18618_state488                                                               |    1|   0|    1|          0|
    |ap_predicate_pred18618_state489                                                               |    1|   0|    1|          0|
    |ap_predicate_pred18623_state488                                                               |    1|   0|    1|          0|
    |ap_predicate_pred18623_state489                                                               |    1|   0|    1|          0|
    |ap_predicate_pred18628_state488                                                               |    1|   0|    1|          0|
    |ap_predicate_pred18628_state489                                                               |    1|   0|    1|          0|
    |ap_predicate_pred18633_state488                                                               |    1|   0|    1|          0|
    |ap_predicate_pred18633_state489                                                               |    1|   0|    1|          0|
    |ap_predicate_pred18638_state488                                                               |    1|   0|    1|          0|
    |ap_predicate_pred18638_state489                                                               |    1|   0|    1|          0|
    |ap_predicate_pred18643_state488                                                               |    1|   0|    1|          0|
    |ap_predicate_pred18643_state489                                                               |    1|   0|    1|          0|
    |ap_predicate_pred18648_state488                                                               |    1|   0|    1|          0|
    |ap_predicate_pred18648_state489                                                               |    1|   0|    1|          0|
    |ap_predicate_pred18653_state488                                                               |    1|   0|    1|          0|
    |ap_predicate_pred18653_state489                                                               |    1|   0|    1|          0|
    |ap_predicate_pred18658_state488                                                               |    1|   0|    1|          0|
    |ap_predicate_pred18658_state489                                                               |    1|   0|    1|          0|
    |ap_predicate_pred18663_state488                                                               |    1|   0|    1|          0|
    |ap_predicate_pred18663_state489                                                               |    1|   0|    1|          0|
    |ap_predicate_pred18668_state488                                                               |    1|   0|    1|          0|
    |ap_predicate_pred18668_state489                                                               |    1|   0|    1|          0|
    |ap_predicate_pred18673_state488                                                               |    1|   0|    1|          0|
    |ap_predicate_pred18673_state489                                                               |    1|   0|    1|          0|
    |ap_predicate_pred18678_state488                                                               |    1|   0|    1|          0|
    |ap_predicate_pred18678_state489                                                               |    1|   0|    1|          0|
    |ap_predicate_pred18683_state488                                                               |    1|   0|    1|          0|
    |ap_predicate_pred18683_state489                                                               |    1|   0|    1|          0|
    |ap_predicate_pred18688_state488                                                               |    1|   0|    1|          0|
    |ap_predicate_pred18688_state489                                                               |    1|   0|    1|          0|
    |ap_predicate_pred18693_state488                                                               |    1|   0|    1|          0|
    |ap_predicate_pred18693_state489                                                               |    1|   0|    1|          0|
    |ap_predicate_pred18698_state488                                                               |    1|   0|    1|          0|
    |ap_predicate_pred18698_state489                                                               |    1|   0|    1|          0|
    |ap_predicate_pred18703_state488                                                               |    1|   0|    1|          0|
    |ap_predicate_pred18703_state489                                                               |    1|   0|    1|          0|
    |ap_predicate_pred18708_state488                                                               |    1|   0|    1|          0|
    |ap_predicate_pred18708_state489                                                               |    1|   0|    1|          0|
    |ap_predicate_pred18713_state488                                                               |    1|   0|    1|          0|
    |ap_predicate_pred18713_state489                                                               |    1|   0|    1|          0|
    |ap_predicate_pred18718_state488                                                               |    1|   0|    1|          0|
    |ap_predicate_pred18718_state489                                                               |    1|   0|    1|          0|
    |ap_predicate_pred18723_state488                                                               |    1|   0|    1|          0|
    |ap_predicate_pred18723_state489                                                               |    1|   0|    1|          0|
    |ap_predicate_pred18728_state488                                                               |    1|   0|    1|          0|
    |ap_predicate_pred18728_state489                                                               |    1|   0|    1|          0|
    |ap_predicate_pred18733_state488                                                               |    1|   0|    1|          0|
    |ap_predicate_pred18733_state489                                                               |    1|   0|    1|          0|
    |ap_predicate_pred18738_state488                                                               |    1|   0|    1|          0|
    |ap_predicate_pred18738_state489                                                               |    1|   0|    1|          0|
    |ap_predicate_pred18743_state488                                                               |    1|   0|    1|          0|
    |ap_predicate_pred18743_state489                                                               |    1|   0|    1|          0|
    |ap_predicate_pred18748_state488                                                               |    1|   0|    1|          0|
    |ap_predicate_pred18748_state489                                                               |    1|   0|    1|          0|
    |ap_predicate_pred18753_state488                                                               |    1|   0|    1|          0|
    |ap_predicate_pred18753_state489                                                               |    1|   0|    1|          0|
    |ap_predicate_pred18758_state488                                                               |    1|   0|    1|          0|
    |ap_predicate_pred18758_state489                                                               |    1|   0|    1|          0|
    |ap_predicate_pred18763_state488                                                               |    1|   0|    1|          0|
    |ap_predicate_pred18763_state489                                                               |    1|   0|    1|          0|
    |ap_predicate_pred18768_state488                                                               |    1|   0|    1|          0|
    |ap_predicate_pred18768_state489                                                               |    1|   0|    1|          0|
    |ap_predicate_pred18773_state488                                                               |    1|   0|    1|          0|
    |ap_predicate_pred18773_state489                                                               |    1|   0|    1|          0|
    |ap_predicate_pred18778_state488                                                               |    1|   0|    1|          0|
    |ap_predicate_pred18778_state489                                                               |    1|   0|    1|          0|
    |ap_predicate_pred18783_state488                                                               |    1|   0|    1|          0|
    |ap_predicate_pred18783_state489                                                               |    1|   0|    1|          0|
    |ap_predicate_pred18788_state488                                                               |    1|   0|    1|          0|
    |ap_predicate_pred18788_state489                                                               |    1|   0|    1|          0|
    |ap_predicate_pred18793_state488                                                               |    1|   0|    1|          0|
    |ap_predicate_pred18793_state489                                                               |    1|   0|    1|          0|
    |ap_predicate_pred18798_state488                                                               |    1|   0|    1|          0|
    |ap_predicate_pred18798_state489                                                               |    1|   0|    1|          0|
    |ap_predicate_pred18803_state488                                                               |    1|   0|    1|          0|
    |ap_predicate_pred18803_state489                                                               |    1|   0|    1|          0|
    |ap_predicate_pred18808_state488                                                               |    1|   0|    1|          0|
    |ap_predicate_pred18808_state489                                                               |    1|   0|    1|          0|
    |ap_predicate_pred18813_state488                                                               |    1|   0|    1|          0|
    |ap_predicate_pred18813_state489                                                               |    1|   0|    1|          0|
    |ap_predicate_pred18818_state488                                                               |    1|   0|    1|          0|
    |ap_predicate_pred18818_state489                                                               |    1|   0|    1|          0|
    |ap_predicate_pred18823_state488                                                               |    1|   0|    1|          0|
    |ap_predicate_pred18823_state489                                                               |    1|   0|    1|          0|
    |ap_predicate_pred18828_state488                                                               |    1|   0|    1|          0|
    |ap_predicate_pred18828_state489                                                               |    1|   0|    1|          0|
    |ap_predicate_pred18833_state488                                                               |    1|   0|    1|          0|
    |ap_predicate_pred18833_state489                                                               |    1|   0|    1|          0|
    |ap_predicate_pred18838_state488                                                               |    1|   0|    1|          0|
    |ap_predicate_pred18838_state489                                                               |    1|   0|    1|          0|
    |ap_predicate_pred18843_state488                                                               |    1|   0|    1|          0|
    |ap_predicate_pred18843_state489                                                               |    1|   0|    1|          0|
    |ap_predicate_pred18848_state488                                                               |    1|   0|    1|          0|
    |ap_predicate_pred18848_state489                                                               |    1|   0|    1|          0|
    |ap_predicate_pred18853_state488                                                               |    1|   0|    1|          0|
    |ap_predicate_pred18853_state489                                                               |    1|   0|    1|          0|
    |ap_predicate_pred18858_state488                                                               |    1|   0|    1|          0|
    |ap_predicate_pred18858_state489                                                               |    1|   0|    1|          0|
    |ap_predicate_pred18863_state488                                                               |    1|   0|    1|          0|
    |ap_predicate_pred18863_state489                                                               |    1|   0|    1|          0|
    |ap_predicate_pred18868_state488                                                               |    1|   0|    1|          0|
    |ap_predicate_pred18868_state489                                                               |    1|   0|    1|          0|
    |ap_predicate_pred18873_state488                                                               |    1|   0|    1|          0|
    |ap_predicate_pred18873_state489                                                               |    1|   0|    1|          0|
    |ap_predicate_pred18878_state488                                                               |    1|   0|    1|          0|
    |ap_predicate_pred18878_state489                                                               |    1|   0|    1|          0|
    |ap_predicate_pred18883_state488                                                               |    1|   0|    1|          0|
    |ap_predicate_pred18883_state489                                                               |    1|   0|    1|          0|
    |ap_predicate_pred18888_state488                                                               |    1|   0|    1|          0|
    |ap_predicate_pred18888_state489                                                               |    1|   0|    1|          0|
    |ap_predicate_pred18893_state488                                                               |    1|   0|    1|          0|
    |ap_predicate_pred18893_state489                                                               |    1|   0|    1|          0|
    |conv9_i1_reg_57378                                                                            |   32|   0|   32|          0|
    |dc_reg_57328                                                                                  |   32|   0|   32|          0|
    |empty_105_reg_55908                                                                           |   10|   0|   10|          0|
    |empty_106_reg_55857                                                                           |    4|   0|   10|          6|
    |grp_attention_int8_kernel_Pipeline_VITIS_LOOP_101_3_VITIS_LOOP_102_4_fu_50797_ap_start_reg    |    1|   0|    1|          0|
    |grp_attention_int8_kernel_Pipeline_VITIS_LOOP_108_5_fu_50932_ap_start_reg                     |    1|   0|    1|          0|
    |grp_attention_int8_kernel_Pipeline_VITIS_LOOP_130_8_VITIS_LOOP_131_9_fu_51087_ap_start_reg    |    1|   0|    1|          0|
    |grp_attention_int8_kernel_Pipeline_VITIS_LOOP_146_11_fu_51737_ap_start_reg                    |    1|   0|    1|          0|
    |grp_attention_int8_kernel_Pipeline_VITIS_LOOP_168_14_fu_52139_ap_start_reg                    |    1|   0|    1|          0|
    |grp_attention_int8_kernel_Pipeline_VITIS_LOOP_180_16_fu_52217_ap_start_reg                    |    1|   0|    1|          0|
    |grp_attention_int8_kernel_Pipeline_VITIS_LOOP_193_18_VITIS_LOOP_195_19_fu_50944_ap_start_reg  |    1|   0|    1|          0|
    |h_q_fu_622                                                                                    |    6|   0|    6|          0|
    |i_2_reg_22173                                                                                 |    7|   0|    7|          0|
    |i_reg_7954                                                                                    |    7|   0|    7|          0|
    |icmp_ln36_reg_57359                                                                           |    1|   0|    1|          0|
    |icmp_ln89_reg_55831                                                                           |    1|   0|    1|          0|
    |indvar2984_reg_5627                                                                           |    5|   0|    5|          0|
    |indvar_flatten20_fu_626                                                                       |   10|   0|   10|          0|
    |indvar_fu_618                                                                                 |    5|   0|    5|          0|
    |kb_reg_7174                                                                                   |   11|   0|   11|          0|
    |l_new_46_reg_57540                                                                            |   32|   0|   32|          0|
    |l_state_100_reg_20961                                                                         |   32|   0|   32|          0|
    |l_state_101_reg_20949                                                                         |   32|   0|   32|          0|
    |l_state_102_reg_20937                                                                         |   32|   0|   32|          0|
    |l_state_103_reg_20925                                                                         |   32|   0|   32|          0|
    |l_state_104_reg_20913                                                                         |   32|   0|   32|          0|
    |l_state_105_reg_20901                                                                         |   32|   0|   32|          0|
    |l_state_106_reg_20889                                                                         |   32|   0|   32|          0|
    |l_state_107_reg_20877                                                                         |   32|   0|   32|          0|
    |l_state_108_reg_20865                                                                         |   32|   0|   32|          0|
    |l_state_109_reg_20853                                                                         |   32|   0|   32|          0|
    |l_state_10_reg_6274                                                                           |   32|   0|   32|          0|
    |l_state_110_reg_20841                                                                         |   32|   0|   32|          0|
    |l_state_111_reg_20829                                                                         |   32|   0|   32|          0|
    |l_state_112_reg_20817                                                                         |   32|   0|   32|          0|
    |l_state_113_reg_20805                                                                         |   32|   0|   32|          0|
    |l_state_114_reg_20793                                                                         |   32|   0|   32|          0|
    |l_state_115_reg_20781                                                                         |   32|   0|   32|          0|
    |l_state_116_reg_20769                                                                         |   32|   0|   32|          0|
    |l_state_117_reg_20757                                                                         |   32|   0|   32|          0|
    |l_state_118_reg_20745                                                                         |   32|   0|   32|          0|
    |l_state_119_reg_20733                                                                         |   32|   0|   32|          0|
    |l_state_11_reg_6262                                                                           |   32|   0|   32|          0|
    |l_state_120_reg_20721                                                                         |   32|   0|   32|          0|
    |l_state_121_reg_20709                                                                         |   32|   0|   32|          0|
    |l_state_122_reg_20697                                                                         |   32|   0|   32|          0|
    |l_state_123_reg_20685                                                                         |   32|   0|   32|          0|
    |l_state_124_reg_20673                                                                         |   32|   0|   32|          0|
    |l_state_125_reg_20661                                                                         |   32|   0|   32|          0|
    |l_state_126_reg_20649                                                                         |   32|   0|   32|          0|
    |l_state_127_reg_20637                                                                         |   32|   0|   32|          0|
    |l_state_129_reg_34658                                                                         |   32|   0|   32|          0|
    |l_state_12_reg_6250                                                                           |   32|   0|   32|          0|
    |l_state_130_reg_34460                                                                         |   32|   0|   32|          0|
    |l_state_131_reg_34262                                                                         |   32|   0|   32|          0|
    |l_state_132_reg_34064                                                                         |   32|   0|   32|          0|
    |l_state_133_reg_33866                                                                         |   32|   0|   32|          0|
    |l_state_134_reg_33668                                                                         |   32|   0|   32|          0|
    |l_state_135_reg_33470                                                                         |   32|   0|   32|          0|
    |l_state_136_reg_33272                                                                         |   32|   0|   32|          0|
    |l_state_137_reg_33074                                                                         |   32|   0|   32|          0|
    |l_state_138_reg_32876                                                                         |   32|   0|   32|          0|
    |l_state_139_reg_32678                                                                         |   32|   0|   32|          0|
    |l_state_13_reg_6238                                                                           |   32|   0|   32|          0|
    |l_state_140_reg_32480                                                                         |   32|   0|   32|          0|
    |l_state_141_reg_32282                                                                         |   32|   0|   32|          0|
    |l_state_142_reg_32084                                                                         |   32|   0|   32|          0|
    |l_state_143_reg_31886                                                                         |   32|   0|   32|          0|
    |l_state_144_reg_31688                                                                         |   32|   0|   32|          0|
    |l_state_145_reg_31490                                                                         |   32|   0|   32|          0|
    |l_state_146_reg_31292                                                                         |   32|   0|   32|          0|
    |l_state_147_reg_31094                                                                         |   32|   0|   32|          0|
    |l_state_148_reg_30896                                                                         |   32|   0|   32|          0|
    |l_state_149_reg_30698                                                                         |   32|   0|   32|          0|
    |l_state_14_reg_6226                                                                           |   32|   0|   32|          0|
    |l_state_150_reg_30500                                                                         |   32|   0|   32|          0|
    |l_state_151_reg_30302                                                                         |   32|   0|   32|          0|
    |l_state_152_reg_30104                                                                         |   32|   0|   32|          0|
    |l_state_153_reg_29906                                                                         |   32|   0|   32|          0|
    |l_state_154_reg_29708                                                                         |   32|   0|   32|          0|
    |l_state_155_reg_29510                                                                         |   32|   0|   32|          0|
    |l_state_156_reg_29312                                                                         |   32|   0|   32|          0|
    |l_state_157_reg_29114                                                                         |   32|   0|   32|          0|
    |l_state_158_reg_28916                                                                         |   32|   0|   32|          0|
    |l_state_159_reg_28718                                                                         |   32|   0|   32|          0|
    |l_state_15_reg_6214                                                                           |   32|   0|   32|          0|
    |l_state_160_reg_28520                                                                         |   32|   0|   32|          0|
    |l_state_161_reg_28322                                                                         |   32|   0|   32|          0|
    |l_state_162_reg_28124                                                                         |   32|   0|   32|          0|
    |l_state_163_reg_27926                                                                         |   32|   0|   32|          0|
    |l_state_164_reg_27728                                                                         |   32|   0|   32|          0|
    |l_state_165_reg_27530                                                                         |   32|   0|   32|          0|
    |l_state_166_reg_27332                                                                         |   32|   0|   32|          0|
    |l_state_167_reg_27134                                                                         |   32|   0|   32|          0|
    |l_state_168_reg_26936                                                                         |   32|   0|   32|          0|
    |l_state_169_reg_26738                                                                         |   32|   0|   32|          0|
    |l_state_16_reg_6202                                                                           |   32|   0|   32|          0|
    |l_state_170_reg_26540                                                                         |   32|   0|   32|          0|
    |l_state_171_reg_26342                                                                         |   32|   0|   32|          0|
    |l_state_172_reg_26144                                                                         |   32|   0|   32|          0|
    |l_state_173_reg_25946                                                                         |   32|   0|   32|          0|
    |l_state_174_reg_25748                                                                         |   32|   0|   32|          0|
    |l_state_175_reg_25550                                                                         |   32|   0|   32|          0|
    |l_state_176_reg_25352                                                                         |   32|   0|   32|          0|
    |l_state_177_reg_25154                                                                         |   32|   0|   32|          0|
    |l_state_178_reg_24956                                                                         |   32|   0|   32|          0|
    |l_state_179_reg_24758                                                                         |   32|   0|   32|          0|
    |l_state_17_reg_6190                                                                           |   32|   0|   32|          0|
    |l_state_180_reg_24560                                                                         |   32|   0|   32|          0|
    |l_state_181_reg_24362                                                                         |   32|   0|   32|          0|
    |l_state_182_reg_24164                                                                         |   32|   0|   32|          0|
    |l_state_183_reg_23966                                                                         |   32|   0|   32|          0|
    |l_state_184_reg_23768                                                                         |   32|   0|   32|          0|
    |l_state_185_reg_23570                                                                         |   32|   0|   32|          0|
    |l_state_186_reg_23372                                                                         |   32|   0|   32|          0|
    |l_state_187_reg_23174                                                                         |   32|   0|   32|          0|
    |l_state_188_reg_22976                                                                         |   32|   0|   32|          0|
    |l_state_189_reg_22778                                                                         |   32|   0|   32|          0|
    |l_state_18_reg_6178                                                                           |   32|   0|   32|          0|
    |l_state_190_reg_22580                                                                         |   32|   0|   32|          0|
    |l_state_191_reg_22382                                                                         |   32|   0|   32|          0|
    |l_state_192_reg_22184                                                                         |   32|   0|   32|          0|
    |l_state_19_reg_6166                                                                           |   32|   0|   32|          0|
    |l_state_1_reg_6382                                                                            |   32|   0|   32|          0|
    |l_state_20_reg_6154                                                                           |   32|   0|   32|          0|
    |l_state_21_reg_6142                                                                           |   32|   0|   32|          0|
    |l_state_22_reg_6130                                                                           |   32|   0|   32|          0|
    |l_state_23_reg_6118                                                                           |   32|   0|   32|          0|
    |l_state_24_reg_6106                                                                           |   32|   0|   32|          0|
    |l_state_25_reg_6094                                                                           |   32|   0|   32|          0|
    |l_state_26_reg_6082                                                                           |   32|   0|   32|          0|
    |l_state_27_reg_6070                                                                           |   32|   0|   32|          0|
    |l_state_28_reg_6058                                                                           |   32|   0|   32|          0|
    |l_state_29_reg_6046                                                                           |   32|   0|   32|          0|
    |l_state_2_reg_6370                                                                            |   32|   0|   32|          0|
    |l_state_30_reg_6034                                                                           |   32|   0|   32|          0|
    |l_state_31_reg_6022                                                                           |   32|   0|   32|          0|
    |l_state_32_reg_6010                                                                           |   32|   0|   32|          0|
    |l_state_33_reg_5998                                                                           |   32|   0|   32|          0|
    |l_state_34_reg_5986                                                                           |   32|   0|   32|          0|
    |l_state_35_reg_5974                                                                           |   32|   0|   32|          0|
    |l_state_36_reg_5962                                                                           |   32|   0|   32|          0|
    |l_state_37_reg_5950                                                                           |   32|   0|   32|          0|
    |l_state_38_reg_5938                                                                           |   32|   0|   32|          0|
    |l_state_39_reg_5926                                                                           |   32|   0|   32|          0|
    |l_state_3_reg_6358                                                                            |   32|   0|   32|          0|
    |l_state_40_reg_5914                                                                           |   32|   0|   32|          0|
    |l_state_41_reg_5902                                                                           |   32|   0|   32|          0|
    |l_state_42_reg_5890                                                                           |   32|   0|   32|          0|
    |l_state_43_reg_5878                                                                           |   32|   0|   32|          0|
    |l_state_44_reg_5866                                                                           |   32|   0|   32|          0|
    |l_state_45_reg_5854                                                                           |   32|   0|   32|          0|
    |l_state_46_reg_5842                                                                           |   32|   0|   32|          0|
    |l_state_47_reg_5830                                                                           |   32|   0|   32|          0|
    |l_state_48_reg_5818                                                                           |   32|   0|   32|          0|
    |l_state_49_reg_5806                                                                           |   32|   0|   32|          0|
    |l_state_4_reg_6346                                                                            |   32|   0|   32|          0|
    |l_state_50_reg_5794                                                                           |   32|   0|   32|          0|
    |l_state_51_reg_5782                                                                           |   32|   0|   32|          0|
    |l_state_52_reg_5770                                                                           |   32|   0|   32|          0|
    |l_state_53_reg_5758                                                                           |   32|   0|   32|          0|
    |l_state_54_reg_5746                                                                           |   32|   0|   32|          0|
    |l_state_55_reg_5734                                                                           |   32|   0|   32|          0|
    |l_state_56_reg_5722                                                                           |   32|   0|   32|          0|
    |l_state_57_reg_5710                                                                           |   32|   0|   32|          0|
    |l_state_58_reg_5698                                                                           |   32|   0|   32|          0|
    |l_state_59_reg_5686                                                                           |   32|   0|   32|          0|
    |l_state_5_reg_6334                                                                            |   32|   0|   32|          0|
    |l_state_60_reg_5674                                                                           |   32|   0|   32|          0|
    |l_state_61_reg_5662                                                                           |   32|   0|   32|          0|
    |l_state_62_reg_5650                                                                           |   32|   0|   32|          0|
    |l_state_63_reg_5638                                                                           |   32|   0|   32|          0|
    |l_state_64_reg_21393                                                                          |   32|   0|   32|          0|
    |l_state_65_reg_21381                                                                          |   32|   0|   32|          0|
    |l_state_66_reg_21369                                                                          |   32|   0|   32|          0|
    |l_state_67_reg_21357                                                                          |   32|   0|   32|          0|
    |l_state_68_reg_21345                                                                          |   32|   0|   32|          0|
    |l_state_69_reg_21333                                                                          |   32|   0|   32|          0|
    |l_state_6_reg_6322                                                                            |   32|   0|   32|          0|
    |l_state_70_reg_21321                                                                          |   32|   0|   32|          0|
    |l_state_71_reg_21309                                                                          |   32|   0|   32|          0|
    |l_state_72_reg_21297                                                                          |   32|   0|   32|          0|
    |l_state_73_reg_21285                                                                          |   32|   0|   32|          0|
    |l_state_74_reg_21273                                                                          |   32|   0|   32|          0|
    |l_state_75_reg_21261                                                                          |   32|   0|   32|          0|
    |l_state_76_reg_21249                                                                          |   32|   0|   32|          0|
    |l_state_77_reg_21237                                                                          |   32|   0|   32|          0|
    |l_state_78_reg_21225                                                                          |   32|   0|   32|          0|
    |l_state_79_reg_21213                                                                          |   32|   0|   32|          0|
    |l_state_7_reg_6310                                                                            |   32|   0|   32|          0|
    |l_state_80_reg_21201                                                                          |   32|   0|   32|          0|
    |l_state_81_reg_21189                                                                          |   32|   0|   32|          0|
    |l_state_82_reg_21177                                                                          |   32|   0|   32|          0|
    |l_state_83_reg_21165                                                                          |   32|   0|   32|          0|
    |l_state_84_reg_21153                                                                          |   32|   0|   32|          0|
    |l_state_85_reg_21141                                                                          |   32|   0|   32|          0|
    |l_state_86_reg_21129                                                                          |   32|   0|   32|          0|
    |l_state_87_reg_21117                                                                          |   32|   0|   32|          0|
    |l_state_88_reg_21105                                                                          |   32|   0|   32|          0|
    |l_state_89_reg_21093                                                                          |   32|   0|   32|          0|
    |l_state_8_reg_6298                                                                            |   32|   0|   32|          0|
    |l_state_90_reg_21081                                                                          |   32|   0|   32|          0|
    |l_state_91_reg_21069                                                                          |   32|   0|   32|          0|
    |l_state_92_reg_21057                                                                          |   32|   0|   32|          0|
    |l_state_93_reg_21045                                                                          |   32|   0|   32|          0|
    |l_state_94_reg_21033                                                                          |   32|   0|   32|          0|
    |l_state_95_reg_21021                                                                          |   32|   0|   32|          0|
    |l_state_96_reg_21009                                                                          |   32|   0|   32|          0|
    |l_state_97_reg_20997                                                                          |   32|   0|   32|          0|
    |l_state_98_reg_20985                                                                          |   32|   0|   32|          0|
    |l_state_99_reg_20973                                                                          |   32|   0|   32|          0|
    |l_state_9_reg_6286                                                                            |   32|   0|   32|          0|
    |l_state_reg_6394                                                                              |   32|   0|   32|          0|
    |m_new_reg_57231                                                                               |   32|   0|   32|          0|
    |m_state_100_reg_21729                                                                         |   32|   0|   32|          0|
    |m_state_101_reg_21717                                                                         |   32|   0|   32|          0|
    |m_state_102_reg_21705                                                                         |   32|   0|   32|          0|
    |m_state_103_reg_21693                                                                         |   32|   0|   32|          0|
    |m_state_104_reg_21681                                                                         |   32|   0|   32|          0|
    |m_state_105_reg_21669                                                                         |   32|   0|   32|          0|
    |m_state_106_reg_21657                                                                         |   32|   0|   32|          0|
    |m_state_107_reg_21645                                                                         |   32|   0|   32|          0|
    |m_state_108_reg_21633                                                                         |   32|   0|   32|          0|
    |m_state_109_reg_21621                                                                         |   32|   0|   32|          0|
    |m_state_10_reg_7042                                                                           |   32|   0|   32|          0|
    |m_state_110_reg_21609                                                                         |   32|   0|   32|          0|
    |m_state_111_reg_21597                                                                         |   32|   0|   32|          0|
    |m_state_112_reg_21585                                                                         |   32|   0|   32|          0|
    |m_state_113_reg_21573                                                                         |   32|   0|   32|          0|
    |m_state_114_reg_21561                                                                         |   32|   0|   32|          0|
    |m_state_115_reg_21549                                                                         |   32|   0|   32|          0|
    |m_state_116_reg_21537                                                                         |   32|   0|   32|          0|
    |m_state_117_reg_21525                                                                         |   32|   0|   32|          0|
    |m_state_118_reg_21513                                                                         |   32|   0|   32|          0|
    |m_state_119_reg_21501                                                                         |   32|   0|   32|          0|
    |m_state_11_reg_7030                                                                           |   32|   0|   32|          0|
    |m_state_120_reg_21489                                                                         |   32|   0|   32|          0|
    |m_state_121_reg_21477                                                                         |   32|   0|   32|          0|
    |m_state_122_reg_21465                                                                         |   32|   0|   32|          0|
    |m_state_123_reg_21453                                                                         |   32|   0|   32|          0|
    |m_state_124_reg_21441                                                                         |   32|   0|   32|          0|
    |m_state_125_reg_21429                                                                         |   32|   0|   32|          0|
    |m_state_126_reg_21417                                                                         |   32|   0|   32|          0|
    |m_state_127_reg_21405                                                                         |   32|   0|   32|          0|
    |m_state_12_reg_7018                                                                           |   32|   0|   32|          0|
    |m_state_13_reg_7006                                                                           |   32|   0|   32|          0|
    |m_state_14_reg_6994                                                                           |   32|   0|   32|          0|
    |m_state_15_reg_6982                                                                           |   32|   0|   32|          0|
    |m_state_16_reg_6970                                                                           |   32|   0|   32|          0|
    |m_state_17_reg_6958                                                                           |   32|   0|   32|          0|
    |m_state_18_reg_6946                                                                           |   32|   0|   32|          0|
    |m_state_19_reg_6934                                                                           |   32|   0|   32|          0|
    |m_state_1_reg_7150                                                                            |   32|   0|   32|          0|
    |m_state_20_reg_6922                                                                           |   32|   0|   32|          0|
    |m_state_21_reg_6910                                                                           |   32|   0|   32|          0|
    |m_state_22_reg_6898                                                                           |   32|   0|   32|          0|
    |m_state_23_reg_6886                                                                           |   32|   0|   32|          0|
    |m_state_24_reg_6874                                                                           |   32|   0|   32|          0|
    |m_state_25_reg_6862                                                                           |   32|   0|   32|          0|
    |m_state_26_reg_6850                                                                           |   32|   0|   32|          0|
    |m_state_27_reg_6838                                                                           |   32|   0|   32|          0|
    |m_state_28_reg_6826                                                                           |   32|   0|   32|          0|
    |m_state_29_reg_6814                                                                           |   32|   0|   32|          0|
    |m_state_2_reg_7138                                                                            |   32|   0|   32|          0|
    |m_state_30_reg_6802                                                                           |   32|   0|   32|          0|
    |m_state_31_reg_6790                                                                           |   32|   0|   32|          0|
    |m_state_32_reg_6778                                                                           |   32|   0|   32|          0|
    |m_state_33_reg_6766                                                                           |   32|   0|   32|          0|
    |m_state_34_reg_6754                                                                           |   32|   0|   32|          0|
    |m_state_35_reg_6742                                                                           |   32|   0|   32|          0|
    |m_state_36_reg_6730                                                                           |   32|   0|   32|          0|
    |m_state_37_reg_6718                                                                           |   32|   0|   32|          0|
    |m_state_38_reg_6706                                                                           |   32|   0|   32|          0|
    |m_state_39_reg_6694                                                                           |   32|   0|   32|          0|
    |m_state_3_reg_7126                                                                            |   32|   0|   32|          0|
    |m_state_40_reg_6682                                                                           |   32|   0|   32|          0|
    |m_state_41_reg_6670                                                                           |   32|   0|   32|          0|
    |m_state_42_reg_6658                                                                           |   32|   0|   32|          0|
    |m_state_43_reg_6646                                                                           |   32|   0|   32|          0|
    |m_state_44_reg_6634                                                                           |   32|   0|   32|          0|
    |m_state_45_reg_6622                                                                           |   32|   0|   32|          0|
    |m_state_46_reg_6610                                                                           |   32|   0|   32|          0|
    |m_state_47_reg_6598                                                                           |   32|   0|   32|          0|
    |m_state_48_reg_6586                                                                           |   32|   0|   32|          0|
    |m_state_49_reg_6574                                                                           |   32|   0|   32|          0|
    |m_state_4_reg_7114                                                                            |   32|   0|   32|          0|
    |m_state_50_reg_6562                                                                           |   32|   0|   32|          0|
    |m_state_51_reg_6550                                                                           |   32|   0|   32|          0|
    |m_state_52_reg_6538                                                                           |   32|   0|   32|          0|
    |m_state_53_reg_6526                                                                           |   32|   0|   32|          0|
    |m_state_54_reg_6514                                                                           |   32|   0|   32|          0|
    |m_state_55_reg_6502                                                                           |   32|   0|   32|          0|
    |m_state_56_reg_6490                                                                           |   32|   0|   32|          0|
    |m_state_57_reg_6478                                                                           |   32|   0|   32|          0|
    |m_state_58_reg_6466                                                                           |   32|   0|   32|          0|
    |m_state_59_reg_6454                                                                           |   32|   0|   32|          0|
    |m_state_5_reg_7102                                                                            |   32|   0|   32|          0|
    |m_state_60_reg_6442                                                                           |   32|   0|   32|          0|
    |m_state_61_reg_6430                                                                           |   32|   0|   32|          0|
    |m_state_62_reg_6418                                                                           |   32|   0|   32|          0|
    |m_state_63_reg_6406                                                                           |   32|   0|   32|          0|
    |m_state_64_reg_22161                                                                          |   32|   0|   32|          0|
    |m_state_65_reg_22149                                                                          |   32|   0|   32|          0|
    |m_state_66_reg_22137                                                                          |   32|   0|   32|          0|
    |m_state_67_reg_22125                                                                          |   32|   0|   32|          0|
    |m_state_68_reg_22113                                                                          |   32|   0|   32|          0|
    |m_state_69_reg_22101                                                                          |   32|   0|   32|          0|
    |m_state_6_reg_7090                                                                            |   32|   0|   32|          0|
    |m_state_70_reg_22089                                                                          |   32|   0|   32|          0|
    |m_state_71_reg_22077                                                                          |   32|   0|   32|          0|
    |m_state_72_reg_22065                                                                          |   32|   0|   32|          0|
    |m_state_73_reg_22053                                                                          |   32|   0|   32|          0|
    |m_state_74_reg_22041                                                                          |   32|   0|   32|          0|
    |m_state_75_reg_22029                                                                          |   32|   0|   32|          0|
    |m_state_76_reg_22017                                                                          |   32|   0|   32|          0|
    |m_state_77_reg_22005                                                                          |   32|   0|   32|          0|
    |m_state_78_reg_21993                                                                          |   32|   0|   32|          0|
    |m_state_79_reg_21981                                                                          |   32|   0|   32|          0|
    |m_state_7_reg_7078                                                                            |   32|   0|   32|          0|
    |m_state_80_reg_21969                                                                          |   32|   0|   32|          0|
    |m_state_81_reg_21957                                                                          |   32|   0|   32|          0|
    |m_state_82_reg_21945                                                                          |   32|   0|   32|          0|
    |m_state_83_reg_21933                                                                          |   32|   0|   32|          0|
    |m_state_84_reg_21921                                                                          |   32|   0|   32|          0|
    |m_state_85_reg_21909                                                                          |   32|   0|   32|          0|
    |m_state_86_reg_21897                                                                          |   32|   0|   32|          0|
    |m_state_87_reg_21885                                                                          |   32|   0|   32|          0|
    |m_state_88_reg_21873                                                                          |   32|   0|   32|          0|
    |m_state_89_reg_21861                                                                          |   32|   0|   32|          0|
    |m_state_8_reg_7066                                                                            |   32|   0|   32|          0|
    |m_state_90_reg_21849                                                                          |   32|   0|   32|          0|
    |m_state_91_reg_21837                                                                          |   32|   0|   32|          0|
    |m_state_92_reg_21825                                                                          |   32|   0|   32|          0|
    |m_state_93_reg_21813                                                                          |   32|   0|   32|          0|
    |m_state_94_reg_21801                                                                          |   32|   0|   32|          0|
    |m_state_95_reg_21789                                                                          |   32|   0|   32|          0|
    |m_state_96_reg_21777                                                                          |   32|   0|   32|          0|
    |m_state_97_reg_21765                                                                          |   32|   0|   32|          0|
    |m_state_98_reg_21753                                                                          |   32|   0|   32|          0|
    |m_state_99_reg_21741                                                                          |   32|   0|   32|          0|
    |m_state_9_reg_7054                                                                            |   32|   0|   32|          0|
    |m_state_reg_7162                                                                              |   32|   0|   32|          0|
    |mul14_i1_reg_57409                                                                            |   32|   0|   32|          0|
    |mul_i1_reg_57404                                                                              |   32|   0|   32|          0|
    |mul_reg_57601                                                                                 |   32|   0|   32|          0|
    |or_ln32_reg_57304                                                                             |    1|   0|    1|          0|
    |q_scale_read_reg_55396                                                                        |   32|   0|   32|          0|
    |qb_fu_614                                                                                     |   11|   0|   11|          0|
    |reg_52825                                                                                     |   32|   0|   32|          0|
    |reg_52832                                                                                     |   32|   0|   32|          0|
    |reg_52838                                                                                     |   32|   0|   32|          0|
    |reg_52907                                                                                     |   32|   0|   32|          0|
    |reg_52912                                                                                     |   32|   0|   32|          0|
    |reg_52917                                                                                     |   32|   0|   32|          0|
    |reg_52922                                                                                     |   32|   0|   32|          0|
    |reg_52927                                                                                     |   32|   0|   32|          0|
    |reg_52933                                                                                     |   32|   0|   32|          0|
    |reg_52939                                                                                     |   32|   0|   32|          0|
    |reg_52944                                                                                     |   32|   0|   32|          0|
    |reg_52950                                                                                     |   32|   0|   32|          0|
    |reg_52955                                                                                     |   32|   0|   32|          0|
    |reg_52960                                                                                     |   32|   0|   32|          0|
    |reg_52965                                                                                     |   32|   0|   32|          0|
    |reg_52970                                                                                     |   32|   0|   32|          0|
    |reg_52976                                                                                     |   32|   0|   32|          0|
    |reg_52981                                                                                     |   32|   0|   32|          0|
    |reg_52986                                                                                     |   32|   0|   32|          0|
    |reg_52991                                                                                     |   32|   0|   32|          0|
    |reg_52996                                                                                     |   32|   0|   32|          0|
    |reg_53001                                                                                     |   32|   0|   32|          0|
    |reg_53006                                                                                     |   32|   0|   32|          0|
    |reg_53011                                                                                     |   32|   0|   32|          0|
    |reg_53016                                                                                     |   32|   0|   32|          0|
    |reg_53021                                                                                     |   32|   0|   32|          0|
    |reg_53026                                                                                     |   32|   0|   32|          0|
    |reg_53031                                                                                     |   32|   0|   32|          0|
    |reg_53036                                                                                     |   32|   0|   32|          0|
    |reg_53041                                                                                     |   32|   0|   32|          0|
    |reg_53046                                                                                     |   32|   0|   32|          0|
    |reg_53051                                                                                     |   32|   0|   32|          0|
    |rescale_old_reg_57417                                                                         |   32|   0|   32|          0|
    |result_reg_57354                                                                              |   32|   0|   32|          0|
    |row_max_100_reg_13311                                                                         |   32|   0|   32|          0|
    |row_max_101_reg_13113                                                                         |   32|   0|   32|          0|
    |row_max_102_reg_12915                                                                         |   32|   0|   32|          0|
    |row_max_103_reg_12717                                                                         |   32|   0|   32|          0|
    |row_max_104_reg_12519                                                                         |   32|   0|   32|          0|
    |row_max_105_reg_12321                                                                         |   32|   0|   32|          0|
    |row_max_106_reg_12123                                                                         |   32|   0|   32|          0|
    |row_max_107_reg_11925                                                                         |   32|   0|   32|          0|
    |row_max_108_reg_11727                                                                         |   32|   0|   32|          0|
    |row_max_109_reg_11529                                                                         |   32|   0|   32|          0|
    |row_max_10_reg_7822                                                                           |   32|   0|   32|          0|
    |row_max_110_reg_11331                                                                         |   32|   0|   32|          0|
    |row_max_111_reg_11133                                                                         |   32|   0|   32|          0|
    |row_max_112_reg_10935                                                                         |   32|   0|   32|          0|
    |row_max_113_reg_10737                                                                         |   32|   0|   32|          0|
    |row_max_114_reg_10539                                                                         |   32|   0|   32|          0|
    |row_max_115_reg_10341                                                                         |   32|   0|   32|          0|
    |row_max_116_reg_10143                                                                         |   32|   0|   32|          0|
    |row_max_117_reg_9945                                                                          |   32|   0|   32|          0|
    |row_max_118_reg_9747                                                                          |   32|   0|   32|          0|
    |row_max_119_reg_9549                                                                          |   32|   0|   32|          0|
    |row_max_11_reg_7810                                                                           |   32|   0|   32|          0|
    |row_max_120_reg_9351                                                                          |   32|   0|   32|          0|
    |row_max_121_reg_9153                                                                          |   32|   0|   32|          0|
    |row_max_122_reg_8955                                                                          |   32|   0|   32|          0|
    |row_max_123_reg_8757                                                                          |   32|   0|   32|          0|
    |row_max_124_reg_8559                                                                          |   32|   0|   32|          0|
    |row_max_125_reg_8361                                                                          |   32|   0|   32|          0|
    |row_max_126_reg_8163                                                                          |   32|   0|   32|          0|
    |row_max_127_reg_7965                                                                          |   32|   0|   32|          0|
    |row_max_12_reg_7798                                                                           |   32|   0|   32|          0|
    |row_max_13_reg_7786                                                                           |   32|   0|   32|          0|
    |row_max_14_reg_7774                                                                           |   32|   0|   32|          0|
    |row_max_15_reg_7762                                                                           |   32|   0|   32|          0|
    |row_max_16_reg_7750                                                                           |   32|   0|   32|          0|
    |row_max_17_reg_7738                                                                           |   32|   0|   32|          0|
    |row_max_18_reg_7726                                                                           |   32|   0|   32|          0|
    |row_max_19_reg_7714                                                                           |   32|   0|   32|          0|
    |row_max_1_reg_7930                                                                            |   32|   0|   32|          0|
    |row_max_20_reg_7702                                                                           |   32|   0|   32|          0|
    |row_max_21_reg_7690                                                                           |   32|   0|   32|          0|
    |row_max_22_reg_7678                                                                           |   32|   0|   32|          0|
    |row_max_23_reg_7666                                                                           |   32|   0|   32|          0|
    |row_max_24_reg_7654                                                                           |   32|   0|   32|          0|
    |row_max_25_reg_7642                                                                           |   32|   0|   32|          0|
    |row_max_26_reg_7630                                                                           |   32|   0|   32|          0|
    |row_max_27_reg_7618                                                                           |   32|   0|   32|          0|
    |row_max_28_reg_7606                                                                           |   32|   0|   32|          0|
    |row_max_29_reg_7594                                                                           |   32|   0|   32|          0|
    |row_max_2_reg_7918                                                                            |   32|   0|   32|          0|
    |row_max_30_reg_7582                                                                           |   32|   0|   32|          0|
    |row_max_31_reg_7570                                                                           |   32|   0|   32|          0|
    |row_max_32_reg_7558                                                                           |   32|   0|   32|          0|
    |row_max_33_reg_7546                                                                           |   32|   0|   32|          0|
    |row_max_34_reg_7534                                                                           |   32|   0|   32|          0|
    |row_max_35_reg_7522                                                                           |   32|   0|   32|          0|
    |row_max_36_reg_7510                                                                           |   32|   0|   32|          0|
    |row_max_37_reg_7498                                                                           |   32|   0|   32|          0|
    |row_max_38_reg_7486                                                                           |   32|   0|   32|          0|
    |row_max_39_reg_7474                                                                           |   32|   0|   32|          0|
    |row_max_3_reg_7906                                                                            |   32|   0|   32|          0|
    |row_max_40_reg_7462                                                                           |   32|   0|   32|          0|
    |row_max_41_reg_7450                                                                           |   32|   0|   32|          0|
    |row_max_42_reg_7438                                                                           |   32|   0|   32|          0|
    |row_max_43_reg_7426                                                                           |   32|   0|   32|          0|
    |row_max_44_reg_7414                                                                           |   32|   0|   32|          0|
    |row_max_45_reg_7402                                                                           |   32|   0|   32|          0|
    |row_max_46_reg_7390                                                                           |   32|   0|   32|          0|
    |row_max_47_reg_7378                                                                           |   32|   0|   32|          0|
    |row_max_48_reg_7366                                                                           |   32|   0|   32|          0|
    |row_max_49_reg_7354                                                                           |   32|   0|   32|          0|
    |row_max_4_reg_7894                                                                            |   32|   0|   32|          0|
    |row_max_50_reg_7342                                                                           |   32|   0|   32|          0|
    |row_max_51_reg_7330                                                                           |   32|   0|   32|          0|
    |row_max_52_reg_7318                                                                           |   32|   0|   32|          0|
    |row_max_53_reg_7306                                                                           |   32|   0|   32|          0|
    |row_max_54_reg_7294                                                                           |   32|   0|   32|          0|
    |row_max_55_reg_7282                                                                           |   32|   0|   32|          0|
    |row_max_56_reg_7270                                                                           |   32|   0|   32|          0|
    |row_max_57_reg_7258                                                                           |   32|   0|   32|          0|
    |row_max_58_reg_7246                                                                           |   32|   0|   32|          0|
    |row_max_59_reg_7234                                                                           |   32|   0|   32|          0|
    |row_max_5_reg_7882                                                                            |   32|   0|   32|          0|
    |row_max_60_reg_7222                                                                           |   32|   0|   32|          0|
    |row_max_61_reg_7210                                                                           |   32|   0|   32|          0|
    |row_max_62_reg_7198                                                                           |   32|   0|   32|          0|
    |row_max_63_reg_7186                                                                           |   32|   0|   32|          0|
    |row_max_64_reg_20439                                                                          |   32|   0|   32|          0|
    |row_max_65_reg_20241                                                                          |   32|   0|   32|          0|
    |row_max_66_reg_20043                                                                          |   32|   0|   32|          0|
    |row_max_67_reg_19845                                                                          |   32|   0|   32|          0|
    |row_max_68_reg_19647                                                                          |   32|   0|   32|          0|
    |row_max_69_reg_19449                                                                          |   32|   0|   32|          0|
    |row_max_6_reg_7870                                                                            |   32|   0|   32|          0|
    |row_max_70_reg_19251                                                                          |   32|   0|   32|          0|
    |row_max_71_reg_19053                                                                          |   32|   0|   32|          0|
    |row_max_72_reg_18855                                                                          |   32|   0|   32|          0|
    |row_max_73_reg_18657                                                                          |   32|   0|   32|          0|
    |row_max_74_reg_18459                                                                          |   32|   0|   32|          0|
    |row_max_75_reg_18261                                                                          |   32|   0|   32|          0|
    |row_max_76_reg_18063                                                                          |   32|   0|   32|          0|
    |row_max_77_reg_17865                                                                          |   32|   0|   32|          0|
    |row_max_78_reg_17667                                                                          |   32|   0|   32|          0|
    |row_max_79_reg_17469                                                                          |   32|   0|   32|          0|
    |row_max_7_reg_7858                                                                            |   32|   0|   32|          0|
    |row_max_80_reg_17271                                                                          |   32|   0|   32|          0|
    |row_max_81_reg_17073                                                                          |   32|   0|   32|          0|
    |row_max_82_reg_16875                                                                          |   32|   0|   32|          0|
    |row_max_83_reg_16677                                                                          |   32|   0|   32|          0|
    |row_max_84_reg_16479                                                                          |   32|   0|   32|          0|
    |row_max_85_reg_16281                                                                          |   32|   0|   32|          0|
    |row_max_86_reg_16083                                                                          |   32|   0|   32|          0|
    |row_max_87_reg_15885                                                                          |   32|   0|   32|          0|
    |row_max_88_reg_15687                                                                          |   32|   0|   32|          0|
    |row_max_89_reg_15489                                                                          |   32|   0|   32|          0|
    |row_max_8_reg_7846                                                                            |   32|   0|   32|          0|
    |row_max_90_reg_15291                                                                          |   32|   0|   32|          0|
    |row_max_91_reg_15093                                                                          |   32|   0|   32|          0|
    |row_max_92_reg_14895                                                                          |   32|   0|   32|          0|
    |row_max_93_reg_14697                                                                          |   32|   0|   32|          0|
    |row_max_94_reg_14499                                                                          |   32|   0|   32|          0|
    |row_max_95_reg_14301                                                                          |   32|   0|   32|          0|
    |row_max_96_reg_14103                                                                          |   32|   0|   32|          0|
    |row_max_97_reg_13905                                                                          |   32|   0|   32|          0|
    |row_max_98_reg_13707                                                                          |   32|   0|   32|          0|
    |row_max_99_reg_13509                                                                          |   32|   0|   32|          0|
    |row_max_9_reg_7834                                                                            |   32|   0|   32|          0|
    |row_max_reg_7942                                                                              |   32|   0|   32|          0|
    |select_ln35_reg_57309                                                                         |   32|   0|   32|          0|
    |select_ln81_1_reg_55841                                                                       |    6|   0|    6|          0|
    |select_ln81_reg_55836                                                                         |   11|   0|   11|          0|
    |sub11_i1_reg_57394                                                                            |   32|   0|   32|          0|
    |tmp_2_reg_57211                                                                               |   32|   0|   32|          0|
    |tmp_3_reg_57218                                                                               |   32|   0|   32|          0|
    |tmp_4_reg_57596                                                                               |   32|   0|   32|          0|
    |tmp_6_reg_57339                                                                               |    1|   0|    1|          0|
    |tmp_81_reg_57314                                                                              |    1|   0|    1|          0|
    |tmp_83_reg_57344                                                                              |   32|   0|   32|          0|
    |tmp_84_reg_57349                                                                              |   32|   0|   32|          0|
    |tmp_9_reg_57389                                                                               |   32|   0|   32|          0|
    |tmp_s_reg_57399                                                                               |   32|   0|   32|          0|
    |trunc_ln144_reg_55895                                                                         |    6|   0|    6|          0|
    |trunc_ln161_reg_57196                                                                         |    6|   0|    6|          0|
    |trunc_ln35_reg_57369                                                                          |    7|   0|    7|          0|
    |trunc_ln89_reg_55852                                                                          |   10|   0|   10|          0|
    |trunc_ln_reg_55807                                                                            |   63|   0|   63|          0|
    |v_scale_read_reg_55391                                                                        |   32|   0|   32|          0|
    |xs_sign_reg_57334                                                                             |    1|   0|    1|          0|
    |zext_ln81_reg_55846                                                                           |    5|   0|   64|         59|
    +----------------------------------------------------------------------------------------------+-----+----+-----+-----------+
    |Total                                                                                         |18263|   0|18328|         65|
    +----------------------------------------------------------------------------------------------+-----+----+-----+-----------+



================================================================
== Interface
================================================================
* Summary: 
+-----------------------+-----+-----+------------+-----------------------+--------------+
|       RTL Ports       | Dir | Bits|  Protocol  |     Source Object     |    C Type    |
+-----------------------+-----+-----+------------+-----------------------+--------------+
|s_axi_control_AWVALID  |   in|    1|       s_axi|                control|        scalar|
|s_axi_control_AWREADY  |  out|    1|       s_axi|                control|        scalar|
|s_axi_control_AWADDR   |   in|    7|       s_axi|                control|        scalar|
|s_axi_control_WVALID   |   in|    1|       s_axi|                control|        scalar|
|s_axi_control_WREADY   |  out|    1|       s_axi|                control|        scalar|
|s_axi_control_WDATA    |   in|   32|       s_axi|                control|        scalar|
|s_axi_control_WSTRB    |   in|    4|       s_axi|                control|        scalar|
|s_axi_control_ARVALID  |   in|    1|       s_axi|                control|        scalar|
|s_axi_control_ARREADY  |  out|    1|       s_axi|                control|        scalar|
|s_axi_control_ARADDR   |   in|    7|       s_axi|                control|        scalar|
|s_axi_control_RVALID   |  out|    1|       s_axi|                control|        scalar|
|s_axi_control_RREADY   |   in|    1|       s_axi|                control|        scalar|
|s_axi_control_RDATA    |  out|   32|       s_axi|                control|        scalar|
|s_axi_control_RRESP    |  out|    2|       s_axi|                control|        scalar|
|s_axi_control_BVALID   |  out|    1|       s_axi|                control|        scalar|
|s_axi_control_BREADY   |   in|    1|       s_axi|                control|        scalar|
|s_axi_control_BRESP    |  out|    2|       s_axi|                control|        scalar|
|ap_clk                 |   in|    1|  ap_ctrl_hs|  attention_int8_kernel|  return value|
|ap_rst_n               |   in|    1|  ap_ctrl_hs|  attention_int8_kernel|  return value|
|interrupt              |  out|    1|  ap_ctrl_hs|  attention_int8_kernel|  return value|
|m_axi_gmem0_AWVALID    |  out|    1|       m_axi|                  gmem0|       pointer|
|m_axi_gmem0_AWREADY    |   in|    1|       m_axi|                  gmem0|       pointer|
|m_axi_gmem0_AWADDR     |  out|   64|       m_axi|                  gmem0|       pointer|
|m_axi_gmem0_AWID       |  out|    1|       m_axi|                  gmem0|       pointer|
|m_axi_gmem0_AWLEN      |  out|    8|       m_axi|                  gmem0|       pointer|
|m_axi_gmem0_AWSIZE     |  out|    3|       m_axi|                  gmem0|       pointer|
|m_axi_gmem0_AWBURST    |  out|    2|       m_axi|                  gmem0|       pointer|
|m_axi_gmem0_AWLOCK     |  out|    2|       m_axi|                  gmem0|       pointer|
|m_axi_gmem0_AWCACHE    |  out|    4|       m_axi|                  gmem0|       pointer|
|m_axi_gmem0_AWPROT     |  out|    3|       m_axi|                  gmem0|       pointer|
|m_axi_gmem0_AWQOS      |  out|    4|       m_axi|                  gmem0|       pointer|
|m_axi_gmem0_AWREGION   |  out|    4|       m_axi|                  gmem0|       pointer|
|m_axi_gmem0_AWUSER     |  out|    1|       m_axi|                  gmem0|       pointer|
|m_axi_gmem0_WVALID     |  out|    1|       m_axi|                  gmem0|       pointer|
|m_axi_gmem0_WREADY     |   in|    1|       m_axi|                  gmem0|       pointer|
|m_axi_gmem0_WDATA      |  out|   32|       m_axi|                  gmem0|       pointer|
|m_axi_gmem0_WSTRB      |  out|    4|       m_axi|                  gmem0|       pointer|
|m_axi_gmem0_WLAST      |  out|    1|       m_axi|                  gmem0|       pointer|
|m_axi_gmem0_WID        |  out|    1|       m_axi|                  gmem0|       pointer|
|m_axi_gmem0_WUSER      |  out|    1|       m_axi|                  gmem0|       pointer|
|m_axi_gmem0_ARVALID    |  out|    1|       m_axi|                  gmem0|       pointer|
|m_axi_gmem0_ARREADY    |   in|    1|       m_axi|                  gmem0|       pointer|
|m_axi_gmem0_ARADDR     |  out|   64|       m_axi|                  gmem0|       pointer|
|m_axi_gmem0_ARID       |  out|    1|       m_axi|                  gmem0|       pointer|
|m_axi_gmem0_ARLEN      |  out|    8|       m_axi|                  gmem0|       pointer|
|m_axi_gmem0_ARSIZE     |  out|    3|       m_axi|                  gmem0|       pointer|
|m_axi_gmem0_ARBURST    |  out|    2|       m_axi|                  gmem0|       pointer|
|m_axi_gmem0_ARLOCK     |  out|    2|       m_axi|                  gmem0|       pointer|
|m_axi_gmem0_ARCACHE    |  out|    4|       m_axi|                  gmem0|       pointer|
|m_axi_gmem0_ARPROT     |  out|    3|       m_axi|                  gmem0|       pointer|
|m_axi_gmem0_ARQOS      |  out|    4|       m_axi|                  gmem0|       pointer|
|m_axi_gmem0_ARREGION   |  out|    4|       m_axi|                  gmem0|       pointer|
|m_axi_gmem0_ARUSER     |  out|    1|       m_axi|                  gmem0|       pointer|
|m_axi_gmem0_RVALID     |   in|    1|       m_axi|                  gmem0|       pointer|
|m_axi_gmem0_RREADY     |  out|    1|       m_axi|                  gmem0|       pointer|
|m_axi_gmem0_RDATA      |   in|   32|       m_axi|                  gmem0|       pointer|
|m_axi_gmem0_RLAST      |   in|    1|       m_axi|                  gmem0|       pointer|
|m_axi_gmem0_RID        |   in|    1|       m_axi|                  gmem0|       pointer|
|m_axi_gmem0_RUSER      |   in|    1|       m_axi|                  gmem0|       pointer|
|m_axi_gmem0_RRESP      |   in|    2|       m_axi|                  gmem0|       pointer|
|m_axi_gmem0_BVALID     |   in|    1|       m_axi|                  gmem0|       pointer|
|m_axi_gmem0_BREADY     |  out|    1|       m_axi|                  gmem0|       pointer|
|m_axi_gmem0_BRESP      |   in|    2|       m_axi|                  gmem0|       pointer|
|m_axi_gmem0_BID        |   in|    1|       m_axi|                  gmem0|       pointer|
|m_axi_gmem0_BUSER      |   in|    1|       m_axi|                  gmem0|       pointer|
|m_axi_gmem1_AWVALID    |  out|    1|       m_axi|                  gmem1|       pointer|
|m_axi_gmem1_AWREADY    |   in|    1|       m_axi|                  gmem1|       pointer|
|m_axi_gmem1_AWADDR     |  out|   64|       m_axi|                  gmem1|       pointer|
|m_axi_gmem1_AWID       |  out|    1|       m_axi|                  gmem1|       pointer|
|m_axi_gmem1_AWLEN      |  out|    8|       m_axi|                  gmem1|       pointer|
|m_axi_gmem1_AWSIZE     |  out|    3|       m_axi|                  gmem1|       pointer|
|m_axi_gmem1_AWBURST    |  out|    2|       m_axi|                  gmem1|       pointer|
|m_axi_gmem1_AWLOCK     |  out|    2|       m_axi|                  gmem1|       pointer|
|m_axi_gmem1_AWCACHE    |  out|    4|       m_axi|                  gmem1|       pointer|
|m_axi_gmem1_AWPROT     |  out|    3|       m_axi|                  gmem1|       pointer|
|m_axi_gmem1_AWQOS      |  out|    4|       m_axi|                  gmem1|       pointer|
|m_axi_gmem1_AWREGION   |  out|    4|       m_axi|                  gmem1|       pointer|
|m_axi_gmem1_AWUSER     |  out|    1|       m_axi|                  gmem1|       pointer|
|m_axi_gmem1_WVALID     |  out|    1|       m_axi|                  gmem1|       pointer|
|m_axi_gmem1_WREADY     |   in|    1|       m_axi|                  gmem1|       pointer|
|m_axi_gmem1_WDATA      |  out|   32|       m_axi|                  gmem1|       pointer|
|m_axi_gmem1_WSTRB      |  out|    4|       m_axi|                  gmem1|       pointer|
|m_axi_gmem1_WLAST      |  out|    1|       m_axi|                  gmem1|       pointer|
|m_axi_gmem1_WID        |  out|    1|       m_axi|                  gmem1|       pointer|
|m_axi_gmem1_WUSER      |  out|    1|       m_axi|                  gmem1|       pointer|
|m_axi_gmem1_ARVALID    |  out|    1|       m_axi|                  gmem1|       pointer|
|m_axi_gmem1_ARREADY    |   in|    1|       m_axi|                  gmem1|       pointer|
|m_axi_gmem1_ARADDR     |  out|   64|       m_axi|                  gmem1|       pointer|
|m_axi_gmem1_ARID       |  out|    1|       m_axi|                  gmem1|       pointer|
|m_axi_gmem1_ARLEN      |  out|    8|       m_axi|                  gmem1|       pointer|
|m_axi_gmem1_ARSIZE     |  out|    3|       m_axi|                  gmem1|       pointer|
|m_axi_gmem1_ARBURST    |  out|    2|       m_axi|                  gmem1|       pointer|
|m_axi_gmem1_ARLOCK     |  out|    2|       m_axi|                  gmem1|       pointer|
|m_axi_gmem1_ARCACHE    |  out|    4|       m_axi|                  gmem1|       pointer|
|m_axi_gmem1_ARPROT     |  out|    3|       m_axi|                  gmem1|       pointer|
|m_axi_gmem1_ARQOS      |  out|    4|       m_axi|                  gmem1|       pointer|
|m_axi_gmem1_ARREGION   |  out|    4|       m_axi|                  gmem1|       pointer|
|m_axi_gmem1_ARUSER     |  out|    1|       m_axi|                  gmem1|       pointer|
|m_axi_gmem1_RVALID     |   in|    1|       m_axi|                  gmem1|       pointer|
|m_axi_gmem1_RREADY     |  out|    1|       m_axi|                  gmem1|       pointer|
|m_axi_gmem1_RDATA      |   in|   32|       m_axi|                  gmem1|       pointer|
|m_axi_gmem1_RLAST      |   in|    1|       m_axi|                  gmem1|       pointer|
|m_axi_gmem1_RID        |   in|    1|       m_axi|                  gmem1|       pointer|
|m_axi_gmem1_RUSER      |   in|    1|       m_axi|                  gmem1|       pointer|
|m_axi_gmem1_RRESP      |   in|    2|       m_axi|                  gmem1|       pointer|
|m_axi_gmem1_BVALID     |   in|    1|       m_axi|                  gmem1|       pointer|
|m_axi_gmem1_BREADY     |  out|    1|       m_axi|                  gmem1|       pointer|
|m_axi_gmem1_BRESP      |   in|    2|       m_axi|                  gmem1|       pointer|
|m_axi_gmem1_BID        |   in|    1|       m_axi|                  gmem1|       pointer|
|m_axi_gmem1_BUSER      |   in|    1|       m_axi|                  gmem1|       pointer|
|m_axi_gmem2_AWVALID    |  out|    1|       m_axi|                  gmem2|       pointer|
|m_axi_gmem2_AWREADY    |   in|    1|       m_axi|                  gmem2|       pointer|
|m_axi_gmem2_AWADDR     |  out|   64|       m_axi|                  gmem2|       pointer|
|m_axi_gmem2_AWID       |  out|    1|       m_axi|                  gmem2|       pointer|
|m_axi_gmem2_AWLEN      |  out|    8|       m_axi|                  gmem2|       pointer|
|m_axi_gmem2_AWSIZE     |  out|    3|       m_axi|                  gmem2|       pointer|
|m_axi_gmem2_AWBURST    |  out|    2|       m_axi|                  gmem2|       pointer|
|m_axi_gmem2_AWLOCK     |  out|    2|       m_axi|                  gmem2|       pointer|
|m_axi_gmem2_AWCACHE    |  out|    4|       m_axi|                  gmem2|       pointer|
|m_axi_gmem2_AWPROT     |  out|    3|       m_axi|                  gmem2|       pointer|
|m_axi_gmem2_AWQOS      |  out|    4|       m_axi|                  gmem2|       pointer|
|m_axi_gmem2_AWREGION   |  out|    4|       m_axi|                  gmem2|       pointer|
|m_axi_gmem2_AWUSER     |  out|    1|       m_axi|                  gmem2|       pointer|
|m_axi_gmem2_WVALID     |  out|    1|       m_axi|                  gmem2|       pointer|
|m_axi_gmem2_WREADY     |   in|    1|       m_axi|                  gmem2|       pointer|
|m_axi_gmem2_WDATA      |  out|   32|       m_axi|                  gmem2|       pointer|
|m_axi_gmem2_WSTRB      |  out|    4|       m_axi|                  gmem2|       pointer|
|m_axi_gmem2_WLAST      |  out|    1|       m_axi|                  gmem2|       pointer|
|m_axi_gmem2_WID        |  out|    1|       m_axi|                  gmem2|       pointer|
|m_axi_gmem2_WUSER      |  out|    1|       m_axi|                  gmem2|       pointer|
|m_axi_gmem2_ARVALID    |  out|    1|       m_axi|                  gmem2|       pointer|
|m_axi_gmem2_ARREADY    |   in|    1|       m_axi|                  gmem2|       pointer|
|m_axi_gmem2_ARADDR     |  out|   64|       m_axi|                  gmem2|       pointer|
|m_axi_gmem2_ARID       |  out|    1|       m_axi|                  gmem2|       pointer|
|m_axi_gmem2_ARLEN      |  out|    8|       m_axi|                  gmem2|       pointer|
|m_axi_gmem2_ARSIZE     |  out|    3|       m_axi|                  gmem2|       pointer|
|m_axi_gmem2_ARBURST    |  out|    2|       m_axi|                  gmem2|       pointer|
|m_axi_gmem2_ARLOCK     |  out|    2|       m_axi|                  gmem2|       pointer|
|m_axi_gmem2_ARCACHE    |  out|    4|       m_axi|                  gmem2|       pointer|
|m_axi_gmem2_ARPROT     |  out|    3|       m_axi|                  gmem2|       pointer|
|m_axi_gmem2_ARQOS      |  out|    4|       m_axi|                  gmem2|       pointer|
|m_axi_gmem2_ARREGION   |  out|    4|       m_axi|                  gmem2|       pointer|
|m_axi_gmem2_ARUSER     |  out|    1|       m_axi|                  gmem2|       pointer|
|m_axi_gmem2_RVALID     |   in|    1|       m_axi|                  gmem2|       pointer|
|m_axi_gmem2_RREADY     |  out|    1|       m_axi|                  gmem2|       pointer|
|m_axi_gmem2_RDATA      |   in|   32|       m_axi|                  gmem2|       pointer|
|m_axi_gmem2_RLAST      |   in|    1|       m_axi|                  gmem2|       pointer|
|m_axi_gmem2_RID        |   in|    1|       m_axi|                  gmem2|       pointer|
|m_axi_gmem2_RUSER      |   in|    1|       m_axi|                  gmem2|       pointer|
|m_axi_gmem2_RRESP      |   in|    2|       m_axi|                  gmem2|       pointer|
|m_axi_gmem2_BVALID     |   in|    1|       m_axi|                  gmem2|       pointer|
|m_axi_gmem2_BREADY     |  out|    1|       m_axi|                  gmem2|       pointer|
|m_axi_gmem2_BRESP      |   in|    2|       m_axi|                  gmem2|       pointer|
|m_axi_gmem2_BID        |   in|    1|       m_axi|                  gmem2|       pointer|
|m_axi_gmem2_BUSER      |   in|    1|       m_axi|                  gmem2|       pointer|
|m_axi_gmem3_AWVALID    |  out|    1|       m_axi|                  gmem3|       pointer|
|m_axi_gmem3_AWREADY    |   in|    1|       m_axi|                  gmem3|       pointer|
|m_axi_gmem3_AWADDR     |  out|   64|       m_axi|                  gmem3|       pointer|
|m_axi_gmem3_AWID       |  out|    1|       m_axi|                  gmem3|       pointer|
|m_axi_gmem3_AWLEN      |  out|    8|       m_axi|                  gmem3|       pointer|
|m_axi_gmem3_AWSIZE     |  out|    3|       m_axi|                  gmem3|       pointer|
|m_axi_gmem3_AWBURST    |  out|    2|       m_axi|                  gmem3|       pointer|
|m_axi_gmem3_AWLOCK     |  out|    2|       m_axi|                  gmem3|       pointer|
|m_axi_gmem3_AWCACHE    |  out|    4|       m_axi|                  gmem3|       pointer|
|m_axi_gmem3_AWPROT     |  out|    3|       m_axi|                  gmem3|       pointer|
|m_axi_gmem3_AWQOS      |  out|    4|       m_axi|                  gmem3|       pointer|
|m_axi_gmem3_AWREGION   |  out|    4|       m_axi|                  gmem3|       pointer|
|m_axi_gmem3_AWUSER     |  out|    1|       m_axi|                  gmem3|       pointer|
|m_axi_gmem3_WVALID     |  out|    1|       m_axi|                  gmem3|       pointer|
|m_axi_gmem3_WREADY     |   in|    1|       m_axi|                  gmem3|       pointer|
|m_axi_gmem3_WDATA      |  out|   32|       m_axi|                  gmem3|       pointer|
|m_axi_gmem3_WSTRB      |  out|    4|       m_axi|                  gmem3|       pointer|
|m_axi_gmem3_WLAST      |  out|    1|       m_axi|                  gmem3|       pointer|
|m_axi_gmem3_WID        |  out|    1|       m_axi|                  gmem3|       pointer|
|m_axi_gmem3_WUSER      |  out|    1|       m_axi|                  gmem3|       pointer|
|m_axi_gmem3_ARVALID    |  out|    1|       m_axi|                  gmem3|       pointer|
|m_axi_gmem3_ARREADY    |   in|    1|       m_axi|                  gmem3|       pointer|
|m_axi_gmem3_ARADDR     |  out|   64|       m_axi|                  gmem3|       pointer|
|m_axi_gmem3_ARID       |  out|    1|       m_axi|                  gmem3|       pointer|
|m_axi_gmem3_ARLEN      |  out|    8|       m_axi|                  gmem3|       pointer|
|m_axi_gmem3_ARSIZE     |  out|    3|       m_axi|                  gmem3|       pointer|
|m_axi_gmem3_ARBURST    |  out|    2|       m_axi|                  gmem3|       pointer|
|m_axi_gmem3_ARLOCK     |  out|    2|       m_axi|                  gmem3|       pointer|
|m_axi_gmem3_ARCACHE    |  out|    4|       m_axi|                  gmem3|       pointer|
|m_axi_gmem3_ARPROT     |  out|    3|       m_axi|                  gmem3|       pointer|
|m_axi_gmem3_ARQOS      |  out|    4|       m_axi|                  gmem3|       pointer|
|m_axi_gmem3_ARREGION   |  out|    4|       m_axi|                  gmem3|       pointer|
|m_axi_gmem3_ARUSER     |  out|    1|       m_axi|                  gmem3|       pointer|
|m_axi_gmem3_RVALID     |   in|    1|       m_axi|                  gmem3|       pointer|
|m_axi_gmem3_RREADY     |  out|    1|       m_axi|                  gmem3|       pointer|
|m_axi_gmem3_RDATA      |   in|   32|       m_axi|                  gmem3|       pointer|
|m_axi_gmem3_RLAST      |   in|    1|       m_axi|                  gmem3|       pointer|
|m_axi_gmem3_RID        |   in|    1|       m_axi|                  gmem3|       pointer|
|m_axi_gmem3_RUSER      |   in|    1|       m_axi|                  gmem3|       pointer|
|m_axi_gmem3_RRESP      |   in|    2|       m_axi|                  gmem3|       pointer|
|m_axi_gmem3_BVALID     |   in|    1|       m_axi|                  gmem3|       pointer|
|m_axi_gmem3_BREADY     |  out|    1|       m_axi|                  gmem3|       pointer|
|m_axi_gmem3_BRESP      |   in|    2|       m_axi|                  gmem3|       pointer|
|m_axi_gmem3_BID        |   in|    1|       m_axi|                  gmem3|       pointer|
|m_axi_gmem3_BUSER      |   in|    1|       m_axi|                  gmem3|       pointer|
+-----------------------+-----+-----+------------+-----------------------+--------------+

