

================================================================
== Vitis HLS Report for 'attention_int8_kernel_Pipeline_VITIS_LOOP_168_14'
================================================================
* Date:           Sat Apr 25 16:33:42 2026

* Version:        2023.2 (Build 4023990 on Oct 11 2023)
* Project:        attention_int8_kernel
* Solution:       hls (Vivado IP Flow Target)
* Product family: artix7
* Target device:  xc7a200t-sbg484-1


================================================================
== Performance Estimates
================================================================
+ Timing: 
    * Summary: 
    +--------+----------+----------+------------+
    |  Clock |  Target  | Estimated| Uncertainty|
    +--------+----------+----------+------------+
    |ap_clk  |  10.00 ns|  7.287 ns|     2.70 ns|
    +--------+----------+----------+------------+

+ Latency: 
    * Summary: 
    +---------+---------+----------+----------+-----+-----+---------+
    |  Latency (cycles) |  Latency (absolute) |  Interval | Pipeline|
    |   min   |   max   |    min   |    max   | min | max |   Type  |
    +---------+---------+----------+----------+-----+-----+---------+
    |      124|      124|  1.240 us|  1.240 us|  124|  124|       no|
    +---------+---------+----------+----------+-----+-----+---------+

    + Detail: 
        * Instance: 
        N/A

        * Loop: 
        +---------------------+---------+---------+----------+-----------+-----------+------+----------+
        |                     |  Latency (cycles) | Iteration|  Initiation Interval  | Trip |          |
        |      Loop Name      |   min   |   max   |  Latency |  achieved |   target  | Count| Pipelined|
        +---------------------+---------+---------+----------+-----------+-----------+------+----------+
        |- VITIS_LOOP_168_14  |      122|      122|        60|          1|          1|    64|       yes|
        +---------------------+---------+---------+----------+-----------+-----------+------+----------+

============================================================
+ Verbose Summary: Synthesis Manager
============================================================
InlineROM: 1
ExposeGlobal: 0
============================================================
+ Verbose Summary: CDFG Model
============================================================
IsTopModel: 0
ResetActiveHigh: 1
IsCombinational: 0
IsDatapathOnly: 0
HasWiredReturn: 1
HasMFsm: 2
HasVarLatency: 1
IsPipeline: 0
IsRtlPipelined: 0
IsInstanceOverlapped: 0
IsDontTouch: 0
HasImplIP: 0
IsGatedGlobalClock: 0

+ Individual pipeline summary: 
  * Pipeline-0: initiation interval (II) = 1, depth = 60


============================================================
+ Verbose Summary: Schedule
============================================================
* Number of FSM states : 60
* Pipeline : 1
  Pipeline-0 : II = 1, D = 60, States = { 1 2 3 4 5 6 7 8 9 10 11 12 13 14 15 16 17 18 19 20 21 22 23 24 25 26 27 28 29 30 31 32 33 34 35 36 37 38 39 40 41 42 43 44 45 46 47 48 49 50 51 52 53 54 55 56 57 58 59 60 }
* Dataflow Pipeline: 0

* FSM state transitions: 
1 --> 2 
2 --> 3 
3 --> 4 
4 --> 5 
5 --> 6 
6 --> 7 
7 --> 8 
8 --> 9 
9 --> 10 
10 --> 11 
11 --> 12 
12 --> 13 
13 --> 14 
14 --> 15 
15 --> 16 
16 --> 17 
17 --> 18 
18 --> 19 
19 --> 20 
20 --> 21 
21 --> 22 
22 --> 23 
23 --> 24 
24 --> 25 
25 --> 26 
26 --> 27 
27 --> 28 
28 --> 29 
29 --> 30 
30 --> 31 
31 --> 32 
32 --> 33 
33 --> 34 
34 --> 35 
35 --> 36 
36 --> 37 
37 --> 38 
38 --> 39 
39 --> 40 
40 --> 41 
41 --> 42 
42 --> 43 
43 --> 44 
44 --> 45 
45 --> 46 
46 --> 47 
47 --> 48 
48 --> 49 
49 --> 50 
50 --> 51 
51 --> 52 
52 --> 53 
53 --> 54 
54 --> 55 
55 --> 56 
56 --> 57 
57 --> 58 
58 --> 59 
59 --> 60 
60 --> 

* FSM state operations: 

State 1 <SV = 0> <Delay = 5.25>
ST_1 : Operation 63 [1/1] (0.00ns)   --->   "%j = alloca i32 1" [/home/siyenga7/FPGA/attention_int8.cpp:168]   --->   Operation 63 'alloca' 'j' <Predicate = true> <Delay = 0.00>
ST_1 : Operation 64 [1/1] (0.00ns)   --->   "%empty = alloca i32 1"   --->   Operation 64 'alloca' 'empty' <Predicate = true> <Delay = 0.00>
ST_1 : Operation 65 [1/1] (0.00ns)   --->   "%empty_39 = alloca i32 1"   --->   Operation 65 'alloca' 'empty_39' <Predicate = true> <Delay = 0.00>
ST_1 : Operation 66 [1/1] (0.00ns)   --->   "%empty_40 = alloca i32 1"   --->   Operation 66 'alloca' 'empty_40' <Predicate = true> <Delay = 0.00>
ST_1 : Operation 67 [1/1] (0.00ns)   --->   "%empty_41 = alloca i32 1"   --->   Operation 67 'alloca' 'empty_41' <Predicate = true> <Delay = 0.00>
ST_1 : Operation 68 [1/1] (0.00ns)   --->   "%empty_42 = alloca i32 1"   --->   Operation 68 'alloca' 'empty_42' <Predicate = true> <Delay = 0.00>
ST_1 : Operation 69 [1/1] (0.00ns)   --->   "%empty_43 = alloca i32 1"   --->   Operation 69 'alloca' 'empty_43' <Predicate = true> <Delay = 0.00>
ST_1 : Operation 70 [1/1] (0.00ns)   --->   "%empty_44 = alloca i32 1"   --->   Operation 70 'alloca' 'empty_44' <Predicate = true> <Delay = 0.00>
ST_1 : Operation 71 [1/1] (0.00ns)   --->   "%empty_45 = alloca i32 1"   --->   Operation 71 'alloca' 'empty_45' <Predicate = true> <Delay = 0.00>
ST_1 : Operation 72 [1/1] (0.00ns)   --->   "%empty_46 = alloca i32 1"   --->   Operation 72 'alloca' 'empty_46' <Predicate = true> <Delay = 0.00>
ST_1 : Operation 73 [1/1] (0.00ns)   --->   "%empty_47 = alloca i32 1"   --->   Operation 73 'alloca' 'empty_47' <Predicate = true> <Delay = 0.00>
ST_1 : Operation 74 [1/1] (0.00ns)   --->   "%empty_48 = alloca i32 1"   --->   Operation 74 'alloca' 'empty_48' <Predicate = true> <Delay = 0.00>
ST_1 : Operation 75 [1/1] (0.00ns)   --->   "%empty_49 = alloca i32 1"   --->   Operation 75 'alloca' 'empty_49' <Predicate = true> <Delay = 0.00>
ST_1 : Operation 76 [1/1] (0.00ns)   --->   "%empty_50 = alloca i32 1"   --->   Operation 76 'alloca' 'empty_50' <Predicate = true> <Delay = 0.00>
ST_1 : Operation 77 [1/1] (0.00ns)   --->   "%empty_51 = alloca i32 1"   --->   Operation 77 'alloca' 'empty_51' <Predicate = true> <Delay = 0.00>
ST_1 : Operation 78 [1/1] (0.00ns)   --->   "%empty_52 = alloca i32 1"   --->   Operation 78 'alloca' 'empty_52' <Predicate = true> <Delay = 0.00>
ST_1 : Operation 79 [1/1] (0.00ns)   --->   "%empty_53 = alloca i32 1"   --->   Operation 79 'alloca' 'empty_53' <Predicate = true> <Delay = 0.00>
ST_1 : Operation 80 [1/1] (0.00ns)   --->   "%empty_54 = alloca i32 1"   --->   Operation 80 'alloca' 'empty_54' <Predicate = true> <Delay = 0.00>
ST_1 : Operation 81 [1/1] (0.00ns)   --->   "%empty_55 = alloca i32 1"   --->   Operation 81 'alloca' 'empty_55' <Predicate = true> <Delay = 0.00>
ST_1 : Operation 82 [1/1] (0.00ns)   --->   "%empty_56 = alloca i32 1"   --->   Operation 82 'alloca' 'empty_56' <Predicate = true> <Delay = 0.00>
ST_1 : Operation 83 [1/1] (0.00ns)   --->   "%empty_57 = alloca i32 1"   --->   Operation 83 'alloca' 'empty_57' <Predicate = true> <Delay = 0.00>
ST_1 : Operation 84 [1/1] (0.00ns)   --->   "%empty_58 = alloca i32 1"   --->   Operation 84 'alloca' 'empty_58' <Predicate = true> <Delay = 0.00>
ST_1 : Operation 85 [1/1] (0.00ns)   --->   "%empty_59 = alloca i32 1"   --->   Operation 85 'alloca' 'empty_59' <Predicate = true> <Delay = 0.00>
ST_1 : Operation 86 [1/1] (0.00ns)   --->   "%empty_60 = alloca i32 1"   --->   Operation 86 'alloca' 'empty_60' <Predicate = true> <Delay = 0.00>
ST_1 : Operation 87 [1/1] (0.00ns)   --->   "%empty_61 = alloca i32 1"   --->   Operation 87 'alloca' 'empty_61' <Predicate = true> <Delay = 0.00>
ST_1 : Operation 88 [1/1] (0.00ns)   --->   "%empty_62 = alloca i32 1"   --->   Operation 88 'alloca' 'empty_62' <Predicate = true> <Delay = 0.00>
ST_1 : Operation 89 [1/1] (0.00ns)   --->   "%empty_63 = alloca i32 1"   --->   Operation 89 'alloca' 'empty_63' <Predicate = true> <Delay = 0.00>
ST_1 : Operation 90 [1/1] (0.00ns)   --->   "%empty_64 = alloca i32 1"   --->   Operation 90 'alloca' 'empty_64' <Predicate = true> <Delay = 0.00>
ST_1 : Operation 91 [1/1] (0.00ns)   --->   "%empty_65 = alloca i32 1"   --->   Operation 91 'alloca' 'empty_65' <Predicate = true> <Delay = 0.00>
ST_1 : Operation 92 [1/1] (0.00ns)   --->   "%empty_66 = alloca i32 1"   --->   Operation 92 'alloca' 'empty_66' <Predicate = true> <Delay = 0.00>
ST_1 : Operation 93 [1/1] (0.00ns)   --->   "%empty_67 = alloca i32 1"   --->   Operation 93 'alloca' 'empty_67' <Predicate = true> <Delay = 0.00>
ST_1 : Operation 94 [1/1] (0.00ns)   --->   "%empty_68 = alloca i32 1"   --->   Operation 94 'alloca' 'empty_68' <Predicate = true> <Delay = 0.00>
ST_1 : Operation 95 [1/1] (0.00ns)   --->   "%empty_69 = alloca i32 1"   --->   Operation 95 'alloca' 'empty_69' <Predicate = true> <Delay = 0.00>
ST_1 : Operation 96 [1/1] (0.00ns)   --->   "%empty_70 = alloca i32 1"   --->   Operation 96 'alloca' 'empty_70' <Predicate = true> <Delay = 0.00>
ST_1 : Operation 97 [1/1] (0.00ns)   --->   "%empty_71 = alloca i32 1"   --->   Operation 97 'alloca' 'empty_71' <Predicate = true> <Delay = 0.00>
ST_1 : Operation 98 [1/1] (0.00ns)   --->   "%empty_72 = alloca i32 1"   --->   Operation 98 'alloca' 'empty_72' <Predicate = true> <Delay = 0.00>
ST_1 : Operation 99 [1/1] (0.00ns)   --->   "%empty_73 = alloca i32 1"   --->   Operation 99 'alloca' 'empty_73' <Predicate = true> <Delay = 0.00>
ST_1 : Operation 100 [1/1] (0.00ns)   --->   "%empty_74 = alloca i32 1"   --->   Operation 100 'alloca' 'empty_74' <Predicate = true> <Delay = 0.00>
ST_1 : Operation 101 [1/1] (0.00ns)   --->   "%empty_75 = alloca i32 1"   --->   Operation 101 'alloca' 'empty_75' <Predicate = true> <Delay = 0.00>
ST_1 : Operation 102 [1/1] (0.00ns)   --->   "%empty_76 = alloca i32 1"   --->   Operation 102 'alloca' 'empty_76' <Predicate = true> <Delay = 0.00>
ST_1 : Operation 103 [1/1] (0.00ns)   --->   "%empty_77 = alloca i32 1"   --->   Operation 103 'alloca' 'empty_77' <Predicate = true> <Delay = 0.00>
ST_1 : Operation 104 [1/1] (0.00ns)   --->   "%empty_78 = alloca i32 1"   --->   Operation 104 'alloca' 'empty_78' <Predicate = true> <Delay = 0.00>
ST_1 : Operation 105 [1/1] (0.00ns)   --->   "%empty_79 = alloca i32 1"   --->   Operation 105 'alloca' 'empty_79' <Predicate = true> <Delay = 0.00>
ST_1 : Operation 106 [1/1] (0.00ns)   --->   "%empty_80 = alloca i32 1"   --->   Operation 106 'alloca' 'empty_80' <Predicate = true> <Delay = 0.00>
ST_1 : Operation 107 [1/1] (0.00ns)   --->   "%empty_81 = alloca i32 1"   --->   Operation 107 'alloca' 'empty_81' <Predicate = true> <Delay = 0.00>
ST_1 : Operation 108 [1/1] (0.00ns)   --->   "%empty_82 = alloca i32 1"   --->   Operation 108 'alloca' 'empty_82' <Predicate = true> <Delay = 0.00>
ST_1 : Operation 109 [1/1] (0.00ns)   --->   "%empty_83 = alloca i32 1"   --->   Operation 109 'alloca' 'empty_83' <Predicate = true> <Delay = 0.00>
ST_1 : Operation 110 [1/1] (0.00ns)   --->   "%empty_84 = alloca i32 1"   --->   Operation 110 'alloca' 'empty_84' <Predicate = true> <Delay = 0.00>
ST_1 : Operation 111 [1/1] (0.00ns)   --->   "%empty_85 = alloca i32 1"   --->   Operation 111 'alloca' 'empty_85' <Predicate = true> <Delay = 0.00>
ST_1 : Operation 112 [1/1] (0.00ns)   --->   "%empty_86 = alloca i32 1"   --->   Operation 112 'alloca' 'empty_86' <Predicate = true> <Delay = 0.00>
ST_1 : Operation 113 [1/1] (0.00ns)   --->   "%empty_87 = alloca i32 1"   --->   Operation 113 'alloca' 'empty_87' <Predicate = true> <Delay = 0.00>
ST_1 : Operation 114 [1/1] (0.00ns)   --->   "%empty_88 = alloca i32 1"   --->   Operation 114 'alloca' 'empty_88' <Predicate = true> <Delay = 0.00>
ST_1 : Operation 115 [1/1] (0.00ns)   --->   "%empty_89 = alloca i32 1"   --->   Operation 115 'alloca' 'empty_89' <Predicate = true> <Delay = 0.00>
ST_1 : Operation 116 [1/1] (0.00ns)   --->   "%empty_90 = alloca i32 1"   --->   Operation 116 'alloca' 'empty_90' <Predicate = true> <Delay = 0.00>
ST_1 : Operation 117 [1/1] (0.00ns)   --->   "%empty_91 = alloca i32 1"   --->   Operation 117 'alloca' 'empty_91' <Predicate = true> <Delay = 0.00>
ST_1 : Operation 118 [1/1] (0.00ns)   --->   "%empty_92 = alloca i32 1"   --->   Operation 118 'alloca' 'empty_92' <Predicate = true> <Delay = 0.00>
ST_1 : Operation 119 [1/1] (0.00ns)   --->   "%empty_93 = alloca i32 1"   --->   Operation 119 'alloca' 'empty_93' <Predicate = true> <Delay = 0.00>
ST_1 : Operation 120 [1/1] (0.00ns)   --->   "%empty_94 = alloca i32 1"   --->   Operation 120 'alloca' 'empty_94' <Predicate = true> <Delay = 0.00>
ST_1 : Operation 121 [1/1] (0.00ns)   --->   "%empty_95 = alloca i32 1"   --->   Operation 121 'alloca' 'empty_95' <Predicate = true> <Delay = 0.00>
ST_1 : Operation 122 [1/1] (0.00ns)   --->   "%empty_96 = alloca i32 1"   --->   Operation 122 'alloca' 'empty_96' <Predicate = true> <Delay = 0.00>
ST_1 : Operation 123 [1/1] (0.00ns)   --->   "%empty_97 = alloca i32 1"   --->   Operation 123 'alloca' 'empty_97' <Predicate = true> <Delay = 0.00>
ST_1 : Operation 124 [1/1] (0.00ns)   --->   "%empty_98 = alloca i32 1"   --->   Operation 124 'alloca' 'empty_98' <Predicate = true> <Delay = 0.00>
ST_1 : Operation 125 [1/1] (0.00ns)   --->   "%empty_99 = alloca i32 1"   --->   Operation 125 'alloca' 'empty_99' <Predicate = true> <Delay = 0.00>
ST_1 : Operation 126 [1/1] (0.00ns)   --->   "%empty_100 = alloca i32 1"   --->   Operation 126 'alloca' 'empty_100' <Predicate = true> <Delay = 0.00>
ST_1 : Operation 127 [1/1] (0.00ns)   --->   "%empty_101 = alloca i32 1"   --->   Operation 127 'alloca' 'empty_101' <Predicate = true> <Delay = 0.00>
ST_1 : Operation 128 [1/1] (0.00ns)   --->   "%m_new_read = read i32 @_ssdm_op_Read.ap_auto.float, i32 %m_new"   --->   Operation 128 'read' 'm_new_read' <Predicate = true> <Delay = 0.00>
ST_1 : Operation 129 [1/1] (0.00ns)   --->   "%i_4_read = read i6 @_ssdm_op_Read.ap_auto.i6, i6 %i_4"   --->   Operation 129 'read' 'i_4_read' <Predicate = true> <Delay = 0.00>
ST_1 : Operation 130 [1/1] (1.61ns)   --->   "%store_ln168 = store i7 0, i7 %j" [/home/siyenga7/FPGA/attention_int8.cpp:168]   --->   Operation 130 'store' 'store_ln168' <Predicate = true> <Delay = 1.61>
ST_1 : Operation 131 [1/1] (0.00ns)   --->   "%br_ln0 = br void %for.body170"   --->   Operation 131 'br' 'br_ln0' <Predicate = true> <Delay = 0.00>
ST_1 : Operation 132 [1/1] (0.00ns)   --->   "%j_1 = load i7 %j" [/home/siyenga7/FPGA/attention_int8.cpp:168]   --->   Operation 132 'load' 'j_1' <Predicate = true> <Delay = 0.00>
ST_1 : Operation 133 [1/1] (2.03ns)   --->   "%icmp_ln168 = icmp_eq  i7 %j_1, i7 64" [/home/siyenga7/FPGA/attention_int8.cpp:168]   --->   Operation 133 'icmp' 'icmp_ln168' <Predicate = true> <Delay = 2.03> <CoreInst = "Cmp">   --->   Core 9 'Cmp' <Latency = 0> <II = 1> <Delay = 2.03> <FuncUnit> <Opcode : 'icmp'> <InPorts = 2> <OutPorts = 1>
ST_1 : Operation 134 [1/1] (2.03ns)   --->   "%add_ln168 = add i7 %j_1, i7 1" [/home/siyenga7/FPGA/attention_int8.cpp:168]   --->   Operation 134 'add' 'add_ln168' <Predicate = true> <Delay = 2.03> <CoreInst = "Adder">   --->   Core 1 'Adder' <Latency = 0> <II = 1> <Delay = 2.03> <FuncUnit> <Opcode : 'add' 'sub'> <InPorts = 2> <OutPorts = 1>
ST_1 : Operation 135 [1/1] (0.00ns)   --->   "%br_ln168 = br i1 %icmp_ln168, void %for.body170.split_ifconv, void %for.inc190.exitStub" [/home/siyenga7/FPGA/attention_int8.cpp:168]   --->   Operation 135 'br' 'br_ln168' <Predicate = true> <Delay = 0.00>
ST_1 : Operation 136 [1/1] (0.00ns)   --->   "%trunc_ln168 = trunc i7 %j_1" [/home/siyenga7/FPGA/attention_int8.cpp:168]   --->   Operation 136 'trunc' 'trunc_ln168' <Predicate = (!icmp_ln168)> <Delay = 0.00>
ST_1 : Operation 137 [1/1] (0.00ns)   --->   "%trunc_ln168_1 = trunc i7 %j_1" [/home/siyenga7/FPGA/attention_int8.cpp:168]   --->   Operation 137 'trunc' 'trunc_ln168_1' <Predicate = (!icmp_ln168)> <Delay = 0.00>
ST_1 : Operation 138 [1/1] (0.00ns)   --->   "%lshr_ln3 = partselect i3 @_ssdm_op_PartSelect.i3.i7.i32.i32, i7 %j_1, i32 3, i32 5" [/home/siyenga7/FPGA/attention_int8.cpp:168]   --->   Operation 138 'partselect' 'lshr_ln3' <Predicate = (!icmp_ln168)> <Delay = 0.00>
ST_1 : Operation 139 [1/1] (0.00ns)   --->   "%tmp_s = bitconcatenate i9 @_ssdm_op_BitConcatenate.i9.i6.i3, i6 %i_4_read, i3 %lshr_ln3" [/home/siyenga7/FPGA/attention_int8.cpp:170]   --->   Operation 139 'bitconcatenate' 'tmp_s' <Predicate = (!icmp_ln168)> <Delay = 0.00>
ST_1 : Operation 140 [1/1] (0.00ns)   --->   "%zext_ln170 = zext i9 %tmp_s" [/home/siyenga7/FPGA/attention_int8.cpp:170]   --->   Operation 140 'zext' 'zext_ln170' <Predicate = (!icmp_ln168)> <Delay = 0.00>
ST_1 : Operation 141 [1/1] (0.00ns)   --->   "%scores_addr = getelementptr i32 %scores, i64 0, i64 %zext_ln170" [/home/siyenga7/FPGA/attention_int8.cpp:170]   --->   Operation 141 'getelementptr' 'scores_addr' <Predicate = (!icmp_ln168)> <Delay = 0.00>
ST_1 : Operation 142 [1/1] (0.00ns)   --->   "%scores_1_addr = getelementptr i32 %scores_1, i64 0, i64 %zext_ln170" [/home/siyenga7/FPGA/attention_int8.cpp:170]   --->   Operation 142 'getelementptr' 'scores_1_addr' <Predicate = (!icmp_ln168)> <Delay = 0.00>
ST_1 : Operation 143 [1/1] (0.00ns)   --->   "%scores_2_addr = getelementptr i32 %scores_2, i64 0, i64 %zext_ln170" [/home/siyenga7/FPGA/attention_int8.cpp:170]   --->   Operation 143 'getelementptr' 'scores_2_addr' <Predicate = (!icmp_ln168)> <Delay = 0.00>
ST_1 : Operation 144 [1/1] (0.00ns)   --->   "%scores_3_addr = getelementptr i32 %scores_3, i64 0, i64 %zext_ln170" [/home/siyenga7/FPGA/attention_int8.cpp:170]   --->   Operation 144 'getelementptr' 'scores_3_addr' <Predicate = (!icmp_ln168)> <Delay = 0.00>
ST_1 : Operation 145 [1/1] (0.00ns)   --->   "%scores_4_addr = getelementptr i32 %scores_4, i64 0, i64 %zext_ln170" [/home/siyenga7/FPGA/attention_int8.cpp:170]   --->   Operation 145 'getelementptr' 'scores_4_addr' <Predicate = (!icmp_ln168)> <Delay = 0.00>
ST_1 : Operation 146 [1/1] (0.00ns)   --->   "%scores_5_addr = getelementptr i32 %scores_5, i64 0, i64 %zext_ln170" [/home/siyenga7/FPGA/attention_int8.cpp:170]   --->   Operation 146 'getelementptr' 'scores_5_addr' <Predicate = (!icmp_ln168)> <Delay = 0.00>
ST_1 : Operation 147 [1/1] (0.00ns)   --->   "%scores_6_addr = getelementptr i32 %scores_6, i64 0, i64 %zext_ln170" [/home/siyenga7/FPGA/attention_int8.cpp:170]   --->   Operation 147 'getelementptr' 'scores_6_addr' <Predicate = (!icmp_ln168)> <Delay = 0.00>
ST_1 : Operation 148 [1/1] (0.00ns)   --->   "%scores_7_addr = getelementptr i32 %scores_7, i64 0, i64 %zext_ln170" [/home/siyenga7/FPGA/attention_int8.cpp:170]   --->   Operation 148 'getelementptr' 'scores_7_addr' <Predicate = (!icmp_ln168)> <Delay = 0.00>
ST_1 : Operation 149 [2/2] (3.25ns)   --->   "%scores_load = load i9 %scores_addr" [/home/siyenga7/FPGA/attention_int8.cpp:170]   --->   Operation 149 'load' 'scores_load' <Predicate = (!icmp_ln168)> <Delay = 3.25> <CoreInst = "RAM">   --->   Core 82 'RAM' <Latency = 1> <II = 1> <Delay = 3.25> <Storage> <Opcode : 'load' 'store'> <Ports = 2> <Width = 32> <Depth = 512> <RAM>
ST_1 : Operation 150 [2/2] (3.25ns)   --->   "%scores_1_load = load i9 %scores_1_addr" [/home/siyenga7/FPGA/attention_int8.cpp:170]   --->   Operation 150 'load' 'scores_1_load' <Predicate = (!icmp_ln168)> <Delay = 3.25> <CoreInst = "RAM">   --->   Core 82 'RAM' <Latency = 1> <II = 1> <Delay = 3.25> <Storage> <Opcode : 'load' 'store'> <Ports = 2> <Width = 32> <Depth = 512> <RAM>
ST_1 : Operation 151 [2/2] (3.25ns)   --->   "%scores_2_load = load i9 %scores_2_addr" [/home/siyenga7/FPGA/attention_int8.cpp:170]   --->   Operation 151 'load' 'scores_2_load' <Predicate = (!icmp_ln168)> <Delay = 3.25> <CoreInst = "RAM">   --->   Core 82 'RAM' <Latency = 1> <II = 1> <Delay = 3.25> <Storage> <Opcode : 'load' 'store'> <Ports = 2> <Width = 32> <Depth = 512> <RAM>
ST_1 : Operation 152 [2/2] (3.25ns)   --->   "%scores_3_load = load i9 %scores_3_addr" [/home/siyenga7/FPGA/attention_int8.cpp:170]   --->   Operation 152 'load' 'scores_3_load' <Predicate = (!icmp_ln168)> <Delay = 3.25> <CoreInst = "RAM">   --->   Core 82 'RAM' <Latency = 1> <II = 1> <Delay = 3.25> <Storage> <Opcode : 'load' 'store'> <Ports = 2> <Width = 32> <Depth = 512> <RAM>
ST_1 : Operation 153 [2/2] (3.25ns)   --->   "%scores_4_load = load i9 %scores_4_addr" [/home/siyenga7/FPGA/attention_int8.cpp:170]   --->   Operation 153 'load' 'scores_4_load' <Predicate = (!icmp_ln168)> <Delay = 3.25> <CoreInst = "RAM">   --->   Core 82 'RAM' <Latency = 1> <II = 1> <Delay = 3.25> <Storage> <Opcode : 'load' 'store'> <Ports = 2> <Width = 32> <Depth = 512> <RAM>
ST_1 : Operation 154 [2/2] (3.25ns)   --->   "%scores_5_load = load i9 %scores_5_addr" [/home/siyenga7/FPGA/attention_int8.cpp:170]   --->   Operation 154 'load' 'scores_5_load' <Predicate = (!icmp_ln168)> <Delay = 3.25> <CoreInst = "RAM">   --->   Core 82 'RAM' <Latency = 1> <II = 1> <Delay = 3.25> <Storage> <Opcode : 'load' 'store'> <Ports = 2> <Width = 32> <Depth = 512> <RAM>
ST_1 : Operation 155 [2/2] (3.25ns)   --->   "%scores_6_load = load i9 %scores_6_addr" [/home/siyenga7/FPGA/attention_int8.cpp:170]   --->   Operation 155 'load' 'scores_6_load' <Predicate = (!icmp_ln168)> <Delay = 3.25> <CoreInst = "RAM">   --->   Core 82 'RAM' <Latency = 1> <II = 1> <Delay = 3.25> <Storage> <Opcode : 'load' 'store'> <Ports = 2> <Width = 32> <Depth = 512> <RAM>
ST_1 : Operation 156 [2/2] (3.25ns)   --->   "%scores_7_load = load i9 %scores_7_addr" [/home/siyenga7/FPGA/attention_int8.cpp:170]   --->   Operation 156 'load' 'scores_7_load' <Predicate = (!icmp_ln168)> <Delay = 3.25> <CoreInst = "RAM">   --->   Core 82 'RAM' <Latency = 1> <II = 1> <Delay = 3.25> <Storage> <Opcode : 'load' 'store'> <Ports = 2> <Width = 32> <Depth = 512> <RAM>
ST_1 : Operation 157 [1/1] (1.89ns)   --->   "%switch_ln170 = switch i6 %trunc_ln168, void %arrayidx178.case.63, i6 0, void %for.body170.split_ifconv.arrayidx178.exit_crit_edge, i6 1, void %for.body170.split_ifconv.arrayidx178.exit_crit_edge70, i6 2, void %arrayidx178.case.2, i6 3, void %arrayidx178.case.3, i6 4, void %arrayidx178.case.4, i6 5, void %arrayidx178.case.5, i6 6, void %arrayidx178.case.6, i6 7, void %arrayidx178.case.7, i6 8, void %arrayidx178.case.8, i6 9, void %arrayidx178.case.9, i6 10, void %arrayidx178.case.10, i6 11, void %arrayidx178.case.11, i6 12, void %arrayidx178.case.12, i6 13, void %arrayidx178.case.13, i6 14, void %arrayidx178.case.14, i6 15, void %arrayidx178.case.15, i6 16, void %arrayidx178.case.16, i6 17, void %arrayidx178.case.17, i6 18, void %arrayidx178.case.18, i6 19, void %arrayidx178.case.19, i6 20, void %arrayidx178.case.20, i6 21, void %arrayidx178.case.21, i6 22, void %arrayidx178.case.22, i6 23, void %arrayidx178.case.23, i6 24, void %arrayidx178.case.24, i6 25, void %arrayidx178.case.25, i6 26, void %arrayidx178.case.26, i6 27, void %arrayidx178.case.27, i6 28, void %arrayidx178.case.28, i6 29, void %arrayidx178.case.29, i6 30, void %arrayidx178.case.30, i6 31, void %arrayidx178.case.31, i6 32, void %arrayidx178.case.32, i6 33, void %arrayidx178.case.33, i6 34, void %arrayidx178.case.34, i6 35, void %arrayidx178.case.35, i6 36, void %arrayidx178.case.36, i6 37, void %arrayidx178.case.37, i6 38, void %arrayidx178.case.38, i6 39, void %arrayidx178.case.39, i6 40, void %arrayidx178.case.40, i6 41, void %arrayidx178.case.41, i6 42, void %arrayidx178.case.42, i6 43, void %arrayidx178.case.43, i6 44, void %arrayidx178.case.44, i6 45, void %arrayidx178.case.45, i6 46, void %arrayidx178.case.46, i6 47, void %arrayidx178.case.47, i6 48, void %arrayidx178.case.48, i6 49, void %arrayidx178.case.49, i6 50, void %arrayidx178.case.50, i6 51, void %arrayidx178.case.51, i6 52, void %arrayidx178.case.52, i6 53, void %arrayidx178.case.53, i6 54, void %arrayidx178.case.54, i6 55, void %arrayidx178.case.55, i6 56, void %arrayidx178.case.56, i6 57, void %arrayidx178.case.57, i6 58, void %arrayidx178.case.58, i6 59, void %arrayidx178.case.59, i6 60, void %arrayidx178.case.60, i6 61, void %arrayidx178.case.61, i6 62, void %arrayidx178.case.62" [/home/siyenga7/FPGA/attention_int8.cpp:170]   --->   Operation 157 'switch' 'switch_ln170' <Predicate = (!icmp_ln168)> <Delay = 1.89>
ST_1 : Operation 158 [1/1] (1.61ns)   --->   "%store_ln168 = store i7 %add_ln168, i7 %j" [/home/siyenga7/FPGA/attention_int8.cpp:168]   --->   Operation 158 'store' 'store_ln168' <Predicate = (!icmp_ln168)> <Delay = 1.61>
ST_1 : Operation 159 [1/1] (0.00ns)   --->   "%br_ln168 = br void %for.body170" [/home/siyenga7/FPGA/attention_int8.cpp:168]   --->   Operation 159 'br' 'br_ln168' <Predicate = (!icmp_ln168)> <Delay = 0.00>

State 2 <SV = 1> <Delay = 5.06>
ST_2 : Operation 160 [1/2] (3.25ns)   --->   "%scores_load = load i9 %scores_addr" [/home/siyenga7/FPGA/attention_int8.cpp:170]   --->   Operation 160 'load' 'scores_load' <Predicate = true> <Delay = 3.25> <CoreInst = "RAM">   --->   Core 82 'RAM' <Latency = 1> <II = 1> <Delay = 3.25> <Storage> <Opcode : 'load' 'store'> <Ports = 2> <Width = 32> <Depth = 512> <RAM>
ST_2 : Operation 161 [1/2] (3.25ns)   --->   "%scores_1_load = load i9 %scores_1_addr" [/home/siyenga7/FPGA/attention_int8.cpp:170]   --->   Operation 161 'load' 'scores_1_load' <Predicate = true> <Delay = 3.25> <CoreInst = "RAM">   --->   Core 82 'RAM' <Latency = 1> <II = 1> <Delay = 3.25> <Storage> <Opcode : 'load' 'store'> <Ports = 2> <Width = 32> <Depth = 512> <RAM>
ST_2 : Operation 162 [1/2] (3.25ns)   --->   "%scores_2_load = load i9 %scores_2_addr" [/home/siyenga7/FPGA/attention_int8.cpp:170]   --->   Operation 162 'load' 'scores_2_load' <Predicate = true> <Delay = 3.25> <CoreInst = "RAM">   --->   Core 82 'RAM' <Latency = 1> <II = 1> <Delay = 3.25> <Storage> <Opcode : 'load' 'store'> <Ports = 2> <Width = 32> <Depth = 512> <RAM>
ST_2 : Operation 163 [1/2] (3.25ns)   --->   "%scores_3_load = load i9 %scores_3_addr" [/home/siyenga7/FPGA/attention_int8.cpp:170]   --->   Operation 163 'load' 'scores_3_load' <Predicate = true> <Delay = 3.25> <CoreInst = "RAM">   --->   Core 82 'RAM' <Latency = 1> <II = 1> <Delay = 3.25> <Storage> <Opcode : 'load' 'store'> <Ports = 2> <Width = 32> <Depth = 512> <RAM>
ST_2 : Operation 164 [1/2] (3.25ns)   --->   "%scores_4_load = load i9 %scores_4_addr" [/home/siyenga7/FPGA/attention_int8.cpp:170]   --->   Operation 164 'load' 'scores_4_load' <Predicate = true> <Delay = 3.25> <CoreInst = "RAM">   --->   Core 82 'RAM' <Latency = 1> <II = 1> <Delay = 3.25> <Storage> <Opcode : 'load' 'store'> <Ports = 2> <Width = 32> <Depth = 512> <RAM>
ST_2 : Operation 165 [1/2] (3.25ns)   --->   "%scores_5_load = load i9 %scores_5_addr" [/home/siyenga7/FPGA/attention_int8.cpp:170]   --->   Operation 165 'load' 'scores_5_load' <Predicate = true> <Delay = 3.25> <CoreInst = "RAM">   --->   Core 82 'RAM' <Latency = 1> <II = 1> <Delay = 3.25> <Storage> <Opcode : 'load' 'store'> <Ports = 2> <Width = 32> <Depth = 512> <RAM>
ST_2 : Operation 166 [1/2] (3.25ns)   --->   "%scores_6_load = load i9 %scores_6_addr" [/home/siyenga7/FPGA/attention_int8.cpp:170]   --->   Operation 166 'load' 'scores_6_load' <Predicate = true> <Delay = 3.25> <CoreInst = "RAM">   --->   Core 82 'RAM' <Latency = 1> <II = 1> <Delay = 3.25> <Storage> <Opcode : 'load' 'store'> <Ports = 2> <Width = 32> <Depth = 512> <RAM>
ST_2 : Operation 167 [1/2] (3.25ns)   --->   "%scores_7_load = load i9 %scores_7_addr" [/home/siyenga7/FPGA/attention_int8.cpp:170]   --->   Operation 167 'load' 'scores_7_load' <Predicate = true> <Delay = 3.25> <CoreInst = "RAM">   --->   Core 82 'RAM' <Latency = 1> <II = 1> <Delay = 3.25> <Storage> <Opcode : 'load' 'store'> <Ports = 2> <Width = 32> <Depth = 512> <RAM>
ST_2 : Operation 168 [1/1] (1.80ns)   --->   "%tmp_5 = sparsemux i32 @_ssdm_op_SparseMux.ap_auto.8float.float.i3, i3 0, i32 %scores_load, i3 1, i32 %scores_1_load, i3 2, i32 %scores_2_load, i3 3, i32 %scores_3_load, i3 4, i32 %scores_4_load, i3 5, i32 %scores_5_load, i3 6, i32 %scores_6_load, i3 7, i32 %scores_7_load, i32 <undef>, i3 %trunc_ln168_1" [/home/siyenga7/FPGA/attention_int8.cpp:170]   --->   Operation 168 'sparsemux' 'tmp_5' <Predicate = true> <Delay = 1.80> <CoreInst = "SparseMux">   --->   Core 135 'SparseMux' <Latency = 0> <II = 1> <Delay = 1.80> <FuncUnit> <Opcode : 'sparsemux'> <InPorts = 2> <OutPorts = 1>

State 3 <SV = 2> <Delay = 5.92>
ST_3 : Operation 169 [7/7] (5.92ns)   --->   "%x_assign_2 = fsub i32 %tmp_5, i32 %m_new_read" [/home/siyenga7/FPGA/attention_int8.cpp:170]   --->   Operation 169 'fsub' 'x_assign_2' <Predicate = true> <Delay = 5.92> <CoreInst = "FAddSub_fulldsp">   --->   Core 18 'FAddSub_fulldsp' <Latency = 6> <II = 1> <Delay = 5.92> <FuncUnit> <Opcode : 'fadd' 'fsub'> <InPorts = 2> <OutPorts = 1>

State 4 <SV = 3> <Delay = 5.92>
ST_4 : Operation 170 [6/7] (5.92ns)   --->   "%x_assign_2 = fsub i32 %tmp_5, i32 %m_new_read" [/home/siyenga7/FPGA/attention_int8.cpp:170]   --->   Operation 170 'fsub' 'x_assign_2' <Predicate = true> <Delay = 5.92> <CoreInst = "FAddSub_fulldsp">   --->   Core 18 'FAddSub_fulldsp' <Latency = 6> <II = 1> <Delay = 5.92> <FuncUnit> <Opcode : 'fadd' 'fsub'> <InPorts = 2> <OutPorts = 1>

State 5 <SV = 4> <Delay = 5.92>
ST_5 : Operation 171 [5/7] (5.92ns)   --->   "%x_assign_2 = fsub i32 %tmp_5, i32 %m_new_read" [/home/siyenga7/FPGA/attention_int8.cpp:170]   --->   Operation 171 'fsub' 'x_assign_2' <Predicate = true> <Delay = 5.92> <CoreInst = "FAddSub_fulldsp">   --->   Core 18 'FAddSub_fulldsp' <Latency = 6> <II = 1> <Delay = 5.92> <FuncUnit> <Opcode : 'fadd' 'fsub'> <InPorts = 2> <OutPorts = 1>

State 6 <SV = 5> <Delay = 5.92>
ST_6 : Operation 172 [4/7] (5.92ns)   --->   "%x_assign_2 = fsub i32 %tmp_5, i32 %m_new_read" [/home/siyenga7/FPGA/attention_int8.cpp:170]   --->   Operation 172 'fsub' 'x_assign_2' <Predicate = true> <Delay = 5.92> <CoreInst = "FAddSub_fulldsp">   --->   Core 18 'FAddSub_fulldsp' <Latency = 6> <II = 1> <Delay = 5.92> <FuncUnit> <Opcode : 'fadd' 'fsub'> <InPorts = 2> <OutPorts = 1>

State 7 <SV = 6> <Delay = 5.92>
ST_7 : Operation 173 [3/7] (5.92ns)   --->   "%x_assign_2 = fsub i32 %tmp_5, i32 %m_new_read" [/home/siyenga7/FPGA/attention_int8.cpp:170]   --->   Operation 173 'fsub' 'x_assign_2' <Predicate = true> <Delay = 5.92> <CoreInst = "FAddSub_fulldsp">   --->   Core 18 'FAddSub_fulldsp' <Latency = 6> <II = 1> <Delay = 5.92> <FuncUnit> <Opcode : 'fadd' 'fsub'> <InPorts = 2> <OutPorts = 1>

State 8 <SV = 7> <Delay = 5.92>
ST_8 : Operation 174 [2/7] (5.92ns)   --->   "%x_assign_2 = fsub i32 %tmp_5, i32 %m_new_read" [/home/siyenga7/FPGA/attention_int8.cpp:170]   --->   Operation 174 'fsub' 'x_assign_2' <Predicate = true> <Delay = 5.92> <CoreInst = "FAddSub_fulldsp">   --->   Core 18 'FAddSub_fulldsp' <Latency = 6> <II = 1> <Delay = 5.92> <FuncUnit> <Opcode : 'fadd' 'fsub'> <InPorts = 2> <OutPorts = 1>

State 9 <SV = 8> <Delay = 5.92>
ST_9 : Operation 175 [1/7] (5.92ns)   --->   "%x_assign_2 = fsub i32 %tmp_5, i32 %m_new_read" [/home/siyenga7/FPGA/attention_int8.cpp:170]   --->   Operation 175 'fsub' 'x_assign_2' <Predicate = true> <Delay = 5.92> <CoreInst = "FAddSub_fulldsp">   --->   Core 18 'FAddSub_fulldsp' <Latency = 6> <II = 1> <Delay = 5.92> <FuncUnit> <Opcode : 'fadd' 'fsub'> <InPorts = 2> <OutPorts = 1>

State 10 <SV = 9> <Delay = 5.09>
ST_10 : Operation 176 [2/2] (5.09ns)   --->   "%tmp_71 = fcmp_ogt  i32 %x_assign_2, i32 0" [/home/siyenga7/FPGA/attention_int8.cpp:33->/home/siyenga7/FPGA/attention_int8.cpp:170]   --->   Operation 176 'fcmp' 'tmp_71' <Predicate = true> <Delay = 5.09> <CoreInst = "FCompare">   --->   Core 19 'FCompare' <Latency = 1> <II = 1> <Delay = 5.09> <FuncUnit> <Opcode : 'fcmp'> <InPorts = 2> <OutPorts = 1>

State 11 <SV = 10> <Delay = 6.09>
ST_11 : Operation 177 [1/1] (0.00ns)   --->   "%bitcast_ln32 = bitcast i32 %x_assign_2" [/home/siyenga7/FPGA/attention_int8.cpp:32->/home/siyenga7/FPGA/attention_int8.cpp:170]   --->   Operation 177 'bitcast' 'bitcast_ln32' <Predicate = true> <Delay = 0.00>
ST_11 : Operation 178 [1/1] (0.00ns)   --->   "%tmp_69 = partselect i8 @_ssdm_op_PartSelect.i8.i32.i32.i32, i32 %bitcast_ln32, i32 23, i32 30" [/home/siyenga7/FPGA/attention_int8.cpp:32->/home/siyenga7/FPGA/attention_int8.cpp:170]   --->   Operation 178 'partselect' 'tmp_69' <Predicate = true> <Delay = 0.00>
ST_11 : Operation 179 [1/1] (0.00ns)   --->   "%trunc_ln32 = trunc i32 %bitcast_ln32" [/home/siyenga7/FPGA/attention_int8.cpp:32->/home/siyenga7/FPGA/attention_int8.cpp:170]   --->   Operation 179 'trunc' 'trunc_ln32' <Predicate = true> <Delay = 0.00>
ST_11 : Operation 180 [1/1] (2.11ns)   --->   "%icmp_ln32 = icmp_ne  i8 %tmp_69, i8 255" [/home/siyenga7/FPGA/attention_int8.cpp:32->/home/siyenga7/FPGA/attention_int8.cpp:170]   --->   Operation 180 'icmp' 'icmp_ln32' <Predicate = true> <Delay = 2.11> <CoreInst = "Cmp">   --->   Core 9 'Cmp' <Latency = 0> <II = 1> <Delay = 2.11> <FuncUnit> <Opcode : 'icmp'> <InPorts = 2> <OutPorts = 1>
ST_11 : Operation 181 [1/1] (2.38ns)   --->   "%icmp_ln32_1 = icmp_eq  i23 %trunc_ln32, i23 0" [/home/siyenga7/FPGA/attention_int8.cpp:32->/home/siyenga7/FPGA/attention_int8.cpp:170]   --->   Operation 181 'icmp' 'icmp_ln32_1' <Predicate = true> <Delay = 2.38> <CoreInst = "Cmp">   --->   Core 9 'Cmp' <Latency = 0> <II = 1> <Delay = 2.38> <FuncUnit> <Opcode : 'icmp'> <InPorts = 2> <OutPorts = 1>
ST_11 : Operation 182 [1/1] (0.97ns)   --->   "%or_ln32 = or i1 %icmp_ln32_1, i1 %icmp_ln32" [/home/siyenga7/FPGA/attention_int8.cpp:32->/home/siyenga7/FPGA/attention_int8.cpp:170]   --->   Operation 182 'or' 'or_ln32' <Predicate = true> <Delay = 0.97> <CoreInst = "LogicGate">   --->   Core 74 'LogicGate' <Latency = 0> <II = 1> <Delay = 0.97> <FuncUnit> <Opcode : 'and' 'or' 'xor'> <InPorts = 2> <OutPorts = 1>
ST_11 : Operation 183 [2/2] (5.09ns)   --->   "%tmp_70 = fcmp_olt  i32 %x_assign_2, i32 -10" [/home/siyenga7/FPGA/attention_int8.cpp:32->/home/siyenga7/FPGA/attention_int8.cpp:170]   --->   Operation 183 'fcmp' 'tmp_70' <Predicate = true> <Delay = 5.09> <CoreInst = "FCompare">   --->   Core 19 'FCompare' <Latency = 1> <II = 1> <Delay = 5.09> <FuncUnit> <Opcode : 'fcmp'> <InPorts = 2> <OutPorts = 1>
ST_11 : Operation 184 [1/2] (5.09ns)   --->   "%tmp_71 = fcmp_ogt  i32 %x_assign_2, i32 0" [/home/siyenga7/FPGA/attention_int8.cpp:33->/home/siyenga7/FPGA/attention_int8.cpp:170]   --->   Operation 184 'fcmp' 'tmp_71' <Predicate = true> <Delay = 5.09> <CoreInst = "FCompare">   --->   Core 19 'FCompare' <Latency = 1> <II = 1> <Delay = 5.09> <FuncUnit> <Opcode : 'fcmp'> <InPorts = 2> <OutPorts = 1>
ST_11 : Operation 185 [1/1] (0.00ns) (grouped into LUT with out node select_ln35)   --->   "%and_ln33 = and i1 %or_ln32, i1 %tmp_71" [/home/siyenga7/FPGA/attention_int8.cpp:33->/home/siyenga7/FPGA/attention_int8.cpp:170]   --->   Operation 185 'and' 'and_ln33' <Predicate = true> <Delay = 0.00> <CoreInst = "LogicGate">   --->   Core 74 'LogicGate' <Latency = 0> <II = 1> <Delay = 0.97> <FuncUnit> <Opcode : 'and' 'or' 'xor'> <InPorts = 2> <OutPorts = 1>
ST_11 : Operation 186 [1/1] (0.00ns) (grouped into LUT with out node select_ln35)   --->   "%xor_ln35 = xor i32 %bitcast_ln32, i32 2147483648" [/home/siyenga7/FPGA/attention_int8.cpp:35->/home/siyenga7/FPGA/attention_int8.cpp:170]   --->   Operation 186 'xor' 'xor_ln35' <Predicate = true> <Delay = 0.00> <CoreInst = "LogicGate">   --->   Core 74 'LogicGate' <Latency = 0> <II = 1> <Delay = 0.99> <FuncUnit> <Opcode : 'and' 'or' 'xor'> <InPorts = 2> <OutPorts = 1>
ST_11 : Operation 187 [1/1] (0.00ns) (grouped into LUT with out node select_ln35)   --->   "%bitcast_ln35 = bitcast i32 %xor_ln35" [/home/siyenga7/FPGA/attention_int8.cpp:35->/home/siyenga7/FPGA/attention_int8.cpp:170]   --->   Operation 187 'bitcast' 'bitcast_ln35' <Predicate = true> <Delay = 0.00>
ST_11 : Operation 188 [1/1] (0.99ns) (out node of the LUT)   --->   "%select_ln35 = select i1 %and_ln33, i32 -0, i32 %bitcast_ln35" [/home/siyenga7/FPGA/attention_int8.cpp:35->/home/siyenga7/FPGA/attention_int8.cpp:170]   --->   Operation 188 'select' 'select_ln35' <Predicate = true> <Delay = 0.99> <CoreInst = "Sel">   --->   Core 73 'Sel' <Latency = 0> <II = 1> <Delay = 0.79> <FuncUnit> <Opcode : 'select'> <InPorts = 3> <OutPorts = 1>

State 12 <SV = 11> <Delay = 6.30>
ST_12 : Operation 189 [1/2] (5.09ns)   --->   "%tmp_70 = fcmp_olt  i32 %x_assign_2, i32 -10" [/home/siyenga7/FPGA/attention_int8.cpp:32->/home/siyenga7/FPGA/attention_int8.cpp:170]   --->   Operation 189 'fcmp' 'tmp_70' <Predicate = true> <Delay = 5.09> <CoreInst = "FCompare">   --->   Core 19 'FCompare' <Latency = 1> <II = 1> <Delay = 5.09> <FuncUnit> <Opcode : 'fcmp'> <InPorts = 2> <OutPorts = 1>
ST_12 : Operation 190 [16/16] (6.30ns)   --->   "%dc = fdiv i32 %select_ln35, i32 0.15625" [/home/siyenga7/FPGA/attention_int8.cpp:35->/home/siyenga7/FPGA/attention_int8.cpp:170]   --->   Operation 190 'fdiv' 'dc' <Predicate = true> <Delay = 6.30> <CoreInst = "FDiv">   --->   Core 20 'FDiv' <Latency = 15> <II = 1> <Delay = 6.30> <FuncUnit> <Opcode : 'fdiv' 'frem'> <InPorts = 2> <OutPorts = 1>

State 13 <SV = 12> <Delay = 6.30>
ST_13 : Operation 191 [15/16] (6.30ns)   --->   "%dc = fdiv i32 %select_ln35, i32 0.15625" [/home/siyenga7/FPGA/attention_int8.cpp:35->/home/siyenga7/FPGA/attention_int8.cpp:170]   --->   Operation 191 'fdiv' 'dc' <Predicate = true> <Delay = 6.30> <CoreInst = "FDiv">   --->   Core 20 'FDiv' <Latency = 15> <II = 1> <Delay = 6.30> <FuncUnit> <Opcode : 'fdiv' 'frem'> <InPorts = 2> <OutPorts = 1>

State 14 <SV = 13> <Delay = 6.30>
ST_14 : Operation 192 [14/16] (6.30ns)   --->   "%dc = fdiv i32 %select_ln35, i32 0.15625" [/home/siyenga7/FPGA/attention_int8.cpp:35->/home/siyenga7/FPGA/attention_int8.cpp:170]   --->   Operation 192 'fdiv' 'dc' <Predicate = true> <Delay = 6.30> <CoreInst = "FDiv">   --->   Core 20 'FDiv' <Latency = 15> <II = 1> <Delay = 6.30> <FuncUnit> <Opcode : 'fdiv' 'frem'> <InPorts = 2> <OutPorts = 1>

State 15 <SV = 14> <Delay = 6.30>
ST_15 : Operation 193 [13/16] (6.30ns)   --->   "%dc = fdiv i32 %select_ln35, i32 0.15625" [/home/siyenga7/FPGA/attention_int8.cpp:35->/home/siyenga7/FPGA/attention_int8.cpp:170]   --->   Operation 193 'fdiv' 'dc' <Predicate = true> <Delay = 6.30> <CoreInst = "FDiv">   --->   Core 20 'FDiv' <Latency = 15> <II = 1> <Delay = 6.30> <FuncUnit> <Opcode : 'fdiv' 'frem'> <InPorts = 2> <OutPorts = 1>

State 16 <SV = 15> <Delay = 6.30>
ST_16 : Operation 194 [12/16] (6.30ns)   --->   "%dc = fdiv i32 %select_ln35, i32 0.15625" [/home/siyenga7/FPGA/attention_int8.cpp:35->/home/siyenga7/FPGA/attention_int8.cpp:170]   --->   Operation 194 'fdiv' 'dc' <Predicate = true> <Delay = 6.30> <CoreInst = "FDiv">   --->   Core 20 'FDiv' <Latency = 15> <II = 1> <Delay = 6.30> <FuncUnit> <Opcode : 'fdiv' 'frem'> <InPorts = 2> <OutPorts = 1>

State 17 <SV = 16> <Delay = 6.30>
ST_17 : Operation 195 [11/16] (6.30ns)   --->   "%dc = fdiv i32 %select_ln35, i32 0.15625" [/home/siyenga7/FPGA/attention_int8.cpp:35->/home/siyenga7/FPGA/attention_int8.cpp:170]   --->   Operation 195 'fdiv' 'dc' <Predicate = true> <Delay = 6.30> <CoreInst = "FDiv">   --->   Core 20 'FDiv' <Latency = 15> <II = 1> <Delay = 6.30> <FuncUnit> <Opcode : 'fdiv' 'frem'> <InPorts = 2> <OutPorts = 1>

State 18 <SV = 17> <Delay = 6.30>
ST_18 : Operation 196 [10/16] (6.30ns)   --->   "%dc = fdiv i32 %select_ln35, i32 0.15625" [/home/siyenga7/FPGA/attention_int8.cpp:35->/home/siyenga7/FPGA/attention_int8.cpp:170]   --->   Operation 196 'fdiv' 'dc' <Predicate = true> <Delay = 6.30> <CoreInst = "FDiv">   --->   Core 20 'FDiv' <Latency = 15> <II = 1> <Delay = 6.30> <FuncUnit> <Opcode : 'fdiv' 'frem'> <InPorts = 2> <OutPorts = 1>

State 19 <SV = 18> <Delay = 6.30>
ST_19 : Operation 197 [9/16] (6.30ns)   --->   "%dc = fdiv i32 %select_ln35, i32 0.15625" [/home/siyenga7/FPGA/attention_int8.cpp:35->/home/siyenga7/FPGA/attention_int8.cpp:170]   --->   Operation 197 'fdiv' 'dc' <Predicate = true> <Delay = 6.30> <CoreInst = "FDiv">   --->   Core 20 'FDiv' <Latency = 15> <II = 1> <Delay = 6.30> <FuncUnit> <Opcode : 'fdiv' 'frem'> <InPorts = 2> <OutPorts = 1>

State 20 <SV = 19> <Delay = 6.30>
ST_20 : Operation 198 [8/16] (6.30ns)   --->   "%dc = fdiv i32 %select_ln35, i32 0.15625" [/home/siyenga7/FPGA/attention_int8.cpp:35->/home/siyenga7/FPGA/attention_int8.cpp:170]   --->   Operation 198 'fdiv' 'dc' <Predicate = true> <Delay = 6.30> <CoreInst = "FDiv">   --->   Core 20 'FDiv' <Latency = 15> <II = 1> <Delay = 6.30> <FuncUnit> <Opcode : 'fdiv' 'frem'> <InPorts = 2> <OutPorts = 1>

State 21 <SV = 20> <Delay = 6.30>
ST_21 : Operation 199 [7/16] (6.30ns)   --->   "%dc = fdiv i32 %select_ln35, i32 0.15625" [/home/siyenga7/FPGA/attention_int8.cpp:35->/home/siyenga7/FPGA/attention_int8.cpp:170]   --->   Operation 199 'fdiv' 'dc' <Predicate = true> <Delay = 6.30> <CoreInst = "FDiv">   --->   Core 20 'FDiv' <Latency = 15> <II = 1> <Delay = 6.30> <FuncUnit> <Opcode : 'fdiv' 'frem'> <InPorts = 2> <OutPorts = 1>

State 22 <SV = 21> <Delay = 6.30>
ST_22 : Operation 200 [6/16] (6.30ns)   --->   "%dc = fdiv i32 %select_ln35, i32 0.15625" [/home/siyenga7/FPGA/attention_int8.cpp:35->/home/siyenga7/FPGA/attention_int8.cpp:170]   --->   Operation 200 'fdiv' 'dc' <Predicate = true> <Delay = 6.30> <CoreInst = "FDiv">   --->   Core 20 'FDiv' <Latency = 15> <II = 1> <Delay = 6.30> <FuncUnit> <Opcode : 'fdiv' 'frem'> <InPorts = 2> <OutPorts = 1>

State 23 <SV = 22> <Delay = 6.30>
ST_23 : Operation 201 [5/16] (6.30ns)   --->   "%dc = fdiv i32 %select_ln35, i32 0.15625" [/home/siyenga7/FPGA/attention_int8.cpp:35->/home/siyenga7/FPGA/attention_int8.cpp:170]   --->   Operation 201 'fdiv' 'dc' <Predicate = true> <Delay = 6.30> <CoreInst = "FDiv">   --->   Core 20 'FDiv' <Latency = 15> <II = 1> <Delay = 6.30> <FuncUnit> <Opcode : 'fdiv' 'frem'> <InPorts = 2> <OutPorts = 1>

State 24 <SV = 23> <Delay = 6.30>
ST_24 : Operation 202 [4/16] (6.30ns)   --->   "%dc = fdiv i32 %select_ln35, i32 0.15625" [/home/siyenga7/FPGA/attention_int8.cpp:35->/home/siyenga7/FPGA/attention_int8.cpp:170]   --->   Operation 202 'fdiv' 'dc' <Predicate = true> <Delay = 6.30> <CoreInst = "FDiv">   --->   Core 20 'FDiv' <Latency = 15> <II = 1> <Delay = 6.30> <FuncUnit> <Opcode : 'fdiv' 'frem'> <InPorts = 2> <OutPorts = 1>

State 25 <SV = 24> <Delay = 6.30>
ST_25 : Operation 203 [3/16] (6.30ns)   --->   "%dc = fdiv i32 %select_ln35, i32 0.15625" [/home/siyenga7/FPGA/attention_int8.cpp:35->/home/siyenga7/FPGA/attention_int8.cpp:170]   --->   Operation 203 'fdiv' 'dc' <Predicate = true> <Delay = 6.30> <CoreInst = "FDiv">   --->   Core 20 'FDiv' <Latency = 15> <II = 1> <Delay = 6.30> <FuncUnit> <Opcode : 'fdiv' 'frem'> <InPorts = 2> <OutPorts = 1>

State 26 <SV = 25> <Delay = 6.30>
ST_26 : Operation 204 [2/16] (6.30ns)   --->   "%dc = fdiv i32 %select_ln35, i32 0.15625" [/home/siyenga7/FPGA/attention_int8.cpp:35->/home/siyenga7/FPGA/attention_int8.cpp:170]   --->   Operation 204 'fdiv' 'dc' <Predicate = true> <Delay = 6.30> <CoreInst = "FDiv">   --->   Core 20 'FDiv' <Latency = 15> <II = 1> <Delay = 6.30> <FuncUnit> <Opcode : 'fdiv' 'frem'> <InPorts = 2> <OutPorts = 1>

State 27 <SV = 26> <Delay = 6.30>
ST_27 : Operation 205 [1/16] (6.30ns)   --->   "%dc = fdiv i32 %select_ln35, i32 0.15625" [/home/siyenga7/FPGA/attention_int8.cpp:35->/home/siyenga7/FPGA/attention_int8.cpp:170]   --->   Operation 205 'fdiv' 'dc' <Predicate = true> <Delay = 6.30> <CoreInst = "FDiv">   --->   Core 20 'FDiv' <Latency = 15> <II = 1> <Delay = 6.30> <FuncUnit> <Opcode : 'fdiv' 'frem'> <InPorts = 2> <OutPorts = 1>

State 28 <SV = 27> <Delay = 7.28>
ST_28 : Operation 206 [1/1] (0.00ns)   --->   "%data = bitcast i32 %dc" [/wrk/ci/prod/2023.2/hls_product/continuous/689/2023.2/src/shared/hls/clib/src/hls/utils/x_hls_utils.h:288->/wrk/ci/prod/2023.2/hls_product/continuous/689/2023.2/src/shared/hls/clib/hlsmath/include/FloatingPoint/hls_case_IEEE754.h:13->/wrk/ci/prod/2023.2/hls_product/continuous/689/2023.2/src/shared/hls/clib/hlsmath/include/FloatingPoint/hls_case_IEEE754.h:117->/wrk/ci/prod/2023.2/hls_product/continuous/689/2023.2/src/shared/hls/clib/hlsmath/src/lib_floatconversion.cpp:51->/home/siyenga7/FPGA/attention_int8.cpp:35->/home/siyenga7/FPGA/attention_int8.cpp:170]   --->   Operation 206 'bitcast' 'data' <Predicate = true> <Delay = 0.00>
ST_28 : Operation 207 [1/1] (0.00ns)   --->   "%xs_sign = bitselect i1 @_ssdm_op_BitSelect.i1.i32.i32, i32 %data, i32 31" [/wrk/ci/prod/2023.2/hls_product/continuous/689/2023.2/src/shared/hls/clib/src/hls/utils/x_hls_utils.h:294->/wrk/ci/prod/2023.2/hls_product/continuous/689/2023.2/src/shared/hls/clib/hlsmath/include/FloatingPoint/hls_case_IEEE754.h:13->/wrk/ci/prod/2023.2/hls_product/continuous/689/2023.2/src/shared/hls/clib/hlsmath/include/FloatingPoint/hls_case_IEEE754.h:117->/wrk/ci/prod/2023.2/hls_product/continuous/689/2023.2/src/shared/hls/clib/hlsmath/src/lib_floatconversion.cpp:51->/home/siyenga7/FPGA/attention_int8.cpp:35->/home/siyenga7/FPGA/attention_int8.cpp:170]   --->   Operation 207 'bitselect' 'xs_sign' <Predicate = true> <Delay = 0.00>
ST_28 : Operation 208 [1/1] (0.00ns)   --->   "%xs_exp = partselect i8 @_ssdm_op_PartSelect.i8.i32.i32.i32, i32 %data, i32 23, i32 30" [/wrk/ci/prod/2023.2/hls_product/continuous/689/2023.2/src/shared/hls/clib/src/hls/utils/x_hls_utils.h:295->/wrk/ci/prod/2023.2/hls_product/continuous/689/2023.2/src/shared/hls/clib/hlsmath/include/FloatingPoint/hls_case_IEEE754.h:13->/wrk/ci/prod/2023.2/hls_product/continuous/689/2023.2/src/shared/hls/clib/hlsmath/include/FloatingPoint/hls_case_IEEE754.h:117->/wrk/ci/prod/2023.2/hls_product/continuous/689/2023.2/src/shared/hls/clib/hlsmath/src/lib_floatconversion.cpp:51->/home/siyenga7/FPGA/attention_int8.cpp:35->/home/siyenga7/FPGA/attention_int8.cpp:170]   --->   Operation 208 'partselect' 'xs_exp' <Predicate = true> <Delay = 0.00>
ST_28 : Operation 209 [1/1] (0.00ns)   --->   "%trunc_ln342 = trunc i32 %data" [/wrk/ci/prod/2023.2/hls_product/continuous/689/2023.2/src/shared/hls/clib/src/hls/utils/x_hls_utils.h:342->/wrk/ci/prod/2023.2/hls_product/continuous/689/2023.2/src/shared/hls/clib/hlsmath/include/FloatingPoint/hls_case_IEEE754.h:15->/wrk/ci/prod/2023.2/hls_product/continuous/689/2023.2/src/shared/hls/clib/hlsmath/include/FloatingPoint/hls_case_IEEE754.h:117->/wrk/ci/prod/2023.2/hls_product/continuous/689/2023.2/src/shared/hls/clib/hlsmath/src/lib_floatconversion.cpp:51->/home/siyenga7/FPGA/attention_int8.cpp:35->/home/siyenga7/FPGA/attention_int8.cpp:170]   --->   Operation 209 'trunc' 'trunc_ln342' <Predicate = true> <Delay = 0.00>
ST_28 : Operation 210 [1/1] (0.00ns)   --->   "%mantissa = bitconcatenate i25 @_ssdm_op_BitConcatenate.i25.i1.i23.i1, i1 1, i23 %trunc_ln342, i1 0" [/wrk/ci/prod/2023.2/hls_product/continuous/689/2023.2/src/shared/hls/clib/hlsmath/include/FloatingPoint/hls_case_IEEE754.h:15->/wrk/ci/prod/2023.2/hls_product/continuous/689/2023.2/src/shared/hls/clib/hlsmath/include/FloatingPoint/hls_case_IEEE754.h:117->/wrk/ci/prod/2023.2/hls_product/continuous/689/2023.2/src/shared/hls/clib/hlsmath/src/lib_floatconversion.cpp:51->/home/siyenga7/FPGA/attention_int8.cpp:35->/home/siyenga7/FPGA/attention_int8.cpp:170]   --->   Operation 210 'bitconcatenate' 'mantissa' <Predicate = true> <Delay = 0.00>
ST_28 : Operation 211 [1/1] (0.00ns)   --->   "%zext_ln15 = zext i25 %mantissa" [/wrk/ci/prod/2023.2/hls_product/continuous/689/2023.2/src/shared/hls/clib/hlsmath/include/FloatingPoint/hls_case_IEEE754.h:15->/wrk/ci/prod/2023.2/hls_product/continuous/689/2023.2/src/shared/hls/clib/hlsmath/include/FloatingPoint/hls_case_IEEE754.h:117->/wrk/ci/prod/2023.2/hls_product/continuous/689/2023.2/src/shared/hls/clib/hlsmath/src/lib_floatconversion.cpp:51->/home/siyenga7/FPGA/attention_int8.cpp:35->/home/siyenga7/FPGA/attention_int8.cpp:170]   --->   Operation 211 'zext' 'zext_ln15' <Predicate = true> <Delay = 0.00>
ST_28 : Operation 212 [1/1] (0.00ns)   --->   "%zext_ln317 = zext i8 %xs_exp" [/wrk/ci/prod/2023.2/hls_product/continuous/689/2023.2/src/shared/hls/clib/src/hls/utils/x_hls_utils.h:317->/wrk/ci/prod/2023.2/hls_product/continuous/689/2023.2/src/shared/hls/clib/hlsmath/include/FloatingPoint/hls_case_IEEE754.h:18->/wrk/ci/prod/2023.2/hls_product/continuous/689/2023.2/src/shared/hls/clib/hlsmath/include/FloatingPoint/hls_case_IEEE754.h:117->/wrk/ci/prod/2023.2/hls_product/continuous/689/2023.2/src/shared/hls/clib/hlsmath/src/lib_floatconversion.cpp:51->/home/siyenga7/FPGA/attention_int8.cpp:35->/home/siyenga7/FPGA/attention_int8.cpp:170]   --->   Operation 212 'zext' 'zext_ln317' <Predicate = true> <Delay = 0.00>
ST_28 : Operation 213 [1/1] (2.11ns)   --->   "%add_ln317 = add i9 %zext_ln317, i9 385" [/wrk/ci/prod/2023.2/hls_product/continuous/689/2023.2/src/shared/hls/clib/src/hls/utils/x_hls_utils.h:317->/wrk/ci/prod/2023.2/hls_product/continuous/689/2023.2/src/shared/hls/clib/hlsmath/include/FloatingPoint/hls_case_IEEE754.h:18->/wrk/ci/prod/2023.2/hls_product/continuous/689/2023.2/src/shared/hls/clib/hlsmath/include/FloatingPoint/hls_case_IEEE754.h:117->/wrk/ci/prod/2023.2/hls_product/continuous/689/2023.2/src/shared/hls/clib/hlsmath/src/lib_floatconversion.cpp:51->/home/siyenga7/FPGA/attention_int8.cpp:35->/home/siyenga7/FPGA/attention_int8.cpp:170]   --->   Operation 213 'add' 'add_ln317' <Predicate = true> <Delay = 2.11> <CoreInst = "Adder">   --->   Core 1 'Adder' <Latency = 0> <II = 1> <Delay = 2.11> <FuncUnit> <Opcode : 'add' 'sub'> <InPorts = 2> <OutPorts = 1>
ST_28 : Operation 214 [1/1] (0.00ns)   --->   "%tmp = bitselect i1 @_ssdm_op_BitSelect.i1.i9.i32, i9 %add_ln317, i32 8" [/wrk/ci/prod/2023.2/hls_product/continuous/689/2023.2/src/shared/hls/clib/hlsmath/include/FloatingPoint/hls_case_IEEE754.h:18->/wrk/ci/prod/2023.2/hls_product/continuous/689/2023.2/src/shared/hls/clib/hlsmath/include/FloatingPoint/hls_case_IEEE754.h:117->/wrk/ci/prod/2023.2/hls_product/continuous/689/2023.2/src/shared/hls/clib/hlsmath/src/lib_floatconversion.cpp:51->/home/siyenga7/FPGA/attention_int8.cpp:35->/home/siyenga7/FPGA/attention_int8.cpp:170]   --->   Operation 214 'bitselect' 'tmp' <Predicate = true> <Delay = 0.00>
ST_28 : Operation 215 [1/1] (2.11ns)   --->   "%sub_ln18 = sub i8 127, i8 %xs_exp" [/wrk/ci/prod/2023.2/hls_product/continuous/689/2023.2/src/shared/hls/clib/hlsmath/include/FloatingPoint/hls_case_IEEE754.h:18->/wrk/ci/prod/2023.2/hls_product/continuous/689/2023.2/src/shared/hls/clib/hlsmath/include/FloatingPoint/hls_case_IEEE754.h:117->/wrk/ci/prod/2023.2/hls_product/continuous/689/2023.2/src/shared/hls/clib/hlsmath/src/lib_floatconversion.cpp:51->/home/siyenga7/FPGA/attention_int8.cpp:35->/home/siyenga7/FPGA/attention_int8.cpp:170]   --->   Operation 215 'sub' 'sub_ln18' <Predicate = true> <Delay = 2.11> <CoreInst = "Adder">   --->   Core 1 'Adder' <Latency = 0> <II = 1> <Delay = 2.11> <FuncUnit> <Opcode : 'add' 'sub'> <InPorts = 2> <OutPorts = 1>
ST_28 : Operation 216 [1/1] (0.00ns)   --->   "%sext_ln18 = sext i8 %sub_ln18" [/wrk/ci/prod/2023.2/hls_product/continuous/689/2023.2/src/shared/hls/clib/hlsmath/include/FloatingPoint/hls_case_IEEE754.h:18->/wrk/ci/prod/2023.2/hls_product/continuous/689/2023.2/src/shared/hls/clib/hlsmath/include/FloatingPoint/hls_case_IEEE754.h:117->/wrk/ci/prod/2023.2/hls_product/continuous/689/2023.2/src/shared/hls/clib/hlsmath/src/lib_floatconversion.cpp:51->/home/siyenga7/FPGA/attention_int8.cpp:35->/home/siyenga7/FPGA/attention_int8.cpp:170]   --->   Operation 216 'sext' 'sext_ln18' <Predicate = true> <Delay = 0.00>
ST_28 : Operation 217 [1/1] (1.08ns)   --->   "%select_ln18 = select i1 %tmp, i9 %sext_ln18, i9 %add_ln317" [/wrk/ci/prod/2023.2/hls_product/continuous/689/2023.2/src/shared/hls/clib/hlsmath/include/FloatingPoint/hls_case_IEEE754.h:18->/wrk/ci/prod/2023.2/hls_product/continuous/689/2023.2/src/shared/hls/clib/hlsmath/include/FloatingPoint/hls_case_IEEE754.h:117->/wrk/ci/prod/2023.2/hls_product/continuous/689/2023.2/src/shared/hls/clib/hlsmath/src/lib_floatconversion.cpp:51->/home/siyenga7/FPGA/attention_int8.cpp:35->/home/siyenga7/FPGA/attention_int8.cpp:170]   --->   Operation 217 'select' 'select_ln18' <Predicate = true> <Delay = 1.08> <CoreInst = "Sel">   --->   Core 73 'Sel' <Latency = 0> <II = 1> <Delay = 1.08> <FuncUnit> <Opcode : 'select'> <InPorts = 3> <OutPorts = 1>
ST_28 : Operation 218 [1/1] (0.00ns)   --->   "%sext_ln18_1 = sext i9 %select_ln18" [/wrk/ci/prod/2023.2/hls_product/continuous/689/2023.2/src/shared/hls/clib/hlsmath/include/FloatingPoint/hls_case_IEEE754.h:18->/wrk/ci/prod/2023.2/hls_product/continuous/689/2023.2/src/shared/hls/clib/hlsmath/include/FloatingPoint/hls_case_IEEE754.h:117->/wrk/ci/prod/2023.2/hls_product/continuous/689/2023.2/src/shared/hls/clib/hlsmath/src/lib_floatconversion.cpp:51->/home/siyenga7/FPGA/attention_int8.cpp:35->/home/siyenga7/FPGA/attention_int8.cpp:170]   --->   Operation 218 'sext' 'sext_ln18_1' <Predicate = true> <Delay = 0.00>
ST_28 : Operation 219 [1/1] (0.00ns)   --->   "%zext_ln18 = zext i32 %sext_ln18_1" [/wrk/ci/prod/2023.2/hls_product/continuous/689/2023.2/src/shared/hls/clib/hlsmath/include/FloatingPoint/hls_case_IEEE754.h:18->/wrk/ci/prod/2023.2/hls_product/continuous/689/2023.2/src/shared/hls/clib/hlsmath/include/FloatingPoint/hls_case_IEEE754.h:117->/wrk/ci/prod/2023.2/hls_product/continuous/689/2023.2/src/shared/hls/clib/hlsmath/src/lib_floatconversion.cpp:51->/home/siyenga7/FPGA/attention_int8.cpp:35->/home/siyenga7/FPGA/attention_int8.cpp:170]   --->   Operation 219 'zext' 'zext_ln18' <Predicate = true> <Delay = 0.00>
ST_28 : Operation 220 [1/1] (4.08ns)   --->   "%lshr_ln18 = lshr i79 %zext_ln15, i79 %zext_ln18" [/wrk/ci/prod/2023.2/hls_product/continuous/689/2023.2/src/shared/hls/clib/hlsmath/include/FloatingPoint/hls_case_IEEE754.h:18->/wrk/ci/prod/2023.2/hls_product/continuous/689/2023.2/src/shared/hls/clib/hlsmath/include/FloatingPoint/hls_case_IEEE754.h:117->/wrk/ci/prod/2023.2/hls_product/continuous/689/2023.2/src/shared/hls/clib/hlsmath/src/lib_floatconversion.cpp:51->/home/siyenga7/FPGA/attention_int8.cpp:35->/home/siyenga7/FPGA/attention_int8.cpp:170]   --->   Operation 220 'lshr' 'lshr_ln18' <Predicate = true> <Delay = 4.08> <CoreInst = "Shifter">   --->   Core 75 'Shifter' <Latency = 0> <II = 1> <Delay = 4.08> <FuncUnit> <Opcode : 'shl' 'lshr' 'ashr'> <InPorts = 2> <OutPorts = 1>
ST_28 : Operation 221 [1/1] (4.08ns)   --->   "%shl_ln18 = shl i79 %zext_ln15, i79 %zext_ln18" [/wrk/ci/prod/2023.2/hls_product/continuous/689/2023.2/src/shared/hls/clib/hlsmath/include/FloatingPoint/hls_case_IEEE754.h:18->/wrk/ci/prod/2023.2/hls_product/continuous/689/2023.2/src/shared/hls/clib/hlsmath/include/FloatingPoint/hls_case_IEEE754.h:117->/wrk/ci/prod/2023.2/hls_product/continuous/689/2023.2/src/shared/hls/clib/hlsmath/src/lib_floatconversion.cpp:51->/home/siyenga7/FPGA/attention_int8.cpp:35->/home/siyenga7/FPGA/attention_int8.cpp:170]   --->   Operation 221 'shl' 'shl_ln18' <Predicate = true> <Delay = 4.08> <CoreInst = "Shifter">   --->   Core 75 'Shifter' <Latency = 0> <II = 1> <Delay = 4.08> <FuncUnit> <Opcode : 'shl' 'lshr' 'ashr'> <InPorts = 2> <OutPorts = 1>
ST_28 : Operation 222 [1/1] (0.00ns)   --->   "%tmp_72 = partselect i32 @_ssdm_op_PartSelect.i32.i79.i32.i32, i79 %lshr_ln18, i32 24, i32 55" [/wrk/ci/prod/2023.2/hls_product/continuous/689/2023.2/src/shared/hls/clib/hlsmath/include/FloatingPoint/hls_case_IEEE754.h:21->/wrk/ci/prod/2023.2/hls_product/continuous/689/2023.2/src/shared/hls/clib/hlsmath/include/FloatingPoint/hls_case_IEEE754.h:117->/wrk/ci/prod/2023.2/hls_product/continuous/689/2023.2/src/shared/hls/clib/hlsmath/src/lib_floatconversion.cpp:51->/home/siyenga7/FPGA/attention_int8.cpp:35->/home/siyenga7/FPGA/attention_int8.cpp:170]   --->   Operation 222 'partselect' 'tmp_72' <Predicate = true> <Delay = 0.00>
ST_28 : Operation 223 [1/1] (0.00ns)   --->   "%tmp_73 = partselect i32 @_ssdm_op_PartSelect.i32.i79.i32.i32, i79 %shl_ln18, i32 24, i32 55" [/wrk/ci/prod/2023.2/hls_product/continuous/689/2023.2/src/shared/hls/clib/hlsmath/include/FloatingPoint/hls_case_IEEE754.h:21->/wrk/ci/prod/2023.2/hls_product/continuous/689/2023.2/src/shared/hls/clib/hlsmath/include/FloatingPoint/hls_case_IEEE754.h:117->/wrk/ci/prod/2023.2/hls_product/continuous/689/2023.2/src/shared/hls/clib/hlsmath/src/lib_floatconversion.cpp:51->/home/siyenga7/FPGA/attention_int8.cpp:35->/home/siyenga7/FPGA/attention_int8.cpp:170]   --->   Operation 223 'partselect' 'tmp_73' <Predicate = true> <Delay = 0.00>

State 29 <SV = 28> <Delay = 6.78>
ST_29 : Operation 224 [1/1] (0.79ns)   --->   "%val = select i1 %tmp, i32 %tmp_72, i32 %tmp_73" [/wrk/ci/prod/2023.2/hls_product/continuous/689/2023.2/src/shared/hls/clib/hlsmath/include/FloatingPoint/hls_case_IEEE754.h:18->/wrk/ci/prod/2023.2/hls_product/continuous/689/2023.2/src/shared/hls/clib/hlsmath/include/FloatingPoint/hls_case_IEEE754.h:117->/wrk/ci/prod/2023.2/hls_product/continuous/689/2023.2/src/shared/hls/clib/hlsmath/src/lib_floatconversion.cpp:51->/home/siyenga7/FPGA/attention_int8.cpp:35->/home/siyenga7/FPGA/attention_int8.cpp:170]   --->   Operation 224 'select' 'val' <Predicate = true> <Delay = 0.79> <CoreInst = "Sel">   --->   Core 73 'Sel' <Latency = 0> <II = 1> <Delay = 0.79> <FuncUnit> <Opcode : 'select'> <InPorts = 3> <OutPorts = 1>
ST_29 : Operation 225 [1/1] (2.70ns)   --->   "%result_2 = sub i32 0, i32 %val" [/wrk/ci/prod/2023.2/hls_product/continuous/689/2023.2/src/shared/hls/clib/hlsmath/include/FloatingPoint/hls_case_IEEE754.h:59->/wrk/ci/prod/2023.2/hls_product/continuous/689/2023.2/src/shared/hls/clib/hlsmath/include/FloatingPoint/hls_case_IEEE754.h:117->/wrk/ci/prod/2023.2/hls_product/continuous/689/2023.2/src/shared/hls/clib/hlsmath/src/lib_floatconversion.cpp:51->/home/siyenga7/FPGA/attention_int8.cpp:35->/home/siyenga7/FPGA/attention_int8.cpp:170]   --->   Operation 225 'sub' 'result_2' <Predicate = (xs_sign)> <Delay = 2.70> <CoreInst = "Adder">   --->   Core 1 'Adder' <Latency = 0> <II = 1> <Delay = 2.70> <FuncUnit> <Opcode : 'add' 'sub'> <InPorts = 2> <OutPorts = 1>
ST_29 : Operation 226 [1/1] (0.79ns)   --->   "%result = select i1 %xs_sign, i32 %result_2, i32 %val" [/wrk/ci/prod/2023.2/hls_product/continuous/689/2023.2/src/shared/hls/clib/hlsmath/include/FloatingPoint/hls_case_IEEE754.h:59->/wrk/ci/prod/2023.2/hls_product/continuous/689/2023.2/src/shared/hls/clib/hlsmath/include/FloatingPoint/hls_case_IEEE754.h:117->/wrk/ci/prod/2023.2/hls_product/continuous/689/2023.2/src/shared/hls/clib/hlsmath/src/lib_floatconversion.cpp:51->/home/siyenga7/FPGA/attention_int8.cpp:35->/home/siyenga7/FPGA/attention_int8.cpp:170]   --->   Operation 226 'select' 'result' <Predicate = true> <Delay = 0.79> <CoreInst = "Sel">   --->   Core 73 'Sel' <Latency = 0> <II = 1> <Delay = 0.79> <FuncUnit> <Opcode : 'select'> <InPorts = 3> <OutPorts = 1>
ST_29 : Operation 227 [1/1] (0.00ns)   --->   "%tmp_1 = partselect i26 @_ssdm_op_PartSelect.i26.i32.i32.i32, i32 %result, i32 6, i32 31" [/home/siyenga7/FPGA/attention_int8.cpp:36->/home/siyenga7/FPGA/attention_int8.cpp:170]   --->   Operation 227 'partselect' 'tmp_1' <Predicate = true> <Delay = 0.00>
ST_29 : Operation 228 [1/1] (2.49ns)   --->   "%icmp_ln36 = icmp_sgt  i26 %tmp_1, i26 0" [/home/siyenga7/FPGA/attention_int8.cpp:36->/home/siyenga7/FPGA/attention_int8.cpp:170]   --->   Operation 228 'icmp' 'icmp_ln36' <Predicate = true> <Delay = 2.49> <CoreInst = "Cmp">   --->   Core 9 'Cmp' <Latency = 0> <II = 1> <Delay = 2.49> <FuncUnit> <Opcode : 'icmp'> <InPorts = 2> <OutPorts = 1>

State 30 <SV = 29> <Delay = 6.98>
ST_30 : Operation 229 [1/1] (0.79ns)   --->   "%idx_1 = select i1 %icmp_ln36, i32 63, i32 %result" [/home/siyenga7/FPGA/attention_int8.cpp:36->/home/siyenga7/FPGA/attention_int8.cpp:170]   --->   Operation 229 'select' 'idx_1' <Predicate = true> <Delay = 0.79> <CoreInst = "Sel">   --->   Core 73 'Sel' <Latency = 0> <II = 1> <Delay = 0.79> <FuncUnit> <Opcode : 'select'> <InPorts = 3> <OutPorts = 1>
ST_30 : Operation 230 [1/1] (0.00ns)   --->   "%trunc_ln35 = trunc i32 %idx_1" [/home/siyenga7/FPGA/attention_int8.cpp:35->/home/siyenga7/FPGA/attention_int8.cpp:170]   --->   Operation 230 'trunc' 'trunc_ln35' <Predicate = true> <Delay = 0.00>
ST_30 : Operation 231 [6/6] (6.18ns)   --->   "%conv9_i = sitofp i32 %idx_1" [/home/siyenga7/FPGA/attention_int8.cpp:52->/home/siyenga7/FPGA/attention_int8.cpp:170]   --->   Operation 231 'sitofp' 'conv9_i' <Predicate = true> <Delay = 6.18> <CoreInst = "Int2Float">   --->   Core 62 'Int2Float' <Latency = 5> <II = 1> <Delay = 6.18> <FuncUnit> <Opcode : 'uitofp' 'sitofp'> <InPorts = 1> <OutPorts = 1>

State 31 <SV = 30> <Delay = 6.18>
ST_31 : Operation 232 [5/6] (6.18ns)   --->   "%conv9_i = sitofp i32 %idx_1" [/home/siyenga7/FPGA/attention_int8.cpp:52->/home/siyenga7/FPGA/attention_int8.cpp:170]   --->   Operation 232 'sitofp' 'conv9_i' <Predicate = true> <Delay = 6.18> <CoreInst = "Int2Float">   --->   Core 62 'Int2Float' <Latency = 5> <II = 1> <Delay = 6.18> <FuncUnit> <Opcode : 'uitofp' 'sitofp'> <InPorts = 1> <OutPorts = 1>

State 32 <SV = 31> <Delay = 6.18>
ST_32 : Operation 233 [4/6] (6.18ns)   --->   "%conv9_i = sitofp i32 %idx_1" [/home/siyenga7/FPGA/attention_int8.cpp:52->/home/siyenga7/FPGA/attention_int8.cpp:170]   --->   Operation 233 'sitofp' 'conv9_i' <Predicate = true> <Delay = 6.18> <CoreInst = "Int2Float">   --->   Core 62 'Int2Float' <Latency = 5> <II = 1> <Delay = 6.18> <FuncUnit> <Opcode : 'uitofp' 'sitofp'> <InPorts = 1> <OutPorts = 1>

State 33 <SV = 32> <Delay = 6.18>
ST_33 : Operation 234 [3/6] (6.18ns)   --->   "%conv9_i = sitofp i32 %idx_1" [/home/siyenga7/FPGA/attention_int8.cpp:52->/home/siyenga7/FPGA/attention_int8.cpp:170]   --->   Operation 234 'sitofp' 'conv9_i' <Predicate = true> <Delay = 6.18> <CoreInst = "Int2Float">   --->   Core 62 'Int2Float' <Latency = 5> <II = 1> <Delay = 6.18> <FuncUnit> <Opcode : 'uitofp' 'sitofp'> <InPorts = 1> <OutPorts = 1>

State 34 <SV = 33> <Delay = 6.18>
ST_34 : Operation 235 [2/6] (6.18ns)   --->   "%conv9_i = sitofp i32 %idx_1" [/home/siyenga7/FPGA/attention_int8.cpp:52->/home/siyenga7/FPGA/attention_int8.cpp:170]   --->   Operation 235 'sitofp' 'conv9_i' <Predicate = true> <Delay = 6.18> <CoreInst = "Int2Float">   --->   Core 62 'Int2Float' <Latency = 5> <II = 1> <Delay = 6.18> <FuncUnit> <Opcode : 'uitofp' 'sitofp'> <InPorts = 1> <OutPorts = 1>

State 35 <SV = 34> <Delay = 6.18>
ST_35 : Operation 236 [1/6] (6.18ns)   --->   "%conv9_i = sitofp i32 %idx_1" [/home/siyenga7/FPGA/attention_int8.cpp:52->/home/siyenga7/FPGA/attention_int8.cpp:170]   --->   Operation 236 'sitofp' 'conv9_i' <Predicate = true> <Delay = 6.18> <CoreInst = "Int2Float">   --->   Core 62 'Int2Float' <Latency = 5> <II = 1> <Delay = 6.18> <FuncUnit> <Opcode : 'uitofp' 'sitofp'> <InPorts = 1> <OutPorts = 1>

State 36 <SV = 35> <Delay = 5.92>
ST_36 : Operation 237 [7/7] (5.92ns)   --->   "%frac = fsub i32 %dc, i32 %conv9_i" [/home/siyenga7/FPGA/attention_int8.cpp:52->/home/siyenga7/FPGA/attention_int8.cpp:170]   --->   Operation 237 'fsub' 'frac' <Predicate = true> <Delay = 5.92> <CoreInst = "FAddSub_fulldsp">   --->   Core 18 'FAddSub_fulldsp' <Latency = 6> <II = 1> <Delay = 5.92> <FuncUnit> <Opcode : 'fadd' 'fsub'> <InPorts = 2> <OutPorts = 1>

State 37 <SV = 36> <Delay = 5.92>
ST_37 : Operation 238 [6/7] (5.92ns)   --->   "%frac = fsub i32 %dc, i32 %conv9_i" [/home/siyenga7/FPGA/attention_int8.cpp:52->/home/siyenga7/FPGA/attention_int8.cpp:170]   --->   Operation 238 'fsub' 'frac' <Predicate = true> <Delay = 5.92> <CoreInst = "FAddSub_fulldsp">   --->   Core 18 'FAddSub_fulldsp' <Latency = 6> <II = 1> <Delay = 5.92> <FuncUnit> <Opcode : 'fadd' 'fsub'> <InPorts = 2> <OutPorts = 1>

State 38 <SV = 37> <Delay = 5.92>
ST_38 : Operation 239 [5/7] (5.92ns)   --->   "%frac = fsub i32 %dc, i32 %conv9_i" [/home/siyenga7/FPGA/attention_int8.cpp:52->/home/siyenga7/FPGA/attention_int8.cpp:170]   --->   Operation 239 'fsub' 'frac' <Predicate = true> <Delay = 5.92> <CoreInst = "FAddSub_fulldsp">   --->   Core 18 'FAddSub_fulldsp' <Latency = 6> <II = 1> <Delay = 5.92> <FuncUnit> <Opcode : 'fadd' 'fsub'> <InPorts = 2> <OutPorts = 1>

State 39 <SV = 38> <Delay = 5.92>
ST_39 : Operation 240 [4/7] (5.92ns)   --->   "%frac = fsub i32 %dc, i32 %conv9_i" [/home/siyenga7/FPGA/attention_int8.cpp:52->/home/siyenga7/FPGA/attention_int8.cpp:170]   --->   Operation 240 'fsub' 'frac' <Predicate = true> <Delay = 5.92> <CoreInst = "FAddSub_fulldsp">   --->   Core 18 'FAddSub_fulldsp' <Latency = 6> <II = 1> <Delay = 5.92> <FuncUnit> <Opcode : 'fadd' 'fsub'> <InPorts = 2> <OutPorts = 1>

State 40 <SV = 39> <Delay = 5.92>
ST_40 : Operation 241 [3/7] (5.92ns)   --->   "%frac = fsub i32 %dc, i32 %conv9_i" [/home/siyenga7/FPGA/attention_int8.cpp:52->/home/siyenga7/FPGA/attention_int8.cpp:170]   --->   Operation 241 'fsub' 'frac' <Predicate = true> <Delay = 5.92> <CoreInst = "FAddSub_fulldsp">   --->   Core 18 'FAddSub_fulldsp' <Latency = 6> <II = 1> <Delay = 5.92> <FuncUnit> <Opcode : 'fadd' 'fsub'> <InPorts = 2> <OutPorts = 1>

State 41 <SV = 40> <Delay = 5.92>
ST_41 : Operation 242 [2/7] (5.92ns)   --->   "%frac = fsub i32 %dc, i32 %conv9_i" [/home/siyenga7/FPGA/attention_int8.cpp:52->/home/siyenga7/FPGA/attention_int8.cpp:170]   --->   Operation 242 'fsub' 'frac' <Predicate = true> <Delay = 5.92> <CoreInst = "FAddSub_fulldsp">   --->   Core 18 'FAddSub_fulldsp' <Latency = 6> <II = 1> <Delay = 5.92> <FuncUnit> <Opcode : 'fadd' 'fsub'> <InPorts = 2> <OutPorts = 1>

State 42 <SV = 41> <Delay = 5.92>
ST_42 : Operation 243 [1/7] (5.92ns)   --->   "%frac = fsub i32 %dc, i32 %conv9_i" [/home/siyenga7/FPGA/attention_int8.cpp:52->/home/siyenga7/FPGA/attention_int8.cpp:170]   --->   Operation 243 'fsub' 'frac' <Predicate = true> <Delay = 5.92> <CoreInst = "FAddSub_fulldsp">   --->   Core 18 'FAddSub_fulldsp' <Latency = 6> <II = 1> <Delay = 5.92> <FuncUnit> <Opcode : 'fadd' 'fsub'> <InPorts = 2> <OutPorts = 1>

State 43 <SV = 42> <Delay = 5.92>
ST_43 : Operation 244 [7/7] (5.92ns)   --->   "%sub11_i = fsub i32 1, i32 %frac" [/home/siyenga7/FPGA/attention_int8.cpp:53->/home/siyenga7/FPGA/attention_int8.cpp:170]   --->   Operation 244 'fsub' 'sub11_i' <Predicate = true> <Delay = 5.92> <CoreInst = "FAddSub_fulldsp">   --->   Core 18 'FAddSub_fulldsp' <Latency = 6> <II = 1> <Delay = 5.92> <FuncUnit> <Opcode : 'fadd' 'fsub'> <InPorts = 2> <OutPorts = 1>

State 44 <SV = 43> <Delay = 5.92>
ST_44 : Operation 245 [6/7] (5.92ns)   --->   "%sub11_i = fsub i32 1, i32 %frac" [/home/siyenga7/FPGA/attention_int8.cpp:53->/home/siyenga7/FPGA/attention_int8.cpp:170]   --->   Operation 245 'fsub' 'sub11_i' <Predicate = true> <Delay = 5.92> <CoreInst = "FAddSub_fulldsp">   --->   Core 18 'FAddSub_fulldsp' <Latency = 6> <II = 1> <Delay = 5.92> <FuncUnit> <Opcode : 'fadd' 'fsub'> <InPorts = 2> <OutPorts = 1>

State 45 <SV = 44> <Delay = 5.92>
ST_45 : Operation 246 [5/7] (5.92ns)   --->   "%sub11_i = fsub i32 1, i32 %frac" [/home/siyenga7/FPGA/attention_int8.cpp:53->/home/siyenga7/FPGA/attention_int8.cpp:170]   --->   Operation 246 'fsub' 'sub11_i' <Predicate = true> <Delay = 5.92> <CoreInst = "FAddSub_fulldsp">   --->   Core 18 'FAddSub_fulldsp' <Latency = 6> <II = 1> <Delay = 5.92> <FuncUnit> <Opcode : 'fadd' 'fsub'> <InPorts = 2> <OutPorts = 1>

State 46 <SV = 45> <Delay = 5.92>
ST_46 : Operation 247 [4/7] (5.92ns)   --->   "%sub11_i = fsub i32 1, i32 %frac" [/home/siyenga7/FPGA/attention_int8.cpp:53->/home/siyenga7/FPGA/attention_int8.cpp:170]   --->   Operation 247 'fsub' 'sub11_i' <Predicate = true> <Delay = 5.92> <CoreInst = "FAddSub_fulldsp">   --->   Core 18 'FAddSub_fulldsp' <Latency = 6> <II = 1> <Delay = 5.92> <FuncUnit> <Opcode : 'fadd' 'fsub'> <InPorts = 2> <OutPorts = 1>

State 47 <SV = 46> <Delay = 5.92>
ST_47 : Operation 248 [3/7] (5.92ns)   --->   "%sub11_i = fsub i32 1, i32 %frac" [/home/siyenga7/FPGA/attention_int8.cpp:53->/home/siyenga7/FPGA/attention_int8.cpp:170]   --->   Operation 248 'fsub' 'sub11_i' <Predicate = true> <Delay = 5.92> <CoreInst = "FAddSub_fulldsp">   --->   Core 18 'FAddSub_fulldsp' <Latency = 6> <II = 1> <Delay = 5.92> <FuncUnit> <Opcode : 'fadd' 'fsub'> <InPorts = 2> <OutPorts = 1>

State 48 <SV = 47> <Delay = 5.92>
ST_48 : Operation 249 [2/7] (5.92ns)   --->   "%sub11_i = fsub i32 1, i32 %frac" [/home/siyenga7/FPGA/attention_int8.cpp:53->/home/siyenga7/FPGA/attention_int8.cpp:170]   --->   Operation 249 'fsub' 'sub11_i' <Predicate = true> <Delay = 5.92> <CoreInst = "FAddSub_fulldsp">   --->   Core 18 'FAddSub_fulldsp' <Latency = 6> <II = 1> <Delay = 5.92> <FuncUnit> <Opcode : 'fadd' 'fsub'> <InPorts = 2> <OutPorts = 1>

State 49 <SV = 48> <Delay = 5.92>
ST_49 : Operation 250 [1/1] (3.16ns)   --->   "%tmp_8 = sparsemux i32 @_ssdm_op_SparseMux.ap_auto.65f32.f32.i7, i7 0, i32 1, i7 1, i32 0.855951, i7 2, i32 0.732611, i7 3, i32 0.627058, i7 4, i32 0.536782, i7 5, i32 0.45941, i7 6, i32 0.393181, i7 7, i32 0.336504, i7 8, i32 0.288073, i7 9, i32 0.246597, i7 10, i32 0.2111, i7 11, i32 0.180715, i7 12, i32 0.154701, i7 13, i32 0.132428, i7 14, i32 0.113361, i7 15, i32 0.097041, i7 16, i32 0.083083, i7 17, i32 0.071136, i7 18, i32 0.06091, i7 19, i32 0.052149, i7 20, i32 0.044648, i7 21, i32 0.038228, i7 22, i32 0.032726, i7 23, i32 0.028016, i7 24, i32 0.023986, i7 25, i32 0.020535, i7 26, i32 0.01758, i7 27, i32 0.01505, i7 28, i32 0.012884, i7 29, i32 0.011029, i7 30, i32 0.009441, i7 31, i32 0.008082, i7 32, i32 0.00692, i7 33, i32 0.005924, i7 34, i32 0.005072, i7 35, i32 0.004342, i7 36, i32 0.003717, i7 37, i32 0.003183, i7 38, i32 0.002725, i7 39, i32 0.002333, i7 40, i32 0.001997, i7 41, i32 0.00171, i7 42, i32 0.001464, i7 43, i32 0.001253, i7 44, i32 0.001073, i7 45, i32 0.000918, i7 46, i32 0.000786, i7 47, i32 0.000673, i7 48, i32 0.000576, i7 49, i32 0.000493, i7 50, i32 0.000422, i7 51, i32 0.000361, i7 52, i32 0.000309, i7 53, i32 0.000265, i7 54, i32 0.000227, i7 55, i32 0.000194, i7 56, i32 0.000166, i7 57, i32 0.000142, i7 58, i32 0.000122, i7 59, i32 0.000104, i7 60, i32 8.9e-05, i7 61, i32 7.6e-05, i7 62, i32 6.5e-05, i7 63, i32 5.6e-05, i7 64, i32 4.8e-05, i32 <undef>, i7 %trunc_ln35" [/home/siyenga7/FPGA/attention_int8.cpp:53->/home/siyenga7/FPGA/attention_int8.cpp:170]   --->   Operation 250 'sparsemux' 'tmp_8' <Predicate = true> <Delay = 3.16> <CoreInst = "SparseMux">   --->   Core 135 'SparseMux' <Latency = 0> <II = 1> <Delay = 3.16> <FuncUnit> <Opcode : 'sparsemux'> <InPorts = 2> <OutPorts = 1>
ST_49 : Operation 251 [1/7] (5.92ns)   --->   "%sub11_i = fsub i32 1, i32 %frac" [/home/siyenga7/FPGA/attention_int8.cpp:53->/home/siyenga7/FPGA/attention_int8.cpp:170]   --->   Operation 251 'fsub' 'sub11_i' <Predicate = true> <Delay = 5.92> <CoreInst = "FAddSub_fulldsp">   --->   Core 18 'FAddSub_fulldsp' <Latency = 6> <II = 1> <Delay = 5.92> <FuncUnit> <Opcode : 'fadd' 'fsub'> <InPorts = 2> <OutPorts = 1>
ST_49 : Operation 252 [1/1] (3.16ns)   --->   "%tmp_10 = sparsemux i32 @_ssdm_op_SparseMux.ap_auto.65f32.f32.i7, i7 127, i32 1, i7 0, i32 0.855951, i7 1, i32 0.732611, i7 2, i32 0.627058, i7 3, i32 0.536782, i7 4, i32 0.45941, i7 5, i32 0.393181, i7 6, i32 0.336504, i7 7, i32 0.288073, i7 8, i32 0.246597, i7 9, i32 0.2111, i7 10, i32 0.180715, i7 11, i32 0.154701, i7 12, i32 0.132428, i7 13, i32 0.113361, i7 14, i32 0.097041, i7 15, i32 0.083083, i7 16, i32 0.071136, i7 17, i32 0.06091, i7 18, i32 0.052149, i7 19, i32 0.044648, i7 20, i32 0.038228, i7 21, i32 0.032726, i7 22, i32 0.028016, i7 23, i32 0.023986, i7 24, i32 0.020535, i7 25, i32 0.01758, i7 26, i32 0.01505, i7 27, i32 0.012884, i7 28, i32 0.011029, i7 29, i32 0.009441, i7 30, i32 0.008082, i7 31, i32 0.00692, i7 32, i32 0.005924, i7 33, i32 0.005072, i7 34, i32 0.004342, i7 35, i32 0.003717, i7 36, i32 0.003183, i7 37, i32 0.002725, i7 38, i32 0.002333, i7 39, i32 0.001997, i7 40, i32 0.00171, i7 41, i32 0.001464, i7 42, i32 0.001253, i7 43, i32 0.001073, i7 44, i32 0.000918, i7 45, i32 0.000786, i7 46, i32 0.000673, i7 47, i32 0.000576, i7 48, i32 0.000493, i7 49, i32 0.000422, i7 50, i32 0.000361, i7 51, i32 0.000309, i7 52, i32 0.000265, i7 53, i32 0.000227, i7 54, i32 0.000194, i7 55, i32 0.000166, i7 56, i32 0.000142, i7 57, i32 0.000122, i7 58, i32 0.000104, i7 59, i32 8.9e-05, i7 60, i32 7.6e-05, i7 61, i32 6.5e-05, i7 62, i32 5.6e-05, i7 63, i32 4.8e-05, i32 <undef>, i7 %trunc_ln35" [/home/siyenga7/FPGA/attention_int8.cpp:53->/home/siyenga7/FPGA/attention_int8.cpp:170]   --->   Operation 252 'sparsemux' 'tmp_10' <Predicate = true> <Delay = 3.16> <CoreInst = "SparseMux">   --->   Core 135 'SparseMux' <Latency = 0> <II = 1> <Delay = 3.16> <FuncUnit> <Opcode : 'sparsemux'> <InPorts = 2> <OutPorts = 1>

State 50 <SV = 49> <Delay = 5.78>
ST_50 : Operation 253 [4/4] (5.78ns)   --->   "%mul_i = fmul i32 %tmp_8, i32 %sub11_i" [/home/siyenga7/FPGA/attention_int8.cpp:53->/home/siyenga7/FPGA/attention_int8.cpp:170]   --->   Operation 253 'fmul' 'mul_i' <Predicate = true> <Delay = 5.78> <CoreInst = "FMul_maxdsp">   --->   Core 30 'FMul_maxdsp' <Latency = 3> <II = 1> <Delay = 5.78> <FuncUnit> <Opcode : 'fmul'> <InPorts = 2> <OutPorts = 1>
ST_50 : Operation 254 [4/4] (5.78ns)   --->   "%mul14_i = fmul i32 %tmp_10, i32 %frac" [/home/siyenga7/FPGA/attention_int8.cpp:53->/home/siyenga7/FPGA/attention_int8.cpp:170]   --->   Operation 254 'fmul' 'mul14_i' <Predicate = true> <Delay = 5.78> <CoreInst = "FMul_maxdsp">   --->   Core 30 'FMul_maxdsp' <Latency = 3> <II = 1> <Delay = 5.78> <FuncUnit> <Opcode : 'fmul'> <InPorts = 2> <OutPorts = 1>

State 51 <SV = 50> <Delay = 5.78>
ST_51 : Operation 255 [3/4] (5.78ns)   --->   "%mul_i = fmul i32 %tmp_8, i32 %sub11_i" [/home/siyenga7/FPGA/attention_int8.cpp:53->/home/siyenga7/FPGA/attention_int8.cpp:170]   --->   Operation 255 'fmul' 'mul_i' <Predicate = true> <Delay = 5.78> <CoreInst = "FMul_maxdsp">   --->   Core 30 'FMul_maxdsp' <Latency = 3> <II = 1> <Delay = 5.78> <FuncUnit> <Opcode : 'fmul'> <InPorts = 2> <OutPorts = 1>
ST_51 : Operation 256 [3/4] (5.78ns)   --->   "%mul14_i = fmul i32 %tmp_10, i32 %frac" [/home/siyenga7/FPGA/attention_int8.cpp:53->/home/siyenga7/FPGA/attention_int8.cpp:170]   --->   Operation 256 'fmul' 'mul14_i' <Predicate = true> <Delay = 5.78> <CoreInst = "FMul_maxdsp">   --->   Core 30 'FMul_maxdsp' <Latency = 3> <II = 1> <Delay = 5.78> <FuncUnit> <Opcode : 'fmul'> <InPorts = 2> <OutPorts = 1>

State 52 <SV = 51> <Delay = 5.78>
ST_52 : Operation 257 [2/4] (5.78ns)   --->   "%mul_i = fmul i32 %tmp_8, i32 %sub11_i" [/home/siyenga7/FPGA/attention_int8.cpp:53->/home/siyenga7/FPGA/attention_int8.cpp:170]   --->   Operation 257 'fmul' 'mul_i' <Predicate = true> <Delay = 5.78> <CoreInst = "FMul_maxdsp">   --->   Core 30 'FMul_maxdsp' <Latency = 3> <II = 1> <Delay = 5.78> <FuncUnit> <Opcode : 'fmul'> <InPorts = 2> <OutPorts = 1>
ST_52 : Operation 258 [2/4] (5.78ns)   --->   "%mul14_i = fmul i32 %tmp_10, i32 %frac" [/home/siyenga7/FPGA/attention_int8.cpp:53->/home/siyenga7/FPGA/attention_int8.cpp:170]   --->   Operation 258 'fmul' 'mul14_i' <Predicate = true> <Delay = 5.78> <CoreInst = "FMul_maxdsp">   --->   Core 30 'FMul_maxdsp' <Latency = 3> <II = 1> <Delay = 5.78> <FuncUnit> <Opcode : 'fmul'> <InPorts = 2> <OutPorts = 1>

State 53 <SV = 52> <Delay = 5.78>
ST_53 : Operation 259 [1/4] (5.78ns)   --->   "%mul_i = fmul i32 %tmp_8, i32 %sub11_i" [/home/siyenga7/FPGA/attention_int8.cpp:53->/home/siyenga7/FPGA/attention_int8.cpp:170]   --->   Operation 259 'fmul' 'mul_i' <Predicate = true> <Delay = 5.78> <CoreInst = "FMul_maxdsp">   --->   Core 30 'FMul_maxdsp' <Latency = 3> <II = 1> <Delay = 5.78> <FuncUnit> <Opcode : 'fmul'> <InPorts = 2> <OutPorts = 1>
ST_53 : Operation 260 [1/4] (5.78ns)   --->   "%mul14_i = fmul i32 %tmp_10, i32 %frac" [/home/siyenga7/FPGA/attention_int8.cpp:53->/home/siyenga7/FPGA/attention_int8.cpp:170]   --->   Operation 260 'fmul' 'mul14_i' <Predicate = true> <Delay = 5.78> <CoreInst = "FMul_maxdsp">   --->   Core 30 'FMul_maxdsp' <Latency = 3> <II = 1> <Delay = 5.78> <FuncUnit> <Opcode : 'fmul'> <InPorts = 2> <OutPorts = 1>

State 54 <SV = 53> <Delay = 5.92>
ST_54 : Operation 261 [7/7] (5.92ns)   --->   "%add15_i = fadd i32 %mul_i, i32 %mul14_i" [/home/siyenga7/FPGA/attention_int8.cpp:53->/home/siyenga7/FPGA/attention_int8.cpp:170]   --->   Operation 261 'fadd' 'add15_i' <Predicate = true> <Delay = 5.92> <CoreInst = "FAddSub_fulldsp">   --->   Core 18 'FAddSub_fulldsp' <Latency = 6> <II = 1> <Delay = 5.92> <FuncUnit> <Opcode : 'fadd' 'fsub'> <InPorts = 2> <OutPorts = 1>

State 55 <SV = 54> <Delay = 5.92>
ST_55 : Operation 262 [6/7] (5.92ns)   --->   "%add15_i = fadd i32 %mul_i, i32 %mul14_i" [/home/siyenga7/FPGA/attention_int8.cpp:53->/home/siyenga7/FPGA/attention_int8.cpp:170]   --->   Operation 262 'fadd' 'add15_i' <Predicate = true> <Delay = 5.92> <CoreInst = "FAddSub_fulldsp">   --->   Core 18 'FAddSub_fulldsp' <Latency = 6> <II = 1> <Delay = 5.92> <FuncUnit> <Opcode : 'fadd' 'fsub'> <InPorts = 2> <OutPorts = 1>

State 56 <SV = 55> <Delay = 5.92>
ST_56 : Operation 263 [5/7] (5.92ns)   --->   "%add15_i = fadd i32 %mul_i, i32 %mul14_i" [/home/siyenga7/FPGA/attention_int8.cpp:53->/home/siyenga7/FPGA/attention_int8.cpp:170]   --->   Operation 263 'fadd' 'add15_i' <Predicate = true> <Delay = 5.92> <CoreInst = "FAddSub_fulldsp">   --->   Core 18 'FAddSub_fulldsp' <Latency = 6> <II = 1> <Delay = 5.92> <FuncUnit> <Opcode : 'fadd' 'fsub'> <InPorts = 2> <OutPorts = 1>

State 57 <SV = 56> <Delay = 5.92>
ST_57 : Operation 264 [4/7] (5.92ns)   --->   "%add15_i = fadd i32 %mul_i, i32 %mul14_i" [/home/siyenga7/FPGA/attention_int8.cpp:53->/home/siyenga7/FPGA/attention_int8.cpp:170]   --->   Operation 264 'fadd' 'add15_i' <Predicate = true> <Delay = 5.92> <CoreInst = "FAddSub_fulldsp">   --->   Core 18 'FAddSub_fulldsp' <Latency = 6> <II = 1> <Delay = 5.92> <FuncUnit> <Opcode : 'fadd' 'fsub'> <InPorts = 2> <OutPorts = 1>

State 58 <SV = 57> <Delay = 5.92>
ST_58 : Operation 265 [3/7] (5.92ns)   --->   "%add15_i = fadd i32 %mul_i, i32 %mul14_i" [/home/siyenga7/FPGA/attention_int8.cpp:53->/home/siyenga7/FPGA/attention_int8.cpp:170]   --->   Operation 265 'fadd' 'add15_i' <Predicate = true> <Delay = 5.92> <CoreInst = "FAddSub_fulldsp">   --->   Core 18 'FAddSub_fulldsp' <Latency = 6> <II = 1> <Delay = 5.92> <FuncUnit> <Opcode : 'fadd' 'fsub'> <InPorts = 2> <OutPorts = 1>

State 59 <SV = 58> <Delay = 5.92>
ST_59 : Operation 266 [2/7] (5.92ns)   --->   "%add15_i = fadd i32 %mul_i, i32 %mul14_i" [/home/siyenga7/FPGA/attention_int8.cpp:53->/home/siyenga7/FPGA/attention_int8.cpp:170]   --->   Operation 266 'fadd' 'add15_i' <Predicate = true> <Delay = 5.92> <CoreInst = "FAddSub_fulldsp">   --->   Core 18 'FAddSub_fulldsp' <Latency = 6> <II = 1> <Delay = 5.92> <FuncUnit> <Opcode : 'fadd' 'fsub'> <InPorts = 2> <OutPorts = 1>
ST_59 : Operation 401 [1/1] (0.00ns)   --->   "%p_load72 = load i32 %empty"   --->   Operation 401 'load' 'p_load72' <Predicate = (icmp_ln168)> <Delay = 0.00>
ST_59 : Operation 402 [1/1] (0.00ns)   --->   "%p_load71 = load i32 %empty_39"   --->   Operation 402 'load' 'p_load71' <Predicate = (icmp_ln168)> <Delay = 0.00>
ST_59 : Operation 403 [1/1] (0.00ns)   --->   "%p_load69 = load i32 %empty_40"   --->   Operation 403 'load' 'p_load69' <Predicate = (icmp_ln168)> <Delay = 0.00>
ST_59 : Operation 404 [1/1] (0.00ns)   --->   "%p_load68 = load i32 %empty_41"   --->   Operation 404 'load' 'p_load68' <Predicate = (icmp_ln168)> <Delay = 0.00>
ST_59 : Operation 405 [1/1] (0.00ns)   --->   "%p_load67 = load i32 %empty_42"   --->   Operation 405 'load' 'p_load67' <Predicate = (icmp_ln168)> <Delay = 0.00>
ST_59 : Operation 406 [1/1] (0.00ns)   --->   "%p_load66 = load i32 %empty_43"   --->   Operation 406 'load' 'p_load66' <Predicate = (icmp_ln168)> <Delay = 0.00>
ST_59 : Operation 407 [1/1] (0.00ns)   --->   "%p_load65 = load i32 %empty_44"   --->   Operation 407 'load' 'p_load65' <Predicate = (icmp_ln168)> <Delay = 0.00>
ST_59 : Operation 408 [1/1] (0.00ns)   --->   "%p_load64 = load i32 %empty_45"   --->   Operation 408 'load' 'p_load64' <Predicate = (icmp_ln168)> <Delay = 0.00>
ST_59 : Operation 409 [1/1] (0.00ns)   --->   "%p_load63 = load i32 %empty_46"   --->   Operation 409 'load' 'p_load63' <Predicate = (icmp_ln168)> <Delay = 0.00>
ST_59 : Operation 410 [1/1] (0.00ns)   --->   "%p_load62 = load i32 %empty_47"   --->   Operation 410 'load' 'p_load62' <Predicate = (icmp_ln168)> <Delay = 0.00>
ST_59 : Operation 411 [1/1] (0.00ns)   --->   "%p_load61 = load i32 %empty_48"   --->   Operation 411 'load' 'p_load61' <Predicate = (icmp_ln168)> <Delay = 0.00>
ST_59 : Operation 412 [1/1] (0.00ns)   --->   "%p_load60 = load i32 %empty_49"   --->   Operation 412 'load' 'p_load60' <Predicate = (icmp_ln168)> <Delay = 0.00>
ST_59 : Operation 413 [1/1] (0.00ns)   --->   "%p_load59 = load i32 %empty_50"   --->   Operation 413 'load' 'p_load59' <Predicate = (icmp_ln168)> <Delay = 0.00>
ST_59 : Operation 414 [1/1] (0.00ns)   --->   "%p_load58 = load i32 %empty_51"   --->   Operation 414 'load' 'p_load58' <Predicate = (icmp_ln168)> <Delay = 0.00>
ST_59 : Operation 415 [1/1] (0.00ns)   --->   "%p_load57 = load i32 %empty_52"   --->   Operation 415 'load' 'p_load57' <Predicate = (icmp_ln168)> <Delay = 0.00>
ST_59 : Operation 416 [1/1] (0.00ns)   --->   "%p_load56 = load i32 %empty_53"   --->   Operation 416 'load' 'p_load56' <Predicate = (icmp_ln168)> <Delay = 0.00>
ST_59 : Operation 417 [1/1] (0.00ns)   --->   "%p_load55 = load i32 %empty_54"   --->   Operation 417 'load' 'p_load55' <Predicate = (icmp_ln168)> <Delay = 0.00>
ST_59 : Operation 418 [1/1] (0.00ns)   --->   "%p_load54 = load i32 %empty_55"   --->   Operation 418 'load' 'p_load54' <Predicate = (icmp_ln168)> <Delay = 0.00>
ST_59 : Operation 419 [1/1] (0.00ns)   --->   "%p_load53 = load i32 %empty_56"   --->   Operation 419 'load' 'p_load53' <Predicate = (icmp_ln168)> <Delay = 0.00>
ST_59 : Operation 420 [1/1] (0.00ns)   --->   "%p_load52 = load i32 %empty_57"   --->   Operation 420 'load' 'p_load52' <Predicate = (icmp_ln168)> <Delay = 0.00>
ST_59 : Operation 421 [1/1] (0.00ns)   --->   "%p_load51 = load i32 %empty_58"   --->   Operation 421 'load' 'p_load51' <Predicate = (icmp_ln168)> <Delay = 0.00>
ST_59 : Operation 422 [1/1] (0.00ns)   --->   "%p_load50 = load i32 %empty_59"   --->   Operation 422 'load' 'p_load50' <Predicate = (icmp_ln168)> <Delay = 0.00>
ST_59 : Operation 423 [1/1] (0.00ns)   --->   "%p_load49 = load i32 %empty_60"   --->   Operation 423 'load' 'p_load49' <Predicate = (icmp_ln168)> <Delay = 0.00>
ST_59 : Operation 424 [1/1] (0.00ns)   --->   "%p_load48 = load i32 %empty_61"   --->   Operation 424 'load' 'p_load48' <Predicate = (icmp_ln168)> <Delay = 0.00>
ST_59 : Operation 425 [1/1] (0.00ns)   --->   "%p_load47 = load i32 %empty_62"   --->   Operation 425 'load' 'p_load47' <Predicate = (icmp_ln168)> <Delay = 0.00>
ST_59 : Operation 426 [1/1] (0.00ns)   --->   "%p_load46 = load i32 %empty_63"   --->   Operation 426 'load' 'p_load46' <Predicate = (icmp_ln168)> <Delay = 0.00>
ST_59 : Operation 427 [1/1] (0.00ns)   --->   "%p_load45 = load i32 %empty_64"   --->   Operation 427 'load' 'p_load45' <Predicate = (icmp_ln168)> <Delay = 0.00>
ST_59 : Operation 428 [1/1] (0.00ns)   --->   "%p_load44 = load i32 %empty_65"   --->   Operation 428 'load' 'p_load44' <Predicate = (icmp_ln168)> <Delay = 0.00>
ST_59 : Operation 429 [1/1] (0.00ns)   --->   "%p_load43 = load i32 %empty_66"   --->   Operation 429 'load' 'p_load43' <Predicate = (icmp_ln168)> <Delay = 0.00>
ST_59 : Operation 430 [1/1] (0.00ns)   --->   "%p_load42 = load i32 %empty_67"   --->   Operation 430 'load' 'p_load42' <Predicate = (icmp_ln168)> <Delay = 0.00>
ST_59 : Operation 431 [1/1] (0.00ns)   --->   "%p_load41 = load i32 %empty_68"   --->   Operation 431 'load' 'p_load41' <Predicate = (icmp_ln168)> <Delay = 0.00>
ST_59 : Operation 432 [1/1] (0.00ns)   --->   "%p_load40 = load i32 %empty_69"   --->   Operation 432 'load' 'p_load40' <Predicate = (icmp_ln168)> <Delay = 0.00>
ST_59 : Operation 433 [1/1] (0.00ns)   --->   "%p_load39 = load i32 %empty_70"   --->   Operation 433 'load' 'p_load39' <Predicate = (icmp_ln168)> <Delay = 0.00>
ST_59 : Operation 434 [1/1] (0.00ns)   --->   "%p_load38 = load i32 %empty_71"   --->   Operation 434 'load' 'p_load38' <Predicate = (icmp_ln168)> <Delay = 0.00>
ST_59 : Operation 435 [1/1] (0.00ns)   --->   "%p_load37 = load i32 %empty_72"   --->   Operation 435 'load' 'p_load37' <Predicate = (icmp_ln168)> <Delay = 0.00>
ST_59 : Operation 436 [1/1] (0.00ns)   --->   "%p_load36 = load i32 %empty_73"   --->   Operation 436 'load' 'p_load36' <Predicate = (icmp_ln168)> <Delay = 0.00>
ST_59 : Operation 437 [1/1] (0.00ns)   --->   "%p_load35 = load i32 %empty_74"   --->   Operation 437 'load' 'p_load35' <Predicate = (icmp_ln168)> <Delay = 0.00>
ST_59 : Operation 438 [1/1] (0.00ns)   --->   "%p_load34 = load i32 %empty_75"   --->   Operation 438 'load' 'p_load34' <Predicate = (icmp_ln168)> <Delay = 0.00>
ST_59 : Operation 439 [1/1] (0.00ns)   --->   "%p_load33 = load i32 %empty_76"   --->   Operation 439 'load' 'p_load33' <Predicate = (icmp_ln168)> <Delay = 0.00>
ST_59 : Operation 440 [1/1] (0.00ns)   --->   "%p_load32 = load i32 %empty_77"   --->   Operation 440 'load' 'p_load32' <Predicate = (icmp_ln168)> <Delay = 0.00>
ST_59 : Operation 441 [1/1] (0.00ns)   --->   "%p_load31 = load i32 %empty_78"   --->   Operation 441 'load' 'p_load31' <Predicate = (icmp_ln168)> <Delay = 0.00>
ST_59 : Operation 442 [1/1] (0.00ns)   --->   "%p_load30 = load i32 %empty_79"   --->   Operation 442 'load' 'p_load30' <Predicate = (icmp_ln168)> <Delay = 0.00>
ST_59 : Operation 443 [1/1] (0.00ns)   --->   "%p_load29 = load i32 %empty_80"   --->   Operation 443 'load' 'p_load29' <Predicate = (icmp_ln168)> <Delay = 0.00>
ST_59 : Operation 444 [1/1] (0.00ns)   --->   "%p_load28 = load i32 %empty_81"   --->   Operation 444 'load' 'p_load28' <Predicate = (icmp_ln168)> <Delay = 0.00>
ST_59 : Operation 445 [1/1] (0.00ns)   --->   "%p_load27 = load i32 %empty_82"   --->   Operation 445 'load' 'p_load27' <Predicate = (icmp_ln168)> <Delay = 0.00>
ST_59 : Operation 446 [1/1] (0.00ns)   --->   "%p_load26 = load i32 %empty_83"   --->   Operation 446 'load' 'p_load26' <Predicate = (icmp_ln168)> <Delay = 0.00>
ST_59 : Operation 447 [1/1] (0.00ns)   --->   "%p_load25 = load i32 %empty_84"   --->   Operation 447 'load' 'p_load25' <Predicate = (icmp_ln168)> <Delay = 0.00>
ST_59 : Operation 448 [1/1] (0.00ns)   --->   "%p_load24 = load i32 %empty_85"   --->   Operation 448 'load' 'p_load24' <Predicate = (icmp_ln168)> <Delay = 0.00>
ST_59 : Operation 449 [1/1] (0.00ns)   --->   "%p_load23 = load i32 %empty_86"   --->   Operation 449 'load' 'p_load23' <Predicate = (icmp_ln168)> <Delay = 0.00>
ST_59 : Operation 450 [1/1] (0.00ns)   --->   "%p_load22 = load i32 %empty_87"   --->   Operation 450 'load' 'p_load22' <Predicate = (icmp_ln168)> <Delay = 0.00>
ST_59 : Operation 451 [1/1] (0.00ns)   --->   "%p_load21 = load i32 %empty_88"   --->   Operation 451 'load' 'p_load21' <Predicate = (icmp_ln168)> <Delay = 0.00>
ST_59 : Operation 452 [1/1] (0.00ns)   --->   "%p_load20 = load i32 %empty_89"   --->   Operation 452 'load' 'p_load20' <Predicate = (icmp_ln168)> <Delay = 0.00>
ST_59 : Operation 453 [1/1] (0.00ns)   --->   "%p_load19 = load i32 %empty_90"   --->   Operation 453 'load' 'p_load19' <Predicate = (icmp_ln168)> <Delay = 0.00>
ST_59 : Operation 454 [1/1] (0.00ns)   --->   "%p_load18 = load i32 %empty_91"   --->   Operation 454 'load' 'p_load18' <Predicate = (icmp_ln168)> <Delay = 0.00>
ST_59 : Operation 455 [1/1] (0.00ns)   --->   "%p_load17 = load i32 %empty_92"   --->   Operation 455 'load' 'p_load17' <Predicate = (icmp_ln168)> <Delay = 0.00>
ST_59 : Operation 456 [1/1] (0.00ns)   --->   "%p_load16 = load i32 %empty_93"   --->   Operation 456 'load' 'p_load16' <Predicate = (icmp_ln168)> <Delay = 0.00>
ST_59 : Operation 457 [1/1] (0.00ns)   --->   "%p_load15 = load i32 %empty_94"   --->   Operation 457 'load' 'p_load15' <Predicate = (icmp_ln168)> <Delay = 0.00>
ST_59 : Operation 458 [1/1] (0.00ns)   --->   "%p_load14 = load i32 %empty_95"   --->   Operation 458 'load' 'p_load14' <Predicate = (icmp_ln168)> <Delay = 0.00>
ST_59 : Operation 459 [1/1] (0.00ns)   --->   "%p_load13 = load i32 %empty_96"   --->   Operation 459 'load' 'p_load13' <Predicate = (icmp_ln168)> <Delay = 0.00>
ST_59 : Operation 460 [1/1] (0.00ns)   --->   "%p_load12 = load i32 %empty_97"   --->   Operation 460 'load' 'p_load12' <Predicate = (icmp_ln168)> <Delay = 0.00>
ST_59 : Operation 461 [1/1] (0.00ns)   --->   "%p_load11 = load i32 %empty_98"   --->   Operation 461 'load' 'p_load11' <Predicate = (icmp_ln168)> <Delay = 0.00>
ST_59 : Operation 462 [1/1] (0.00ns)   --->   "%p_load10 = load i32 %empty_99"   --->   Operation 462 'load' 'p_load10' <Predicate = (icmp_ln168)> <Delay = 0.00>
ST_59 : Operation 463 [1/1] (0.00ns)   --->   "%p_load9 = load i32 %empty_100"   --->   Operation 463 'load' 'p_load9' <Predicate = (icmp_ln168)> <Delay = 0.00>
ST_59 : Operation 464 [1/1] (0.00ns)   --->   "%p_load = load i32 %empty_101"   --->   Operation 464 'load' 'p_load' <Predicate = (icmp_ln168)> <Delay = 0.00>
ST_59 : Operation 465 [1/1] (0.00ns)   --->   "%write_ln0 = write void @_ssdm_op_Write.ap_auto.floatP0A, i32 %p_out, i32 %p_load"   --->   Operation 465 'write' 'write_ln0' <Predicate = (icmp_ln168)> <Delay = 0.00>
ST_59 : Operation 466 [1/1] (0.00ns)   --->   "%write_ln0 = write void @_ssdm_op_Write.ap_auto.floatP0A, i32 %p_out1, i32 %p_load9"   --->   Operation 466 'write' 'write_ln0' <Predicate = (icmp_ln168)> <Delay = 0.00>
ST_59 : Operation 467 [1/1] (0.00ns)   --->   "%write_ln0 = write void @_ssdm_op_Write.ap_auto.floatP0A, i32 %p_out2, i32 %p_load10"   --->   Operation 467 'write' 'write_ln0' <Predicate = (icmp_ln168)> <Delay = 0.00>
ST_59 : Operation 468 [1/1] (0.00ns)   --->   "%write_ln0 = write void @_ssdm_op_Write.ap_auto.floatP0A, i32 %p_out3, i32 %p_load11"   --->   Operation 468 'write' 'write_ln0' <Predicate = (icmp_ln168)> <Delay = 0.00>
ST_59 : Operation 469 [1/1] (0.00ns)   --->   "%write_ln0 = write void @_ssdm_op_Write.ap_auto.floatP0A, i32 %p_out4, i32 %p_load12"   --->   Operation 469 'write' 'write_ln0' <Predicate = (icmp_ln168)> <Delay = 0.00>
ST_59 : Operation 470 [1/1] (0.00ns)   --->   "%write_ln0 = write void @_ssdm_op_Write.ap_auto.floatP0A, i32 %p_out5, i32 %p_load13"   --->   Operation 470 'write' 'write_ln0' <Predicate = (icmp_ln168)> <Delay = 0.00>
ST_59 : Operation 471 [1/1] (0.00ns)   --->   "%write_ln0 = write void @_ssdm_op_Write.ap_auto.floatP0A, i32 %p_out6, i32 %p_load14"   --->   Operation 471 'write' 'write_ln0' <Predicate = (icmp_ln168)> <Delay = 0.00>
ST_59 : Operation 472 [1/1] (0.00ns)   --->   "%write_ln0 = write void @_ssdm_op_Write.ap_auto.floatP0A, i32 %p_out7, i32 %p_load15"   --->   Operation 472 'write' 'write_ln0' <Predicate = (icmp_ln168)> <Delay = 0.00>
ST_59 : Operation 473 [1/1] (0.00ns)   --->   "%write_ln0 = write void @_ssdm_op_Write.ap_auto.floatP0A, i32 %p_out8, i32 %p_load16"   --->   Operation 473 'write' 'write_ln0' <Predicate = (icmp_ln168)> <Delay = 0.00>
ST_59 : Operation 474 [1/1] (0.00ns)   --->   "%write_ln0 = write void @_ssdm_op_Write.ap_auto.floatP0A, i32 %p_out9, i32 %p_load17"   --->   Operation 474 'write' 'write_ln0' <Predicate = (icmp_ln168)> <Delay = 0.00>
ST_59 : Operation 475 [1/1] (0.00ns)   --->   "%write_ln0 = write void @_ssdm_op_Write.ap_auto.floatP0A, i32 %p_out10, i32 %p_load18"   --->   Operation 475 'write' 'write_ln0' <Predicate = (icmp_ln168)> <Delay = 0.00>
ST_59 : Operation 476 [1/1] (0.00ns)   --->   "%write_ln0 = write void @_ssdm_op_Write.ap_auto.floatP0A, i32 %p_out11, i32 %p_load19"   --->   Operation 476 'write' 'write_ln0' <Predicate = (icmp_ln168)> <Delay = 0.00>
ST_59 : Operation 477 [1/1] (0.00ns)   --->   "%write_ln0 = write void @_ssdm_op_Write.ap_auto.floatP0A, i32 %p_out12, i32 %p_load20"   --->   Operation 477 'write' 'write_ln0' <Predicate = (icmp_ln168)> <Delay = 0.00>
ST_59 : Operation 478 [1/1] (0.00ns)   --->   "%write_ln0 = write void @_ssdm_op_Write.ap_auto.floatP0A, i32 %p_out13, i32 %p_load21"   --->   Operation 478 'write' 'write_ln0' <Predicate = (icmp_ln168)> <Delay = 0.00>
ST_59 : Operation 479 [1/1] (0.00ns)   --->   "%write_ln0 = write void @_ssdm_op_Write.ap_auto.floatP0A, i32 %p_out14, i32 %p_load22"   --->   Operation 479 'write' 'write_ln0' <Predicate = (icmp_ln168)> <Delay = 0.00>
ST_59 : Operation 480 [1/1] (0.00ns)   --->   "%write_ln0 = write void @_ssdm_op_Write.ap_auto.floatP0A, i32 %p_out15, i32 %p_load23"   --->   Operation 480 'write' 'write_ln0' <Predicate = (icmp_ln168)> <Delay = 0.00>
ST_59 : Operation 481 [1/1] (0.00ns)   --->   "%write_ln0 = write void @_ssdm_op_Write.ap_auto.floatP0A, i32 %p_out16, i32 %p_load24"   --->   Operation 481 'write' 'write_ln0' <Predicate = (icmp_ln168)> <Delay = 0.00>
ST_59 : Operation 482 [1/1] (0.00ns)   --->   "%write_ln0 = write void @_ssdm_op_Write.ap_auto.floatP0A, i32 %p_out17, i32 %p_load25"   --->   Operation 482 'write' 'write_ln0' <Predicate = (icmp_ln168)> <Delay = 0.00>
ST_59 : Operation 483 [1/1] (0.00ns)   --->   "%write_ln0 = write void @_ssdm_op_Write.ap_auto.floatP0A, i32 %p_out18, i32 %p_load26"   --->   Operation 483 'write' 'write_ln0' <Predicate = (icmp_ln168)> <Delay = 0.00>
ST_59 : Operation 484 [1/1] (0.00ns)   --->   "%write_ln0 = write void @_ssdm_op_Write.ap_auto.floatP0A, i32 %p_out19, i32 %p_load27"   --->   Operation 484 'write' 'write_ln0' <Predicate = (icmp_ln168)> <Delay = 0.00>
ST_59 : Operation 485 [1/1] (0.00ns)   --->   "%write_ln0 = write void @_ssdm_op_Write.ap_auto.floatP0A, i32 %p_out20, i32 %p_load28"   --->   Operation 485 'write' 'write_ln0' <Predicate = (icmp_ln168)> <Delay = 0.00>
ST_59 : Operation 486 [1/1] (0.00ns)   --->   "%write_ln0 = write void @_ssdm_op_Write.ap_auto.floatP0A, i32 %p_out21, i32 %p_load29"   --->   Operation 486 'write' 'write_ln0' <Predicate = (icmp_ln168)> <Delay = 0.00>
ST_59 : Operation 487 [1/1] (0.00ns)   --->   "%write_ln0 = write void @_ssdm_op_Write.ap_auto.floatP0A, i32 %p_out22, i32 %p_load30"   --->   Operation 487 'write' 'write_ln0' <Predicate = (icmp_ln168)> <Delay = 0.00>
ST_59 : Operation 488 [1/1] (0.00ns)   --->   "%write_ln0 = write void @_ssdm_op_Write.ap_auto.floatP0A, i32 %p_out23, i32 %p_load31"   --->   Operation 488 'write' 'write_ln0' <Predicate = (icmp_ln168)> <Delay = 0.00>
ST_59 : Operation 489 [1/1] (0.00ns)   --->   "%write_ln0 = write void @_ssdm_op_Write.ap_auto.floatP0A, i32 %p_out24, i32 %p_load32"   --->   Operation 489 'write' 'write_ln0' <Predicate = (icmp_ln168)> <Delay = 0.00>
ST_59 : Operation 490 [1/1] (0.00ns)   --->   "%write_ln0 = write void @_ssdm_op_Write.ap_auto.floatP0A, i32 %p_out25, i32 %p_load33"   --->   Operation 490 'write' 'write_ln0' <Predicate = (icmp_ln168)> <Delay = 0.00>
ST_59 : Operation 491 [1/1] (0.00ns)   --->   "%write_ln0 = write void @_ssdm_op_Write.ap_auto.floatP0A, i32 %p_out26, i32 %p_load34"   --->   Operation 491 'write' 'write_ln0' <Predicate = (icmp_ln168)> <Delay = 0.00>
ST_59 : Operation 492 [1/1] (0.00ns)   --->   "%write_ln0 = write void @_ssdm_op_Write.ap_auto.floatP0A, i32 %p_out27, i32 %p_load35"   --->   Operation 492 'write' 'write_ln0' <Predicate = (icmp_ln168)> <Delay = 0.00>
ST_59 : Operation 493 [1/1] (0.00ns)   --->   "%write_ln0 = write void @_ssdm_op_Write.ap_auto.floatP0A, i32 %p_out28, i32 %p_load36"   --->   Operation 493 'write' 'write_ln0' <Predicate = (icmp_ln168)> <Delay = 0.00>
ST_59 : Operation 494 [1/1] (0.00ns)   --->   "%write_ln0 = write void @_ssdm_op_Write.ap_auto.floatP0A, i32 %p_out29, i32 %p_load37"   --->   Operation 494 'write' 'write_ln0' <Predicate = (icmp_ln168)> <Delay = 0.00>
ST_59 : Operation 495 [1/1] (0.00ns)   --->   "%write_ln0 = write void @_ssdm_op_Write.ap_auto.floatP0A, i32 %p_out30, i32 %p_load38"   --->   Operation 495 'write' 'write_ln0' <Predicate = (icmp_ln168)> <Delay = 0.00>
ST_59 : Operation 496 [1/1] (0.00ns)   --->   "%write_ln0 = write void @_ssdm_op_Write.ap_auto.floatP0A, i32 %p_out31, i32 %p_load39"   --->   Operation 496 'write' 'write_ln0' <Predicate = (icmp_ln168)> <Delay = 0.00>
ST_59 : Operation 497 [1/1] (0.00ns)   --->   "%write_ln0 = write void @_ssdm_op_Write.ap_auto.floatP0A, i32 %p_out32, i32 %p_load40"   --->   Operation 497 'write' 'write_ln0' <Predicate = (icmp_ln168)> <Delay = 0.00>
ST_59 : Operation 498 [1/1] (0.00ns)   --->   "%write_ln0 = write void @_ssdm_op_Write.ap_auto.floatP0A, i32 %p_out33, i32 %p_load41"   --->   Operation 498 'write' 'write_ln0' <Predicate = (icmp_ln168)> <Delay = 0.00>
ST_59 : Operation 499 [1/1] (0.00ns)   --->   "%write_ln0 = write void @_ssdm_op_Write.ap_auto.floatP0A, i32 %p_out34, i32 %p_load42"   --->   Operation 499 'write' 'write_ln0' <Predicate = (icmp_ln168)> <Delay = 0.00>
ST_59 : Operation 500 [1/1] (0.00ns)   --->   "%write_ln0 = write void @_ssdm_op_Write.ap_auto.floatP0A, i32 %p_out35, i32 %p_load43"   --->   Operation 500 'write' 'write_ln0' <Predicate = (icmp_ln168)> <Delay = 0.00>
ST_59 : Operation 501 [1/1] (0.00ns)   --->   "%write_ln0 = write void @_ssdm_op_Write.ap_auto.floatP0A, i32 %p_out36, i32 %p_load44"   --->   Operation 501 'write' 'write_ln0' <Predicate = (icmp_ln168)> <Delay = 0.00>
ST_59 : Operation 502 [1/1] (0.00ns)   --->   "%write_ln0 = write void @_ssdm_op_Write.ap_auto.floatP0A, i32 %p_out37, i32 %p_load45"   --->   Operation 502 'write' 'write_ln0' <Predicate = (icmp_ln168)> <Delay = 0.00>
ST_59 : Operation 503 [1/1] (0.00ns)   --->   "%write_ln0 = write void @_ssdm_op_Write.ap_auto.floatP0A, i32 %p_out38, i32 %p_load46"   --->   Operation 503 'write' 'write_ln0' <Predicate = (icmp_ln168)> <Delay = 0.00>
ST_59 : Operation 504 [1/1] (0.00ns)   --->   "%write_ln0 = write void @_ssdm_op_Write.ap_auto.floatP0A, i32 %p_out39, i32 %p_load47"   --->   Operation 504 'write' 'write_ln0' <Predicate = (icmp_ln168)> <Delay = 0.00>
ST_59 : Operation 505 [1/1] (0.00ns)   --->   "%write_ln0 = write void @_ssdm_op_Write.ap_auto.floatP0A, i32 %p_out40, i32 %p_load48"   --->   Operation 505 'write' 'write_ln0' <Predicate = (icmp_ln168)> <Delay = 0.00>
ST_59 : Operation 506 [1/1] (0.00ns)   --->   "%write_ln0 = write void @_ssdm_op_Write.ap_auto.floatP0A, i32 %p_out41, i32 %p_load49"   --->   Operation 506 'write' 'write_ln0' <Predicate = (icmp_ln168)> <Delay = 0.00>
ST_59 : Operation 507 [1/1] (0.00ns)   --->   "%write_ln0 = write void @_ssdm_op_Write.ap_auto.floatP0A, i32 %p_out42, i32 %p_load50"   --->   Operation 507 'write' 'write_ln0' <Predicate = (icmp_ln168)> <Delay = 0.00>
ST_59 : Operation 508 [1/1] (0.00ns)   --->   "%write_ln0 = write void @_ssdm_op_Write.ap_auto.floatP0A, i32 %p_out43, i32 %p_load51"   --->   Operation 508 'write' 'write_ln0' <Predicate = (icmp_ln168)> <Delay = 0.00>
ST_59 : Operation 509 [1/1] (0.00ns)   --->   "%write_ln0 = write void @_ssdm_op_Write.ap_auto.floatP0A, i32 %p_out44, i32 %p_load52"   --->   Operation 509 'write' 'write_ln0' <Predicate = (icmp_ln168)> <Delay = 0.00>
ST_59 : Operation 510 [1/1] (0.00ns)   --->   "%write_ln0 = write void @_ssdm_op_Write.ap_auto.floatP0A, i32 %p_out45, i32 %p_load53"   --->   Operation 510 'write' 'write_ln0' <Predicate = (icmp_ln168)> <Delay = 0.00>
ST_59 : Operation 511 [1/1] (0.00ns)   --->   "%write_ln0 = write void @_ssdm_op_Write.ap_auto.floatP0A, i32 %p_out46, i32 %p_load54"   --->   Operation 511 'write' 'write_ln0' <Predicate = (icmp_ln168)> <Delay = 0.00>
ST_59 : Operation 512 [1/1] (0.00ns)   --->   "%write_ln0 = write void @_ssdm_op_Write.ap_auto.floatP0A, i32 %p_out47, i32 %p_load55"   --->   Operation 512 'write' 'write_ln0' <Predicate = (icmp_ln168)> <Delay = 0.00>
ST_59 : Operation 513 [1/1] (0.00ns)   --->   "%write_ln0 = write void @_ssdm_op_Write.ap_auto.floatP0A, i32 %p_out48, i32 %p_load56"   --->   Operation 513 'write' 'write_ln0' <Predicate = (icmp_ln168)> <Delay = 0.00>
ST_59 : Operation 514 [1/1] (0.00ns)   --->   "%write_ln0 = write void @_ssdm_op_Write.ap_auto.floatP0A, i32 %p_out49, i32 %p_load57"   --->   Operation 514 'write' 'write_ln0' <Predicate = (icmp_ln168)> <Delay = 0.00>
ST_59 : Operation 515 [1/1] (0.00ns)   --->   "%write_ln0 = write void @_ssdm_op_Write.ap_auto.floatP0A, i32 %p_out50, i32 %p_load58"   --->   Operation 515 'write' 'write_ln0' <Predicate = (icmp_ln168)> <Delay = 0.00>
ST_59 : Operation 516 [1/1] (0.00ns)   --->   "%write_ln0 = write void @_ssdm_op_Write.ap_auto.floatP0A, i32 %p_out51, i32 %p_load59"   --->   Operation 516 'write' 'write_ln0' <Predicate = (icmp_ln168)> <Delay = 0.00>
ST_59 : Operation 517 [1/1] (0.00ns)   --->   "%write_ln0 = write void @_ssdm_op_Write.ap_auto.floatP0A, i32 %p_out52, i32 %p_load60"   --->   Operation 517 'write' 'write_ln0' <Predicate = (icmp_ln168)> <Delay = 0.00>
ST_59 : Operation 518 [1/1] (0.00ns)   --->   "%write_ln0 = write void @_ssdm_op_Write.ap_auto.floatP0A, i32 %p_out53, i32 %p_load61"   --->   Operation 518 'write' 'write_ln0' <Predicate = (icmp_ln168)> <Delay = 0.00>
ST_59 : Operation 519 [1/1] (0.00ns)   --->   "%write_ln0 = write void @_ssdm_op_Write.ap_auto.floatP0A, i32 %p_out54, i32 %p_load62"   --->   Operation 519 'write' 'write_ln0' <Predicate = (icmp_ln168)> <Delay = 0.00>
ST_59 : Operation 520 [1/1] (0.00ns)   --->   "%write_ln0 = write void @_ssdm_op_Write.ap_auto.floatP0A, i32 %p_out55, i32 %p_load63"   --->   Operation 520 'write' 'write_ln0' <Predicate = (icmp_ln168)> <Delay = 0.00>
ST_59 : Operation 521 [1/1] (0.00ns)   --->   "%write_ln0 = write void @_ssdm_op_Write.ap_auto.floatP0A, i32 %p_out56, i32 %p_load64"   --->   Operation 521 'write' 'write_ln0' <Predicate = (icmp_ln168)> <Delay = 0.00>
ST_59 : Operation 522 [1/1] (0.00ns)   --->   "%write_ln0 = write void @_ssdm_op_Write.ap_auto.floatP0A, i32 %p_out57, i32 %p_load65"   --->   Operation 522 'write' 'write_ln0' <Predicate = (icmp_ln168)> <Delay = 0.00>
ST_59 : Operation 523 [1/1] (0.00ns)   --->   "%write_ln0 = write void @_ssdm_op_Write.ap_auto.floatP0A, i32 %p_out58, i32 %p_load66"   --->   Operation 523 'write' 'write_ln0' <Predicate = (icmp_ln168)> <Delay = 0.00>
ST_59 : Operation 524 [1/1] (0.00ns)   --->   "%write_ln0 = write void @_ssdm_op_Write.ap_auto.floatP0A, i32 %p_out59, i32 %p_load67"   --->   Operation 524 'write' 'write_ln0' <Predicate = (icmp_ln168)> <Delay = 0.00>
ST_59 : Operation 525 [1/1] (0.00ns)   --->   "%write_ln0 = write void @_ssdm_op_Write.ap_auto.floatP0A, i32 %p_out60, i32 %p_load68"   --->   Operation 525 'write' 'write_ln0' <Predicate = (icmp_ln168)> <Delay = 0.00>
ST_59 : Operation 526 [1/1] (0.00ns)   --->   "%write_ln0 = write void @_ssdm_op_Write.ap_auto.floatP0A, i32 %p_out61, i32 %p_load69"   --->   Operation 526 'write' 'write_ln0' <Predicate = (icmp_ln168)> <Delay = 0.00>
ST_59 : Operation 527 [1/1] (0.00ns)   --->   "%write_ln0 = write void @_ssdm_op_Write.ap_auto.floatP0A, i32 %p_out62, i32 %p_load71"   --->   Operation 527 'write' 'write_ln0' <Predicate = (icmp_ln168)> <Delay = 0.00>
ST_59 : Operation 528 [1/1] (0.00ns)   --->   "%write_ln0 = write void @_ssdm_op_Write.ap_auto.floatP0A, i32 %p_out63, i32 %p_load72"   --->   Operation 528 'write' 'write_ln0' <Predicate = (icmp_ln168)> <Delay = 0.00>
ST_59 : Operation 529 [1/1] (0.00ns)   --->   "%ret_ln0 = ret"   --->   Operation 529 'ret' 'ret_ln0' <Predicate = (icmp_ln168)> <Delay = 0.00>

State 60 <SV = 59> <Delay = 6.90>
ST_60 : Operation 267 [1/1] (0.00ns)   --->   "%specpipeline_ln169 = specpipeline void @_ssdm_op_SpecPipeline, i32 1, i32 0, i32 0, i32 0, void @empty_21" [/home/siyenga7/FPGA/attention_int8.cpp:169]   --->   Operation 267 'specpipeline' 'specpipeline_ln169' <Predicate = true> <Delay = 0.00>
ST_60 : Operation 268 [1/1] (0.00ns)   --->   "%speclooptripcount_ln168 = speclooptripcount void @_ssdm_op_SpecLoopTripCount, i64 64, i64 64, i64 64" [/home/siyenga7/FPGA/attention_int8.cpp:168]   --->   Operation 268 'speclooptripcount' 'speclooptripcount_ln168' <Predicate = true> <Delay = 0.00>
ST_60 : Operation 269 [1/1] (0.00ns)   --->   "%specloopname_ln168 = specloopname void @_ssdm_op_SpecLoopName, void @empty_12" [/home/siyenga7/FPGA/attention_int8.cpp:168]   --->   Operation 269 'specloopname' 'specloopname_ln168' <Predicate = true> <Delay = 0.00>
ST_60 : Operation 270 [1/1] (0.00ns) (grouped into LUT with out node P_row)   --->   "%and_ln32 = and i1 %or_ln32, i1 %tmp_70" [/home/siyenga7/FPGA/attention_int8.cpp:32->/home/siyenga7/FPGA/attention_int8.cpp:170]   --->   Operation 270 'and' 'and_ln32' <Predicate = true> <Delay = 0.00> <CoreInst = "LogicGate">   --->   Core 74 'LogicGate' <Latency = 0> <II = 1> <Delay = 0.97> <FuncUnit> <Opcode : 'and' 'or' 'xor'> <InPorts = 2> <OutPorts = 1>
ST_60 : Operation 271 [1/7] (5.92ns)   --->   "%add15_i = fadd i32 %mul_i, i32 %mul14_i" [/home/siyenga7/FPGA/attention_int8.cpp:53->/home/siyenga7/FPGA/attention_int8.cpp:170]   --->   Operation 271 'fadd' 'add15_i' <Predicate = true> <Delay = 5.92> <CoreInst = "FAddSub_fulldsp">   --->   Core 18 'FAddSub_fulldsp' <Latency = 6> <II = 1> <Delay = 5.92> <FuncUnit> <Opcode : 'fadd' 'fsub'> <InPorts = 2> <OutPorts = 1>
ST_60 : Operation 272 [1/1] (0.97ns) (out node of the LUT)   --->   "%P_row = select i1 %and_ln32, i32 0, i32 %add15_i" [/home/siyenga7/FPGA/attention_int8.cpp:32->/home/siyenga7/FPGA/attention_int8.cpp:170]   --->   Operation 272 'select' 'P_row' <Predicate = true> <Delay = 0.97> <CoreInst = "Sel">   --->   Core 73 'Sel' <Latency = 0> <II = 1> <Delay = 0.79> <FuncUnit> <Opcode : 'select'> <InPorts = 3> <OutPorts = 1>
ST_60 : Operation 273 [1/1] (0.00ns)   --->   "%store_ln32 = store i32 %P_row, i32 %empty_100" [/home/siyenga7/FPGA/attention_int8.cpp:32->/home/siyenga7/FPGA/attention_int8.cpp:170]   --->   Operation 273 'store' 'store_ln32' <Predicate = (trunc_ln168 == 62)> <Delay = 0.00>
ST_60 : Operation 274 [1/1] (0.00ns)   --->   "%br_ln170 = br void %arrayidx178.exit" [/home/siyenga7/FPGA/attention_int8.cpp:170]   --->   Operation 274 'br' 'br_ln170' <Predicate = (trunc_ln168 == 62)> <Delay = 0.00>
ST_60 : Operation 275 [1/1] (0.00ns)   --->   "%store_ln32 = store i32 %P_row, i32 %empty_99" [/home/siyenga7/FPGA/attention_int8.cpp:32->/home/siyenga7/FPGA/attention_int8.cpp:170]   --->   Operation 275 'store' 'store_ln32' <Predicate = (trunc_ln168 == 61)> <Delay = 0.00>
ST_60 : Operation 276 [1/1] (0.00ns)   --->   "%br_ln170 = br void %arrayidx178.exit" [/home/siyenga7/FPGA/attention_int8.cpp:170]   --->   Operation 276 'br' 'br_ln170' <Predicate = (trunc_ln168 == 61)> <Delay = 0.00>
ST_60 : Operation 277 [1/1] (0.00ns)   --->   "%store_ln32 = store i32 %P_row, i32 %empty_98" [/home/siyenga7/FPGA/attention_int8.cpp:32->/home/siyenga7/FPGA/attention_int8.cpp:170]   --->   Operation 277 'store' 'store_ln32' <Predicate = (trunc_ln168 == 60)> <Delay = 0.00>
ST_60 : Operation 278 [1/1] (0.00ns)   --->   "%br_ln170 = br void %arrayidx178.exit" [/home/siyenga7/FPGA/attention_int8.cpp:170]   --->   Operation 278 'br' 'br_ln170' <Predicate = (trunc_ln168 == 60)> <Delay = 0.00>
ST_60 : Operation 279 [1/1] (0.00ns)   --->   "%store_ln32 = store i32 %P_row, i32 %empty_97" [/home/siyenga7/FPGA/attention_int8.cpp:32->/home/siyenga7/FPGA/attention_int8.cpp:170]   --->   Operation 279 'store' 'store_ln32' <Predicate = (trunc_ln168 == 59)> <Delay = 0.00>
ST_60 : Operation 280 [1/1] (0.00ns)   --->   "%br_ln170 = br void %arrayidx178.exit" [/home/siyenga7/FPGA/attention_int8.cpp:170]   --->   Operation 280 'br' 'br_ln170' <Predicate = (trunc_ln168 == 59)> <Delay = 0.00>
ST_60 : Operation 281 [1/1] (0.00ns)   --->   "%store_ln32 = store i32 %P_row, i32 %empty_96" [/home/siyenga7/FPGA/attention_int8.cpp:32->/home/siyenga7/FPGA/attention_int8.cpp:170]   --->   Operation 281 'store' 'store_ln32' <Predicate = (trunc_ln168 == 58)> <Delay = 0.00>
ST_60 : Operation 282 [1/1] (0.00ns)   --->   "%br_ln170 = br void %arrayidx178.exit" [/home/siyenga7/FPGA/attention_int8.cpp:170]   --->   Operation 282 'br' 'br_ln170' <Predicate = (trunc_ln168 == 58)> <Delay = 0.00>
ST_60 : Operation 283 [1/1] (0.00ns)   --->   "%store_ln32 = store i32 %P_row, i32 %empty_95" [/home/siyenga7/FPGA/attention_int8.cpp:32->/home/siyenga7/FPGA/attention_int8.cpp:170]   --->   Operation 283 'store' 'store_ln32' <Predicate = (trunc_ln168 == 57)> <Delay = 0.00>
ST_60 : Operation 284 [1/1] (0.00ns)   --->   "%br_ln170 = br void %arrayidx178.exit" [/home/siyenga7/FPGA/attention_int8.cpp:170]   --->   Operation 284 'br' 'br_ln170' <Predicate = (trunc_ln168 == 57)> <Delay = 0.00>
ST_60 : Operation 285 [1/1] (0.00ns)   --->   "%store_ln32 = store i32 %P_row, i32 %empty_94" [/home/siyenga7/FPGA/attention_int8.cpp:32->/home/siyenga7/FPGA/attention_int8.cpp:170]   --->   Operation 285 'store' 'store_ln32' <Predicate = (trunc_ln168 == 56)> <Delay = 0.00>
ST_60 : Operation 286 [1/1] (0.00ns)   --->   "%br_ln170 = br void %arrayidx178.exit" [/home/siyenga7/FPGA/attention_int8.cpp:170]   --->   Operation 286 'br' 'br_ln170' <Predicate = (trunc_ln168 == 56)> <Delay = 0.00>
ST_60 : Operation 287 [1/1] (0.00ns)   --->   "%store_ln32 = store i32 %P_row, i32 %empty_93" [/home/siyenga7/FPGA/attention_int8.cpp:32->/home/siyenga7/FPGA/attention_int8.cpp:170]   --->   Operation 287 'store' 'store_ln32' <Predicate = (trunc_ln168 == 55)> <Delay = 0.00>
ST_60 : Operation 288 [1/1] (0.00ns)   --->   "%br_ln170 = br void %arrayidx178.exit" [/home/siyenga7/FPGA/attention_int8.cpp:170]   --->   Operation 288 'br' 'br_ln170' <Predicate = (trunc_ln168 == 55)> <Delay = 0.00>
ST_60 : Operation 289 [1/1] (0.00ns)   --->   "%store_ln32 = store i32 %P_row, i32 %empty_92" [/home/siyenga7/FPGA/attention_int8.cpp:32->/home/siyenga7/FPGA/attention_int8.cpp:170]   --->   Operation 289 'store' 'store_ln32' <Predicate = (trunc_ln168 == 54)> <Delay = 0.00>
ST_60 : Operation 290 [1/1] (0.00ns)   --->   "%br_ln170 = br void %arrayidx178.exit" [/home/siyenga7/FPGA/attention_int8.cpp:170]   --->   Operation 290 'br' 'br_ln170' <Predicate = (trunc_ln168 == 54)> <Delay = 0.00>
ST_60 : Operation 291 [1/1] (0.00ns)   --->   "%store_ln32 = store i32 %P_row, i32 %empty_91" [/home/siyenga7/FPGA/attention_int8.cpp:32->/home/siyenga7/FPGA/attention_int8.cpp:170]   --->   Operation 291 'store' 'store_ln32' <Predicate = (trunc_ln168 == 53)> <Delay = 0.00>
ST_60 : Operation 292 [1/1] (0.00ns)   --->   "%br_ln170 = br void %arrayidx178.exit" [/home/siyenga7/FPGA/attention_int8.cpp:170]   --->   Operation 292 'br' 'br_ln170' <Predicate = (trunc_ln168 == 53)> <Delay = 0.00>
ST_60 : Operation 293 [1/1] (0.00ns)   --->   "%store_ln32 = store i32 %P_row, i32 %empty_90" [/home/siyenga7/FPGA/attention_int8.cpp:32->/home/siyenga7/FPGA/attention_int8.cpp:170]   --->   Operation 293 'store' 'store_ln32' <Predicate = (trunc_ln168 == 52)> <Delay = 0.00>
ST_60 : Operation 294 [1/1] (0.00ns)   --->   "%br_ln170 = br void %arrayidx178.exit" [/home/siyenga7/FPGA/attention_int8.cpp:170]   --->   Operation 294 'br' 'br_ln170' <Predicate = (trunc_ln168 == 52)> <Delay = 0.00>
ST_60 : Operation 295 [1/1] (0.00ns)   --->   "%store_ln32 = store i32 %P_row, i32 %empty_89" [/home/siyenga7/FPGA/attention_int8.cpp:32->/home/siyenga7/FPGA/attention_int8.cpp:170]   --->   Operation 295 'store' 'store_ln32' <Predicate = (trunc_ln168 == 51)> <Delay = 0.00>
ST_60 : Operation 296 [1/1] (0.00ns)   --->   "%br_ln170 = br void %arrayidx178.exit" [/home/siyenga7/FPGA/attention_int8.cpp:170]   --->   Operation 296 'br' 'br_ln170' <Predicate = (trunc_ln168 == 51)> <Delay = 0.00>
ST_60 : Operation 297 [1/1] (0.00ns)   --->   "%store_ln32 = store i32 %P_row, i32 %empty_88" [/home/siyenga7/FPGA/attention_int8.cpp:32->/home/siyenga7/FPGA/attention_int8.cpp:170]   --->   Operation 297 'store' 'store_ln32' <Predicate = (trunc_ln168 == 50)> <Delay = 0.00>
ST_60 : Operation 298 [1/1] (0.00ns)   --->   "%br_ln170 = br void %arrayidx178.exit" [/home/siyenga7/FPGA/attention_int8.cpp:170]   --->   Operation 298 'br' 'br_ln170' <Predicate = (trunc_ln168 == 50)> <Delay = 0.00>
ST_60 : Operation 299 [1/1] (0.00ns)   --->   "%store_ln32 = store i32 %P_row, i32 %empty_87" [/home/siyenga7/FPGA/attention_int8.cpp:32->/home/siyenga7/FPGA/attention_int8.cpp:170]   --->   Operation 299 'store' 'store_ln32' <Predicate = (trunc_ln168 == 49)> <Delay = 0.00>
ST_60 : Operation 300 [1/1] (0.00ns)   --->   "%br_ln170 = br void %arrayidx178.exit" [/home/siyenga7/FPGA/attention_int8.cpp:170]   --->   Operation 300 'br' 'br_ln170' <Predicate = (trunc_ln168 == 49)> <Delay = 0.00>
ST_60 : Operation 301 [1/1] (0.00ns)   --->   "%store_ln32 = store i32 %P_row, i32 %empty_86" [/home/siyenga7/FPGA/attention_int8.cpp:32->/home/siyenga7/FPGA/attention_int8.cpp:170]   --->   Operation 301 'store' 'store_ln32' <Predicate = (trunc_ln168 == 48)> <Delay = 0.00>
ST_60 : Operation 302 [1/1] (0.00ns)   --->   "%br_ln170 = br void %arrayidx178.exit" [/home/siyenga7/FPGA/attention_int8.cpp:170]   --->   Operation 302 'br' 'br_ln170' <Predicate = (trunc_ln168 == 48)> <Delay = 0.00>
ST_60 : Operation 303 [1/1] (0.00ns)   --->   "%store_ln32 = store i32 %P_row, i32 %empty_85" [/home/siyenga7/FPGA/attention_int8.cpp:32->/home/siyenga7/FPGA/attention_int8.cpp:170]   --->   Operation 303 'store' 'store_ln32' <Predicate = (trunc_ln168 == 47)> <Delay = 0.00>
ST_60 : Operation 304 [1/1] (0.00ns)   --->   "%br_ln170 = br void %arrayidx178.exit" [/home/siyenga7/FPGA/attention_int8.cpp:170]   --->   Operation 304 'br' 'br_ln170' <Predicate = (trunc_ln168 == 47)> <Delay = 0.00>
ST_60 : Operation 305 [1/1] (0.00ns)   --->   "%store_ln32 = store i32 %P_row, i32 %empty_84" [/home/siyenga7/FPGA/attention_int8.cpp:32->/home/siyenga7/FPGA/attention_int8.cpp:170]   --->   Operation 305 'store' 'store_ln32' <Predicate = (trunc_ln168 == 46)> <Delay = 0.00>
ST_60 : Operation 306 [1/1] (0.00ns)   --->   "%br_ln170 = br void %arrayidx178.exit" [/home/siyenga7/FPGA/attention_int8.cpp:170]   --->   Operation 306 'br' 'br_ln170' <Predicate = (trunc_ln168 == 46)> <Delay = 0.00>
ST_60 : Operation 307 [1/1] (0.00ns)   --->   "%store_ln32 = store i32 %P_row, i32 %empty_83" [/home/siyenga7/FPGA/attention_int8.cpp:32->/home/siyenga7/FPGA/attention_int8.cpp:170]   --->   Operation 307 'store' 'store_ln32' <Predicate = (trunc_ln168 == 45)> <Delay = 0.00>
ST_60 : Operation 308 [1/1] (0.00ns)   --->   "%br_ln170 = br void %arrayidx178.exit" [/home/siyenga7/FPGA/attention_int8.cpp:170]   --->   Operation 308 'br' 'br_ln170' <Predicate = (trunc_ln168 == 45)> <Delay = 0.00>
ST_60 : Operation 309 [1/1] (0.00ns)   --->   "%store_ln32 = store i32 %P_row, i32 %empty_82" [/home/siyenga7/FPGA/attention_int8.cpp:32->/home/siyenga7/FPGA/attention_int8.cpp:170]   --->   Operation 309 'store' 'store_ln32' <Predicate = (trunc_ln168 == 44)> <Delay = 0.00>
ST_60 : Operation 310 [1/1] (0.00ns)   --->   "%br_ln170 = br void %arrayidx178.exit" [/home/siyenga7/FPGA/attention_int8.cpp:170]   --->   Operation 310 'br' 'br_ln170' <Predicate = (trunc_ln168 == 44)> <Delay = 0.00>
ST_60 : Operation 311 [1/1] (0.00ns)   --->   "%store_ln32 = store i32 %P_row, i32 %empty_81" [/home/siyenga7/FPGA/attention_int8.cpp:32->/home/siyenga7/FPGA/attention_int8.cpp:170]   --->   Operation 311 'store' 'store_ln32' <Predicate = (trunc_ln168 == 43)> <Delay = 0.00>
ST_60 : Operation 312 [1/1] (0.00ns)   --->   "%br_ln170 = br void %arrayidx178.exit" [/home/siyenga7/FPGA/attention_int8.cpp:170]   --->   Operation 312 'br' 'br_ln170' <Predicate = (trunc_ln168 == 43)> <Delay = 0.00>
ST_60 : Operation 313 [1/1] (0.00ns)   --->   "%store_ln32 = store i32 %P_row, i32 %empty_80" [/home/siyenga7/FPGA/attention_int8.cpp:32->/home/siyenga7/FPGA/attention_int8.cpp:170]   --->   Operation 313 'store' 'store_ln32' <Predicate = (trunc_ln168 == 42)> <Delay = 0.00>
ST_60 : Operation 314 [1/1] (0.00ns)   --->   "%br_ln170 = br void %arrayidx178.exit" [/home/siyenga7/FPGA/attention_int8.cpp:170]   --->   Operation 314 'br' 'br_ln170' <Predicate = (trunc_ln168 == 42)> <Delay = 0.00>
ST_60 : Operation 315 [1/1] (0.00ns)   --->   "%store_ln32 = store i32 %P_row, i32 %empty_79" [/home/siyenga7/FPGA/attention_int8.cpp:32->/home/siyenga7/FPGA/attention_int8.cpp:170]   --->   Operation 315 'store' 'store_ln32' <Predicate = (trunc_ln168 == 41)> <Delay = 0.00>
ST_60 : Operation 316 [1/1] (0.00ns)   --->   "%br_ln170 = br void %arrayidx178.exit" [/home/siyenga7/FPGA/attention_int8.cpp:170]   --->   Operation 316 'br' 'br_ln170' <Predicate = (trunc_ln168 == 41)> <Delay = 0.00>
ST_60 : Operation 317 [1/1] (0.00ns)   --->   "%store_ln32 = store i32 %P_row, i32 %empty_78" [/home/siyenga7/FPGA/attention_int8.cpp:32->/home/siyenga7/FPGA/attention_int8.cpp:170]   --->   Operation 317 'store' 'store_ln32' <Predicate = (trunc_ln168 == 40)> <Delay = 0.00>
ST_60 : Operation 318 [1/1] (0.00ns)   --->   "%br_ln170 = br void %arrayidx178.exit" [/home/siyenga7/FPGA/attention_int8.cpp:170]   --->   Operation 318 'br' 'br_ln170' <Predicate = (trunc_ln168 == 40)> <Delay = 0.00>
ST_60 : Operation 319 [1/1] (0.00ns)   --->   "%store_ln32 = store i32 %P_row, i32 %empty_77" [/home/siyenga7/FPGA/attention_int8.cpp:32->/home/siyenga7/FPGA/attention_int8.cpp:170]   --->   Operation 319 'store' 'store_ln32' <Predicate = (trunc_ln168 == 39)> <Delay = 0.00>
ST_60 : Operation 320 [1/1] (0.00ns)   --->   "%br_ln170 = br void %arrayidx178.exit" [/home/siyenga7/FPGA/attention_int8.cpp:170]   --->   Operation 320 'br' 'br_ln170' <Predicate = (trunc_ln168 == 39)> <Delay = 0.00>
ST_60 : Operation 321 [1/1] (0.00ns)   --->   "%store_ln32 = store i32 %P_row, i32 %empty_76" [/home/siyenga7/FPGA/attention_int8.cpp:32->/home/siyenga7/FPGA/attention_int8.cpp:170]   --->   Operation 321 'store' 'store_ln32' <Predicate = (trunc_ln168 == 38)> <Delay = 0.00>
ST_60 : Operation 322 [1/1] (0.00ns)   --->   "%br_ln170 = br void %arrayidx178.exit" [/home/siyenga7/FPGA/attention_int8.cpp:170]   --->   Operation 322 'br' 'br_ln170' <Predicate = (trunc_ln168 == 38)> <Delay = 0.00>
ST_60 : Operation 323 [1/1] (0.00ns)   --->   "%store_ln32 = store i32 %P_row, i32 %empty_75" [/home/siyenga7/FPGA/attention_int8.cpp:32->/home/siyenga7/FPGA/attention_int8.cpp:170]   --->   Operation 323 'store' 'store_ln32' <Predicate = (trunc_ln168 == 37)> <Delay = 0.00>
ST_60 : Operation 324 [1/1] (0.00ns)   --->   "%br_ln170 = br void %arrayidx178.exit" [/home/siyenga7/FPGA/attention_int8.cpp:170]   --->   Operation 324 'br' 'br_ln170' <Predicate = (trunc_ln168 == 37)> <Delay = 0.00>
ST_60 : Operation 325 [1/1] (0.00ns)   --->   "%store_ln32 = store i32 %P_row, i32 %empty_74" [/home/siyenga7/FPGA/attention_int8.cpp:32->/home/siyenga7/FPGA/attention_int8.cpp:170]   --->   Operation 325 'store' 'store_ln32' <Predicate = (trunc_ln168 == 36)> <Delay = 0.00>
ST_60 : Operation 326 [1/1] (0.00ns)   --->   "%br_ln170 = br void %arrayidx178.exit" [/home/siyenga7/FPGA/attention_int8.cpp:170]   --->   Operation 326 'br' 'br_ln170' <Predicate = (trunc_ln168 == 36)> <Delay = 0.00>
ST_60 : Operation 327 [1/1] (0.00ns)   --->   "%store_ln32 = store i32 %P_row, i32 %empty_73" [/home/siyenga7/FPGA/attention_int8.cpp:32->/home/siyenga7/FPGA/attention_int8.cpp:170]   --->   Operation 327 'store' 'store_ln32' <Predicate = (trunc_ln168 == 35)> <Delay = 0.00>
ST_60 : Operation 328 [1/1] (0.00ns)   --->   "%br_ln170 = br void %arrayidx178.exit" [/home/siyenga7/FPGA/attention_int8.cpp:170]   --->   Operation 328 'br' 'br_ln170' <Predicate = (trunc_ln168 == 35)> <Delay = 0.00>
ST_60 : Operation 329 [1/1] (0.00ns)   --->   "%store_ln32 = store i32 %P_row, i32 %empty_72" [/home/siyenga7/FPGA/attention_int8.cpp:32->/home/siyenga7/FPGA/attention_int8.cpp:170]   --->   Operation 329 'store' 'store_ln32' <Predicate = (trunc_ln168 == 34)> <Delay = 0.00>
ST_60 : Operation 330 [1/1] (0.00ns)   --->   "%br_ln170 = br void %arrayidx178.exit" [/home/siyenga7/FPGA/attention_int8.cpp:170]   --->   Operation 330 'br' 'br_ln170' <Predicate = (trunc_ln168 == 34)> <Delay = 0.00>
ST_60 : Operation 331 [1/1] (0.00ns)   --->   "%store_ln32 = store i32 %P_row, i32 %empty_71" [/home/siyenga7/FPGA/attention_int8.cpp:32->/home/siyenga7/FPGA/attention_int8.cpp:170]   --->   Operation 331 'store' 'store_ln32' <Predicate = (trunc_ln168 == 33)> <Delay = 0.00>
ST_60 : Operation 332 [1/1] (0.00ns)   --->   "%br_ln170 = br void %arrayidx178.exit" [/home/siyenga7/FPGA/attention_int8.cpp:170]   --->   Operation 332 'br' 'br_ln170' <Predicate = (trunc_ln168 == 33)> <Delay = 0.00>
ST_60 : Operation 333 [1/1] (0.00ns)   --->   "%store_ln32 = store i32 %P_row, i32 %empty_70" [/home/siyenga7/FPGA/attention_int8.cpp:32->/home/siyenga7/FPGA/attention_int8.cpp:170]   --->   Operation 333 'store' 'store_ln32' <Predicate = (trunc_ln168 == 32)> <Delay = 0.00>
ST_60 : Operation 334 [1/1] (0.00ns)   --->   "%br_ln170 = br void %arrayidx178.exit" [/home/siyenga7/FPGA/attention_int8.cpp:170]   --->   Operation 334 'br' 'br_ln170' <Predicate = (trunc_ln168 == 32)> <Delay = 0.00>
ST_60 : Operation 335 [1/1] (0.00ns)   --->   "%store_ln32 = store i32 %P_row, i32 %empty_69" [/home/siyenga7/FPGA/attention_int8.cpp:32->/home/siyenga7/FPGA/attention_int8.cpp:170]   --->   Operation 335 'store' 'store_ln32' <Predicate = (trunc_ln168 == 31)> <Delay = 0.00>
ST_60 : Operation 336 [1/1] (0.00ns)   --->   "%br_ln170 = br void %arrayidx178.exit" [/home/siyenga7/FPGA/attention_int8.cpp:170]   --->   Operation 336 'br' 'br_ln170' <Predicate = (trunc_ln168 == 31)> <Delay = 0.00>
ST_60 : Operation 337 [1/1] (0.00ns)   --->   "%store_ln32 = store i32 %P_row, i32 %empty_68" [/home/siyenga7/FPGA/attention_int8.cpp:32->/home/siyenga7/FPGA/attention_int8.cpp:170]   --->   Operation 337 'store' 'store_ln32' <Predicate = (trunc_ln168 == 30)> <Delay = 0.00>
ST_60 : Operation 338 [1/1] (0.00ns)   --->   "%br_ln170 = br void %arrayidx178.exit" [/home/siyenga7/FPGA/attention_int8.cpp:170]   --->   Operation 338 'br' 'br_ln170' <Predicate = (trunc_ln168 == 30)> <Delay = 0.00>
ST_60 : Operation 339 [1/1] (0.00ns)   --->   "%store_ln32 = store i32 %P_row, i32 %empty_67" [/home/siyenga7/FPGA/attention_int8.cpp:32->/home/siyenga7/FPGA/attention_int8.cpp:170]   --->   Operation 339 'store' 'store_ln32' <Predicate = (trunc_ln168 == 29)> <Delay = 0.00>
ST_60 : Operation 340 [1/1] (0.00ns)   --->   "%br_ln170 = br void %arrayidx178.exit" [/home/siyenga7/FPGA/attention_int8.cpp:170]   --->   Operation 340 'br' 'br_ln170' <Predicate = (trunc_ln168 == 29)> <Delay = 0.00>
ST_60 : Operation 341 [1/1] (0.00ns)   --->   "%store_ln32 = store i32 %P_row, i32 %empty_66" [/home/siyenga7/FPGA/attention_int8.cpp:32->/home/siyenga7/FPGA/attention_int8.cpp:170]   --->   Operation 341 'store' 'store_ln32' <Predicate = (trunc_ln168 == 28)> <Delay = 0.00>
ST_60 : Operation 342 [1/1] (0.00ns)   --->   "%br_ln170 = br void %arrayidx178.exit" [/home/siyenga7/FPGA/attention_int8.cpp:170]   --->   Operation 342 'br' 'br_ln170' <Predicate = (trunc_ln168 == 28)> <Delay = 0.00>
ST_60 : Operation 343 [1/1] (0.00ns)   --->   "%store_ln32 = store i32 %P_row, i32 %empty_65" [/home/siyenga7/FPGA/attention_int8.cpp:32->/home/siyenga7/FPGA/attention_int8.cpp:170]   --->   Operation 343 'store' 'store_ln32' <Predicate = (trunc_ln168 == 27)> <Delay = 0.00>
ST_60 : Operation 344 [1/1] (0.00ns)   --->   "%br_ln170 = br void %arrayidx178.exit" [/home/siyenga7/FPGA/attention_int8.cpp:170]   --->   Operation 344 'br' 'br_ln170' <Predicate = (trunc_ln168 == 27)> <Delay = 0.00>
ST_60 : Operation 345 [1/1] (0.00ns)   --->   "%store_ln32 = store i32 %P_row, i32 %empty_64" [/home/siyenga7/FPGA/attention_int8.cpp:32->/home/siyenga7/FPGA/attention_int8.cpp:170]   --->   Operation 345 'store' 'store_ln32' <Predicate = (trunc_ln168 == 26)> <Delay = 0.00>
ST_60 : Operation 346 [1/1] (0.00ns)   --->   "%br_ln170 = br void %arrayidx178.exit" [/home/siyenga7/FPGA/attention_int8.cpp:170]   --->   Operation 346 'br' 'br_ln170' <Predicate = (trunc_ln168 == 26)> <Delay = 0.00>
ST_60 : Operation 347 [1/1] (0.00ns)   --->   "%store_ln32 = store i32 %P_row, i32 %empty_63" [/home/siyenga7/FPGA/attention_int8.cpp:32->/home/siyenga7/FPGA/attention_int8.cpp:170]   --->   Operation 347 'store' 'store_ln32' <Predicate = (trunc_ln168 == 25)> <Delay = 0.00>
ST_60 : Operation 348 [1/1] (0.00ns)   --->   "%br_ln170 = br void %arrayidx178.exit" [/home/siyenga7/FPGA/attention_int8.cpp:170]   --->   Operation 348 'br' 'br_ln170' <Predicate = (trunc_ln168 == 25)> <Delay = 0.00>
ST_60 : Operation 349 [1/1] (0.00ns)   --->   "%store_ln32 = store i32 %P_row, i32 %empty_62" [/home/siyenga7/FPGA/attention_int8.cpp:32->/home/siyenga7/FPGA/attention_int8.cpp:170]   --->   Operation 349 'store' 'store_ln32' <Predicate = (trunc_ln168 == 24)> <Delay = 0.00>
ST_60 : Operation 350 [1/1] (0.00ns)   --->   "%br_ln170 = br void %arrayidx178.exit" [/home/siyenga7/FPGA/attention_int8.cpp:170]   --->   Operation 350 'br' 'br_ln170' <Predicate = (trunc_ln168 == 24)> <Delay = 0.00>
ST_60 : Operation 351 [1/1] (0.00ns)   --->   "%store_ln32 = store i32 %P_row, i32 %empty_61" [/home/siyenga7/FPGA/attention_int8.cpp:32->/home/siyenga7/FPGA/attention_int8.cpp:170]   --->   Operation 351 'store' 'store_ln32' <Predicate = (trunc_ln168 == 23)> <Delay = 0.00>
ST_60 : Operation 352 [1/1] (0.00ns)   --->   "%br_ln170 = br void %arrayidx178.exit" [/home/siyenga7/FPGA/attention_int8.cpp:170]   --->   Operation 352 'br' 'br_ln170' <Predicate = (trunc_ln168 == 23)> <Delay = 0.00>
ST_60 : Operation 353 [1/1] (0.00ns)   --->   "%store_ln32 = store i32 %P_row, i32 %empty_60" [/home/siyenga7/FPGA/attention_int8.cpp:32->/home/siyenga7/FPGA/attention_int8.cpp:170]   --->   Operation 353 'store' 'store_ln32' <Predicate = (trunc_ln168 == 22)> <Delay = 0.00>
ST_60 : Operation 354 [1/1] (0.00ns)   --->   "%br_ln170 = br void %arrayidx178.exit" [/home/siyenga7/FPGA/attention_int8.cpp:170]   --->   Operation 354 'br' 'br_ln170' <Predicate = (trunc_ln168 == 22)> <Delay = 0.00>
ST_60 : Operation 355 [1/1] (0.00ns)   --->   "%store_ln32 = store i32 %P_row, i32 %empty_59" [/home/siyenga7/FPGA/attention_int8.cpp:32->/home/siyenga7/FPGA/attention_int8.cpp:170]   --->   Operation 355 'store' 'store_ln32' <Predicate = (trunc_ln168 == 21)> <Delay = 0.00>
ST_60 : Operation 356 [1/1] (0.00ns)   --->   "%br_ln170 = br void %arrayidx178.exit" [/home/siyenga7/FPGA/attention_int8.cpp:170]   --->   Operation 356 'br' 'br_ln170' <Predicate = (trunc_ln168 == 21)> <Delay = 0.00>
ST_60 : Operation 357 [1/1] (0.00ns)   --->   "%store_ln32 = store i32 %P_row, i32 %empty_58" [/home/siyenga7/FPGA/attention_int8.cpp:32->/home/siyenga7/FPGA/attention_int8.cpp:170]   --->   Operation 357 'store' 'store_ln32' <Predicate = (trunc_ln168 == 20)> <Delay = 0.00>
ST_60 : Operation 358 [1/1] (0.00ns)   --->   "%br_ln170 = br void %arrayidx178.exit" [/home/siyenga7/FPGA/attention_int8.cpp:170]   --->   Operation 358 'br' 'br_ln170' <Predicate = (trunc_ln168 == 20)> <Delay = 0.00>
ST_60 : Operation 359 [1/1] (0.00ns)   --->   "%store_ln32 = store i32 %P_row, i32 %empty_57" [/home/siyenga7/FPGA/attention_int8.cpp:32->/home/siyenga7/FPGA/attention_int8.cpp:170]   --->   Operation 359 'store' 'store_ln32' <Predicate = (trunc_ln168 == 19)> <Delay = 0.00>
ST_60 : Operation 360 [1/1] (0.00ns)   --->   "%br_ln170 = br void %arrayidx178.exit" [/home/siyenga7/FPGA/attention_int8.cpp:170]   --->   Operation 360 'br' 'br_ln170' <Predicate = (trunc_ln168 == 19)> <Delay = 0.00>
ST_60 : Operation 361 [1/1] (0.00ns)   --->   "%store_ln32 = store i32 %P_row, i32 %empty_56" [/home/siyenga7/FPGA/attention_int8.cpp:32->/home/siyenga7/FPGA/attention_int8.cpp:170]   --->   Operation 361 'store' 'store_ln32' <Predicate = (trunc_ln168 == 18)> <Delay = 0.00>
ST_60 : Operation 362 [1/1] (0.00ns)   --->   "%br_ln170 = br void %arrayidx178.exit" [/home/siyenga7/FPGA/attention_int8.cpp:170]   --->   Operation 362 'br' 'br_ln170' <Predicate = (trunc_ln168 == 18)> <Delay = 0.00>
ST_60 : Operation 363 [1/1] (0.00ns)   --->   "%store_ln32 = store i32 %P_row, i32 %empty_55" [/home/siyenga7/FPGA/attention_int8.cpp:32->/home/siyenga7/FPGA/attention_int8.cpp:170]   --->   Operation 363 'store' 'store_ln32' <Predicate = (trunc_ln168 == 17)> <Delay = 0.00>
ST_60 : Operation 364 [1/1] (0.00ns)   --->   "%br_ln170 = br void %arrayidx178.exit" [/home/siyenga7/FPGA/attention_int8.cpp:170]   --->   Operation 364 'br' 'br_ln170' <Predicate = (trunc_ln168 == 17)> <Delay = 0.00>
ST_60 : Operation 365 [1/1] (0.00ns)   --->   "%store_ln32 = store i32 %P_row, i32 %empty_54" [/home/siyenga7/FPGA/attention_int8.cpp:32->/home/siyenga7/FPGA/attention_int8.cpp:170]   --->   Operation 365 'store' 'store_ln32' <Predicate = (trunc_ln168 == 16)> <Delay = 0.00>
ST_60 : Operation 366 [1/1] (0.00ns)   --->   "%br_ln170 = br void %arrayidx178.exit" [/home/siyenga7/FPGA/attention_int8.cpp:170]   --->   Operation 366 'br' 'br_ln170' <Predicate = (trunc_ln168 == 16)> <Delay = 0.00>
ST_60 : Operation 367 [1/1] (0.00ns)   --->   "%store_ln32 = store i32 %P_row, i32 %empty_53" [/home/siyenga7/FPGA/attention_int8.cpp:32->/home/siyenga7/FPGA/attention_int8.cpp:170]   --->   Operation 367 'store' 'store_ln32' <Predicate = (trunc_ln168 == 15)> <Delay = 0.00>
ST_60 : Operation 368 [1/1] (0.00ns)   --->   "%br_ln170 = br void %arrayidx178.exit" [/home/siyenga7/FPGA/attention_int8.cpp:170]   --->   Operation 368 'br' 'br_ln170' <Predicate = (trunc_ln168 == 15)> <Delay = 0.00>
ST_60 : Operation 369 [1/1] (0.00ns)   --->   "%store_ln32 = store i32 %P_row, i32 %empty_52" [/home/siyenga7/FPGA/attention_int8.cpp:32->/home/siyenga7/FPGA/attention_int8.cpp:170]   --->   Operation 369 'store' 'store_ln32' <Predicate = (trunc_ln168 == 14)> <Delay = 0.00>
ST_60 : Operation 370 [1/1] (0.00ns)   --->   "%br_ln170 = br void %arrayidx178.exit" [/home/siyenga7/FPGA/attention_int8.cpp:170]   --->   Operation 370 'br' 'br_ln170' <Predicate = (trunc_ln168 == 14)> <Delay = 0.00>
ST_60 : Operation 371 [1/1] (0.00ns)   --->   "%store_ln32 = store i32 %P_row, i32 %empty_51" [/home/siyenga7/FPGA/attention_int8.cpp:32->/home/siyenga7/FPGA/attention_int8.cpp:170]   --->   Operation 371 'store' 'store_ln32' <Predicate = (trunc_ln168 == 13)> <Delay = 0.00>
ST_60 : Operation 372 [1/1] (0.00ns)   --->   "%br_ln170 = br void %arrayidx178.exit" [/home/siyenga7/FPGA/attention_int8.cpp:170]   --->   Operation 372 'br' 'br_ln170' <Predicate = (trunc_ln168 == 13)> <Delay = 0.00>
ST_60 : Operation 373 [1/1] (0.00ns)   --->   "%store_ln32 = store i32 %P_row, i32 %empty_50" [/home/siyenga7/FPGA/attention_int8.cpp:32->/home/siyenga7/FPGA/attention_int8.cpp:170]   --->   Operation 373 'store' 'store_ln32' <Predicate = (trunc_ln168 == 12)> <Delay = 0.00>
ST_60 : Operation 374 [1/1] (0.00ns)   --->   "%br_ln170 = br void %arrayidx178.exit" [/home/siyenga7/FPGA/attention_int8.cpp:170]   --->   Operation 374 'br' 'br_ln170' <Predicate = (trunc_ln168 == 12)> <Delay = 0.00>
ST_60 : Operation 375 [1/1] (0.00ns)   --->   "%store_ln32 = store i32 %P_row, i32 %empty_49" [/home/siyenga7/FPGA/attention_int8.cpp:32->/home/siyenga7/FPGA/attention_int8.cpp:170]   --->   Operation 375 'store' 'store_ln32' <Predicate = (trunc_ln168 == 11)> <Delay = 0.00>
ST_60 : Operation 376 [1/1] (0.00ns)   --->   "%br_ln170 = br void %arrayidx178.exit" [/home/siyenga7/FPGA/attention_int8.cpp:170]   --->   Operation 376 'br' 'br_ln170' <Predicate = (trunc_ln168 == 11)> <Delay = 0.00>
ST_60 : Operation 377 [1/1] (0.00ns)   --->   "%store_ln32 = store i32 %P_row, i32 %empty_48" [/home/siyenga7/FPGA/attention_int8.cpp:32->/home/siyenga7/FPGA/attention_int8.cpp:170]   --->   Operation 377 'store' 'store_ln32' <Predicate = (trunc_ln168 == 10)> <Delay = 0.00>
ST_60 : Operation 378 [1/1] (0.00ns)   --->   "%br_ln170 = br void %arrayidx178.exit" [/home/siyenga7/FPGA/attention_int8.cpp:170]   --->   Operation 378 'br' 'br_ln170' <Predicate = (trunc_ln168 == 10)> <Delay = 0.00>
ST_60 : Operation 379 [1/1] (0.00ns)   --->   "%store_ln32 = store i32 %P_row, i32 %empty_47" [/home/siyenga7/FPGA/attention_int8.cpp:32->/home/siyenga7/FPGA/attention_int8.cpp:170]   --->   Operation 379 'store' 'store_ln32' <Predicate = (trunc_ln168 == 9)> <Delay = 0.00>
ST_60 : Operation 380 [1/1] (0.00ns)   --->   "%br_ln170 = br void %arrayidx178.exit" [/home/siyenga7/FPGA/attention_int8.cpp:170]   --->   Operation 380 'br' 'br_ln170' <Predicate = (trunc_ln168 == 9)> <Delay = 0.00>
ST_60 : Operation 381 [1/1] (0.00ns)   --->   "%store_ln32 = store i32 %P_row, i32 %empty_46" [/home/siyenga7/FPGA/attention_int8.cpp:32->/home/siyenga7/FPGA/attention_int8.cpp:170]   --->   Operation 381 'store' 'store_ln32' <Predicate = (trunc_ln168 == 8)> <Delay = 0.00>
ST_60 : Operation 382 [1/1] (0.00ns)   --->   "%br_ln170 = br void %arrayidx178.exit" [/home/siyenga7/FPGA/attention_int8.cpp:170]   --->   Operation 382 'br' 'br_ln170' <Predicate = (trunc_ln168 == 8)> <Delay = 0.00>
ST_60 : Operation 383 [1/1] (0.00ns)   --->   "%store_ln32 = store i32 %P_row, i32 %empty_45" [/home/siyenga7/FPGA/attention_int8.cpp:32->/home/siyenga7/FPGA/attention_int8.cpp:170]   --->   Operation 383 'store' 'store_ln32' <Predicate = (trunc_ln168 == 7)> <Delay = 0.00>
ST_60 : Operation 384 [1/1] (0.00ns)   --->   "%br_ln170 = br void %arrayidx178.exit" [/home/siyenga7/FPGA/attention_int8.cpp:170]   --->   Operation 384 'br' 'br_ln170' <Predicate = (trunc_ln168 == 7)> <Delay = 0.00>
ST_60 : Operation 385 [1/1] (0.00ns)   --->   "%store_ln32 = store i32 %P_row, i32 %empty_44" [/home/siyenga7/FPGA/attention_int8.cpp:32->/home/siyenga7/FPGA/attention_int8.cpp:170]   --->   Operation 385 'store' 'store_ln32' <Predicate = (trunc_ln168 == 6)> <Delay = 0.00>
ST_60 : Operation 386 [1/1] (0.00ns)   --->   "%br_ln170 = br void %arrayidx178.exit" [/home/siyenga7/FPGA/attention_int8.cpp:170]   --->   Operation 386 'br' 'br_ln170' <Predicate = (trunc_ln168 == 6)> <Delay = 0.00>
ST_60 : Operation 387 [1/1] (0.00ns)   --->   "%store_ln32 = store i32 %P_row, i32 %empty_43" [/home/siyenga7/FPGA/attention_int8.cpp:32->/home/siyenga7/FPGA/attention_int8.cpp:170]   --->   Operation 387 'store' 'store_ln32' <Predicate = (trunc_ln168 == 5)> <Delay = 0.00>
ST_60 : Operation 388 [1/1] (0.00ns)   --->   "%br_ln170 = br void %arrayidx178.exit" [/home/siyenga7/FPGA/attention_int8.cpp:170]   --->   Operation 388 'br' 'br_ln170' <Predicate = (trunc_ln168 == 5)> <Delay = 0.00>
ST_60 : Operation 389 [1/1] (0.00ns)   --->   "%store_ln32 = store i32 %P_row, i32 %empty_42" [/home/siyenga7/FPGA/attention_int8.cpp:32->/home/siyenga7/FPGA/attention_int8.cpp:170]   --->   Operation 389 'store' 'store_ln32' <Predicate = (trunc_ln168 == 4)> <Delay = 0.00>
ST_60 : Operation 390 [1/1] (0.00ns)   --->   "%br_ln170 = br void %arrayidx178.exit" [/home/siyenga7/FPGA/attention_int8.cpp:170]   --->   Operation 390 'br' 'br_ln170' <Predicate = (trunc_ln168 == 4)> <Delay = 0.00>
ST_60 : Operation 391 [1/1] (0.00ns)   --->   "%store_ln32 = store i32 %P_row, i32 %empty_41" [/home/siyenga7/FPGA/attention_int8.cpp:32->/home/siyenga7/FPGA/attention_int8.cpp:170]   --->   Operation 391 'store' 'store_ln32' <Predicate = (trunc_ln168 == 3)> <Delay = 0.00>
ST_60 : Operation 392 [1/1] (0.00ns)   --->   "%br_ln170 = br void %arrayidx178.exit" [/home/siyenga7/FPGA/attention_int8.cpp:170]   --->   Operation 392 'br' 'br_ln170' <Predicate = (trunc_ln168 == 3)> <Delay = 0.00>
ST_60 : Operation 393 [1/1] (0.00ns)   --->   "%store_ln32 = store i32 %P_row, i32 %empty_40" [/home/siyenga7/FPGA/attention_int8.cpp:32->/home/siyenga7/FPGA/attention_int8.cpp:170]   --->   Operation 393 'store' 'store_ln32' <Predicate = (trunc_ln168 == 2)> <Delay = 0.00>
ST_60 : Operation 394 [1/1] (0.00ns)   --->   "%br_ln170 = br void %arrayidx178.exit" [/home/siyenga7/FPGA/attention_int8.cpp:170]   --->   Operation 394 'br' 'br_ln170' <Predicate = (trunc_ln168 == 2)> <Delay = 0.00>
ST_60 : Operation 395 [1/1] (0.00ns)   --->   "%store_ln32 = store i32 %P_row, i32 %empty_39" [/home/siyenga7/FPGA/attention_int8.cpp:32->/home/siyenga7/FPGA/attention_int8.cpp:170]   --->   Operation 395 'store' 'store_ln32' <Predicate = (trunc_ln168 == 1)> <Delay = 0.00>
ST_60 : Operation 396 [1/1] (0.00ns)   --->   "%br_ln170 = br void %arrayidx178.exit" [/home/siyenga7/FPGA/attention_int8.cpp:170]   --->   Operation 396 'br' 'br_ln170' <Predicate = (trunc_ln168 == 1)> <Delay = 0.00>
ST_60 : Operation 397 [1/1] (0.00ns)   --->   "%store_ln32 = store i32 %P_row, i32 %empty" [/home/siyenga7/FPGA/attention_int8.cpp:32->/home/siyenga7/FPGA/attention_int8.cpp:170]   --->   Operation 397 'store' 'store_ln32' <Predicate = (trunc_ln168 == 0)> <Delay = 0.00>
ST_60 : Operation 398 [1/1] (0.00ns)   --->   "%br_ln170 = br void %arrayidx178.exit" [/home/siyenga7/FPGA/attention_int8.cpp:170]   --->   Operation 398 'br' 'br_ln170' <Predicate = (trunc_ln168 == 0)> <Delay = 0.00>
ST_60 : Operation 399 [1/1] (0.00ns)   --->   "%store_ln32 = store i32 %P_row, i32 %empty_101" [/home/siyenga7/FPGA/attention_int8.cpp:32->/home/siyenga7/FPGA/attention_int8.cpp:170]   --->   Operation 399 'store' 'store_ln32' <Predicate = (trunc_ln168 == 63)> <Delay = 0.00>
ST_60 : Operation 400 [1/1] (0.00ns)   --->   "%br_ln170 = br void %arrayidx178.exit" [/home/siyenga7/FPGA/attention_int8.cpp:170]   --->   Operation 400 'br' 'br_ln170' <Predicate = (trunc_ln168 == 63)> <Delay = 0.00>


============================================================
+ Verbose Summary: Timing violations
============================================================
Target clock period: 10.000ns, clock uncertainty: 2.700ns.

 <State 1>: 5.251ns
The critical path consists of the following:
	'store' operation 0 bit ('store_ln168', /home/siyenga7/FPGA/attention_int8.cpp:168) of constant 0 on local variable 'j', /home/siyenga7/FPGA/attention_int8.cpp:168 [142]  (1.610 ns)
	'load' operation 7 bit ('j', /home/siyenga7/FPGA/attention_int8.cpp:168) on local variable 'j', /home/siyenga7/FPGA/attention_int8.cpp:168 [145]  (0.000 ns)
	'icmp' operation 1 bit ('icmp_ln168', /home/siyenga7/FPGA/attention_int8.cpp:168) [146]  (2.030 ns)
	'store' operation 0 bit ('store_ln168', /home/siyenga7/FPGA/attention_int8.cpp:168) of variable 'add_ln168', /home/siyenga7/FPGA/attention_int8.cpp:168 on local variable 'j', /home/siyenga7/FPGA/attention_int8.cpp:168 [418]  (1.610 ns)

 <State 2>: 5.062ns
The critical path consists of the following:
	'load' operation 32 bit ('scores_load', /home/siyenga7/FPGA/attention_int8.cpp:170) on array 'scores' [166]  (3.257 ns)
	'sparsemux' operation 32 bit ('tmp_5', /home/siyenga7/FPGA/attention_int8.cpp:170) [174]  (1.805 ns)

 <State 3>: 5.926ns
The critical path consists of the following:
	'fsub' operation 32 bit ('x', /home/siyenga7/FPGA/attention_int8.cpp:170) [175]  (5.926 ns)

 <State 4>: 5.926ns
The critical path consists of the following:
	'fsub' operation 32 bit ('x', /home/siyenga7/FPGA/attention_int8.cpp:170) [175]  (5.926 ns)

 <State 5>: 5.926ns
The critical path consists of the following:
	'fsub' operation 32 bit ('x', /home/siyenga7/FPGA/attention_int8.cpp:170) [175]  (5.926 ns)

 <State 6>: 5.926ns
The critical path consists of the following:
	'fsub' operation 32 bit ('x', /home/siyenga7/FPGA/attention_int8.cpp:170) [175]  (5.926 ns)

 <State 7>: 5.926ns
The critical path consists of the following:
	'fsub' operation 32 bit ('x', /home/siyenga7/FPGA/attention_int8.cpp:170) [175]  (5.926 ns)

 <State 8>: 5.926ns
The critical path consists of the following:
	'fsub' operation 32 bit ('x', /home/siyenga7/FPGA/attention_int8.cpp:170) [175]  (5.926 ns)

 <State 9>: 5.926ns
The critical path consists of the following:
	'fsub' operation 32 bit ('x', /home/siyenga7/FPGA/attention_int8.cpp:170) [175]  (5.926 ns)

 <State 10>: 5.095ns
The critical path consists of the following:
	'fcmp' operation 1 bit ('tmp_71', /home/siyenga7/FPGA/attention_int8.cpp:33->/home/siyenga7/FPGA/attention_int8.cpp:170) [184]  (5.095 ns)

 <State 11>: 6.090ns
The critical path consists of the following:
	'fcmp' operation 1 bit ('tmp_71', /home/siyenga7/FPGA/attention_int8.cpp:33->/home/siyenga7/FPGA/attention_int8.cpp:170) [184]  (5.095 ns)
	'and' operation 1 bit ('and_ln33', /home/siyenga7/FPGA/attention_int8.cpp:33->/home/siyenga7/FPGA/attention_int8.cpp:170) [185]  (0.000 ns)
	'select' operation 32 bit ('select_ln35', /home/siyenga7/FPGA/attention_int8.cpp:35->/home/siyenga7/FPGA/attention_int8.cpp:170) [188]  (0.995 ns)

 <State 12>: 6.301ns
The critical path consists of the following:
	'fdiv' operation 32 bit ('x', /home/siyenga7/FPGA/attention_int8.cpp:35->/home/siyenga7/FPGA/attention_int8.cpp:170) [189]  (6.301 ns)

 <State 13>: 6.301ns
The critical path consists of the following:
	'fdiv' operation 32 bit ('x', /home/siyenga7/FPGA/attention_int8.cpp:35->/home/siyenga7/FPGA/attention_int8.cpp:170) [189]  (6.301 ns)

 <State 14>: 6.301ns
The critical path consists of the following:
	'fdiv' operation 32 bit ('x', /home/siyenga7/FPGA/attention_int8.cpp:35->/home/siyenga7/FPGA/attention_int8.cpp:170) [189]  (6.301 ns)

 <State 15>: 6.301ns
The critical path consists of the following:
	'fdiv' operation 32 bit ('x', /home/siyenga7/FPGA/attention_int8.cpp:35->/home/siyenga7/FPGA/attention_int8.cpp:170) [189]  (6.301 ns)

 <State 16>: 6.301ns
The critical path consists of the following:
	'fdiv' operation 32 bit ('x', /home/siyenga7/FPGA/attention_int8.cpp:35->/home/siyenga7/FPGA/attention_int8.cpp:170) [189]  (6.301 ns)

 <State 17>: 6.301ns
The critical path consists of the following:
	'fdiv' operation 32 bit ('x', /home/siyenga7/FPGA/attention_int8.cpp:35->/home/siyenga7/FPGA/attention_int8.cpp:170) [189]  (6.301 ns)

 <State 18>: 6.301ns
The critical path consists of the following:
	'fdiv' operation 32 bit ('x', /home/siyenga7/FPGA/attention_int8.cpp:35->/home/siyenga7/FPGA/attention_int8.cpp:170) [189]  (6.301 ns)

 <State 19>: 6.301ns
The critical path consists of the following:
	'fdiv' operation 32 bit ('x', /home/siyenga7/FPGA/attention_int8.cpp:35->/home/siyenga7/FPGA/attention_int8.cpp:170) [189]  (6.301 ns)

 <State 20>: 6.301ns
The critical path consists of the following:
	'fdiv' operation 32 bit ('x', /home/siyenga7/FPGA/attention_int8.cpp:35->/home/siyenga7/FPGA/attention_int8.cpp:170) [189]  (6.301 ns)

 <State 21>: 6.301ns
The critical path consists of the following:
	'fdiv' operation 32 bit ('x', /home/siyenga7/FPGA/attention_int8.cpp:35->/home/siyenga7/FPGA/attention_int8.cpp:170) [189]  (6.301 ns)

 <State 22>: 6.301ns
The critical path consists of the following:
	'fdiv' operation 32 bit ('x', /home/siyenga7/FPGA/attention_int8.cpp:35->/home/siyenga7/FPGA/attention_int8.cpp:170) [189]  (6.301 ns)

 <State 23>: 6.301ns
The critical path consists of the following:
	'fdiv' operation 32 bit ('x', /home/siyenga7/FPGA/attention_int8.cpp:35->/home/siyenga7/FPGA/attention_int8.cpp:170) [189]  (6.301 ns)

 <State 24>: 6.301ns
The critical path consists of the following:
	'fdiv' operation 32 bit ('x', /home/siyenga7/FPGA/attention_int8.cpp:35->/home/siyenga7/FPGA/attention_int8.cpp:170) [189]  (6.301 ns)

 <State 25>: 6.301ns
The critical path consists of the following:
	'fdiv' operation 32 bit ('x', /home/siyenga7/FPGA/attention_int8.cpp:35->/home/siyenga7/FPGA/attention_int8.cpp:170) [189]  (6.301 ns)

 <State 26>: 6.301ns
The critical path consists of the following:
	'fdiv' operation 32 bit ('x', /home/siyenga7/FPGA/attention_int8.cpp:35->/home/siyenga7/FPGA/attention_int8.cpp:170) [189]  (6.301 ns)

 <State 27>: 6.301ns
The critical path consists of the following:
	'fdiv' operation 32 bit ('x', /home/siyenga7/FPGA/attention_int8.cpp:35->/home/siyenga7/FPGA/attention_int8.cpp:170) [189]  (6.301 ns)

 <State 28>: 7.287ns
The critical path consists of the following:
	'add' operation 9 bit ('add_ln317', /wrk/ci/prod/2023.2/hls_product/continuous/689/2023.2/src/shared/hls/clib/src/hls/utils/x_hls_utils.h:317->/wrk/ci/prod/2023.2/hls_product/continuous/689/2023.2/src/shared/hls/clib/hlsmath/include/FloatingPoint/hls_case_IEEE754.h:18->/wrk/ci/prod/2023.2/hls_product/continuous/689/2023.2/src/shared/hls/clib/hlsmath/include/FloatingPoint/hls_case_IEEE754.h:117->/wrk/ci/prod/2023.2/hls_product/continuous/689/2023.2/src/shared/hls/clib/hlsmath/src/lib_floatconversion.cpp:51->/home/siyenga7/FPGA/attention_int8.cpp:35->/home/siyenga7/FPGA/attention_int8.cpp:170) [197]  (2.115 ns)
	'select' operation 9 bit ('select_ln18', /wrk/ci/prod/2023.2/hls_product/continuous/689/2023.2/src/shared/hls/clib/hlsmath/include/FloatingPoint/hls_case_IEEE754.h:18->/wrk/ci/prod/2023.2/hls_product/continuous/689/2023.2/src/shared/hls/clib/hlsmath/include/FloatingPoint/hls_case_IEEE754.h:117->/wrk/ci/prod/2023.2/hls_product/continuous/689/2023.2/src/shared/hls/clib/hlsmath/src/lib_floatconversion.cpp:51->/home/siyenga7/FPGA/attention_int8.cpp:35->/home/siyenga7/FPGA/attention_int8.cpp:170) [201]  (1.084 ns)
	'lshr' operation 79 bit ('lshr_ln18', /wrk/ci/prod/2023.2/hls_product/continuous/689/2023.2/src/shared/hls/clib/hlsmath/include/FloatingPoint/hls_case_IEEE754.h:18->/wrk/ci/prod/2023.2/hls_product/continuous/689/2023.2/src/shared/hls/clib/hlsmath/include/FloatingPoint/hls_case_IEEE754.h:117->/wrk/ci/prod/2023.2/hls_product/continuous/689/2023.2/src/shared/hls/clib/hlsmath/src/lib_floatconversion.cpp:51->/home/siyenga7/FPGA/attention_int8.cpp:35->/home/siyenga7/FPGA/attention_int8.cpp:170) [204]  (4.088 ns)

 <State 29>: 6.788ns
The critical path consists of the following:
	'select' operation 32 bit ('val', /wrk/ci/prod/2023.2/hls_product/continuous/689/2023.2/src/shared/hls/clib/hlsmath/include/FloatingPoint/hls_case_IEEE754.h:18->/wrk/ci/prod/2023.2/hls_product/continuous/689/2023.2/src/shared/hls/clib/hlsmath/include/FloatingPoint/hls_case_IEEE754.h:117->/wrk/ci/prod/2023.2/hls_product/continuous/689/2023.2/src/shared/hls/clib/hlsmath/src/lib_floatconversion.cpp:51->/home/siyenga7/FPGA/attention_int8.cpp:35->/home/siyenga7/FPGA/attention_int8.cpp:170) [208]  (0.796 ns)
	'sub' operation 32 bit ('result', /wrk/ci/prod/2023.2/hls_product/continuous/689/2023.2/src/shared/hls/clib/hlsmath/include/FloatingPoint/hls_case_IEEE754.h:59->/wrk/ci/prod/2023.2/hls_product/continuous/689/2023.2/src/shared/hls/clib/hlsmath/include/FloatingPoint/hls_case_IEEE754.h:117->/wrk/ci/prod/2023.2/hls_product/continuous/689/2023.2/src/shared/hls/clib/hlsmath/src/lib_floatconversion.cpp:51->/home/siyenga7/FPGA/attention_int8.cpp:35->/home/siyenga7/FPGA/attention_int8.cpp:170) [209]  (2.702 ns)
	'select' operation 32 bit ('result', /wrk/ci/prod/2023.2/hls_product/continuous/689/2023.2/src/shared/hls/clib/hlsmath/include/FloatingPoint/hls_case_IEEE754.h:59->/wrk/ci/prod/2023.2/hls_product/continuous/689/2023.2/src/shared/hls/clib/hlsmath/include/FloatingPoint/hls_case_IEEE754.h:117->/wrk/ci/prod/2023.2/hls_product/continuous/689/2023.2/src/shared/hls/clib/hlsmath/src/lib_floatconversion.cpp:51->/home/siyenga7/FPGA/attention_int8.cpp:35->/home/siyenga7/FPGA/attention_int8.cpp:170) [210]  (0.796 ns)
	'icmp' operation 1 bit ('icmp_ln36', /home/siyenga7/FPGA/attention_int8.cpp:36->/home/siyenga7/FPGA/attention_int8.cpp:170) [212]  (2.494 ns)

 <State 30>: 6.981ns
The critical path consists of the following:
	'select' operation 32 bit ('idx', /home/siyenga7/FPGA/attention_int8.cpp:36->/home/siyenga7/FPGA/attention_int8.cpp:170) [213]  (0.796 ns)
	'sitofp' operation 32 bit ('conv9_i', /home/siyenga7/FPGA/attention_int8.cpp:52->/home/siyenga7/FPGA/attention_int8.cpp:170) [215]  (6.185 ns)

 <State 31>: 6.185ns
The critical path consists of the following:
	'sitofp' operation 32 bit ('conv9_i', /home/siyenga7/FPGA/attention_int8.cpp:52->/home/siyenga7/FPGA/attention_int8.cpp:170) [215]  (6.185 ns)

 <State 32>: 6.185ns
The critical path consists of the following:
	'sitofp' operation 32 bit ('conv9_i', /home/siyenga7/FPGA/attention_int8.cpp:52->/home/siyenga7/FPGA/attention_int8.cpp:170) [215]  (6.185 ns)

 <State 33>: 6.185ns
The critical path consists of the following:
	'sitofp' operation 32 bit ('conv9_i', /home/siyenga7/FPGA/attention_int8.cpp:52->/home/siyenga7/FPGA/attention_int8.cpp:170) [215]  (6.185 ns)

 <State 34>: 6.185ns
The critical path consists of the following:
	'sitofp' operation 32 bit ('conv9_i', /home/siyenga7/FPGA/attention_int8.cpp:52->/home/siyenga7/FPGA/attention_int8.cpp:170) [215]  (6.185 ns)

 <State 35>: 6.185ns
The critical path consists of the following:
	'sitofp' operation 32 bit ('conv9_i', /home/siyenga7/FPGA/attention_int8.cpp:52->/home/siyenga7/FPGA/attention_int8.cpp:170) [215]  (6.185 ns)

 <State 36>: 5.926ns
The critical path consists of the following:
	'fsub' operation 32 bit ('frac', /home/siyenga7/FPGA/attention_int8.cpp:52->/home/siyenga7/FPGA/attention_int8.cpp:170) [216]  (5.926 ns)

 <State 37>: 5.926ns
The critical path consists of the following:
	'fsub' operation 32 bit ('frac', /home/siyenga7/FPGA/attention_int8.cpp:52->/home/siyenga7/FPGA/attention_int8.cpp:170) [216]  (5.926 ns)

 <State 38>: 5.926ns
The critical path consists of the following:
	'fsub' operation 32 bit ('frac', /home/siyenga7/FPGA/attention_int8.cpp:52->/home/siyenga7/FPGA/attention_int8.cpp:170) [216]  (5.926 ns)

 <State 39>: 5.926ns
The critical path consists of the following:
	'fsub' operation 32 bit ('frac', /home/siyenga7/FPGA/attention_int8.cpp:52->/home/siyenga7/FPGA/attention_int8.cpp:170) [216]  (5.926 ns)

 <State 40>: 5.926ns
The critical path consists of the following:
	'fsub' operation 32 bit ('frac', /home/siyenga7/FPGA/attention_int8.cpp:52->/home/siyenga7/FPGA/attention_int8.cpp:170) [216]  (5.926 ns)

 <State 41>: 5.926ns
The critical path consists of the following:
	'fsub' operation 32 bit ('frac', /home/siyenga7/FPGA/attention_int8.cpp:52->/home/siyenga7/FPGA/attention_int8.cpp:170) [216]  (5.926 ns)

 <State 42>: 5.926ns
The critical path consists of the following:
	'fsub' operation 32 bit ('frac', /home/siyenga7/FPGA/attention_int8.cpp:52->/home/siyenga7/FPGA/attention_int8.cpp:170) [216]  (5.926 ns)

 <State 43>: 5.926ns
The critical path consists of the following:
	'fsub' operation 32 bit ('sub11_i', /home/siyenga7/FPGA/attention_int8.cpp:53->/home/siyenga7/FPGA/attention_int8.cpp:170) [218]  (5.926 ns)

 <State 44>: 5.926ns
The critical path consists of the following:
	'fsub' operation 32 bit ('sub11_i', /home/siyenga7/FPGA/attention_int8.cpp:53->/home/siyenga7/FPGA/attention_int8.cpp:170) [218]  (5.926 ns)

 <State 45>: 5.926ns
The critical path consists of the following:
	'fsub' operation 32 bit ('sub11_i', /home/siyenga7/FPGA/attention_int8.cpp:53->/home/siyenga7/FPGA/attention_int8.cpp:170) [218]  (5.926 ns)

 <State 46>: 5.926ns
The critical path consists of the following:
	'fsub' operation 32 bit ('sub11_i', /home/siyenga7/FPGA/attention_int8.cpp:53->/home/siyenga7/FPGA/attention_int8.cpp:170) [218]  (5.926 ns)

 <State 47>: 5.926ns
The critical path consists of the following:
	'fsub' operation 32 bit ('sub11_i', /home/siyenga7/FPGA/attention_int8.cpp:53->/home/siyenga7/FPGA/attention_int8.cpp:170) [218]  (5.926 ns)

 <State 48>: 5.926ns
The critical path consists of the following:
	'fsub' operation 32 bit ('sub11_i', /home/siyenga7/FPGA/attention_int8.cpp:53->/home/siyenga7/FPGA/attention_int8.cpp:170) [218]  (5.926 ns)

 <State 49>: 5.926ns
The critical path consists of the following:
	'fsub' operation 32 bit ('sub11_i', /home/siyenga7/FPGA/attention_int8.cpp:53->/home/siyenga7/FPGA/attention_int8.cpp:170) [218]  (5.926 ns)

 <State 50>: 5.784ns
The critical path consists of the following:
	'fmul' operation 32 bit ('mul_i', /home/siyenga7/FPGA/attention_int8.cpp:53->/home/siyenga7/FPGA/attention_int8.cpp:170) [219]  (5.784 ns)

 <State 51>: 5.784ns
The critical path consists of the following:
	'fmul' operation 32 bit ('mul_i', /home/siyenga7/FPGA/attention_int8.cpp:53->/home/siyenga7/FPGA/attention_int8.cpp:170) [219]  (5.784 ns)

 <State 52>: 5.784ns
The critical path consists of the following:
	'fmul' operation 32 bit ('mul_i', /home/siyenga7/FPGA/attention_int8.cpp:53->/home/siyenga7/FPGA/attention_int8.cpp:170) [219]  (5.784 ns)

 <State 53>: 5.784ns
The critical path consists of the following:
	'fmul' operation 32 bit ('mul_i', /home/siyenga7/FPGA/attention_int8.cpp:53->/home/siyenga7/FPGA/attention_int8.cpp:170) [219]  (5.784 ns)

 <State 54>: 5.926ns
The critical path consists of the following:
	'fadd' operation 32 bit ('add15_i', /home/siyenga7/FPGA/attention_int8.cpp:53->/home/siyenga7/FPGA/attention_int8.cpp:170) [222]  (5.926 ns)

 <State 55>: 5.926ns
The critical path consists of the following:
	'fadd' operation 32 bit ('add15_i', /home/siyenga7/FPGA/attention_int8.cpp:53->/home/siyenga7/FPGA/attention_int8.cpp:170) [222]  (5.926 ns)

 <State 56>: 5.926ns
The critical path consists of the following:
	'fadd' operation 32 bit ('add15_i', /home/siyenga7/FPGA/attention_int8.cpp:53->/home/siyenga7/FPGA/attention_int8.cpp:170) [222]  (5.926 ns)

 <State 57>: 5.926ns
The critical path consists of the following:
	'fadd' operation 32 bit ('add15_i', /home/siyenga7/FPGA/attention_int8.cpp:53->/home/siyenga7/FPGA/attention_int8.cpp:170) [222]  (5.926 ns)

 <State 58>: 5.926ns
The critical path consists of the following:
	'fadd' operation 32 bit ('add15_i', /home/siyenga7/FPGA/attention_int8.cpp:53->/home/siyenga7/FPGA/attention_int8.cpp:170) [222]  (5.926 ns)

 <State 59>: 5.926ns
The critical path consists of the following:
	'fadd' operation 32 bit ('add15_i', /home/siyenga7/FPGA/attention_int8.cpp:53->/home/siyenga7/FPGA/attention_int8.cpp:170) [222]  (5.926 ns)

 <State 60>: 6.904ns
The critical path consists of the following:
	'fadd' operation 32 bit ('add15_i', /home/siyenga7/FPGA/attention_int8.cpp:53->/home/siyenga7/FPGA/attention_int8.cpp:170) [222]  (5.926 ns)
	'select' operation 32 bit ('P_row', /home/siyenga7/FPGA/attention_int8.cpp:32->/home/siyenga7/FPGA/attention_int8.cpp:170) [223]  (0.978 ns)
	'store' operation 0 bit ('store_ln32', /home/siyenga7/FPGA/attention_int8.cpp:32->/home/siyenga7/FPGA/attention_int8.cpp:170) of variable 'P_row', /home/siyenga7/FPGA/attention_int8.cpp:32->/home/siyenga7/FPGA/attention_int8.cpp:170 on local variable 'empty_87' [265]  (0.000 ns)


============================================================
+ Verbose Summary: Binding
============================================================
N/A
* FSMD analyzer results:
  - Output states:
 - Input state : 
  - Chain level:
	State 1
	State 2
	State 3
	State 4
	State 5
	State 6
	State 7
	State 8
	State 9
	State 10
	State 11
	State 12
	State 13
	State 14
	State 15
	State 16
	State 17
	State 18
	State 19
	State 20
	State 21
	State 22
	State 23
	State 24
	State 25
	State 26
	State 27
	State 28
	State 29
	State 30
	State 31
	State 32
	State 33
	State 34
	State 35
	State 36
	State 37
	State 38
	State 39
	State 40
	State 41
	State 42
	State 43
	State 44
	State 45
	State 46
	State 47
	State 48
	State 49
	State 50
	State 51
	State 52
	State 53
	State 54
	State 55
	State 56
	State 57
	State 58
	State 59
	State 60


============================================================
+ Verbose Summary: Datapath Resource usage 
============================================================
N/A
