

================================================================
== Vitis HLS Report for 'attention_int8_kernel_Pipeline_VITIS_LOOP_130_8_VITIS_LOOP_131_9'
================================================================
* Date:           Sat Apr 25 16:33:39 2026

* Version:        2023.2 (Build 4023990 on Oct 11 2023)
* Project:        attention_int8_kernel
* Solution:       hls (Vivado IP Flow Target)
* Product family: artix7
* Target device:  xc7a200t-sbg484-1


================================================================
== Performance Estimates
================================================================
+ Timing: 
    * Summary: 
    +--------+----------+----------+------------+
    |  Clock |  Target  | Estimated| Uncertainty|
    +--------+----------+----------+------------+
    |ap_clk  |  10.00 ns|  8.491 ns|     2.70 ns|
    +--------+----------+----------+------------+

+ Latency: 
    * Summary: 
    +---------+---------+-----------+-----------+------+------+---------+
    |  Latency (cycles) |   Latency (absolute)  |   Interval  | Pipeline|
    |   min   |   max   |    min    |    max    |  min |  max |   Type  |
    +---------+---------+-----------+-----------+------+------+---------+
    |     8195|     8195|  81.950 us|  81.950 us|  8195|  8195|       no|
    +---------+---------+-----------+-----------+------+------+---------+

    + Detail: 
        * Instance: 
        N/A

        * Loop: 
        +-------------------------------------+---------+---------+----------+-----------+-----------+------+----------+
        |                                     |  Latency (cycles) | Iteration|  Initiation Interval  | Trip |          |
        |              Loop Name              |   min   |   max   |  Latency |  achieved |   target  | Count| Pipelined|
        +-------------------------------------+---------+---------+----------+-----------+-----------+------+----------+
        |- VITIS_LOOP_130_8_VITIS_LOOP_131_9  |     8193|     8193|         3|          1|          1|  8192|       yes|
        +-------------------------------------+---------+---------+----------+-----------+-----------+------+----------+

============================================================
+ Verbose Summary: Synthesis Manager
============================================================
InlineROM: 1
ExposeGlobal: 0
============================================================
+ Verbose Summary: CDFG Model
============================================================
IsTopModel: 0
ResetActiveHigh: 1
IsCombinational: 0
IsDatapathOnly: 0
HasWiredReturn: 1
HasMFsm: 2
HasVarLatency: 1
IsPipeline: 0
IsRtlPipelined: 0
IsInstanceOverlapped: 0
IsDontTouch: 0
HasImplIP: 0
IsGatedGlobalClock: 0

+ Individual pipeline summary: 
  * Pipeline-0: initiation interval (II) = 1, depth = 3


============================================================
+ Verbose Summary: Schedule
============================================================
* Number of FSM states : 3
* Pipeline : 1
  Pipeline-0 : II = 1, D = 3, States = { 1 2 3 }
* Dataflow Pipeline: 0

* FSM state transitions: 
1 --> 2 
2 --> 3 
3 --> 

* FSM state operations: 

State 1 <SV = 0> <Delay = 8.49>
ST_1 : Operation 6 [1/1] (0.00ns)   --->   "%d = alloca i32 1" [/home/siyenga7/FPGA/attention_int8.cpp:131]   --->   Operation 6 'alloca' 'd' <Predicate = true> <Delay = 0.00>
ST_1 : Operation 7 [1/1] (0.00ns)   --->   "%j = alloca i32 1" [/home/siyenga7/FPGA/attention_int8.cpp:130]   --->   Operation 7 'alloca' 'j' <Predicate = true> <Delay = 0.00>
ST_1 : Operation 8 [1/1] (0.00ns)   --->   "%indvar_flatten6 = alloca i32 1"   --->   Operation 8 'alloca' 'indvar_flatten6' <Predicate = true> <Delay = 0.00>
ST_1 : Operation 9 [1/1] (0.00ns)   --->   "%specinterface_ln0 = specinterface void @_ssdm_op_SpecInterface, i8 %gmem2, void @empty_11, i32 0, i32 0, void @empty_21, i32 0, i32 65536, void @empty_8, void @empty_22, void @empty_21, i32 16, i32 16, i32 16, i32 16, void @empty_21, void @empty_21, i32 4294967295, i32 0"   --->   Operation 9 'specinterface' 'specinterface_ln0' <Predicate = true> <Delay = 0.00>
ST_1 : Operation 10 [1/1] (0.00ns)   --->   "%specinterface_ln0 = specinterface void @_ssdm_op_SpecInterface, i8 %gmem1, void @empty_11, i32 0, i32 0, void @empty_21, i32 0, i32 65536, void @empty_9, void @empty_22, void @empty_21, i32 16, i32 16, i32 16, i32 16, void @empty_21, void @empty_21, i32 4294967295, i32 0"   --->   Operation 10 'specinterface' 'specinterface_ln0' <Predicate = true> <Delay = 0.00>
ST_1 : Operation 11 [1/1] (0.00ns)   --->   "%add_ln118_3_read = read i64 @_ssdm_op_Read.ap_auto.i64, i64 %add_ln118_3"   --->   Operation 11 'read' 'add_ln118_3_read' <Predicate = true> <Delay = 0.00>
ST_1 : Operation 12 [1/1] (0.00ns)   --->   "%add_ln118_1_read = read i64 @_ssdm_op_Read.ap_auto.i64, i64 %add_ln118_1"   --->   Operation 12 'read' 'add_ln118_1_read' <Predicate = true> <Delay = 0.00>
ST_1 : Operation 13 [1/1] (1.61ns)   --->   "%store_ln0 = store i14 0, i14 %indvar_flatten6"   --->   Operation 13 'store' 'store_ln0' <Predicate = true> <Delay = 1.61>
ST_1 : Operation 14 [1/1] (1.61ns)   --->   "%store_ln130 = store i7 0, i7 %j" [/home/siyenga7/FPGA/attention_int8.cpp:130]   --->   Operation 14 'store' 'store_ln130' <Predicate = true> <Delay = 1.61>
ST_1 : Operation 15 [1/1] (1.61ns)   --->   "%store_ln131 = store i8 0, i8 %d" [/home/siyenga7/FPGA/attention_int8.cpp:131]   --->   Operation 15 'store' 'store_ln131' <Predicate = true> <Delay = 1.61>
ST_1 : Operation 16 [1/1] (0.00ns)   --->   "%br_ln0 = br void %for.inc92"   --->   Operation 16 'br' 'br_ln0' <Predicate = true> <Delay = 0.00>
ST_1 : Operation 17 [1/1] (0.00ns)   --->   "%indvar_flatten6_load = load i14 %indvar_flatten6" [/home/siyenga7/FPGA/attention_int8.cpp:130]   --->   Operation 17 'load' 'indvar_flatten6_load' <Predicate = true> <Delay = 0.00>
ST_1 : Operation 18 [1/1] (0.00ns)   --->   "%specbitsmap_ln0 = specbitsmap void @_ssdm_op_SpecBitsMap, i8 %gmem2"   --->   Operation 18 'specbitsmap' 'specbitsmap_ln0' <Predicate = true> <Delay = 0.00>
ST_1 : Operation 19 [1/1] (0.00ns)   --->   "%specbitsmap_ln0 = specbitsmap void @_ssdm_op_SpecBitsMap, i8 %gmem1"   --->   Operation 19 'specbitsmap' 'specbitsmap_ln0' <Predicate = true> <Delay = 0.00>
ST_1 : Operation 20 [1/1] (2.13ns)   --->   "%icmp_ln130 = icmp_eq  i14 %indvar_flatten6_load, i14 8192" [/home/siyenga7/FPGA/attention_int8.cpp:130]   --->   Operation 20 'icmp' 'icmp_ln130' <Predicate = true> <Delay = 2.13> <CoreInst = "Cmp">   --->   Core 9 'Cmp' <Latency = 0> <II = 1> <Delay = 2.13> <FuncUnit> <Opcode : 'icmp'> <InPorts = 2> <OutPorts = 1>
ST_1 : Operation 21 [1/1] (2.13ns)   --->   "%add_ln130_1 = add i14 %indvar_flatten6_load, i14 1" [/home/siyenga7/FPGA/attention_int8.cpp:130]   --->   Operation 21 'add' 'add_ln130_1' <Predicate = true> <Delay = 2.13> <CoreInst = "Adder">   --->   Core 1 'Adder' <Latency = 0> <II = 1> <Delay = 2.13> <FuncUnit> <Opcode : 'add' 'sub'> <InPorts = 2> <OutPorts = 1>
ST_1 : Operation 22 [1/1] (0.00ns)   --->   "%br_ln130 = br i1 %icmp_ln130, void %for.inc95, void %VITIS_LOOP_146_11.preheader.exitStub" [/home/siyenga7/FPGA/attention_int8.cpp:130]   --->   Operation 22 'br' 'br_ln130' <Predicate = true> <Delay = 0.00>
ST_1 : Operation 23 [1/1] (0.00ns)   --->   "%d_load = load i8 %d" [/home/siyenga7/FPGA/attention_int8.cpp:131]   --->   Operation 23 'load' 'd_load' <Predicate = (!icmp_ln130)> <Delay = 0.00>
ST_1 : Operation 24 [1/1] (0.00ns)   --->   "%gmem2_addr = getelementptr i8 %gmem2, i64 %add_ln118_1_read" [/home/siyenga7/FPGA/attention_int8.cpp:130]   --->   Operation 24 'getelementptr' 'gmem2_addr' <Predicate = (!icmp_ln130)> <Delay = 0.00>
ST_1 : Operation 25 [1/1] (0.00ns)   --->   "%gmem1_addr = getelementptr i8 %gmem1, i64 %add_ln118_3_read" [/home/siyenga7/FPGA/attention_int8.cpp:130]   --->   Operation 25 'getelementptr' 'gmem1_addr' <Predicate = (!icmp_ln130)> <Delay = 0.00>
ST_1 : Operation 26 [1/1] (2.11ns)   --->   "%icmp_ln131 = icmp_eq  i8 %d_load, i8 128" [/home/siyenga7/FPGA/attention_int8.cpp:131]   --->   Operation 26 'icmp' 'icmp_ln131' <Predicate = (!icmp_ln130)> <Delay = 2.11> <CoreInst = "Cmp">   --->   Core 9 'Cmp' <Latency = 0> <II = 1> <Delay = 2.11> <FuncUnit> <Opcode : 'icmp'> <InPorts = 2> <OutPorts = 1>
ST_1 : Operation 27 [1/1] (1.04ns)   --->   "%select_ln130 = select i1 %icmp_ln131, i8 0, i8 %d_load" [/home/siyenga7/FPGA/attention_int8.cpp:130]   --->   Operation 27 'select' 'select_ln130' <Predicate = (!icmp_ln130)> <Delay = 1.04> <CoreInst = "Sel">   --->   Core 73 'Sel' <Latency = 0> <II = 1> <Delay = 1.04> <FuncUnit> <Opcode : 'select'> <InPorts = 3> <OutPorts = 1>
ST_1 : Operation 28 [1/1] (0.00ns)   --->   "%trunc_ln131 = trunc i8 %select_ln130" [/home/siyenga7/FPGA/attention_int8.cpp:131]   --->   Operation 28 'trunc' 'trunc_ln131' <Predicate = (!icmp_ln130)> <Delay = 0.00>
ST_1 : Operation 29 [1/1] (0.00ns)   --->   "%trunc_ln131_1 = trunc i8 %select_ln130" [/home/siyenga7/FPGA/attention_int8.cpp:131]   --->   Operation 29 'trunc' 'trunc_ln131_1' <Predicate = (!icmp_ln130)> <Delay = 0.00>
ST_1 : Operation 30 [1/1] (0.00ns)   --->   "%lshr_ln1 = partselect i4 @_ssdm_op_PartSelect.i4.i8.i32.i32, i8 %select_ln130, i32 3, i32 6" [/home/siyenga7/FPGA/attention_int8.cpp:131]   --->   Operation 30 'partselect' 'lshr_ln1' <Predicate = (!icmp_ln130)> <Delay = 0.00>
ST_1 : Operation 31 [1/1] (1.90ns)   --->   "%switch_ln133 = switch i7 %trunc_ln131_1, void %arrayidx8211.case.127, i7 0, void %arrayidx8211.case.0, i7 1, void %arrayidx8211.case.1, i7 2, void %arrayidx8211.case.2, i7 3, void %arrayidx8211.case.3, i7 4, void %arrayidx8211.case.4, i7 5, void %arrayidx8211.case.5, i7 6, void %arrayidx8211.case.6, i7 7, void %arrayidx8211.case.7, i7 8, void %arrayidx8211.case.8, i7 9, void %arrayidx8211.case.9, i7 10, void %arrayidx8211.case.10, i7 11, void %arrayidx8211.case.11, i7 12, void %arrayidx8211.case.12, i7 13, void %arrayidx8211.case.13, i7 14, void %arrayidx8211.case.14, i7 15, void %arrayidx8211.case.15, i7 16, void %arrayidx8211.case.16, i7 17, void %arrayidx8211.case.17, i7 18, void %arrayidx8211.case.18, i7 19, void %arrayidx8211.case.19, i7 20, void %arrayidx8211.case.20, i7 21, void %arrayidx8211.case.21, i7 22, void %arrayidx8211.case.22, i7 23, void %arrayidx8211.case.23, i7 24, void %arrayidx8211.case.24, i7 25, void %arrayidx8211.case.25, i7 26, void %arrayidx8211.case.26, i7 27, void %arrayidx8211.case.27, i7 28, void %arrayidx8211.case.28, i7 29, void %arrayidx8211.case.29, i7 30, void %arrayidx8211.case.30, i7 31, void %arrayidx8211.case.31, i7 32, void %arrayidx8211.case.32, i7 33, void %arrayidx8211.case.33, i7 34, void %arrayidx8211.case.34, i7 35, void %arrayidx8211.case.35, i7 36, void %arrayidx8211.case.36, i7 37, void %arrayidx8211.case.37, i7 38, void %arrayidx8211.case.38, i7 39, void %arrayidx8211.case.39, i7 40, void %arrayidx8211.case.40, i7 41, void %arrayidx8211.case.41, i7 42, void %arrayidx8211.case.42, i7 43, void %arrayidx8211.case.43, i7 44, void %arrayidx8211.case.44, i7 45, void %arrayidx8211.case.45, i7 46, void %arrayidx8211.case.46, i7 47, void %arrayidx8211.case.47, i7 48, void %arrayidx8211.case.48, i7 49, void %arrayidx8211.case.49, i7 50, void %arrayidx8211.case.50, i7 51, void %arrayidx8211.case.51, i7 52, void %arrayidx8211.case.52, i7 53, void %arrayidx8211.case.53, i7 54, void %arrayidx8211.case.54, i7 55, void %arrayidx8211.case.55, i7 56, void %arrayidx8211.case.56, i7 57, void %arrayidx8211.case.57, i7 58, void %arrayidx8211.case.58, i7 59, void %arrayidx8211.case.59, i7 60, void %arrayidx8211.case.60, i7 61, void %arrayidx8211.case.61, i7 62, void %arrayidx8211.case.62, i7 63, void %arrayidx8211.case.63, i7 64, void %arrayidx8211.case.64, i7 65, void %arrayidx8211.case.65, i7 66, void %arrayidx8211.case.66, i7 67, void %arrayidx8211.case.67, i7 68, void %arrayidx8211.case.68, i7 69, void %arrayidx8211.case.69, i7 70, void %arrayidx8211.case.70, i7 71, void %arrayidx8211.case.71, i7 72, void %arrayidx8211.case.72, i7 73, void %arrayidx8211.case.73, i7 74, void %arrayidx8211.case.74, i7 75, void %arrayidx8211.case.75, i7 76, void %arrayidx8211.case.76, i7 77, void %arrayidx8211.case.77, i7 78, void %arrayidx8211.case.78, i7 79, void %arrayidx8211.case.79, i7 80, void %arrayidx8211.case.80, i7 81, void %arrayidx8211.case.81, i7 82, void %arrayidx8211.case.82, i7 83, void %arrayidx8211.case.83, i7 84, void %arrayidx8211.case.84, i7 85, void %arrayidx8211.case.85, i7 86, void %arrayidx8211.case.86, i7 87, void %arrayidx8211.case.87, i7 88, void %arrayidx8211.case.88, i7 89, void %arrayidx8211.case.89, i7 90, void %arrayidx8211.case.90, i7 91, void %arrayidx8211.case.91, i7 92, void %arrayidx8211.case.92, i7 93, void %arrayidx8211.case.93, i7 94, void %arrayidx8211.case.94, i7 95, void %arrayidx8211.case.95, i7 96, void %arrayidx8211.case.96, i7 97, void %arrayidx8211.case.97, i7 98, void %arrayidx8211.case.98, i7 99, void %arrayidx8211.case.99, i7 100, void %arrayidx8211.case.100, i7 101, void %arrayidx8211.case.101, i7 102, void %arrayidx8211.case.102, i7 103, void %arrayidx8211.case.103, i7 104, void %arrayidx8211.case.104, i7 105, void %arrayidx8211.case.105, i7 106, void %arrayidx8211.case.106, i7 107, void %arrayidx8211.case.107, i7 108, void %arrayidx8211.case.108, i7 109, void %arrayidx8211.case.109, i7 110, void %arrayidx8211.case.110, i7 111, void %arrayidx8211.case.111, i7 112, void %arrayidx8211.case.112, i7 113, void %arrayidx8211.case.113, i7 114, void %arrayidx8211.case.114, i7 115, void %arrayidx8211.case.115, i7 116, void %arrayidx8211.case.116, i7 117, void %arrayidx8211.case.117, i7 118, void %arrayidx8211.case.118, i7 119, void %arrayidx8211.case.119, i7 120, void %arrayidx8211.case.120, i7 121, void %arrayidx8211.case.121, i7 122, void %arrayidx8211.case.122, i7 123, void %arrayidx8211.case.123, i7 124, void %arrayidx8211.case.124, i7 125, void %arrayidx8211.case.125, i7 126, void %arrayidx8211.case.126" [/home/siyenga7/FPGA/attention_int8.cpp:133]   --->   Operation 31 'switch' 'switch_ln133' <Predicate = (!icmp_ln130)> <Delay = 1.90>
ST_1 : Operation 32 [1/1] (0.00ns)   --->   "%br_ln133 = br void %arrayidx8211.exit" [/home/siyenga7/FPGA/attention_int8.cpp:133]   --->   Operation 32 'br' 'br_ln133' <Predicate = (!icmp_ln130 & trunc_ln131_1 == 126)> <Delay = 0.00>
ST_1 : Operation 33 [1/1] (0.00ns)   --->   "%br_ln133 = br void %arrayidx8211.exit" [/home/siyenga7/FPGA/attention_int8.cpp:133]   --->   Operation 33 'br' 'br_ln133' <Predicate = (!icmp_ln130 & trunc_ln131_1 == 125)> <Delay = 0.00>
ST_1 : Operation 34 [1/1] (0.00ns)   --->   "%br_ln133 = br void %arrayidx8211.exit" [/home/siyenga7/FPGA/attention_int8.cpp:133]   --->   Operation 34 'br' 'br_ln133' <Predicate = (!icmp_ln130 & trunc_ln131_1 == 124)> <Delay = 0.00>
ST_1 : Operation 35 [1/1] (0.00ns)   --->   "%br_ln133 = br void %arrayidx8211.exit" [/home/siyenga7/FPGA/attention_int8.cpp:133]   --->   Operation 35 'br' 'br_ln133' <Predicate = (!icmp_ln130 & trunc_ln131_1 == 123)> <Delay = 0.00>
ST_1 : Operation 36 [1/1] (0.00ns)   --->   "%br_ln133 = br void %arrayidx8211.exit" [/home/siyenga7/FPGA/attention_int8.cpp:133]   --->   Operation 36 'br' 'br_ln133' <Predicate = (!icmp_ln130 & trunc_ln131_1 == 122)> <Delay = 0.00>
ST_1 : Operation 37 [1/1] (0.00ns)   --->   "%br_ln133 = br void %arrayidx8211.exit" [/home/siyenga7/FPGA/attention_int8.cpp:133]   --->   Operation 37 'br' 'br_ln133' <Predicate = (!icmp_ln130 & trunc_ln131_1 == 121)> <Delay = 0.00>
ST_1 : Operation 38 [1/1] (0.00ns)   --->   "%br_ln133 = br void %arrayidx8211.exit" [/home/siyenga7/FPGA/attention_int8.cpp:133]   --->   Operation 38 'br' 'br_ln133' <Predicate = (!icmp_ln130 & trunc_ln131_1 == 120)> <Delay = 0.00>
ST_1 : Operation 39 [1/1] (0.00ns)   --->   "%br_ln133 = br void %arrayidx8211.exit" [/home/siyenga7/FPGA/attention_int8.cpp:133]   --->   Operation 39 'br' 'br_ln133' <Predicate = (!icmp_ln130 & trunc_ln131_1 == 119)> <Delay = 0.00>
ST_1 : Operation 40 [1/1] (0.00ns)   --->   "%br_ln133 = br void %arrayidx8211.exit" [/home/siyenga7/FPGA/attention_int8.cpp:133]   --->   Operation 40 'br' 'br_ln133' <Predicate = (!icmp_ln130 & trunc_ln131_1 == 118)> <Delay = 0.00>
ST_1 : Operation 41 [1/1] (0.00ns)   --->   "%br_ln133 = br void %arrayidx8211.exit" [/home/siyenga7/FPGA/attention_int8.cpp:133]   --->   Operation 41 'br' 'br_ln133' <Predicate = (!icmp_ln130 & trunc_ln131_1 == 117)> <Delay = 0.00>
ST_1 : Operation 42 [1/1] (0.00ns)   --->   "%br_ln133 = br void %arrayidx8211.exit" [/home/siyenga7/FPGA/attention_int8.cpp:133]   --->   Operation 42 'br' 'br_ln133' <Predicate = (!icmp_ln130 & trunc_ln131_1 == 116)> <Delay = 0.00>
ST_1 : Operation 43 [1/1] (0.00ns)   --->   "%br_ln133 = br void %arrayidx8211.exit" [/home/siyenga7/FPGA/attention_int8.cpp:133]   --->   Operation 43 'br' 'br_ln133' <Predicate = (!icmp_ln130 & trunc_ln131_1 == 115)> <Delay = 0.00>
ST_1 : Operation 44 [1/1] (0.00ns)   --->   "%br_ln133 = br void %arrayidx8211.exit" [/home/siyenga7/FPGA/attention_int8.cpp:133]   --->   Operation 44 'br' 'br_ln133' <Predicate = (!icmp_ln130 & trunc_ln131_1 == 114)> <Delay = 0.00>
ST_1 : Operation 45 [1/1] (0.00ns)   --->   "%br_ln133 = br void %arrayidx8211.exit" [/home/siyenga7/FPGA/attention_int8.cpp:133]   --->   Operation 45 'br' 'br_ln133' <Predicate = (!icmp_ln130 & trunc_ln131_1 == 113)> <Delay = 0.00>
ST_1 : Operation 46 [1/1] (0.00ns)   --->   "%br_ln133 = br void %arrayidx8211.exit" [/home/siyenga7/FPGA/attention_int8.cpp:133]   --->   Operation 46 'br' 'br_ln133' <Predicate = (!icmp_ln130 & trunc_ln131_1 == 112)> <Delay = 0.00>
ST_1 : Operation 47 [1/1] (0.00ns)   --->   "%br_ln133 = br void %arrayidx8211.exit" [/home/siyenga7/FPGA/attention_int8.cpp:133]   --->   Operation 47 'br' 'br_ln133' <Predicate = (!icmp_ln130 & trunc_ln131_1 == 111)> <Delay = 0.00>
ST_1 : Operation 48 [1/1] (0.00ns)   --->   "%br_ln133 = br void %arrayidx8211.exit" [/home/siyenga7/FPGA/attention_int8.cpp:133]   --->   Operation 48 'br' 'br_ln133' <Predicate = (!icmp_ln130 & trunc_ln131_1 == 110)> <Delay = 0.00>
ST_1 : Operation 49 [1/1] (0.00ns)   --->   "%br_ln133 = br void %arrayidx8211.exit" [/home/siyenga7/FPGA/attention_int8.cpp:133]   --->   Operation 49 'br' 'br_ln133' <Predicate = (!icmp_ln130 & trunc_ln131_1 == 109)> <Delay = 0.00>
ST_1 : Operation 50 [1/1] (0.00ns)   --->   "%br_ln133 = br void %arrayidx8211.exit" [/home/siyenga7/FPGA/attention_int8.cpp:133]   --->   Operation 50 'br' 'br_ln133' <Predicate = (!icmp_ln130 & trunc_ln131_1 == 108)> <Delay = 0.00>
ST_1 : Operation 51 [1/1] (0.00ns)   --->   "%br_ln133 = br void %arrayidx8211.exit" [/home/siyenga7/FPGA/attention_int8.cpp:133]   --->   Operation 51 'br' 'br_ln133' <Predicate = (!icmp_ln130 & trunc_ln131_1 == 107)> <Delay = 0.00>
ST_1 : Operation 52 [1/1] (0.00ns)   --->   "%br_ln133 = br void %arrayidx8211.exit" [/home/siyenga7/FPGA/attention_int8.cpp:133]   --->   Operation 52 'br' 'br_ln133' <Predicate = (!icmp_ln130 & trunc_ln131_1 == 106)> <Delay = 0.00>
ST_1 : Operation 53 [1/1] (0.00ns)   --->   "%br_ln133 = br void %arrayidx8211.exit" [/home/siyenga7/FPGA/attention_int8.cpp:133]   --->   Operation 53 'br' 'br_ln133' <Predicate = (!icmp_ln130 & trunc_ln131_1 == 105)> <Delay = 0.00>
ST_1 : Operation 54 [1/1] (0.00ns)   --->   "%br_ln133 = br void %arrayidx8211.exit" [/home/siyenga7/FPGA/attention_int8.cpp:133]   --->   Operation 54 'br' 'br_ln133' <Predicate = (!icmp_ln130 & trunc_ln131_1 == 104)> <Delay = 0.00>
ST_1 : Operation 55 [1/1] (0.00ns)   --->   "%br_ln133 = br void %arrayidx8211.exit" [/home/siyenga7/FPGA/attention_int8.cpp:133]   --->   Operation 55 'br' 'br_ln133' <Predicate = (!icmp_ln130 & trunc_ln131_1 == 103)> <Delay = 0.00>
ST_1 : Operation 56 [1/1] (0.00ns)   --->   "%br_ln133 = br void %arrayidx8211.exit" [/home/siyenga7/FPGA/attention_int8.cpp:133]   --->   Operation 56 'br' 'br_ln133' <Predicate = (!icmp_ln130 & trunc_ln131_1 == 102)> <Delay = 0.00>
ST_1 : Operation 57 [1/1] (0.00ns)   --->   "%br_ln133 = br void %arrayidx8211.exit" [/home/siyenga7/FPGA/attention_int8.cpp:133]   --->   Operation 57 'br' 'br_ln133' <Predicate = (!icmp_ln130 & trunc_ln131_1 == 101)> <Delay = 0.00>
ST_1 : Operation 58 [1/1] (0.00ns)   --->   "%br_ln133 = br void %arrayidx8211.exit" [/home/siyenga7/FPGA/attention_int8.cpp:133]   --->   Operation 58 'br' 'br_ln133' <Predicate = (!icmp_ln130 & trunc_ln131_1 == 100)> <Delay = 0.00>
ST_1 : Operation 59 [1/1] (0.00ns)   --->   "%br_ln133 = br void %arrayidx8211.exit" [/home/siyenga7/FPGA/attention_int8.cpp:133]   --->   Operation 59 'br' 'br_ln133' <Predicate = (!icmp_ln130 & trunc_ln131_1 == 99)> <Delay = 0.00>
ST_1 : Operation 60 [1/1] (0.00ns)   --->   "%br_ln133 = br void %arrayidx8211.exit" [/home/siyenga7/FPGA/attention_int8.cpp:133]   --->   Operation 60 'br' 'br_ln133' <Predicate = (!icmp_ln130 & trunc_ln131_1 == 98)> <Delay = 0.00>
ST_1 : Operation 61 [1/1] (0.00ns)   --->   "%br_ln133 = br void %arrayidx8211.exit" [/home/siyenga7/FPGA/attention_int8.cpp:133]   --->   Operation 61 'br' 'br_ln133' <Predicate = (!icmp_ln130 & trunc_ln131_1 == 97)> <Delay = 0.00>
ST_1 : Operation 62 [1/1] (0.00ns)   --->   "%br_ln133 = br void %arrayidx8211.exit" [/home/siyenga7/FPGA/attention_int8.cpp:133]   --->   Operation 62 'br' 'br_ln133' <Predicate = (!icmp_ln130 & trunc_ln131_1 == 96)> <Delay = 0.00>
ST_1 : Operation 63 [1/1] (0.00ns)   --->   "%br_ln133 = br void %arrayidx8211.exit" [/home/siyenga7/FPGA/attention_int8.cpp:133]   --->   Operation 63 'br' 'br_ln133' <Predicate = (!icmp_ln130 & trunc_ln131_1 == 95)> <Delay = 0.00>
ST_1 : Operation 64 [1/1] (0.00ns)   --->   "%br_ln133 = br void %arrayidx8211.exit" [/home/siyenga7/FPGA/attention_int8.cpp:133]   --->   Operation 64 'br' 'br_ln133' <Predicate = (!icmp_ln130 & trunc_ln131_1 == 94)> <Delay = 0.00>
ST_1 : Operation 65 [1/1] (0.00ns)   --->   "%br_ln133 = br void %arrayidx8211.exit" [/home/siyenga7/FPGA/attention_int8.cpp:133]   --->   Operation 65 'br' 'br_ln133' <Predicate = (!icmp_ln130 & trunc_ln131_1 == 93)> <Delay = 0.00>
ST_1 : Operation 66 [1/1] (0.00ns)   --->   "%br_ln133 = br void %arrayidx8211.exit" [/home/siyenga7/FPGA/attention_int8.cpp:133]   --->   Operation 66 'br' 'br_ln133' <Predicate = (!icmp_ln130 & trunc_ln131_1 == 92)> <Delay = 0.00>
ST_1 : Operation 67 [1/1] (0.00ns)   --->   "%br_ln133 = br void %arrayidx8211.exit" [/home/siyenga7/FPGA/attention_int8.cpp:133]   --->   Operation 67 'br' 'br_ln133' <Predicate = (!icmp_ln130 & trunc_ln131_1 == 91)> <Delay = 0.00>
ST_1 : Operation 68 [1/1] (0.00ns)   --->   "%br_ln133 = br void %arrayidx8211.exit" [/home/siyenga7/FPGA/attention_int8.cpp:133]   --->   Operation 68 'br' 'br_ln133' <Predicate = (!icmp_ln130 & trunc_ln131_1 == 90)> <Delay = 0.00>
ST_1 : Operation 69 [1/1] (0.00ns)   --->   "%br_ln133 = br void %arrayidx8211.exit" [/home/siyenga7/FPGA/attention_int8.cpp:133]   --->   Operation 69 'br' 'br_ln133' <Predicate = (!icmp_ln130 & trunc_ln131_1 == 89)> <Delay = 0.00>
ST_1 : Operation 70 [1/1] (0.00ns)   --->   "%br_ln133 = br void %arrayidx8211.exit" [/home/siyenga7/FPGA/attention_int8.cpp:133]   --->   Operation 70 'br' 'br_ln133' <Predicate = (!icmp_ln130 & trunc_ln131_1 == 88)> <Delay = 0.00>
ST_1 : Operation 71 [1/1] (0.00ns)   --->   "%br_ln133 = br void %arrayidx8211.exit" [/home/siyenga7/FPGA/attention_int8.cpp:133]   --->   Operation 71 'br' 'br_ln133' <Predicate = (!icmp_ln130 & trunc_ln131_1 == 87)> <Delay = 0.00>
ST_1 : Operation 72 [1/1] (0.00ns)   --->   "%br_ln133 = br void %arrayidx8211.exit" [/home/siyenga7/FPGA/attention_int8.cpp:133]   --->   Operation 72 'br' 'br_ln133' <Predicate = (!icmp_ln130 & trunc_ln131_1 == 86)> <Delay = 0.00>
ST_1 : Operation 73 [1/1] (0.00ns)   --->   "%br_ln133 = br void %arrayidx8211.exit" [/home/siyenga7/FPGA/attention_int8.cpp:133]   --->   Operation 73 'br' 'br_ln133' <Predicate = (!icmp_ln130 & trunc_ln131_1 == 85)> <Delay = 0.00>
ST_1 : Operation 74 [1/1] (0.00ns)   --->   "%br_ln133 = br void %arrayidx8211.exit" [/home/siyenga7/FPGA/attention_int8.cpp:133]   --->   Operation 74 'br' 'br_ln133' <Predicate = (!icmp_ln130 & trunc_ln131_1 == 84)> <Delay = 0.00>
ST_1 : Operation 75 [1/1] (0.00ns)   --->   "%br_ln133 = br void %arrayidx8211.exit" [/home/siyenga7/FPGA/attention_int8.cpp:133]   --->   Operation 75 'br' 'br_ln133' <Predicate = (!icmp_ln130 & trunc_ln131_1 == 83)> <Delay = 0.00>
ST_1 : Operation 76 [1/1] (0.00ns)   --->   "%br_ln133 = br void %arrayidx8211.exit" [/home/siyenga7/FPGA/attention_int8.cpp:133]   --->   Operation 76 'br' 'br_ln133' <Predicate = (!icmp_ln130 & trunc_ln131_1 == 82)> <Delay = 0.00>
ST_1 : Operation 77 [1/1] (0.00ns)   --->   "%br_ln133 = br void %arrayidx8211.exit" [/home/siyenga7/FPGA/attention_int8.cpp:133]   --->   Operation 77 'br' 'br_ln133' <Predicate = (!icmp_ln130 & trunc_ln131_1 == 81)> <Delay = 0.00>
ST_1 : Operation 78 [1/1] (0.00ns)   --->   "%br_ln133 = br void %arrayidx8211.exit" [/home/siyenga7/FPGA/attention_int8.cpp:133]   --->   Operation 78 'br' 'br_ln133' <Predicate = (!icmp_ln130 & trunc_ln131_1 == 80)> <Delay = 0.00>
ST_1 : Operation 79 [1/1] (0.00ns)   --->   "%br_ln133 = br void %arrayidx8211.exit" [/home/siyenga7/FPGA/attention_int8.cpp:133]   --->   Operation 79 'br' 'br_ln133' <Predicate = (!icmp_ln130 & trunc_ln131_1 == 79)> <Delay = 0.00>
ST_1 : Operation 80 [1/1] (0.00ns)   --->   "%br_ln133 = br void %arrayidx8211.exit" [/home/siyenga7/FPGA/attention_int8.cpp:133]   --->   Operation 80 'br' 'br_ln133' <Predicate = (!icmp_ln130 & trunc_ln131_1 == 78)> <Delay = 0.00>
ST_1 : Operation 81 [1/1] (0.00ns)   --->   "%br_ln133 = br void %arrayidx8211.exit" [/home/siyenga7/FPGA/attention_int8.cpp:133]   --->   Operation 81 'br' 'br_ln133' <Predicate = (!icmp_ln130 & trunc_ln131_1 == 77)> <Delay = 0.00>
ST_1 : Operation 82 [1/1] (0.00ns)   --->   "%br_ln133 = br void %arrayidx8211.exit" [/home/siyenga7/FPGA/attention_int8.cpp:133]   --->   Operation 82 'br' 'br_ln133' <Predicate = (!icmp_ln130 & trunc_ln131_1 == 76)> <Delay = 0.00>
ST_1 : Operation 83 [1/1] (0.00ns)   --->   "%br_ln133 = br void %arrayidx8211.exit" [/home/siyenga7/FPGA/attention_int8.cpp:133]   --->   Operation 83 'br' 'br_ln133' <Predicate = (!icmp_ln130 & trunc_ln131_1 == 75)> <Delay = 0.00>
ST_1 : Operation 84 [1/1] (0.00ns)   --->   "%br_ln133 = br void %arrayidx8211.exit" [/home/siyenga7/FPGA/attention_int8.cpp:133]   --->   Operation 84 'br' 'br_ln133' <Predicate = (!icmp_ln130 & trunc_ln131_1 == 74)> <Delay = 0.00>
ST_1 : Operation 85 [1/1] (0.00ns)   --->   "%br_ln133 = br void %arrayidx8211.exit" [/home/siyenga7/FPGA/attention_int8.cpp:133]   --->   Operation 85 'br' 'br_ln133' <Predicate = (!icmp_ln130 & trunc_ln131_1 == 73)> <Delay = 0.00>
ST_1 : Operation 86 [1/1] (0.00ns)   --->   "%br_ln133 = br void %arrayidx8211.exit" [/home/siyenga7/FPGA/attention_int8.cpp:133]   --->   Operation 86 'br' 'br_ln133' <Predicate = (!icmp_ln130 & trunc_ln131_1 == 72)> <Delay = 0.00>
ST_1 : Operation 87 [1/1] (0.00ns)   --->   "%br_ln133 = br void %arrayidx8211.exit" [/home/siyenga7/FPGA/attention_int8.cpp:133]   --->   Operation 87 'br' 'br_ln133' <Predicate = (!icmp_ln130 & trunc_ln131_1 == 71)> <Delay = 0.00>
ST_1 : Operation 88 [1/1] (0.00ns)   --->   "%br_ln133 = br void %arrayidx8211.exit" [/home/siyenga7/FPGA/attention_int8.cpp:133]   --->   Operation 88 'br' 'br_ln133' <Predicate = (!icmp_ln130 & trunc_ln131_1 == 70)> <Delay = 0.00>
ST_1 : Operation 89 [1/1] (0.00ns)   --->   "%br_ln133 = br void %arrayidx8211.exit" [/home/siyenga7/FPGA/attention_int8.cpp:133]   --->   Operation 89 'br' 'br_ln133' <Predicate = (!icmp_ln130 & trunc_ln131_1 == 69)> <Delay = 0.00>
ST_1 : Operation 90 [1/1] (0.00ns)   --->   "%br_ln133 = br void %arrayidx8211.exit" [/home/siyenga7/FPGA/attention_int8.cpp:133]   --->   Operation 90 'br' 'br_ln133' <Predicate = (!icmp_ln130 & trunc_ln131_1 == 68)> <Delay = 0.00>
ST_1 : Operation 91 [1/1] (0.00ns)   --->   "%br_ln133 = br void %arrayidx8211.exit" [/home/siyenga7/FPGA/attention_int8.cpp:133]   --->   Operation 91 'br' 'br_ln133' <Predicate = (!icmp_ln130 & trunc_ln131_1 == 67)> <Delay = 0.00>
ST_1 : Operation 92 [1/1] (0.00ns)   --->   "%br_ln133 = br void %arrayidx8211.exit" [/home/siyenga7/FPGA/attention_int8.cpp:133]   --->   Operation 92 'br' 'br_ln133' <Predicate = (!icmp_ln130 & trunc_ln131_1 == 66)> <Delay = 0.00>
ST_1 : Operation 93 [1/1] (0.00ns)   --->   "%br_ln133 = br void %arrayidx8211.exit" [/home/siyenga7/FPGA/attention_int8.cpp:133]   --->   Operation 93 'br' 'br_ln133' <Predicate = (!icmp_ln130 & trunc_ln131_1 == 65)> <Delay = 0.00>
ST_1 : Operation 94 [1/1] (0.00ns)   --->   "%br_ln133 = br void %arrayidx8211.exit" [/home/siyenga7/FPGA/attention_int8.cpp:133]   --->   Operation 94 'br' 'br_ln133' <Predicate = (!icmp_ln130 & trunc_ln131_1 == 64)> <Delay = 0.00>
ST_1 : Operation 95 [1/1] (0.00ns)   --->   "%br_ln133 = br void %arrayidx8211.exit" [/home/siyenga7/FPGA/attention_int8.cpp:133]   --->   Operation 95 'br' 'br_ln133' <Predicate = (!icmp_ln130 & trunc_ln131_1 == 63)> <Delay = 0.00>
ST_1 : Operation 96 [1/1] (0.00ns)   --->   "%br_ln133 = br void %arrayidx8211.exit" [/home/siyenga7/FPGA/attention_int8.cpp:133]   --->   Operation 96 'br' 'br_ln133' <Predicate = (!icmp_ln130 & trunc_ln131_1 == 62)> <Delay = 0.00>
ST_1 : Operation 97 [1/1] (0.00ns)   --->   "%br_ln133 = br void %arrayidx8211.exit" [/home/siyenga7/FPGA/attention_int8.cpp:133]   --->   Operation 97 'br' 'br_ln133' <Predicate = (!icmp_ln130 & trunc_ln131_1 == 61)> <Delay = 0.00>
ST_1 : Operation 98 [1/1] (0.00ns)   --->   "%br_ln133 = br void %arrayidx8211.exit" [/home/siyenga7/FPGA/attention_int8.cpp:133]   --->   Operation 98 'br' 'br_ln133' <Predicate = (!icmp_ln130 & trunc_ln131_1 == 60)> <Delay = 0.00>
ST_1 : Operation 99 [1/1] (0.00ns)   --->   "%br_ln133 = br void %arrayidx8211.exit" [/home/siyenga7/FPGA/attention_int8.cpp:133]   --->   Operation 99 'br' 'br_ln133' <Predicate = (!icmp_ln130 & trunc_ln131_1 == 59)> <Delay = 0.00>
ST_1 : Operation 100 [1/1] (0.00ns)   --->   "%br_ln133 = br void %arrayidx8211.exit" [/home/siyenga7/FPGA/attention_int8.cpp:133]   --->   Operation 100 'br' 'br_ln133' <Predicate = (!icmp_ln130 & trunc_ln131_1 == 58)> <Delay = 0.00>
ST_1 : Operation 101 [1/1] (0.00ns)   --->   "%br_ln133 = br void %arrayidx8211.exit" [/home/siyenga7/FPGA/attention_int8.cpp:133]   --->   Operation 101 'br' 'br_ln133' <Predicate = (!icmp_ln130 & trunc_ln131_1 == 57)> <Delay = 0.00>
ST_1 : Operation 102 [1/1] (0.00ns)   --->   "%br_ln133 = br void %arrayidx8211.exit" [/home/siyenga7/FPGA/attention_int8.cpp:133]   --->   Operation 102 'br' 'br_ln133' <Predicate = (!icmp_ln130 & trunc_ln131_1 == 56)> <Delay = 0.00>
ST_1 : Operation 103 [1/1] (0.00ns)   --->   "%br_ln133 = br void %arrayidx8211.exit" [/home/siyenga7/FPGA/attention_int8.cpp:133]   --->   Operation 103 'br' 'br_ln133' <Predicate = (!icmp_ln130 & trunc_ln131_1 == 55)> <Delay = 0.00>
ST_1 : Operation 104 [1/1] (0.00ns)   --->   "%br_ln133 = br void %arrayidx8211.exit" [/home/siyenga7/FPGA/attention_int8.cpp:133]   --->   Operation 104 'br' 'br_ln133' <Predicate = (!icmp_ln130 & trunc_ln131_1 == 54)> <Delay = 0.00>
ST_1 : Operation 105 [1/1] (0.00ns)   --->   "%br_ln133 = br void %arrayidx8211.exit" [/home/siyenga7/FPGA/attention_int8.cpp:133]   --->   Operation 105 'br' 'br_ln133' <Predicate = (!icmp_ln130 & trunc_ln131_1 == 53)> <Delay = 0.00>
ST_1 : Operation 106 [1/1] (0.00ns)   --->   "%br_ln133 = br void %arrayidx8211.exit" [/home/siyenga7/FPGA/attention_int8.cpp:133]   --->   Operation 106 'br' 'br_ln133' <Predicate = (!icmp_ln130 & trunc_ln131_1 == 52)> <Delay = 0.00>
ST_1 : Operation 107 [1/1] (0.00ns)   --->   "%br_ln133 = br void %arrayidx8211.exit" [/home/siyenga7/FPGA/attention_int8.cpp:133]   --->   Operation 107 'br' 'br_ln133' <Predicate = (!icmp_ln130 & trunc_ln131_1 == 51)> <Delay = 0.00>
ST_1 : Operation 108 [1/1] (0.00ns)   --->   "%br_ln133 = br void %arrayidx8211.exit" [/home/siyenga7/FPGA/attention_int8.cpp:133]   --->   Operation 108 'br' 'br_ln133' <Predicate = (!icmp_ln130 & trunc_ln131_1 == 50)> <Delay = 0.00>
ST_1 : Operation 109 [1/1] (0.00ns)   --->   "%br_ln133 = br void %arrayidx8211.exit" [/home/siyenga7/FPGA/attention_int8.cpp:133]   --->   Operation 109 'br' 'br_ln133' <Predicate = (!icmp_ln130 & trunc_ln131_1 == 49)> <Delay = 0.00>
ST_1 : Operation 110 [1/1] (0.00ns)   --->   "%br_ln133 = br void %arrayidx8211.exit" [/home/siyenga7/FPGA/attention_int8.cpp:133]   --->   Operation 110 'br' 'br_ln133' <Predicate = (!icmp_ln130 & trunc_ln131_1 == 48)> <Delay = 0.00>
ST_1 : Operation 111 [1/1] (0.00ns)   --->   "%br_ln133 = br void %arrayidx8211.exit" [/home/siyenga7/FPGA/attention_int8.cpp:133]   --->   Operation 111 'br' 'br_ln133' <Predicate = (!icmp_ln130 & trunc_ln131_1 == 47)> <Delay = 0.00>
ST_1 : Operation 112 [1/1] (0.00ns)   --->   "%br_ln133 = br void %arrayidx8211.exit" [/home/siyenga7/FPGA/attention_int8.cpp:133]   --->   Operation 112 'br' 'br_ln133' <Predicate = (!icmp_ln130 & trunc_ln131_1 == 46)> <Delay = 0.00>
ST_1 : Operation 113 [1/1] (0.00ns)   --->   "%br_ln133 = br void %arrayidx8211.exit" [/home/siyenga7/FPGA/attention_int8.cpp:133]   --->   Operation 113 'br' 'br_ln133' <Predicate = (!icmp_ln130 & trunc_ln131_1 == 45)> <Delay = 0.00>
ST_1 : Operation 114 [1/1] (0.00ns)   --->   "%br_ln133 = br void %arrayidx8211.exit" [/home/siyenga7/FPGA/attention_int8.cpp:133]   --->   Operation 114 'br' 'br_ln133' <Predicate = (!icmp_ln130 & trunc_ln131_1 == 44)> <Delay = 0.00>
ST_1 : Operation 115 [1/1] (0.00ns)   --->   "%br_ln133 = br void %arrayidx8211.exit" [/home/siyenga7/FPGA/attention_int8.cpp:133]   --->   Operation 115 'br' 'br_ln133' <Predicate = (!icmp_ln130 & trunc_ln131_1 == 43)> <Delay = 0.00>
ST_1 : Operation 116 [1/1] (0.00ns)   --->   "%br_ln133 = br void %arrayidx8211.exit" [/home/siyenga7/FPGA/attention_int8.cpp:133]   --->   Operation 116 'br' 'br_ln133' <Predicate = (!icmp_ln130 & trunc_ln131_1 == 42)> <Delay = 0.00>
ST_1 : Operation 117 [1/1] (0.00ns)   --->   "%br_ln133 = br void %arrayidx8211.exit" [/home/siyenga7/FPGA/attention_int8.cpp:133]   --->   Operation 117 'br' 'br_ln133' <Predicate = (!icmp_ln130 & trunc_ln131_1 == 41)> <Delay = 0.00>
ST_1 : Operation 118 [1/1] (0.00ns)   --->   "%br_ln133 = br void %arrayidx8211.exit" [/home/siyenga7/FPGA/attention_int8.cpp:133]   --->   Operation 118 'br' 'br_ln133' <Predicate = (!icmp_ln130 & trunc_ln131_1 == 40)> <Delay = 0.00>
ST_1 : Operation 119 [1/1] (0.00ns)   --->   "%br_ln133 = br void %arrayidx8211.exit" [/home/siyenga7/FPGA/attention_int8.cpp:133]   --->   Operation 119 'br' 'br_ln133' <Predicate = (!icmp_ln130 & trunc_ln131_1 == 39)> <Delay = 0.00>
ST_1 : Operation 120 [1/1] (0.00ns)   --->   "%br_ln133 = br void %arrayidx8211.exit" [/home/siyenga7/FPGA/attention_int8.cpp:133]   --->   Operation 120 'br' 'br_ln133' <Predicate = (!icmp_ln130 & trunc_ln131_1 == 38)> <Delay = 0.00>
ST_1 : Operation 121 [1/1] (0.00ns)   --->   "%br_ln133 = br void %arrayidx8211.exit" [/home/siyenga7/FPGA/attention_int8.cpp:133]   --->   Operation 121 'br' 'br_ln133' <Predicate = (!icmp_ln130 & trunc_ln131_1 == 37)> <Delay = 0.00>
ST_1 : Operation 122 [1/1] (0.00ns)   --->   "%br_ln133 = br void %arrayidx8211.exit" [/home/siyenga7/FPGA/attention_int8.cpp:133]   --->   Operation 122 'br' 'br_ln133' <Predicate = (!icmp_ln130 & trunc_ln131_1 == 36)> <Delay = 0.00>
ST_1 : Operation 123 [1/1] (0.00ns)   --->   "%br_ln133 = br void %arrayidx8211.exit" [/home/siyenga7/FPGA/attention_int8.cpp:133]   --->   Operation 123 'br' 'br_ln133' <Predicate = (!icmp_ln130 & trunc_ln131_1 == 35)> <Delay = 0.00>
ST_1 : Operation 124 [1/1] (0.00ns)   --->   "%br_ln133 = br void %arrayidx8211.exit" [/home/siyenga7/FPGA/attention_int8.cpp:133]   --->   Operation 124 'br' 'br_ln133' <Predicate = (!icmp_ln130 & trunc_ln131_1 == 34)> <Delay = 0.00>
ST_1 : Operation 125 [1/1] (0.00ns)   --->   "%br_ln133 = br void %arrayidx8211.exit" [/home/siyenga7/FPGA/attention_int8.cpp:133]   --->   Operation 125 'br' 'br_ln133' <Predicate = (!icmp_ln130 & trunc_ln131_1 == 33)> <Delay = 0.00>
ST_1 : Operation 126 [1/1] (0.00ns)   --->   "%br_ln133 = br void %arrayidx8211.exit" [/home/siyenga7/FPGA/attention_int8.cpp:133]   --->   Operation 126 'br' 'br_ln133' <Predicate = (!icmp_ln130 & trunc_ln131_1 == 32)> <Delay = 0.00>
ST_1 : Operation 127 [1/1] (0.00ns)   --->   "%br_ln133 = br void %arrayidx8211.exit" [/home/siyenga7/FPGA/attention_int8.cpp:133]   --->   Operation 127 'br' 'br_ln133' <Predicate = (!icmp_ln130 & trunc_ln131_1 == 31)> <Delay = 0.00>
ST_1 : Operation 128 [1/1] (0.00ns)   --->   "%br_ln133 = br void %arrayidx8211.exit" [/home/siyenga7/FPGA/attention_int8.cpp:133]   --->   Operation 128 'br' 'br_ln133' <Predicate = (!icmp_ln130 & trunc_ln131_1 == 30)> <Delay = 0.00>
ST_1 : Operation 129 [1/1] (0.00ns)   --->   "%br_ln133 = br void %arrayidx8211.exit" [/home/siyenga7/FPGA/attention_int8.cpp:133]   --->   Operation 129 'br' 'br_ln133' <Predicate = (!icmp_ln130 & trunc_ln131_1 == 29)> <Delay = 0.00>
ST_1 : Operation 130 [1/1] (0.00ns)   --->   "%br_ln133 = br void %arrayidx8211.exit" [/home/siyenga7/FPGA/attention_int8.cpp:133]   --->   Operation 130 'br' 'br_ln133' <Predicate = (!icmp_ln130 & trunc_ln131_1 == 28)> <Delay = 0.00>
ST_1 : Operation 131 [1/1] (0.00ns)   --->   "%br_ln133 = br void %arrayidx8211.exit" [/home/siyenga7/FPGA/attention_int8.cpp:133]   --->   Operation 131 'br' 'br_ln133' <Predicate = (!icmp_ln130 & trunc_ln131_1 == 27)> <Delay = 0.00>
ST_1 : Operation 132 [1/1] (0.00ns)   --->   "%br_ln133 = br void %arrayidx8211.exit" [/home/siyenga7/FPGA/attention_int8.cpp:133]   --->   Operation 132 'br' 'br_ln133' <Predicate = (!icmp_ln130 & trunc_ln131_1 == 26)> <Delay = 0.00>
ST_1 : Operation 133 [1/1] (0.00ns)   --->   "%br_ln133 = br void %arrayidx8211.exit" [/home/siyenga7/FPGA/attention_int8.cpp:133]   --->   Operation 133 'br' 'br_ln133' <Predicate = (!icmp_ln130 & trunc_ln131_1 == 25)> <Delay = 0.00>
ST_1 : Operation 134 [1/1] (0.00ns)   --->   "%br_ln133 = br void %arrayidx8211.exit" [/home/siyenga7/FPGA/attention_int8.cpp:133]   --->   Operation 134 'br' 'br_ln133' <Predicate = (!icmp_ln130 & trunc_ln131_1 == 24)> <Delay = 0.00>
ST_1 : Operation 135 [1/1] (0.00ns)   --->   "%br_ln133 = br void %arrayidx8211.exit" [/home/siyenga7/FPGA/attention_int8.cpp:133]   --->   Operation 135 'br' 'br_ln133' <Predicate = (!icmp_ln130 & trunc_ln131_1 == 23)> <Delay = 0.00>
ST_1 : Operation 136 [1/1] (0.00ns)   --->   "%br_ln133 = br void %arrayidx8211.exit" [/home/siyenga7/FPGA/attention_int8.cpp:133]   --->   Operation 136 'br' 'br_ln133' <Predicate = (!icmp_ln130 & trunc_ln131_1 == 22)> <Delay = 0.00>
ST_1 : Operation 137 [1/1] (0.00ns)   --->   "%br_ln133 = br void %arrayidx8211.exit" [/home/siyenga7/FPGA/attention_int8.cpp:133]   --->   Operation 137 'br' 'br_ln133' <Predicate = (!icmp_ln130 & trunc_ln131_1 == 21)> <Delay = 0.00>
ST_1 : Operation 138 [1/1] (0.00ns)   --->   "%br_ln133 = br void %arrayidx8211.exit" [/home/siyenga7/FPGA/attention_int8.cpp:133]   --->   Operation 138 'br' 'br_ln133' <Predicate = (!icmp_ln130 & trunc_ln131_1 == 20)> <Delay = 0.00>
ST_1 : Operation 139 [1/1] (0.00ns)   --->   "%br_ln133 = br void %arrayidx8211.exit" [/home/siyenga7/FPGA/attention_int8.cpp:133]   --->   Operation 139 'br' 'br_ln133' <Predicate = (!icmp_ln130 & trunc_ln131_1 == 19)> <Delay = 0.00>
ST_1 : Operation 140 [1/1] (0.00ns)   --->   "%br_ln133 = br void %arrayidx8211.exit" [/home/siyenga7/FPGA/attention_int8.cpp:133]   --->   Operation 140 'br' 'br_ln133' <Predicate = (!icmp_ln130 & trunc_ln131_1 == 18)> <Delay = 0.00>
ST_1 : Operation 141 [1/1] (0.00ns)   --->   "%br_ln133 = br void %arrayidx8211.exit" [/home/siyenga7/FPGA/attention_int8.cpp:133]   --->   Operation 141 'br' 'br_ln133' <Predicate = (!icmp_ln130 & trunc_ln131_1 == 17)> <Delay = 0.00>
ST_1 : Operation 142 [1/1] (0.00ns)   --->   "%br_ln133 = br void %arrayidx8211.exit" [/home/siyenga7/FPGA/attention_int8.cpp:133]   --->   Operation 142 'br' 'br_ln133' <Predicate = (!icmp_ln130 & trunc_ln131_1 == 16)> <Delay = 0.00>
ST_1 : Operation 143 [1/1] (0.00ns)   --->   "%br_ln133 = br void %arrayidx8211.exit" [/home/siyenga7/FPGA/attention_int8.cpp:133]   --->   Operation 143 'br' 'br_ln133' <Predicate = (!icmp_ln130 & trunc_ln131_1 == 15)> <Delay = 0.00>
ST_1 : Operation 144 [1/1] (0.00ns)   --->   "%br_ln133 = br void %arrayidx8211.exit" [/home/siyenga7/FPGA/attention_int8.cpp:133]   --->   Operation 144 'br' 'br_ln133' <Predicate = (!icmp_ln130 & trunc_ln131_1 == 14)> <Delay = 0.00>
ST_1 : Operation 145 [1/1] (0.00ns)   --->   "%br_ln133 = br void %arrayidx8211.exit" [/home/siyenga7/FPGA/attention_int8.cpp:133]   --->   Operation 145 'br' 'br_ln133' <Predicate = (!icmp_ln130 & trunc_ln131_1 == 13)> <Delay = 0.00>
ST_1 : Operation 146 [1/1] (0.00ns)   --->   "%br_ln133 = br void %arrayidx8211.exit" [/home/siyenga7/FPGA/attention_int8.cpp:133]   --->   Operation 146 'br' 'br_ln133' <Predicate = (!icmp_ln130 & trunc_ln131_1 == 12)> <Delay = 0.00>
ST_1 : Operation 147 [1/1] (0.00ns)   --->   "%br_ln133 = br void %arrayidx8211.exit" [/home/siyenga7/FPGA/attention_int8.cpp:133]   --->   Operation 147 'br' 'br_ln133' <Predicate = (!icmp_ln130 & trunc_ln131_1 == 11)> <Delay = 0.00>
ST_1 : Operation 148 [1/1] (0.00ns)   --->   "%br_ln133 = br void %arrayidx8211.exit" [/home/siyenga7/FPGA/attention_int8.cpp:133]   --->   Operation 148 'br' 'br_ln133' <Predicate = (!icmp_ln130 & trunc_ln131_1 == 10)> <Delay = 0.00>
ST_1 : Operation 149 [1/1] (0.00ns)   --->   "%br_ln133 = br void %arrayidx8211.exit" [/home/siyenga7/FPGA/attention_int8.cpp:133]   --->   Operation 149 'br' 'br_ln133' <Predicate = (!icmp_ln130 & trunc_ln131_1 == 9)> <Delay = 0.00>
ST_1 : Operation 150 [1/1] (0.00ns)   --->   "%br_ln133 = br void %arrayidx8211.exit" [/home/siyenga7/FPGA/attention_int8.cpp:133]   --->   Operation 150 'br' 'br_ln133' <Predicate = (!icmp_ln130 & trunc_ln131_1 == 8)> <Delay = 0.00>
ST_1 : Operation 151 [1/1] (0.00ns)   --->   "%br_ln133 = br void %arrayidx8211.exit" [/home/siyenga7/FPGA/attention_int8.cpp:133]   --->   Operation 151 'br' 'br_ln133' <Predicate = (!icmp_ln130 & trunc_ln131_1 == 7)> <Delay = 0.00>
ST_1 : Operation 152 [1/1] (0.00ns)   --->   "%br_ln133 = br void %arrayidx8211.exit" [/home/siyenga7/FPGA/attention_int8.cpp:133]   --->   Operation 152 'br' 'br_ln133' <Predicate = (!icmp_ln130 & trunc_ln131_1 == 6)> <Delay = 0.00>
ST_1 : Operation 153 [1/1] (0.00ns)   --->   "%br_ln133 = br void %arrayidx8211.exit" [/home/siyenga7/FPGA/attention_int8.cpp:133]   --->   Operation 153 'br' 'br_ln133' <Predicate = (!icmp_ln130 & trunc_ln131_1 == 5)> <Delay = 0.00>
ST_1 : Operation 154 [1/1] (0.00ns)   --->   "%br_ln133 = br void %arrayidx8211.exit" [/home/siyenga7/FPGA/attention_int8.cpp:133]   --->   Operation 154 'br' 'br_ln133' <Predicate = (!icmp_ln130 & trunc_ln131_1 == 4)> <Delay = 0.00>
ST_1 : Operation 155 [1/1] (0.00ns)   --->   "%br_ln133 = br void %arrayidx8211.exit" [/home/siyenga7/FPGA/attention_int8.cpp:133]   --->   Operation 155 'br' 'br_ln133' <Predicate = (!icmp_ln130 & trunc_ln131_1 == 3)> <Delay = 0.00>
ST_1 : Operation 156 [1/1] (0.00ns)   --->   "%br_ln133 = br void %arrayidx8211.exit" [/home/siyenga7/FPGA/attention_int8.cpp:133]   --->   Operation 156 'br' 'br_ln133' <Predicate = (!icmp_ln130 & trunc_ln131_1 == 2)> <Delay = 0.00>
ST_1 : Operation 157 [1/1] (0.00ns)   --->   "%br_ln133 = br void %arrayidx8211.exit" [/home/siyenga7/FPGA/attention_int8.cpp:133]   --->   Operation 157 'br' 'br_ln133' <Predicate = (!icmp_ln130 & trunc_ln131_1 == 1)> <Delay = 0.00>
ST_1 : Operation 158 [1/1] (0.00ns)   --->   "%br_ln133 = br void %arrayidx8211.exit" [/home/siyenga7/FPGA/attention_int8.cpp:133]   --->   Operation 158 'br' 'br_ln133' <Predicate = (!icmp_ln130 & trunc_ln131_1 == 0)> <Delay = 0.00>
ST_1 : Operation 159 [1/1] (0.00ns)   --->   "%br_ln133 = br void %arrayidx8211.exit" [/home/siyenga7/FPGA/attention_int8.cpp:133]   --->   Operation 159 'br' 'br_ln133' <Predicate = (!icmp_ln130 & trunc_ln131_1 == 127)> <Delay = 0.00>
ST_1 : Operation 160 [1/1] (2.11ns)   --->   "%add_ln131 = add i8 %select_ln130, i8 1" [/home/siyenga7/FPGA/attention_int8.cpp:131]   --->   Operation 160 'add' 'add_ln131' <Predicate = (!icmp_ln130)> <Delay = 2.11> <CoreInst = "Adder">   --->   Core 1 'Adder' <Latency = 0> <II = 1> <Delay = 2.11> <FuncUnit> <Opcode : 'add' 'sub'> <InPorts = 2> <OutPorts = 1>
ST_1 : Operation 161 [1/1] (1.61ns)   --->   "%store_ln130 = store i14 %add_ln130_1, i14 %indvar_flatten6" [/home/siyenga7/FPGA/attention_int8.cpp:130]   --->   Operation 161 'store' 'store_ln130' <Predicate = (!icmp_ln130)> <Delay = 1.61>
ST_1 : Operation 162 [1/1] (1.61ns)   --->   "%store_ln131 = store i8 %add_ln131, i8 %d" [/home/siyenga7/FPGA/attention_int8.cpp:131]   --->   Operation 162 'store' 'store_ln131' <Predicate = (!icmp_ln130)> <Delay = 1.61>

State 2 <SV = 1> <Delay = 7.30>
ST_2 : Operation 163 [1/1] (0.00ns)   --->   "%j_load = load i7 %j" [/home/siyenga7/FPGA/attention_int8.cpp:130]   --->   Operation 163 'load' 'j_load' <Predicate = true> <Delay = 0.00>
ST_2 : Operation 164 [1/1] (2.03ns)   --->   "%add_ln130 = add i7 %j_load, i7 1" [/home/siyenga7/FPGA/attention_int8.cpp:130]   --->   Operation 164 'add' 'add_ln130' <Predicate = (icmp_ln131)> <Delay = 2.03> <CoreInst = "Adder">   --->   Core 1 'Adder' <Latency = 0> <II = 1> <Delay = 2.03> <FuncUnit> <Opcode : 'add' 'sub'> <InPorts = 2> <OutPorts = 1>
ST_2 : Operation 165 [1/1] (0.99ns)   --->   "%select_ln130_1 = select i1 %icmp_ln131, i7 %add_ln130, i7 %j_load" [/home/siyenga7/FPGA/attention_int8.cpp:130]   --->   Operation 165 'select' 'select_ln130_1' <Predicate = true> <Delay = 0.99> <CoreInst = "Sel">   --->   Core 73 'Sel' <Latency = 0> <II = 1> <Delay = 0.99> <FuncUnit> <Opcode : 'select'> <InPorts = 3> <OutPorts = 1>
ST_2 : Operation 166 [1/1] (0.00ns)   --->   "%trunc_ln130 = trunc i7 %select_ln130_1" [/home/siyenga7/FPGA/attention_int8.cpp:130]   --->   Operation 166 'trunc' 'trunc_ln130' <Predicate = true> <Delay = 0.00>
ST_2 : Operation 167 [1/1] (7.30ns)   --->   "%gmem1_addr_read = read i8 @_ssdm_op_Read.m_axi.p1i8, i8 %gmem1_addr" [/home/siyenga7/FPGA/attention_int8.cpp:133]   --->   Operation 167 'read' 'gmem1_addr_read' <Predicate = true> <Delay = 7.30> <CoreInst = "m_axi">   --->   Core 113 'm_axi' <Latency = 0> <II = 1> <Delay = 1.00> <Adapter> <Opcode : 'read' 'write' 'readreq' 'writereq' 'writeresp'>
ST_2 : Operation 168 [1/1] (7.30ns)   --->   "%gmem2_addr_read = read i8 @_ssdm_op_Read.m_axi.p1i8, i8 %gmem2_addr" [/home/siyenga7/FPGA/attention_int8.cpp:134]   --->   Operation 168 'read' 'gmem2_addr_read' <Predicate = true> <Delay = 7.30> <CoreInst = "m_axi">   --->   Core 113 'm_axi' <Latency = 0> <II = 1> <Delay = 1.00> <Adapter> <Opcode : 'read' 'write' 'readreq' 'writereq' 'writeresp'>
ST_2 : Operation 169 [1/1] (1.85ns)   --->   "%switch_ln134 = switch i3 %trunc_ln131, void %arrayidx9113.case.7, i3 0, void %arrayidx9113.case.0, i3 1, void %arrayidx9113.case.1, i3 2, void %arrayidx9113.case.2, i3 3, void %arrayidx9113.case.3, i3 4, void %arrayidx9113.case.4, i3 5, void %arrayidx9113.case.5, i3 6, void %arrayidx9113.case.6" [/home/siyenga7/FPGA/attention_int8.cpp:134]   --->   Operation 169 'switch' 'switch_ln134' <Predicate = true> <Delay = 1.85>
ST_2 : Operation 170 [1/1] (1.89ns)   --->   "%switch_ln134 = switch i6 %trunc_ln130, void %arrayidx9113_6.case.63, i6 0, void %arrayidx9113_6.case.0, i6 1, void %arrayidx9113_6.case.1, i6 2, void %arrayidx9113_6.case.2, i6 3, void %arrayidx9113_6.case.3, i6 4, void %arrayidx9113_6.case.4, i6 5, void %arrayidx9113_6.case.5, i6 6, void %arrayidx9113_6.case.6, i6 7, void %arrayidx9113_6.case.7, i6 8, void %arrayidx9113_6.case.8, i6 9, void %arrayidx9113_6.case.9, i6 10, void %arrayidx9113_6.case.10, i6 11, void %arrayidx9113_6.case.11, i6 12, void %arrayidx9113_6.case.12, i6 13, void %arrayidx9113_6.case.13, i6 14, void %arrayidx9113_6.case.14, i6 15, void %arrayidx9113_6.case.15, i6 16, void %arrayidx9113_6.case.16, i6 17, void %arrayidx9113_6.case.17, i6 18, void %arrayidx9113_6.case.18, i6 19, void %arrayidx9113_6.case.19, i6 20, void %arrayidx9113_6.case.20, i6 21, void %arrayidx9113_6.case.21, i6 22, void %arrayidx9113_6.case.22, i6 23, void %arrayidx9113_6.case.23, i6 24, void %arrayidx9113_6.case.24, i6 25, void %arrayidx9113_6.case.25, i6 26, void %arrayidx9113_6.case.26, i6 27, void %arrayidx9113_6.case.27, i6 28, void %arrayidx9113_6.case.28, i6 29, void %arrayidx9113_6.case.29, i6 30, void %arrayidx9113_6.case.30, i6 31, void %arrayidx9113_6.case.31, i6 32, void %arrayidx9113_6.case.32, i6 33, void %arrayidx9113_6.case.33, i6 34, void %arrayidx9113_6.case.34, i6 35, void %arrayidx9113_6.case.35, i6 36, void %arrayidx9113_6.case.36, i6 37, void %arrayidx9113_6.case.37, i6 38, void %arrayidx9113_6.case.38, i6 39, void %arrayidx9113_6.case.39, i6 40, void %arrayidx9113_6.case.40, i6 41, void %arrayidx9113_6.case.41, i6 42, void %arrayidx9113_6.case.42, i6 43, void %arrayidx9113_6.case.43, i6 44, void %arrayidx9113_6.case.44, i6 45, void %arrayidx9113_6.case.45, i6 46, void %arrayidx9113_6.case.46, i6 47, void %arrayidx9113_6.case.47, i6 48, void %arrayidx9113_6.case.48, i6 49, void %arrayidx9113_6.case.49, i6 50, void %arrayidx9113_6.case.50, i6 51, void %arrayidx9113_6.case.51, i6 52, void %arrayidx9113_6.case.52, i6 53, void %arrayidx9113_6.case.53, i6 54, void %arrayidx9113_6.case.54, i6 55, void %arrayidx9113_6.case.55, i6 56, void %arrayidx9113_6.case.56, i6 57, void %arrayidx9113_6.case.57, i6 58, void %arrayidx9113_6.case.58, i6 59, void %arrayidx9113_6.case.59, i6 60, void %arrayidx9113_6.case.60, i6 61, void %arrayidx9113_6.case.61, i6 62, void %arrayidx9113_6.case.62" [/home/siyenga7/FPGA/attention_int8.cpp:134]   --->   Operation 170 'switch' 'switch_ln134' <Predicate = (trunc_ln131 == 6)> <Delay = 1.89>
ST_2 : Operation 171 [1/1] (0.00ns)   --->   "%br_ln134 = br void %arrayidx9113_6.exit" [/home/siyenga7/FPGA/attention_int8.cpp:134]   --->   Operation 171 'br' 'br_ln134' <Predicate = (trunc_ln131 == 6 & trunc_ln130 == 62)> <Delay = 0.00>
ST_2 : Operation 172 [1/1] (0.00ns)   --->   "%br_ln134 = br void %arrayidx9113_6.exit" [/home/siyenga7/FPGA/attention_int8.cpp:134]   --->   Operation 172 'br' 'br_ln134' <Predicate = (trunc_ln131 == 6 & trunc_ln130 == 61)> <Delay = 0.00>
ST_2 : Operation 173 [1/1] (0.00ns)   --->   "%br_ln134 = br void %arrayidx9113_6.exit" [/home/siyenga7/FPGA/attention_int8.cpp:134]   --->   Operation 173 'br' 'br_ln134' <Predicate = (trunc_ln131 == 6 & trunc_ln130 == 60)> <Delay = 0.00>
ST_2 : Operation 174 [1/1] (0.00ns)   --->   "%br_ln134 = br void %arrayidx9113_6.exit" [/home/siyenga7/FPGA/attention_int8.cpp:134]   --->   Operation 174 'br' 'br_ln134' <Predicate = (trunc_ln131 == 6 & trunc_ln130 == 59)> <Delay = 0.00>
ST_2 : Operation 175 [1/1] (0.00ns)   --->   "%br_ln134 = br void %arrayidx9113_6.exit" [/home/siyenga7/FPGA/attention_int8.cpp:134]   --->   Operation 175 'br' 'br_ln134' <Predicate = (trunc_ln131 == 6 & trunc_ln130 == 58)> <Delay = 0.00>
ST_2 : Operation 176 [1/1] (0.00ns)   --->   "%br_ln134 = br void %arrayidx9113_6.exit" [/home/siyenga7/FPGA/attention_int8.cpp:134]   --->   Operation 176 'br' 'br_ln134' <Predicate = (trunc_ln131 == 6 & trunc_ln130 == 57)> <Delay = 0.00>
ST_2 : Operation 177 [1/1] (0.00ns)   --->   "%br_ln134 = br void %arrayidx9113_6.exit" [/home/siyenga7/FPGA/attention_int8.cpp:134]   --->   Operation 177 'br' 'br_ln134' <Predicate = (trunc_ln131 == 6 & trunc_ln130 == 56)> <Delay = 0.00>
ST_2 : Operation 178 [1/1] (0.00ns)   --->   "%br_ln134 = br void %arrayidx9113_6.exit" [/home/siyenga7/FPGA/attention_int8.cpp:134]   --->   Operation 178 'br' 'br_ln134' <Predicate = (trunc_ln131 == 6 & trunc_ln130 == 55)> <Delay = 0.00>
ST_2 : Operation 179 [1/1] (0.00ns)   --->   "%br_ln134 = br void %arrayidx9113_6.exit" [/home/siyenga7/FPGA/attention_int8.cpp:134]   --->   Operation 179 'br' 'br_ln134' <Predicate = (trunc_ln131 == 6 & trunc_ln130 == 54)> <Delay = 0.00>
ST_2 : Operation 180 [1/1] (0.00ns)   --->   "%br_ln134 = br void %arrayidx9113_6.exit" [/home/siyenga7/FPGA/attention_int8.cpp:134]   --->   Operation 180 'br' 'br_ln134' <Predicate = (trunc_ln131 == 6 & trunc_ln130 == 53)> <Delay = 0.00>
ST_2 : Operation 181 [1/1] (0.00ns)   --->   "%br_ln134 = br void %arrayidx9113_6.exit" [/home/siyenga7/FPGA/attention_int8.cpp:134]   --->   Operation 181 'br' 'br_ln134' <Predicate = (trunc_ln131 == 6 & trunc_ln130 == 52)> <Delay = 0.00>
ST_2 : Operation 182 [1/1] (0.00ns)   --->   "%br_ln134 = br void %arrayidx9113_6.exit" [/home/siyenga7/FPGA/attention_int8.cpp:134]   --->   Operation 182 'br' 'br_ln134' <Predicate = (trunc_ln131 == 6 & trunc_ln130 == 51)> <Delay = 0.00>
ST_2 : Operation 183 [1/1] (0.00ns)   --->   "%br_ln134 = br void %arrayidx9113_6.exit" [/home/siyenga7/FPGA/attention_int8.cpp:134]   --->   Operation 183 'br' 'br_ln134' <Predicate = (trunc_ln131 == 6 & trunc_ln130 == 50)> <Delay = 0.00>
ST_2 : Operation 184 [1/1] (0.00ns)   --->   "%br_ln134 = br void %arrayidx9113_6.exit" [/home/siyenga7/FPGA/attention_int8.cpp:134]   --->   Operation 184 'br' 'br_ln134' <Predicate = (trunc_ln131 == 6 & trunc_ln130 == 49)> <Delay = 0.00>
ST_2 : Operation 185 [1/1] (0.00ns)   --->   "%br_ln134 = br void %arrayidx9113_6.exit" [/home/siyenga7/FPGA/attention_int8.cpp:134]   --->   Operation 185 'br' 'br_ln134' <Predicate = (trunc_ln131 == 6 & trunc_ln130 == 48)> <Delay = 0.00>
ST_2 : Operation 186 [1/1] (0.00ns)   --->   "%br_ln134 = br void %arrayidx9113_6.exit" [/home/siyenga7/FPGA/attention_int8.cpp:134]   --->   Operation 186 'br' 'br_ln134' <Predicate = (trunc_ln131 == 6 & trunc_ln130 == 47)> <Delay = 0.00>
ST_2 : Operation 187 [1/1] (0.00ns)   --->   "%br_ln134 = br void %arrayidx9113_6.exit" [/home/siyenga7/FPGA/attention_int8.cpp:134]   --->   Operation 187 'br' 'br_ln134' <Predicate = (trunc_ln131 == 6 & trunc_ln130 == 46)> <Delay = 0.00>
ST_2 : Operation 188 [1/1] (0.00ns)   --->   "%br_ln134 = br void %arrayidx9113_6.exit" [/home/siyenga7/FPGA/attention_int8.cpp:134]   --->   Operation 188 'br' 'br_ln134' <Predicate = (trunc_ln131 == 6 & trunc_ln130 == 45)> <Delay = 0.00>
ST_2 : Operation 189 [1/1] (0.00ns)   --->   "%br_ln134 = br void %arrayidx9113_6.exit" [/home/siyenga7/FPGA/attention_int8.cpp:134]   --->   Operation 189 'br' 'br_ln134' <Predicate = (trunc_ln131 == 6 & trunc_ln130 == 44)> <Delay = 0.00>
ST_2 : Operation 190 [1/1] (0.00ns)   --->   "%br_ln134 = br void %arrayidx9113_6.exit" [/home/siyenga7/FPGA/attention_int8.cpp:134]   --->   Operation 190 'br' 'br_ln134' <Predicate = (trunc_ln131 == 6 & trunc_ln130 == 43)> <Delay = 0.00>
ST_2 : Operation 191 [1/1] (0.00ns)   --->   "%br_ln134 = br void %arrayidx9113_6.exit" [/home/siyenga7/FPGA/attention_int8.cpp:134]   --->   Operation 191 'br' 'br_ln134' <Predicate = (trunc_ln131 == 6 & trunc_ln130 == 42)> <Delay = 0.00>
ST_2 : Operation 192 [1/1] (0.00ns)   --->   "%br_ln134 = br void %arrayidx9113_6.exit" [/home/siyenga7/FPGA/attention_int8.cpp:134]   --->   Operation 192 'br' 'br_ln134' <Predicate = (trunc_ln131 == 6 & trunc_ln130 == 41)> <Delay = 0.00>
ST_2 : Operation 193 [1/1] (0.00ns)   --->   "%br_ln134 = br void %arrayidx9113_6.exit" [/home/siyenga7/FPGA/attention_int8.cpp:134]   --->   Operation 193 'br' 'br_ln134' <Predicate = (trunc_ln131 == 6 & trunc_ln130 == 40)> <Delay = 0.00>
ST_2 : Operation 194 [1/1] (0.00ns)   --->   "%br_ln134 = br void %arrayidx9113_6.exit" [/home/siyenga7/FPGA/attention_int8.cpp:134]   --->   Operation 194 'br' 'br_ln134' <Predicate = (trunc_ln131 == 6 & trunc_ln130 == 39)> <Delay = 0.00>
ST_2 : Operation 195 [1/1] (0.00ns)   --->   "%br_ln134 = br void %arrayidx9113_6.exit" [/home/siyenga7/FPGA/attention_int8.cpp:134]   --->   Operation 195 'br' 'br_ln134' <Predicate = (trunc_ln131 == 6 & trunc_ln130 == 38)> <Delay = 0.00>
ST_2 : Operation 196 [1/1] (0.00ns)   --->   "%br_ln134 = br void %arrayidx9113_6.exit" [/home/siyenga7/FPGA/attention_int8.cpp:134]   --->   Operation 196 'br' 'br_ln134' <Predicate = (trunc_ln131 == 6 & trunc_ln130 == 37)> <Delay = 0.00>
ST_2 : Operation 197 [1/1] (0.00ns)   --->   "%br_ln134 = br void %arrayidx9113_6.exit" [/home/siyenga7/FPGA/attention_int8.cpp:134]   --->   Operation 197 'br' 'br_ln134' <Predicate = (trunc_ln131 == 6 & trunc_ln130 == 36)> <Delay = 0.00>
ST_2 : Operation 198 [1/1] (0.00ns)   --->   "%br_ln134 = br void %arrayidx9113_6.exit" [/home/siyenga7/FPGA/attention_int8.cpp:134]   --->   Operation 198 'br' 'br_ln134' <Predicate = (trunc_ln131 == 6 & trunc_ln130 == 35)> <Delay = 0.00>
ST_2 : Operation 199 [1/1] (0.00ns)   --->   "%br_ln134 = br void %arrayidx9113_6.exit" [/home/siyenga7/FPGA/attention_int8.cpp:134]   --->   Operation 199 'br' 'br_ln134' <Predicate = (trunc_ln131 == 6 & trunc_ln130 == 34)> <Delay = 0.00>
ST_2 : Operation 200 [1/1] (0.00ns)   --->   "%br_ln134 = br void %arrayidx9113_6.exit" [/home/siyenga7/FPGA/attention_int8.cpp:134]   --->   Operation 200 'br' 'br_ln134' <Predicate = (trunc_ln131 == 6 & trunc_ln130 == 33)> <Delay = 0.00>
ST_2 : Operation 201 [1/1] (0.00ns)   --->   "%br_ln134 = br void %arrayidx9113_6.exit" [/home/siyenga7/FPGA/attention_int8.cpp:134]   --->   Operation 201 'br' 'br_ln134' <Predicate = (trunc_ln131 == 6 & trunc_ln130 == 32)> <Delay = 0.00>
ST_2 : Operation 202 [1/1] (0.00ns)   --->   "%br_ln134 = br void %arrayidx9113_6.exit" [/home/siyenga7/FPGA/attention_int8.cpp:134]   --->   Operation 202 'br' 'br_ln134' <Predicate = (trunc_ln131 == 6 & trunc_ln130 == 31)> <Delay = 0.00>
ST_2 : Operation 203 [1/1] (0.00ns)   --->   "%br_ln134 = br void %arrayidx9113_6.exit" [/home/siyenga7/FPGA/attention_int8.cpp:134]   --->   Operation 203 'br' 'br_ln134' <Predicate = (trunc_ln131 == 6 & trunc_ln130 == 30)> <Delay = 0.00>
ST_2 : Operation 204 [1/1] (0.00ns)   --->   "%br_ln134 = br void %arrayidx9113_6.exit" [/home/siyenga7/FPGA/attention_int8.cpp:134]   --->   Operation 204 'br' 'br_ln134' <Predicate = (trunc_ln131 == 6 & trunc_ln130 == 29)> <Delay = 0.00>
ST_2 : Operation 205 [1/1] (0.00ns)   --->   "%br_ln134 = br void %arrayidx9113_6.exit" [/home/siyenga7/FPGA/attention_int8.cpp:134]   --->   Operation 205 'br' 'br_ln134' <Predicate = (trunc_ln131 == 6 & trunc_ln130 == 28)> <Delay = 0.00>
ST_2 : Operation 206 [1/1] (0.00ns)   --->   "%br_ln134 = br void %arrayidx9113_6.exit" [/home/siyenga7/FPGA/attention_int8.cpp:134]   --->   Operation 206 'br' 'br_ln134' <Predicate = (trunc_ln131 == 6 & trunc_ln130 == 27)> <Delay = 0.00>
ST_2 : Operation 207 [1/1] (0.00ns)   --->   "%br_ln134 = br void %arrayidx9113_6.exit" [/home/siyenga7/FPGA/attention_int8.cpp:134]   --->   Operation 207 'br' 'br_ln134' <Predicate = (trunc_ln131 == 6 & trunc_ln130 == 26)> <Delay = 0.00>
ST_2 : Operation 208 [1/1] (0.00ns)   --->   "%br_ln134 = br void %arrayidx9113_6.exit" [/home/siyenga7/FPGA/attention_int8.cpp:134]   --->   Operation 208 'br' 'br_ln134' <Predicate = (trunc_ln131 == 6 & trunc_ln130 == 25)> <Delay = 0.00>
ST_2 : Operation 209 [1/1] (0.00ns)   --->   "%br_ln134 = br void %arrayidx9113_6.exit" [/home/siyenga7/FPGA/attention_int8.cpp:134]   --->   Operation 209 'br' 'br_ln134' <Predicate = (trunc_ln131 == 6 & trunc_ln130 == 24)> <Delay = 0.00>
ST_2 : Operation 210 [1/1] (0.00ns)   --->   "%br_ln134 = br void %arrayidx9113_6.exit" [/home/siyenga7/FPGA/attention_int8.cpp:134]   --->   Operation 210 'br' 'br_ln134' <Predicate = (trunc_ln131 == 6 & trunc_ln130 == 23)> <Delay = 0.00>
ST_2 : Operation 211 [1/1] (0.00ns)   --->   "%br_ln134 = br void %arrayidx9113_6.exit" [/home/siyenga7/FPGA/attention_int8.cpp:134]   --->   Operation 211 'br' 'br_ln134' <Predicate = (trunc_ln131 == 6 & trunc_ln130 == 22)> <Delay = 0.00>
ST_2 : Operation 212 [1/1] (0.00ns)   --->   "%br_ln134 = br void %arrayidx9113_6.exit" [/home/siyenga7/FPGA/attention_int8.cpp:134]   --->   Operation 212 'br' 'br_ln134' <Predicate = (trunc_ln131 == 6 & trunc_ln130 == 21)> <Delay = 0.00>
ST_2 : Operation 213 [1/1] (0.00ns)   --->   "%br_ln134 = br void %arrayidx9113_6.exit" [/home/siyenga7/FPGA/attention_int8.cpp:134]   --->   Operation 213 'br' 'br_ln134' <Predicate = (trunc_ln131 == 6 & trunc_ln130 == 20)> <Delay = 0.00>
ST_2 : Operation 214 [1/1] (0.00ns)   --->   "%br_ln134 = br void %arrayidx9113_6.exit" [/home/siyenga7/FPGA/attention_int8.cpp:134]   --->   Operation 214 'br' 'br_ln134' <Predicate = (trunc_ln131 == 6 & trunc_ln130 == 19)> <Delay = 0.00>
ST_2 : Operation 215 [1/1] (0.00ns)   --->   "%br_ln134 = br void %arrayidx9113_6.exit" [/home/siyenga7/FPGA/attention_int8.cpp:134]   --->   Operation 215 'br' 'br_ln134' <Predicate = (trunc_ln131 == 6 & trunc_ln130 == 18)> <Delay = 0.00>
ST_2 : Operation 216 [1/1] (0.00ns)   --->   "%br_ln134 = br void %arrayidx9113_6.exit" [/home/siyenga7/FPGA/attention_int8.cpp:134]   --->   Operation 216 'br' 'br_ln134' <Predicate = (trunc_ln131 == 6 & trunc_ln130 == 17)> <Delay = 0.00>
ST_2 : Operation 217 [1/1] (0.00ns)   --->   "%br_ln134 = br void %arrayidx9113_6.exit" [/home/siyenga7/FPGA/attention_int8.cpp:134]   --->   Operation 217 'br' 'br_ln134' <Predicate = (trunc_ln131 == 6 & trunc_ln130 == 16)> <Delay = 0.00>
ST_2 : Operation 218 [1/1] (0.00ns)   --->   "%br_ln134 = br void %arrayidx9113_6.exit" [/home/siyenga7/FPGA/attention_int8.cpp:134]   --->   Operation 218 'br' 'br_ln134' <Predicate = (trunc_ln131 == 6 & trunc_ln130 == 15)> <Delay = 0.00>
ST_2 : Operation 219 [1/1] (0.00ns)   --->   "%br_ln134 = br void %arrayidx9113_6.exit" [/home/siyenga7/FPGA/attention_int8.cpp:134]   --->   Operation 219 'br' 'br_ln134' <Predicate = (trunc_ln131 == 6 & trunc_ln130 == 14)> <Delay = 0.00>
ST_2 : Operation 220 [1/1] (0.00ns)   --->   "%br_ln134 = br void %arrayidx9113_6.exit" [/home/siyenga7/FPGA/attention_int8.cpp:134]   --->   Operation 220 'br' 'br_ln134' <Predicate = (trunc_ln131 == 6 & trunc_ln130 == 13)> <Delay = 0.00>
ST_2 : Operation 221 [1/1] (0.00ns)   --->   "%br_ln134 = br void %arrayidx9113_6.exit" [/home/siyenga7/FPGA/attention_int8.cpp:134]   --->   Operation 221 'br' 'br_ln134' <Predicate = (trunc_ln131 == 6 & trunc_ln130 == 12)> <Delay = 0.00>
ST_2 : Operation 222 [1/1] (0.00ns)   --->   "%br_ln134 = br void %arrayidx9113_6.exit" [/home/siyenga7/FPGA/attention_int8.cpp:134]   --->   Operation 222 'br' 'br_ln134' <Predicate = (trunc_ln131 == 6 & trunc_ln130 == 11)> <Delay = 0.00>
ST_2 : Operation 223 [1/1] (0.00ns)   --->   "%br_ln134 = br void %arrayidx9113_6.exit" [/home/siyenga7/FPGA/attention_int8.cpp:134]   --->   Operation 223 'br' 'br_ln134' <Predicate = (trunc_ln131 == 6 & trunc_ln130 == 10)> <Delay = 0.00>
ST_2 : Operation 224 [1/1] (0.00ns)   --->   "%br_ln134 = br void %arrayidx9113_6.exit" [/home/siyenga7/FPGA/attention_int8.cpp:134]   --->   Operation 224 'br' 'br_ln134' <Predicate = (trunc_ln131 == 6 & trunc_ln130 == 9)> <Delay = 0.00>
ST_2 : Operation 225 [1/1] (0.00ns)   --->   "%br_ln134 = br void %arrayidx9113_6.exit" [/home/siyenga7/FPGA/attention_int8.cpp:134]   --->   Operation 225 'br' 'br_ln134' <Predicate = (trunc_ln131 == 6 & trunc_ln130 == 8)> <Delay = 0.00>
ST_2 : Operation 226 [1/1] (0.00ns)   --->   "%br_ln134 = br void %arrayidx9113_6.exit" [/home/siyenga7/FPGA/attention_int8.cpp:134]   --->   Operation 226 'br' 'br_ln134' <Predicate = (trunc_ln131 == 6 & trunc_ln130 == 7)> <Delay = 0.00>
ST_2 : Operation 227 [1/1] (0.00ns)   --->   "%br_ln134 = br void %arrayidx9113_6.exit" [/home/siyenga7/FPGA/attention_int8.cpp:134]   --->   Operation 227 'br' 'br_ln134' <Predicate = (trunc_ln131 == 6 & trunc_ln130 == 6)> <Delay = 0.00>
ST_2 : Operation 228 [1/1] (0.00ns)   --->   "%br_ln134 = br void %arrayidx9113_6.exit" [/home/siyenga7/FPGA/attention_int8.cpp:134]   --->   Operation 228 'br' 'br_ln134' <Predicate = (trunc_ln131 == 6 & trunc_ln130 == 5)> <Delay = 0.00>
ST_2 : Operation 229 [1/1] (0.00ns)   --->   "%br_ln134 = br void %arrayidx9113_6.exit" [/home/siyenga7/FPGA/attention_int8.cpp:134]   --->   Operation 229 'br' 'br_ln134' <Predicate = (trunc_ln131 == 6 & trunc_ln130 == 4)> <Delay = 0.00>
ST_2 : Operation 230 [1/1] (0.00ns)   --->   "%br_ln134 = br void %arrayidx9113_6.exit" [/home/siyenga7/FPGA/attention_int8.cpp:134]   --->   Operation 230 'br' 'br_ln134' <Predicate = (trunc_ln131 == 6 & trunc_ln130 == 3)> <Delay = 0.00>
ST_2 : Operation 231 [1/1] (0.00ns)   --->   "%br_ln134 = br void %arrayidx9113_6.exit" [/home/siyenga7/FPGA/attention_int8.cpp:134]   --->   Operation 231 'br' 'br_ln134' <Predicate = (trunc_ln131 == 6 & trunc_ln130 == 2)> <Delay = 0.00>
ST_2 : Operation 232 [1/1] (0.00ns)   --->   "%br_ln134 = br void %arrayidx9113_6.exit" [/home/siyenga7/FPGA/attention_int8.cpp:134]   --->   Operation 232 'br' 'br_ln134' <Predicate = (trunc_ln131 == 6 & trunc_ln130 == 1)> <Delay = 0.00>
ST_2 : Operation 233 [1/1] (0.00ns)   --->   "%br_ln134 = br void %arrayidx9113_6.exit" [/home/siyenga7/FPGA/attention_int8.cpp:134]   --->   Operation 233 'br' 'br_ln134' <Predicate = (trunc_ln131 == 6 & trunc_ln130 == 0)> <Delay = 0.00>
ST_2 : Operation 234 [1/1] (0.00ns)   --->   "%br_ln134 = br void %arrayidx9113_6.exit" [/home/siyenga7/FPGA/attention_int8.cpp:134]   --->   Operation 234 'br' 'br_ln134' <Predicate = (trunc_ln131 == 6 & trunc_ln130 == 63)> <Delay = 0.00>
ST_2 : Operation 235 [1/1] (1.89ns)   --->   "%switch_ln134 = switch i6 %trunc_ln130, void %arrayidx9113_5.case.63, i6 0, void %arrayidx9113_5.case.0, i6 1, void %arrayidx9113_5.case.1, i6 2, void %arrayidx9113_5.case.2, i6 3, void %arrayidx9113_5.case.3, i6 4, void %arrayidx9113_5.case.4, i6 5, void %arrayidx9113_5.case.5, i6 6, void %arrayidx9113_5.case.6, i6 7, void %arrayidx9113_5.case.7, i6 8, void %arrayidx9113_5.case.8, i6 9, void %arrayidx9113_5.case.9, i6 10, void %arrayidx9113_5.case.10, i6 11, void %arrayidx9113_5.case.11, i6 12, void %arrayidx9113_5.case.12, i6 13, void %arrayidx9113_5.case.13, i6 14, void %arrayidx9113_5.case.14, i6 15, void %arrayidx9113_5.case.15, i6 16, void %arrayidx9113_5.case.16, i6 17, void %arrayidx9113_5.case.17, i6 18, void %arrayidx9113_5.case.18, i6 19, void %arrayidx9113_5.case.19, i6 20, void %arrayidx9113_5.case.20, i6 21, void %arrayidx9113_5.case.21, i6 22, void %arrayidx9113_5.case.22, i6 23, void %arrayidx9113_5.case.23, i6 24, void %arrayidx9113_5.case.24, i6 25, void %arrayidx9113_5.case.25, i6 26, void %arrayidx9113_5.case.26, i6 27, void %arrayidx9113_5.case.27, i6 28, void %arrayidx9113_5.case.28, i6 29, void %arrayidx9113_5.case.29, i6 30, void %arrayidx9113_5.case.30, i6 31, void %arrayidx9113_5.case.31, i6 32, void %arrayidx9113_5.case.32, i6 33, void %arrayidx9113_5.case.33, i6 34, void %arrayidx9113_5.case.34, i6 35, void %arrayidx9113_5.case.35, i6 36, void %arrayidx9113_5.case.36, i6 37, void %arrayidx9113_5.case.37, i6 38, void %arrayidx9113_5.case.38, i6 39, void %arrayidx9113_5.case.39, i6 40, void %arrayidx9113_5.case.40, i6 41, void %arrayidx9113_5.case.41, i6 42, void %arrayidx9113_5.case.42, i6 43, void %arrayidx9113_5.case.43, i6 44, void %arrayidx9113_5.case.44, i6 45, void %arrayidx9113_5.case.45, i6 46, void %arrayidx9113_5.case.46, i6 47, void %arrayidx9113_5.case.47, i6 48, void %arrayidx9113_5.case.48, i6 49, void %arrayidx9113_5.case.49, i6 50, void %arrayidx9113_5.case.50, i6 51, void %arrayidx9113_5.case.51, i6 52, void %arrayidx9113_5.case.52, i6 53, void %arrayidx9113_5.case.53, i6 54, void %arrayidx9113_5.case.54, i6 55, void %arrayidx9113_5.case.55, i6 56, void %arrayidx9113_5.case.56, i6 57, void %arrayidx9113_5.case.57, i6 58, void %arrayidx9113_5.case.58, i6 59, void %arrayidx9113_5.case.59, i6 60, void %arrayidx9113_5.case.60, i6 61, void %arrayidx9113_5.case.61, i6 62, void %arrayidx9113_5.case.62" [/home/siyenga7/FPGA/attention_int8.cpp:134]   --->   Operation 235 'switch' 'switch_ln134' <Predicate = (trunc_ln131 == 5)> <Delay = 1.89>
ST_2 : Operation 236 [1/1] (0.00ns)   --->   "%br_ln134 = br void %arrayidx9113_5.exit" [/home/siyenga7/FPGA/attention_int8.cpp:134]   --->   Operation 236 'br' 'br_ln134' <Predicate = (trunc_ln131 == 5 & trunc_ln130 == 62)> <Delay = 0.00>
ST_2 : Operation 237 [1/1] (0.00ns)   --->   "%br_ln134 = br void %arrayidx9113_5.exit" [/home/siyenga7/FPGA/attention_int8.cpp:134]   --->   Operation 237 'br' 'br_ln134' <Predicate = (trunc_ln131 == 5 & trunc_ln130 == 61)> <Delay = 0.00>
ST_2 : Operation 238 [1/1] (0.00ns)   --->   "%br_ln134 = br void %arrayidx9113_5.exit" [/home/siyenga7/FPGA/attention_int8.cpp:134]   --->   Operation 238 'br' 'br_ln134' <Predicate = (trunc_ln131 == 5 & trunc_ln130 == 60)> <Delay = 0.00>
ST_2 : Operation 239 [1/1] (0.00ns)   --->   "%br_ln134 = br void %arrayidx9113_5.exit" [/home/siyenga7/FPGA/attention_int8.cpp:134]   --->   Operation 239 'br' 'br_ln134' <Predicate = (trunc_ln131 == 5 & trunc_ln130 == 59)> <Delay = 0.00>
ST_2 : Operation 240 [1/1] (0.00ns)   --->   "%br_ln134 = br void %arrayidx9113_5.exit" [/home/siyenga7/FPGA/attention_int8.cpp:134]   --->   Operation 240 'br' 'br_ln134' <Predicate = (trunc_ln131 == 5 & trunc_ln130 == 58)> <Delay = 0.00>
ST_2 : Operation 241 [1/1] (0.00ns)   --->   "%br_ln134 = br void %arrayidx9113_5.exit" [/home/siyenga7/FPGA/attention_int8.cpp:134]   --->   Operation 241 'br' 'br_ln134' <Predicate = (trunc_ln131 == 5 & trunc_ln130 == 57)> <Delay = 0.00>
ST_2 : Operation 242 [1/1] (0.00ns)   --->   "%br_ln134 = br void %arrayidx9113_5.exit" [/home/siyenga7/FPGA/attention_int8.cpp:134]   --->   Operation 242 'br' 'br_ln134' <Predicate = (trunc_ln131 == 5 & trunc_ln130 == 56)> <Delay = 0.00>
ST_2 : Operation 243 [1/1] (0.00ns)   --->   "%br_ln134 = br void %arrayidx9113_5.exit" [/home/siyenga7/FPGA/attention_int8.cpp:134]   --->   Operation 243 'br' 'br_ln134' <Predicate = (trunc_ln131 == 5 & trunc_ln130 == 55)> <Delay = 0.00>
ST_2 : Operation 244 [1/1] (0.00ns)   --->   "%br_ln134 = br void %arrayidx9113_5.exit" [/home/siyenga7/FPGA/attention_int8.cpp:134]   --->   Operation 244 'br' 'br_ln134' <Predicate = (trunc_ln131 == 5 & trunc_ln130 == 54)> <Delay = 0.00>
ST_2 : Operation 245 [1/1] (0.00ns)   --->   "%br_ln134 = br void %arrayidx9113_5.exit" [/home/siyenga7/FPGA/attention_int8.cpp:134]   --->   Operation 245 'br' 'br_ln134' <Predicate = (trunc_ln131 == 5 & trunc_ln130 == 53)> <Delay = 0.00>
ST_2 : Operation 246 [1/1] (0.00ns)   --->   "%br_ln134 = br void %arrayidx9113_5.exit" [/home/siyenga7/FPGA/attention_int8.cpp:134]   --->   Operation 246 'br' 'br_ln134' <Predicate = (trunc_ln131 == 5 & trunc_ln130 == 52)> <Delay = 0.00>
ST_2 : Operation 247 [1/1] (0.00ns)   --->   "%br_ln134 = br void %arrayidx9113_5.exit" [/home/siyenga7/FPGA/attention_int8.cpp:134]   --->   Operation 247 'br' 'br_ln134' <Predicate = (trunc_ln131 == 5 & trunc_ln130 == 51)> <Delay = 0.00>
ST_2 : Operation 248 [1/1] (0.00ns)   --->   "%br_ln134 = br void %arrayidx9113_5.exit" [/home/siyenga7/FPGA/attention_int8.cpp:134]   --->   Operation 248 'br' 'br_ln134' <Predicate = (trunc_ln131 == 5 & trunc_ln130 == 50)> <Delay = 0.00>
ST_2 : Operation 249 [1/1] (0.00ns)   --->   "%br_ln134 = br void %arrayidx9113_5.exit" [/home/siyenga7/FPGA/attention_int8.cpp:134]   --->   Operation 249 'br' 'br_ln134' <Predicate = (trunc_ln131 == 5 & trunc_ln130 == 49)> <Delay = 0.00>
ST_2 : Operation 250 [1/1] (0.00ns)   --->   "%br_ln134 = br void %arrayidx9113_5.exit" [/home/siyenga7/FPGA/attention_int8.cpp:134]   --->   Operation 250 'br' 'br_ln134' <Predicate = (trunc_ln131 == 5 & trunc_ln130 == 48)> <Delay = 0.00>
ST_2 : Operation 251 [1/1] (0.00ns)   --->   "%br_ln134 = br void %arrayidx9113_5.exit" [/home/siyenga7/FPGA/attention_int8.cpp:134]   --->   Operation 251 'br' 'br_ln134' <Predicate = (trunc_ln131 == 5 & trunc_ln130 == 47)> <Delay = 0.00>
ST_2 : Operation 252 [1/1] (0.00ns)   --->   "%br_ln134 = br void %arrayidx9113_5.exit" [/home/siyenga7/FPGA/attention_int8.cpp:134]   --->   Operation 252 'br' 'br_ln134' <Predicate = (trunc_ln131 == 5 & trunc_ln130 == 46)> <Delay = 0.00>
ST_2 : Operation 253 [1/1] (0.00ns)   --->   "%br_ln134 = br void %arrayidx9113_5.exit" [/home/siyenga7/FPGA/attention_int8.cpp:134]   --->   Operation 253 'br' 'br_ln134' <Predicate = (trunc_ln131 == 5 & trunc_ln130 == 45)> <Delay = 0.00>
ST_2 : Operation 254 [1/1] (0.00ns)   --->   "%br_ln134 = br void %arrayidx9113_5.exit" [/home/siyenga7/FPGA/attention_int8.cpp:134]   --->   Operation 254 'br' 'br_ln134' <Predicate = (trunc_ln131 == 5 & trunc_ln130 == 44)> <Delay = 0.00>
ST_2 : Operation 255 [1/1] (0.00ns)   --->   "%br_ln134 = br void %arrayidx9113_5.exit" [/home/siyenga7/FPGA/attention_int8.cpp:134]   --->   Operation 255 'br' 'br_ln134' <Predicate = (trunc_ln131 == 5 & trunc_ln130 == 43)> <Delay = 0.00>
ST_2 : Operation 256 [1/1] (0.00ns)   --->   "%br_ln134 = br void %arrayidx9113_5.exit" [/home/siyenga7/FPGA/attention_int8.cpp:134]   --->   Operation 256 'br' 'br_ln134' <Predicate = (trunc_ln131 == 5 & trunc_ln130 == 42)> <Delay = 0.00>
ST_2 : Operation 257 [1/1] (0.00ns)   --->   "%br_ln134 = br void %arrayidx9113_5.exit" [/home/siyenga7/FPGA/attention_int8.cpp:134]   --->   Operation 257 'br' 'br_ln134' <Predicate = (trunc_ln131 == 5 & trunc_ln130 == 41)> <Delay = 0.00>
ST_2 : Operation 258 [1/1] (0.00ns)   --->   "%br_ln134 = br void %arrayidx9113_5.exit" [/home/siyenga7/FPGA/attention_int8.cpp:134]   --->   Operation 258 'br' 'br_ln134' <Predicate = (trunc_ln131 == 5 & trunc_ln130 == 40)> <Delay = 0.00>
ST_2 : Operation 259 [1/1] (0.00ns)   --->   "%br_ln134 = br void %arrayidx9113_5.exit" [/home/siyenga7/FPGA/attention_int8.cpp:134]   --->   Operation 259 'br' 'br_ln134' <Predicate = (trunc_ln131 == 5 & trunc_ln130 == 39)> <Delay = 0.00>
ST_2 : Operation 260 [1/1] (0.00ns)   --->   "%br_ln134 = br void %arrayidx9113_5.exit" [/home/siyenga7/FPGA/attention_int8.cpp:134]   --->   Operation 260 'br' 'br_ln134' <Predicate = (trunc_ln131 == 5 & trunc_ln130 == 38)> <Delay = 0.00>
ST_2 : Operation 261 [1/1] (0.00ns)   --->   "%br_ln134 = br void %arrayidx9113_5.exit" [/home/siyenga7/FPGA/attention_int8.cpp:134]   --->   Operation 261 'br' 'br_ln134' <Predicate = (trunc_ln131 == 5 & trunc_ln130 == 37)> <Delay = 0.00>
ST_2 : Operation 262 [1/1] (0.00ns)   --->   "%br_ln134 = br void %arrayidx9113_5.exit" [/home/siyenga7/FPGA/attention_int8.cpp:134]   --->   Operation 262 'br' 'br_ln134' <Predicate = (trunc_ln131 == 5 & trunc_ln130 == 36)> <Delay = 0.00>
ST_2 : Operation 263 [1/1] (0.00ns)   --->   "%br_ln134 = br void %arrayidx9113_5.exit" [/home/siyenga7/FPGA/attention_int8.cpp:134]   --->   Operation 263 'br' 'br_ln134' <Predicate = (trunc_ln131 == 5 & trunc_ln130 == 35)> <Delay = 0.00>
ST_2 : Operation 264 [1/1] (0.00ns)   --->   "%br_ln134 = br void %arrayidx9113_5.exit" [/home/siyenga7/FPGA/attention_int8.cpp:134]   --->   Operation 264 'br' 'br_ln134' <Predicate = (trunc_ln131 == 5 & trunc_ln130 == 34)> <Delay = 0.00>
ST_2 : Operation 265 [1/1] (0.00ns)   --->   "%br_ln134 = br void %arrayidx9113_5.exit" [/home/siyenga7/FPGA/attention_int8.cpp:134]   --->   Operation 265 'br' 'br_ln134' <Predicate = (trunc_ln131 == 5 & trunc_ln130 == 33)> <Delay = 0.00>
ST_2 : Operation 266 [1/1] (0.00ns)   --->   "%br_ln134 = br void %arrayidx9113_5.exit" [/home/siyenga7/FPGA/attention_int8.cpp:134]   --->   Operation 266 'br' 'br_ln134' <Predicate = (trunc_ln131 == 5 & trunc_ln130 == 32)> <Delay = 0.00>
ST_2 : Operation 267 [1/1] (0.00ns)   --->   "%br_ln134 = br void %arrayidx9113_5.exit" [/home/siyenga7/FPGA/attention_int8.cpp:134]   --->   Operation 267 'br' 'br_ln134' <Predicate = (trunc_ln131 == 5 & trunc_ln130 == 31)> <Delay = 0.00>
ST_2 : Operation 268 [1/1] (0.00ns)   --->   "%br_ln134 = br void %arrayidx9113_5.exit" [/home/siyenga7/FPGA/attention_int8.cpp:134]   --->   Operation 268 'br' 'br_ln134' <Predicate = (trunc_ln131 == 5 & trunc_ln130 == 30)> <Delay = 0.00>
ST_2 : Operation 269 [1/1] (0.00ns)   --->   "%br_ln134 = br void %arrayidx9113_5.exit" [/home/siyenga7/FPGA/attention_int8.cpp:134]   --->   Operation 269 'br' 'br_ln134' <Predicate = (trunc_ln131 == 5 & trunc_ln130 == 29)> <Delay = 0.00>
ST_2 : Operation 270 [1/1] (0.00ns)   --->   "%br_ln134 = br void %arrayidx9113_5.exit" [/home/siyenga7/FPGA/attention_int8.cpp:134]   --->   Operation 270 'br' 'br_ln134' <Predicate = (trunc_ln131 == 5 & trunc_ln130 == 28)> <Delay = 0.00>
ST_2 : Operation 271 [1/1] (0.00ns)   --->   "%br_ln134 = br void %arrayidx9113_5.exit" [/home/siyenga7/FPGA/attention_int8.cpp:134]   --->   Operation 271 'br' 'br_ln134' <Predicate = (trunc_ln131 == 5 & trunc_ln130 == 27)> <Delay = 0.00>
ST_2 : Operation 272 [1/1] (0.00ns)   --->   "%br_ln134 = br void %arrayidx9113_5.exit" [/home/siyenga7/FPGA/attention_int8.cpp:134]   --->   Operation 272 'br' 'br_ln134' <Predicate = (trunc_ln131 == 5 & trunc_ln130 == 26)> <Delay = 0.00>
ST_2 : Operation 273 [1/1] (0.00ns)   --->   "%br_ln134 = br void %arrayidx9113_5.exit" [/home/siyenga7/FPGA/attention_int8.cpp:134]   --->   Operation 273 'br' 'br_ln134' <Predicate = (trunc_ln131 == 5 & trunc_ln130 == 25)> <Delay = 0.00>
ST_2 : Operation 274 [1/1] (0.00ns)   --->   "%br_ln134 = br void %arrayidx9113_5.exit" [/home/siyenga7/FPGA/attention_int8.cpp:134]   --->   Operation 274 'br' 'br_ln134' <Predicate = (trunc_ln131 == 5 & trunc_ln130 == 24)> <Delay = 0.00>
ST_2 : Operation 275 [1/1] (0.00ns)   --->   "%br_ln134 = br void %arrayidx9113_5.exit" [/home/siyenga7/FPGA/attention_int8.cpp:134]   --->   Operation 275 'br' 'br_ln134' <Predicate = (trunc_ln131 == 5 & trunc_ln130 == 23)> <Delay = 0.00>
ST_2 : Operation 276 [1/1] (0.00ns)   --->   "%br_ln134 = br void %arrayidx9113_5.exit" [/home/siyenga7/FPGA/attention_int8.cpp:134]   --->   Operation 276 'br' 'br_ln134' <Predicate = (trunc_ln131 == 5 & trunc_ln130 == 22)> <Delay = 0.00>
ST_2 : Operation 277 [1/1] (0.00ns)   --->   "%br_ln134 = br void %arrayidx9113_5.exit" [/home/siyenga7/FPGA/attention_int8.cpp:134]   --->   Operation 277 'br' 'br_ln134' <Predicate = (trunc_ln131 == 5 & trunc_ln130 == 21)> <Delay = 0.00>
ST_2 : Operation 278 [1/1] (0.00ns)   --->   "%br_ln134 = br void %arrayidx9113_5.exit" [/home/siyenga7/FPGA/attention_int8.cpp:134]   --->   Operation 278 'br' 'br_ln134' <Predicate = (trunc_ln131 == 5 & trunc_ln130 == 20)> <Delay = 0.00>
ST_2 : Operation 279 [1/1] (0.00ns)   --->   "%br_ln134 = br void %arrayidx9113_5.exit" [/home/siyenga7/FPGA/attention_int8.cpp:134]   --->   Operation 279 'br' 'br_ln134' <Predicate = (trunc_ln131 == 5 & trunc_ln130 == 19)> <Delay = 0.00>
ST_2 : Operation 280 [1/1] (0.00ns)   --->   "%br_ln134 = br void %arrayidx9113_5.exit" [/home/siyenga7/FPGA/attention_int8.cpp:134]   --->   Operation 280 'br' 'br_ln134' <Predicate = (trunc_ln131 == 5 & trunc_ln130 == 18)> <Delay = 0.00>
ST_2 : Operation 281 [1/1] (0.00ns)   --->   "%br_ln134 = br void %arrayidx9113_5.exit" [/home/siyenga7/FPGA/attention_int8.cpp:134]   --->   Operation 281 'br' 'br_ln134' <Predicate = (trunc_ln131 == 5 & trunc_ln130 == 17)> <Delay = 0.00>
ST_2 : Operation 282 [1/1] (0.00ns)   --->   "%br_ln134 = br void %arrayidx9113_5.exit" [/home/siyenga7/FPGA/attention_int8.cpp:134]   --->   Operation 282 'br' 'br_ln134' <Predicate = (trunc_ln131 == 5 & trunc_ln130 == 16)> <Delay = 0.00>
ST_2 : Operation 283 [1/1] (0.00ns)   --->   "%br_ln134 = br void %arrayidx9113_5.exit" [/home/siyenga7/FPGA/attention_int8.cpp:134]   --->   Operation 283 'br' 'br_ln134' <Predicate = (trunc_ln131 == 5 & trunc_ln130 == 15)> <Delay = 0.00>
ST_2 : Operation 284 [1/1] (0.00ns)   --->   "%br_ln134 = br void %arrayidx9113_5.exit" [/home/siyenga7/FPGA/attention_int8.cpp:134]   --->   Operation 284 'br' 'br_ln134' <Predicate = (trunc_ln131 == 5 & trunc_ln130 == 14)> <Delay = 0.00>
ST_2 : Operation 285 [1/1] (0.00ns)   --->   "%br_ln134 = br void %arrayidx9113_5.exit" [/home/siyenga7/FPGA/attention_int8.cpp:134]   --->   Operation 285 'br' 'br_ln134' <Predicate = (trunc_ln131 == 5 & trunc_ln130 == 13)> <Delay = 0.00>
ST_2 : Operation 286 [1/1] (0.00ns)   --->   "%br_ln134 = br void %arrayidx9113_5.exit" [/home/siyenga7/FPGA/attention_int8.cpp:134]   --->   Operation 286 'br' 'br_ln134' <Predicate = (trunc_ln131 == 5 & trunc_ln130 == 12)> <Delay = 0.00>
ST_2 : Operation 287 [1/1] (0.00ns)   --->   "%br_ln134 = br void %arrayidx9113_5.exit" [/home/siyenga7/FPGA/attention_int8.cpp:134]   --->   Operation 287 'br' 'br_ln134' <Predicate = (trunc_ln131 == 5 & trunc_ln130 == 11)> <Delay = 0.00>
ST_2 : Operation 288 [1/1] (0.00ns)   --->   "%br_ln134 = br void %arrayidx9113_5.exit" [/home/siyenga7/FPGA/attention_int8.cpp:134]   --->   Operation 288 'br' 'br_ln134' <Predicate = (trunc_ln131 == 5 & trunc_ln130 == 10)> <Delay = 0.00>
ST_2 : Operation 289 [1/1] (0.00ns)   --->   "%br_ln134 = br void %arrayidx9113_5.exit" [/home/siyenga7/FPGA/attention_int8.cpp:134]   --->   Operation 289 'br' 'br_ln134' <Predicate = (trunc_ln131 == 5 & trunc_ln130 == 9)> <Delay = 0.00>
ST_2 : Operation 290 [1/1] (0.00ns)   --->   "%br_ln134 = br void %arrayidx9113_5.exit" [/home/siyenga7/FPGA/attention_int8.cpp:134]   --->   Operation 290 'br' 'br_ln134' <Predicate = (trunc_ln131 == 5 & trunc_ln130 == 8)> <Delay = 0.00>
ST_2 : Operation 291 [1/1] (0.00ns)   --->   "%br_ln134 = br void %arrayidx9113_5.exit" [/home/siyenga7/FPGA/attention_int8.cpp:134]   --->   Operation 291 'br' 'br_ln134' <Predicate = (trunc_ln131 == 5 & trunc_ln130 == 7)> <Delay = 0.00>
ST_2 : Operation 292 [1/1] (0.00ns)   --->   "%br_ln134 = br void %arrayidx9113_5.exit" [/home/siyenga7/FPGA/attention_int8.cpp:134]   --->   Operation 292 'br' 'br_ln134' <Predicate = (trunc_ln131 == 5 & trunc_ln130 == 6)> <Delay = 0.00>
ST_2 : Operation 293 [1/1] (0.00ns)   --->   "%br_ln134 = br void %arrayidx9113_5.exit" [/home/siyenga7/FPGA/attention_int8.cpp:134]   --->   Operation 293 'br' 'br_ln134' <Predicate = (trunc_ln131 == 5 & trunc_ln130 == 5)> <Delay = 0.00>
ST_2 : Operation 294 [1/1] (0.00ns)   --->   "%br_ln134 = br void %arrayidx9113_5.exit" [/home/siyenga7/FPGA/attention_int8.cpp:134]   --->   Operation 294 'br' 'br_ln134' <Predicate = (trunc_ln131 == 5 & trunc_ln130 == 4)> <Delay = 0.00>
ST_2 : Operation 295 [1/1] (0.00ns)   --->   "%br_ln134 = br void %arrayidx9113_5.exit" [/home/siyenga7/FPGA/attention_int8.cpp:134]   --->   Operation 295 'br' 'br_ln134' <Predicate = (trunc_ln131 == 5 & trunc_ln130 == 3)> <Delay = 0.00>
ST_2 : Operation 296 [1/1] (0.00ns)   --->   "%br_ln134 = br void %arrayidx9113_5.exit" [/home/siyenga7/FPGA/attention_int8.cpp:134]   --->   Operation 296 'br' 'br_ln134' <Predicate = (trunc_ln131 == 5 & trunc_ln130 == 2)> <Delay = 0.00>
ST_2 : Operation 297 [1/1] (0.00ns)   --->   "%br_ln134 = br void %arrayidx9113_5.exit" [/home/siyenga7/FPGA/attention_int8.cpp:134]   --->   Operation 297 'br' 'br_ln134' <Predicate = (trunc_ln131 == 5 & trunc_ln130 == 1)> <Delay = 0.00>
ST_2 : Operation 298 [1/1] (0.00ns)   --->   "%br_ln134 = br void %arrayidx9113_5.exit" [/home/siyenga7/FPGA/attention_int8.cpp:134]   --->   Operation 298 'br' 'br_ln134' <Predicate = (trunc_ln131 == 5 & trunc_ln130 == 0)> <Delay = 0.00>
ST_2 : Operation 299 [1/1] (0.00ns)   --->   "%br_ln134 = br void %arrayidx9113_5.exit" [/home/siyenga7/FPGA/attention_int8.cpp:134]   --->   Operation 299 'br' 'br_ln134' <Predicate = (trunc_ln131 == 5 & trunc_ln130 == 63)> <Delay = 0.00>
ST_2 : Operation 300 [1/1] (1.89ns)   --->   "%switch_ln134 = switch i6 %trunc_ln130, void %arrayidx9113_4.case.63, i6 0, void %arrayidx9113_4.case.0, i6 1, void %arrayidx9113_4.case.1, i6 2, void %arrayidx9113_4.case.2, i6 3, void %arrayidx9113_4.case.3, i6 4, void %arrayidx9113_4.case.4, i6 5, void %arrayidx9113_4.case.5, i6 6, void %arrayidx9113_4.case.6, i6 7, void %arrayidx9113_4.case.7, i6 8, void %arrayidx9113_4.case.8, i6 9, void %arrayidx9113_4.case.9, i6 10, void %arrayidx9113_4.case.10, i6 11, void %arrayidx9113_4.case.11, i6 12, void %arrayidx9113_4.case.12, i6 13, void %arrayidx9113_4.case.13, i6 14, void %arrayidx9113_4.case.14, i6 15, void %arrayidx9113_4.case.15, i6 16, void %arrayidx9113_4.case.16, i6 17, void %arrayidx9113_4.case.17, i6 18, void %arrayidx9113_4.case.18, i6 19, void %arrayidx9113_4.case.19, i6 20, void %arrayidx9113_4.case.20, i6 21, void %arrayidx9113_4.case.21, i6 22, void %arrayidx9113_4.case.22, i6 23, void %arrayidx9113_4.case.23, i6 24, void %arrayidx9113_4.case.24, i6 25, void %arrayidx9113_4.case.25, i6 26, void %arrayidx9113_4.case.26, i6 27, void %arrayidx9113_4.case.27, i6 28, void %arrayidx9113_4.case.28, i6 29, void %arrayidx9113_4.case.29, i6 30, void %arrayidx9113_4.case.30, i6 31, void %arrayidx9113_4.case.31, i6 32, void %arrayidx9113_4.case.32, i6 33, void %arrayidx9113_4.case.33, i6 34, void %arrayidx9113_4.case.34, i6 35, void %arrayidx9113_4.case.35, i6 36, void %arrayidx9113_4.case.36, i6 37, void %arrayidx9113_4.case.37, i6 38, void %arrayidx9113_4.case.38, i6 39, void %arrayidx9113_4.case.39, i6 40, void %arrayidx9113_4.case.40, i6 41, void %arrayidx9113_4.case.41, i6 42, void %arrayidx9113_4.case.42, i6 43, void %arrayidx9113_4.case.43, i6 44, void %arrayidx9113_4.case.44, i6 45, void %arrayidx9113_4.case.45, i6 46, void %arrayidx9113_4.case.46, i6 47, void %arrayidx9113_4.case.47, i6 48, void %arrayidx9113_4.case.48, i6 49, void %arrayidx9113_4.case.49, i6 50, void %arrayidx9113_4.case.50, i6 51, void %arrayidx9113_4.case.51, i6 52, void %arrayidx9113_4.case.52, i6 53, void %arrayidx9113_4.case.53, i6 54, void %arrayidx9113_4.case.54, i6 55, void %arrayidx9113_4.case.55, i6 56, void %arrayidx9113_4.case.56, i6 57, void %arrayidx9113_4.case.57, i6 58, void %arrayidx9113_4.case.58, i6 59, void %arrayidx9113_4.case.59, i6 60, void %arrayidx9113_4.case.60, i6 61, void %arrayidx9113_4.case.61, i6 62, void %arrayidx9113_4.case.62" [/home/siyenga7/FPGA/attention_int8.cpp:134]   --->   Operation 300 'switch' 'switch_ln134' <Predicate = (trunc_ln131 == 4)> <Delay = 1.89>
ST_2 : Operation 301 [1/1] (0.00ns)   --->   "%br_ln134 = br void %arrayidx9113_4.exit" [/home/siyenga7/FPGA/attention_int8.cpp:134]   --->   Operation 301 'br' 'br_ln134' <Predicate = (trunc_ln131 == 4 & trunc_ln130 == 62)> <Delay = 0.00>
ST_2 : Operation 302 [1/1] (0.00ns)   --->   "%br_ln134 = br void %arrayidx9113_4.exit" [/home/siyenga7/FPGA/attention_int8.cpp:134]   --->   Operation 302 'br' 'br_ln134' <Predicate = (trunc_ln131 == 4 & trunc_ln130 == 61)> <Delay = 0.00>
ST_2 : Operation 303 [1/1] (0.00ns)   --->   "%br_ln134 = br void %arrayidx9113_4.exit" [/home/siyenga7/FPGA/attention_int8.cpp:134]   --->   Operation 303 'br' 'br_ln134' <Predicate = (trunc_ln131 == 4 & trunc_ln130 == 60)> <Delay = 0.00>
ST_2 : Operation 304 [1/1] (0.00ns)   --->   "%br_ln134 = br void %arrayidx9113_4.exit" [/home/siyenga7/FPGA/attention_int8.cpp:134]   --->   Operation 304 'br' 'br_ln134' <Predicate = (trunc_ln131 == 4 & trunc_ln130 == 59)> <Delay = 0.00>
ST_2 : Operation 305 [1/1] (0.00ns)   --->   "%br_ln134 = br void %arrayidx9113_4.exit" [/home/siyenga7/FPGA/attention_int8.cpp:134]   --->   Operation 305 'br' 'br_ln134' <Predicate = (trunc_ln131 == 4 & trunc_ln130 == 58)> <Delay = 0.00>
ST_2 : Operation 306 [1/1] (0.00ns)   --->   "%br_ln134 = br void %arrayidx9113_4.exit" [/home/siyenga7/FPGA/attention_int8.cpp:134]   --->   Operation 306 'br' 'br_ln134' <Predicate = (trunc_ln131 == 4 & trunc_ln130 == 57)> <Delay = 0.00>
ST_2 : Operation 307 [1/1] (0.00ns)   --->   "%br_ln134 = br void %arrayidx9113_4.exit" [/home/siyenga7/FPGA/attention_int8.cpp:134]   --->   Operation 307 'br' 'br_ln134' <Predicate = (trunc_ln131 == 4 & trunc_ln130 == 56)> <Delay = 0.00>
ST_2 : Operation 308 [1/1] (0.00ns)   --->   "%br_ln134 = br void %arrayidx9113_4.exit" [/home/siyenga7/FPGA/attention_int8.cpp:134]   --->   Operation 308 'br' 'br_ln134' <Predicate = (trunc_ln131 == 4 & trunc_ln130 == 55)> <Delay = 0.00>
ST_2 : Operation 309 [1/1] (0.00ns)   --->   "%br_ln134 = br void %arrayidx9113_4.exit" [/home/siyenga7/FPGA/attention_int8.cpp:134]   --->   Operation 309 'br' 'br_ln134' <Predicate = (trunc_ln131 == 4 & trunc_ln130 == 54)> <Delay = 0.00>
ST_2 : Operation 310 [1/1] (0.00ns)   --->   "%br_ln134 = br void %arrayidx9113_4.exit" [/home/siyenga7/FPGA/attention_int8.cpp:134]   --->   Operation 310 'br' 'br_ln134' <Predicate = (trunc_ln131 == 4 & trunc_ln130 == 53)> <Delay = 0.00>
ST_2 : Operation 311 [1/1] (0.00ns)   --->   "%br_ln134 = br void %arrayidx9113_4.exit" [/home/siyenga7/FPGA/attention_int8.cpp:134]   --->   Operation 311 'br' 'br_ln134' <Predicate = (trunc_ln131 == 4 & trunc_ln130 == 52)> <Delay = 0.00>
ST_2 : Operation 312 [1/1] (0.00ns)   --->   "%br_ln134 = br void %arrayidx9113_4.exit" [/home/siyenga7/FPGA/attention_int8.cpp:134]   --->   Operation 312 'br' 'br_ln134' <Predicate = (trunc_ln131 == 4 & trunc_ln130 == 51)> <Delay = 0.00>
ST_2 : Operation 313 [1/1] (0.00ns)   --->   "%br_ln134 = br void %arrayidx9113_4.exit" [/home/siyenga7/FPGA/attention_int8.cpp:134]   --->   Operation 313 'br' 'br_ln134' <Predicate = (trunc_ln131 == 4 & trunc_ln130 == 50)> <Delay = 0.00>
ST_2 : Operation 314 [1/1] (0.00ns)   --->   "%br_ln134 = br void %arrayidx9113_4.exit" [/home/siyenga7/FPGA/attention_int8.cpp:134]   --->   Operation 314 'br' 'br_ln134' <Predicate = (trunc_ln131 == 4 & trunc_ln130 == 49)> <Delay = 0.00>
ST_2 : Operation 315 [1/1] (0.00ns)   --->   "%br_ln134 = br void %arrayidx9113_4.exit" [/home/siyenga7/FPGA/attention_int8.cpp:134]   --->   Operation 315 'br' 'br_ln134' <Predicate = (trunc_ln131 == 4 & trunc_ln130 == 48)> <Delay = 0.00>
ST_2 : Operation 316 [1/1] (0.00ns)   --->   "%br_ln134 = br void %arrayidx9113_4.exit" [/home/siyenga7/FPGA/attention_int8.cpp:134]   --->   Operation 316 'br' 'br_ln134' <Predicate = (trunc_ln131 == 4 & trunc_ln130 == 47)> <Delay = 0.00>
ST_2 : Operation 317 [1/1] (0.00ns)   --->   "%br_ln134 = br void %arrayidx9113_4.exit" [/home/siyenga7/FPGA/attention_int8.cpp:134]   --->   Operation 317 'br' 'br_ln134' <Predicate = (trunc_ln131 == 4 & trunc_ln130 == 46)> <Delay = 0.00>
ST_2 : Operation 318 [1/1] (0.00ns)   --->   "%br_ln134 = br void %arrayidx9113_4.exit" [/home/siyenga7/FPGA/attention_int8.cpp:134]   --->   Operation 318 'br' 'br_ln134' <Predicate = (trunc_ln131 == 4 & trunc_ln130 == 45)> <Delay = 0.00>
ST_2 : Operation 319 [1/1] (0.00ns)   --->   "%br_ln134 = br void %arrayidx9113_4.exit" [/home/siyenga7/FPGA/attention_int8.cpp:134]   --->   Operation 319 'br' 'br_ln134' <Predicate = (trunc_ln131 == 4 & trunc_ln130 == 44)> <Delay = 0.00>
ST_2 : Operation 320 [1/1] (0.00ns)   --->   "%br_ln134 = br void %arrayidx9113_4.exit" [/home/siyenga7/FPGA/attention_int8.cpp:134]   --->   Operation 320 'br' 'br_ln134' <Predicate = (trunc_ln131 == 4 & trunc_ln130 == 43)> <Delay = 0.00>
ST_2 : Operation 321 [1/1] (0.00ns)   --->   "%br_ln134 = br void %arrayidx9113_4.exit" [/home/siyenga7/FPGA/attention_int8.cpp:134]   --->   Operation 321 'br' 'br_ln134' <Predicate = (trunc_ln131 == 4 & trunc_ln130 == 42)> <Delay = 0.00>
ST_2 : Operation 322 [1/1] (0.00ns)   --->   "%br_ln134 = br void %arrayidx9113_4.exit" [/home/siyenga7/FPGA/attention_int8.cpp:134]   --->   Operation 322 'br' 'br_ln134' <Predicate = (trunc_ln131 == 4 & trunc_ln130 == 41)> <Delay = 0.00>
ST_2 : Operation 323 [1/1] (0.00ns)   --->   "%br_ln134 = br void %arrayidx9113_4.exit" [/home/siyenga7/FPGA/attention_int8.cpp:134]   --->   Operation 323 'br' 'br_ln134' <Predicate = (trunc_ln131 == 4 & trunc_ln130 == 40)> <Delay = 0.00>
ST_2 : Operation 324 [1/1] (0.00ns)   --->   "%br_ln134 = br void %arrayidx9113_4.exit" [/home/siyenga7/FPGA/attention_int8.cpp:134]   --->   Operation 324 'br' 'br_ln134' <Predicate = (trunc_ln131 == 4 & trunc_ln130 == 39)> <Delay = 0.00>
ST_2 : Operation 325 [1/1] (0.00ns)   --->   "%br_ln134 = br void %arrayidx9113_4.exit" [/home/siyenga7/FPGA/attention_int8.cpp:134]   --->   Operation 325 'br' 'br_ln134' <Predicate = (trunc_ln131 == 4 & trunc_ln130 == 38)> <Delay = 0.00>
ST_2 : Operation 326 [1/1] (0.00ns)   --->   "%br_ln134 = br void %arrayidx9113_4.exit" [/home/siyenga7/FPGA/attention_int8.cpp:134]   --->   Operation 326 'br' 'br_ln134' <Predicate = (trunc_ln131 == 4 & trunc_ln130 == 37)> <Delay = 0.00>
ST_2 : Operation 327 [1/1] (0.00ns)   --->   "%br_ln134 = br void %arrayidx9113_4.exit" [/home/siyenga7/FPGA/attention_int8.cpp:134]   --->   Operation 327 'br' 'br_ln134' <Predicate = (trunc_ln131 == 4 & trunc_ln130 == 36)> <Delay = 0.00>
ST_2 : Operation 328 [1/1] (0.00ns)   --->   "%br_ln134 = br void %arrayidx9113_4.exit" [/home/siyenga7/FPGA/attention_int8.cpp:134]   --->   Operation 328 'br' 'br_ln134' <Predicate = (trunc_ln131 == 4 & trunc_ln130 == 35)> <Delay = 0.00>
ST_2 : Operation 329 [1/1] (0.00ns)   --->   "%br_ln134 = br void %arrayidx9113_4.exit" [/home/siyenga7/FPGA/attention_int8.cpp:134]   --->   Operation 329 'br' 'br_ln134' <Predicate = (trunc_ln131 == 4 & trunc_ln130 == 34)> <Delay = 0.00>
ST_2 : Operation 330 [1/1] (0.00ns)   --->   "%br_ln134 = br void %arrayidx9113_4.exit" [/home/siyenga7/FPGA/attention_int8.cpp:134]   --->   Operation 330 'br' 'br_ln134' <Predicate = (trunc_ln131 == 4 & trunc_ln130 == 33)> <Delay = 0.00>
ST_2 : Operation 331 [1/1] (0.00ns)   --->   "%br_ln134 = br void %arrayidx9113_4.exit" [/home/siyenga7/FPGA/attention_int8.cpp:134]   --->   Operation 331 'br' 'br_ln134' <Predicate = (trunc_ln131 == 4 & trunc_ln130 == 32)> <Delay = 0.00>
ST_2 : Operation 332 [1/1] (0.00ns)   --->   "%br_ln134 = br void %arrayidx9113_4.exit" [/home/siyenga7/FPGA/attention_int8.cpp:134]   --->   Operation 332 'br' 'br_ln134' <Predicate = (trunc_ln131 == 4 & trunc_ln130 == 31)> <Delay = 0.00>
ST_2 : Operation 333 [1/1] (0.00ns)   --->   "%br_ln134 = br void %arrayidx9113_4.exit" [/home/siyenga7/FPGA/attention_int8.cpp:134]   --->   Operation 333 'br' 'br_ln134' <Predicate = (trunc_ln131 == 4 & trunc_ln130 == 30)> <Delay = 0.00>
ST_2 : Operation 334 [1/1] (0.00ns)   --->   "%br_ln134 = br void %arrayidx9113_4.exit" [/home/siyenga7/FPGA/attention_int8.cpp:134]   --->   Operation 334 'br' 'br_ln134' <Predicate = (trunc_ln131 == 4 & trunc_ln130 == 29)> <Delay = 0.00>
ST_2 : Operation 335 [1/1] (0.00ns)   --->   "%br_ln134 = br void %arrayidx9113_4.exit" [/home/siyenga7/FPGA/attention_int8.cpp:134]   --->   Operation 335 'br' 'br_ln134' <Predicate = (trunc_ln131 == 4 & trunc_ln130 == 28)> <Delay = 0.00>
ST_2 : Operation 336 [1/1] (0.00ns)   --->   "%br_ln134 = br void %arrayidx9113_4.exit" [/home/siyenga7/FPGA/attention_int8.cpp:134]   --->   Operation 336 'br' 'br_ln134' <Predicate = (trunc_ln131 == 4 & trunc_ln130 == 27)> <Delay = 0.00>
ST_2 : Operation 337 [1/1] (0.00ns)   --->   "%br_ln134 = br void %arrayidx9113_4.exit" [/home/siyenga7/FPGA/attention_int8.cpp:134]   --->   Operation 337 'br' 'br_ln134' <Predicate = (trunc_ln131 == 4 & trunc_ln130 == 26)> <Delay = 0.00>
ST_2 : Operation 338 [1/1] (0.00ns)   --->   "%br_ln134 = br void %arrayidx9113_4.exit" [/home/siyenga7/FPGA/attention_int8.cpp:134]   --->   Operation 338 'br' 'br_ln134' <Predicate = (trunc_ln131 == 4 & trunc_ln130 == 25)> <Delay = 0.00>
ST_2 : Operation 339 [1/1] (0.00ns)   --->   "%br_ln134 = br void %arrayidx9113_4.exit" [/home/siyenga7/FPGA/attention_int8.cpp:134]   --->   Operation 339 'br' 'br_ln134' <Predicate = (trunc_ln131 == 4 & trunc_ln130 == 24)> <Delay = 0.00>
ST_2 : Operation 340 [1/1] (0.00ns)   --->   "%br_ln134 = br void %arrayidx9113_4.exit" [/home/siyenga7/FPGA/attention_int8.cpp:134]   --->   Operation 340 'br' 'br_ln134' <Predicate = (trunc_ln131 == 4 & trunc_ln130 == 23)> <Delay = 0.00>
ST_2 : Operation 341 [1/1] (0.00ns)   --->   "%br_ln134 = br void %arrayidx9113_4.exit" [/home/siyenga7/FPGA/attention_int8.cpp:134]   --->   Operation 341 'br' 'br_ln134' <Predicate = (trunc_ln131 == 4 & trunc_ln130 == 22)> <Delay = 0.00>
ST_2 : Operation 342 [1/1] (0.00ns)   --->   "%br_ln134 = br void %arrayidx9113_4.exit" [/home/siyenga7/FPGA/attention_int8.cpp:134]   --->   Operation 342 'br' 'br_ln134' <Predicate = (trunc_ln131 == 4 & trunc_ln130 == 21)> <Delay = 0.00>
ST_2 : Operation 343 [1/1] (0.00ns)   --->   "%br_ln134 = br void %arrayidx9113_4.exit" [/home/siyenga7/FPGA/attention_int8.cpp:134]   --->   Operation 343 'br' 'br_ln134' <Predicate = (trunc_ln131 == 4 & trunc_ln130 == 20)> <Delay = 0.00>
ST_2 : Operation 344 [1/1] (0.00ns)   --->   "%br_ln134 = br void %arrayidx9113_4.exit" [/home/siyenga7/FPGA/attention_int8.cpp:134]   --->   Operation 344 'br' 'br_ln134' <Predicate = (trunc_ln131 == 4 & trunc_ln130 == 19)> <Delay = 0.00>
ST_2 : Operation 345 [1/1] (0.00ns)   --->   "%br_ln134 = br void %arrayidx9113_4.exit" [/home/siyenga7/FPGA/attention_int8.cpp:134]   --->   Operation 345 'br' 'br_ln134' <Predicate = (trunc_ln131 == 4 & trunc_ln130 == 18)> <Delay = 0.00>
ST_2 : Operation 346 [1/1] (0.00ns)   --->   "%br_ln134 = br void %arrayidx9113_4.exit" [/home/siyenga7/FPGA/attention_int8.cpp:134]   --->   Operation 346 'br' 'br_ln134' <Predicate = (trunc_ln131 == 4 & trunc_ln130 == 17)> <Delay = 0.00>
ST_2 : Operation 347 [1/1] (0.00ns)   --->   "%br_ln134 = br void %arrayidx9113_4.exit" [/home/siyenga7/FPGA/attention_int8.cpp:134]   --->   Operation 347 'br' 'br_ln134' <Predicate = (trunc_ln131 == 4 & trunc_ln130 == 16)> <Delay = 0.00>
ST_2 : Operation 348 [1/1] (0.00ns)   --->   "%br_ln134 = br void %arrayidx9113_4.exit" [/home/siyenga7/FPGA/attention_int8.cpp:134]   --->   Operation 348 'br' 'br_ln134' <Predicate = (trunc_ln131 == 4 & trunc_ln130 == 15)> <Delay = 0.00>
ST_2 : Operation 349 [1/1] (0.00ns)   --->   "%br_ln134 = br void %arrayidx9113_4.exit" [/home/siyenga7/FPGA/attention_int8.cpp:134]   --->   Operation 349 'br' 'br_ln134' <Predicate = (trunc_ln131 == 4 & trunc_ln130 == 14)> <Delay = 0.00>
ST_2 : Operation 350 [1/1] (0.00ns)   --->   "%br_ln134 = br void %arrayidx9113_4.exit" [/home/siyenga7/FPGA/attention_int8.cpp:134]   --->   Operation 350 'br' 'br_ln134' <Predicate = (trunc_ln131 == 4 & trunc_ln130 == 13)> <Delay = 0.00>
ST_2 : Operation 351 [1/1] (0.00ns)   --->   "%br_ln134 = br void %arrayidx9113_4.exit" [/home/siyenga7/FPGA/attention_int8.cpp:134]   --->   Operation 351 'br' 'br_ln134' <Predicate = (trunc_ln131 == 4 & trunc_ln130 == 12)> <Delay = 0.00>
ST_2 : Operation 352 [1/1] (0.00ns)   --->   "%br_ln134 = br void %arrayidx9113_4.exit" [/home/siyenga7/FPGA/attention_int8.cpp:134]   --->   Operation 352 'br' 'br_ln134' <Predicate = (trunc_ln131 == 4 & trunc_ln130 == 11)> <Delay = 0.00>
ST_2 : Operation 353 [1/1] (0.00ns)   --->   "%br_ln134 = br void %arrayidx9113_4.exit" [/home/siyenga7/FPGA/attention_int8.cpp:134]   --->   Operation 353 'br' 'br_ln134' <Predicate = (trunc_ln131 == 4 & trunc_ln130 == 10)> <Delay = 0.00>
ST_2 : Operation 354 [1/1] (0.00ns)   --->   "%br_ln134 = br void %arrayidx9113_4.exit" [/home/siyenga7/FPGA/attention_int8.cpp:134]   --->   Operation 354 'br' 'br_ln134' <Predicate = (trunc_ln131 == 4 & trunc_ln130 == 9)> <Delay = 0.00>
ST_2 : Operation 355 [1/1] (0.00ns)   --->   "%br_ln134 = br void %arrayidx9113_4.exit" [/home/siyenga7/FPGA/attention_int8.cpp:134]   --->   Operation 355 'br' 'br_ln134' <Predicate = (trunc_ln131 == 4 & trunc_ln130 == 8)> <Delay = 0.00>
ST_2 : Operation 356 [1/1] (0.00ns)   --->   "%br_ln134 = br void %arrayidx9113_4.exit" [/home/siyenga7/FPGA/attention_int8.cpp:134]   --->   Operation 356 'br' 'br_ln134' <Predicate = (trunc_ln131 == 4 & trunc_ln130 == 7)> <Delay = 0.00>
ST_2 : Operation 357 [1/1] (0.00ns)   --->   "%br_ln134 = br void %arrayidx9113_4.exit" [/home/siyenga7/FPGA/attention_int8.cpp:134]   --->   Operation 357 'br' 'br_ln134' <Predicate = (trunc_ln131 == 4 & trunc_ln130 == 6)> <Delay = 0.00>
ST_2 : Operation 358 [1/1] (0.00ns)   --->   "%br_ln134 = br void %arrayidx9113_4.exit" [/home/siyenga7/FPGA/attention_int8.cpp:134]   --->   Operation 358 'br' 'br_ln134' <Predicate = (trunc_ln131 == 4 & trunc_ln130 == 5)> <Delay = 0.00>
ST_2 : Operation 359 [1/1] (0.00ns)   --->   "%br_ln134 = br void %arrayidx9113_4.exit" [/home/siyenga7/FPGA/attention_int8.cpp:134]   --->   Operation 359 'br' 'br_ln134' <Predicate = (trunc_ln131 == 4 & trunc_ln130 == 4)> <Delay = 0.00>
ST_2 : Operation 360 [1/1] (0.00ns)   --->   "%br_ln134 = br void %arrayidx9113_4.exit" [/home/siyenga7/FPGA/attention_int8.cpp:134]   --->   Operation 360 'br' 'br_ln134' <Predicate = (trunc_ln131 == 4 & trunc_ln130 == 3)> <Delay = 0.00>
ST_2 : Operation 361 [1/1] (0.00ns)   --->   "%br_ln134 = br void %arrayidx9113_4.exit" [/home/siyenga7/FPGA/attention_int8.cpp:134]   --->   Operation 361 'br' 'br_ln134' <Predicate = (trunc_ln131 == 4 & trunc_ln130 == 2)> <Delay = 0.00>
ST_2 : Operation 362 [1/1] (0.00ns)   --->   "%br_ln134 = br void %arrayidx9113_4.exit" [/home/siyenga7/FPGA/attention_int8.cpp:134]   --->   Operation 362 'br' 'br_ln134' <Predicate = (trunc_ln131 == 4 & trunc_ln130 == 1)> <Delay = 0.00>
ST_2 : Operation 363 [1/1] (0.00ns)   --->   "%br_ln134 = br void %arrayidx9113_4.exit" [/home/siyenga7/FPGA/attention_int8.cpp:134]   --->   Operation 363 'br' 'br_ln134' <Predicate = (trunc_ln131 == 4 & trunc_ln130 == 0)> <Delay = 0.00>
ST_2 : Operation 364 [1/1] (0.00ns)   --->   "%br_ln134 = br void %arrayidx9113_4.exit" [/home/siyenga7/FPGA/attention_int8.cpp:134]   --->   Operation 364 'br' 'br_ln134' <Predicate = (trunc_ln131 == 4 & trunc_ln130 == 63)> <Delay = 0.00>
ST_2 : Operation 365 [1/1] (1.89ns)   --->   "%switch_ln134 = switch i6 %trunc_ln130, void %arrayidx9113_3.case.63, i6 0, void %arrayidx9113_3.case.0, i6 1, void %arrayidx9113_3.case.1, i6 2, void %arrayidx9113_3.case.2, i6 3, void %arrayidx9113_3.case.3, i6 4, void %arrayidx9113_3.case.4, i6 5, void %arrayidx9113_3.case.5, i6 6, void %arrayidx9113_3.case.6, i6 7, void %arrayidx9113_3.case.7, i6 8, void %arrayidx9113_3.case.8, i6 9, void %arrayidx9113_3.case.9, i6 10, void %arrayidx9113_3.case.10, i6 11, void %arrayidx9113_3.case.11, i6 12, void %arrayidx9113_3.case.12, i6 13, void %arrayidx9113_3.case.13, i6 14, void %arrayidx9113_3.case.14, i6 15, void %arrayidx9113_3.case.15, i6 16, void %arrayidx9113_3.case.16, i6 17, void %arrayidx9113_3.case.17, i6 18, void %arrayidx9113_3.case.18, i6 19, void %arrayidx9113_3.case.19, i6 20, void %arrayidx9113_3.case.20, i6 21, void %arrayidx9113_3.case.21, i6 22, void %arrayidx9113_3.case.22, i6 23, void %arrayidx9113_3.case.23, i6 24, void %arrayidx9113_3.case.24, i6 25, void %arrayidx9113_3.case.25, i6 26, void %arrayidx9113_3.case.26, i6 27, void %arrayidx9113_3.case.27, i6 28, void %arrayidx9113_3.case.28, i6 29, void %arrayidx9113_3.case.29, i6 30, void %arrayidx9113_3.case.30, i6 31, void %arrayidx9113_3.case.31, i6 32, void %arrayidx9113_3.case.32, i6 33, void %arrayidx9113_3.case.33, i6 34, void %arrayidx9113_3.case.34, i6 35, void %arrayidx9113_3.case.35, i6 36, void %arrayidx9113_3.case.36, i6 37, void %arrayidx9113_3.case.37, i6 38, void %arrayidx9113_3.case.38, i6 39, void %arrayidx9113_3.case.39, i6 40, void %arrayidx9113_3.case.40, i6 41, void %arrayidx9113_3.case.41, i6 42, void %arrayidx9113_3.case.42, i6 43, void %arrayidx9113_3.case.43, i6 44, void %arrayidx9113_3.case.44, i6 45, void %arrayidx9113_3.case.45, i6 46, void %arrayidx9113_3.case.46, i6 47, void %arrayidx9113_3.case.47, i6 48, void %arrayidx9113_3.case.48, i6 49, void %arrayidx9113_3.case.49, i6 50, void %arrayidx9113_3.case.50, i6 51, void %arrayidx9113_3.case.51, i6 52, void %arrayidx9113_3.case.52, i6 53, void %arrayidx9113_3.case.53, i6 54, void %arrayidx9113_3.case.54, i6 55, void %arrayidx9113_3.case.55, i6 56, void %arrayidx9113_3.case.56, i6 57, void %arrayidx9113_3.case.57, i6 58, void %arrayidx9113_3.case.58, i6 59, void %arrayidx9113_3.case.59, i6 60, void %arrayidx9113_3.case.60, i6 61, void %arrayidx9113_3.case.61, i6 62, void %arrayidx9113_3.case.62" [/home/siyenga7/FPGA/attention_int8.cpp:134]   --->   Operation 365 'switch' 'switch_ln134' <Predicate = (trunc_ln131 == 3)> <Delay = 1.89>
ST_2 : Operation 366 [1/1] (0.00ns)   --->   "%br_ln134 = br void %arrayidx9113_3.exit" [/home/siyenga7/FPGA/attention_int8.cpp:134]   --->   Operation 366 'br' 'br_ln134' <Predicate = (trunc_ln131 == 3 & trunc_ln130 == 62)> <Delay = 0.00>
ST_2 : Operation 367 [1/1] (0.00ns)   --->   "%br_ln134 = br void %arrayidx9113_3.exit" [/home/siyenga7/FPGA/attention_int8.cpp:134]   --->   Operation 367 'br' 'br_ln134' <Predicate = (trunc_ln131 == 3 & trunc_ln130 == 61)> <Delay = 0.00>
ST_2 : Operation 368 [1/1] (0.00ns)   --->   "%br_ln134 = br void %arrayidx9113_3.exit" [/home/siyenga7/FPGA/attention_int8.cpp:134]   --->   Operation 368 'br' 'br_ln134' <Predicate = (trunc_ln131 == 3 & trunc_ln130 == 60)> <Delay = 0.00>
ST_2 : Operation 369 [1/1] (0.00ns)   --->   "%br_ln134 = br void %arrayidx9113_3.exit" [/home/siyenga7/FPGA/attention_int8.cpp:134]   --->   Operation 369 'br' 'br_ln134' <Predicate = (trunc_ln131 == 3 & trunc_ln130 == 59)> <Delay = 0.00>
ST_2 : Operation 370 [1/1] (0.00ns)   --->   "%br_ln134 = br void %arrayidx9113_3.exit" [/home/siyenga7/FPGA/attention_int8.cpp:134]   --->   Operation 370 'br' 'br_ln134' <Predicate = (trunc_ln131 == 3 & trunc_ln130 == 58)> <Delay = 0.00>
ST_2 : Operation 371 [1/1] (0.00ns)   --->   "%br_ln134 = br void %arrayidx9113_3.exit" [/home/siyenga7/FPGA/attention_int8.cpp:134]   --->   Operation 371 'br' 'br_ln134' <Predicate = (trunc_ln131 == 3 & trunc_ln130 == 57)> <Delay = 0.00>
ST_2 : Operation 372 [1/1] (0.00ns)   --->   "%br_ln134 = br void %arrayidx9113_3.exit" [/home/siyenga7/FPGA/attention_int8.cpp:134]   --->   Operation 372 'br' 'br_ln134' <Predicate = (trunc_ln131 == 3 & trunc_ln130 == 56)> <Delay = 0.00>
ST_2 : Operation 373 [1/1] (0.00ns)   --->   "%br_ln134 = br void %arrayidx9113_3.exit" [/home/siyenga7/FPGA/attention_int8.cpp:134]   --->   Operation 373 'br' 'br_ln134' <Predicate = (trunc_ln131 == 3 & trunc_ln130 == 55)> <Delay = 0.00>
ST_2 : Operation 374 [1/1] (0.00ns)   --->   "%br_ln134 = br void %arrayidx9113_3.exit" [/home/siyenga7/FPGA/attention_int8.cpp:134]   --->   Operation 374 'br' 'br_ln134' <Predicate = (trunc_ln131 == 3 & trunc_ln130 == 54)> <Delay = 0.00>
ST_2 : Operation 375 [1/1] (0.00ns)   --->   "%br_ln134 = br void %arrayidx9113_3.exit" [/home/siyenga7/FPGA/attention_int8.cpp:134]   --->   Operation 375 'br' 'br_ln134' <Predicate = (trunc_ln131 == 3 & trunc_ln130 == 53)> <Delay = 0.00>
ST_2 : Operation 376 [1/1] (0.00ns)   --->   "%br_ln134 = br void %arrayidx9113_3.exit" [/home/siyenga7/FPGA/attention_int8.cpp:134]   --->   Operation 376 'br' 'br_ln134' <Predicate = (trunc_ln131 == 3 & trunc_ln130 == 52)> <Delay = 0.00>
ST_2 : Operation 377 [1/1] (0.00ns)   --->   "%br_ln134 = br void %arrayidx9113_3.exit" [/home/siyenga7/FPGA/attention_int8.cpp:134]   --->   Operation 377 'br' 'br_ln134' <Predicate = (trunc_ln131 == 3 & trunc_ln130 == 51)> <Delay = 0.00>
ST_2 : Operation 378 [1/1] (0.00ns)   --->   "%br_ln134 = br void %arrayidx9113_3.exit" [/home/siyenga7/FPGA/attention_int8.cpp:134]   --->   Operation 378 'br' 'br_ln134' <Predicate = (trunc_ln131 == 3 & trunc_ln130 == 50)> <Delay = 0.00>
ST_2 : Operation 379 [1/1] (0.00ns)   --->   "%br_ln134 = br void %arrayidx9113_3.exit" [/home/siyenga7/FPGA/attention_int8.cpp:134]   --->   Operation 379 'br' 'br_ln134' <Predicate = (trunc_ln131 == 3 & trunc_ln130 == 49)> <Delay = 0.00>
ST_2 : Operation 380 [1/1] (0.00ns)   --->   "%br_ln134 = br void %arrayidx9113_3.exit" [/home/siyenga7/FPGA/attention_int8.cpp:134]   --->   Operation 380 'br' 'br_ln134' <Predicate = (trunc_ln131 == 3 & trunc_ln130 == 48)> <Delay = 0.00>
ST_2 : Operation 381 [1/1] (0.00ns)   --->   "%br_ln134 = br void %arrayidx9113_3.exit" [/home/siyenga7/FPGA/attention_int8.cpp:134]   --->   Operation 381 'br' 'br_ln134' <Predicate = (trunc_ln131 == 3 & trunc_ln130 == 47)> <Delay = 0.00>
ST_2 : Operation 382 [1/1] (0.00ns)   --->   "%br_ln134 = br void %arrayidx9113_3.exit" [/home/siyenga7/FPGA/attention_int8.cpp:134]   --->   Operation 382 'br' 'br_ln134' <Predicate = (trunc_ln131 == 3 & trunc_ln130 == 46)> <Delay = 0.00>
ST_2 : Operation 383 [1/1] (0.00ns)   --->   "%br_ln134 = br void %arrayidx9113_3.exit" [/home/siyenga7/FPGA/attention_int8.cpp:134]   --->   Operation 383 'br' 'br_ln134' <Predicate = (trunc_ln131 == 3 & trunc_ln130 == 45)> <Delay = 0.00>
ST_2 : Operation 384 [1/1] (0.00ns)   --->   "%br_ln134 = br void %arrayidx9113_3.exit" [/home/siyenga7/FPGA/attention_int8.cpp:134]   --->   Operation 384 'br' 'br_ln134' <Predicate = (trunc_ln131 == 3 & trunc_ln130 == 44)> <Delay = 0.00>
ST_2 : Operation 385 [1/1] (0.00ns)   --->   "%br_ln134 = br void %arrayidx9113_3.exit" [/home/siyenga7/FPGA/attention_int8.cpp:134]   --->   Operation 385 'br' 'br_ln134' <Predicate = (trunc_ln131 == 3 & trunc_ln130 == 43)> <Delay = 0.00>
ST_2 : Operation 386 [1/1] (0.00ns)   --->   "%br_ln134 = br void %arrayidx9113_3.exit" [/home/siyenga7/FPGA/attention_int8.cpp:134]   --->   Operation 386 'br' 'br_ln134' <Predicate = (trunc_ln131 == 3 & trunc_ln130 == 42)> <Delay = 0.00>
ST_2 : Operation 387 [1/1] (0.00ns)   --->   "%br_ln134 = br void %arrayidx9113_3.exit" [/home/siyenga7/FPGA/attention_int8.cpp:134]   --->   Operation 387 'br' 'br_ln134' <Predicate = (trunc_ln131 == 3 & trunc_ln130 == 41)> <Delay = 0.00>
ST_2 : Operation 388 [1/1] (0.00ns)   --->   "%br_ln134 = br void %arrayidx9113_3.exit" [/home/siyenga7/FPGA/attention_int8.cpp:134]   --->   Operation 388 'br' 'br_ln134' <Predicate = (trunc_ln131 == 3 & trunc_ln130 == 40)> <Delay = 0.00>
ST_2 : Operation 389 [1/1] (0.00ns)   --->   "%br_ln134 = br void %arrayidx9113_3.exit" [/home/siyenga7/FPGA/attention_int8.cpp:134]   --->   Operation 389 'br' 'br_ln134' <Predicate = (trunc_ln131 == 3 & trunc_ln130 == 39)> <Delay = 0.00>
ST_2 : Operation 390 [1/1] (0.00ns)   --->   "%br_ln134 = br void %arrayidx9113_3.exit" [/home/siyenga7/FPGA/attention_int8.cpp:134]   --->   Operation 390 'br' 'br_ln134' <Predicate = (trunc_ln131 == 3 & trunc_ln130 == 38)> <Delay = 0.00>
ST_2 : Operation 391 [1/1] (0.00ns)   --->   "%br_ln134 = br void %arrayidx9113_3.exit" [/home/siyenga7/FPGA/attention_int8.cpp:134]   --->   Operation 391 'br' 'br_ln134' <Predicate = (trunc_ln131 == 3 & trunc_ln130 == 37)> <Delay = 0.00>
ST_2 : Operation 392 [1/1] (0.00ns)   --->   "%br_ln134 = br void %arrayidx9113_3.exit" [/home/siyenga7/FPGA/attention_int8.cpp:134]   --->   Operation 392 'br' 'br_ln134' <Predicate = (trunc_ln131 == 3 & trunc_ln130 == 36)> <Delay = 0.00>
ST_2 : Operation 393 [1/1] (0.00ns)   --->   "%br_ln134 = br void %arrayidx9113_3.exit" [/home/siyenga7/FPGA/attention_int8.cpp:134]   --->   Operation 393 'br' 'br_ln134' <Predicate = (trunc_ln131 == 3 & trunc_ln130 == 35)> <Delay = 0.00>
ST_2 : Operation 394 [1/1] (0.00ns)   --->   "%br_ln134 = br void %arrayidx9113_3.exit" [/home/siyenga7/FPGA/attention_int8.cpp:134]   --->   Operation 394 'br' 'br_ln134' <Predicate = (trunc_ln131 == 3 & trunc_ln130 == 34)> <Delay = 0.00>
ST_2 : Operation 395 [1/1] (0.00ns)   --->   "%br_ln134 = br void %arrayidx9113_3.exit" [/home/siyenga7/FPGA/attention_int8.cpp:134]   --->   Operation 395 'br' 'br_ln134' <Predicate = (trunc_ln131 == 3 & trunc_ln130 == 33)> <Delay = 0.00>
ST_2 : Operation 396 [1/1] (0.00ns)   --->   "%br_ln134 = br void %arrayidx9113_3.exit" [/home/siyenga7/FPGA/attention_int8.cpp:134]   --->   Operation 396 'br' 'br_ln134' <Predicate = (trunc_ln131 == 3 & trunc_ln130 == 32)> <Delay = 0.00>
ST_2 : Operation 397 [1/1] (0.00ns)   --->   "%br_ln134 = br void %arrayidx9113_3.exit" [/home/siyenga7/FPGA/attention_int8.cpp:134]   --->   Operation 397 'br' 'br_ln134' <Predicate = (trunc_ln131 == 3 & trunc_ln130 == 31)> <Delay = 0.00>
ST_2 : Operation 398 [1/1] (0.00ns)   --->   "%br_ln134 = br void %arrayidx9113_3.exit" [/home/siyenga7/FPGA/attention_int8.cpp:134]   --->   Operation 398 'br' 'br_ln134' <Predicate = (trunc_ln131 == 3 & trunc_ln130 == 30)> <Delay = 0.00>
ST_2 : Operation 399 [1/1] (0.00ns)   --->   "%br_ln134 = br void %arrayidx9113_3.exit" [/home/siyenga7/FPGA/attention_int8.cpp:134]   --->   Operation 399 'br' 'br_ln134' <Predicate = (trunc_ln131 == 3 & trunc_ln130 == 29)> <Delay = 0.00>
ST_2 : Operation 400 [1/1] (0.00ns)   --->   "%br_ln134 = br void %arrayidx9113_3.exit" [/home/siyenga7/FPGA/attention_int8.cpp:134]   --->   Operation 400 'br' 'br_ln134' <Predicate = (trunc_ln131 == 3 & trunc_ln130 == 28)> <Delay = 0.00>
ST_2 : Operation 401 [1/1] (0.00ns)   --->   "%br_ln134 = br void %arrayidx9113_3.exit" [/home/siyenga7/FPGA/attention_int8.cpp:134]   --->   Operation 401 'br' 'br_ln134' <Predicate = (trunc_ln131 == 3 & trunc_ln130 == 27)> <Delay = 0.00>
ST_2 : Operation 402 [1/1] (0.00ns)   --->   "%br_ln134 = br void %arrayidx9113_3.exit" [/home/siyenga7/FPGA/attention_int8.cpp:134]   --->   Operation 402 'br' 'br_ln134' <Predicate = (trunc_ln131 == 3 & trunc_ln130 == 26)> <Delay = 0.00>
ST_2 : Operation 403 [1/1] (0.00ns)   --->   "%br_ln134 = br void %arrayidx9113_3.exit" [/home/siyenga7/FPGA/attention_int8.cpp:134]   --->   Operation 403 'br' 'br_ln134' <Predicate = (trunc_ln131 == 3 & trunc_ln130 == 25)> <Delay = 0.00>
ST_2 : Operation 404 [1/1] (0.00ns)   --->   "%br_ln134 = br void %arrayidx9113_3.exit" [/home/siyenga7/FPGA/attention_int8.cpp:134]   --->   Operation 404 'br' 'br_ln134' <Predicate = (trunc_ln131 == 3 & trunc_ln130 == 24)> <Delay = 0.00>
ST_2 : Operation 405 [1/1] (0.00ns)   --->   "%br_ln134 = br void %arrayidx9113_3.exit" [/home/siyenga7/FPGA/attention_int8.cpp:134]   --->   Operation 405 'br' 'br_ln134' <Predicate = (trunc_ln131 == 3 & trunc_ln130 == 23)> <Delay = 0.00>
ST_2 : Operation 406 [1/1] (0.00ns)   --->   "%br_ln134 = br void %arrayidx9113_3.exit" [/home/siyenga7/FPGA/attention_int8.cpp:134]   --->   Operation 406 'br' 'br_ln134' <Predicate = (trunc_ln131 == 3 & trunc_ln130 == 22)> <Delay = 0.00>
ST_2 : Operation 407 [1/1] (0.00ns)   --->   "%br_ln134 = br void %arrayidx9113_3.exit" [/home/siyenga7/FPGA/attention_int8.cpp:134]   --->   Operation 407 'br' 'br_ln134' <Predicate = (trunc_ln131 == 3 & trunc_ln130 == 21)> <Delay = 0.00>
ST_2 : Operation 408 [1/1] (0.00ns)   --->   "%br_ln134 = br void %arrayidx9113_3.exit" [/home/siyenga7/FPGA/attention_int8.cpp:134]   --->   Operation 408 'br' 'br_ln134' <Predicate = (trunc_ln131 == 3 & trunc_ln130 == 20)> <Delay = 0.00>
ST_2 : Operation 409 [1/1] (0.00ns)   --->   "%br_ln134 = br void %arrayidx9113_3.exit" [/home/siyenga7/FPGA/attention_int8.cpp:134]   --->   Operation 409 'br' 'br_ln134' <Predicate = (trunc_ln131 == 3 & trunc_ln130 == 19)> <Delay = 0.00>
ST_2 : Operation 410 [1/1] (0.00ns)   --->   "%br_ln134 = br void %arrayidx9113_3.exit" [/home/siyenga7/FPGA/attention_int8.cpp:134]   --->   Operation 410 'br' 'br_ln134' <Predicate = (trunc_ln131 == 3 & trunc_ln130 == 18)> <Delay = 0.00>
ST_2 : Operation 411 [1/1] (0.00ns)   --->   "%br_ln134 = br void %arrayidx9113_3.exit" [/home/siyenga7/FPGA/attention_int8.cpp:134]   --->   Operation 411 'br' 'br_ln134' <Predicate = (trunc_ln131 == 3 & trunc_ln130 == 17)> <Delay = 0.00>
ST_2 : Operation 412 [1/1] (0.00ns)   --->   "%br_ln134 = br void %arrayidx9113_3.exit" [/home/siyenga7/FPGA/attention_int8.cpp:134]   --->   Operation 412 'br' 'br_ln134' <Predicate = (trunc_ln131 == 3 & trunc_ln130 == 16)> <Delay = 0.00>
ST_2 : Operation 413 [1/1] (0.00ns)   --->   "%br_ln134 = br void %arrayidx9113_3.exit" [/home/siyenga7/FPGA/attention_int8.cpp:134]   --->   Operation 413 'br' 'br_ln134' <Predicate = (trunc_ln131 == 3 & trunc_ln130 == 15)> <Delay = 0.00>
ST_2 : Operation 414 [1/1] (0.00ns)   --->   "%br_ln134 = br void %arrayidx9113_3.exit" [/home/siyenga7/FPGA/attention_int8.cpp:134]   --->   Operation 414 'br' 'br_ln134' <Predicate = (trunc_ln131 == 3 & trunc_ln130 == 14)> <Delay = 0.00>
ST_2 : Operation 415 [1/1] (0.00ns)   --->   "%br_ln134 = br void %arrayidx9113_3.exit" [/home/siyenga7/FPGA/attention_int8.cpp:134]   --->   Operation 415 'br' 'br_ln134' <Predicate = (trunc_ln131 == 3 & trunc_ln130 == 13)> <Delay = 0.00>
ST_2 : Operation 416 [1/1] (0.00ns)   --->   "%br_ln134 = br void %arrayidx9113_3.exit" [/home/siyenga7/FPGA/attention_int8.cpp:134]   --->   Operation 416 'br' 'br_ln134' <Predicate = (trunc_ln131 == 3 & trunc_ln130 == 12)> <Delay = 0.00>
ST_2 : Operation 417 [1/1] (0.00ns)   --->   "%br_ln134 = br void %arrayidx9113_3.exit" [/home/siyenga7/FPGA/attention_int8.cpp:134]   --->   Operation 417 'br' 'br_ln134' <Predicate = (trunc_ln131 == 3 & trunc_ln130 == 11)> <Delay = 0.00>
ST_2 : Operation 418 [1/1] (0.00ns)   --->   "%br_ln134 = br void %arrayidx9113_3.exit" [/home/siyenga7/FPGA/attention_int8.cpp:134]   --->   Operation 418 'br' 'br_ln134' <Predicate = (trunc_ln131 == 3 & trunc_ln130 == 10)> <Delay = 0.00>
ST_2 : Operation 419 [1/1] (0.00ns)   --->   "%br_ln134 = br void %arrayidx9113_3.exit" [/home/siyenga7/FPGA/attention_int8.cpp:134]   --->   Operation 419 'br' 'br_ln134' <Predicate = (trunc_ln131 == 3 & trunc_ln130 == 9)> <Delay = 0.00>
ST_2 : Operation 420 [1/1] (0.00ns)   --->   "%br_ln134 = br void %arrayidx9113_3.exit" [/home/siyenga7/FPGA/attention_int8.cpp:134]   --->   Operation 420 'br' 'br_ln134' <Predicate = (trunc_ln131 == 3 & trunc_ln130 == 8)> <Delay = 0.00>
ST_2 : Operation 421 [1/1] (0.00ns)   --->   "%br_ln134 = br void %arrayidx9113_3.exit" [/home/siyenga7/FPGA/attention_int8.cpp:134]   --->   Operation 421 'br' 'br_ln134' <Predicate = (trunc_ln131 == 3 & trunc_ln130 == 7)> <Delay = 0.00>
ST_2 : Operation 422 [1/1] (0.00ns)   --->   "%br_ln134 = br void %arrayidx9113_3.exit" [/home/siyenga7/FPGA/attention_int8.cpp:134]   --->   Operation 422 'br' 'br_ln134' <Predicate = (trunc_ln131 == 3 & trunc_ln130 == 6)> <Delay = 0.00>
ST_2 : Operation 423 [1/1] (0.00ns)   --->   "%br_ln134 = br void %arrayidx9113_3.exit" [/home/siyenga7/FPGA/attention_int8.cpp:134]   --->   Operation 423 'br' 'br_ln134' <Predicate = (trunc_ln131 == 3 & trunc_ln130 == 5)> <Delay = 0.00>
ST_2 : Operation 424 [1/1] (0.00ns)   --->   "%br_ln134 = br void %arrayidx9113_3.exit" [/home/siyenga7/FPGA/attention_int8.cpp:134]   --->   Operation 424 'br' 'br_ln134' <Predicate = (trunc_ln131 == 3 & trunc_ln130 == 4)> <Delay = 0.00>
ST_2 : Operation 425 [1/1] (0.00ns)   --->   "%br_ln134 = br void %arrayidx9113_3.exit" [/home/siyenga7/FPGA/attention_int8.cpp:134]   --->   Operation 425 'br' 'br_ln134' <Predicate = (trunc_ln131 == 3 & trunc_ln130 == 3)> <Delay = 0.00>
ST_2 : Operation 426 [1/1] (0.00ns)   --->   "%br_ln134 = br void %arrayidx9113_3.exit" [/home/siyenga7/FPGA/attention_int8.cpp:134]   --->   Operation 426 'br' 'br_ln134' <Predicate = (trunc_ln131 == 3 & trunc_ln130 == 2)> <Delay = 0.00>
ST_2 : Operation 427 [1/1] (0.00ns)   --->   "%br_ln134 = br void %arrayidx9113_3.exit" [/home/siyenga7/FPGA/attention_int8.cpp:134]   --->   Operation 427 'br' 'br_ln134' <Predicate = (trunc_ln131 == 3 & trunc_ln130 == 1)> <Delay = 0.00>
ST_2 : Operation 428 [1/1] (0.00ns)   --->   "%br_ln134 = br void %arrayidx9113_3.exit" [/home/siyenga7/FPGA/attention_int8.cpp:134]   --->   Operation 428 'br' 'br_ln134' <Predicate = (trunc_ln131 == 3 & trunc_ln130 == 0)> <Delay = 0.00>
ST_2 : Operation 429 [1/1] (0.00ns)   --->   "%br_ln134 = br void %arrayidx9113_3.exit" [/home/siyenga7/FPGA/attention_int8.cpp:134]   --->   Operation 429 'br' 'br_ln134' <Predicate = (trunc_ln131 == 3 & trunc_ln130 == 63)> <Delay = 0.00>
ST_2 : Operation 430 [1/1] (1.89ns)   --->   "%switch_ln134 = switch i6 %trunc_ln130, void %arrayidx9113_2.case.63, i6 0, void %arrayidx9113_2.case.0, i6 1, void %arrayidx9113_2.case.1, i6 2, void %arrayidx9113_2.case.2, i6 3, void %arrayidx9113_2.case.3, i6 4, void %arrayidx9113_2.case.4, i6 5, void %arrayidx9113_2.case.5, i6 6, void %arrayidx9113_2.case.6, i6 7, void %arrayidx9113_2.case.7, i6 8, void %arrayidx9113_2.case.8, i6 9, void %arrayidx9113_2.case.9, i6 10, void %arrayidx9113_2.case.10, i6 11, void %arrayidx9113_2.case.11, i6 12, void %arrayidx9113_2.case.12, i6 13, void %arrayidx9113_2.case.13, i6 14, void %arrayidx9113_2.case.14, i6 15, void %arrayidx9113_2.case.15, i6 16, void %arrayidx9113_2.case.16, i6 17, void %arrayidx9113_2.case.17, i6 18, void %arrayidx9113_2.case.18, i6 19, void %arrayidx9113_2.case.19, i6 20, void %arrayidx9113_2.case.20, i6 21, void %arrayidx9113_2.case.21, i6 22, void %arrayidx9113_2.case.22, i6 23, void %arrayidx9113_2.case.23, i6 24, void %arrayidx9113_2.case.24, i6 25, void %arrayidx9113_2.case.25, i6 26, void %arrayidx9113_2.case.26, i6 27, void %arrayidx9113_2.case.27, i6 28, void %arrayidx9113_2.case.28, i6 29, void %arrayidx9113_2.case.29, i6 30, void %arrayidx9113_2.case.30, i6 31, void %arrayidx9113_2.case.31, i6 32, void %arrayidx9113_2.case.32, i6 33, void %arrayidx9113_2.case.33, i6 34, void %arrayidx9113_2.case.34, i6 35, void %arrayidx9113_2.case.35, i6 36, void %arrayidx9113_2.case.36, i6 37, void %arrayidx9113_2.case.37, i6 38, void %arrayidx9113_2.case.38, i6 39, void %arrayidx9113_2.case.39, i6 40, void %arrayidx9113_2.case.40, i6 41, void %arrayidx9113_2.case.41, i6 42, void %arrayidx9113_2.case.42, i6 43, void %arrayidx9113_2.case.43, i6 44, void %arrayidx9113_2.case.44, i6 45, void %arrayidx9113_2.case.45, i6 46, void %arrayidx9113_2.case.46, i6 47, void %arrayidx9113_2.case.47, i6 48, void %arrayidx9113_2.case.48, i6 49, void %arrayidx9113_2.case.49, i6 50, void %arrayidx9113_2.case.50, i6 51, void %arrayidx9113_2.case.51, i6 52, void %arrayidx9113_2.case.52, i6 53, void %arrayidx9113_2.case.53, i6 54, void %arrayidx9113_2.case.54, i6 55, void %arrayidx9113_2.case.55, i6 56, void %arrayidx9113_2.case.56, i6 57, void %arrayidx9113_2.case.57, i6 58, void %arrayidx9113_2.case.58, i6 59, void %arrayidx9113_2.case.59, i6 60, void %arrayidx9113_2.case.60, i6 61, void %arrayidx9113_2.case.61, i6 62, void %arrayidx9113_2.case.62" [/home/siyenga7/FPGA/attention_int8.cpp:134]   --->   Operation 430 'switch' 'switch_ln134' <Predicate = (trunc_ln131 == 2)> <Delay = 1.89>
ST_2 : Operation 431 [1/1] (0.00ns)   --->   "%br_ln134 = br void %arrayidx9113_2.exit" [/home/siyenga7/FPGA/attention_int8.cpp:134]   --->   Operation 431 'br' 'br_ln134' <Predicate = (trunc_ln131 == 2 & trunc_ln130 == 62)> <Delay = 0.00>
ST_2 : Operation 432 [1/1] (0.00ns)   --->   "%br_ln134 = br void %arrayidx9113_2.exit" [/home/siyenga7/FPGA/attention_int8.cpp:134]   --->   Operation 432 'br' 'br_ln134' <Predicate = (trunc_ln131 == 2 & trunc_ln130 == 61)> <Delay = 0.00>
ST_2 : Operation 433 [1/1] (0.00ns)   --->   "%br_ln134 = br void %arrayidx9113_2.exit" [/home/siyenga7/FPGA/attention_int8.cpp:134]   --->   Operation 433 'br' 'br_ln134' <Predicate = (trunc_ln131 == 2 & trunc_ln130 == 60)> <Delay = 0.00>
ST_2 : Operation 434 [1/1] (0.00ns)   --->   "%br_ln134 = br void %arrayidx9113_2.exit" [/home/siyenga7/FPGA/attention_int8.cpp:134]   --->   Operation 434 'br' 'br_ln134' <Predicate = (trunc_ln131 == 2 & trunc_ln130 == 59)> <Delay = 0.00>
ST_2 : Operation 435 [1/1] (0.00ns)   --->   "%br_ln134 = br void %arrayidx9113_2.exit" [/home/siyenga7/FPGA/attention_int8.cpp:134]   --->   Operation 435 'br' 'br_ln134' <Predicate = (trunc_ln131 == 2 & trunc_ln130 == 58)> <Delay = 0.00>
ST_2 : Operation 436 [1/1] (0.00ns)   --->   "%br_ln134 = br void %arrayidx9113_2.exit" [/home/siyenga7/FPGA/attention_int8.cpp:134]   --->   Operation 436 'br' 'br_ln134' <Predicate = (trunc_ln131 == 2 & trunc_ln130 == 57)> <Delay = 0.00>
ST_2 : Operation 437 [1/1] (0.00ns)   --->   "%br_ln134 = br void %arrayidx9113_2.exit" [/home/siyenga7/FPGA/attention_int8.cpp:134]   --->   Operation 437 'br' 'br_ln134' <Predicate = (trunc_ln131 == 2 & trunc_ln130 == 56)> <Delay = 0.00>
ST_2 : Operation 438 [1/1] (0.00ns)   --->   "%br_ln134 = br void %arrayidx9113_2.exit" [/home/siyenga7/FPGA/attention_int8.cpp:134]   --->   Operation 438 'br' 'br_ln134' <Predicate = (trunc_ln131 == 2 & trunc_ln130 == 55)> <Delay = 0.00>
ST_2 : Operation 439 [1/1] (0.00ns)   --->   "%br_ln134 = br void %arrayidx9113_2.exit" [/home/siyenga7/FPGA/attention_int8.cpp:134]   --->   Operation 439 'br' 'br_ln134' <Predicate = (trunc_ln131 == 2 & trunc_ln130 == 54)> <Delay = 0.00>
ST_2 : Operation 440 [1/1] (0.00ns)   --->   "%br_ln134 = br void %arrayidx9113_2.exit" [/home/siyenga7/FPGA/attention_int8.cpp:134]   --->   Operation 440 'br' 'br_ln134' <Predicate = (trunc_ln131 == 2 & trunc_ln130 == 53)> <Delay = 0.00>
ST_2 : Operation 441 [1/1] (0.00ns)   --->   "%br_ln134 = br void %arrayidx9113_2.exit" [/home/siyenga7/FPGA/attention_int8.cpp:134]   --->   Operation 441 'br' 'br_ln134' <Predicate = (trunc_ln131 == 2 & trunc_ln130 == 52)> <Delay = 0.00>
ST_2 : Operation 442 [1/1] (0.00ns)   --->   "%br_ln134 = br void %arrayidx9113_2.exit" [/home/siyenga7/FPGA/attention_int8.cpp:134]   --->   Operation 442 'br' 'br_ln134' <Predicate = (trunc_ln131 == 2 & trunc_ln130 == 51)> <Delay = 0.00>
ST_2 : Operation 443 [1/1] (0.00ns)   --->   "%br_ln134 = br void %arrayidx9113_2.exit" [/home/siyenga7/FPGA/attention_int8.cpp:134]   --->   Operation 443 'br' 'br_ln134' <Predicate = (trunc_ln131 == 2 & trunc_ln130 == 50)> <Delay = 0.00>
ST_2 : Operation 444 [1/1] (0.00ns)   --->   "%br_ln134 = br void %arrayidx9113_2.exit" [/home/siyenga7/FPGA/attention_int8.cpp:134]   --->   Operation 444 'br' 'br_ln134' <Predicate = (trunc_ln131 == 2 & trunc_ln130 == 49)> <Delay = 0.00>
ST_2 : Operation 445 [1/1] (0.00ns)   --->   "%br_ln134 = br void %arrayidx9113_2.exit" [/home/siyenga7/FPGA/attention_int8.cpp:134]   --->   Operation 445 'br' 'br_ln134' <Predicate = (trunc_ln131 == 2 & trunc_ln130 == 48)> <Delay = 0.00>
ST_2 : Operation 446 [1/1] (0.00ns)   --->   "%br_ln134 = br void %arrayidx9113_2.exit" [/home/siyenga7/FPGA/attention_int8.cpp:134]   --->   Operation 446 'br' 'br_ln134' <Predicate = (trunc_ln131 == 2 & trunc_ln130 == 47)> <Delay = 0.00>
ST_2 : Operation 447 [1/1] (0.00ns)   --->   "%br_ln134 = br void %arrayidx9113_2.exit" [/home/siyenga7/FPGA/attention_int8.cpp:134]   --->   Operation 447 'br' 'br_ln134' <Predicate = (trunc_ln131 == 2 & trunc_ln130 == 46)> <Delay = 0.00>
ST_2 : Operation 448 [1/1] (0.00ns)   --->   "%br_ln134 = br void %arrayidx9113_2.exit" [/home/siyenga7/FPGA/attention_int8.cpp:134]   --->   Operation 448 'br' 'br_ln134' <Predicate = (trunc_ln131 == 2 & trunc_ln130 == 45)> <Delay = 0.00>
ST_2 : Operation 449 [1/1] (0.00ns)   --->   "%br_ln134 = br void %arrayidx9113_2.exit" [/home/siyenga7/FPGA/attention_int8.cpp:134]   --->   Operation 449 'br' 'br_ln134' <Predicate = (trunc_ln131 == 2 & trunc_ln130 == 44)> <Delay = 0.00>
ST_2 : Operation 450 [1/1] (0.00ns)   --->   "%br_ln134 = br void %arrayidx9113_2.exit" [/home/siyenga7/FPGA/attention_int8.cpp:134]   --->   Operation 450 'br' 'br_ln134' <Predicate = (trunc_ln131 == 2 & trunc_ln130 == 43)> <Delay = 0.00>
ST_2 : Operation 451 [1/1] (0.00ns)   --->   "%br_ln134 = br void %arrayidx9113_2.exit" [/home/siyenga7/FPGA/attention_int8.cpp:134]   --->   Operation 451 'br' 'br_ln134' <Predicate = (trunc_ln131 == 2 & trunc_ln130 == 42)> <Delay = 0.00>
ST_2 : Operation 452 [1/1] (0.00ns)   --->   "%br_ln134 = br void %arrayidx9113_2.exit" [/home/siyenga7/FPGA/attention_int8.cpp:134]   --->   Operation 452 'br' 'br_ln134' <Predicate = (trunc_ln131 == 2 & trunc_ln130 == 41)> <Delay = 0.00>
ST_2 : Operation 453 [1/1] (0.00ns)   --->   "%br_ln134 = br void %arrayidx9113_2.exit" [/home/siyenga7/FPGA/attention_int8.cpp:134]   --->   Operation 453 'br' 'br_ln134' <Predicate = (trunc_ln131 == 2 & trunc_ln130 == 40)> <Delay = 0.00>
ST_2 : Operation 454 [1/1] (0.00ns)   --->   "%br_ln134 = br void %arrayidx9113_2.exit" [/home/siyenga7/FPGA/attention_int8.cpp:134]   --->   Operation 454 'br' 'br_ln134' <Predicate = (trunc_ln131 == 2 & trunc_ln130 == 39)> <Delay = 0.00>
ST_2 : Operation 455 [1/1] (0.00ns)   --->   "%br_ln134 = br void %arrayidx9113_2.exit" [/home/siyenga7/FPGA/attention_int8.cpp:134]   --->   Operation 455 'br' 'br_ln134' <Predicate = (trunc_ln131 == 2 & trunc_ln130 == 38)> <Delay = 0.00>
ST_2 : Operation 456 [1/1] (0.00ns)   --->   "%br_ln134 = br void %arrayidx9113_2.exit" [/home/siyenga7/FPGA/attention_int8.cpp:134]   --->   Operation 456 'br' 'br_ln134' <Predicate = (trunc_ln131 == 2 & trunc_ln130 == 37)> <Delay = 0.00>
ST_2 : Operation 457 [1/1] (0.00ns)   --->   "%br_ln134 = br void %arrayidx9113_2.exit" [/home/siyenga7/FPGA/attention_int8.cpp:134]   --->   Operation 457 'br' 'br_ln134' <Predicate = (trunc_ln131 == 2 & trunc_ln130 == 36)> <Delay = 0.00>
ST_2 : Operation 458 [1/1] (0.00ns)   --->   "%br_ln134 = br void %arrayidx9113_2.exit" [/home/siyenga7/FPGA/attention_int8.cpp:134]   --->   Operation 458 'br' 'br_ln134' <Predicate = (trunc_ln131 == 2 & trunc_ln130 == 35)> <Delay = 0.00>
ST_2 : Operation 459 [1/1] (0.00ns)   --->   "%br_ln134 = br void %arrayidx9113_2.exit" [/home/siyenga7/FPGA/attention_int8.cpp:134]   --->   Operation 459 'br' 'br_ln134' <Predicate = (trunc_ln131 == 2 & trunc_ln130 == 34)> <Delay = 0.00>
ST_2 : Operation 460 [1/1] (0.00ns)   --->   "%br_ln134 = br void %arrayidx9113_2.exit" [/home/siyenga7/FPGA/attention_int8.cpp:134]   --->   Operation 460 'br' 'br_ln134' <Predicate = (trunc_ln131 == 2 & trunc_ln130 == 33)> <Delay = 0.00>
ST_2 : Operation 461 [1/1] (0.00ns)   --->   "%br_ln134 = br void %arrayidx9113_2.exit" [/home/siyenga7/FPGA/attention_int8.cpp:134]   --->   Operation 461 'br' 'br_ln134' <Predicate = (trunc_ln131 == 2 & trunc_ln130 == 32)> <Delay = 0.00>
ST_2 : Operation 462 [1/1] (0.00ns)   --->   "%br_ln134 = br void %arrayidx9113_2.exit" [/home/siyenga7/FPGA/attention_int8.cpp:134]   --->   Operation 462 'br' 'br_ln134' <Predicate = (trunc_ln131 == 2 & trunc_ln130 == 31)> <Delay = 0.00>
ST_2 : Operation 463 [1/1] (0.00ns)   --->   "%br_ln134 = br void %arrayidx9113_2.exit" [/home/siyenga7/FPGA/attention_int8.cpp:134]   --->   Operation 463 'br' 'br_ln134' <Predicate = (trunc_ln131 == 2 & trunc_ln130 == 30)> <Delay = 0.00>
ST_2 : Operation 464 [1/1] (0.00ns)   --->   "%br_ln134 = br void %arrayidx9113_2.exit" [/home/siyenga7/FPGA/attention_int8.cpp:134]   --->   Operation 464 'br' 'br_ln134' <Predicate = (trunc_ln131 == 2 & trunc_ln130 == 29)> <Delay = 0.00>
ST_2 : Operation 465 [1/1] (0.00ns)   --->   "%br_ln134 = br void %arrayidx9113_2.exit" [/home/siyenga7/FPGA/attention_int8.cpp:134]   --->   Operation 465 'br' 'br_ln134' <Predicate = (trunc_ln131 == 2 & trunc_ln130 == 28)> <Delay = 0.00>
ST_2 : Operation 466 [1/1] (0.00ns)   --->   "%br_ln134 = br void %arrayidx9113_2.exit" [/home/siyenga7/FPGA/attention_int8.cpp:134]   --->   Operation 466 'br' 'br_ln134' <Predicate = (trunc_ln131 == 2 & trunc_ln130 == 27)> <Delay = 0.00>
ST_2 : Operation 467 [1/1] (0.00ns)   --->   "%br_ln134 = br void %arrayidx9113_2.exit" [/home/siyenga7/FPGA/attention_int8.cpp:134]   --->   Operation 467 'br' 'br_ln134' <Predicate = (trunc_ln131 == 2 & trunc_ln130 == 26)> <Delay = 0.00>
ST_2 : Operation 468 [1/1] (0.00ns)   --->   "%br_ln134 = br void %arrayidx9113_2.exit" [/home/siyenga7/FPGA/attention_int8.cpp:134]   --->   Operation 468 'br' 'br_ln134' <Predicate = (trunc_ln131 == 2 & trunc_ln130 == 25)> <Delay = 0.00>
ST_2 : Operation 469 [1/1] (0.00ns)   --->   "%br_ln134 = br void %arrayidx9113_2.exit" [/home/siyenga7/FPGA/attention_int8.cpp:134]   --->   Operation 469 'br' 'br_ln134' <Predicate = (trunc_ln131 == 2 & trunc_ln130 == 24)> <Delay = 0.00>
ST_2 : Operation 470 [1/1] (0.00ns)   --->   "%br_ln134 = br void %arrayidx9113_2.exit" [/home/siyenga7/FPGA/attention_int8.cpp:134]   --->   Operation 470 'br' 'br_ln134' <Predicate = (trunc_ln131 == 2 & trunc_ln130 == 23)> <Delay = 0.00>
ST_2 : Operation 471 [1/1] (0.00ns)   --->   "%br_ln134 = br void %arrayidx9113_2.exit" [/home/siyenga7/FPGA/attention_int8.cpp:134]   --->   Operation 471 'br' 'br_ln134' <Predicate = (trunc_ln131 == 2 & trunc_ln130 == 22)> <Delay = 0.00>
ST_2 : Operation 472 [1/1] (0.00ns)   --->   "%br_ln134 = br void %arrayidx9113_2.exit" [/home/siyenga7/FPGA/attention_int8.cpp:134]   --->   Operation 472 'br' 'br_ln134' <Predicate = (trunc_ln131 == 2 & trunc_ln130 == 21)> <Delay = 0.00>
ST_2 : Operation 473 [1/1] (0.00ns)   --->   "%br_ln134 = br void %arrayidx9113_2.exit" [/home/siyenga7/FPGA/attention_int8.cpp:134]   --->   Operation 473 'br' 'br_ln134' <Predicate = (trunc_ln131 == 2 & trunc_ln130 == 20)> <Delay = 0.00>
ST_2 : Operation 474 [1/1] (0.00ns)   --->   "%br_ln134 = br void %arrayidx9113_2.exit" [/home/siyenga7/FPGA/attention_int8.cpp:134]   --->   Operation 474 'br' 'br_ln134' <Predicate = (trunc_ln131 == 2 & trunc_ln130 == 19)> <Delay = 0.00>
ST_2 : Operation 475 [1/1] (0.00ns)   --->   "%br_ln134 = br void %arrayidx9113_2.exit" [/home/siyenga7/FPGA/attention_int8.cpp:134]   --->   Operation 475 'br' 'br_ln134' <Predicate = (trunc_ln131 == 2 & trunc_ln130 == 18)> <Delay = 0.00>
ST_2 : Operation 476 [1/1] (0.00ns)   --->   "%br_ln134 = br void %arrayidx9113_2.exit" [/home/siyenga7/FPGA/attention_int8.cpp:134]   --->   Operation 476 'br' 'br_ln134' <Predicate = (trunc_ln131 == 2 & trunc_ln130 == 17)> <Delay = 0.00>
ST_2 : Operation 477 [1/1] (0.00ns)   --->   "%br_ln134 = br void %arrayidx9113_2.exit" [/home/siyenga7/FPGA/attention_int8.cpp:134]   --->   Operation 477 'br' 'br_ln134' <Predicate = (trunc_ln131 == 2 & trunc_ln130 == 16)> <Delay = 0.00>
ST_2 : Operation 478 [1/1] (0.00ns)   --->   "%br_ln134 = br void %arrayidx9113_2.exit" [/home/siyenga7/FPGA/attention_int8.cpp:134]   --->   Operation 478 'br' 'br_ln134' <Predicate = (trunc_ln131 == 2 & trunc_ln130 == 15)> <Delay = 0.00>
ST_2 : Operation 479 [1/1] (0.00ns)   --->   "%br_ln134 = br void %arrayidx9113_2.exit" [/home/siyenga7/FPGA/attention_int8.cpp:134]   --->   Operation 479 'br' 'br_ln134' <Predicate = (trunc_ln131 == 2 & trunc_ln130 == 14)> <Delay = 0.00>
ST_2 : Operation 480 [1/1] (0.00ns)   --->   "%br_ln134 = br void %arrayidx9113_2.exit" [/home/siyenga7/FPGA/attention_int8.cpp:134]   --->   Operation 480 'br' 'br_ln134' <Predicate = (trunc_ln131 == 2 & trunc_ln130 == 13)> <Delay = 0.00>
ST_2 : Operation 481 [1/1] (0.00ns)   --->   "%br_ln134 = br void %arrayidx9113_2.exit" [/home/siyenga7/FPGA/attention_int8.cpp:134]   --->   Operation 481 'br' 'br_ln134' <Predicate = (trunc_ln131 == 2 & trunc_ln130 == 12)> <Delay = 0.00>
ST_2 : Operation 482 [1/1] (0.00ns)   --->   "%br_ln134 = br void %arrayidx9113_2.exit" [/home/siyenga7/FPGA/attention_int8.cpp:134]   --->   Operation 482 'br' 'br_ln134' <Predicate = (trunc_ln131 == 2 & trunc_ln130 == 11)> <Delay = 0.00>
ST_2 : Operation 483 [1/1] (0.00ns)   --->   "%br_ln134 = br void %arrayidx9113_2.exit" [/home/siyenga7/FPGA/attention_int8.cpp:134]   --->   Operation 483 'br' 'br_ln134' <Predicate = (trunc_ln131 == 2 & trunc_ln130 == 10)> <Delay = 0.00>
ST_2 : Operation 484 [1/1] (0.00ns)   --->   "%br_ln134 = br void %arrayidx9113_2.exit" [/home/siyenga7/FPGA/attention_int8.cpp:134]   --->   Operation 484 'br' 'br_ln134' <Predicate = (trunc_ln131 == 2 & trunc_ln130 == 9)> <Delay = 0.00>
ST_2 : Operation 485 [1/1] (0.00ns)   --->   "%br_ln134 = br void %arrayidx9113_2.exit" [/home/siyenga7/FPGA/attention_int8.cpp:134]   --->   Operation 485 'br' 'br_ln134' <Predicate = (trunc_ln131 == 2 & trunc_ln130 == 8)> <Delay = 0.00>
ST_2 : Operation 486 [1/1] (0.00ns)   --->   "%br_ln134 = br void %arrayidx9113_2.exit" [/home/siyenga7/FPGA/attention_int8.cpp:134]   --->   Operation 486 'br' 'br_ln134' <Predicate = (trunc_ln131 == 2 & trunc_ln130 == 7)> <Delay = 0.00>
ST_2 : Operation 487 [1/1] (0.00ns)   --->   "%br_ln134 = br void %arrayidx9113_2.exit" [/home/siyenga7/FPGA/attention_int8.cpp:134]   --->   Operation 487 'br' 'br_ln134' <Predicate = (trunc_ln131 == 2 & trunc_ln130 == 6)> <Delay = 0.00>
ST_2 : Operation 488 [1/1] (0.00ns)   --->   "%br_ln134 = br void %arrayidx9113_2.exit" [/home/siyenga7/FPGA/attention_int8.cpp:134]   --->   Operation 488 'br' 'br_ln134' <Predicate = (trunc_ln131 == 2 & trunc_ln130 == 5)> <Delay = 0.00>
ST_2 : Operation 489 [1/1] (0.00ns)   --->   "%br_ln134 = br void %arrayidx9113_2.exit" [/home/siyenga7/FPGA/attention_int8.cpp:134]   --->   Operation 489 'br' 'br_ln134' <Predicate = (trunc_ln131 == 2 & trunc_ln130 == 4)> <Delay = 0.00>
ST_2 : Operation 490 [1/1] (0.00ns)   --->   "%br_ln134 = br void %arrayidx9113_2.exit" [/home/siyenga7/FPGA/attention_int8.cpp:134]   --->   Operation 490 'br' 'br_ln134' <Predicate = (trunc_ln131 == 2 & trunc_ln130 == 3)> <Delay = 0.00>
ST_2 : Operation 491 [1/1] (0.00ns)   --->   "%br_ln134 = br void %arrayidx9113_2.exit" [/home/siyenga7/FPGA/attention_int8.cpp:134]   --->   Operation 491 'br' 'br_ln134' <Predicate = (trunc_ln131 == 2 & trunc_ln130 == 2)> <Delay = 0.00>
ST_2 : Operation 492 [1/1] (0.00ns)   --->   "%br_ln134 = br void %arrayidx9113_2.exit" [/home/siyenga7/FPGA/attention_int8.cpp:134]   --->   Operation 492 'br' 'br_ln134' <Predicate = (trunc_ln131 == 2 & trunc_ln130 == 1)> <Delay = 0.00>
ST_2 : Operation 493 [1/1] (0.00ns)   --->   "%br_ln134 = br void %arrayidx9113_2.exit" [/home/siyenga7/FPGA/attention_int8.cpp:134]   --->   Operation 493 'br' 'br_ln134' <Predicate = (trunc_ln131 == 2 & trunc_ln130 == 0)> <Delay = 0.00>
ST_2 : Operation 494 [1/1] (0.00ns)   --->   "%br_ln134 = br void %arrayidx9113_2.exit" [/home/siyenga7/FPGA/attention_int8.cpp:134]   --->   Operation 494 'br' 'br_ln134' <Predicate = (trunc_ln131 == 2 & trunc_ln130 == 63)> <Delay = 0.00>
ST_2 : Operation 495 [1/1] (1.89ns)   --->   "%switch_ln134 = switch i6 %trunc_ln130, void %arrayidx9113_1.case.63, i6 0, void %arrayidx9113_1.case.0, i6 1, void %arrayidx9113_1.case.1, i6 2, void %arrayidx9113_1.case.2, i6 3, void %arrayidx9113_1.case.3, i6 4, void %arrayidx9113_1.case.4, i6 5, void %arrayidx9113_1.case.5, i6 6, void %arrayidx9113_1.case.6, i6 7, void %arrayidx9113_1.case.7, i6 8, void %arrayidx9113_1.case.8, i6 9, void %arrayidx9113_1.case.9, i6 10, void %arrayidx9113_1.case.10, i6 11, void %arrayidx9113_1.case.11, i6 12, void %arrayidx9113_1.case.12, i6 13, void %arrayidx9113_1.case.13, i6 14, void %arrayidx9113_1.case.14, i6 15, void %arrayidx9113_1.case.15, i6 16, void %arrayidx9113_1.case.16, i6 17, void %arrayidx9113_1.case.17, i6 18, void %arrayidx9113_1.case.18, i6 19, void %arrayidx9113_1.case.19, i6 20, void %arrayidx9113_1.case.20, i6 21, void %arrayidx9113_1.case.21, i6 22, void %arrayidx9113_1.case.22, i6 23, void %arrayidx9113_1.case.23, i6 24, void %arrayidx9113_1.case.24, i6 25, void %arrayidx9113_1.case.25, i6 26, void %arrayidx9113_1.case.26, i6 27, void %arrayidx9113_1.case.27, i6 28, void %arrayidx9113_1.case.28, i6 29, void %arrayidx9113_1.case.29, i6 30, void %arrayidx9113_1.case.30, i6 31, void %arrayidx9113_1.case.31, i6 32, void %arrayidx9113_1.case.32, i6 33, void %arrayidx9113_1.case.33, i6 34, void %arrayidx9113_1.case.34, i6 35, void %arrayidx9113_1.case.35, i6 36, void %arrayidx9113_1.case.36, i6 37, void %arrayidx9113_1.case.37, i6 38, void %arrayidx9113_1.case.38, i6 39, void %arrayidx9113_1.case.39, i6 40, void %arrayidx9113_1.case.40, i6 41, void %arrayidx9113_1.case.41, i6 42, void %arrayidx9113_1.case.42, i6 43, void %arrayidx9113_1.case.43, i6 44, void %arrayidx9113_1.case.44, i6 45, void %arrayidx9113_1.case.45, i6 46, void %arrayidx9113_1.case.46, i6 47, void %arrayidx9113_1.case.47, i6 48, void %arrayidx9113_1.case.48, i6 49, void %arrayidx9113_1.case.49, i6 50, void %arrayidx9113_1.case.50, i6 51, void %arrayidx9113_1.case.51, i6 52, void %arrayidx9113_1.case.52, i6 53, void %arrayidx9113_1.case.53, i6 54, void %arrayidx9113_1.case.54, i6 55, void %arrayidx9113_1.case.55, i6 56, void %arrayidx9113_1.case.56, i6 57, void %arrayidx9113_1.case.57, i6 58, void %arrayidx9113_1.case.58, i6 59, void %arrayidx9113_1.case.59, i6 60, void %arrayidx9113_1.case.60, i6 61, void %arrayidx9113_1.case.61, i6 62, void %arrayidx9113_1.case.62" [/home/siyenga7/FPGA/attention_int8.cpp:134]   --->   Operation 495 'switch' 'switch_ln134' <Predicate = (trunc_ln131 == 1)> <Delay = 1.89>
ST_2 : Operation 496 [1/1] (0.00ns)   --->   "%br_ln134 = br void %arrayidx9113_1.exit" [/home/siyenga7/FPGA/attention_int8.cpp:134]   --->   Operation 496 'br' 'br_ln134' <Predicate = (trunc_ln131 == 1 & trunc_ln130 == 62)> <Delay = 0.00>
ST_2 : Operation 497 [1/1] (0.00ns)   --->   "%br_ln134 = br void %arrayidx9113_1.exit" [/home/siyenga7/FPGA/attention_int8.cpp:134]   --->   Operation 497 'br' 'br_ln134' <Predicate = (trunc_ln131 == 1 & trunc_ln130 == 61)> <Delay = 0.00>
ST_2 : Operation 498 [1/1] (0.00ns)   --->   "%br_ln134 = br void %arrayidx9113_1.exit" [/home/siyenga7/FPGA/attention_int8.cpp:134]   --->   Operation 498 'br' 'br_ln134' <Predicate = (trunc_ln131 == 1 & trunc_ln130 == 60)> <Delay = 0.00>
ST_2 : Operation 499 [1/1] (0.00ns)   --->   "%br_ln134 = br void %arrayidx9113_1.exit" [/home/siyenga7/FPGA/attention_int8.cpp:134]   --->   Operation 499 'br' 'br_ln134' <Predicate = (trunc_ln131 == 1 & trunc_ln130 == 59)> <Delay = 0.00>
ST_2 : Operation 500 [1/1] (0.00ns)   --->   "%br_ln134 = br void %arrayidx9113_1.exit" [/home/siyenga7/FPGA/attention_int8.cpp:134]   --->   Operation 500 'br' 'br_ln134' <Predicate = (trunc_ln131 == 1 & trunc_ln130 == 58)> <Delay = 0.00>
ST_2 : Operation 501 [1/1] (0.00ns)   --->   "%br_ln134 = br void %arrayidx9113_1.exit" [/home/siyenga7/FPGA/attention_int8.cpp:134]   --->   Operation 501 'br' 'br_ln134' <Predicate = (trunc_ln131 == 1 & trunc_ln130 == 57)> <Delay = 0.00>
ST_2 : Operation 502 [1/1] (0.00ns)   --->   "%br_ln134 = br void %arrayidx9113_1.exit" [/home/siyenga7/FPGA/attention_int8.cpp:134]   --->   Operation 502 'br' 'br_ln134' <Predicate = (trunc_ln131 == 1 & trunc_ln130 == 56)> <Delay = 0.00>
ST_2 : Operation 503 [1/1] (0.00ns)   --->   "%br_ln134 = br void %arrayidx9113_1.exit" [/home/siyenga7/FPGA/attention_int8.cpp:134]   --->   Operation 503 'br' 'br_ln134' <Predicate = (trunc_ln131 == 1 & trunc_ln130 == 55)> <Delay = 0.00>
ST_2 : Operation 504 [1/1] (0.00ns)   --->   "%br_ln134 = br void %arrayidx9113_1.exit" [/home/siyenga7/FPGA/attention_int8.cpp:134]   --->   Operation 504 'br' 'br_ln134' <Predicate = (trunc_ln131 == 1 & trunc_ln130 == 54)> <Delay = 0.00>
ST_2 : Operation 505 [1/1] (0.00ns)   --->   "%br_ln134 = br void %arrayidx9113_1.exit" [/home/siyenga7/FPGA/attention_int8.cpp:134]   --->   Operation 505 'br' 'br_ln134' <Predicate = (trunc_ln131 == 1 & trunc_ln130 == 53)> <Delay = 0.00>
ST_2 : Operation 506 [1/1] (0.00ns)   --->   "%br_ln134 = br void %arrayidx9113_1.exit" [/home/siyenga7/FPGA/attention_int8.cpp:134]   --->   Operation 506 'br' 'br_ln134' <Predicate = (trunc_ln131 == 1 & trunc_ln130 == 52)> <Delay = 0.00>
ST_2 : Operation 507 [1/1] (0.00ns)   --->   "%br_ln134 = br void %arrayidx9113_1.exit" [/home/siyenga7/FPGA/attention_int8.cpp:134]   --->   Operation 507 'br' 'br_ln134' <Predicate = (trunc_ln131 == 1 & trunc_ln130 == 51)> <Delay = 0.00>
ST_2 : Operation 508 [1/1] (0.00ns)   --->   "%br_ln134 = br void %arrayidx9113_1.exit" [/home/siyenga7/FPGA/attention_int8.cpp:134]   --->   Operation 508 'br' 'br_ln134' <Predicate = (trunc_ln131 == 1 & trunc_ln130 == 50)> <Delay = 0.00>
ST_2 : Operation 509 [1/1] (0.00ns)   --->   "%br_ln134 = br void %arrayidx9113_1.exit" [/home/siyenga7/FPGA/attention_int8.cpp:134]   --->   Operation 509 'br' 'br_ln134' <Predicate = (trunc_ln131 == 1 & trunc_ln130 == 49)> <Delay = 0.00>
ST_2 : Operation 510 [1/1] (0.00ns)   --->   "%br_ln134 = br void %arrayidx9113_1.exit" [/home/siyenga7/FPGA/attention_int8.cpp:134]   --->   Operation 510 'br' 'br_ln134' <Predicate = (trunc_ln131 == 1 & trunc_ln130 == 48)> <Delay = 0.00>
ST_2 : Operation 511 [1/1] (0.00ns)   --->   "%br_ln134 = br void %arrayidx9113_1.exit" [/home/siyenga7/FPGA/attention_int8.cpp:134]   --->   Operation 511 'br' 'br_ln134' <Predicate = (trunc_ln131 == 1 & trunc_ln130 == 47)> <Delay = 0.00>
ST_2 : Operation 512 [1/1] (0.00ns)   --->   "%br_ln134 = br void %arrayidx9113_1.exit" [/home/siyenga7/FPGA/attention_int8.cpp:134]   --->   Operation 512 'br' 'br_ln134' <Predicate = (trunc_ln131 == 1 & trunc_ln130 == 46)> <Delay = 0.00>
ST_2 : Operation 513 [1/1] (0.00ns)   --->   "%br_ln134 = br void %arrayidx9113_1.exit" [/home/siyenga7/FPGA/attention_int8.cpp:134]   --->   Operation 513 'br' 'br_ln134' <Predicate = (trunc_ln131 == 1 & trunc_ln130 == 45)> <Delay = 0.00>
ST_2 : Operation 514 [1/1] (0.00ns)   --->   "%br_ln134 = br void %arrayidx9113_1.exit" [/home/siyenga7/FPGA/attention_int8.cpp:134]   --->   Operation 514 'br' 'br_ln134' <Predicate = (trunc_ln131 == 1 & trunc_ln130 == 44)> <Delay = 0.00>
ST_2 : Operation 515 [1/1] (0.00ns)   --->   "%br_ln134 = br void %arrayidx9113_1.exit" [/home/siyenga7/FPGA/attention_int8.cpp:134]   --->   Operation 515 'br' 'br_ln134' <Predicate = (trunc_ln131 == 1 & trunc_ln130 == 43)> <Delay = 0.00>
ST_2 : Operation 516 [1/1] (0.00ns)   --->   "%br_ln134 = br void %arrayidx9113_1.exit" [/home/siyenga7/FPGA/attention_int8.cpp:134]   --->   Operation 516 'br' 'br_ln134' <Predicate = (trunc_ln131 == 1 & trunc_ln130 == 42)> <Delay = 0.00>
ST_2 : Operation 517 [1/1] (0.00ns)   --->   "%br_ln134 = br void %arrayidx9113_1.exit" [/home/siyenga7/FPGA/attention_int8.cpp:134]   --->   Operation 517 'br' 'br_ln134' <Predicate = (trunc_ln131 == 1 & trunc_ln130 == 41)> <Delay = 0.00>
ST_2 : Operation 518 [1/1] (0.00ns)   --->   "%br_ln134 = br void %arrayidx9113_1.exit" [/home/siyenga7/FPGA/attention_int8.cpp:134]   --->   Operation 518 'br' 'br_ln134' <Predicate = (trunc_ln131 == 1 & trunc_ln130 == 40)> <Delay = 0.00>
ST_2 : Operation 519 [1/1] (0.00ns)   --->   "%br_ln134 = br void %arrayidx9113_1.exit" [/home/siyenga7/FPGA/attention_int8.cpp:134]   --->   Operation 519 'br' 'br_ln134' <Predicate = (trunc_ln131 == 1 & trunc_ln130 == 39)> <Delay = 0.00>
ST_2 : Operation 520 [1/1] (0.00ns)   --->   "%br_ln134 = br void %arrayidx9113_1.exit" [/home/siyenga7/FPGA/attention_int8.cpp:134]   --->   Operation 520 'br' 'br_ln134' <Predicate = (trunc_ln131 == 1 & trunc_ln130 == 38)> <Delay = 0.00>
ST_2 : Operation 521 [1/1] (0.00ns)   --->   "%br_ln134 = br void %arrayidx9113_1.exit" [/home/siyenga7/FPGA/attention_int8.cpp:134]   --->   Operation 521 'br' 'br_ln134' <Predicate = (trunc_ln131 == 1 & trunc_ln130 == 37)> <Delay = 0.00>
ST_2 : Operation 522 [1/1] (0.00ns)   --->   "%br_ln134 = br void %arrayidx9113_1.exit" [/home/siyenga7/FPGA/attention_int8.cpp:134]   --->   Operation 522 'br' 'br_ln134' <Predicate = (trunc_ln131 == 1 & trunc_ln130 == 36)> <Delay = 0.00>
ST_2 : Operation 523 [1/1] (0.00ns)   --->   "%br_ln134 = br void %arrayidx9113_1.exit" [/home/siyenga7/FPGA/attention_int8.cpp:134]   --->   Operation 523 'br' 'br_ln134' <Predicate = (trunc_ln131 == 1 & trunc_ln130 == 35)> <Delay = 0.00>
ST_2 : Operation 524 [1/1] (0.00ns)   --->   "%br_ln134 = br void %arrayidx9113_1.exit" [/home/siyenga7/FPGA/attention_int8.cpp:134]   --->   Operation 524 'br' 'br_ln134' <Predicate = (trunc_ln131 == 1 & trunc_ln130 == 34)> <Delay = 0.00>
ST_2 : Operation 525 [1/1] (0.00ns)   --->   "%br_ln134 = br void %arrayidx9113_1.exit" [/home/siyenga7/FPGA/attention_int8.cpp:134]   --->   Operation 525 'br' 'br_ln134' <Predicate = (trunc_ln131 == 1 & trunc_ln130 == 33)> <Delay = 0.00>
ST_2 : Operation 526 [1/1] (0.00ns)   --->   "%br_ln134 = br void %arrayidx9113_1.exit" [/home/siyenga7/FPGA/attention_int8.cpp:134]   --->   Operation 526 'br' 'br_ln134' <Predicate = (trunc_ln131 == 1 & trunc_ln130 == 32)> <Delay = 0.00>
ST_2 : Operation 527 [1/1] (0.00ns)   --->   "%br_ln134 = br void %arrayidx9113_1.exit" [/home/siyenga7/FPGA/attention_int8.cpp:134]   --->   Operation 527 'br' 'br_ln134' <Predicate = (trunc_ln131 == 1 & trunc_ln130 == 31)> <Delay = 0.00>
ST_2 : Operation 528 [1/1] (0.00ns)   --->   "%br_ln134 = br void %arrayidx9113_1.exit" [/home/siyenga7/FPGA/attention_int8.cpp:134]   --->   Operation 528 'br' 'br_ln134' <Predicate = (trunc_ln131 == 1 & trunc_ln130 == 30)> <Delay = 0.00>
ST_2 : Operation 529 [1/1] (0.00ns)   --->   "%br_ln134 = br void %arrayidx9113_1.exit" [/home/siyenga7/FPGA/attention_int8.cpp:134]   --->   Operation 529 'br' 'br_ln134' <Predicate = (trunc_ln131 == 1 & trunc_ln130 == 29)> <Delay = 0.00>
ST_2 : Operation 530 [1/1] (0.00ns)   --->   "%br_ln134 = br void %arrayidx9113_1.exit" [/home/siyenga7/FPGA/attention_int8.cpp:134]   --->   Operation 530 'br' 'br_ln134' <Predicate = (trunc_ln131 == 1 & trunc_ln130 == 28)> <Delay = 0.00>
ST_2 : Operation 531 [1/1] (0.00ns)   --->   "%br_ln134 = br void %arrayidx9113_1.exit" [/home/siyenga7/FPGA/attention_int8.cpp:134]   --->   Operation 531 'br' 'br_ln134' <Predicate = (trunc_ln131 == 1 & trunc_ln130 == 27)> <Delay = 0.00>
ST_2 : Operation 532 [1/1] (0.00ns)   --->   "%br_ln134 = br void %arrayidx9113_1.exit" [/home/siyenga7/FPGA/attention_int8.cpp:134]   --->   Operation 532 'br' 'br_ln134' <Predicate = (trunc_ln131 == 1 & trunc_ln130 == 26)> <Delay = 0.00>
ST_2 : Operation 533 [1/1] (0.00ns)   --->   "%br_ln134 = br void %arrayidx9113_1.exit" [/home/siyenga7/FPGA/attention_int8.cpp:134]   --->   Operation 533 'br' 'br_ln134' <Predicate = (trunc_ln131 == 1 & trunc_ln130 == 25)> <Delay = 0.00>
ST_2 : Operation 534 [1/1] (0.00ns)   --->   "%br_ln134 = br void %arrayidx9113_1.exit" [/home/siyenga7/FPGA/attention_int8.cpp:134]   --->   Operation 534 'br' 'br_ln134' <Predicate = (trunc_ln131 == 1 & trunc_ln130 == 24)> <Delay = 0.00>
ST_2 : Operation 535 [1/1] (0.00ns)   --->   "%br_ln134 = br void %arrayidx9113_1.exit" [/home/siyenga7/FPGA/attention_int8.cpp:134]   --->   Operation 535 'br' 'br_ln134' <Predicate = (trunc_ln131 == 1 & trunc_ln130 == 23)> <Delay = 0.00>
ST_2 : Operation 536 [1/1] (0.00ns)   --->   "%br_ln134 = br void %arrayidx9113_1.exit" [/home/siyenga7/FPGA/attention_int8.cpp:134]   --->   Operation 536 'br' 'br_ln134' <Predicate = (trunc_ln131 == 1 & trunc_ln130 == 22)> <Delay = 0.00>
ST_2 : Operation 537 [1/1] (0.00ns)   --->   "%br_ln134 = br void %arrayidx9113_1.exit" [/home/siyenga7/FPGA/attention_int8.cpp:134]   --->   Operation 537 'br' 'br_ln134' <Predicate = (trunc_ln131 == 1 & trunc_ln130 == 21)> <Delay = 0.00>
ST_2 : Operation 538 [1/1] (0.00ns)   --->   "%br_ln134 = br void %arrayidx9113_1.exit" [/home/siyenga7/FPGA/attention_int8.cpp:134]   --->   Operation 538 'br' 'br_ln134' <Predicate = (trunc_ln131 == 1 & trunc_ln130 == 20)> <Delay = 0.00>
ST_2 : Operation 539 [1/1] (0.00ns)   --->   "%br_ln134 = br void %arrayidx9113_1.exit" [/home/siyenga7/FPGA/attention_int8.cpp:134]   --->   Operation 539 'br' 'br_ln134' <Predicate = (trunc_ln131 == 1 & trunc_ln130 == 19)> <Delay = 0.00>
ST_2 : Operation 540 [1/1] (0.00ns)   --->   "%br_ln134 = br void %arrayidx9113_1.exit" [/home/siyenga7/FPGA/attention_int8.cpp:134]   --->   Operation 540 'br' 'br_ln134' <Predicate = (trunc_ln131 == 1 & trunc_ln130 == 18)> <Delay = 0.00>
ST_2 : Operation 541 [1/1] (0.00ns)   --->   "%br_ln134 = br void %arrayidx9113_1.exit" [/home/siyenga7/FPGA/attention_int8.cpp:134]   --->   Operation 541 'br' 'br_ln134' <Predicate = (trunc_ln131 == 1 & trunc_ln130 == 17)> <Delay = 0.00>
ST_2 : Operation 542 [1/1] (0.00ns)   --->   "%br_ln134 = br void %arrayidx9113_1.exit" [/home/siyenga7/FPGA/attention_int8.cpp:134]   --->   Operation 542 'br' 'br_ln134' <Predicate = (trunc_ln131 == 1 & trunc_ln130 == 16)> <Delay = 0.00>
ST_2 : Operation 543 [1/1] (0.00ns)   --->   "%br_ln134 = br void %arrayidx9113_1.exit" [/home/siyenga7/FPGA/attention_int8.cpp:134]   --->   Operation 543 'br' 'br_ln134' <Predicate = (trunc_ln131 == 1 & trunc_ln130 == 15)> <Delay = 0.00>
ST_2 : Operation 544 [1/1] (0.00ns)   --->   "%br_ln134 = br void %arrayidx9113_1.exit" [/home/siyenga7/FPGA/attention_int8.cpp:134]   --->   Operation 544 'br' 'br_ln134' <Predicate = (trunc_ln131 == 1 & trunc_ln130 == 14)> <Delay = 0.00>
ST_2 : Operation 545 [1/1] (0.00ns)   --->   "%br_ln134 = br void %arrayidx9113_1.exit" [/home/siyenga7/FPGA/attention_int8.cpp:134]   --->   Operation 545 'br' 'br_ln134' <Predicate = (trunc_ln131 == 1 & trunc_ln130 == 13)> <Delay = 0.00>
ST_2 : Operation 546 [1/1] (0.00ns)   --->   "%br_ln134 = br void %arrayidx9113_1.exit" [/home/siyenga7/FPGA/attention_int8.cpp:134]   --->   Operation 546 'br' 'br_ln134' <Predicate = (trunc_ln131 == 1 & trunc_ln130 == 12)> <Delay = 0.00>
ST_2 : Operation 547 [1/1] (0.00ns)   --->   "%br_ln134 = br void %arrayidx9113_1.exit" [/home/siyenga7/FPGA/attention_int8.cpp:134]   --->   Operation 547 'br' 'br_ln134' <Predicate = (trunc_ln131 == 1 & trunc_ln130 == 11)> <Delay = 0.00>
ST_2 : Operation 548 [1/1] (0.00ns)   --->   "%br_ln134 = br void %arrayidx9113_1.exit" [/home/siyenga7/FPGA/attention_int8.cpp:134]   --->   Operation 548 'br' 'br_ln134' <Predicate = (trunc_ln131 == 1 & trunc_ln130 == 10)> <Delay = 0.00>
ST_2 : Operation 549 [1/1] (0.00ns)   --->   "%br_ln134 = br void %arrayidx9113_1.exit" [/home/siyenga7/FPGA/attention_int8.cpp:134]   --->   Operation 549 'br' 'br_ln134' <Predicate = (trunc_ln131 == 1 & trunc_ln130 == 9)> <Delay = 0.00>
ST_2 : Operation 550 [1/1] (0.00ns)   --->   "%br_ln134 = br void %arrayidx9113_1.exit" [/home/siyenga7/FPGA/attention_int8.cpp:134]   --->   Operation 550 'br' 'br_ln134' <Predicate = (trunc_ln131 == 1 & trunc_ln130 == 8)> <Delay = 0.00>
ST_2 : Operation 551 [1/1] (0.00ns)   --->   "%br_ln134 = br void %arrayidx9113_1.exit" [/home/siyenga7/FPGA/attention_int8.cpp:134]   --->   Operation 551 'br' 'br_ln134' <Predicate = (trunc_ln131 == 1 & trunc_ln130 == 7)> <Delay = 0.00>
ST_2 : Operation 552 [1/1] (0.00ns)   --->   "%br_ln134 = br void %arrayidx9113_1.exit" [/home/siyenga7/FPGA/attention_int8.cpp:134]   --->   Operation 552 'br' 'br_ln134' <Predicate = (trunc_ln131 == 1 & trunc_ln130 == 6)> <Delay = 0.00>
ST_2 : Operation 553 [1/1] (0.00ns)   --->   "%br_ln134 = br void %arrayidx9113_1.exit" [/home/siyenga7/FPGA/attention_int8.cpp:134]   --->   Operation 553 'br' 'br_ln134' <Predicate = (trunc_ln131 == 1 & trunc_ln130 == 5)> <Delay = 0.00>
ST_2 : Operation 554 [1/1] (0.00ns)   --->   "%br_ln134 = br void %arrayidx9113_1.exit" [/home/siyenga7/FPGA/attention_int8.cpp:134]   --->   Operation 554 'br' 'br_ln134' <Predicate = (trunc_ln131 == 1 & trunc_ln130 == 4)> <Delay = 0.00>
ST_2 : Operation 555 [1/1] (0.00ns)   --->   "%br_ln134 = br void %arrayidx9113_1.exit" [/home/siyenga7/FPGA/attention_int8.cpp:134]   --->   Operation 555 'br' 'br_ln134' <Predicate = (trunc_ln131 == 1 & trunc_ln130 == 3)> <Delay = 0.00>
ST_2 : Operation 556 [1/1] (0.00ns)   --->   "%br_ln134 = br void %arrayidx9113_1.exit" [/home/siyenga7/FPGA/attention_int8.cpp:134]   --->   Operation 556 'br' 'br_ln134' <Predicate = (trunc_ln131 == 1 & trunc_ln130 == 2)> <Delay = 0.00>
ST_2 : Operation 557 [1/1] (0.00ns)   --->   "%br_ln134 = br void %arrayidx9113_1.exit" [/home/siyenga7/FPGA/attention_int8.cpp:134]   --->   Operation 557 'br' 'br_ln134' <Predicate = (trunc_ln131 == 1 & trunc_ln130 == 1)> <Delay = 0.00>
ST_2 : Operation 558 [1/1] (0.00ns)   --->   "%br_ln134 = br void %arrayidx9113_1.exit" [/home/siyenga7/FPGA/attention_int8.cpp:134]   --->   Operation 558 'br' 'br_ln134' <Predicate = (trunc_ln131 == 1 & trunc_ln130 == 0)> <Delay = 0.00>
ST_2 : Operation 559 [1/1] (0.00ns)   --->   "%br_ln134 = br void %arrayidx9113_1.exit" [/home/siyenga7/FPGA/attention_int8.cpp:134]   --->   Operation 559 'br' 'br_ln134' <Predicate = (trunc_ln131 == 1 & trunc_ln130 == 63)> <Delay = 0.00>
ST_2 : Operation 560 [1/1] (1.89ns)   --->   "%switch_ln134 = switch i6 %trunc_ln130, void %arrayidx9113_0.case.63, i6 0, void %arrayidx9113_0.case.0, i6 1, void %arrayidx9113_0.case.1, i6 2, void %arrayidx9113_0.case.2, i6 3, void %arrayidx9113_0.case.3, i6 4, void %arrayidx9113_0.case.4, i6 5, void %arrayidx9113_0.case.5, i6 6, void %arrayidx9113_0.case.6, i6 7, void %arrayidx9113_0.case.7, i6 8, void %arrayidx9113_0.case.8, i6 9, void %arrayidx9113_0.case.9, i6 10, void %arrayidx9113_0.case.10, i6 11, void %arrayidx9113_0.case.11, i6 12, void %arrayidx9113_0.case.12, i6 13, void %arrayidx9113_0.case.13, i6 14, void %arrayidx9113_0.case.14, i6 15, void %arrayidx9113_0.case.15, i6 16, void %arrayidx9113_0.case.16, i6 17, void %arrayidx9113_0.case.17, i6 18, void %arrayidx9113_0.case.18, i6 19, void %arrayidx9113_0.case.19, i6 20, void %arrayidx9113_0.case.20, i6 21, void %arrayidx9113_0.case.21, i6 22, void %arrayidx9113_0.case.22, i6 23, void %arrayidx9113_0.case.23, i6 24, void %arrayidx9113_0.case.24, i6 25, void %arrayidx9113_0.case.25, i6 26, void %arrayidx9113_0.case.26, i6 27, void %arrayidx9113_0.case.27, i6 28, void %arrayidx9113_0.case.28, i6 29, void %arrayidx9113_0.case.29, i6 30, void %arrayidx9113_0.case.30, i6 31, void %arrayidx9113_0.case.31, i6 32, void %arrayidx9113_0.case.32, i6 33, void %arrayidx9113_0.case.33, i6 34, void %arrayidx9113_0.case.34, i6 35, void %arrayidx9113_0.case.35, i6 36, void %arrayidx9113_0.case.36, i6 37, void %arrayidx9113_0.case.37, i6 38, void %arrayidx9113_0.case.38, i6 39, void %arrayidx9113_0.case.39, i6 40, void %arrayidx9113_0.case.40, i6 41, void %arrayidx9113_0.case.41, i6 42, void %arrayidx9113_0.case.42, i6 43, void %arrayidx9113_0.case.43, i6 44, void %arrayidx9113_0.case.44, i6 45, void %arrayidx9113_0.case.45, i6 46, void %arrayidx9113_0.case.46, i6 47, void %arrayidx9113_0.case.47, i6 48, void %arrayidx9113_0.case.48, i6 49, void %arrayidx9113_0.case.49, i6 50, void %arrayidx9113_0.case.50, i6 51, void %arrayidx9113_0.case.51, i6 52, void %arrayidx9113_0.case.52, i6 53, void %arrayidx9113_0.case.53, i6 54, void %arrayidx9113_0.case.54, i6 55, void %arrayidx9113_0.case.55, i6 56, void %arrayidx9113_0.case.56, i6 57, void %arrayidx9113_0.case.57, i6 58, void %arrayidx9113_0.case.58, i6 59, void %arrayidx9113_0.case.59, i6 60, void %arrayidx9113_0.case.60, i6 61, void %arrayidx9113_0.case.61, i6 62, void %arrayidx9113_0.case.62" [/home/siyenga7/FPGA/attention_int8.cpp:134]   --->   Operation 560 'switch' 'switch_ln134' <Predicate = (trunc_ln131 == 0)> <Delay = 1.89>
ST_2 : Operation 561 [1/1] (0.00ns)   --->   "%br_ln134 = br void %arrayidx9113_0.exit" [/home/siyenga7/FPGA/attention_int8.cpp:134]   --->   Operation 561 'br' 'br_ln134' <Predicate = (trunc_ln131 == 0 & trunc_ln130 == 62)> <Delay = 0.00>
ST_2 : Operation 562 [1/1] (0.00ns)   --->   "%br_ln134 = br void %arrayidx9113_0.exit" [/home/siyenga7/FPGA/attention_int8.cpp:134]   --->   Operation 562 'br' 'br_ln134' <Predicate = (trunc_ln131 == 0 & trunc_ln130 == 61)> <Delay = 0.00>
ST_2 : Operation 563 [1/1] (0.00ns)   --->   "%br_ln134 = br void %arrayidx9113_0.exit" [/home/siyenga7/FPGA/attention_int8.cpp:134]   --->   Operation 563 'br' 'br_ln134' <Predicate = (trunc_ln131 == 0 & trunc_ln130 == 60)> <Delay = 0.00>
ST_2 : Operation 564 [1/1] (0.00ns)   --->   "%br_ln134 = br void %arrayidx9113_0.exit" [/home/siyenga7/FPGA/attention_int8.cpp:134]   --->   Operation 564 'br' 'br_ln134' <Predicate = (trunc_ln131 == 0 & trunc_ln130 == 59)> <Delay = 0.00>
ST_2 : Operation 565 [1/1] (0.00ns)   --->   "%br_ln134 = br void %arrayidx9113_0.exit" [/home/siyenga7/FPGA/attention_int8.cpp:134]   --->   Operation 565 'br' 'br_ln134' <Predicate = (trunc_ln131 == 0 & trunc_ln130 == 58)> <Delay = 0.00>
ST_2 : Operation 566 [1/1] (0.00ns)   --->   "%br_ln134 = br void %arrayidx9113_0.exit" [/home/siyenga7/FPGA/attention_int8.cpp:134]   --->   Operation 566 'br' 'br_ln134' <Predicate = (trunc_ln131 == 0 & trunc_ln130 == 57)> <Delay = 0.00>
ST_2 : Operation 567 [1/1] (0.00ns)   --->   "%br_ln134 = br void %arrayidx9113_0.exit" [/home/siyenga7/FPGA/attention_int8.cpp:134]   --->   Operation 567 'br' 'br_ln134' <Predicate = (trunc_ln131 == 0 & trunc_ln130 == 56)> <Delay = 0.00>
ST_2 : Operation 568 [1/1] (0.00ns)   --->   "%br_ln134 = br void %arrayidx9113_0.exit" [/home/siyenga7/FPGA/attention_int8.cpp:134]   --->   Operation 568 'br' 'br_ln134' <Predicate = (trunc_ln131 == 0 & trunc_ln130 == 55)> <Delay = 0.00>
ST_2 : Operation 569 [1/1] (0.00ns)   --->   "%br_ln134 = br void %arrayidx9113_0.exit" [/home/siyenga7/FPGA/attention_int8.cpp:134]   --->   Operation 569 'br' 'br_ln134' <Predicate = (trunc_ln131 == 0 & trunc_ln130 == 54)> <Delay = 0.00>
ST_2 : Operation 570 [1/1] (0.00ns)   --->   "%br_ln134 = br void %arrayidx9113_0.exit" [/home/siyenga7/FPGA/attention_int8.cpp:134]   --->   Operation 570 'br' 'br_ln134' <Predicate = (trunc_ln131 == 0 & trunc_ln130 == 53)> <Delay = 0.00>
ST_2 : Operation 571 [1/1] (0.00ns)   --->   "%br_ln134 = br void %arrayidx9113_0.exit" [/home/siyenga7/FPGA/attention_int8.cpp:134]   --->   Operation 571 'br' 'br_ln134' <Predicate = (trunc_ln131 == 0 & trunc_ln130 == 52)> <Delay = 0.00>
ST_2 : Operation 572 [1/1] (0.00ns)   --->   "%br_ln134 = br void %arrayidx9113_0.exit" [/home/siyenga7/FPGA/attention_int8.cpp:134]   --->   Operation 572 'br' 'br_ln134' <Predicate = (trunc_ln131 == 0 & trunc_ln130 == 51)> <Delay = 0.00>
ST_2 : Operation 573 [1/1] (0.00ns)   --->   "%br_ln134 = br void %arrayidx9113_0.exit" [/home/siyenga7/FPGA/attention_int8.cpp:134]   --->   Operation 573 'br' 'br_ln134' <Predicate = (trunc_ln131 == 0 & trunc_ln130 == 50)> <Delay = 0.00>
ST_2 : Operation 574 [1/1] (0.00ns)   --->   "%br_ln134 = br void %arrayidx9113_0.exit" [/home/siyenga7/FPGA/attention_int8.cpp:134]   --->   Operation 574 'br' 'br_ln134' <Predicate = (trunc_ln131 == 0 & trunc_ln130 == 49)> <Delay = 0.00>
ST_2 : Operation 575 [1/1] (0.00ns)   --->   "%br_ln134 = br void %arrayidx9113_0.exit" [/home/siyenga7/FPGA/attention_int8.cpp:134]   --->   Operation 575 'br' 'br_ln134' <Predicate = (trunc_ln131 == 0 & trunc_ln130 == 48)> <Delay = 0.00>
ST_2 : Operation 576 [1/1] (0.00ns)   --->   "%br_ln134 = br void %arrayidx9113_0.exit" [/home/siyenga7/FPGA/attention_int8.cpp:134]   --->   Operation 576 'br' 'br_ln134' <Predicate = (trunc_ln131 == 0 & trunc_ln130 == 47)> <Delay = 0.00>
ST_2 : Operation 577 [1/1] (0.00ns)   --->   "%br_ln134 = br void %arrayidx9113_0.exit" [/home/siyenga7/FPGA/attention_int8.cpp:134]   --->   Operation 577 'br' 'br_ln134' <Predicate = (trunc_ln131 == 0 & trunc_ln130 == 46)> <Delay = 0.00>
ST_2 : Operation 578 [1/1] (0.00ns)   --->   "%br_ln134 = br void %arrayidx9113_0.exit" [/home/siyenga7/FPGA/attention_int8.cpp:134]   --->   Operation 578 'br' 'br_ln134' <Predicate = (trunc_ln131 == 0 & trunc_ln130 == 45)> <Delay = 0.00>
ST_2 : Operation 579 [1/1] (0.00ns)   --->   "%br_ln134 = br void %arrayidx9113_0.exit" [/home/siyenga7/FPGA/attention_int8.cpp:134]   --->   Operation 579 'br' 'br_ln134' <Predicate = (trunc_ln131 == 0 & trunc_ln130 == 44)> <Delay = 0.00>
ST_2 : Operation 580 [1/1] (0.00ns)   --->   "%br_ln134 = br void %arrayidx9113_0.exit" [/home/siyenga7/FPGA/attention_int8.cpp:134]   --->   Operation 580 'br' 'br_ln134' <Predicate = (trunc_ln131 == 0 & trunc_ln130 == 43)> <Delay = 0.00>
ST_2 : Operation 581 [1/1] (0.00ns)   --->   "%br_ln134 = br void %arrayidx9113_0.exit" [/home/siyenga7/FPGA/attention_int8.cpp:134]   --->   Operation 581 'br' 'br_ln134' <Predicate = (trunc_ln131 == 0 & trunc_ln130 == 42)> <Delay = 0.00>
ST_2 : Operation 582 [1/1] (0.00ns)   --->   "%br_ln134 = br void %arrayidx9113_0.exit" [/home/siyenga7/FPGA/attention_int8.cpp:134]   --->   Operation 582 'br' 'br_ln134' <Predicate = (trunc_ln131 == 0 & trunc_ln130 == 41)> <Delay = 0.00>
ST_2 : Operation 583 [1/1] (0.00ns)   --->   "%br_ln134 = br void %arrayidx9113_0.exit" [/home/siyenga7/FPGA/attention_int8.cpp:134]   --->   Operation 583 'br' 'br_ln134' <Predicate = (trunc_ln131 == 0 & trunc_ln130 == 40)> <Delay = 0.00>
ST_2 : Operation 584 [1/1] (0.00ns)   --->   "%br_ln134 = br void %arrayidx9113_0.exit" [/home/siyenga7/FPGA/attention_int8.cpp:134]   --->   Operation 584 'br' 'br_ln134' <Predicate = (trunc_ln131 == 0 & trunc_ln130 == 39)> <Delay = 0.00>
ST_2 : Operation 585 [1/1] (0.00ns)   --->   "%br_ln134 = br void %arrayidx9113_0.exit" [/home/siyenga7/FPGA/attention_int8.cpp:134]   --->   Operation 585 'br' 'br_ln134' <Predicate = (trunc_ln131 == 0 & trunc_ln130 == 38)> <Delay = 0.00>
ST_2 : Operation 586 [1/1] (0.00ns)   --->   "%br_ln134 = br void %arrayidx9113_0.exit" [/home/siyenga7/FPGA/attention_int8.cpp:134]   --->   Operation 586 'br' 'br_ln134' <Predicate = (trunc_ln131 == 0 & trunc_ln130 == 37)> <Delay = 0.00>
ST_2 : Operation 587 [1/1] (0.00ns)   --->   "%br_ln134 = br void %arrayidx9113_0.exit" [/home/siyenga7/FPGA/attention_int8.cpp:134]   --->   Operation 587 'br' 'br_ln134' <Predicate = (trunc_ln131 == 0 & trunc_ln130 == 36)> <Delay = 0.00>
ST_2 : Operation 588 [1/1] (0.00ns)   --->   "%br_ln134 = br void %arrayidx9113_0.exit" [/home/siyenga7/FPGA/attention_int8.cpp:134]   --->   Operation 588 'br' 'br_ln134' <Predicate = (trunc_ln131 == 0 & trunc_ln130 == 35)> <Delay = 0.00>
ST_2 : Operation 589 [1/1] (0.00ns)   --->   "%br_ln134 = br void %arrayidx9113_0.exit" [/home/siyenga7/FPGA/attention_int8.cpp:134]   --->   Operation 589 'br' 'br_ln134' <Predicate = (trunc_ln131 == 0 & trunc_ln130 == 34)> <Delay = 0.00>
ST_2 : Operation 590 [1/1] (0.00ns)   --->   "%br_ln134 = br void %arrayidx9113_0.exit" [/home/siyenga7/FPGA/attention_int8.cpp:134]   --->   Operation 590 'br' 'br_ln134' <Predicate = (trunc_ln131 == 0 & trunc_ln130 == 33)> <Delay = 0.00>
ST_2 : Operation 591 [1/1] (0.00ns)   --->   "%br_ln134 = br void %arrayidx9113_0.exit" [/home/siyenga7/FPGA/attention_int8.cpp:134]   --->   Operation 591 'br' 'br_ln134' <Predicate = (trunc_ln131 == 0 & trunc_ln130 == 32)> <Delay = 0.00>
ST_2 : Operation 592 [1/1] (0.00ns)   --->   "%br_ln134 = br void %arrayidx9113_0.exit" [/home/siyenga7/FPGA/attention_int8.cpp:134]   --->   Operation 592 'br' 'br_ln134' <Predicate = (trunc_ln131 == 0 & trunc_ln130 == 31)> <Delay = 0.00>
ST_2 : Operation 593 [1/1] (0.00ns)   --->   "%br_ln134 = br void %arrayidx9113_0.exit" [/home/siyenga7/FPGA/attention_int8.cpp:134]   --->   Operation 593 'br' 'br_ln134' <Predicate = (trunc_ln131 == 0 & trunc_ln130 == 30)> <Delay = 0.00>
ST_2 : Operation 594 [1/1] (0.00ns)   --->   "%br_ln134 = br void %arrayidx9113_0.exit" [/home/siyenga7/FPGA/attention_int8.cpp:134]   --->   Operation 594 'br' 'br_ln134' <Predicate = (trunc_ln131 == 0 & trunc_ln130 == 29)> <Delay = 0.00>
ST_2 : Operation 595 [1/1] (0.00ns)   --->   "%br_ln134 = br void %arrayidx9113_0.exit" [/home/siyenga7/FPGA/attention_int8.cpp:134]   --->   Operation 595 'br' 'br_ln134' <Predicate = (trunc_ln131 == 0 & trunc_ln130 == 28)> <Delay = 0.00>
ST_2 : Operation 596 [1/1] (0.00ns)   --->   "%br_ln134 = br void %arrayidx9113_0.exit" [/home/siyenga7/FPGA/attention_int8.cpp:134]   --->   Operation 596 'br' 'br_ln134' <Predicate = (trunc_ln131 == 0 & trunc_ln130 == 27)> <Delay = 0.00>
ST_2 : Operation 597 [1/1] (0.00ns)   --->   "%br_ln134 = br void %arrayidx9113_0.exit" [/home/siyenga7/FPGA/attention_int8.cpp:134]   --->   Operation 597 'br' 'br_ln134' <Predicate = (trunc_ln131 == 0 & trunc_ln130 == 26)> <Delay = 0.00>
ST_2 : Operation 598 [1/1] (0.00ns)   --->   "%br_ln134 = br void %arrayidx9113_0.exit" [/home/siyenga7/FPGA/attention_int8.cpp:134]   --->   Operation 598 'br' 'br_ln134' <Predicate = (trunc_ln131 == 0 & trunc_ln130 == 25)> <Delay = 0.00>
ST_2 : Operation 599 [1/1] (0.00ns)   --->   "%br_ln134 = br void %arrayidx9113_0.exit" [/home/siyenga7/FPGA/attention_int8.cpp:134]   --->   Operation 599 'br' 'br_ln134' <Predicate = (trunc_ln131 == 0 & trunc_ln130 == 24)> <Delay = 0.00>
ST_2 : Operation 600 [1/1] (0.00ns)   --->   "%br_ln134 = br void %arrayidx9113_0.exit" [/home/siyenga7/FPGA/attention_int8.cpp:134]   --->   Operation 600 'br' 'br_ln134' <Predicate = (trunc_ln131 == 0 & trunc_ln130 == 23)> <Delay = 0.00>
ST_2 : Operation 601 [1/1] (0.00ns)   --->   "%br_ln134 = br void %arrayidx9113_0.exit" [/home/siyenga7/FPGA/attention_int8.cpp:134]   --->   Operation 601 'br' 'br_ln134' <Predicate = (trunc_ln131 == 0 & trunc_ln130 == 22)> <Delay = 0.00>
ST_2 : Operation 602 [1/1] (0.00ns)   --->   "%br_ln134 = br void %arrayidx9113_0.exit" [/home/siyenga7/FPGA/attention_int8.cpp:134]   --->   Operation 602 'br' 'br_ln134' <Predicate = (trunc_ln131 == 0 & trunc_ln130 == 21)> <Delay = 0.00>
ST_2 : Operation 603 [1/1] (0.00ns)   --->   "%br_ln134 = br void %arrayidx9113_0.exit" [/home/siyenga7/FPGA/attention_int8.cpp:134]   --->   Operation 603 'br' 'br_ln134' <Predicate = (trunc_ln131 == 0 & trunc_ln130 == 20)> <Delay = 0.00>
ST_2 : Operation 604 [1/1] (0.00ns)   --->   "%br_ln134 = br void %arrayidx9113_0.exit" [/home/siyenga7/FPGA/attention_int8.cpp:134]   --->   Operation 604 'br' 'br_ln134' <Predicate = (trunc_ln131 == 0 & trunc_ln130 == 19)> <Delay = 0.00>
ST_2 : Operation 605 [1/1] (0.00ns)   --->   "%br_ln134 = br void %arrayidx9113_0.exit" [/home/siyenga7/FPGA/attention_int8.cpp:134]   --->   Operation 605 'br' 'br_ln134' <Predicate = (trunc_ln131 == 0 & trunc_ln130 == 18)> <Delay = 0.00>
ST_2 : Operation 606 [1/1] (0.00ns)   --->   "%br_ln134 = br void %arrayidx9113_0.exit" [/home/siyenga7/FPGA/attention_int8.cpp:134]   --->   Operation 606 'br' 'br_ln134' <Predicate = (trunc_ln131 == 0 & trunc_ln130 == 17)> <Delay = 0.00>
ST_2 : Operation 607 [1/1] (0.00ns)   --->   "%br_ln134 = br void %arrayidx9113_0.exit" [/home/siyenga7/FPGA/attention_int8.cpp:134]   --->   Operation 607 'br' 'br_ln134' <Predicate = (trunc_ln131 == 0 & trunc_ln130 == 16)> <Delay = 0.00>
ST_2 : Operation 608 [1/1] (0.00ns)   --->   "%br_ln134 = br void %arrayidx9113_0.exit" [/home/siyenga7/FPGA/attention_int8.cpp:134]   --->   Operation 608 'br' 'br_ln134' <Predicate = (trunc_ln131 == 0 & trunc_ln130 == 15)> <Delay = 0.00>
ST_2 : Operation 609 [1/1] (0.00ns)   --->   "%br_ln134 = br void %arrayidx9113_0.exit" [/home/siyenga7/FPGA/attention_int8.cpp:134]   --->   Operation 609 'br' 'br_ln134' <Predicate = (trunc_ln131 == 0 & trunc_ln130 == 14)> <Delay = 0.00>
ST_2 : Operation 610 [1/1] (0.00ns)   --->   "%br_ln134 = br void %arrayidx9113_0.exit" [/home/siyenga7/FPGA/attention_int8.cpp:134]   --->   Operation 610 'br' 'br_ln134' <Predicate = (trunc_ln131 == 0 & trunc_ln130 == 13)> <Delay = 0.00>
ST_2 : Operation 611 [1/1] (0.00ns)   --->   "%br_ln134 = br void %arrayidx9113_0.exit" [/home/siyenga7/FPGA/attention_int8.cpp:134]   --->   Operation 611 'br' 'br_ln134' <Predicate = (trunc_ln131 == 0 & trunc_ln130 == 12)> <Delay = 0.00>
ST_2 : Operation 612 [1/1] (0.00ns)   --->   "%br_ln134 = br void %arrayidx9113_0.exit" [/home/siyenga7/FPGA/attention_int8.cpp:134]   --->   Operation 612 'br' 'br_ln134' <Predicate = (trunc_ln131 == 0 & trunc_ln130 == 11)> <Delay = 0.00>
ST_2 : Operation 613 [1/1] (0.00ns)   --->   "%br_ln134 = br void %arrayidx9113_0.exit" [/home/siyenga7/FPGA/attention_int8.cpp:134]   --->   Operation 613 'br' 'br_ln134' <Predicate = (trunc_ln131 == 0 & trunc_ln130 == 10)> <Delay = 0.00>
ST_2 : Operation 614 [1/1] (0.00ns)   --->   "%br_ln134 = br void %arrayidx9113_0.exit" [/home/siyenga7/FPGA/attention_int8.cpp:134]   --->   Operation 614 'br' 'br_ln134' <Predicate = (trunc_ln131 == 0 & trunc_ln130 == 9)> <Delay = 0.00>
ST_2 : Operation 615 [1/1] (0.00ns)   --->   "%br_ln134 = br void %arrayidx9113_0.exit" [/home/siyenga7/FPGA/attention_int8.cpp:134]   --->   Operation 615 'br' 'br_ln134' <Predicate = (trunc_ln131 == 0 & trunc_ln130 == 8)> <Delay = 0.00>
ST_2 : Operation 616 [1/1] (0.00ns)   --->   "%br_ln134 = br void %arrayidx9113_0.exit" [/home/siyenga7/FPGA/attention_int8.cpp:134]   --->   Operation 616 'br' 'br_ln134' <Predicate = (trunc_ln131 == 0 & trunc_ln130 == 7)> <Delay = 0.00>
ST_2 : Operation 617 [1/1] (0.00ns)   --->   "%br_ln134 = br void %arrayidx9113_0.exit" [/home/siyenga7/FPGA/attention_int8.cpp:134]   --->   Operation 617 'br' 'br_ln134' <Predicate = (trunc_ln131 == 0 & trunc_ln130 == 6)> <Delay = 0.00>
ST_2 : Operation 618 [1/1] (0.00ns)   --->   "%br_ln134 = br void %arrayidx9113_0.exit" [/home/siyenga7/FPGA/attention_int8.cpp:134]   --->   Operation 618 'br' 'br_ln134' <Predicate = (trunc_ln131 == 0 & trunc_ln130 == 5)> <Delay = 0.00>
ST_2 : Operation 619 [1/1] (0.00ns)   --->   "%br_ln134 = br void %arrayidx9113_0.exit" [/home/siyenga7/FPGA/attention_int8.cpp:134]   --->   Operation 619 'br' 'br_ln134' <Predicate = (trunc_ln131 == 0 & trunc_ln130 == 4)> <Delay = 0.00>
ST_2 : Operation 620 [1/1] (0.00ns)   --->   "%br_ln134 = br void %arrayidx9113_0.exit" [/home/siyenga7/FPGA/attention_int8.cpp:134]   --->   Operation 620 'br' 'br_ln134' <Predicate = (trunc_ln131 == 0 & trunc_ln130 == 3)> <Delay = 0.00>
ST_2 : Operation 621 [1/1] (0.00ns)   --->   "%br_ln134 = br void %arrayidx9113_0.exit" [/home/siyenga7/FPGA/attention_int8.cpp:134]   --->   Operation 621 'br' 'br_ln134' <Predicate = (trunc_ln131 == 0 & trunc_ln130 == 2)> <Delay = 0.00>
ST_2 : Operation 622 [1/1] (0.00ns)   --->   "%br_ln134 = br void %arrayidx9113_0.exit" [/home/siyenga7/FPGA/attention_int8.cpp:134]   --->   Operation 622 'br' 'br_ln134' <Predicate = (trunc_ln131 == 0 & trunc_ln130 == 1)> <Delay = 0.00>
ST_2 : Operation 623 [1/1] (0.00ns)   --->   "%br_ln134 = br void %arrayidx9113_0.exit" [/home/siyenga7/FPGA/attention_int8.cpp:134]   --->   Operation 623 'br' 'br_ln134' <Predicate = (trunc_ln131 == 0 & trunc_ln130 == 0)> <Delay = 0.00>
ST_2 : Operation 624 [1/1] (0.00ns)   --->   "%br_ln134 = br void %arrayidx9113_0.exit" [/home/siyenga7/FPGA/attention_int8.cpp:134]   --->   Operation 624 'br' 'br_ln134' <Predicate = (trunc_ln131 == 0 & trunc_ln130 == 63)> <Delay = 0.00>
ST_2 : Operation 625 [1/1] (1.89ns)   --->   "%switch_ln134 = switch i6 %trunc_ln130, void %arrayidx9113_7.case.63, i6 0, void %arrayidx9113_7.case.0, i6 1, void %arrayidx9113_7.case.1, i6 2, void %arrayidx9113_7.case.2, i6 3, void %arrayidx9113_7.case.3, i6 4, void %arrayidx9113_7.case.4, i6 5, void %arrayidx9113_7.case.5, i6 6, void %arrayidx9113_7.case.6, i6 7, void %arrayidx9113_7.case.7, i6 8, void %arrayidx9113_7.case.8, i6 9, void %arrayidx9113_7.case.9, i6 10, void %arrayidx9113_7.case.10, i6 11, void %arrayidx9113_7.case.11, i6 12, void %arrayidx9113_7.case.12, i6 13, void %arrayidx9113_7.case.13, i6 14, void %arrayidx9113_7.case.14, i6 15, void %arrayidx9113_7.case.15, i6 16, void %arrayidx9113_7.case.16, i6 17, void %arrayidx9113_7.case.17, i6 18, void %arrayidx9113_7.case.18, i6 19, void %arrayidx9113_7.case.19, i6 20, void %arrayidx9113_7.case.20, i6 21, void %arrayidx9113_7.case.21, i6 22, void %arrayidx9113_7.case.22, i6 23, void %arrayidx9113_7.case.23, i6 24, void %arrayidx9113_7.case.24, i6 25, void %arrayidx9113_7.case.25, i6 26, void %arrayidx9113_7.case.26, i6 27, void %arrayidx9113_7.case.27, i6 28, void %arrayidx9113_7.case.28, i6 29, void %arrayidx9113_7.case.29, i6 30, void %arrayidx9113_7.case.30, i6 31, void %arrayidx9113_7.case.31, i6 32, void %arrayidx9113_7.case.32, i6 33, void %arrayidx9113_7.case.33, i6 34, void %arrayidx9113_7.case.34, i6 35, void %arrayidx9113_7.case.35, i6 36, void %arrayidx9113_7.case.36, i6 37, void %arrayidx9113_7.case.37, i6 38, void %arrayidx9113_7.case.38, i6 39, void %arrayidx9113_7.case.39, i6 40, void %arrayidx9113_7.case.40, i6 41, void %arrayidx9113_7.case.41, i6 42, void %arrayidx9113_7.case.42, i6 43, void %arrayidx9113_7.case.43, i6 44, void %arrayidx9113_7.case.44, i6 45, void %arrayidx9113_7.case.45, i6 46, void %arrayidx9113_7.case.46, i6 47, void %arrayidx9113_7.case.47, i6 48, void %arrayidx9113_7.case.48, i6 49, void %arrayidx9113_7.case.49, i6 50, void %arrayidx9113_7.case.50, i6 51, void %arrayidx9113_7.case.51, i6 52, void %arrayidx9113_7.case.52, i6 53, void %arrayidx9113_7.case.53, i6 54, void %arrayidx9113_7.case.54, i6 55, void %arrayidx9113_7.case.55, i6 56, void %arrayidx9113_7.case.56, i6 57, void %arrayidx9113_7.case.57, i6 58, void %arrayidx9113_7.case.58, i6 59, void %arrayidx9113_7.case.59, i6 60, void %arrayidx9113_7.case.60, i6 61, void %arrayidx9113_7.case.61, i6 62, void %arrayidx9113_7.case.62" [/home/siyenga7/FPGA/attention_int8.cpp:134]   --->   Operation 625 'switch' 'switch_ln134' <Predicate = (trunc_ln131 == 7)> <Delay = 1.89>
ST_2 : Operation 626 [1/1] (0.00ns)   --->   "%br_ln134 = br void %arrayidx9113_7.exit" [/home/siyenga7/FPGA/attention_int8.cpp:134]   --->   Operation 626 'br' 'br_ln134' <Predicate = (trunc_ln131 == 7 & trunc_ln130 == 62)> <Delay = 0.00>
ST_2 : Operation 627 [1/1] (0.00ns)   --->   "%br_ln134 = br void %arrayidx9113_7.exit" [/home/siyenga7/FPGA/attention_int8.cpp:134]   --->   Operation 627 'br' 'br_ln134' <Predicate = (trunc_ln131 == 7 & trunc_ln130 == 61)> <Delay = 0.00>
ST_2 : Operation 628 [1/1] (0.00ns)   --->   "%br_ln134 = br void %arrayidx9113_7.exit" [/home/siyenga7/FPGA/attention_int8.cpp:134]   --->   Operation 628 'br' 'br_ln134' <Predicate = (trunc_ln131 == 7 & trunc_ln130 == 60)> <Delay = 0.00>
ST_2 : Operation 629 [1/1] (0.00ns)   --->   "%br_ln134 = br void %arrayidx9113_7.exit" [/home/siyenga7/FPGA/attention_int8.cpp:134]   --->   Operation 629 'br' 'br_ln134' <Predicate = (trunc_ln131 == 7 & trunc_ln130 == 59)> <Delay = 0.00>
ST_2 : Operation 630 [1/1] (0.00ns)   --->   "%br_ln134 = br void %arrayidx9113_7.exit" [/home/siyenga7/FPGA/attention_int8.cpp:134]   --->   Operation 630 'br' 'br_ln134' <Predicate = (trunc_ln131 == 7 & trunc_ln130 == 58)> <Delay = 0.00>
ST_2 : Operation 631 [1/1] (0.00ns)   --->   "%br_ln134 = br void %arrayidx9113_7.exit" [/home/siyenga7/FPGA/attention_int8.cpp:134]   --->   Operation 631 'br' 'br_ln134' <Predicate = (trunc_ln131 == 7 & trunc_ln130 == 57)> <Delay = 0.00>
ST_2 : Operation 632 [1/1] (0.00ns)   --->   "%br_ln134 = br void %arrayidx9113_7.exit" [/home/siyenga7/FPGA/attention_int8.cpp:134]   --->   Operation 632 'br' 'br_ln134' <Predicate = (trunc_ln131 == 7 & trunc_ln130 == 56)> <Delay = 0.00>
ST_2 : Operation 633 [1/1] (0.00ns)   --->   "%br_ln134 = br void %arrayidx9113_7.exit" [/home/siyenga7/FPGA/attention_int8.cpp:134]   --->   Operation 633 'br' 'br_ln134' <Predicate = (trunc_ln131 == 7 & trunc_ln130 == 55)> <Delay = 0.00>
ST_2 : Operation 634 [1/1] (0.00ns)   --->   "%br_ln134 = br void %arrayidx9113_7.exit" [/home/siyenga7/FPGA/attention_int8.cpp:134]   --->   Operation 634 'br' 'br_ln134' <Predicate = (trunc_ln131 == 7 & trunc_ln130 == 54)> <Delay = 0.00>
ST_2 : Operation 635 [1/1] (0.00ns)   --->   "%br_ln134 = br void %arrayidx9113_7.exit" [/home/siyenga7/FPGA/attention_int8.cpp:134]   --->   Operation 635 'br' 'br_ln134' <Predicate = (trunc_ln131 == 7 & trunc_ln130 == 53)> <Delay = 0.00>
ST_2 : Operation 636 [1/1] (0.00ns)   --->   "%br_ln134 = br void %arrayidx9113_7.exit" [/home/siyenga7/FPGA/attention_int8.cpp:134]   --->   Operation 636 'br' 'br_ln134' <Predicate = (trunc_ln131 == 7 & trunc_ln130 == 52)> <Delay = 0.00>
ST_2 : Operation 637 [1/1] (0.00ns)   --->   "%br_ln134 = br void %arrayidx9113_7.exit" [/home/siyenga7/FPGA/attention_int8.cpp:134]   --->   Operation 637 'br' 'br_ln134' <Predicate = (trunc_ln131 == 7 & trunc_ln130 == 51)> <Delay = 0.00>
ST_2 : Operation 638 [1/1] (0.00ns)   --->   "%br_ln134 = br void %arrayidx9113_7.exit" [/home/siyenga7/FPGA/attention_int8.cpp:134]   --->   Operation 638 'br' 'br_ln134' <Predicate = (trunc_ln131 == 7 & trunc_ln130 == 50)> <Delay = 0.00>
ST_2 : Operation 639 [1/1] (0.00ns)   --->   "%br_ln134 = br void %arrayidx9113_7.exit" [/home/siyenga7/FPGA/attention_int8.cpp:134]   --->   Operation 639 'br' 'br_ln134' <Predicate = (trunc_ln131 == 7 & trunc_ln130 == 49)> <Delay = 0.00>
ST_2 : Operation 640 [1/1] (0.00ns)   --->   "%br_ln134 = br void %arrayidx9113_7.exit" [/home/siyenga7/FPGA/attention_int8.cpp:134]   --->   Operation 640 'br' 'br_ln134' <Predicate = (trunc_ln131 == 7 & trunc_ln130 == 48)> <Delay = 0.00>
ST_2 : Operation 641 [1/1] (0.00ns)   --->   "%br_ln134 = br void %arrayidx9113_7.exit" [/home/siyenga7/FPGA/attention_int8.cpp:134]   --->   Operation 641 'br' 'br_ln134' <Predicate = (trunc_ln131 == 7 & trunc_ln130 == 47)> <Delay = 0.00>
ST_2 : Operation 642 [1/1] (0.00ns)   --->   "%br_ln134 = br void %arrayidx9113_7.exit" [/home/siyenga7/FPGA/attention_int8.cpp:134]   --->   Operation 642 'br' 'br_ln134' <Predicate = (trunc_ln131 == 7 & trunc_ln130 == 46)> <Delay = 0.00>
ST_2 : Operation 643 [1/1] (0.00ns)   --->   "%br_ln134 = br void %arrayidx9113_7.exit" [/home/siyenga7/FPGA/attention_int8.cpp:134]   --->   Operation 643 'br' 'br_ln134' <Predicate = (trunc_ln131 == 7 & trunc_ln130 == 45)> <Delay = 0.00>
ST_2 : Operation 644 [1/1] (0.00ns)   --->   "%br_ln134 = br void %arrayidx9113_7.exit" [/home/siyenga7/FPGA/attention_int8.cpp:134]   --->   Operation 644 'br' 'br_ln134' <Predicate = (trunc_ln131 == 7 & trunc_ln130 == 44)> <Delay = 0.00>
ST_2 : Operation 645 [1/1] (0.00ns)   --->   "%br_ln134 = br void %arrayidx9113_7.exit" [/home/siyenga7/FPGA/attention_int8.cpp:134]   --->   Operation 645 'br' 'br_ln134' <Predicate = (trunc_ln131 == 7 & trunc_ln130 == 43)> <Delay = 0.00>
ST_2 : Operation 646 [1/1] (0.00ns)   --->   "%br_ln134 = br void %arrayidx9113_7.exit" [/home/siyenga7/FPGA/attention_int8.cpp:134]   --->   Operation 646 'br' 'br_ln134' <Predicate = (trunc_ln131 == 7 & trunc_ln130 == 42)> <Delay = 0.00>
ST_2 : Operation 647 [1/1] (0.00ns)   --->   "%br_ln134 = br void %arrayidx9113_7.exit" [/home/siyenga7/FPGA/attention_int8.cpp:134]   --->   Operation 647 'br' 'br_ln134' <Predicate = (trunc_ln131 == 7 & trunc_ln130 == 41)> <Delay = 0.00>
ST_2 : Operation 648 [1/1] (0.00ns)   --->   "%br_ln134 = br void %arrayidx9113_7.exit" [/home/siyenga7/FPGA/attention_int8.cpp:134]   --->   Operation 648 'br' 'br_ln134' <Predicate = (trunc_ln131 == 7 & trunc_ln130 == 40)> <Delay = 0.00>
ST_2 : Operation 649 [1/1] (0.00ns)   --->   "%br_ln134 = br void %arrayidx9113_7.exit" [/home/siyenga7/FPGA/attention_int8.cpp:134]   --->   Operation 649 'br' 'br_ln134' <Predicate = (trunc_ln131 == 7 & trunc_ln130 == 39)> <Delay = 0.00>
ST_2 : Operation 650 [1/1] (0.00ns)   --->   "%br_ln134 = br void %arrayidx9113_7.exit" [/home/siyenga7/FPGA/attention_int8.cpp:134]   --->   Operation 650 'br' 'br_ln134' <Predicate = (trunc_ln131 == 7 & trunc_ln130 == 38)> <Delay = 0.00>
ST_2 : Operation 651 [1/1] (0.00ns)   --->   "%br_ln134 = br void %arrayidx9113_7.exit" [/home/siyenga7/FPGA/attention_int8.cpp:134]   --->   Operation 651 'br' 'br_ln134' <Predicate = (trunc_ln131 == 7 & trunc_ln130 == 37)> <Delay = 0.00>
ST_2 : Operation 652 [1/1] (0.00ns)   --->   "%br_ln134 = br void %arrayidx9113_7.exit" [/home/siyenga7/FPGA/attention_int8.cpp:134]   --->   Operation 652 'br' 'br_ln134' <Predicate = (trunc_ln131 == 7 & trunc_ln130 == 36)> <Delay = 0.00>
ST_2 : Operation 653 [1/1] (0.00ns)   --->   "%br_ln134 = br void %arrayidx9113_7.exit" [/home/siyenga7/FPGA/attention_int8.cpp:134]   --->   Operation 653 'br' 'br_ln134' <Predicate = (trunc_ln131 == 7 & trunc_ln130 == 35)> <Delay = 0.00>
ST_2 : Operation 654 [1/1] (0.00ns)   --->   "%br_ln134 = br void %arrayidx9113_7.exit" [/home/siyenga7/FPGA/attention_int8.cpp:134]   --->   Operation 654 'br' 'br_ln134' <Predicate = (trunc_ln131 == 7 & trunc_ln130 == 34)> <Delay = 0.00>
ST_2 : Operation 655 [1/1] (0.00ns)   --->   "%br_ln134 = br void %arrayidx9113_7.exit" [/home/siyenga7/FPGA/attention_int8.cpp:134]   --->   Operation 655 'br' 'br_ln134' <Predicate = (trunc_ln131 == 7 & trunc_ln130 == 33)> <Delay = 0.00>
ST_2 : Operation 656 [1/1] (0.00ns)   --->   "%br_ln134 = br void %arrayidx9113_7.exit" [/home/siyenga7/FPGA/attention_int8.cpp:134]   --->   Operation 656 'br' 'br_ln134' <Predicate = (trunc_ln131 == 7 & trunc_ln130 == 32)> <Delay = 0.00>
ST_2 : Operation 657 [1/1] (0.00ns)   --->   "%br_ln134 = br void %arrayidx9113_7.exit" [/home/siyenga7/FPGA/attention_int8.cpp:134]   --->   Operation 657 'br' 'br_ln134' <Predicate = (trunc_ln131 == 7 & trunc_ln130 == 31)> <Delay = 0.00>
ST_2 : Operation 658 [1/1] (0.00ns)   --->   "%br_ln134 = br void %arrayidx9113_7.exit" [/home/siyenga7/FPGA/attention_int8.cpp:134]   --->   Operation 658 'br' 'br_ln134' <Predicate = (trunc_ln131 == 7 & trunc_ln130 == 30)> <Delay = 0.00>
ST_2 : Operation 659 [1/1] (0.00ns)   --->   "%br_ln134 = br void %arrayidx9113_7.exit" [/home/siyenga7/FPGA/attention_int8.cpp:134]   --->   Operation 659 'br' 'br_ln134' <Predicate = (trunc_ln131 == 7 & trunc_ln130 == 29)> <Delay = 0.00>
ST_2 : Operation 660 [1/1] (0.00ns)   --->   "%br_ln134 = br void %arrayidx9113_7.exit" [/home/siyenga7/FPGA/attention_int8.cpp:134]   --->   Operation 660 'br' 'br_ln134' <Predicate = (trunc_ln131 == 7 & trunc_ln130 == 28)> <Delay = 0.00>
ST_2 : Operation 661 [1/1] (0.00ns)   --->   "%br_ln134 = br void %arrayidx9113_7.exit" [/home/siyenga7/FPGA/attention_int8.cpp:134]   --->   Operation 661 'br' 'br_ln134' <Predicate = (trunc_ln131 == 7 & trunc_ln130 == 27)> <Delay = 0.00>
ST_2 : Operation 662 [1/1] (0.00ns)   --->   "%br_ln134 = br void %arrayidx9113_7.exit" [/home/siyenga7/FPGA/attention_int8.cpp:134]   --->   Operation 662 'br' 'br_ln134' <Predicate = (trunc_ln131 == 7 & trunc_ln130 == 26)> <Delay = 0.00>
ST_2 : Operation 663 [1/1] (0.00ns)   --->   "%br_ln134 = br void %arrayidx9113_7.exit" [/home/siyenga7/FPGA/attention_int8.cpp:134]   --->   Operation 663 'br' 'br_ln134' <Predicate = (trunc_ln131 == 7 & trunc_ln130 == 25)> <Delay = 0.00>
ST_2 : Operation 664 [1/1] (0.00ns)   --->   "%br_ln134 = br void %arrayidx9113_7.exit" [/home/siyenga7/FPGA/attention_int8.cpp:134]   --->   Operation 664 'br' 'br_ln134' <Predicate = (trunc_ln131 == 7 & trunc_ln130 == 24)> <Delay = 0.00>
ST_2 : Operation 665 [1/1] (0.00ns)   --->   "%br_ln134 = br void %arrayidx9113_7.exit" [/home/siyenga7/FPGA/attention_int8.cpp:134]   --->   Operation 665 'br' 'br_ln134' <Predicate = (trunc_ln131 == 7 & trunc_ln130 == 23)> <Delay = 0.00>
ST_2 : Operation 666 [1/1] (0.00ns)   --->   "%br_ln134 = br void %arrayidx9113_7.exit" [/home/siyenga7/FPGA/attention_int8.cpp:134]   --->   Operation 666 'br' 'br_ln134' <Predicate = (trunc_ln131 == 7 & trunc_ln130 == 22)> <Delay = 0.00>
ST_2 : Operation 667 [1/1] (0.00ns)   --->   "%br_ln134 = br void %arrayidx9113_7.exit" [/home/siyenga7/FPGA/attention_int8.cpp:134]   --->   Operation 667 'br' 'br_ln134' <Predicate = (trunc_ln131 == 7 & trunc_ln130 == 21)> <Delay = 0.00>
ST_2 : Operation 668 [1/1] (0.00ns)   --->   "%br_ln134 = br void %arrayidx9113_7.exit" [/home/siyenga7/FPGA/attention_int8.cpp:134]   --->   Operation 668 'br' 'br_ln134' <Predicate = (trunc_ln131 == 7 & trunc_ln130 == 20)> <Delay = 0.00>
ST_2 : Operation 669 [1/1] (0.00ns)   --->   "%br_ln134 = br void %arrayidx9113_7.exit" [/home/siyenga7/FPGA/attention_int8.cpp:134]   --->   Operation 669 'br' 'br_ln134' <Predicate = (trunc_ln131 == 7 & trunc_ln130 == 19)> <Delay = 0.00>
ST_2 : Operation 670 [1/1] (0.00ns)   --->   "%br_ln134 = br void %arrayidx9113_7.exit" [/home/siyenga7/FPGA/attention_int8.cpp:134]   --->   Operation 670 'br' 'br_ln134' <Predicate = (trunc_ln131 == 7 & trunc_ln130 == 18)> <Delay = 0.00>
ST_2 : Operation 671 [1/1] (0.00ns)   --->   "%br_ln134 = br void %arrayidx9113_7.exit" [/home/siyenga7/FPGA/attention_int8.cpp:134]   --->   Operation 671 'br' 'br_ln134' <Predicate = (trunc_ln131 == 7 & trunc_ln130 == 17)> <Delay = 0.00>
ST_2 : Operation 672 [1/1] (0.00ns)   --->   "%br_ln134 = br void %arrayidx9113_7.exit" [/home/siyenga7/FPGA/attention_int8.cpp:134]   --->   Operation 672 'br' 'br_ln134' <Predicate = (trunc_ln131 == 7 & trunc_ln130 == 16)> <Delay = 0.00>
ST_2 : Operation 673 [1/1] (0.00ns)   --->   "%br_ln134 = br void %arrayidx9113_7.exit" [/home/siyenga7/FPGA/attention_int8.cpp:134]   --->   Operation 673 'br' 'br_ln134' <Predicate = (trunc_ln131 == 7 & trunc_ln130 == 15)> <Delay = 0.00>
ST_2 : Operation 674 [1/1] (0.00ns)   --->   "%br_ln134 = br void %arrayidx9113_7.exit" [/home/siyenga7/FPGA/attention_int8.cpp:134]   --->   Operation 674 'br' 'br_ln134' <Predicate = (trunc_ln131 == 7 & trunc_ln130 == 14)> <Delay = 0.00>
ST_2 : Operation 675 [1/1] (0.00ns)   --->   "%br_ln134 = br void %arrayidx9113_7.exit" [/home/siyenga7/FPGA/attention_int8.cpp:134]   --->   Operation 675 'br' 'br_ln134' <Predicate = (trunc_ln131 == 7 & trunc_ln130 == 13)> <Delay = 0.00>
ST_2 : Operation 676 [1/1] (0.00ns)   --->   "%br_ln134 = br void %arrayidx9113_7.exit" [/home/siyenga7/FPGA/attention_int8.cpp:134]   --->   Operation 676 'br' 'br_ln134' <Predicate = (trunc_ln131 == 7 & trunc_ln130 == 12)> <Delay = 0.00>
ST_2 : Operation 677 [1/1] (0.00ns)   --->   "%br_ln134 = br void %arrayidx9113_7.exit" [/home/siyenga7/FPGA/attention_int8.cpp:134]   --->   Operation 677 'br' 'br_ln134' <Predicate = (trunc_ln131 == 7 & trunc_ln130 == 11)> <Delay = 0.00>
ST_2 : Operation 678 [1/1] (0.00ns)   --->   "%br_ln134 = br void %arrayidx9113_7.exit" [/home/siyenga7/FPGA/attention_int8.cpp:134]   --->   Operation 678 'br' 'br_ln134' <Predicate = (trunc_ln131 == 7 & trunc_ln130 == 10)> <Delay = 0.00>
ST_2 : Operation 679 [1/1] (0.00ns)   --->   "%br_ln134 = br void %arrayidx9113_7.exit" [/home/siyenga7/FPGA/attention_int8.cpp:134]   --->   Operation 679 'br' 'br_ln134' <Predicate = (trunc_ln131 == 7 & trunc_ln130 == 9)> <Delay = 0.00>
ST_2 : Operation 680 [1/1] (0.00ns)   --->   "%br_ln134 = br void %arrayidx9113_7.exit" [/home/siyenga7/FPGA/attention_int8.cpp:134]   --->   Operation 680 'br' 'br_ln134' <Predicate = (trunc_ln131 == 7 & trunc_ln130 == 8)> <Delay = 0.00>
ST_2 : Operation 681 [1/1] (0.00ns)   --->   "%br_ln134 = br void %arrayidx9113_7.exit" [/home/siyenga7/FPGA/attention_int8.cpp:134]   --->   Operation 681 'br' 'br_ln134' <Predicate = (trunc_ln131 == 7 & trunc_ln130 == 7)> <Delay = 0.00>
ST_2 : Operation 682 [1/1] (0.00ns)   --->   "%br_ln134 = br void %arrayidx9113_7.exit" [/home/siyenga7/FPGA/attention_int8.cpp:134]   --->   Operation 682 'br' 'br_ln134' <Predicate = (trunc_ln131 == 7 & trunc_ln130 == 6)> <Delay = 0.00>
ST_2 : Operation 683 [1/1] (0.00ns)   --->   "%br_ln134 = br void %arrayidx9113_7.exit" [/home/siyenga7/FPGA/attention_int8.cpp:134]   --->   Operation 683 'br' 'br_ln134' <Predicate = (trunc_ln131 == 7 & trunc_ln130 == 5)> <Delay = 0.00>
ST_2 : Operation 684 [1/1] (0.00ns)   --->   "%br_ln134 = br void %arrayidx9113_7.exit" [/home/siyenga7/FPGA/attention_int8.cpp:134]   --->   Operation 684 'br' 'br_ln134' <Predicate = (trunc_ln131 == 7 & trunc_ln130 == 4)> <Delay = 0.00>
ST_2 : Operation 685 [1/1] (0.00ns)   --->   "%br_ln134 = br void %arrayidx9113_7.exit" [/home/siyenga7/FPGA/attention_int8.cpp:134]   --->   Operation 685 'br' 'br_ln134' <Predicate = (trunc_ln131 == 7 & trunc_ln130 == 3)> <Delay = 0.00>
ST_2 : Operation 686 [1/1] (0.00ns)   --->   "%br_ln134 = br void %arrayidx9113_7.exit" [/home/siyenga7/FPGA/attention_int8.cpp:134]   --->   Operation 686 'br' 'br_ln134' <Predicate = (trunc_ln131 == 7 & trunc_ln130 == 2)> <Delay = 0.00>
ST_2 : Operation 687 [1/1] (0.00ns)   --->   "%br_ln134 = br void %arrayidx9113_7.exit" [/home/siyenga7/FPGA/attention_int8.cpp:134]   --->   Operation 687 'br' 'br_ln134' <Predicate = (trunc_ln131 == 7 & trunc_ln130 == 1)> <Delay = 0.00>
ST_2 : Operation 688 [1/1] (0.00ns)   --->   "%br_ln134 = br void %arrayidx9113_7.exit" [/home/siyenga7/FPGA/attention_int8.cpp:134]   --->   Operation 688 'br' 'br_ln134' <Predicate = (trunc_ln131 == 7 & trunc_ln130 == 0)> <Delay = 0.00>
ST_2 : Operation 689 [1/1] (0.00ns)   --->   "%br_ln134 = br void %arrayidx9113_7.exit" [/home/siyenga7/FPGA/attention_int8.cpp:134]   --->   Operation 689 'br' 'br_ln134' <Predicate = (trunc_ln131 == 7 & trunc_ln130 == 63)> <Delay = 0.00>
ST_2 : Operation 690 [1/1] (1.61ns)   --->   "%store_ln130 = store i7 %select_ln130_1, i7 %j" [/home/siyenga7/FPGA/attention_int8.cpp:130]   --->   Operation 690 'store' 'store_ln130' <Predicate = true> <Delay = 1.61>
ST_2 : Operation 691 [1/1] (0.00ns)   --->   "%br_ln131 = br void %for.inc92" [/home/siyenga7/FPGA/attention_int8.cpp:131]   --->   Operation 691 'br' 'br_ln131' <Predicate = true> <Delay = 0.00>
ST_2 : Operation 1985 [1/1] (0.00ns)   --->   "%ret_ln0 = ret"   --->   Operation 1985 'ret' 'ret_ln0' <Predicate = (icmp_ln130)> <Delay = 0.00>

State 3 <SV = 2> <Delay = 2.15>
ST_3 : Operation 692 [1/1] (0.00ns)   --->   "%specloopname_ln0 = specloopname void @_ssdm_op_SpecLoopName, void @VITIS_LOOP_130_8_VITIS_LOOP_131_9_str"   --->   Operation 692 'specloopname' 'specloopname_ln0' <Predicate = true> <Delay = 0.00>
ST_3 : Operation 693 [1/1] (0.00ns)   --->   "%speclooptripcount_ln0 = speclooptripcount void @_ssdm_op_SpecLoopTripCount, i64 8192, i64 8192, i64 8192"   --->   Operation 693 'speclooptripcount' 'speclooptripcount_ln0' <Predicate = true> <Delay = 0.00>
ST_3 : Operation 694 [1/1] (0.00ns)   --->   "%zext_ln130 = zext i7 %select_ln130_1" [/home/siyenga7/FPGA/attention_int8.cpp:130]   --->   Operation 694 'zext' 'zext_ln130' <Predicate = true> <Delay = 0.00>
ST_3 : Operation 695 [1/1] (0.00ns)   --->   "%K_tile_addr = getelementptr i8 %K_tile, i64 0, i64 %zext_ln130" [/home/siyenga7/FPGA/attention_int8.cpp:130]   --->   Operation 695 'getelementptr' 'K_tile_addr' <Predicate = true> <Delay = 0.00>
ST_3 : Operation 696 [1/1] (0.00ns)   --->   "%K_tile_1_addr = getelementptr i8 %K_tile_1, i64 0, i64 %zext_ln130" [/home/siyenga7/FPGA/attention_int8.cpp:130]   --->   Operation 696 'getelementptr' 'K_tile_1_addr' <Predicate = true> <Delay = 0.00>
ST_3 : Operation 697 [1/1] (0.00ns)   --->   "%K_tile_2_addr = getelementptr i8 %K_tile_2, i64 0, i64 %zext_ln130" [/home/siyenga7/FPGA/attention_int8.cpp:130]   --->   Operation 697 'getelementptr' 'K_tile_2_addr' <Predicate = true> <Delay = 0.00>
ST_3 : Operation 698 [1/1] (0.00ns)   --->   "%K_tile_3_addr = getelementptr i8 %K_tile_3, i64 0, i64 %zext_ln130" [/home/siyenga7/FPGA/attention_int8.cpp:130]   --->   Operation 698 'getelementptr' 'K_tile_3_addr' <Predicate = true> <Delay = 0.00>
ST_3 : Operation 699 [1/1] (0.00ns)   --->   "%K_tile_4_addr = getelementptr i8 %K_tile_4, i64 0, i64 %zext_ln130" [/home/siyenga7/FPGA/attention_int8.cpp:130]   --->   Operation 699 'getelementptr' 'K_tile_4_addr' <Predicate = true> <Delay = 0.00>
ST_3 : Operation 700 [1/1] (0.00ns)   --->   "%K_tile_5_addr = getelementptr i8 %K_tile_5, i64 0, i64 %zext_ln130" [/home/siyenga7/FPGA/attention_int8.cpp:130]   --->   Operation 700 'getelementptr' 'K_tile_5_addr' <Predicate = true> <Delay = 0.00>
ST_3 : Operation 701 [1/1] (0.00ns)   --->   "%K_tile_6_addr = getelementptr i8 %K_tile_6, i64 0, i64 %zext_ln130" [/home/siyenga7/FPGA/attention_int8.cpp:130]   --->   Operation 701 'getelementptr' 'K_tile_6_addr' <Predicate = true> <Delay = 0.00>
ST_3 : Operation 702 [1/1] (0.00ns)   --->   "%K_tile_7_addr = getelementptr i8 %K_tile_7, i64 0, i64 %zext_ln130" [/home/siyenga7/FPGA/attention_int8.cpp:130]   --->   Operation 702 'getelementptr' 'K_tile_7_addr' <Predicate = true> <Delay = 0.00>
ST_3 : Operation 703 [1/1] (0.00ns)   --->   "%K_tile_8_addr = getelementptr i8 %K_tile_8, i64 0, i64 %zext_ln130" [/home/siyenga7/FPGA/attention_int8.cpp:130]   --->   Operation 703 'getelementptr' 'K_tile_8_addr' <Predicate = true> <Delay = 0.00>
ST_3 : Operation 704 [1/1] (0.00ns)   --->   "%K_tile_9_addr = getelementptr i8 %K_tile_9, i64 0, i64 %zext_ln130" [/home/siyenga7/FPGA/attention_int8.cpp:130]   --->   Operation 704 'getelementptr' 'K_tile_9_addr' <Predicate = true> <Delay = 0.00>
ST_3 : Operation 705 [1/1] (0.00ns)   --->   "%K_tile_10_addr = getelementptr i8 %K_tile_10, i64 0, i64 %zext_ln130" [/home/siyenga7/FPGA/attention_int8.cpp:130]   --->   Operation 705 'getelementptr' 'K_tile_10_addr' <Predicate = true> <Delay = 0.00>
ST_3 : Operation 706 [1/1] (0.00ns)   --->   "%K_tile_11_addr = getelementptr i8 %K_tile_11, i64 0, i64 %zext_ln130" [/home/siyenga7/FPGA/attention_int8.cpp:130]   --->   Operation 706 'getelementptr' 'K_tile_11_addr' <Predicate = true> <Delay = 0.00>
ST_3 : Operation 707 [1/1] (0.00ns)   --->   "%K_tile_12_addr = getelementptr i8 %K_tile_12, i64 0, i64 %zext_ln130" [/home/siyenga7/FPGA/attention_int8.cpp:130]   --->   Operation 707 'getelementptr' 'K_tile_12_addr' <Predicate = true> <Delay = 0.00>
ST_3 : Operation 708 [1/1] (0.00ns)   --->   "%K_tile_13_addr = getelementptr i8 %K_tile_13, i64 0, i64 %zext_ln130" [/home/siyenga7/FPGA/attention_int8.cpp:130]   --->   Operation 708 'getelementptr' 'K_tile_13_addr' <Predicate = true> <Delay = 0.00>
ST_3 : Operation 709 [1/1] (0.00ns)   --->   "%K_tile_14_addr = getelementptr i8 %K_tile_14, i64 0, i64 %zext_ln130" [/home/siyenga7/FPGA/attention_int8.cpp:130]   --->   Operation 709 'getelementptr' 'K_tile_14_addr' <Predicate = true> <Delay = 0.00>
ST_3 : Operation 710 [1/1] (0.00ns)   --->   "%K_tile_15_addr = getelementptr i8 %K_tile_15, i64 0, i64 %zext_ln130" [/home/siyenga7/FPGA/attention_int8.cpp:130]   --->   Operation 710 'getelementptr' 'K_tile_15_addr' <Predicate = true> <Delay = 0.00>
ST_3 : Operation 711 [1/1] (0.00ns)   --->   "%K_tile_16_addr = getelementptr i8 %K_tile_16, i64 0, i64 %zext_ln130" [/home/siyenga7/FPGA/attention_int8.cpp:130]   --->   Operation 711 'getelementptr' 'K_tile_16_addr' <Predicate = true> <Delay = 0.00>
ST_3 : Operation 712 [1/1] (0.00ns)   --->   "%K_tile_17_addr = getelementptr i8 %K_tile_17, i64 0, i64 %zext_ln130" [/home/siyenga7/FPGA/attention_int8.cpp:130]   --->   Operation 712 'getelementptr' 'K_tile_17_addr' <Predicate = true> <Delay = 0.00>
ST_3 : Operation 713 [1/1] (0.00ns)   --->   "%K_tile_18_addr = getelementptr i8 %K_tile_18, i64 0, i64 %zext_ln130" [/home/siyenga7/FPGA/attention_int8.cpp:130]   --->   Operation 713 'getelementptr' 'K_tile_18_addr' <Predicate = true> <Delay = 0.00>
ST_3 : Operation 714 [1/1] (0.00ns)   --->   "%K_tile_19_addr = getelementptr i8 %K_tile_19, i64 0, i64 %zext_ln130" [/home/siyenga7/FPGA/attention_int8.cpp:130]   --->   Operation 714 'getelementptr' 'K_tile_19_addr' <Predicate = true> <Delay = 0.00>
ST_3 : Operation 715 [1/1] (0.00ns)   --->   "%K_tile_20_addr = getelementptr i8 %K_tile_20, i64 0, i64 %zext_ln130" [/home/siyenga7/FPGA/attention_int8.cpp:130]   --->   Operation 715 'getelementptr' 'K_tile_20_addr' <Predicate = true> <Delay = 0.00>
ST_3 : Operation 716 [1/1] (0.00ns)   --->   "%K_tile_21_addr = getelementptr i8 %K_tile_21, i64 0, i64 %zext_ln130" [/home/siyenga7/FPGA/attention_int8.cpp:130]   --->   Operation 716 'getelementptr' 'K_tile_21_addr' <Predicate = true> <Delay = 0.00>
ST_3 : Operation 717 [1/1] (0.00ns)   --->   "%K_tile_22_addr = getelementptr i8 %K_tile_22, i64 0, i64 %zext_ln130" [/home/siyenga7/FPGA/attention_int8.cpp:130]   --->   Operation 717 'getelementptr' 'K_tile_22_addr' <Predicate = true> <Delay = 0.00>
ST_3 : Operation 718 [1/1] (0.00ns)   --->   "%K_tile_23_addr = getelementptr i8 %K_tile_23, i64 0, i64 %zext_ln130" [/home/siyenga7/FPGA/attention_int8.cpp:130]   --->   Operation 718 'getelementptr' 'K_tile_23_addr' <Predicate = true> <Delay = 0.00>
ST_3 : Operation 719 [1/1] (0.00ns)   --->   "%K_tile_24_addr = getelementptr i8 %K_tile_24, i64 0, i64 %zext_ln130" [/home/siyenga7/FPGA/attention_int8.cpp:130]   --->   Operation 719 'getelementptr' 'K_tile_24_addr' <Predicate = true> <Delay = 0.00>
ST_3 : Operation 720 [1/1] (0.00ns)   --->   "%K_tile_25_addr = getelementptr i8 %K_tile_25, i64 0, i64 %zext_ln130" [/home/siyenga7/FPGA/attention_int8.cpp:130]   --->   Operation 720 'getelementptr' 'K_tile_25_addr' <Predicate = true> <Delay = 0.00>
ST_3 : Operation 721 [1/1] (0.00ns)   --->   "%K_tile_26_addr = getelementptr i8 %K_tile_26, i64 0, i64 %zext_ln130" [/home/siyenga7/FPGA/attention_int8.cpp:130]   --->   Operation 721 'getelementptr' 'K_tile_26_addr' <Predicate = true> <Delay = 0.00>
ST_3 : Operation 722 [1/1] (0.00ns)   --->   "%K_tile_27_addr = getelementptr i8 %K_tile_27, i64 0, i64 %zext_ln130" [/home/siyenga7/FPGA/attention_int8.cpp:130]   --->   Operation 722 'getelementptr' 'K_tile_27_addr' <Predicate = true> <Delay = 0.00>
ST_3 : Operation 723 [1/1] (0.00ns)   --->   "%K_tile_28_addr = getelementptr i8 %K_tile_28, i64 0, i64 %zext_ln130" [/home/siyenga7/FPGA/attention_int8.cpp:130]   --->   Operation 723 'getelementptr' 'K_tile_28_addr' <Predicate = true> <Delay = 0.00>
ST_3 : Operation 724 [1/1] (0.00ns)   --->   "%K_tile_29_addr = getelementptr i8 %K_tile_29, i64 0, i64 %zext_ln130" [/home/siyenga7/FPGA/attention_int8.cpp:130]   --->   Operation 724 'getelementptr' 'K_tile_29_addr' <Predicate = true> <Delay = 0.00>
ST_3 : Operation 725 [1/1] (0.00ns)   --->   "%K_tile_30_addr = getelementptr i8 %K_tile_30, i64 0, i64 %zext_ln130" [/home/siyenga7/FPGA/attention_int8.cpp:130]   --->   Operation 725 'getelementptr' 'K_tile_30_addr' <Predicate = true> <Delay = 0.00>
ST_3 : Operation 726 [1/1] (0.00ns)   --->   "%K_tile_31_addr = getelementptr i8 %K_tile_31, i64 0, i64 %zext_ln130" [/home/siyenga7/FPGA/attention_int8.cpp:130]   --->   Operation 726 'getelementptr' 'K_tile_31_addr' <Predicate = true> <Delay = 0.00>
ST_3 : Operation 727 [1/1] (0.00ns)   --->   "%K_tile_32_addr = getelementptr i8 %K_tile_32, i64 0, i64 %zext_ln130" [/home/siyenga7/FPGA/attention_int8.cpp:130]   --->   Operation 727 'getelementptr' 'K_tile_32_addr' <Predicate = true> <Delay = 0.00>
ST_3 : Operation 728 [1/1] (0.00ns)   --->   "%K_tile_33_addr = getelementptr i8 %K_tile_33, i64 0, i64 %zext_ln130" [/home/siyenga7/FPGA/attention_int8.cpp:130]   --->   Operation 728 'getelementptr' 'K_tile_33_addr' <Predicate = true> <Delay = 0.00>
ST_3 : Operation 729 [1/1] (0.00ns)   --->   "%K_tile_34_addr = getelementptr i8 %K_tile_34, i64 0, i64 %zext_ln130" [/home/siyenga7/FPGA/attention_int8.cpp:130]   --->   Operation 729 'getelementptr' 'K_tile_34_addr' <Predicate = true> <Delay = 0.00>
ST_3 : Operation 730 [1/1] (0.00ns)   --->   "%K_tile_35_addr = getelementptr i8 %K_tile_35, i64 0, i64 %zext_ln130" [/home/siyenga7/FPGA/attention_int8.cpp:130]   --->   Operation 730 'getelementptr' 'K_tile_35_addr' <Predicate = true> <Delay = 0.00>
ST_3 : Operation 731 [1/1] (0.00ns)   --->   "%K_tile_36_addr = getelementptr i8 %K_tile_36, i64 0, i64 %zext_ln130" [/home/siyenga7/FPGA/attention_int8.cpp:130]   --->   Operation 731 'getelementptr' 'K_tile_36_addr' <Predicate = true> <Delay = 0.00>
ST_3 : Operation 732 [1/1] (0.00ns)   --->   "%K_tile_37_addr = getelementptr i8 %K_tile_37, i64 0, i64 %zext_ln130" [/home/siyenga7/FPGA/attention_int8.cpp:130]   --->   Operation 732 'getelementptr' 'K_tile_37_addr' <Predicate = true> <Delay = 0.00>
ST_3 : Operation 733 [1/1] (0.00ns)   --->   "%K_tile_38_addr = getelementptr i8 %K_tile_38, i64 0, i64 %zext_ln130" [/home/siyenga7/FPGA/attention_int8.cpp:130]   --->   Operation 733 'getelementptr' 'K_tile_38_addr' <Predicate = true> <Delay = 0.00>
ST_3 : Operation 734 [1/1] (0.00ns)   --->   "%K_tile_39_addr = getelementptr i8 %K_tile_39, i64 0, i64 %zext_ln130" [/home/siyenga7/FPGA/attention_int8.cpp:130]   --->   Operation 734 'getelementptr' 'K_tile_39_addr' <Predicate = true> <Delay = 0.00>
ST_3 : Operation 735 [1/1] (0.00ns)   --->   "%K_tile_40_addr = getelementptr i8 %K_tile_40, i64 0, i64 %zext_ln130" [/home/siyenga7/FPGA/attention_int8.cpp:130]   --->   Operation 735 'getelementptr' 'K_tile_40_addr' <Predicate = true> <Delay = 0.00>
ST_3 : Operation 736 [1/1] (0.00ns)   --->   "%K_tile_41_addr = getelementptr i8 %K_tile_41, i64 0, i64 %zext_ln130" [/home/siyenga7/FPGA/attention_int8.cpp:130]   --->   Operation 736 'getelementptr' 'K_tile_41_addr' <Predicate = true> <Delay = 0.00>
ST_3 : Operation 737 [1/1] (0.00ns)   --->   "%K_tile_42_addr = getelementptr i8 %K_tile_42, i64 0, i64 %zext_ln130" [/home/siyenga7/FPGA/attention_int8.cpp:130]   --->   Operation 737 'getelementptr' 'K_tile_42_addr' <Predicate = true> <Delay = 0.00>
ST_3 : Operation 738 [1/1] (0.00ns)   --->   "%K_tile_43_addr = getelementptr i8 %K_tile_43, i64 0, i64 %zext_ln130" [/home/siyenga7/FPGA/attention_int8.cpp:130]   --->   Operation 738 'getelementptr' 'K_tile_43_addr' <Predicate = true> <Delay = 0.00>
ST_3 : Operation 739 [1/1] (0.00ns)   --->   "%K_tile_44_addr = getelementptr i8 %K_tile_44, i64 0, i64 %zext_ln130" [/home/siyenga7/FPGA/attention_int8.cpp:130]   --->   Operation 739 'getelementptr' 'K_tile_44_addr' <Predicate = true> <Delay = 0.00>
ST_3 : Operation 740 [1/1] (0.00ns)   --->   "%K_tile_45_addr = getelementptr i8 %K_tile_45, i64 0, i64 %zext_ln130" [/home/siyenga7/FPGA/attention_int8.cpp:130]   --->   Operation 740 'getelementptr' 'K_tile_45_addr' <Predicate = true> <Delay = 0.00>
ST_3 : Operation 741 [1/1] (0.00ns)   --->   "%K_tile_46_addr = getelementptr i8 %K_tile_46, i64 0, i64 %zext_ln130" [/home/siyenga7/FPGA/attention_int8.cpp:130]   --->   Operation 741 'getelementptr' 'K_tile_46_addr' <Predicate = true> <Delay = 0.00>
ST_3 : Operation 742 [1/1] (0.00ns)   --->   "%K_tile_47_addr = getelementptr i8 %K_tile_47, i64 0, i64 %zext_ln130" [/home/siyenga7/FPGA/attention_int8.cpp:130]   --->   Operation 742 'getelementptr' 'K_tile_47_addr' <Predicate = true> <Delay = 0.00>
ST_3 : Operation 743 [1/1] (0.00ns)   --->   "%K_tile_48_addr = getelementptr i8 %K_tile_48, i64 0, i64 %zext_ln130" [/home/siyenga7/FPGA/attention_int8.cpp:130]   --->   Operation 743 'getelementptr' 'K_tile_48_addr' <Predicate = true> <Delay = 0.00>
ST_3 : Operation 744 [1/1] (0.00ns)   --->   "%K_tile_49_addr = getelementptr i8 %K_tile_49, i64 0, i64 %zext_ln130" [/home/siyenga7/FPGA/attention_int8.cpp:130]   --->   Operation 744 'getelementptr' 'K_tile_49_addr' <Predicate = true> <Delay = 0.00>
ST_3 : Operation 745 [1/1] (0.00ns)   --->   "%K_tile_50_addr = getelementptr i8 %K_tile_50, i64 0, i64 %zext_ln130" [/home/siyenga7/FPGA/attention_int8.cpp:130]   --->   Operation 745 'getelementptr' 'K_tile_50_addr' <Predicate = true> <Delay = 0.00>
ST_3 : Operation 746 [1/1] (0.00ns)   --->   "%K_tile_51_addr = getelementptr i8 %K_tile_51, i64 0, i64 %zext_ln130" [/home/siyenga7/FPGA/attention_int8.cpp:130]   --->   Operation 746 'getelementptr' 'K_tile_51_addr' <Predicate = true> <Delay = 0.00>
ST_3 : Operation 747 [1/1] (0.00ns)   --->   "%K_tile_52_addr = getelementptr i8 %K_tile_52, i64 0, i64 %zext_ln130" [/home/siyenga7/FPGA/attention_int8.cpp:130]   --->   Operation 747 'getelementptr' 'K_tile_52_addr' <Predicate = true> <Delay = 0.00>
ST_3 : Operation 748 [1/1] (0.00ns)   --->   "%K_tile_53_addr = getelementptr i8 %K_tile_53, i64 0, i64 %zext_ln130" [/home/siyenga7/FPGA/attention_int8.cpp:130]   --->   Operation 748 'getelementptr' 'K_tile_53_addr' <Predicate = true> <Delay = 0.00>
ST_3 : Operation 749 [1/1] (0.00ns)   --->   "%K_tile_54_addr = getelementptr i8 %K_tile_54, i64 0, i64 %zext_ln130" [/home/siyenga7/FPGA/attention_int8.cpp:130]   --->   Operation 749 'getelementptr' 'K_tile_54_addr' <Predicate = true> <Delay = 0.00>
ST_3 : Operation 750 [1/1] (0.00ns)   --->   "%K_tile_55_addr = getelementptr i8 %K_tile_55, i64 0, i64 %zext_ln130" [/home/siyenga7/FPGA/attention_int8.cpp:130]   --->   Operation 750 'getelementptr' 'K_tile_55_addr' <Predicate = true> <Delay = 0.00>
ST_3 : Operation 751 [1/1] (0.00ns)   --->   "%K_tile_56_addr = getelementptr i8 %K_tile_56, i64 0, i64 %zext_ln130" [/home/siyenga7/FPGA/attention_int8.cpp:130]   --->   Operation 751 'getelementptr' 'K_tile_56_addr' <Predicate = true> <Delay = 0.00>
ST_3 : Operation 752 [1/1] (0.00ns)   --->   "%K_tile_57_addr = getelementptr i8 %K_tile_57, i64 0, i64 %zext_ln130" [/home/siyenga7/FPGA/attention_int8.cpp:130]   --->   Operation 752 'getelementptr' 'K_tile_57_addr' <Predicate = true> <Delay = 0.00>
ST_3 : Operation 753 [1/1] (0.00ns)   --->   "%K_tile_58_addr = getelementptr i8 %K_tile_58, i64 0, i64 %zext_ln130" [/home/siyenga7/FPGA/attention_int8.cpp:130]   --->   Operation 753 'getelementptr' 'K_tile_58_addr' <Predicate = true> <Delay = 0.00>
ST_3 : Operation 754 [1/1] (0.00ns)   --->   "%K_tile_59_addr = getelementptr i8 %K_tile_59, i64 0, i64 %zext_ln130" [/home/siyenga7/FPGA/attention_int8.cpp:130]   --->   Operation 754 'getelementptr' 'K_tile_59_addr' <Predicate = true> <Delay = 0.00>
ST_3 : Operation 755 [1/1] (0.00ns)   --->   "%K_tile_60_addr = getelementptr i8 %K_tile_60, i64 0, i64 %zext_ln130" [/home/siyenga7/FPGA/attention_int8.cpp:130]   --->   Operation 755 'getelementptr' 'K_tile_60_addr' <Predicate = true> <Delay = 0.00>
ST_3 : Operation 756 [1/1] (0.00ns)   --->   "%K_tile_61_addr = getelementptr i8 %K_tile_61, i64 0, i64 %zext_ln130" [/home/siyenga7/FPGA/attention_int8.cpp:130]   --->   Operation 756 'getelementptr' 'K_tile_61_addr' <Predicate = true> <Delay = 0.00>
ST_3 : Operation 757 [1/1] (0.00ns)   --->   "%K_tile_62_addr = getelementptr i8 %K_tile_62, i64 0, i64 %zext_ln130" [/home/siyenga7/FPGA/attention_int8.cpp:130]   --->   Operation 757 'getelementptr' 'K_tile_62_addr' <Predicate = true> <Delay = 0.00>
ST_3 : Operation 758 [1/1] (0.00ns)   --->   "%K_tile_63_addr = getelementptr i8 %K_tile_63, i64 0, i64 %zext_ln130" [/home/siyenga7/FPGA/attention_int8.cpp:130]   --->   Operation 758 'getelementptr' 'K_tile_63_addr' <Predicate = true> <Delay = 0.00>
ST_3 : Operation 759 [1/1] (0.00ns)   --->   "%K_tile_64_addr = getelementptr i8 %K_tile_64, i64 0, i64 %zext_ln130" [/home/siyenga7/FPGA/attention_int8.cpp:130]   --->   Operation 759 'getelementptr' 'K_tile_64_addr' <Predicate = true> <Delay = 0.00>
ST_3 : Operation 760 [1/1] (0.00ns)   --->   "%K_tile_65_addr = getelementptr i8 %K_tile_65, i64 0, i64 %zext_ln130" [/home/siyenga7/FPGA/attention_int8.cpp:130]   --->   Operation 760 'getelementptr' 'K_tile_65_addr' <Predicate = true> <Delay = 0.00>
ST_3 : Operation 761 [1/1] (0.00ns)   --->   "%K_tile_66_addr = getelementptr i8 %K_tile_66, i64 0, i64 %zext_ln130" [/home/siyenga7/FPGA/attention_int8.cpp:130]   --->   Operation 761 'getelementptr' 'K_tile_66_addr' <Predicate = true> <Delay = 0.00>
ST_3 : Operation 762 [1/1] (0.00ns)   --->   "%K_tile_67_addr = getelementptr i8 %K_tile_67, i64 0, i64 %zext_ln130" [/home/siyenga7/FPGA/attention_int8.cpp:130]   --->   Operation 762 'getelementptr' 'K_tile_67_addr' <Predicate = true> <Delay = 0.00>
ST_3 : Operation 763 [1/1] (0.00ns)   --->   "%K_tile_68_addr = getelementptr i8 %K_tile_68, i64 0, i64 %zext_ln130" [/home/siyenga7/FPGA/attention_int8.cpp:130]   --->   Operation 763 'getelementptr' 'K_tile_68_addr' <Predicate = true> <Delay = 0.00>
ST_3 : Operation 764 [1/1] (0.00ns)   --->   "%K_tile_69_addr = getelementptr i8 %K_tile_69, i64 0, i64 %zext_ln130" [/home/siyenga7/FPGA/attention_int8.cpp:130]   --->   Operation 764 'getelementptr' 'K_tile_69_addr' <Predicate = true> <Delay = 0.00>
ST_3 : Operation 765 [1/1] (0.00ns)   --->   "%K_tile_70_addr = getelementptr i8 %K_tile_70, i64 0, i64 %zext_ln130" [/home/siyenga7/FPGA/attention_int8.cpp:130]   --->   Operation 765 'getelementptr' 'K_tile_70_addr' <Predicate = true> <Delay = 0.00>
ST_3 : Operation 766 [1/1] (0.00ns)   --->   "%K_tile_71_addr = getelementptr i8 %K_tile_71, i64 0, i64 %zext_ln130" [/home/siyenga7/FPGA/attention_int8.cpp:130]   --->   Operation 766 'getelementptr' 'K_tile_71_addr' <Predicate = true> <Delay = 0.00>
ST_3 : Operation 767 [1/1] (0.00ns)   --->   "%K_tile_72_addr = getelementptr i8 %K_tile_72, i64 0, i64 %zext_ln130" [/home/siyenga7/FPGA/attention_int8.cpp:130]   --->   Operation 767 'getelementptr' 'K_tile_72_addr' <Predicate = true> <Delay = 0.00>
ST_3 : Operation 768 [1/1] (0.00ns)   --->   "%K_tile_73_addr = getelementptr i8 %K_tile_73, i64 0, i64 %zext_ln130" [/home/siyenga7/FPGA/attention_int8.cpp:130]   --->   Operation 768 'getelementptr' 'K_tile_73_addr' <Predicate = true> <Delay = 0.00>
ST_3 : Operation 769 [1/1] (0.00ns)   --->   "%K_tile_74_addr = getelementptr i8 %K_tile_74, i64 0, i64 %zext_ln130" [/home/siyenga7/FPGA/attention_int8.cpp:130]   --->   Operation 769 'getelementptr' 'K_tile_74_addr' <Predicate = true> <Delay = 0.00>
ST_3 : Operation 770 [1/1] (0.00ns)   --->   "%K_tile_75_addr = getelementptr i8 %K_tile_75, i64 0, i64 %zext_ln130" [/home/siyenga7/FPGA/attention_int8.cpp:130]   --->   Operation 770 'getelementptr' 'K_tile_75_addr' <Predicate = true> <Delay = 0.00>
ST_3 : Operation 771 [1/1] (0.00ns)   --->   "%K_tile_76_addr = getelementptr i8 %K_tile_76, i64 0, i64 %zext_ln130" [/home/siyenga7/FPGA/attention_int8.cpp:130]   --->   Operation 771 'getelementptr' 'K_tile_76_addr' <Predicate = true> <Delay = 0.00>
ST_3 : Operation 772 [1/1] (0.00ns)   --->   "%K_tile_77_addr = getelementptr i8 %K_tile_77, i64 0, i64 %zext_ln130" [/home/siyenga7/FPGA/attention_int8.cpp:130]   --->   Operation 772 'getelementptr' 'K_tile_77_addr' <Predicate = true> <Delay = 0.00>
ST_3 : Operation 773 [1/1] (0.00ns)   --->   "%K_tile_78_addr = getelementptr i8 %K_tile_78, i64 0, i64 %zext_ln130" [/home/siyenga7/FPGA/attention_int8.cpp:130]   --->   Operation 773 'getelementptr' 'K_tile_78_addr' <Predicate = true> <Delay = 0.00>
ST_3 : Operation 774 [1/1] (0.00ns)   --->   "%K_tile_79_addr = getelementptr i8 %K_tile_79, i64 0, i64 %zext_ln130" [/home/siyenga7/FPGA/attention_int8.cpp:130]   --->   Operation 774 'getelementptr' 'K_tile_79_addr' <Predicate = true> <Delay = 0.00>
ST_3 : Operation 775 [1/1] (0.00ns)   --->   "%K_tile_80_addr = getelementptr i8 %K_tile_80, i64 0, i64 %zext_ln130" [/home/siyenga7/FPGA/attention_int8.cpp:130]   --->   Operation 775 'getelementptr' 'K_tile_80_addr' <Predicate = true> <Delay = 0.00>
ST_3 : Operation 776 [1/1] (0.00ns)   --->   "%K_tile_81_addr = getelementptr i8 %K_tile_81, i64 0, i64 %zext_ln130" [/home/siyenga7/FPGA/attention_int8.cpp:130]   --->   Operation 776 'getelementptr' 'K_tile_81_addr' <Predicate = true> <Delay = 0.00>
ST_3 : Operation 777 [1/1] (0.00ns)   --->   "%K_tile_82_addr = getelementptr i8 %K_tile_82, i64 0, i64 %zext_ln130" [/home/siyenga7/FPGA/attention_int8.cpp:130]   --->   Operation 777 'getelementptr' 'K_tile_82_addr' <Predicate = true> <Delay = 0.00>
ST_3 : Operation 778 [1/1] (0.00ns)   --->   "%K_tile_83_addr = getelementptr i8 %K_tile_83, i64 0, i64 %zext_ln130" [/home/siyenga7/FPGA/attention_int8.cpp:130]   --->   Operation 778 'getelementptr' 'K_tile_83_addr' <Predicate = true> <Delay = 0.00>
ST_3 : Operation 779 [1/1] (0.00ns)   --->   "%K_tile_84_addr = getelementptr i8 %K_tile_84, i64 0, i64 %zext_ln130" [/home/siyenga7/FPGA/attention_int8.cpp:130]   --->   Operation 779 'getelementptr' 'K_tile_84_addr' <Predicate = true> <Delay = 0.00>
ST_3 : Operation 780 [1/1] (0.00ns)   --->   "%K_tile_85_addr = getelementptr i8 %K_tile_85, i64 0, i64 %zext_ln130" [/home/siyenga7/FPGA/attention_int8.cpp:130]   --->   Operation 780 'getelementptr' 'K_tile_85_addr' <Predicate = true> <Delay = 0.00>
ST_3 : Operation 781 [1/1] (0.00ns)   --->   "%K_tile_86_addr = getelementptr i8 %K_tile_86, i64 0, i64 %zext_ln130" [/home/siyenga7/FPGA/attention_int8.cpp:130]   --->   Operation 781 'getelementptr' 'K_tile_86_addr' <Predicate = true> <Delay = 0.00>
ST_3 : Operation 782 [1/1] (0.00ns)   --->   "%K_tile_87_addr = getelementptr i8 %K_tile_87, i64 0, i64 %zext_ln130" [/home/siyenga7/FPGA/attention_int8.cpp:130]   --->   Operation 782 'getelementptr' 'K_tile_87_addr' <Predicate = true> <Delay = 0.00>
ST_3 : Operation 783 [1/1] (0.00ns)   --->   "%K_tile_88_addr = getelementptr i8 %K_tile_88, i64 0, i64 %zext_ln130" [/home/siyenga7/FPGA/attention_int8.cpp:130]   --->   Operation 783 'getelementptr' 'K_tile_88_addr' <Predicate = true> <Delay = 0.00>
ST_3 : Operation 784 [1/1] (0.00ns)   --->   "%K_tile_89_addr = getelementptr i8 %K_tile_89, i64 0, i64 %zext_ln130" [/home/siyenga7/FPGA/attention_int8.cpp:130]   --->   Operation 784 'getelementptr' 'K_tile_89_addr' <Predicate = true> <Delay = 0.00>
ST_3 : Operation 785 [1/1] (0.00ns)   --->   "%K_tile_90_addr = getelementptr i8 %K_tile_90, i64 0, i64 %zext_ln130" [/home/siyenga7/FPGA/attention_int8.cpp:130]   --->   Operation 785 'getelementptr' 'K_tile_90_addr' <Predicate = true> <Delay = 0.00>
ST_3 : Operation 786 [1/1] (0.00ns)   --->   "%K_tile_91_addr = getelementptr i8 %K_tile_91, i64 0, i64 %zext_ln130" [/home/siyenga7/FPGA/attention_int8.cpp:130]   --->   Operation 786 'getelementptr' 'K_tile_91_addr' <Predicate = true> <Delay = 0.00>
ST_3 : Operation 787 [1/1] (0.00ns)   --->   "%K_tile_92_addr = getelementptr i8 %K_tile_92, i64 0, i64 %zext_ln130" [/home/siyenga7/FPGA/attention_int8.cpp:130]   --->   Operation 787 'getelementptr' 'K_tile_92_addr' <Predicate = true> <Delay = 0.00>
ST_3 : Operation 788 [1/1] (0.00ns)   --->   "%K_tile_93_addr = getelementptr i8 %K_tile_93, i64 0, i64 %zext_ln130" [/home/siyenga7/FPGA/attention_int8.cpp:130]   --->   Operation 788 'getelementptr' 'K_tile_93_addr' <Predicate = true> <Delay = 0.00>
ST_3 : Operation 789 [1/1] (0.00ns)   --->   "%K_tile_94_addr = getelementptr i8 %K_tile_94, i64 0, i64 %zext_ln130" [/home/siyenga7/FPGA/attention_int8.cpp:130]   --->   Operation 789 'getelementptr' 'K_tile_94_addr' <Predicate = true> <Delay = 0.00>
ST_3 : Operation 790 [1/1] (0.00ns)   --->   "%K_tile_95_addr = getelementptr i8 %K_tile_95, i64 0, i64 %zext_ln130" [/home/siyenga7/FPGA/attention_int8.cpp:130]   --->   Operation 790 'getelementptr' 'K_tile_95_addr' <Predicate = true> <Delay = 0.00>
ST_3 : Operation 791 [1/1] (0.00ns)   --->   "%K_tile_96_addr = getelementptr i8 %K_tile_96, i64 0, i64 %zext_ln130" [/home/siyenga7/FPGA/attention_int8.cpp:130]   --->   Operation 791 'getelementptr' 'K_tile_96_addr' <Predicate = true> <Delay = 0.00>
ST_3 : Operation 792 [1/1] (0.00ns)   --->   "%K_tile_97_addr = getelementptr i8 %K_tile_97, i64 0, i64 %zext_ln130" [/home/siyenga7/FPGA/attention_int8.cpp:130]   --->   Operation 792 'getelementptr' 'K_tile_97_addr' <Predicate = true> <Delay = 0.00>
ST_3 : Operation 793 [1/1] (0.00ns)   --->   "%K_tile_98_addr = getelementptr i8 %K_tile_98, i64 0, i64 %zext_ln130" [/home/siyenga7/FPGA/attention_int8.cpp:130]   --->   Operation 793 'getelementptr' 'K_tile_98_addr' <Predicate = true> <Delay = 0.00>
ST_3 : Operation 794 [1/1] (0.00ns)   --->   "%K_tile_99_addr = getelementptr i8 %K_tile_99, i64 0, i64 %zext_ln130" [/home/siyenga7/FPGA/attention_int8.cpp:130]   --->   Operation 794 'getelementptr' 'K_tile_99_addr' <Predicate = true> <Delay = 0.00>
ST_3 : Operation 795 [1/1] (0.00ns)   --->   "%K_tile_100_addr = getelementptr i8 %K_tile_100, i64 0, i64 %zext_ln130" [/home/siyenga7/FPGA/attention_int8.cpp:130]   --->   Operation 795 'getelementptr' 'K_tile_100_addr' <Predicate = true> <Delay = 0.00>
ST_3 : Operation 796 [1/1] (0.00ns)   --->   "%K_tile_101_addr = getelementptr i8 %K_tile_101, i64 0, i64 %zext_ln130" [/home/siyenga7/FPGA/attention_int8.cpp:130]   --->   Operation 796 'getelementptr' 'K_tile_101_addr' <Predicate = true> <Delay = 0.00>
ST_3 : Operation 797 [1/1] (0.00ns)   --->   "%K_tile_102_addr = getelementptr i8 %K_tile_102, i64 0, i64 %zext_ln130" [/home/siyenga7/FPGA/attention_int8.cpp:130]   --->   Operation 797 'getelementptr' 'K_tile_102_addr' <Predicate = true> <Delay = 0.00>
ST_3 : Operation 798 [1/1] (0.00ns)   --->   "%K_tile_103_addr = getelementptr i8 %K_tile_103, i64 0, i64 %zext_ln130" [/home/siyenga7/FPGA/attention_int8.cpp:130]   --->   Operation 798 'getelementptr' 'K_tile_103_addr' <Predicate = true> <Delay = 0.00>
ST_3 : Operation 799 [1/1] (0.00ns)   --->   "%K_tile_104_addr = getelementptr i8 %K_tile_104, i64 0, i64 %zext_ln130" [/home/siyenga7/FPGA/attention_int8.cpp:130]   --->   Operation 799 'getelementptr' 'K_tile_104_addr' <Predicate = true> <Delay = 0.00>
ST_3 : Operation 800 [1/1] (0.00ns)   --->   "%K_tile_105_addr = getelementptr i8 %K_tile_105, i64 0, i64 %zext_ln130" [/home/siyenga7/FPGA/attention_int8.cpp:130]   --->   Operation 800 'getelementptr' 'K_tile_105_addr' <Predicate = true> <Delay = 0.00>
ST_3 : Operation 801 [1/1] (0.00ns)   --->   "%K_tile_106_addr = getelementptr i8 %K_tile_106, i64 0, i64 %zext_ln130" [/home/siyenga7/FPGA/attention_int8.cpp:130]   --->   Operation 801 'getelementptr' 'K_tile_106_addr' <Predicate = true> <Delay = 0.00>
ST_3 : Operation 802 [1/1] (0.00ns)   --->   "%K_tile_107_addr = getelementptr i8 %K_tile_107, i64 0, i64 %zext_ln130" [/home/siyenga7/FPGA/attention_int8.cpp:130]   --->   Operation 802 'getelementptr' 'K_tile_107_addr' <Predicate = true> <Delay = 0.00>
ST_3 : Operation 803 [1/1] (0.00ns)   --->   "%K_tile_108_addr = getelementptr i8 %K_tile_108, i64 0, i64 %zext_ln130" [/home/siyenga7/FPGA/attention_int8.cpp:130]   --->   Operation 803 'getelementptr' 'K_tile_108_addr' <Predicate = true> <Delay = 0.00>
ST_3 : Operation 804 [1/1] (0.00ns)   --->   "%K_tile_109_addr = getelementptr i8 %K_tile_109, i64 0, i64 %zext_ln130" [/home/siyenga7/FPGA/attention_int8.cpp:130]   --->   Operation 804 'getelementptr' 'K_tile_109_addr' <Predicate = true> <Delay = 0.00>
ST_3 : Operation 805 [1/1] (0.00ns)   --->   "%K_tile_110_addr = getelementptr i8 %K_tile_110, i64 0, i64 %zext_ln130" [/home/siyenga7/FPGA/attention_int8.cpp:130]   --->   Operation 805 'getelementptr' 'K_tile_110_addr' <Predicate = true> <Delay = 0.00>
ST_3 : Operation 806 [1/1] (0.00ns)   --->   "%K_tile_111_addr = getelementptr i8 %K_tile_111, i64 0, i64 %zext_ln130" [/home/siyenga7/FPGA/attention_int8.cpp:130]   --->   Operation 806 'getelementptr' 'K_tile_111_addr' <Predicate = true> <Delay = 0.00>
ST_3 : Operation 807 [1/1] (0.00ns)   --->   "%K_tile_112_addr = getelementptr i8 %K_tile_112, i64 0, i64 %zext_ln130" [/home/siyenga7/FPGA/attention_int8.cpp:130]   --->   Operation 807 'getelementptr' 'K_tile_112_addr' <Predicate = true> <Delay = 0.00>
ST_3 : Operation 808 [1/1] (0.00ns)   --->   "%K_tile_113_addr = getelementptr i8 %K_tile_113, i64 0, i64 %zext_ln130" [/home/siyenga7/FPGA/attention_int8.cpp:130]   --->   Operation 808 'getelementptr' 'K_tile_113_addr' <Predicate = true> <Delay = 0.00>
ST_3 : Operation 809 [1/1] (0.00ns)   --->   "%K_tile_114_addr = getelementptr i8 %K_tile_114, i64 0, i64 %zext_ln130" [/home/siyenga7/FPGA/attention_int8.cpp:130]   --->   Operation 809 'getelementptr' 'K_tile_114_addr' <Predicate = true> <Delay = 0.00>
ST_3 : Operation 810 [1/1] (0.00ns)   --->   "%K_tile_115_addr = getelementptr i8 %K_tile_115, i64 0, i64 %zext_ln130" [/home/siyenga7/FPGA/attention_int8.cpp:130]   --->   Operation 810 'getelementptr' 'K_tile_115_addr' <Predicate = true> <Delay = 0.00>
ST_3 : Operation 811 [1/1] (0.00ns)   --->   "%K_tile_116_addr = getelementptr i8 %K_tile_116, i64 0, i64 %zext_ln130" [/home/siyenga7/FPGA/attention_int8.cpp:130]   --->   Operation 811 'getelementptr' 'K_tile_116_addr' <Predicate = true> <Delay = 0.00>
ST_3 : Operation 812 [1/1] (0.00ns)   --->   "%K_tile_117_addr = getelementptr i8 %K_tile_117, i64 0, i64 %zext_ln130" [/home/siyenga7/FPGA/attention_int8.cpp:130]   --->   Operation 812 'getelementptr' 'K_tile_117_addr' <Predicate = true> <Delay = 0.00>
ST_3 : Operation 813 [1/1] (0.00ns)   --->   "%K_tile_118_addr = getelementptr i8 %K_tile_118, i64 0, i64 %zext_ln130" [/home/siyenga7/FPGA/attention_int8.cpp:130]   --->   Operation 813 'getelementptr' 'K_tile_118_addr' <Predicate = true> <Delay = 0.00>
ST_3 : Operation 814 [1/1] (0.00ns)   --->   "%K_tile_119_addr = getelementptr i8 %K_tile_119, i64 0, i64 %zext_ln130" [/home/siyenga7/FPGA/attention_int8.cpp:130]   --->   Operation 814 'getelementptr' 'K_tile_119_addr' <Predicate = true> <Delay = 0.00>
ST_3 : Operation 815 [1/1] (0.00ns)   --->   "%K_tile_120_addr = getelementptr i8 %K_tile_120, i64 0, i64 %zext_ln130" [/home/siyenga7/FPGA/attention_int8.cpp:130]   --->   Operation 815 'getelementptr' 'K_tile_120_addr' <Predicate = true> <Delay = 0.00>
ST_3 : Operation 816 [1/1] (0.00ns)   --->   "%K_tile_121_addr = getelementptr i8 %K_tile_121, i64 0, i64 %zext_ln130" [/home/siyenga7/FPGA/attention_int8.cpp:130]   --->   Operation 816 'getelementptr' 'K_tile_121_addr' <Predicate = true> <Delay = 0.00>
ST_3 : Operation 817 [1/1] (0.00ns)   --->   "%K_tile_122_addr = getelementptr i8 %K_tile_122, i64 0, i64 %zext_ln130" [/home/siyenga7/FPGA/attention_int8.cpp:130]   --->   Operation 817 'getelementptr' 'K_tile_122_addr' <Predicate = true> <Delay = 0.00>
ST_3 : Operation 818 [1/1] (0.00ns)   --->   "%K_tile_123_addr = getelementptr i8 %K_tile_123, i64 0, i64 %zext_ln130" [/home/siyenga7/FPGA/attention_int8.cpp:130]   --->   Operation 818 'getelementptr' 'K_tile_123_addr' <Predicate = true> <Delay = 0.00>
ST_3 : Operation 819 [1/1] (0.00ns)   --->   "%K_tile_124_addr = getelementptr i8 %K_tile_124, i64 0, i64 %zext_ln130" [/home/siyenga7/FPGA/attention_int8.cpp:130]   --->   Operation 819 'getelementptr' 'K_tile_124_addr' <Predicate = true> <Delay = 0.00>
ST_3 : Operation 820 [1/1] (0.00ns)   --->   "%K_tile_125_addr = getelementptr i8 %K_tile_125, i64 0, i64 %zext_ln130" [/home/siyenga7/FPGA/attention_int8.cpp:130]   --->   Operation 820 'getelementptr' 'K_tile_125_addr' <Predicate = true> <Delay = 0.00>
ST_3 : Operation 821 [1/1] (0.00ns)   --->   "%K_tile_126_addr = getelementptr i8 %K_tile_126, i64 0, i64 %zext_ln130" [/home/siyenga7/FPGA/attention_int8.cpp:130]   --->   Operation 821 'getelementptr' 'K_tile_126_addr' <Predicate = true> <Delay = 0.00>
ST_3 : Operation 822 [1/1] (0.00ns)   --->   "%K_tile_127_addr = getelementptr i8 %K_tile_127, i64 0, i64 %zext_ln130" [/home/siyenga7/FPGA/attention_int8.cpp:130]   --->   Operation 822 'getelementptr' 'K_tile_127_addr' <Predicate = true> <Delay = 0.00>
ST_3 : Operation 823 [1/1] (0.00ns)   --->   "%specpipeline_ln132 = specpipeline void @_ssdm_op_SpecPipeline, i32 1, i32 0, i32 0, i32 0, void @empty_21" [/home/siyenga7/FPGA/attention_int8.cpp:132]   --->   Operation 823 'specpipeline' 'specpipeline_ln132' <Predicate = true> <Delay = 0.00>
ST_3 : Operation 824 [1/1] (0.00ns)   --->   "%zext_ln131 = zext i4 %lshr_ln1" [/home/siyenga7/FPGA/attention_int8.cpp:131]   --->   Operation 824 'zext' 'zext_ln131' <Predicate = true> <Delay = 0.00>
ST_3 : Operation 825 [1/1] (2.15ns)   --->   "%store_ln133 = store i8 %gmem1_addr_read, i6 %K_tile_126_addr" [/home/siyenga7/FPGA/attention_int8.cpp:133]   --->   Operation 825 'store' 'store_ln133' <Predicate = (trunc_ln131_1 == 126)> <Delay = 2.15> <CoreInst = "RAM">   --->   Core 82 'RAM' <Latency = 1> <II = 1> <Delay = 2.15> <Storage> <Opcode : 'load' 'store'> <Ports = 2> <Width = 8> <Depth = 64> <RAM>
ST_3 : Operation 826 [1/1] (2.15ns)   --->   "%store_ln133 = store i8 %gmem1_addr_read, i6 %K_tile_125_addr" [/home/siyenga7/FPGA/attention_int8.cpp:133]   --->   Operation 826 'store' 'store_ln133' <Predicate = (trunc_ln131_1 == 125)> <Delay = 2.15> <CoreInst = "RAM">   --->   Core 82 'RAM' <Latency = 1> <II = 1> <Delay = 2.15> <Storage> <Opcode : 'load' 'store'> <Ports = 2> <Width = 8> <Depth = 64> <RAM>
ST_3 : Operation 827 [1/1] (2.15ns)   --->   "%store_ln133 = store i8 %gmem1_addr_read, i6 %K_tile_124_addr" [/home/siyenga7/FPGA/attention_int8.cpp:133]   --->   Operation 827 'store' 'store_ln133' <Predicate = (trunc_ln131_1 == 124)> <Delay = 2.15> <CoreInst = "RAM">   --->   Core 82 'RAM' <Latency = 1> <II = 1> <Delay = 2.15> <Storage> <Opcode : 'load' 'store'> <Ports = 2> <Width = 8> <Depth = 64> <RAM>
ST_3 : Operation 828 [1/1] (2.15ns)   --->   "%store_ln133 = store i8 %gmem1_addr_read, i6 %K_tile_123_addr" [/home/siyenga7/FPGA/attention_int8.cpp:133]   --->   Operation 828 'store' 'store_ln133' <Predicate = (trunc_ln131_1 == 123)> <Delay = 2.15> <CoreInst = "RAM">   --->   Core 82 'RAM' <Latency = 1> <II = 1> <Delay = 2.15> <Storage> <Opcode : 'load' 'store'> <Ports = 2> <Width = 8> <Depth = 64> <RAM>
ST_3 : Operation 829 [1/1] (2.15ns)   --->   "%store_ln133 = store i8 %gmem1_addr_read, i6 %K_tile_122_addr" [/home/siyenga7/FPGA/attention_int8.cpp:133]   --->   Operation 829 'store' 'store_ln133' <Predicate = (trunc_ln131_1 == 122)> <Delay = 2.15> <CoreInst = "RAM">   --->   Core 82 'RAM' <Latency = 1> <II = 1> <Delay = 2.15> <Storage> <Opcode : 'load' 'store'> <Ports = 2> <Width = 8> <Depth = 64> <RAM>
ST_3 : Operation 830 [1/1] (2.15ns)   --->   "%store_ln133 = store i8 %gmem1_addr_read, i6 %K_tile_121_addr" [/home/siyenga7/FPGA/attention_int8.cpp:133]   --->   Operation 830 'store' 'store_ln133' <Predicate = (trunc_ln131_1 == 121)> <Delay = 2.15> <CoreInst = "RAM">   --->   Core 82 'RAM' <Latency = 1> <II = 1> <Delay = 2.15> <Storage> <Opcode : 'load' 'store'> <Ports = 2> <Width = 8> <Depth = 64> <RAM>
ST_3 : Operation 831 [1/1] (2.15ns)   --->   "%store_ln133 = store i8 %gmem1_addr_read, i6 %K_tile_120_addr" [/home/siyenga7/FPGA/attention_int8.cpp:133]   --->   Operation 831 'store' 'store_ln133' <Predicate = (trunc_ln131_1 == 120)> <Delay = 2.15> <CoreInst = "RAM">   --->   Core 82 'RAM' <Latency = 1> <II = 1> <Delay = 2.15> <Storage> <Opcode : 'load' 'store'> <Ports = 2> <Width = 8> <Depth = 64> <RAM>
ST_3 : Operation 832 [1/1] (2.15ns)   --->   "%store_ln133 = store i8 %gmem1_addr_read, i6 %K_tile_119_addr" [/home/siyenga7/FPGA/attention_int8.cpp:133]   --->   Operation 832 'store' 'store_ln133' <Predicate = (trunc_ln131_1 == 119)> <Delay = 2.15> <CoreInst = "RAM">   --->   Core 82 'RAM' <Latency = 1> <II = 1> <Delay = 2.15> <Storage> <Opcode : 'load' 'store'> <Ports = 2> <Width = 8> <Depth = 64> <RAM>
ST_3 : Operation 833 [1/1] (2.15ns)   --->   "%store_ln133 = store i8 %gmem1_addr_read, i6 %K_tile_118_addr" [/home/siyenga7/FPGA/attention_int8.cpp:133]   --->   Operation 833 'store' 'store_ln133' <Predicate = (trunc_ln131_1 == 118)> <Delay = 2.15> <CoreInst = "RAM">   --->   Core 82 'RAM' <Latency = 1> <II = 1> <Delay = 2.15> <Storage> <Opcode : 'load' 'store'> <Ports = 2> <Width = 8> <Depth = 64> <RAM>
ST_3 : Operation 834 [1/1] (2.15ns)   --->   "%store_ln133 = store i8 %gmem1_addr_read, i6 %K_tile_117_addr" [/home/siyenga7/FPGA/attention_int8.cpp:133]   --->   Operation 834 'store' 'store_ln133' <Predicate = (trunc_ln131_1 == 117)> <Delay = 2.15> <CoreInst = "RAM">   --->   Core 82 'RAM' <Latency = 1> <II = 1> <Delay = 2.15> <Storage> <Opcode : 'load' 'store'> <Ports = 2> <Width = 8> <Depth = 64> <RAM>
ST_3 : Operation 835 [1/1] (2.15ns)   --->   "%store_ln133 = store i8 %gmem1_addr_read, i6 %K_tile_116_addr" [/home/siyenga7/FPGA/attention_int8.cpp:133]   --->   Operation 835 'store' 'store_ln133' <Predicate = (trunc_ln131_1 == 116)> <Delay = 2.15> <CoreInst = "RAM">   --->   Core 82 'RAM' <Latency = 1> <II = 1> <Delay = 2.15> <Storage> <Opcode : 'load' 'store'> <Ports = 2> <Width = 8> <Depth = 64> <RAM>
ST_3 : Operation 836 [1/1] (2.15ns)   --->   "%store_ln133 = store i8 %gmem1_addr_read, i6 %K_tile_115_addr" [/home/siyenga7/FPGA/attention_int8.cpp:133]   --->   Operation 836 'store' 'store_ln133' <Predicate = (trunc_ln131_1 == 115)> <Delay = 2.15> <CoreInst = "RAM">   --->   Core 82 'RAM' <Latency = 1> <II = 1> <Delay = 2.15> <Storage> <Opcode : 'load' 'store'> <Ports = 2> <Width = 8> <Depth = 64> <RAM>
ST_3 : Operation 837 [1/1] (2.15ns)   --->   "%store_ln133 = store i8 %gmem1_addr_read, i6 %K_tile_114_addr" [/home/siyenga7/FPGA/attention_int8.cpp:133]   --->   Operation 837 'store' 'store_ln133' <Predicate = (trunc_ln131_1 == 114)> <Delay = 2.15> <CoreInst = "RAM">   --->   Core 82 'RAM' <Latency = 1> <II = 1> <Delay = 2.15> <Storage> <Opcode : 'load' 'store'> <Ports = 2> <Width = 8> <Depth = 64> <RAM>
ST_3 : Operation 838 [1/1] (2.15ns)   --->   "%store_ln133 = store i8 %gmem1_addr_read, i6 %K_tile_113_addr" [/home/siyenga7/FPGA/attention_int8.cpp:133]   --->   Operation 838 'store' 'store_ln133' <Predicate = (trunc_ln131_1 == 113)> <Delay = 2.15> <CoreInst = "RAM">   --->   Core 82 'RAM' <Latency = 1> <II = 1> <Delay = 2.15> <Storage> <Opcode : 'load' 'store'> <Ports = 2> <Width = 8> <Depth = 64> <RAM>
ST_3 : Operation 839 [1/1] (2.15ns)   --->   "%store_ln133 = store i8 %gmem1_addr_read, i6 %K_tile_112_addr" [/home/siyenga7/FPGA/attention_int8.cpp:133]   --->   Operation 839 'store' 'store_ln133' <Predicate = (trunc_ln131_1 == 112)> <Delay = 2.15> <CoreInst = "RAM">   --->   Core 82 'RAM' <Latency = 1> <II = 1> <Delay = 2.15> <Storage> <Opcode : 'load' 'store'> <Ports = 2> <Width = 8> <Depth = 64> <RAM>
ST_3 : Operation 840 [1/1] (2.15ns)   --->   "%store_ln133 = store i8 %gmem1_addr_read, i6 %K_tile_111_addr" [/home/siyenga7/FPGA/attention_int8.cpp:133]   --->   Operation 840 'store' 'store_ln133' <Predicate = (trunc_ln131_1 == 111)> <Delay = 2.15> <CoreInst = "RAM">   --->   Core 82 'RAM' <Latency = 1> <II = 1> <Delay = 2.15> <Storage> <Opcode : 'load' 'store'> <Ports = 2> <Width = 8> <Depth = 64> <RAM>
ST_3 : Operation 841 [1/1] (2.15ns)   --->   "%store_ln133 = store i8 %gmem1_addr_read, i6 %K_tile_110_addr" [/home/siyenga7/FPGA/attention_int8.cpp:133]   --->   Operation 841 'store' 'store_ln133' <Predicate = (trunc_ln131_1 == 110)> <Delay = 2.15> <CoreInst = "RAM">   --->   Core 82 'RAM' <Latency = 1> <II = 1> <Delay = 2.15> <Storage> <Opcode : 'load' 'store'> <Ports = 2> <Width = 8> <Depth = 64> <RAM>
ST_3 : Operation 842 [1/1] (2.15ns)   --->   "%store_ln133 = store i8 %gmem1_addr_read, i6 %K_tile_109_addr" [/home/siyenga7/FPGA/attention_int8.cpp:133]   --->   Operation 842 'store' 'store_ln133' <Predicate = (trunc_ln131_1 == 109)> <Delay = 2.15> <CoreInst = "RAM">   --->   Core 82 'RAM' <Latency = 1> <II = 1> <Delay = 2.15> <Storage> <Opcode : 'load' 'store'> <Ports = 2> <Width = 8> <Depth = 64> <RAM>
ST_3 : Operation 843 [1/1] (2.15ns)   --->   "%store_ln133 = store i8 %gmem1_addr_read, i6 %K_tile_108_addr" [/home/siyenga7/FPGA/attention_int8.cpp:133]   --->   Operation 843 'store' 'store_ln133' <Predicate = (trunc_ln131_1 == 108)> <Delay = 2.15> <CoreInst = "RAM">   --->   Core 82 'RAM' <Latency = 1> <II = 1> <Delay = 2.15> <Storage> <Opcode : 'load' 'store'> <Ports = 2> <Width = 8> <Depth = 64> <RAM>
ST_3 : Operation 844 [1/1] (2.15ns)   --->   "%store_ln133 = store i8 %gmem1_addr_read, i6 %K_tile_107_addr" [/home/siyenga7/FPGA/attention_int8.cpp:133]   --->   Operation 844 'store' 'store_ln133' <Predicate = (trunc_ln131_1 == 107)> <Delay = 2.15> <CoreInst = "RAM">   --->   Core 82 'RAM' <Latency = 1> <II = 1> <Delay = 2.15> <Storage> <Opcode : 'load' 'store'> <Ports = 2> <Width = 8> <Depth = 64> <RAM>
ST_3 : Operation 845 [1/1] (2.15ns)   --->   "%store_ln133 = store i8 %gmem1_addr_read, i6 %K_tile_106_addr" [/home/siyenga7/FPGA/attention_int8.cpp:133]   --->   Operation 845 'store' 'store_ln133' <Predicate = (trunc_ln131_1 == 106)> <Delay = 2.15> <CoreInst = "RAM">   --->   Core 82 'RAM' <Latency = 1> <II = 1> <Delay = 2.15> <Storage> <Opcode : 'load' 'store'> <Ports = 2> <Width = 8> <Depth = 64> <RAM>
ST_3 : Operation 846 [1/1] (2.15ns)   --->   "%store_ln133 = store i8 %gmem1_addr_read, i6 %K_tile_105_addr" [/home/siyenga7/FPGA/attention_int8.cpp:133]   --->   Operation 846 'store' 'store_ln133' <Predicate = (trunc_ln131_1 == 105)> <Delay = 2.15> <CoreInst = "RAM">   --->   Core 82 'RAM' <Latency = 1> <II = 1> <Delay = 2.15> <Storage> <Opcode : 'load' 'store'> <Ports = 2> <Width = 8> <Depth = 64> <RAM>
ST_3 : Operation 847 [1/1] (2.15ns)   --->   "%store_ln133 = store i8 %gmem1_addr_read, i6 %K_tile_104_addr" [/home/siyenga7/FPGA/attention_int8.cpp:133]   --->   Operation 847 'store' 'store_ln133' <Predicate = (trunc_ln131_1 == 104)> <Delay = 2.15> <CoreInst = "RAM">   --->   Core 82 'RAM' <Latency = 1> <II = 1> <Delay = 2.15> <Storage> <Opcode : 'load' 'store'> <Ports = 2> <Width = 8> <Depth = 64> <RAM>
ST_3 : Operation 848 [1/1] (2.15ns)   --->   "%store_ln133 = store i8 %gmem1_addr_read, i6 %K_tile_103_addr" [/home/siyenga7/FPGA/attention_int8.cpp:133]   --->   Operation 848 'store' 'store_ln133' <Predicate = (trunc_ln131_1 == 103)> <Delay = 2.15> <CoreInst = "RAM">   --->   Core 82 'RAM' <Latency = 1> <II = 1> <Delay = 2.15> <Storage> <Opcode : 'load' 'store'> <Ports = 2> <Width = 8> <Depth = 64> <RAM>
ST_3 : Operation 849 [1/1] (2.15ns)   --->   "%store_ln133 = store i8 %gmem1_addr_read, i6 %K_tile_102_addr" [/home/siyenga7/FPGA/attention_int8.cpp:133]   --->   Operation 849 'store' 'store_ln133' <Predicate = (trunc_ln131_1 == 102)> <Delay = 2.15> <CoreInst = "RAM">   --->   Core 82 'RAM' <Latency = 1> <II = 1> <Delay = 2.15> <Storage> <Opcode : 'load' 'store'> <Ports = 2> <Width = 8> <Depth = 64> <RAM>
ST_3 : Operation 850 [1/1] (2.15ns)   --->   "%store_ln133 = store i8 %gmem1_addr_read, i6 %K_tile_101_addr" [/home/siyenga7/FPGA/attention_int8.cpp:133]   --->   Operation 850 'store' 'store_ln133' <Predicate = (trunc_ln131_1 == 101)> <Delay = 2.15> <CoreInst = "RAM">   --->   Core 82 'RAM' <Latency = 1> <II = 1> <Delay = 2.15> <Storage> <Opcode : 'load' 'store'> <Ports = 2> <Width = 8> <Depth = 64> <RAM>
ST_3 : Operation 851 [1/1] (2.15ns)   --->   "%store_ln133 = store i8 %gmem1_addr_read, i6 %K_tile_100_addr" [/home/siyenga7/FPGA/attention_int8.cpp:133]   --->   Operation 851 'store' 'store_ln133' <Predicate = (trunc_ln131_1 == 100)> <Delay = 2.15> <CoreInst = "RAM">   --->   Core 82 'RAM' <Latency = 1> <II = 1> <Delay = 2.15> <Storage> <Opcode : 'load' 'store'> <Ports = 2> <Width = 8> <Depth = 64> <RAM>
ST_3 : Operation 852 [1/1] (2.15ns)   --->   "%store_ln133 = store i8 %gmem1_addr_read, i6 %K_tile_99_addr" [/home/siyenga7/FPGA/attention_int8.cpp:133]   --->   Operation 852 'store' 'store_ln133' <Predicate = (trunc_ln131_1 == 99)> <Delay = 2.15> <CoreInst = "RAM">   --->   Core 82 'RAM' <Latency = 1> <II = 1> <Delay = 2.15> <Storage> <Opcode : 'load' 'store'> <Ports = 2> <Width = 8> <Depth = 64> <RAM>
ST_3 : Operation 853 [1/1] (2.15ns)   --->   "%store_ln133 = store i8 %gmem1_addr_read, i6 %K_tile_98_addr" [/home/siyenga7/FPGA/attention_int8.cpp:133]   --->   Operation 853 'store' 'store_ln133' <Predicate = (trunc_ln131_1 == 98)> <Delay = 2.15> <CoreInst = "RAM">   --->   Core 82 'RAM' <Latency = 1> <II = 1> <Delay = 2.15> <Storage> <Opcode : 'load' 'store'> <Ports = 2> <Width = 8> <Depth = 64> <RAM>
ST_3 : Operation 854 [1/1] (2.15ns)   --->   "%store_ln133 = store i8 %gmem1_addr_read, i6 %K_tile_97_addr" [/home/siyenga7/FPGA/attention_int8.cpp:133]   --->   Operation 854 'store' 'store_ln133' <Predicate = (trunc_ln131_1 == 97)> <Delay = 2.15> <CoreInst = "RAM">   --->   Core 82 'RAM' <Latency = 1> <II = 1> <Delay = 2.15> <Storage> <Opcode : 'load' 'store'> <Ports = 2> <Width = 8> <Depth = 64> <RAM>
ST_3 : Operation 855 [1/1] (2.15ns)   --->   "%store_ln133 = store i8 %gmem1_addr_read, i6 %K_tile_96_addr" [/home/siyenga7/FPGA/attention_int8.cpp:133]   --->   Operation 855 'store' 'store_ln133' <Predicate = (trunc_ln131_1 == 96)> <Delay = 2.15> <CoreInst = "RAM">   --->   Core 82 'RAM' <Latency = 1> <II = 1> <Delay = 2.15> <Storage> <Opcode : 'load' 'store'> <Ports = 2> <Width = 8> <Depth = 64> <RAM>
ST_3 : Operation 856 [1/1] (2.15ns)   --->   "%store_ln133 = store i8 %gmem1_addr_read, i6 %K_tile_95_addr" [/home/siyenga7/FPGA/attention_int8.cpp:133]   --->   Operation 856 'store' 'store_ln133' <Predicate = (trunc_ln131_1 == 95)> <Delay = 2.15> <CoreInst = "RAM">   --->   Core 82 'RAM' <Latency = 1> <II = 1> <Delay = 2.15> <Storage> <Opcode : 'load' 'store'> <Ports = 2> <Width = 8> <Depth = 64> <RAM>
ST_3 : Operation 857 [1/1] (2.15ns)   --->   "%store_ln133 = store i8 %gmem1_addr_read, i6 %K_tile_94_addr" [/home/siyenga7/FPGA/attention_int8.cpp:133]   --->   Operation 857 'store' 'store_ln133' <Predicate = (trunc_ln131_1 == 94)> <Delay = 2.15> <CoreInst = "RAM">   --->   Core 82 'RAM' <Latency = 1> <II = 1> <Delay = 2.15> <Storage> <Opcode : 'load' 'store'> <Ports = 2> <Width = 8> <Depth = 64> <RAM>
ST_3 : Operation 858 [1/1] (2.15ns)   --->   "%store_ln133 = store i8 %gmem1_addr_read, i6 %K_tile_93_addr" [/home/siyenga7/FPGA/attention_int8.cpp:133]   --->   Operation 858 'store' 'store_ln133' <Predicate = (trunc_ln131_1 == 93)> <Delay = 2.15> <CoreInst = "RAM">   --->   Core 82 'RAM' <Latency = 1> <II = 1> <Delay = 2.15> <Storage> <Opcode : 'load' 'store'> <Ports = 2> <Width = 8> <Depth = 64> <RAM>
ST_3 : Operation 859 [1/1] (2.15ns)   --->   "%store_ln133 = store i8 %gmem1_addr_read, i6 %K_tile_92_addr" [/home/siyenga7/FPGA/attention_int8.cpp:133]   --->   Operation 859 'store' 'store_ln133' <Predicate = (trunc_ln131_1 == 92)> <Delay = 2.15> <CoreInst = "RAM">   --->   Core 82 'RAM' <Latency = 1> <II = 1> <Delay = 2.15> <Storage> <Opcode : 'load' 'store'> <Ports = 2> <Width = 8> <Depth = 64> <RAM>
ST_3 : Operation 860 [1/1] (2.15ns)   --->   "%store_ln133 = store i8 %gmem1_addr_read, i6 %K_tile_91_addr" [/home/siyenga7/FPGA/attention_int8.cpp:133]   --->   Operation 860 'store' 'store_ln133' <Predicate = (trunc_ln131_1 == 91)> <Delay = 2.15> <CoreInst = "RAM">   --->   Core 82 'RAM' <Latency = 1> <II = 1> <Delay = 2.15> <Storage> <Opcode : 'load' 'store'> <Ports = 2> <Width = 8> <Depth = 64> <RAM>
ST_3 : Operation 861 [1/1] (2.15ns)   --->   "%store_ln133 = store i8 %gmem1_addr_read, i6 %K_tile_90_addr" [/home/siyenga7/FPGA/attention_int8.cpp:133]   --->   Operation 861 'store' 'store_ln133' <Predicate = (trunc_ln131_1 == 90)> <Delay = 2.15> <CoreInst = "RAM">   --->   Core 82 'RAM' <Latency = 1> <II = 1> <Delay = 2.15> <Storage> <Opcode : 'load' 'store'> <Ports = 2> <Width = 8> <Depth = 64> <RAM>
ST_3 : Operation 862 [1/1] (2.15ns)   --->   "%store_ln133 = store i8 %gmem1_addr_read, i6 %K_tile_89_addr" [/home/siyenga7/FPGA/attention_int8.cpp:133]   --->   Operation 862 'store' 'store_ln133' <Predicate = (trunc_ln131_1 == 89)> <Delay = 2.15> <CoreInst = "RAM">   --->   Core 82 'RAM' <Latency = 1> <II = 1> <Delay = 2.15> <Storage> <Opcode : 'load' 'store'> <Ports = 2> <Width = 8> <Depth = 64> <RAM>
ST_3 : Operation 863 [1/1] (2.15ns)   --->   "%store_ln133 = store i8 %gmem1_addr_read, i6 %K_tile_88_addr" [/home/siyenga7/FPGA/attention_int8.cpp:133]   --->   Operation 863 'store' 'store_ln133' <Predicate = (trunc_ln131_1 == 88)> <Delay = 2.15> <CoreInst = "RAM">   --->   Core 82 'RAM' <Latency = 1> <II = 1> <Delay = 2.15> <Storage> <Opcode : 'load' 'store'> <Ports = 2> <Width = 8> <Depth = 64> <RAM>
ST_3 : Operation 864 [1/1] (2.15ns)   --->   "%store_ln133 = store i8 %gmem1_addr_read, i6 %K_tile_87_addr" [/home/siyenga7/FPGA/attention_int8.cpp:133]   --->   Operation 864 'store' 'store_ln133' <Predicate = (trunc_ln131_1 == 87)> <Delay = 2.15> <CoreInst = "RAM">   --->   Core 82 'RAM' <Latency = 1> <II = 1> <Delay = 2.15> <Storage> <Opcode : 'load' 'store'> <Ports = 2> <Width = 8> <Depth = 64> <RAM>
ST_3 : Operation 865 [1/1] (2.15ns)   --->   "%store_ln133 = store i8 %gmem1_addr_read, i6 %K_tile_86_addr" [/home/siyenga7/FPGA/attention_int8.cpp:133]   --->   Operation 865 'store' 'store_ln133' <Predicate = (trunc_ln131_1 == 86)> <Delay = 2.15> <CoreInst = "RAM">   --->   Core 82 'RAM' <Latency = 1> <II = 1> <Delay = 2.15> <Storage> <Opcode : 'load' 'store'> <Ports = 2> <Width = 8> <Depth = 64> <RAM>
ST_3 : Operation 866 [1/1] (2.15ns)   --->   "%store_ln133 = store i8 %gmem1_addr_read, i6 %K_tile_85_addr" [/home/siyenga7/FPGA/attention_int8.cpp:133]   --->   Operation 866 'store' 'store_ln133' <Predicate = (trunc_ln131_1 == 85)> <Delay = 2.15> <CoreInst = "RAM">   --->   Core 82 'RAM' <Latency = 1> <II = 1> <Delay = 2.15> <Storage> <Opcode : 'load' 'store'> <Ports = 2> <Width = 8> <Depth = 64> <RAM>
ST_3 : Operation 867 [1/1] (2.15ns)   --->   "%store_ln133 = store i8 %gmem1_addr_read, i6 %K_tile_84_addr" [/home/siyenga7/FPGA/attention_int8.cpp:133]   --->   Operation 867 'store' 'store_ln133' <Predicate = (trunc_ln131_1 == 84)> <Delay = 2.15> <CoreInst = "RAM">   --->   Core 82 'RAM' <Latency = 1> <II = 1> <Delay = 2.15> <Storage> <Opcode : 'load' 'store'> <Ports = 2> <Width = 8> <Depth = 64> <RAM>
ST_3 : Operation 868 [1/1] (2.15ns)   --->   "%store_ln133 = store i8 %gmem1_addr_read, i6 %K_tile_83_addr" [/home/siyenga7/FPGA/attention_int8.cpp:133]   --->   Operation 868 'store' 'store_ln133' <Predicate = (trunc_ln131_1 == 83)> <Delay = 2.15> <CoreInst = "RAM">   --->   Core 82 'RAM' <Latency = 1> <II = 1> <Delay = 2.15> <Storage> <Opcode : 'load' 'store'> <Ports = 2> <Width = 8> <Depth = 64> <RAM>
ST_3 : Operation 869 [1/1] (2.15ns)   --->   "%store_ln133 = store i8 %gmem1_addr_read, i6 %K_tile_82_addr" [/home/siyenga7/FPGA/attention_int8.cpp:133]   --->   Operation 869 'store' 'store_ln133' <Predicate = (trunc_ln131_1 == 82)> <Delay = 2.15> <CoreInst = "RAM">   --->   Core 82 'RAM' <Latency = 1> <II = 1> <Delay = 2.15> <Storage> <Opcode : 'load' 'store'> <Ports = 2> <Width = 8> <Depth = 64> <RAM>
ST_3 : Operation 870 [1/1] (2.15ns)   --->   "%store_ln133 = store i8 %gmem1_addr_read, i6 %K_tile_81_addr" [/home/siyenga7/FPGA/attention_int8.cpp:133]   --->   Operation 870 'store' 'store_ln133' <Predicate = (trunc_ln131_1 == 81)> <Delay = 2.15> <CoreInst = "RAM">   --->   Core 82 'RAM' <Latency = 1> <II = 1> <Delay = 2.15> <Storage> <Opcode : 'load' 'store'> <Ports = 2> <Width = 8> <Depth = 64> <RAM>
ST_3 : Operation 871 [1/1] (2.15ns)   --->   "%store_ln133 = store i8 %gmem1_addr_read, i6 %K_tile_80_addr" [/home/siyenga7/FPGA/attention_int8.cpp:133]   --->   Operation 871 'store' 'store_ln133' <Predicate = (trunc_ln131_1 == 80)> <Delay = 2.15> <CoreInst = "RAM">   --->   Core 82 'RAM' <Latency = 1> <II = 1> <Delay = 2.15> <Storage> <Opcode : 'load' 'store'> <Ports = 2> <Width = 8> <Depth = 64> <RAM>
ST_3 : Operation 872 [1/1] (2.15ns)   --->   "%store_ln133 = store i8 %gmem1_addr_read, i6 %K_tile_79_addr" [/home/siyenga7/FPGA/attention_int8.cpp:133]   --->   Operation 872 'store' 'store_ln133' <Predicate = (trunc_ln131_1 == 79)> <Delay = 2.15> <CoreInst = "RAM">   --->   Core 82 'RAM' <Latency = 1> <II = 1> <Delay = 2.15> <Storage> <Opcode : 'load' 'store'> <Ports = 2> <Width = 8> <Depth = 64> <RAM>
ST_3 : Operation 873 [1/1] (2.15ns)   --->   "%store_ln133 = store i8 %gmem1_addr_read, i6 %K_tile_78_addr" [/home/siyenga7/FPGA/attention_int8.cpp:133]   --->   Operation 873 'store' 'store_ln133' <Predicate = (trunc_ln131_1 == 78)> <Delay = 2.15> <CoreInst = "RAM">   --->   Core 82 'RAM' <Latency = 1> <II = 1> <Delay = 2.15> <Storage> <Opcode : 'load' 'store'> <Ports = 2> <Width = 8> <Depth = 64> <RAM>
ST_3 : Operation 874 [1/1] (2.15ns)   --->   "%store_ln133 = store i8 %gmem1_addr_read, i6 %K_tile_77_addr" [/home/siyenga7/FPGA/attention_int8.cpp:133]   --->   Operation 874 'store' 'store_ln133' <Predicate = (trunc_ln131_1 == 77)> <Delay = 2.15> <CoreInst = "RAM">   --->   Core 82 'RAM' <Latency = 1> <II = 1> <Delay = 2.15> <Storage> <Opcode : 'load' 'store'> <Ports = 2> <Width = 8> <Depth = 64> <RAM>
ST_3 : Operation 875 [1/1] (2.15ns)   --->   "%store_ln133 = store i8 %gmem1_addr_read, i6 %K_tile_76_addr" [/home/siyenga7/FPGA/attention_int8.cpp:133]   --->   Operation 875 'store' 'store_ln133' <Predicate = (trunc_ln131_1 == 76)> <Delay = 2.15> <CoreInst = "RAM">   --->   Core 82 'RAM' <Latency = 1> <II = 1> <Delay = 2.15> <Storage> <Opcode : 'load' 'store'> <Ports = 2> <Width = 8> <Depth = 64> <RAM>
ST_3 : Operation 876 [1/1] (2.15ns)   --->   "%store_ln133 = store i8 %gmem1_addr_read, i6 %K_tile_75_addr" [/home/siyenga7/FPGA/attention_int8.cpp:133]   --->   Operation 876 'store' 'store_ln133' <Predicate = (trunc_ln131_1 == 75)> <Delay = 2.15> <CoreInst = "RAM">   --->   Core 82 'RAM' <Latency = 1> <II = 1> <Delay = 2.15> <Storage> <Opcode : 'load' 'store'> <Ports = 2> <Width = 8> <Depth = 64> <RAM>
ST_3 : Operation 877 [1/1] (2.15ns)   --->   "%store_ln133 = store i8 %gmem1_addr_read, i6 %K_tile_74_addr" [/home/siyenga7/FPGA/attention_int8.cpp:133]   --->   Operation 877 'store' 'store_ln133' <Predicate = (trunc_ln131_1 == 74)> <Delay = 2.15> <CoreInst = "RAM">   --->   Core 82 'RAM' <Latency = 1> <II = 1> <Delay = 2.15> <Storage> <Opcode : 'load' 'store'> <Ports = 2> <Width = 8> <Depth = 64> <RAM>
ST_3 : Operation 878 [1/1] (2.15ns)   --->   "%store_ln133 = store i8 %gmem1_addr_read, i6 %K_tile_73_addr" [/home/siyenga7/FPGA/attention_int8.cpp:133]   --->   Operation 878 'store' 'store_ln133' <Predicate = (trunc_ln131_1 == 73)> <Delay = 2.15> <CoreInst = "RAM">   --->   Core 82 'RAM' <Latency = 1> <II = 1> <Delay = 2.15> <Storage> <Opcode : 'load' 'store'> <Ports = 2> <Width = 8> <Depth = 64> <RAM>
ST_3 : Operation 879 [1/1] (2.15ns)   --->   "%store_ln133 = store i8 %gmem1_addr_read, i6 %K_tile_72_addr" [/home/siyenga7/FPGA/attention_int8.cpp:133]   --->   Operation 879 'store' 'store_ln133' <Predicate = (trunc_ln131_1 == 72)> <Delay = 2.15> <CoreInst = "RAM">   --->   Core 82 'RAM' <Latency = 1> <II = 1> <Delay = 2.15> <Storage> <Opcode : 'load' 'store'> <Ports = 2> <Width = 8> <Depth = 64> <RAM>
ST_3 : Operation 880 [1/1] (2.15ns)   --->   "%store_ln133 = store i8 %gmem1_addr_read, i6 %K_tile_71_addr" [/home/siyenga7/FPGA/attention_int8.cpp:133]   --->   Operation 880 'store' 'store_ln133' <Predicate = (trunc_ln131_1 == 71)> <Delay = 2.15> <CoreInst = "RAM">   --->   Core 82 'RAM' <Latency = 1> <II = 1> <Delay = 2.15> <Storage> <Opcode : 'load' 'store'> <Ports = 2> <Width = 8> <Depth = 64> <RAM>
ST_3 : Operation 881 [1/1] (2.15ns)   --->   "%store_ln133 = store i8 %gmem1_addr_read, i6 %K_tile_70_addr" [/home/siyenga7/FPGA/attention_int8.cpp:133]   --->   Operation 881 'store' 'store_ln133' <Predicate = (trunc_ln131_1 == 70)> <Delay = 2.15> <CoreInst = "RAM">   --->   Core 82 'RAM' <Latency = 1> <II = 1> <Delay = 2.15> <Storage> <Opcode : 'load' 'store'> <Ports = 2> <Width = 8> <Depth = 64> <RAM>
ST_3 : Operation 882 [1/1] (2.15ns)   --->   "%store_ln133 = store i8 %gmem1_addr_read, i6 %K_tile_69_addr" [/home/siyenga7/FPGA/attention_int8.cpp:133]   --->   Operation 882 'store' 'store_ln133' <Predicate = (trunc_ln131_1 == 69)> <Delay = 2.15> <CoreInst = "RAM">   --->   Core 82 'RAM' <Latency = 1> <II = 1> <Delay = 2.15> <Storage> <Opcode : 'load' 'store'> <Ports = 2> <Width = 8> <Depth = 64> <RAM>
ST_3 : Operation 883 [1/1] (2.15ns)   --->   "%store_ln133 = store i8 %gmem1_addr_read, i6 %K_tile_68_addr" [/home/siyenga7/FPGA/attention_int8.cpp:133]   --->   Operation 883 'store' 'store_ln133' <Predicate = (trunc_ln131_1 == 68)> <Delay = 2.15> <CoreInst = "RAM">   --->   Core 82 'RAM' <Latency = 1> <II = 1> <Delay = 2.15> <Storage> <Opcode : 'load' 'store'> <Ports = 2> <Width = 8> <Depth = 64> <RAM>
ST_3 : Operation 884 [1/1] (2.15ns)   --->   "%store_ln133 = store i8 %gmem1_addr_read, i6 %K_tile_67_addr" [/home/siyenga7/FPGA/attention_int8.cpp:133]   --->   Operation 884 'store' 'store_ln133' <Predicate = (trunc_ln131_1 == 67)> <Delay = 2.15> <CoreInst = "RAM">   --->   Core 82 'RAM' <Latency = 1> <II = 1> <Delay = 2.15> <Storage> <Opcode : 'load' 'store'> <Ports = 2> <Width = 8> <Depth = 64> <RAM>
ST_3 : Operation 885 [1/1] (2.15ns)   --->   "%store_ln133 = store i8 %gmem1_addr_read, i6 %K_tile_66_addr" [/home/siyenga7/FPGA/attention_int8.cpp:133]   --->   Operation 885 'store' 'store_ln133' <Predicate = (trunc_ln131_1 == 66)> <Delay = 2.15> <CoreInst = "RAM">   --->   Core 82 'RAM' <Latency = 1> <II = 1> <Delay = 2.15> <Storage> <Opcode : 'load' 'store'> <Ports = 2> <Width = 8> <Depth = 64> <RAM>
ST_3 : Operation 886 [1/1] (2.15ns)   --->   "%store_ln133 = store i8 %gmem1_addr_read, i6 %K_tile_65_addr" [/home/siyenga7/FPGA/attention_int8.cpp:133]   --->   Operation 886 'store' 'store_ln133' <Predicate = (trunc_ln131_1 == 65)> <Delay = 2.15> <CoreInst = "RAM">   --->   Core 82 'RAM' <Latency = 1> <II = 1> <Delay = 2.15> <Storage> <Opcode : 'load' 'store'> <Ports = 2> <Width = 8> <Depth = 64> <RAM>
ST_3 : Operation 887 [1/1] (2.15ns)   --->   "%store_ln133 = store i8 %gmem1_addr_read, i6 %K_tile_64_addr" [/home/siyenga7/FPGA/attention_int8.cpp:133]   --->   Operation 887 'store' 'store_ln133' <Predicate = (trunc_ln131_1 == 64)> <Delay = 2.15> <CoreInst = "RAM">   --->   Core 82 'RAM' <Latency = 1> <II = 1> <Delay = 2.15> <Storage> <Opcode : 'load' 'store'> <Ports = 2> <Width = 8> <Depth = 64> <RAM>
ST_3 : Operation 888 [1/1] (2.15ns)   --->   "%store_ln133 = store i8 %gmem1_addr_read, i6 %K_tile_63_addr" [/home/siyenga7/FPGA/attention_int8.cpp:133]   --->   Operation 888 'store' 'store_ln133' <Predicate = (trunc_ln131_1 == 63)> <Delay = 2.15> <CoreInst = "RAM">   --->   Core 82 'RAM' <Latency = 1> <II = 1> <Delay = 2.15> <Storage> <Opcode : 'load' 'store'> <Ports = 2> <Width = 8> <Depth = 64> <RAM>
ST_3 : Operation 889 [1/1] (2.15ns)   --->   "%store_ln133 = store i8 %gmem1_addr_read, i6 %K_tile_62_addr" [/home/siyenga7/FPGA/attention_int8.cpp:133]   --->   Operation 889 'store' 'store_ln133' <Predicate = (trunc_ln131_1 == 62)> <Delay = 2.15> <CoreInst = "RAM">   --->   Core 82 'RAM' <Latency = 1> <II = 1> <Delay = 2.15> <Storage> <Opcode : 'load' 'store'> <Ports = 2> <Width = 8> <Depth = 64> <RAM>
ST_3 : Operation 890 [1/1] (2.15ns)   --->   "%store_ln133 = store i8 %gmem1_addr_read, i6 %K_tile_61_addr" [/home/siyenga7/FPGA/attention_int8.cpp:133]   --->   Operation 890 'store' 'store_ln133' <Predicate = (trunc_ln131_1 == 61)> <Delay = 2.15> <CoreInst = "RAM">   --->   Core 82 'RAM' <Latency = 1> <II = 1> <Delay = 2.15> <Storage> <Opcode : 'load' 'store'> <Ports = 2> <Width = 8> <Depth = 64> <RAM>
ST_3 : Operation 891 [1/1] (2.15ns)   --->   "%store_ln133 = store i8 %gmem1_addr_read, i6 %K_tile_60_addr" [/home/siyenga7/FPGA/attention_int8.cpp:133]   --->   Operation 891 'store' 'store_ln133' <Predicate = (trunc_ln131_1 == 60)> <Delay = 2.15> <CoreInst = "RAM">   --->   Core 82 'RAM' <Latency = 1> <II = 1> <Delay = 2.15> <Storage> <Opcode : 'load' 'store'> <Ports = 2> <Width = 8> <Depth = 64> <RAM>
ST_3 : Operation 892 [1/1] (2.15ns)   --->   "%store_ln133 = store i8 %gmem1_addr_read, i6 %K_tile_59_addr" [/home/siyenga7/FPGA/attention_int8.cpp:133]   --->   Operation 892 'store' 'store_ln133' <Predicate = (trunc_ln131_1 == 59)> <Delay = 2.15> <CoreInst = "RAM">   --->   Core 82 'RAM' <Latency = 1> <II = 1> <Delay = 2.15> <Storage> <Opcode : 'load' 'store'> <Ports = 2> <Width = 8> <Depth = 64> <RAM>
ST_3 : Operation 893 [1/1] (2.15ns)   --->   "%store_ln133 = store i8 %gmem1_addr_read, i6 %K_tile_58_addr" [/home/siyenga7/FPGA/attention_int8.cpp:133]   --->   Operation 893 'store' 'store_ln133' <Predicate = (trunc_ln131_1 == 58)> <Delay = 2.15> <CoreInst = "RAM">   --->   Core 82 'RAM' <Latency = 1> <II = 1> <Delay = 2.15> <Storage> <Opcode : 'load' 'store'> <Ports = 2> <Width = 8> <Depth = 64> <RAM>
ST_3 : Operation 894 [1/1] (2.15ns)   --->   "%store_ln133 = store i8 %gmem1_addr_read, i6 %K_tile_57_addr" [/home/siyenga7/FPGA/attention_int8.cpp:133]   --->   Operation 894 'store' 'store_ln133' <Predicate = (trunc_ln131_1 == 57)> <Delay = 2.15> <CoreInst = "RAM">   --->   Core 82 'RAM' <Latency = 1> <II = 1> <Delay = 2.15> <Storage> <Opcode : 'load' 'store'> <Ports = 2> <Width = 8> <Depth = 64> <RAM>
ST_3 : Operation 895 [1/1] (2.15ns)   --->   "%store_ln133 = store i8 %gmem1_addr_read, i6 %K_tile_56_addr" [/home/siyenga7/FPGA/attention_int8.cpp:133]   --->   Operation 895 'store' 'store_ln133' <Predicate = (trunc_ln131_1 == 56)> <Delay = 2.15> <CoreInst = "RAM">   --->   Core 82 'RAM' <Latency = 1> <II = 1> <Delay = 2.15> <Storage> <Opcode : 'load' 'store'> <Ports = 2> <Width = 8> <Depth = 64> <RAM>
ST_3 : Operation 896 [1/1] (2.15ns)   --->   "%store_ln133 = store i8 %gmem1_addr_read, i6 %K_tile_55_addr" [/home/siyenga7/FPGA/attention_int8.cpp:133]   --->   Operation 896 'store' 'store_ln133' <Predicate = (trunc_ln131_1 == 55)> <Delay = 2.15> <CoreInst = "RAM">   --->   Core 82 'RAM' <Latency = 1> <II = 1> <Delay = 2.15> <Storage> <Opcode : 'load' 'store'> <Ports = 2> <Width = 8> <Depth = 64> <RAM>
ST_3 : Operation 897 [1/1] (2.15ns)   --->   "%store_ln133 = store i8 %gmem1_addr_read, i6 %K_tile_54_addr" [/home/siyenga7/FPGA/attention_int8.cpp:133]   --->   Operation 897 'store' 'store_ln133' <Predicate = (trunc_ln131_1 == 54)> <Delay = 2.15> <CoreInst = "RAM">   --->   Core 82 'RAM' <Latency = 1> <II = 1> <Delay = 2.15> <Storage> <Opcode : 'load' 'store'> <Ports = 2> <Width = 8> <Depth = 64> <RAM>
ST_3 : Operation 898 [1/1] (2.15ns)   --->   "%store_ln133 = store i8 %gmem1_addr_read, i6 %K_tile_53_addr" [/home/siyenga7/FPGA/attention_int8.cpp:133]   --->   Operation 898 'store' 'store_ln133' <Predicate = (trunc_ln131_1 == 53)> <Delay = 2.15> <CoreInst = "RAM">   --->   Core 82 'RAM' <Latency = 1> <II = 1> <Delay = 2.15> <Storage> <Opcode : 'load' 'store'> <Ports = 2> <Width = 8> <Depth = 64> <RAM>
ST_3 : Operation 899 [1/1] (2.15ns)   --->   "%store_ln133 = store i8 %gmem1_addr_read, i6 %K_tile_52_addr" [/home/siyenga7/FPGA/attention_int8.cpp:133]   --->   Operation 899 'store' 'store_ln133' <Predicate = (trunc_ln131_1 == 52)> <Delay = 2.15> <CoreInst = "RAM">   --->   Core 82 'RAM' <Latency = 1> <II = 1> <Delay = 2.15> <Storage> <Opcode : 'load' 'store'> <Ports = 2> <Width = 8> <Depth = 64> <RAM>
ST_3 : Operation 900 [1/1] (2.15ns)   --->   "%store_ln133 = store i8 %gmem1_addr_read, i6 %K_tile_51_addr" [/home/siyenga7/FPGA/attention_int8.cpp:133]   --->   Operation 900 'store' 'store_ln133' <Predicate = (trunc_ln131_1 == 51)> <Delay = 2.15> <CoreInst = "RAM">   --->   Core 82 'RAM' <Latency = 1> <II = 1> <Delay = 2.15> <Storage> <Opcode : 'load' 'store'> <Ports = 2> <Width = 8> <Depth = 64> <RAM>
ST_3 : Operation 901 [1/1] (2.15ns)   --->   "%store_ln133 = store i8 %gmem1_addr_read, i6 %K_tile_50_addr" [/home/siyenga7/FPGA/attention_int8.cpp:133]   --->   Operation 901 'store' 'store_ln133' <Predicate = (trunc_ln131_1 == 50)> <Delay = 2.15> <CoreInst = "RAM">   --->   Core 82 'RAM' <Latency = 1> <II = 1> <Delay = 2.15> <Storage> <Opcode : 'load' 'store'> <Ports = 2> <Width = 8> <Depth = 64> <RAM>
ST_3 : Operation 902 [1/1] (2.15ns)   --->   "%store_ln133 = store i8 %gmem1_addr_read, i6 %K_tile_49_addr" [/home/siyenga7/FPGA/attention_int8.cpp:133]   --->   Operation 902 'store' 'store_ln133' <Predicate = (trunc_ln131_1 == 49)> <Delay = 2.15> <CoreInst = "RAM">   --->   Core 82 'RAM' <Latency = 1> <II = 1> <Delay = 2.15> <Storage> <Opcode : 'load' 'store'> <Ports = 2> <Width = 8> <Depth = 64> <RAM>
ST_3 : Operation 903 [1/1] (2.15ns)   --->   "%store_ln133 = store i8 %gmem1_addr_read, i6 %K_tile_48_addr" [/home/siyenga7/FPGA/attention_int8.cpp:133]   --->   Operation 903 'store' 'store_ln133' <Predicate = (trunc_ln131_1 == 48)> <Delay = 2.15> <CoreInst = "RAM">   --->   Core 82 'RAM' <Latency = 1> <II = 1> <Delay = 2.15> <Storage> <Opcode : 'load' 'store'> <Ports = 2> <Width = 8> <Depth = 64> <RAM>
ST_3 : Operation 904 [1/1] (2.15ns)   --->   "%store_ln133 = store i8 %gmem1_addr_read, i6 %K_tile_47_addr" [/home/siyenga7/FPGA/attention_int8.cpp:133]   --->   Operation 904 'store' 'store_ln133' <Predicate = (trunc_ln131_1 == 47)> <Delay = 2.15> <CoreInst = "RAM">   --->   Core 82 'RAM' <Latency = 1> <II = 1> <Delay = 2.15> <Storage> <Opcode : 'load' 'store'> <Ports = 2> <Width = 8> <Depth = 64> <RAM>
ST_3 : Operation 905 [1/1] (2.15ns)   --->   "%store_ln133 = store i8 %gmem1_addr_read, i6 %K_tile_46_addr" [/home/siyenga7/FPGA/attention_int8.cpp:133]   --->   Operation 905 'store' 'store_ln133' <Predicate = (trunc_ln131_1 == 46)> <Delay = 2.15> <CoreInst = "RAM">   --->   Core 82 'RAM' <Latency = 1> <II = 1> <Delay = 2.15> <Storage> <Opcode : 'load' 'store'> <Ports = 2> <Width = 8> <Depth = 64> <RAM>
ST_3 : Operation 906 [1/1] (2.15ns)   --->   "%store_ln133 = store i8 %gmem1_addr_read, i6 %K_tile_45_addr" [/home/siyenga7/FPGA/attention_int8.cpp:133]   --->   Operation 906 'store' 'store_ln133' <Predicate = (trunc_ln131_1 == 45)> <Delay = 2.15> <CoreInst = "RAM">   --->   Core 82 'RAM' <Latency = 1> <II = 1> <Delay = 2.15> <Storage> <Opcode : 'load' 'store'> <Ports = 2> <Width = 8> <Depth = 64> <RAM>
ST_3 : Operation 907 [1/1] (2.15ns)   --->   "%store_ln133 = store i8 %gmem1_addr_read, i6 %K_tile_44_addr" [/home/siyenga7/FPGA/attention_int8.cpp:133]   --->   Operation 907 'store' 'store_ln133' <Predicate = (trunc_ln131_1 == 44)> <Delay = 2.15> <CoreInst = "RAM">   --->   Core 82 'RAM' <Latency = 1> <II = 1> <Delay = 2.15> <Storage> <Opcode : 'load' 'store'> <Ports = 2> <Width = 8> <Depth = 64> <RAM>
ST_3 : Operation 908 [1/1] (2.15ns)   --->   "%store_ln133 = store i8 %gmem1_addr_read, i6 %K_tile_43_addr" [/home/siyenga7/FPGA/attention_int8.cpp:133]   --->   Operation 908 'store' 'store_ln133' <Predicate = (trunc_ln131_1 == 43)> <Delay = 2.15> <CoreInst = "RAM">   --->   Core 82 'RAM' <Latency = 1> <II = 1> <Delay = 2.15> <Storage> <Opcode : 'load' 'store'> <Ports = 2> <Width = 8> <Depth = 64> <RAM>
ST_3 : Operation 909 [1/1] (2.15ns)   --->   "%store_ln133 = store i8 %gmem1_addr_read, i6 %K_tile_42_addr" [/home/siyenga7/FPGA/attention_int8.cpp:133]   --->   Operation 909 'store' 'store_ln133' <Predicate = (trunc_ln131_1 == 42)> <Delay = 2.15> <CoreInst = "RAM">   --->   Core 82 'RAM' <Latency = 1> <II = 1> <Delay = 2.15> <Storage> <Opcode : 'load' 'store'> <Ports = 2> <Width = 8> <Depth = 64> <RAM>
ST_3 : Operation 910 [1/1] (2.15ns)   --->   "%store_ln133 = store i8 %gmem1_addr_read, i6 %K_tile_41_addr" [/home/siyenga7/FPGA/attention_int8.cpp:133]   --->   Operation 910 'store' 'store_ln133' <Predicate = (trunc_ln131_1 == 41)> <Delay = 2.15> <CoreInst = "RAM">   --->   Core 82 'RAM' <Latency = 1> <II = 1> <Delay = 2.15> <Storage> <Opcode : 'load' 'store'> <Ports = 2> <Width = 8> <Depth = 64> <RAM>
ST_3 : Operation 911 [1/1] (2.15ns)   --->   "%store_ln133 = store i8 %gmem1_addr_read, i6 %K_tile_40_addr" [/home/siyenga7/FPGA/attention_int8.cpp:133]   --->   Operation 911 'store' 'store_ln133' <Predicate = (trunc_ln131_1 == 40)> <Delay = 2.15> <CoreInst = "RAM">   --->   Core 82 'RAM' <Latency = 1> <II = 1> <Delay = 2.15> <Storage> <Opcode : 'load' 'store'> <Ports = 2> <Width = 8> <Depth = 64> <RAM>
ST_3 : Operation 912 [1/1] (2.15ns)   --->   "%store_ln133 = store i8 %gmem1_addr_read, i6 %K_tile_39_addr" [/home/siyenga7/FPGA/attention_int8.cpp:133]   --->   Operation 912 'store' 'store_ln133' <Predicate = (trunc_ln131_1 == 39)> <Delay = 2.15> <CoreInst = "RAM">   --->   Core 82 'RAM' <Latency = 1> <II = 1> <Delay = 2.15> <Storage> <Opcode : 'load' 'store'> <Ports = 2> <Width = 8> <Depth = 64> <RAM>
ST_3 : Operation 913 [1/1] (2.15ns)   --->   "%store_ln133 = store i8 %gmem1_addr_read, i6 %K_tile_38_addr" [/home/siyenga7/FPGA/attention_int8.cpp:133]   --->   Operation 913 'store' 'store_ln133' <Predicate = (trunc_ln131_1 == 38)> <Delay = 2.15> <CoreInst = "RAM">   --->   Core 82 'RAM' <Latency = 1> <II = 1> <Delay = 2.15> <Storage> <Opcode : 'load' 'store'> <Ports = 2> <Width = 8> <Depth = 64> <RAM>
ST_3 : Operation 914 [1/1] (2.15ns)   --->   "%store_ln133 = store i8 %gmem1_addr_read, i6 %K_tile_37_addr" [/home/siyenga7/FPGA/attention_int8.cpp:133]   --->   Operation 914 'store' 'store_ln133' <Predicate = (trunc_ln131_1 == 37)> <Delay = 2.15> <CoreInst = "RAM">   --->   Core 82 'RAM' <Latency = 1> <II = 1> <Delay = 2.15> <Storage> <Opcode : 'load' 'store'> <Ports = 2> <Width = 8> <Depth = 64> <RAM>
ST_3 : Operation 915 [1/1] (2.15ns)   --->   "%store_ln133 = store i8 %gmem1_addr_read, i6 %K_tile_36_addr" [/home/siyenga7/FPGA/attention_int8.cpp:133]   --->   Operation 915 'store' 'store_ln133' <Predicate = (trunc_ln131_1 == 36)> <Delay = 2.15> <CoreInst = "RAM">   --->   Core 82 'RAM' <Latency = 1> <II = 1> <Delay = 2.15> <Storage> <Opcode : 'load' 'store'> <Ports = 2> <Width = 8> <Depth = 64> <RAM>
ST_3 : Operation 916 [1/1] (2.15ns)   --->   "%store_ln133 = store i8 %gmem1_addr_read, i6 %K_tile_35_addr" [/home/siyenga7/FPGA/attention_int8.cpp:133]   --->   Operation 916 'store' 'store_ln133' <Predicate = (trunc_ln131_1 == 35)> <Delay = 2.15> <CoreInst = "RAM">   --->   Core 82 'RAM' <Latency = 1> <II = 1> <Delay = 2.15> <Storage> <Opcode : 'load' 'store'> <Ports = 2> <Width = 8> <Depth = 64> <RAM>
ST_3 : Operation 917 [1/1] (2.15ns)   --->   "%store_ln133 = store i8 %gmem1_addr_read, i6 %K_tile_34_addr" [/home/siyenga7/FPGA/attention_int8.cpp:133]   --->   Operation 917 'store' 'store_ln133' <Predicate = (trunc_ln131_1 == 34)> <Delay = 2.15> <CoreInst = "RAM">   --->   Core 82 'RAM' <Latency = 1> <II = 1> <Delay = 2.15> <Storage> <Opcode : 'load' 'store'> <Ports = 2> <Width = 8> <Depth = 64> <RAM>
ST_3 : Operation 918 [1/1] (2.15ns)   --->   "%store_ln133 = store i8 %gmem1_addr_read, i6 %K_tile_33_addr" [/home/siyenga7/FPGA/attention_int8.cpp:133]   --->   Operation 918 'store' 'store_ln133' <Predicate = (trunc_ln131_1 == 33)> <Delay = 2.15> <CoreInst = "RAM">   --->   Core 82 'RAM' <Latency = 1> <II = 1> <Delay = 2.15> <Storage> <Opcode : 'load' 'store'> <Ports = 2> <Width = 8> <Depth = 64> <RAM>
ST_3 : Operation 919 [1/1] (2.15ns)   --->   "%store_ln133 = store i8 %gmem1_addr_read, i6 %K_tile_32_addr" [/home/siyenga7/FPGA/attention_int8.cpp:133]   --->   Operation 919 'store' 'store_ln133' <Predicate = (trunc_ln131_1 == 32)> <Delay = 2.15> <CoreInst = "RAM">   --->   Core 82 'RAM' <Latency = 1> <II = 1> <Delay = 2.15> <Storage> <Opcode : 'load' 'store'> <Ports = 2> <Width = 8> <Depth = 64> <RAM>
ST_3 : Operation 920 [1/1] (2.15ns)   --->   "%store_ln133 = store i8 %gmem1_addr_read, i6 %K_tile_31_addr" [/home/siyenga7/FPGA/attention_int8.cpp:133]   --->   Operation 920 'store' 'store_ln133' <Predicate = (trunc_ln131_1 == 31)> <Delay = 2.15> <CoreInst = "RAM">   --->   Core 82 'RAM' <Latency = 1> <II = 1> <Delay = 2.15> <Storage> <Opcode : 'load' 'store'> <Ports = 2> <Width = 8> <Depth = 64> <RAM>
ST_3 : Operation 921 [1/1] (2.15ns)   --->   "%store_ln133 = store i8 %gmem1_addr_read, i6 %K_tile_30_addr" [/home/siyenga7/FPGA/attention_int8.cpp:133]   --->   Operation 921 'store' 'store_ln133' <Predicate = (trunc_ln131_1 == 30)> <Delay = 2.15> <CoreInst = "RAM">   --->   Core 82 'RAM' <Latency = 1> <II = 1> <Delay = 2.15> <Storage> <Opcode : 'load' 'store'> <Ports = 2> <Width = 8> <Depth = 64> <RAM>
ST_3 : Operation 922 [1/1] (2.15ns)   --->   "%store_ln133 = store i8 %gmem1_addr_read, i6 %K_tile_29_addr" [/home/siyenga7/FPGA/attention_int8.cpp:133]   --->   Operation 922 'store' 'store_ln133' <Predicate = (trunc_ln131_1 == 29)> <Delay = 2.15> <CoreInst = "RAM">   --->   Core 82 'RAM' <Latency = 1> <II = 1> <Delay = 2.15> <Storage> <Opcode : 'load' 'store'> <Ports = 2> <Width = 8> <Depth = 64> <RAM>
ST_3 : Operation 923 [1/1] (2.15ns)   --->   "%store_ln133 = store i8 %gmem1_addr_read, i6 %K_tile_28_addr" [/home/siyenga7/FPGA/attention_int8.cpp:133]   --->   Operation 923 'store' 'store_ln133' <Predicate = (trunc_ln131_1 == 28)> <Delay = 2.15> <CoreInst = "RAM">   --->   Core 82 'RAM' <Latency = 1> <II = 1> <Delay = 2.15> <Storage> <Opcode : 'load' 'store'> <Ports = 2> <Width = 8> <Depth = 64> <RAM>
ST_3 : Operation 924 [1/1] (2.15ns)   --->   "%store_ln133 = store i8 %gmem1_addr_read, i6 %K_tile_27_addr" [/home/siyenga7/FPGA/attention_int8.cpp:133]   --->   Operation 924 'store' 'store_ln133' <Predicate = (trunc_ln131_1 == 27)> <Delay = 2.15> <CoreInst = "RAM">   --->   Core 82 'RAM' <Latency = 1> <II = 1> <Delay = 2.15> <Storage> <Opcode : 'load' 'store'> <Ports = 2> <Width = 8> <Depth = 64> <RAM>
ST_3 : Operation 925 [1/1] (2.15ns)   --->   "%store_ln133 = store i8 %gmem1_addr_read, i6 %K_tile_26_addr" [/home/siyenga7/FPGA/attention_int8.cpp:133]   --->   Operation 925 'store' 'store_ln133' <Predicate = (trunc_ln131_1 == 26)> <Delay = 2.15> <CoreInst = "RAM">   --->   Core 82 'RAM' <Latency = 1> <II = 1> <Delay = 2.15> <Storage> <Opcode : 'load' 'store'> <Ports = 2> <Width = 8> <Depth = 64> <RAM>
ST_3 : Operation 926 [1/1] (2.15ns)   --->   "%store_ln133 = store i8 %gmem1_addr_read, i6 %K_tile_25_addr" [/home/siyenga7/FPGA/attention_int8.cpp:133]   --->   Operation 926 'store' 'store_ln133' <Predicate = (trunc_ln131_1 == 25)> <Delay = 2.15> <CoreInst = "RAM">   --->   Core 82 'RAM' <Latency = 1> <II = 1> <Delay = 2.15> <Storage> <Opcode : 'load' 'store'> <Ports = 2> <Width = 8> <Depth = 64> <RAM>
ST_3 : Operation 927 [1/1] (2.15ns)   --->   "%store_ln133 = store i8 %gmem1_addr_read, i6 %K_tile_24_addr" [/home/siyenga7/FPGA/attention_int8.cpp:133]   --->   Operation 927 'store' 'store_ln133' <Predicate = (trunc_ln131_1 == 24)> <Delay = 2.15> <CoreInst = "RAM">   --->   Core 82 'RAM' <Latency = 1> <II = 1> <Delay = 2.15> <Storage> <Opcode : 'load' 'store'> <Ports = 2> <Width = 8> <Depth = 64> <RAM>
ST_3 : Operation 928 [1/1] (2.15ns)   --->   "%store_ln133 = store i8 %gmem1_addr_read, i6 %K_tile_23_addr" [/home/siyenga7/FPGA/attention_int8.cpp:133]   --->   Operation 928 'store' 'store_ln133' <Predicate = (trunc_ln131_1 == 23)> <Delay = 2.15> <CoreInst = "RAM">   --->   Core 82 'RAM' <Latency = 1> <II = 1> <Delay = 2.15> <Storage> <Opcode : 'load' 'store'> <Ports = 2> <Width = 8> <Depth = 64> <RAM>
ST_3 : Operation 929 [1/1] (2.15ns)   --->   "%store_ln133 = store i8 %gmem1_addr_read, i6 %K_tile_22_addr" [/home/siyenga7/FPGA/attention_int8.cpp:133]   --->   Operation 929 'store' 'store_ln133' <Predicate = (trunc_ln131_1 == 22)> <Delay = 2.15> <CoreInst = "RAM">   --->   Core 82 'RAM' <Latency = 1> <II = 1> <Delay = 2.15> <Storage> <Opcode : 'load' 'store'> <Ports = 2> <Width = 8> <Depth = 64> <RAM>
ST_3 : Operation 930 [1/1] (2.15ns)   --->   "%store_ln133 = store i8 %gmem1_addr_read, i6 %K_tile_21_addr" [/home/siyenga7/FPGA/attention_int8.cpp:133]   --->   Operation 930 'store' 'store_ln133' <Predicate = (trunc_ln131_1 == 21)> <Delay = 2.15> <CoreInst = "RAM">   --->   Core 82 'RAM' <Latency = 1> <II = 1> <Delay = 2.15> <Storage> <Opcode : 'load' 'store'> <Ports = 2> <Width = 8> <Depth = 64> <RAM>
ST_3 : Operation 931 [1/1] (2.15ns)   --->   "%store_ln133 = store i8 %gmem1_addr_read, i6 %K_tile_20_addr" [/home/siyenga7/FPGA/attention_int8.cpp:133]   --->   Operation 931 'store' 'store_ln133' <Predicate = (trunc_ln131_1 == 20)> <Delay = 2.15> <CoreInst = "RAM">   --->   Core 82 'RAM' <Latency = 1> <II = 1> <Delay = 2.15> <Storage> <Opcode : 'load' 'store'> <Ports = 2> <Width = 8> <Depth = 64> <RAM>
ST_3 : Operation 932 [1/1] (2.15ns)   --->   "%store_ln133 = store i8 %gmem1_addr_read, i6 %K_tile_19_addr" [/home/siyenga7/FPGA/attention_int8.cpp:133]   --->   Operation 932 'store' 'store_ln133' <Predicate = (trunc_ln131_1 == 19)> <Delay = 2.15> <CoreInst = "RAM">   --->   Core 82 'RAM' <Latency = 1> <II = 1> <Delay = 2.15> <Storage> <Opcode : 'load' 'store'> <Ports = 2> <Width = 8> <Depth = 64> <RAM>
ST_3 : Operation 933 [1/1] (2.15ns)   --->   "%store_ln133 = store i8 %gmem1_addr_read, i6 %K_tile_18_addr" [/home/siyenga7/FPGA/attention_int8.cpp:133]   --->   Operation 933 'store' 'store_ln133' <Predicate = (trunc_ln131_1 == 18)> <Delay = 2.15> <CoreInst = "RAM">   --->   Core 82 'RAM' <Latency = 1> <II = 1> <Delay = 2.15> <Storage> <Opcode : 'load' 'store'> <Ports = 2> <Width = 8> <Depth = 64> <RAM>
ST_3 : Operation 934 [1/1] (2.15ns)   --->   "%store_ln133 = store i8 %gmem1_addr_read, i6 %K_tile_17_addr" [/home/siyenga7/FPGA/attention_int8.cpp:133]   --->   Operation 934 'store' 'store_ln133' <Predicate = (trunc_ln131_1 == 17)> <Delay = 2.15> <CoreInst = "RAM">   --->   Core 82 'RAM' <Latency = 1> <II = 1> <Delay = 2.15> <Storage> <Opcode : 'load' 'store'> <Ports = 2> <Width = 8> <Depth = 64> <RAM>
ST_3 : Operation 935 [1/1] (2.15ns)   --->   "%store_ln133 = store i8 %gmem1_addr_read, i6 %K_tile_16_addr" [/home/siyenga7/FPGA/attention_int8.cpp:133]   --->   Operation 935 'store' 'store_ln133' <Predicate = (trunc_ln131_1 == 16)> <Delay = 2.15> <CoreInst = "RAM">   --->   Core 82 'RAM' <Latency = 1> <II = 1> <Delay = 2.15> <Storage> <Opcode : 'load' 'store'> <Ports = 2> <Width = 8> <Depth = 64> <RAM>
ST_3 : Operation 936 [1/1] (2.15ns)   --->   "%store_ln133 = store i8 %gmem1_addr_read, i6 %K_tile_15_addr" [/home/siyenga7/FPGA/attention_int8.cpp:133]   --->   Operation 936 'store' 'store_ln133' <Predicate = (trunc_ln131_1 == 15)> <Delay = 2.15> <CoreInst = "RAM">   --->   Core 82 'RAM' <Latency = 1> <II = 1> <Delay = 2.15> <Storage> <Opcode : 'load' 'store'> <Ports = 2> <Width = 8> <Depth = 64> <RAM>
ST_3 : Operation 937 [1/1] (2.15ns)   --->   "%store_ln133 = store i8 %gmem1_addr_read, i6 %K_tile_14_addr" [/home/siyenga7/FPGA/attention_int8.cpp:133]   --->   Operation 937 'store' 'store_ln133' <Predicate = (trunc_ln131_1 == 14)> <Delay = 2.15> <CoreInst = "RAM">   --->   Core 82 'RAM' <Latency = 1> <II = 1> <Delay = 2.15> <Storage> <Opcode : 'load' 'store'> <Ports = 2> <Width = 8> <Depth = 64> <RAM>
ST_3 : Operation 938 [1/1] (2.15ns)   --->   "%store_ln133 = store i8 %gmem1_addr_read, i6 %K_tile_13_addr" [/home/siyenga7/FPGA/attention_int8.cpp:133]   --->   Operation 938 'store' 'store_ln133' <Predicate = (trunc_ln131_1 == 13)> <Delay = 2.15> <CoreInst = "RAM">   --->   Core 82 'RAM' <Latency = 1> <II = 1> <Delay = 2.15> <Storage> <Opcode : 'load' 'store'> <Ports = 2> <Width = 8> <Depth = 64> <RAM>
ST_3 : Operation 939 [1/1] (2.15ns)   --->   "%store_ln133 = store i8 %gmem1_addr_read, i6 %K_tile_12_addr" [/home/siyenga7/FPGA/attention_int8.cpp:133]   --->   Operation 939 'store' 'store_ln133' <Predicate = (trunc_ln131_1 == 12)> <Delay = 2.15> <CoreInst = "RAM">   --->   Core 82 'RAM' <Latency = 1> <II = 1> <Delay = 2.15> <Storage> <Opcode : 'load' 'store'> <Ports = 2> <Width = 8> <Depth = 64> <RAM>
ST_3 : Operation 940 [1/1] (2.15ns)   --->   "%store_ln133 = store i8 %gmem1_addr_read, i6 %K_tile_11_addr" [/home/siyenga7/FPGA/attention_int8.cpp:133]   --->   Operation 940 'store' 'store_ln133' <Predicate = (trunc_ln131_1 == 11)> <Delay = 2.15> <CoreInst = "RAM">   --->   Core 82 'RAM' <Latency = 1> <II = 1> <Delay = 2.15> <Storage> <Opcode : 'load' 'store'> <Ports = 2> <Width = 8> <Depth = 64> <RAM>
ST_3 : Operation 941 [1/1] (2.15ns)   --->   "%store_ln133 = store i8 %gmem1_addr_read, i6 %K_tile_10_addr" [/home/siyenga7/FPGA/attention_int8.cpp:133]   --->   Operation 941 'store' 'store_ln133' <Predicate = (trunc_ln131_1 == 10)> <Delay = 2.15> <CoreInst = "RAM">   --->   Core 82 'RAM' <Latency = 1> <II = 1> <Delay = 2.15> <Storage> <Opcode : 'load' 'store'> <Ports = 2> <Width = 8> <Depth = 64> <RAM>
ST_3 : Operation 942 [1/1] (2.15ns)   --->   "%store_ln133 = store i8 %gmem1_addr_read, i6 %K_tile_9_addr" [/home/siyenga7/FPGA/attention_int8.cpp:133]   --->   Operation 942 'store' 'store_ln133' <Predicate = (trunc_ln131_1 == 9)> <Delay = 2.15> <CoreInst = "RAM">   --->   Core 82 'RAM' <Latency = 1> <II = 1> <Delay = 2.15> <Storage> <Opcode : 'load' 'store'> <Ports = 2> <Width = 8> <Depth = 64> <RAM>
ST_3 : Operation 943 [1/1] (2.15ns)   --->   "%store_ln133 = store i8 %gmem1_addr_read, i6 %K_tile_8_addr" [/home/siyenga7/FPGA/attention_int8.cpp:133]   --->   Operation 943 'store' 'store_ln133' <Predicate = (trunc_ln131_1 == 8)> <Delay = 2.15> <CoreInst = "RAM">   --->   Core 82 'RAM' <Latency = 1> <II = 1> <Delay = 2.15> <Storage> <Opcode : 'load' 'store'> <Ports = 2> <Width = 8> <Depth = 64> <RAM>
ST_3 : Operation 944 [1/1] (2.15ns)   --->   "%store_ln133 = store i8 %gmem1_addr_read, i6 %K_tile_7_addr" [/home/siyenga7/FPGA/attention_int8.cpp:133]   --->   Operation 944 'store' 'store_ln133' <Predicate = (trunc_ln131_1 == 7)> <Delay = 2.15> <CoreInst = "RAM">   --->   Core 82 'RAM' <Latency = 1> <II = 1> <Delay = 2.15> <Storage> <Opcode : 'load' 'store'> <Ports = 2> <Width = 8> <Depth = 64> <RAM>
ST_3 : Operation 945 [1/1] (2.15ns)   --->   "%store_ln133 = store i8 %gmem1_addr_read, i6 %K_tile_6_addr" [/home/siyenga7/FPGA/attention_int8.cpp:133]   --->   Operation 945 'store' 'store_ln133' <Predicate = (trunc_ln131_1 == 6)> <Delay = 2.15> <CoreInst = "RAM">   --->   Core 82 'RAM' <Latency = 1> <II = 1> <Delay = 2.15> <Storage> <Opcode : 'load' 'store'> <Ports = 2> <Width = 8> <Depth = 64> <RAM>
ST_3 : Operation 946 [1/1] (2.15ns)   --->   "%store_ln133 = store i8 %gmem1_addr_read, i6 %K_tile_5_addr" [/home/siyenga7/FPGA/attention_int8.cpp:133]   --->   Operation 946 'store' 'store_ln133' <Predicate = (trunc_ln131_1 == 5)> <Delay = 2.15> <CoreInst = "RAM">   --->   Core 82 'RAM' <Latency = 1> <II = 1> <Delay = 2.15> <Storage> <Opcode : 'load' 'store'> <Ports = 2> <Width = 8> <Depth = 64> <RAM>
ST_3 : Operation 947 [1/1] (2.15ns)   --->   "%store_ln133 = store i8 %gmem1_addr_read, i6 %K_tile_4_addr" [/home/siyenga7/FPGA/attention_int8.cpp:133]   --->   Operation 947 'store' 'store_ln133' <Predicate = (trunc_ln131_1 == 4)> <Delay = 2.15> <CoreInst = "RAM">   --->   Core 82 'RAM' <Latency = 1> <II = 1> <Delay = 2.15> <Storage> <Opcode : 'load' 'store'> <Ports = 2> <Width = 8> <Depth = 64> <RAM>
ST_3 : Operation 948 [1/1] (2.15ns)   --->   "%store_ln133 = store i8 %gmem1_addr_read, i6 %K_tile_3_addr" [/home/siyenga7/FPGA/attention_int8.cpp:133]   --->   Operation 948 'store' 'store_ln133' <Predicate = (trunc_ln131_1 == 3)> <Delay = 2.15> <CoreInst = "RAM">   --->   Core 82 'RAM' <Latency = 1> <II = 1> <Delay = 2.15> <Storage> <Opcode : 'load' 'store'> <Ports = 2> <Width = 8> <Depth = 64> <RAM>
ST_3 : Operation 949 [1/1] (2.15ns)   --->   "%store_ln133 = store i8 %gmem1_addr_read, i6 %K_tile_2_addr" [/home/siyenga7/FPGA/attention_int8.cpp:133]   --->   Operation 949 'store' 'store_ln133' <Predicate = (trunc_ln131_1 == 2)> <Delay = 2.15> <CoreInst = "RAM">   --->   Core 82 'RAM' <Latency = 1> <II = 1> <Delay = 2.15> <Storage> <Opcode : 'load' 'store'> <Ports = 2> <Width = 8> <Depth = 64> <RAM>
ST_3 : Operation 950 [1/1] (2.15ns)   --->   "%store_ln133 = store i8 %gmem1_addr_read, i6 %K_tile_1_addr" [/home/siyenga7/FPGA/attention_int8.cpp:133]   --->   Operation 950 'store' 'store_ln133' <Predicate = (trunc_ln131_1 == 1)> <Delay = 2.15> <CoreInst = "RAM">   --->   Core 82 'RAM' <Latency = 1> <II = 1> <Delay = 2.15> <Storage> <Opcode : 'load' 'store'> <Ports = 2> <Width = 8> <Depth = 64> <RAM>
ST_3 : Operation 951 [1/1] (2.15ns)   --->   "%store_ln133 = store i8 %gmem1_addr_read, i6 %K_tile_addr" [/home/siyenga7/FPGA/attention_int8.cpp:133]   --->   Operation 951 'store' 'store_ln133' <Predicate = (trunc_ln131_1 == 0)> <Delay = 2.15> <CoreInst = "RAM">   --->   Core 82 'RAM' <Latency = 1> <II = 1> <Delay = 2.15> <Storage> <Opcode : 'load' 'store'> <Ports = 2> <Width = 8> <Depth = 64> <RAM>
ST_3 : Operation 952 [1/1] (2.15ns)   --->   "%store_ln133 = store i8 %gmem1_addr_read, i6 %K_tile_127_addr" [/home/siyenga7/FPGA/attention_int8.cpp:133]   --->   Operation 952 'store' 'store_ln133' <Predicate = (trunc_ln131_1 == 127)> <Delay = 2.15> <CoreInst = "RAM">   --->   Core 82 'RAM' <Latency = 1> <II = 1> <Delay = 2.15> <Storage> <Opcode : 'load' 'store'> <Ports = 2> <Width = 8> <Depth = 64> <RAM>
ST_3 : Operation 953 [1/1] (0.00ns)   --->   "%V_tile_addr = getelementptr i8 %V_tile, i64 0, i64 %zext_ln131" [/home/siyenga7/FPGA/attention_int8.cpp:134]   --->   Operation 953 'getelementptr' 'V_tile_addr' <Predicate = true> <Delay = 0.00>
ST_3 : Operation 954 [1/1] (0.00ns)   --->   "%V_tile_1_addr = getelementptr i8 %V_tile_1, i64 0, i64 %zext_ln131" [/home/siyenga7/FPGA/attention_int8.cpp:134]   --->   Operation 954 'getelementptr' 'V_tile_1_addr' <Predicate = true> <Delay = 0.00>
ST_3 : Operation 955 [1/1] (0.00ns)   --->   "%V_tile_2_addr = getelementptr i8 %V_tile_2, i64 0, i64 %zext_ln131" [/home/siyenga7/FPGA/attention_int8.cpp:134]   --->   Operation 955 'getelementptr' 'V_tile_2_addr' <Predicate = true> <Delay = 0.00>
ST_3 : Operation 956 [1/1] (0.00ns)   --->   "%V_tile_3_addr = getelementptr i8 %V_tile_3, i64 0, i64 %zext_ln131" [/home/siyenga7/FPGA/attention_int8.cpp:134]   --->   Operation 956 'getelementptr' 'V_tile_3_addr' <Predicate = true> <Delay = 0.00>
ST_3 : Operation 957 [1/1] (0.00ns)   --->   "%V_tile_4_addr = getelementptr i8 %V_tile_4, i64 0, i64 %zext_ln131" [/home/siyenga7/FPGA/attention_int8.cpp:134]   --->   Operation 957 'getelementptr' 'V_tile_4_addr' <Predicate = true> <Delay = 0.00>
ST_3 : Operation 958 [1/1] (0.00ns)   --->   "%V_tile_5_addr = getelementptr i8 %V_tile_5, i64 0, i64 %zext_ln131" [/home/siyenga7/FPGA/attention_int8.cpp:134]   --->   Operation 958 'getelementptr' 'V_tile_5_addr' <Predicate = true> <Delay = 0.00>
ST_3 : Operation 959 [1/1] (0.00ns)   --->   "%V_tile_6_addr = getelementptr i8 %V_tile_6, i64 0, i64 %zext_ln131" [/home/siyenga7/FPGA/attention_int8.cpp:134]   --->   Operation 959 'getelementptr' 'V_tile_6_addr' <Predicate = true> <Delay = 0.00>
ST_3 : Operation 960 [1/1] (0.00ns)   --->   "%V_tile_7_addr = getelementptr i8 %V_tile_7, i64 0, i64 %zext_ln131" [/home/siyenga7/FPGA/attention_int8.cpp:134]   --->   Operation 960 'getelementptr' 'V_tile_7_addr' <Predicate = true> <Delay = 0.00>
ST_3 : Operation 961 [1/1] (0.00ns)   --->   "%V_tile_8_addr = getelementptr i8 %V_tile_8, i64 0, i64 %zext_ln131" [/home/siyenga7/FPGA/attention_int8.cpp:134]   --->   Operation 961 'getelementptr' 'V_tile_8_addr' <Predicate = true> <Delay = 0.00>
ST_3 : Operation 962 [1/1] (0.00ns)   --->   "%V_tile_9_addr = getelementptr i8 %V_tile_9, i64 0, i64 %zext_ln131" [/home/siyenga7/FPGA/attention_int8.cpp:134]   --->   Operation 962 'getelementptr' 'V_tile_9_addr' <Predicate = true> <Delay = 0.00>
ST_3 : Operation 963 [1/1] (0.00ns)   --->   "%V_tile_10_addr = getelementptr i8 %V_tile_10, i64 0, i64 %zext_ln131" [/home/siyenga7/FPGA/attention_int8.cpp:134]   --->   Operation 963 'getelementptr' 'V_tile_10_addr' <Predicate = true> <Delay = 0.00>
ST_3 : Operation 964 [1/1] (0.00ns)   --->   "%V_tile_11_addr = getelementptr i8 %V_tile_11, i64 0, i64 %zext_ln131" [/home/siyenga7/FPGA/attention_int8.cpp:134]   --->   Operation 964 'getelementptr' 'V_tile_11_addr' <Predicate = true> <Delay = 0.00>
ST_3 : Operation 965 [1/1] (0.00ns)   --->   "%V_tile_12_addr = getelementptr i8 %V_tile_12, i64 0, i64 %zext_ln131" [/home/siyenga7/FPGA/attention_int8.cpp:134]   --->   Operation 965 'getelementptr' 'V_tile_12_addr' <Predicate = true> <Delay = 0.00>
ST_3 : Operation 966 [1/1] (0.00ns)   --->   "%V_tile_13_addr = getelementptr i8 %V_tile_13, i64 0, i64 %zext_ln131" [/home/siyenga7/FPGA/attention_int8.cpp:134]   --->   Operation 966 'getelementptr' 'V_tile_13_addr' <Predicate = true> <Delay = 0.00>
ST_3 : Operation 967 [1/1] (0.00ns)   --->   "%V_tile_14_addr = getelementptr i8 %V_tile_14, i64 0, i64 %zext_ln131" [/home/siyenga7/FPGA/attention_int8.cpp:134]   --->   Operation 967 'getelementptr' 'V_tile_14_addr' <Predicate = true> <Delay = 0.00>
ST_3 : Operation 968 [1/1] (0.00ns)   --->   "%V_tile_15_addr = getelementptr i8 %V_tile_15, i64 0, i64 %zext_ln131" [/home/siyenga7/FPGA/attention_int8.cpp:134]   --->   Operation 968 'getelementptr' 'V_tile_15_addr' <Predicate = true> <Delay = 0.00>
ST_3 : Operation 969 [1/1] (0.00ns)   --->   "%V_tile_16_addr = getelementptr i8 %V_tile_16, i64 0, i64 %zext_ln131" [/home/siyenga7/FPGA/attention_int8.cpp:134]   --->   Operation 969 'getelementptr' 'V_tile_16_addr' <Predicate = true> <Delay = 0.00>
ST_3 : Operation 970 [1/1] (0.00ns)   --->   "%V_tile_17_addr = getelementptr i8 %V_tile_17, i64 0, i64 %zext_ln131" [/home/siyenga7/FPGA/attention_int8.cpp:134]   --->   Operation 970 'getelementptr' 'V_tile_17_addr' <Predicate = true> <Delay = 0.00>
ST_3 : Operation 971 [1/1] (0.00ns)   --->   "%V_tile_18_addr = getelementptr i8 %V_tile_18, i64 0, i64 %zext_ln131" [/home/siyenga7/FPGA/attention_int8.cpp:134]   --->   Operation 971 'getelementptr' 'V_tile_18_addr' <Predicate = true> <Delay = 0.00>
ST_3 : Operation 972 [1/1] (0.00ns)   --->   "%V_tile_19_addr = getelementptr i8 %V_tile_19, i64 0, i64 %zext_ln131" [/home/siyenga7/FPGA/attention_int8.cpp:134]   --->   Operation 972 'getelementptr' 'V_tile_19_addr' <Predicate = true> <Delay = 0.00>
ST_3 : Operation 973 [1/1] (0.00ns)   --->   "%V_tile_20_addr = getelementptr i8 %V_tile_20, i64 0, i64 %zext_ln131" [/home/siyenga7/FPGA/attention_int8.cpp:134]   --->   Operation 973 'getelementptr' 'V_tile_20_addr' <Predicate = true> <Delay = 0.00>
ST_3 : Operation 974 [1/1] (0.00ns)   --->   "%V_tile_21_addr = getelementptr i8 %V_tile_21, i64 0, i64 %zext_ln131" [/home/siyenga7/FPGA/attention_int8.cpp:134]   --->   Operation 974 'getelementptr' 'V_tile_21_addr' <Predicate = true> <Delay = 0.00>
ST_3 : Operation 975 [1/1] (0.00ns)   --->   "%V_tile_22_addr = getelementptr i8 %V_tile_22, i64 0, i64 %zext_ln131" [/home/siyenga7/FPGA/attention_int8.cpp:134]   --->   Operation 975 'getelementptr' 'V_tile_22_addr' <Predicate = true> <Delay = 0.00>
ST_3 : Operation 976 [1/1] (0.00ns)   --->   "%V_tile_23_addr = getelementptr i8 %V_tile_23, i64 0, i64 %zext_ln131" [/home/siyenga7/FPGA/attention_int8.cpp:134]   --->   Operation 976 'getelementptr' 'V_tile_23_addr' <Predicate = true> <Delay = 0.00>
ST_3 : Operation 977 [1/1] (0.00ns)   --->   "%V_tile_24_addr = getelementptr i8 %V_tile_24, i64 0, i64 %zext_ln131" [/home/siyenga7/FPGA/attention_int8.cpp:134]   --->   Operation 977 'getelementptr' 'V_tile_24_addr' <Predicate = true> <Delay = 0.00>
ST_3 : Operation 978 [1/1] (0.00ns)   --->   "%V_tile_25_addr = getelementptr i8 %V_tile_25, i64 0, i64 %zext_ln131" [/home/siyenga7/FPGA/attention_int8.cpp:134]   --->   Operation 978 'getelementptr' 'V_tile_25_addr' <Predicate = true> <Delay = 0.00>
ST_3 : Operation 979 [1/1] (0.00ns)   --->   "%V_tile_26_addr = getelementptr i8 %V_tile_26, i64 0, i64 %zext_ln131" [/home/siyenga7/FPGA/attention_int8.cpp:134]   --->   Operation 979 'getelementptr' 'V_tile_26_addr' <Predicate = true> <Delay = 0.00>
ST_3 : Operation 980 [1/1] (0.00ns)   --->   "%V_tile_27_addr = getelementptr i8 %V_tile_27, i64 0, i64 %zext_ln131" [/home/siyenga7/FPGA/attention_int8.cpp:134]   --->   Operation 980 'getelementptr' 'V_tile_27_addr' <Predicate = true> <Delay = 0.00>
ST_3 : Operation 981 [1/1] (0.00ns)   --->   "%V_tile_28_addr = getelementptr i8 %V_tile_28, i64 0, i64 %zext_ln131" [/home/siyenga7/FPGA/attention_int8.cpp:134]   --->   Operation 981 'getelementptr' 'V_tile_28_addr' <Predicate = true> <Delay = 0.00>
ST_3 : Operation 982 [1/1] (0.00ns)   --->   "%V_tile_29_addr = getelementptr i8 %V_tile_29, i64 0, i64 %zext_ln131" [/home/siyenga7/FPGA/attention_int8.cpp:134]   --->   Operation 982 'getelementptr' 'V_tile_29_addr' <Predicate = true> <Delay = 0.00>
ST_3 : Operation 983 [1/1] (0.00ns)   --->   "%V_tile_30_addr = getelementptr i8 %V_tile_30, i64 0, i64 %zext_ln131" [/home/siyenga7/FPGA/attention_int8.cpp:134]   --->   Operation 983 'getelementptr' 'V_tile_30_addr' <Predicate = true> <Delay = 0.00>
ST_3 : Operation 984 [1/1] (0.00ns)   --->   "%V_tile_31_addr = getelementptr i8 %V_tile_31, i64 0, i64 %zext_ln131" [/home/siyenga7/FPGA/attention_int8.cpp:134]   --->   Operation 984 'getelementptr' 'V_tile_31_addr' <Predicate = true> <Delay = 0.00>
ST_3 : Operation 985 [1/1] (0.00ns)   --->   "%V_tile_32_addr = getelementptr i8 %V_tile_32, i64 0, i64 %zext_ln131" [/home/siyenga7/FPGA/attention_int8.cpp:134]   --->   Operation 985 'getelementptr' 'V_tile_32_addr' <Predicate = true> <Delay = 0.00>
ST_3 : Operation 986 [1/1] (0.00ns)   --->   "%V_tile_33_addr = getelementptr i8 %V_tile_33, i64 0, i64 %zext_ln131" [/home/siyenga7/FPGA/attention_int8.cpp:134]   --->   Operation 986 'getelementptr' 'V_tile_33_addr' <Predicate = true> <Delay = 0.00>
ST_3 : Operation 987 [1/1] (0.00ns)   --->   "%V_tile_34_addr = getelementptr i8 %V_tile_34, i64 0, i64 %zext_ln131" [/home/siyenga7/FPGA/attention_int8.cpp:134]   --->   Operation 987 'getelementptr' 'V_tile_34_addr' <Predicate = true> <Delay = 0.00>
ST_3 : Operation 988 [1/1] (0.00ns)   --->   "%V_tile_35_addr = getelementptr i8 %V_tile_35, i64 0, i64 %zext_ln131" [/home/siyenga7/FPGA/attention_int8.cpp:134]   --->   Operation 988 'getelementptr' 'V_tile_35_addr' <Predicate = true> <Delay = 0.00>
ST_3 : Operation 989 [1/1] (0.00ns)   --->   "%V_tile_36_addr = getelementptr i8 %V_tile_36, i64 0, i64 %zext_ln131" [/home/siyenga7/FPGA/attention_int8.cpp:134]   --->   Operation 989 'getelementptr' 'V_tile_36_addr' <Predicate = true> <Delay = 0.00>
ST_3 : Operation 990 [1/1] (0.00ns)   --->   "%V_tile_37_addr = getelementptr i8 %V_tile_37, i64 0, i64 %zext_ln131" [/home/siyenga7/FPGA/attention_int8.cpp:134]   --->   Operation 990 'getelementptr' 'V_tile_37_addr' <Predicate = true> <Delay = 0.00>
ST_3 : Operation 991 [1/1] (0.00ns)   --->   "%V_tile_38_addr = getelementptr i8 %V_tile_38, i64 0, i64 %zext_ln131" [/home/siyenga7/FPGA/attention_int8.cpp:134]   --->   Operation 991 'getelementptr' 'V_tile_38_addr' <Predicate = true> <Delay = 0.00>
ST_3 : Operation 992 [1/1] (0.00ns)   --->   "%V_tile_39_addr = getelementptr i8 %V_tile_39, i64 0, i64 %zext_ln131" [/home/siyenga7/FPGA/attention_int8.cpp:134]   --->   Operation 992 'getelementptr' 'V_tile_39_addr' <Predicate = true> <Delay = 0.00>
ST_3 : Operation 993 [1/1] (0.00ns)   --->   "%V_tile_40_addr = getelementptr i8 %V_tile_40, i64 0, i64 %zext_ln131" [/home/siyenga7/FPGA/attention_int8.cpp:134]   --->   Operation 993 'getelementptr' 'V_tile_40_addr' <Predicate = true> <Delay = 0.00>
ST_3 : Operation 994 [1/1] (0.00ns)   --->   "%V_tile_41_addr = getelementptr i8 %V_tile_41, i64 0, i64 %zext_ln131" [/home/siyenga7/FPGA/attention_int8.cpp:134]   --->   Operation 994 'getelementptr' 'V_tile_41_addr' <Predicate = true> <Delay = 0.00>
ST_3 : Operation 995 [1/1] (0.00ns)   --->   "%V_tile_42_addr = getelementptr i8 %V_tile_42, i64 0, i64 %zext_ln131" [/home/siyenga7/FPGA/attention_int8.cpp:134]   --->   Operation 995 'getelementptr' 'V_tile_42_addr' <Predicate = true> <Delay = 0.00>
ST_3 : Operation 996 [1/1] (0.00ns)   --->   "%V_tile_43_addr = getelementptr i8 %V_tile_43, i64 0, i64 %zext_ln131" [/home/siyenga7/FPGA/attention_int8.cpp:134]   --->   Operation 996 'getelementptr' 'V_tile_43_addr' <Predicate = true> <Delay = 0.00>
ST_3 : Operation 997 [1/1] (0.00ns)   --->   "%V_tile_44_addr = getelementptr i8 %V_tile_44, i64 0, i64 %zext_ln131" [/home/siyenga7/FPGA/attention_int8.cpp:134]   --->   Operation 997 'getelementptr' 'V_tile_44_addr' <Predicate = true> <Delay = 0.00>
ST_3 : Operation 998 [1/1] (0.00ns)   --->   "%V_tile_45_addr = getelementptr i8 %V_tile_45, i64 0, i64 %zext_ln131" [/home/siyenga7/FPGA/attention_int8.cpp:134]   --->   Operation 998 'getelementptr' 'V_tile_45_addr' <Predicate = true> <Delay = 0.00>
ST_3 : Operation 999 [1/1] (0.00ns)   --->   "%V_tile_46_addr = getelementptr i8 %V_tile_46, i64 0, i64 %zext_ln131" [/home/siyenga7/FPGA/attention_int8.cpp:134]   --->   Operation 999 'getelementptr' 'V_tile_46_addr' <Predicate = true> <Delay = 0.00>
ST_3 : Operation 1000 [1/1] (0.00ns)   --->   "%V_tile_47_addr = getelementptr i8 %V_tile_47, i64 0, i64 %zext_ln131" [/home/siyenga7/FPGA/attention_int8.cpp:134]   --->   Operation 1000 'getelementptr' 'V_tile_47_addr' <Predicate = true> <Delay = 0.00>
ST_3 : Operation 1001 [1/1] (0.00ns)   --->   "%V_tile_48_addr = getelementptr i8 %V_tile_48, i64 0, i64 %zext_ln131" [/home/siyenga7/FPGA/attention_int8.cpp:134]   --->   Operation 1001 'getelementptr' 'V_tile_48_addr' <Predicate = true> <Delay = 0.00>
ST_3 : Operation 1002 [1/1] (0.00ns)   --->   "%V_tile_49_addr = getelementptr i8 %V_tile_49, i64 0, i64 %zext_ln131" [/home/siyenga7/FPGA/attention_int8.cpp:134]   --->   Operation 1002 'getelementptr' 'V_tile_49_addr' <Predicate = true> <Delay = 0.00>
ST_3 : Operation 1003 [1/1] (0.00ns)   --->   "%V_tile_50_addr = getelementptr i8 %V_tile_50, i64 0, i64 %zext_ln131" [/home/siyenga7/FPGA/attention_int8.cpp:134]   --->   Operation 1003 'getelementptr' 'V_tile_50_addr' <Predicate = true> <Delay = 0.00>
ST_3 : Operation 1004 [1/1] (0.00ns)   --->   "%V_tile_51_addr = getelementptr i8 %V_tile_51, i64 0, i64 %zext_ln131" [/home/siyenga7/FPGA/attention_int8.cpp:134]   --->   Operation 1004 'getelementptr' 'V_tile_51_addr' <Predicate = true> <Delay = 0.00>
ST_3 : Operation 1005 [1/1] (0.00ns)   --->   "%V_tile_52_addr = getelementptr i8 %V_tile_52, i64 0, i64 %zext_ln131" [/home/siyenga7/FPGA/attention_int8.cpp:134]   --->   Operation 1005 'getelementptr' 'V_tile_52_addr' <Predicate = true> <Delay = 0.00>
ST_3 : Operation 1006 [1/1] (0.00ns)   --->   "%V_tile_53_addr = getelementptr i8 %V_tile_53, i64 0, i64 %zext_ln131" [/home/siyenga7/FPGA/attention_int8.cpp:134]   --->   Operation 1006 'getelementptr' 'V_tile_53_addr' <Predicate = true> <Delay = 0.00>
ST_3 : Operation 1007 [1/1] (0.00ns)   --->   "%V_tile_54_addr = getelementptr i8 %V_tile_54, i64 0, i64 %zext_ln131" [/home/siyenga7/FPGA/attention_int8.cpp:134]   --->   Operation 1007 'getelementptr' 'V_tile_54_addr' <Predicate = true> <Delay = 0.00>
ST_3 : Operation 1008 [1/1] (0.00ns)   --->   "%V_tile_55_addr = getelementptr i8 %V_tile_55, i64 0, i64 %zext_ln131" [/home/siyenga7/FPGA/attention_int8.cpp:134]   --->   Operation 1008 'getelementptr' 'V_tile_55_addr' <Predicate = true> <Delay = 0.00>
ST_3 : Operation 1009 [1/1] (0.00ns)   --->   "%V_tile_56_addr = getelementptr i8 %V_tile_56, i64 0, i64 %zext_ln131" [/home/siyenga7/FPGA/attention_int8.cpp:134]   --->   Operation 1009 'getelementptr' 'V_tile_56_addr' <Predicate = true> <Delay = 0.00>
ST_3 : Operation 1010 [1/1] (0.00ns)   --->   "%V_tile_57_addr = getelementptr i8 %V_tile_57, i64 0, i64 %zext_ln131" [/home/siyenga7/FPGA/attention_int8.cpp:134]   --->   Operation 1010 'getelementptr' 'V_tile_57_addr' <Predicate = true> <Delay = 0.00>
ST_3 : Operation 1011 [1/1] (0.00ns)   --->   "%V_tile_58_addr = getelementptr i8 %V_tile_58, i64 0, i64 %zext_ln131" [/home/siyenga7/FPGA/attention_int8.cpp:134]   --->   Operation 1011 'getelementptr' 'V_tile_58_addr' <Predicate = true> <Delay = 0.00>
ST_3 : Operation 1012 [1/1] (0.00ns)   --->   "%V_tile_59_addr = getelementptr i8 %V_tile_59, i64 0, i64 %zext_ln131" [/home/siyenga7/FPGA/attention_int8.cpp:134]   --->   Operation 1012 'getelementptr' 'V_tile_59_addr' <Predicate = true> <Delay = 0.00>
ST_3 : Operation 1013 [1/1] (0.00ns)   --->   "%V_tile_60_addr = getelementptr i8 %V_tile_60, i64 0, i64 %zext_ln131" [/home/siyenga7/FPGA/attention_int8.cpp:134]   --->   Operation 1013 'getelementptr' 'V_tile_60_addr' <Predicate = true> <Delay = 0.00>
ST_3 : Operation 1014 [1/1] (0.00ns)   --->   "%V_tile_61_addr = getelementptr i8 %V_tile_61, i64 0, i64 %zext_ln131" [/home/siyenga7/FPGA/attention_int8.cpp:134]   --->   Operation 1014 'getelementptr' 'V_tile_61_addr' <Predicate = true> <Delay = 0.00>
ST_3 : Operation 1015 [1/1] (0.00ns)   --->   "%V_tile_62_addr = getelementptr i8 %V_tile_62, i64 0, i64 %zext_ln131" [/home/siyenga7/FPGA/attention_int8.cpp:134]   --->   Operation 1015 'getelementptr' 'V_tile_62_addr' <Predicate = true> <Delay = 0.00>
ST_3 : Operation 1016 [1/1] (0.00ns)   --->   "%V_tile_63_addr = getelementptr i8 %V_tile_63, i64 0, i64 %zext_ln131" [/home/siyenga7/FPGA/attention_int8.cpp:134]   --->   Operation 1016 'getelementptr' 'V_tile_63_addr' <Predicate = true> <Delay = 0.00>
ST_3 : Operation 1017 [1/1] (0.00ns)   --->   "%V_tile_64_addr = getelementptr i8 %V_tile_64, i64 0, i64 %zext_ln131" [/home/siyenga7/FPGA/attention_int8.cpp:134]   --->   Operation 1017 'getelementptr' 'V_tile_64_addr' <Predicate = true> <Delay = 0.00>
ST_3 : Operation 1018 [1/1] (0.00ns)   --->   "%V_tile_65_addr = getelementptr i8 %V_tile_65, i64 0, i64 %zext_ln131" [/home/siyenga7/FPGA/attention_int8.cpp:134]   --->   Operation 1018 'getelementptr' 'V_tile_65_addr' <Predicate = true> <Delay = 0.00>
ST_3 : Operation 1019 [1/1] (0.00ns)   --->   "%V_tile_66_addr = getelementptr i8 %V_tile_66, i64 0, i64 %zext_ln131" [/home/siyenga7/FPGA/attention_int8.cpp:134]   --->   Operation 1019 'getelementptr' 'V_tile_66_addr' <Predicate = true> <Delay = 0.00>
ST_3 : Operation 1020 [1/1] (0.00ns)   --->   "%V_tile_67_addr = getelementptr i8 %V_tile_67, i64 0, i64 %zext_ln131" [/home/siyenga7/FPGA/attention_int8.cpp:134]   --->   Operation 1020 'getelementptr' 'V_tile_67_addr' <Predicate = true> <Delay = 0.00>
ST_3 : Operation 1021 [1/1] (0.00ns)   --->   "%V_tile_68_addr = getelementptr i8 %V_tile_68, i64 0, i64 %zext_ln131" [/home/siyenga7/FPGA/attention_int8.cpp:134]   --->   Operation 1021 'getelementptr' 'V_tile_68_addr' <Predicate = true> <Delay = 0.00>
ST_3 : Operation 1022 [1/1] (0.00ns)   --->   "%V_tile_69_addr = getelementptr i8 %V_tile_69, i64 0, i64 %zext_ln131" [/home/siyenga7/FPGA/attention_int8.cpp:134]   --->   Operation 1022 'getelementptr' 'V_tile_69_addr' <Predicate = true> <Delay = 0.00>
ST_3 : Operation 1023 [1/1] (0.00ns)   --->   "%V_tile_70_addr = getelementptr i8 %V_tile_70, i64 0, i64 %zext_ln131" [/home/siyenga7/FPGA/attention_int8.cpp:134]   --->   Operation 1023 'getelementptr' 'V_tile_70_addr' <Predicate = true> <Delay = 0.00>
ST_3 : Operation 1024 [1/1] (0.00ns)   --->   "%V_tile_71_addr = getelementptr i8 %V_tile_71, i64 0, i64 %zext_ln131" [/home/siyenga7/FPGA/attention_int8.cpp:134]   --->   Operation 1024 'getelementptr' 'V_tile_71_addr' <Predicate = true> <Delay = 0.00>
ST_3 : Operation 1025 [1/1] (0.00ns)   --->   "%V_tile_72_addr = getelementptr i8 %V_tile_72, i64 0, i64 %zext_ln131" [/home/siyenga7/FPGA/attention_int8.cpp:134]   --->   Operation 1025 'getelementptr' 'V_tile_72_addr' <Predicate = true> <Delay = 0.00>
ST_3 : Operation 1026 [1/1] (0.00ns)   --->   "%V_tile_73_addr = getelementptr i8 %V_tile_73, i64 0, i64 %zext_ln131" [/home/siyenga7/FPGA/attention_int8.cpp:134]   --->   Operation 1026 'getelementptr' 'V_tile_73_addr' <Predicate = true> <Delay = 0.00>
ST_3 : Operation 1027 [1/1] (0.00ns)   --->   "%V_tile_74_addr = getelementptr i8 %V_tile_74, i64 0, i64 %zext_ln131" [/home/siyenga7/FPGA/attention_int8.cpp:134]   --->   Operation 1027 'getelementptr' 'V_tile_74_addr' <Predicate = true> <Delay = 0.00>
ST_3 : Operation 1028 [1/1] (0.00ns)   --->   "%V_tile_75_addr = getelementptr i8 %V_tile_75, i64 0, i64 %zext_ln131" [/home/siyenga7/FPGA/attention_int8.cpp:134]   --->   Operation 1028 'getelementptr' 'V_tile_75_addr' <Predicate = true> <Delay = 0.00>
ST_3 : Operation 1029 [1/1] (0.00ns)   --->   "%V_tile_76_addr = getelementptr i8 %V_tile_76, i64 0, i64 %zext_ln131" [/home/siyenga7/FPGA/attention_int8.cpp:134]   --->   Operation 1029 'getelementptr' 'V_tile_76_addr' <Predicate = true> <Delay = 0.00>
ST_3 : Operation 1030 [1/1] (0.00ns)   --->   "%V_tile_77_addr = getelementptr i8 %V_tile_77, i64 0, i64 %zext_ln131" [/home/siyenga7/FPGA/attention_int8.cpp:134]   --->   Operation 1030 'getelementptr' 'V_tile_77_addr' <Predicate = true> <Delay = 0.00>
ST_3 : Operation 1031 [1/1] (0.00ns)   --->   "%V_tile_78_addr = getelementptr i8 %V_tile_78, i64 0, i64 %zext_ln131" [/home/siyenga7/FPGA/attention_int8.cpp:134]   --->   Operation 1031 'getelementptr' 'V_tile_78_addr' <Predicate = true> <Delay = 0.00>
ST_3 : Operation 1032 [1/1] (0.00ns)   --->   "%V_tile_79_addr = getelementptr i8 %V_tile_79, i64 0, i64 %zext_ln131" [/home/siyenga7/FPGA/attention_int8.cpp:134]   --->   Operation 1032 'getelementptr' 'V_tile_79_addr' <Predicate = true> <Delay = 0.00>
ST_3 : Operation 1033 [1/1] (0.00ns)   --->   "%V_tile_80_addr = getelementptr i8 %V_tile_80, i64 0, i64 %zext_ln131" [/home/siyenga7/FPGA/attention_int8.cpp:134]   --->   Operation 1033 'getelementptr' 'V_tile_80_addr' <Predicate = true> <Delay = 0.00>
ST_3 : Operation 1034 [1/1] (0.00ns)   --->   "%V_tile_81_addr = getelementptr i8 %V_tile_81, i64 0, i64 %zext_ln131" [/home/siyenga7/FPGA/attention_int8.cpp:134]   --->   Operation 1034 'getelementptr' 'V_tile_81_addr' <Predicate = true> <Delay = 0.00>
ST_3 : Operation 1035 [1/1] (0.00ns)   --->   "%V_tile_82_addr = getelementptr i8 %V_tile_82, i64 0, i64 %zext_ln131" [/home/siyenga7/FPGA/attention_int8.cpp:134]   --->   Operation 1035 'getelementptr' 'V_tile_82_addr' <Predicate = true> <Delay = 0.00>
ST_3 : Operation 1036 [1/1] (0.00ns)   --->   "%V_tile_83_addr = getelementptr i8 %V_tile_83, i64 0, i64 %zext_ln131" [/home/siyenga7/FPGA/attention_int8.cpp:134]   --->   Operation 1036 'getelementptr' 'V_tile_83_addr' <Predicate = true> <Delay = 0.00>
ST_3 : Operation 1037 [1/1] (0.00ns)   --->   "%V_tile_84_addr = getelementptr i8 %V_tile_84, i64 0, i64 %zext_ln131" [/home/siyenga7/FPGA/attention_int8.cpp:134]   --->   Operation 1037 'getelementptr' 'V_tile_84_addr' <Predicate = true> <Delay = 0.00>
ST_3 : Operation 1038 [1/1] (0.00ns)   --->   "%V_tile_85_addr = getelementptr i8 %V_tile_85, i64 0, i64 %zext_ln131" [/home/siyenga7/FPGA/attention_int8.cpp:134]   --->   Operation 1038 'getelementptr' 'V_tile_85_addr' <Predicate = true> <Delay = 0.00>
ST_3 : Operation 1039 [1/1] (0.00ns)   --->   "%V_tile_86_addr = getelementptr i8 %V_tile_86, i64 0, i64 %zext_ln131" [/home/siyenga7/FPGA/attention_int8.cpp:134]   --->   Operation 1039 'getelementptr' 'V_tile_86_addr' <Predicate = true> <Delay = 0.00>
ST_3 : Operation 1040 [1/1] (0.00ns)   --->   "%V_tile_87_addr = getelementptr i8 %V_tile_87, i64 0, i64 %zext_ln131" [/home/siyenga7/FPGA/attention_int8.cpp:134]   --->   Operation 1040 'getelementptr' 'V_tile_87_addr' <Predicate = true> <Delay = 0.00>
ST_3 : Operation 1041 [1/1] (0.00ns)   --->   "%V_tile_88_addr = getelementptr i8 %V_tile_88, i64 0, i64 %zext_ln131" [/home/siyenga7/FPGA/attention_int8.cpp:134]   --->   Operation 1041 'getelementptr' 'V_tile_88_addr' <Predicate = true> <Delay = 0.00>
ST_3 : Operation 1042 [1/1] (0.00ns)   --->   "%V_tile_89_addr = getelementptr i8 %V_tile_89, i64 0, i64 %zext_ln131" [/home/siyenga7/FPGA/attention_int8.cpp:134]   --->   Operation 1042 'getelementptr' 'V_tile_89_addr' <Predicate = true> <Delay = 0.00>
ST_3 : Operation 1043 [1/1] (0.00ns)   --->   "%V_tile_90_addr = getelementptr i8 %V_tile_90, i64 0, i64 %zext_ln131" [/home/siyenga7/FPGA/attention_int8.cpp:134]   --->   Operation 1043 'getelementptr' 'V_tile_90_addr' <Predicate = true> <Delay = 0.00>
ST_3 : Operation 1044 [1/1] (0.00ns)   --->   "%V_tile_91_addr = getelementptr i8 %V_tile_91, i64 0, i64 %zext_ln131" [/home/siyenga7/FPGA/attention_int8.cpp:134]   --->   Operation 1044 'getelementptr' 'V_tile_91_addr' <Predicate = true> <Delay = 0.00>
ST_3 : Operation 1045 [1/1] (0.00ns)   --->   "%V_tile_92_addr = getelementptr i8 %V_tile_92, i64 0, i64 %zext_ln131" [/home/siyenga7/FPGA/attention_int8.cpp:134]   --->   Operation 1045 'getelementptr' 'V_tile_92_addr' <Predicate = true> <Delay = 0.00>
ST_3 : Operation 1046 [1/1] (0.00ns)   --->   "%V_tile_93_addr = getelementptr i8 %V_tile_93, i64 0, i64 %zext_ln131" [/home/siyenga7/FPGA/attention_int8.cpp:134]   --->   Operation 1046 'getelementptr' 'V_tile_93_addr' <Predicate = true> <Delay = 0.00>
ST_3 : Operation 1047 [1/1] (0.00ns)   --->   "%V_tile_94_addr = getelementptr i8 %V_tile_94, i64 0, i64 %zext_ln131" [/home/siyenga7/FPGA/attention_int8.cpp:134]   --->   Operation 1047 'getelementptr' 'V_tile_94_addr' <Predicate = true> <Delay = 0.00>
ST_3 : Operation 1048 [1/1] (0.00ns)   --->   "%V_tile_95_addr = getelementptr i8 %V_tile_95, i64 0, i64 %zext_ln131" [/home/siyenga7/FPGA/attention_int8.cpp:134]   --->   Operation 1048 'getelementptr' 'V_tile_95_addr' <Predicate = true> <Delay = 0.00>
ST_3 : Operation 1049 [1/1] (0.00ns)   --->   "%V_tile_96_addr = getelementptr i8 %V_tile_96, i64 0, i64 %zext_ln131" [/home/siyenga7/FPGA/attention_int8.cpp:134]   --->   Operation 1049 'getelementptr' 'V_tile_96_addr' <Predicate = true> <Delay = 0.00>
ST_3 : Operation 1050 [1/1] (0.00ns)   --->   "%V_tile_97_addr = getelementptr i8 %V_tile_97, i64 0, i64 %zext_ln131" [/home/siyenga7/FPGA/attention_int8.cpp:134]   --->   Operation 1050 'getelementptr' 'V_tile_97_addr' <Predicate = true> <Delay = 0.00>
ST_3 : Operation 1051 [1/1] (0.00ns)   --->   "%V_tile_98_addr = getelementptr i8 %V_tile_98, i64 0, i64 %zext_ln131" [/home/siyenga7/FPGA/attention_int8.cpp:134]   --->   Operation 1051 'getelementptr' 'V_tile_98_addr' <Predicate = true> <Delay = 0.00>
ST_3 : Operation 1052 [1/1] (0.00ns)   --->   "%V_tile_99_addr = getelementptr i8 %V_tile_99, i64 0, i64 %zext_ln131" [/home/siyenga7/FPGA/attention_int8.cpp:134]   --->   Operation 1052 'getelementptr' 'V_tile_99_addr' <Predicate = true> <Delay = 0.00>
ST_3 : Operation 1053 [1/1] (0.00ns)   --->   "%V_tile_100_addr = getelementptr i8 %V_tile_100, i64 0, i64 %zext_ln131" [/home/siyenga7/FPGA/attention_int8.cpp:134]   --->   Operation 1053 'getelementptr' 'V_tile_100_addr' <Predicate = true> <Delay = 0.00>
ST_3 : Operation 1054 [1/1] (0.00ns)   --->   "%V_tile_101_addr = getelementptr i8 %V_tile_101, i64 0, i64 %zext_ln131" [/home/siyenga7/FPGA/attention_int8.cpp:134]   --->   Operation 1054 'getelementptr' 'V_tile_101_addr' <Predicate = true> <Delay = 0.00>
ST_3 : Operation 1055 [1/1] (0.00ns)   --->   "%V_tile_102_addr = getelementptr i8 %V_tile_102, i64 0, i64 %zext_ln131" [/home/siyenga7/FPGA/attention_int8.cpp:134]   --->   Operation 1055 'getelementptr' 'V_tile_102_addr' <Predicate = true> <Delay = 0.00>
ST_3 : Operation 1056 [1/1] (0.00ns)   --->   "%V_tile_103_addr = getelementptr i8 %V_tile_103, i64 0, i64 %zext_ln131" [/home/siyenga7/FPGA/attention_int8.cpp:134]   --->   Operation 1056 'getelementptr' 'V_tile_103_addr' <Predicate = true> <Delay = 0.00>
ST_3 : Operation 1057 [1/1] (0.00ns)   --->   "%V_tile_104_addr = getelementptr i8 %V_tile_104, i64 0, i64 %zext_ln131" [/home/siyenga7/FPGA/attention_int8.cpp:134]   --->   Operation 1057 'getelementptr' 'V_tile_104_addr' <Predicate = true> <Delay = 0.00>
ST_3 : Operation 1058 [1/1] (0.00ns)   --->   "%V_tile_105_addr = getelementptr i8 %V_tile_105, i64 0, i64 %zext_ln131" [/home/siyenga7/FPGA/attention_int8.cpp:134]   --->   Operation 1058 'getelementptr' 'V_tile_105_addr' <Predicate = true> <Delay = 0.00>
ST_3 : Operation 1059 [1/1] (0.00ns)   --->   "%V_tile_106_addr = getelementptr i8 %V_tile_106, i64 0, i64 %zext_ln131" [/home/siyenga7/FPGA/attention_int8.cpp:134]   --->   Operation 1059 'getelementptr' 'V_tile_106_addr' <Predicate = true> <Delay = 0.00>
ST_3 : Operation 1060 [1/1] (0.00ns)   --->   "%V_tile_107_addr = getelementptr i8 %V_tile_107, i64 0, i64 %zext_ln131" [/home/siyenga7/FPGA/attention_int8.cpp:134]   --->   Operation 1060 'getelementptr' 'V_tile_107_addr' <Predicate = true> <Delay = 0.00>
ST_3 : Operation 1061 [1/1] (0.00ns)   --->   "%V_tile_108_addr = getelementptr i8 %V_tile_108, i64 0, i64 %zext_ln131" [/home/siyenga7/FPGA/attention_int8.cpp:134]   --->   Operation 1061 'getelementptr' 'V_tile_108_addr' <Predicate = true> <Delay = 0.00>
ST_3 : Operation 1062 [1/1] (0.00ns)   --->   "%V_tile_109_addr = getelementptr i8 %V_tile_109, i64 0, i64 %zext_ln131" [/home/siyenga7/FPGA/attention_int8.cpp:134]   --->   Operation 1062 'getelementptr' 'V_tile_109_addr' <Predicate = true> <Delay = 0.00>
ST_3 : Operation 1063 [1/1] (0.00ns)   --->   "%V_tile_110_addr = getelementptr i8 %V_tile_110, i64 0, i64 %zext_ln131" [/home/siyenga7/FPGA/attention_int8.cpp:134]   --->   Operation 1063 'getelementptr' 'V_tile_110_addr' <Predicate = true> <Delay = 0.00>
ST_3 : Operation 1064 [1/1] (0.00ns)   --->   "%V_tile_111_addr = getelementptr i8 %V_tile_111, i64 0, i64 %zext_ln131" [/home/siyenga7/FPGA/attention_int8.cpp:134]   --->   Operation 1064 'getelementptr' 'V_tile_111_addr' <Predicate = true> <Delay = 0.00>
ST_3 : Operation 1065 [1/1] (0.00ns)   --->   "%V_tile_112_addr = getelementptr i8 %V_tile_112, i64 0, i64 %zext_ln131" [/home/siyenga7/FPGA/attention_int8.cpp:134]   --->   Operation 1065 'getelementptr' 'V_tile_112_addr' <Predicate = true> <Delay = 0.00>
ST_3 : Operation 1066 [1/1] (0.00ns)   --->   "%V_tile_113_addr = getelementptr i8 %V_tile_113, i64 0, i64 %zext_ln131" [/home/siyenga7/FPGA/attention_int8.cpp:134]   --->   Operation 1066 'getelementptr' 'V_tile_113_addr' <Predicate = true> <Delay = 0.00>
ST_3 : Operation 1067 [1/1] (0.00ns)   --->   "%V_tile_114_addr = getelementptr i8 %V_tile_114, i64 0, i64 %zext_ln131" [/home/siyenga7/FPGA/attention_int8.cpp:134]   --->   Operation 1067 'getelementptr' 'V_tile_114_addr' <Predicate = true> <Delay = 0.00>
ST_3 : Operation 1068 [1/1] (0.00ns)   --->   "%V_tile_115_addr = getelementptr i8 %V_tile_115, i64 0, i64 %zext_ln131" [/home/siyenga7/FPGA/attention_int8.cpp:134]   --->   Operation 1068 'getelementptr' 'V_tile_115_addr' <Predicate = true> <Delay = 0.00>
ST_3 : Operation 1069 [1/1] (0.00ns)   --->   "%V_tile_116_addr = getelementptr i8 %V_tile_116, i64 0, i64 %zext_ln131" [/home/siyenga7/FPGA/attention_int8.cpp:134]   --->   Operation 1069 'getelementptr' 'V_tile_116_addr' <Predicate = true> <Delay = 0.00>
ST_3 : Operation 1070 [1/1] (0.00ns)   --->   "%V_tile_117_addr = getelementptr i8 %V_tile_117, i64 0, i64 %zext_ln131" [/home/siyenga7/FPGA/attention_int8.cpp:134]   --->   Operation 1070 'getelementptr' 'V_tile_117_addr' <Predicate = true> <Delay = 0.00>
ST_3 : Operation 1071 [1/1] (0.00ns)   --->   "%V_tile_118_addr = getelementptr i8 %V_tile_118, i64 0, i64 %zext_ln131" [/home/siyenga7/FPGA/attention_int8.cpp:134]   --->   Operation 1071 'getelementptr' 'V_tile_118_addr' <Predicate = true> <Delay = 0.00>
ST_3 : Operation 1072 [1/1] (0.00ns)   --->   "%V_tile_119_addr = getelementptr i8 %V_tile_119, i64 0, i64 %zext_ln131" [/home/siyenga7/FPGA/attention_int8.cpp:134]   --->   Operation 1072 'getelementptr' 'V_tile_119_addr' <Predicate = true> <Delay = 0.00>
ST_3 : Operation 1073 [1/1] (0.00ns)   --->   "%V_tile_120_addr = getelementptr i8 %V_tile_120, i64 0, i64 %zext_ln131" [/home/siyenga7/FPGA/attention_int8.cpp:134]   --->   Operation 1073 'getelementptr' 'V_tile_120_addr' <Predicate = true> <Delay = 0.00>
ST_3 : Operation 1074 [1/1] (0.00ns)   --->   "%V_tile_121_addr = getelementptr i8 %V_tile_121, i64 0, i64 %zext_ln131" [/home/siyenga7/FPGA/attention_int8.cpp:134]   --->   Operation 1074 'getelementptr' 'V_tile_121_addr' <Predicate = true> <Delay = 0.00>
ST_3 : Operation 1075 [1/1] (0.00ns)   --->   "%V_tile_122_addr = getelementptr i8 %V_tile_122, i64 0, i64 %zext_ln131" [/home/siyenga7/FPGA/attention_int8.cpp:134]   --->   Operation 1075 'getelementptr' 'V_tile_122_addr' <Predicate = true> <Delay = 0.00>
ST_3 : Operation 1076 [1/1] (0.00ns)   --->   "%V_tile_123_addr = getelementptr i8 %V_tile_123, i64 0, i64 %zext_ln131" [/home/siyenga7/FPGA/attention_int8.cpp:134]   --->   Operation 1076 'getelementptr' 'V_tile_123_addr' <Predicate = true> <Delay = 0.00>
ST_3 : Operation 1077 [1/1] (0.00ns)   --->   "%V_tile_124_addr = getelementptr i8 %V_tile_124, i64 0, i64 %zext_ln131" [/home/siyenga7/FPGA/attention_int8.cpp:134]   --->   Operation 1077 'getelementptr' 'V_tile_124_addr' <Predicate = true> <Delay = 0.00>
ST_3 : Operation 1078 [1/1] (0.00ns)   --->   "%V_tile_125_addr = getelementptr i8 %V_tile_125, i64 0, i64 %zext_ln131" [/home/siyenga7/FPGA/attention_int8.cpp:134]   --->   Operation 1078 'getelementptr' 'V_tile_125_addr' <Predicate = true> <Delay = 0.00>
ST_3 : Operation 1079 [1/1] (0.00ns)   --->   "%V_tile_126_addr = getelementptr i8 %V_tile_126, i64 0, i64 %zext_ln131" [/home/siyenga7/FPGA/attention_int8.cpp:134]   --->   Operation 1079 'getelementptr' 'V_tile_126_addr' <Predicate = true> <Delay = 0.00>
ST_3 : Operation 1080 [1/1] (0.00ns)   --->   "%V_tile_127_addr = getelementptr i8 %V_tile_127, i64 0, i64 %zext_ln131" [/home/siyenga7/FPGA/attention_int8.cpp:134]   --->   Operation 1080 'getelementptr' 'V_tile_127_addr' <Predicate = true> <Delay = 0.00>
ST_3 : Operation 1081 [1/1] (0.00ns)   --->   "%V_tile_128_addr = getelementptr i8 %V_tile_128, i64 0, i64 %zext_ln131" [/home/siyenga7/FPGA/attention_int8.cpp:134]   --->   Operation 1081 'getelementptr' 'V_tile_128_addr' <Predicate = true> <Delay = 0.00>
ST_3 : Operation 1082 [1/1] (0.00ns)   --->   "%V_tile_129_addr = getelementptr i8 %V_tile_129, i64 0, i64 %zext_ln131" [/home/siyenga7/FPGA/attention_int8.cpp:134]   --->   Operation 1082 'getelementptr' 'V_tile_129_addr' <Predicate = true> <Delay = 0.00>
ST_3 : Operation 1083 [1/1] (0.00ns)   --->   "%V_tile_130_addr = getelementptr i8 %V_tile_130, i64 0, i64 %zext_ln131" [/home/siyenga7/FPGA/attention_int8.cpp:134]   --->   Operation 1083 'getelementptr' 'V_tile_130_addr' <Predicate = true> <Delay = 0.00>
ST_3 : Operation 1084 [1/1] (0.00ns)   --->   "%V_tile_131_addr = getelementptr i8 %V_tile_131, i64 0, i64 %zext_ln131" [/home/siyenga7/FPGA/attention_int8.cpp:134]   --->   Operation 1084 'getelementptr' 'V_tile_131_addr' <Predicate = true> <Delay = 0.00>
ST_3 : Operation 1085 [1/1] (0.00ns)   --->   "%V_tile_132_addr = getelementptr i8 %V_tile_132, i64 0, i64 %zext_ln131" [/home/siyenga7/FPGA/attention_int8.cpp:134]   --->   Operation 1085 'getelementptr' 'V_tile_132_addr' <Predicate = true> <Delay = 0.00>
ST_3 : Operation 1086 [1/1] (0.00ns)   --->   "%V_tile_133_addr = getelementptr i8 %V_tile_133, i64 0, i64 %zext_ln131" [/home/siyenga7/FPGA/attention_int8.cpp:134]   --->   Operation 1086 'getelementptr' 'V_tile_133_addr' <Predicate = true> <Delay = 0.00>
ST_3 : Operation 1087 [1/1] (0.00ns)   --->   "%V_tile_134_addr = getelementptr i8 %V_tile_134, i64 0, i64 %zext_ln131" [/home/siyenga7/FPGA/attention_int8.cpp:134]   --->   Operation 1087 'getelementptr' 'V_tile_134_addr' <Predicate = true> <Delay = 0.00>
ST_3 : Operation 1088 [1/1] (0.00ns)   --->   "%V_tile_135_addr = getelementptr i8 %V_tile_135, i64 0, i64 %zext_ln131" [/home/siyenga7/FPGA/attention_int8.cpp:134]   --->   Operation 1088 'getelementptr' 'V_tile_135_addr' <Predicate = true> <Delay = 0.00>
ST_3 : Operation 1089 [1/1] (0.00ns)   --->   "%V_tile_136_addr = getelementptr i8 %V_tile_136, i64 0, i64 %zext_ln131" [/home/siyenga7/FPGA/attention_int8.cpp:134]   --->   Operation 1089 'getelementptr' 'V_tile_136_addr' <Predicate = true> <Delay = 0.00>
ST_3 : Operation 1090 [1/1] (0.00ns)   --->   "%V_tile_137_addr = getelementptr i8 %V_tile_137, i64 0, i64 %zext_ln131" [/home/siyenga7/FPGA/attention_int8.cpp:134]   --->   Operation 1090 'getelementptr' 'V_tile_137_addr' <Predicate = true> <Delay = 0.00>
ST_3 : Operation 1091 [1/1] (0.00ns)   --->   "%V_tile_138_addr = getelementptr i8 %V_tile_138, i64 0, i64 %zext_ln131" [/home/siyenga7/FPGA/attention_int8.cpp:134]   --->   Operation 1091 'getelementptr' 'V_tile_138_addr' <Predicate = true> <Delay = 0.00>
ST_3 : Operation 1092 [1/1] (0.00ns)   --->   "%V_tile_139_addr = getelementptr i8 %V_tile_139, i64 0, i64 %zext_ln131" [/home/siyenga7/FPGA/attention_int8.cpp:134]   --->   Operation 1092 'getelementptr' 'V_tile_139_addr' <Predicate = true> <Delay = 0.00>
ST_3 : Operation 1093 [1/1] (0.00ns)   --->   "%V_tile_140_addr = getelementptr i8 %V_tile_140, i64 0, i64 %zext_ln131" [/home/siyenga7/FPGA/attention_int8.cpp:134]   --->   Operation 1093 'getelementptr' 'V_tile_140_addr' <Predicate = true> <Delay = 0.00>
ST_3 : Operation 1094 [1/1] (0.00ns)   --->   "%V_tile_141_addr = getelementptr i8 %V_tile_141, i64 0, i64 %zext_ln131" [/home/siyenga7/FPGA/attention_int8.cpp:134]   --->   Operation 1094 'getelementptr' 'V_tile_141_addr' <Predicate = true> <Delay = 0.00>
ST_3 : Operation 1095 [1/1] (0.00ns)   --->   "%V_tile_142_addr = getelementptr i8 %V_tile_142, i64 0, i64 %zext_ln131" [/home/siyenga7/FPGA/attention_int8.cpp:134]   --->   Operation 1095 'getelementptr' 'V_tile_142_addr' <Predicate = true> <Delay = 0.00>
ST_3 : Operation 1096 [1/1] (0.00ns)   --->   "%V_tile_143_addr = getelementptr i8 %V_tile_143, i64 0, i64 %zext_ln131" [/home/siyenga7/FPGA/attention_int8.cpp:134]   --->   Operation 1096 'getelementptr' 'V_tile_143_addr' <Predicate = true> <Delay = 0.00>
ST_3 : Operation 1097 [1/1] (0.00ns)   --->   "%V_tile_144_addr = getelementptr i8 %V_tile_144, i64 0, i64 %zext_ln131" [/home/siyenga7/FPGA/attention_int8.cpp:134]   --->   Operation 1097 'getelementptr' 'V_tile_144_addr' <Predicate = true> <Delay = 0.00>
ST_3 : Operation 1098 [1/1] (0.00ns)   --->   "%V_tile_145_addr = getelementptr i8 %V_tile_145, i64 0, i64 %zext_ln131" [/home/siyenga7/FPGA/attention_int8.cpp:134]   --->   Operation 1098 'getelementptr' 'V_tile_145_addr' <Predicate = true> <Delay = 0.00>
ST_3 : Operation 1099 [1/1] (0.00ns)   --->   "%V_tile_146_addr = getelementptr i8 %V_tile_146, i64 0, i64 %zext_ln131" [/home/siyenga7/FPGA/attention_int8.cpp:134]   --->   Operation 1099 'getelementptr' 'V_tile_146_addr' <Predicate = true> <Delay = 0.00>
ST_3 : Operation 1100 [1/1] (0.00ns)   --->   "%V_tile_147_addr = getelementptr i8 %V_tile_147, i64 0, i64 %zext_ln131" [/home/siyenga7/FPGA/attention_int8.cpp:134]   --->   Operation 1100 'getelementptr' 'V_tile_147_addr' <Predicate = true> <Delay = 0.00>
ST_3 : Operation 1101 [1/1] (0.00ns)   --->   "%V_tile_148_addr = getelementptr i8 %V_tile_148, i64 0, i64 %zext_ln131" [/home/siyenga7/FPGA/attention_int8.cpp:134]   --->   Operation 1101 'getelementptr' 'V_tile_148_addr' <Predicate = true> <Delay = 0.00>
ST_3 : Operation 1102 [1/1] (0.00ns)   --->   "%V_tile_149_addr = getelementptr i8 %V_tile_149, i64 0, i64 %zext_ln131" [/home/siyenga7/FPGA/attention_int8.cpp:134]   --->   Operation 1102 'getelementptr' 'V_tile_149_addr' <Predicate = true> <Delay = 0.00>
ST_3 : Operation 1103 [1/1] (0.00ns)   --->   "%V_tile_150_addr = getelementptr i8 %V_tile_150, i64 0, i64 %zext_ln131" [/home/siyenga7/FPGA/attention_int8.cpp:134]   --->   Operation 1103 'getelementptr' 'V_tile_150_addr' <Predicate = true> <Delay = 0.00>
ST_3 : Operation 1104 [1/1] (0.00ns)   --->   "%V_tile_151_addr = getelementptr i8 %V_tile_151, i64 0, i64 %zext_ln131" [/home/siyenga7/FPGA/attention_int8.cpp:134]   --->   Operation 1104 'getelementptr' 'V_tile_151_addr' <Predicate = true> <Delay = 0.00>
ST_3 : Operation 1105 [1/1] (0.00ns)   --->   "%V_tile_152_addr = getelementptr i8 %V_tile_152, i64 0, i64 %zext_ln131" [/home/siyenga7/FPGA/attention_int8.cpp:134]   --->   Operation 1105 'getelementptr' 'V_tile_152_addr' <Predicate = true> <Delay = 0.00>
ST_3 : Operation 1106 [1/1] (0.00ns)   --->   "%V_tile_153_addr = getelementptr i8 %V_tile_153, i64 0, i64 %zext_ln131" [/home/siyenga7/FPGA/attention_int8.cpp:134]   --->   Operation 1106 'getelementptr' 'V_tile_153_addr' <Predicate = true> <Delay = 0.00>
ST_3 : Operation 1107 [1/1] (0.00ns)   --->   "%V_tile_154_addr = getelementptr i8 %V_tile_154, i64 0, i64 %zext_ln131" [/home/siyenga7/FPGA/attention_int8.cpp:134]   --->   Operation 1107 'getelementptr' 'V_tile_154_addr' <Predicate = true> <Delay = 0.00>
ST_3 : Operation 1108 [1/1] (0.00ns)   --->   "%V_tile_155_addr = getelementptr i8 %V_tile_155, i64 0, i64 %zext_ln131" [/home/siyenga7/FPGA/attention_int8.cpp:134]   --->   Operation 1108 'getelementptr' 'V_tile_155_addr' <Predicate = true> <Delay = 0.00>
ST_3 : Operation 1109 [1/1] (0.00ns)   --->   "%V_tile_156_addr = getelementptr i8 %V_tile_156, i64 0, i64 %zext_ln131" [/home/siyenga7/FPGA/attention_int8.cpp:134]   --->   Operation 1109 'getelementptr' 'V_tile_156_addr' <Predicate = true> <Delay = 0.00>
ST_3 : Operation 1110 [1/1] (0.00ns)   --->   "%V_tile_157_addr = getelementptr i8 %V_tile_157, i64 0, i64 %zext_ln131" [/home/siyenga7/FPGA/attention_int8.cpp:134]   --->   Operation 1110 'getelementptr' 'V_tile_157_addr' <Predicate = true> <Delay = 0.00>
ST_3 : Operation 1111 [1/1] (0.00ns)   --->   "%V_tile_158_addr = getelementptr i8 %V_tile_158, i64 0, i64 %zext_ln131" [/home/siyenga7/FPGA/attention_int8.cpp:134]   --->   Operation 1111 'getelementptr' 'V_tile_158_addr' <Predicate = true> <Delay = 0.00>
ST_3 : Operation 1112 [1/1] (0.00ns)   --->   "%V_tile_159_addr = getelementptr i8 %V_tile_159, i64 0, i64 %zext_ln131" [/home/siyenga7/FPGA/attention_int8.cpp:134]   --->   Operation 1112 'getelementptr' 'V_tile_159_addr' <Predicate = true> <Delay = 0.00>
ST_3 : Operation 1113 [1/1] (0.00ns)   --->   "%V_tile_160_addr = getelementptr i8 %V_tile_160, i64 0, i64 %zext_ln131" [/home/siyenga7/FPGA/attention_int8.cpp:134]   --->   Operation 1113 'getelementptr' 'V_tile_160_addr' <Predicate = true> <Delay = 0.00>
ST_3 : Operation 1114 [1/1] (0.00ns)   --->   "%V_tile_161_addr = getelementptr i8 %V_tile_161, i64 0, i64 %zext_ln131" [/home/siyenga7/FPGA/attention_int8.cpp:134]   --->   Operation 1114 'getelementptr' 'V_tile_161_addr' <Predicate = true> <Delay = 0.00>
ST_3 : Operation 1115 [1/1] (0.00ns)   --->   "%V_tile_162_addr = getelementptr i8 %V_tile_162, i64 0, i64 %zext_ln131" [/home/siyenga7/FPGA/attention_int8.cpp:134]   --->   Operation 1115 'getelementptr' 'V_tile_162_addr' <Predicate = true> <Delay = 0.00>
ST_3 : Operation 1116 [1/1] (0.00ns)   --->   "%V_tile_163_addr = getelementptr i8 %V_tile_163, i64 0, i64 %zext_ln131" [/home/siyenga7/FPGA/attention_int8.cpp:134]   --->   Operation 1116 'getelementptr' 'V_tile_163_addr' <Predicate = true> <Delay = 0.00>
ST_3 : Operation 1117 [1/1] (0.00ns)   --->   "%V_tile_164_addr = getelementptr i8 %V_tile_164, i64 0, i64 %zext_ln131" [/home/siyenga7/FPGA/attention_int8.cpp:134]   --->   Operation 1117 'getelementptr' 'V_tile_164_addr' <Predicate = true> <Delay = 0.00>
ST_3 : Operation 1118 [1/1] (0.00ns)   --->   "%V_tile_165_addr = getelementptr i8 %V_tile_165, i64 0, i64 %zext_ln131" [/home/siyenga7/FPGA/attention_int8.cpp:134]   --->   Operation 1118 'getelementptr' 'V_tile_165_addr' <Predicate = true> <Delay = 0.00>
ST_3 : Operation 1119 [1/1] (0.00ns)   --->   "%V_tile_166_addr = getelementptr i8 %V_tile_166, i64 0, i64 %zext_ln131" [/home/siyenga7/FPGA/attention_int8.cpp:134]   --->   Operation 1119 'getelementptr' 'V_tile_166_addr' <Predicate = true> <Delay = 0.00>
ST_3 : Operation 1120 [1/1] (0.00ns)   --->   "%V_tile_167_addr = getelementptr i8 %V_tile_167, i64 0, i64 %zext_ln131" [/home/siyenga7/FPGA/attention_int8.cpp:134]   --->   Operation 1120 'getelementptr' 'V_tile_167_addr' <Predicate = true> <Delay = 0.00>
ST_3 : Operation 1121 [1/1] (0.00ns)   --->   "%V_tile_168_addr = getelementptr i8 %V_tile_168, i64 0, i64 %zext_ln131" [/home/siyenga7/FPGA/attention_int8.cpp:134]   --->   Operation 1121 'getelementptr' 'V_tile_168_addr' <Predicate = true> <Delay = 0.00>
ST_3 : Operation 1122 [1/1] (0.00ns)   --->   "%V_tile_169_addr = getelementptr i8 %V_tile_169, i64 0, i64 %zext_ln131" [/home/siyenga7/FPGA/attention_int8.cpp:134]   --->   Operation 1122 'getelementptr' 'V_tile_169_addr' <Predicate = true> <Delay = 0.00>
ST_3 : Operation 1123 [1/1] (0.00ns)   --->   "%V_tile_170_addr = getelementptr i8 %V_tile_170, i64 0, i64 %zext_ln131" [/home/siyenga7/FPGA/attention_int8.cpp:134]   --->   Operation 1123 'getelementptr' 'V_tile_170_addr' <Predicate = true> <Delay = 0.00>
ST_3 : Operation 1124 [1/1] (0.00ns)   --->   "%V_tile_171_addr = getelementptr i8 %V_tile_171, i64 0, i64 %zext_ln131" [/home/siyenga7/FPGA/attention_int8.cpp:134]   --->   Operation 1124 'getelementptr' 'V_tile_171_addr' <Predicate = true> <Delay = 0.00>
ST_3 : Operation 1125 [1/1] (0.00ns)   --->   "%V_tile_172_addr = getelementptr i8 %V_tile_172, i64 0, i64 %zext_ln131" [/home/siyenga7/FPGA/attention_int8.cpp:134]   --->   Operation 1125 'getelementptr' 'V_tile_172_addr' <Predicate = true> <Delay = 0.00>
ST_3 : Operation 1126 [1/1] (0.00ns)   --->   "%V_tile_173_addr = getelementptr i8 %V_tile_173, i64 0, i64 %zext_ln131" [/home/siyenga7/FPGA/attention_int8.cpp:134]   --->   Operation 1126 'getelementptr' 'V_tile_173_addr' <Predicate = true> <Delay = 0.00>
ST_3 : Operation 1127 [1/1] (0.00ns)   --->   "%V_tile_174_addr = getelementptr i8 %V_tile_174, i64 0, i64 %zext_ln131" [/home/siyenga7/FPGA/attention_int8.cpp:134]   --->   Operation 1127 'getelementptr' 'V_tile_174_addr' <Predicate = true> <Delay = 0.00>
ST_3 : Operation 1128 [1/1] (0.00ns)   --->   "%V_tile_175_addr = getelementptr i8 %V_tile_175, i64 0, i64 %zext_ln131" [/home/siyenga7/FPGA/attention_int8.cpp:134]   --->   Operation 1128 'getelementptr' 'V_tile_175_addr' <Predicate = true> <Delay = 0.00>
ST_3 : Operation 1129 [1/1] (0.00ns)   --->   "%V_tile_176_addr = getelementptr i8 %V_tile_176, i64 0, i64 %zext_ln131" [/home/siyenga7/FPGA/attention_int8.cpp:134]   --->   Operation 1129 'getelementptr' 'V_tile_176_addr' <Predicate = true> <Delay = 0.00>
ST_3 : Operation 1130 [1/1] (0.00ns)   --->   "%V_tile_177_addr = getelementptr i8 %V_tile_177, i64 0, i64 %zext_ln131" [/home/siyenga7/FPGA/attention_int8.cpp:134]   --->   Operation 1130 'getelementptr' 'V_tile_177_addr' <Predicate = true> <Delay = 0.00>
ST_3 : Operation 1131 [1/1] (0.00ns)   --->   "%V_tile_178_addr = getelementptr i8 %V_tile_178, i64 0, i64 %zext_ln131" [/home/siyenga7/FPGA/attention_int8.cpp:134]   --->   Operation 1131 'getelementptr' 'V_tile_178_addr' <Predicate = true> <Delay = 0.00>
ST_3 : Operation 1132 [1/1] (0.00ns)   --->   "%V_tile_179_addr = getelementptr i8 %V_tile_179, i64 0, i64 %zext_ln131" [/home/siyenga7/FPGA/attention_int8.cpp:134]   --->   Operation 1132 'getelementptr' 'V_tile_179_addr' <Predicate = true> <Delay = 0.00>
ST_3 : Operation 1133 [1/1] (0.00ns)   --->   "%V_tile_180_addr = getelementptr i8 %V_tile_180, i64 0, i64 %zext_ln131" [/home/siyenga7/FPGA/attention_int8.cpp:134]   --->   Operation 1133 'getelementptr' 'V_tile_180_addr' <Predicate = true> <Delay = 0.00>
ST_3 : Operation 1134 [1/1] (0.00ns)   --->   "%V_tile_181_addr = getelementptr i8 %V_tile_181, i64 0, i64 %zext_ln131" [/home/siyenga7/FPGA/attention_int8.cpp:134]   --->   Operation 1134 'getelementptr' 'V_tile_181_addr' <Predicate = true> <Delay = 0.00>
ST_3 : Operation 1135 [1/1] (0.00ns)   --->   "%V_tile_182_addr = getelementptr i8 %V_tile_182, i64 0, i64 %zext_ln131" [/home/siyenga7/FPGA/attention_int8.cpp:134]   --->   Operation 1135 'getelementptr' 'V_tile_182_addr' <Predicate = true> <Delay = 0.00>
ST_3 : Operation 1136 [1/1] (0.00ns)   --->   "%V_tile_183_addr = getelementptr i8 %V_tile_183, i64 0, i64 %zext_ln131" [/home/siyenga7/FPGA/attention_int8.cpp:134]   --->   Operation 1136 'getelementptr' 'V_tile_183_addr' <Predicate = true> <Delay = 0.00>
ST_3 : Operation 1137 [1/1] (0.00ns)   --->   "%V_tile_184_addr = getelementptr i8 %V_tile_184, i64 0, i64 %zext_ln131" [/home/siyenga7/FPGA/attention_int8.cpp:134]   --->   Operation 1137 'getelementptr' 'V_tile_184_addr' <Predicate = true> <Delay = 0.00>
ST_3 : Operation 1138 [1/1] (0.00ns)   --->   "%V_tile_185_addr = getelementptr i8 %V_tile_185, i64 0, i64 %zext_ln131" [/home/siyenga7/FPGA/attention_int8.cpp:134]   --->   Operation 1138 'getelementptr' 'V_tile_185_addr' <Predicate = true> <Delay = 0.00>
ST_3 : Operation 1139 [1/1] (0.00ns)   --->   "%V_tile_186_addr = getelementptr i8 %V_tile_186, i64 0, i64 %zext_ln131" [/home/siyenga7/FPGA/attention_int8.cpp:134]   --->   Operation 1139 'getelementptr' 'V_tile_186_addr' <Predicate = true> <Delay = 0.00>
ST_3 : Operation 1140 [1/1] (0.00ns)   --->   "%V_tile_187_addr = getelementptr i8 %V_tile_187, i64 0, i64 %zext_ln131" [/home/siyenga7/FPGA/attention_int8.cpp:134]   --->   Operation 1140 'getelementptr' 'V_tile_187_addr' <Predicate = true> <Delay = 0.00>
ST_3 : Operation 1141 [1/1] (0.00ns)   --->   "%V_tile_188_addr = getelementptr i8 %V_tile_188, i64 0, i64 %zext_ln131" [/home/siyenga7/FPGA/attention_int8.cpp:134]   --->   Operation 1141 'getelementptr' 'V_tile_188_addr' <Predicate = true> <Delay = 0.00>
ST_3 : Operation 1142 [1/1] (0.00ns)   --->   "%V_tile_189_addr = getelementptr i8 %V_tile_189, i64 0, i64 %zext_ln131" [/home/siyenga7/FPGA/attention_int8.cpp:134]   --->   Operation 1142 'getelementptr' 'V_tile_189_addr' <Predicate = true> <Delay = 0.00>
ST_3 : Operation 1143 [1/1] (0.00ns)   --->   "%V_tile_190_addr = getelementptr i8 %V_tile_190, i64 0, i64 %zext_ln131" [/home/siyenga7/FPGA/attention_int8.cpp:134]   --->   Operation 1143 'getelementptr' 'V_tile_190_addr' <Predicate = true> <Delay = 0.00>
ST_3 : Operation 1144 [1/1] (0.00ns)   --->   "%V_tile_191_addr = getelementptr i8 %V_tile_191, i64 0, i64 %zext_ln131" [/home/siyenga7/FPGA/attention_int8.cpp:134]   --->   Operation 1144 'getelementptr' 'V_tile_191_addr' <Predicate = true> <Delay = 0.00>
ST_3 : Operation 1145 [1/1] (0.00ns)   --->   "%V_tile_192_addr = getelementptr i8 %V_tile_192, i64 0, i64 %zext_ln131" [/home/siyenga7/FPGA/attention_int8.cpp:134]   --->   Operation 1145 'getelementptr' 'V_tile_192_addr' <Predicate = true> <Delay = 0.00>
ST_3 : Operation 1146 [1/1] (0.00ns)   --->   "%V_tile_193_addr = getelementptr i8 %V_tile_193, i64 0, i64 %zext_ln131" [/home/siyenga7/FPGA/attention_int8.cpp:134]   --->   Operation 1146 'getelementptr' 'V_tile_193_addr' <Predicate = true> <Delay = 0.00>
ST_3 : Operation 1147 [1/1] (0.00ns)   --->   "%V_tile_194_addr = getelementptr i8 %V_tile_194, i64 0, i64 %zext_ln131" [/home/siyenga7/FPGA/attention_int8.cpp:134]   --->   Operation 1147 'getelementptr' 'V_tile_194_addr' <Predicate = true> <Delay = 0.00>
ST_3 : Operation 1148 [1/1] (0.00ns)   --->   "%V_tile_195_addr = getelementptr i8 %V_tile_195, i64 0, i64 %zext_ln131" [/home/siyenga7/FPGA/attention_int8.cpp:134]   --->   Operation 1148 'getelementptr' 'V_tile_195_addr' <Predicate = true> <Delay = 0.00>
ST_3 : Operation 1149 [1/1] (0.00ns)   --->   "%V_tile_196_addr = getelementptr i8 %V_tile_196, i64 0, i64 %zext_ln131" [/home/siyenga7/FPGA/attention_int8.cpp:134]   --->   Operation 1149 'getelementptr' 'V_tile_196_addr' <Predicate = true> <Delay = 0.00>
ST_3 : Operation 1150 [1/1] (0.00ns)   --->   "%V_tile_197_addr = getelementptr i8 %V_tile_197, i64 0, i64 %zext_ln131" [/home/siyenga7/FPGA/attention_int8.cpp:134]   --->   Operation 1150 'getelementptr' 'V_tile_197_addr' <Predicate = true> <Delay = 0.00>
ST_3 : Operation 1151 [1/1] (0.00ns)   --->   "%V_tile_198_addr = getelementptr i8 %V_tile_198, i64 0, i64 %zext_ln131" [/home/siyenga7/FPGA/attention_int8.cpp:134]   --->   Operation 1151 'getelementptr' 'V_tile_198_addr' <Predicate = true> <Delay = 0.00>
ST_3 : Operation 1152 [1/1] (0.00ns)   --->   "%V_tile_199_addr = getelementptr i8 %V_tile_199, i64 0, i64 %zext_ln131" [/home/siyenga7/FPGA/attention_int8.cpp:134]   --->   Operation 1152 'getelementptr' 'V_tile_199_addr' <Predicate = true> <Delay = 0.00>
ST_3 : Operation 1153 [1/1] (0.00ns)   --->   "%V_tile_200_addr = getelementptr i8 %V_tile_200, i64 0, i64 %zext_ln131" [/home/siyenga7/FPGA/attention_int8.cpp:134]   --->   Operation 1153 'getelementptr' 'V_tile_200_addr' <Predicate = true> <Delay = 0.00>
ST_3 : Operation 1154 [1/1] (0.00ns)   --->   "%V_tile_201_addr = getelementptr i8 %V_tile_201, i64 0, i64 %zext_ln131" [/home/siyenga7/FPGA/attention_int8.cpp:134]   --->   Operation 1154 'getelementptr' 'V_tile_201_addr' <Predicate = true> <Delay = 0.00>
ST_3 : Operation 1155 [1/1] (0.00ns)   --->   "%V_tile_202_addr = getelementptr i8 %V_tile_202, i64 0, i64 %zext_ln131" [/home/siyenga7/FPGA/attention_int8.cpp:134]   --->   Operation 1155 'getelementptr' 'V_tile_202_addr' <Predicate = true> <Delay = 0.00>
ST_3 : Operation 1156 [1/1] (0.00ns)   --->   "%V_tile_203_addr = getelementptr i8 %V_tile_203, i64 0, i64 %zext_ln131" [/home/siyenga7/FPGA/attention_int8.cpp:134]   --->   Operation 1156 'getelementptr' 'V_tile_203_addr' <Predicate = true> <Delay = 0.00>
ST_3 : Operation 1157 [1/1] (0.00ns)   --->   "%V_tile_204_addr = getelementptr i8 %V_tile_204, i64 0, i64 %zext_ln131" [/home/siyenga7/FPGA/attention_int8.cpp:134]   --->   Operation 1157 'getelementptr' 'V_tile_204_addr' <Predicate = true> <Delay = 0.00>
ST_3 : Operation 1158 [1/1] (0.00ns)   --->   "%V_tile_205_addr = getelementptr i8 %V_tile_205, i64 0, i64 %zext_ln131" [/home/siyenga7/FPGA/attention_int8.cpp:134]   --->   Operation 1158 'getelementptr' 'V_tile_205_addr' <Predicate = true> <Delay = 0.00>
ST_3 : Operation 1159 [1/1] (0.00ns)   --->   "%V_tile_206_addr = getelementptr i8 %V_tile_206, i64 0, i64 %zext_ln131" [/home/siyenga7/FPGA/attention_int8.cpp:134]   --->   Operation 1159 'getelementptr' 'V_tile_206_addr' <Predicate = true> <Delay = 0.00>
ST_3 : Operation 1160 [1/1] (0.00ns)   --->   "%V_tile_207_addr = getelementptr i8 %V_tile_207, i64 0, i64 %zext_ln131" [/home/siyenga7/FPGA/attention_int8.cpp:134]   --->   Operation 1160 'getelementptr' 'V_tile_207_addr' <Predicate = true> <Delay = 0.00>
ST_3 : Operation 1161 [1/1] (0.00ns)   --->   "%V_tile_208_addr = getelementptr i8 %V_tile_208, i64 0, i64 %zext_ln131" [/home/siyenga7/FPGA/attention_int8.cpp:134]   --->   Operation 1161 'getelementptr' 'V_tile_208_addr' <Predicate = true> <Delay = 0.00>
ST_3 : Operation 1162 [1/1] (0.00ns)   --->   "%V_tile_209_addr = getelementptr i8 %V_tile_209, i64 0, i64 %zext_ln131" [/home/siyenga7/FPGA/attention_int8.cpp:134]   --->   Operation 1162 'getelementptr' 'V_tile_209_addr' <Predicate = true> <Delay = 0.00>
ST_3 : Operation 1163 [1/1] (0.00ns)   --->   "%V_tile_210_addr = getelementptr i8 %V_tile_210, i64 0, i64 %zext_ln131" [/home/siyenga7/FPGA/attention_int8.cpp:134]   --->   Operation 1163 'getelementptr' 'V_tile_210_addr' <Predicate = true> <Delay = 0.00>
ST_3 : Operation 1164 [1/1] (0.00ns)   --->   "%V_tile_211_addr = getelementptr i8 %V_tile_211, i64 0, i64 %zext_ln131" [/home/siyenga7/FPGA/attention_int8.cpp:134]   --->   Operation 1164 'getelementptr' 'V_tile_211_addr' <Predicate = true> <Delay = 0.00>
ST_3 : Operation 1165 [1/1] (0.00ns)   --->   "%V_tile_212_addr = getelementptr i8 %V_tile_212, i64 0, i64 %zext_ln131" [/home/siyenga7/FPGA/attention_int8.cpp:134]   --->   Operation 1165 'getelementptr' 'V_tile_212_addr' <Predicate = true> <Delay = 0.00>
ST_3 : Operation 1166 [1/1] (0.00ns)   --->   "%V_tile_213_addr = getelementptr i8 %V_tile_213, i64 0, i64 %zext_ln131" [/home/siyenga7/FPGA/attention_int8.cpp:134]   --->   Operation 1166 'getelementptr' 'V_tile_213_addr' <Predicate = true> <Delay = 0.00>
ST_3 : Operation 1167 [1/1] (0.00ns)   --->   "%V_tile_214_addr = getelementptr i8 %V_tile_214, i64 0, i64 %zext_ln131" [/home/siyenga7/FPGA/attention_int8.cpp:134]   --->   Operation 1167 'getelementptr' 'V_tile_214_addr' <Predicate = true> <Delay = 0.00>
ST_3 : Operation 1168 [1/1] (0.00ns)   --->   "%V_tile_215_addr = getelementptr i8 %V_tile_215, i64 0, i64 %zext_ln131" [/home/siyenga7/FPGA/attention_int8.cpp:134]   --->   Operation 1168 'getelementptr' 'V_tile_215_addr' <Predicate = true> <Delay = 0.00>
ST_3 : Operation 1169 [1/1] (0.00ns)   --->   "%V_tile_216_addr = getelementptr i8 %V_tile_216, i64 0, i64 %zext_ln131" [/home/siyenga7/FPGA/attention_int8.cpp:134]   --->   Operation 1169 'getelementptr' 'V_tile_216_addr' <Predicate = true> <Delay = 0.00>
ST_3 : Operation 1170 [1/1] (0.00ns)   --->   "%V_tile_217_addr = getelementptr i8 %V_tile_217, i64 0, i64 %zext_ln131" [/home/siyenga7/FPGA/attention_int8.cpp:134]   --->   Operation 1170 'getelementptr' 'V_tile_217_addr' <Predicate = true> <Delay = 0.00>
ST_3 : Operation 1171 [1/1] (0.00ns)   --->   "%V_tile_218_addr = getelementptr i8 %V_tile_218, i64 0, i64 %zext_ln131" [/home/siyenga7/FPGA/attention_int8.cpp:134]   --->   Operation 1171 'getelementptr' 'V_tile_218_addr' <Predicate = true> <Delay = 0.00>
ST_3 : Operation 1172 [1/1] (0.00ns)   --->   "%V_tile_219_addr = getelementptr i8 %V_tile_219, i64 0, i64 %zext_ln131" [/home/siyenga7/FPGA/attention_int8.cpp:134]   --->   Operation 1172 'getelementptr' 'V_tile_219_addr' <Predicate = true> <Delay = 0.00>
ST_3 : Operation 1173 [1/1] (0.00ns)   --->   "%V_tile_220_addr = getelementptr i8 %V_tile_220, i64 0, i64 %zext_ln131" [/home/siyenga7/FPGA/attention_int8.cpp:134]   --->   Operation 1173 'getelementptr' 'V_tile_220_addr' <Predicate = true> <Delay = 0.00>
ST_3 : Operation 1174 [1/1] (0.00ns)   --->   "%V_tile_221_addr = getelementptr i8 %V_tile_221, i64 0, i64 %zext_ln131" [/home/siyenga7/FPGA/attention_int8.cpp:134]   --->   Operation 1174 'getelementptr' 'V_tile_221_addr' <Predicate = true> <Delay = 0.00>
ST_3 : Operation 1175 [1/1] (0.00ns)   --->   "%V_tile_222_addr = getelementptr i8 %V_tile_222, i64 0, i64 %zext_ln131" [/home/siyenga7/FPGA/attention_int8.cpp:134]   --->   Operation 1175 'getelementptr' 'V_tile_222_addr' <Predicate = true> <Delay = 0.00>
ST_3 : Operation 1176 [1/1] (0.00ns)   --->   "%V_tile_223_addr = getelementptr i8 %V_tile_223, i64 0, i64 %zext_ln131" [/home/siyenga7/FPGA/attention_int8.cpp:134]   --->   Operation 1176 'getelementptr' 'V_tile_223_addr' <Predicate = true> <Delay = 0.00>
ST_3 : Operation 1177 [1/1] (0.00ns)   --->   "%V_tile_224_addr = getelementptr i8 %V_tile_224, i64 0, i64 %zext_ln131" [/home/siyenga7/FPGA/attention_int8.cpp:134]   --->   Operation 1177 'getelementptr' 'V_tile_224_addr' <Predicate = true> <Delay = 0.00>
ST_3 : Operation 1178 [1/1] (0.00ns)   --->   "%V_tile_225_addr = getelementptr i8 %V_tile_225, i64 0, i64 %zext_ln131" [/home/siyenga7/FPGA/attention_int8.cpp:134]   --->   Operation 1178 'getelementptr' 'V_tile_225_addr' <Predicate = true> <Delay = 0.00>
ST_3 : Operation 1179 [1/1] (0.00ns)   --->   "%V_tile_226_addr = getelementptr i8 %V_tile_226, i64 0, i64 %zext_ln131" [/home/siyenga7/FPGA/attention_int8.cpp:134]   --->   Operation 1179 'getelementptr' 'V_tile_226_addr' <Predicate = true> <Delay = 0.00>
ST_3 : Operation 1180 [1/1] (0.00ns)   --->   "%V_tile_227_addr = getelementptr i8 %V_tile_227, i64 0, i64 %zext_ln131" [/home/siyenga7/FPGA/attention_int8.cpp:134]   --->   Operation 1180 'getelementptr' 'V_tile_227_addr' <Predicate = true> <Delay = 0.00>
ST_3 : Operation 1181 [1/1] (0.00ns)   --->   "%V_tile_228_addr = getelementptr i8 %V_tile_228, i64 0, i64 %zext_ln131" [/home/siyenga7/FPGA/attention_int8.cpp:134]   --->   Operation 1181 'getelementptr' 'V_tile_228_addr' <Predicate = true> <Delay = 0.00>
ST_3 : Operation 1182 [1/1] (0.00ns)   --->   "%V_tile_229_addr = getelementptr i8 %V_tile_229, i64 0, i64 %zext_ln131" [/home/siyenga7/FPGA/attention_int8.cpp:134]   --->   Operation 1182 'getelementptr' 'V_tile_229_addr' <Predicate = true> <Delay = 0.00>
ST_3 : Operation 1183 [1/1] (0.00ns)   --->   "%V_tile_230_addr = getelementptr i8 %V_tile_230, i64 0, i64 %zext_ln131" [/home/siyenga7/FPGA/attention_int8.cpp:134]   --->   Operation 1183 'getelementptr' 'V_tile_230_addr' <Predicate = true> <Delay = 0.00>
ST_3 : Operation 1184 [1/1] (0.00ns)   --->   "%V_tile_231_addr = getelementptr i8 %V_tile_231, i64 0, i64 %zext_ln131" [/home/siyenga7/FPGA/attention_int8.cpp:134]   --->   Operation 1184 'getelementptr' 'V_tile_231_addr' <Predicate = true> <Delay = 0.00>
ST_3 : Operation 1185 [1/1] (0.00ns)   --->   "%V_tile_232_addr = getelementptr i8 %V_tile_232, i64 0, i64 %zext_ln131" [/home/siyenga7/FPGA/attention_int8.cpp:134]   --->   Operation 1185 'getelementptr' 'V_tile_232_addr' <Predicate = true> <Delay = 0.00>
ST_3 : Operation 1186 [1/1] (0.00ns)   --->   "%V_tile_233_addr = getelementptr i8 %V_tile_233, i64 0, i64 %zext_ln131" [/home/siyenga7/FPGA/attention_int8.cpp:134]   --->   Operation 1186 'getelementptr' 'V_tile_233_addr' <Predicate = true> <Delay = 0.00>
ST_3 : Operation 1187 [1/1] (0.00ns)   --->   "%V_tile_234_addr = getelementptr i8 %V_tile_234, i64 0, i64 %zext_ln131" [/home/siyenga7/FPGA/attention_int8.cpp:134]   --->   Operation 1187 'getelementptr' 'V_tile_234_addr' <Predicate = true> <Delay = 0.00>
ST_3 : Operation 1188 [1/1] (0.00ns)   --->   "%V_tile_235_addr = getelementptr i8 %V_tile_235, i64 0, i64 %zext_ln131" [/home/siyenga7/FPGA/attention_int8.cpp:134]   --->   Operation 1188 'getelementptr' 'V_tile_235_addr' <Predicate = true> <Delay = 0.00>
ST_3 : Operation 1189 [1/1] (0.00ns)   --->   "%V_tile_236_addr = getelementptr i8 %V_tile_236, i64 0, i64 %zext_ln131" [/home/siyenga7/FPGA/attention_int8.cpp:134]   --->   Operation 1189 'getelementptr' 'V_tile_236_addr' <Predicate = true> <Delay = 0.00>
ST_3 : Operation 1190 [1/1] (0.00ns)   --->   "%V_tile_237_addr = getelementptr i8 %V_tile_237, i64 0, i64 %zext_ln131" [/home/siyenga7/FPGA/attention_int8.cpp:134]   --->   Operation 1190 'getelementptr' 'V_tile_237_addr' <Predicate = true> <Delay = 0.00>
ST_3 : Operation 1191 [1/1] (0.00ns)   --->   "%V_tile_238_addr = getelementptr i8 %V_tile_238, i64 0, i64 %zext_ln131" [/home/siyenga7/FPGA/attention_int8.cpp:134]   --->   Operation 1191 'getelementptr' 'V_tile_238_addr' <Predicate = true> <Delay = 0.00>
ST_3 : Operation 1192 [1/1] (0.00ns)   --->   "%V_tile_239_addr = getelementptr i8 %V_tile_239, i64 0, i64 %zext_ln131" [/home/siyenga7/FPGA/attention_int8.cpp:134]   --->   Operation 1192 'getelementptr' 'V_tile_239_addr' <Predicate = true> <Delay = 0.00>
ST_3 : Operation 1193 [1/1] (0.00ns)   --->   "%V_tile_240_addr = getelementptr i8 %V_tile_240, i64 0, i64 %zext_ln131" [/home/siyenga7/FPGA/attention_int8.cpp:134]   --->   Operation 1193 'getelementptr' 'V_tile_240_addr' <Predicate = true> <Delay = 0.00>
ST_3 : Operation 1194 [1/1] (0.00ns)   --->   "%V_tile_241_addr = getelementptr i8 %V_tile_241, i64 0, i64 %zext_ln131" [/home/siyenga7/FPGA/attention_int8.cpp:134]   --->   Operation 1194 'getelementptr' 'V_tile_241_addr' <Predicate = true> <Delay = 0.00>
ST_3 : Operation 1195 [1/1] (0.00ns)   --->   "%V_tile_242_addr = getelementptr i8 %V_tile_242, i64 0, i64 %zext_ln131" [/home/siyenga7/FPGA/attention_int8.cpp:134]   --->   Operation 1195 'getelementptr' 'V_tile_242_addr' <Predicate = true> <Delay = 0.00>
ST_3 : Operation 1196 [1/1] (0.00ns)   --->   "%V_tile_243_addr = getelementptr i8 %V_tile_243, i64 0, i64 %zext_ln131" [/home/siyenga7/FPGA/attention_int8.cpp:134]   --->   Operation 1196 'getelementptr' 'V_tile_243_addr' <Predicate = true> <Delay = 0.00>
ST_3 : Operation 1197 [1/1] (0.00ns)   --->   "%V_tile_244_addr = getelementptr i8 %V_tile_244, i64 0, i64 %zext_ln131" [/home/siyenga7/FPGA/attention_int8.cpp:134]   --->   Operation 1197 'getelementptr' 'V_tile_244_addr' <Predicate = true> <Delay = 0.00>
ST_3 : Operation 1198 [1/1] (0.00ns)   --->   "%V_tile_245_addr = getelementptr i8 %V_tile_245, i64 0, i64 %zext_ln131" [/home/siyenga7/FPGA/attention_int8.cpp:134]   --->   Operation 1198 'getelementptr' 'V_tile_245_addr' <Predicate = true> <Delay = 0.00>
ST_3 : Operation 1199 [1/1] (0.00ns)   --->   "%V_tile_246_addr = getelementptr i8 %V_tile_246, i64 0, i64 %zext_ln131" [/home/siyenga7/FPGA/attention_int8.cpp:134]   --->   Operation 1199 'getelementptr' 'V_tile_246_addr' <Predicate = true> <Delay = 0.00>
ST_3 : Operation 1200 [1/1] (0.00ns)   --->   "%V_tile_247_addr = getelementptr i8 %V_tile_247, i64 0, i64 %zext_ln131" [/home/siyenga7/FPGA/attention_int8.cpp:134]   --->   Operation 1200 'getelementptr' 'V_tile_247_addr' <Predicate = true> <Delay = 0.00>
ST_3 : Operation 1201 [1/1] (0.00ns)   --->   "%V_tile_248_addr = getelementptr i8 %V_tile_248, i64 0, i64 %zext_ln131" [/home/siyenga7/FPGA/attention_int8.cpp:134]   --->   Operation 1201 'getelementptr' 'V_tile_248_addr' <Predicate = true> <Delay = 0.00>
ST_3 : Operation 1202 [1/1] (0.00ns)   --->   "%V_tile_249_addr = getelementptr i8 %V_tile_249, i64 0, i64 %zext_ln131" [/home/siyenga7/FPGA/attention_int8.cpp:134]   --->   Operation 1202 'getelementptr' 'V_tile_249_addr' <Predicate = true> <Delay = 0.00>
ST_3 : Operation 1203 [1/1] (0.00ns)   --->   "%V_tile_250_addr = getelementptr i8 %V_tile_250, i64 0, i64 %zext_ln131" [/home/siyenga7/FPGA/attention_int8.cpp:134]   --->   Operation 1203 'getelementptr' 'V_tile_250_addr' <Predicate = true> <Delay = 0.00>
ST_3 : Operation 1204 [1/1] (0.00ns)   --->   "%V_tile_251_addr = getelementptr i8 %V_tile_251, i64 0, i64 %zext_ln131" [/home/siyenga7/FPGA/attention_int8.cpp:134]   --->   Operation 1204 'getelementptr' 'V_tile_251_addr' <Predicate = true> <Delay = 0.00>
ST_3 : Operation 1205 [1/1] (0.00ns)   --->   "%V_tile_252_addr = getelementptr i8 %V_tile_252, i64 0, i64 %zext_ln131" [/home/siyenga7/FPGA/attention_int8.cpp:134]   --->   Operation 1205 'getelementptr' 'V_tile_252_addr' <Predicate = true> <Delay = 0.00>
ST_3 : Operation 1206 [1/1] (0.00ns)   --->   "%V_tile_253_addr = getelementptr i8 %V_tile_253, i64 0, i64 %zext_ln131" [/home/siyenga7/FPGA/attention_int8.cpp:134]   --->   Operation 1206 'getelementptr' 'V_tile_253_addr' <Predicate = true> <Delay = 0.00>
ST_3 : Operation 1207 [1/1] (0.00ns)   --->   "%V_tile_254_addr = getelementptr i8 %V_tile_254, i64 0, i64 %zext_ln131" [/home/siyenga7/FPGA/attention_int8.cpp:134]   --->   Operation 1207 'getelementptr' 'V_tile_254_addr' <Predicate = true> <Delay = 0.00>
ST_3 : Operation 1208 [1/1] (0.00ns)   --->   "%V_tile_255_addr = getelementptr i8 %V_tile_255, i64 0, i64 %zext_ln131" [/home/siyenga7/FPGA/attention_int8.cpp:134]   --->   Operation 1208 'getelementptr' 'V_tile_255_addr' <Predicate = true> <Delay = 0.00>
ST_3 : Operation 1209 [1/1] (0.00ns)   --->   "%V_tile_256_addr = getelementptr i8 %V_tile_256, i64 0, i64 %zext_ln131" [/home/siyenga7/FPGA/attention_int8.cpp:134]   --->   Operation 1209 'getelementptr' 'V_tile_256_addr' <Predicate = true> <Delay = 0.00>
ST_3 : Operation 1210 [1/1] (0.00ns)   --->   "%V_tile_257_addr = getelementptr i8 %V_tile_257, i64 0, i64 %zext_ln131" [/home/siyenga7/FPGA/attention_int8.cpp:134]   --->   Operation 1210 'getelementptr' 'V_tile_257_addr' <Predicate = true> <Delay = 0.00>
ST_3 : Operation 1211 [1/1] (0.00ns)   --->   "%V_tile_258_addr = getelementptr i8 %V_tile_258, i64 0, i64 %zext_ln131" [/home/siyenga7/FPGA/attention_int8.cpp:134]   --->   Operation 1211 'getelementptr' 'V_tile_258_addr' <Predicate = true> <Delay = 0.00>
ST_3 : Operation 1212 [1/1] (0.00ns)   --->   "%V_tile_259_addr = getelementptr i8 %V_tile_259, i64 0, i64 %zext_ln131" [/home/siyenga7/FPGA/attention_int8.cpp:134]   --->   Operation 1212 'getelementptr' 'V_tile_259_addr' <Predicate = true> <Delay = 0.00>
ST_3 : Operation 1213 [1/1] (0.00ns)   --->   "%V_tile_260_addr = getelementptr i8 %V_tile_260, i64 0, i64 %zext_ln131" [/home/siyenga7/FPGA/attention_int8.cpp:134]   --->   Operation 1213 'getelementptr' 'V_tile_260_addr' <Predicate = true> <Delay = 0.00>
ST_3 : Operation 1214 [1/1] (0.00ns)   --->   "%V_tile_261_addr = getelementptr i8 %V_tile_261, i64 0, i64 %zext_ln131" [/home/siyenga7/FPGA/attention_int8.cpp:134]   --->   Operation 1214 'getelementptr' 'V_tile_261_addr' <Predicate = true> <Delay = 0.00>
ST_3 : Operation 1215 [1/1] (0.00ns)   --->   "%V_tile_262_addr = getelementptr i8 %V_tile_262, i64 0, i64 %zext_ln131" [/home/siyenga7/FPGA/attention_int8.cpp:134]   --->   Operation 1215 'getelementptr' 'V_tile_262_addr' <Predicate = true> <Delay = 0.00>
ST_3 : Operation 1216 [1/1] (0.00ns)   --->   "%V_tile_263_addr = getelementptr i8 %V_tile_263, i64 0, i64 %zext_ln131" [/home/siyenga7/FPGA/attention_int8.cpp:134]   --->   Operation 1216 'getelementptr' 'V_tile_263_addr' <Predicate = true> <Delay = 0.00>
ST_3 : Operation 1217 [1/1] (0.00ns)   --->   "%V_tile_264_addr = getelementptr i8 %V_tile_264, i64 0, i64 %zext_ln131" [/home/siyenga7/FPGA/attention_int8.cpp:134]   --->   Operation 1217 'getelementptr' 'V_tile_264_addr' <Predicate = true> <Delay = 0.00>
ST_3 : Operation 1218 [1/1] (0.00ns)   --->   "%V_tile_265_addr = getelementptr i8 %V_tile_265, i64 0, i64 %zext_ln131" [/home/siyenga7/FPGA/attention_int8.cpp:134]   --->   Operation 1218 'getelementptr' 'V_tile_265_addr' <Predicate = true> <Delay = 0.00>
ST_3 : Operation 1219 [1/1] (0.00ns)   --->   "%V_tile_266_addr = getelementptr i8 %V_tile_266, i64 0, i64 %zext_ln131" [/home/siyenga7/FPGA/attention_int8.cpp:134]   --->   Operation 1219 'getelementptr' 'V_tile_266_addr' <Predicate = true> <Delay = 0.00>
ST_3 : Operation 1220 [1/1] (0.00ns)   --->   "%V_tile_267_addr = getelementptr i8 %V_tile_267, i64 0, i64 %zext_ln131" [/home/siyenga7/FPGA/attention_int8.cpp:134]   --->   Operation 1220 'getelementptr' 'V_tile_267_addr' <Predicate = true> <Delay = 0.00>
ST_3 : Operation 1221 [1/1] (0.00ns)   --->   "%V_tile_268_addr = getelementptr i8 %V_tile_268, i64 0, i64 %zext_ln131" [/home/siyenga7/FPGA/attention_int8.cpp:134]   --->   Operation 1221 'getelementptr' 'V_tile_268_addr' <Predicate = true> <Delay = 0.00>
ST_3 : Operation 1222 [1/1] (0.00ns)   --->   "%V_tile_269_addr = getelementptr i8 %V_tile_269, i64 0, i64 %zext_ln131" [/home/siyenga7/FPGA/attention_int8.cpp:134]   --->   Operation 1222 'getelementptr' 'V_tile_269_addr' <Predicate = true> <Delay = 0.00>
ST_3 : Operation 1223 [1/1] (0.00ns)   --->   "%V_tile_270_addr = getelementptr i8 %V_tile_270, i64 0, i64 %zext_ln131" [/home/siyenga7/FPGA/attention_int8.cpp:134]   --->   Operation 1223 'getelementptr' 'V_tile_270_addr' <Predicate = true> <Delay = 0.00>
ST_3 : Operation 1224 [1/1] (0.00ns)   --->   "%V_tile_271_addr = getelementptr i8 %V_tile_271, i64 0, i64 %zext_ln131" [/home/siyenga7/FPGA/attention_int8.cpp:134]   --->   Operation 1224 'getelementptr' 'V_tile_271_addr' <Predicate = true> <Delay = 0.00>
ST_3 : Operation 1225 [1/1] (0.00ns)   --->   "%V_tile_272_addr = getelementptr i8 %V_tile_272, i64 0, i64 %zext_ln131" [/home/siyenga7/FPGA/attention_int8.cpp:134]   --->   Operation 1225 'getelementptr' 'V_tile_272_addr' <Predicate = true> <Delay = 0.00>
ST_3 : Operation 1226 [1/1] (0.00ns)   --->   "%V_tile_273_addr = getelementptr i8 %V_tile_273, i64 0, i64 %zext_ln131" [/home/siyenga7/FPGA/attention_int8.cpp:134]   --->   Operation 1226 'getelementptr' 'V_tile_273_addr' <Predicate = true> <Delay = 0.00>
ST_3 : Operation 1227 [1/1] (0.00ns)   --->   "%V_tile_274_addr = getelementptr i8 %V_tile_274, i64 0, i64 %zext_ln131" [/home/siyenga7/FPGA/attention_int8.cpp:134]   --->   Operation 1227 'getelementptr' 'V_tile_274_addr' <Predicate = true> <Delay = 0.00>
ST_3 : Operation 1228 [1/1] (0.00ns)   --->   "%V_tile_275_addr = getelementptr i8 %V_tile_275, i64 0, i64 %zext_ln131" [/home/siyenga7/FPGA/attention_int8.cpp:134]   --->   Operation 1228 'getelementptr' 'V_tile_275_addr' <Predicate = true> <Delay = 0.00>
ST_3 : Operation 1229 [1/1] (0.00ns)   --->   "%V_tile_276_addr = getelementptr i8 %V_tile_276, i64 0, i64 %zext_ln131" [/home/siyenga7/FPGA/attention_int8.cpp:134]   --->   Operation 1229 'getelementptr' 'V_tile_276_addr' <Predicate = true> <Delay = 0.00>
ST_3 : Operation 1230 [1/1] (0.00ns)   --->   "%V_tile_277_addr = getelementptr i8 %V_tile_277, i64 0, i64 %zext_ln131" [/home/siyenga7/FPGA/attention_int8.cpp:134]   --->   Operation 1230 'getelementptr' 'V_tile_277_addr' <Predicate = true> <Delay = 0.00>
ST_3 : Operation 1231 [1/1] (0.00ns)   --->   "%V_tile_278_addr = getelementptr i8 %V_tile_278, i64 0, i64 %zext_ln131" [/home/siyenga7/FPGA/attention_int8.cpp:134]   --->   Operation 1231 'getelementptr' 'V_tile_278_addr' <Predicate = true> <Delay = 0.00>
ST_3 : Operation 1232 [1/1] (0.00ns)   --->   "%V_tile_279_addr = getelementptr i8 %V_tile_279, i64 0, i64 %zext_ln131" [/home/siyenga7/FPGA/attention_int8.cpp:134]   --->   Operation 1232 'getelementptr' 'V_tile_279_addr' <Predicate = true> <Delay = 0.00>
ST_3 : Operation 1233 [1/1] (0.00ns)   --->   "%V_tile_280_addr = getelementptr i8 %V_tile_280, i64 0, i64 %zext_ln131" [/home/siyenga7/FPGA/attention_int8.cpp:134]   --->   Operation 1233 'getelementptr' 'V_tile_280_addr' <Predicate = true> <Delay = 0.00>
ST_3 : Operation 1234 [1/1] (0.00ns)   --->   "%V_tile_281_addr = getelementptr i8 %V_tile_281, i64 0, i64 %zext_ln131" [/home/siyenga7/FPGA/attention_int8.cpp:134]   --->   Operation 1234 'getelementptr' 'V_tile_281_addr' <Predicate = true> <Delay = 0.00>
ST_3 : Operation 1235 [1/1] (0.00ns)   --->   "%V_tile_282_addr = getelementptr i8 %V_tile_282, i64 0, i64 %zext_ln131" [/home/siyenga7/FPGA/attention_int8.cpp:134]   --->   Operation 1235 'getelementptr' 'V_tile_282_addr' <Predicate = true> <Delay = 0.00>
ST_3 : Operation 1236 [1/1] (0.00ns)   --->   "%V_tile_283_addr = getelementptr i8 %V_tile_283, i64 0, i64 %zext_ln131" [/home/siyenga7/FPGA/attention_int8.cpp:134]   --->   Operation 1236 'getelementptr' 'V_tile_283_addr' <Predicate = true> <Delay = 0.00>
ST_3 : Operation 1237 [1/1] (0.00ns)   --->   "%V_tile_284_addr = getelementptr i8 %V_tile_284, i64 0, i64 %zext_ln131" [/home/siyenga7/FPGA/attention_int8.cpp:134]   --->   Operation 1237 'getelementptr' 'V_tile_284_addr' <Predicate = true> <Delay = 0.00>
ST_3 : Operation 1238 [1/1] (0.00ns)   --->   "%V_tile_285_addr = getelementptr i8 %V_tile_285, i64 0, i64 %zext_ln131" [/home/siyenga7/FPGA/attention_int8.cpp:134]   --->   Operation 1238 'getelementptr' 'V_tile_285_addr' <Predicate = true> <Delay = 0.00>
ST_3 : Operation 1239 [1/1] (0.00ns)   --->   "%V_tile_286_addr = getelementptr i8 %V_tile_286, i64 0, i64 %zext_ln131" [/home/siyenga7/FPGA/attention_int8.cpp:134]   --->   Operation 1239 'getelementptr' 'V_tile_286_addr' <Predicate = true> <Delay = 0.00>
ST_3 : Operation 1240 [1/1] (0.00ns)   --->   "%V_tile_287_addr = getelementptr i8 %V_tile_287, i64 0, i64 %zext_ln131" [/home/siyenga7/FPGA/attention_int8.cpp:134]   --->   Operation 1240 'getelementptr' 'V_tile_287_addr' <Predicate = true> <Delay = 0.00>
ST_3 : Operation 1241 [1/1] (0.00ns)   --->   "%V_tile_288_addr = getelementptr i8 %V_tile_288, i64 0, i64 %zext_ln131" [/home/siyenga7/FPGA/attention_int8.cpp:134]   --->   Operation 1241 'getelementptr' 'V_tile_288_addr' <Predicate = true> <Delay = 0.00>
ST_3 : Operation 1242 [1/1] (0.00ns)   --->   "%V_tile_289_addr = getelementptr i8 %V_tile_289, i64 0, i64 %zext_ln131" [/home/siyenga7/FPGA/attention_int8.cpp:134]   --->   Operation 1242 'getelementptr' 'V_tile_289_addr' <Predicate = true> <Delay = 0.00>
ST_3 : Operation 1243 [1/1] (0.00ns)   --->   "%V_tile_290_addr = getelementptr i8 %V_tile_290, i64 0, i64 %zext_ln131" [/home/siyenga7/FPGA/attention_int8.cpp:134]   --->   Operation 1243 'getelementptr' 'V_tile_290_addr' <Predicate = true> <Delay = 0.00>
ST_3 : Operation 1244 [1/1] (0.00ns)   --->   "%V_tile_291_addr = getelementptr i8 %V_tile_291, i64 0, i64 %zext_ln131" [/home/siyenga7/FPGA/attention_int8.cpp:134]   --->   Operation 1244 'getelementptr' 'V_tile_291_addr' <Predicate = true> <Delay = 0.00>
ST_3 : Operation 1245 [1/1] (0.00ns)   --->   "%V_tile_292_addr = getelementptr i8 %V_tile_292, i64 0, i64 %zext_ln131" [/home/siyenga7/FPGA/attention_int8.cpp:134]   --->   Operation 1245 'getelementptr' 'V_tile_292_addr' <Predicate = true> <Delay = 0.00>
ST_3 : Operation 1246 [1/1] (0.00ns)   --->   "%V_tile_293_addr = getelementptr i8 %V_tile_293, i64 0, i64 %zext_ln131" [/home/siyenga7/FPGA/attention_int8.cpp:134]   --->   Operation 1246 'getelementptr' 'V_tile_293_addr' <Predicate = true> <Delay = 0.00>
ST_3 : Operation 1247 [1/1] (0.00ns)   --->   "%V_tile_294_addr = getelementptr i8 %V_tile_294, i64 0, i64 %zext_ln131" [/home/siyenga7/FPGA/attention_int8.cpp:134]   --->   Operation 1247 'getelementptr' 'V_tile_294_addr' <Predicate = true> <Delay = 0.00>
ST_3 : Operation 1248 [1/1] (0.00ns)   --->   "%V_tile_295_addr = getelementptr i8 %V_tile_295, i64 0, i64 %zext_ln131" [/home/siyenga7/FPGA/attention_int8.cpp:134]   --->   Operation 1248 'getelementptr' 'V_tile_295_addr' <Predicate = true> <Delay = 0.00>
ST_3 : Operation 1249 [1/1] (0.00ns)   --->   "%V_tile_296_addr = getelementptr i8 %V_tile_296, i64 0, i64 %zext_ln131" [/home/siyenga7/FPGA/attention_int8.cpp:134]   --->   Operation 1249 'getelementptr' 'V_tile_296_addr' <Predicate = true> <Delay = 0.00>
ST_3 : Operation 1250 [1/1] (0.00ns)   --->   "%V_tile_297_addr = getelementptr i8 %V_tile_297, i64 0, i64 %zext_ln131" [/home/siyenga7/FPGA/attention_int8.cpp:134]   --->   Operation 1250 'getelementptr' 'V_tile_297_addr' <Predicate = true> <Delay = 0.00>
ST_3 : Operation 1251 [1/1] (0.00ns)   --->   "%V_tile_298_addr = getelementptr i8 %V_tile_298, i64 0, i64 %zext_ln131" [/home/siyenga7/FPGA/attention_int8.cpp:134]   --->   Operation 1251 'getelementptr' 'V_tile_298_addr' <Predicate = true> <Delay = 0.00>
ST_3 : Operation 1252 [1/1] (0.00ns)   --->   "%V_tile_299_addr = getelementptr i8 %V_tile_299, i64 0, i64 %zext_ln131" [/home/siyenga7/FPGA/attention_int8.cpp:134]   --->   Operation 1252 'getelementptr' 'V_tile_299_addr' <Predicate = true> <Delay = 0.00>
ST_3 : Operation 1253 [1/1] (0.00ns)   --->   "%V_tile_300_addr = getelementptr i8 %V_tile_300, i64 0, i64 %zext_ln131" [/home/siyenga7/FPGA/attention_int8.cpp:134]   --->   Operation 1253 'getelementptr' 'V_tile_300_addr' <Predicate = true> <Delay = 0.00>
ST_3 : Operation 1254 [1/1] (0.00ns)   --->   "%V_tile_301_addr = getelementptr i8 %V_tile_301, i64 0, i64 %zext_ln131" [/home/siyenga7/FPGA/attention_int8.cpp:134]   --->   Operation 1254 'getelementptr' 'V_tile_301_addr' <Predicate = true> <Delay = 0.00>
ST_3 : Operation 1255 [1/1] (0.00ns)   --->   "%V_tile_302_addr = getelementptr i8 %V_tile_302, i64 0, i64 %zext_ln131" [/home/siyenga7/FPGA/attention_int8.cpp:134]   --->   Operation 1255 'getelementptr' 'V_tile_302_addr' <Predicate = true> <Delay = 0.00>
ST_3 : Operation 1256 [1/1] (0.00ns)   --->   "%V_tile_303_addr = getelementptr i8 %V_tile_303, i64 0, i64 %zext_ln131" [/home/siyenga7/FPGA/attention_int8.cpp:134]   --->   Operation 1256 'getelementptr' 'V_tile_303_addr' <Predicate = true> <Delay = 0.00>
ST_3 : Operation 1257 [1/1] (0.00ns)   --->   "%V_tile_304_addr = getelementptr i8 %V_tile_304, i64 0, i64 %zext_ln131" [/home/siyenga7/FPGA/attention_int8.cpp:134]   --->   Operation 1257 'getelementptr' 'V_tile_304_addr' <Predicate = true> <Delay = 0.00>
ST_3 : Operation 1258 [1/1] (0.00ns)   --->   "%V_tile_305_addr = getelementptr i8 %V_tile_305, i64 0, i64 %zext_ln131" [/home/siyenga7/FPGA/attention_int8.cpp:134]   --->   Operation 1258 'getelementptr' 'V_tile_305_addr' <Predicate = true> <Delay = 0.00>
ST_3 : Operation 1259 [1/1] (0.00ns)   --->   "%V_tile_306_addr = getelementptr i8 %V_tile_306, i64 0, i64 %zext_ln131" [/home/siyenga7/FPGA/attention_int8.cpp:134]   --->   Operation 1259 'getelementptr' 'V_tile_306_addr' <Predicate = true> <Delay = 0.00>
ST_3 : Operation 1260 [1/1] (0.00ns)   --->   "%V_tile_307_addr = getelementptr i8 %V_tile_307, i64 0, i64 %zext_ln131" [/home/siyenga7/FPGA/attention_int8.cpp:134]   --->   Operation 1260 'getelementptr' 'V_tile_307_addr' <Predicate = true> <Delay = 0.00>
ST_3 : Operation 1261 [1/1] (0.00ns)   --->   "%V_tile_308_addr = getelementptr i8 %V_tile_308, i64 0, i64 %zext_ln131" [/home/siyenga7/FPGA/attention_int8.cpp:134]   --->   Operation 1261 'getelementptr' 'V_tile_308_addr' <Predicate = true> <Delay = 0.00>
ST_3 : Operation 1262 [1/1] (0.00ns)   --->   "%V_tile_309_addr = getelementptr i8 %V_tile_309, i64 0, i64 %zext_ln131" [/home/siyenga7/FPGA/attention_int8.cpp:134]   --->   Operation 1262 'getelementptr' 'V_tile_309_addr' <Predicate = true> <Delay = 0.00>
ST_3 : Operation 1263 [1/1] (0.00ns)   --->   "%V_tile_310_addr = getelementptr i8 %V_tile_310, i64 0, i64 %zext_ln131" [/home/siyenga7/FPGA/attention_int8.cpp:134]   --->   Operation 1263 'getelementptr' 'V_tile_310_addr' <Predicate = true> <Delay = 0.00>
ST_3 : Operation 1264 [1/1] (0.00ns)   --->   "%V_tile_311_addr = getelementptr i8 %V_tile_311, i64 0, i64 %zext_ln131" [/home/siyenga7/FPGA/attention_int8.cpp:134]   --->   Operation 1264 'getelementptr' 'V_tile_311_addr' <Predicate = true> <Delay = 0.00>
ST_3 : Operation 1265 [1/1] (0.00ns)   --->   "%V_tile_312_addr = getelementptr i8 %V_tile_312, i64 0, i64 %zext_ln131" [/home/siyenga7/FPGA/attention_int8.cpp:134]   --->   Operation 1265 'getelementptr' 'V_tile_312_addr' <Predicate = true> <Delay = 0.00>
ST_3 : Operation 1266 [1/1] (0.00ns)   --->   "%V_tile_313_addr = getelementptr i8 %V_tile_313, i64 0, i64 %zext_ln131" [/home/siyenga7/FPGA/attention_int8.cpp:134]   --->   Operation 1266 'getelementptr' 'V_tile_313_addr' <Predicate = true> <Delay = 0.00>
ST_3 : Operation 1267 [1/1] (0.00ns)   --->   "%V_tile_314_addr = getelementptr i8 %V_tile_314, i64 0, i64 %zext_ln131" [/home/siyenga7/FPGA/attention_int8.cpp:134]   --->   Operation 1267 'getelementptr' 'V_tile_314_addr' <Predicate = true> <Delay = 0.00>
ST_3 : Operation 1268 [1/1] (0.00ns)   --->   "%V_tile_315_addr = getelementptr i8 %V_tile_315, i64 0, i64 %zext_ln131" [/home/siyenga7/FPGA/attention_int8.cpp:134]   --->   Operation 1268 'getelementptr' 'V_tile_315_addr' <Predicate = true> <Delay = 0.00>
ST_3 : Operation 1269 [1/1] (0.00ns)   --->   "%V_tile_316_addr = getelementptr i8 %V_tile_316, i64 0, i64 %zext_ln131" [/home/siyenga7/FPGA/attention_int8.cpp:134]   --->   Operation 1269 'getelementptr' 'V_tile_316_addr' <Predicate = true> <Delay = 0.00>
ST_3 : Operation 1270 [1/1] (0.00ns)   --->   "%V_tile_317_addr = getelementptr i8 %V_tile_317, i64 0, i64 %zext_ln131" [/home/siyenga7/FPGA/attention_int8.cpp:134]   --->   Operation 1270 'getelementptr' 'V_tile_317_addr' <Predicate = true> <Delay = 0.00>
ST_3 : Operation 1271 [1/1] (0.00ns)   --->   "%V_tile_318_addr = getelementptr i8 %V_tile_318, i64 0, i64 %zext_ln131" [/home/siyenga7/FPGA/attention_int8.cpp:134]   --->   Operation 1271 'getelementptr' 'V_tile_318_addr' <Predicate = true> <Delay = 0.00>
ST_3 : Operation 1272 [1/1] (0.00ns)   --->   "%V_tile_319_addr = getelementptr i8 %V_tile_319, i64 0, i64 %zext_ln131" [/home/siyenga7/FPGA/attention_int8.cpp:134]   --->   Operation 1272 'getelementptr' 'V_tile_319_addr' <Predicate = true> <Delay = 0.00>
ST_3 : Operation 1273 [1/1] (0.00ns)   --->   "%V_tile_320_addr = getelementptr i8 %V_tile_320, i64 0, i64 %zext_ln131" [/home/siyenga7/FPGA/attention_int8.cpp:134]   --->   Operation 1273 'getelementptr' 'V_tile_320_addr' <Predicate = true> <Delay = 0.00>
ST_3 : Operation 1274 [1/1] (0.00ns)   --->   "%V_tile_321_addr = getelementptr i8 %V_tile_321, i64 0, i64 %zext_ln131" [/home/siyenga7/FPGA/attention_int8.cpp:134]   --->   Operation 1274 'getelementptr' 'V_tile_321_addr' <Predicate = true> <Delay = 0.00>
ST_3 : Operation 1275 [1/1] (0.00ns)   --->   "%V_tile_322_addr = getelementptr i8 %V_tile_322, i64 0, i64 %zext_ln131" [/home/siyenga7/FPGA/attention_int8.cpp:134]   --->   Operation 1275 'getelementptr' 'V_tile_322_addr' <Predicate = true> <Delay = 0.00>
ST_3 : Operation 1276 [1/1] (0.00ns)   --->   "%V_tile_323_addr = getelementptr i8 %V_tile_323, i64 0, i64 %zext_ln131" [/home/siyenga7/FPGA/attention_int8.cpp:134]   --->   Operation 1276 'getelementptr' 'V_tile_323_addr' <Predicate = true> <Delay = 0.00>
ST_3 : Operation 1277 [1/1] (0.00ns)   --->   "%V_tile_324_addr = getelementptr i8 %V_tile_324, i64 0, i64 %zext_ln131" [/home/siyenga7/FPGA/attention_int8.cpp:134]   --->   Operation 1277 'getelementptr' 'V_tile_324_addr' <Predicate = true> <Delay = 0.00>
ST_3 : Operation 1278 [1/1] (0.00ns)   --->   "%V_tile_325_addr = getelementptr i8 %V_tile_325, i64 0, i64 %zext_ln131" [/home/siyenga7/FPGA/attention_int8.cpp:134]   --->   Operation 1278 'getelementptr' 'V_tile_325_addr' <Predicate = true> <Delay = 0.00>
ST_3 : Operation 1279 [1/1] (0.00ns)   --->   "%V_tile_326_addr = getelementptr i8 %V_tile_326, i64 0, i64 %zext_ln131" [/home/siyenga7/FPGA/attention_int8.cpp:134]   --->   Operation 1279 'getelementptr' 'V_tile_326_addr' <Predicate = true> <Delay = 0.00>
ST_3 : Operation 1280 [1/1] (0.00ns)   --->   "%V_tile_327_addr = getelementptr i8 %V_tile_327, i64 0, i64 %zext_ln131" [/home/siyenga7/FPGA/attention_int8.cpp:134]   --->   Operation 1280 'getelementptr' 'V_tile_327_addr' <Predicate = true> <Delay = 0.00>
ST_3 : Operation 1281 [1/1] (0.00ns)   --->   "%V_tile_328_addr = getelementptr i8 %V_tile_328, i64 0, i64 %zext_ln131" [/home/siyenga7/FPGA/attention_int8.cpp:134]   --->   Operation 1281 'getelementptr' 'V_tile_328_addr' <Predicate = true> <Delay = 0.00>
ST_3 : Operation 1282 [1/1] (0.00ns)   --->   "%V_tile_329_addr = getelementptr i8 %V_tile_329, i64 0, i64 %zext_ln131" [/home/siyenga7/FPGA/attention_int8.cpp:134]   --->   Operation 1282 'getelementptr' 'V_tile_329_addr' <Predicate = true> <Delay = 0.00>
ST_3 : Operation 1283 [1/1] (0.00ns)   --->   "%V_tile_330_addr = getelementptr i8 %V_tile_330, i64 0, i64 %zext_ln131" [/home/siyenga7/FPGA/attention_int8.cpp:134]   --->   Operation 1283 'getelementptr' 'V_tile_330_addr' <Predicate = true> <Delay = 0.00>
ST_3 : Operation 1284 [1/1] (0.00ns)   --->   "%V_tile_331_addr = getelementptr i8 %V_tile_331, i64 0, i64 %zext_ln131" [/home/siyenga7/FPGA/attention_int8.cpp:134]   --->   Operation 1284 'getelementptr' 'V_tile_331_addr' <Predicate = true> <Delay = 0.00>
ST_3 : Operation 1285 [1/1] (0.00ns)   --->   "%V_tile_332_addr = getelementptr i8 %V_tile_332, i64 0, i64 %zext_ln131" [/home/siyenga7/FPGA/attention_int8.cpp:134]   --->   Operation 1285 'getelementptr' 'V_tile_332_addr' <Predicate = true> <Delay = 0.00>
ST_3 : Operation 1286 [1/1] (0.00ns)   --->   "%V_tile_333_addr = getelementptr i8 %V_tile_333, i64 0, i64 %zext_ln131" [/home/siyenga7/FPGA/attention_int8.cpp:134]   --->   Operation 1286 'getelementptr' 'V_tile_333_addr' <Predicate = true> <Delay = 0.00>
ST_3 : Operation 1287 [1/1] (0.00ns)   --->   "%V_tile_334_addr = getelementptr i8 %V_tile_334, i64 0, i64 %zext_ln131" [/home/siyenga7/FPGA/attention_int8.cpp:134]   --->   Operation 1287 'getelementptr' 'V_tile_334_addr' <Predicate = true> <Delay = 0.00>
ST_3 : Operation 1288 [1/1] (0.00ns)   --->   "%V_tile_335_addr = getelementptr i8 %V_tile_335, i64 0, i64 %zext_ln131" [/home/siyenga7/FPGA/attention_int8.cpp:134]   --->   Operation 1288 'getelementptr' 'V_tile_335_addr' <Predicate = true> <Delay = 0.00>
ST_3 : Operation 1289 [1/1] (0.00ns)   --->   "%V_tile_336_addr = getelementptr i8 %V_tile_336, i64 0, i64 %zext_ln131" [/home/siyenga7/FPGA/attention_int8.cpp:134]   --->   Operation 1289 'getelementptr' 'V_tile_336_addr' <Predicate = true> <Delay = 0.00>
ST_3 : Operation 1290 [1/1] (0.00ns)   --->   "%V_tile_337_addr = getelementptr i8 %V_tile_337, i64 0, i64 %zext_ln131" [/home/siyenga7/FPGA/attention_int8.cpp:134]   --->   Operation 1290 'getelementptr' 'V_tile_337_addr' <Predicate = true> <Delay = 0.00>
ST_3 : Operation 1291 [1/1] (0.00ns)   --->   "%V_tile_338_addr = getelementptr i8 %V_tile_338, i64 0, i64 %zext_ln131" [/home/siyenga7/FPGA/attention_int8.cpp:134]   --->   Operation 1291 'getelementptr' 'V_tile_338_addr' <Predicate = true> <Delay = 0.00>
ST_3 : Operation 1292 [1/1] (0.00ns)   --->   "%V_tile_339_addr = getelementptr i8 %V_tile_339, i64 0, i64 %zext_ln131" [/home/siyenga7/FPGA/attention_int8.cpp:134]   --->   Operation 1292 'getelementptr' 'V_tile_339_addr' <Predicate = true> <Delay = 0.00>
ST_3 : Operation 1293 [1/1] (0.00ns)   --->   "%V_tile_340_addr = getelementptr i8 %V_tile_340, i64 0, i64 %zext_ln131" [/home/siyenga7/FPGA/attention_int8.cpp:134]   --->   Operation 1293 'getelementptr' 'V_tile_340_addr' <Predicate = true> <Delay = 0.00>
ST_3 : Operation 1294 [1/1] (0.00ns)   --->   "%V_tile_341_addr = getelementptr i8 %V_tile_341, i64 0, i64 %zext_ln131" [/home/siyenga7/FPGA/attention_int8.cpp:134]   --->   Operation 1294 'getelementptr' 'V_tile_341_addr' <Predicate = true> <Delay = 0.00>
ST_3 : Operation 1295 [1/1] (0.00ns)   --->   "%V_tile_342_addr = getelementptr i8 %V_tile_342, i64 0, i64 %zext_ln131" [/home/siyenga7/FPGA/attention_int8.cpp:134]   --->   Operation 1295 'getelementptr' 'V_tile_342_addr' <Predicate = true> <Delay = 0.00>
ST_3 : Operation 1296 [1/1] (0.00ns)   --->   "%V_tile_343_addr = getelementptr i8 %V_tile_343, i64 0, i64 %zext_ln131" [/home/siyenga7/FPGA/attention_int8.cpp:134]   --->   Operation 1296 'getelementptr' 'V_tile_343_addr' <Predicate = true> <Delay = 0.00>
ST_3 : Operation 1297 [1/1] (0.00ns)   --->   "%V_tile_344_addr = getelementptr i8 %V_tile_344, i64 0, i64 %zext_ln131" [/home/siyenga7/FPGA/attention_int8.cpp:134]   --->   Operation 1297 'getelementptr' 'V_tile_344_addr' <Predicate = true> <Delay = 0.00>
ST_3 : Operation 1298 [1/1] (0.00ns)   --->   "%V_tile_345_addr = getelementptr i8 %V_tile_345, i64 0, i64 %zext_ln131" [/home/siyenga7/FPGA/attention_int8.cpp:134]   --->   Operation 1298 'getelementptr' 'V_tile_345_addr' <Predicate = true> <Delay = 0.00>
ST_3 : Operation 1299 [1/1] (0.00ns)   --->   "%V_tile_346_addr = getelementptr i8 %V_tile_346, i64 0, i64 %zext_ln131" [/home/siyenga7/FPGA/attention_int8.cpp:134]   --->   Operation 1299 'getelementptr' 'V_tile_346_addr' <Predicate = true> <Delay = 0.00>
ST_3 : Operation 1300 [1/1] (0.00ns)   --->   "%V_tile_347_addr = getelementptr i8 %V_tile_347, i64 0, i64 %zext_ln131" [/home/siyenga7/FPGA/attention_int8.cpp:134]   --->   Operation 1300 'getelementptr' 'V_tile_347_addr' <Predicate = true> <Delay = 0.00>
ST_3 : Operation 1301 [1/1] (0.00ns)   --->   "%V_tile_348_addr = getelementptr i8 %V_tile_348, i64 0, i64 %zext_ln131" [/home/siyenga7/FPGA/attention_int8.cpp:134]   --->   Operation 1301 'getelementptr' 'V_tile_348_addr' <Predicate = true> <Delay = 0.00>
ST_3 : Operation 1302 [1/1] (0.00ns)   --->   "%V_tile_349_addr = getelementptr i8 %V_tile_349, i64 0, i64 %zext_ln131" [/home/siyenga7/FPGA/attention_int8.cpp:134]   --->   Operation 1302 'getelementptr' 'V_tile_349_addr' <Predicate = true> <Delay = 0.00>
ST_3 : Operation 1303 [1/1] (0.00ns)   --->   "%V_tile_350_addr = getelementptr i8 %V_tile_350, i64 0, i64 %zext_ln131" [/home/siyenga7/FPGA/attention_int8.cpp:134]   --->   Operation 1303 'getelementptr' 'V_tile_350_addr' <Predicate = true> <Delay = 0.00>
ST_3 : Operation 1304 [1/1] (0.00ns)   --->   "%V_tile_351_addr = getelementptr i8 %V_tile_351, i64 0, i64 %zext_ln131" [/home/siyenga7/FPGA/attention_int8.cpp:134]   --->   Operation 1304 'getelementptr' 'V_tile_351_addr' <Predicate = true> <Delay = 0.00>
ST_3 : Operation 1305 [1/1] (0.00ns)   --->   "%V_tile_352_addr = getelementptr i8 %V_tile_352, i64 0, i64 %zext_ln131" [/home/siyenga7/FPGA/attention_int8.cpp:134]   --->   Operation 1305 'getelementptr' 'V_tile_352_addr' <Predicate = true> <Delay = 0.00>
ST_3 : Operation 1306 [1/1] (0.00ns)   --->   "%V_tile_353_addr = getelementptr i8 %V_tile_353, i64 0, i64 %zext_ln131" [/home/siyenga7/FPGA/attention_int8.cpp:134]   --->   Operation 1306 'getelementptr' 'V_tile_353_addr' <Predicate = true> <Delay = 0.00>
ST_3 : Operation 1307 [1/1] (0.00ns)   --->   "%V_tile_354_addr = getelementptr i8 %V_tile_354, i64 0, i64 %zext_ln131" [/home/siyenga7/FPGA/attention_int8.cpp:134]   --->   Operation 1307 'getelementptr' 'V_tile_354_addr' <Predicate = true> <Delay = 0.00>
ST_3 : Operation 1308 [1/1] (0.00ns)   --->   "%V_tile_355_addr = getelementptr i8 %V_tile_355, i64 0, i64 %zext_ln131" [/home/siyenga7/FPGA/attention_int8.cpp:134]   --->   Operation 1308 'getelementptr' 'V_tile_355_addr' <Predicate = true> <Delay = 0.00>
ST_3 : Operation 1309 [1/1] (0.00ns)   --->   "%V_tile_356_addr = getelementptr i8 %V_tile_356, i64 0, i64 %zext_ln131" [/home/siyenga7/FPGA/attention_int8.cpp:134]   --->   Operation 1309 'getelementptr' 'V_tile_356_addr' <Predicate = true> <Delay = 0.00>
ST_3 : Operation 1310 [1/1] (0.00ns)   --->   "%V_tile_357_addr = getelementptr i8 %V_tile_357, i64 0, i64 %zext_ln131" [/home/siyenga7/FPGA/attention_int8.cpp:134]   --->   Operation 1310 'getelementptr' 'V_tile_357_addr' <Predicate = true> <Delay = 0.00>
ST_3 : Operation 1311 [1/1] (0.00ns)   --->   "%V_tile_358_addr = getelementptr i8 %V_tile_358, i64 0, i64 %zext_ln131" [/home/siyenga7/FPGA/attention_int8.cpp:134]   --->   Operation 1311 'getelementptr' 'V_tile_358_addr' <Predicate = true> <Delay = 0.00>
ST_3 : Operation 1312 [1/1] (0.00ns)   --->   "%V_tile_359_addr = getelementptr i8 %V_tile_359, i64 0, i64 %zext_ln131" [/home/siyenga7/FPGA/attention_int8.cpp:134]   --->   Operation 1312 'getelementptr' 'V_tile_359_addr' <Predicate = true> <Delay = 0.00>
ST_3 : Operation 1313 [1/1] (0.00ns)   --->   "%V_tile_360_addr = getelementptr i8 %V_tile_360, i64 0, i64 %zext_ln131" [/home/siyenga7/FPGA/attention_int8.cpp:134]   --->   Operation 1313 'getelementptr' 'V_tile_360_addr' <Predicate = true> <Delay = 0.00>
ST_3 : Operation 1314 [1/1] (0.00ns)   --->   "%V_tile_361_addr = getelementptr i8 %V_tile_361, i64 0, i64 %zext_ln131" [/home/siyenga7/FPGA/attention_int8.cpp:134]   --->   Operation 1314 'getelementptr' 'V_tile_361_addr' <Predicate = true> <Delay = 0.00>
ST_3 : Operation 1315 [1/1] (0.00ns)   --->   "%V_tile_362_addr = getelementptr i8 %V_tile_362, i64 0, i64 %zext_ln131" [/home/siyenga7/FPGA/attention_int8.cpp:134]   --->   Operation 1315 'getelementptr' 'V_tile_362_addr' <Predicate = true> <Delay = 0.00>
ST_3 : Operation 1316 [1/1] (0.00ns)   --->   "%V_tile_363_addr = getelementptr i8 %V_tile_363, i64 0, i64 %zext_ln131" [/home/siyenga7/FPGA/attention_int8.cpp:134]   --->   Operation 1316 'getelementptr' 'V_tile_363_addr' <Predicate = true> <Delay = 0.00>
ST_3 : Operation 1317 [1/1] (0.00ns)   --->   "%V_tile_364_addr = getelementptr i8 %V_tile_364, i64 0, i64 %zext_ln131" [/home/siyenga7/FPGA/attention_int8.cpp:134]   --->   Operation 1317 'getelementptr' 'V_tile_364_addr' <Predicate = true> <Delay = 0.00>
ST_3 : Operation 1318 [1/1] (0.00ns)   --->   "%V_tile_365_addr = getelementptr i8 %V_tile_365, i64 0, i64 %zext_ln131" [/home/siyenga7/FPGA/attention_int8.cpp:134]   --->   Operation 1318 'getelementptr' 'V_tile_365_addr' <Predicate = true> <Delay = 0.00>
ST_3 : Operation 1319 [1/1] (0.00ns)   --->   "%V_tile_366_addr = getelementptr i8 %V_tile_366, i64 0, i64 %zext_ln131" [/home/siyenga7/FPGA/attention_int8.cpp:134]   --->   Operation 1319 'getelementptr' 'V_tile_366_addr' <Predicate = true> <Delay = 0.00>
ST_3 : Operation 1320 [1/1] (0.00ns)   --->   "%V_tile_367_addr = getelementptr i8 %V_tile_367, i64 0, i64 %zext_ln131" [/home/siyenga7/FPGA/attention_int8.cpp:134]   --->   Operation 1320 'getelementptr' 'V_tile_367_addr' <Predicate = true> <Delay = 0.00>
ST_3 : Operation 1321 [1/1] (0.00ns)   --->   "%V_tile_368_addr = getelementptr i8 %V_tile_368, i64 0, i64 %zext_ln131" [/home/siyenga7/FPGA/attention_int8.cpp:134]   --->   Operation 1321 'getelementptr' 'V_tile_368_addr' <Predicate = true> <Delay = 0.00>
ST_3 : Operation 1322 [1/1] (0.00ns)   --->   "%V_tile_369_addr = getelementptr i8 %V_tile_369, i64 0, i64 %zext_ln131" [/home/siyenga7/FPGA/attention_int8.cpp:134]   --->   Operation 1322 'getelementptr' 'V_tile_369_addr' <Predicate = true> <Delay = 0.00>
ST_3 : Operation 1323 [1/1] (0.00ns)   --->   "%V_tile_370_addr = getelementptr i8 %V_tile_370, i64 0, i64 %zext_ln131" [/home/siyenga7/FPGA/attention_int8.cpp:134]   --->   Operation 1323 'getelementptr' 'V_tile_370_addr' <Predicate = true> <Delay = 0.00>
ST_3 : Operation 1324 [1/1] (0.00ns)   --->   "%V_tile_371_addr = getelementptr i8 %V_tile_371, i64 0, i64 %zext_ln131" [/home/siyenga7/FPGA/attention_int8.cpp:134]   --->   Operation 1324 'getelementptr' 'V_tile_371_addr' <Predicate = true> <Delay = 0.00>
ST_3 : Operation 1325 [1/1] (0.00ns)   --->   "%V_tile_372_addr = getelementptr i8 %V_tile_372, i64 0, i64 %zext_ln131" [/home/siyenga7/FPGA/attention_int8.cpp:134]   --->   Operation 1325 'getelementptr' 'V_tile_372_addr' <Predicate = true> <Delay = 0.00>
ST_3 : Operation 1326 [1/1] (0.00ns)   --->   "%V_tile_373_addr = getelementptr i8 %V_tile_373, i64 0, i64 %zext_ln131" [/home/siyenga7/FPGA/attention_int8.cpp:134]   --->   Operation 1326 'getelementptr' 'V_tile_373_addr' <Predicate = true> <Delay = 0.00>
ST_3 : Operation 1327 [1/1] (0.00ns)   --->   "%V_tile_374_addr = getelementptr i8 %V_tile_374, i64 0, i64 %zext_ln131" [/home/siyenga7/FPGA/attention_int8.cpp:134]   --->   Operation 1327 'getelementptr' 'V_tile_374_addr' <Predicate = true> <Delay = 0.00>
ST_3 : Operation 1328 [1/1] (0.00ns)   --->   "%V_tile_375_addr = getelementptr i8 %V_tile_375, i64 0, i64 %zext_ln131" [/home/siyenga7/FPGA/attention_int8.cpp:134]   --->   Operation 1328 'getelementptr' 'V_tile_375_addr' <Predicate = true> <Delay = 0.00>
ST_3 : Operation 1329 [1/1] (0.00ns)   --->   "%V_tile_376_addr = getelementptr i8 %V_tile_376, i64 0, i64 %zext_ln131" [/home/siyenga7/FPGA/attention_int8.cpp:134]   --->   Operation 1329 'getelementptr' 'V_tile_376_addr' <Predicate = true> <Delay = 0.00>
ST_3 : Operation 1330 [1/1] (0.00ns)   --->   "%V_tile_377_addr = getelementptr i8 %V_tile_377, i64 0, i64 %zext_ln131" [/home/siyenga7/FPGA/attention_int8.cpp:134]   --->   Operation 1330 'getelementptr' 'V_tile_377_addr' <Predicate = true> <Delay = 0.00>
ST_3 : Operation 1331 [1/1] (0.00ns)   --->   "%V_tile_378_addr = getelementptr i8 %V_tile_378, i64 0, i64 %zext_ln131" [/home/siyenga7/FPGA/attention_int8.cpp:134]   --->   Operation 1331 'getelementptr' 'V_tile_378_addr' <Predicate = true> <Delay = 0.00>
ST_3 : Operation 1332 [1/1] (0.00ns)   --->   "%V_tile_379_addr = getelementptr i8 %V_tile_379, i64 0, i64 %zext_ln131" [/home/siyenga7/FPGA/attention_int8.cpp:134]   --->   Operation 1332 'getelementptr' 'V_tile_379_addr' <Predicate = true> <Delay = 0.00>
ST_3 : Operation 1333 [1/1] (0.00ns)   --->   "%V_tile_380_addr = getelementptr i8 %V_tile_380, i64 0, i64 %zext_ln131" [/home/siyenga7/FPGA/attention_int8.cpp:134]   --->   Operation 1333 'getelementptr' 'V_tile_380_addr' <Predicate = true> <Delay = 0.00>
ST_3 : Operation 1334 [1/1] (0.00ns)   --->   "%V_tile_381_addr = getelementptr i8 %V_tile_381, i64 0, i64 %zext_ln131" [/home/siyenga7/FPGA/attention_int8.cpp:134]   --->   Operation 1334 'getelementptr' 'V_tile_381_addr' <Predicate = true> <Delay = 0.00>
ST_3 : Operation 1335 [1/1] (0.00ns)   --->   "%V_tile_382_addr = getelementptr i8 %V_tile_382, i64 0, i64 %zext_ln131" [/home/siyenga7/FPGA/attention_int8.cpp:134]   --->   Operation 1335 'getelementptr' 'V_tile_382_addr' <Predicate = true> <Delay = 0.00>
ST_3 : Operation 1336 [1/1] (0.00ns)   --->   "%V_tile_383_addr = getelementptr i8 %V_tile_383, i64 0, i64 %zext_ln131" [/home/siyenga7/FPGA/attention_int8.cpp:134]   --->   Operation 1336 'getelementptr' 'V_tile_383_addr' <Predicate = true> <Delay = 0.00>
ST_3 : Operation 1337 [1/1] (0.00ns)   --->   "%V_tile_384_addr = getelementptr i8 %V_tile_384, i64 0, i64 %zext_ln131" [/home/siyenga7/FPGA/attention_int8.cpp:134]   --->   Operation 1337 'getelementptr' 'V_tile_384_addr' <Predicate = true> <Delay = 0.00>
ST_3 : Operation 1338 [1/1] (0.00ns)   --->   "%V_tile_385_addr = getelementptr i8 %V_tile_385, i64 0, i64 %zext_ln131" [/home/siyenga7/FPGA/attention_int8.cpp:134]   --->   Operation 1338 'getelementptr' 'V_tile_385_addr' <Predicate = true> <Delay = 0.00>
ST_3 : Operation 1339 [1/1] (0.00ns)   --->   "%V_tile_386_addr = getelementptr i8 %V_tile_386, i64 0, i64 %zext_ln131" [/home/siyenga7/FPGA/attention_int8.cpp:134]   --->   Operation 1339 'getelementptr' 'V_tile_386_addr' <Predicate = true> <Delay = 0.00>
ST_3 : Operation 1340 [1/1] (0.00ns)   --->   "%V_tile_387_addr = getelementptr i8 %V_tile_387, i64 0, i64 %zext_ln131" [/home/siyenga7/FPGA/attention_int8.cpp:134]   --->   Operation 1340 'getelementptr' 'V_tile_387_addr' <Predicate = true> <Delay = 0.00>
ST_3 : Operation 1341 [1/1] (0.00ns)   --->   "%V_tile_388_addr = getelementptr i8 %V_tile_388, i64 0, i64 %zext_ln131" [/home/siyenga7/FPGA/attention_int8.cpp:134]   --->   Operation 1341 'getelementptr' 'V_tile_388_addr' <Predicate = true> <Delay = 0.00>
ST_3 : Operation 1342 [1/1] (0.00ns)   --->   "%V_tile_389_addr = getelementptr i8 %V_tile_389, i64 0, i64 %zext_ln131" [/home/siyenga7/FPGA/attention_int8.cpp:134]   --->   Operation 1342 'getelementptr' 'V_tile_389_addr' <Predicate = true> <Delay = 0.00>
ST_3 : Operation 1343 [1/1] (0.00ns)   --->   "%V_tile_390_addr = getelementptr i8 %V_tile_390, i64 0, i64 %zext_ln131" [/home/siyenga7/FPGA/attention_int8.cpp:134]   --->   Operation 1343 'getelementptr' 'V_tile_390_addr' <Predicate = true> <Delay = 0.00>
ST_3 : Operation 1344 [1/1] (0.00ns)   --->   "%V_tile_391_addr = getelementptr i8 %V_tile_391, i64 0, i64 %zext_ln131" [/home/siyenga7/FPGA/attention_int8.cpp:134]   --->   Operation 1344 'getelementptr' 'V_tile_391_addr' <Predicate = true> <Delay = 0.00>
ST_3 : Operation 1345 [1/1] (0.00ns)   --->   "%V_tile_392_addr = getelementptr i8 %V_tile_392, i64 0, i64 %zext_ln131" [/home/siyenga7/FPGA/attention_int8.cpp:134]   --->   Operation 1345 'getelementptr' 'V_tile_392_addr' <Predicate = true> <Delay = 0.00>
ST_3 : Operation 1346 [1/1] (0.00ns)   --->   "%V_tile_393_addr = getelementptr i8 %V_tile_393, i64 0, i64 %zext_ln131" [/home/siyenga7/FPGA/attention_int8.cpp:134]   --->   Operation 1346 'getelementptr' 'V_tile_393_addr' <Predicate = true> <Delay = 0.00>
ST_3 : Operation 1347 [1/1] (0.00ns)   --->   "%V_tile_394_addr = getelementptr i8 %V_tile_394, i64 0, i64 %zext_ln131" [/home/siyenga7/FPGA/attention_int8.cpp:134]   --->   Operation 1347 'getelementptr' 'V_tile_394_addr' <Predicate = true> <Delay = 0.00>
ST_3 : Operation 1348 [1/1] (0.00ns)   --->   "%V_tile_395_addr = getelementptr i8 %V_tile_395, i64 0, i64 %zext_ln131" [/home/siyenga7/FPGA/attention_int8.cpp:134]   --->   Operation 1348 'getelementptr' 'V_tile_395_addr' <Predicate = true> <Delay = 0.00>
ST_3 : Operation 1349 [1/1] (0.00ns)   --->   "%V_tile_396_addr = getelementptr i8 %V_tile_396, i64 0, i64 %zext_ln131" [/home/siyenga7/FPGA/attention_int8.cpp:134]   --->   Operation 1349 'getelementptr' 'V_tile_396_addr' <Predicate = true> <Delay = 0.00>
ST_3 : Operation 1350 [1/1] (0.00ns)   --->   "%V_tile_397_addr = getelementptr i8 %V_tile_397, i64 0, i64 %zext_ln131" [/home/siyenga7/FPGA/attention_int8.cpp:134]   --->   Operation 1350 'getelementptr' 'V_tile_397_addr' <Predicate = true> <Delay = 0.00>
ST_3 : Operation 1351 [1/1] (0.00ns)   --->   "%V_tile_398_addr = getelementptr i8 %V_tile_398, i64 0, i64 %zext_ln131" [/home/siyenga7/FPGA/attention_int8.cpp:134]   --->   Operation 1351 'getelementptr' 'V_tile_398_addr' <Predicate = true> <Delay = 0.00>
ST_3 : Operation 1352 [1/1] (0.00ns)   --->   "%V_tile_399_addr = getelementptr i8 %V_tile_399, i64 0, i64 %zext_ln131" [/home/siyenga7/FPGA/attention_int8.cpp:134]   --->   Operation 1352 'getelementptr' 'V_tile_399_addr' <Predicate = true> <Delay = 0.00>
ST_3 : Operation 1353 [1/1] (0.00ns)   --->   "%V_tile_400_addr = getelementptr i8 %V_tile_400, i64 0, i64 %zext_ln131" [/home/siyenga7/FPGA/attention_int8.cpp:134]   --->   Operation 1353 'getelementptr' 'V_tile_400_addr' <Predicate = true> <Delay = 0.00>
ST_3 : Operation 1354 [1/1] (0.00ns)   --->   "%V_tile_401_addr = getelementptr i8 %V_tile_401, i64 0, i64 %zext_ln131" [/home/siyenga7/FPGA/attention_int8.cpp:134]   --->   Operation 1354 'getelementptr' 'V_tile_401_addr' <Predicate = true> <Delay = 0.00>
ST_3 : Operation 1355 [1/1] (0.00ns)   --->   "%V_tile_402_addr = getelementptr i8 %V_tile_402, i64 0, i64 %zext_ln131" [/home/siyenga7/FPGA/attention_int8.cpp:134]   --->   Operation 1355 'getelementptr' 'V_tile_402_addr' <Predicate = true> <Delay = 0.00>
ST_3 : Operation 1356 [1/1] (0.00ns)   --->   "%V_tile_403_addr = getelementptr i8 %V_tile_403, i64 0, i64 %zext_ln131" [/home/siyenga7/FPGA/attention_int8.cpp:134]   --->   Operation 1356 'getelementptr' 'V_tile_403_addr' <Predicate = true> <Delay = 0.00>
ST_3 : Operation 1357 [1/1] (0.00ns)   --->   "%V_tile_404_addr = getelementptr i8 %V_tile_404, i64 0, i64 %zext_ln131" [/home/siyenga7/FPGA/attention_int8.cpp:134]   --->   Operation 1357 'getelementptr' 'V_tile_404_addr' <Predicate = true> <Delay = 0.00>
ST_3 : Operation 1358 [1/1] (0.00ns)   --->   "%V_tile_405_addr = getelementptr i8 %V_tile_405, i64 0, i64 %zext_ln131" [/home/siyenga7/FPGA/attention_int8.cpp:134]   --->   Operation 1358 'getelementptr' 'V_tile_405_addr' <Predicate = true> <Delay = 0.00>
ST_3 : Operation 1359 [1/1] (0.00ns)   --->   "%V_tile_406_addr = getelementptr i8 %V_tile_406, i64 0, i64 %zext_ln131" [/home/siyenga7/FPGA/attention_int8.cpp:134]   --->   Operation 1359 'getelementptr' 'V_tile_406_addr' <Predicate = true> <Delay = 0.00>
ST_3 : Operation 1360 [1/1] (0.00ns)   --->   "%V_tile_407_addr = getelementptr i8 %V_tile_407, i64 0, i64 %zext_ln131" [/home/siyenga7/FPGA/attention_int8.cpp:134]   --->   Operation 1360 'getelementptr' 'V_tile_407_addr' <Predicate = true> <Delay = 0.00>
ST_3 : Operation 1361 [1/1] (0.00ns)   --->   "%V_tile_408_addr = getelementptr i8 %V_tile_408, i64 0, i64 %zext_ln131" [/home/siyenga7/FPGA/attention_int8.cpp:134]   --->   Operation 1361 'getelementptr' 'V_tile_408_addr' <Predicate = true> <Delay = 0.00>
ST_3 : Operation 1362 [1/1] (0.00ns)   --->   "%V_tile_409_addr = getelementptr i8 %V_tile_409, i64 0, i64 %zext_ln131" [/home/siyenga7/FPGA/attention_int8.cpp:134]   --->   Operation 1362 'getelementptr' 'V_tile_409_addr' <Predicate = true> <Delay = 0.00>
ST_3 : Operation 1363 [1/1] (0.00ns)   --->   "%V_tile_410_addr = getelementptr i8 %V_tile_410, i64 0, i64 %zext_ln131" [/home/siyenga7/FPGA/attention_int8.cpp:134]   --->   Operation 1363 'getelementptr' 'V_tile_410_addr' <Predicate = true> <Delay = 0.00>
ST_3 : Operation 1364 [1/1] (0.00ns)   --->   "%V_tile_411_addr = getelementptr i8 %V_tile_411, i64 0, i64 %zext_ln131" [/home/siyenga7/FPGA/attention_int8.cpp:134]   --->   Operation 1364 'getelementptr' 'V_tile_411_addr' <Predicate = true> <Delay = 0.00>
ST_3 : Operation 1365 [1/1] (0.00ns)   --->   "%V_tile_412_addr = getelementptr i8 %V_tile_412, i64 0, i64 %zext_ln131" [/home/siyenga7/FPGA/attention_int8.cpp:134]   --->   Operation 1365 'getelementptr' 'V_tile_412_addr' <Predicate = true> <Delay = 0.00>
ST_3 : Operation 1366 [1/1] (0.00ns)   --->   "%V_tile_413_addr = getelementptr i8 %V_tile_413, i64 0, i64 %zext_ln131" [/home/siyenga7/FPGA/attention_int8.cpp:134]   --->   Operation 1366 'getelementptr' 'V_tile_413_addr' <Predicate = true> <Delay = 0.00>
ST_3 : Operation 1367 [1/1] (0.00ns)   --->   "%V_tile_414_addr = getelementptr i8 %V_tile_414, i64 0, i64 %zext_ln131" [/home/siyenga7/FPGA/attention_int8.cpp:134]   --->   Operation 1367 'getelementptr' 'V_tile_414_addr' <Predicate = true> <Delay = 0.00>
ST_3 : Operation 1368 [1/1] (0.00ns)   --->   "%V_tile_415_addr = getelementptr i8 %V_tile_415, i64 0, i64 %zext_ln131" [/home/siyenga7/FPGA/attention_int8.cpp:134]   --->   Operation 1368 'getelementptr' 'V_tile_415_addr' <Predicate = true> <Delay = 0.00>
ST_3 : Operation 1369 [1/1] (0.00ns)   --->   "%V_tile_416_addr = getelementptr i8 %V_tile_416, i64 0, i64 %zext_ln131" [/home/siyenga7/FPGA/attention_int8.cpp:134]   --->   Operation 1369 'getelementptr' 'V_tile_416_addr' <Predicate = true> <Delay = 0.00>
ST_3 : Operation 1370 [1/1] (0.00ns)   --->   "%V_tile_417_addr = getelementptr i8 %V_tile_417, i64 0, i64 %zext_ln131" [/home/siyenga7/FPGA/attention_int8.cpp:134]   --->   Operation 1370 'getelementptr' 'V_tile_417_addr' <Predicate = true> <Delay = 0.00>
ST_3 : Operation 1371 [1/1] (0.00ns)   --->   "%V_tile_418_addr = getelementptr i8 %V_tile_418, i64 0, i64 %zext_ln131" [/home/siyenga7/FPGA/attention_int8.cpp:134]   --->   Operation 1371 'getelementptr' 'V_tile_418_addr' <Predicate = true> <Delay = 0.00>
ST_3 : Operation 1372 [1/1] (0.00ns)   --->   "%V_tile_419_addr = getelementptr i8 %V_tile_419, i64 0, i64 %zext_ln131" [/home/siyenga7/FPGA/attention_int8.cpp:134]   --->   Operation 1372 'getelementptr' 'V_tile_419_addr' <Predicate = true> <Delay = 0.00>
ST_3 : Operation 1373 [1/1] (0.00ns)   --->   "%V_tile_420_addr = getelementptr i8 %V_tile_420, i64 0, i64 %zext_ln131" [/home/siyenga7/FPGA/attention_int8.cpp:134]   --->   Operation 1373 'getelementptr' 'V_tile_420_addr' <Predicate = true> <Delay = 0.00>
ST_3 : Operation 1374 [1/1] (0.00ns)   --->   "%V_tile_421_addr = getelementptr i8 %V_tile_421, i64 0, i64 %zext_ln131" [/home/siyenga7/FPGA/attention_int8.cpp:134]   --->   Operation 1374 'getelementptr' 'V_tile_421_addr' <Predicate = true> <Delay = 0.00>
ST_3 : Operation 1375 [1/1] (0.00ns)   --->   "%V_tile_422_addr = getelementptr i8 %V_tile_422, i64 0, i64 %zext_ln131" [/home/siyenga7/FPGA/attention_int8.cpp:134]   --->   Operation 1375 'getelementptr' 'V_tile_422_addr' <Predicate = true> <Delay = 0.00>
ST_3 : Operation 1376 [1/1] (0.00ns)   --->   "%V_tile_423_addr = getelementptr i8 %V_tile_423, i64 0, i64 %zext_ln131" [/home/siyenga7/FPGA/attention_int8.cpp:134]   --->   Operation 1376 'getelementptr' 'V_tile_423_addr' <Predicate = true> <Delay = 0.00>
ST_3 : Operation 1377 [1/1] (0.00ns)   --->   "%V_tile_424_addr = getelementptr i8 %V_tile_424, i64 0, i64 %zext_ln131" [/home/siyenga7/FPGA/attention_int8.cpp:134]   --->   Operation 1377 'getelementptr' 'V_tile_424_addr' <Predicate = true> <Delay = 0.00>
ST_3 : Operation 1378 [1/1] (0.00ns)   --->   "%V_tile_425_addr = getelementptr i8 %V_tile_425, i64 0, i64 %zext_ln131" [/home/siyenga7/FPGA/attention_int8.cpp:134]   --->   Operation 1378 'getelementptr' 'V_tile_425_addr' <Predicate = true> <Delay = 0.00>
ST_3 : Operation 1379 [1/1] (0.00ns)   --->   "%V_tile_426_addr = getelementptr i8 %V_tile_426, i64 0, i64 %zext_ln131" [/home/siyenga7/FPGA/attention_int8.cpp:134]   --->   Operation 1379 'getelementptr' 'V_tile_426_addr' <Predicate = true> <Delay = 0.00>
ST_3 : Operation 1380 [1/1] (0.00ns)   --->   "%V_tile_427_addr = getelementptr i8 %V_tile_427, i64 0, i64 %zext_ln131" [/home/siyenga7/FPGA/attention_int8.cpp:134]   --->   Operation 1380 'getelementptr' 'V_tile_427_addr' <Predicate = true> <Delay = 0.00>
ST_3 : Operation 1381 [1/1] (0.00ns)   --->   "%V_tile_428_addr = getelementptr i8 %V_tile_428, i64 0, i64 %zext_ln131" [/home/siyenga7/FPGA/attention_int8.cpp:134]   --->   Operation 1381 'getelementptr' 'V_tile_428_addr' <Predicate = true> <Delay = 0.00>
ST_3 : Operation 1382 [1/1] (0.00ns)   --->   "%V_tile_429_addr = getelementptr i8 %V_tile_429, i64 0, i64 %zext_ln131" [/home/siyenga7/FPGA/attention_int8.cpp:134]   --->   Operation 1382 'getelementptr' 'V_tile_429_addr' <Predicate = true> <Delay = 0.00>
ST_3 : Operation 1383 [1/1] (0.00ns)   --->   "%V_tile_430_addr = getelementptr i8 %V_tile_430, i64 0, i64 %zext_ln131" [/home/siyenga7/FPGA/attention_int8.cpp:134]   --->   Operation 1383 'getelementptr' 'V_tile_430_addr' <Predicate = true> <Delay = 0.00>
ST_3 : Operation 1384 [1/1] (0.00ns)   --->   "%V_tile_431_addr = getelementptr i8 %V_tile_431, i64 0, i64 %zext_ln131" [/home/siyenga7/FPGA/attention_int8.cpp:134]   --->   Operation 1384 'getelementptr' 'V_tile_431_addr' <Predicate = true> <Delay = 0.00>
ST_3 : Operation 1385 [1/1] (0.00ns)   --->   "%V_tile_432_addr = getelementptr i8 %V_tile_432, i64 0, i64 %zext_ln131" [/home/siyenga7/FPGA/attention_int8.cpp:134]   --->   Operation 1385 'getelementptr' 'V_tile_432_addr' <Predicate = true> <Delay = 0.00>
ST_3 : Operation 1386 [1/1] (0.00ns)   --->   "%V_tile_433_addr = getelementptr i8 %V_tile_433, i64 0, i64 %zext_ln131" [/home/siyenga7/FPGA/attention_int8.cpp:134]   --->   Operation 1386 'getelementptr' 'V_tile_433_addr' <Predicate = true> <Delay = 0.00>
ST_3 : Operation 1387 [1/1] (0.00ns)   --->   "%V_tile_434_addr = getelementptr i8 %V_tile_434, i64 0, i64 %zext_ln131" [/home/siyenga7/FPGA/attention_int8.cpp:134]   --->   Operation 1387 'getelementptr' 'V_tile_434_addr' <Predicate = true> <Delay = 0.00>
ST_3 : Operation 1388 [1/1] (0.00ns)   --->   "%V_tile_435_addr = getelementptr i8 %V_tile_435, i64 0, i64 %zext_ln131" [/home/siyenga7/FPGA/attention_int8.cpp:134]   --->   Operation 1388 'getelementptr' 'V_tile_435_addr' <Predicate = true> <Delay = 0.00>
ST_3 : Operation 1389 [1/1] (0.00ns)   --->   "%V_tile_436_addr = getelementptr i8 %V_tile_436, i64 0, i64 %zext_ln131" [/home/siyenga7/FPGA/attention_int8.cpp:134]   --->   Operation 1389 'getelementptr' 'V_tile_436_addr' <Predicate = true> <Delay = 0.00>
ST_3 : Operation 1390 [1/1] (0.00ns)   --->   "%V_tile_437_addr = getelementptr i8 %V_tile_437, i64 0, i64 %zext_ln131" [/home/siyenga7/FPGA/attention_int8.cpp:134]   --->   Operation 1390 'getelementptr' 'V_tile_437_addr' <Predicate = true> <Delay = 0.00>
ST_3 : Operation 1391 [1/1] (0.00ns)   --->   "%V_tile_438_addr = getelementptr i8 %V_tile_438, i64 0, i64 %zext_ln131" [/home/siyenga7/FPGA/attention_int8.cpp:134]   --->   Operation 1391 'getelementptr' 'V_tile_438_addr' <Predicate = true> <Delay = 0.00>
ST_3 : Operation 1392 [1/1] (0.00ns)   --->   "%V_tile_439_addr = getelementptr i8 %V_tile_439, i64 0, i64 %zext_ln131" [/home/siyenga7/FPGA/attention_int8.cpp:134]   --->   Operation 1392 'getelementptr' 'V_tile_439_addr' <Predicate = true> <Delay = 0.00>
ST_3 : Operation 1393 [1/1] (0.00ns)   --->   "%V_tile_440_addr = getelementptr i8 %V_tile_440, i64 0, i64 %zext_ln131" [/home/siyenga7/FPGA/attention_int8.cpp:134]   --->   Operation 1393 'getelementptr' 'V_tile_440_addr' <Predicate = true> <Delay = 0.00>
ST_3 : Operation 1394 [1/1] (0.00ns)   --->   "%V_tile_441_addr = getelementptr i8 %V_tile_441, i64 0, i64 %zext_ln131" [/home/siyenga7/FPGA/attention_int8.cpp:134]   --->   Operation 1394 'getelementptr' 'V_tile_441_addr' <Predicate = true> <Delay = 0.00>
ST_3 : Operation 1395 [1/1] (0.00ns)   --->   "%V_tile_442_addr = getelementptr i8 %V_tile_442, i64 0, i64 %zext_ln131" [/home/siyenga7/FPGA/attention_int8.cpp:134]   --->   Operation 1395 'getelementptr' 'V_tile_442_addr' <Predicate = true> <Delay = 0.00>
ST_3 : Operation 1396 [1/1] (0.00ns)   --->   "%V_tile_443_addr = getelementptr i8 %V_tile_443, i64 0, i64 %zext_ln131" [/home/siyenga7/FPGA/attention_int8.cpp:134]   --->   Operation 1396 'getelementptr' 'V_tile_443_addr' <Predicate = true> <Delay = 0.00>
ST_3 : Operation 1397 [1/1] (0.00ns)   --->   "%V_tile_444_addr = getelementptr i8 %V_tile_444, i64 0, i64 %zext_ln131" [/home/siyenga7/FPGA/attention_int8.cpp:134]   --->   Operation 1397 'getelementptr' 'V_tile_444_addr' <Predicate = true> <Delay = 0.00>
ST_3 : Operation 1398 [1/1] (0.00ns)   --->   "%V_tile_445_addr = getelementptr i8 %V_tile_445, i64 0, i64 %zext_ln131" [/home/siyenga7/FPGA/attention_int8.cpp:134]   --->   Operation 1398 'getelementptr' 'V_tile_445_addr' <Predicate = true> <Delay = 0.00>
ST_3 : Operation 1399 [1/1] (0.00ns)   --->   "%V_tile_446_addr = getelementptr i8 %V_tile_446, i64 0, i64 %zext_ln131" [/home/siyenga7/FPGA/attention_int8.cpp:134]   --->   Operation 1399 'getelementptr' 'V_tile_446_addr' <Predicate = true> <Delay = 0.00>
ST_3 : Operation 1400 [1/1] (0.00ns)   --->   "%V_tile_447_addr = getelementptr i8 %V_tile_447, i64 0, i64 %zext_ln131" [/home/siyenga7/FPGA/attention_int8.cpp:134]   --->   Operation 1400 'getelementptr' 'V_tile_447_addr' <Predicate = true> <Delay = 0.00>
ST_3 : Operation 1401 [1/1] (0.00ns)   --->   "%V_tile_448_addr = getelementptr i8 %V_tile_448, i64 0, i64 %zext_ln131" [/home/siyenga7/FPGA/attention_int8.cpp:134]   --->   Operation 1401 'getelementptr' 'V_tile_448_addr' <Predicate = true> <Delay = 0.00>
ST_3 : Operation 1402 [1/1] (0.00ns)   --->   "%V_tile_449_addr = getelementptr i8 %V_tile_449, i64 0, i64 %zext_ln131" [/home/siyenga7/FPGA/attention_int8.cpp:134]   --->   Operation 1402 'getelementptr' 'V_tile_449_addr' <Predicate = true> <Delay = 0.00>
ST_3 : Operation 1403 [1/1] (0.00ns)   --->   "%V_tile_450_addr = getelementptr i8 %V_tile_450, i64 0, i64 %zext_ln131" [/home/siyenga7/FPGA/attention_int8.cpp:134]   --->   Operation 1403 'getelementptr' 'V_tile_450_addr' <Predicate = true> <Delay = 0.00>
ST_3 : Operation 1404 [1/1] (0.00ns)   --->   "%V_tile_451_addr = getelementptr i8 %V_tile_451, i64 0, i64 %zext_ln131" [/home/siyenga7/FPGA/attention_int8.cpp:134]   --->   Operation 1404 'getelementptr' 'V_tile_451_addr' <Predicate = true> <Delay = 0.00>
ST_3 : Operation 1405 [1/1] (0.00ns)   --->   "%V_tile_452_addr = getelementptr i8 %V_tile_452, i64 0, i64 %zext_ln131" [/home/siyenga7/FPGA/attention_int8.cpp:134]   --->   Operation 1405 'getelementptr' 'V_tile_452_addr' <Predicate = true> <Delay = 0.00>
ST_3 : Operation 1406 [1/1] (0.00ns)   --->   "%V_tile_453_addr = getelementptr i8 %V_tile_453, i64 0, i64 %zext_ln131" [/home/siyenga7/FPGA/attention_int8.cpp:134]   --->   Operation 1406 'getelementptr' 'V_tile_453_addr' <Predicate = true> <Delay = 0.00>
ST_3 : Operation 1407 [1/1] (0.00ns)   --->   "%V_tile_454_addr = getelementptr i8 %V_tile_454, i64 0, i64 %zext_ln131" [/home/siyenga7/FPGA/attention_int8.cpp:134]   --->   Operation 1407 'getelementptr' 'V_tile_454_addr' <Predicate = true> <Delay = 0.00>
ST_3 : Operation 1408 [1/1] (0.00ns)   --->   "%V_tile_455_addr = getelementptr i8 %V_tile_455, i64 0, i64 %zext_ln131" [/home/siyenga7/FPGA/attention_int8.cpp:134]   --->   Operation 1408 'getelementptr' 'V_tile_455_addr' <Predicate = true> <Delay = 0.00>
ST_3 : Operation 1409 [1/1] (0.00ns)   --->   "%V_tile_456_addr = getelementptr i8 %V_tile_456, i64 0, i64 %zext_ln131" [/home/siyenga7/FPGA/attention_int8.cpp:134]   --->   Operation 1409 'getelementptr' 'V_tile_456_addr' <Predicate = true> <Delay = 0.00>
ST_3 : Operation 1410 [1/1] (0.00ns)   --->   "%V_tile_457_addr = getelementptr i8 %V_tile_457, i64 0, i64 %zext_ln131" [/home/siyenga7/FPGA/attention_int8.cpp:134]   --->   Operation 1410 'getelementptr' 'V_tile_457_addr' <Predicate = true> <Delay = 0.00>
ST_3 : Operation 1411 [1/1] (0.00ns)   --->   "%V_tile_458_addr = getelementptr i8 %V_tile_458, i64 0, i64 %zext_ln131" [/home/siyenga7/FPGA/attention_int8.cpp:134]   --->   Operation 1411 'getelementptr' 'V_tile_458_addr' <Predicate = true> <Delay = 0.00>
ST_3 : Operation 1412 [1/1] (0.00ns)   --->   "%V_tile_459_addr = getelementptr i8 %V_tile_459, i64 0, i64 %zext_ln131" [/home/siyenga7/FPGA/attention_int8.cpp:134]   --->   Operation 1412 'getelementptr' 'V_tile_459_addr' <Predicate = true> <Delay = 0.00>
ST_3 : Operation 1413 [1/1] (0.00ns)   --->   "%V_tile_460_addr = getelementptr i8 %V_tile_460, i64 0, i64 %zext_ln131" [/home/siyenga7/FPGA/attention_int8.cpp:134]   --->   Operation 1413 'getelementptr' 'V_tile_460_addr' <Predicate = true> <Delay = 0.00>
ST_3 : Operation 1414 [1/1] (0.00ns)   --->   "%V_tile_461_addr = getelementptr i8 %V_tile_461, i64 0, i64 %zext_ln131" [/home/siyenga7/FPGA/attention_int8.cpp:134]   --->   Operation 1414 'getelementptr' 'V_tile_461_addr' <Predicate = true> <Delay = 0.00>
ST_3 : Operation 1415 [1/1] (0.00ns)   --->   "%V_tile_462_addr = getelementptr i8 %V_tile_462, i64 0, i64 %zext_ln131" [/home/siyenga7/FPGA/attention_int8.cpp:134]   --->   Operation 1415 'getelementptr' 'V_tile_462_addr' <Predicate = true> <Delay = 0.00>
ST_3 : Operation 1416 [1/1] (0.00ns)   --->   "%V_tile_463_addr = getelementptr i8 %V_tile_463, i64 0, i64 %zext_ln131" [/home/siyenga7/FPGA/attention_int8.cpp:134]   --->   Operation 1416 'getelementptr' 'V_tile_463_addr' <Predicate = true> <Delay = 0.00>
ST_3 : Operation 1417 [1/1] (0.00ns)   --->   "%V_tile_464_addr = getelementptr i8 %V_tile_464, i64 0, i64 %zext_ln131" [/home/siyenga7/FPGA/attention_int8.cpp:134]   --->   Operation 1417 'getelementptr' 'V_tile_464_addr' <Predicate = true> <Delay = 0.00>
ST_3 : Operation 1418 [1/1] (0.00ns)   --->   "%V_tile_465_addr = getelementptr i8 %V_tile_465, i64 0, i64 %zext_ln131" [/home/siyenga7/FPGA/attention_int8.cpp:134]   --->   Operation 1418 'getelementptr' 'V_tile_465_addr' <Predicate = true> <Delay = 0.00>
ST_3 : Operation 1419 [1/1] (0.00ns)   --->   "%V_tile_466_addr = getelementptr i8 %V_tile_466, i64 0, i64 %zext_ln131" [/home/siyenga7/FPGA/attention_int8.cpp:134]   --->   Operation 1419 'getelementptr' 'V_tile_466_addr' <Predicate = true> <Delay = 0.00>
ST_3 : Operation 1420 [1/1] (0.00ns)   --->   "%V_tile_467_addr = getelementptr i8 %V_tile_467, i64 0, i64 %zext_ln131" [/home/siyenga7/FPGA/attention_int8.cpp:134]   --->   Operation 1420 'getelementptr' 'V_tile_467_addr' <Predicate = true> <Delay = 0.00>
ST_3 : Operation 1421 [1/1] (0.00ns)   --->   "%V_tile_468_addr = getelementptr i8 %V_tile_468, i64 0, i64 %zext_ln131" [/home/siyenga7/FPGA/attention_int8.cpp:134]   --->   Operation 1421 'getelementptr' 'V_tile_468_addr' <Predicate = true> <Delay = 0.00>
ST_3 : Operation 1422 [1/1] (0.00ns)   --->   "%V_tile_469_addr = getelementptr i8 %V_tile_469, i64 0, i64 %zext_ln131" [/home/siyenga7/FPGA/attention_int8.cpp:134]   --->   Operation 1422 'getelementptr' 'V_tile_469_addr' <Predicate = true> <Delay = 0.00>
ST_3 : Operation 1423 [1/1] (0.00ns)   --->   "%V_tile_470_addr = getelementptr i8 %V_tile_470, i64 0, i64 %zext_ln131" [/home/siyenga7/FPGA/attention_int8.cpp:134]   --->   Operation 1423 'getelementptr' 'V_tile_470_addr' <Predicate = true> <Delay = 0.00>
ST_3 : Operation 1424 [1/1] (0.00ns)   --->   "%V_tile_471_addr = getelementptr i8 %V_tile_471, i64 0, i64 %zext_ln131" [/home/siyenga7/FPGA/attention_int8.cpp:134]   --->   Operation 1424 'getelementptr' 'V_tile_471_addr' <Predicate = true> <Delay = 0.00>
ST_3 : Operation 1425 [1/1] (0.00ns)   --->   "%V_tile_472_addr = getelementptr i8 %V_tile_472, i64 0, i64 %zext_ln131" [/home/siyenga7/FPGA/attention_int8.cpp:134]   --->   Operation 1425 'getelementptr' 'V_tile_472_addr' <Predicate = true> <Delay = 0.00>
ST_3 : Operation 1426 [1/1] (0.00ns)   --->   "%V_tile_473_addr = getelementptr i8 %V_tile_473, i64 0, i64 %zext_ln131" [/home/siyenga7/FPGA/attention_int8.cpp:134]   --->   Operation 1426 'getelementptr' 'V_tile_473_addr' <Predicate = true> <Delay = 0.00>
ST_3 : Operation 1427 [1/1] (0.00ns)   --->   "%V_tile_474_addr = getelementptr i8 %V_tile_474, i64 0, i64 %zext_ln131" [/home/siyenga7/FPGA/attention_int8.cpp:134]   --->   Operation 1427 'getelementptr' 'V_tile_474_addr' <Predicate = true> <Delay = 0.00>
ST_3 : Operation 1428 [1/1] (0.00ns)   --->   "%V_tile_475_addr = getelementptr i8 %V_tile_475, i64 0, i64 %zext_ln131" [/home/siyenga7/FPGA/attention_int8.cpp:134]   --->   Operation 1428 'getelementptr' 'V_tile_475_addr' <Predicate = true> <Delay = 0.00>
ST_3 : Operation 1429 [1/1] (0.00ns)   --->   "%V_tile_476_addr = getelementptr i8 %V_tile_476, i64 0, i64 %zext_ln131" [/home/siyenga7/FPGA/attention_int8.cpp:134]   --->   Operation 1429 'getelementptr' 'V_tile_476_addr' <Predicate = true> <Delay = 0.00>
ST_3 : Operation 1430 [1/1] (0.00ns)   --->   "%V_tile_477_addr = getelementptr i8 %V_tile_477, i64 0, i64 %zext_ln131" [/home/siyenga7/FPGA/attention_int8.cpp:134]   --->   Operation 1430 'getelementptr' 'V_tile_477_addr' <Predicate = true> <Delay = 0.00>
ST_3 : Operation 1431 [1/1] (0.00ns)   --->   "%V_tile_478_addr = getelementptr i8 %V_tile_478, i64 0, i64 %zext_ln131" [/home/siyenga7/FPGA/attention_int8.cpp:134]   --->   Operation 1431 'getelementptr' 'V_tile_478_addr' <Predicate = true> <Delay = 0.00>
ST_3 : Operation 1432 [1/1] (0.00ns)   --->   "%V_tile_479_addr = getelementptr i8 %V_tile_479, i64 0, i64 %zext_ln131" [/home/siyenga7/FPGA/attention_int8.cpp:134]   --->   Operation 1432 'getelementptr' 'V_tile_479_addr' <Predicate = true> <Delay = 0.00>
ST_3 : Operation 1433 [1/1] (0.00ns)   --->   "%V_tile_480_addr = getelementptr i8 %V_tile_480, i64 0, i64 %zext_ln131" [/home/siyenga7/FPGA/attention_int8.cpp:134]   --->   Operation 1433 'getelementptr' 'V_tile_480_addr' <Predicate = true> <Delay = 0.00>
ST_3 : Operation 1434 [1/1] (0.00ns)   --->   "%V_tile_481_addr = getelementptr i8 %V_tile_481, i64 0, i64 %zext_ln131" [/home/siyenga7/FPGA/attention_int8.cpp:134]   --->   Operation 1434 'getelementptr' 'V_tile_481_addr' <Predicate = true> <Delay = 0.00>
ST_3 : Operation 1435 [1/1] (0.00ns)   --->   "%V_tile_482_addr = getelementptr i8 %V_tile_482, i64 0, i64 %zext_ln131" [/home/siyenga7/FPGA/attention_int8.cpp:134]   --->   Operation 1435 'getelementptr' 'V_tile_482_addr' <Predicate = true> <Delay = 0.00>
ST_3 : Operation 1436 [1/1] (0.00ns)   --->   "%V_tile_483_addr = getelementptr i8 %V_tile_483, i64 0, i64 %zext_ln131" [/home/siyenga7/FPGA/attention_int8.cpp:134]   --->   Operation 1436 'getelementptr' 'V_tile_483_addr' <Predicate = true> <Delay = 0.00>
ST_3 : Operation 1437 [1/1] (0.00ns)   --->   "%V_tile_484_addr = getelementptr i8 %V_tile_484, i64 0, i64 %zext_ln131" [/home/siyenga7/FPGA/attention_int8.cpp:134]   --->   Operation 1437 'getelementptr' 'V_tile_484_addr' <Predicate = true> <Delay = 0.00>
ST_3 : Operation 1438 [1/1] (0.00ns)   --->   "%V_tile_485_addr = getelementptr i8 %V_tile_485, i64 0, i64 %zext_ln131" [/home/siyenga7/FPGA/attention_int8.cpp:134]   --->   Operation 1438 'getelementptr' 'V_tile_485_addr' <Predicate = true> <Delay = 0.00>
ST_3 : Operation 1439 [1/1] (0.00ns)   --->   "%V_tile_486_addr = getelementptr i8 %V_tile_486, i64 0, i64 %zext_ln131" [/home/siyenga7/FPGA/attention_int8.cpp:134]   --->   Operation 1439 'getelementptr' 'V_tile_486_addr' <Predicate = true> <Delay = 0.00>
ST_3 : Operation 1440 [1/1] (0.00ns)   --->   "%V_tile_487_addr = getelementptr i8 %V_tile_487, i64 0, i64 %zext_ln131" [/home/siyenga7/FPGA/attention_int8.cpp:134]   --->   Operation 1440 'getelementptr' 'V_tile_487_addr' <Predicate = true> <Delay = 0.00>
ST_3 : Operation 1441 [1/1] (0.00ns)   --->   "%V_tile_488_addr = getelementptr i8 %V_tile_488, i64 0, i64 %zext_ln131" [/home/siyenga7/FPGA/attention_int8.cpp:134]   --->   Operation 1441 'getelementptr' 'V_tile_488_addr' <Predicate = true> <Delay = 0.00>
ST_3 : Operation 1442 [1/1] (0.00ns)   --->   "%V_tile_489_addr = getelementptr i8 %V_tile_489, i64 0, i64 %zext_ln131" [/home/siyenga7/FPGA/attention_int8.cpp:134]   --->   Operation 1442 'getelementptr' 'V_tile_489_addr' <Predicate = true> <Delay = 0.00>
ST_3 : Operation 1443 [1/1] (0.00ns)   --->   "%V_tile_490_addr = getelementptr i8 %V_tile_490, i64 0, i64 %zext_ln131" [/home/siyenga7/FPGA/attention_int8.cpp:134]   --->   Operation 1443 'getelementptr' 'V_tile_490_addr' <Predicate = true> <Delay = 0.00>
ST_3 : Operation 1444 [1/1] (0.00ns)   --->   "%V_tile_491_addr = getelementptr i8 %V_tile_491, i64 0, i64 %zext_ln131" [/home/siyenga7/FPGA/attention_int8.cpp:134]   --->   Operation 1444 'getelementptr' 'V_tile_491_addr' <Predicate = true> <Delay = 0.00>
ST_3 : Operation 1445 [1/1] (0.00ns)   --->   "%V_tile_492_addr = getelementptr i8 %V_tile_492, i64 0, i64 %zext_ln131" [/home/siyenga7/FPGA/attention_int8.cpp:134]   --->   Operation 1445 'getelementptr' 'V_tile_492_addr' <Predicate = true> <Delay = 0.00>
ST_3 : Operation 1446 [1/1] (0.00ns)   --->   "%V_tile_493_addr = getelementptr i8 %V_tile_493, i64 0, i64 %zext_ln131" [/home/siyenga7/FPGA/attention_int8.cpp:134]   --->   Operation 1446 'getelementptr' 'V_tile_493_addr' <Predicate = true> <Delay = 0.00>
ST_3 : Operation 1447 [1/1] (0.00ns)   --->   "%V_tile_494_addr = getelementptr i8 %V_tile_494, i64 0, i64 %zext_ln131" [/home/siyenga7/FPGA/attention_int8.cpp:134]   --->   Operation 1447 'getelementptr' 'V_tile_494_addr' <Predicate = true> <Delay = 0.00>
ST_3 : Operation 1448 [1/1] (0.00ns)   --->   "%V_tile_495_addr = getelementptr i8 %V_tile_495, i64 0, i64 %zext_ln131" [/home/siyenga7/FPGA/attention_int8.cpp:134]   --->   Operation 1448 'getelementptr' 'V_tile_495_addr' <Predicate = true> <Delay = 0.00>
ST_3 : Operation 1449 [1/1] (0.00ns)   --->   "%V_tile_496_addr = getelementptr i8 %V_tile_496, i64 0, i64 %zext_ln131" [/home/siyenga7/FPGA/attention_int8.cpp:134]   --->   Operation 1449 'getelementptr' 'V_tile_496_addr' <Predicate = true> <Delay = 0.00>
ST_3 : Operation 1450 [1/1] (0.00ns)   --->   "%V_tile_497_addr = getelementptr i8 %V_tile_497, i64 0, i64 %zext_ln131" [/home/siyenga7/FPGA/attention_int8.cpp:134]   --->   Operation 1450 'getelementptr' 'V_tile_497_addr' <Predicate = true> <Delay = 0.00>
ST_3 : Operation 1451 [1/1] (0.00ns)   --->   "%V_tile_498_addr = getelementptr i8 %V_tile_498, i64 0, i64 %zext_ln131" [/home/siyenga7/FPGA/attention_int8.cpp:134]   --->   Operation 1451 'getelementptr' 'V_tile_498_addr' <Predicate = true> <Delay = 0.00>
ST_3 : Operation 1452 [1/1] (0.00ns)   --->   "%V_tile_499_addr = getelementptr i8 %V_tile_499, i64 0, i64 %zext_ln131" [/home/siyenga7/FPGA/attention_int8.cpp:134]   --->   Operation 1452 'getelementptr' 'V_tile_499_addr' <Predicate = true> <Delay = 0.00>
ST_3 : Operation 1453 [1/1] (0.00ns)   --->   "%V_tile_500_addr = getelementptr i8 %V_tile_500, i64 0, i64 %zext_ln131" [/home/siyenga7/FPGA/attention_int8.cpp:134]   --->   Operation 1453 'getelementptr' 'V_tile_500_addr' <Predicate = true> <Delay = 0.00>
ST_3 : Operation 1454 [1/1] (0.00ns)   --->   "%V_tile_501_addr = getelementptr i8 %V_tile_501, i64 0, i64 %zext_ln131" [/home/siyenga7/FPGA/attention_int8.cpp:134]   --->   Operation 1454 'getelementptr' 'V_tile_501_addr' <Predicate = true> <Delay = 0.00>
ST_3 : Operation 1455 [1/1] (0.00ns)   --->   "%V_tile_502_addr = getelementptr i8 %V_tile_502, i64 0, i64 %zext_ln131" [/home/siyenga7/FPGA/attention_int8.cpp:134]   --->   Operation 1455 'getelementptr' 'V_tile_502_addr' <Predicate = true> <Delay = 0.00>
ST_3 : Operation 1456 [1/1] (0.00ns)   --->   "%V_tile_503_addr = getelementptr i8 %V_tile_503, i64 0, i64 %zext_ln131" [/home/siyenga7/FPGA/attention_int8.cpp:134]   --->   Operation 1456 'getelementptr' 'V_tile_503_addr' <Predicate = true> <Delay = 0.00>
ST_3 : Operation 1457 [1/1] (0.00ns)   --->   "%V_tile_504_addr = getelementptr i8 %V_tile_504, i64 0, i64 %zext_ln131" [/home/siyenga7/FPGA/attention_int8.cpp:134]   --->   Operation 1457 'getelementptr' 'V_tile_504_addr' <Predicate = true> <Delay = 0.00>
ST_3 : Operation 1458 [1/1] (0.00ns)   --->   "%V_tile_505_addr = getelementptr i8 %V_tile_505, i64 0, i64 %zext_ln131" [/home/siyenga7/FPGA/attention_int8.cpp:134]   --->   Operation 1458 'getelementptr' 'V_tile_505_addr' <Predicate = true> <Delay = 0.00>
ST_3 : Operation 1459 [1/1] (0.00ns)   --->   "%V_tile_506_addr = getelementptr i8 %V_tile_506, i64 0, i64 %zext_ln131" [/home/siyenga7/FPGA/attention_int8.cpp:134]   --->   Operation 1459 'getelementptr' 'V_tile_506_addr' <Predicate = true> <Delay = 0.00>
ST_3 : Operation 1460 [1/1] (0.00ns)   --->   "%V_tile_507_addr = getelementptr i8 %V_tile_507, i64 0, i64 %zext_ln131" [/home/siyenga7/FPGA/attention_int8.cpp:134]   --->   Operation 1460 'getelementptr' 'V_tile_507_addr' <Predicate = true> <Delay = 0.00>
ST_3 : Operation 1461 [1/1] (0.00ns)   --->   "%V_tile_508_addr = getelementptr i8 %V_tile_508, i64 0, i64 %zext_ln131" [/home/siyenga7/FPGA/attention_int8.cpp:134]   --->   Operation 1461 'getelementptr' 'V_tile_508_addr' <Predicate = true> <Delay = 0.00>
ST_3 : Operation 1462 [1/1] (0.00ns)   --->   "%V_tile_509_addr = getelementptr i8 %V_tile_509, i64 0, i64 %zext_ln131" [/home/siyenga7/FPGA/attention_int8.cpp:134]   --->   Operation 1462 'getelementptr' 'V_tile_509_addr' <Predicate = true> <Delay = 0.00>
ST_3 : Operation 1463 [1/1] (0.00ns)   --->   "%V_tile_510_addr = getelementptr i8 %V_tile_510, i64 0, i64 %zext_ln131" [/home/siyenga7/FPGA/attention_int8.cpp:134]   --->   Operation 1463 'getelementptr' 'V_tile_510_addr' <Predicate = true> <Delay = 0.00>
ST_3 : Operation 1464 [1/1] (0.00ns)   --->   "%V_tile_511_addr = getelementptr i8 %V_tile_511, i64 0, i64 %zext_ln131" [/home/siyenga7/FPGA/attention_int8.cpp:134]   --->   Operation 1464 'getelementptr' 'V_tile_511_addr' <Predicate = true> <Delay = 0.00>
ST_3 : Operation 1465 [1/1] (2.15ns)   --->   "%store_ln134 = store i8 %gmem2_addr_read, i4 %V_tile_446_addr" [/home/siyenga7/FPGA/attention_int8.cpp:134]   --->   Operation 1465 'store' 'store_ln134' <Predicate = (trunc_ln131 == 6 & trunc_ln130 == 62)> <Delay = 2.15> <CoreInst = "RAM">   --->   Core 82 'RAM' <Latency = 1> <II = 1> <Delay = 2.15> <Storage> <Opcode : 'load' 'store'> <Ports = 2> <Width = 8> <Depth = 16> <RAM>
ST_3 : Operation 1466 [1/1] (2.15ns)   --->   "%store_ln134 = store i8 %gmem2_addr_read, i4 %V_tile_445_addr" [/home/siyenga7/FPGA/attention_int8.cpp:134]   --->   Operation 1466 'store' 'store_ln134' <Predicate = (trunc_ln131 == 6 & trunc_ln130 == 61)> <Delay = 2.15> <CoreInst = "RAM">   --->   Core 82 'RAM' <Latency = 1> <II = 1> <Delay = 2.15> <Storage> <Opcode : 'load' 'store'> <Ports = 2> <Width = 8> <Depth = 16> <RAM>
ST_3 : Operation 1467 [1/1] (2.15ns)   --->   "%store_ln134 = store i8 %gmem2_addr_read, i4 %V_tile_444_addr" [/home/siyenga7/FPGA/attention_int8.cpp:134]   --->   Operation 1467 'store' 'store_ln134' <Predicate = (trunc_ln131 == 6 & trunc_ln130 == 60)> <Delay = 2.15> <CoreInst = "RAM">   --->   Core 82 'RAM' <Latency = 1> <II = 1> <Delay = 2.15> <Storage> <Opcode : 'load' 'store'> <Ports = 2> <Width = 8> <Depth = 16> <RAM>
ST_3 : Operation 1468 [1/1] (2.15ns)   --->   "%store_ln134 = store i8 %gmem2_addr_read, i4 %V_tile_443_addr" [/home/siyenga7/FPGA/attention_int8.cpp:134]   --->   Operation 1468 'store' 'store_ln134' <Predicate = (trunc_ln131 == 6 & trunc_ln130 == 59)> <Delay = 2.15> <CoreInst = "RAM">   --->   Core 82 'RAM' <Latency = 1> <II = 1> <Delay = 2.15> <Storage> <Opcode : 'load' 'store'> <Ports = 2> <Width = 8> <Depth = 16> <RAM>
ST_3 : Operation 1469 [1/1] (2.15ns)   --->   "%store_ln134 = store i8 %gmem2_addr_read, i4 %V_tile_442_addr" [/home/siyenga7/FPGA/attention_int8.cpp:134]   --->   Operation 1469 'store' 'store_ln134' <Predicate = (trunc_ln131 == 6 & trunc_ln130 == 58)> <Delay = 2.15> <CoreInst = "RAM">   --->   Core 82 'RAM' <Latency = 1> <II = 1> <Delay = 2.15> <Storage> <Opcode : 'load' 'store'> <Ports = 2> <Width = 8> <Depth = 16> <RAM>
ST_3 : Operation 1470 [1/1] (2.15ns)   --->   "%store_ln134 = store i8 %gmem2_addr_read, i4 %V_tile_441_addr" [/home/siyenga7/FPGA/attention_int8.cpp:134]   --->   Operation 1470 'store' 'store_ln134' <Predicate = (trunc_ln131 == 6 & trunc_ln130 == 57)> <Delay = 2.15> <CoreInst = "RAM">   --->   Core 82 'RAM' <Latency = 1> <II = 1> <Delay = 2.15> <Storage> <Opcode : 'load' 'store'> <Ports = 2> <Width = 8> <Depth = 16> <RAM>
ST_3 : Operation 1471 [1/1] (2.15ns)   --->   "%store_ln134 = store i8 %gmem2_addr_read, i4 %V_tile_440_addr" [/home/siyenga7/FPGA/attention_int8.cpp:134]   --->   Operation 1471 'store' 'store_ln134' <Predicate = (trunc_ln131 == 6 & trunc_ln130 == 56)> <Delay = 2.15> <CoreInst = "RAM">   --->   Core 82 'RAM' <Latency = 1> <II = 1> <Delay = 2.15> <Storage> <Opcode : 'load' 'store'> <Ports = 2> <Width = 8> <Depth = 16> <RAM>
ST_3 : Operation 1472 [1/1] (2.15ns)   --->   "%store_ln134 = store i8 %gmem2_addr_read, i4 %V_tile_439_addr" [/home/siyenga7/FPGA/attention_int8.cpp:134]   --->   Operation 1472 'store' 'store_ln134' <Predicate = (trunc_ln131 == 6 & trunc_ln130 == 55)> <Delay = 2.15> <CoreInst = "RAM">   --->   Core 82 'RAM' <Latency = 1> <II = 1> <Delay = 2.15> <Storage> <Opcode : 'load' 'store'> <Ports = 2> <Width = 8> <Depth = 16> <RAM>
ST_3 : Operation 1473 [1/1] (2.15ns)   --->   "%store_ln134 = store i8 %gmem2_addr_read, i4 %V_tile_438_addr" [/home/siyenga7/FPGA/attention_int8.cpp:134]   --->   Operation 1473 'store' 'store_ln134' <Predicate = (trunc_ln131 == 6 & trunc_ln130 == 54)> <Delay = 2.15> <CoreInst = "RAM">   --->   Core 82 'RAM' <Latency = 1> <II = 1> <Delay = 2.15> <Storage> <Opcode : 'load' 'store'> <Ports = 2> <Width = 8> <Depth = 16> <RAM>
ST_3 : Operation 1474 [1/1] (2.15ns)   --->   "%store_ln134 = store i8 %gmem2_addr_read, i4 %V_tile_437_addr" [/home/siyenga7/FPGA/attention_int8.cpp:134]   --->   Operation 1474 'store' 'store_ln134' <Predicate = (trunc_ln131 == 6 & trunc_ln130 == 53)> <Delay = 2.15> <CoreInst = "RAM">   --->   Core 82 'RAM' <Latency = 1> <II = 1> <Delay = 2.15> <Storage> <Opcode : 'load' 'store'> <Ports = 2> <Width = 8> <Depth = 16> <RAM>
ST_3 : Operation 1475 [1/1] (2.15ns)   --->   "%store_ln134 = store i8 %gmem2_addr_read, i4 %V_tile_436_addr" [/home/siyenga7/FPGA/attention_int8.cpp:134]   --->   Operation 1475 'store' 'store_ln134' <Predicate = (trunc_ln131 == 6 & trunc_ln130 == 52)> <Delay = 2.15> <CoreInst = "RAM">   --->   Core 82 'RAM' <Latency = 1> <II = 1> <Delay = 2.15> <Storage> <Opcode : 'load' 'store'> <Ports = 2> <Width = 8> <Depth = 16> <RAM>
ST_3 : Operation 1476 [1/1] (2.15ns)   --->   "%store_ln134 = store i8 %gmem2_addr_read, i4 %V_tile_435_addr" [/home/siyenga7/FPGA/attention_int8.cpp:134]   --->   Operation 1476 'store' 'store_ln134' <Predicate = (trunc_ln131 == 6 & trunc_ln130 == 51)> <Delay = 2.15> <CoreInst = "RAM">   --->   Core 82 'RAM' <Latency = 1> <II = 1> <Delay = 2.15> <Storage> <Opcode : 'load' 'store'> <Ports = 2> <Width = 8> <Depth = 16> <RAM>
ST_3 : Operation 1477 [1/1] (2.15ns)   --->   "%store_ln134 = store i8 %gmem2_addr_read, i4 %V_tile_434_addr" [/home/siyenga7/FPGA/attention_int8.cpp:134]   --->   Operation 1477 'store' 'store_ln134' <Predicate = (trunc_ln131 == 6 & trunc_ln130 == 50)> <Delay = 2.15> <CoreInst = "RAM">   --->   Core 82 'RAM' <Latency = 1> <II = 1> <Delay = 2.15> <Storage> <Opcode : 'load' 'store'> <Ports = 2> <Width = 8> <Depth = 16> <RAM>
ST_3 : Operation 1478 [1/1] (2.15ns)   --->   "%store_ln134 = store i8 %gmem2_addr_read, i4 %V_tile_433_addr" [/home/siyenga7/FPGA/attention_int8.cpp:134]   --->   Operation 1478 'store' 'store_ln134' <Predicate = (trunc_ln131 == 6 & trunc_ln130 == 49)> <Delay = 2.15> <CoreInst = "RAM">   --->   Core 82 'RAM' <Latency = 1> <II = 1> <Delay = 2.15> <Storage> <Opcode : 'load' 'store'> <Ports = 2> <Width = 8> <Depth = 16> <RAM>
ST_3 : Operation 1479 [1/1] (2.15ns)   --->   "%store_ln134 = store i8 %gmem2_addr_read, i4 %V_tile_432_addr" [/home/siyenga7/FPGA/attention_int8.cpp:134]   --->   Operation 1479 'store' 'store_ln134' <Predicate = (trunc_ln131 == 6 & trunc_ln130 == 48)> <Delay = 2.15> <CoreInst = "RAM">   --->   Core 82 'RAM' <Latency = 1> <II = 1> <Delay = 2.15> <Storage> <Opcode : 'load' 'store'> <Ports = 2> <Width = 8> <Depth = 16> <RAM>
ST_3 : Operation 1480 [1/1] (2.15ns)   --->   "%store_ln134 = store i8 %gmem2_addr_read, i4 %V_tile_431_addr" [/home/siyenga7/FPGA/attention_int8.cpp:134]   --->   Operation 1480 'store' 'store_ln134' <Predicate = (trunc_ln131 == 6 & trunc_ln130 == 47)> <Delay = 2.15> <CoreInst = "RAM">   --->   Core 82 'RAM' <Latency = 1> <II = 1> <Delay = 2.15> <Storage> <Opcode : 'load' 'store'> <Ports = 2> <Width = 8> <Depth = 16> <RAM>
ST_3 : Operation 1481 [1/1] (2.15ns)   --->   "%store_ln134 = store i8 %gmem2_addr_read, i4 %V_tile_430_addr" [/home/siyenga7/FPGA/attention_int8.cpp:134]   --->   Operation 1481 'store' 'store_ln134' <Predicate = (trunc_ln131 == 6 & trunc_ln130 == 46)> <Delay = 2.15> <CoreInst = "RAM">   --->   Core 82 'RAM' <Latency = 1> <II = 1> <Delay = 2.15> <Storage> <Opcode : 'load' 'store'> <Ports = 2> <Width = 8> <Depth = 16> <RAM>
ST_3 : Operation 1482 [1/1] (2.15ns)   --->   "%store_ln134 = store i8 %gmem2_addr_read, i4 %V_tile_429_addr" [/home/siyenga7/FPGA/attention_int8.cpp:134]   --->   Operation 1482 'store' 'store_ln134' <Predicate = (trunc_ln131 == 6 & trunc_ln130 == 45)> <Delay = 2.15> <CoreInst = "RAM">   --->   Core 82 'RAM' <Latency = 1> <II = 1> <Delay = 2.15> <Storage> <Opcode : 'load' 'store'> <Ports = 2> <Width = 8> <Depth = 16> <RAM>
ST_3 : Operation 1483 [1/1] (2.15ns)   --->   "%store_ln134 = store i8 %gmem2_addr_read, i4 %V_tile_428_addr" [/home/siyenga7/FPGA/attention_int8.cpp:134]   --->   Operation 1483 'store' 'store_ln134' <Predicate = (trunc_ln131 == 6 & trunc_ln130 == 44)> <Delay = 2.15> <CoreInst = "RAM">   --->   Core 82 'RAM' <Latency = 1> <II = 1> <Delay = 2.15> <Storage> <Opcode : 'load' 'store'> <Ports = 2> <Width = 8> <Depth = 16> <RAM>
ST_3 : Operation 1484 [1/1] (2.15ns)   --->   "%store_ln134 = store i8 %gmem2_addr_read, i4 %V_tile_427_addr" [/home/siyenga7/FPGA/attention_int8.cpp:134]   --->   Operation 1484 'store' 'store_ln134' <Predicate = (trunc_ln131 == 6 & trunc_ln130 == 43)> <Delay = 2.15> <CoreInst = "RAM">   --->   Core 82 'RAM' <Latency = 1> <II = 1> <Delay = 2.15> <Storage> <Opcode : 'load' 'store'> <Ports = 2> <Width = 8> <Depth = 16> <RAM>
ST_3 : Operation 1485 [1/1] (2.15ns)   --->   "%store_ln134 = store i8 %gmem2_addr_read, i4 %V_tile_426_addr" [/home/siyenga7/FPGA/attention_int8.cpp:134]   --->   Operation 1485 'store' 'store_ln134' <Predicate = (trunc_ln131 == 6 & trunc_ln130 == 42)> <Delay = 2.15> <CoreInst = "RAM">   --->   Core 82 'RAM' <Latency = 1> <II = 1> <Delay = 2.15> <Storage> <Opcode : 'load' 'store'> <Ports = 2> <Width = 8> <Depth = 16> <RAM>
ST_3 : Operation 1486 [1/1] (2.15ns)   --->   "%store_ln134 = store i8 %gmem2_addr_read, i4 %V_tile_425_addr" [/home/siyenga7/FPGA/attention_int8.cpp:134]   --->   Operation 1486 'store' 'store_ln134' <Predicate = (trunc_ln131 == 6 & trunc_ln130 == 41)> <Delay = 2.15> <CoreInst = "RAM">   --->   Core 82 'RAM' <Latency = 1> <II = 1> <Delay = 2.15> <Storage> <Opcode : 'load' 'store'> <Ports = 2> <Width = 8> <Depth = 16> <RAM>
ST_3 : Operation 1487 [1/1] (2.15ns)   --->   "%store_ln134 = store i8 %gmem2_addr_read, i4 %V_tile_424_addr" [/home/siyenga7/FPGA/attention_int8.cpp:134]   --->   Operation 1487 'store' 'store_ln134' <Predicate = (trunc_ln131 == 6 & trunc_ln130 == 40)> <Delay = 2.15> <CoreInst = "RAM">   --->   Core 82 'RAM' <Latency = 1> <II = 1> <Delay = 2.15> <Storage> <Opcode : 'load' 'store'> <Ports = 2> <Width = 8> <Depth = 16> <RAM>
ST_3 : Operation 1488 [1/1] (2.15ns)   --->   "%store_ln134 = store i8 %gmem2_addr_read, i4 %V_tile_423_addr" [/home/siyenga7/FPGA/attention_int8.cpp:134]   --->   Operation 1488 'store' 'store_ln134' <Predicate = (trunc_ln131 == 6 & trunc_ln130 == 39)> <Delay = 2.15> <CoreInst = "RAM">   --->   Core 82 'RAM' <Latency = 1> <II = 1> <Delay = 2.15> <Storage> <Opcode : 'load' 'store'> <Ports = 2> <Width = 8> <Depth = 16> <RAM>
ST_3 : Operation 1489 [1/1] (2.15ns)   --->   "%store_ln134 = store i8 %gmem2_addr_read, i4 %V_tile_422_addr" [/home/siyenga7/FPGA/attention_int8.cpp:134]   --->   Operation 1489 'store' 'store_ln134' <Predicate = (trunc_ln131 == 6 & trunc_ln130 == 38)> <Delay = 2.15> <CoreInst = "RAM">   --->   Core 82 'RAM' <Latency = 1> <II = 1> <Delay = 2.15> <Storage> <Opcode : 'load' 'store'> <Ports = 2> <Width = 8> <Depth = 16> <RAM>
ST_3 : Operation 1490 [1/1] (2.15ns)   --->   "%store_ln134 = store i8 %gmem2_addr_read, i4 %V_tile_421_addr" [/home/siyenga7/FPGA/attention_int8.cpp:134]   --->   Operation 1490 'store' 'store_ln134' <Predicate = (trunc_ln131 == 6 & trunc_ln130 == 37)> <Delay = 2.15> <CoreInst = "RAM">   --->   Core 82 'RAM' <Latency = 1> <II = 1> <Delay = 2.15> <Storage> <Opcode : 'load' 'store'> <Ports = 2> <Width = 8> <Depth = 16> <RAM>
ST_3 : Operation 1491 [1/1] (2.15ns)   --->   "%store_ln134 = store i8 %gmem2_addr_read, i4 %V_tile_420_addr" [/home/siyenga7/FPGA/attention_int8.cpp:134]   --->   Operation 1491 'store' 'store_ln134' <Predicate = (trunc_ln131 == 6 & trunc_ln130 == 36)> <Delay = 2.15> <CoreInst = "RAM">   --->   Core 82 'RAM' <Latency = 1> <II = 1> <Delay = 2.15> <Storage> <Opcode : 'load' 'store'> <Ports = 2> <Width = 8> <Depth = 16> <RAM>
ST_3 : Operation 1492 [1/1] (2.15ns)   --->   "%store_ln134 = store i8 %gmem2_addr_read, i4 %V_tile_419_addr" [/home/siyenga7/FPGA/attention_int8.cpp:134]   --->   Operation 1492 'store' 'store_ln134' <Predicate = (trunc_ln131 == 6 & trunc_ln130 == 35)> <Delay = 2.15> <CoreInst = "RAM">   --->   Core 82 'RAM' <Latency = 1> <II = 1> <Delay = 2.15> <Storage> <Opcode : 'load' 'store'> <Ports = 2> <Width = 8> <Depth = 16> <RAM>
ST_3 : Operation 1493 [1/1] (2.15ns)   --->   "%store_ln134 = store i8 %gmem2_addr_read, i4 %V_tile_418_addr" [/home/siyenga7/FPGA/attention_int8.cpp:134]   --->   Operation 1493 'store' 'store_ln134' <Predicate = (trunc_ln131 == 6 & trunc_ln130 == 34)> <Delay = 2.15> <CoreInst = "RAM">   --->   Core 82 'RAM' <Latency = 1> <II = 1> <Delay = 2.15> <Storage> <Opcode : 'load' 'store'> <Ports = 2> <Width = 8> <Depth = 16> <RAM>
ST_3 : Operation 1494 [1/1] (2.15ns)   --->   "%store_ln134 = store i8 %gmem2_addr_read, i4 %V_tile_417_addr" [/home/siyenga7/FPGA/attention_int8.cpp:134]   --->   Operation 1494 'store' 'store_ln134' <Predicate = (trunc_ln131 == 6 & trunc_ln130 == 33)> <Delay = 2.15> <CoreInst = "RAM">   --->   Core 82 'RAM' <Latency = 1> <II = 1> <Delay = 2.15> <Storage> <Opcode : 'load' 'store'> <Ports = 2> <Width = 8> <Depth = 16> <RAM>
ST_3 : Operation 1495 [1/1] (2.15ns)   --->   "%store_ln134 = store i8 %gmem2_addr_read, i4 %V_tile_416_addr" [/home/siyenga7/FPGA/attention_int8.cpp:134]   --->   Operation 1495 'store' 'store_ln134' <Predicate = (trunc_ln131 == 6 & trunc_ln130 == 32)> <Delay = 2.15> <CoreInst = "RAM">   --->   Core 82 'RAM' <Latency = 1> <II = 1> <Delay = 2.15> <Storage> <Opcode : 'load' 'store'> <Ports = 2> <Width = 8> <Depth = 16> <RAM>
ST_3 : Operation 1496 [1/1] (2.15ns)   --->   "%store_ln134 = store i8 %gmem2_addr_read, i4 %V_tile_415_addr" [/home/siyenga7/FPGA/attention_int8.cpp:134]   --->   Operation 1496 'store' 'store_ln134' <Predicate = (trunc_ln131 == 6 & trunc_ln130 == 31)> <Delay = 2.15> <CoreInst = "RAM">   --->   Core 82 'RAM' <Latency = 1> <II = 1> <Delay = 2.15> <Storage> <Opcode : 'load' 'store'> <Ports = 2> <Width = 8> <Depth = 16> <RAM>
ST_3 : Operation 1497 [1/1] (2.15ns)   --->   "%store_ln134 = store i8 %gmem2_addr_read, i4 %V_tile_414_addr" [/home/siyenga7/FPGA/attention_int8.cpp:134]   --->   Operation 1497 'store' 'store_ln134' <Predicate = (trunc_ln131 == 6 & trunc_ln130 == 30)> <Delay = 2.15> <CoreInst = "RAM">   --->   Core 82 'RAM' <Latency = 1> <II = 1> <Delay = 2.15> <Storage> <Opcode : 'load' 'store'> <Ports = 2> <Width = 8> <Depth = 16> <RAM>
ST_3 : Operation 1498 [1/1] (2.15ns)   --->   "%store_ln134 = store i8 %gmem2_addr_read, i4 %V_tile_413_addr" [/home/siyenga7/FPGA/attention_int8.cpp:134]   --->   Operation 1498 'store' 'store_ln134' <Predicate = (trunc_ln131 == 6 & trunc_ln130 == 29)> <Delay = 2.15> <CoreInst = "RAM">   --->   Core 82 'RAM' <Latency = 1> <II = 1> <Delay = 2.15> <Storage> <Opcode : 'load' 'store'> <Ports = 2> <Width = 8> <Depth = 16> <RAM>
ST_3 : Operation 1499 [1/1] (2.15ns)   --->   "%store_ln134 = store i8 %gmem2_addr_read, i4 %V_tile_412_addr" [/home/siyenga7/FPGA/attention_int8.cpp:134]   --->   Operation 1499 'store' 'store_ln134' <Predicate = (trunc_ln131 == 6 & trunc_ln130 == 28)> <Delay = 2.15> <CoreInst = "RAM">   --->   Core 82 'RAM' <Latency = 1> <II = 1> <Delay = 2.15> <Storage> <Opcode : 'load' 'store'> <Ports = 2> <Width = 8> <Depth = 16> <RAM>
ST_3 : Operation 1500 [1/1] (2.15ns)   --->   "%store_ln134 = store i8 %gmem2_addr_read, i4 %V_tile_411_addr" [/home/siyenga7/FPGA/attention_int8.cpp:134]   --->   Operation 1500 'store' 'store_ln134' <Predicate = (trunc_ln131 == 6 & trunc_ln130 == 27)> <Delay = 2.15> <CoreInst = "RAM">   --->   Core 82 'RAM' <Latency = 1> <II = 1> <Delay = 2.15> <Storage> <Opcode : 'load' 'store'> <Ports = 2> <Width = 8> <Depth = 16> <RAM>
ST_3 : Operation 1501 [1/1] (2.15ns)   --->   "%store_ln134 = store i8 %gmem2_addr_read, i4 %V_tile_410_addr" [/home/siyenga7/FPGA/attention_int8.cpp:134]   --->   Operation 1501 'store' 'store_ln134' <Predicate = (trunc_ln131 == 6 & trunc_ln130 == 26)> <Delay = 2.15> <CoreInst = "RAM">   --->   Core 82 'RAM' <Latency = 1> <II = 1> <Delay = 2.15> <Storage> <Opcode : 'load' 'store'> <Ports = 2> <Width = 8> <Depth = 16> <RAM>
ST_3 : Operation 1502 [1/1] (2.15ns)   --->   "%store_ln134 = store i8 %gmem2_addr_read, i4 %V_tile_409_addr" [/home/siyenga7/FPGA/attention_int8.cpp:134]   --->   Operation 1502 'store' 'store_ln134' <Predicate = (trunc_ln131 == 6 & trunc_ln130 == 25)> <Delay = 2.15> <CoreInst = "RAM">   --->   Core 82 'RAM' <Latency = 1> <II = 1> <Delay = 2.15> <Storage> <Opcode : 'load' 'store'> <Ports = 2> <Width = 8> <Depth = 16> <RAM>
ST_3 : Operation 1503 [1/1] (2.15ns)   --->   "%store_ln134 = store i8 %gmem2_addr_read, i4 %V_tile_408_addr" [/home/siyenga7/FPGA/attention_int8.cpp:134]   --->   Operation 1503 'store' 'store_ln134' <Predicate = (trunc_ln131 == 6 & trunc_ln130 == 24)> <Delay = 2.15> <CoreInst = "RAM">   --->   Core 82 'RAM' <Latency = 1> <II = 1> <Delay = 2.15> <Storage> <Opcode : 'load' 'store'> <Ports = 2> <Width = 8> <Depth = 16> <RAM>
ST_3 : Operation 1504 [1/1] (2.15ns)   --->   "%store_ln134 = store i8 %gmem2_addr_read, i4 %V_tile_407_addr" [/home/siyenga7/FPGA/attention_int8.cpp:134]   --->   Operation 1504 'store' 'store_ln134' <Predicate = (trunc_ln131 == 6 & trunc_ln130 == 23)> <Delay = 2.15> <CoreInst = "RAM">   --->   Core 82 'RAM' <Latency = 1> <II = 1> <Delay = 2.15> <Storage> <Opcode : 'load' 'store'> <Ports = 2> <Width = 8> <Depth = 16> <RAM>
ST_3 : Operation 1505 [1/1] (2.15ns)   --->   "%store_ln134 = store i8 %gmem2_addr_read, i4 %V_tile_406_addr" [/home/siyenga7/FPGA/attention_int8.cpp:134]   --->   Operation 1505 'store' 'store_ln134' <Predicate = (trunc_ln131 == 6 & trunc_ln130 == 22)> <Delay = 2.15> <CoreInst = "RAM">   --->   Core 82 'RAM' <Latency = 1> <II = 1> <Delay = 2.15> <Storage> <Opcode : 'load' 'store'> <Ports = 2> <Width = 8> <Depth = 16> <RAM>
ST_3 : Operation 1506 [1/1] (2.15ns)   --->   "%store_ln134 = store i8 %gmem2_addr_read, i4 %V_tile_405_addr" [/home/siyenga7/FPGA/attention_int8.cpp:134]   --->   Operation 1506 'store' 'store_ln134' <Predicate = (trunc_ln131 == 6 & trunc_ln130 == 21)> <Delay = 2.15> <CoreInst = "RAM">   --->   Core 82 'RAM' <Latency = 1> <II = 1> <Delay = 2.15> <Storage> <Opcode : 'load' 'store'> <Ports = 2> <Width = 8> <Depth = 16> <RAM>
ST_3 : Operation 1507 [1/1] (2.15ns)   --->   "%store_ln134 = store i8 %gmem2_addr_read, i4 %V_tile_404_addr" [/home/siyenga7/FPGA/attention_int8.cpp:134]   --->   Operation 1507 'store' 'store_ln134' <Predicate = (trunc_ln131 == 6 & trunc_ln130 == 20)> <Delay = 2.15> <CoreInst = "RAM">   --->   Core 82 'RAM' <Latency = 1> <II = 1> <Delay = 2.15> <Storage> <Opcode : 'load' 'store'> <Ports = 2> <Width = 8> <Depth = 16> <RAM>
ST_3 : Operation 1508 [1/1] (2.15ns)   --->   "%store_ln134 = store i8 %gmem2_addr_read, i4 %V_tile_403_addr" [/home/siyenga7/FPGA/attention_int8.cpp:134]   --->   Operation 1508 'store' 'store_ln134' <Predicate = (trunc_ln131 == 6 & trunc_ln130 == 19)> <Delay = 2.15> <CoreInst = "RAM">   --->   Core 82 'RAM' <Latency = 1> <II = 1> <Delay = 2.15> <Storage> <Opcode : 'load' 'store'> <Ports = 2> <Width = 8> <Depth = 16> <RAM>
ST_3 : Operation 1509 [1/1] (2.15ns)   --->   "%store_ln134 = store i8 %gmem2_addr_read, i4 %V_tile_402_addr" [/home/siyenga7/FPGA/attention_int8.cpp:134]   --->   Operation 1509 'store' 'store_ln134' <Predicate = (trunc_ln131 == 6 & trunc_ln130 == 18)> <Delay = 2.15> <CoreInst = "RAM">   --->   Core 82 'RAM' <Latency = 1> <II = 1> <Delay = 2.15> <Storage> <Opcode : 'load' 'store'> <Ports = 2> <Width = 8> <Depth = 16> <RAM>
ST_3 : Operation 1510 [1/1] (2.15ns)   --->   "%store_ln134 = store i8 %gmem2_addr_read, i4 %V_tile_401_addr" [/home/siyenga7/FPGA/attention_int8.cpp:134]   --->   Operation 1510 'store' 'store_ln134' <Predicate = (trunc_ln131 == 6 & trunc_ln130 == 17)> <Delay = 2.15> <CoreInst = "RAM">   --->   Core 82 'RAM' <Latency = 1> <II = 1> <Delay = 2.15> <Storage> <Opcode : 'load' 'store'> <Ports = 2> <Width = 8> <Depth = 16> <RAM>
ST_3 : Operation 1511 [1/1] (2.15ns)   --->   "%store_ln134 = store i8 %gmem2_addr_read, i4 %V_tile_400_addr" [/home/siyenga7/FPGA/attention_int8.cpp:134]   --->   Operation 1511 'store' 'store_ln134' <Predicate = (trunc_ln131 == 6 & trunc_ln130 == 16)> <Delay = 2.15> <CoreInst = "RAM">   --->   Core 82 'RAM' <Latency = 1> <II = 1> <Delay = 2.15> <Storage> <Opcode : 'load' 'store'> <Ports = 2> <Width = 8> <Depth = 16> <RAM>
ST_3 : Operation 1512 [1/1] (2.15ns)   --->   "%store_ln134 = store i8 %gmem2_addr_read, i4 %V_tile_399_addr" [/home/siyenga7/FPGA/attention_int8.cpp:134]   --->   Operation 1512 'store' 'store_ln134' <Predicate = (trunc_ln131 == 6 & trunc_ln130 == 15)> <Delay = 2.15> <CoreInst = "RAM">   --->   Core 82 'RAM' <Latency = 1> <II = 1> <Delay = 2.15> <Storage> <Opcode : 'load' 'store'> <Ports = 2> <Width = 8> <Depth = 16> <RAM>
ST_3 : Operation 1513 [1/1] (2.15ns)   --->   "%store_ln134 = store i8 %gmem2_addr_read, i4 %V_tile_398_addr" [/home/siyenga7/FPGA/attention_int8.cpp:134]   --->   Operation 1513 'store' 'store_ln134' <Predicate = (trunc_ln131 == 6 & trunc_ln130 == 14)> <Delay = 2.15> <CoreInst = "RAM">   --->   Core 82 'RAM' <Latency = 1> <II = 1> <Delay = 2.15> <Storage> <Opcode : 'load' 'store'> <Ports = 2> <Width = 8> <Depth = 16> <RAM>
ST_3 : Operation 1514 [1/1] (2.15ns)   --->   "%store_ln134 = store i8 %gmem2_addr_read, i4 %V_tile_397_addr" [/home/siyenga7/FPGA/attention_int8.cpp:134]   --->   Operation 1514 'store' 'store_ln134' <Predicate = (trunc_ln131 == 6 & trunc_ln130 == 13)> <Delay = 2.15> <CoreInst = "RAM">   --->   Core 82 'RAM' <Latency = 1> <II = 1> <Delay = 2.15> <Storage> <Opcode : 'load' 'store'> <Ports = 2> <Width = 8> <Depth = 16> <RAM>
ST_3 : Operation 1515 [1/1] (2.15ns)   --->   "%store_ln134 = store i8 %gmem2_addr_read, i4 %V_tile_396_addr" [/home/siyenga7/FPGA/attention_int8.cpp:134]   --->   Operation 1515 'store' 'store_ln134' <Predicate = (trunc_ln131 == 6 & trunc_ln130 == 12)> <Delay = 2.15> <CoreInst = "RAM">   --->   Core 82 'RAM' <Latency = 1> <II = 1> <Delay = 2.15> <Storage> <Opcode : 'load' 'store'> <Ports = 2> <Width = 8> <Depth = 16> <RAM>
ST_3 : Operation 1516 [1/1] (2.15ns)   --->   "%store_ln134 = store i8 %gmem2_addr_read, i4 %V_tile_395_addr" [/home/siyenga7/FPGA/attention_int8.cpp:134]   --->   Operation 1516 'store' 'store_ln134' <Predicate = (trunc_ln131 == 6 & trunc_ln130 == 11)> <Delay = 2.15> <CoreInst = "RAM">   --->   Core 82 'RAM' <Latency = 1> <II = 1> <Delay = 2.15> <Storage> <Opcode : 'load' 'store'> <Ports = 2> <Width = 8> <Depth = 16> <RAM>
ST_3 : Operation 1517 [1/1] (2.15ns)   --->   "%store_ln134 = store i8 %gmem2_addr_read, i4 %V_tile_394_addr" [/home/siyenga7/FPGA/attention_int8.cpp:134]   --->   Operation 1517 'store' 'store_ln134' <Predicate = (trunc_ln131 == 6 & trunc_ln130 == 10)> <Delay = 2.15> <CoreInst = "RAM">   --->   Core 82 'RAM' <Latency = 1> <II = 1> <Delay = 2.15> <Storage> <Opcode : 'load' 'store'> <Ports = 2> <Width = 8> <Depth = 16> <RAM>
ST_3 : Operation 1518 [1/1] (2.15ns)   --->   "%store_ln134 = store i8 %gmem2_addr_read, i4 %V_tile_393_addr" [/home/siyenga7/FPGA/attention_int8.cpp:134]   --->   Operation 1518 'store' 'store_ln134' <Predicate = (trunc_ln131 == 6 & trunc_ln130 == 9)> <Delay = 2.15> <CoreInst = "RAM">   --->   Core 82 'RAM' <Latency = 1> <II = 1> <Delay = 2.15> <Storage> <Opcode : 'load' 'store'> <Ports = 2> <Width = 8> <Depth = 16> <RAM>
ST_3 : Operation 1519 [1/1] (2.15ns)   --->   "%store_ln134 = store i8 %gmem2_addr_read, i4 %V_tile_392_addr" [/home/siyenga7/FPGA/attention_int8.cpp:134]   --->   Operation 1519 'store' 'store_ln134' <Predicate = (trunc_ln131 == 6 & trunc_ln130 == 8)> <Delay = 2.15> <CoreInst = "RAM">   --->   Core 82 'RAM' <Latency = 1> <II = 1> <Delay = 2.15> <Storage> <Opcode : 'load' 'store'> <Ports = 2> <Width = 8> <Depth = 16> <RAM>
ST_3 : Operation 1520 [1/1] (2.15ns)   --->   "%store_ln134 = store i8 %gmem2_addr_read, i4 %V_tile_391_addr" [/home/siyenga7/FPGA/attention_int8.cpp:134]   --->   Operation 1520 'store' 'store_ln134' <Predicate = (trunc_ln131 == 6 & trunc_ln130 == 7)> <Delay = 2.15> <CoreInst = "RAM">   --->   Core 82 'RAM' <Latency = 1> <II = 1> <Delay = 2.15> <Storage> <Opcode : 'load' 'store'> <Ports = 2> <Width = 8> <Depth = 16> <RAM>
ST_3 : Operation 1521 [1/1] (2.15ns)   --->   "%store_ln134 = store i8 %gmem2_addr_read, i4 %V_tile_390_addr" [/home/siyenga7/FPGA/attention_int8.cpp:134]   --->   Operation 1521 'store' 'store_ln134' <Predicate = (trunc_ln131 == 6 & trunc_ln130 == 6)> <Delay = 2.15> <CoreInst = "RAM">   --->   Core 82 'RAM' <Latency = 1> <II = 1> <Delay = 2.15> <Storage> <Opcode : 'load' 'store'> <Ports = 2> <Width = 8> <Depth = 16> <RAM>
ST_3 : Operation 1522 [1/1] (2.15ns)   --->   "%store_ln134 = store i8 %gmem2_addr_read, i4 %V_tile_389_addr" [/home/siyenga7/FPGA/attention_int8.cpp:134]   --->   Operation 1522 'store' 'store_ln134' <Predicate = (trunc_ln131 == 6 & trunc_ln130 == 5)> <Delay = 2.15> <CoreInst = "RAM">   --->   Core 82 'RAM' <Latency = 1> <II = 1> <Delay = 2.15> <Storage> <Opcode : 'load' 'store'> <Ports = 2> <Width = 8> <Depth = 16> <RAM>
ST_3 : Operation 1523 [1/1] (2.15ns)   --->   "%store_ln134 = store i8 %gmem2_addr_read, i4 %V_tile_388_addr" [/home/siyenga7/FPGA/attention_int8.cpp:134]   --->   Operation 1523 'store' 'store_ln134' <Predicate = (trunc_ln131 == 6 & trunc_ln130 == 4)> <Delay = 2.15> <CoreInst = "RAM">   --->   Core 82 'RAM' <Latency = 1> <II = 1> <Delay = 2.15> <Storage> <Opcode : 'load' 'store'> <Ports = 2> <Width = 8> <Depth = 16> <RAM>
ST_3 : Operation 1524 [1/1] (2.15ns)   --->   "%store_ln134 = store i8 %gmem2_addr_read, i4 %V_tile_387_addr" [/home/siyenga7/FPGA/attention_int8.cpp:134]   --->   Operation 1524 'store' 'store_ln134' <Predicate = (trunc_ln131 == 6 & trunc_ln130 == 3)> <Delay = 2.15> <CoreInst = "RAM">   --->   Core 82 'RAM' <Latency = 1> <II = 1> <Delay = 2.15> <Storage> <Opcode : 'load' 'store'> <Ports = 2> <Width = 8> <Depth = 16> <RAM>
ST_3 : Operation 1525 [1/1] (2.15ns)   --->   "%store_ln134 = store i8 %gmem2_addr_read, i4 %V_tile_386_addr" [/home/siyenga7/FPGA/attention_int8.cpp:134]   --->   Operation 1525 'store' 'store_ln134' <Predicate = (trunc_ln131 == 6 & trunc_ln130 == 2)> <Delay = 2.15> <CoreInst = "RAM">   --->   Core 82 'RAM' <Latency = 1> <II = 1> <Delay = 2.15> <Storage> <Opcode : 'load' 'store'> <Ports = 2> <Width = 8> <Depth = 16> <RAM>
ST_3 : Operation 1526 [1/1] (2.15ns)   --->   "%store_ln134 = store i8 %gmem2_addr_read, i4 %V_tile_385_addr" [/home/siyenga7/FPGA/attention_int8.cpp:134]   --->   Operation 1526 'store' 'store_ln134' <Predicate = (trunc_ln131 == 6 & trunc_ln130 == 1)> <Delay = 2.15> <CoreInst = "RAM">   --->   Core 82 'RAM' <Latency = 1> <II = 1> <Delay = 2.15> <Storage> <Opcode : 'load' 'store'> <Ports = 2> <Width = 8> <Depth = 16> <RAM>
ST_3 : Operation 1527 [1/1] (2.15ns)   --->   "%store_ln134 = store i8 %gmem2_addr_read, i4 %V_tile_384_addr" [/home/siyenga7/FPGA/attention_int8.cpp:134]   --->   Operation 1527 'store' 'store_ln134' <Predicate = (trunc_ln131 == 6 & trunc_ln130 == 0)> <Delay = 2.15> <CoreInst = "RAM">   --->   Core 82 'RAM' <Latency = 1> <II = 1> <Delay = 2.15> <Storage> <Opcode : 'load' 'store'> <Ports = 2> <Width = 8> <Depth = 16> <RAM>
ST_3 : Operation 1528 [1/1] (2.15ns)   --->   "%store_ln134 = store i8 %gmem2_addr_read, i4 %V_tile_447_addr" [/home/siyenga7/FPGA/attention_int8.cpp:134]   --->   Operation 1528 'store' 'store_ln134' <Predicate = (trunc_ln131 == 6 & trunc_ln130 == 63)> <Delay = 2.15> <CoreInst = "RAM">   --->   Core 82 'RAM' <Latency = 1> <II = 1> <Delay = 2.15> <Storage> <Opcode : 'load' 'store'> <Ports = 2> <Width = 8> <Depth = 16> <RAM>
ST_3 : Operation 1529 [1/1] (0.00ns)   --->   "%br_ln134 = br void %arrayidx9113.exit" [/home/siyenga7/FPGA/attention_int8.cpp:134]   --->   Operation 1529 'br' 'br_ln134' <Predicate = (trunc_ln131 == 6)> <Delay = 0.00>
ST_3 : Operation 1530 [1/1] (2.15ns)   --->   "%store_ln134 = store i8 %gmem2_addr_read, i4 %V_tile_382_addr" [/home/siyenga7/FPGA/attention_int8.cpp:134]   --->   Operation 1530 'store' 'store_ln134' <Predicate = (trunc_ln131 == 5 & trunc_ln130 == 62)> <Delay = 2.15> <CoreInst = "RAM">   --->   Core 82 'RAM' <Latency = 1> <II = 1> <Delay = 2.15> <Storage> <Opcode : 'load' 'store'> <Ports = 2> <Width = 8> <Depth = 16> <RAM>
ST_3 : Operation 1531 [1/1] (2.15ns)   --->   "%store_ln134 = store i8 %gmem2_addr_read, i4 %V_tile_381_addr" [/home/siyenga7/FPGA/attention_int8.cpp:134]   --->   Operation 1531 'store' 'store_ln134' <Predicate = (trunc_ln131 == 5 & trunc_ln130 == 61)> <Delay = 2.15> <CoreInst = "RAM">   --->   Core 82 'RAM' <Latency = 1> <II = 1> <Delay = 2.15> <Storage> <Opcode : 'load' 'store'> <Ports = 2> <Width = 8> <Depth = 16> <RAM>
ST_3 : Operation 1532 [1/1] (2.15ns)   --->   "%store_ln134 = store i8 %gmem2_addr_read, i4 %V_tile_380_addr" [/home/siyenga7/FPGA/attention_int8.cpp:134]   --->   Operation 1532 'store' 'store_ln134' <Predicate = (trunc_ln131 == 5 & trunc_ln130 == 60)> <Delay = 2.15> <CoreInst = "RAM">   --->   Core 82 'RAM' <Latency = 1> <II = 1> <Delay = 2.15> <Storage> <Opcode : 'load' 'store'> <Ports = 2> <Width = 8> <Depth = 16> <RAM>
ST_3 : Operation 1533 [1/1] (2.15ns)   --->   "%store_ln134 = store i8 %gmem2_addr_read, i4 %V_tile_379_addr" [/home/siyenga7/FPGA/attention_int8.cpp:134]   --->   Operation 1533 'store' 'store_ln134' <Predicate = (trunc_ln131 == 5 & trunc_ln130 == 59)> <Delay = 2.15> <CoreInst = "RAM">   --->   Core 82 'RAM' <Latency = 1> <II = 1> <Delay = 2.15> <Storage> <Opcode : 'load' 'store'> <Ports = 2> <Width = 8> <Depth = 16> <RAM>
ST_3 : Operation 1534 [1/1] (2.15ns)   --->   "%store_ln134 = store i8 %gmem2_addr_read, i4 %V_tile_378_addr" [/home/siyenga7/FPGA/attention_int8.cpp:134]   --->   Operation 1534 'store' 'store_ln134' <Predicate = (trunc_ln131 == 5 & trunc_ln130 == 58)> <Delay = 2.15> <CoreInst = "RAM">   --->   Core 82 'RAM' <Latency = 1> <II = 1> <Delay = 2.15> <Storage> <Opcode : 'load' 'store'> <Ports = 2> <Width = 8> <Depth = 16> <RAM>
ST_3 : Operation 1535 [1/1] (2.15ns)   --->   "%store_ln134 = store i8 %gmem2_addr_read, i4 %V_tile_377_addr" [/home/siyenga7/FPGA/attention_int8.cpp:134]   --->   Operation 1535 'store' 'store_ln134' <Predicate = (trunc_ln131 == 5 & trunc_ln130 == 57)> <Delay = 2.15> <CoreInst = "RAM">   --->   Core 82 'RAM' <Latency = 1> <II = 1> <Delay = 2.15> <Storage> <Opcode : 'load' 'store'> <Ports = 2> <Width = 8> <Depth = 16> <RAM>
ST_3 : Operation 1536 [1/1] (2.15ns)   --->   "%store_ln134 = store i8 %gmem2_addr_read, i4 %V_tile_376_addr" [/home/siyenga7/FPGA/attention_int8.cpp:134]   --->   Operation 1536 'store' 'store_ln134' <Predicate = (trunc_ln131 == 5 & trunc_ln130 == 56)> <Delay = 2.15> <CoreInst = "RAM">   --->   Core 82 'RAM' <Latency = 1> <II = 1> <Delay = 2.15> <Storage> <Opcode : 'load' 'store'> <Ports = 2> <Width = 8> <Depth = 16> <RAM>
ST_3 : Operation 1537 [1/1] (2.15ns)   --->   "%store_ln134 = store i8 %gmem2_addr_read, i4 %V_tile_375_addr" [/home/siyenga7/FPGA/attention_int8.cpp:134]   --->   Operation 1537 'store' 'store_ln134' <Predicate = (trunc_ln131 == 5 & trunc_ln130 == 55)> <Delay = 2.15> <CoreInst = "RAM">   --->   Core 82 'RAM' <Latency = 1> <II = 1> <Delay = 2.15> <Storage> <Opcode : 'load' 'store'> <Ports = 2> <Width = 8> <Depth = 16> <RAM>
ST_3 : Operation 1538 [1/1] (2.15ns)   --->   "%store_ln134 = store i8 %gmem2_addr_read, i4 %V_tile_374_addr" [/home/siyenga7/FPGA/attention_int8.cpp:134]   --->   Operation 1538 'store' 'store_ln134' <Predicate = (trunc_ln131 == 5 & trunc_ln130 == 54)> <Delay = 2.15> <CoreInst = "RAM">   --->   Core 82 'RAM' <Latency = 1> <II = 1> <Delay = 2.15> <Storage> <Opcode : 'load' 'store'> <Ports = 2> <Width = 8> <Depth = 16> <RAM>
ST_3 : Operation 1539 [1/1] (2.15ns)   --->   "%store_ln134 = store i8 %gmem2_addr_read, i4 %V_tile_373_addr" [/home/siyenga7/FPGA/attention_int8.cpp:134]   --->   Operation 1539 'store' 'store_ln134' <Predicate = (trunc_ln131 == 5 & trunc_ln130 == 53)> <Delay = 2.15> <CoreInst = "RAM">   --->   Core 82 'RAM' <Latency = 1> <II = 1> <Delay = 2.15> <Storage> <Opcode : 'load' 'store'> <Ports = 2> <Width = 8> <Depth = 16> <RAM>
ST_3 : Operation 1540 [1/1] (2.15ns)   --->   "%store_ln134 = store i8 %gmem2_addr_read, i4 %V_tile_372_addr" [/home/siyenga7/FPGA/attention_int8.cpp:134]   --->   Operation 1540 'store' 'store_ln134' <Predicate = (trunc_ln131 == 5 & trunc_ln130 == 52)> <Delay = 2.15> <CoreInst = "RAM">   --->   Core 82 'RAM' <Latency = 1> <II = 1> <Delay = 2.15> <Storage> <Opcode : 'load' 'store'> <Ports = 2> <Width = 8> <Depth = 16> <RAM>
ST_3 : Operation 1541 [1/1] (2.15ns)   --->   "%store_ln134 = store i8 %gmem2_addr_read, i4 %V_tile_371_addr" [/home/siyenga7/FPGA/attention_int8.cpp:134]   --->   Operation 1541 'store' 'store_ln134' <Predicate = (trunc_ln131 == 5 & trunc_ln130 == 51)> <Delay = 2.15> <CoreInst = "RAM">   --->   Core 82 'RAM' <Latency = 1> <II = 1> <Delay = 2.15> <Storage> <Opcode : 'load' 'store'> <Ports = 2> <Width = 8> <Depth = 16> <RAM>
ST_3 : Operation 1542 [1/1] (2.15ns)   --->   "%store_ln134 = store i8 %gmem2_addr_read, i4 %V_tile_370_addr" [/home/siyenga7/FPGA/attention_int8.cpp:134]   --->   Operation 1542 'store' 'store_ln134' <Predicate = (trunc_ln131 == 5 & trunc_ln130 == 50)> <Delay = 2.15> <CoreInst = "RAM">   --->   Core 82 'RAM' <Latency = 1> <II = 1> <Delay = 2.15> <Storage> <Opcode : 'load' 'store'> <Ports = 2> <Width = 8> <Depth = 16> <RAM>
ST_3 : Operation 1543 [1/1] (2.15ns)   --->   "%store_ln134 = store i8 %gmem2_addr_read, i4 %V_tile_369_addr" [/home/siyenga7/FPGA/attention_int8.cpp:134]   --->   Operation 1543 'store' 'store_ln134' <Predicate = (trunc_ln131 == 5 & trunc_ln130 == 49)> <Delay = 2.15> <CoreInst = "RAM">   --->   Core 82 'RAM' <Latency = 1> <II = 1> <Delay = 2.15> <Storage> <Opcode : 'load' 'store'> <Ports = 2> <Width = 8> <Depth = 16> <RAM>
ST_3 : Operation 1544 [1/1] (2.15ns)   --->   "%store_ln134 = store i8 %gmem2_addr_read, i4 %V_tile_368_addr" [/home/siyenga7/FPGA/attention_int8.cpp:134]   --->   Operation 1544 'store' 'store_ln134' <Predicate = (trunc_ln131 == 5 & trunc_ln130 == 48)> <Delay = 2.15> <CoreInst = "RAM">   --->   Core 82 'RAM' <Latency = 1> <II = 1> <Delay = 2.15> <Storage> <Opcode : 'load' 'store'> <Ports = 2> <Width = 8> <Depth = 16> <RAM>
ST_3 : Operation 1545 [1/1] (2.15ns)   --->   "%store_ln134 = store i8 %gmem2_addr_read, i4 %V_tile_367_addr" [/home/siyenga7/FPGA/attention_int8.cpp:134]   --->   Operation 1545 'store' 'store_ln134' <Predicate = (trunc_ln131 == 5 & trunc_ln130 == 47)> <Delay = 2.15> <CoreInst = "RAM">   --->   Core 82 'RAM' <Latency = 1> <II = 1> <Delay = 2.15> <Storage> <Opcode : 'load' 'store'> <Ports = 2> <Width = 8> <Depth = 16> <RAM>
ST_3 : Operation 1546 [1/1] (2.15ns)   --->   "%store_ln134 = store i8 %gmem2_addr_read, i4 %V_tile_366_addr" [/home/siyenga7/FPGA/attention_int8.cpp:134]   --->   Operation 1546 'store' 'store_ln134' <Predicate = (trunc_ln131 == 5 & trunc_ln130 == 46)> <Delay = 2.15> <CoreInst = "RAM">   --->   Core 82 'RAM' <Latency = 1> <II = 1> <Delay = 2.15> <Storage> <Opcode : 'load' 'store'> <Ports = 2> <Width = 8> <Depth = 16> <RAM>
ST_3 : Operation 1547 [1/1] (2.15ns)   --->   "%store_ln134 = store i8 %gmem2_addr_read, i4 %V_tile_365_addr" [/home/siyenga7/FPGA/attention_int8.cpp:134]   --->   Operation 1547 'store' 'store_ln134' <Predicate = (trunc_ln131 == 5 & trunc_ln130 == 45)> <Delay = 2.15> <CoreInst = "RAM">   --->   Core 82 'RAM' <Latency = 1> <II = 1> <Delay = 2.15> <Storage> <Opcode : 'load' 'store'> <Ports = 2> <Width = 8> <Depth = 16> <RAM>
ST_3 : Operation 1548 [1/1] (2.15ns)   --->   "%store_ln134 = store i8 %gmem2_addr_read, i4 %V_tile_364_addr" [/home/siyenga7/FPGA/attention_int8.cpp:134]   --->   Operation 1548 'store' 'store_ln134' <Predicate = (trunc_ln131 == 5 & trunc_ln130 == 44)> <Delay = 2.15> <CoreInst = "RAM">   --->   Core 82 'RAM' <Latency = 1> <II = 1> <Delay = 2.15> <Storage> <Opcode : 'load' 'store'> <Ports = 2> <Width = 8> <Depth = 16> <RAM>
ST_3 : Operation 1549 [1/1] (2.15ns)   --->   "%store_ln134 = store i8 %gmem2_addr_read, i4 %V_tile_363_addr" [/home/siyenga7/FPGA/attention_int8.cpp:134]   --->   Operation 1549 'store' 'store_ln134' <Predicate = (trunc_ln131 == 5 & trunc_ln130 == 43)> <Delay = 2.15> <CoreInst = "RAM">   --->   Core 82 'RAM' <Latency = 1> <II = 1> <Delay = 2.15> <Storage> <Opcode : 'load' 'store'> <Ports = 2> <Width = 8> <Depth = 16> <RAM>
ST_3 : Operation 1550 [1/1] (2.15ns)   --->   "%store_ln134 = store i8 %gmem2_addr_read, i4 %V_tile_362_addr" [/home/siyenga7/FPGA/attention_int8.cpp:134]   --->   Operation 1550 'store' 'store_ln134' <Predicate = (trunc_ln131 == 5 & trunc_ln130 == 42)> <Delay = 2.15> <CoreInst = "RAM">   --->   Core 82 'RAM' <Latency = 1> <II = 1> <Delay = 2.15> <Storage> <Opcode : 'load' 'store'> <Ports = 2> <Width = 8> <Depth = 16> <RAM>
ST_3 : Operation 1551 [1/1] (2.15ns)   --->   "%store_ln134 = store i8 %gmem2_addr_read, i4 %V_tile_361_addr" [/home/siyenga7/FPGA/attention_int8.cpp:134]   --->   Operation 1551 'store' 'store_ln134' <Predicate = (trunc_ln131 == 5 & trunc_ln130 == 41)> <Delay = 2.15> <CoreInst = "RAM">   --->   Core 82 'RAM' <Latency = 1> <II = 1> <Delay = 2.15> <Storage> <Opcode : 'load' 'store'> <Ports = 2> <Width = 8> <Depth = 16> <RAM>
ST_3 : Operation 1552 [1/1] (2.15ns)   --->   "%store_ln134 = store i8 %gmem2_addr_read, i4 %V_tile_360_addr" [/home/siyenga7/FPGA/attention_int8.cpp:134]   --->   Operation 1552 'store' 'store_ln134' <Predicate = (trunc_ln131 == 5 & trunc_ln130 == 40)> <Delay = 2.15> <CoreInst = "RAM">   --->   Core 82 'RAM' <Latency = 1> <II = 1> <Delay = 2.15> <Storage> <Opcode : 'load' 'store'> <Ports = 2> <Width = 8> <Depth = 16> <RAM>
ST_3 : Operation 1553 [1/1] (2.15ns)   --->   "%store_ln134 = store i8 %gmem2_addr_read, i4 %V_tile_359_addr" [/home/siyenga7/FPGA/attention_int8.cpp:134]   --->   Operation 1553 'store' 'store_ln134' <Predicate = (trunc_ln131 == 5 & trunc_ln130 == 39)> <Delay = 2.15> <CoreInst = "RAM">   --->   Core 82 'RAM' <Latency = 1> <II = 1> <Delay = 2.15> <Storage> <Opcode : 'load' 'store'> <Ports = 2> <Width = 8> <Depth = 16> <RAM>
ST_3 : Operation 1554 [1/1] (2.15ns)   --->   "%store_ln134 = store i8 %gmem2_addr_read, i4 %V_tile_358_addr" [/home/siyenga7/FPGA/attention_int8.cpp:134]   --->   Operation 1554 'store' 'store_ln134' <Predicate = (trunc_ln131 == 5 & trunc_ln130 == 38)> <Delay = 2.15> <CoreInst = "RAM">   --->   Core 82 'RAM' <Latency = 1> <II = 1> <Delay = 2.15> <Storage> <Opcode : 'load' 'store'> <Ports = 2> <Width = 8> <Depth = 16> <RAM>
ST_3 : Operation 1555 [1/1] (2.15ns)   --->   "%store_ln134 = store i8 %gmem2_addr_read, i4 %V_tile_357_addr" [/home/siyenga7/FPGA/attention_int8.cpp:134]   --->   Operation 1555 'store' 'store_ln134' <Predicate = (trunc_ln131 == 5 & trunc_ln130 == 37)> <Delay = 2.15> <CoreInst = "RAM">   --->   Core 82 'RAM' <Latency = 1> <II = 1> <Delay = 2.15> <Storage> <Opcode : 'load' 'store'> <Ports = 2> <Width = 8> <Depth = 16> <RAM>
ST_3 : Operation 1556 [1/1] (2.15ns)   --->   "%store_ln134 = store i8 %gmem2_addr_read, i4 %V_tile_356_addr" [/home/siyenga7/FPGA/attention_int8.cpp:134]   --->   Operation 1556 'store' 'store_ln134' <Predicate = (trunc_ln131 == 5 & trunc_ln130 == 36)> <Delay = 2.15> <CoreInst = "RAM">   --->   Core 82 'RAM' <Latency = 1> <II = 1> <Delay = 2.15> <Storage> <Opcode : 'load' 'store'> <Ports = 2> <Width = 8> <Depth = 16> <RAM>
ST_3 : Operation 1557 [1/1] (2.15ns)   --->   "%store_ln134 = store i8 %gmem2_addr_read, i4 %V_tile_355_addr" [/home/siyenga7/FPGA/attention_int8.cpp:134]   --->   Operation 1557 'store' 'store_ln134' <Predicate = (trunc_ln131 == 5 & trunc_ln130 == 35)> <Delay = 2.15> <CoreInst = "RAM">   --->   Core 82 'RAM' <Latency = 1> <II = 1> <Delay = 2.15> <Storage> <Opcode : 'load' 'store'> <Ports = 2> <Width = 8> <Depth = 16> <RAM>
ST_3 : Operation 1558 [1/1] (2.15ns)   --->   "%store_ln134 = store i8 %gmem2_addr_read, i4 %V_tile_354_addr" [/home/siyenga7/FPGA/attention_int8.cpp:134]   --->   Operation 1558 'store' 'store_ln134' <Predicate = (trunc_ln131 == 5 & trunc_ln130 == 34)> <Delay = 2.15> <CoreInst = "RAM">   --->   Core 82 'RAM' <Latency = 1> <II = 1> <Delay = 2.15> <Storage> <Opcode : 'load' 'store'> <Ports = 2> <Width = 8> <Depth = 16> <RAM>
ST_3 : Operation 1559 [1/1] (2.15ns)   --->   "%store_ln134 = store i8 %gmem2_addr_read, i4 %V_tile_353_addr" [/home/siyenga7/FPGA/attention_int8.cpp:134]   --->   Operation 1559 'store' 'store_ln134' <Predicate = (trunc_ln131 == 5 & trunc_ln130 == 33)> <Delay = 2.15> <CoreInst = "RAM">   --->   Core 82 'RAM' <Latency = 1> <II = 1> <Delay = 2.15> <Storage> <Opcode : 'load' 'store'> <Ports = 2> <Width = 8> <Depth = 16> <RAM>
ST_3 : Operation 1560 [1/1] (2.15ns)   --->   "%store_ln134 = store i8 %gmem2_addr_read, i4 %V_tile_352_addr" [/home/siyenga7/FPGA/attention_int8.cpp:134]   --->   Operation 1560 'store' 'store_ln134' <Predicate = (trunc_ln131 == 5 & trunc_ln130 == 32)> <Delay = 2.15> <CoreInst = "RAM">   --->   Core 82 'RAM' <Latency = 1> <II = 1> <Delay = 2.15> <Storage> <Opcode : 'load' 'store'> <Ports = 2> <Width = 8> <Depth = 16> <RAM>
ST_3 : Operation 1561 [1/1] (2.15ns)   --->   "%store_ln134 = store i8 %gmem2_addr_read, i4 %V_tile_351_addr" [/home/siyenga7/FPGA/attention_int8.cpp:134]   --->   Operation 1561 'store' 'store_ln134' <Predicate = (trunc_ln131 == 5 & trunc_ln130 == 31)> <Delay = 2.15> <CoreInst = "RAM">   --->   Core 82 'RAM' <Latency = 1> <II = 1> <Delay = 2.15> <Storage> <Opcode : 'load' 'store'> <Ports = 2> <Width = 8> <Depth = 16> <RAM>
ST_3 : Operation 1562 [1/1] (2.15ns)   --->   "%store_ln134 = store i8 %gmem2_addr_read, i4 %V_tile_350_addr" [/home/siyenga7/FPGA/attention_int8.cpp:134]   --->   Operation 1562 'store' 'store_ln134' <Predicate = (trunc_ln131 == 5 & trunc_ln130 == 30)> <Delay = 2.15> <CoreInst = "RAM">   --->   Core 82 'RAM' <Latency = 1> <II = 1> <Delay = 2.15> <Storage> <Opcode : 'load' 'store'> <Ports = 2> <Width = 8> <Depth = 16> <RAM>
ST_3 : Operation 1563 [1/1] (2.15ns)   --->   "%store_ln134 = store i8 %gmem2_addr_read, i4 %V_tile_349_addr" [/home/siyenga7/FPGA/attention_int8.cpp:134]   --->   Operation 1563 'store' 'store_ln134' <Predicate = (trunc_ln131 == 5 & trunc_ln130 == 29)> <Delay = 2.15> <CoreInst = "RAM">   --->   Core 82 'RAM' <Latency = 1> <II = 1> <Delay = 2.15> <Storage> <Opcode : 'load' 'store'> <Ports = 2> <Width = 8> <Depth = 16> <RAM>
ST_3 : Operation 1564 [1/1] (2.15ns)   --->   "%store_ln134 = store i8 %gmem2_addr_read, i4 %V_tile_348_addr" [/home/siyenga7/FPGA/attention_int8.cpp:134]   --->   Operation 1564 'store' 'store_ln134' <Predicate = (trunc_ln131 == 5 & trunc_ln130 == 28)> <Delay = 2.15> <CoreInst = "RAM">   --->   Core 82 'RAM' <Latency = 1> <II = 1> <Delay = 2.15> <Storage> <Opcode : 'load' 'store'> <Ports = 2> <Width = 8> <Depth = 16> <RAM>
ST_3 : Operation 1565 [1/1] (2.15ns)   --->   "%store_ln134 = store i8 %gmem2_addr_read, i4 %V_tile_347_addr" [/home/siyenga7/FPGA/attention_int8.cpp:134]   --->   Operation 1565 'store' 'store_ln134' <Predicate = (trunc_ln131 == 5 & trunc_ln130 == 27)> <Delay = 2.15> <CoreInst = "RAM">   --->   Core 82 'RAM' <Latency = 1> <II = 1> <Delay = 2.15> <Storage> <Opcode : 'load' 'store'> <Ports = 2> <Width = 8> <Depth = 16> <RAM>
ST_3 : Operation 1566 [1/1] (2.15ns)   --->   "%store_ln134 = store i8 %gmem2_addr_read, i4 %V_tile_346_addr" [/home/siyenga7/FPGA/attention_int8.cpp:134]   --->   Operation 1566 'store' 'store_ln134' <Predicate = (trunc_ln131 == 5 & trunc_ln130 == 26)> <Delay = 2.15> <CoreInst = "RAM">   --->   Core 82 'RAM' <Latency = 1> <II = 1> <Delay = 2.15> <Storage> <Opcode : 'load' 'store'> <Ports = 2> <Width = 8> <Depth = 16> <RAM>
ST_3 : Operation 1567 [1/1] (2.15ns)   --->   "%store_ln134 = store i8 %gmem2_addr_read, i4 %V_tile_345_addr" [/home/siyenga7/FPGA/attention_int8.cpp:134]   --->   Operation 1567 'store' 'store_ln134' <Predicate = (trunc_ln131 == 5 & trunc_ln130 == 25)> <Delay = 2.15> <CoreInst = "RAM">   --->   Core 82 'RAM' <Latency = 1> <II = 1> <Delay = 2.15> <Storage> <Opcode : 'load' 'store'> <Ports = 2> <Width = 8> <Depth = 16> <RAM>
ST_3 : Operation 1568 [1/1] (2.15ns)   --->   "%store_ln134 = store i8 %gmem2_addr_read, i4 %V_tile_344_addr" [/home/siyenga7/FPGA/attention_int8.cpp:134]   --->   Operation 1568 'store' 'store_ln134' <Predicate = (trunc_ln131 == 5 & trunc_ln130 == 24)> <Delay = 2.15> <CoreInst = "RAM">   --->   Core 82 'RAM' <Latency = 1> <II = 1> <Delay = 2.15> <Storage> <Opcode : 'load' 'store'> <Ports = 2> <Width = 8> <Depth = 16> <RAM>
ST_3 : Operation 1569 [1/1] (2.15ns)   --->   "%store_ln134 = store i8 %gmem2_addr_read, i4 %V_tile_343_addr" [/home/siyenga7/FPGA/attention_int8.cpp:134]   --->   Operation 1569 'store' 'store_ln134' <Predicate = (trunc_ln131 == 5 & trunc_ln130 == 23)> <Delay = 2.15> <CoreInst = "RAM">   --->   Core 82 'RAM' <Latency = 1> <II = 1> <Delay = 2.15> <Storage> <Opcode : 'load' 'store'> <Ports = 2> <Width = 8> <Depth = 16> <RAM>
ST_3 : Operation 1570 [1/1] (2.15ns)   --->   "%store_ln134 = store i8 %gmem2_addr_read, i4 %V_tile_342_addr" [/home/siyenga7/FPGA/attention_int8.cpp:134]   --->   Operation 1570 'store' 'store_ln134' <Predicate = (trunc_ln131 == 5 & trunc_ln130 == 22)> <Delay = 2.15> <CoreInst = "RAM">   --->   Core 82 'RAM' <Latency = 1> <II = 1> <Delay = 2.15> <Storage> <Opcode : 'load' 'store'> <Ports = 2> <Width = 8> <Depth = 16> <RAM>
ST_3 : Operation 1571 [1/1] (2.15ns)   --->   "%store_ln134 = store i8 %gmem2_addr_read, i4 %V_tile_341_addr" [/home/siyenga7/FPGA/attention_int8.cpp:134]   --->   Operation 1571 'store' 'store_ln134' <Predicate = (trunc_ln131 == 5 & trunc_ln130 == 21)> <Delay = 2.15> <CoreInst = "RAM">   --->   Core 82 'RAM' <Latency = 1> <II = 1> <Delay = 2.15> <Storage> <Opcode : 'load' 'store'> <Ports = 2> <Width = 8> <Depth = 16> <RAM>
ST_3 : Operation 1572 [1/1] (2.15ns)   --->   "%store_ln134 = store i8 %gmem2_addr_read, i4 %V_tile_340_addr" [/home/siyenga7/FPGA/attention_int8.cpp:134]   --->   Operation 1572 'store' 'store_ln134' <Predicate = (trunc_ln131 == 5 & trunc_ln130 == 20)> <Delay = 2.15> <CoreInst = "RAM">   --->   Core 82 'RAM' <Latency = 1> <II = 1> <Delay = 2.15> <Storage> <Opcode : 'load' 'store'> <Ports = 2> <Width = 8> <Depth = 16> <RAM>
ST_3 : Operation 1573 [1/1] (2.15ns)   --->   "%store_ln134 = store i8 %gmem2_addr_read, i4 %V_tile_339_addr" [/home/siyenga7/FPGA/attention_int8.cpp:134]   --->   Operation 1573 'store' 'store_ln134' <Predicate = (trunc_ln131 == 5 & trunc_ln130 == 19)> <Delay = 2.15> <CoreInst = "RAM">   --->   Core 82 'RAM' <Latency = 1> <II = 1> <Delay = 2.15> <Storage> <Opcode : 'load' 'store'> <Ports = 2> <Width = 8> <Depth = 16> <RAM>
ST_3 : Operation 1574 [1/1] (2.15ns)   --->   "%store_ln134 = store i8 %gmem2_addr_read, i4 %V_tile_338_addr" [/home/siyenga7/FPGA/attention_int8.cpp:134]   --->   Operation 1574 'store' 'store_ln134' <Predicate = (trunc_ln131 == 5 & trunc_ln130 == 18)> <Delay = 2.15> <CoreInst = "RAM">   --->   Core 82 'RAM' <Latency = 1> <II = 1> <Delay = 2.15> <Storage> <Opcode : 'load' 'store'> <Ports = 2> <Width = 8> <Depth = 16> <RAM>
ST_3 : Operation 1575 [1/1] (2.15ns)   --->   "%store_ln134 = store i8 %gmem2_addr_read, i4 %V_tile_337_addr" [/home/siyenga7/FPGA/attention_int8.cpp:134]   --->   Operation 1575 'store' 'store_ln134' <Predicate = (trunc_ln131 == 5 & trunc_ln130 == 17)> <Delay = 2.15> <CoreInst = "RAM">   --->   Core 82 'RAM' <Latency = 1> <II = 1> <Delay = 2.15> <Storage> <Opcode : 'load' 'store'> <Ports = 2> <Width = 8> <Depth = 16> <RAM>
ST_3 : Operation 1576 [1/1] (2.15ns)   --->   "%store_ln134 = store i8 %gmem2_addr_read, i4 %V_tile_336_addr" [/home/siyenga7/FPGA/attention_int8.cpp:134]   --->   Operation 1576 'store' 'store_ln134' <Predicate = (trunc_ln131 == 5 & trunc_ln130 == 16)> <Delay = 2.15> <CoreInst = "RAM">   --->   Core 82 'RAM' <Latency = 1> <II = 1> <Delay = 2.15> <Storage> <Opcode : 'load' 'store'> <Ports = 2> <Width = 8> <Depth = 16> <RAM>
ST_3 : Operation 1577 [1/1] (2.15ns)   --->   "%store_ln134 = store i8 %gmem2_addr_read, i4 %V_tile_335_addr" [/home/siyenga7/FPGA/attention_int8.cpp:134]   --->   Operation 1577 'store' 'store_ln134' <Predicate = (trunc_ln131 == 5 & trunc_ln130 == 15)> <Delay = 2.15> <CoreInst = "RAM">   --->   Core 82 'RAM' <Latency = 1> <II = 1> <Delay = 2.15> <Storage> <Opcode : 'load' 'store'> <Ports = 2> <Width = 8> <Depth = 16> <RAM>
ST_3 : Operation 1578 [1/1] (2.15ns)   --->   "%store_ln134 = store i8 %gmem2_addr_read, i4 %V_tile_334_addr" [/home/siyenga7/FPGA/attention_int8.cpp:134]   --->   Operation 1578 'store' 'store_ln134' <Predicate = (trunc_ln131 == 5 & trunc_ln130 == 14)> <Delay = 2.15> <CoreInst = "RAM">   --->   Core 82 'RAM' <Latency = 1> <II = 1> <Delay = 2.15> <Storage> <Opcode : 'load' 'store'> <Ports = 2> <Width = 8> <Depth = 16> <RAM>
ST_3 : Operation 1579 [1/1] (2.15ns)   --->   "%store_ln134 = store i8 %gmem2_addr_read, i4 %V_tile_333_addr" [/home/siyenga7/FPGA/attention_int8.cpp:134]   --->   Operation 1579 'store' 'store_ln134' <Predicate = (trunc_ln131 == 5 & trunc_ln130 == 13)> <Delay = 2.15> <CoreInst = "RAM">   --->   Core 82 'RAM' <Latency = 1> <II = 1> <Delay = 2.15> <Storage> <Opcode : 'load' 'store'> <Ports = 2> <Width = 8> <Depth = 16> <RAM>
ST_3 : Operation 1580 [1/1] (2.15ns)   --->   "%store_ln134 = store i8 %gmem2_addr_read, i4 %V_tile_332_addr" [/home/siyenga7/FPGA/attention_int8.cpp:134]   --->   Operation 1580 'store' 'store_ln134' <Predicate = (trunc_ln131 == 5 & trunc_ln130 == 12)> <Delay = 2.15> <CoreInst = "RAM">   --->   Core 82 'RAM' <Latency = 1> <II = 1> <Delay = 2.15> <Storage> <Opcode : 'load' 'store'> <Ports = 2> <Width = 8> <Depth = 16> <RAM>
ST_3 : Operation 1581 [1/1] (2.15ns)   --->   "%store_ln134 = store i8 %gmem2_addr_read, i4 %V_tile_331_addr" [/home/siyenga7/FPGA/attention_int8.cpp:134]   --->   Operation 1581 'store' 'store_ln134' <Predicate = (trunc_ln131 == 5 & trunc_ln130 == 11)> <Delay = 2.15> <CoreInst = "RAM">   --->   Core 82 'RAM' <Latency = 1> <II = 1> <Delay = 2.15> <Storage> <Opcode : 'load' 'store'> <Ports = 2> <Width = 8> <Depth = 16> <RAM>
ST_3 : Operation 1582 [1/1] (2.15ns)   --->   "%store_ln134 = store i8 %gmem2_addr_read, i4 %V_tile_330_addr" [/home/siyenga7/FPGA/attention_int8.cpp:134]   --->   Operation 1582 'store' 'store_ln134' <Predicate = (trunc_ln131 == 5 & trunc_ln130 == 10)> <Delay = 2.15> <CoreInst = "RAM">   --->   Core 82 'RAM' <Latency = 1> <II = 1> <Delay = 2.15> <Storage> <Opcode : 'load' 'store'> <Ports = 2> <Width = 8> <Depth = 16> <RAM>
ST_3 : Operation 1583 [1/1] (2.15ns)   --->   "%store_ln134 = store i8 %gmem2_addr_read, i4 %V_tile_329_addr" [/home/siyenga7/FPGA/attention_int8.cpp:134]   --->   Operation 1583 'store' 'store_ln134' <Predicate = (trunc_ln131 == 5 & trunc_ln130 == 9)> <Delay = 2.15> <CoreInst = "RAM">   --->   Core 82 'RAM' <Latency = 1> <II = 1> <Delay = 2.15> <Storage> <Opcode : 'load' 'store'> <Ports = 2> <Width = 8> <Depth = 16> <RAM>
ST_3 : Operation 1584 [1/1] (2.15ns)   --->   "%store_ln134 = store i8 %gmem2_addr_read, i4 %V_tile_328_addr" [/home/siyenga7/FPGA/attention_int8.cpp:134]   --->   Operation 1584 'store' 'store_ln134' <Predicate = (trunc_ln131 == 5 & trunc_ln130 == 8)> <Delay = 2.15> <CoreInst = "RAM">   --->   Core 82 'RAM' <Latency = 1> <II = 1> <Delay = 2.15> <Storage> <Opcode : 'load' 'store'> <Ports = 2> <Width = 8> <Depth = 16> <RAM>
ST_3 : Operation 1585 [1/1] (2.15ns)   --->   "%store_ln134 = store i8 %gmem2_addr_read, i4 %V_tile_327_addr" [/home/siyenga7/FPGA/attention_int8.cpp:134]   --->   Operation 1585 'store' 'store_ln134' <Predicate = (trunc_ln131 == 5 & trunc_ln130 == 7)> <Delay = 2.15> <CoreInst = "RAM">   --->   Core 82 'RAM' <Latency = 1> <II = 1> <Delay = 2.15> <Storage> <Opcode : 'load' 'store'> <Ports = 2> <Width = 8> <Depth = 16> <RAM>
ST_3 : Operation 1586 [1/1] (2.15ns)   --->   "%store_ln134 = store i8 %gmem2_addr_read, i4 %V_tile_326_addr" [/home/siyenga7/FPGA/attention_int8.cpp:134]   --->   Operation 1586 'store' 'store_ln134' <Predicate = (trunc_ln131 == 5 & trunc_ln130 == 6)> <Delay = 2.15> <CoreInst = "RAM">   --->   Core 82 'RAM' <Latency = 1> <II = 1> <Delay = 2.15> <Storage> <Opcode : 'load' 'store'> <Ports = 2> <Width = 8> <Depth = 16> <RAM>
ST_3 : Operation 1587 [1/1] (2.15ns)   --->   "%store_ln134 = store i8 %gmem2_addr_read, i4 %V_tile_325_addr" [/home/siyenga7/FPGA/attention_int8.cpp:134]   --->   Operation 1587 'store' 'store_ln134' <Predicate = (trunc_ln131 == 5 & trunc_ln130 == 5)> <Delay = 2.15> <CoreInst = "RAM">   --->   Core 82 'RAM' <Latency = 1> <II = 1> <Delay = 2.15> <Storage> <Opcode : 'load' 'store'> <Ports = 2> <Width = 8> <Depth = 16> <RAM>
ST_3 : Operation 1588 [1/1] (2.15ns)   --->   "%store_ln134 = store i8 %gmem2_addr_read, i4 %V_tile_324_addr" [/home/siyenga7/FPGA/attention_int8.cpp:134]   --->   Operation 1588 'store' 'store_ln134' <Predicate = (trunc_ln131 == 5 & trunc_ln130 == 4)> <Delay = 2.15> <CoreInst = "RAM">   --->   Core 82 'RAM' <Latency = 1> <II = 1> <Delay = 2.15> <Storage> <Opcode : 'load' 'store'> <Ports = 2> <Width = 8> <Depth = 16> <RAM>
ST_3 : Operation 1589 [1/1] (2.15ns)   --->   "%store_ln134 = store i8 %gmem2_addr_read, i4 %V_tile_323_addr" [/home/siyenga7/FPGA/attention_int8.cpp:134]   --->   Operation 1589 'store' 'store_ln134' <Predicate = (trunc_ln131 == 5 & trunc_ln130 == 3)> <Delay = 2.15> <CoreInst = "RAM">   --->   Core 82 'RAM' <Latency = 1> <II = 1> <Delay = 2.15> <Storage> <Opcode : 'load' 'store'> <Ports = 2> <Width = 8> <Depth = 16> <RAM>
ST_3 : Operation 1590 [1/1] (2.15ns)   --->   "%store_ln134 = store i8 %gmem2_addr_read, i4 %V_tile_322_addr" [/home/siyenga7/FPGA/attention_int8.cpp:134]   --->   Operation 1590 'store' 'store_ln134' <Predicate = (trunc_ln131 == 5 & trunc_ln130 == 2)> <Delay = 2.15> <CoreInst = "RAM">   --->   Core 82 'RAM' <Latency = 1> <II = 1> <Delay = 2.15> <Storage> <Opcode : 'load' 'store'> <Ports = 2> <Width = 8> <Depth = 16> <RAM>
ST_3 : Operation 1591 [1/1] (2.15ns)   --->   "%store_ln134 = store i8 %gmem2_addr_read, i4 %V_tile_321_addr" [/home/siyenga7/FPGA/attention_int8.cpp:134]   --->   Operation 1591 'store' 'store_ln134' <Predicate = (trunc_ln131 == 5 & trunc_ln130 == 1)> <Delay = 2.15> <CoreInst = "RAM">   --->   Core 82 'RAM' <Latency = 1> <II = 1> <Delay = 2.15> <Storage> <Opcode : 'load' 'store'> <Ports = 2> <Width = 8> <Depth = 16> <RAM>
ST_3 : Operation 1592 [1/1] (2.15ns)   --->   "%store_ln134 = store i8 %gmem2_addr_read, i4 %V_tile_320_addr" [/home/siyenga7/FPGA/attention_int8.cpp:134]   --->   Operation 1592 'store' 'store_ln134' <Predicate = (trunc_ln131 == 5 & trunc_ln130 == 0)> <Delay = 2.15> <CoreInst = "RAM">   --->   Core 82 'RAM' <Latency = 1> <II = 1> <Delay = 2.15> <Storage> <Opcode : 'load' 'store'> <Ports = 2> <Width = 8> <Depth = 16> <RAM>
ST_3 : Operation 1593 [1/1] (2.15ns)   --->   "%store_ln134 = store i8 %gmem2_addr_read, i4 %V_tile_383_addr" [/home/siyenga7/FPGA/attention_int8.cpp:134]   --->   Operation 1593 'store' 'store_ln134' <Predicate = (trunc_ln131 == 5 & trunc_ln130 == 63)> <Delay = 2.15> <CoreInst = "RAM">   --->   Core 82 'RAM' <Latency = 1> <II = 1> <Delay = 2.15> <Storage> <Opcode : 'load' 'store'> <Ports = 2> <Width = 8> <Depth = 16> <RAM>
ST_3 : Operation 1594 [1/1] (0.00ns)   --->   "%br_ln134 = br void %arrayidx9113.exit" [/home/siyenga7/FPGA/attention_int8.cpp:134]   --->   Operation 1594 'br' 'br_ln134' <Predicate = (trunc_ln131 == 5)> <Delay = 0.00>
ST_3 : Operation 1595 [1/1] (2.15ns)   --->   "%store_ln134 = store i8 %gmem2_addr_read, i4 %V_tile_318_addr" [/home/siyenga7/FPGA/attention_int8.cpp:134]   --->   Operation 1595 'store' 'store_ln134' <Predicate = (trunc_ln131 == 4 & trunc_ln130 == 62)> <Delay = 2.15> <CoreInst = "RAM">   --->   Core 82 'RAM' <Latency = 1> <II = 1> <Delay = 2.15> <Storage> <Opcode : 'load' 'store'> <Ports = 2> <Width = 8> <Depth = 16> <RAM>
ST_3 : Operation 1596 [1/1] (2.15ns)   --->   "%store_ln134 = store i8 %gmem2_addr_read, i4 %V_tile_317_addr" [/home/siyenga7/FPGA/attention_int8.cpp:134]   --->   Operation 1596 'store' 'store_ln134' <Predicate = (trunc_ln131 == 4 & trunc_ln130 == 61)> <Delay = 2.15> <CoreInst = "RAM">   --->   Core 82 'RAM' <Latency = 1> <II = 1> <Delay = 2.15> <Storage> <Opcode : 'load' 'store'> <Ports = 2> <Width = 8> <Depth = 16> <RAM>
ST_3 : Operation 1597 [1/1] (2.15ns)   --->   "%store_ln134 = store i8 %gmem2_addr_read, i4 %V_tile_316_addr" [/home/siyenga7/FPGA/attention_int8.cpp:134]   --->   Operation 1597 'store' 'store_ln134' <Predicate = (trunc_ln131 == 4 & trunc_ln130 == 60)> <Delay = 2.15> <CoreInst = "RAM">   --->   Core 82 'RAM' <Latency = 1> <II = 1> <Delay = 2.15> <Storage> <Opcode : 'load' 'store'> <Ports = 2> <Width = 8> <Depth = 16> <RAM>
ST_3 : Operation 1598 [1/1] (2.15ns)   --->   "%store_ln134 = store i8 %gmem2_addr_read, i4 %V_tile_315_addr" [/home/siyenga7/FPGA/attention_int8.cpp:134]   --->   Operation 1598 'store' 'store_ln134' <Predicate = (trunc_ln131 == 4 & trunc_ln130 == 59)> <Delay = 2.15> <CoreInst = "RAM">   --->   Core 82 'RAM' <Latency = 1> <II = 1> <Delay = 2.15> <Storage> <Opcode : 'load' 'store'> <Ports = 2> <Width = 8> <Depth = 16> <RAM>
ST_3 : Operation 1599 [1/1] (2.15ns)   --->   "%store_ln134 = store i8 %gmem2_addr_read, i4 %V_tile_314_addr" [/home/siyenga7/FPGA/attention_int8.cpp:134]   --->   Operation 1599 'store' 'store_ln134' <Predicate = (trunc_ln131 == 4 & trunc_ln130 == 58)> <Delay = 2.15> <CoreInst = "RAM">   --->   Core 82 'RAM' <Latency = 1> <II = 1> <Delay = 2.15> <Storage> <Opcode : 'load' 'store'> <Ports = 2> <Width = 8> <Depth = 16> <RAM>
ST_3 : Operation 1600 [1/1] (2.15ns)   --->   "%store_ln134 = store i8 %gmem2_addr_read, i4 %V_tile_313_addr" [/home/siyenga7/FPGA/attention_int8.cpp:134]   --->   Operation 1600 'store' 'store_ln134' <Predicate = (trunc_ln131 == 4 & trunc_ln130 == 57)> <Delay = 2.15> <CoreInst = "RAM">   --->   Core 82 'RAM' <Latency = 1> <II = 1> <Delay = 2.15> <Storage> <Opcode : 'load' 'store'> <Ports = 2> <Width = 8> <Depth = 16> <RAM>
ST_3 : Operation 1601 [1/1] (2.15ns)   --->   "%store_ln134 = store i8 %gmem2_addr_read, i4 %V_tile_312_addr" [/home/siyenga7/FPGA/attention_int8.cpp:134]   --->   Operation 1601 'store' 'store_ln134' <Predicate = (trunc_ln131 == 4 & trunc_ln130 == 56)> <Delay = 2.15> <CoreInst = "RAM">   --->   Core 82 'RAM' <Latency = 1> <II = 1> <Delay = 2.15> <Storage> <Opcode : 'load' 'store'> <Ports = 2> <Width = 8> <Depth = 16> <RAM>
ST_3 : Operation 1602 [1/1] (2.15ns)   --->   "%store_ln134 = store i8 %gmem2_addr_read, i4 %V_tile_311_addr" [/home/siyenga7/FPGA/attention_int8.cpp:134]   --->   Operation 1602 'store' 'store_ln134' <Predicate = (trunc_ln131 == 4 & trunc_ln130 == 55)> <Delay = 2.15> <CoreInst = "RAM">   --->   Core 82 'RAM' <Latency = 1> <II = 1> <Delay = 2.15> <Storage> <Opcode : 'load' 'store'> <Ports = 2> <Width = 8> <Depth = 16> <RAM>
ST_3 : Operation 1603 [1/1] (2.15ns)   --->   "%store_ln134 = store i8 %gmem2_addr_read, i4 %V_tile_310_addr" [/home/siyenga7/FPGA/attention_int8.cpp:134]   --->   Operation 1603 'store' 'store_ln134' <Predicate = (trunc_ln131 == 4 & trunc_ln130 == 54)> <Delay = 2.15> <CoreInst = "RAM">   --->   Core 82 'RAM' <Latency = 1> <II = 1> <Delay = 2.15> <Storage> <Opcode : 'load' 'store'> <Ports = 2> <Width = 8> <Depth = 16> <RAM>
ST_3 : Operation 1604 [1/1] (2.15ns)   --->   "%store_ln134 = store i8 %gmem2_addr_read, i4 %V_tile_309_addr" [/home/siyenga7/FPGA/attention_int8.cpp:134]   --->   Operation 1604 'store' 'store_ln134' <Predicate = (trunc_ln131 == 4 & trunc_ln130 == 53)> <Delay = 2.15> <CoreInst = "RAM">   --->   Core 82 'RAM' <Latency = 1> <II = 1> <Delay = 2.15> <Storage> <Opcode : 'load' 'store'> <Ports = 2> <Width = 8> <Depth = 16> <RAM>
ST_3 : Operation 1605 [1/1] (2.15ns)   --->   "%store_ln134 = store i8 %gmem2_addr_read, i4 %V_tile_308_addr" [/home/siyenga7/FPGA/attention_int8.cpp:134]   --->   Operation 1605 'store' 'store_ln134' <Predicate = (trunc_ln131 == 4 & trunc_ln130 == 52)> <Delay = 2.15> <CoreInst = "RAM">   --->   Core 82 'RAM' <Latency = 1> <II = 1> <Delay = 2.15> <Storage> <Opcode : 'load' 'store'> <Ports = 2> <Width = 8> <Depth = 16> <RAM>
ST_3 : Operation 1606 [1/1] (2.15ns)   --->   "%store_ln134 = store i8 %gmem2_addr_read, i4 %V_tile_307_addr" [/home/siyenga7/FPGA/attention_int8.cpp:134]   --->   Operation 1606 'store' 'store_ln134' <Predicate = (trunc_ln131 == 4 & trunc_ln130 == 51)> <Delay = 2.15> <CoreInst = "RAM">   --->   Core 82 'RAM' <Latency = 1> <II = 1> <Delay = 2.15> <Storage> <Opcode : 'load' 'store'> <Ports = 2> <Width = 8> <Depth = 16> <RAM>
ST_3 : Operation 1607 [1/1] (2.15ns)   --->   "%store_ln134 = store i8 %gmem2_addr_read, i4 %V_tile_306_addr" [/home/siyenga7/FPGA/attention_int8.cpp:134]   --->   Operation 1607 'store' 'store_ln134' <Predicate = (trunc_ln131 == 4 & trunc_ln130 == 50)> <Delay = 2.15> <CoreInst = "RAM">   --->   Core 82 'RAM' <Latency = 1> <II = 1> <Delay = 2.15> <Storage> <Opcode : 'load' 'store'> <Ports = 2> <Width = 8> <Depth = 16> <RAM>
ST_3 : Operation 1608 [1/1] (2.15ns)   --->   "%store_ln134 = store i8 %gmem2_addr_read, i4 %V_tile_305_addr" [/home/siyenga7/FPGA/attention_int8.cpp:134]   --->   Operation 1608 'store' 'store_ln134' <Predicate = (trunc_ln131 == 4 & trunc_ln130 == 49)> <Delay = 2.15> <CoreInst = "RAM">   --->   Core 82 'RAM' <Latency = 1> <II = 1> <Delay = 2.15> <Storage> <Opcode : 'load' 'store'> <Ports = 2> <Width = 8> <Depth = 16> <RAM>
ST_3 : Operation 1609 [1/1] (2.15ns)   --->   "%store_ln134 = store i8 %gmem2_addr_read, i4 %V_tile_304_addr" [/home/siyenga7/FPGA/attention_int8.cpp:134]   --->   Operation 1609 'store' 'store_ln134' <Predicate = (trunc_ln131 == 4 & trunc_ln130 == 48)> <Delay = 2.15> <CoreInst = "RAM">   --->   Core 82 'RAM' <Latency = 1> <II = 1> <Delay = 2.15> <Storage> <Opcode : 'load' 'store'> <Ports = 2> <Width = 8> <Depth = 16> <RAM>
ST_3 : Operation 1610 [1/1] (2.15ns)   --->   "%store_ln134 = store i8 %gmem2_addr_read, i4 %V_tile_303_addr" [/home/siyenga7/FPGA/attention_int8.cpp:134]   --->   Operation 1610 'store' 'store_ln134' <Predicate = (trunc_ln131 == 4 & trunc_ln130 == 47)> <Delay = 2.15> <CoreInst = "RAM">   --->   Core 82 'RAM' <Latency = 1> <II = 1> <Delay = 2.15> <Storage> <Opcode : 'load' 'store'> <Ports = 2> <Width = 8> <Depth = 16> <RAM>
ST_3 : Operation 1611 [1/1] (2.15ns)   --->   "%store_ln134 = store i8 %gmem2_addr_read, i4 %V_tile_302_addr" [/home/siyenga7/FPGA/attention_int8.cpp:134]   --->   Operation 1611 'store' 'store_ln134' <Predicate = (trunc_ln131 == 4 & trunc_ln130 == 46)> <Delay = 2.15> <CoreInst = "RAM">   --->   Core 82 'RAM' <Latency = 1> <II = 1> <Delay = 2.15> <Storage> <Opcode : 'load' 'store'> <Ports = 2> <Width = 8> <Depth = 16> <RAM>
ST_3 : Operation 1612 [1/1] (2.15ns)   --->   "%store_ln134 = store i8 %gmem2_addr_read, i4 %V_tile_301_addr" [/home/siyenga7/FPGA/attention_int8.cpp:134]   --->   Operation 1612 'store' 'store_ln134' <Predicate = (trunc_ln131 == 4 & trunc_ln130 == 45)> <Delay = 2.15> <CoreInst = "RAM">   --->   Core 82 'RAM' <Latency = 1> <II = 1> <Delay = 2.15> <Storage> <Opcode : 'load' 'store'> <Ports = 2> <Width = 8> <Depth = 16> <RAM>
ST_3 : Operation 1613 [1/1] (2.15ns)   --->   "%store_ln134 = store i8 %gmem2_addr_read, i4 %V_tile_300_addr" [/home/siyenga7/FPGA/attention_int8.cpp:134]   --->   Operation 1613 'store' 'store_ln134' <Predicate = (trunc_ln131 == 4 & trunc_ln130 == 44)> <Delay = 2.15> <CoreInst = "RAM">   --->   Core 82 'RAM' <Latency = 1> <II = 1> <Delay = 2.15> <Storage> <Opcode : 'load' 'store'> <Ports = 2> <Width = 8> <Depth = 16> <RAM>
ST_3 : Operation 1614 [1/1] (2.15ns)   --->   "%store_ln134 = store i8 %gmem2_addr_read, i4 %V_tile_299_addr" [/home/siyenga7/FPGA/attention_int8.cpp:134]   --->   Operation 1614 'store' 'store_ln134' <Predicate = (trunc_ln131 == 4 & trunc_ln130 == 43)> <Delay = 2.15> <CoreInst = "RAM">   --->   Core 82 'RAM' <Latency = 1> <II = 1> <Delay = 2.15> <Storage> <Opcode : 'load' 'store'> <Ports = 2> <Width = 8> <Depth = 16> <RAM>
ST_3 : Operation 1615 [1/1] (2.15ns)   --->   "%store_ln134 = store i8 %gmem2_addr_read, i4 %V_tile_298_addr" [/home/siyenga7/FPGA/attention_int8.cpp:134]   --->   Operation 1615 'store' 'store_ln134' <Predicate = (trunc_ln131 == 4 & trunc_ln130 == 42)> <Delay = 2.15> <CoreInst = "RAM">   --->   Core 82 'RAM' <Latency = 1> <II = 1> <Delay = 2.15> <Storage> <Opcode : 'load' 'store'> <Ports = 2> <Width = 8> <Depth = 16> <RAM>
ST_3 : Operation 1616 [1/1] (2.15ns)   --->   "%store_ln134 = store i8 %gmem2_addr_read, i4 %V_tile_297_addr" [/home/siyenga7/FPGA/attention_int8.cpp:134]   --->   Operation 1616 'store' 'store_ln134' <Predicate = (trunc_ln131 == 4 & trunc_ln130 == 41)> <Delay = 2.15> <CoreInst = "RAM">   --->   Core 82 'RAM' <Latency = 1> <II = 1> <Delay = 2.15> <Storage> <Opcode : 'load' 'store'> <Ports = 2> <Width = 8> <Depth = 16> <RAM>
ST_3 : Operation 1617 [1/1] (2.15ns)   --->   "%store_ln134 = store i8 %gmem2_addr_read, i4 %V_tile_296_addr" [/home/siyenga7/FPGA/attention_int8.cpp:134]   --->   Operation 1617 'store' 'store_ln134' <Predicate = (trunc_ln131 == 4 & trunc_ln130 == 40)> <Delay = 2.15> <CoreInst = "RAM">   --->   Core 82 'RAM' <Latency = 1> <II = 1> <Delay = 2.15> <Storage> <Opcode : 'load' 'store'> <Ports = 2> <Width = 8> <Depth = 16> <RAM>
ST_3 : Operation 1618 [1/1] (2.15ns)   --->   "%store_ln134 = store i8 %gmem2_addr_read, i4 %V_tile_295_addr" [/home/siyenga7/FPGA/attention_int8.cpp:134]   --->   Operation 1618 'store' 'store_ln134' <Predicate = (trunc_ln131 == 4 & trunc_ln130 == 39)> <Delay = 2.15> <CoreInst = "RAM">   --->   Core 82 'RAM' <Latency = 1> <II = 1> <Delay = 2.15> <Storage> <Opcode : 'load' 'store'> <Ports = 2> <Width = 8> <Depth = 16> <RAM>
ST_3 : Operation 1619 [1/1] (2.15ns)   --->   "%store_ln134 = store i8 %gmem2_addr_read, i4 %V_tile_294_addr" [/home/siyenga7/FPGA/attention_int8.cpp:134]   --->   Operation 1619 'store' 'store_ln134' <Predicate = (trunc_ln131 == 4 & trunc_ln130 == 38)> <Delay = 2.15> <CoreInst = "RAM">   --->   Core 82 'RAM' <Latency = 1> <II = 1> <Delay = 2.15> <Storage> <Opcode : 'load' 'store'> <Ports = 2> <Width = 8> <Depth = 16> <RAM>
ST_3 : Operation 1620 [1/1] (2.15ns)   --->   "%store_ln134 = store i8 %gmem2_addr_read, i4 %V_tile_293_addr" [/home/siyenga7/FPGA/attention_int8.cpp:134]   --->   Operation 1620 'store' 'store_ln134' <Predicate = (trunc_ln131 == 4 & trunc_ln130 == 37)> <Delay = 2.15> <CoreInst = "RAM">   --->   Core 82 'RAM' <Latency = 1> <II = 1> <Delay = 2.15> <Storage> <Opcode : 'load' 'store'> <Ports = 2> <Width = 8> <Depth = 16> <RAM>
ST_3 : Operation 1621 [1/1] (2.15ns)   --->   "%store_ln134 = store i8 %gmem2_addr_read, i4 %V_tile_292_addr" [/home/siyenga7/FPGA/attention_int8.cpp:134]   --->   Operation 1621 'store' 'store_ln134' <Predicate = (trunc_ln131 == 4 & trunc_ln130 == 36)> <Delay = 2.15> <CoreInst = "RAM">   --->   Core 82 'RAM' <Latency = 1> <II = 1> <Delay = 2.15> <Storage> <Opcode : 'load' 'store'> <Ports = 2> <Width = 8> <Depth = 16> <RAM>
ST_3 : Operation 1622 [1/1] (2.15ns)   --->   "%store_ln134 = store i8 %gmem2_addr_read, i4 %V_tile_291_addr" [/home/siyenga7/FPGA/attention_int8.cpp:134]   --->   Operation 1622 'store' 'store_ln134' <Predicate = (trunc_ln131 == 4 & trunc_ln130 == 35)> <Delay = 2.15> <CoreInst = "RAM">   --->   Core 82 'RAM' <Latency = 1> <II = 1> <Delay = 2.15> <Storage> <Opcode : 'load' 'store'> <Ports = 2> <Width = 8> <Depth = 16> <RAM>
ST_3 : Operation 1623 [1/1] (2.15ns)   --->   "%store_ln134 = store i8 %gmem2_addr_read, i4 %V_tile_290_addr" [/home/siyenga7/FPGA/attention_int8.cpp:134]   --->   Operation 1623 'store' 'store_ln134' <Predicate = (trunc_ln131 == 4 & trunc_ln130 == 34)> <Delay = 2.15> <CoreInst = "RAM">   --->   Core 82 'RAM' <Latency = 1> <II = 1> <Delay = 2.15> <Storage> <Opcode : 'load' 'store'> <Ports = 2> <Width = 8> <Depth = 16> <RAM>
ST_3 : Operation 1624 [1/1] (2.15ns)   --->   "%store_ln134 = store i8 %gmem2_addr_read, i4 %V_tile_289_addr" [/home/siyenga7/FPGA/attention_int8.cpp:134]   --->   Operation 1624 'store' 'store_ln134' <Predicate = (trunc_ln131 == 4 & trunc_ln130 == 33)> <Delay = 2.15> <CoreInst = "RAM">   --->   Core 82 'RAM' <Latency = 1> <II = 1> <Delay = 2.15> <Storage> <Opcode : 'load' 'store'> <Ports = 2> <Width = 8> <Depth = 16> <RAM>
ST_3 : Operation 1625 [1/1] (2.15ns)   --->   "%store_ln134 = store i8 %gmem2_addr_read, i4 %V_tile_288_addr" [/home/siyenga7/FPGA/attention_int8.cpp:134]   --->   Operation 1625 'store' 'store_ln134' <Predicate = (trunc_ln131 == 4 & trunc_ln130 == 32)> <Delay = 2.15> <CoreInst = "RAM">   --->   Core 82 'RAM' <Latency = 1> <II = 1> <Delay = 2.15> <Storage> <Opcode : 'load' 'store'> <Ports = 2> <Width = 8> <Depth = 16> <RAM>
ST_3 : Operation 1626 [1/1] (2.15ns)   --->   "%store_ln134 = store i8 %gmem2_addr_read, i4 %V_tile_287_addr" [/home/siyenga7/FPGA/attention_int8.cpp:134]   --->   Operation 1626 'store' 'store_ln134' <Predicate = (trunc_ln131 == 4 & trunc_ln130 == 31)> <Delay = 2.15> <CoreInst = "RAM">   --->   Core 82 'RAM' <Latency = 1> <II = 1> <Delay = 2.15> <Storage> <Opcode : 'load' 'store'> <Ports = 2> <Width = 8> <Depth = 16> <RAM>
ST_3 : Operation 1627 [1/1] (2.15ns)   --->   "%store_ln134 = store i8 %gmem2_addr_read, i4 %V_tile_286_addr" [/home/siyenga7/FPGA/attention_int8.cpp:134]   --->   Operation 1627 'store' 'store_ln134' <Predicate = (trunc_ln131 == 4 & trunc_ln130 == 30)> <Delay = 2.15> <CoreInst = "RAM">   --->   Core 82 'RAM' <Latency = 1> <II = 1> <Delay = 2.15> <Storage> <Opcode : 'load' 'store'> <Ports = 2> <Width = 8> <Depth = 16> <RAM>
ST_3 : Operation 1628 [1/1] (2.15ns)   --->   "%store_ln134 = store i8 %gmem2_addr_read, i4 %V_tile_285_addr" [/home/siyenga7/FPGA/attention_int8.cpp:134]   --->   Operation 1628 'store' 'store_ln134' <Predicate = (trunc_ln131 == 4 & trunc_ln130 == 29)> <Delay = 2.15> <CoreInst = "RAM">   --->   Core 82 'RAM' <Latency = 1> <II = 1> <Delay = 2.15> <Storage> <Opcode : 'load' 'store'> <Ports = 2> <Width = 8> <Depth = 16> <RAM>
ST_3 : Operation 1629 [1/1] (2.15ns)   --->   "%store_ln134 = store i8 %gmem2_addr_read, i4 %V_tile_284_addr" [/home/siyenga7/FPGA/attention_int8.cpp:134]   --->   Operation 1629 'store' 'store_ln134' <Predicate = (trunc_ln131 == 4 & trunc_ln130 == 28)> <Delay = 2.15> <CoreInst = "RAM">   --->   Core 82 'RAM' <Latency = 1> <II = 1> <Delay = 2.15> <Storage> <Opcode : 'load' 'store'> <Ports = 2> <Width = 8> <Depth = 16> <RAM>
ST_3 : Operation 1630 [1/1] (2.15ns)   --->   "%store_ln134 = store i8 %gmem2_addr_read, i4 %V_tile_283_addr" [/home/siyenga7/FPGA/attention_int8.cpp:134]   --->   Operation 1630 'store' 'store_ln134' <Predicate = (trunc_ln131 == 4 & trunc_ln130 == 27)> <Delay = 2.15> <CoreInst = "RAM">   --->   Core 82 'RAM' <Latency = 1> <II = 1> <Delay = 2.15> <Storage> <Opcode : 'load' 'store'> <Ports = 2> <Width = 8> <Depth = 16> <RAM>
ST_3 : Operation 1631 [1/1] (2.15ns)   --->   "%store_ln134 = store i8 %gmem2_addr_read, i4 %V_tile_282_addr" [/home/siyenga7/FPGA/attention_int8.cpp:134]   --->   Operation 1631 'store' 'store_ln134' <Predicate = (trunc_ln131 == 4 & trunc_ln130 == 26)> <Delay = 2.15> <CoreInst = "RAM">   --->   Core 82 'RAM' <Latency = 1> <II = 1> <Delay = 2.15> <Storage> <Opcode : 'load' 'store'> <Ports = 2> <Width = 8> <Depth = 16> <RAM>
ST_3 : Operation 1632 [1/1] (2.15ns)   --->   "%store_ln134 = store i8 %gmem2_addr_read, i4 %V_tile_281_addr" [/home/siyenga7/FPGA/attention_int8.cpp:134]   --->   Operation 1632 'store' 'store_ln134' <Predicate = (trunc_ln131 == 4 & trunc_ln130 == 25)> <Delay = 2.15> <CoreInst = "RAM">   --->   Core 82 'RAM' <Latency = 1> <II = 1> <Delay = 2.15> <Storage> <Opcode : 'load' 'store'> <Ports = 2> <Width = 8> <Depth = 16> <RAM>
ST_3 : Operation 1633 [1/1] (2.15ns)   --->   "%store_ln134 = store i8 %gmem2_addr_read, i4 %V_tile_280_addr" [/home/siyenga7/FPGA/attention_int8.cpp:134]   --->   Operation 1633 'store' 'store_ln134' <Predicate = (trunc_ln131 == 4 & trunc_ln130 == 24)> <Delay = 2.15> <CoreInst = "RAM">   --->   Core 82 'RAM' <Latency = 1> <II = 1> <Delay = 2.15> <Storage> <Opcode : 'load' 'store'> <Ports = 2> <Width = 8> <Depth = 16> <RAM>
ST_3 : Operation 1634 [1/1] (2.15ns)   --->   "%store_ln134 = store i8 %gmem2_addr_read, i4 %V_tile_279_addr" [/home/siyenga7/FPGA/attention_int8.cpp:134]   --->   Operation 1634 'store' 'store_ln134' <Predicate = (trunc_ln131 == 4 & trunc_ln130 == 23)> <Delay = 2.15> <CoreInst = "RAM">   --->   Core 82 'RAM' <Latency = 1> <II = 1> <Delay = 2.15> <Storage> <Opcode : 'load' 'store'> <Ports = 2> <Width = 8> <Depth = 16> <RAM>
ST_3 : Operation 1635 [1/1] (2.15ns)   --->   "%store_ln134 = store i8 %gmem2_addr_read, i4 %V_tile_278_addr" [/home/siyenga7/FPGA/attention_int8.cpp:134]   --->   Operation 1635 'store' 'store_ln134' <Predicate = (trunc_ln131 == 4 & trunc_ln130 == 22)> <Delay = 2.15> <CoreInst = "RAM">   --->   Core 82 'RAM' <Latency = 1> <II = 1> <Delay = 2.15> <Storage> <Opcode : 'load' 'store'> <Ports = 2> <Width = 8> <Depth = 16> <RAM>
ST_3 : Operation 1636 [1/1] (2.15ns)   --->   "%store_ln134 = store i8 %gmem2_addr_read, i4 %V_tile_277_addr" [/home/siyenga7/FPGA/attention_int8.cpp:134]   --->   Operation 1636 'store' 'store_ln134' <Predicate = (trunc_ln131 == 4 & trunc_ln130 == 21)> <Delay = 2.15> <CoreInst = "RAM">   --->   Core 82 'RAM' <Latency = 1> <II = 1> <Delay = 2.15> <Storage> <Opcode : 'load' 'store'> <Ports = 2> <Width = 8> <Depth = 16> <RAM>
ST_3 : Operation 1637 [1/1] (2.15ns)   --->   "%store_ln134 = store i8 %gmem2_addr_read, i4 %V_tile_276_addr" [/home/siyenga7/FPGA/attention_int8.cpp:134]   --->   Operation 1637 'store' 'store_ln134' <Predicate = (trunc_ln131 == 4 & trunc_ln130 == 20)> <Delay = 2.15> <CoreInst = "RAM">   --->   Core 82 'RAM' <Latency = 1> <II = 1> <Delay = 2.15> <Storage> <Opcode : 'load' 'store'> <Ports = 2> <Width = 8> <Depth = 16> <RAM>
ST_3 : Operation 1638 [1/1] (2.15ns)   --->   "%store_ln134 = store i8 %gmem2_addr_read, i4 %V_tile_275_addr" [/home/siyenga7/FPGA/attention_int8.cpp:134]   --->   Operation 1638 'store' 'store_ln134' <Predicate = (trunc_ln131 == 4 & trunc_ln130 == 19)> <Delay = 2.15> <CoreInst = "RAM">   --->   Core 82 'RAM' <Latency = 1> <II = 1> <Delay = 2.15> <Storage> <Opcode : 'load' 'store'> <Ports = 2> <Width = 8> <Depth = 16> <RAM>
ST_3 : Operation 1639 [1/1] (2.15ns)   --->   "%store_ln134 = store i8 %gmem2_addr_read, i4 %V_tile_274_addr" [/home/siyenga7/FPGA/attention_int8.cpp:134]   --->   Operation 1639 'store' 'store_ln134' <Predicate = (trunc_ln131 == 4 & trunc_ln130 == 18)> <Delay = 2.15> <CoreInst = "RAM">   --->   Core 82 'RAM' <Latency = 1> <II = 1> <Delay = 2.15> <Storage> <Opcode : 'load' 'store'> <Ports = 2> <Width = 8> <Depth = 16> <RAM>
ST_3 : Operation 1640 [1/1] (2.15ns)   --->   "%store_ln134 = store i8 %gmem2_addr_read, i4 %V_tile_273_addr" [/home/siyenga7/FPGA/attention_int8.cpp:134]   --->   Operation 1640 'store' 'store_ln134' <Predicate = (trunc_ln131 == 4 & trunc_ln130 == 17)> <Delay = 2.15> <CoreInst = "RAM">   --->   Core 82 'RAM' <Latency = 1> <II = 1> <Delay = 2.15> <Storage> <Opcode : 'load' 'store'> <Ports = 2> <Width = 8> <Depth = 16> <RAM>
ST_3 : Operation 1641 [1/1] (2.15ns)   --->   "%store_ln134 = store i8 %gmem2_addr_read, i4 %V_tile_272_addr" [/home/siyenga7/FPGA/attention_int8.cpp:134]   --->   Operation 1641 'store' 'store_ln134' <Predicate = (trunc_ln131 == 4 & trunc_ln130 == 16)> <Delay = 2.15> <CoreInst = "RAM">   --->   Core 82 'RAM' <Latency = 1> <II = 1> <Delay = 2.15> <Storage> <Opcode : 'load' 'store'> <Ports = 2> <Width = 8> <Depth = 16> <RAM>
ST_3 : Operation 1642 [1/1] (2.15ns)   --->   "%store_ln134 = store i8 %gmem2_addr_read, i4 %V_tile_271_addr" [/home/siyenga7/FPGA/attention_int8.cpp:134]   --->   Operation 1642 'store' 'store_ln134' <Predicate = (trunc_ln131 == 4 & trunc_ln130 == 15)> <Delay = 2.15> <CoreInst = "RAM">   --->   Core 82 'RAM' <Latency = 1> <II = 1> <Delay = 2.15> <Storage> <Opcode : 'load' 'store'> <Ports = 2> <Width = 8> <Depth = 16> <RAM>
ST_3 : Operation 1643 [1/1] (2.15ns)   --->   "%store_ln134 = store i8 %gmem2_addr_read, i4 %V_tile_270_addr" [/home/siyenga7/FPGA/attention_int8.cpp:134]   --->   Operation 1643 'store' 'store_ln134' <Predicate = (trunc_ln131 == 4 & trunc_ln130 == 14)> <Delay = 2.15> <CoreInst = "RAM">   --->   Core 82 'RAM' <Latency = 1> <II = 1> <Delay = 2.15> <Storage> <Opcode : 'load' 'store'> <Ports = 2> <Width = 8> <Depth = 16> <RAM>
ST_3 : Operation 1644 [1/1] (2.15ns)   --->   "%store_ln134 = store i8 %gmem2_addr_read, i4 %V_tile_269_addr" [/home/siyenga7/FPGA/attention_int8.cpp:134]   --->   Operation 1644 'store' 'store_ln134' <Predicate = (trunc_ln131 == 4 & trunc_ln130 == 13)> <Delay = 2.15> <CoreInst = "RAM">   --->   Core 82 'RAM' <Latency = 1> <II = 1> <Delay = 2.15> <Storage> <Opcode : 'load' 'store'> <Ports = 2> <Width = 8> <Depth = 16> <RAM>
ST_3 : Operation 1645 [1/1] (2.15ns)   --->   "%store_ln134 = store i8 %gmem2_addr_read, i4 %V_tile_268_addr" [/home/siyenga7/FPGA/attention_int8.cpp:134]   --->   Operation 1645 'store' 'store_ln134' <Predicate = (trunc_ln131 == 4 & trunc_ln130 == 12)> <Delay = 2.15> <CoreInst = "RAM">   --->   Core 82 'RAM' <Latency = 1> <II = 1> <Delay = 2.15> <Storage> <Opcode : 'load' 'store'> <Ports = 2> <Width = 8> <Depth = 16> <RAM>
ST_3 : Operation 1646 [1/1] (2.15ns)   --->   "%store_ln134 = store i8 %gmem2_addr_read, i4 %V_tile_267_addr" [/home/siyenga7/FPGA/attention_int8.cpp:134]   --->   Operation 1646 'store' 'store_ln134' <Predicate = (trunc_ln131 == 4 & trunc_ln130 == 11)> <Delay = 2.15> <CoreInst = "RAM">   --->   Core 82 'RAM' <Latency = 1> <II = 1> <Delay = 2.15> <Storage> <Opcode : 'load' 'store'> <Ports = 2> <Width = 8> <Depth = 16> <RAM>
ST_3 : Operation 1647 [1/1] (2.15ns)   --->   "%store_ln134 = store i8 %gmem2_addr_read, i4 %V_tile_266_addr" [/home/siyenga7/FPGA/attention_int8.cpp:134]   --->   Operation 1647 'store' 'store_ln134' <Predicate = (trunc_ln131 == 4 & trunc_ln130 == 10)> <Delay = 2.15> <CoreInst = "RAM">   --->   Core 82 'RAM' <Latency = 1> <II = 1> <Delay = 2.15> <Storage> <Opcode : 'load' 'store'> <Ports = 2> <Width = 8> <Depth = 16> <RAM>
ST_3 : Operation 1648 [1/1] (2.15ns)   --->   "%store_ln134 = store i8 %gmem2_addr_read, i4 %V_tile_265_addr" [/home/siyenga7/FPGA/attention_int8.cpp:134]   --->   Operation 1648 'store' 'store_ln134' <Predicate = (trunc_ln131 == 4 & trunc_ln130 == 9)> <Delay = 2.15> <CoreInst = "RAM">   --->   Core 82 'RAM' <Latency = 1> <II = 1> <Delay = 2.15> <Storage> <Opcode : 'load' 'store'> <Ports = 2> <Width = 8> <Depth = 16> <RAM>
ST_3 : Operation 1649 [1/1] (2.15ns)   --->   "%store_ln134 = store i8 %gmem2_addr_read, i4 %V_tile_264_addr" [/home/siyenga7/FPGA/attention_int8.cpp:134]   --->   Operation 1649 'store' 'store_ln134' <Predicate = (trunc_ln131 == 4 & trunc_ln130 == 8)> <Delay = 2.15> <CoreInst = "RAM">   --->   Core 82 'RAM' <Latency = 1> <II = 1> <Delay = 2.15> <Storage> <Opcode : 'load' 'store'> <Ports = 2> <Width = 8> <Depth = 16> <RAM>
ST_3 : Operation 1650 [1/1] (2.15ns)   --->   "%store_ln134 = store i8 %gmem2_addr_read, i4 %V_tile_263_addr" [/home/siyenga7/FPGA/attention_int8.cpp:134]   --->   Operation 1650 'store' 'store_ln134' <Predicate = (trunc_ln131 == 4 & trunc_ln130 == 7)> <Delay = 2.15> <CoreInst = "RAM">   --->   Core 82 'RAM' <Latency = 1> <II = 1> <Delay = 2.15> <Storage> <Opcode : 'load' 'store'> <Ports = 2> <Width = 8> <Depth = 16> <RAM>
ST_3 : Operation 1651 [1/1] (2.15ns)   --->   "%store_ln134 = store i8 %gmem2_addr_read, i4 %V_tile_262_addr" [/home/siyenga7/FPGA/attention_int8.cpp:134]   --->   Operation 1651 'store' 'store_ln134' <Predicate = (trunc_ln131 == 4 & trunc_ln130 == 6)> <Delay = 2.15> <CoreInst = "RAM">   --->   Core 82 'RAM' <Latency = 1> <II = 1> <Delay = 2.15> <Storage> <Opcode : 'load' 'store'> <Ports = 2> <Width = 8> <Depth = 16> <RAM>
ST_3 : Operation 1652 [1/1] (2.15ns)   --->   "%store_ln134 = store i8 %gmem2_addr_read, i4 %V_tile_261_addr" [/home/siyenga7/FPGA/attention_int8.cpp:134]   --->   Operation 1652 'store' 'store_ln134' <Predicate = (trunc_ln131 == 4 & trunc_ln130 == 5)> <Delay = 2.15> <CoreInst = "RAM">   --->   Core 82 'RAM' <Latency = 1> <II = 1> <Delay = 2.15> <Storage> <Opcode : 'load' 'store'> <Ports = 2> <Width = 8> <Depth = 16> <RAM>
ST_3 : Operation 1653 [1/1] (2.15ns)   --->   "%store_ln134 = store i8 %gmem2_addr_read, i4 %V_tile_260_addr" [/home/siyenga7/FPGA/attention_int8.cpp:134]   --->   Operation 1653 'store' 'store_ln134' <Predicate = (trunc_ln131 == 4 & trunc_ln130 == 4)> <Delay = 2.15> <CoreInst = "RAM">   --->   Core 82 'RAM' <Latency = 1> <II = 1> <Delay = 2.15> <Storage> <Opcode : 'load' 'store'> <Ports = 2> <Width = 8> <Depth = 16> <RAM>
ST_3 : Operation 1654 [1/1] (2.15ns)   --->   "%store_ln134 = store i8 %gmem2_addr_read, i4 %V_tile_259_addr" [/home/siyenga7/FPGA/attention_int8.cpp:134]   --->   Operation 1654 'store' 'store_ln134' <Predicate = (trunc_ln131 == 4 & trunc_ln130 == 3)> <Delay = 2.15> <CoreInst = "RAM">   --->   Core 82 'RAM' <Latency = 1> <II = 1> <Delay = 2.15> <Storage> <Opcode : 'load' 'store'> <Ports = 2> <Width = 8> <Depth = 16> <RAM>
ST_3 : Operation 1655 [1/1] (2.15ns)   --->   "%store_ln134 = store i8 %gmem2_addr_read, i4 %V_tile_258_addr" [/home/siyenga7/FPGA/attention_int8.cpp:134]   --->   Operation 1655 'store' 'store_ln134' <Predicate = (trunc_ln131 == 4 & trunc_ln130 == 2)> <Delay = 2.15> <CoreInst = "RAM">   --->   Core 82 'RAM' <Latency = 1> <II = 1> <Delay = 2.15> <Storage> <Opcode : 'load' 'store'> <Ports = 2> <Width = 8> <Depth = 16> <RAM>
ST_3 : Operation 1656 [1/1] (2.15ns)   --->   "%store_ln134 = store i8 %gmem2_addr_read, i4 %V_tile_257_addr" [/home/siyenga7/FPGA/attention_int8.cpp:134]   --->   Operation 1656 'store' 'store_ln134' <Predicate = (trunc_ln131 == 4 & trunc_ln130 == 1)> <Delay = 2.15> <CoreInst = "RAM">   --->   Core 82 'RAM' <Latency = 1> <II = 1> <Delay = 2.15> <Storage> <Opcode : 'load' 'store'> <Ports = 2> <Width = 8> <Depth = 16> <RAM>
ST_3 : Operation 1657 [1/1] (2.15ns)   --->   "%store_ln134 = store i8 %gmem2_addr_read, i4 %V_tile_256_addr" [/home/siyenga7/FPGA/attention_int8.cpp:134]   --->   Operation 1657 'store' 'store_ln134' <Predicate = (trunc_ln131 == 4 & trunc_ln130 == 0)> <Delay = 2.15> <CoreInst = "RAM">   --->   Core 82 'RAM' <Latency = 1> <II = 1> <Delay = 2.15> <Storage> <Opcode : 'load' 'store'> <Ports = 2> <Width = 8> <Depth = 16> <RAM>
ST_3 : Operation 1658 [1/1] (2.15ns)   --->   "%store_ln134 = store i8 %gmem2_addr_read, i4 %V_tile_319_addr" [/home/siyenga7/FPGA/attention_int8.cpp:134]   --->   Operation 1658 'store' 'store_ln134' <Predicate = (trunc_ln131 == 4 & trunc_ln130 == 63)> <Delay = 2.15> <CoreInst = "RAM">   --->   Core 82 'RAM' <Latency = 1> <II = 1> <Delay = 2.15> <Storage> <Opcode : 'load' 'store'> <Ports = 2> <Width = 8> <Depth = 16> <RAM>
ST_3 : Operation 1659 [1/1] (0.00ns)   --->   "%br_ln134 = br void %arrayidx9113.exit" [/home/siyenga7/FPGA/attention_int8.cpp:134]   --->   Operation 1659 'br' 'br_ln134' <Predicate = (trunc_ln131 == 4)> <Delay = 0.00>
ST_3 : Operation 1660 [1/1] (2.15ns)   --->   "%store_ln134 = store i8 %gmem2_addr_read, i4 %V_tile_254_addr" [/home/siyenga7/FPGA/attention_int8.cpp:134]   --->   Operation 1660 'store' 'store_ln134' <Predicate = (trunc_ln131 == 3 & trunc_ln130 == 62)> <Delay = 2.15> <CoreInst = "RAM">   --->   Core 82 'RAM' <Latency = 1> <II = 1> <Delay = 2.15> <Storage> <Opcode : 'load' 'store'> <Ports = 2> <Width = 8> <Depth = 16> <RAM>
ST_3 : Operation 1661 [1/1] (2.15ns)   --->   "%store_ln134 = store i8 %gmem2_addr_read, i4 %V_tile_253_addr" [/home/siyenga7/FPGA/attention_int8.cpp:134]   --->   Operation 1661 'store' 'store_ln134' <Predicate = (trunc_ln131 == 3 & trunc_ln130 == 61)> <Delay = 2.15> <CoreInst = "RAM">   --->   Core 82 'RAM' <Latency = 1> <II = 1> <Delay = 2.15> <Storage> <Opcode : 'load' 'store'> <Ports = 2> <Width = 8> <Depth = 16> <RAM>
ST_3 : Operation 1662 [1/1] (2.15ns)   --->   "%store_ln134 = store i8 %gmem2_addr_read, i4 %V_tile_252_addr" [/home/siyenga7/FPGA/attention_int8.cpp:134]   --->   Operation 1662 'store' 'store_ln134' <Predicate = (trunc_ln131 == 3 & trunc_ln130 == 60)> <Delay = 2.15> <CoreInst = "RAM">   --->   Core 82 'RAM' <Latency = 1> <II = 1> <Delay = 2.15> <Storage> <Opcode : 'load' 'store'> <Ports = 2> <Width = 8> <Depth = 16> <RAM>
ST_3 : Operation 1663 [1/1] (2.15ns)   --->   "%store_ln134 = store i8 %gmem2_addr_read, i4 %V_tile_251_addr" [/home/siyenga7/FPGA/attention_int8.cpp:134]   --->   Operation 1663 'store' 'store_ln134' <Predicate = (trunc_ln131 == 3 & trunc_ln130 == 59)> <Delay = 2.15> <CoreInst = "RAM">   --->   Core 82 'RAM' <Latency = 1> <II = 1> <Delay = 2.15> <Storage> <Opcode : 'load' 'store'> <Ports = 2> <Width = 8> <Depth = 16> <RAM>
ST_3 : Operation 1664 [1/1] (2.15ns)   --->   "%store_ln134 = store i8 %gmem2_addr_read, i4 %V_tile_250_addr" [/home/siyenga7/FPGA/attention_int8.cpp:134]   --->   Operation 1664 'store' 'store_ln134' <Predicate = (trunc_ln131 == 3 & trunc_ln130 == 58)> <Delay = 2.15> <CoreInst = "RAM">   --->   Core 82 'RAM' <Latency = 1> <II = 1> <Delay = 2.15> <Storage> <Opcode : 'load' 'store'> <Ports = 2> <Width = 8> <Depth = 16> <RAM>
ST_3 : Operation 1665 [1/1] (2.15ns)   --->   "%store_ln134 = store i8 %gmem2_addr_read, i4 %V_tile_249_addr" [/home/siyenga7/FPGA/attention_int8.cpp:134]   --->   Operation 1665 'store' 'store_ln134' <Predicate = (trunc_ln131 == 3 & trunc_ln130 == 57)> <Delay = 2.15> <CoreInst = "RAM">   --->   Core 82 'RAM' <Latency = 1> <II = 1> <Delay = 2.15> <Storage> <Opcode : 'load' 'store'> <Ports = 2> <Width = 8> <Depth = 16> <RAM>
ST_3 : Operation 1666 [1/1] (2.15ns)   --->   "%store_ln134 = store i8 %gmem2_addr_read, i4 %V_tile_248_addr" [/home/siyenga7/FPGA/attention_int8.cpp:134]   --->   Operation 1666 'store' 'store_ln134' <Predicate = (trunc_ln131 == 3 & trunc_ln130 == 56)> <Delay = 2.15> <CoreInst = "RAM">   --->   Core 82 'RAM' <Latency = 1> <II = 1> <Delay = 2.15> <Storage> <Opcode : 'load' 'store'> <Ports = 2> <Width = 8> <Depth = 16> <RAM>
ST_3 : Operation 1667 [1/1] (2.15ns)   --->   "%store_ln134 = store i8 %gmem2_addr_read, i4 %V_tile_247_addr" [/home/siyenga7/FPGA/attention_int8.cpp:134]   --->   Operation 1667 'store' 'store_ln134' <Predicate = (trunc_ln131 == 3 & trunc_ln130 == 55)> <Delay = 2.15> <CoreInst = "RAM">   --->   Core 82 'RAM' <Latency = 1> <II = 1> <Delay = 2.15> <Storage> <Opcode : 'load' 'store'> <Ports = 2> <Width = 8> <Depth = 16> <RAM>
ST_3 : Operation 1668 [1/1] (2.15ns)   --->   "%store_ln134 = store i8 %gmem2_addr_read, i4 %V_tile_246_addr" [/home/siyenga7/FPGA/attention_int8.cpp:134]   --->   Operation 1668 'store' 'store_ln134' <Predicate = (trunc_ln131 == 3 & trunc_ln130 == 54)> <Delay = 2.15> <CoreInst = "RAM">   --->   Core 82 'RAM' <Latency = 1> <II = 1> <Delay = 2.15> <Storage> <Opcode : 'load' 'store'> <Ports = 2> <Width = 8> <Depth = 16> <RAM>
ST_3 : Operation 1669 [1/1] (2.15ns)   --->   "%store_ln134 = store i8 %gmem2_addr_read, i4 %V_tile_245_addr" [/home/siyenga7/FPGA/attention_int8.cpp:134]   --->   Operation 1669 'store' 'store_ln134' <Predicate = (trunc_ln131 == 3 & trunc_ln130 == 53)> <Delay = 2.15> <CoreInst = "RAM">   --->   Core 82 'RAM' <Latency = 1> <II = 1> <Delay = 2.15> <Storage> <Opcode : 'load' 'store'> <Ports = 2> <Width = 8> <Depth = 16> <RAM>
ST_3 : Operation 1670 [1/1] (2.15ns)   --->   "%store_ln134 = store i8 %gmem2_addr_read, i4 %V_tile_244_addr" [/home/siyenga7/FPGA/attention_int8.cpp:134]   --->   Operation 1670 'store' 'store_ln134' <Predicate = (trunc_ln131 == 3 & trunc_ln130 == 52)> <Delay = 2.15> <CoreInst = "RAM">   --->   Core 82 'RAM' <Latency = 1> <II = 1> <Delay = 2.15> <Storage> <Opcode : 'load' 'store'> <Ports = 2> <Width = 8> <Depth = 16> <RAM>
ST_3 : Operation 1671 [1/1] (2.15ns)   --->   "%store_ln134 = store i8 %gmem2_addr_read, i4 %V_tile_243_addr" [/home/siyenga7/FPGA/attention_int8.cpp:134]   --->   Operation 1671 'store' 'store_ln134' <Predicate = (trunc_ln131 == 3 & trunc_ln130 == 51)> <Delay = 2.15> <CoreInst = "RAM">   --->   Core 82 'RAM' <Latency = 1> <II = 1> <Delay = 2.15> <Storage> <Opcode : 'load' 'store'> <Ports = 2> <Width = 8> <Depth = 16> <RAM>
ST_3 : Operation 1672 [1/1] (2.15ns)   --->   "%store_ln134 = store i8 %gmem2_addr_read, i4 %V_tile_242_addr" [/home/siyenga7/FPGA/attention_int8.cpp:134]   --->   Operation 1672 'store' 'store_ln134' <Predicate = (trunc_ln131 == 3 & trunc_ln130 == 50)> <Delay = 2.15> <CoreInst = "RAM">   --->   Core 82 'RAM' <Latency = 1> <II = 1> <Delay = 2.15> <Storage> <Opcode : 'load' 'store'> <Ports = 2> <Width = 8> <Depth = 16> <RAM>
ST_3 : Operation 1673 [1/1] (2.15ns)   --->   "%store_ln134 = store i8 %gmem2_addr_read, i4 %V_tile_241_addr" [/home/siyenga7/FPGA/attention_int8.cpp:134]   --->   Operation 1673 'store' 'store_ln134' <Predicate = (trunc_ln131 == 3 & trunc_ln130 == 49)> <Delay = 2.15> <CoreInst = "RAM">   --->   Core 82 'RAM' <Latency = 1> <II = 1> <Delay = 2.15> <Storage> <Opcode : 'load' 'store'> <Ports = 2> <Width = 8> <Depth = 16> <RAM>
ST_3 : Operation 1674 [1/1] (2.15ns)   --->   "%store_ln134 = store i8 %gmem2_addr_read, i4 %V_tile_240_addr" [/home/siyenga7/FPGA/attention_int8.cpp:134]   --->   Operation 1674 'store' 'store_ln134' <Predicate = (trunc_ln131 == 3 & trunc_ln130 == 48)> <Delay = 2.15> <CoreInst = "RAM">   --->   Core 82 'RAM' <Latency = 1> <II = 1> <Delay = 2.15> <Storage> <Opcode : 'load' 'store'> <Ports = 2> <Width = 8> <Depth = 16> <RAM>
ST_3 : Operation 1675 [1/1] (2.15ns)   --->   "%store_ln134 = store i8 %gmem2_addr_read, i4 %V_tile_239_addr" [/home/siyenga7/FPGA/attention_int8.cpp:134]   --->   Operation 1675 'store' 'store_ln134' <Predicate = (trunc_ln131 == 3 & trunc_ln130 == 47)> <Delay = 2.15> <CoreInst = "RAM">   --->   Core 82 'RAM' <Latency = 1> <II = 1> <Delay = 2.15> <Storage> <Opcode : 'load' 'store'> <Ports = 2> <Width = 8> <Depth = 16> <RAM>
ST_3 : Operation 1676 [1/1] (2.15ns)   --->   "%store_ln134 = store i8 %gmem2_addr_read, i4 %V_tile_238_addr" [/home/siyenga7/FPGA/attention_int8.cpp:134]   --->   Operation 1676 'store' 'store_ln134' <Predicate = (trunc_ln131 == 3 & trunc_ln130 == 46)> <Delay = 2.15> <CoreInst = "RAM">   --->   Core 82 'RAM' <Latency = 1> <II = 1> <Delay = 2.15> <Storage> <Opcode : 'load' 'store'> <Ports = 2> <Width = 8> <Depth = 16> <RAM>
ST_3 : Operation 1677 [1/1] (2.15ns)   --->   "%store_ln134 = store i8 %gmem2_addr_read, i4 %V_tile_237_addr" [/home/siyenga7/FPGA/attention_int8.cpp:134]   --->   Operation 1677 'store' 'store_ln134' <Predicate = (trunc_ln131 == 3 & trunc_ln130 == 45)> <Delay = 2.15> <CoreInst = "RAM">   --->   Core 82 'RAM' <Latency = 1> <II = 1> <Delay = 2.15> <Storage> <Opcode : 'load' 'store'> <Ports = 2> <Width = 8> <Depth = 16> <RAM>
ST_3 : Operation 1678 [1/1] (2.15ns)   --->   "%store_ln134 = store i8 %gmem2_addr_read, i4 %V_tile_236_addr" [/home/siyenga7/FPGA/attention_int8.cpp:134]   --->   Operation 1678 'store' 'store_ln134' <Predicate = (trunc_ln131 == 3 & trunc_ln130 == 44)> <Delay = 2.15> <CoreInst = "RAM">   --->   Core 82 'RAM' <Latency = 1> <II = 1> <Delay = 2.15> <Storage> <Opcode : 'load' 'store'> <Ports = 2> <Width = 8> <Depth = 16> <RAM>
ST_3 : Operation 1679 [1/1] (2.15ns)   --->   "%store_ln134 = store i8 %gmem2_addr_read, i4 %V_tile_235_addr" [/home/siyenga7/FPGA/attention_int8.cpp:134]   --->   Operation 1679 'store' 'store_ln134' <Predicate = (trunc_ln131 == 3 & trunc_ln130 == 43)> <Delay = 2.15> <CoreInst = "RAM">   --->   Core 82 'RAM' <Latency = 1> <II = 1> <Delay = 2.15> <Storage> <Opcode : 'load' 'store'> <Ports = 2> <Width = 8> <Depth = 16> <RAM>
ST_3 : Operation 1680 [1/1] (2.15ns)   --->   "%store_ln134 = store i8 %gmem2_addr_read, i4 %V_tile_234_addr" [/home/siyenga7/FPGA/attention_int8.cpp:134]   --->   Operation 1680 'store' 'store_ln134' <Predicate = (trunc_ln131 == 3 & trunc_ln130 == 42)> <Delay = 2.15> <CoreInst = "RAM">   --->   Core 82 'RAM' <Latency = 1> <II = 1> <Delay = 2.15> <Storage> <Opcode : 'load' 'store'> <Ports = 2> <Width = 8> <Depth = 16> <RAM>
ST_3 : Operation 1681 [1/1] (2.15ns)   --->   "%store_ln134 = store i8 %gmem2_addr_read, i4 %V_tile_233_addr" [/home/siyenga7/FPGA/attention_int8.cpp:134]   --->   Operation 1681 'store' 'store_ln134' <Predicate = (trunc_ln131 == 3 & trunc_ln130 == 41)> <Delay = 2.15> <CoreInst = "RAM">   --->   Core 82 'RAM' <Latency = 1> <II = 1> <Delay = 2.15> <Storage> <Opcode : 'load' 'store'> <Ports = 2> <Width = 8> <Depth = 16> <RAM>
ST_3 : Operation 1682 [1/1] (2.15ns)   --->   "%store_ln134 = store i8 %gmem2_addr_read, i4 %V_tile_232_addr" [/home/siyenga7/FPGA/attention_int8.cpp:134]   --->   Operation 1682 'store' 'store_ln134' <Predicate = (trunc_ln131 == 3 & trunc_ln130 == 40)> <Delay = 2.15> <CoreInst = "RAM">   --->   Core 82 'RAM' <Latency = 1> <II = 1> <Delay = 2.15> <Storage> <Opcode : 'load' 'store'> <Ports = 2> <Width = 8> <Depth = 16> <RAM>
ST_3 : Operation 1683 [1/1] (2.15ns)   --->   "%store_ln134 = store i8 %gmem2_addr_read, i4 %V_tile_231_addr" [/home/siyenga7/FPGA/attention_int8.cpp:134]   --->   Operation 1683 'store' 'store_ln134' <Predicate = (trunc_ln131 == 3 & trunc_ln130 == 39)> <Delay = 2.15> <CoreInst = "RAM">   --->   Core 82 'RAM' <Latency = 1> <II = 1> <Delay = 2.15> <Storage> <Opcode : 'load' 'store'> <Ports = 2> <Width = 8> <Depth = 16> <RAM>
ST_3 : Operation 1684 [1/1] (2.15ns)   --->   "%store_ln134 = store i8 %gmem2_addr_read, i4 %V_tile_230_addr" [/home/siyenga7/FPGA/attention_int8.cpp:134]   --->   Operation 1684 'store' 'store_ln134' <Predicate = (trunc_ln131 == 3 & trunc_ln130 == 38)> <Delay = 2.15> <CoreInst = "RAM">   --->   Core 82 'RAM' <Latency = 1> <II = 1> <Delay = 2.15> <Storage> <Opcode : 'load' 'store'> <Ports = 2> <Width = 8> <Depth = 16> <RAM>
ST_3 : Operation 1685 [1/1] (2.15ns)   --->   "%store_ln134 = store i8 %gmem2_addr_read, i4 %V_tile_229_addr" [/home/siyenga7/FPGA/attention_int8.cpp:134]   --->   Operation 1685 'store' 'store_ln134' <Predicate = (trunc_ln131 == 3 & trunc_ln130 == 37)> <Delay = 2.15> <CoreInst = "RAM">   --->   Core 82 'RAM' <Latency = 1> <II = 1> <Delay = 2.15> <Storage> <Opcode : 'load' 'store'> <Ports = 2> <Width = 8> <Depth = 16> <RAM>
ST_3 : Operation 1686 [1/1] (2.15ns)   --->   "%store_ln134 = store i8 %gmem2_addr_read, i4 %V_tile_228_addr" [/home/siyenga7/FPGA/attention_int8.cpp:134]   --->   Operation 1686 'store' 'store_ln134' <Predicate = (trunc_ln131 == 3 & trunc_ln130 == 36)> <Delay = 2.15> <CoreInst = "RAM">   --->   Core 82 'RAM' <Latency = 1> <II = 1> <Delay = 2.15> <Storage> <Opcode : 'load' 'store'> <Ports = 2> <Width = 8> <Depth = 16> <RAM>
ST_3 : Operation 1687 [1/1] (2.15ns)   --->   "%store_ln134 = store i8 %gmem2_addr_read, i4 %V_tile_227_addr" [/home/siyenga7/FPGA/attention_int8.cpp:134]   --->   Operation 1687 'store' 'store_ln134' <Predicate = (trunc_ln131 == 3 & trunc_ln130 == 35)> <Delay = 2.15> <CoreInst = "RAM">   --->   Core 82 'RAM' <Latency = 1> <II = 1> <Delay = 2.15> <Storage> <Opcode : 'load' 'store'> <Ports = 2> <Width = 8> <Depth = 16> <RAM>
ST_3 : Operation 1688 [1/1] (2.15ns)   --->   "%store_ln134 = store i8 %gmem2_addr_read, i4 %V_tile_226_addr" [/home/siyenga7/FPGA/attention_int8.cpp:134]   --->   Operation 1688 'store' 'store_ln134' <Predicate = (trunc_ln131 == 3 & trunc_ln130 == 34)> <Delay = 2.15> <CoreInst = "RAM">   --->   Core 82 'RAM' <Latency = 1> <II = 1> <Delay = 2.15> <Storage> <Opcode : 'load' 'store'> <Ports = 2> <Width = 8> <Depth = 16> <RAM>
ST_3 : Operation 1689 [1/1] (2.15ns)   --->   "%store_ln134 = store i8 %gmem2_addr_read, i4 %V_tile_225_addr" [/home/siyenga7/FPGA/attention_int8.cpp:134]   --->   Operation 1689 'store' 'store_ln134' <Predicate = (trunc_ln131 == 3 & trunc_ln130 == 33)> <Delay = 2.15> <CoreInst = "RAM">   --->   Core 82 'RAM' <Latency = 1> <II = 1> <Delay = 2.15> <Storage> <Opcode : 'load' 'store'> <Ports = 2> <Width = 8> <Depth = 16> <RAM>
ST_3 : Operation 1690 [1/1] (2.15ns)   --->   "%store_ln134 = store i8 %gmem2_addr_read, i4 %V_tile_224_addr" [/home/siyenga7/FPGA/attention_int8.cpp:134]   --->   Operation 1690 'store' 'store_ln134' <Predicate = (trunc_ln131 == 3 & trunc_ln130 == 32)> <Delay = 2.15> <CoreInst = "RAM">   --->   Core 82 'RAM' <Latency = 1> <II = 1> <Delay = 2.15> <Storage> <Opcode : 'load' 'store'> <Ports = 2> <Width = 8> <Depth = 16> <RAM>
ST_3 : Operation 1691 [1/1] (2.15ns)   --->   "%store_ln134 = store i8 %gmem2_addr_read, i4 %V_tile_223_addr" [/home/siyenga7/FPGA/attention_int8.cpp:134]   --->   Operation 1691 'store' 'store_ln134' <Predicate = (trunc_ln131 == 3 & trunc_ln130 == 31)> <Delay = 2.15> <CoreInst = "RAM">   --->   Core 82 'RAM' <Latency = 1> <II = 1> <Delay = 2.15> <Storage> <Opcode : 'load' 'store'> <Ports = 2> <Width = 8> <Depth = 16> <RAM>
ST_3 : Operation 1692 [1/1] (2.15ns)   --->   "%store_ln134 = store i8 %gmem2_addr_read, i4 %V_tile_222_addr" [/home/siyenga7/FPGA/attention_int8.cpp:134]   --->   Operation 1692 'store' 'store_ln134' <Predicate = (trunc_ln131 == 3 & trunc_ln130 == 30)> <Delay = 2.15> <CoreInst = "RAM">   --->   Core 82 'RAM' <Latency = 1> <II = 1> <Delay = 2.15> <Storage> <Opcode : 'load' 'store'> <Ports = 2> <Width = 8> <Depth = 16> <RAM>
ST_3 : Operation 1693 [1/1] (2.15ns)   --->   "%store_ln134 = store i8 %gmem2_addr_read, i4 %V_tile_221_addr" [/home/siyenga7/FPGA/attention_int8.cpp:134]   --->   Operation 1693 'store' 'store_ln134' <Predicate = (trunc_ln131 == 3 & trunc_ln130 == 29)> <Delay = 2.15> <CoreInst = "RAM">   --->   Core 82 'RAM' <Latency = 1> <II = 1> <Delay = 2.15> <Storage> <Opcode : 'load' 'store'> <Ports = 2> <Width = 8> <Depth = 16> <RAM>
ST_3 : Operation 1694 [1/1] (2.15ns)   --->   "%store_ln134 = store i8 %gmem2_addr_read, i4 %V_tile_220_addr" [/home/siyenga7/FPGA/attention_int8.cpp:134]   --->   Operation 1694 'store' 'store_ln134' <Predicate = (trunc_ln131 == 3 & trunc_ln130 == 28)> <Delay = 2.15> <CoreInst = "RAM">   --->   Core 82 'RAM' <Latency = 1> <II = 1> <Delay = 2.15> <Storage> <Opcode : 'load' 'store'> <Ports = 2> <Width = 8> <Depth = 16> <RAM>
ST_3 : Operation 1695 [1/1] (2.15ns)   --->   "%store_ln134 = store i8 %gmem2_addr_read, i4 %V_tile_219_addr" [/home/siyenga7/FPGA/attention_int8.cpp:134]   --->   Operation 1695 'store' 'store_ln134' <Predicate = (trunc_ln131 == 3 & trunc_ln130 == 27)> <Delay = 2.15> <CoreInst = "RAM">   --->   Core 82 'RAM' <Latency = 1> <II = 1> <Delay = 2.15> <Storage> <Opcode : 'load' 'store'> <Ports = 2> <Width = 8> <Depth = 16> <RAM>
ST_3 : Operation 1696 [1/1] (2.15ns)   --->   "%store_ln134 = store i8 %gmem2_addr_read, i4 %V_tile_218_addr" [/home/siyenga7/FPGA/attention_int8.cpp:134]   --->   Operation 1696 'store' 'store_ln134' <Predicate = (trunc_ln131 == 3 & trunc_ln130 == 26)> <Delay = 2.15> <CoreInst = "RAM">   --->   Core 82 'RAM' <Latency = 1> <II = 1> <Delay = 2.15> <Storage> <Opcode : 'load' 'store'> <Ports = 2> <Width = 8> <Depth = 16> <RAM>
ST_3 : Operation 1697 [1/1] (2.15ns)   --->   "%store_ln134 = store i8 %gmem2_addr_read, i4 %V_tile_217_addr" [/home/siyenga7/FPGA/attention_int8.cpp:134]   --->   Operation 1697 'store' 'store_ln134' <Predicate = (trunc_ln131 == 3 & trunc_ln130 == 25)> <Delay = 2.15> <CoreInst = "RAM">   --->   Core 82 'RAM' <Latency = 1> <II = 1> <Delay = 2.15> <Storage> <Opcode : 'load' 'store'> <Ports = 2> <Width = 8> <Depth = 16> <RAM>
ST_3 : Operation 1698 [1/1] (2.15ns)   --->   "%store_ln134 = store i8 %gmem2_addr_read, i4 %V_tile_216_addr" [/home/siyenga7/FPGA/attention_int8.cpp:134]   --->   Operation 1698 'store' 'store_ln134' <Predicate = (trunc_ln131 == 3 & trunc_ln130 == 24)> <Delay = 2.15> <CoreInst = "RAM">   --->   Core 82 'RAM' <Latency = 1> <II = 1> <Delay = 2.15> <Storage> <Opcode : 'load' 'store'> <Ports = 2> <Width = 8> <Depth = 16> <RAM>
ST_3 : Operation 1699 [1/1] (2.15ns)   --->   "%store_ln134 = store i8 %gmem2_addr_read, i4 %V_tile_215_addr" [/home/siyenga7/FPGA/attention_int8.cpp:134]   --->   Operation 1699 'store' 'store_ln134' <Predicate = (trunc_ln131 == 3 & trunc_ln130 == 23)> <Delay = 2.15> <CoreInst = "RAM">   --->   Core 82 'RAM' <Latency = 1> <II = 1> <Delay = 2.15> <Storage> <Opcode : 'load' 'store'> <Ports = 2> <Width = 8> <Depth = 16> <RAM>
ST_3 : Operation 1700 [1/1] (2.15ns)   --->   "%store_ln134 = store i8 %gmem2_addr_read, i4 %V_tile_214_addr" [/home/siyenga7/FPGA/attention_int8.cpp:134]   --->   Operation 1700 'store' 'store_ln134' <Predicate = (trunc_ln131 == 3 & trunc_ln130 == 22)> <Delay = 2.15> <CoreInst = "RAM">   --->   Core 82 'RAM' <Latency = 1> <II = 1> <Delay = 2.15> <Storage> <Opcode : 'load' 'store'> <Ports = 2> <Width = 8> <Depth = 16> <RAM>
ST_3 : Operation 1701 [1/1] (2.15ns)   --->   "%store_ln134 = store i8 %gmem2_addr_read, i4 %V_tile_213_addr" [/home/siyenga7/FPGA/attention_int8.cpp:134]   --->   Operation 1701 'store' 'store_ln134' <Predicate = (trunc_ln131 == 3 & trunc_ln130 == 21)> <Delay = 2.15> <CoreInst = "RAM">   --->   Core 82 'RAM' <Latency = 1> <II = 1> <Delay = 2.15> <Storage> <Opcode : 'load' 'store'> <Ports = 2> <Width = 8> <Depth = 16> <RAM>
ST_3 : Operation 1702 [1/1] (2.15ns)   --->   "%store_ln134 = store i8 %gmem2_addr_read, i4 %V_tile_212_addr" [/home/siyenga7/FPGA/attention_int8.cpp:134]   --->   Operation 1702 'store' 'store_ln134' <Predicate = (trunc_ln131 == 3 & trunc_ln130 == 20)> <Delay = 2.15> <CoreInst = "RAM">   --->   Core 82 'RAM' <Latency = 1> <II = 1> <Delay = 2.15> <Storage> <Opcode : 'load' 'store'> <Ports = 2> <Width = 8> <Depth = 16> <RAM>
ST_3 : Operation 1703 [1/1] (2.15ns)   --->   "%store_ln134 = store i8 %gmem2_addr_read, i4 %V_tile_211_addr" [/home/siyenga7/FPGA/attention_int8.cpp:134]   --->   Operation 1703 'store' 'store_ln134' <Predicate = (trunc_ln131 == 3 & trunc_ln130 == 19)> <Delay = 2.15> <CoreInst = "RAM">   --->   Core 82 'RAM' <Latency = 1> <II = 1> <Delay = 2.15> <Storage> <Opcode : 'load' 'store'> <Ports = 2> <Width = 8> <Depth = 16> <RAM>
ST_3 : Operation 1704 [1/1] (2.15ns)   --->   "%store_ln134 = store i8 %gmem2_addr_read, i4 %V_tile_210_addr" [/home/siyenga7/FPGA/attention_int8.cpp:134]   --->   Operation 1704 'store' 'store_ln134' <Predicate = (trunc_ln131 == 3 & trunc_ln130 == 18)> <Delay = 2.15> <CoreInst = "RAM">   --->   Core 82 'RAM' <Latency = 1> <II = 1> <Delay = 2.15> <Storage> <Opcode : 'load' 'store'> <Ports = 2> <Width = 8> <Depth = 16> <RAM>
ST_3 : Operation 1705 [1/1] (2.15ns)   --->   "%store_ln134 = store i8 %gmem2_addr_read, i4 %V_tile_209_addr" [/home/siyenga7/FPGA/attention_int8.cpp:134]   --->   Operation 1705 'store' 'store_ln134' <Predicate = (trunc_ln131 == 3 & trunc_ln130 == 17)> <Delay = 2.15> <CoreInst = "RAM">   --->   Core 82 'RAM' <Latency = 1> <II = 1> <Delay = 2.15> <Storage> <Opcode : 'load' 'store'> <Ports = 2> <Width = 8> <Depth = 16> <RAM>
ST_3 : Operation 1706 [1/1] (2.15ns)   --->   "%store_ln134 = store i8 %gmem2_addr_read, i4 %V_tile_208_addr" [/home/siyenga7/FPGA/attention_int8.cpp:134]   --->   Operation 1706 'store' 'store_ln134' <Predicate = (trunc_ln131 == 3 & trunc_ln130 == 16)> <Delay = 2.15> <CoreInst = "RAM">   --->   Core 82 'RAM' <Latency = 1> <II = 1> <Delay = 2.15> <Storage> <Opcode : 'load' 'store'> <Ports = 2> <Width = 8> <Depth = 16> <RAM>
ST_3 : Operation 1707 [1/1] (2.15ns)   --->   "%store_ln134 = store i8 %gmem2_addr_read, i4 %V_tile_207_addr" [/home/siyenga7/FPGA/attention_int8.cpp:134]   --->   Operation 1707 'store' 'store_ln134' <Predicate = (trunc_ln131 == 3 & trunc_ln130 == 15)> <Delay = 2.15> <CoreInst = "RAM">   --->   Core 82 'RAM' <Latency = 1> <II = 1> <Delay = 2.15> <Storage> <Opcode : 'load' 'store'> <Ports = 2> <Width = 8> <Depth = 16> <RAM>
ST_3 : Operation 1708 [1/1] (2.15ns)   --->   "%store_ln134 = store i8 %gmem2_addr_read, i4 %V_tile_206_addr" [/home/siyenga7/FPGA/attention_int8.cpp:134]   --->   Operation 1708 'store' 'store_ln134' <Predicate = (trunc_ln131 == 3 & trunc_ln130 == 14)> <Delay = 2.15> <CoreInst = "RAM">   --->   Core 82 'RAM' <Latency = 1> <II = 1> <Delay = 2.15> <Storage> <Opcode : 'load' 'store'> <Ports = 2> <Width = 8> <Depth = 16> <RAM>
ST_3 : Operation 1709 [1/1] (2.15ns)   --->   "%store_ln134 = store i8 %gmem2_addr_read, i4 %V_tile_205_addr" [/home/siyenga7/FPGA/attention_int8.cpp:134]   --->   Operation 1709 'store' 'store_ln134' <Predicate = (trunc_ln131 == 3 & trunc_ln130 == 13)> <Delay = 2.15> <CoreInst = "RAM">   --->   Core 82 'RAM' <Latency = 1> <II = 1> <Delay = 2.15> <Storage> <Opcode : 'load' 'store'> <Ports = 2> <Width = 8> <Depth = 16> <RAM>
ST_3 : Operation 1710 [1/1] (2.15ns)   --->   "%store_ln134 = store i8 %gmem2_addr_read, i4 %V_tile_204_addr" [/home/siyenga7/FPGA/attention_int8.cpp:134]   --->   Operation 1710 'store' 'store_ln134' <Predicate = (trunc_ln131 == 3 & trunc_ln130 == 12)> <Delay = 2.15> <CoreInst = "RAM">   --->   Core 82 'RAM' <Latency = 1> <II = 1> <Delay = 2.15> <Storage> <Opcode : 'load' 'store'> <Ports = 2> <Width = 8> <Depth = 16> <RAM>
ST_3 : Operation 1711 [1/1] (2.15ns)   --->   "%store_ln134 = store i8 %gmem2_addr_read, i4 %V_tile_203_addr" [/home/siyenga7/FPGA/attention_int8.cpp:134]   --->   Operation 1711 'store' 'store_ln134' <Predicate = (trunc_ln131 == 3 & trunc_ln130 == 11)> <Delay = 2.15> <CoreInst = "RAM">   --->   Core 82 'RAM' <Latency = 1> <II = 1> <Delay = 2.15> <Storage> <Opcode : 'load' 'store'> <Ports = 2> <Width = 8> <Depth = 16> <RAM>
ST_3 : Operation 1712 [1/1] (2.15ns)   --->   "%store_ln134 = store i8 %gmem2_addr_read, i4 %V_tile_202_addr" [/home/siyenga7/FPGA/attention_int8.cpp:134]   --->   Operation 1712 'store' 'store_ln134' <Predicate = (trunc_ln131 == 3 & trunc_ln130 == 10)> <Delay = 2.15> <CoreInst = "RAM">   --->   Core 82 'RAM' <Latency = 1> <II = 1> <Delay = 2.15> <Storage> <Opcode : 'load' 'store'> <Ports = 2> <Width = 8> <Depth = 16> <RAM>
ST_3 : Operation 1713 [1/1] (2.15ns)   --->   "%store_ln134 = store i8 %gmem2_addr_read, i4 %V_tile_201_addr" [/home/siyenga7/FPGA/attention_int8.cpp:134]   --->   Operation 1713 'store' 'store_ln134' <Predicate = (trunc_ln131 == 3 & trunc_ln130 == 9)> <Delay = 2.15> <CoreInst = "RAM">   --->   Core 82 'RAM' <Latency = 1> <II = 1> <Delay = 2.15> <Storage> <Opcode : 'load' 'store'> <Ports = 2> <Width = 8> <Depth = 16> <RAM>
ST_3 : Operation 1714 [1/1] (2.15ns)   --->   "%store_ln134 = store i8 %gmem2_addr_read, i4 %V_tile_200_addr" [/home/siyenga7/FPGA/attention_int8.cpp:134]   --->   Operation 1714 'store' 'store_ln134' <Predicate = (trunc_ln131 == 3 & trunc_ln130 == 8)> <Delay = 2.15> <CoreInst = "RAM">   --->   Core 82 'RAM' <Latency = 1> <II = 1> <Delay = 2.15> <Storage> <Opcode : 'load' 'store'> <Ports = 2> <Width = 8> <Depth = 16> <RAM>
ST_3 : Operation 1715 [1/1] (2.15ns)   --->   "%store_ln134 = store i8 %gmem2_addr_read, i4 %V_tile_199_addr" [/home/siyenga7/FPGA/attention_int8.cpp:134]   --->   Operation 1715 'store' 'store_ln134' <Predicate = (trunc_ln131 == 3 & trunc_ln130 == 7)> <Delay = 2.15> <CoreInst = "RAM">   --->   Core 82 'RAM' <Latency = 1> <II = 1> <Delay = 2.15> <Storage> <Opcode : 'load' 'store'> <Ports = 2> <Width = 8> <Depth = 16> <RAM>
ST_3 : Operation 1716 [1/1] (2.15ns)   --->   "%store_ln134 = store i8 %gmem2_addr_read, i4 %V_tile_198_addr" [/home/siyenga7/FPGA/attention_int8.cpp:134]   --->   Operation 1716 'store' 'store_ln134' <Predicate = (trunc_ln131 == 3 & trunc_ln130 == 6)> <Delay = 2.15> <CoreInst = "RAM">   --->   Core 82 'RAM' <Latency = 1> <II = 1> <Delay = 2.15> <Storage> <Opcode : 'load' 'store'> <Ports = 2> <Width = 8> <Depth = 16> <RAM>
ST_3 : Operation 1717 [1/1] (2.15ns)   --->   "%store_ln134 = store i8 %gmem2_addr_read, i4 %V_tile_197_addr" [/home/siyenga7/FPGA/attention_int8.cpp:134]   --->   Operation 1717 'store' 'store_ln134' <Predicate = (trunc_ln131 == 3 & trunc_ln130 == 5)> <Delay = 2.15> <CoreInst = "RAM">   --->   Core 82 'RAM' <Latency = 1> <II = 1> <Delay = 2.15> <Storage> <Opcode : 'load' 'store'> <Ports = 2> <Width = 8> <Depth = 16> <RAM>
ST_3 : Operation 1718 [1/1] (2.15ns)   --->   "%store_ln134 = store i8 %gmem2_addr_read, i4 %V_tile_196_addr" [/home/siyenga7/FPGA/attention_int8.cpp:134]   --->   Operation 1718 'store' 'store_ln134' <Predicate = (trunc_ln131 == 3 & trunc_ln130 == 4)> <Delay = 2.15> <CoreInst = "RAM">   --->   Core 82 'RAM' <Latency = 1> <II = 1> <Delay = 2.15> <Storage> <Opcode : 'load' 'store'> <Ports = 2> <Width = 8> <Depth = 16> <RAM>
ST_3 : Operation 1719 [1/1] (2.15ns)   --->   "%store_ln134 = store i8 %gmem2_addr_read, i4 %V_tile_195_addr" [/home/siyenga7/FPGA/attention_int8.cpp:134]   --->   Operation 1719 'store' 'store_ln134' <Predicate = (trunc_ln131 == 3 & trunc_ln130 == 3)> <Delay = 2.15> <CoreInst = "RAM">   --->   Core 82 'RAM' <Latency = 1> <II = 1> <Delay = 2.15> <Storage> <Opcode : 'load' 'store'> <Ports = 2> <Width = 8> <Depth = 16> <RAM>
ST_3 : Operation 1720 [1/1] (2.15ns)   --->   "%store_ln134 = store i8 %gmem2_addr_read, i4 %V_tile_194_addr" [/home/siyenga7/FPGA/attention_int8.cpp:134]   --->   Operation 1720 'store' 'store_ln134' <Predicate = (trunc_ln131 == 3 & trunc_ln130 == 2)> <Delay = 2.15> <CoreInst = "RAM">   --->   Core 82 'RAM' <Latency = 1> <II = 1> <Delay = 2.15> <Storage> <Opcode : 'load' 'store'> <Ports = 2> <Width = 8> <Depth = 16> <RAM>
ST_3 : Operation 1721 [1/1] (2.15ns)   --->   "%store_ln134 = store i8 %gmem2_addr_read, i4 %V_tile_193_addr" [/home/siyenga7/FPGA/attention_int8.cpp:134]   --->   Operation 1721 'store' 'store_ln134' <Predicate = (trunc_ln131 == 3 & trunc_ln130 == 1)> <Delay = 2.15> <CoreInst = "RAM">   --->   Core 82 'RAM' <Latency = 1> <II = 1> <Delay = 2.15> <Storage> <Opcode : 'load' 'store'> <Ports = 2> <Width = 8> <Depth = 16> <RAM>
ST_3 : Operation 1722 [1/1] (2.15ns)   --->   "%store_ln134 = store i8 %gmem2_addr_read, i4 %V_tile_192_addr" [/home/siyenga7/FPGA/attention_int8.cpp:134]   --->   Operation 1722 'store' 'store_ln134' <Predicate = (trunc_ln131 == 3 & trunc_ln130 == 0)> <Delay = 2.15> <CoreInst = "RAM">   --->   Core 82 'RAM' <Latency = 1> <II = 1> <Delay = 2.15> <Storage> <Opcode : 'load' 'store'> <Ports = 2> <Width = 8> <Depth = 16> <RAM>
ST_3 : Operation 1723 [1/1] (2.15ns)   --->   "%store_ln134 = store i8 %gmem2_addr_read, i4 %V_tile_255_addr" [/home/siyenga7/FPGA/attention_int8.cpp:134]   --->   Operation 1723 'store' 'store_ln134' <Predicate = (trunc_ln131 == 3 & trunc_ln130 == 63)> <Delay = 2.15> <CoreInst = "RAM">   --->   Core 82 'RAM' <Latency = 1> <II = 1> <Delay = 2.15> <Storage> <Opcode : 'load' 'store'> <Ports = 2> <Width = 8> <Depth = 16> <RAM>
ST_3 : Operation 1724 [1/1] (0.00ns)   --->   "%br_ln134 = br void %arrayidx9113.exit" [/home/siyenga7/FPGA/attention_int8.cpp:134]   --->   Operation 1724 'br' 'br_ln134' <Predicate = (trunc_ln131 == 3)> <Delay = 0.00>
ST_3 : Operation 1725 [1/1] (2.15ns)   --->   "%store_ln134 = store i8 %gmem2_addr_read, i4 %V_tile_190_addr" [/home/siyenga7/FPGA/attention_int8.cpp:134]   --->   Operation 1725 'store' 'store_ln134' <Predicate = (trunc_ln131 == 2 & trunc_ln130 == 62)> <Delay = 2.15> <CoreInst = "RAM">   --->   Core 82 'RAM' <Latency = 1> <II = 1> <Delay = 2.15> <Storage> <Opcode : 'load' 'store'> <Ports = 2> <Width = 8> <Depth = 16> <RAM>
ST_3 : Operation 1726 [1/1] (2.15ns)   --->   "%store_ln134 = store i8 %gmem2_addr_read, i4 %V_tile_189_addr" [/home/siyenga7/FPGA/attention_int8.cpp:134]   --->   Operation 1726 'store' 'store_ln134' <Predicate = (trunc_ln131 == 2 & trunc_ln130 == 61)> <Delay = 2.15> <CoreInst = "RAM">   --->   Core 82 'RAM' <Latency = 1> <II = 1> <Delay = 2.15> <Storage> <Opcode : 'load' 'store'> <Ports = 2> <Width = 8> <Depth = 16> <RAM>
ST_3 : Operation 1727 [1/1] (2.15ns)   --->   "%store_ln134 = store i8 %gmem2_addr_read, i4 %V_tile_188_addr" [/home/siyenga7/FPGA/attention_int8.cpp:134]   --->   Operation 1727 'store' 'store_ln134' <Predicate = (trunc_ln131 == 2 & trunc_ln130 == 60)> <Delay = 2.15> <CoreInst = "RAM">   --->   Core 82 'RAM' <Latency = 1> <II = 1> <Delay = 2.15> <Storage> <Opcode : 'load' 'store'> <Ports = 2> <Width = 8> <Depth = 16> <RAM>
ST_3 : Operation 1728 [1/1] (2.15ns)   --->   "%store_ln134 = store i8 %gmem2_addr_read, i4 %V_tile_187_addr" [/home/siyenga7/FPGA/attention_int8.cpp:134]   --->   Operation 1728 'store' 'store_ln134' <Predicate = (trunc_ln131 == 2 & trunc_ln130 == 59)> <Delay = 2.15> <CoreInst = "RAM">   --->   Core 82 'RAM' <Latency = 1> <II = 1> <Delay = 2.15> <Storage> <Opcode : 'load' 'store'> <Ports = 2> <Width = 8> <Depth = 16> <RAM>
ST_3 : Operation 1729 [1/1] (2.15ns)   --->   "%store_ln134 = store i8 %gmem2_addr_read, i4 %V_tile_186_addr" [/home/siyenga7/FPGA/attention_int8.cpp:134]   --->   Operation 1729 'store' 'store_ln134' <Predicate = (trunc_ln131 == 2 & trunc_ln130 == 58)> <Delay = 2.15> <CoreInst = "RAM">   --->   Core 82 'RAM' <Latency = 1> <II = 1> <Delay = 2.15> <Storage> <Opcode : 'load' 'store'> <Ports = 2> <Width = 8> <Depth = 16> <RAM>
ST_3 : Operation 1730 [1/1] (2.15ns)   --->   "%store_ln134 = store i8 %gmem2_addr_read, i4 %V_tile_185_addr" [/home/siyenga7/FPGA/attention_int8.cpp:134]   --->   Operation 1730 'store' 'store_ln134' <Predicate = (trunc_ln131 == 2 & trunc_ln130 == 57)> <Delay = 2.15> <CoreInst = "RAM">   --->   Core 82 'RAM' <Latency = 1> <II = 1> <Delay = 2.15> <Storage> <Opcode : 'load' 'store'> <Ports = 2> <Width = 8> <Depth = 16> <RAM>
ST_3 : Operation 1731 [1/1] (2.15ns)   --->   "%store_ln134 = store i8 %gmem2_addr_read, i4 %V_tile_184_addr" [/home/siyenga7/FPGA/attention_int8.cpp:134]   --->   Operation 1731 'store' 'store_ln134' <Predicate = (trunc_ln131 == 2 & trunc_ln130 == 56)> <Delay = 2.15> <CoreInst = "RAM">   --->   Core 82 'RAM' <Latency = 1> <II = 1> <Delay = 2.15> <Storage> <Opcode : 'load' 'store'> <Ports = 2> <Width = 8> <Depth = 16> <RAM>
ST_3 : Operation 1732 [1/1] (2.15ns)   --->   "%store_ln134 = store i8 %gmem2_addr_read, i4 %V_tile_183_addr" [/home/siyenga7/FPGA/attention_int8.cpp:134]   --->   Operation 1732 'store' 'store_ln134' <Predicate = (trunc_ln131 == 2 & trunc_ln130 == 55)> <Delay = 2.15> <CoreInst = "RAM">   --->   Core 82 'RAM' <Latency = 1> <II = 1> <Delay = 2.15> <Storage> <Opcode : 'load' 'store'> <Ports = 2> <Width = 8> <Depth = 16> <RAM>
ST_3 : Operation 1733 [1/1] (2.15ns)   --->   "%store_ln134 = store i8 %gmem2_addr_read, i4 %V_tile_182_addr" [/home/siyenga7/FPGA/attention_int8.cpp:134]   --->   Operation 1733 'store' 'store_ln134' <Predicate = (trunc_ln131 == 2 & trunc_ln130 == 54)> <Delay = 2.15> <CoreInst = "RAM">   --->   Core 82 'RAM' <Latency = 1> <II = 1> <Delay = 2.15> <Storage> <Opcode : 'load' 'store'> <Ports = 2> <Width = 8> <Depth = 16> <RAM>
ST_3 : Operation 1734 [1/1] (2.15ns)   --->   "%store_ln134 = store i8 %gmem2_addr_read, i4 %V_tile_181_addr" [/home/siyenga7/FPGA/attention_int8.cpp:134]   --->   Operation 1734 'store' 'store_ln134' <Predicate = (trunc_ln131 == 2 & trunc_ln130 == 53)> <Delay = 2.15> <CoreInst = "RAM">   --->   Core 82 'RAM' <Latency = 1> <II = 1> <Delay = 2.15> <Storage> <Opcode : 'load' 'store'> <Ports = 2> <Width = 8> <Depth = 16> <RAM>
ST_3 : Operation 1735 [1/1] (2.15ns)   --->   "%store_ln134 = store i8 %gmem2_addr_read, i4 %V_tile_180_addr" [/home/siyenga7/FPGA/attention_int8.cpp:134]   --->   Operation 1735 'store' 'store_ln134' <Predicate = (trunc_ln131 == 2 & trunc_ln130 == 52)> <Delay = 2.15> <CoreInst = "RAM">   --->   Core 82 'RAM' <Latency = 1> <II = 1> <Delay = 2.15> <Storage> <Opcode : 'load' 'store'> <Ports = 2> <Width = 8> <Depth = 16> <RAM>
ST_3 : Operation 1736 [1/1] (2.15ns)   --->   "%store_ln134 = store i8 %gmem2_addr_read, i4 %V_tile_179_addr" [/home/siyenga7/FPGA/attention_int8.cpp:134]   --->   Operation 1736 'store' 'store_ln134' <Predicate = (trunc_ln131 == 2 & trunc_ln130 == 51)> <Delay = 2.15> <CoreInst = "RAM">   --->   Core 82 'RAM' <Latency = 1> <II = 1> <Delay = 2.15> <Storage> <Opcode : 'load' 'store'> <Ports = 2> <Width = 8> <Depth = 16> <RAM>
ST_3 : Operation 1737 [1/1] (2.15ns)   --->   "%store_ln134 = store i8 %gmem2_addr_read, i4 %V_tile_178_addr" [/home/siyenga7/FPGA/attention_int8.cpp:134]   --->   Operation 1737 'store' 'store_ln134' <Predicate = (trunc_ln131 == 2 & trunc_ln130 == 50)> <Delay = 2.15> <CoreInst = "RAM">   --->   Core 82 'RAM' <Latency = 1> <II = 1> <Delay = 2.15> <Storage> <Opcode : 'load' 'store'> <Ports = 2> <Width = 8> <Depth = 16> <RAM>
ST_3 : Operation 1738 [1/1] (2.15ns)   --->   "%store_ln134 = store i8 %gmem2_addr_read, i4 %V_tile_177_addr" [/home/siyenga7/FPGA/attention_int8.cpp:134]   --->   Operation 1738 'store' 'store_ln134' <Predicate = (trunc_ln131 == 2 & trunc_ln130 == 49)> <Delay = 2.15> <CoreInst = "RAM">   --->   Core 82 'RAM' <Latency = 1> <II = 1> <Delay = 2.15> <Storage> <Opcode : 'load' 'store'> <Ports = 2> <Width = 8> <Depth = 16> <RAM>
ST_3 : Operation 1739 [1/1] (2.15ns)   --->   "%store_ln134 = store i8 %gmem2_addr_read, i4 %V_tile_176_addr" [/home/siyenga7/FPGA/attention_int8.cpp:134]   --->   Operation 1739 'store' 'store_ln134' <Predicate = (trunc_ln131 == 2 & trunc_ln130 == 48)> <Delay = 2.15> <CoreInst = "RAM">   --->   Core 82 'RAM' <Latency = 1> <II = 1> <Delay = 2.15> <Storage> <Opcode : 'load' 'store'> <Ports = 2> <Width = 8> <Depth = 16> <RAM>
ST_3 : Operation 1740 [1/1] (2.15ns)   --->   "%store_ln134 = store i8 %gmem2_addr_read, i4 %V_tile_175_addr" [/home/siyenga7/FPGA/attention_int8.cpp:134]   --->   Operation 1740 'store' 'store_ln134' <Predicate = (trunc_ln131 == 2 & trunc_ln130 == 47)> <Delay = 2.15> <CoreInst = "RAM">   --->   Core 82 'RAM' <Latency = 1> <II = 1> <Delay = 2.15> <Storage> <Opcode : 'load' 'store'> <Ports = 2> <Width = 8> <Depth = 16> <RAM>
ST_3 : Operation 1741 [1/1] (2.15ns)   --->   "%store_ln134 = store i8 %gmem2_addr_read, i4 %V_tile_174_addr" [/home/siyenga7/FPGA/attention_int8.cpp:134]   --->   Operation 1741 'store' 'store_ln134' <Predicate = (trunc_ln131 == 2 & trunc_ln130 == 46)> <Delay = 2.15> <CoreInst = "RAM">   --->   Core 82 'RAM' <Latency = 1> <II = 1> <Delay = 2.15> <Storage> <Opcode : 'load' 'store'> <Ports = 2> <Width = 8> <Depth = 16> <RAM>
ST_3 : Operation 1742 [1/1] (2.15ns)   --->   "%store_ln134 = store i8 %gmem2_addr_read, i4 %V_tile_173_addr" [/home/siyenga7/FPGA/attention_int8.cpp:134]   --->   Operation 1742 'store' 'store_ln134' <Predicate = (trunc_ln131 == 2 & trunc_ln130 == 45)> <Delay = 2.15> <CoreInst = "RAM">   --->   Core 82 'RAM' <Latency = 1> <II = 1> <Delay = 2.15> <Storage> <Opcode : 'load' 'store'> <Ports = 2> <Width = 8> <Depth = 16> <RAM>
ST_3 : Operation 1743 [1/1] (2.15ns)   --->   "%store_ln134 = store i8 %gmem2_addr_read, i4 %V_tile_172_addr" [/home/siyenga7/FPGA/attention_int8.cpp:134]   --->   Operation 1743 'store' 'store_ln134' <Predicate = (trunc_ln131 == 2 & trunc_ln130 == 44)> <Delay = 2.15> <CoreInst = "RAM">   --->   Core 82 'RAM' <Latency = 1> <II = 1> <Delay = 2.15> <Storage> <Opcode : 'load' 'store'> <Ports = 2> <Width = 8> <Depth = 16> <RAM>
ST_3 : Operation 1744 [1/1] (2.15ns)   --->   "%store_ln134 = store i8 %gmem2_addr_read, i4 %V_tile_171_addr" [/home/siyenga7/FPGA/attention_int8.cpp:134]   --->   Operation 1744 'store' 'store_ln134' <Predicate = (trunc_ln131 == 2 & trunc_ln130 == 43)> <Delay = 2.15> <CoreInst = "RAM">   --->   Core 82 'RAM' <Latency = 1> <II = 1> <Delay = 2.15> <Storage> <Opcode : 'load' 'store'> <Ports = 2> <Width = 8> <Depth = 16> <RAM>
ST_3 : Operation 1745 [1/1] (2.15ns)   --->   "%store_ln134 = store i8 %gmem2_addr_read, i4 %V_tile_170_addr" [/home/siyenga7/FPGA/attention_int8.cpp:134]   --->   Operation 1745 'store' 'store_ln134' <Predicate = (trunc_ln131 == 2 & trunc_ln130 == 42)> <Delay = 2.15> <CoreInst = "RAM">   --->   Core 82 'RAM' <Latency = 1> <II = 1> <Delay = 2.15> <Storage> <Opcode : 'load' 'store'> <Ports = 2> <Width = 8> <Depth = 16> <RAM>
ST_3 : Operation 1746 [1/1] (2.15ns)   --->   "%store_ln134 = store i8 %gmem2_addr_read, i4 %V_tile_169_addr" [/home/siyenga7/FPGA/attention_int8.cpp:134]   --->   Operation 1746 'store' 'store_ln134' <Predicate = (trunc_ln131 == 2 & trunc_ln130 == 41)> <Delay = 2.15> <CoreInst = "RAM">   --->   Core 82 'RAM' <Latency = 1> <II = 1> <Delay = 2.15> <Storage> <Opcode : 'load' 'store'> <Ports = 2> <Width = 8> <Depth = 16> <RAM>
ST_3 : Operation 1747 [1/1] (2.15ns)   --->   "%store_ln134 = store i8 %gmem2_addr_read, i4 %V_tile_168_addr" [/home/siyenga7/FPGA/attention_int8.cpp:134]   --->   Operation 1747 'store' 'store_ln134' <Predicate = (trunc_ln131 == 2 & trunc_ln130 == 40)> <Delay = 2.15> <CoreInst = "RAM">   --->   Core 82 'RAM' <Latency = 1> <II = 1> <Delay = 2.15> <Storage> <Opcode : 'load' 'store'> <Ports = 2> <Width = 8> <Depth = 16> <RAM>
ST_3 : Operation 1748 [1/1] (2.15ns)   --->   "%store_ln134 = store i8 %gmem2_addr_read, i4 %V_tile_167_addr" [/home/siyenga7/FPGA/attention_int8.cpp:134]   --->   Operation 1748 'store' 'store_ln134' <Predicate = (trunc_ln131 == 2 & trunc_ln130 == 39)> <Delay = 2.15> <CoreInst = "RAM">   --->   Core 82 'RAM' <Latency = 1> <II = 1> <Delay = 2.15> <Storage> <Opcode : 'load' 'store'> <Ports = 2> <Width = 8> <Depth = 16> <RAM>
ST_3 : Operation 1749 [1/1] (2.15ns)   --->   "%store_ln134 = store i8 %gmem2_addr_read, i4 %V_tile_166_addr" [/home/siyenga7/FPGA/attention_int8.cpp:134]   --->   Operation 1749 'store' 'store_ln134' <Predicate = (trunc_ln131 == 2 & trunc_ln130 == 38)> <Delay = 2.15> <CoreInst = "RAM">   --->   Core 82 'RAM' <Latency = 1> <II = 1> <Delay = 2.15> <Storage> <Opcode : 'load' 'store'> <Ports = 2> <Width = 8> <Depth = 16> <RAM>
ST_3 : Operation 1750 [1/1] (2.15ns)   --->   "%store_ln134 = store i8 %gmem2_addr_read, i4 %V_tile_165_addr" [/home/siyenga7/FPGA/attention_int8.cpp:134]   --->   Operation 1750 'store' 'store_ln134' <Predicate = (trunc_ln131 == 2 & trunc_ln130 == 37)> <Delay = 2.15> <CoreInst = "RAM">   --->   Core 82 'RAM' <Latency = 1> <II = 1> <Delay = 2.15> <Storage> <Opcode : 'load' 'store'> <Ports = 2> <Width = 8> <Depth = 16> <RAM>
ST_3 : Operation 1751 [1/1] (2.15ns)   --->   "%store_ln134 = store i8 %gmem2_addr_read, i4 %V_tile_164_addr" [/home/siyenga7/FPGA/attention_int8.cpp:134]   --->   Operation 1751 'store' 'store_ln134' <Predicate = (trunc_ln131 == 2 & trunc_ln130 == 36)> <Delay = 2.15> <CoreInst = "RAM">   --->   Core 82 'RAM' <Latency = 1> <II = 1> <Delay = 2.15> <Storage> <Opcode : 'load' 'store'> <Ports = 2> <Width = 8> <Depth = 16> <RAM>
ST_3 : Operation 1752 [1/1] (2.15ns)   --->   "%store_ln134 = store i8 %gmem2_addr_read, i4 %V_tile_163_addr" [/home/siyenga7/FPGA/attention_int8.cpp:134]   --->   Operation 1752 'store' 'store_ln134' <Predicate = (trunc_ln131 == 2 & trunc_ln130 == 35)> <Delay = 2.15> <CoreInst = "RAM">   --->   Core 82 'RAM' <Latency = 1> <II = 1> <Delay = 2.15> <Storage> <Opcode : 'load' 'store'> <Ports = 2> <Width = 8> <Depth = 16> <RAM>
ST_3 : Operation 1753 [1/1] (2.15ns)   --->   "%store_ln134 = store i8 %gmem2_addr_read, i4 %V_tile_162_addr" [/home/siyenga7/FPGA/attention_int8.cpp:134]   --->   Operation 1753 'store' 'store_ln134' <Predicate = (trunc_ln131 == 2 & trunc_ln130 == 34)> <Delay = 2.15> <CoreInst = "RAM">   --->   Core 82 'RAM' <Latency = 1> <II = 1> <Delay = 2.15> <Storage> <Opcode : 'load' 'store'> <Ports = 2> <Width = 8> <Depth = 16> <RAM>
ST_3 : Operation 1754 [1/1] (2.15ns)   --->   "%store_ln134 = store i8 %gmem2_addr_read, i4 %V_tile_161_addr" [/home/siyenga7/FPGA/attention_int8.cpp:134]   --->   Operation 1754 'store' 'store_ln134' <Predicate = (trunc_ln131 == 2 & trunc_ln130 == 33)> <Delay = 2.15> <CoreInst = "RAM">   --->   Core 82 'RAM' <Latency = 1> <II = 1> <Delay = 2.15> <Storage> <Opcode : 'load' 'store'> <Ports = 2> <Width = 8> <Depth = 16> <RAM>
ST_3 : Operation 1755 [1/1] (2.15ns)   --->   "%store_ln134 = store i8 %gmem2_addr_read, i4 %V_tile_160_addr" [/home/siyenga7/FPGA/attention_int8.cpp:134]   --->   Operation 1755 'store' 'store_ln134' <Predicate = (trunc_ln131 == 2 & trunc_ln130 == 32)> <Delay = 2.15> <CoreInst = "RAM">   --->   Core 82 'RAM' <Latency = 1> <II = 1> <Delay = 2.15> <Storage> <Opcode : 'load' 'store'> <Ports = 2> <Width = 8> <Depth = 16> <RAM>
ST_3 : Operation 1756 [1/1] (2.15ns)   --->   "%store_ln134 = store i8 %gmem2_addr_read, i4 %V_tile_159_addr" [/home/siyenga7/FPGA/attention_int8.cpp:134]   --->   Operation 1756 'store' 'store_ln134' <Predicate = (trunc_ln131 == 2 & trunc_ln130 == 31)> <Delay = 2.15> <CoreInst = "RAM">   --->   Core 82 'RAM' <Latency = 1> <II = 1> <Delay = 2.15> <Storage> <Opcode : 'load' 'store'> <Ports = 2> <Width = 8> <Depth = 16> <RAM>
ST_3 : Operation 1757 [1/1] (2.15ns)   --->   "%store_ln134 = store i8 %gmem2_addr_read, i4 %V_tile_158_addr" [/home/siyenga7/FPGA/attention_int8.cpp:134]   --->   Operation 1757 'store' 'store_ln134' <Predicate = (trunc_ln131 == 2 & trunc_ln130 == 30)> <Delay = 2.15> <CoreInst = "RAM">   --->   Core 82 'RAM' <Latency = 1> <II = 1> <Delay = 2.15> <Storage> <Opcode : 'load' 'store'> <Ports = 2> <Width = 8> <Depth = 16> <RAM>
ST_3 : Operation 1758 [1/1] (2.15ns)   --->   "%store_ln134 = store i8 %gmem2_addr_read, i4 %V_tile_157_addr" [/home/siyenga7/FPGA/attention_int8.cpp:134]   --->   Operation 1758 'store' 'store_ln134' <Predicate = (trunc_ln131 == 2 & trunc_ln130 == 29)> <Delay = 2.15> <CoreInst = "RAM">   --->   Core 82 'RAM' <Latency = 1> <II = 1> <Delay = 2.15> <Storage> <Opcode : 'load' 'store'> <Ports = 2> <Width = 8> <Depth = 16> <RAM>
ST_3 : Operation 1759 [1/1] (2.15ns)   --->   "%store_ln134 = store i8 %gmem2_addr_read, i4 %V_tile_156_addr" [/home/siyenga7/FPGA/attention_int8.cpp:134]   --->   Operation 1759 'store' 'store_ln134' <Predicate = (trunc_ln131 == 2 & trunc_ln130 == 28)> <Delay = 2.15> <CoreInst = "RAM">   --->   Core 82 'RAM' <Latency = 1> <II = 1> <Delay = 2.15> <Storage> <Opcode : 'load' 'store'> <Ports = 2> <Width = 8> <Depth = 16> <RAM>
ST_3 : Operation 1760 [1/1] (2.15ns)   --->   "%store_ln134 = store i8 %gmem2_addr_read, i4 %V_tile_155_addr" [/home/siyenga7/FPGA/attention_int8.cpp:134]   --->   Operation 1760 'store' 'store_ln134' <Predicate = (trunc_ln131 == 2 & trunc_ln130 == 27)> <Delay = 2.15> <CoreInst = "RAM">   --->   Core 82 'RAM' <Latency = 1> <II = 1> <Delay = 2.15> <Storage> <Opcode : 'load' 'store'> <Ports = 2> <Width = 8> <Depth = 16> <RAM>
ST_3 : Operation 1761 [1/1] (2.15ns)   --->   "%store_ln134 = store i8 %gmem2_addr_read, i4 %V_tile_154_addr" [/home/siyenga7/FPGA/attention_int8.cpp:134]   --->   Operation 1761 'store' 'store_ln134' <Predicate = (trunc_ln131 == 2 & trunc_ln130 == 26)> <Delay = 2.15> <CoreInst = "RAM">   --->   Core 82 'RAM' <Latency = 1> <II = 1> <Delay = 2.15> <Storage> <Opcode : 'load' 'store'> <Ports = 2> <Width = 8> <Depth = 16> <RAM>
ST_3 : Operation 1762 [1/1] (2.15ns)   --->   "%store_ln134 = store i8 %gmem2_addr_read, i4 %V_tile_153_addr" [/home/siyenga7/FPGA/attention_int8.cpp:134]   --->   Operation 1762 'store' 'store_ln134' <Predicate = (trunc_ln131 == 2 & trunc_ln130 == 25)> <Delay = 2.15> <CoreInst = "RAM">   --->   Core 82 'RAM' <Latency = 1> <II = 1> <Delay = 2.15> <Storage> <Opcode : 'load' 'store'> <Ports = 2> <Width = 8> <Depth = 16> <RAM>
ST_3 : Operation 1763 [1/1] (2.15ns)   --->   "%store_ln134 = store i8 %gmem2_addr_read, i4 %V_tile_152_addr" [/home/siyenga7/FPGA/attention_int8.cpp:134]   --->   Operation 1763 'store' 'store_ln134' <Predicate = (trunc_ln131 == 2 & trunc_ln130 == 24)> <Delay = 2.15> <CoreInst = "RAM">   --->   Core 82 'RAM' <Latency = 1> <II = 1> <Delay = 2.15> <Storage> <Opcode : 'load' 'store'> <Ports = 2> <Width = 8> <Depth = 16> <RAM>
ST_3 : Operation 1764 [1/1] (2.15ns)   --->   "%store_ln134 = store i8 %gmem2_addr_read, i4 %V_tile_151_addr" [/home/siyenga7/FPGA/attention_int8.cpp:134]   --->   Operation 1764 'store' 'store_ln134' <Predicate = (trunc_ln131 == 2 & trunc_ln130 == 23)> <Delay = 2.15> <CoreInst = "RAM">   --->   Core 82 'RAM' <Latency = 1> <II = 1> <Delay = 2.15> <Storage> <Opcode : 'load' 'store'> <Ports = 2> <Width = 8> <Depth = 16> <RAM>
ST_3 : Operation 1765 [1/1] (2.15ns)   --->   "%store_ln134 = store i8 %gmem2_addr_read, i4 %V_tile_150_addr" [/home/siyenga7/FPGA/attention_int8.cpp:134]   --->   Operation 1765 'store' 'store_ln134' <Predicate = (trunc_ln131 == 2 & trunc_ln130 == 22)> <Delay = 2.15> <CoreInst = "RAM">   --->   Core 82 'RAM' <Latency = 1> <II = 1> <Delay = 2.15> <Storage> <Opcode : 'load' 'store'> <Ports = 2> <Width = 8> <Depth = 16> <RAM>
ST_3 : Operation 1766 [1/1] (2.15ns)   --->   "%store_ln134 = store i8 %gmem2_addr_read, i4 %V_tile_149_addr" [/home/siyenga7/FPGA/attention_int8.cpp:134]   --->   Operation 1766 'store' 'store_ln134' <Predicate = (trunc_ln131 == 2 & trunc_ln130 == 21)> <Delay = 2.15> <CoreInst = "RAM">   --->   Core 82 'RAM' <Latency = 1> <II = 1> <Delay = 2.15> <Storage> <Opcode : 'load' 'store'> <Ports = 2> <Width = 8> <Depth = 16> <RAM>
ST_3 : Operation 1767 [1/1] (2.15ns)   --->   "%store_ln134 = store i8 %gmem2_addr_read, i4 %V_tile_148_addr" [/home/siyenga7/FPGA/attention_int8.cpp:134]   --->   Operation 1767 'store' 'store_ln134' <Predicate = (trunc_ln131 == 2 & trunc_ln130 == 20)> <Delay = 2.15> <CoreInst = "RAM">   --->   Core 82 'RAM' <Latency = 1> <II = 1> <Delay = 2.15> <Storage> <Opcode : 'load' 'store'> <Ports = 2> <Width = 8> <Depth = 16> <RAM>
ST_3 : Operation 1768 [1/1] (2.15ns)   --->   "%store_ln134 = store i8 %gmem2_addr_read, i4 %V_tile_147_addr" [/home/siyenga7/FPGA/attention_int8.cpp:134]   --->   Operation 1768 'store' 'store_ln134' <Predicate = (trunc_ln131 == 2 & trunc_ln130 == 19)> <Delay = 2.15> <CoreInst = "RAM">   --->   Core 82 'RAM' <Latency = 1> <II = 1> <Delay = 2.15> <Storage> <Opcode : 'load' 'store'> <Ports = 2> <Width = 8> <Depth = 16> <RAM>
ST_3 : Operation 1769 [1/1] (2.15ns)   --->   "%store_ln134 = store i8 %gmem2_addr_read, i4 %V_tile_146_addr" [/home/siyenga7/FPGA/attention_int8.cpp:134]   --->   Operation 1769 'store' 'store_ln134' <Predicate = (trunc_ln131 == 2 & trunc_ln130 == 18)> <Delay = 2.15> <CoreInst = "RAM">   --->   Core 82 'RAM' <Latency = 1> <II = 1> <Delay = 2.15> <Storage> <Opcode : 'load' 'store'> <Ports = 2> <Width = 8> <Depth = 16> <RAM>
ST_3 : Operation 1770 [1/1] (2.15ns)   --->   "%store_ln134 = store i8 %gmem2_addr_read, i4 %V_tile_145_addr" [/home/siyenga7/FPGA/attention_int8.cpp:134]   --->   Operation 1770 'store' 'store_ln134' <Predicate = (trunc_ln131 == 2 & trunc_ln130 == 17)> <Delay = 2.15> <CoreInst = "RAM">   --->   Core 82 'RAM' <Latency = 1> <II = 1> <Delay = 2.15> <Storage> <Opcode : 'load' 'store'> <Ports = 2> <Width = 8> <Depth = 16> <RAM>
ST_3 : Operation 1771 [1/1] (2.15ns)   --->   "%store_ln134 = store i8 %gmem2_addr_read, i4 %V_tile_144_addr" [/home/siyenga7/FPGA/attention_int8.cpp:134]   --->   Operation 1771 'store' 'store_ln134' <Predicate = (trunc_ln131 == 2 & trunc_ln130 == 16)> <Delay = 2.15> <CoreInst = "RAM">   --->   Core 82 'RAM' <Latency = 1> <II = 1> <Delay = 2.15> <Storage> <Opcode : 'load' 'store'> <Ports = 2> <Width = 8> <Depth = 16> <RAM>
ST_3 : Operation 1772 [1/1] (2.15ns)   --->   "%store_ln134 = store i8 %gmem2_addr_read, i4 %V_tile_143_addr" [/home/siyenga7/FPGA/attention_int8.cpp:134]   --->   Operation 1772 'store' 'store_ln134' <Predicate = (trunc_ln131 == 2 & trunc_ln130 == 15)> <Delay = 2.15> <CoreInst = "RAM">   --->   Core 82 'RAM' <Latency = 1> <II = 1> <Delay = 2.15> <Storage> <Opcode : 'load' 'store'> <Ports = 2> <Width = 8> <Depth = 16> <RAM>
ST_3 : Operation 1773 [1/1] (2.15ns)   --->   "%store_ln134 = store i8 %gmem2_addr_read, i4 %V_tile_142_addr" [/home/siyenga7/FPGA/attention_int8.cpp:134]   --->   Operation 1773 'store' 'store_ln134' <Predicate = (trunc_ln131 == 2 & trunc_ln130 == 14)> <Delay = 2.15> <CoreInst = "RAM">   --->   Core 82 'RAM' <Latency = 1> <II = 1> <Delay = 2.15> <Storage> <Opcode : 'load' 'store'> <Ports = 2> <Width = 8> <Depth = 16> <RAM>
ST_3 : Operation 1774 [1/1] (2.15ns)   --->   "%store_ln134 = store i8 %gmem2_addr_read, i4 %V_tile_141_addr" [/home/siyenga7/FPGA/attention_int8.cpp:134]   --->   Operation 1774 'store' 'store_ln134' <Predicate = (trunc_ln131 == 2 & trunc_ln130 == 13)> <Delay = 2.15> <CoreInst = "RAM">   --->   Core 82 'RAM' <Latency = 1> <II = 1> <Delay = 2.15> <Storage> <Opcode : 'load' 'store'> <Ports = 2> <Width = 8> <Depth = 16> <RAM>
ST_3 : Operation 1775 [1/1] (2.15ns)   --->   "%store_ln134 = store i8 %gmem2_addr_read, i4 %V_tile_140_addr" [/home/siyenga7/FPGA/attention_int8.cpp:134]   --->   Operation 1775 'store' 'store_ln134' <Predicate = (trunc_ln131 == 2 & trunc_ln130 == 12)> <Delay = 2.15> <CoreInst = "RAM">   --->   Core 82 'RAM' <Latency = 1> <II = 1> <Delay = 2.15> <Storage> <Opcode : 'load' 'store'> <Ports = 2> <Width = 8> <Depth = 16> <RAM>
ST_3 : Operation 1776 [1/1] (2.15ns)   --->   "%store_ln134 = store i8 %gmem2_addr_read, i4 %V_tile_139_addr" [/home/siyenga7/FPGA/attention_int8.cpp:134]   --->   Operation 1776 'store' 'store_ln134' <Predicate = (trunc_ln131 == 2 & trunc_ln130 == 11)> <Delay = 2.15> <CoreInst = "RAM">   --->   Core 82 'RAM' <Latency = 1> <II = 1> <Delay = 2.15> <Storage> <Opcode : 'load' 'store'> <Ports = 2> <Width = 8> <Depth = 16> <RAM>
ST_3 : Operation 1777 [1/1] (2.15ns)   --->   "%store_ln134 = store i8 %gmem2_addr_read, i4 %V_tile_138_addr" [/home/siyenga7/FPGA/attention_int8.cpp:134]   --->   Operation 1777 'store' 'store_ln134' <Predicate = (trunc_ln131 == 2 & trunc_ln130 == 10)> <Delay = 2.15> <CoreInst = "RAM">   --->   Core 82 'RAM' <Latency = 1> <II = 1> <Delay = 2.15> <Storage> <Opcode : 'load' 'store'> <Ports = 2> <Width = 8> <Depth = 16> <RAM>
ST_3 : Operation 1778 [1/1] (2.15ns)   --->   "%store_ln134 = store i8 %gmem2_addr_read, i4 %V_tile_137_addr" [/home/siyenga7/FPGA/attention_int8.cpp:134]   --->   Operation 1778 'store' 'store_ln134' <Predicate = (trunc_ln131 == 2 & trunc_ln130 == 9)> <Delay = 2.15> <CoreInst = "RAM">   --->   Core 82 'RAM' <Latency = 1> <II = 1> <Delay = 2.15> <Storage> <Opcode : 'load' 'store'> <Ports = 2> <Width = 8> <Depth = 16> <RAM>
ST_3 : Operation 1779 [1/1] (2.15ns)   --->   "%store_ln134 = store i8 %gmem2_addr_read, i4 %V_tile_136_addr" [/home/siyenga7/FPGA/attention_int8.cpp:134]   --->   Operation 1779 'store' 'store_ln134' <Predicate = (trunc_ln131 == 2 & trunc_ln130 == 8)> <Delay = 2.15> <CoreInst = "RAM">   --->   Core 82 'RAM' <Latency = 1> <II = 1> <Delay = 2.15> <Storage> <Opcode : 'load' 'store'> <Ports = 2> <Width = 8> <Depth = 16> <RAM>
ST_3 : Operation 1780 [1/1] (2.15ns)   --->   "%store_ln134 = store i8 %gmem2_addr_read, i4 %V_tile_135_addr" [/home/siyenga7/FPGA/attention_int8.cpp:134]   --->   Operation 1780 'store' 'store_ln134' <Predicate = (trunc_ln131 == 2 & trunc_ln130 == 7)> <Delay = 2.15> <CoreInst = "RAM">   --->   Core 82 'RAM' <Latency = 1> <II = 1> <Delay = 2.15> <Storage> <Opcode : 'load' 'store'> <Ports = 2> <Width = 8> <Depth = 16> <RAM>
ST_3 : Operation 1781 [1/1] (2.15ns)   --->   "%store_ln134 = store i8 %gmem2_addr_read, i4 %V_tile_134_addr" [/home/siyenga7/FPGA/attention_int8.cpp:134]   --->   Operation 1781 'store' 'store_ln134' <Predicate = (trunc_ln131 == 2 & trunc_ln130 == 6)> <Delay = 2.15> <CoreInst = "RAM">   --->   Core 82 'RAM' <Latency = 1> <II = 1> <Delay = 2.15> <Storage> <Opcode : 'load' 'store'> <Ports = 2> <Width = 8> <Depth = 16> <RAM>
ST_3 : Operation 1782 [1/1] (2.15ns)   --->   "%store_ln134 = store i8 %gmem2_addr_read, i4 %V_tile_133_addr" [/home/siyenga7/FPGA/attention_int8.cpp:134]   --->   Operation 1782 'store' 'store_ln134' <Predicate = (trunc_ln131 == 2 & trunc_ln130 == 5)> <Delay = 2.15> <CoreInst = "RAM">   --->   Core 82 'RAM' <Latency = 1> <II = 1> <Delay = 2.15> <Storage> <Opcode : 'load' 'store'> <Ports = 2> <Width = 8> <Depth = 16> <RAM>
ST_3 : Operation 1783 [1/1] (2.15ns)   --->   "%store_ln134 = store i8 %gmem2_addr_read, i4 %V_tile_132_addr" [/home/siyenga7/FPGA/attention_int8.cpp:134]   --->   Operation 1783 'store' 'store_ln134' <Predicate = (trunc_ln131 == 2 & trunc_ln130 == 4)> <Delay = 2.15> <CoreInst = "RAM">   --->   Core 82 'RAM' <Latency = 1> <II = 1> <Delay = 2.15> <Storage> <Opcode : 'load' 'store'> <Ports = 2> <Width = 8> <Depth = 16> <RAM>
ST_3 : Operation 1784 [1/1] (2.15ns)   --->   "%store_ln134 = store i8 %gmem2_addr_read, i4 %V_tile_131_addr" [/home/siyenga7/FPGA/attention_int8.cpp:134]   --->   Operation 1784 'store' 'store_ln134' <Predicate = (trunc_ln131 == 2 & trunc_ln130 == 3)> <Delay = 2.15> <CoreInst = "RAM">   --->   Core 82 'RAM' <Latency = 1> <II = 1> <Delay = 2.15> <Storage> <Opcode : 'load' 'store'> <Ports = 2> <Width = 8> <Depth = 16> <RAM>
ST_3 : Operation 1785 [1/1] (2.15ns)   --->   "%store_ln134 = store i8 %gmem2_addr_read, i4 %V_tile_130_addr" [/home/siyenga7/FPGA/attention_int8.cpp:134]   --->   Operation 1785 'store' 'store_ln134' <Predicate = (trunc_ln131 == 2 & trunc_ln130 == 2)> <Delay = 2.15> <CoreInst = "RAM">   --->   Core 82 'RAM' <Latency = 1> <II = 1> <Delay = 2.15> <Storage> <Opcode : 'load' 'store'> <Ports = 2> <Width = 8> <Depth = 16> <RAM>
ST_3 : Operation 1786 [1/1] (2.15ns)   --->   "%store_ln134 = store i8 %gmem2_addr_read, i4 %V_tile_129_addr" [/home/siyenga7/FPGA/attention_int8.cpp:134]   --->   Operation 1786 'store' 'store_ln134' <Predicate = (trunc_ln131 == 2 & trunc_ln130 == 1)> <Delay = 2.15> <CoreInst = "RAM">   --->   Core 82 'RAM' <Latency = 1> <II = 1> <Delay = 2.15> <Storage> <Opcode : 'load' 'store'> <Ports = 2> <Width = 8> <Depth = 16> <RAM>
ST_3 : Operation 1787 [1/1] (2.15ns)   --->   "%store_ln134 = store i8 %gmem2_addr_read, i4 %V_tile_128_addr" [/home/siyenga7/FPGA/attention_int8.cpp:134]   --->   Operation 1787 'store' 'store_ln134' <Predicate = (trunc_ln131 == 2 & trunc_ln130 == 0)> <Delay = 2.15> <CoreInst = "RAM">   --->   Core 82 'RAM' <Latency = 1> <II = 1> <Delay = 2.15> <Storage> <Opcode : 'load' 'store'> <Ports = 2> <Width = 8> <Depth = 16> <RAM>
ST_3 : Operation 1788 [1/1] (2.15ns)   --->   "%store_ln134 = store i8 %gmem2_addr_read, i4 %V_tile_191_addr" [/home/siyenga7/FPGA/attention_int8.cpp:134]   --->   Operation 1788 'store' 'store_ln134' <Predicate = (trunc_ln131 == 2 & trunc_ln130 == 63)> <Delay = 2.15> <CoreInst = "RAM">   --->   Core 82 'RAM' <Latency = 1> <II = 1> <Delay = 2.15> <Storage> <Opcode : 'load' 'store'> <Ports = 2> <Width = 8> <Depth = 16> <RAM>
ST_3 : Operation 1789 [1/1] (0.00ns)   --->   "%br_ln134 = br void %arrayidx9113.exit" [/home/siyenga7/FPGA/attention_int8.cpp:134]   --->   Operation 1789 'br' 'br_ln134' <Predicate = (trunc_ln131 == 2)> <Delay = 0.00>
ST_3 : Operation 1790 [1/1] (2.15ns)   --->   "%store_ln134 = store i8 %gmem2_addr_read, i4 %V_tile_126_addr" [/home/siyenga7/FPGA/attention_int8.cpp:134]   --->   Operation 1790 'store' 'store_ln134' <Predicate = (trunc_ln131 == 1 & trunc_ln130 == 62)> <Delay = 2.15> <CoreInst = "RAM">   --->   Core 82 'RAM' <Latency = 1> <II = 1> <Delay = 2.15> <Storage> <Opcode : 'load' 'store'> <Ports = 2> <Width = 8> <Depth = 16> <RAM>
ST_3 : Operation 1791 [1/1] (2.15ns)   --->   "%store_ln134 = store i8 %gmem2_addr_read, i4 %V_tile_125_addr" [/home/siyenga7/FPGA/attention_int8.cpp:134]   --->   Operation 1791 'store' 'store_ln134' <Predicate = (trunc_ln131 == 1 & trunc_ln130 == 61)> <Delay = 2.15> <CoreInst = "RAM">   --->   Core 82 'RAM' <Latency = 1> <II = 1> <Delay = 2.15> <Storage> <Opcode : 'load' 'store'> <Ports = 2> <Width = 8> <Depth = 16> <RAM>
ST_3 : Operation 1792 [1/1] (2.15ns)   --->   "%store_ln134 = store i8 %gmem2_addr_read, i4 %V_tile_124_addr" [/home/siyenga7/FPGA/attention_int8.cpp:134]   --->   Operation 1792 'store' 'store_ln134' <Predicate = (trunc_ln131 == 1 & trunc_ln130 == 60)> <Delay = 2.15> <CoreInst = "RAM">   --->   Core 82 'RAM' <Latency = 1> <II = 1> <Delay = 2.15> <Storage> <Opcode : 'load' 'store'> <Ports = 2> <Width = 8> <Depth = 16> <RAM>
ST_3 : Operation 1793 [1/1] (2.15ns)   --->   "%store_ln134 = store i8 %gmem2_addr_read, i4 %V_tile_123_addr" [/home/siyenga7/FPGA/attention_int8.cpp:134]   --->   Operation 1793 'store' 'store_ln134' <Predicate = (trunc_ln131 == 1 & trunc_ln130 == 59)> <Delay = 2.15> <CoreInst = "RAM">   --->   Core 82 'RAM' <Latency = 1> <II = 1> <Delay = 2.15> <Storage> <Opcode : 'load' 'store'> <Ports = 2> <Width = 8> <Depth = 16> <RAM>
ST_3 : Operation 1794 [1/1] (2.15ns)   --->   "%store_ln134 = store i8 %gmem2_addr_read, i4 %V_tile_122_addr" [/home/siyenga7/FPGA/attention_int8.cpp:134]   --->   Operation 1794 'store' 'store_ln134' <Predicate = (trunc_ln131 == 1 & trunc_ln130 == 58)> <Delay = 2.15> <CoreInst = "RAM">   --->   Core 82 'RAM' <Latency = 1> <II = 1> <Delay = 2.15> <Storage> <Opcode : 'load' 'store'> <Ports = 2> <Width = 8> <Depth = 16> <RAM>
ST_3 : Operation 1795 [1/1] (2.15ns)   --->   "%store_ln134 = store i8 %gmem2_addr_read, i4 %V_tile_121_addr" [/home/siyenga7/FPGA/attention_int8.cpp:134]   --->   Operation 1795 'store' 'store_ln134' <Predicate = (trunc_ln131 == 1 & trunc_ln130 == 57)> <Delay = 2.15> <CoreInst = "RAM">   --->   Core 82 'RAM' <Latency = 1> <II = 1> <Delay = 2.15> <Storage> <Opcode : 'load' 'store'> <Ports = 2> <Width = 8> <Depth = 16> <RAM>
ST_3 : Operation 1796 [1/1] (2.15ns)   --->   "%store_ln134 = store i8 %gmem2_addr_read, i4 %V_tile_120_addr" [/home/siyenga7/FPGA/attention_int8.cpp:134]   --->   Operation 1796 'store' 'store_ln134' <Predicate = (trunc_ln131 == 1 & trunc_ln130 == 56)> <Delay = 2.15> <CoreInst = "RAM">   --->   Core 82 'RAM' <Latency = 1> <II = 1> <Delay = 2.15> <Storage> <Opcode : 'load' 'store'> <Ports = 2> <Width = 8> <Depth = 16> <RAM>
ST_3 : Operation 1797 [1/1] (2.15ns)   --->   "%store_ln134 = store i8 %gmem2_addr_read, i4 %V_tile_119_addr" [/home/siyenga7/FPGA/attention_int8.cpp:134]   --->   Operation 1797 'store' 'store_ln134' <Predicate = (trunc_ln131 == 1 & trunc_ln130 == 55)> <Delay = 2.15> <CoreInst = "RAM">   --->   Core 82 'RAM' <Latency = 1> <II = 1> <Delay = 2.15> <Storage> <Opcode : 'load' 'store'> <Ports = 2> <Width = 8> <Depth = 16> <RAM>
ST_3 : Operation 1798 [1/1] (2.15ns)   --->   "%store_ln134 = store i8 %gmem2_addr_read, i4 %V_tile_118_addr" [/home/siyenga7/FPGA/attention_int8.cpp:134]   --->   Operation 1798 'store' 'store_ln134' <Predicate = (trunc_ln131 == 1 & trunc_ln130 == 54)> <Delay = 2.15> <CoreInst = "RAM">   --->   Core 82 'RAM' <Latency = 1> <II = 1> <Delay = 2.15> <Storage> <Opcode : 'load' 'store'> <Ports = 2> <Width = 8> <Depth = 16> <RAM>
ST_3 : Operation 1799 [1/1] (2.15ns)   --->   "%store_ln134 = store i8 %gmem2_addr_read, i4 %V_tile_117_addr" [/home/siyenga7/FPGA/attention_int8.cpp:134]   --->   Operation 1799 'store' 'store_ln134' <Predicate = (trunc_ln131 == 1 & trunc_ln130 == 53)> <Delay = 2.15> <CoreInst = "RAM">   --->   Core 82 'RAM' <Latency = 1> <II = 1> <Delay = 2.15> <Storage> <Opcode : 'load' 'store'> <Ports = 2> <Width = 8> <Depth = 16> <RAM>
ST_3 : Operation 1800 [1/1] (2.15ns)   --->   "%store_ln134 = store i8 %gmem2_addr_read, i4 %V_tile_116_addr" [/home/siyenga7/FPGA/attention_int8.cpp:134]   --->   Operation 1800 'store' 'store_ln134' <Predicate = (trunc_ln131 == 1 & trunc_ln130 == 52)> <Delay = 2.15> <CoreInst = "RAM">   --->   Core 82 'RAM' <Latency = 1> <II = 1> <Delay = 2.15> <Storage> <Opcode : 'load' 'store'> <Ports = 2> <Width = 8> <Depth = 16> <RAM>
ST_3 : Operation 1801 [1/1] (2.15ns)   --->   "%store_ln134 = store i8 %gmem2_addr_read, i4 %V_tile_115_addr" [/home/siyenga7/FPGA/attention_int8.cpp:134]   --->   Operation 1801 'store' 'store_ln134' <Predicate = (trunc_ln131 == 1 & trunc_ln130 == 51)> <Delay = 2.15> <CoreInst = "RAM">   --->   Core 82 'RAM' <Latency = 1> <II = 1> <Delay = 2.15> <Storage> <Opcode : 'load' 'store'> <Ports = 2> <Width = 8> <Depth = 16> <RAM>
ST_3 : Operation 1802 [1/1] (2.15ns)   --->   "%store_ln134 = store i8 %gmem2_addr_read, i4 %V_tile_114_addr" [/home/siyenga7/FPGA/attention_int8.cpp:134]   --->   Operation 1802 'store' 'store_ln134' <Predicate = (trunc_ln131 == 1 & trunc_ln130 == 50)> <Delay = 2.15> <CoreInst = "RAM">   --->   Core 82 'RAM' <Latency = 1> <II = 1> <Delay = 2.15> <Storage> <Opcode : 'load' 'store'> <Ports = 2> <Width = 8> <Depth = 16> <RAM>
ST_3 : Operation 1803 [1/1] (2.15ns)   --->   "%store_ln134 = store i8 %gmem2_addr_read, i4 %V_tile_113_addr" [/home/siyenga7/FPGA/attention_int8.cpp:134]   --->   Operation 1803 'store' 'store_ln134' <Predicate = (trunc_ln131 == 1 & trunc_ln130 == 49)> <Delay = 2.15> <CoreInst = "RAM">   --->   Core 82 'RAM' <Latency = 1> <II = 1> <Delay = 2.15> <Storage> <Opcode : 'load' 'store'> <Ports = 2> <Width = 8> <Depth = 16> <RAM>
ST_3 : Operation 1804 [1/1] (2.15ns)   --->   "%store_ln134 = store i8 %gmem2_addr_read, i4 %V_tile_112_addr" [/home/siyenga7/FPGA/attention_int8.cpp:134]   --->   Operation 1804 'store' 'store_ln134' <Predicate = (trunc_ln131 == 1 & trunc_ln130 == 48)> <Delay = 2.15> <CoreInst = "RAM">   --->   Core 82 'RAM' <Latency = 1> <II = 1> <Delay = 2.15> <Storage> <Opcode : 'load' 'store'> <Ports = 2> <Width = 8> <Depth = 16> <RAM>
ST_3 : Operation 1805 [1/1] (2.15ns)   --->   "%store_ln134 = store i8 %gmem2_addr_read, i4 %V_tile_111_addr" [/home/siyenga7/FPGA/attention_int8.cpp:134]   --->   Operation 1805 'store' 'store_ln134' <Predicate = (trunc_ln131 == 1 & trunc_ln130 == 47)> <Delay = 2.15> <CoreInst = "RAM">   --->   Core 82 'RAM' <Latency = 1> <II = 1> <Delay = 2.15> <Storage> <Opcode : 'load' 'store'> <Ports = 2> <Width = 8> <Depth = 16> <RAM>
ST_3 : Operation 1806 [1/1] (2.15ns)   --->   "%store_ln134 = store i8 %gmem2_addr_read, i4 %V_tile_110_addr" [/home/siyenga7/FPGA/attention_int8.cpp:134]   --->   Operation 1806 'store' 'store_ln134' <Predicate = (trunc_ln131 == 1 & trunc_ln130 == 46)> <Delay = 2.15> <CoreInst = "RAM">   --->   Core 82 'RAM' <Latency = 1> <II = 1> <Delay = 2.15> <Storage> <Opcode : 'load' 'store'> <Ports = 2> <Width = 8> <Depth = 16> <RAM>
ST_3 : Operation 1807 [1/1] (2.15ns)   --->   "%store_ln134 = store i8 %gmem2_addr_read, i4 %V_tile_109_addr" [/home/siyenga7/FPGA/attention_int8.cpp:134]   --->   Operation 1807 'store' 'store_ln134' <Predicate = (trunc_ln131 == 1 & trunc_ln130 == 45)> <Delay = 2.15> <CoreInst = "RAM">   --->   Core 82 'RAM' <Latency = 1> <II = 1> <Delay = 2.15> <Storage> <Opcode : 'load' 'store'> <Ports = 2> <Width = 8> <Depth = 16> <RAM>
ST_3 : Operation 1808 [1/1] (2.15ns)   --->   "%store_ln134 = store i8 %gmem2_addr_read, i4 %V_tile_108_addr" [/home/siyenga7/FPGA/attention_int8.cpp:134]   --->   Operation 1808 'store' 'store_ln134' <Predicate = (trunc_ln131 == 1 & trunc_ln130 == 44)> <Delay = 2.15> <CoreInst = "RAM">   --->   Core 82 'RAM' <Latency = 1> <II = 1> <Delay = 2.15> <Storage> <Opcode : 'load' 'store'> <Ports = 2> <Width = 8> <Depth = 16> <RAM>
ST_3 : Operation 1809 [1/1] (2.15ns)   --->   "%store_ln134 = store i8 %gmem2_addr_read, i4 %V_tile_107_addr" [/home/siyenga7/FPGA/attention_int8.cpp:134]   --->   Operation 1809 'store' 'store_ln134' <Predicate = (trunc_ln131 == 1 & trunc_ln130 == 43)> <Delay = 2.15> <CoreInst = "RAM">   --->   Core 82 'RAM' <Latency = 1> <II = 1> <Delay = 2.15> <Storage> <Opcode : 'load' 'store'> <Ports = 2> <Width = 8> <Depth = 16> <RAM>
ST_3 : Operation 1810 [1/1] (2.15ns)   --->   "%store_ln134 = store i8 %gmem2_addr_read, i4 %V_tile_106_addr" [/home/siyenga7/FPGA/attention_int8.cpp:134]   --->   Operation 1810 'store' 'store_ln134' <Predicate = (trunc_ln131 == 1 & trunc_ln130 == 42)> <Delay = 2.15> <CoreInst = "RAM">   --->   Core 82 'RAM' <Latency = 1> <II = 1> <Delay = 2.15> <Storage> <Opcode : 'load' 'store'> <Ports = 2> <Width = 8> <Depth = 16> <RAM>
ST_3 : Operation 1811 [1/1] (2.15ns)   --->   "%store_ln134 = store i8 %gmem2_addr_read, i4 %V_tile_105_addr" [/home/siyenga7/FPGA/attention_int8.cpp:134]   --->   Operation 1811 'store' 'store_ln134' <Predicate = (trunc_ln131 == 1 & trunc_ln130 == 41)> <Delay = 2.15> <CoreInst = "RAM">   --->   Core 82 'RAM' <Latency = 1> <II = 1> <Delay = 2.15> <Storage> <Opcode : 'load' 'store'> <Ports = 2> <Width = 8> <Depth = 16> <RAM>
ST_3 : Operation 1812 [1/1] (2.15ns)   --->   "%store_ln134 = store i8 %gmem2_addr_read, i4 %V_tile_104_addr" [/home/siyenga7/FPGA/attention_int8.cpp:134]   --->   Operation 1812 'store' 'store_ln134' <Predicate = (trunc_ln131 == 1 & trunc_ln130 == 40)> <Delay = 2.15> <CoreInst = "RAM">   --->   Core 82 'RAM' <Latency = 1> <II = 1> <Delay = 2.15> <Storage> <Opcode : 'load' 'store'> <Ports = 2> <Width = 8> <Depth = 16> <RAM>
ST_3 : Operation 1813 [1/1] (2.15ns)   --->   "%store_ln134 = store i8 %gmem2_addr_read, i4 %V_tile_103_addr" [/home/siyenga7/FPGA/attention_int8.cpp:134]   --->   Operation 1813 'store' 'store_ln134' <Predicate = (trunc_ln131 == 1 & trunc_ln130 == 39)> <Delay = 2.15> <CoreInst = "RAM">   --->   Core 82 'RAM' <Latency = 1> <II = 1> <Delay = 2.15> <Storage> <Opcode : 'load' 'store'> <Ports = 2> <Width = 8> <Depth = 16> <RAM>
ST_3 : Operation 1814 [1/1] (2.15ns)   --->   "%store_ln134 = store i8 %gmem2_addr_read, i4 %V_tile_102_addr" [/home/siyenga7/FPGA/attention_int8.cpp:134]   --->   Operation 1814 'store' 'store_ln134' <Predicate = (trunc_ln131 == 1 & trunc_ln130 == 38)> <Delay = 2.15> <CoreInst = "RAM">   --->   Core 82 'RAM' <Latency = 1> <II = 1> <Delay = 2.15> <Storage> <Opcode : 'load' 'store'> <Ports = 2> <Width = 8> <Depth = 16> <RAM>
ST_3 : Operation 1815 [1/1] (2.15ns)   --->   "%store_ln134 = store i8 %gmem2_addr_read, i4 %V_tile_101_addr" [/home/siyenga7/FPGA/attention_int8.cpp:134]   --->   Operation 1815 'store' 'store_ln134' <Predicate = (trunc_ln131 == 1 & trunc_ln130 == 37)> <Delay = 2.15> <CoreInst = "RAM">   --->   Core 82 'RAM' <Latency = 1> <II = 1> <Delay = 2.15> <Storage> <Opcode : 'load' 'store'> <Ports = 2> <Width = 8> <Depth = 16> <RAM>
ST_3 : Operation 1816 [1/1] (2.15ns)   --->   "%store_ln134 = store i8 %gmem2_addr_read, i4 %V_tile_100_addr" [/home/siyenga7/FPGA/attention_int8.cpp:134]   --->   Operation 1816 'store' 'store_ln134' <Predicate = (trunc_ln131 == 1 & trunc_ln130 == 36)> <Delay = 2.15> <CoreInst = "RAM">   --->   Core 82 'RAM' <Latency = 1> <II = 1> <Delay = 2.15> <Storage> <Opcode : 'load' 'store'> <Ports = 2> <Width = 8> <Depth = 16> <RAM>
ST_3 : Operation 1817 [1/1] (2.15ns)   --->   "%store_ln134 = store i8 %gmem2_addr_read, i4 %V_tile_99_addr" [/home/siyenga7/FPGA/attention_int8.cpp:134]   --->   Operation 1817 'store' 'store_ln134' <Predicate = (trunc_ln131 == 1 & trunc_ln130 == 35)> <Delay = 2.15> <CoreInst = "RAM">   --->   Core 82 'RAM' <Latency = 1> <II = 1> <Delay = 2.15> <Storage> <Opcode : 'load' 'store'> <Ports = 2> <Width = 8> <Depth = 16> <RAM>
ST_3 : Operation 1818 [1/1] (2.15ns)   --->   "%store_ln134 = store i8 %gmem2_addr_read, i4 %V_tile_98_addr" [/home/siyenga7/FPGA/attention_int8.cpp:134]   --->   Operation 1818 'store' 'store_ln134' <Predicate = (trunc_ln131 == 1 & trunc_ln130 == 34)> <Delay = 2.15> <CoreInst = "RAM">   --->   Core 82 'RAM' <Latency = 1> <II = 1> <Delay = 2.15> <Storage> <Opcode : 'load' 'store'> <Ports = 2> <Width = 8> <Depth = 16> <RAM>
ST_3 : Operation 1819 [1/1] (2.15ns)   --->   "%store_ln134 = store i8 %gmem2_addr_read, i4 %V_tile_97_addr" [/home/siyenga7/FPGA/attention_int8.cpp:134]   --->   Operation 1819 'store' 'store_ln134' <Predicate = (trunc_ln131 == 1 & trunc_ln130 == 33)> <Delay = 2.15> <CoreInst = "RAM">   --->   Core 82 'RAM' <Latency = 1> <II = 1> <Delay = 2.15> <Storage> <Opcode : 'load' 'store'> <Ports = 2> <Width = 8> <Depth = 16> <RAM>
ST_3 : Operation 1820 [1/1] (2.15ns)   --->   "%store_ln134 = store i8 %gmem2_addr_read, i4 %V_tile_96_addr" [/home/siyenga7/FPGA/attention_int8.cpp:134]   --->   Operation 1820 'store' 'store_ln134' <Predicate = (trunc_ln131 == 1 & trunc_ln130 == 32)> <Delay = 2.15> <CoreInst = "RAM">   --->   Core 82 'RAM' <Latency = 1> <II = 1> <Delay = 2.15> <Storage> <Opcode : 'load' 'store'> <Ports = 2> <Width = 8> <Depth = 16> <RAM>
ST_3 : Operation 1821 [1/1] (2.15ns)   --->   "%store_ln134 = store i8 %gmem2_addr_read, i4 %V_tile_95_addr" [/home/siyenga7/FPGA/attention_int8.cpp:134]   --->   Operation 1821 'store' 'store_ln134' <Predicate = (trunc_ln131 == 1 & trunc_ln130 == 31)> <Delay = 2.15> <CoreInst = "RAM">   --->   Core 82 'RAM' <Latency = 1> <II = 1> <Delay = 2.15> <Storage> <Opcode : 'load' 'store'> <Ports = 2> <Width = 8> <Depth = 16> <RAM>
ST_3 : Operation 1822 [1/1] (2.15ns)   --->   "%store_ln134 = store i8 %gmem2_addr_read, i4 %V_tile_94_addr" [/home/siyenga7/FPGA/attention_int8.cpp:134]   --->   Operation 1822 'store' 'store_ln134' <Predicate = (trunc_ln131 == 1 & trunc_ln130 == 30)> <Delay = 2.15> <CoreInst = "RAM">   --->   Core 82 'RAM' <Latency = 1> <II = 1> <Delay = 2.15> <Storage> <Opcode : 'load' 'store'> <Ports = 2> <Width = 8> <Depth = 16> <RAM>
ST_3 : Operation 1823 [1/1] (2.15ns)   --->   "%store_ln134 = store i8 %gmem2_addr_read, i4 %V_tile_93_addr" [/home/siyenga7/FPGA/attention_int8.cpp:134]   --->   Operation 1823 'store' 'store_ln134' <Predicate = (trunc_ln131 == 1 & trunc_ln130 == 29)> <Delay = 2.15> <CoreInst = "RAM">   --->   Core 82 'RAM' <Latency = 1> <II = 1> <Delay = 2.15> <Storage> <Opcode : 'load' 'store'> <Ports = 2> <Width = 8> <Depth = 16> <RAM>
ST_3 : Operation 1824 [1/1] (2.15ns)   --->   "%store_ln134 = store i8 %gmem2_addr_read, i4 %V_tile_92_addr" [/home/siyenga7/FPGA/attention_int8.cpp:134]   --->   Operation 1824 'store' 'store_ln134' <Predicate = (trunc_ln131 == 1 & trunc_ln130 == 28)> <Delay = 2.15> <CoreInst = "RAM">   --->   Core 82 'RAM' <Latency = 1> <II = 1> <Delay = 2.15> <Storage> <Opcode : 'load' 'store'> <Ports = 2> <Width = 8> <Depth = 16> <RAM>
ST_3 : Operation 1825 [1/1] (2.15ns)   --->   "%store_ln134 = store i8 %gmem2_addr_read, i4 %V_tile_91_addr" [/home/siyenga7/FPGA/attention_int8.cpp:134]   --->   Operation 1825 'store' 'store_ln134' <Predicate = (trunc_ln131 == 1 & trunc_ln130 == 27)> <Delay = 2.15> <CoreInst = "RAM">   --->   Core 82 'RAM' <Latency = 1> <II = 1> <Delay = 2.15> <Storage> <Opcode : 'load' 'store'> <Ports = 2> <Width = 8> <Depth = 16> <RAM>
ST_3 : Operation 1826 [1/1] (2.15ns)   --->   "%store_ln134 = store i8 %gmem2_addr_read, i4 %V_tile_90_addr" [/home/siyenga7/FPGA/attention_int8.cpp:134]   --->   Operation 1826 'store' 'store_ln134' <Predicate = (trunc_ln131 == 1 & trunc_ln130 == 26)> <Delay = 2.15> <CoreInst = "RAM">   --->   Core 82 'RAM' <Latency = 1> <II = 1> <Delay = 2.15> <Storage> <Opcode : 'load' 'store'> <Ports = 2> <Width = 8> <Depth = 16> <RAM>
ST_3 : Operation 1827 [1/1] (2.15ns)   --->   "%store_ln134 = store i8 %gmem2_addr_read, i4 %V_tile_89_addr" [/home/siyenga7/FPGA/attention_int8.cpp:134]   --->   Operation 1827 'store' 'store_ln134' <Predicate = (trunc_ln131 == 1 & trunc_ln130 == 25)> <Delay = 2.15> <CoreInst = "RAM">   --->   Core 82 'RAM' <Latency = 1> <II = 1> <Delay = 2.15> <Storage> <Opcode : 'load' 'store'> <Ports = 2> <Width = 8> <Depth = 16> <RAM>
ST_3 : Operation 1828 [1/1] (2.15ns)   --->   "%store_ln134 = store i8 %gmem2_addr_read, i4 %V_tile_88_addr" [/home/siyenga7/FPGA/attention_int8.cpp:134]   --->   Operation 1828 'store' 'store_ln134' <Predicate = (trunc_ln131 == 1 & trunc_ln130 == 24)> <Delay = 2.15> <CoreInst = "RAM">   --->   Core 82 'RAM' <Latency = 1> <II = 1> <Delay = 2.15> <Storage> <Opcode : 'load' 'store'> <Ports = 2> <Width = 8> <Depth = 16> <RAM>
ST_3 : Operation 1829 [1/1] (2.15ns)   --->   "%store_ln134 = store i8 %gmem2_addr_read, i4 %V_tile_87_addr" [/home/siyenga7/FPGA/attention_int8.cpp:134]   --->   Operation 1829 'store' 'store_ln134' <Predicate = (trunc_ln131 == 1 & trunc_ln130 == 23)> <Delay = 2.15> <CoreInst = "RAM">   --->   Core 82 'RAM' <Latency = 1> <II = 1> <Delay = 2.15> <Storage> <Opcode : 'load' 'store'> <Ports = 2> <Width = 8> <Depth = 16> <RAM>
ST_3 : Operation 1830 [1/1] (2.15ns)   --->   "%store_ln134 = store i8 %gmem2_addr_read, i4 %V_tile_86_addr" [/home/siyenga7/FPGA/attention_int8.cpp:134]   --->   Operation 1830 'store' 'store_ln134' <Predicate = (trunc_ln131 == 1 & trunc_ln130 == 22)> <Delay = 2.15> <CoreInst = "RAM">   --->   Core 82 'RAM' <Latency = 1> <II = 1> <Delay = 2.15> <Storage> <Opcode : 'load' 'store'> <Ports = 2> <Width = 8> <Depth = 16> <RAM>
ST_3 : Operation 1831 [1/1] (2.15ns)   --->   "%store_ln134 = store i8 %gmem2_addr_read, i4 %V_tile_85_addr" [/home/siyenga7/FPGA/attention_int8.cpp:134]   --->   Operation 1831 'store' 'store_ln134' <Predicate = (trunc_ln131 == 1 & trunc_ln130 == 21)> <Delay = 2.15> <CoreInst = "RAM">   --->   Core 82 'RAM' <Latency = 1> <II = 1> <Delay = 2.15> <Storage> <Opcode : 'load' 'store'> <Ports = 2> <Width = 8> <Depth = 16> <RAM>
ST_3 : Operation 1832 [1/1] (2.15ns)   --->   "%store_ln134 = store i8 %gmem2_addr_read, i4 %V_tile_84_addr" [/home/siyenga7/FPGA/attention_int8.cpp:134]   --->   Operation 1832 'store' 'store_ln134' <Predicate = (trunc_ln131 == 1 & trunc_ln130 == 20)> <Delay = 2.15> <CoreInst = "RAM">   --->   Core 82 'RAM' <Latency = 1> <II = 1> <Delay = 2.15> <Storage> <Opcode : 'load' 'store'> <Ports = 2> <Width = 8> <Depth = 16> <RAM>
ST_3 : Operation 1833 [1/1] (2.15ns)   --->   "%store_ln134 = store i8 %gmem2_addr_read, i4 %V_tile_83_addr" [/home/siyenga7/FPGA/attention_int8.cpp:134]   --->   Operation 1833 'store' 'store_ln134' <Predicate = (trunc_ln131 == 1 & trunc_ln130 == 19)> <Delay = 2.15> <CoreInst = "RAM">   --->   Core 82 'RAM' <Latency = 1> <II = 1> <Delay = 2.15> <Storage> <Opcode : 'load' 'store'> <Ports = 2> <Width = 8> <Depth = 16> <RAM>
ST_3 : Operation 1834 [1/1] (2.15ns)   --->   "%store_ln134 = store i8 %gmem2_addr_read, i4 %V_tile_82_addr" [/home/siyenga7/FPGA/attention_int8.cpp:134]   --->   Operation 1834 'store' 'store_ln134' <Predicate = (trunc_ln131 == 1 & trunc_ln130 == 18)> <Delay = 2.15> <CoreInst = "RAM">   --->   Core 82 'RAM' <Latency = 1> <II = 1> <Delay = 2.15> <Storage> <Opcode : 'load' 'store'> <Ports = 2> <Width = 8> <Depth = 16> <RAM>
ST_3 : Operation 1835 [1/1] (2.15ns)   --->   "%store_ln134 = store i8 %gmem2_addr_read, i4 %V_tile_81_addr" [/home/siyenga7/FPGA/attention_int8.cpp:134]   --->   Operation 1835 'store' 'store_ln134' <Predicate = (trunc_ln131 == 1 & trunc_ln130 == 17)> <Delay = 2.15> <CoreInst = "RAM">   --->   Core 82 'RAM' <Latency = 1> <II = 1> <Delay = 2.15> <Storage> <Opcode : 'load' 'store'> <Ports = 2> <Width = 8> <Depth = 16> <RAM>
ST_3 : Operation 1836 [1/1] (2.15ns)   --->   "%store_ln134 = store i8 %gmem2_addr_read, i4 %V_tile_80_addr" [/home/siyenga7/FPGA/attention_int8.cpp:134]   --->   Operation 1836 'store' 'store_ln134' <Predicate = (trunc_ln131 == 1 & trunc_ln130 == 16)> <Delay = 2.15> <CoreInst = "RAM">   --->   Core 82 'RAM' <Latency = 1> <II = 1> <Delay = 2.15> <Storage> <Opcode : 'load' 'store'> <Ports = 2> <Width = 8> <Depth = 16> <RAM>
ST_3 : Operation 1837 [1/1] (2.15ns)   --->   "%store_ln134 = store i8 %gmem2_addr_read, i4 %V_tile_79_addr" [/home/siyenga7/FPGA/attention_int8.cpp:134]   --->   Operation 1837 'store' 'store_ln134' <Predicate = (trunc_ln131 == 1 & trunc_ln130 == 15)> <Delay = 2.15> <CoreInst = "RAM">   --->   Core 82 'RAM' <Latency = 1> <II = 1> <Delay = 2.15> <Storage> <Opcode : 'load' 'store'> <Ports = 2> <Width = 8> <Depth = 16> <RAM>
ST_3 : Operation 1838 [1/1] (2.15ns)   --->   "%store_ln134 = store i8 %gmem2_addr_read, i4 %V_tile_78_addr" [/home/siyenga7/FPGA/attention_int8.cpp:134]   --->   Operation 1838 'store' 'store_ln134' <Predicate = (trunc_ln131 == 1 & trunc_ln130 == 14)> <Delay = 2.15> <CoreInst = "RAM">   --->   Core 82 'RAM' <Latency = 1> <II = 1> <Delay = 2.15> <Storage> <Opcode : 'load' 'store'> <Ports = 2> <Width = 8> <Depth = 16> <RAM>
ST_3 : Operation 1839 [1/1] (2.15ns)   --->   "%store_ln134 = store i8 %gmem2_addr_read, i4 %V_tile_77_addr" [/home/siyenga7/FPGA/attention_int8.cpp:134]   --->   Operation 1839 'store' 'store_ln134' <Predicate = (trunc_ln131 == 1 & trunc_ln130 == 13)> <Delay = 2.15> <CoreInst = "RAM">   --->   Core 82 'RAM' <Latency = 1> <II = 1> <Delay = 2.15> <Storage> <Opcode : 'load' 'store'> <Ports = 2> <Width = 8> <Depth = 16> <RAM>
ST_3 : Operation 1840 [1/1] (2.15ns)   --->   "%store_ln134 = store i8 %gmem2_addr_read, i4 %V_tile_76_addr" [/home/siyenga7/FPGA/attention_int8.cpp:134]   --->   Operation 1840 'store' 'store_ln134' <Predicate = (trunc_ln131 == 1 & trunc_ln130 == 12)> <Delay = 2.15> <CoreInst = "RAM">   --->   Core 82 'RAM' <Latency = 1> <II = 1> <Delay = 2.15> <Storage> <Opcode : 'load' 'store'> <Ports = 2> <Width = 8> <Depth = 16> <RAM>
ST_3 : Operation 1841 [1/1] (2.15ns)   --->   "%store_ln134 = store i8 %gmem2_addr_read, i4 %V_tile_75_addr" [/home/siyenga7/FPGA/attention_int8.cpp:134]   --->   Operation 1841 'store' 'store_ln134' <Predicate = (trunc_ln131 == 1 & trunc_ln130 == 11)> <Delay = 2.15> <CoreInst = "RAM">   --->   Core 82 'RAM' <Latency = 1> <II = 1> <Delay = 2.15> <Storage> <Opcode : 'load' 'store'> <Ports = 2> <Width = 8> <Depth = 16> <RAM>
ST_3 : Operation 1842 [1/1] (2.15ns)   --->   "%store_ln134 = store i8 %gmem2_addr_read, i4 %V_tile_74_addr" [/home/siyenga7/FPGA/attention_int8.cpp:134]   --->   Operation 1842 'store' 'store_ln134' <Predicate = (trunc_ln131 == 1 & trunc_ln130 == 10)> <Delay = 2.15> <CoreInst = "RAM">   --->   Core 82 'RAM' <Latency = 1> <II = 1> <Delay = 2.15> <Storage> <Opcode : 'load' 'store'> <Ports = 2> <Width = 8> <Depth = 16> <RAM>
ST_3 : Operation 1843 [1/1] (2.15ns)   --->   "%store_ln134 = store i8 %gmem2_addr_read, i4 %V_tile_73_addr" [/home/siyenga7/FPGA/attention_int8.cpp:134]   --->   Operation 1843 'store' 'store_ln134' <Predicate = (trunc_ln131 == 1 & trunc_ln130 == 9)> <Delay = 2.15> <CoreInst = "RAM">   --->   Core 82 'RAM' <Latency = 1> <II = 1> <Delay = 2.15> <Storage> <Opcode : 'load' 'store'> <Ports = 2> <Width = 8> <Depth = 16> <RAM>
ST_3 : Operation 1844 [1/1] (2.15ns)   --->   "%store_ln134 = store i8 %gmem2_addr_read, i4 %V_tile_72_addr" [/home/siyenga7/FPGA/attention_int8.cpp:134]   --->   Operation 1844 'store' 'store_ln134' <Predicate = (trunc_ln131 == 1 & trunc_ln130 == 8)> <Delay = 2.15> <CoreInst = "RAM">   --->   Core 82 'RAM' <Latency = 1> <II = 1> <Delay = 2.15> <Storage> <Opcode : 'load' 'store'> <Ports = 2> <Width = 8> <Depth = 16> <RAM>
ST_3 : Operation 1845 [1/1] (2.15ns)   --->   "%store_ln134 = store i8 %gmem2_addr_read, i4 %V_tile_71_addr" [/home/siyenga7/FPGA/attention_int8.cpp:134]   --->   Operation 1845 'store' 'store_ln134' <Predicate = (trunc_ln131 == 1 & trunc_ln130 == 7)> <Delay = 2.15> <CoreInst = "RAM">   --->   Core 82 'RAM' <Latency = 1> <II = 1> <Delay = 2.15> <Storage> <Opcode : 'load' 'store'> <Ports = 2> <Width = 8> <Depth = 16> <RAM>
ST_3 : Operation 1846 [1/1] (2.15ns)   --->   "%store_ln134 = store i8 %gmem2_addr_read, i4 %V_tile_70_addr" [/home/siyenga7/FPGA/attention_int8.cpp:134]   --->   Operation 1846 'store' 'store_ln134' <Predicate = (trunc_ln131 == 1 & trunc_ln130 == 6)> <Delay = 2.15> <CoreInst = "RAM">   --->   Core 82 'RAM' <Latency = 1> <II = 1> <Delay = 2.15> <Storage> <Opcode : 'load' 'store'> <Ports = 2> <Width = 8> <Depth = 16> <RAM>
ST_3 : Operation 1847 [1/1] (2.15ns)   --->   "%store_ln134 = store i8 %gmem2_addr_read, i4 %V_tile_69_addr" [/home/siyenga7/FPGA/attention_int8.cpp:134]   --->   Operation 1847 'store' 'store_ln134' <Predicate = (trunc_ln131 == 1 & trunc_ln130 == 5)> <Delay = 2.15> <CoreInst = "RAM">   --->   Core 82 'RAM' <Latency = 1> <II = 1> <Delay = 2.15> <Storage> <Opcode : 'load' 'store'> <Ports = 2> <Width = 8> <Depth = 16> <RAM>
ST_3 : Operation 1848 [1/1] (2.15ns)   --->   "%store_ln134 = store i8 %gmem2_addr_read, i4 %V_tile_68_addr" [/home/siyenga7/FPGA/attention_int8.cpp:134]   --->   Operation 1848 'store' 'store_ln134' <Predicate = (trunc_ln131 == 1 & trunc_ln130 == 4)> <Delay = 2.15> <CoreInst = "RAM">   --->   Core 82 'RAM' <Latency = 1> <II = 1> <Delay = 2.15> <Storage> <Opcode : 'load' 'store'> <Ports = 2> <Width = 8> <Depth = 16> <RAM>
ST_3 : Operation 1849 [1/1] (2.15ns)   --->   "%store_ln134 = store i8 %gmem2_addr_read, i4 %V_tile_67_addr" [/home/siyenga7/FPGA/attention_int8.cpp:134]   --->   Operation 1849 'store' 'store_ln134' <Predicate = (trunc_ln131 == 1 & trunc_ln130 == 3)> <Delay = 2.15> <CoreInst = "RAM">   --->   Core 82 'RAM' <Latency = 1> <II = 1> <Delay = 2.15> <Storage> <Opcode : 'load' 'store'> <Ports = 2> <Width = 8> <Depth = 16> <RAM>
ST_3 : Operation 1850 [1/1] (2.15ns)   --->   "%store_ln134 = store i8 %gmem2_addr_read, i4 %V_tile_66_addr" [/home/siyenga7/FPGA/attention_int8.cpp:134]   --->   Operation 1850 'store' 'store_ln134' <Predicate = (trunc_ln131 == 1 & trunc_ln130 == 2)> <Delay = 2.15> <CoreInst = "RAM">   --->   Core 82 'RAM' <Latency = 1> <II = 1> <Delay = 2.15> <Storage> <Opcode : 'load' 'store'> <Ports = 2> <Width = 8> <Depth = 16> <RAM>
ST_3 : Operation 1851 [1/1] (2.15ns)   --->   "%store_ln134 = store i8 %gmem2_addr_read, i4 %V_tile_65_addr" [/home/siyenga7/FPGA/attention_int8.cpp:134]   --->   Operation 1851 'store' 'store_ln134' <Predicate = (trunc_ln131 == 1 & trunc_ln130 == 1)> <Delay = 2.15> <CoreInst = "RAM">   --->   Core 82 'RAM' <Latency = 1> <II = 1> <Delay = 2.15> <Storage> <Opcode : 'load' 'store'> <Ports = 2> <Width = 8> <Depth = 16> <RAM>
ST_3 : Operation 1852 [1/1] (2.15ns)   --->   "%store_ln134 = store i8 %gmem2_addr_read, i4 %V_tile_64_addr" [/home/siyenga7/FPGA/attention_int8.cpp:134]   --->   Operation 1852 'store' 'store_ln134' <Predicate = (trunc_ln131 == 1 & trunc_ln130 == 0)> <Delay = 2.15> <CoreInst = "RAM">   --->   Core 82 'RAM' <Latency = 1> <II = 1> <Delay = 2.15> <Storage> <Opcode : 'load' 'store'> <Ports = 2> <Width = 8> <Depth = 16> <RAM>
ST_3 : Operation 1853 [1/1] (2.15ns)   --->   "%store_ln134 = store i8 %gmem2_addr_read, i4 %V_tile_127_addr" [/home/siyenga7/FPGA/attention_int8.cpp:134]   --->   Operation 1853 'store' 'store_ln134' <Predicate = (trunc_ln131 == 1 & trunc_ln130 == 63)> <Delay = 2.15> <CoreInst = "RAM">   --->   Core 82 'RAM' <Latency = 1> <II = 1> <Delay = 2.15> <Storage> <Opcode : 'load' 'store'> <Ports = 2> <Width = 8> <Depth = 16> <RAM>
ST_3 : Operation 1854 [1/1] (0.00ns)   --->   "%br_ln134 = br void %arrayidx9113.exit" [/home/siyenga7/FPGA/attention_int8.cpp:134]   --->   Operation 1854 'br' 'br_ln134' <Predicate = (trunc_ln131 == 1)> <Delay = 0.00>
ST_3 : Operation 1855 [1/1] (2.15ns)   --->   "%store_ln134 = store i8 %gmem2_addr_read, i4 %V_tile_62_addr" [/home/siyenga7/FPGA/attention_int8.cpp:134]   --->   Operation 1855 'store' 'store_ln134' <Predicate = (trunc_ln131 == 0 & trunc_ln130 == 62)> <Delay = 2.15> <CoreInst = "RAM">   --->   Core 82 'RAM' <Latency = 1> <II = 1> <Delay = 2.15> <Storage> <Opcode : 'load' 'store'> <Ports = 2> <Width = 8> <Depth = 16> <RAM>
ST_3 : Operation 1856 [1/1] (2.15ns)   --->   "%store_ln134 = store i8 %gmem2_addr_read, i4 %V_tile_61_addr" [/home/siyenga7/FPGA/attention_int8.cpp:134]   --->   Operation 1856 'store' 'store_ln134' <Predicate = (trunc_ln131 == 0 & trunc_ln130 == 61)> <Delay = 2.15> <CoreInst = "RAM">   --->   Core 82 'RAM' <Latency = 1> <II = 1> <Delay = 2.15> <Storage> <Opcode : 'load' 'store'> <Ports = 2> <Width = 8> <Depth = 16> <RAM>
ST_3 : Operation 1857 [1/1] (2.15ns)   --->   "%store_ln134 = store i8 %gmem2_addr_read, i4 %V_tile_60_addr" [/home/siyenga7/FPGA/attention_int8.cpp:134]   --->   Operation 1857 'store' 'store_ln134' <Predicate = (trunc_ln131 == 0 & trunc_ln130 == 60)> <Delay = 2.15> <CoreInst = "RAM">   --->   Core 82 'RAM' <Latency = 1> <II = 1> <Delay = 2.15> <Storage> <Opcode : 'load' 'store'> <Ports = 2> <Width = 8> <Depth = 16> <RAM>
ST_3 : Operation 1858 [1/1] (2.15ns)   --->   "%store_ln134 = store i8 %gmem2_addr_read, i4 %V_tile_59_addr" [/home/siyenga7/FPGA/attention_int8.cpp:134]   --->   Operation 1858 'store' 'store_ln134' <Predicate = (trunc_ln131 == 0 & trunc_ln130 == 59)> <Delay = 2.15> <CoreInst = "RAM">   --->   Core 82 'RAM' <Latency = 1> <II = 1> <Delay = 2.15> <Storage> <Opcode : 'load' 'store'> <Ports = 2> <Width = 8> <Depth = 16> <RAM>
ST_3 : Operation 1859 [1/1] (2.15ns)   --->   "%store_ln134 = store i8 %gmem2_addr_read, i4 %V_tile_58_addr" [/home/siyenga7/FPGA/attention_int8.cpp:134]   --->   Operation 1859 'store' 'store_ln134' <Predicate = (trunc_ln131 == 0 & trunc_ln130 == 58)> <Delay = 2.15> <CoreInst = "RAM">   --->   Core 82 'RAM' <Latency = 1> <II = 1> <Delay = 2.15> <Storage> <Opcode : 'load' 'store'> <Ports = 2> <Width = 8> <Depth = 16> <RAM>
ST_3 : Operation 1860 [1/1] (2.15ns)   --->   "%store_ln134 = store i8 %gmem2_addr_read, i4 %V_tile_57_addr" [/home/siyenga7/FPGA/attention_int8.cpp:134]   --->   Operation 1860 'store' 'store_ln134' <Predicate = (trunc_ln131 == 0 & trunc_ln130 == 57)> <Delay = 2.15> <CoreInst = "RAM">   --->   Core 82 'RAM' <Latency = 1> <II = 1> <Delay = 2.15> <Storage> <Opcode : 'load' 'store'> <Ports = 2> <Width = 8> <Depth = 16> <RAM>
ST_3 : Operation 1861 [1/1] (2.15ns)   --->   "%store_ln134 = store i8 %gmem2_addr_read, i4 %V_tile_56_addr" [/home/siyenga7/FPGA/attention_int8.cpp:134]   --->   Operation 1861 'store' 'store_ln134' <Predicate = (trunc_ln131 == 0 & trunc_ln130 == 56)> <Delay = 2.15> <CoreInst = "RAM">   --->   Core 82 'RAM' <Latency = 1> <II = 1> <Delay = 2.15> <Storage> <Opcode : 'load' 'store'> <Ports = 2> <Width = 8> <Depth = 16> <RAM>
ST_3 : Operation 1862 [1/1] (2.15ns)   --->   "%store_ln134 = store i8 %gmem2_addr_read, i4 %V_tile_55_addr" [/home/siyenga7/FPGA/attention_int8.cpp:134]   --->   Operation 1862 'store' 'store_ln134' <Predicate = (trunc_ln131 == 0 & trunc_ln130 == 55)> <Delay = 2.15> <CoreInst = "RAM">   --->   Core 82 'RAM' <Latency = 1> <II = 1> <Delay = 2.15> <Storage> <Opcode : 'load' 'store'> <Ports = 2> <Width = 8> <Depth = 16> <RAM>
ST_3 : Operation 1863 [1/1] (2.15ns)   --->   "%store_ln134 = store i8 %gmem2_addr_read, i4 %V_tile_54_addr" [/home/siyenga7/FPGA/attention_int8.cpp:134]   --->   Operation 1863 'store' 'store_ln134' <Predicate = (trunc_ln131 == 0 & trunc_ln130 == 54)> <Delay = 2.15> <CoreInst = "RAM">   --->   Core 82 'RAM' <Latency = 1> <II = 1> <Delay = 2.15> <Storage> <Opcode : 'load' 'store'> <Ports = 2> <Width = 8> <Depth = 16> <RAM>
ST_3 : Operation 1864 [1/1] (2.15ns)   --->   "%store_ln134 = store i8 %gmem2_addr_read, i4 %V_tile_53_addr" [/home/siyenga7/FPGA/attention_int8.cpp:134]   --->   Operation 1864 'store' 'store_ln134' <Predicate = (trunc_ln131 == 0 & trunc_ln130 == 53)> <Delay = 2.15> <CoreInst = "RAM">   --->   Core 82 'RAM' <Latency = 1> <II = 1> <Delay = 2.15> <Storage> <Opcode : 'load' 'store'> <Ports = 2> <Width = 8> <Depth = 16> <RAM>
ST_3 : Operation 1865 [1/1] (2.15ns)   --->   "%store_ln134 = store i8 %gmem2_addr_read, i4 %V_tile_52_addr" [/home/siyenga7/FPGA/attention_int8.cpp:134]   --->   Operation 1865 'store' 'store_ln134' <Predicate = (trunc_ln131 == 0 & trunc_ln130 == 52)> <Delay = 2.15> <CoreInst = "RAM">   --->   Core 82 'RAM' <Latency = 1> <II = 1> <Delay = 2.15> <Storage> <Opcode : 'load' 'store'> <Ports = 2> <Width = 8> <Depth = 16> <RAM>
ST_3 : Operation 1866 [1/1] (2.15ns)   --->   "%store_ln134 = store i8 %gmem2_addr_read, i4 %V_tile_51_addr" [/home/siyenga7/FPGA/attention_int8.cpp:134]   --->   Operation 1866 'store' 'store_ln134' <Predicate = (trunc_ln131 == 0 & trunc_ln130 == 51)> <Delay = 2.15> <CoreInst = "RAM">   --->   Core 82 'RAM' <Latency = 1> <II = 1> <Delay = 2.15> <Storage> <Opcode : 'load' 'store'> <Ports = 2> <Width = 8> <Depth = 16> <RAM>
ST_3 : Operation 1867 [1/1] (2.15ns)   --->   "%store_ln134 = store i8 %gmem2_addr_read, i4 %V_tile_50_addr" [/home/siyenga7/FPGA/attention_int8.cpp:134]   --->   Operation 1867 'store' 'store_ln134' <Predicate = (trunc_ln131 == 0 & trunc_ln130 == 50)> <Delay = 2.15> <CoreInst = "RAM">   --->   Core 82 'RAM' <Latency = 1> <II = 1> <Delay = 2.15> <Storage> <Opcode : 'load' 'store'> <Ports = 2> <Width = 8> <Depth = 16> <RAM>
ST_3 : Operation 1868 [1/1] (2.15ns)   --->   "%store_ln134 = store i8 %gmem2_addr_read, i4 %V_tile_49_addr" [/home/siyenga7/FPGA/attention_int8.cpp:134]   --->   Operation 1868 'store' 'store_ln134' <Predicate = (trunc_ln131 == 0 & trunc_ln130 == 49)> <Delay = 2.15> <CoreInst = "RAM">   --->   Core 82 'RAM' <Latency = 1> <II = 1> <Delay = 2.15> <Storage> <Opcode : 'load' 'store'> <Ports = 2> <Width = 8> <Depth = 16> <RAM>
ST_3 : Operation 1869 [1/1] (2.15ns)   --->   "%store_ln134 = store i8 %gmem2_addr_read, i4 %V_tile_48_addr" [/home/siyenga7/FPGA/attention_int8.cpp:134]   --->   Operation 1869 'store' 'store_ln134' <Predicate = (trunc_ln131 == 0 & trunc_ln130 == 48)> <Delay = 2.15> <CoreInst = "RAM">   --->   Core 82 'RAM' <Latency = 1> <II = 1> <Delay = 2.15> <Storage> <Opcode : 'load' 'store'> <Ports = 2> <Width = 8> <Depth = 16> <RAM>
ST_3 : Operation 1870 [1/1] (2.15ns)   --->   "%store_ln134 = store i8 %gmem2_addr_read, i4 %V_tile_47_addr" [/home/siyenga7/FPGA/attention_int8.cpp:134]   --->   Operation 1870 'store' 'store_ln134' <Predicate = (trunc_ln131 == 0 & trunc_ln130 == 47)> <Delay = 2.15> <CoreInst = "RAM">   --->   Core 82 'RAM' <Latency = 1> <II = 1> <Delay = 2.15> <Storage> <Opcode : 'load' 'store'> <Ports = 2> <Width = 8> <Depth = 16> <RAM>
ST_3 : Operation 1871 [1/1] (2.15ns)   --->   "%store_ln134 = store i8 %gmem2_addr_read, i4 %V_tile_46_addr" [/home/siyenga7/FPGA/attention_int8.cpp:134]   --->   Operation 1871 'store' 'store_ln134' <Predicate = (trunc_ln131 == 0 & trunc_ln130 == 46)> <Delay = 2.15> <CoreInst = "RAM">   --->   Core 82 'RAM' <Latency = 1> <II = 1> <Delay = 2.15> <Storage> <Opcode : 'load' 'store'> <Ports = 2> <Width = 8> <Depth = 16> <RAM>
ST_3 : Operation 1872 [1/1] (2.15ns)   --->   "%store_ln134 = store i8 %gmem2_addr_read, i4 %V_tile_45_addr" [/home/siyenga7/FPGA/attention_int8.cpp:134]   --->   Operation 1872 'store' 'store_ln134' <Predicate = (trunc_ln131 == 0 & trunc_ln130 == 45)> <Delay = 2.15> <CoreInst = "RAM">   --->   Core 82 'RAM' <Latency = 1> <II = 1> <Delay = 2.15> <Storage> <Opcode : 'load' 'store'> <Ports = 2> <Width = 8> <Depth = 16> <RAM>
ST_3 : Operation 1873 [1/1] (2.15ns)   --->   "%store_ln134 = store i8 %gmem2_addr_read, i4 %V_tile_44_addr" [/home/siyenga7/FPGA/attention_int8.cpp:134]   --->   Operation 1873 'store' 'store_ln134' <Predicate = (trunc_ln131 == 0 & trunc_ln130 == 44)> <Delay = 2.15> <CoreInst = "RAM">   --->   Core 82 'RAM' <Latency = 1> <II = 1> <Delay = 2.15> <Storage> <Opcode : 'load' 'store'> <Ports = 2> <Width = 8> <Depth = 16> <RAM>
ST_3 : Operation 1874 [1/1] (2.15ns)   --->   "%store_ln134 = store i8 %gmem2_addr_read, i4 %V_tile_43_addr" [/home/siyenga7/FPGA/attention_int8.cpp:134]   --->   Operation 1874 'store' 'store_ln134' <Predicate = (trunc_ln131 == 0 & trunc_ln130 == 43)> <Delay = 2.15> <CoreInst = "RAM">   --->   Core 82 'RAM' <Latency = 1> <II = 1> <Delay = 2.15> <Storage> <Opcode : 'load' 'store'> <Ports = 2> <Width = 8> <Depth = 16> <RAM>
ST_3 : Operation 1875 [1/1] (2.15ns)   --->   "%store_ln134 = store i8 %gmem2_addr_read, i4 %V_tile_42_addr" [/home/siyenga7/FPGA/attention_int8.cpp:134]   --->   Operation 1875 'store' 'store_ln134' <Predicate = (trunc_ln131 == 0 & trunc_ln130 == 42)> <Delay = 2.15> <CoreInst = "RAM">   --->   Core 82 'RAM' <Latency = 1> <II = 1> <Delay = 2.15> <Storage> <Opcode : 'load' 'store'> <Ports = 2> <Width = 8> <Depth = 16> <RAM>
ST_3 : Operation 1876 [1/1] (2.15ns)   --->   "%store_ln134 = store i8 %gmem2_addr_read, i4 %V_tile_41_addr" [/home/siyenga7/FPGA/attention_int8.cpp:134]   --->   Operation 1876 'store' 'store_ln134' <Predicate = (trunc_ln131 == 0 & trunc_ln130 == 41)> <Delay = 2.15> <CoreInst = "RAM">   --->   Core 82 'RAM' <Latency = 1> <II = 1> <Delay = 2.15> <Storage> <Opcode : 'load' 'store'> <Ports = 2> <Width = 8> <Depth = 16> <RAM>
ST_3 : Operation 1877 [1/1] (2.15ns)   --->   "%store_ln134 = store i8 %gmem2_addr_read, i4 %V_tile_40_addr" [/home/siyenga7/FPGA/attention_int8.cpp:134]   --->   Operation 1877 'store' 'store_ln134' <Predicate = (trunc_ln131 == 0 & trunc_ln130 == 40)> <Delay = 2.15> <CoreInst = "RAM">   --->   Core 82 'RAM' <Latency = 1> <II = 1> <Delay = 2.15> <Storage> <Opcode : 'load' 'store'> <Ports = 2> <Width = 8> <Depth = 16> <RAM>
ST_3 : Operation 1878 [1/1] (2.15ns)   --->   "%store_ln134 = store i8 %gmem2_addr_read, i4 %V_tile_39_addr" [/home/siyenga7/FPGA/attention_int8.cpp:134]   --->   Operation 1878 'store' 'store_ln134' <Predicate = (trunc_ln131 == 0 & trunc_ln130 == 39)> <Delay = 2.15> <CoreInst = "RAM">   --->   Core 82 'RAM' <Latency = 1> <II = 1> <Delay = 2.15> <Storage> <Opcode : 'load' 'store'> <Ports = 2> <Width = 8> <Depth = 16> <RAM>
ST_3 : Operation 1879 [1/1] (2.15ns)   --->   "%store_ln134 = store i8 %gmem2_addr_read, i4 %V_tile_38_addr" [/home/siyenga7/FPGA/attention_int8.cpp:134]   --->   Operation 1879 'store' 'store_ln134' <Predicate = (trunc_ln131 == 0 & trunc_ln130 == 38)> <Delay = 2.15> <CoreInst = "RAM">   --->   Core 82 'RAM' <Latency = 1> <II = 1> <Delay = 2.15> <Storage> <Opcode : 'load' 'store'> <Ports = 2> <Width = 8> <Depth = 16> <RAM>
ST_3 : Operation 1880 [1/1] (2.15ns)   --->   "%store_ln134 = store i8 %gmem2_addr_read, i4 %V_tile_37_addr" [/home/siyenga7/FPGA/attention_int8.cpp:134]   --->   Operation 1880 'store' 'store_ln134' <Predicate = (trunc_ln131 == 0 & trunc_ln130 == 37)> <Delay = 2.15> <CoreInst = "RAM">   --->   Core 82 'RAM' <Latency = 1> <II = 1> <Delay = 2.15> <Storage> <Opcode : 'load' 'store'> <Ports = 2> <Width = 8> <Depth = 16> <RAM>
ST_3 : Operation 1881 [1/1] (2.15ns)   --->   "%store_ln134 = store i8 %gmem2_addr_read, i4 %V_tile_36_addr" [/home/siyenga7/FPGA/attention_int8.cpp:134]   --->   Operation 1881 'store' 'store_ln134' <Predicate = (trunc_ln131 == 0 & trunc_ln130 == 36)> <Delay = 2.15> <CoreInst = "RAM">   --->   Core 82 'RAM' <Latency = 1> <II = 1> <Delay = 2.15> <Storage> <Opcode : 'load' 'store'> <Ports = 2> <Width = 8> <Depth = 16> <RAM>
ST_3 : Operation 1882 [1/1] (2.15ns)   --->   "%store_ln134 = store i8 %gmem2_addr_read, i4 %V_tile_35_addr" [/home/siyenga7/FPGA/attention_int8.cpp:134]   --->   Operation 1882 'store' 'store_ln134' <Predicate = (trunc_ln131 == 0 & trunc_ln130 == 35)> <Delay = 2.15> <CoreInst = "RAM">   --->   Core 82 'RAM' <Latency = 1> <II = 1> <Delay = 2.15> <Storage> <Opcode : 'load' 'store'> <Ports = 2> <Width = 8> <Depth = 16> <RAM>
ST_3 : Operation 1883 [1/1] (2.15ns)   --->   "%store_ln134 = store i8 %gmem2_addr_read, i4 %V_tile_34_addr" [/home/siyenga7/FPGA/attention_int8.cpp:134]   --->   Operation 1883 'store' 'store_ln134' <Predicate = (trunc_ln131 == 0 & trunc_ln130 == 34)> <Delay = 2.15> <CoreInst = "RAM">   --->   Core 82 'RAM' <Latency = 1> <II = 1> <Delay = 2.15> <Storage> <Opcode : 'load' 'store'> <Ports = 2> <Width = 8> <Depth = 16> <RAM>
ST_3 : Operation 1884 [1/1] (2.15ns)   --->   "%store_ln134 = store i8 %gmem2_addr_read, i4 %V_tile_33_addr" [/home/siyenga7/FPGA/attention_int8.cpp:134]   --->   Operation 1884 'store' 'store_ln134' <Predicate = (trunc_ln131 == 0 & trunc_ln130 == 33)> <Delay = 2.15> <CoreInst = "RAM">   --->   Core 82 'RAM' <Latency = 1> <II = 1> <Delay = 2.15> <Storage> <Opcode : 'load' 'store'> <Ports = 2> <Width = 8> <Depth = 16> <RAM>
ST_3 : Operation 1885 [1/1] (2.15ns)   --->   "%store_ln134 = store i8 %gmem2_addr_read, i4 %V_tile_32_addr" [/home/siyenga7/FPGA/attention_int8.cpp:134]   --->   Operation 1885 'store' 'store_ln134' <Predicate = (trunc_ln131 == 0 & trunc_ln130 == 32)> <Delay = 2.15> <CoreInst = "RAM">   --->   Core 82 'RAM' <Latency = 1> <II = 1> <Delay = 2.15> <Storage> <Opcode : 'load' 'store'> <Ports = 2> <Width = 8> <Depth = 16> <RAM>
ST_3 : Operation 1886 [1/1] (2.15ns)   --->   "%store_ln134 = store i8 %gmem2_addr_read, i4 %V_tile_31_addr" [/home/siyenga7/FPGA/attention_int8.cpp:134]   --->   Operation 1886 'store' 'store_ln134' <Predicate = (trunc_ln131 == 0 & trunc_ln130 == 31)> <Delay = 2.15> <CoreInst = "RAM">   --->   Core 82 'RAM' <Latency = 1> <II = 1> <Delay = 2.15> <Storage> <Opcode : 'load' 'store'> <Ports = 2> <Width = 8> <Depth = 16> <RAM>
ST_3 : Operation 1887 [1/1] (2.15ns)   --->   "%store_ln134 = store i8 %gmem2_addr_read, i4 %V_tile_30_addr" [/home/siyenga7/FPGA/attention_int8.cpp:134]   --->   Operation 1887 'store' 'store_ln134' <Predicate = (trunc_ln131 == 0 & trunc_ln130 == 30)> <Delay = 2.15> <CoreInst = "RAM">   --->   Core 82 'RAM' <Latency = 1> <II = 1> <Delay = 2.15> <Storage> <Opcode : 'load' 'store'> <Ports = 2> <Width = 8> <Depth = 16> <RAM>
ST_3 : Operation 1888 [1/1] (2.15ns)   --->   "%store_ln134 = store i8 %gmem2_addr_read, i4 %V_tile_29_addr" [/home/siyenga7/FPGA/attention_int8.cpp:134]   --->   Operation 1888 'store' 'store_ln134' <Predicate = (trunc_ln131 == 0 & trunc_ln130 == 29)> <Delay = 2.15> <CoreInst = "RAM">   --->   Core 82 'RAM' <Latency = 1> <II = 1> <Delay = 2.15> <Storage> <Opcode : 'load' 'store'> <Ports = 2> <Width = 8> <Depth = 16> <RAM>
ST_3 : Operation 1889 [1/1] (2.15ns)   --->   "%store_ln134 = store i8 %gmem2_addr_read, i4 %V_tile_28_addr" [/home/siyenga7/FPGA/attention_int8.cpp:134]   --->   Operation 1889 'store' 'store_ln134' <Predicate = (trunc_ln131 == 0 & trunc_ln130 == 28)> <Delay = 2.15> <CoreInst = "RAM">   --->   Core 82 'RAM' <Latency = 1> <II = 1> <Delay = 2.15> <Storage> <Opcode : 'load' 'store'> <Ports = 2> <Width = 8> <Depth = 16> <RAM>
ST_3 : Operation 1890 [1/1] (2.15ns)   --->   "%store_ln134 = store i8 %gmem2_addr_read, i4 %V_tile_27_addr" [/home/siyenga7/FPGA/attention_int8.cpp:134]   --->   Operation 1890 'store' 'store_ln134' <Predicate = (trunc_ln131 == 0 & trunc_ln130 == 27)> <Delay = 2.15> <CoreInst = "RAM">   --->   Core 82 'RAM' <Latency = 1> <II = 1> <Delay = 2.15> <Storage> <Opcode : 'load' 'store'> <Ports = 2> <Width = 8> <Depth = 16> <RAM>
ST_3 : Operation 1891 [1/1] (2.15ns)   --->   "%store_ln134 = store i8 %gmem2_addr_read, i4 %V_tile_26_addr" [/home/siyenga7/FPGA/attention_int8.cpp:134]   --->   Operation 1891 'store' 'store_ln134' <Predicate = (trunc_ln131 == 0 & trunc_ln130 == 26)> <Delay = 2.15> <CoreInst = "RAM">   --->   Core 82 'RAM' <Latency = 1> <II = 1> <Delay = 2.15> <Storage> <Opcode : 'load' 'store'> <Ports = 2> <Width = 8> <Depth = 16> <RAM>
ST_3 : Operation 1892 [1/1] (2.15ns)   --->   "%store_ln134 = store i8 %gmem2_addr_read, i4 %V_tile_25_addr" [/home/siyenga7/FPGA/attention_int8.cpp:134]   --->   Operation 1892 'store' 'store_ln134' <Predicate = (trunc_ln131 == 0 & trunc_ln130 == 25)> <Delay = 2.15> <CoreInst = "RAM">   --->   Core 82 'RAM' <Latency = 1> <II = 1> <Delay = 2.15> <Storage> <Opcode : 'load' 'store'> <Ports = 2> <Width = 8> <Depth = 16> <RAM>
ST_3 : Operation 1893 [1/1] (2.15ns)   --->   "%store_ln134 = store i8 %gmem2_addr_read, i4 %V_tile_24_addr" [/home/siyenga7/FPGA/attention_int8.cpp:134]   --->   Operation 1893 'store' 'store_ln134' <Predicate = (trunc_ln131 == 0 & trunc_ln130 == 24)> <Delay = 2.15> <CoreInst = "RAM">   --->   Core 82 'RAM' <Latency = 1> <II = 1> <Delay = 2.15> <Storage> <Opcode : 'load' 'store'> <Ports = 2> <Width = 8> <Depth = 16> <RAM>
ST_3 : Operation 1894 [1/1] (2.15ns)   --->   "%store_ln134 = store i8 %gmem2_addr_read, i4 %V_tile_23_addr" [/home/siyenga7/FPGA/attention_int8.cpp:134]   --->   Operation 1894 'store' 'store_ln134' <Predicate = (trunc_ln131 == 0 & trunc_ln130 == 23)> <Delay = 2.15> <CoreInst = "RAM">   --->   Core 82 'RAM' <Latency = 1> <II = 1> <Delay = 2.15> <Storage> <Opcode : 'load' 'store'> <Ports = 2> <Width = 8> <Depth = 16> <RAM>
ST_3 : Operation 1895 [1/1] (2.15ns)   --->   "%store_ln134 = store i8 %gmem2_addr_read, i4 %V_tile_22_addr" [/home/siyenga7/FPGA/attention_int8.cpp:134]   --->   Operation 1895 'store' 'store_ln134' <Predicate = (trunc_ln131 == 0 & trunc_ln130 == 22)> <Delay = 2.15> <CoreInst = "RAM">   --->   Core 82 'RAM' <Latency = 1> <II = 1> <Delay = 2.15> <Storage> <Opcode : 'load' 'store'> <Ports = 2> <Width = 8> <Depth = 16> <RAM>
ST_3 : Operation 1896 [1/1] (2.15ns)   --->   "%store_ln134 = store i8 %gmem2_addr_read, i4 %V_tile_21_addr" [/home/siyenga7/FPGA/attention_int8.cpp:134]   --->   Operation 1896 'store' 'store_ln134' <Predicate = (trunc_ln131 == 0 & trunc_ln130 == 21)> <Delay = 2.15> <CoreInst = "RAM">   --->   Core 82 'RAM' <Latency = 1> <II = 1> <Delay = 2.15> <Storage> <Opcode : 'load' 'store'> <Ports = 2> <Width = 8> <Depth = 16> <RAM>
ST_3 : Operation 1897 [1/1] (2.15ns)   --->   "%store_ln134 = store i8 %gmem2_addr_read, i4 %V_tile_20_addr" [/home/siyenga7/FPGA/attention_int8.cpp:134]   --->   Operation 1897 'store' 'store_ln134' <Predicate = (trunc_ln131 == 0 & trunc_ln130 == 20)> <Delay = 2.15> <CoreInst = "RAM">   --->   Core 82 'RAM' <Latency = 1> <II = 1> <Delay = 2.15> <Storage> <Opcode : 'load' 'store'> <Ports = 2> <Width = 8> <Depth = 16> <RAM>
ST_3 : Operation 1898 [1/1] (2.15ns)   --->   "%store_ln134 = store i8 %gmem2_addr_read, i4 %V_tile_19_addr" [/home/siyenga7/FPGA/attention_int8.cpp:134]   --->   Operation 1898 'store' 'store_ln134' <Predicate = (trunc_ln131 == 0 & trunc_ln130 == 19)> <Delay = 2.15> <CoreInst = "RAM">   --->   Core 82 'RAM' <Latency = 1> <II = 1> <Delay = 2.15> <Storage> <Opcode : 'load' 'store'> <Ports = 2> <Width = 8> <Depth = 16> <RAM>
ST_3 : Operation 1899 [1/1] (2.15ns)   --->   "%store_ln134 = store i8 %gmem2_addr_read, i4 %V_tile_18_addr" [/home/siyenga7/FPGA/attention_int8.cpp:134]   --->   Operation 1899 'store' 'store_ln134' <Predicate = (trunc_ln131 == 0 & trunc_ln130 == 18)> <Delay = 2.15> <CoreInst = "RAM">   --->   Core 82 'RAM' <Latency = 1> <II = 1> <Delay = 2.15> <Storage> <Opcode : 'load' 'store'> <Ports = 2> <Width = 8> <Depth = 16> <RAM>
ST_3 : Operation 1900 [1/1] (2.15ns)   --->   "%store_ln134 = store i8 %gmem2_addr_read, i4 %V_tile_17_addr" [/home/siyenga7/FPGA/attention_int8.cpp:134]   --->   Operation 1900 'store' 'store_ln134' <Predicate = (trunc_ln131 == 0 & trunc_ln130 == 17)> <Delay = 2.15> <CoreInst = "RAM">   --->   Core 82 'RAM' <Latency = 1> <II = 1> <Delay = 2.15> <Storage> <Opcode : 'load' 'store'> <Ports = 2> <Width = 8> <Depth = 16> <RAM>
ST_3 : Operation 1901 [1/1] (2.15ns)   --->   "%store_ln134 = store i8 %gmem2_addr_read, i4 %V_tile_16_addr" [/home/siyenga7/FPGA/attention_int8.cpp:134]   --->   Operation 1901 'store' 'store_ln134' <Predicate = (trunc_ln131 == 0 & trunc_ln130 == 16)> <Delay = 2.15> <CoreInst = "RAM">   --->   Core 82 'RAM' <Latency = 1> <II = 1> <Delay = 2.15> <Storage> <Opcode : 'load' 'store'> <Ports = 2> <Width = 8> <Depth = 16> <RAM>
ST_3 : Operation 1902 [1/1] (2.15ns)   --->   "%store_ln134 = store i8 %gmem2_addr_read, i4 %V_tile_15_addr" [/home/siyenga7/FPGA/attention_int8.cpp:134]   --->   Operation 1902 'store' 'store_ln134' <Predicate = (trunc_ln131 == 0 & trunc_ln130 == 15)> <Delay = 2.15> <CoreInst = "RAM">   --->   Core 82 'RAM' <Latency = 1> <II = 1> <Delay = 2.15> <Storage> <Opcode : 'load' 'store'> <Ports = 2> <Width = 8> <Depth = 16> <RAM>
ST_3 : Operation 1903 [1/1] (2.15ns)   --->   "%store_ln134 = store i8 %gmem2_addr_read, i4 %V_tile_14_addr" [/home/siyenga7/FPGA/attention_int8.cpp:134]   --->   Operation 1903 'store' 'store_ln134' <Predicate = (trunc_ln131 == 0 & trunc_ln130 == 14)> <Delay = 2.15> <CoreInst = "RAM">   --->   Core 82 'RAM' <Latency = 1> <II = 1> <Delay = 2.15> <Storage> <Opcode : 'load' 'store'> <Ports = 2> <Width = 8> <Depth = 16> <RAM>
ST_3 : Operation 1904 [1/1] (2.15ns)   --->   "%store_ln134 = store i8 %gmem2_addr_read, i4 %V_tile_13_addr" [/home/siyenga7/FPGA/attention_int8.cpp:134]   --->   Operation 1904 'store' 'store_ln134' <Predicate = (trunc_ln131 == 0 & trunc_ln130 == 13)> <Delay = 2.15> <CoreInst = "RAM">   --->   Core 82 'RAM' <Latency = 1> <II = 1> <Delay = 2.15> <Storage> <Opcode : 'load' 'store'> <Ports = 2> <Width = 8> <Depth = 16> <RAM>
ST_3 : Operation 1905 [1/1] (2.15ns)   --->   "%store_ln134 = store i8 %gmem2_addr_read, i4 %V_tile_12_addr" [/home/siyenga7/FPGA/attention_int8.cpp:134]   --->   Operation 1905 'store' 'store_ln134' <Predicate = (trunc_ln131 == 0 & trunc_ln130 == 12)> <Delay = 2.15> <CoreInst = "RAM">   --->   Core 82 'RAM' <Latency = 1> <II = 1> <Delay = 2.15> <Storage> <Opcode : 'load' 'store'> <Ports = 2> <Width = 8> <Depth = 16> <RAM>
ST_3 : Operation 1906 [1/1] (2.15ns)   --->   "%store_ln134 = store i8 %gmem2_addr_read, i4 %V_tile_11_addr" [/home/siyenga7/FPGA/attention_int8.cpp:134]   --->   Operation 1906 'store' 'store_ln134' <Predicate = (trunc_ln131 == 0 & trunc_ln130 == 11)> <Delay = 2.15> <CoreInst = "RAM">   --->   Core 82 'RAM' <Latency = 1> <II = 1> <Delay = 2.15> <Storage> <Opcode : 'load' 'store'> <Ports = 2> <Width = 8> <Depth = 16> <RAM>
ST_3 : Operation 1907 [1/1] (2.15ns)   --->   "%store_ln134 = store i8 %gmem2_addr_read, i4 %V_tile_10_addr" [/home/siyenga7/FPGA/attention_int8.cpp:134]   --->   Operation 1907 'store' 'store_ln134' <Predicate = (trunc_ln131 == 0 & trunc_ln130 == 10)> <Delay = 2.15> <CoreInst = "RAM">   --->   Core 82 'RAM' <Latency = 1> <II = 1> <Delay = 2.15> <Storage> <Opcode : 'load' 'store'> <Ports = 2> <Width = 8> <Depth = 16> <RAM>
ST_3 : Operation 1908 [1/1] (2.15ns)   --->   "%store_ln134 = store i8 %gmem2_addr_read, i4 %V_tile_9_addr" [/home/siyenga7/FPGA/attention_int8.cpp:134]   --->   Operation 1908 'store' 'store_ln134' <Predicate = (trunc_ln131 == 0 & trunc_ln130 == 9)> <Delay = 2.15> <CoreInst = "RAM">   --->   Core 82 'RAM' <Latency = 1> <II = 1> <Delay = 2.15> <Storage> <Opcode : 'load' 'store'> <Ports = 2> <Width = 8> <Depth = 16> <RAM>
ST_3 : Operation 1909 [1/1] (2.15ns)   --->   "%store_ln134 = store i8 %gmem2_addr_read, i4 %V_tile_8_addr" [/home/siyenga7/FPGA/attention_int8.cpp:134]   --->   Operation 1909 'store' 'store_ln134' <Predicate = (trunc_ln131 == 0 & trunc_ln130 == 8)> <Delay = 2.15> <CoreInst = "RAM">   --->   Core 82 'RAM' <Latency = 1> <II = 1> <Delay = 2.15> <Storage> <Opcode : 'load' 'store'> <Ports = 2> <Width = 8> <Depth = 16> <RAM>
ST_3 : Operation 1910 [1/1] (2.15ns)   --->   "%store_ln134 = store i8 %gmem2_addr_read, i4 %V_tile_7_addr" [/home/siyenga7/FPGA/attention_int8.cpp:134]   --->   Operation 1910 'store' 'store_ln134' <Predicate = (trunc_ln131 == 0 & trunc_ln130 == 7)> <Delay = 2.15> <CoreInst = "RAM">   --->   Core 82 'RAM' <Latency = 1> <II = 1> <Delay = 2.15> <Storage> <Opcode : 'load' 'store'> <Ports = 2> <Width = 8> <Depth = 16> <RAM>
ST_3 : Operation 1911 [1/1] (2.15ns)   --->   "%store_ln134 = store i8 %gmem2_addr_read, i4 %V_tile_6_addr" [/home/siyenga7/FPGA/attention_int8.cpp:134]   --->   Operation 1911 'store' 'store_ln134' <Predicate = (trunc_ln131 == 0 & trunc_ln130 == 6)> <Delay = 2.15> <CoreInst = "RAM">   --->   Core 82 'RAM' <Latency = 1> <II = 1> <Delay = 2.15> <Storage> <Opcode : 'load' 'store'> <Ports = 2> <Width = 8> <Depth = 16> <RAM>
ST_3 : Operation 1912 [1/1] (2.15ns)   --->   "%store_ln134 = store i8 %gmem2_addr_read, i4 %V_tile_5_addr" [/home/siyenga7/FPGA/attention_int8.cpp:134]   --->   Operation 1912 'store' 'store_ln134' <Predicate = (trunc_ln131 == 0 & trunc_ln130 == 5)> <Delay = 2.15> <CoreInst = "RAM">   --->   Core 82 'RAM' <Latency = 1> <II = 1> <Delay = 2.15> <Storage> <Opcode : 'load' 'store'> <Ports = 2> <Width = 8> <Depth = 16> <RAM>
ST_3 : Operation 1913 [1/1] (2.15ns)   --->   "%store_ln134 = store i8 %gmem2_addr_read, i4 %V_tile_4_addr" [/home/siyenga7/FPGA/attention_int8.cpp:134]   --->   Operation 1913 'store' 'store_ln134' <Predicate = (trunc_ln131 == 0 & trunc_ln130 == 4)> <Delay = 2.15> <CoreInst = "RAM">   --->   Core 82 'RAM' <Latency = 1> <II = 1> <Delay = 2.15> <Storage> <Opcode : 'load' 'store'> <Ports = 2> <Width = 8> <Depth = 16> <RAM>
ST_3 : Operation 1914 [1/1] (2.15ns)   --->   "%store_ln134 = store i8 %gmem2_addr_read, i4 %V_tile_3_addr" [/home/siyenga7/FPGA/attention_int8.cpp:134]   --->   Operation 1914 'store' 'store_ln134' <Predicate = (trunc_ln131 == 0 & trunc_ln130 == 3)> <Delay = 2.15> <CoreInst = "RAM">   --->   Core 82 'RAM' <Latency = 1> <II = 1> <Delay = 2.15> <Storage> <Opcode : 'load' 'store'> <Ports = 2> <Width = 8> <Depth = 16> <RAM>
ST_3 : Operation 1915 [1/1] (2.15ns)   --->   "%store_ln134 = store i8 %gmem2_addr_read, i4 %V_tile_2_addr" [/home/siyenga7/FPGA/attention_int8.cpp:134]   --->   Operation 1915 'store' 'store_ln134' <Predicate = (trunc_ln131 == 0 & trunc_ln130 == 2)> <Delay = 2.15> <CoreInst = "RAM">   --->   Core 82 'RAM' <Latency = 1> <II = 1> <Delay = 2.15> <Storage> <Opcode : 'load' 'store'> <Ports = 2> <Width = 8> <Depth = 16> <RAM>
ST_3 : Operation 1916 [1/1] (2.15ns)   --->   "%store_ln134 = store i8 %gmem2_addr_read, i4 %V_tile_1_addr" [/home/siyenga7/FPGA/attention_int8.cpp:134]   --->   Operation 1916 'store' 'store_ln134' <Predicate = (trunc_ln131 == 0 & trunc_ln130 == 1)> <Delay = 2.15> <CoreInst = "RAM">   --->   Core 82 'RAM' <Latency = 1> <II = 1> <Delay = 2.15> <Storage> <Opcode : 'load' 'store'> <Ports = 2> <Width = 8> <Depth = 16> <RAM>
ST_3 : Operation 1917 [1/1] (2.15ns)   --->   "%store_ln134 = store i8 %gmem2_addr_read, i4 %V_tile_addr" [/home/siyenga7/FPGA/attention_int8.cpp:134]   --->   Operation 1917 'store' 'store_ln134' <Predicate = (trunc_ln131 == 0 & trunc_ln130 == 0)> <Delay = 2.15> <CoreInst = "RAM">   --->   Core 82 'RAM' <Latency = 1> <II = 1> <Delay = 2.15> <Storage> <Opcode : 'load' 'store'> <Ports = 2> <Width = 8> <Depth = 16> <RAM>
ST_3 : Operation 1918 [1/1] (2.15ns)   --->   "%store_ln134 = store i8 %gmem2_addr_read, i4 %V_tile_63_addr" [/home/siyenga7/FPGA/attention_int8.cpp:134]   --->   Operation 1918 'store' 'store_ln134' <Predicate = (trunc_ln131 == 0 & trunc_ln130 == 63)> <Delay = 2.15> <CoreInst = "RAM">   --->   Core 82 'RAM' <Latency = 1> <II = 1> <Delay = 2.15> <Storage> <Opcode : 'load' 'store'> <Ports = 2> <Width = 8> <Depth = 16> <RAM>
ST_3 : Operation 1919 [1/1] (0.00ns)   --->   "%br_ln134 = br void %arrayidx9113.exit" [/home/siyenga7/FPGA/attention_int8.cpp:134]   --->   Operation 1919 'br' 'br_ln134' <Predicate = (trunc_ln131 == 0)> <Delay = 0.00>
ST_3 : Operation 1920 [1/1] (2.15ns)   --->   "%store_ln134 = store i8 %gmem2_addr_read, i4 %V_tile_510_addr" [/home/siyenga7/FPGA/attention_int8.cpp:134]   --->   Operation 1920 'store' 'store_ln134' <Predicate = (trunc_ln131 == 7 & trunc_ln130 == 62)> <Delay = 2.15> <CoreInst = "RAM">   --->   Core 82 'RAM' <Latency = 1> <II = 1> <Delay = 2.15> <Storage> <Opcode : 'load' 'store'> <Ports = 2> <Width = 8> <Depth = 16> <RAM>
ST_3 : Operation 1921 [1/1] (2.15ns)   --->   "%store_ln134 = store i8 %gmem2_addr_read, i4 %V_tile_509_addr" [/home/siyenga7/FPGA/attention_int8.cpp:134]   --->   Operation 1921 'store' 'store_ln134' <Predicate = (trunc_ln131 == 7 & trunc_ln130 == 61)> <Delay = 2.15> <CoreInst = "RAM">   --->   Core 82 'RAM' <Latency = 1> <II = 1> <Delay = 2.15> <Storage> <Opcode : 'load' 'store'> <Ports = 2> <Width = 8> <Depth = 16> <RAM>
ST_3 : Operation 1922 [1/1] (2.15ns)   --->   "%store_ln134 = store i8 %gmem2_addr_read, i4 %V_tile_508_addr" [/home/siyenga7/FPGA/attention_int8.cpp:134]   --->   Operation 1922 'store' 'store_ln134' <Predicate = (trunc_ln131 == 7 & trunc_ln130 == 60)> <Delay = 2.15> <CoreInst = "RAM">   --->   Core 82 'RAM' <Latency = 1> <II = 1> <Delay = 2.15> <Storage> <Opcode : 'load' 'store'> <Ports = 2> <Width = 8> <Depth = 16> <RAM>
ST_3 : Operation 1923 [1/1] (2.15ns)   --->   "%store_ln134 = store i8 %gmem2_addr_read, i4 %V_tile_507_addr" [/home/siyenga7/FPGA/attention_int8.cpp:134]   --->   Operation 1923 'store' 'store_ln134' <Predicate = (trunc_ln131 == 7 & trunc_ln130 == 59)> <Delay = 2.15> <CoreInst = "RAM">   --->   Core 82 'RAM' <Latency = 1> <II = 1> <Delay = 2.15> <Storage> <Opcode : 'load' 'store'> <Ports = 2> <Width = 8> <Depth = 16> <RAM>
ST_3 : Operation 1924 [1/1] (2.15ns)   --->   "%store_ln134 = store i8 %gmem2_addr_read, i4 %V_tile_506_addr" [/home/siyenga7/FPGA/attention_int8.cpp:134]   --->   Operation 1924 'store' 'store_ln134' <Predicate = (trunc_ln131 == 7 & trunc_ln130 == 58)> <Delay = 2.15> <CoreInst = "RAM">   --->   Core 82 'RAM' <Latency = 1> <II = 1> <Delay = 2.15> <Storage> <Opcode : 'load' 'store'> <Ports = 2> <Width = 8> <Depth = 16> <RAM>
ST_3 : Operation 1925 [1/1] (2.15ns)   --->   "%store_ln134 = store i8 %gmem2_addr_read, i4 %V_tile_505_addr" [/home/siyenga7/FPGA/attention_int8.cpp:134]   --->   Operation 1925 'store' 'store_ln134' <Predicate = (trunc_ln131 == 7 & trunc_ln130 == 57)> <Delay = 2.15> <CoreInst = "RAM">   --->   Core 82 'RAM' <Latency = 1> <II = 1> <Delay = 2.15> <Storage> <Opcode : 'load' 'store'> <Ports = 2> <Width = 8> <Depth = 16> <RAM>
ST_3 : Operation 1926 [1/1] (2.15ns)   --->   "%store_ln134 = store i8 %gmem2_addr_read, i4 %V_tile_504_addr" [/home/siyenga7/FPGA/attention_int8.cpp:134]   --->   Operation 1926 'store' 'store_ln134' <Predicate = (trunc_ln131 == 7 & trunc_ln130 == 56)> <Delay = 2.15> <CoreInst = "RAM">   --->   Core 82 'RAM' <Latency = 1> <II = 1> <Delay = 2.15> <Storage> <Opcode : 'load' 'store'> <Ports = 2> <Width = 8> <Depth = 16> <RAM>
ST_3 : Operation 1927 [1/1] (2.15ns)   --->   "%store_ln134 = store i8 %gmem2_addr_read, i4 %V_tile_503_addr" [/home/siyenga7/FPGA/attention_int8.cpp:134]   --->   Operation 1927 'store' 'store_ln134' <Predicate = (trunc_ln131 == 7 & trunc_ln130 == 55)> <Delay = 2.15> <CoreInst = "RAM">   --->   Core 82 'RAM' <Latency = 1> <II = 1> <Delay = 2.15> <Storage> <Opcode : 'load' 'store'> <Ports = 2> <Width = 8> <Depth = 16> <RAM>
ST_3 : Operation 1928 [1/1] (2.15ns)   --->   "%store_ln134 = store i8 %gmem2_addr_read, i4 %V_tile_502_addr" [/home/siyenga7/FPGA/attention_int8.cpp:134]   --->   Operation 1928 'store' 'store_ln134' <Predicate = (trunc_ln131 == 7 & trunc_ln130 == 54)> <Delay = 2.15> <CoreInst = "RAM">   --->   Core 82 'RAM' <Latency = 1> <II = 1> <Delay = 2.15> <Storage> <Opcode : 'load' 'store'> <Ports = 2> <Width = 8> <Depth = 16> <RAM>
ST_3 : Operation 1929 [1/1] (2.15ns)   --->   "%store_ln134 = store i8 %gmem2_addr_read, i4 %V_tile_501_addr" [/home/siyenga7/FPGA/attention_int8.cpp:134]   --->   Operation 1929 'store' 'store_ln134' <Predicate = (trunc_ln131 == 7 & trunc_ln130 == 53)> <Delay = 2.15> <CoreInst = "RAM">   --->   Core 82 'RAM' <Latency = 1> <II = 1> <Delay = 2.15> <Storage> <Opcode : 'load' 'store'> <Ports = 2> <Width = 8> <Depth = 16> <RAM>
ST_3 : Operation 1930 [1/1] (2.15ns)   --->   "%store_ln134 = store i8 %gmem2_addr_read, i4 %V_tile_500_addr" [/home/siyenga7/FPGA/attention_int8.cpp:134]   --->   Operation 1930 'store' 'store_ln134' <Predicate = (trunc_ln131 == 7 & trunc_ln130 == 52)> <Delay = 2.15> <CoreInst = "RAM">   --->   Core 82 'RAM' <Latency = 1> <II = 1> <Delay = 2.15> <Storage> <Opcode : 'load' 'store'> <Ports = 2> <Width = 8> <Depth = 16> <RAM>
ST_3 : Operation 1931 [1/1] (2.15ns)   --->   "%store_ln134 = store i8 %gmem2_addr_read, i4 %V_tile_499_addr" [/home/siyenga7/FPGA/attention_int8.cpp:134]   --->   Operation 1931 'store' 'store_ln134' <Predicate = (trunc_ln131 == 7 & trunc_ln130 == 51)> <Delay = 2.15> <CoreInst = "RAM">   --->   Core 82 'RAM' <Latency = 1> <II = 1> <Delay = 2.15> <Storage> <Opcode : 'load' 'store'> <Ports = 2> <Width = 8> <Depth = 16> <RAM>
ST_3 : Operation 1932 [1/1] (2.15ns)   --->   "%store_ln134 = store i8 %gmem2_addr_read, i4 %V_tile_498_addr" [/home/siyenga7/FPGA/attention_int8.cpp:134]   --->   Operation 1932 'store' 'store_ln134' <Predicate = (trunc_ln131 == 7 & trunc_ln130 == 50)> <Delay = 2.15> <CoreInst = "RAM">   --->   Core 82 'RAM' <Latency = 1> <II = 1> <Delay = 2.15> <Storage> <Opcode : 'load' 'store'> <Ports = 2> <Width = 8> <Depth = 16> <RAM>
ST_3 : Operation 1933 [1/1] (2.15ns)   --->   "%store_ln134 = store i8 %gmem2_addr_read, i4 %V_tile_497_addr" [/home/siyenga7/FPGA/attention_int8.cpp:134]   --->   Operation 1933 'store' 'store_ln134' <Predicate = (trunc_ln131 == 7 & trunc_ln130 == 49)> <Delay = 2.15> <CoreInst = "RAM">   --->   Core 82 'RAM' <Latency = 1> <II = 1> <Delay = 2.15> <Storage> <Opcode : 'load' 'store'> <Ports = 2> <Width = 8> <Depth = 16> <RAM>
ST_3 : Operation 1934 [1/1] (2.15ns)   --->   "%store_ln134 = store i8 %gmem2_addr_read, i4 %V_tile_496_addr" [/home/siyenga7/FPGA/attention_int8.cpp:134]   --->   Operation 1934 'store' 'store_ln134' <Predicate = (trunc_ln131 == 7 & trunc_ln130 == 48)> <Delay = 2.15> <CoreInst = "RAM">   --->   Core 82 'RAM' <Latency = 1> <II = 1> <Delay = 2.15> <Storage> <Opcode : 'load' 'store'> <Ports = 2> <Width = 8> <Depth = 16> <RAM>
ST_3 : Operation 1935 [1/1] (2.15ns)   --->   "%store_ln134 = store i8 %gmem2_addr_read, i4 %V_tile_495_addr" [/home/siyenga7/FPGA/attention_int8.cpp:134]   --->   Operation 1935 'store' 'store_ln134' <Predicate = (trunc_ln131 == 7 & trunc_ln130 == 47)> <Delay = 2.15> <CoreInst = "RAM">   --->   Core 82 'RAM' <Latency = 1> <II = 1> <Delay = 2.15> <Storage> <Opcode : 'load' 'store'> <Ports = 2> <Width = 8> <Depth = 16> <RAM>
ST_3 : Operation 1936 [1/1] (2.15ns)   --->   "%store_ln134 = store i8 %gmem2_addr_read, i4 %V_tile_494_addr" [/home/siyenga7/FPGA/attention_int8.cpp:134]   --->   Operation 1936 'store' 'store_ln134' <Predicate = (trunc_ln131 == 7 & trunc_ln130 == 46)> <Delay = 2.15> <CoreInst = "RAM">   --->   Core 82 'RAM' <Latency = 1> <II = 1> <Delay = 2.15> <Storage> <Opcode : 'load' 'store'> <Ports = 2> <Width = 8> <Depth = 16> <RAM>
ST_3 : Operation 1937 [1/1] (2.15ns)   --->   "%store_ln134 = store i8 %gmem2_addr_read, i4 %V_tile_493_addr" [/home/siyenga7/FPGA/attention_int8.cpp:134]   --->   Operation 1937 'store' 'store_ln134' <Predicate = (trunc_ln131 == 7 & trunc_ln130 == 45)> <Delay = 2.15> <CoreInst = "RAM">   --->   Core 82 'RAM' <Latency = 1> <II = 1> <Delay = 2.15> <Storage> <Opcode : 'load' 'store'> <Ports = 2> <Width = 8> <Depth = 16> <RAM>
ST_3 : Operation 1938 [1/1] (2.15ns)   --->   "%store_ln134 = store i8 %gmem2_addr_read, i4 %V_tile_492_addr" [/home/siyenga7/FPGA/attention_int8.cpp:134]   --->   Operation 1938 'store' 'store_ln134' <Predicate = (trunc_ln131 == 7 & trunc_ln130 == 44)> <Delay = 2.15> <CoreInst = "RAM">   --->   Core 82 'RAM' <Latency = 1> <II = 1> <Delay = 2.15> <Storage> <Opcode : 'load' 'store'> <Ports = 2> <Width = 8> <Depth = 16> <RAM>
ST_3 : Operation 1939 [1/1] (2.15ns)   --->   "%store_ln134 = store i8 %gmem2_addr_read, i4 %V_tile_491_addr" [/home/siyenga7/FPGA/attention_int8.cpp:134]   --->   Operation 1939 'store' 'store_ln134' <Predicate = (trunc_ln131 == 7 & trunc_ln130 == 43)> <Delay = 2.15> <CoreInst = "RAM">   --->   Core 82 'RAM' <Latency = 1> <II = 1> <Delay = 2.15> <Storage> <Opcode : 'load' 'store'> <Ports = 2> <Width = 8> <Depth = 16> <RAM>
ST_3 : Operation 1940 [1/1] (2.15ns)   --->   "%store_ln134 = store i8 %gmem2_addr_read, i4 %V_tile_490_addr" [/home/siyenga7/FPGA/attention_int8.cpp:134]   --->   Operation 1940 'store' 'store_ln134' <Predicate = (trunc_ln131 == 7 & trunc_ln130 == 42)> <Delay = 2.15> <CoreInst = "RAM">   --->   Core 82 'RAM' <Latency = 1> <II = 1> <Delay = 2.15> <Storage> <Opcode : 'load' 'store'> <Ports = 2> <Width = 8> <Depth = 16> <RAM>
ST_3 : Operation 1941 [1/1] (2.15ns)   --->   "%store_ln134 = store i8 %gmem2_addr_read, i4 %V_tile_489_addr" [/home/siyenga7/FPGA/attention_int8.cpp:134]   --->   Operation 1941 'store' 'store_ln134' <Predicate = (trunc_ln131 == 7 & trunc_ln130 == 41)> <Delay = 2.15> <CoreInst = "RAM">   --->   Core 82 'RAM' <Latency = 1> <II = 1> <Delay = 2.15> <Storage> <Opcode : 'load' 'store'> <Ports = 2> <Width = 8> <Depth = 16> <RAM>
ST_3 : Operation 1942 [1/1] (2.15ns)   --->   "%store_ln134 = store i8 %gmem2_addr_read, i4 %V_tile_488_addr" [/home/siyenga7/FPGA/attention_int8.cpp:134]   --->   Operation 1942 'store' 'store_ln134' <Predicate = (trunc_ln131 == 7 & trunc_ln130 == 40)> <Delay = 2.15> <CoreInst = "RAM">   --->   Core 82 'RAM' <Latency = 1> <II = 1> <Delay = 2.15> <Storage> <Opcode : 'load' 'store'> <Ports = 2> <Width = 8> <Depth = 16> <RAM>
ST_3 : Operation 1943 [1/1] (2.15ns)   --->   "%store_ln134 = store i8 %gmem2_addr_read, i4 %V_tile_487_addr" [/home/siyenga7/FPGA/attention_int8.cpp:134]   --->   Operation 1943 'store' 'store_ln134' <Predicate = (trunc_ln131 == 7 & trunc_ln130 == 39)> <Delay = 2.15> <CoreInst = "RAM">   --->   Core 82 'RAM' <Latency = 1> <II = 1> <Delay = 2.15> <Storage> <Opcode : 'load' 'store'> <Ports = 2> <Width = 8> <Depth = 16> <RAM>
ST_3 : Operation 1944 [1/1] (2.15ns)   --->   "%store_ln134 = store i8 %gmem2_addr_read, i4 %V_tile_486_addr" [/home/siyenga7/FPGA/attention_int8.cpp:134]   --->   Operation 1944 'store' 'store_ln134' <Predicate = (trunc_ln131 == 7 & trunc_ln130 == 38)> <Delay = 2.15> <CoreInst = "RAM">   --->   Core 82 'RAM' <Latency = 1> <II = 1> <Delay = 2.15> <Storage> <Opcode : 'load' 'store'> <Ports = 2> <Width = 8> <Depth = 16> <RAM>
ST_3 : Operation 1945 [1/1] (2.15ns)   --->   "%store_ln134 = store i8 %gmem2_addr_read, i4 %V_tile_485_addr" [/home/siyenga7/FPGA/attention_int8.cpp:134]   --->   Operation 1945 'store' 'store_ln134' <Predicate = (trunc_ln131 == 7 & trunc_ln130 == 37)> <Delay = 2.15> <CoreInst = "RAM">   --->   Core 82 'RAM' <Latency = 1> <II = 1> <Delay = 2.15> <Storage> <Opcode : 'load' 'store'> <Ports = 2> <Width = 8> <Depth = 16> <RAM>
ST_3 : Operation 1946 [1/1] (2.15ns)   --->   "%store_ln134 = store i8 %gmem2_addr_read, i4 %V_tile_484_addr" [/home/siyenga7/FPGA/attention_int8.cpp:134]   --->   Operation 1946 'store' 'store_ln134' <Predicate = (trunc_ln131 == 7 & trunc_ln130 == 36)> <Delay = 2.15> <CoreInst = "RAM">   --->   Core 82 'RAM' <Latency = 1> <II = 1> <Delay = 2.15> <Storage> <Opcode : 'load' 'store'> <Ports = 2> <Width = 8> <Depth = 16> <RAM>
ST_3 : Operation 1947 [1/1] (2.15ns)   --->   "%store_ln134 = store i8 %gmem2_addr_read, i4 %V_tile_483_addr" [/home/siyenga7/FPGA/attention_int8.cpp:134]   --->   Operation 1947 'store' 'store_ln134' <Predicate = (trunc_ln131 == 7 & trunc_ln130 == 35)> <Delay = 2.15> <CoreInst = "RAM">   --->   Core 82 'RAM' <Latency = 1> <II = 1> <Delay = 2.15> <Storage> <Opcode : 'load' 'store'> <Ports = 2> <Width = 8> <Depth = 16> <RAM>
ST_3 : Operation 1948 [1/1] (2.15ns)   --->   "%store_ln134 = store i8 %gmem2_addr_read, i4 %V_tile_482_addr" [/home/siyenga7/FPGA/attention_int8.cpp:134]   --->   Operation 1948 'store' 'store_ln134' <Predicate = (trunc_ln131 == 7 & trunc_ln130 == 34)> <Delay = 2.15> <CoreInst = "RAM">   --->   Core 82 'RAM' <Latency = 1> <II = 1> <Delay = 2.15> <Storage> <Opcode : 'load' 'store'> <Ports = 2> <Width = 8> <Depth = 16> <RAM>
ST_3 : Operation 1949 [1/1] (2.15ns)   --->   "%store_ln134 = store i8 %gmem2_addr_read, i4 %V_tile_481_addr" [/home/siyenga7/FPGA/attention_int8.cpp:134]   --->   Operation 1949 'store' 'store_ln134' <Predicate = (trunc_ln131 == 7 & trunc_ln130 == 33)> <Delay = 2.15> <CoreInst = "RAM">   --->   Core 82 'RAM' <Latency = 1> <II = 1> <Delay = 2.15> <Storage> <Opcode : 'load' 'store'> <Ports = 2> <Width = 8> <Depth = 16> <RAM>
ST_3 : Operation 1950 [1/1] (2.15ns)   --->   "%store_ln134 = store i8 %gmem2_addr_read, i4 %V_tile_480_addr" [/home/siyenga7/FPGA/attention_int8.cpp:134]   --->   Operation 1950 'store' 'store_ln134' <Predicate = (trunc_ln131 == 7 & trunc_ln130 == 32)> <Delay = 2.15> <CoreInst = "RAM">   --->   Core 82 'RAM' <Latency = 1> <II = 1> <Delay = 2.15> <Storage> <Opcode : 'load' 'store'> <Ports = 2> <Width = 8> <Depth = 16> <RAM>
ST_3 : Operation 1951 [1/1] (2.15ns)   --->   "%store_ln134 = store i8 %gmem2_addr_read, i4 %V_tile_479_addr" [/home/siyenga7/FPGA/attention_int8.cpp:134]   --->   Operation 1951 'store' 'store_ln134' <Predicate = (trunc_ln131 == 7 & trunc_ln130 == 31)> <Delay = 2.15> <CoreInst = "RAM">   --->   Core 82 'RAM' <Latency = 1> <II = 1> <Delay = 2.15> <Storage> <Opcode : 'load' 'store'> <Ports = 2> <Width = 8> <Depth = 16> <RAM>
ST_3 : Operation 1952 [1/1] (2.15ns)   --->   "%store_ln134 = store i8 %gmem2_addr_read, i4 %V_tile_478_addr" [/home/siyenga7/FPGA/attention_int8.cpp:134]   --->   Operation 1952 'store' 'store_ln134' <Predicate = (trunc_ln131 == 7 & trunc_ln130 == 30)> <Delay = 2.15> <CoreInst = "RAM">   --->   Core 82 'RAM' <Latency = 1> <II = 1> <Delay = 2.15> <Storage> <Opcode : 'load' 'store'> <Ports = 2> <Width = 8> <Depth = 16> <RAM>
ST_3 : Operation 1953 [1/1] (2.15ns)   --->   "%store_ln134 = store i8 %gmem2_addr_read, i4 %V_tile_477_addr" [/home/siyenga7/FPGA/attention_int8.cpp:134]   --->   Operation 1953 'store' 'store_ln134' <Predicate = (trunc_ln131 == 7 & trunc_ln130 == 29)> <Delay = 2.15> <CoreInst = "RAM">   --->   Core 82 'RAM' <Latency = 1> <II = 1> <Delay = 2.15> <Storage> <Opcode : 'load' 'store'> <Ports = 2> <Width = 8> <Depth = 16> <RAM>
ST_3 : Operation 1954 [1/1] (2.15ns)   --->   "%store_ln134 = store i8 %gmem2_addr_read, i4 %V_tile_476_addr" [/home/siyenga7/FPGA/attention_int8.cpp:134]   --->   Operation 1954 'store' 'store_ln134' <Predicate = (trunc_ln131 == 7 & trunc_ln130 == 28)> <Delay = 2.15> <CoreInst = "RAM">   --->   Core 82 'RAM' <Latency = 1> <II = 1> <Delay = 2.15> <Storage> <Opcode : 'load' 'store'> <Ports = 2> <Width = 8> <Depth = 16> <RAM>
ST_3 : Operation 1955 [1/1] (2.15ns)   --->   "%store_ln134 = store i8 %gmem2_addr_read, i4 %V_tile_475_addr" [/home/siyenga7/FPGA/attention_int8.cpp:134]   --->   Operation 1955 'store' 'store_ln134' <Predicate = (trunc_ln131 == 7 & trunc_ln130 == 27)> <Delay = 2.15> <CoreInst = "RAM">   --->   Core 82 'RAM' <Latency = 1> <II = 1> <Delay = 2.15> <Storage> <Opcode : 'load' 'store'> <Ports = 2> <Width = 8> <Depth = 16> <RAM>
ST_3 : Operation 1956 [1/1] (2.15ns)   --->   "%store_ln134 = store i8 %gmem2_addr_read, i4 %V_tile_474_addr" [/home/siyenga7/FPGA/attention_int8.cpp:134]   --->   Operation 1956 'store' 'store_ln134' <Predicate = (trunc_ln131 == 7 & trunc_ln130 == 26)> <Delay = 2.15> <CoreInst = "RAM">   --->   Core 82 'RAM' <Latency = 1> <II = 1> <Delay = 2.15> <Storage> <Opcode : 'load' 'store'> <Ports = 2> <Width = 8> <Depth = 16> <RAM>
ST_3 : Operation 1957 [1/1] (2.15ns)   --->   "%store_ln134 = store i8 %gmem2_addr_read, i4 %V_tile_473_addr" [/home/siyenga7/FPGA/attention_int8.cpp:134]   --->   Operation 1957 'store' 'store_ln134' <Predicate = (trunc_ln131 == 7 & trunc_ln130 == 25)> <Delay = 2.15> <CoreInst = "RAM">   --->   Core 82 'RAM' <Latency = 1> <II = 1> <Delay = 2.15> <Storage> <Opcode : 'load' 'store'> <Ports = 2> <Width = 8> <Depth = 16> <RAM>
ST_3 : Operation 1958 [1/1] (2.15ns)   --->   "%store_ln134 = store i8 %gmem2_addr_read, i4 %V_tile_472_addr" [/home/siyenga7/FPGA/attention_int8.cpp:134]   --->   Operation 1958 'store' 'store_ln134' <Predicate = (trunc_ln131 == 7 & trunc_ln130 == 24)> <Delay = 2.15> <CoreInst = "RAM">   --->   Core 82 'RAM' <Latency = 1> <II = 1> <Delay = 2.15> <Storage> <Opcode : 'load' 'store'> <Ports = 2> <Width = 8> <Depth = 16> <RAM>
ST_3 : Operation 1959 [1/1] (2.15ns)   --->   "%store_ln134 = store i8 %gmem2_addr_read, i4 %V_tile_471_addr" [/home/siyenga7/FPGA/attention_int8.cpp:134]   --->   Operation 1959 'store' 'store_ln134' <Predicate = (trunc_ln131 == 7 & trunc_ln130 == 23)> <Delay = 2.15> <CoreInst = "RAM">   --->   Core 82 'RAM' <Latency = 1> <II = 1> <Delay = 2.15> <Storage> <Opcode : 'load' 'store'> <Ports = 2> <Width = 8> <Depth = 16> <RAM>
ST_3 : Operation 1960 [1/1] (2.15ns)   --->   "%store_ln134 = store i8 %gmem2_addr_read, i4 %V_tile_470_addr" [/home/siyenga7/FPGA/attention_int8.cpp:134]   --->   Operation 1960 'store' 'store_ln134' <Predicate = (trunc_ln131 == 7 & trunc_ln130 == 22)> <Delay = 2.15> <CoreInst = "RAM">   --->   Core 82 'RAM' <Latency = 1> <II = 1> <Delay = 2.15> <Storage> <Opcode : 'load' 'store'> <Ports = 2> <Width = 8> <Depth = 16> <RAM>
ST_3 : Operation 1961 [1/1] (2.15ns)   --->   "%store_ln134 = store i8 %gmem2_addr_read, i4 %V_tile_469_addr" [/home/siyenga7/FPGA/attention_int8.cpp:134]   --->   Operation 1961 'store' 'store_ln134' <Predicate = (trunc_ln131 == 7 & trunc_ln130 == 21)> <Delay = 2.15> <CoreInst = "RAM">   --->   Core 82 'RAM' <Latency = 1> <II = 1> <Delay = 2.15> <Storage> <Opcode : 'load' 'store'> <Ports = 2> <Width = 8> <Depth = 16> <RAM>
ST_3 : Operation 1962 [1/1] (2.15ns)   --->   "%store_ln134 = store i8 %gmem2_addr_read, i4 %V_tile_468_addr" [/home/siyenga7/FPGA/attention_int8.cpp:134]   --->   Operation 1962 'store' 'store_ln134' <Predicate = (trunc_ln131 == 7 & trunc_ln130 == 20)> <Delay = 2.15> <CoreInst = "RAM">   --->   Core 82 'RAM' <Latency = 1> <II = 1> <Delay = 2.15> <Storage> <Opcode : 'load' 'store'> <Ports = 2> <Width = 8> <Depth = 16> <RAM>
ST_3 : Operation 1963 [1/1] (2.15ns)   --->   "%store_ln134 = store i8 %gmem2_addr_read, i4 %V_tile_467_addr" [/home/siyenga7/FPGA/attention_int8.cpp:134]   --->   Operation 1963 'store' 'store_ln134' <Predicate = (trunc_ln131 == 7 & trunc_ln130 == 19)> <Delay = 2.15> <CoreInst = "RAM">   --->   Core 82 'RAM' <Latency = 1> <II = 1> <Delay = 2.15> <Storage> <Opcode : 'load' 'store'> <Ports = 2> <Width = 8> <Depth = 16> <RAM>
ST_3 : Operation 1964 [1/1] (2.15ns)   --->   "%store_ln134 = store i8 %gmem2_addr_read, i4 %V_tile_466_addr" [/home/siyenga7/FPGA/attention_int8.cpp:134]   --->   Operation 1964 'store' 'store_ln134' <Predicate = (trunc_ln131 == 7 & trunc_ln130 == 18)> <Delay = 2.15> <CoreInst = "RAM">   --->   Core 82 'RAM' <Latency = 1> <II = 1> <Delay = 2.15> <Storage> <Opcode : 'load' 'store'> <Ports = 2> <Width = 8> <Depth = 16> <RAM>
ST_3 : Operation 1965 [1/1] (2.15ns)   --->   "%store_ln134 = store i8 %gmem2_addr_read, i4 %V_tile_465_addr" [/home/siyenga7/FPGA/attention_int8.cpp:134]   --->   Operation 1965 'store' 'store_ln134' <Predicate = (trunc_ln131 == 7 & trunc_ln130 == 17)> <Delay = 2.15> <CoreInst = "RAM">   --->   Core 82 'RAM' <Latency = 1> <II = 1> <Delay = 2.15> <Storage> <Opcode : 'load' 'store'> <Ports = 2> <Width = 8> <Depth = 16> <RAM>
ST_3 : Operation 1966 [1/1] (2.15ns)   --->   "%store_ln134 = store i8 %gmem2_addr_read, i4 %V_tile_464_addr" [/home/siyenga7/FPGA/attention_int8.cpp:134]   --->   Operation 1966 'store' 'store_ln134' <Predicate = (trunc_ln131 == 7 & trunc_ln130 == 16)> <Delay = 2.15> <CoreInst = "RAM">   --->   Core 82 'RAM' <Latency = 1> <II = 1> <Delay = 2.15> <Storage> <Opcode : 'load' 'store'> <Ports = 2> <Width = 8> <Depth = 16> <RAM>
ST_3 : Operation 1967 [1/1] (2.15ns)   --->   "%store_ln134 = store i8 %gmem2_addr_read, i4 %V_tile_463_addr" [/home/siyenga7/FPGA/attention_int8.cpp:134]   --->   Operation 1967 'store' 'store_ln134' <Predicate = (trunc_ln131 == 7 & trunc_ln130 == 15)> <Delay = 2.15> <CoreInst = "RAM">   --->   Core 82 'RAM' <Latency = 1> <II = 1> <Delay = 2.15> <Storage> <Opcode : 'load' 'store'> <Ports = 2> <Width = 8> <Depth = 16> <RAM>
ST_3 : Operation 1968 [1/1] (2.15ns)   --->   "%store_ln134 = store i8 %gmem2_addr_read, i4 %V_tile_462_addr" [/home/siyenga7/FPGA/attention_int8.cpp:134]   --->   Operation 1968 'store' 'store_ln134' <Predicate = (trunc_ln131 == 7 & trunc_ln130 == 14)> <Delay = 2.15> <CoreInst = "RAM">   --->   Core 82 'RAM' <Latency = 1> <II = 1> <Delay = 2.15> <Storage> <Opcode : 'load' 'store'> <Ports = 2> <Width = 8> <Depth = 16> <RAM>
ST_3 : Operation 1969 [1/1] (2.15ns)   --->   "%store_ln134 = store i8 %gmem2_addr_read, i4 %V_tile_461_addr" [/home/siyenga7/FPGA/attention_int8.cpp:134]   --->   Operation 1969 'store' 'store_ln134' <Predicate = (trunc_ln131 == 7 & trunc_ln130 == 13)> <Delay = 2.15> <CoreInst = "RAM">   --->   Core 82 'RAM' <Latency = 1> <II = 1> <Delay = 2.15> <Storage> <Opcode : 'load' 'store'> <Ports = 2> <Width = 8> <Depth = 16> <RAM>
ST_3 : Operation 1970 [1/1] (2.15ns)   --->   "%store_ln134 = store i8 %gmem2_addr_read, i4 %V_tile_460_addr" [/home/siyenga7/FPGA/attention_int8.cpp:134]   --->   Operation 1970 'store' 'store_ln134' <Predicate = (trunc_ln131 == 7 & trunc_ln130 == 12)> <Delay = 2.15> <CoreInst = "RAM">   --->   Core 82 'RAM' <Latency = 1> <II = 1> <Delay = 2.15> <Storage> <Opcode : 'load' 'store'> <Ports = 2> <Width = 8> <Depth = 16> <RAM>
ST_3 : Operation 1971 [1/1] (2.15ns)   --->   "%store_ln134 = store i8 %gmem2_addr_read, i4 %V_tile_459_addr" [/home/siyenga7/FPGA/attention_int8.cpp:134]   --->   Operation 1971 'store' 'store_ln134' <Predicate = (trunc_ln131 == 7 & trunc_ln130 == 11)> <Delay = 2.15> <CoreInst = "RAM">   --->   Core 82 'RAM' <Latency = 1> <II = 1> <Delay = 2.15> <Storage> <Opcode : 'load' 'store'> <Ports = 2> <Width = 8> <Depth = 16> <RAM>
ST_3 : Operation 1972 [1/1] (2.15ns)   --->   "%store_ln134 = store i8 %gmem2_addr_read, i4 %V_tile_458_addr" [/home/siyenga7/FPGA/attention_int8.cpp:134]   --->   Operation 1972 'store' 'store_ln134' <Predicate = (trunc_ln131 == 7 & trunc_ln130 == 10)> <Delay = 2.15> <CoreInst = "RAM">   --->   Core 82 'RAM' <Latency = 1> <II = 1> <Delay = 2.15> <Storage> <Opcode : 'load' 'store'> <Ports = 2> <Width = 8> <Depth = 16> <RAM>
ST_3 : Operation 1973 [1/1] (2.15ns)   --->   "%store_ln134 = store i8 %gmem2_addr_read, i4 %V_tile_457_addr" [/home/siyenga7/FPGA/attention_int8.cpp:134]   --->   Operation 1973 'store' 'store_ln134' <Predicate = (trunc_ln131 == 7 & trunc_ln130 == 9)> <Delay = 2.15> <CoreInst = "RAM">   --->   Core 82 'RAM' <Latency = 1> <II = 1> <Delay = 2.15> <Storage> <Opcode : 'load' 'store'> <Ports = 2> <Width = 8> <Depth = 16> <RAM>
ST_3 : Operation 1974 [1/1] (2.15ns)   --->   "%store_ln134 = store i8 %gmem2_addr_read, i4 %V_tile_456_addr" [/home/siyenga7/FPGA/attention_int8.cpp:134]   --->   Operation 1974 'store' 'store_ln134' <Predicate = (trunc_ln131 == 7 & trunc_ln130 == 8)> <Delay = 2.15> <CoreInst = "RAM">   --->   Core 82 'RAM' <Latency = 1> <II = 1> <Delay = 2.15> <Storage> <Opcode : 'load' 'store'> <Ports = 2> <Width = 8> <Depth = 16> <RAM>
ST_3 : Operation 1975 [1/1] (2.15ns)   --->   "%store_ln134 = store i8 %gmem2_addr_read, i4 %V_tile_455_addr" [/home/siyenga7/FPGA/attention_int8.cpp:134]   --->   Operation 1975 'store' 'store_ln134' <Predicate = (trunc_ln131 == 7 & trunc_ln130 == 7)> <Delay = 2.15> <CoreInst = "RAM">   --->   Core 82 'RAM' <Latency = 1> <II = 1> <Delay = 2.15> <Storage> <Opcode : 'load' 'store'> <Ports = 2> <Width = 8> <Depth = 16> <RAM>
ST_3 : Operation 1976 [1/1] (2.15ns)   --->   "%store_ln134 = store i8 %gmem2_addr_read, i4 %V_tile_454_addr" [/home/siyenga7/FPGA/attention_int8.cpp:134]   --->   Operation 1976 'store' 'store_ln134' <Predicate = (trunc_ln131 == 7 & trunc_ln130 == 6)> <Delay = 2.15> <CoreInst = "RAM">   --->   Core 82 'RAM' <Latency = 1> <II = 1> <Delay = 2.15> <Storage> <Opcode : 'load' 'store'> <Ports = 2> <Width = 8> <Depth = 16> <RAM>
ST_3 : Operation 1977 [1/1] (2.15ns)   --->   "%store_ln134 = store i8 %gmem2_addr_read, i4 %V_tile_453_addr" [/home/siyenga7/FPGA/attention_int8.cpp:134]   --->   Operation 1977 'store' 'store_ln134' <Predicate = (trunc_ln131 == 7 & trunc_ln130 == 5)> <Delay = 2.15> <CoreInst = "RAM">   --->   Core 82 'RAM' <Latency = 1> <II = 1> <Delay = 2.15> <Storage> <Opcode : 'load' 'store'> <Ports = 2> <Width = 8> <Depth = 16> <RAM>
ST_3 : Operation 1978 [1/1] (2.15ns)   --->   "%store_ln134 = store i8 %gmem2_addr_read, i4 %V_tile_452_addr" [/home/siyenga7/FPGA/attention_int8.cpp:134]   --->   Operation 1978 'store' 'store_ln134' <Predicate = (trunc_ln131 == 7 & trunc_ln130 == 4)> <Delay = 2.15> <CoreInst = "RAM">   --->   Core 82 'RAM' <Latency = 1> <II = 1> <Delay = 2.15> <Storage> <Opcode : 'load' 'store'> <Ports = 2> <Width = 8> <Depth = 16> <RAM>
ST_3 : Operation 1979 [1/1] (2.15ns)   --->   "%store_ln134 = store i8 %gmem2_addr_read, i4 %V_tile_451_addr" [/home/siyenga7/FPGA/attention_int8.cpp:134]   --->   Operation 1979 'store' 'store_ln134' <Predicate = (trunc_ln131 == 7 & trunc_ln130 == 3)> <Delay = 2.15> <CoreInst = "RAM">   --->   Core 82 'RAM' <Latency = 1> <II = 1> <Delay = 2.15> <Storage> <Opcode : 'load' 'store'> <Ports = 2> <Width = 8> <Depth = 16> <RAM>
ST_3 : Operation 1980 [1/1] (2.15ns)   --->   "%store_ln134 = store i8 %gmem2_addr_read, i4 %V_tile_450_addr" [/home/siyenga7/FPGA/attention_int8.cpp:134]   --->   Operation 1980 'store' 'store_ln134' <Predicate = (trunc_ln131 == 7 & trunc_ln130 == 2)> <Delay = 2.15> <CoreInst = "RAM">   --->   Core 82 'RAM' <Latency = 1> <II = 1> <Delay = 2.15> <Storage> <Opcode : 'load' 'store'> <Ports = 2> <Width = 8> <Depth = 16> <RAM>
ST_3 : Operation 1981 [1/1] (2.15ns)   --->   "%store_ln134 = store i8 %gmem2_addr_read, i4 %V_tile_449_addr" [/home/siyenga7/FPGA/attention_int8.cpp:134]   --->   Operation 1981 'store' 'store_ln134' <Predicate = (trunc_ln131 == 7 & trunc_ln130 == 1)> <Delay = 2.15> <CoreInst = "RAM">   --->   Core 82 'RAM' <Latency = 1> <II = 1> <Delay = 2.15> <Storage> <Opcode : 'load' 'store'> <Ports = 2> <Width = 8> <Depth = 16> <RAM>
ST_3 : Operation 1982 [1/1] (2.15ns)   --->   "%store_ln134 = store i8 %gmem2_addr_read, i4 %V_tile_448_addr" [/home/siyenga7/FPGA/attention_int8.cpp:134]   --->   Operation 1982 'store' 'store_ln134' <Predicate = (trunc_ln131 == 7 & trunc_ln130 == 0)> <Delay = 2.15> <CoreInst = "RAM">   --->   Core 82 'RAM' <Latency = 1> <II = 1> <Delay = 2.15> <Storage> <Opcode : 'load' 'store'> <Ports = 2> <Width = 8> <Depth = 16> <RAM>
ST_3 : Operation 1983 [1/1] (2.15ns)   --->   "%store_ln134 = store i8 %gmem2_addr_read, i4 %V_tile_511_addr" [/home/siyenga7/FPGA/attention_int8.cpp:134]   --->   Operation 1983 'store' 'store_ln134' <Predicate = (trunc_ln131 == 7 & trunc_ln130 == 63)> <Delay = 2.15> <CoreInst = "RAM">   --->   Core 82 'RAM' <Latency = 1> <II = 1> <Delay = 2.15> <Storage> <Opcode : 'load' 'store'> <Ports = 2> <Width = 8> <Depth = 16> <RAM>
ST_3 : Operation 1984 [1/1] (0.00ns)   --->   "%br_ln134 = br void %arrayidx9113.exit" [/home/siyenga7/FPGA/attention_int8.cpp:134]   --->   Operation 1984 'br' 'br_ln134' <Predicate = (trunc_ln131 == 7)> <Delay = 0.00>


============================================================
+ Verbose Summary: Timing violations
============================================================
Target clock period: 10.000ns, clock uncertainty: 2.700ns.

 <State 1>: 8.491ns
The critical path consists of the following:
	'store' operation 0 bit ('store_ln131', /home/siyenga7/FPGA/attention_int8.cpp:131) of constant 0 on local variable 'd', /home/siyenga7/FPGA/attention_int8.cpp:131 [654]  (1.610 ns)
	'load' operation 8 bit ('d_load', /home/siyenga7/FPGA/attention_int8.cpp:131) on local variable 'd', /home/siyenga7/FPGA/attention_int8.cpp:131 [664]  (0.000 ns)
	'icmp' operation 1 bit ('icmp_ln131', /home/siyenga7/FPGA/attention_int8.cpp:131) [671]  (2.115 ns)
	'select' operation 8 bit ('select_ln130', /home/siyenga7/FPGA/attention_int8.cpp:130) [672]  (1.041 ns)
	'add' operation 8 bit ('add_ln131', /home/siyenga7/FPGA/attention_int8.cpp:131) [3279]  (2.115 ns)
	'store' operation 0 bit ('store_ln131', /home/siyenga7/FPGA/attention_int8.cpp:131) of variable 'add_ln131', /home/siyenga7/FPGA/attention_int8.cpp:131 on local variable 'd', /home/siyenga7/FPGA/attention_int8.cpp:131 [3282]  (1.610 ns)

 <State 2>: 7.300ns
The critical path consists of the following:
	bus read operation ('gmem1_addr_read', /home/siyenga7/FPGA/attention_int8.cpp:133) on port 'gmem1' (/home/siyenga7/FPGA/attention_int8.cpp:133) [809]  (7.300 ns)

 <State 3>: 2.152ns
The critical path consists of the following:
	'getelementptr' operation 6 bit ('K_tile_76_addr', /home/siyenga7/FPGA/attention_int8.cpp:130) [752]  (0.000 ns)
	'store' operation 0 bit ('store_ln133', /home/siyenga7/FPGA/attention_int8.cpp:133) of variable 'gmem1_addr_read', /home/siyenga7/FPGA/attention_int8.cpp:133 on array 'K_tile_76' [962]  (2.152 ns)


============================================================
+ Verbose Summary: Binding
============================================================
N/A
* FSMD analyzer results:
  - Output states:
 - Input state : 
  - Chain level:
	State 1
	State 2
	State 3


============================================================
+ Verbose Summary: Datapath Resource usage 
============================================================
N/A
