

================================================================
== Vitis HLS Report for 'attention_int8_kernel_Pipeline_VITIS_LOOP_130_8_VITIS_LOOP_131_9'
================================================================
* Date:           Sat Apr 25 21:21:46 2026

* Version:        2022.1 (Build 3526262 on Mon Apr 18 15:47:01 MDT 2022)
* Project:        hls_cosim_project
* Solution:       solution_cosim (Vivado IP Flow Target)
* Product family: artix7
* Target device:  xc7a200t-sbg484-1


================================================================
== Performance Estimates
================================================================
+ Timing: 
    * Summary: 
    +--------+----------+----------+------------+
    |  Clock |  Target  | Estimated| Uncertainty|
    +--------+----------+----------+------------+
    |ap_clk  |  10.00 ns|  7.300 ns|     2.70 ns|
    +--------+----------+----------+------------+

+ Latency: 
    * Summary: 
    +---------+---------+-----------+-----------+------+------+---------+
    |  Latency (cycles) |   Latency (absolute)  |   Interval  | Pipeline|
    |   min   |   max   |    min    |    max    |  min |  max |   Type  |
    +---------+---------+-----------+-----------+------+------+---------+
    |     8195|     8195|  81.950 us|  81.950 us|  8195|  8195|       no|
    +---------+---------+-----------+-----------+------+------+---------+

    + Detail: 
        * Instance: 
        N/A

        * Loop: 
        +-------------------------------------+---------+---------+----------+-----------+-----------+------+----------+
        |                                     |  Latency (cycles) | Iteration|  Initiation Interval  | Trip |          |
        |              Loop Name              |   min   |   max   |  Latency |  achieved |   target  | Count| Pipelined|
        +-------------------------------------+---------+---------+----------+-----------+-----------+------+----------+
        |- VITIS_LOOP_130_8_VITIS_LOOP_131_9  |     8193|     8193|         3|          1|          1|  8192|       yes|
        +-------------------------------------+---------+---------+----------+-----------+-----------+------+----------+

============================================================
+ Verbose Summary: Synthesis Manager
============================================================
InlineROM: 1
ExposeGlobal: 0
============================================================
+ Verbose Summary: CDFG Model
============================================================
IsTopModel: 0
ResetActiveHigh: 1
IsCombinational: 0
IsDatapathOnly: 0
HasWiredReturn: 1
HasMFsm: 2
HasVarLatency: 1
IsPipeline: 0
IsRtlPipelined: 0
IsInstanceOverlapped: 0
IsDontTouch: 0
HasImplIP: 0
IsGatedGlobalClock: 0

+ Individual pipeline summary: 
  * Pipeline-0: initiation interval (II) = 1, depth = 3


============================================================
+ Verbose Summary: Schedule
============================================================
* Number of FSM states : 3
* Pipeline : 1
  Pipeline-0 : II = 1, D = 3, States = { 1 2 3 }
* Dataflow Pipeline: 0

* FSM state transitions: 
1 --> 2 
2 --> 3 
3 --> 

* FSM state operations: 

State 1 <SV = 0> <Delay = 6.09>
ST_1 : Operation 6 [1/1] (0.00ns)   --->   "%d_1 = alloca i32 1"   --->   Operation 6 'alloca' 'd_1' <Predicate = true> <Delay = 0.00>
ST_1 : Operation 7 [1/1] (0.00ns)   --->   "%j = alloca i32 1"   --->   Operation 7 'alloca' 'j' <Predicate = true> <Delay = 0.00>
ST_1 : Operation 8 [1/1] (0.00ns)   --->   "%indvar_flatten134 = alloca i32 1"   --->   Operation 8 'alloca' 'indvar_flatten134' <Predicate = true> <Delay = 0.00>
ST_1 : Operation 9 [1/1] (0.00ns)   --->   "%specinterface_ln0 = specinterface void @_ssdm_op_SpecInterface, i8 %gmem2, void @empty_3, i32 0, i32 0, void @empty_13, i32 0, i32 8192, void @empty, void @empty_20, void @empty_13, i32 16, i32 16, i32 16, i32 16, void @empty_13, void @empty_13, i32 4294967295, i32 0"   --->   Operation 9 'specinterface' 'specinterface_ln0' <Predicate = true> <Delay = 0.00>
ST_1 : Operation 10 [1/1] (0.00ns)   --->   "%specinterface_ln0 = specinterface void @_ssdm_op_SpecInterface, i8 %gmem1, void @empty_3, i32 0, i32 0, void @empty_13, i32 0, i32 8192, void @empty_27, void @empty_20, void @empty_13, i32 16, i32 16, i32 16, i32 16, void @empty_13, void @empty_13, i32 4294967295, i32 0"   --->   Operation 10 'specinterface' 'specinterface_ln0' <Predicate = true> <Delay = 0.00>
ST_1 : Operation 11 [1/1] (0.00ns)   --->   "%V_in_read = read i64 @_ssdm_op_Read.ap_auto.i64, i64 %V_in"   --->   Operation 11 'read' 'V_in_read' <Predicate = true> <Delay = 0.00>
ST_1 : Operation 12 [1/1] (0.00ns)   --->   "%K_in_read = read i64 @_ssdm_op_Read.ap_auto.i64, i64 %K_in"   --->   Operation 12 'read' 'K_in_read' <Predicate = true> <Delay = 0.00>
ST_1 : Operation 13 [1/1] (1.61ns)   --->   "%store_ln0 = store i14 0, i14 %indvar_flatten134"   --->   Operation 13 'store' 'store_ln0' <Predicate = true> <Delay = 1.61>
ST_1 : Operation 14 [1/1] (1.61ns)   --->   "%store_ln0 = store i8 0, i8 %j"   --->   Operation 14 'store' 'store_ln0' <Predicate = true> <Delay = 1.61>
ST_1 : Operation 15 [1/1] (1.61ns)   --->   "%store_ln0 = store i7 0, i7 %d_1"   --->   Operation 15 'store' 'store_ln0' <Predicate = true> <Delay = 1.61>
ST_1 : Operation 16 [1/1] (0.00ns)   --->   "%br_ln0 = br void %for.inc126"   --->   Operation 16 'br' 'br_ln0' <Predicate = true> <Delay = 0.00>
ST_1 : Operation 17 [1/1] (0.00ns)   --->   "%indvar_flatten134_load = load i14 %indvar_flatten134" [attention_int8.cpp:130]   --->   Operation 17 'load' 'indvar_flatten134_load' <Predicate = true> <Delay = 0.00>
ST_1 : Operation 18 [1/1] (0.00ns)   --->   "%specbitsmap_ln0 = specbitsmap void @_ssdm_op_SpecBitsMap, i8 %gmem2"   --->   Operation 18 'specbitsmap' 'specbitsmap_ln0' <Predicate = true> <Delay = 0.00>
ST_1 : Operation 19 [1/1] (0.00ns)   --->   "%specbitsmap_ln0 = specbitsmap void @_ssdm_op_SpecBitsMap, i8 %gmem1"   --->   Operation 19 'specbitsmap' 'specbitsmap_ln0' <Predicate = true> <Delay = 0.00>
ST_1 : Operation 20 [1/1] (0.00ns)   --->   "%gmem1_addr = getelementptr i8 %gmem1, i64 %K_in_read" [attention_int8.cpp:130]   --->   Operation 20 'getelementptr' 'gmem1_addr' <Predicate = true> <Delay = 0.00>
ST_1 : Operation 21 [1/1] (0.00ns)   --->   "%gmem2_addr = getelementptr i8 %gmem2, i64 %V_in_read" [attention_int8.cpp:130]   --->   Operation 21 'getelementptr' 'gmem2_addr' <Predicate = true> <Delay = 0.00>
ST_1 : Operation 22 [1/1] (2.15ns)   --->   "%icmp_ln130 = icmp_eq  i14 %indvar_flatten134_load, i14 8192" [attention_int8.cpp:130]   --->   Operation 22 'icmp' 'icmp_ln130' <Predicate = true> <Delay = 2.15> <CoreInst = "Cmp">   --->   Core 9 'Cmp' <Latency = 0> <II = 1> <Delay = 2.15> <FuncUnit> <Opcode : 'icmp'> <InPorts = 2> <OutPorts = 1>
ST_1 : Operation 23 [1/1] (2.13ns)   --->   "%add_ln130_1 = add i14 %indvar_flatten134_load, i14 1" [attention_int8.cpp:130]   --->   Operation 23 'add' 'add_ln130_1' <Predicate = true> <Delay = 2.13> <CoreInst = "Adder">   --->   Core 1 'Adder' <Latency = 0> <II = 1> <Delay = 2.13> <FuncUnit> <Opcode : 'add' 'sub'> <InPorts = 2> <OutPorts = 1>
ST_1 : Operation 24 [1/1] (0.00ns)   --->   "%br_ln130 = br i1 %icmp_ln130, void %for.inc129, void %VITIS_LOOP_146_11.preheader.exitStub" [attention_int8.cpp:130]   --->   Operation 24 'br' 'br_ln130' <Predicate = true> <Delay = 0.00>
ST_1 : Operation 25 [1/1] (0.00ns)   --->   "%d_1_load = load i7 %d_1" [attention_int8.cpp:131]   --->   Operation 25 'load' 'd_1_load' <Predicate = (!icmp_ln130)> <Delay = 0.00>
ST_1 : Operation 26 [1/1] (1.46ns)   --->   "%icmp_ln131 = icmp_eq  i7 %d_1_load, i7 64" [attention_int8.cpp:131]   --->   Operation 26 'icmp' 'icmp_ln131' <Predicate = (!icmp_ln130)> <Delay = 1.46> <CoreInst = "Cmp">   --->   Core 9 'Cmp' <Latency = 0> <II = 1> <Delay = 1.46> <FuncUnit> <Opcode : 'icmp'> <InPorts = 2> <OutPorts = 1>
ST_1 : Operation 27 [1/1] (0.99ns)   --->   "%select_ln130 = select i1 %icmp_ln131, i7 0, i7 %d_1_load" [attention_int8.cpp:130]   --->   Operation 27 'select' 'select_ln130' <Predicate = (!icmp_ln130)> <Delay = 0.99> <CoreInst = "Sel">   --->   Core 73 'Sel' <Latency = 0> <II = 1> <Delay = 0.99> <FuncUnit> <Opcode : 'select'> <InPorts = 3> <OutPorts = 1>
ST_1 : Operation 28 [1/1] (0.00ns)   --->   "%trunc_ln131 = trunc i7 %select_ln130" [attention_int8.cpp:131]   --->   Operation 28 'trunc' 'trunc_ln131' <Predicate = (!icmp_ln130)> <Delay = 0.00>
ST_1 : Operation 29 [1/1] (0.93ns)   --->   "%switch_ln133 = switch i6 %trunc_ln131, void %arrayidx11611.case.63, i6 0, void %arrayidx11611.case.0, i6 1, void %arrayidx11611.case.1, i6 2, void %arrayidx11611.case.2, i6 3, void %arrayidx11611.case.3, i6 4, void %arrayidx11611.case.4, i6 5, void %arrayidx11611.case.5, i6 6, void %arrayidx11611.case.6, i6 7, void %arrayidx11611.case.7, i6 8, void %arrayidx11611.case.8, i6 9, void %arrayidx11611.case.9, i6 10, void %arrayidx11611.case.10, i6 11, void %arrayidx11611.case.11, i6 12, void %arrayidx11611.case.12, i6 13, void %arrayidx11611.case.13, i6 14, void %arrayidx11611.case.14, i6 15, void %arrayidx11611.case.15, i6 16, void %arrayidx11611.case.16, i6 17, void %arrayidx11611.case.17, i6 18, void %arrayidx11611.case.18, i6 19, void %arrayidx11611.case.19, i6 20, void %arrayidx11611.case.20, i6 21, void %arrayidx11611.case.21, i6 22, void %arrayidx11611.case.22, i6 23, void %arrayidx11611.case.23, i6 24, void %arrayidx11611.case.24, i6 25, void %arrayidx11611.case.25, i6 26, void %arrayidx11611.case.26, i6 27, void %arrayidx11611.case.27, i6 28, void %arrayidx11611.case.28, i6 29, void %arrayidx11611.case.29, i6 30, void %arrayidx11611.case.30, i6 31, void %arrayidx11611.case.31, i6 32, void %arrayidx11611.case.32, i6 33, void %arrayidx11611.case.33, i6 34, void %arrayidx11611.case.34, i6 35, void %arrayidx11611.case.35, i6 36, void %arrayidx11611.case.36, i6 37, void %arrayidx11611.case.37, i6 38, void %arrayidx11611.case.38, i6 39, void %arrayidx11611.case.39, i6 40, void %arrayidx11611.case.40, i6 41, void %arrayidx11611.case.41, i6 42, void %arrayidx11611.case.42, i6 43, void %arrayidx11611.case.43, i6 44, void %arrayidx11611.case.44, i6 45, void %arrayidx11611.case.45, i6 46, void %arrayidx11611.case.46, i6 47, void %arrayidx11611.case.47, i6 48, void %arrayidx11611.case.48, i6 49, void %arrayidx11611.case.49, i6 50, void %arrayidx11611.case.50, i6 51, void %arrayidx11611.case.51, i6 52, void %arrayidx11611.case.52, i6 53, void %arrayidx11611.case.53, i6 54, void %arrayidx11611.case.54, i6 55, void %arrayidx11611.case.55, i6 56, void %arrayidx11611.case.56, i6 57, void %arrayidx11611.case.57, i6 58, void %arrayidx11611.case.58, i6 59, void %arrayidx11611.case.59, i6 60, void %arrayidx11611.case.60, i6 61, void %arrayidx11611.case.61, i6 62, void %arrayidx11611.case.62" [attention_int8.cpp:133]   --->   Operation 29 'switch' 'switch_ln133' <Predicate = (!icmp_ln130)> <Delay = 0.93>
ST_1 : Operation 30 [1/1] (0.00ns)   --->   "%br_ln133 = br void %arrayidx11611.exit" [attention_int8.cpp:133]   --->   Operation 30 'br' 'br_ln133' <Predicate = (!icmp_ln130 & trunc_ln131 == 62)> <Delay = 0.00>
ST_1 : Operation 31 [1/1] (0.00ns)   --->   "%br_ln133 = br void %arrayidx11611.exit" [attention_int8.cpp:133]   --->   Operation 31 'br' 'br_ln133' <Predicate = (!icmp_ln130 & trunc_ln131 == 61)> <Delay = 0.00>
ST_1 : Operation 32 [1/1] (0.00ns)   --->   "%br_ln133 = br void %arrayidx11611.exit" [attention_int8.cpp:133]   --->   Operation 32 'br' 'br_ln133' <Predicate = (!icmp_ln130 & trunc_ln131 == 60)> <Delay = 0.00>
ST_1 : Operation 33 [1/1] (0.00ns)   --->   "%br_ln133 = br void %arrayidx11611.exit" [attention_int8.cpp:133]   --->   Operation 33 'br' 'br_ln133' <Predicate = (!icmp_ln130 & trunc_ln131 == 59)> <Delay = 0.00>
ST_1 : Operation 34 [1/1] (0.00ns)   --->   "%br_ln133 = br void %arrayidx11611.exit" [attention_int8.cpp:133]   --->   Operation 34 'br' 'br_ln133' <Predicate = (!icmp_ln130 & trunc_ln131 == 58)> <Delay = 0.00>
ST_1 : Operation 35 [1/1] (0.00ns)   --->   "%br_ln133 = br void %arrayidx11611.exit" [attention_int8.cpp:133]   --->   Operation 35 'br' 'br_ln133' <Predicate = (!icmp_ln130 & trunc_ln131 == 57)> <Delay = 0.00>
ST_1 : Operation 36 [1/1] (0.00ns)   --->   "%br_ln133 = br void %arrayidx11611.exit" [attention_int8.cpp:133]   --->   Operation 36 'br' 'br_ln133' <Predicate = (!icmp_ln130 & trunc_ln131 == 56)> <Delay = 0.00>
ST_1 : Operation 37 [1/1] (0.00ns)   --->   "%br_ln133 = br void %arrayidx11611.exit" [attention_int8.cpp:133]   --->   Operation 37 'br' 'br_ln133' <Predicate = (!icmp_ln130 & trunc_ln131 == 55)> <Delay = 0.00>
ST_1 : Operation 38 [1/1] (0.00ns)   --->   "%br_ln133 = br void %arrayidx11611.exit" [attention_int8.cpp:133]   --->   Operation 38 'br' 'br_ln133' <Predicate = (!icmp_ln130 & trunc_ln131 == 54)> <Delay = 0.00>
ST_1 : Operation 39 [1/1] (0.00ns)   --->   "%br_ln133 = br void %arrayidx11611.exit" [attention_int8.cpp:133]   --->   Operation 39 'br' 'br_ln133' <Predicate = (!icmp_ln130 & trunc_ln131 == 53)> <Delay = 0.00>
ST_1 : Operation 40 [1/1] (0.00ns)   --->   "%br_ln133 = br void %arrayidx11611.exit" [attention_int8.cpp:133]   --->   Operation 40 'br' 'br_ln133' <Predicate = (!icmp_ln130 & trunc_ln131 == 52)> <Delay = 0.00>
ST_1 : Operation 41 [1/1] (0.00ns)   --->   "%br_ln133 = br void %arrayidx11611.exit" [attention_int8.cpp:133]   --->   Operation 41 'br' 'br_ln133' <Predicate = (!icmp_ln130 & trunc_ln131 == 51)> <Delay = 0.00>
ST_1 : Operation 42 [1/1] (0.00ns)   --->   "%br_ln133 = br void %arrayidx11611.exit" [attention_int8.cpp:133]   --->   Operation 42 'br' 'br_ln133' <Predicate = (!icmp_ln130 & trunc_ln131 == 50)> <Delay = 0.00>
ST_1 : Operation 43 [1/1] (0.00ns)   --->   "%br_ln133 = br void %arrayidx11611.exit" [attention_int8.cpp:133]   --->   Operation 43 'br' 'br_ln133' <Predicate = (!icmp_ln130 & trunc_ln131 == 49)> <Delay = 0.00>
ST_1 : Operation 44 [1/1] (0.00ns)   --->   "%br_ln133 = br void %arrayidx11611.exit" [attention_int8.cpp:133]   --->   Operation 44 'br' 'br_ln133' <Predicate = (!icmp_ln130 & trunc_ln131 == 48)> <Delay = 0.00>
ST_1 : Operation 45 [1/1] (0.00ns)   --->   "%br_ln133 = br void %arrayidx11611.exit" [attention_int8.cpp:133]   --->   Operation 45 'br' 'br_ln133' <Predicate = (!icmp_ln130 & trunc_ln131 == 47)> <Delay = 0.00>
ST_1 : Operation 46 [1/1] (0.00ns)   --->   "%br_ln133 = br void %arrayidx11611.exit" [attention_int8.cpp:133]   --->   Operation 46 'br' 'br_ln133' <Predicate = (!icmp_ln130 & trunc_ln131 == 46)> <Delay = 0.00>
ST_1 : Operation 47 [1/1] (0.00ns)   --->   "%br_ln133 = br void %arrayidx11611.exit" [attention_int8.cpp:133]   --->   Operation 47 'br' 'br_ln133' <Predicate = (!icmp_ln130 & trunc_ln131 == 45)> <Delay = 0.00>
ST_1 : Operation 48 [1/1] (0.00ns)   --->   "%br_ln133 = br void %arrayidx11611.exit" [attention_int8.cpp:133]   --->   Operation 48 'br' 'br_ln133' <Predicate = (!icmp_ln130 & trunc_ln131 == 44)> <Delay = 0.00>
ST_1 : Operation 49 [1/1] (0.00ns)   --->   "%br_ln133 = br void %arrayidx11611.exit" [attention_int8.cpp:133]   --->   Operation 49 'br' 'br_ln133' <Predicate = (!icmp_ln130 & trunc_ln131 == 43)> <Delay = 0.00>
ST_1 : Operation 50 [1/1] (0.00ns)   --->   "%br_ln133 = br void %arrayidx11611.exit" [attention_int8.cpp:133]   --->   Operation 50 'br' 'br_ln133' <Predicate = (!icmp_ln130 & trunc_ln131 == 42)> <Delay = 0.00>
ST_1 : Operation 51 [1/1] (0.00ns)   --->   "%br_ln133 = br void %arrayidx11611.exit" [attention_int8.cpp:133]   --->   Operation 51 'br' 'br_ln133' <Predicate = (!icmp_ln130 & trunc_ln131 == 41)> <Delay = 0.00>
ST_1 : Operation 52 [1/1] (0.00ns)   --->   "%br_ln133 = br void %arrayidx11611.exit" [attention_int8.cpp:133]   --->   Operation 52 'br' 'br_ln133' <Predicate = (!icmp_ln130 & trunc_ln131 == 40)> <Delay = 0.00>
ST_1 : Operation 53 [1/1] (0.00ns)   --->   "%br_ln133 = br void %arrayidx11611.exit" [attention_int8.cpp:133]   --->   Operation 53 'br' 'br_ln133' <Predicate = (!icmp_ln130 & trunc_ln131 == 39)> <Delay = 0.00>
ST_1 : Operation 54 [1/1] (0.00ns)   --->   "%br_ln133 = br void %arrayidx11611.exit" [attention_int8.cpp:133]   --->   Operation 54 'br' 'br_ln133' <Predicate = (!icmp_ln130 & trunc_ln131 == 38)> <Delay = 0.00>
ST_1 : Operation 55 [1/1] (0.00ns)   --->   "%br_ln133 = br void %arrayidx11611.exit" [attention_int8.cpp:133]   --->   Operation 55 'br' 'br_ln133' <Predicate = (!icmp_ln130 & trunc_ln131 == 37)> <Delay = 0.00>
ST_1 : Operation 56 [1/1] (0.00ns)   --->   "%br_ln133 = br void %arrayidx11611.exit" [attention_int8.cpp:133]   --->   Operation 56 'br' 'br_ln133' <Predicate = (!icmp_ln130 & trunc_ln131 == 36)> <Delay = 0.00>
ST_1 : Operation 57 [1/1] (0.00ns)   --->   "%br_ln133 = br void %arrayidx11611.exit" [attention_int8.cpp:133]   --->   Operation 57 'br' 'br_ln133' <Predicate = (!icmp_ln130 & trunc_ln131 == 35)> <Delay = 0.00>
ST_1 : Operation 58 [1/1] (0.00ns)   --->   "%br_ln133 = br void %arrayidx11611.exit" [attention_int8.cpp:133]   --->   Operation 58 'br' 'br_ln133' <Predicate = (!icmp_ln130 & trunc_ln131 == 34)> <Delay = 0.00>
ST_1 : Operation 59 [1/1] (0.00ns)   --->   "%br_ln133 = br void %arrayidx11611.exit" [attention_int8.cpp:133]   --->   Operation 59 'br' 'br_ln133' <Predicate = (!icmp_ln130 & trunc_ln131 == 33)> <Delay = 0.00>
ST_1 : Operation 60 [1/1] (0.00ns)   --->   "%br_ln133 = br void %arrayidx11611.exit" [attention_int8.cpp:133]   --->   Operation 60 'br' 'br_ln133' <Predicate = (!icmp_ln130 & trunc_ln131 == 32)> <Delay = 0.00>
ST_1 : Operation 61 [1/1] (0.00ns)   --->   "%br_ln133 = br void %arrayidx11611.exit" [attention_int8.cpp:133]   --->   Operation 61 'br' 'br_ln133' <Predicate = (!icmp_ln130 & trunc_ln131 == 31)> <Delay = 0.00>
ST_1 : Operation 62 [1/1] (0.00ns)   --->   "%br_ln133 = br void %arrayidx11611.exit" [attention_int8.cpp:133]   --->   Operation 62 'br' 'br_ln133' <Predicate = (!icmp_ln130 & trunc_ln131 == 30)> <Delay = 0.00>
ST_1 : Operation 63 [1/1] (0.00ns)   --->   "%br_ln133 = br void %arrayidx11611.exit" [attention_int8.cpp:133]   --->   Operation 63 'br' 'br_ln133' <Predicate = (!icmp_ln130 & trunc_ln131 == 29)> <Delay = 0.00>
ST_1 : Operation 64 [1/1] (0.00ns)   --->   "%br_ln133 = br void %arrayidx11611.exit" [attention_int8.cpp:133]   --->   Operation 64 'br' 'br_ln133' <Predicate = (!icmp_ln130 & trunc_ln131 == 28)> <Delay = 0.00>
ST_1 : Operation 65 [1/1] (0.00ns)   --->   "%br_ln133 = br void %arrayidx11611.exit" [attention_int8.cpp:133]   --->   Operation 65 'br' 'br_ln133' <Predicate = (!icmp_ln130 & trunc_ln131 == 27)> <Delay = 0.00>
ST_1 : Operation 66 [1/1] (0.00ns)   --->   "%br_ln133 = br void %arrayidx11611.exit" [attention_int8.cpp:133]   --->   Operation 66 'br' 'br_ln133' <Predicate = (!icmp_ln130 & trunc_ln131 == 26)> <Delay = 0.00>
ST_1 : Operation 67 [1/1] (0.00ns)   --->   "%br_ln133 = br void %arrayidx11611.exit" [attention_int8.cpp:133]   --->   Operation 67 'br' 'br_ln133' <Predicate = (!icmp_ln130 & trunc_ln131 == 25)> <Delay = 0.00>
ST_1 : Operation 68 [1/1] (0.00ns)   --->   "%br_ln133 = br void %arrayidx11611.exit" [attention_int8.cpp:133]   --->   Operation 68 'br' 'br_ln133' <Predicate = (!icmp_ln130 & trunc_ln131 == 24)> <Delay = 0.00>
ST_1 : Operation 69 [1/1] (0.00ns)   --->   "%br_ln133 = br void %arrayidx11611.exit" [attention_int8.cpp:133]   --->   Operation 69 'br' 'br_ln133' <Predicate = (!icmp_ln130 & trunc_ln131 == 23)> <Delay = 0.00>
ST_1 : Operation 70 [1/1] (0.00ns)   --->   "%br_ln133 = br void %arrayidx11611.exit" [attention_int8.cpp:133]   --->   Operation 70 'br' 'br_ln133' <Predicate = (!icmp_ln130 & trunc_ln131 == 22)> <Delay = 0.00>
ST_1 : Operation 71 [1/1] (0.00ns)   --->   "%br_ln133 = br void %arrayidx11611.exit" [attention_int8.cpp:133]   --->   Operation 71 'br' 'br_ln133' <Predicate = (!icmp_ln130 & trunc_ln131 == 21)> <Delay = 0.00>
ST_1 : Operation 72 [1/1] (0.00ns)   --->   "%br_ln133 = br void %arrayidx11611.exit" [attention_int8.cpp:133]   --->   Operation 72 'br' 'br_ln133' <Predicate = (!icmp_ln130 & trunc_ln131 == 20)> <Delay = 0.00>
ST_1 : Operation 73 [1/1] (0.00ns)   --->   "%br_ln133 = br void %arrayidx11611.exit" [attention_int8.cpp:133]   --->   Operation 73 'br' 'br_ln133' <Predicate = (!icmp_ln130 & trunc_ln131 == 19)> <Delay = 0.00>
ST_1 : Operation 74 [1/1] (0.00ns)   --->   "%br_ln133 = br void %arrayidx11611.exit" [attention_int8.cpp:133]   --->   Operation 74 'br' 'br_ln133' <Predicate = (!icmp_ln130 & trunc_ln131 == 18)> <Delay = 0.00>
ST_1 : Operation 75 [1/1] (0.00ns)   --->   "%br_ln133 = br void %arrayidx11611.exit" [attention_int8.cpp:133]   --->   Operation 75 'br' 'br_ln133' <Predicate = (!icmp_ln130 & trunc_ln131 == 17)> <Delay = 0.00>
ST_1 : Operation 76 [1/1] (0.00ns)   --->   "%br_ln133 = br void %arrayidx11611.exit" [attention_int8.cpp:133]   --->   Operation 76 'br' 'br_ln133' <Predicate = (!icmp_ln130 & trunc_ln131 == 16)> <Delay = 0.00>
ST_1 : Operation 77 [1/1] (0.00ns)   --->   "%br_ln133 = br void %arrayidx11611.exit" [attention_int8.cpp:133]   --->   Operation 77 'br' 'br_ln133' <Predicate = (!icmp_ln130 & trunc_ln131 == 15)> <Delay = 0.00>
ST_1 : Operation 78 [1/1] (0.00ns)   --->   "%br_ln133 = br void %arrayidx11611.exit" [attention_int8.cpp:133]   --->   Operation 78 'br' 'br_ln133' <Predicate = (!icmp_ln130 & trunc_ln131 == 14)> <Delay = 0.00>
ST_1 : Operation 79 [1/1] (0.00ns)   --->   "%br_ln133 = br void %arrayidx11611.exit" [attention_int8.cpp:133]   --->   Operation 79 'br' 'br_ln133' <Predicate = (!icmp_ln130 & trunc_ln131 == 13)> <Delay = 0.00>
ST_1 : Operation 80 [1/1] (0.00ns)   --->   "%br_ln133 = br void %arrayidx11611.exit" [attention_int8.cpp:133]   --->   Operation 80 'br' 'br_ln133' <Predicate = (!icmp_ln130 & trunc_ln131 == 12)> <Delay = 0.00>
ST_1 : Operation 81 [1/1] (0.00ns)   --->   "%br_ln133 = br void %arrayidx11611.exit" [attention_int8.cpp:133]   --->   Operation 81 'br' 'br_ln133' <Predicate = (!icmp_ln130 & trunc_ln131 == 11)> <Delay = 0.00>
ST_1 : Operation 82 [1/1] (0.00ns)   --->   "%br_ln133 = br void %arrayidx11611.exit" [attention_int8.cpp:133]   --->   Operation 82 'br' 'br_ln133' <Predicate = (!icmp_ln130 & trunc_ln131 == 10)> <Delay = 0.00>
ST_1 : Operation 83 [1/1] (0.00ns)   --->   "%br_ln133 = br void %arrayidx11611.exit" [attention_int8.cpp:133]   --->   Operation 83 'br' 'br_ln133' <Predicate = (!icmp_ln130 & trunc_ln131 == 9)> <Delay = 0.00>
ST_1 : Operation 84 [1/1] (0.00ns)   --->   "%br_ln133 = br void %arrayidx11611.exit" [attention_int8.cpp:133]   --->   Operation 84 'br' 'br_ln133' <Predicate = (!icmp_ln130 & trunc_ln131 == 8)> <Delay = 0.00>
ST_1 : Operation 85 [1/1] (0.00ns)   --->   "%br_ln133 = br void %arrayidx11611.exit" [attention_int8.cpp:133]   --->   Operation 85 'br' 'br_ln133' <Predicate = (!icmp_ln130 & trunc_ln131 == 7)> <Delay = 0.00>
ST_1 : Operation 86 [1/1] (0.00ns)   --->   "%br_ln133 = br void %arrayidx11611.exit" [attention_int8.cpp:133]   --->   Operation 86 'br' 'br_ln133' <Predicate = (!icmp_ln130 & trunc_ln131 == 6)> <Delay = 0.00>
ST_1 : Operation 87 [1/1] (0.00ns)   --->   "%br_ln133 = br void %arrayidx11611.exit" [attention_int8.cpp:133]   --->   Operation 87 'br' 'br_ln133' <Predicate = (!icmp_ln130 & trunc_ln131 == 5)> <Delay = 0.00>
ST_1 : Operation 88 [1/1] (0.00ns)   --->   "%br_ln133 = br void %arrayidx11611.exit" [attention_int8.cpp:133]   --->   Operation 88 'br' 'br_ln133' <Predicate = (!icmp_ln130 & trunc_ln131 == 4)> <Delay = 0.00>
ST_1 : Operation 89 [1/1] (0.00ns)   --->   "%br_ln133 = br void %arrayidx11611.exit" [attention_int8.cpp:133]   --->   Operation 89 'br' 'br_ln133' <Predicate = (!icmp_ln130 & trunc_ln131 == 3)> <Delay = 0.00>
ST_1 : Operation 90 [1/1] (0.00ns)   --->   "%br_ln133 = br void %arrayidx11611.exit" [attention_int8.cpp:133]   --->   Operation 90 'br' 'br_ln133' <Predicate = (!icmp_ln130 & trunc_ln131 == 2)> <Delay = 0.00>
ST_1 : Operation 91 [1/1] (0.00ns)   --->   "%br_ln133 = br void %arrayidx11611.exit" [attention_int8.cpp:133]   --->   Operation 91 'br' 'br_ln133' <Predicate = (!icmp_ln130 & trunc_ln131 == 1)> <Delay = 0.00>
ST_1 : Operation 92 [1/1] (0.00ns)   --->   "%br_ln133 = br void %arrayidx11611.exit" [attention_int8.cpp:133]   --->   Operation 92 'br' 'br_ln133' <Predicate = (!icmp_ln130 & trunc_ln131 == 0)> <Delay = 0.00>
ST_1 : Operation 93 [1/1] (0.00ns)   --->   "%br_ln133 = br void %arrayidx11611.exit" [attention_int8.cpp:133]   --->   Operation 93 'br' 'br_ln133' <Predicate = (!icmp_ln130 & trunc_ln131 == 63)> <Delay = 0.00>
ST_1 : Operation 94 [1/1] (2.03ns)   --->   "%add_ln131 = add i7 %select_ln130, i7 1" [attention_int8.cpp:131]   --->   Operation 94 'add' 'add_ln131' <Predicate = (!icmp_ln130)> <Delay = 2.03> <CoreInst = "Adder">   --->   Core 1 'Adder' <Latency = 0> <II = 1> <Delay = 2.03> <FuncUnit> <Opcode : 'add' 'sub'> <InPorts = 2> <OutPorts = 1>
ST_1 : Operation 95 [1/1] (1.61ns)   --->   "%store_ln131 = store i14 %add_ln130_1, i14 %indvar_flatten134" [attention_int8.cpp:131]   --->   Operation 95 'store' 'store_ln131' <Predicate = (!icmp_ln130)> <Delay = 1.61>
ST_1 : Operation 96 [1/1] (1.61ns)   --->   "%store_ln131 = store i7 %add_ln131, i7 %d_1" [attention_int8.cpp:131]   --->   Operation 96 'store' 'store_ln131' <Predicate = (!icmp_ln130)> <Delay = 1.61>

State 2 <SV = 1> <Delay = 7.30>
ST_2 : Operation 97 [1/1] (7.30ns)   --->   "%gmem1_addr_read = read i8 @_ssdm_op_Read.m_axi.p1i8, i8 %gmem1_addr" [attention_int8.cpp:133]   --->   Operation 97 'read' 'gmem1_addr_read' <Predicate = true> <Delay = 7.30> <CoreInst = "m_axi">   --->   Core 113 'm_axi' <Latency = 0> <II = 1> <Delay = 1.00> <Adapter> <Opcode : 'read' 'write' 'readreq' 'writereq' 'writeresp'>
ST_2 : Operation 98 [1/1] (0.00ns)   --->   "%lshr_ln = partselect i3 @_ssdm_op_PartSelect.i3.i7.i32.i32, i7 %select_ln130, i32 3, i32 5" [attention_int8.cpp:134]   --->   Operation 98 'partselect' 'lshr_ln' <Predicate = true> <Delay = 0.00>
ST_2 : Operation 99 [1/1] (7.30ns)   --->   "%gmem2_addr_read = read i8 @_ssdm_op_Read.m_axi.p1i8, i8 %gmem2_addr" [attention_int8.cpp:134]   --->   Operation 99 'read' 'gmem2_addr_read' <Predicate = true> <Delay = 7.30> <CoreInst = "m_axi">   --->   Core 113 'm_axi' <Latency = 0> <II = 1> <Delay = 1.00> <Adapter> <Opcode : 'read' 'write' 'readreq' 'writereq' 'writeresp'>
ST_2 : Operation 100 [1/1] (0.00ns)   --->   "%trunc_ln134_1 = trunc i7 %select_ln130" [attention_int8.cpp:134]   --->   Operation 100 'trunc' 'trunc_ln134_1' <Predicate = true> <Delay = 0.00>
ST_2 : Operation 101 [1/1] (0.93ns)   --->   "%switch_ln134 = switch i3 %trunc_ln134_1, void %arrayidx12513.case.7, i3 0, void %arrayidx12513.case.0, i3 1, void %arrayidx12513.case.1, i3 2, void %arrayidx12513.case.2, i3 3, void %arrayidx12513.case.3, i3 4, void %arrayidx12513.case.4, i3 5, void %arrayidx12513.case.5, i3 6, void %arrayidx12513.case.6" [attention_int8.cpp:134]   --->   Operation 101 'switch' 'switch_ln134' <Predicate = true> <Delay = 0.93>
ST_2 : Operation 267 [1/1] (0.00ns)   --->   "%ret_ln0 = ret"   --->   Operation 267 'ret' 'ret_ln0' <Predicate = (icmp_ln130)> <Delay = 0.00>

State 3 <SV = 2> <Delay = 6.41>
ST_3 : Operation 102 [1/1] (0.00ns)   --->   "%j_load = load i8 %j" [attention_int8.cpp:130]   --->   Operation 102 'load' 'j_load' <Predicate = true> <Delay = 0.00>
ST_3 : Operation 103 [1/1] (2.11ns)   --->   "%add_ln130 = add i8 %j_load, i8 1" [attention_int8.cpp:130]   --->   Operation 103 'add' 'add_ln130' <Predicate = (icmp_ln131)> <Delay = 2.11> <CoreInst = "Adder">   --->   Core 1 'Adder' <Latency = 0> <II = 1> <Delay = 2.11> <FuncUnit> <Opcode : 'add' 'sub'> <InPorts = 2> <OutPorts = 1>
ST_3 : Operation 104 [1/1] (0.00ns)   --->   "%specloopname_ln0 = specloopname void @_ssdm_op_SpecLoopName, void @VITIS_LOOP_130_8_VITIS_LOOP_131_9_str"   --->   Operation 104 'specloopname' 'specloopname_ln0' <Predicate = true> <Delay = 0.00>
ST_3 : Operation 105 [1/1] (0.00ns)   --->   "%empty = speclooptripcount i32 @_ssdm_op_SpecLoopTripCount, i64 8192, i64 8192, i64 8192"   --->   Operation 105 'speclooptripcount' 'empty' <Predicate = true> <Delay = 0.00>
ST_3 : Operation 106 [1/1] (1.04ns)   --->   "%select_ln130_1 = select i1 %icmp_ln131, i8 %add_ln130, i8 %j_load" [attention_int8.cpp:130]   --->   Operation 106 'select' 'select_ln130_1' <Predicate = true> <Delay = 1.04> <CoreInst = "Sel">   --->   Core 73 'Sel' <Latency = 0> <II = 1> <Delay = 1.04> <FuncUnit> <Opcode : 'select'> <InPorts = 3> <OutPorts = 1>
ST_3 : Operation 107 [1/1] (0.00ns)   --->   "%zext_ln130 = zext i8 %select_ln130_1" [attention_int8.cpp:130]   --->   Operation 107 'zext' 'zext_ln130' <Predicate = true> <Delay = 0.00>
ST_3 : Operation 108 [1/1] (0.00ns)   --->   "%specpipeline_ln132 = specpipeline void @_ssdm_op_SpecPipeline, i32 1, i32 0, i32 0, i32 0, void @empty_13" [attention_int8.cpp:132]   --->   Operation 108 'specpipeline' 'specpipeline_ln132' <Predicate = true> <Delay = 0.00>
ST_3 : Operation 109 [1/1] (0.00ns)   --->   "%specloopname_ln131 = specloopname void @_ssdm_op_SpecLoopName, void @empty_14" [attention_int8.cpp:131]   --->   Operation 109 'specloopname' 'specloopname_ln131' <Predicate = true> <Delay = 0.00>
ST_3 : Operation 110 [1/1] (0.00ns)   --->   "%K_tile_V_62_addr = getelementptr i8 %K_tile_V_62, i64 0, i64 %zext_ln130" [attention_int8.cpp:130]   --->   Operation 110 'getelementptr' 'K_tile_V_62_addr' <Predicate = (trunc_ln131 == 62)> <Delay = 0.00>
ST_3 : Operation 111 [1/1] (3.25ns)   --->   "%store_ln133 = store i8 %gmem1_addr_read, i7 %K_tile_V_62_addr" [attention_int8.cpp:133]   --->   Operation 111 'store' 'store_ln133' <Predicate = (trunc_ln131 == 62)> <Delay = 3.25> <CoreInst = "RAM">   --->   Core 82 'RAM' <Latency = 1> <II = 1> <Delay = 3.25> <Storage> <Opcode : 'load' 'store'> <Ports = 2> <Width = 8> <Depth = 128> <RAM>
ST_3 : Operation 112 [1/1] (0.00ns)   --->   "%K_tile_V_61_addr = getelementptr i8 %K_tile_V_61, i64 0, i64 %zext_ln130" [attention_int8.cpp:130]   --->   Operation 112 'getelementptr' 'K_tile_V_61_addr' <Predicate = (trunc_ln131 == 61)> <Delay = 0.00>
ST_3 : Operation 113 [1/1] (3.25ns)   --->   "%store_ln133 = store i8 %gmem1_addr_read, i7 %K_tile_V_61_addr" [attention_int8.cpp:133]   --->   Operation 113 'store' 'store_ln133' <Predicate = (trunc_ln131 == 61)> <Delay = 3.25> <CoreInst = "RAM">   --->   Core 82 'RAM' <Latency = 1> <II = 1> <Delay = 3.25> <Storage> <Opcode : 'load' 'store'> <Ports = 2> <Width = 8> <Depth = 128> <RAM>
ST_3 : Operation 114 [1/1] (0.00ns)   --->   "%K_tile_V_60_addr = getelementptr i8 %K_tile_V_60, i64 0, i64 %zext_ln130" [attention_int8.cpp:130]   --->   Operation 114 'getelementptr' 'K_tile_V_60_addr' <Predicate = (trunc_ln131 == 60)> <Delay = 0.00>
ST_3 : Operation 115 [1/1] (3.25ns)   --->   "%store_ln133 = store i8 %gmem1_addr_read, i7 %K_tile_V_60_addr" [attention_int8.cpp:133]   --->   Operation 115 'store' 'store_ln133' <Predicate = (trunc_ln131 == 60)> <Delay = 3.25> <CoreInst = "RAM">   --->   Core 82 'RAM' <Latency = 1> <II = 1> <Delay = 3.25> <Storage> <Opcode : 'load' 'store'> <Ports = 2> <Width = 8> <Depth = 128> <RAM>
ST_3 : Operation 116 [1/1] (0.00ns)   --->   "%K_tile_V_59_addr = getelementptr i8 %K_tile_V_59, i64 0, i64 %zext_ln130" [attention_int8.cpp:130]   --->   Operation 116 'getelementptr' 'K_tile_V_59_addr' <Predicate = (trunc_ln131 == 59)> <Delay = 0.00>
ST_3 : Operation 117 [1/1] (3.25ns)   --->   "%store_ln133 = store i8 %gmem1_addr_read, i7 %K_tile_V_59_addr" [attention_int8.cpp:133]   --->   Operation 117 'store' 'store_ln133' <Predicate = (trunc_ln131 == 59)> <Delay = 3.25> <CoreInst = "RAM">   --->   Core 82 'RAM' <Latency = 1> <II = 1> <Delay = 3.25> <Storage> <Opcode : 'load' 'store'> <Ports = 2> <Width = 8> <Depth = 128> <RAM>
ST_3 : Operation 118 [1/1] (0.00ns)   --->   "%K_tile_V_58_addr = getelementptr i8 %K_tile_V_58, i64 0, i64 %zext_ln130" [attention_int8.cpp:130]   --->   Operation 118 'getelementptr' 'K_tile_V_58_addr' <Predicate = (trunc_ln131 == 58)> <Delay = 0.00>
ST_3 : Operation 119 [1/1] (3.25ns)   --->   "%store_ln133 = store i8 %gmem1_addr_read, i7 %K_tile_V_58_addr" [attention_int8.cpp:133]   --->   Operation 119 'store' 'store_ln133' <Predicate = (trunc_ln131 == 58)> <Delay = 3.25> <CoreInst = "RAM">   --->   Core 82 'RAM' <Latency = 1> <II = 1> <Delay = 3.25> <Storage> <Opcode : 'load' 'store'> <Ports = 2> <Width = 8> <Depth = 128> <RAM>
ST_3 : Operation 120 [1/1] (0.00ns)   --->   "%K_tile_V_57_addr = getelementptr i8 %K_tile_V_57, i64 0, i64 %zext_ln130" [attention_int8.cpp:130]   --->   Operation 120 'getelementptr' 'K_tile_V_57_addr' <Predicate = (trunc_ln131 == 57)> <Delay = 0.00>
ST_3 : Operation 121 [1/1] (3.25ns)   --->   "%store_ln133 = store i8 %gmem1_addr_read, i7 %K_tile_V_57_addr" [attention_int8.cpp:133]   --->   Operation 121 'store' 'store_ln133' <Predicate = (trunc_ln131 == 57)> <Delay = 3.25> <CoreInst = "RAM">   --->   Core 82 'RAM' <Latency = 1> <II = 1> <Delay = 3.25> <Storage> <Opcode : 'load' 'store'> <Ports = 2> <Width = 8> <Depth = 128> <RAM>
ST_3 : Operation 122 [1/1] (0.00ns)   --->   "%K_tile_V_56_addr = getelementptr i8 %K_tile_V_56, i64 0, i64 %zext_ln130" [attention_int8.cpp:130]   --->   Operation 122 'getelementptr' 'K_tile_V_56_addr' <Predicate = (trunc_ln131 == 56)> <Delay = 0.00>
ST_3 : Operation 123 [1/1] (3.25ns)   --->   "%store_ln133 = store i8 %gmem1_addr_read, i7 %K_tile_V_56_addr" [attention_int8.cpp:133]   --->   Operation 123 'store' 'store_ln133' <Predicate = (trunc_ln131 == 56)> <Delay = 3.25> <CoreInst = "RAM">   --->   Core 82 'RAM' <Latency = 1> <II = 1> <Delay = 3.25> <Storage> <Opcode : 'load' 'store'> <Ports = 2> <Width = 8> <Depth = 128> <RAM>
ST_3 : Operation 124 [1/1] (0.00ns)   --->   "%K_tile_V_55_addr = getelementptr i8 %K_tile_V_55, i64 0, i64 %zext_ln130" [attention_int8.cpp:130]   --->   Operation 124 'getelementptr' 'K_tile_V_55_addr' <Predicate = (trunc_ln131 == 55)> <Delay = 0.00>
ST_3 : Operation 125 [1/1] (3.25ns)   --->   "%store_ln133 = store i8 %gmem1_addr_read, i7 %K_tile_V_55_addr" [attention_int8.cpp:133]   --->   Operation 125 'store' 'store_ln133' <Predicate = (trunc_ln131 == 55)> <Delay = 3.25> <CoreInst = "RAM">   --->   Core 82 'RAM' <Latency = 1> <II = 1> <Delay = 3.25> <Storage> <Opcode : 'load' 'store'> <Ports = 2> <Width = 8> <Depth = 128> <RAM>
ST_3 : Operation 126 [1/1] (0.00ns)   --->   "%K_tile_V_54_addr = getelementptr i8 %K_tile_V_54, i64 0, i64 %zext_ln130" [attention_int8.cpp:130]   --->   Operation 126 'getelementptr' 'K_tile_V_54_addr' <Predicate = (trunc_ln131 == 54)> <Delay = 0.00>
ST_3 : Operation 127 [1/1] (3.25ns)   --->   "%store_ln133 = store i8 %gmem1_addr_read, i7 %K_tile_V_54_addr" [attention_int8.cpp:133]   --->   Operation 127 'store' 'store_ln133' <Predicate = (trunc_ln131 == 54)> <Delay = 3.25> <CoreInst = "RAM">   --->   Core 82 'RAM' <Latency = 1> <II = 1> <Delay = 3.25> <Storage> <Opcode : 'load' 'store'> <Ports = 2> <Width = 8> <Depth = 128> <RAM>
ST_3 : Operation 128 [1/1] (0.00ns)   --->   "%K_tile_V_53_addr = getelementptr i8 %K_tile_V_53, i64 0, i64 %zext_ln130" [attention_int8.cpp:130]   --->   Operation 128 'getelementptr' 'K_tile_V_53_addr' <Predicate = (trunc_ln131 == 53)> <Delay = 0.00>
ST_3 : Operation 129 [1/1] (3.25ns)   --->   "%store_ln133 = store i8 %gmem1_addr_read, i7 %K_tile_V_53_addr" [attention_int8.cpp:133]   --->   Operation 129 'store' 'store_ln133' <Predicate = (trunc_ln131 == 53)> <Delay = 3.25> <CoreInst = "RAM">   --->   Core 82 'RAM' <Latency = 1> <II = 1> <Delay = 3.25> <Storage> <Opcode : 'load' 'store'> <Ports = 2> <Width = 8> <Depth = 128> <RAM>
ST_3 : Operation 130 [1/1] (0.00ns)   --->   "%K_tile_V_52_addr = getelementptr i8 %K_tile_V_52, i64 0, i64 %zext_ln130" [attention_int8.cpp:130]   --->   Operation 130 'getelementptr' 'K_tile_V_52_addr' <Predicate = (trunc_ln131 == 52)> <Delay = 0.00>
ST_3 : Operation 131 [1/1] (3.25ns)   --->   "%store_ln133 = store i8 %gmem1_addr_read, i7 %K_tile_V_52_addr" [attention_int8.cpp:133]   --->   Operation 131 'store' 'store_ln133' <Predicate = (trunc_ln131 == 52)> <Delay = 3.25> <CoreInst = "RAM">   --->   Core 82 'RAM' <Latency = 1> <II = 1> <Delay = 3.25> <Storage> <Opcode : 'load' 'store'> <Ports = 2> <Width = 8> <Depth = 128> <RAM>
ST_3 : Operation 132 [1/1] (0.00ns)   --->   "%K_tile_V_51_addr = getelementptr i8 %K_tile_V_51, i64 0, i64 %zext_ln130" [attention_int8.cpp:130]   --->   Operation 132 'getelementptr' 'K_tile_V_51_addr' <Predicate = (trunc_ln131 == 51)> <Delay = 0.00>
ST_3 : Operation 133 [1/1] (3.25ns)   --->   "%store_ln133 = store i8 %gmem1_addr_read, i7 %K_tile_V_51_addr" [attention_int8.cpp:133]   --->   Operation 133 'store' 'store_ln133' <Predicate = (trunc_ln131 == 51)> <Delay = 3.25> <CoreInst = "RAM">   --->   Core 82 'RAM' <Latency = 1> <II = 1> <Delay = 3.25> <Storage> <Opcode : 'load' 'store'> <Ports = 2> <Width = 8> <Depth = 128> <RAM>
ST_3 : Operation 134 [1/1] (0.00ns)   --->   "%K_tile_V_50_addr = getelementptr i8 %K_tile_V_50, i64 0, i64 %zext_ln130" [attention_int8.cpp:130]   --->   Operation 134 'getelementptr' 'K_tile_V_50_addr' <Predicate = (trunc_ln131 == 50)> <Delay = 0.00>
ST_3 : Operation 135 [1/1] (3.25ns)   --->   "%store_ln133 = store i8 %gmem1_addr_read, i7 %K_tile_V_50_addr" [attention_int8.cpp:133]   --->   Operation 135 'store' 'store_ln133' <Predicate = (trunc_ln131 == 50)> <Delay = 3.25> <CoreInst = "RAM">   --->   Core 82 'RAM' <Latency = 1> <II = 1> <Delay = 3.25> <Storage> <Opcode : 'load' 'store'> <Ports = 2> <Width = 8> <Depth = 128> <RAM>
ST_3 : Operation 136 [1/1] (0.00ns)   --->   "%K_tile_V_49_addr = getelementptr i8 %K_tile_V_49, i64 0, i64 %zext_ln130" [attention_int8.cpp:130]   --->   Operation 136 'getelementptr' 'K_tile_V_49_addr' <Predicate = (trunc_ln131 == 49)> <Delay = 0.00>
ST_3 : Operation 137 [1/1] (3.25ns)   --->   "%store_ln133 = store i8 %gmem1_addr_read, i7 %K_tile_V_49_addr" [attention_int8.cpp:133]   --->   Operation 137 'store' 'store_ln133' <Predicate = (trunc_ln131 == 49)> <Delay = 3.25> <CoreInst = "RAM">   --->   Core 82 'RAM' <Latency = 1> <II = 1> <Delay = 3.25> <Storage> <Opcode : 'load' 'store'> <Ports = 2> <Width = 8> <Depth = 128> <RAM>
ST_3 : Operation 138 [1/1] (0.00ns)   --->   "%K_tile_V_48_addr = getelementptr i8 %K_tile_V_48, i64 0, i64 %zext_ln130" [attention_int8.cpp:130]   --->   Operation 138 'getelementptr' 'K_tile_V_48_addr' <Predicate = (trunc_ln131 == 48)> <Delay = 0.00>
ST_3 : Operation 139 [1/1] (3.25ns)   --->   "%store_ln133 = store i8 %gmem1_addr_read, i7 %K_tile_V_48_addr" [attention_int8.cpp:133]   --->   Operation 139 'store' 'store_ln133' <Predicate = (trunc_ln131 == 48)> <Delay = 3.25> <CoreInst = "RAM">   --->   Core 82 'RAM' <Latency = 1> <II = 1> <Delay = 3.25> <Storage> <Opcode : 'load' 'store'> <Ports = 2> <Width = 8> <Depth = 128> <RAM>
ST_3 : Operation 140 [1/1] (0.00ns)   --->   "%K_tile_V_47_addr = getelementptr i8 %K_tile_V_47, i64 0, i64 %zext_ln130" [attention_int8.cpp:130]   --->   Operation 140 'getelementptr' 'K_tile_V_47_addr' <Predicate = (trunc_ln131 == 47)> <Delay = 0.00>
ST_3 : Operation 141 [1/1] (3.25ns)   --->   "%store_ln133 = store i8 %gmem1_addr_read, i7 %K_tile_V_47_addr" [attention_int8.cpp:133]   --->   Operation 141 'store' 'store_ln133' <Predicate = (trunc_ln131 == 47)> <Delay = 3.25> <CoreInst = "RAM">   --->   Core 82 'RAM' <Latency = 1> <II = 1> <Delay = 3.25> <Storage> <Opcode : 'load' 'store'> <Ports = 2> <Width = 8> <Depth = 128> <RAM>
ST_3 : Operation 142 [1/1] (0.00ns)   --->   "%K_tile_V_46_addr = getelementptr i8 %K_tile_V_46, i64 0, i64 %zext_ln130" [attention_int8.cpp:130]   --->   Operation 142 'getelementptr' 'K_tile_V_46_addr' <Predicate = (trunc_ln131 == 46)> <Delay = 0.00>
ST_3 : Operation 143 [1/1] (3.25ns)   --->   "%store_ln133 = store i8 %gmem1_addr_read, i7 %K_tile_V_46_addr" [attention_int8.cpp:133]   --->   Operation 143 'store' 'store_ln133' <Predicate = (trunc_ln131 == 46)> <Delay = 3.25> <CoreInst = "RAM">   --->   Core 82 'RAM' <Latency = 1> <II = 1> <Delay = 3.25> <Storage> <Opcode : 'load' 'store'> <Ports = 2> <Width = 8> <Depth = 128> <RAM>
ST_3 : Operation 144 [1/1] (0.00ns)   --->   "%K_tile_V_45_addr = getelementptr i8 %K_tile_V_45, i64 0, i64 %zext_ln130" [attention_int8.cpp:130]   --->   Operation 144 'getelementptr' 'K_tile_V_45_addr' <Predicate = (trunc_ln131 == 45)> <Delay = 0.00>
ST_3 : Operation 145 [1/1] (3.25ns)   --->   "%store_ln133 = store i8 %gmem1_addr_read, i7 %K_tile_V_45_addr" [attention_int8.cpp:133]   --->   Operation 145 'store' 'store_ln133' <Predicate = (trunc_ln131 == 45)> <Delay = 3.25> <CoreInst = "RAM">   --->   Core 82 'RAM' <Latency = 1> <II = 1> <Delay = 3.25> <Storage> <Opcode : 'load' 'store'> <Ports = 2> <Width = 8> <Depth = 128> <RAM>
ST_3 : Operation 146 [1/1] (0.00ns)   --->   "%K_tile_V_44_addr = getelementptr i8 %K_tile_V_44, i64 0, i64 %zext_ln130" [attention_int8.cpp:130]   --->   Operation 146 'getelementptr' 'K_tile_V_44_addr' <Predicate = (trunc_ln131 == 44)> <Delay = 0.00>
ST_3 : Operation 147 [1/1] (3.25ns)   --->   "%store_ln133 = store i8 %gmem1_addr_read, i7 %K_tile_V_44_addr" [attention_int8.cpp:133]   --->   Operation 147 'store' 'store_ln133' <Predicate = (trunc_ln131 == 44)> <Delay = 3.25> <CoreInst = "RAM">   --->   Core 82 'RAM' <Latency = 1> <II = 1> <Delay = 3.25> <Storage> <Opcode : 'load' 'store'> <Ports = 2> <Width = 8> <Depth = 128> <RAM>
ST_3 : Operation 148 [1/1] (0.00ns)   --->   "%K_tile_V_43_addr = getelementptr i8 %K_tile_V_43, i64 0, i64 %zext_ln130" [attention_int8.cpp:130]   --->   Operation 148 'getelementptr' 'K_tile_V_43_addr' <Predicate = (trunc_ln131 == 43)> <Delay = 0.00>
ST_3 : Operation 149 [1/1] (3.25ns)   --->   "%store_ln133 = store i8 %gmem1_addr_read, i7 %K_tile_V_43_addr" [attention_int8.cpp:133]   --->   Operation 149 'store' 'store_ln133' <Predicate = (trunc_ln131 == 43)> <Delay = 3.25> <CoreInst = "RAM">   --->   Core 82 'RAM' <Latency = 1> <II = 1> <Delay = 3.25> <Storage> <Opcode : 'load' 'store'> <Ports = 2> <Width = 8> <Depth = 128> <RAM>
ST_3 : Operation 150 [1/1] (0.00ns)   --->   "%K_tile_V_42_addr = getelementptr i8 %K_tile_V_42, i64 0, i64 %zext_ln130" [attention_int8.cpp:130]   --->   Operation 150 'getelementptr' 'K_tile_V_42_addr' <Predicate = (trunc_ln131 == 42)> <Delay = 0.00>
ST_3 : Operation 151 [1/1] (3.25ns)   --->   "%store_ln133 = store i8 %gmem1_addr_read, i7 %K_tile_V_42_addr" [attention_int8.cpp:133]   --->   Operation 151 'store' 'store_ln133' <Predicate = (trunc_ln131 == 42)> <Delay = 3.25> <CoreInst = "RAM">   --->   Core 82 'RAM' <Latency = 1> <II = 1> <Delay = 3.25> <Storage> <Opcode : 'load' 'store'> <Ports = 2> <Width = 8> <Depth = 128> <RAM>
ST_3 : Operation 152 [1/1] (0.00ns)   --->   "%K_tile_V_41_addr = getelementptr i8 %K_tile_V_41, i64 0, i64 %zext_ln130" [attention_int8.cpp:130]   --->   Operation 152 'getelementptr' 'K_tile_V_41_addr' <Predicate = (trunc_ln131 == 41)> <Delay = 0.00>
ST_3 : Operation 153 [1/1] (3.25ns)   --->   "%store_ln133 = store i8 %gmem1_addr_read, i7 %K_tile_V_41_addr" [attention_int8.cpp:133]   --->   Operation 153 'store' 'store_ln133' <Predicate = (trunc_ln131 == 41)> <Delay = 3.25> <CoreInst = "RAM">   --->   Core 82 'RAM' <Latency = 1> <II = 1> <Delay = 3.25> <Storage> <Opcode : 'load' 'store'> <Ports = 2> <Width = 8> <Depth = 128> <RAM>
ST_3 : Operation 154 [1/1] (0.00ns)   --->   "%K_tile_V_40_addr = getelementptr i8 %K_tile_V_40, i64 0, i64 %zext_ln130" [attention_int8.cpp:130]   --->   Operation 154 'getelementptr' 'K_tile_V_40_addr' <Predicate = (trunc_ln131 == 40)> <Delay = 0.00>
ST_3 : Operation 155 [1/1] (3.25ns)   --->   "%store_ln133 = store i8 %gmem1_addr_read, i7 %K_tile_V_40_addr" [attention_int8.cpp:133]   --->   Operation 155 'store' 'store_ln133' <Predicate = (trunc_ln131 == 40)> <Delay = 3.25> <CoreInst = "RAM">   --->   Core 82 'RAM' <Latency = 1> <II = 1> <Delay = 3.25> <Storage> <Opcode : 'load' 'store'> <Ports = 2> <Width = 8> <Depth = 128> <RAM>
ST_3 : Operation 156 [1/1] (0.00ns)   --->   "%K_tile_V_39_addr = getelementptr i8 %K_tile_V_39, i64 0, i64 %zext_ln130" [attention_int8.cpp:130]   --->   Operation 156 'getelementptr' 'K_tile_V_39_addr' <Predicate = (trunc_ln131 == 39)> <Delay = 0.00>
ST_3 : Operation 157 [1/1] (3.25ns)   --->   "%store_ln133 = store i8 %gmem1_addr_read, i7 %K_tile_V_39_addr" [attention_int8.cpp:133]   --->   Operation 157 'store' 'store_ln133' <Predicate = (trunc_ln131 == 39)> <Delay = 3.25> <CoreInst = "RAM">   --->   Core 82 'RAM' <Latency = 1> <II = 1> <Delay = 3.25> <Storage> <Opcode : 'load' 'store'> <Ports = 2> <Width = 8> <Depth = 128> <RAM>
ST_3 : Operation 158 [1/1] (0.00ns)   --->   "%K_tile_V_38_addr = getelementptr i8 %K_tile_V_38, i64 0, i64 %zext_ln130" [attention_int8.cpp:130]   --->   Operation 158 'getelementptr' 'K_tile_V_38_addr' <Predicate = (trunc_ln131 == 38)> <Delay = 0.00>
ST_3 : Operation 159 [1/1] (3.25ns)   --->   "%store_ln133 = store i8 %gmem1_addr_read, i7 %K_tile_V_38_addr" [attention_int8.cpp:133]   --->   Operation 159 'store' 'store_ln133' <Predicate = (trunc_ln131 == 38)> <Delay = 3.25> <CoreInst = "RAM">   --->   Core 82 'RAM' <Latency = 1> <II = 1> <Delay = 3.25> <Storage> <Opcode : 'load' 'store'> <Ports = 2> <Width = 8> <Depth = 128> <RAM>
ST_3 : Operation 160 [1/1] (0.00ns)   --->   "%K_tile_V_37_addr = getelementptr i8 %K_tile_V_37, i64 0, i64 %zext_ln130" [attention_int8.cpp:130]   --->   Operation 160 'getelementptr' 'K_tile_V_37_addr' <Predicate = (trunc_ln131 == 37)> <Delay = 0.00>
ST_3 : Operation 161 [1/1] (3.25ns)   --->   "%store_ln133 = store i8 %gmem1_addr_read, i7 %K_tile_V_37_addr" [attention_int8.cpp:133]   --->   Operation 161 'store' 'store_ln133' <Predicate = (trunc_ln131 == 37)> <Delay = 3.25> <CoreInst = "RAM">   --->   Core 82 'RAM' <Latency = 1> <II = 1> <Delay = 3.25> <Storage> <Opcode : 'load' 'store'> <Ports = 2> <Width = 8> <Depth = 128> <RAM>
ST_3 : Operation 162 [1/1] (0.00ns)   --->   "%K_tile_V_36_addr = getelementptr i8 %K_tile_V_36, i64 0, i64 %zext_ln130" [attention_int8.cpp:130]   --->   Operation 162 'getelementptr' 'K_tile_V_36_addr' <Predicate = (trunc_ln131 == 36)> <Delay = 0.00>
ST_3 : Operation 163 [1/1] (3.25ns)   --->   "%store_ln133 = store i8 %gmem1_addr_read, i7 %K_tile_V_36_addr" [attention_int8.cpp:133]   --->   Operation 163 'store' 'store_ln133' <Predicate = (trunc_ln131 == 36)> <Delay = 3.25> <CoreInst = "RAM">   --->   Core 82 'RAM' <Latency = 1> <II = 1> <Delay = 3.25> <Storage> <Opcode : 'load' 'store'> <Ports = 2> <Width = 8> <Depth = 128> <RAM>
ST_3 : Operation 164 [1/1] (0.00ns)   --->   "%K_tile_V_35_addr = getelementptr i8 %K_tile_V_35, i64 0, i64 %zext_ln130" [attention_int8.cpp:130]   --->   Operation 164 'getelementptr' 'K_tile_V_35_addr' <Predicate = (trunc_ln131 == 35)> <Delay = 0.00>
ST_3 : Operation 165 [1/1] (3.25ns)   --->   "%store_ln133 = store i8 %gmem1_addr_read, i7 %K_tile_V_35_addr" [attention_int8.cpp:133]   --->   Operation 165 'store' 'store_ln133' <Predicate = (trunc_ln131 == 35)> <Delay = 3.25> <CoreInst = "RAM">   --->   Core 82 'RAM' <Latency = 1> <II = 1> <Delay = 3.25> <Storage> <Opcode : 'load' 'store'> <Ports = 2> <Width = 8> <Depth = 128> <RAM>
ST_3 : Operation 166 [1/1] (0.00ns)   --->   "%K_tile_V_34_addr = getelementptr i8 %K_tile_V_34, i64 0, i64 %zext_ln130" [attention_int8.cpp:130]   --->   Operation 166 'getelementptr' 'K_tile_V_34_addr' <Predicate = (trunc_ln131 == 34)> <Delay = 0.00>
ST_3 : Operation 167 [1/1] (3.25ns)   --->   "%store_ln133 = store i8 %gmem1_addr_read, i7 %K_tile_V_34_addr" [attention_int8.cpp:133]   --->   Operation 167 'store' 'store_ln133' <Predicate = (trunc_ln131 == 34)> <Delay = 3.25> <CoreInst = "RAM">   --->   Core 82 'RAM' <Latency = 1> <II = 1> <Delay = 3.25> <Storage> <Opcode : 'load' 'store'> <Ports = 2> <Width = 8> <Depth = 128> <RAM>
ST_3 : Operation 168 [1/1] (0.00ns)   --->   "%K_tile_V_33_addr = getelementptr i8 %K_tile_V_33, i64 0, i64 %zext_ln130" [attention_int8.cpp:130]   --->   Operation 168 'getelementptr' 'K_tile_V_33_addr' <Predicate = (trunc_ln131 == 33)> <Delay = 0.00>
ST_3 : Operation 169 [1/1] (3.25ns)   --->   "%store_ln133 = store i8 %gmem1_addr_read, i7 %K_tile_V_33_addr" [attention_int8.cpp:133]   --->   Operation 169 'store' 'store_ln133' <Predicate = (trunc_ln131 == 33)> <Delay = 3.25> <CoreInst = "RAM">   --->   Core 82 'RAM' <Latency = 1> <II = 1> <Delay = 3.25> <Storage> <Opcode : 'load' 'store'> <Ports = 2> <Width = 8> <Depth = 128> <RAM>
ST_3 : Operation 170 [1/1] (0.00ns)   --->   "%K_tile_V_32_addr = getelementptr i8 %K_tile_V_32, i64 0, i64 %zext_ln130" [attention_int8.cpp:130]   --->   Operation 170 'getelementptr' 'K_tile_V_32_addr' <Predicate = (trunc_ln131 == 32)> <Delay = 0.00>
ST_3 : Operation 171 [1/1] (3.25ns)   --->   "%store_ln133 = store i8 %gmem1_addr_read, i7 %K_tile_V_32_addr" [attention_int8.cpp:133]   --->   Operation 171 'store' 'store_ln133' <Predicate = (trunc_ln131 == 32)> <Delay = 3.25> <CoreInst = "RAM">   --->   Core 82 'RAM' <Latency = 1> <II = 1> <Delay = 3.25> <Storage> <Opcode : 'load' 'store'> <Ports = 2> <Width = 8> <Depth = 128> <RAM>
ST_3 : Operation 172 [1/1] (0.00ns)   --->   "%K_tile_V_31_addr = getelementptr i8 %K_tile_V_31, i64 0, i64 %zext_ln130" [attention_int8.cpp:130]   --->   Operation 172 'getelementptr' 'K_tile_V_31_addr' <Predicate = (trunc_ln131 == 31)> <Delay = 0.00>
ST_3 : Operation 173 [1/1] (3.25ns)   --->   "%store_ln133 = store i8 %gmem1_addr_read, i7 %K_tile_V_31_addr" [attention_int8.cpp:133]   --->   Operation 173 'store' 'store_ln133' <Predicate = (trunc_ln131 == 31)> <Delay = 3.25> <CoreInst = "RAM">   --->   Core 82 'RAM' <Latency = 1> <II = 1> <Delay = 3.25> <Storage> <Opcode : 'load' 'store'> <Ports = 2> <Width = 8> <Depth = 128> <RAM>
ST_3 : Operation 174 [1/1] (0.00ns)   --->   "%K_tile_V_30_addr = getelementptr i8 %K_tile_V_30, i64 0, i64 %zext_ln130" [attention_int8.cpp:130]   --->   Operation 174 'getelementptr' 'K_tile_V_30_addr' <Predicate = (trunc_ln131 == 30)> <Delay = 0.00>
ST_3 : Operation 175 [1/1] (3.25ns)   --->   "%store_ln133 = store i8 %gmem1_addr_read, i7 %K_tile_V_30_addr" [attention_int8.cpp:133]   --->   Operation 175 'store' 'store_ln133' <Predicate = (trunc_ln131 == 30)> <Delay = 3.25> <CoreInst = "RAM">   --->   Core 82 'RAM' <Latency = 1> <II = 1> <Delay = 3.25> <Storage> <Opcode : 'load' 'store'> <Ports = 2> <Width = 8> <Depth = 128> <RAM>
ST_3 : Operation 176 [1/1] (0.00ns)   --->   "%K_tile_V_29_addr = getelementptr i8 %K_tile_V_29, i64 0, i64 %zext_ln130" [attention_int8.cpp:130]   --->   Operation 176 'getelementptr' 'K_tile_V_29_addr' <Predicate = (trunc_ln131 == 29)> <Delay = 0.00>
ST_3 : Operation 177 [1/1] (3.25ns)   --->   "%store_ln133 = store i8 %gmem1_addr_read, i7 %K_tile_V_29_addr" [attention_int8.cpp:133]   --->   Operation 177 'store' 'store_ln133' <Predicate = (trunc_ln131 == 29)> <Delay = 3.25> <CoreInst = "RAM">   --->   Core 82 'RAM' <Latency = 1> <II = 1> <Delay = 3.25> <Storage> <Opcode : 'load' 'store'> <Ports = 2> <Width = 8> <Depth = 128> <RAM>
ST_3 : Operation 178 [1/1] (0.00ns)   --->   "%K_tile_V_28_addr = getelementptr i8 %K_tile_V_28, i64 0, i64 %zext_ln130" [attention_int8.cpp:130]   --->   Operation 178 'getelementptr' 'K_tile_V_28_addr' <Predicate = (trunc_ln131 == 28)> <Delay = 0.00>
ST_3 : Operation 179 [1/1] (3.25ns)   --->   "%store_ln133 = store i8 %gmem1_addr_read, i7 %K_tile_V_28_addr" [attention_int8.cpp:133]   --->   Operation 179 'store' 'store_ln133' <Predicate = (trunc_ln131 == 28)> <Delay = 3.25> <CoreInst = "RAM">   --->   Core 82 'RAM' <Latency = 1> <II = 1> <Delay = 3.25> <Storage> <Opcode : 'load' 'store'> <Ports = 2> <Width = 8> <Depth = 128> <RAM>
ST_3 : Operation 180 [1/1] (0.00ns)   --->   "%K_tile_V_27_addr = getelementptr i8 %K_tile_V_27, i64 0, i64 %zext_ln130" [attention_int8.cpp:130]   --->   Operation 180 'getelementptr' 'K_tile_V_27_addr' <Predicate = (trunc_ln131 == 27)> <Delay = 0.00>
ST_3 : Operation 181 [1/1] (3.25ns)   --->   "%store_ln133 = store i8 %gmem1_addr_read, i7 %K_tile_V_27_addr" [attention_int8.cpp:133]   --->   Operation 181 'store' 'store_ln133' <Predicate = (trunc_ln131 == 27)> <Delay = 3.25> <CoreInst = "RAM">   --->   Core 82 'RAM' <Latency = 1> <II = 1> <Delay = 3.25> <Storage> <Opcode : 'load' 'store'> <Ports = 2> <Width = 8> <Depth = 128> <RAM>
ST_3 : Operation 182 [1/1] (0.00ns)   --->   "%K_tile_V_26_addr = getelementptr i8 %K_tile_V_26, i64 0, i64 %zext_ln130" [attention_int8.cpp:130]   --->   Operation 182 'getelementptr' 'K_tile_V_26_addr' <Predicate = (trunc_ln131 == 26)> <Delay = 0.00>
ST_3 : Operation 183 [1/1] (3.25ns)   --->   "%store_ln133 = store i8 %gmem1_addr_read, i7 %K_tile_V_26_addr" [attention_int8.cpp:133]   --->   Operation 183 'store' 'store_ln133' <Predicate = (trunc_ln131 == 26)> <Delay = 3.25> <CoreInst = "RAM">   --->   Core 82 'RAM' <Latency = 1> <II = 1> <Delay = 3.25> <Storage> <Opcode : 'load' 'store'> <Ports = 2> <Width = 8> <Depth = 128> <RAM>
ST_3 : Operation 184 [1/1] (0.00ns)   --->   "%K_tile_V_25_addr = getelementptr i8 %K_tile_V_25, i64 0, i64 %zext_ln130" [attention_int8.cpp:130]   --->   Operation 184 'getelementptr' 'K_tile_V_25_addr' <Predicate = (trunc_ln131 == 25)> <Delay = 0.00>
ST_3 : Operation 185 [1/1] (3.25ns)   --->   "%store_ln133 = store i8 %gmem1_addr_read, i7 %K_tile_V_25_addr" [attention_int8.cpp:133]   --->   Operation 185 'store' 'store_ln133' <Predicate = (trunc_ln131 == 25)> <Delay = 3.25> <CoreInst = "RAM">   --->   Core 82 'RAM' <Latency = 1> <II = 1> <Delay = 3.25> <Storage> <Opcode : 'load' 'store'> <Ports = 2> <Width = 8> <Depth = 128> <RAM>
ST_3 : Operation 186 [1/1] (0.00ns)   --->   "%K_tile_V_24_addr = getelementptr i8 %K_tile_V_24, i64 0, i64 %zext_ln130" [attention_int8.cpp:130]   --->   Operation 186 'getelementptr' 'K_tile_V_24_addr' <Predicate = (trunc_ln131 == 24)> <Delay = 0.00>
ST_3 : Operation 187 [1/1] (3.25ns)   --->   "%store_ln133 = store i8 %gmem1_addr_read, i7 %K_tile_V_24_addr" [attention_int8.cpp:133]   --->   Operation 187 'store' 'store_ln133' <Predicate = (trunc_ln131 == 24)> <Delay = 3.25> <CoreInst = "RAM">   --->   Core 82 'RAM' <Latency = 1> <II = 1> <Delay = 3.25> <Storage> <Opcode : 'load' 'store'> <Ports = 2> <Width = 8> <Depth = 128> <RAM>
ST_3 : Operation 188 [1/1] (0.00ns)   --->   "%K_tile_V_23_addr = getelementptr i8 %K_tile_V_23, i64 0, i64 %zext_ln130" [attention_int8.cpp:130]   --->   Operation 188 'getelementptr' 'K_tile_V_23_addr' <Predicate = (trunc_ln131 == 23)> <Delay = 0.00>
ST_3 : Operation 189 [1/1] (3.25ns)   --->   "%store_ln133 = store i8 %gmem1_addr_read, i7 %K_tile_V_23_addr" [attention_int8.cpp:133]   --->   Operation 189 'store' 'store_ln133' <Predicate = (trunc_ln131 == 23)> <Delay = 3.25> <CoreInst = "RAM">   --->   Core 82 'RAM' <Latency = 1> <II = 1> <Delay = 3.25> <Storage> <Opcode : 'load' 'store'> <Ports = 2> <Width = 8> <Depth = 128> <RAM>
ST_3 : Operation 190 [1/1] (0.00ns)   --->   "%K_tile_V_22_addr = getelementptr i8 %K_tile_V_22, i64 0, i64 %zext_ln130" [attention_int8.cpp:130]   --->   Operation 190 'getelementptr' 'K_tile_V_22_addr' <Predicate = (trunc_ln131 == 22)> <Delay = 0.00>
ST_3 : Operation 191 [1/1] (3.25ns)   --->   "%store_ln133 = store i8 %gmem1_addr_read, i7 %K_tile_V_22_addr" [attention_int8.cpp:133]   --->   Operation 191 'store' 'store_ln133' <Predicate = (trunc_ln131 == 22)> <Delay = 3.25> <CoreInst = "RAM">   --->   Core 82 'RAM' <Latency = 1> <II = 1> <Delay = 3.25> <Storage> <Opcode : 'load' 'store'> <Ports = 2> <Width = 8> <Depth = 128> <RAM>
ST_3 : Operation 192 [1/1] (0.00ns)   --->   "%K_tile_V_21_addr = getelementptr i8 %K_tile_V_21, i64 0, i64 %zext_ln130" [attention_int8.cpp:130]   --->   Operation 192 'getelementptr' 'K_tile_V_21_addr' <Predicate = (trunc_ln131 == 21)> <Delay = 0.00>
ST_3 : Operation 193 [1/1] (3.25ns)   --->   "%store_ln133 = store i8 %gmem1_addr_read, i7 %K_tile_V_21_addr" [attention_int8.cpp:133]   --->   Operation 193 'store' 'store_ln133' <Predicate = (trunc_ln131 == 21)> <Delay = 3.25> <CoreInst = "RAM">   --->   Core 82 'RAM' <Latency = 1> <II = 1> <Delay = 3.25> <Storage> <Opcode : 'load' 'store'> <Ports = 2> <Width = 8> <Depth = 128> <RAM>
ST_3 : Operation 194 [1/1] (0.00ns)   --->   "%K_tile_V_20_addr = getelementptr i8 %K_tile_V_20, i64 0, i64 %zext_ln130" [attention_int8.cpp:130]   --->   Operation 194 'getelementptr' 'K_tile_V_20_addr' <Predicate = (trunc_ln131 == 20)> <Delay = 0.00>
ST_3 : Operation 195 [1/1] (3.25ns)   --->   "%store_ln133 = store i8 %gmem1_addr_read, i7 %K_tile_V_20_addr" [attention_int8.cpp:133]   --->   Operation 195 'store' 'store_ln133' <Predicate = (trunc_ln131 == 20)> <Delay = 3.25> <CoreInst = "RAM">   --->   Core 82 'RAM' <Latency = 1> <II = 1> <Delay = 3.25> <Storage> <Opcode : 'load' 'store'> <Ports = 2> <Width = 8> <Depth = 128> <RAM>
ST_3 : Operation 196 [1/1] (0.00ns)   --->   "%K_tile_V_19_addr = getelementptr i8 %K_tile_V_19, i64 0, i64 %zext_ln130" [attention_int8.cpp:130]   --->   Operation 196 'getelementptr' 'K_tile_V_19_addr' <Predicate = (trunc_ln131 == 19)> <Delay = 0.00>
ST_3 : Operation 197 [1/1] (3.25ns)   --->   "%store_ln133 = store i8 %gmem1_addr_read, i7 %K_tile_V_19_addr" [attention_int8.cpp:133]   --->   Operation 197 'store' 'store_ln133' <Predicate = (trunc_ln131 == 19)> <Delay = 3.25> <CoreInst = "RAM">   --->   Core 82 'RAM' <Latency = 1> <II = 1> <Delay = 3.25> <Storage> <Opcode : 'load' 'store'> <Ports = 2> <Width = 8> <Depth = 128> <RAM>
ST_3 : Operation 198 [1/1] (0.00ns)   --->   "%K_tile_V_18_addr = getelementptr i8 %K_tile_V_18, i64 0, i64 %zext_ln130" [attention_int8.cpp:130]   --->   Operation 198 'getelementptr' 'K_tile_V_18_addr' <Predicate = (trunc_ln131 == 18)> <Delay = 0.00>
ST_3 : Operation 199 [1/1] (3.25ns)   --->   "%store_ln133 = store i8 %gmem1_addr_read, i7 %K_tile_V_18_addr" [attention_int8.cpp:133]   --->   Operation 199 'store' 'store_ln133' <Predicate = (trunc_ln131 == 18)> <Delay = 3.25> <CoreInst = "RAM">   --->   Core 82 'RAM' <Latency = 1> <II = 1> <Delay = 3.25> <Storage> <Opcode : 'load' 'store'> <Ports = 2> <Width = 8> <Depth = 128> <RAM>
ST_3 : Operation 200 [1/1] (0.00ns)   --->   "%K_tile_V_17_addr = getelementptr i8 %K_tile_V_17, i64 0, i64 %zext_ln130" [attention_int8.cpp:130]   --->   Operation 200 'getelementptr' 'K_tile_V_17_addr' <Predicate = (trunc_ln131 == 17)> <Delay = 0.00>
ST_3 : Operation 201 [1/1] (3.25ns)   --->   "%store_ln133 = store i8 %gmem1_addr_read, i7 %K_tile_V_17_addr" [attention_int8.cpp:133]   --->   Operation 201 'store' 'store_ln133' <Predicate = (trunc_ln131 == 17)> <Delay = 3.25> <CoreInst = "RAM">   --->   Core 82 'RAM' <Latency = 1> <II = 1> <Delay = 3.25> <Storage> <Opcode : 'load' 'store'> <Ports = 2> <Width = 8> <Depth = 128> <RAM>
ST_3 : Operation 202 [1/1] (0.00ns)   --->   "%K_tile_V_16_addr = getelementptr i8 %K_tile_V_16, i64 0, i64 %zext_ln130" [attention_int8.cpp:130]   --->   Operation 202 'getelementptr' 'K_tile_V_16_addr' <Predicate = (trunc_ln131 == 16)> <Delay = 0.00>
ST_3 : Operation 203 [1/1] (3.25ns)   --->   "%store_ln133 = store i8 %gmem1_addr_read, i7 %K_tile_V_16_addr" [attention_int8.cpp:133]   --->   Operation 203 'store' 'store_ln133' <Predicate = (trunc_ln131 == 16)> <Delay = 3.25> <CoreInst = "RAM">   --->   Core 82 'RAM' <Latency = 1> <II = 1> <Delay = 3.25> <Storage> <Opcode : 'load' 'store'> <Ports = 2> <Width = 8> <Depth = 128> <RAM>
ST_3 : Operation 204 [1/1] (0.00ns)   --->   "%K_tile_V_15_addr = getelementptr i8 %K_tile_V_15, i64 0, i64 %zext_ln130" [attention_int8.cpp:130]   --->   Operation 204 'getelementptr' 'K_tile_V_15_addr' <Predicate = (trunc_ln131 == 15)> <Delay = 0.00>
ST_3 : Operation 205 [1/1] (3.25ns)   --->   "%store_ln133 = store i8 %gmem1_addr_read, i7 %K_tile_V_15_addr" [attention_int8.cpp:133]   --->   Operation 205 'store' 'store_ln133' <Predicate = (trunc_ln131 == 15)> <Delay = 3.25> <CoreInst = "RAM">   --->   Core 82 'RAM' <Latency = 1> <II = 1> <Delay = 3.25> <Storage> <Opcode : 'load' 'store'> <Ports = 2> <Width = 8> <Depth = 128> <RAM>
ST_3 : Operation 206 [1/1] (0.00ns)   --->   "%K_tile_V_14_addr = getelementptr i8 %K_tile_V_14, i64 0, i64 %zext_ln130" [attention_int8.cpp:130]   --->   Operation 206 'getelementptr' 'K_tile_V_14_addr' <Predicate = (trunc_ln131 == 14)> <Delay = 0.00>
ST_3 : Operation 207 [1/1] (3.25ns)   --->   "%store_ln133 = store i8 %gmem1_addr_read, i7 %K_tile_V_14_addr" [attention_int8.cpp:133]   --->   Operation 207 'store' 'store_ln133' <Predicate = (trunc_ln131 == 14)> <Delay = 3.25> <CoreInst = "RAM">   --->   Core 82 'RAM' <Latency = 1> <II = 1> <Delay = 3.25> <Storage> <Opcode : 'load' 'store'> <Ports = 2> <Width = 8> <Depth = 128> <RAM>
ST_3 : Operation 208 [1/1] (0.00ns)   --->   "%K_tile_V_13_addr = getelementptr i8 %K_tile_V_13, i64 0, i64 %zext_ln130" [attention_int8.cpp:130]   --->   Operation 208 'getelementptr' 'K_tile_V_13_addr' <Predicate = (trunc_ln131 == 13)> <Delay = 0.00>
ST_3 : Operation 209 [1/1] (3.25ns)   --->   "%store_ln133 = store i8 %gmem1_addr_read, i7 %K_tile_V_13_addr" [attention_int8.cpp:133]   --->   Operation 209 'store' 'store_ln133' <Predicate = (trunc_ln131 == 13)> <Delay = 3.25> <CoreInst = "RAM">   --->   Core 82 'RAM' <Latency = 1> <II = 1> <Delay = 3.25> <Storage> <Opcode : 'load' 'store'> <Ports = 2> <Width = 8> <Depth = 128> <RAM>
ST_3 : Operation 210 [1/1] (0.00ns)   --->   "%K_tile_V_12_addr = getelementptr i8 %K_tile_V_12, i64 0, i64 %zext_ln130" [attention_int8.cpp:130]   --->   Operation 210 'getelementptr' 'K_tile_V_12_addr' <Predicate = (trunc_ln131 == 12)> <Delay = 0.00>
ST_3 : Operation 211 [1/1] (3.25ns)   --->   "%store_ln133 = store i8 %gmem1_addr_read, i7 %K_tile_V_12_addr" [attention_int8.cpp:133]   --->   Operation 211 'store' 'store_ln133' <Predicate = (trunc_ln131 == 12)> <Delay = 3.25> <CoreInst = "RAM">   --->   Core 82 'RAM' <Latency = 1> <II = 1> <Delay = 3.25> <Storage> <Opcode : 'load' 'store'> <Ports = 2> <Width = 8> <Depth = 128> <RAM>
ST_3 : Operation 212 [1/1] (0.00ns)   --->   "%K_tile_V_11_addr = getelementptr i8 %K_tile_V_11, i64 0, i64 %zext_ln130" [attention_int8.cpp:130]   --->   Operation 212 'getelementptr' 'K_tile_V_11_addr' <Predicate = (trunc_ln131 == 11)> <Delay = 0.00>
ST_3 : Operation 213 [1/1] (3.25ns)   --->   "%store_ln133 = store i8 %gmem1_addr_read, i7 %K_tile_V_11_addr" [attention_int8.cpp:133]   --->   Operation 213 'store' 'store_ln133' <Predicate = (trunc_ln131 == 11)> <Delay = 3.25> <CoreInst = "RAM">   --->   Core 82 'RAM' <Latency = 1> <II = 1> <Delay = 3.25> <Storage> <Opcode : 'load' 'store'> <Ports = 2> <Width = 8> <Depth = 128> <RAM>
ST_3 : Operation 214 [1/1] (0.00ns)   --->   "%K_tile_V_10_addr = getelementptr i8 %K_tile_V_10, i64 0, i64 %zext_ln130" [attention_int8.cpp:130]   --->   Operation 214 'getelementptr' 'K_tile_V_10_addr' <Predicate = (trunc_ln131 == 10)> <Delay = 0.00>
ST_3 : Operation 215 [1/1] (3.25ns)   --->   "%store_ln133 = store i8 %gmem1_addr_read, i7 %K_tile_V_10_addr" [attention_int8.cpp:133]   --->   Operation 215 'store' 'store_ln133' <Predicate = (trunc_ln131 == 10)> <Delay = 3.25> <CoreInst = "RAM">   --->   Core 82 'RAM' <Latency = 1> <II = 1> <Delay = 3.25> <Storage> <Opcode : 'load' 'store'> <Ports = 2> <Width = 8> <Depth = 128> <RAM>
ST_3 : Operation 216 [1/1] (0.00ns)   --->   "%K_tile_V_9_addr = getelementptr i8 %K_tile_V_9, i64 0, i64 %zext_ln130" [attention_int8.cpp:130]   --->   Operation 216 'getelementptr' 'K_tile_V_9_addr' <Predicate = (trunc_ln131 == 9)> <Delay = 0.00>
ST_3 : Operation 217 [1/1] (3.25ns)   --->   "%store_ln133 = store i8 %gmem1_addr_read, i7 %K_tile_V_9_addr" [attention_int8.cpp:133]   --->   Operation 217 'store' 'store_ln133' <Predicate = (trunc_ln131 == 9)> <Delay = 3.25> <CoreInst = "RAM">   --->   Core 82 'RAM' <Latency = 1> <II = 1> <Delay = 3.25> <Storage> <Opcode : 'load' 'store'> <Ports = 2> <Width = 8> <Depth = 128> <RAM>
ST_3 : Operation 218 [1/1] (0.00ns)   --->   "%K_tile_V_8_addr = getelementptr i8 %K_tile_V_8, i64 0, i64 %zext_ln130" [attention_int8.cpp:130]   --->   Operation 218 'getelementptr' 'K_tile_V_8_addr' <Predicate = (trunc_ln131 == 8)> <Delay = 0.00>
ST_3 : Operation 219 [1/1] (3.25ns)   --->   "%store_ln133 = store i8 %gmem1_addr_read, i7 %K_tile_V_8_addr" [attention_int8.cpp:133]   --->   Operation 219 'store' 'store_ln133' <Predicate = (trunc_ln131 == 8)> <Delay = 3.25> <CoreInst = "RAM">   --->   Core 82 'RAM' <Latency = 1> <II = 1> <Delay = 3.25> <Storage> <Opcode : 'load' 'store'> <Ports = 2> <Width = 8> <Depth = 128> <RAM>
ST_3 : Operation 220 [1/1] (0.00ns)   --->   "%K_tile_V_7_addr = getelementptr i8 %K_tile_V_7, i64 0, i64 %zext_ln130" [attention_int8.cpp:130]   --->   Operation 220 'getelementptr' 'K_tile_V_7_addr' <Predicate = (trunc_ln131 == 7)> <Delay = 0.00>
ST_3 : Operation 221 [1/1] (3.25ns)   --->   "%store_ln133 = store i8 %gmem1_addr_read, i7 %K_tile_V_7_addr" [attention_int8.cpp:133]   --->   Operation 221 'store' 'store_ln133' <Predicate = (trunc_ln131 == 7)> <Delay = 3.25> <CoreInst = "RAM">   --->   Core 82 'RAM' <Latency = 1> <II = 1> <Delay = 3.25> <Storage> <Opcode : 'load' 'store'> <Ports = 2> <Width = 8> <Depth = 128> <RAM>
ST_3 : Operation 222 [1/1] (0.00ns)   --->   "%K_tile_V_6_addr = getelementptr i8 %K_tile_V_6, i64 0, i64 %zext_ln130" [attention_int8.cpp:130]   --->   Operation 222 'getelementptr' 'K_tile_V_6_addr' <Predicate = (trunc_ln131 == 6)> <Delay = 0.00>
ST_3 : Operation 223 [1/1] (3.25ns)   --->   "%store_ln133 = store i8 %gmem1_addr_read, i7 %K_tile_V_6_addr" [attention_int8.cpp:133]   --->   Operation 223 'store' 'store_ln133' <Predicate = (trunc_ln131 == 6)> <Delay = 3.25> <CoreInst = "RAM">   --->   Core 82 'RAM' <Latency = 1> <II = 1> <Delay = 3.25> <Storage> <Opcode : 'load' 'store'> <Ports = 2> <Width = 8> <Depth = 128> <RAM>
ST_3 : Operation 224 [1/1] (0.00ns)   --->   "%K_tile_V_5_addr = getelementptr i8 %K_tile_V_5, i64 0, i64 %zext_ln130" [attention_int8.cpp:130]   --->   Operation 224 'getelementptr' 'K_tile_V_5_addr' <Predicate = (trunc_ln131 == 5)> <Delay = 0.00>
ST_3 : Operation 225 [1/1] (3.25ns)   --->   "%store_ln133 = store i8 %gmem1_addr_read, i7 %K_tile_V_5_addr" [attention_int8.cpp:133]   --->   Operation 225 'store' 'store_ln133' <Predicate = (trunc_ln131 == 5)> <Delay = 3.25> <CoreInst = "RAM">   --->   Core 82 'RAM' <Latency = 1> <II = 1> <Delay = 3.25> <Storage> <Opcode : 'load' 'store'> <Ports = 2> <Width = 8> <Depth = 128> <RAM>
ST_3 : Operation 226 [1/1] (0.00ns)   --->   "%K_tile_V_4_addr = getelementptr i8 %K_tile_V_4, i64 0, i64 %zext_ln130" [attention_int8.cpp:130]   --->   Operation 226 'getelementptr' 'K_tile_V_4_addr' <Predicate = (trunc_ln131 == 4)> <Delay = 0.00>
ST_3 : Operation 227 [1/1] (3.25ns)   --->   "%store_ln133 = store i8 %gmem1_addr_read, i7 %K_tile_V_4_addr" [attention_int8.cpp:133]   --->   Operation 227 'store' 'store_ln133' <Predicate = (trunc_ln131 == 4)> <Delay = 3.25> <CoreInst = "RAM">   --->   Core 82 'RAM' <Latency = 1> <II = 1> <Delay = 3.25> <Storage> <Opcode : 'load' 'store'> <Ports = 2> <Width = 8> <Depth = 128> <RAM>
ST_3 : Operation 228 [1/1] (0.00ns)   --->   "%K_tile_V_3_addr = getelementptr i8 %K_tile_V_3, i64 0, i64 %zext_ln130" [attention_int8.cpp:130]   --->   Operation 228 'getelementptr' 'K_tile_V_3_addr' <Predicate = (trunc_ln131 == 3)> <Delay = 0.00>
ST_3 : Operation 229 [1/1] (3.25ns)   --->   "%store_ln133 = store i8 %gmem1_addr_read, i7 %K_tile_V_3_addr" [attention_int8.cpp:133]   --->   Operation 229 'store' 'store_ln133' <Predicate = (trunc_ln131 == 3)> <Delay = 3.25> <CoreInst = "RAM">   --->   Core 82 'RAM' <Latency = 1> <II = 1> <Delay = 3.25> <Storage> <Opcode : 'load' 'store'> <Ports = 2> <Width = 8> <Depth = 128> <RAM>
ST_3 : Operation 230 [1/1] (0.00ns)   --->   "%K_tile_V_2_addr = getelementptr i8 %K_tile_V_2, i64 0, i64 %zext_ln130" [attention_int8.cpp:130]   --->   Operation 230 'getelementptr' 'K_tile_V_2_addr' <Predicate = (trunc_ln131 == 2)> <Delay = 0.00>
ST_3 : Operation 231 [1/1] (3.25ns)   --->   "%store_ln133 = store i8 %gmem1_addr_read, i7 %K_tile_V_2_addr" [attention_int8.cpp:133]   --->   Operation 231 'store' 'store_ln133' <Predicate = (trunc_ln131 == 2)> <Delay = 3.25> <CoreInst = "RAM">   --->   Core 82 'RAM' <Latency = 1> <II = 1> <Delay = 3.25> <Storage> <Opcode : 'load' 'store'> <Ports = 2> <Width = 8> <Depth = 128> <RAM>
ST_3 : Operation 232 [1/1] (0.00ns)   --->   "%K_tile_V_1_addr = getelementptr i8 %K_tile_V_1, i64 0, i64 %zext_ln130" [attention_int8.cpp:130]   --->   Operation 232 'getelementptr' 'K_tile_V_1_addr' <Predicate = (trunc_ln131 == 1)> <Delay = 0.00>
ST_3 : Operation 233 [1/1] (3.25ns)   --->   "%store_ln133 = store i8 %gmem1_addr_read, i7 %K_tile_V_1_addr" [attention_int8.cpp:133]   --->   Operation 233 'store' 'store_ln133' <Predicate = (trunc_ln131 == 1)> <Delay = 3.25> <CoreInst = "RAM">   --->   Core 82 'RAM' <Latency = 1> <II = 1> <Delay = 3.25> <Storage> <Opcode : 'load' 'store'> <Ports = 2> <Width = 8> <Depth = 128> <RAM>
ST_3 : Operation 234 [1/1] (0.00ns)   --->   "%K_tile_V_addr = getelementptr i8 %K_tile_V, i64 0, i64 %zext_ln130" [attention_int8.cpp:130]   --->   Operation 234 'getelementptr' 'K_tile_V_addr' <Predicate = (trunc_ln131 == 0)> <Delay = 0.00>
ST_3 : Operation 235 [1/1] (3.25ns)   --->   "%store_ln133 = store i8 %gmem1_addr_read, i7 %K_tile_V_addr" [attention_int8.cpp:133]   --->   Operation 235 'store' 'store_ln133' <Predicate = (trunc_ln131 == 0)> <Delay = 3.25> <CoreInst = "RAM">   --->   Core 82 'RAM' <Latency = 1> <II = 1> <Delay = 3.25> <Storage> <Opcode : 'load' 'store'> <Ports = 2> <Width = 8> <Depth = 128> <RAM>
ST_3 : Operation 236 [1/1] (0.00ns)   --->   "%K_tile_V_63_addr = getelementptr i8 %K_tile_V_63, i64 0, i64 %zext_ln130" [attention_int8.cpp:130]   --->   Operation 236 'getelementptr' 'K_tile_V_63_addr' <Predicate = (trunc_ln131 == 63)> <Delay = 0.00>
ST_3 : Operation 237 [1/1] (3.25ns)   --->   "%store_ln133 = store i8 %gmem1_addr_read, i7 %K_tile_V_63_addr" [attention_int8.cpp:133]   --->   Operation 237 'store' 'store_ln133' <Predicate = (trunc_ln131 == 63)> <Delay = 3.25> <CoreInst = "RAM">   --->   Core 82 'RAM' <Latency = 1> <II = 1> <Delay = 3.25> <Storage> <Opcode : 'load' 'store'> <Ports = 2> <Width = 8> <Depth = 128> <RAM>
ST_3 : Operation 238 [1/1] (0.00ns)   --->   "%trunc_ln134 = trunc i8 %select_ln130_1" [attention_int8.cpp:134]   --->   Operation 238 'trunc' 'trunc_ln134' <Predicate = true> <Delay = 0.00>
ST_3 : Operation 239 [1/1] (0.00ns)   --->   "%tmp_s = bitconcatenate i10 @_ssdm_op_BitConcatenate.i10.i7.i3, i7 %trunc_ln134, i3 %lshr_ln" [attention_int8.cpp:134]   --->   Operation 239 'bitconcatenate' 'tmp_s' <Predicate = true> <Delay = 0.00>
ST_3 : Operation 240 [1/1] (0.00ns)   --->   "%zext_ln134 = zext i10 %tmp_s" [attention_int8.cpp:134]   --->   Operation 240 'zext' 'zext_ln134' <Predicate = true> <Delay = 0.00>
ST_3 : Operation 241 [1/1] (0.00ns)   --->   "%V_tile_V_addr = getelementptr i8 %V_tile_V, i64 0, i64 %zext_ln134" [attention_int8.cpp:134]   --->   Operation 241 'getelementptr' 'V_tile_V_addr' <Predicate = true> <Delay = 0.00>
ST_3 : Operation 242 [1/1] (0.00ns)   --->   "%V_tile_V_1_addr = getelementptr i8 %V_tile_V_1, i64 0, i64 %zext_ln134" [attention_int8.cpp:134]   --->   Operation 242 'getelementptr' 'V_tile_V_1_addr' <Predicate = true> <Delay = 0.00>
ST_3 : Operation 243 [1/1] (0.00ns)   --->   "%V_tile_V_2_addr = getelementptr i8 %V_tile_V_2, i64 0, i64 %zext_ln134" [attention_int8.cpp:134]   --->   Operation 243 'getelementptr' 'V_tile_V_2_addr' <Predicate = true> <Delay = 0.00>
ST_3 : Operation 244 [1/1] (0.00ns)   --->   "%V_tile_V_3_addr = getelementptr i8 %V_tile_V_3, i64 0, i64 %zext_ln134" [attention_int8.cpp:134]   --->   Operation 244 'getelementptr' 'V_tile_V_3_addr' <Predicate = true> <Delay = 0.00>
ST_3 : Operation 245 [1/1] (0.00ns)   --->   "%V_tile_V_4_addr = getelementptr i8 %V_tile_V_4, i64 0, i64 %zext_ln134" [attention_int8.cpp:134]   --->   Operation 245 'getelementptr' 'V_tile_V_4_addr' <Predicate = true> <Delay = 0.00>
ST_3 : Operation 246 [1/1] (0.00ns)   --->   "%V_tile_V_5_addr = getelementptr i8 %V_tile_V_5, i64 0, i64 %zext_ln134" [attention_int8.cpp:134]   --->   Operation 246 'getelementptr' 'V_tile_V_5_addr' <Predicate = true> <Delay = 0.00>
ST_3 : Operation 247 [1/1] (0.00ns)   --->   "%V_tile_V_6_addr = getelementptr i8 %V_tile_V_6, i64 0, i64 %zext_ln134" [attention_int8.cpp:134]   --->   Operation 247 'getelementptr' 'V_tile_V_6_addr' <Predicate = true> <Delay = 0.00>
ST_3 : Operation 248 [1/1] (0.00ns)   --->   "%V_tile_V_7_addr = getelementptr i8 %V_tile_V_7, i64 0, i64 %zext_ln134" [attention_int8.cpp:134]   --->   Operation 248 'getelementptr' 'V_tile_V_7_addr' <Predicate = true> <Delay = 0.00>
ST_3 : Operation 249 [1/1] (3.25ns)   --->   "%store_ln134 = store i8 %gmem2_addr_read, i10 %V_tile_V_6_addr" [attention_int8.cpp:134]   --->   Operation 249 'store' 'store_ln134' <Predicate = (trunc_ln134_1 == 6)> <Delay = 3.25> <CoreInst = "RAM_1WnR">   --->   Core 83 'RAM_1WnR' <Latency = 1> <II = 1> <Delay = 3.25> <Storage> <Opcode : 'load' 'store'> <Ports = 17> <Width = 8> <Depth = 1024> <RAM>
ST_3 : Operation 250 [1/1] (0.00ns)   --->   "%br_ln134 = br void %arrayidx12513.exit" [attention_int8.cpp:134]   --->   Operation 250 'br' 'br_ln134' <Predicate = (trunc_ln134_1 == 6)> <Delay = 0.00>
ST_3 : Operation 251 [1/1] (3.25ns)   --->   "%store_ln134 = store i8 %gmem2_addr_read, i10 %V_tile_V_5_addr" [attention_int8.cpp:134]   --->   Operation 251 'store' 'store_ln134' <Predicate = (trunc_ln134_1 == 5)> <Delay = 3.25> <CoreInst = "RAM_1WnR">   --->   Core 83 'RAM_1WnR' <Latency = 1> <II = 1> <Delay = 3.25> <Storage> <Opcode : 'load' 'store'> <Ports = 17> <Width = 8> <Depth = 1024> <RAM>
ST_3 : Operation 252 [1/1] (0.00ns)   --->   "%br_ln134 = br void %arrayidx12513.exit" [attention_int8.cpp:134]   --->   Operation 252 'br' 'br_ln134' <Predicate = (trunc_ln134_1 == 5)> <Delay = 0.00>
ST_3 : Operation 253 [1/1] (3.25ns)   --->   "%store_ln134 = store i8 %gmem2_addr_read, i10 %V_tile_V_4_addr" [attention_int8.cpp:134]   --->   Operation 253 'store' 'store_ln134' <Predicate = (trunc_ln134_1 == 4)> <Delay = 3.25> <CoreInst = "RAM_1WnR">   --->   Core 83 'RAM_1WnR' <Latency = 1> <II = 1> <Delay = 3.25> <Storage> <Opcode : 'load' 'store'> <Ports = 17> <Width = 8> <Depth = 1024> <RAM>
ST_3 : Operation 254 [1/1] (0.00ns)   --->   "%br_ln134 = br void %arrayidx12513.exit" [attention_int8.cpp:134]   --->   Operation 254 'br' 'br_ln134' <Predicate = (trunc_ln134_1 == 4)> <Delay = 0.00>
ST_3 : Operation 255 [1/1] (3.25ns)   --->   "%store_ln134 = store i8 %gmem2_addr_read, i10 %V_tile_V_3_addr" [attention_int8.cpp:134]   --->   Operation 255 'store' 'store_ln134' <Predicate = (trunc_ln134_1 == 3)> <Delay = 3.25> <CoreInst = "RAM_1WnR">   --->   Core 83 'RAM_1WnR' <Latency = 1> <II = 1> <Delay = 3.25> <Storage> <Opcode : 'load' 'store'> <Ports = 17> <Width = 8> <Depth = 1024> <RAM>
ST_3 : Operation 256 [1/1] (0.00ns)   --->   "%br_ln134 = br void %arrayidx12513.exit" [attention_int8.cpp:134]   --->   Operation 256 'br' 'br_ln134' <Predicate = (trunc_ln134_1 == 3)> <Delay = 0.00>
ST_3 : Operation 257 [1/1] (3.25ns)   --->   "%store_ln134 = store i8 %gmem2_addr_read, i10 %V_tile_V_2_addr" [attention_int8.cpp:134]   --->   Operation 257 'store' 'store_ln134' <Predicate = (trunc_ln134_1 == 2)> <Delay = 3.25> <CoreInst = "RAM_1WnR">   --->   Core 83 'RAM_1WnR' <Latency = 1> <II = 1> <Delay = 3.25> <Storage> <Opcode : 'load' 'store'> <Ports = 17> <Width = 8> <Depth = 1024> <RAM>
ST_3 : Operation 258 [1/1] (0.00ns)   --->   "%br_ln134 = br void %arrayidx12513.exit" [attention_int8.cpp:134]   --->   Operation 258 'br' 'br_ln134' <Predicate = (trunc_ln134_1 == 2)> <Delay = 0.00>
ST_3 : Operation 259 [1/1] (3.25ns)   --->   "%store_ln134 = store i8 %gmem2_addr_read, i10 %V_tile_V_1_addr" [attention_int8.cpp:134]   --->   Operation 259 'store' 'store_ln134' <Predicate = (trunc_ln134_1 == 1)> <Delay = 3.25> <CoreInst = "RAM_1WnR">   --->   Core 83 'RAM_1WnR' <Latency = 1> <II = 1> <Delay = 3.25> <Storage> <Opcode : 'load' 'store'> <Ports = 17> <Width = 8> <Depth = 1024> <RAM>
ST_3 : Operation 260 [1/1] (0.00ns)   --->   "%br_ln134 = br void %arrayidx12513.exit" [attention_int8.cpp:134]   --->   Operation 260 'br' 'br_ln134' <Predicate = (trunc_ln134_1 == 1)> <Delay = 0.00>
ST_3 : Operation 261 [1/1] (3.25ns)   --->   "%store_ln134 = store i8 %gmem2_addr_read, i10 %V_tile_V_addr" [attention_int8.cpp:134]   --->   Operation 261 'store' 'store_ln134' <Predicate = (trunc_ln134_1 == 0)> <Delay = 3.25> <CoreInst = "RAM_1WnR">   --->   Core 83 'RAM_1WnR' <Latency = 1> <II = 1> <Delay = 3.25> <Storage> <Opcode : 'load' 'store'> <Ports = 17> <Width = 8> <Depth = 1024> <RAM>
ST_3 : Operation 262 [1/1] (0.00ns)   --->   "%br_ln134 = br void %arrayidx12513.exit" [attention_int8.cpp:134]   --->   Operation 262 'br' 'br_ln134' <Predicate = (trunc_ln134_1 == 0)> <Delay = 0.00>
ST_3 : Operation 263 [1/1] (3.25ns)   --->   "%store_ln134 = store i8 %gmem2_addr_read, i10 %V_tile_V_7_addr" [attention_int8.cpp:134]   --->   Operation 263 'store' 'store_ln134' <Predicate = (trunc_ln134_1 == 7)> <Delay = 3.25> <CoreInst = "RAM_1WnR">   --->   Core 83 'RAM_1WnR' <Latency = 1> <II = 1> <Delay = 3.25> <Storage> <Opcode : 'load' 'store'> <Ports = 17> <Width = 8> <Depth = 1024> <RAM>
ST_3 : Operation 264 [1/1] (0.00ns)   --->   "%br_ln134 = br void %arrayidx12513.exit" [attention_int8.cpp:134]   --->   Operation 264 'br' 'br_ln134' <Predicate = (trunc_ln134_1 == 7)> <Delay = 0.00>
ST_3 : Operation 265 [1/1] (1.61ns)   --->   "%store_ln131 = store i8 %select_ln130_1, i8 %j" [attention_int8.cpp:131]   --->   Operation 265 'store' 'store_ln131' <Predicate = true> <Delay = 1.61>
ST_3 : Operation 266 [1/1] (0.00ns)   --->   "%br_ln131 = br void %for.inc126" [attention_int8.cpp:131]   --->   Operation 266 'br' 'br_ln131' <Predicate = true> <Delay = 0.00>


============================================================
+ Verbose Summary: Binding
============================================================
STG Binding: 
---------------- STG Properties BEGIN ----------------
- Is combinational: 0
- Is one-state seq: 0
- Is datapath-only: 0
- Is pipelined: 0
- Is top level: 0
Port [ Return ] is wired: 1; IO mode=ap_ctrl_hs:ce=0
Port [ gmem2]:  wired=1; compound=1; hidden=0; nouse=0; global=0; static=0; extern=0; dir=0; type=4; pingpong=0; private_global=0; IO mode=m_axi:ce=0
Port [ gmem1]:  wired=1; compound=1; hidden=0; nouse=0; global=0; static=0; extern=0; dir=0; type=4; pingpong=0; private_global=0; IO mode=m_axi:ce=0
Port [ K_in]:  wired=1; compound=0; hidden=0; nouse=0; global=0; static=0; extern=0; dir=0; type=0; pingpong=0; private_global=0; IO mode=ap_none:ce=0
Port [ V_in]:  wired=1; compound=0; hidden=0; nouse=0; global=0; static=0; extern=0; dir=0; type=0; pingpong=0; private_global=0; IO mode=ap_none:ce=0
Port [ V_tile_V]:  wired=1; compound=1; hidden=0; nouse=0; global=0; static=0; extern=0; dir=1; type=1; pingpong=0; private_global=0; MemPort=[03333333333333333]; IO mode=ap_memory:ce=0
Port [ V_tile_V_1]:  wired=1; compound=1; hidden=0; nouse=0; global=0; static=0; extern=0; dir=1; type=1; pingpong=0; private_global=0; MemPort=[03333333333333333]; IO mode=ap_memory:ce=0
Port [ V_tile_V_2]:  wired=1; compound=1; hidden=0; nouse=0; global=0; static=0; extern=0; dir=1; type=1; pingpong=0; private_global=0; MemPort=[03333333333333333]; IO mode=ap_memory:ce=0
Port [ V_tile_V_3]:  wired=1; compound=1; hidden=0; nouse=0; global=0; static=0; extern=0; dir=1; type=1; pingpong=0; private_global=0; MemPort=[03333333333333333]; IO mode=ap_memory:ce=0
Port [ V_tile_V_4]:  wired=1; compound=1; hidden=0; nouse=0; global=0; static=0; extern=0; dir=1; type=1; pingpong=0; private_global=0; MemPort=[03333333333333333]; IO mode=ap_memory:ce=0
Port [ V_tile_V_5]:  wired=1; compound=1; hidden=0; nouse=0; global=0; static=0; extern=0; dir=1; type=1; pingpong=0; private_global=0; MemPort=[03333333333333333]; IO mode=ap_memory:ce=0
Port [ V_tile_V_6]:  wired=1; compound=1; hidden=0; nouse=0; global=0; static=0; extern=0; dir=1; type=1; pingpong=0; private_global=0; MemPort=[03333333333333333]; IO mode=ap_memory:ce=0
Port [ V_tile_V_7]:  wired=1; compound=1; hidden=0; nouse=0; global=0; static=0; extern=0; dir=1; type=1; pingpong=0; private_global=0; MemPort=[03333333333333333]; IO mode=ap_memory:ce=0
Port [ K_tile_V]:  wired=1; compound=1; hidden=0; nouse=0; global=0; static=0; extern=0; dir=1; type=1; pingpong=0; private_global=0; MemPort=[03]; IO mode=ap_memory:ce=0
Port [ K_tile_V_1]:  wired=1; compound=1; hidden=0; nouse=0; global=0; static=0; extern=0; dir=1; type=1; pingpong=0; private_global=0; MemPort=[03]; IO mode=ap_memory:ce=0
Port [ K_tile_V_2]:  wired=1; compound=1; hidden=0; nouse=0; global=0; static=0; extern=0; dir=1; type=1; pingpong=0; private_global=0; MemPort=[03]; IO mode=ap_memory:ce=0
Port [ K_tile_V_3]:  wired=1; compound=1; hidden=0; nouse=0; global=0; static=0; extern=0; dir=1; type=1; pingpong=0; private_global=0; MemPort=[03]; IO mode=ap_memory:ce=0
Port [ K_tile_V_4]:  wired=1; compound=1; hidden=0; nouse=0; global=0; static=0; extern=0; dir=1; type=1; pingpong=0; private_global=0; MemPort=[03]; IO mode=ap_memory:ce=0
Port [ K_tile_V_5]:  wired=1; compound=1; hidden=0; nouse=0; global=0; static=0; extern=0; dir=1; type=1; pingpong=0; private_global=0; MemPort=[03]; IO mode=ap_memory:ce=0
Port [ K_tile_V_6]:  wired=1; compound=1; hidden=0; nouse=0; global=0; static=0; extern=0; dir=1; type=1; pingpong=0; private_global=0; MemPort=[03]; IO mode=ap_memory:ce=0
Port [ K_tile_V_7]:  wired=1; compound=1; hidden=0; nouse=0; global=0; static=0; extern=0; dir=1; type=1; pingpong=0; private_global=0; MemPort=[03]; IO mode=ap_memory:ce=0
Port [ K_tile_V_8]:  wired=1; compound=1; hidden=0; nouse=0; global=0; static=0; extern=0; dir=1; type=1; pingpong=0; private_global=0; MemPort=[03]; IO mode=ap_memory:ce=0
Port [ K_tile_V_9]:  wired=1; compound=1; hidden=0; nouse=0; global=0; static=0; extern=0; dir=1; type=1; pingpong=0; private_global=0; MemPort=[03]; IO mode=ap_memory:ce=0
Port [ K_tile_V_10]:  wired=1; compound=1; hidden=0; nouse=0; global=0; static=0; extern=0; dir=1; type=1; pingpong=0; private_global=0; MemPort=[03]; IO mode=ap_memory:ce=0
Port [ K_tile_V_11]:  wired=1; compound=1; hidden=0; nouse=0; global=0; static=0; extern=0; dir=1; type=1; pingpong=0; private_global=0; MemPort=[03]; IO mode=ap_memory:ce=0
Port [ K_tile_V_12]:  wired=1; compound=1; hidden=0; nouse=0; global=0; static=0; extern=0; dir=1; type=1; pingpong=0; private_global=0; MemPort=[03]; IO mode=ap_memory:ce=0
Port [ K_tile_V_13]:  wired=1; compound=1; hidden=0; nouse=0; global=0; static=0; extern=0; dir=1; type=1; pingpong=0; private_global=0; MemPort=[03]; IO mode=ap_memory:ce=0
Port [ K_tile_V_14]:  wired=1; compound=1; hidden=0; nouse=0; global=0; static=0; extern=0; dir=1; type=1; pingpong=0; private_global=0; MemPort=[03]; IO mode=ap_memory:ce=0
Port [ K_tile_V_15]:  wired=1; compound=1; hidden=0; nouse=0; global=0; static=0; extern=0; dir=1; type=1; pingpong=0; private_global=0; MemPort=[03]; IO mode=ap_memory:ce=0
Port [ K_tile_V_16]:  wired=1; compound=1; hidden=0; nouse=0; global=0; static=0; extern=0; dir=1; type=1; pingpong=0; private_global=0; MemPort=[03]; IO mode=ap_memory:ce=0
Port [ K_tile_V_17]:  wired=1; compound=1; hidden=0; nouse=0; global=0; static=0; extern=0; dir=1; type=1; pingpong=0; private_global=0; MemPort=[03]; IO mode=ap_memory:ce=0
Port [ K_tile_V_18]:  wired=1; compound=1; hidden=0; nouse=0; global=0; static=0; extern=0; dir=1; type=1; pingpong=0; private_global=0; MemPort=[03]; IO mode=ap_memory:ce=0
Port [ K_tile_V_19]:  wired=1; compound=1; hidden=0; nouse=0; global=0; static=0; extern=0; dir=1; type=1; pingpong=0; private_global=0; MemPort=[03]; IO mode=ap_memory:ce=0
Port [ K_tile_V_20]:  wired=1; compound=1; hidden=0; nouse=0; global=0; static=0; extern=0; dir=1; type=1; pingpong=0; private_global=0; MemPort=[03]; IO mode=ap_memory:ce=0
Port [ K_tile_V_21]:  wired=1; compound=1; hidden=0; nouse=0; global=0; static=0; extern=0; dir=1; type=1; pingpong=0; private_global=0; MemPort=[03]; IO mode=ap_memory:ce=0
Port [ K_tile_V_22]:  wired=1; compound=1; hidden=0; nouse=0; global=0; static=0; extern=0; dir=1; type=1; pingpong=0; private_global=0; MemPort=[03]; IO mode=ap_memory:ce=0
Port [ K_tile_V_23]:  wired=1; compound=1; hidden=0; nouse=0; global=0; static=0; extern=0; dir=1; type=1; pingpong=0; private_global=0; MemPort=[03]; IO mode=ap_memory:ce=0
Port [ K_tile_V_24]:  wired=1; compound=1; hidden=0; nouse=0; global=0; static=0; extern=0; dir=1; type=1; pingpong=0; private_global=0; MemPort=[03]; IO mode=ap_memory:ce=0
Port [ K_tile_V_25]:  wired=1; compound=1; hidden=0; nouse=0; global=0; static=0; extern=0; dir=1; type=1; pingpong=0; private_global=0; MemPort=[03]; IO mode=ap_memory:ce=0
Port [ K_tile_V_26]:  wired=1; compound=1; hidden=0; nouse=0; global=0; static=0; extern=0; dir=1; type=1; pingpong=0; private_global=0; MemPort=[03]; IO mode=ap_memory:ce=0
Port [ K_tile_V_27]:  wired=1; compound=1; hidden=0; nouse=0; global=0; static=0; extern=0; dir=1; type=1; pingpong=0; private_global=0; MemPort=[03]; IO mode=ap_memory:ce=0
Port [ K_tile_V_28]:  wired=1; compound=1; hidden=0; nouse=0; global=0; static=0; extern=0; dir=1; type=1; pingpong=0; private_global=0; MemPort=[03]; IO mode=ap_memory:ce=0
Port [ K_tile_V_29]:  wired=1; compound=1; hidden=0; nouse=0; global=0; static=0; extern=0; dir=1; type=1; pingpong=0; private_global=0; MemPort=[03]; IO mode=ap_memory:ce=0
Port [ K_tile_V_30]:  wired=1; compound=1; hidden=0; nouse=0; global=0; static=0; extern=0; dir=1; type=1; pingpong=0; private_global=0; MemPort=[03]; IO mode=ap_memory:ce=0
Port [ K_tile_V_31]:  wired=1; compound=1; hidden=0; nouse=0; global=0; static=0; extern=0; dir=1; type=1; pingpong=0; private_global=0; MemPort=[03]; IO mode=ap_memory:ce=0
Port [ K_tile_V_32]:  wired=1; compound=1; hidden=0; nouse=0; global=0; static=0; extern=0; dir=1; type=1; pingpong=0; private_global=0; MemPort=[03]; IO mode=ap_memory:ce=0
Port [ K_tile_V_33]:  wired=1; compound=1; hidden=0; nouse=0; global=0; static=0; extern=0; dir=1; type=1; pingpong=0; private_global=0; MemPort=[03]; IO mode=ap_memory:ce=0
Port [ K_tile_V_34]:  wired=1; compound=1; hidden=0; nouse=0; global=0; static=0; extern=0; dir=1; type=1; pingpong=0; private_global=0; MemPort=[03]; IO mode=ap_memory:ce=0
Port [ K_tile_V_35]:  wired=1; compound=1; hidden=0; nouse=0; global=0; static=0; extern=0; dir=1; type=1; pingpong=0; private_global=0; MemPort=[03]; IO mode=ap_memory:ce=0
Port [ K_tile_V_36]:  wired=1; compound=1; hidden=0; nouse=0; global=0; static=0; extern=0; dir=1; type=1; pingpong=0; private_global=0; MemPort=[03]; IO mode=ap_memory:ce=0
Port [ K_tile_V_37]:  wired=1; compound=1; hidden=0; nouse=0; global=0; static=0; extern=0; dir=1; type=1; pingpong=0; private_global=0; MemPort=[03]; IO mode=ap_memory:ce=0
Port [ K_tile_V_38]:  wired=1; compound=1; hidden=0; nouse=0; global=0; static=0; extern=0; dir=1; type=1; pingpong=0; private_global=0; MemPort=[03]; IO mode=ap_memory:ce=0
Port [ K_tile_V_39]:  wired=1; compound=1; hidden=0; nouse=0; global=0; static=0; extern=0; dir=1; type=1; pingpong=0; private_global=0; MemPort=[03]; IO mode=ap_memory:ce=0
Port [ K_tile_V_40]:  wired=1; compound=1; hidden=0; nouse=0; global=0; static=0; extern=0; dir=1; type=1; pingpong=0; private_global=0; MemPort=[03]; IO mode=ap_memory:ce=0
Port [ K_tile_V_41]:  wired=1; compound=1; hidden=0; nouse=0; global=0; static=0; extern=0; dir=1; type=1; pingpong=0; private_global=0; MemPort=[03]; IO mode=ap_memory:ce=0
Port [ K_tile_V_42]:  wired=1; compound=1; hidden=0; nouse=0; global=0; static=0; extern=0; dir=1; type=1; pingpong=0; private_global=0; MemPort=[03]; IO mode=ap_memory:ce=0
Port [ K_tile_V_43]:  wired=1; compound=1; hidden=0; nouse=0; global=0; static=0; extern=0; dir=1; type=1; pingpong=0; private_global=0; MemPort=[03]; IO mode=ap_memory:ce=0
Port [ K_tile_V_44]:  wired=1; compound=1; hidden=0; nouse=0; global=0; static=0; extern=0; dir=1; type=1; pingpong=0; private_global=0; MemPort=[03]; IO mode=ap_memory:ce=0
Port [ K_tile_V_45]:  wired=1; compound=1; hidden=0; nouse=0; global=0; static=0; extern=0; dir=1; type=1; pingpong=0; private_global=0; MemPort=[03]; IO mode=ap_memory:ce=0
Port [ K_tile_V_46]:  wired=1; compound=1; hidden=0; nouse=0; global=0; static=0; extern=0; dir=1; type=1; pingpong=0; private_global=0; MemPort=[03]; IO mode=ap_memory:ce=0
Port [ K_tile_V_47]:  wired=1; compound=1; hidden=0; nouse=0; global=0; static=0; extern=0; dir=1; type=1; pingpong=0; private_global=0; MemPort=[03]; IO mode=ap_memory:ce=0
Port [ K_tile_V_48]:  wired=1; compound=1; hidden=0; nouse=0; global=0; static=0; extern=0; dir=1; type=1; pingpong=0; private_global=0; MemPort=[03]; IO mode=ap_memory:ce=0
Port [ K_tile_V_49]:  wired=1; compound=1; hidden=0; nouse=0; global=0; static=0; extern=0; dir=1; type=1; pingpong=0; private_global=0; MemPort=[03]; IO mode=ap_memory:ce=0
Port [ K_tile_V_50]:  wired=1; compound=1; hidden=0; nouse=0; global=0; static=0; extern=0; dir=1; type=1; pingpong=0; private_global=0; MemPort=[03]; IO mode=ap_memory:ce=0
Port [ K_tile_V_51]:  wired=1; compound=1; hidden=0; nouse=0; global=0; static=0; extern=0; dir=1; type=1; pingpong=0; private_global=0; MemPort=[03]; IO mode=ap_memory:ce=0
Port [ K_tile_V_52]:  wired=1; compound=1; hidden=0; nouse=0; global=0; static=0; extern=0; dir=1; type=1; pingpong=0; private_global=0; MemPort=[03]; IO mode=ap_memory:ce=0
Port [ K_tile_V_53]:  wired=1; compound=1; hidden=0; nouse=0; global=0; static=0; extern=0; dir=1; type=1; pingpong=0; private_global=0; MemPort=[03]; IO mode=ap_memory:ce=0
Port [ K_tile_V_54]:  wired=1; compound=1; hidden=0; nouse=0; global=0; static=0; extern=0; dir=1; type=1; pingpong=0; private_global=0; MemPort=[03]; IO mode=ap_memory:ce=0
Port [ K_tile_V_55]:  wired=1; compound=1; hidden=0; nouse=0; global=0; static=0; extern=0; dir=1; type=1; pingpong=0; private_global=0; MemPort=[03]; IO mode=ap_memory:ce=0
Port [ K_tile_V_56]:  wired=1; compound=1; hidden=0; nouse=0; global=0; static=0; extern=0; dir=1; type=1; pingpong=0; private_global=0; MemPort=[03]; IO mode=ap_memory:ce=0
Port [ K_tile_V_57]:  wired=1; compound=1; hidden=0; nouse=0; global=0; static=0; extern=0; dir=1; type=1; pingpong=0; private_global=0; MemPort=[03]; IO mode=ap_memory:ce=0
Port [ K_tile_V_58]:  wired=1; compound=1; hidden=0; nouse=0; global=0; static=0; extern=0; dir=1; type=1; pingpong=0; private_global=0; MemPort=[03]; IO mode=ap_memory:ce=0
Port [ K_tile_V_59]:  wired=1; compound=1; hidden=0; nouse=0; global=0; static=0; extern=0; dir=1; type=1; pingpong=0; private_global=0; MemPort=[03]; IO mode=ap_memory:ce=0
Port [ K_tile_V_60]:  wired=1; compound=1; hidden=0; nouse=0; global=0; static=0; extern=0; dir=1; type=1; pingpong=0; private_global=0; MemPort=[03]; IO mode=ap_memory:ce=0
Port [ K_tile_V_61]:  wired=1; compound=1; hidden=0; nouse=0; global=0; static=0; extern=0; dir=1; type=1; pingpong=0; private_global=0; MemPort=[03]; IO mode=ap_memory:ce=0
Port [ K_tile_V_62]:  wired=1; compound=1; hidden=0; nouse=0; global=0; static=0; extern=0; dir=1; type=1; pingpong=0; private_global=0; MemPort=[03]; IO mode=ap_memory:ce=0
Port [ K_tile_V_63]:  wired=1; compound=1; hidden=0; nouse=0; global=0; static=0; extern=0; dir=1; type=1; pingpong=0; private_global=0; MemPort=[03]; IO mode=ap_memory:ce=0
---------------- STG Properties END ------------------

---------------- Datapath Model BEGIN ----------------

<LifeTime>
<method=bitvector/>
d_1                    (alloca           ) [ 0100]
j                      (alloca           ) [ 0111]
indvar_flatten134      (alloca           ) [ 0100]
specinterface_ln0      (specinterface    ) [ 0000]
specinterface_ln0      (specinterface    ) [ 0000]
V_in_read              (read             ) [ 0000]
K_in_read              (read             ) [ 0000]
store_ln0              (store            ) [ 0000]
store_ln0              (store            ) [ 0000]
store_ln0              (store            ) [ 0000]
br_ln0                 (br               ) [ 0000]
indvar_flatten134_load (load             ) [ 0000]
specbitsmap_ln0        (specbitsmap      ) [ 0000]
specbitsmap_ln0        (specbitsmap      ) [ 0000]
gmem1_addr             (getelementptr    ) [ 0110]
gmem2_addr             (getelementptr    ) [ 0110]
icmp_ln130             (icmp             ) [ 0110]
add_ln130_1            (add              ) [ 0000]
br_ln130               (br               ) [ 0000]
d_1_load               (load             ) [ 0000]
icmp_ln131             (icmp             ) [ 0111]
select_ln130           (select           ) [ 0110]
trunc_ln131            (trunc            ) [ 0111]
switch_ln133           (switch           ) [ 0000]
br_ln133               (br               ) [ 0000]
br_ln133               (br               ) [ 0000]
br_ln133               (br               ) [ 0000]
br_ln133               (br               ) [ 0000]
br_ln133               (br               ) [ 0000]
br_ln133               (br               ) [ 0000]
br_ln133               (br               ) [ 0000]
br_ln133               (br               ) [ 0000]
br_ln133               (br               ) [ 0000]
br_ln133               (br               ) [ 0000]
br_ln133               (br               ) [ 0000]
br_ln133               (br               ) [ 0000]
br_ln133               (br               ) [ 0000]
br_ln133               (br               ) [ 0000]
br_ln133               (br               ) [ 0000]
br_ln133               (br               ) [ 0000]
br_ln133               (br               ) [ 0000]
br_ln133               (br               ) [ 0000]
br_ln133               (br               ) [ 0000]
br_ln133               (br               ) [ 0000]
br_ln133               (br               ) [ 0000]
br_ln133               (br               ) [ 0000]
br_ln133               (br               ) [ 0000]
br_ln133               (br               ) [ 0000]
br_ln133               (br               ) [ 0000]
br_ln133               (br               ) [ 0000]
br_ln133               (br               ) [ 0000]
br_ln133               (br               ) [ 0000]
br_ln133               (br               ) [ 0000]
br_ln133               (br               ) [ 0000]
br_ln133               (br               ) [ 0000]
br_ln133               (br               ) [ 0000]
br_ln133               (br               ) [ 0000]
br_ln133               (br               ) [ 0000]
br_ln133               (br               ) [ 0000]
br_ln133               (br               ) [ 0000]
br_ln133               (br               ) [ 0000]
br_ln133               (br               ) [ 0000]
br_ln133               (br               ) [ 0000]
br_ln133               (br               ) [ 0000]
br_ln133               (br               ) [ 0000]
br_ln133               (br               ) [ 0000]
br_ln133               (br               ) [ 0000]
br_ln133               (br               ) [ 0000]
br_ln133               (br               ) [ 0000]
br_ln133               (br               ) [ 0000]
br_ln133               (br               ) [ 0000]
br_ln133               (br               ) [ 0000]
br_ln133               (br               ) [ 0000]
br_ln133               (br               ) [ 0000]
br_ln133               (br               ) [ 0000]
br_ln133               (br               ) [ 0000]
br_ln133               (br               ) [ 0000]
br_ln133               (br               ) [ 0000]
br_ln133               (br               ) [ 0000]
br_ln133               (br               ) [ 0000]
br_ln133               (br               ) [ 0000]
br_ln133               (br               ) [ 0000]
br_ln133               (br               ) [ 0000]
br_ln133               (br               ) [ 0000]
br_ln133               (br               ) [ 0000]
br_ln133               (br               ) [ 0000]
br_ln133               (br               ) [ 0000]
br_ln133               (br               ) [ 0000]
add_ln131              (add              ) [ 0000]
store_ln131            (store            ) [ 0000]
store_ln131            (store            ) [ 0000]
gmem1_addr_read        (read             ) [ 0101]
lshr_ln                (partselect       ) [ 0101]
gmem2_addr_read        (read             ) [ 0101]
trunc_ln134_1          (trunc            ) [ 0101]
switch_ln134           (switch           ) [ 0000]
j_load                 (load             ) [ 0000]
add_ln130              (add              ) [ 0000]
specloopname_ln0       (specloopname     ) [ 0000]
empty                  (speclooptripcount) [ 0000]
select_ln130_1         (select           ) [ 0000]
zext_ln130             (zext             ) [ 0000]
specpipeline_ln132     (specpipeline     ) [ 0000]
specloopname_ln131     (specloopname     ) [ 0000]
K_tile_V_62_addr       (getelementptr    ) [ 0000]
store_ln133            (store            ) [ 0000]
K_tile_V_61_addr       (getelementptr    ) [ 0000]
store_ln133            (store            ) [ 0000]
K_tile_V_60_addr       (getelementptr    ) [ 0000]
store_ln133            (store            ) [ 0000]
K_tile_V_59_addr       (getelementptr    ) [ 0000]
store_ln133            (store            ) [ 0000]
K_tile_V_58_addr       (getelementptr    ) [ 0000]
store_ln133            (store            ) [ 0000]
K_tile_V_57_addr       (getelementptr    ) [ 0000]
store_ln133            (store            ) [ 0000]
K_tile_V_56_addr       (getelementptr    ) [ 0000]
store_ln133            (store            ) [ 0000]
K_tile_V_55_addr       (getelementptr    ) [ 0000]
store_ln133            (store            ) [ 0000]
K_tile_V_54_addr       (getelementptr    ) [ 0000]
store_ln133            (store            ) [ 0000]
K_tile_V_53_addr       (getelementptr    ) [ 0000]
store_ln133            (store            ) [ 0000]
K_tile_V_52_addr       (getelementptr    ) [ 0000]
store_ln133            (store            ) [ 0000]
K_tile_V_51_addr       (getelementptr    ) [ 0000]
store_ln133            (store            ) [ 0000]
K_tile_V_50_addr       (getelementptr    ) [ 0000]
store_ln133            (store            ) [ 0000]
K_tile_V_49_addr       (getelementptr    ) [ 0000]
store_ln133            (store            ) [ 0000]
K_tile_V_48_addr       (getelementptr    ) [ 0000]
store_ln133            (store            ) [ 0000]
K_tile_V_47_addr       (getelementptr    ) [ 0000]
store_ln133            (store            ) [ 0000]
K_tile_V_46_addr       (getelementptr    ) [ 0000]
store_ln133            (store            ) [ 0000]
K_tile_V_45_addr       (getelementptr    ) [ 0000]
store_ln133            (store            ) [ 0000]
K_tile_V_44_addr       (getelementptr    ) [ 0000]
store_ln133            (store            ) [ 0000]
K_tile_V_43_addr       (getelementptr    ) [ 0000]
store_ln133            (store            ) [ 0000]
K_tile_V_42_addr       (getelementptr    ) [ 0000]
store_ln133            (store            ) [ 0000]
K_tile_V_41_addr       (getelementptr    ) [ 0000]
store_ln133            (store            ) [ 0000]
K_tile_V_40_addr       (getelementptr    ) [ 0000]
store_ln133            (store            ) [ 0000]
K_tile_V_39_addr       (getelementptr    ) [ 0000]
store_ln133            (store            ) [ 0000]
K_tile_V_38_addr       (getelementptr    ) [ 0000]
store_ln133            (store            ) [ 0000]
K_tile_V_37_addr       (getelementptr    ) [ 0000]
store_ln133            (store            ) [ 0000]
K_tile_V_36_addr       (getelementptr    ) [ 0000]
store_ln133            (store            ) [ 0000]
K_tile_V_35_addr       (getelementptr    ) [ 0000]
store_ln133            (store            ) [ 0000]
K_tile_V_34_addr       (getelementptr    ) [ 0000]
store_ln133            (store            ) [ 0000]
K_tile_V_33_addr       (getelementptr    ) [ 0000]
store_ln133            (store            ) [ 0000]
K_tile_V_32_addr       (getelementptr    ) [ 0000]
store_ln133            (store            ) [ 0000]
K_tile_V_31_addr       (getelementptr    ) [ 0000]
store_ln133            (store            ) [ 0000]
K_tile_V_30_addr       (getelementptr    ) [ 0000]
store_ln133            (store            ) [ 0000]
K_tile_V_29_addr       (getelementptr    ) [ 0000]
store_ln133            (store            ) [ 0000]
K_tile_V_28_addr       (getelementptr    ) [ 0000]
store_ln133            (store            ) [ 0000]
K_tile_V_27_addr       (getelementptr    ) [ 0000]
store_ln133            (store            ) [ 0000]
K_tile_V_26_addr       (getelementptr    ) [ 0000]
store_ln133            (store            ) [ 0000]
K_tile_V_25_addr       (getelementptr    ) [ 0000]
store_ln133            (store            ) [ 0000]
K_tile_V_24_addr       (getelementptr    ) [ 0000]
store_ln133            (store            ) [ 0000]
K_tile_V_23_addr       (getelementptr    ) [ 0000]
store_ln133            (store            ) [ 0000]
K_tile_V_22_addr       (getelementptr    ) [ 0000]
store_ln133            (store            ) [ 0000]
K_tile_V_21_addr       (getelementptr    ) [ 0000]
store_ln133            (store            ) [ 0000]
K_tile_V_20_addr       (getelementptr    ) [ 0000]
store_ln133            (store            ) [ 0000]
K_tile_V_19_addr       (getelementptr    ) [ 0000]
store_ln133            (store            ) [ 0000]
K_tile_V_18_addr       (getelementptr    ) [ 0000]
store_ln133            (store            ) [ 0000]
K_tile_V_17_addr       (getelementptr    ) [ 0000]
store_ln133            (store            ) [ 0000]
K_tile_V_16_addr       (getelementptr    ) [ 0000]
store_ln133            (store            ) [ 0000]
K_tile_V_15_addr       (getelementptr    ) [ 0000]
store_ln133            (store            ) [ 0000]
K_tile_V_14_addr       (getelementptr    ) [ 0000]
store_ln133            (store            ) [ 0000]
K_tile_V_13_addr       (getelementptr    ) [ 0000]
store_ln133            (store            ) [ 0000]
K_tile_V_12_addr       (getelementptr    ) [ 0000]
store_ln133            (store            ) [ 0000]
K_tile_V_11_addr       (getelementptr    ) [ 0000]
store_ln133            (store            ) [ 0000]
K_tile_V_10_addr       (getelementptr    ) [ 0000]
store_ln133            (store            ) [ 0000]
K_tile_V_9_addr        (getelementptr    ) [ 0000]
store_ln133            (store            ) [ 0000]
K_tile_V_8_addr        (getelementptr    ) [ 0000]
store_ln133            (store            ) [ 0000]
K_tile_V_7_addr        (getelementptr    ) [ 0000]
store_ln133            (store            ) [ 0000]
K_tile_V_6_addr        (getelementptr    ) [ 0000]
store_ln133            (store            ) [ 0000]
K_tile_V_5_addr        (getelementptr    ) [ 0000]
store_ln133            (store            ) [ 0000]
K_tile_V_4_addr        (getelementptr    ) [ 0000]
store_ln133            (store            ) [ 0000]
K_tile_V_3_addr        (getelementptr    ) [ 0000]
store_ln133            (store            ) [ 0000]
K_tile_V_2_addr        (getelementptr    ) [ 0000]
store_ln133            (store            ) [ 0000]
K_tile_V_1_addr        (getelementptr    ) [ 0000]
store_ln133            (store            ) [ 0000]
K_tile_V_addr          (getelementptr    ) [ 0000]
store_ln133            (store            ) [ 0000]
K_tile_V_63_addr       (getelementptr    ) [ 0000]
store_ln133            (store            ) [ 0000]
trunc_ln134            (trunc            ) [ 0000]
tmp_s                  (bitconcatenate   ) [ 0000]
zext_ln134             (zext             ) [ 0000]
V_tile_V_addr          (getelementptr    ) [ 0000]
V_tile_V_1_addr        (getelementptr    ) [ 0000]
V_tile_V_2_addr        (getelementptr    ) [ 0000]
V_tile_V_3_addr        (getelementptr    ) [ 0000]
V_tile_V_4_addr        (getelementptr    ) [ 0000]
V_tile_V_5_addr        (getelementptr    ) [ 0000]
V_tile_V_6_addr        (getelementptr    ) [ 0000]
V_tile_V_7_addr        (getelementptr    ) [ 0000]
store_ln134            (store            ) [ 0000]
br_ln134               (br               ) [ 0000]
store_ln134            (store            ) [ 0000]
br_ln134               (br               ) [ 0000]
store_ln134            (store            ) [ 0000]
br_ln134               (br               ) [ 0000]
store_ln134            (store            ) [ 0000]
br_ln134               (br               ) [ 0000]
store_ln134            (store            ) [ 0000]
br_ln134               (br               ) [ 0000]
store_ln134            (store            ) [ 0000]
br_ln134               (br               ) [ 0000]
store_ln134            (store            ) [ 0000]
br_ln134               (br               ) [ 0000]
store_ln134            (store            ) [ 0000]
br_ln134               (br               ) [ 0000]
store_ln131            (store            ) [ 0000]
br_ln131               (br               ) [ 0000]
ret_ln0                (ret              ) [ 0000]
</LifeTime>

<model>

<comp_list>
<comp id="0" class="1000" name="gmem2">
<pin_list>
<pin id="1" dir="1" index="0" bw="1" slack="0"/>
</pin_list>
<bind>
<StgValue><ssdm name="gmem2"/></StgValue>
</bind>
</comp>

<comp id="2" class="1000" name="gmem1">
<pin_list>
<pin id="3" dir="1" index="0" bw="1" slack="0"/>
</pin_list>
<bind>
<StgValue><ssdm name="gmem1"/></StgValue>
</bind>
</comp>

<comp id="4" class="1000" name="K_in">
<pin_list>
<pin id="5" dir="1" index="0" bw="1" slack="0"/>
</pin_list>
<bind>
<StgValue><ssdm name="K_in"/></StgValue>
</bind>
</comp>

<comp id="6" class="1000" name="V_in">
<pin_list>
<pin id="7" dir="1" index="0" bw="1" slack="0"/>
</pin_list>
<bind>
<StgValue><ssdm name="V_in"/></StgValue>
</bind>
</comp>

<comp id="8" class="1000" name="V_tile_V">
<pin_list>
<pin id="9" dir="1" index="0" bw="1" slack="0"/>
</pin_list>
<bind>
<StgValue><ssdm name="V_tile_V"/><MemPortTyVec>0 3 3 3 3 3 3 3 3 3 3 3 3 3 3 3 3 </MemPortTyVec>
</StgValue>
</bind>
</comp>

<comp id="10" class="1000" name="V_tile_V_1">
<pin_list>
<pin id="11" dir="1" index="0" bw="1" slack="0"/>
</pin_list>
<bind>
<StgValue><ssdm name="V_tile_V_1"/><MemPortTyVec>0 3 3 3 3 3 3 3 3 3 3 3 3 3 3 3 3 </MemPortTyVec>
</StgValue>
</bind>
</comp>

<comp id="12" class="1000" name="V_tile_V_2">
<pin_list>
<pin id="13" dir="1" index="0" bw="1" slack="0"/>
</pin_list>
<bind>
<StgValue><ssdm name="V_tile_V_2"/><MemPortTyVec>0 3 3 3 3 3 3 3 3 3 3 3 3 3 3 3 3 </MemPortTyVec>
</StgValue>
</bind>
</comp>

<comp id="14" class="1000" name="V_tile_V_3">
<pin_list>
<pin id="15" dir="1" index="0" bw="1" slack="0"/>
</pin_list>
<bind>
<StgValue><ssdm name="V_tile_V_3"/><MemPortTyVec>0 3 3 3 3 3 3 3 3 3 3 3 3 3 3 3 3 </MemPortTyVec>
</StgValue>
</bind>
</comp>

<comp id="16" class="1000" name="V_tile_V_4">
<pin_list>
<pin id="17" dir="1" index="0" bw="1" slack="0"/>
</pin_list>
<bind>
<StgValue><ssdm name="V_tile_V_4"/><MemPortTyVec>0 3 3 3 3 3 3 3 3 3 3 3 3 3 3 3 3 </MemPortTyVec>
</StgValue>
</bind>
</comp>

<comp id="18" class="1000" name="V_tile_V_5">
<pin_list>
<pin id="19" dir="1" index="0" bw="1" slack="0"/>
</pin_list>
<bind>
<StgValue><ssdm name="V_tile_V_5"/><MemPortTyVec>0 3 3 3 3 3 3 3 3 3 3 3 3 3 3 3 3 </MemPortTyVec>
</StgValue>
</bind>
</comp>

<comp id="20" class="1000" name="V_tile_V_6">
<pin_list>
<pin id="21" dir="1" index="0" bw="1" slack="0"/>
</pin_list>
<bind>
<StgValue><ssdm name="V_tile_V_6"/><MemPortTyVec>0 3 3 3 3 3 3 3 3 3 3 3 3 3 3 3 3 </MemPortTyVec>
</StgValue>
</bind>
</comp>

<comp id="22" class="1000" name="V_tile_V_7">
<pin_list>
<pin id="23" dir="1" index="0" bw="1" slack="0"/>
</pin_list>
<bind>
<StgValue><ssdm name="V_tile_V_7"/><MemPortTyVec>0 3 3 3 3 3 3 3 3 3 3 3 3 3 3 3 3 </MemPortTyVec>
</StgValue>
</bind>
</comp>

<comp id="24" class="1000" name="K_tile_V">
<pin_list>
<pin id="25" dir="1" index="0" bw="1" slack="0"/>
</pin_list>
<bind>
<StgValue><ssdm name="K_tile_V"/><MemPortTyVec>0 3 </MemPortTyVec>
</StgValue>
</bind>
</comp>

<comp id="26" class="1000" name="K_tile_V_1">
<pin_list>
<pin id="27" dir="1" index="0" bw="1" slack="0"/>
</pin_list>
<bind>
<StgValue><ssdm name="K_tile_V_1"/><MemPortTyVec>0 3 </MemPortTyVec>
</StgValue>
</bind>
</comp>

<comp id="28" class="1000" name="K_tile_V_2">
<pin_list>
<pin id="29" dir="1" index="0" bw="1" slack="0"/>
</pin_list>
<bind>
<StgValue><ssdm name="K_tile_V_2"/><MemPortTyVec>0 3 </MemPortTyVec>
</StgValue>
</bind>
</comp>

<comp id="30" class="1000" name="K_tile_V_3">
<pin_list>
<pin id="31" dir="1" index="0" bw="1" slack="0"/>
</pin_list>
<bind>
<StgValue><ssdm name="K_tile_V_3"/><MemPortTyVec>0 3 </MemPortTyVec>
</StgValue>
</bind>
</comp>

<comp id="32" class="1000" name="K_tile_V_4">
<pin_list>
<pin id="33" dir="1" index="0" bw="1" slack="0"/>
</pin_list>
<bind>
<StgValue><ssdm name="K_tile_V_4"/><MemPortTyVec>0 3 </MemPortTyVec>
</StgValue>
</bind>
</comp>

<comp id="34" class="1000" name="K_tile_V_5">
<pin_list>
<pin id="35" dir="1" index="0" bw="1" slack="0"/>
</pin_list>
<bind>
<StgValue><ssdm name="K_tile_V_5"/><MemPortTyVec>0 3 </MemPortTyVec>
</StgValue>
</bind>
</comp>

<comp id="36" class="1000" name="K_tile_V_6">
<pin_list>
<pin id="37" dir="1" index="0" bw="1" slack="0"/>
</pin_list>
<bind>
<StgValue><ssdm name="K_tile_V_6"/><MemPortTyVec>0 3 </MemPortTyVec>
</StgValue>
</bind>
</comp>

<comp id="38" class="1000" name="K_tile_V_7">
<pin_list>
<pin id="39" dir="1" index="0" bw="1" slack="0"/>
</pin_list>
<bind>
<StgValue><ssdm name="K_tile_V_7"/><MemPortTyVec>0 3 </MemPortTyVec>
</StgValue>
</bind>
</comp>

<comp id="40" class="1000" name="K_tile_V_8">
<pin_list>
<pin id="41" dir="1" index="0" bw="1" slack="0"/>
</pin_list>
<bind>
<StgValue><ssdm name="K_tile_V_8"/><MemPortTyVec>0 3 </MemPortTyVec>
</StgValue>
</bind>
</comp>

<comp id="42" class="1000" name="K_tile_V_9">
<pin_list>
<pin id="43" dir="1" index="0" bw="1" slack="0"/>
</pin_list>
<bind>
<StgValue><ssdm name="K_tile_V_9"/><MemPortTyVec>0 3 </MemPortTyVec>
</StgValue>
</bind>
</comp>

<comp id="44" class="1000" name="K_tile_V_10">
<pin_list>
<pin id="45" dir="1" index="0" bw="1" slack="0"/>
</pin_list>
<bind>
<StgValue><ssdm name="K_tile_V_10"/><MemPortTyVec>0 3 </MemPortTyVec>
</StgValue>
</bind>
</comp>

<comp id="46" class="1000" name="K_tile_V_11">
<pin_list>
<pin id="47" dir="1" index="0" bw="1" slack="0"/>
</pin_list>
<bind>
<StgValue><ssdm name="K_tile_V_11"/><MemPortTyVec>0 3 </MemPortTyVec>
</StgValue>
</bind>
</comp>

<comp id="48" class="1000" name="K_tile_V_12">
<pin_list>
<pin id="49" dir="1" index="0" bw="1" slack="0"/>
</pin_list>
<bind>
<StgValue><ssdm name="K_tile_V_12"/><MemPortTyVec>0 3 </MemPortTyVec>
</StgValue>
</bind>
</comp>

<comp id="50" class="1000" name="K_tile_V_13">
<pin_list>
<pin id="51" dir="1" index="0" bw="1" slack="0"/>
</pin_list>
<bind>
<StgValue><ssdm name="K_tile_V_13"/><MemPortTyVec>0 3 </MemPortTyVec>
</StgValue>
</bind>
</comp>

<comp id="52" class="1000" name="K_tile_V_14">
<pin_list>
<pin id="53" dir="1" index="0" bw="1" slack="0"/>
</pin_list>
<bind>
<StgValue><ssdm name="K_tile_V_14"/><MemPortTyVec>0 3 </MemPortTyVec>
</StgValue>
</bind>
</comp>

<comp id="54" class="1000" name="K_tile_V_15">
<pin_list>
<pin id="55" dir="1" index="0" bw="1" slack="0"/>
</pin_list>
<bind>
<StgValue><ssdm name="K_tile_V_15"/><MemPortTyVec>0 3 </MemPortTyVec>
</StgValue>
</bind>
</comp>

<comp id="56" class="1000" name="K_tile_V_16">
<pin_list>
<pin id="57" dir="1" index="0" bw="1" slack="0"/>
</pin_list>
<bind>
<StgValue><ssdm name="K_tile_V_16"/><MemPortTyVec>0 3 </MemPortTyVec>
</StgValue>
</bind>
</comp>

<comp id="58" class="1000" name="K_tile_V_17">
<pin_list>
<pin id="59" dir="1" index="0" bw="1" slack="0"/>
</pin_list>
<bind>
<StgValue><ssdm name="K_tile_V_17"/><MemPortTyVec>0 3 </MemPortTyVec>
</StgValue>
</bind>
</comp>

<comp id="60" class="1000" name="K_tile_V_18">
<pin_list>
<pin id="61" dir="1" index="0" bw="1" slack="0"/>
</pin_list>
<bind>
<StgValue><ssdm name="K_tile_V_18"/><MemPortTyVec>0 3 </MemPortTyVec>
</StgValue>
</bind>
</comp>

<comp id="62" class="1000" name="K_tile_V_19">
<pin_list>
<pin id="63" dir="1" index="0" bw="1" slack="0"/>
</pin_list>
<bind>
<StgValue><ssdm name="K_tile_V_19"/><MemPortTyVec>0 3 </MemPortTyVec>
</StgValue>
</bind>
</comp>

<comp id="64" class="1000" name="K_tile_V_20">
<pin_list>
<pin id="65" dir="1" index="0" bw="1" slack="0"/>
</pin_list>
<bind>
<StgValue><ssdm name="K_tile_V_20"/><MemPortTyVec>0 3 </MemPortTyVec>
</StgValue>
</bind>
</comp>

<comp id="66" class="1000" name="K_tile_V_21">
<pin_list>
<pin id="67" dir="1" index="0" bw="1" slack="0"/>
</pin_list>
<bind>
<StgValue><ssdm name="K_tile_V_21"/><MemPortTyVec>0 3 </MemPortTyVec>
</StgValue>
</bind>
</comp>

<comp id="68" class="1000" name="K_tile_V_22">
<pin_list>
<pin id="69" dir="1" index="0" bw="1" slack="0"/>
</pin_list>
<bind>
<StgValue><ssdm name="K_tile_V_22"/><MemPortTyVec>0 3 </MemPortTyVec>
</StgValue>
</bind>
</comp>

<comp id="70" class="1000" name="K_tile_V_23">
<pin_list>
<pin id="71" dir="1" index="0" bw="1" slack="0"/>
</pin_list>
<bind>
<StgValue><ssdm name="K_tile_V_23"/><MemPortTyVec>0 3 </MemPortTyVec>
</StgValue>
</bind>
</comp>

<comp id="72" class="1000" name="K_tile_V_24">
<pin_list>
<pin id="73" dir="1" index="0" bw="1" slack="0"/>
</pin_list>
<bind>
<StgValue><ssdm name="K_tile_V_24"/><MemPortTyVec>0 3 </MemPortTyVec>
</StgValue>
</bind>
</comp>

<comp id="74" class="1000" name="K_tile_V_25">
<pin_list>
<pin id="75" dir="1" index="0" bw="1" slack="0"/>
</pin_list>
<bind>
<StgValue><ssdm name="K_tile_V_25"/><MemPortTyVec>0 3 </MemPortTyVec>
</StgValue>
</bind>
</comp>

<comp id="76" class="1000" name="K_tile_V_26">
<pin_list>
<pin id="77" dir="1" index="0" bw="1" slack="0"/>
</pin_list>
<bind>
<StgValue><ssdm name="K_tile_V_26"/><MemPortTyVec>0 3 </MemPortTyVec>
</StgValue>
</bind>
</comp>

<comp id="78" class="1000" name="K_tile_V_27">
<pin_list>
<pin id="79" dir="1" index="0" bw="1" slack="0"/>
</pin_list>
<bind>
<StgValue><ssdm name="K_tile_V_27"/><MemPortTyVec>0 3 </MemPortTyVec>
</StgValue>
</bind>
</comp>

<comp id="80" class="1000" name="K_tile_V_28">
<pin_list>
<pin id="81" dir="1" index="0" bw="1" slack="0"/>
</pin_list>
<bind>
<StgValue><ssdm name="K_tile_V_28"/><MemPortTyVec>0 3 </MemPortTyVec>
</StgValue>
</bind>
</comp>

<comp id="82" class="1000" name="K_tile_V_29">
<pin_list>
<pin id="83" dir="1" index="0" bw="1" slack="0"/>
</pin_list>
<bind>
<StgValue><ssdm name="K_tile_V_29"/><MemPortTyVec>0 3 </MemPortTyVec>
</StgValue>
</bind>
</comp>

<comp id="84" class="1000" name="K_tile_V_30">
<pin_list>
<pin id="85" dir="1" index="0" bw="1" slack="0"/>
</pin_list>
<bind>
<StgValue><ssdm name="K_tile_V_30"/><MemPortTyVec>0 3 </MemPortTyVec>
</StgValue>
</bind>
</comp>

<comp id="86" class="1000" name="K_tile_V_31">
<pin_list>
<pin id="87" dir="1" index="0" bw="1" slack="0"/>
</pin_list>
<bind>
<StgValue><ssdm name="K_tile_V_31"/><MemPortTyVec>0 3 </MemPortTyVec>
</StgValue>
</bind>
</comp>

<comp id="88" class="1000" name="K_tile_V_32">
<pin_list>
<pin id="89" dir="1" index="0" bw="1" slack="0"/>
</pin_list>
<bind>
<StgValue><ssdm name="K_tile_V_32"/><MemPortTyVec>0 3 </MemPortTyVec>
</StgValue>
</bind>
</comp>

<comp id="90" class="1000" name="K_tile_V_33">
<pin_list>
<pin id="91" dir="1" index="0" bw="1" slack="0"/>
</pin_list>
<bind>
<StgValue><ssdm name="K_tile_V_33"/><MemPortTyVec>0 3 </MemPortTyVec>
</StgValue>
</bind>
</comp>

<comp id="92" class="1000" name="K_tile_V_34">
<pin_list>
<pin id="93" dir="1" index="0" bw="1" slack="0"/>
</pin_list>
<bind>
<StgValue><ssdm name="K_tile_V_34"/><MemPortTyVec>0 3 </MemPortTyVec>
</StgValue>
</bind>
</comp>

<comp id="94" class="1000" name="K_tile_V_35">
<pin_list>
<pin id="95" dir="1" index="0" bw="1" slack="0"/>
</pin_list>
<bind>
<StgValue><ssdm name="K_tile_V_35"/><MemPortTyVec>0 3 </MemPortTyVec>
</StgValue>
</bind>
</comp>

<comp id="96" class="1000" name="K_tile_V_36">
<pin_list>
<pin id="97" dir="1" index="0" bw="1" slack="0"/>
</pin_list>
<bind>
<StgValue><ssdm name="K_tile_V_36"/><MemPortTyVec>0 3 </MemPortTyVec>
</StgValue>
</bind>
</comp>

<comp id="98" class="1000" name="K_tile_V_37">
<pin_list>
<pin id="99" dir="1" index="0" bw="1" slack="0"/>
</pin_list>
<bind>
<StgValue><ssdm name="K_tile_V_37"/><MemPortTyVec>0 3 </MemPortTyVec>
</StgValue>
</bind>
</comp>

<comp id="100" class="1000" name="K_tile_V_38">
<pin_list>
<pin id="101" dir="1" index="0" bw="1" slack="0"/>
</pin_list>
<bind>
<StgValue><ssdm name="K_tile_V_38"/><MemPortTyVec>0 3 </MemPortTyVec>
</StgValue>
</bind>
</comp>

<comp id="102" class="1000" name="K_tile_V_39">
<pin_list>
<pin id="103" dir="1" index="0" bw="1" slack="0"/>
</pin_list>
<bind>
<StgValue><ssdm name="K_tile_V_39"/><MemPortTyVec>0 3 </MemPortTyVec>
</StgValue>
</bind>
</comp>

<comp id="104" class="1000" name="K_tile_V_40">
<pin_list>
<pin id="105" dir="1" index="0" bw="1" slack="0"/>
</pin_list>
<bind>
<StgValue><ssdm name="K_tile_V_40"/><MemPortTyVec>0 3 </MemPortTyVec>
</StgValue>
</bind>
</comp>

<comp id="106" class="1000" name="K_tile_V_41">
<pin_list>
<pin id="107" dir="1" index="0" bw="1" slack="0"/>
</pin_list>
<bind>
<StgValue><ssdm name="K_tile_V_41"/><MemPortTyVec>0 3 </MemPortTyVec>
</StgValue>
</bind>
</comp>

<comp id="108" class="1000" name="K_tile_V_42">
<pin_list>
<pin id="109" dir="1" index="0" bw="1" slack="0"/>
</pin_list>
<bind>
<StgValue><ssdm name="K_tile_V_42"/><MemPortTyVec>0 3 </MemPortTyVec>
</StgValue>
</bind>
</comp>

<comp id="110" class="1000" name="K_tile_V_43">
<pin_list>
<pin id="111" dir="1" index="0" bw="1" slack="0"/>
</pin_list>
<bind>
<StgValue><ssdm name="K_tile_V_43"/><MemPortTyVec>0 3 </MemPortTyVec>
</StgValue>
</bind>
</comp>

<comp id="112" class="1000" name="K_tile_V_44">
<pin_list>
<pin id="113" dir="1" index="0" bw="1" slack="0"/>
</pin_list>
<bind>
<StgValue><ssdm name="K_tile_V_44"/><MemPortTyVec>0 3 </MemPortTyVec>
</StgValue>
</bind>
</comp>

<comp id="114" class="1000" name="K_tile_V_45">
<pin_list>
<pin id="115" dir="1" index="0" bw="1" slack="0"/>
</pin_list>
<bind>
<StgValue><ssdm name="K_tile_V_45"/><MemPortTyVec>0 3 </MemPortTyVec>
</StgValue>
</bind>
</comp>

<comp id="116" class="1000" name="K_tile_V_46">
<pin_list>
<pin id="117" dir="1" index="0" bw="1" slack="0"/>
</pin_list>
<bind>
<StgValue><ssdm name="K_tile_V_46"/><MemPortTyVec>0 3 </MemPortTyVec>
</StgValue>
</bind>
</comp>

<comp id="118" class="1000" name="K_tile_V_47">
<pin_list>
<pin id="119" dir="1" index="0" bw="1" slack="0"/>
</pin_list>
<bind>
<StgValue><ssdm name="K_tile_V_47"/><MemPortTyVec>0 3 </MemPortTyVec>
</StgValue>
</bind>
</comp>

<comp id="120" class="1000" name="K_tile_V_48">
<pin_list>
<pin id="121" dir="1" index="0" bw="1" slack="0"/>
</pin_list>
<bind>
<StgValue><ssdm name="K_tile_V_48"/><MemPortTyVec>0 3 </MemPortTyVec>
</StgValue>
</bind>
</comp>

<comp id="122" class="1000" name="K_tile_V_49">
<pin_list>
<pin id="123" dir="1" index="0" bw="1" slack="0"/>
</pin_list>
<bind>
<StgValue><ssdm name="K_tile_V_49"/><MemPortTyVec>0 3 </MemPortTyVec>
</StgValue>
</bind>
</comp>

<comp id="124" class="1000" name="K_tile_V_50">
<pin_list>
<pin id="125" dir="1" index="0" bw="1" slack="0"/>
</pin_list>
<bind>
<StgValue><ssdm name="K_tile_V_50"/><MemPortTyVec>0 3 </MemPortTyVec>
</StgValue>
</bind>
</comp>

<comp id="126" class="1000" name="K_tile_V_51">
<pin_list>
<pin id="127" dir="1" index="0" bw="1" slack="0"/>
</pin_list>
<bind>
<StgValue><ssdm name="K_tile_V_51"/><MemPortTyVec>0 3 </MemPortTyVec>
</StgValue>
</bind>
</comp>

<comp id="128" class="1000" name="K_tile_V_52">
<pin_list>
<pin id="129" dir="1" index="0" bw="1" slack="0"/>
</pin_list>
<bind>
<StgValue><ssdm name="K_tile_V_52"/><MemPortTyVec>0 3 </MemPortTyVec>
</StgValue>
</bind>
</comp>

<comp id="130" class="1000" name="K_tile_V_53">
<pin_list>
<pin id="131" dir="1" index="0" bw="1" slack="0"/>
</pin_list>
<bind>
<StgValue><ssdm name="K_tile_V_53"/><MemPortTyVec>0 3 </MemPortTyVec>
</StgValue>
</bind>
</comp>

<comp id="132" class="1000" name="K_tile_V_54">
<pin_list>
<pin id="133" dir="1" index="0" bw="1" slack="0"/>
</pin_list>
<bind>
<StgValue><ssdm name="K_tile_V_54"/><MemPortTyVec>0 3 </MemPortTyVec>
</StgValue>
</bind>
</comp>

<comp id="134" class="1000" name="K_tile_V_55">
<pin_list>
<pin id="135" dir="1" index="0" bw="1" slack="0"/>
</pin_list>
<bind>
<StgValue><ssdm name="K_tile_V_55"/><MemPortTyVec>0 3 </MemPortTyVec>
</StgValue>
</bind>
</comp>

<comp id="136" class="1000" name="K_tile_V_56">
<pin_list>
<pin id="137" dir="1" index="0" bw="1" slack="0"/>
</pin_list>
<bind>
<StgValue><ssdm name="K_tile_V_56"/><MemPortTyVec>0 3 </MemPortTyVec>
</StgValue>
</bind>
</comp>

<comp id="138" class="1000" name="K_tile_V_57">
<pin_list>
<pin id="139" dir="1" index="0" bw="1" slack="0"/>
</pin_list>
<bind>
<StgValue><ssdm name="K_tile_V_57"/><MemPortTyVec>0 3 </MemPortTyVec>
</StgValue>
</bind>
</comp>

<comp id="140" class="1000" name="K_tile_V_58">
<pin_list>
<pin id="141" dir="1" index="0" bw="1" slack="0"/>
</pin_list>
<bind>
<StgValue><ssdm name="K_tile_V_58"/><MemPortTyVec>0 3 </MemPortTyVec>
</StgValue>
</bind>
</comp>

<comp id="142" class="1000" name="K_tile_V_59">
<pin_list>
<pin id="143" dir="1" index="0" bw="1" slack="0"/>
</pin_list>
<bind>
<StgValue><ssdm name="K_tile_V_59"/><MemPortTyVec>0 3 </MemPortTyVec>
</StgValue>
</bind>
</comp>

<comp id="144" class="1000" name="K_tile_V_60">
<pin_list>
<pin id="145" dir="1" index="0" bw="1" slack="0"/>
</pin_list>
<bind>
<StgValue><ssdm name="K_tile_V_60"/><MemPortTyVec>0 3 </MemPortTyVec>
</StgValue>
</bind>
</comp>

<comp id="146" class="1000" name="K_tile_V_61">
<pin_list>
<pin id="147" dir="1" index="0" bw="1" slack="0"/>
</pin_list>
<bind>
<StgValue><ssdm name="K_tile_V_61"/><MemPortTyVec>0 3 </MemPortTyVec>
</StgValue>
</bind>
</comp>

<comp id="148" class="1000" name="K_tile_V_62">
<pin_list>
<pin id="149" dir="1" index="0" bw="1" slack="0"/>
</pin_list>
<bind>
<StgValue><ssdm name="K_tile_V_62"/><MemPortTyVec>0 3 </MemPortTyVec>
</StgValue>
</bind>
</comp>

<comp id="150" class="1000" name="K_tile_V_63">
<pin_list>
<pin id="151" dir="1" index="0" bw="1" slack="0"/>
</pin_list>
<bind>
<StgValue><ssdm name="K_tile_V_63"/><MemPortTyVec>0 3 </MemPortTyVec>
</StgValue>
</bind>
</comp>

<comp id="152" class="1001" name="const_152">
<pin_list>
<pin id="153" dir="1" index="0" bw="1" slack="0"/>
</pin_list>
<bind>
<StgValue><ssdm name=""/></StgValue>
</bind>
</comp>

<comp id="154" class="1001" name="const_154">
<pin_list>
<pin id="155" dir="1" index="0" bw="1" slack="2147483647"/>
</pin_list>
<bind>
<StgValue><ssdm name="_ssdm_op_SpecInterface"/></StgValue>
</bind>
</comp>

<comp id="156" class="1001" name="const_156">
<pin_list>
<pin id="157" dir="1" index="0" bw="1" slack="2147483647"/>
</pin_list>
<bind>
<StgValue><ssdm name="empty_3"/></StgValue>
</bind>
</comp>

<comp id="158" class="1001" name="const_158">
<pin_list>
<pin id="159" dir="1" index="0" bw="1" slack="2147483647"/>
</pin_list>
<bind>
<StgValue><ssdm name=""/></StgValue>
</bind>
</comp>

<comp id="160" class="1001" name="const_160">
<pin_list>
<pin id="161" dir="1" index="0" bw="1" slack="2147483647"/>
</pin_list>
<bind>
<StgValue><ssdm name="empty_13"/></StgValue>
</bind>
</comp>

<comp id="162" class="1001" name="const_162">
<pin_list>
<pin id="163" dir="1" index="0" bw="1" slack="2147483647"/>
</pin_list>
<bind>
<StgValue><ssdm name=""/></StgValue>
</bind>
</comp>

<comp id="164" class="1001" name="const_164">
<pin_list>
<pin id="165" dir="1" index="0" bw="1" slack="2147483647"/>
</pin_list>
<bind>
<StgValue><ssdm name="empty"/></StgValue>
</bind>
</comp>

<comp id="166" class="1001" name="const_166">
<pin_list>
<pin id="167" dir="1" index="0" bw="1" slack="2147483647"/>
</pin_list>
<bind>
<StgValue><ssdm name="empty_20"/></StgValue>
</bind>
</comp>

<comp id="168" class="1001" name="const_168">
<pin_list>
<pin id="169" dir="1" index="0" bw="1" slack="2147483647"/>
</pin_list>
<bind>
<StgValue><ssdm name=""/></StgValue>
</bind>
</comp>

<comp id="170" class="1001" name="const_170">
<pin_list>
<pin id="171" dir="1" index="0" bw="1" slack="2147483647"/>
</pin_list>
<bind>
<StgValue><ssdm name=""/></StgValue>
</bind>
</comp>

<comp id="172" class="1001" name="const_172">
<pin_list>
<pin id="173" dir="1" index="0" bw="1" slack="2147483647"/>
</pin_list>
<bind>
<StgValue><ssdm name="empty_27"/></StgValue>
</bind>
</comp>

<comp id="174" class="1001" name="const_174">
<pin_list>
<pin id="175" dir="1" index="0" bw="1" slack="0"/>
</pin_list>
<bind>
<StgValue><ssdm name="_ssdm_op_Read.ap_auto.i64"/></StgValue>
</bind>
</comp>

<comp id="176" class="1001" name="const_176">
<pin_list>
<pin id="177" dir="1" index="0" bw="1" slack="0"/>
</pin_list>
<bind>
<StgValue><ssdm name=""/></StgValue>
</bind>
</comp>

<comp id="178" class="1001" name="const_178">
<pin_list>
<pin id="179" dir="1" index="0" bw="1" slack="0"/>
</pin_list>
<bind>
<StgValue><ssdm name=""/></StgValue>
</bind>
</comp>

<comp id="180" class="1001" name="const_180">
<pin_list>
<pin id="181" dir="1" index="0" bw="1" slack="0"/>
</pin_list>
<bind>
<StgValue><ssdm name=""/></StgValue>
</bind>
</comp>

<comp id="182" class="1001" name="const_182">
<pin_list>
<pin id="183" dir="1" index="0" bw="1" slack="2147483647"/>
</pin_list>
<bind>
<StgValue><ssdm name="_ssdm_op_SpecBitsMap"/></StgValue>
</bind>
</comp>

<comp id="184" class="1001" name="const_184">
<pin_list>
<pin id="185" dir="1" index="0" bw="1" slack="0"/>
</pin_list>
<bind>
<StgValue><ssdm name=""/></StgValue>
</bind>
</comp>

<comp id="186" class="1001" name="const_186">
<pin_list>
<pin id="187" dir="1" index="0" bw="1" slack="0"/>
</pin_list>
<bind>
<StgValue><ssdm name=""/></StgValue>
</bind>
</comp>

<comp id="188" class="1001" name="const_188">
<pin_list>
<pin id="189" dir="1" index="0" bw="1" slack="0"/>
</pin_list>
<bind>
<StgValue><ssdm name=""/></StgValue>
</bind>
</comp>

<comp id="190" class="1001" name="const_190">
<pin_list>
<pin id="191" dir="1" index="0" bw="1" slack="2147483647"/>
</pin_list>
<bind>
<StgValue><ssdm name=""/></StgValue>
</bind>
</comp>

<comp id="192" class="1001" name="const_192">
<pin_list>
<pin id="193" dir="1" index="0" bw="1" slack="2147483647"/>
</pin_list>
<bind>
<StgValue><ssdm name=""/></StgValue>
</bind>
</comp>

<comp id="194" class="1001" name="const_194">
<pin_list>
<pin id="195" dir="1" index="0" bw="1" slack="2147483647"/>
</pin_list>
<bind>
<StgValue><ssdm name=""/></StgValue>
</bind>
</comp>

<comp id="196" class="1001" name="const_196">
<pin_list>
<pin id="197" dir="1" index="0" bw="1" slack="2147483647"/>
</pin_list>
<bind>
<StgValue><ssdm name=""/></StgValue>
</bind>
</comp>

<comp id="198" class="1001" name="const_198">
<pin_list>
<pin id="199" dir="1" index="0" bw="1" slack="2147483647"/>
</pin_list>
<bind>
<StgValue><ssdm name=""/></StgValue>
</bind>
</comp>

<comp id="200" class="1001" name="const_200">
<pin_list>
<pin id="201" dir="1" index="0" bw="1" slack="2147483647"/>
</pin_list>
<bind>
<StgValue><ssdm name=""/></StgValue>
</bind>
</comp>

<comp id="202" class="1001" name="const_202">
<pin_list>
<pin id="203" dir="1" index="0" bw="1" slack="2147483647"/>
</pin_list>
<bind>
<StgValue><ssdm name=""/></StgValue>
</bind>
</comp>

<comp id="204" class="1001" name="const_204">
<pin_list>
<pin id="205" dir="1" index="0" bw="1" slack="2147483647"/>
</pin_list>
<bind>
<StgValue><ssdm name=""/></StgValue>
</bind>
</comp>

<comp id="206" class="1001" name="const_206">
<pin_list>
<pin id="207" dir="1" index="0" bw="1" slack="2147483647"/>
</pin_list>
<bind>
<StgValue><ssdm name=""/></StgValue>
</bind>
</comp>

<comp id="208" class="1001" name="const_208">
<pin_list>
<pin id="209" dir="1" index="0" bw="1" slack="2147483647"/>
</pin_list>
<bind>
<StgValue><ssdm name=""/></StgValue>
</bind>
</comp>

<comp id="210" class="1001" name="const_210">
<pin_list>
<pin id="211" dir="1" index="0" bw="1" slack="2147483647"/>
</pin_list>
<bind>
<StgValue><ssdm name=""/></StgValue>
</bind>
</comp>

<comp id="212" class="1001" name="const_212">
<pin_list>
<pin id="213" dir="1" index="0" bw="1" slack="2147483647"/>
</pin_list>
<bind>
<StgValue><ssdm name=""/></StgValue>
</bind>
</comp>

<comp id="214" class="1001" name="const_214">
<pin_list>
<pin id="215" dir="1" index="0" bw="1" slack="2147483647"/>
</pin_list>
<bind>
<StgValue><ssdm name=""/></StgValue>
</bind>
</comp>

<comp id="216" class="1001" name="const_216">
<pin_list>
<pin id="217" dir="1" index="0" bw="1" slack="2147483647"/>
</pin_list>
<bind>
<StgValue><ssdm name=""/></StgValue>
</bind>
</comp>

<comp id="218" class="1001" name="const_218">
<pin_list>
<pin id="219" dir="1" index="0" bw="1" slack="2147483647"/>
</pin_list>
<bind>
<StgValue><ssdm name=""/></StgValue>
</bind>
</comp>

<comp id="220" class="1001" name="const_220">
<pin_list>
<pin id="221" dir="1" index="0" bw="1" slack="2147483647"/>
</pin_list>
<bind>
<StgValue><ssdm name=""/></StgValue>
</bind>
</comp>

<comp id="222" class="1001" name="const_222">
<pin_list>
<pin id="223" dir="1" index="0" bw="1" slack="2147483647"/>
</pin_list>
<bind>
<StgValue><ssdm name=""/></StgValue>
</bind>
</comp>

<comp id="224" class="1001" name="const_224">
<pin_list>
<pin id="225" dir="1" index="0" bw="1" slack="2147483647"/>
</pin_list>
<bind>
<StgValue><ssdm name=""/></StgValue>
</bind>
</comp>

<comp id="226" class="1001" name="const_226">
<pin_list>
<pin id="227" dir="1" index="0" bw="1" slack="2147483647"/>
</pin_list>
<bind>
<StgValue><ssdm name=""/></StgValue>
</bind>
</comp>

<comp id="228" class="1001" name="const_228">
<pin_list>
<pin id="229" dir="1" index="0" bw="1" slack="2147483647"/>
</pin_list>
<bind>
<StgValue><ssdm name=""/></StgValue>
</bind>
</comp>

<comp id="230" class="1001" name="const_230">
<pin_list>
<pin id="231" dir="1" index="0" bw="1" slack="2147483647"/>
</pin_list>
<bind>
<StgValue><ssdm name=""/></StgValue>
</bind>
</comp>

<comp id="232" class="1001" name="const_232">
<pin_list>
<pin id="233" dir="1" index="0" bw="1" slack="2147483647"/>
</pin_list>
<bind>
<StgValue><ssdm name=""/></StgValue>
</bind>
</comp>

<comp id="234" class="1001" name="const_234">
<pin_list>
<pin id="235" dir="1" index="0" bw="1" slack="2147483647"/>
</pin_list>
<bind>
<StgValue><ssdm name=""/></StgValue>
</bind>
</comp>

<comp id="236" class="1001" name="const_236">
<pin_list>
<pin id="237" dir="1" index="0" bw="1" slack="2147483647"/>
</pin_list>
<bind>
<StgValue><ssdm name=""/></StgValue>
</bind>
</comp>

<comp id="238" class="1001" name="const_238">
<pin_list>
<pin id="239" dir="1" index="0" bw="1" slack="2147483647"/>
</pin_list>
<bind>
<StgValue><ssdm name=""/></StgValue>
</bind>
</comp>

<comp id="240" class="1001" name="const_240">
<pin_list>
<pin id="241" dir="1" index="0" bw="1" slack="2147483647"/>
</pin_list>
<bind>
<StgValue><ssdm name=""/></StgValue>
</bind>
</comp>

<comp id="242" class="1001" name="const_242">
<pin_list>
<pin id="243" dir="1" index="0" bw="1" slack="2147483647"/>
</pin_list>
<bind>
<StgValue><ssdm name=""/></StgValue>
</bind>
</comp>

<comp id="244" class="1001" name="const_244">
<pin_list>
<pin id="245" dir="1" index="0" bw="1" slack="2147483647"/>
</pin_list>
<bind>
<StgValue><ssdm name=""/></StgValue>
</bind>
</comp>

<comp id="246" class="1001" name="const_246">
<pin_list>
<pin id="247" dir="1" index="0" bw="1" slack="2147483647"/>
</pin_list>
<bind>
<StgValue><ssdm name=""/></StgValue>
</bind>
</comp>

<comp id="248" class="1001" name="const_248">
<pin_list>
<pin id="249" dir="1" index="0" bw="1" slack="2147483647"/>
</pin_list>
<bind>
<StgValue><ssdm name=""/></StgValue>
</bind>
</comp>

<comp id="250" class="1001" name="const_250">
<pin_list>
<pin id="251" dir="1" index="0" bw="1" slack="2147483647"/>
</pin_list>
<bind>
<StgValue><ssdm name=""/></StgValue>
</bind>
</comp>

<comp id="252" class="1001" name="const_252">
<pin_list>
<pin id="253" dir="1" index="0" bw="1" slack="2147483647"/>
</pin_list>
<bind>
<StgValue><ssdm name=""/></StgValue>
</bind>
</comp>

<comp id="254" class="1001" name="const_254">
<pin_list>
<pin id="255" dir="1" index="0" bw="1" slack="2147483647"/>
</pin_list>
<bind>
<StgValue><ssdm name=""/></StgValue>
</bind>
</comp>

<comp id="256" class="1001" name="const_256">
<pin_list>
<pin id="257" dir="1" index="0" bw="1" slack="2147483647"/>
</pin_list>
<bind>
<StgValue><ssdm name=""/></StgValue>
</bind>
</comp>

<comp id="258" class="1001" name="const_258">
<pin_list>
<pin id="259" dir="1" index="0" bw="1" slack="2147483647"/>
</pin_list>
<bind>
<StgValue><ssdm name=""/></StgValue>
</bind>
</comp>

<comp id="260" class="1001" name="const_260">
<pin_list>
<pin id="261" dir="1" index="0" bw="1" slack="2147483647"/>
</pin_list>
<bind>
<StgValue><ssdm name=""/></StgValue>
</bind>
</comp>

<comp id="262" class="1001" name="const_262">
<pin_list>
<pin id="263" dir="1" index="0" bw="1" slack="2147483647"/>
</pin_list>
<bind>
<StgValue><ssdm name=""/></StgValue>
</bind>
</comp>

<comp id="264" class="1001" name="const_264">
<pin_list>
<pin id="265" dir="1" index="0" bw="1" slack="2147483647"/>
</pin_list>
<bind>
<StgValue><ssdm name=""/></StgValue>
</bind>
</comp>

<comp id="266" class="1001" name="const_266">
<pin_list>
<pin id="267" dir="1" index="0" bw="1" slack="2147483647"/>
</pin_list>
<bind>
<StgValue><ssdm name=""/></StgValue>
</bind>
</comp>

<comp id="268" class="1001" name="const_268">
<pin_list>
<pin id="269" dir="1" index="0" bw="1" slack="2147483647"/>
</pin_list>
<bind>
<StgValue><ssdm name=""/></StgValue>
</bind>
</comp>

<comp id="270" class="1001" name="const_270">
<pin_list>
<pin id="271" dir="1" index="0" bw="1" slack="2147483647"/>
</pin_list>
<bind>
<StgValue><ssdm name=""/></StgValue>
</bind>
</comp>

<comp id="272" class="1001" name="const_272">
<pin_list>
<pin id="273" dir="1" index="0" bw="1" slack="2147483647"/>
</pin_list>
<bind>
<StgValue><ssdm name=""/></StgValue>
</bind>
</comp>

<comp id="274" class="1001" name="const_274">
<pin_list>
<pin id="275" dir="1" index="0" bw="1" slack="2147483647"/>
</pin_list>
<bind>
<StgValue><ssdm name=""/></StgValue>
</bind>
</comp>

<comp id="276" class="1001" name="const_276">
<pin_list>
<pin id="277" dir="1" index="0" bw="1" slack="2147483647"/>
</pin_list>
<bind>
<StgValue><ssdm name=""/></StgValue>
</bind>
</comp>

<comp id="278" class="1001" name="const_278">
<pin_list>
<pin id="279" dir="1" index="0" bw="1" slack="2147483647"/>
</pin_list>
<bind>
<StgValue><ssdm name=""/></StgValue>
</bind>
</comp>

<comp id="280" class="1001" name="const_280">
<pin_list>
<pin id="281" dir="1" index="0" bw="1" slack="2147483647"/>
</pin_list>
<bind>
<StgValue><ssdm name=""/></StgValue>
</bind>
</comp>

<comp id="282" class="1001" name="const_282">
<pin_list>
<pin id="283" dir="1" index="0" bw="1" slack="2147483647"/>
</pin_list>
<bind>
<StgValue><ssdm name=""/></StgValue>
</bind>
</comp>

<comp id="284" class="1001" name="const_284">
<pin_list>
<pin id="285" dir="1" index="0" bw="1" slack="2147483647"/>
</pin_list>
<bind>
<StgValue><ssdm name=""/></StgValue>
</bind>
</comp>

<comp id="286" class="1001" name="const_286">
<pin_list>
<pin id="287" dir="1" index="0" bw="1" slack="2147483647"/>
</pin_list>
<bind>
<StgValue><ssdm name=""/></StgValue>
</bind>
</comp>

<comp id="288" class="1001" name="const_288">
<pin_list>
<pin id="289" dir="1" index="0" bw="1" slack="2147483647"/>
</pin_list>
<bind>
<StgValue><ssdm name=""/></StgValue>
</bind>
</comp>

<comp id="290" class="1001" name="const_290">
<pin_list>
<pin id="291" dir="1" index="0" bw="1" slack="2147483647"/>
</pin_list>
<bind>
<StgValue><ssdm name=""/></StgValue>
</bind>
</comp>

<comp id="292" class="1001" name="const_292">
<pin_list>
<pin id="293" dir="1" index="0" bw="1" slack="2147483647"/>
</pin_list>
<bind>
<StgValue><ssdm name=""/></StgValue>
</bind>
</comp>

<comp id="294" class="1001" name="const_294">
<pin_list>
<pin id="295" dir="1" index="0" bw="1" slack="2147483647"/>
</pin_list>
<bind>
<StgValue><ssdm name=""/></StgValue>
</bind>
</comp>

<comp id="296" class="1001" name="const_296">
<pin_list>
<pin id="297" dir="1" index="0" bw="1" slack="2147483647"/>
</pin_list>
<bind>
<StgValue><ssdm name=""/></StgValue>
</bind>
</comp>

<comp id="298" class="1001" name="const_298">
<pin_list>
<pin id="299" dir="1" index="0" bw="1" slack="2147483647"/>
</pin_list>
<bind>
<StgValue><ssdm name=""/></StgValue>
</bind>
</comp>

<comp id="300" class="1001" name="const_300">
<pin_list>
<pin id="301" dir="1" index="0" bw="1" slack="2147483647"/>
</pin_list>
<bind>
<StgValue><ssdm name=""/></StgValue>
</bind>
</comp>

<comp id="302" class="1001" name="const_302">
<pin_list>
<pin id="303" dir="1" index="0" bw="1" slack="2147483647"/>
</pin_list>
<bind>
<StgValue><ssdm name=""/></StgValue>
</bind>
</comp>

<comp id="304" class="1001" name="const_304">
<pin_list>
<pin id="305" dir="1" index="0" bw="1" slack="2147483647"/>
</pin_list>
<bind>
<StgValue><ssdm name=""/></StgValue>
</bind>
</comp>

<comp id="306" class="1001" name="const_306">
<pin_list>
<pin id="307" dir="1" index="0" bw="1" slack="2147483647"/>
</pin_list>
<bind>
<StgValue><ssdm name=""/></StgValue>
</bind>
</comp>

<comp id="308" class="1001" name="const_308">
<pin_list>
<pin id="309" dir="1" index="0" bw="1" slack="2147483647"/>
</pin_list>
<bind>
<StgValue><ssdm name=""/></StgValue>
</bind>
</comp>

<comp id="310" class="1001" name="const_310">
<pin_list>
<pin id="311" dir="1" index="0" bw="1" slack="2147483647"/>
</pin_list>
<bind>
<StgValue><ssdm name=""/></StgValue>
</bind>
</comp>

<comp id="312" class="1001" name="const_312">
<pin_list>
<pin id="313" dir="1" index="0" bw="1" slack="2147483647"/>
</pin_list>
<bind>
<StgValue><ssdm name=""/></StgValue>
</bind>
</comp>

<comp id="314" class="1001" name="const_314">
<pin_list>
<pin id="315" dir="1" index="0" bw="1" slack="2147483647"/>
</pin_list>
<bind>
<StgValue><ssdm name=""/></StgValue>
</bind>
</comp>

<comp id="316" class="1001" name="const_316">
<pin_list>
<pin id="317" dir="1" index="0" bw="1" slack="0"/>
</pin_list>
<bind>
<StgValue><ssdm name=""/></StgValue>
</bind>
</comp>

<comp id="318" class="1001" name="const_318">
<pin_list>
<pin id="319" dir="1" index="0" bw="1" slack="0"/>
</pin_list>
<bind>
<StgValue><ssdm name="_ssdm_op_Read.m_axi.p1i8"/></StgValue>
</bind>
</comp>

<comp id="320" class="1001" name="const_320">
<pin_list>
<pin id="321" dir="1" index="0" bw="1" slack="0"/>
</pin_list>
<bind>
<StgValue><ssdm name="_ssdm_op_PartSelect.i3.i7.i32.i32"/></StgValue>
</bind>
</comp>

<comp id="322" class="1001" name="const_322">
<pin_list>
<pin id="323" dir="1" index="0" bw="1" slack="0"/>
</pin_list>
<bind>
<StgValue><ssdm name=""/></StgValue>
</bind>
</comp>

<comp id="324" class="1001" name="const_324">
<pin_list>
<pin id="325" dir="1" index="0" bw="1" slack="0"/>
</pin_list>
<bind>
<StgValue><ssdm name=""/></StgValue>
</bind>
</comp>

<comp id="326" class="1001" name="const_326">
<pin_list>
<pin id="327" dir="1" index="0" bw="1" slack="2147483647"/>
</pin_list>
<bind>
<StgValue><ssdm name=""/></StgValue>
</bind>
</comp>

<comp id="328" class="1001" name="const_328">
<pin_list>
<pin id="329" dir="1" index="0" bw="1" slack="2147483647"/>
</pin_list>
<bind>
<StgValue><ssdm name=""/></StgValue>
</bind>
</comp>

<comp id="330" class="1001" name="const_330">
<pin_list>
<pin id="331" dir="1" index="0" bw="1" slack="2147483647"/>
</pin_list>
<bind>
<StgValue><ssdm name=""/></StgValue>
</bind>
</comp>

<comp id="332" class="1001" name="const_332">
<pin_list>
<pin id="333" dir="1" index="0" bw="1" slack="2147483647"/>
</pin_list>
<bind>
<StgValue><ssdm name=""/></StgValue>
</bind>
</comp>

<comp id="334" class="1001" name="const_334">
<pin_list>
<pin id="335" dir="1" index="0" bw="1" slack="2147483647"/>
</pin_list>
<bind>
<StgValue><ssdm name=""/></StgValue>
</bind>
</comp>

<comp id="336" class="1001" name="const_336">
<pin_list>
<pin id="337" dir="1" index="0" bw="1" slack="2147483647"/>
</pin_list>
<bind>
<StgValue><ssdm name=""/></StgValue>
</bind>
</comp>

<comp id="338" class="1001" name="const_338">
<pin_list>
<pin id="339" dir="1" index="0" bw="1" slack="2147483647"/>
</pin_list>
<bind>
<StgValue><ssdm name=""/></StgValue>
</bind>
</comp>

<comp id="340" class="1001" name="const_340">
<pin_list>
<pin id="341" dir="1" index="0" bw="1" slack="0"/>
</pin_list>
<bind>
<StgValue><ssdm name=""/></StgValue>
</bind>
</comp>

<comp id="342" class="1001" name="const_342">
<pin_list>
<pin id="343" dir="1" index="0" bw="1" slack="2147483647"/>
</pin_list>
<bind>
<StgValue><ssdm name="_ssdm_op_SpecLoopName"/></StgValue>
</bind>
</comp>

<comp id="344" class="1001" name="const_344">
<pin_list>
<pin id="345" dir="1" index="0" bw="1" slack="2147483647"/>
</pin_list>
<bind>
<StgValue><ssdm name="VITIS_LOOP_130_8_VITIS_LOOP_131_9_str"/></StgValue>
</bind>
</comp>

<comp id="346" class="1001" name="const_346">
<pin_list>
<pin id="347" dir="1" index="0" bw="1" slack="2147483647"/>
</pin_list>
<bind>
<StgValue><ssdm name="_ssdm_op_SpecLoopTripCount"/></StgValue>
</bind>
</comp>

<comp id="348" class="1001" name="const_348">
<pin_list>
<pin id="349" dir="1" index="0" bw="1" slack="2147483647"/>
</pin_list>
<bind>
<StgValue><ssdm name=""/></StgValue>
</bind>
</comp>

<comp id="350" class="1001" name="const_350">
<pin_list>
<pin id="351" dir="1" index="0" bw="1" slack="2147483647"/>
</pin_list>
<bind>
<StgValue><ssdm name="_ssdm_op_SpecPipeline"/></StgValue>
</bind>
</comp>

<comp id="352" class="1001" name="const_352">
<pin_list>
<pin id="353" dir="1" index="0" bw="1" slack="2147483647"/>
</pin_list>
<bind>
<StgValue><ssdm name="empty_14"/></StgValue>
</bind>
</comp>

<comp id="354" class="1001" name="const_354">
<pin_list>
<pin id="355" dir="1" index="0" bw="1" slack="0"/>
</pin_list>
<bind>
<StgValue><ssdm name=""/></StgValue>
</bind>
</comp>

<comp id="356" class="1001" name="const_356">
<pin_list>
<pin id="357" dir="1" index="0" bw="1" slack="0"/>
</pin_list>
<bind>
<StgValue><ssdm name="_ssdm_op_BitConcatenate.i10.i7.i3"/></StgValue>
</bind>
</comp>

<comp id="358" class="1004" name="d_1_fu_358">
<pin_list>
<pin id="359" dir="0" index="0" bw="1" slack="0"/>
<pin id="360" dir="1" index="1" bw="7" slack="0"/>
</pin_list>
<bind>
<opcode="alloca(26) " fcode="alloca"/>
<opset="d_1/1 "/>
</bind>
</comp>

<comp id="362" class="1004" name="j_fu_362">
<pin_list>
<pin id="363" dir="0" index="0" bw="1" slack="0"/>
<pin id="364" dir="1" index="1" bw="8" slack="0"/>
</pin_list>
<bind>
<opcode="alloca(26) " fcode="alloca"/>
<opset="j/1 "/>
</bind>
</comp>

<comp id="366" class="1004" name="indvar_flatten134_fu_366">
<pin_list>
<pin id="367" dir="0" index="0" bw="1" slack="0"/>
<pin id="368" dir="1" index="1" bw="14" slack="0"/>
</pin_list>
<bind>
<opcode="alloca(26) " fcode="alloca"/>
<opset="indvar_flatten134/1 "/>
</bind>
</comp>

<comp id="370" class="1004" name="V_in_read_read_fu_370">
<pin_list>
<pin id="371" dir="0" index="0" bw="64" slack="0"/>
<pin id="372" dir="0" index="1" bw="64" slack="0"/>
<pin id="373" dir="1" index="2" bw="64" slack="0"/>
</pin_list>
<bind>
<opcode="read(1150) " fcode="read"/>
<opset="V_in_read/1 "/>
</bind>
</comp>

<comp id="376" class="1004" name="K_in_read_read_fu_376">
<pin_list>
<pin id="377" dir="0" index="0" bw="64" slack="0"/>
<pin id="378" dir="0" index="1" bw="64" slack="0"/>
<pin id="379" dir="1" index="2" bw="64" slack="0"/>
</pin_list>
<bind>
<opcode="read(1150) " fcode="read"/>
<opset="K_in_read/1 "/>
</bind>
</comp>

<comp id="382" class="1004" name="gmem1_addr_read_read_fu_382">
<pin_list>
<pin id="383" dir="0" index="0" bw="8" slack="0"/>
<pin id="384" dir="0" index="1" bw="8" slack="1"/>
<pin id="385" dir="1" index="2" bw="8" slack="1"/>
</pin_list>
<bind>
<opcode="read(1150) " fcode="read"/>
<opset="gmem1_addr_read/2 "/>
</bind>
</comp>

<comp id="387" class="1004" name="gmem2_addr_read_read_fu_387">
<pin_list>
<pin id="388" dir="0" index="0" bw="8" slack="0"/>
<pin id="389" dir="0" index="1" bw="8" slack="1"/>
<pin id="390" dir="1" index="2" bw="8" slack="1"/>
</pin_list>
<bind>
<opcode="read(1150) " fcode="read"/>
<opset="gmem2_addr_read/2 "/>
</bind>
</comp>

<comp id="392" class="1004" name="K_tile_V_62_addr_gep_fu_392">
<pin_list>
<pin id="393" dir="0" index="0" bw="8" slack="0"/>
<pin id="394" dir="0" index="1" bw="1" slack="0"/>
<pin id="395" dir="0" index="2" bw="8" slack="0"/>
<pin id="396" dir="1" index="3" bw="7" slack="0"/>
</pin_list>
<bind>
<opcode="getelementptr(29) " fcode="getelementptr"/>
<opset="K_tile_V_62_addr/3 "/>
</bind>
</comp>

<comp id="399" class="1004" name="store_ln133_access_fu_399">
<pin_list>
<pin id="400" dir="0" index="0" bw="7" slack="0"/>
<pin id="401" dir="0" index="1" bw="8" slack="1"/>
<pin id="402" dir="0" index="2" bw="0" slack="2147483647"/>
<pin id="403" dir="1" index="3" bw="8" slack="2147483647"/>
</pin_list>
<bind>
<opcode="store(28) " fcode="store"/>
<opset="store_ln133/3 "/>
</bind>
</comp>

<comp id="405" class="1004" name="K_tile_V_61_addr_gep_fu_405">
<pin_list>
<pin id="406" dir="0" index="0" bw="8" slack="0"/>
<pin id="407" dir="0" index="1" bw="1" slack="0"/>
<pin id="408" dir="0" index="2" bw="8" slack="0"/>
<pin id="409" dir="1" index="3" bw="7" slack="0"/>
</pin_list>
<bind>
<opcode="getelementptr(29) " fcode="getelementptr"/>
<opset="K_tile_V_61_addr/3 "/>
</bind>
</comp>

<comp id="412" class="1004" name="store_ln133_access_fu_412">
<pin_list>
<pin id="413" dir="0" index="0" bw="7" slack="0"/>
<pin id="414" dir="0" index="1" bw="8" slack="1"/>
<pin id="415" dir="0" index="2" bw="0" slack="2147483647"/>
<pin id="416" dir="1" index="3" bw="8" slack="2147483647"/>
</pin_list>
<bind>
<opcode="store(28) " fcode="store"/>
<opset="store_ln133/3 "/>
</bind>
</comp>

<comp id="418" class="1004" name="K_tile_V_60_addr_gep_fu_418">
<pin_list>
<pin id="419" dir="0" index="0" bw="8" slack="0"/>
<pin id="420" dir="0" index="1" bw="1" slack="0"/>
<pin id="421" dir="0" index="2" bw="8" slack="0"/>
<pin id="422" dir="1" index="3" bw="7" slack="0"/>
</pin_list>
<bind>
<opcode="getelementptr(29) " fcode="getelementptr"/>
<opset="K_tile_V_60_addr/3 "/>
</bind>
</comp>

<comp id="425" class="1004" name="store_ln133_access_fu_425">
<pin_list>
<pin id="426" dir="0" index="0" bw="7" slack="0"/>
<pin id="427" dir="0" index="1" bw="8" slack="1"/>
<pin id="428" dir="0" index="2" bw="0" slack="2147483647"/>
<pin id="429" dir="1" index="3" bw="8" slack="2147483647"/>
</pin_list>
<bind>
<opcode="store(28) " fcode="store"/>
<opset="store_ln133/3 "/>
</bind>
</comp>

<comp id="431" class="1004" name="K_tile_V_59_addr_gep_fu_431">
<pin_list>
<pin id="432" dir="0" index="0" bw="8" slack="0"/>
<pin id="433" dir="0" index="1" bw="1" slack="0"/>
<pin id="434" dir="0" index="2" bw="8" slack="0"/>
<pin id="435" dir="1" index="3" bw="7" slack="0"/>
</pin_list>
<bind>
<opcode="getelementptr(29) " fcode="getelementptr"/>
<opset="K_tile_V_59_addr/3 "/>
</bind>
</comp>

<comp id="438" class="1004" name="store_ln133_access_fu_438">
<pin_list>
<pin id="439" dir="0" index="0" bw="7" slack="0"/>
<pin id="440" dir="0" index="1" bw="8" slack="1"/>
<pin id="441" dir="0" index="2" bw="0" slack="2147483647"/>
<pin id="442" dir="1" index="3" bw="8" slack="2147483647"/>
</pin_list>
<bind>
<opcode="store(28) " fcode="store"/>
<opset="store_ln133/3 "/>
</bind>
</comp>

<comp id="444" class="1004" name="K_tile_V_58_addr_gep_fu_444">
<pin_list>
<pin id="445" dir="0" index="0" bw="8" slack="0"/>
<pin id="446" dir="0" index="1" bw="1" slack="0"/>
<pin id="447" dir="0" index="2" bw="8" slack="0"/>
<pin id="448" dir="1" index="3" bw="7" slack="0"/>
</pin_list>
<bind>
<opcode="getelementptr(29) " fcode="getelementptr"/>
<opset="K_tile_V_58_addr/3 "/>
</bind>
</comp>

<comp id="451" class="1004" name="store_ln133_access_fu_451">
<pin_list>
<pin id="452" dir="0" index="0" bw="7" slack="0"/>
<pin id="453" dir="0" index="1" bw="8" slack="1"/>
<pin id="454" dir="0" index="2" bw="0" slack="2147483647"/>
<pin id="455" dir="1" index="3" bw="8" slack="2147483647"/>
</pin_list>
<bind>
<opcode="store(28) " fcode="store"/>
<opset="store_ln133/3 "/>
</bind>
</comp>

<comp id="457" class="1004" name="K_tile_V_57_addr_gep_fu_457">
<pin_list>
<pin id="458" dir="0" index="0" bw="8" slack="0"/>
<pin id="459" dir="0" index="1" bw="1" slack="0"/>
<pin id="460" dir="0" index="2" bw="8" slack="0"/>
<pin id="461" dir="1" index="3" bw="7" slack="0"/>
</pin_list>
<bind>
<opcode="getelementptr(29) " fcode="getelementptr"/>
<opset="K_tile_V_57_addr/3 "/>
</bind>
</comp>

<comp id="464" class="1004" name="store_ln133_access_fu_464">
<pin_list>
<pin id="465" dir="0" index="0" bw="7" slack="0"/>
<pin id="466" dir="0" index="1" bw="8" slack="1"/>
<pin id="467" dir="0" index="2" bw="0" slack="2147483647"/>
<pin id="468" dir="1" index="3" bw="8" slack="2147483647"/>
</pin_list>
<bind>
<opcode="store(28) " fcode="store"/>
<opset="store_ln133/3 "/>
</bind>
</comp>

<comp id="470" class="1004" name="K_tile_V_56_addr_gep_fu_470">
<pin_list>
<pin id="471" dir="0" index="0" bw="8" slack="0"/>
<pin id="472" dir="0" index="1" bw="1" slack="0"/>
<pin id="473" dir="0" index="2" bw="8" slack="0"/>
<pin id="474" dir="1" index="3" bw="7" slack="0"/>
</pin_list>
<bind>
<opcode="getelementptr(29) " fcode="getelementptr"/>
<opset="K_tile_V_56_addr/3 "/>
</bind>
</comp>

<comp id="477" class="1004" name="store_ln133_access_fu_477">
<pin_list>
<pin id="478" dir="0" index="0" bw="7" slack="0"/>
<pin id="479" dir="0" index="1" bw="8" slack="1"/>
<pin id="480" dir="0" index="2" bw="0" slack="2147483647"/>
<pin id="481" dir="1" index="3" bw="8" slack="2147483647"/>
</pin_list>
<bind>
<opcode="store(28) " fcode="store"/>
<opset="store_ln133/3 "/>
</bind>
</comp>

<comp id="483" class="1004" name="K_tile_V_55_addr_gep_fu_483">
<pin_list>
<pin id="484" dir="0" index="0" bw="8" slack="0"/>
<pin id="485" dir="0" index="1" bw="1" slack="0"/>
<pin id="486" dir="0" index="2" bw="8" slack="0"/>
<pin id="487" dir="1" index="3" bw="7" slack="0"/>
</pin_list>
<bind>
<opcode="getelementptr(29) " fcode="getelementptr"/>
<opset="K_tile_V_55_addr/3 "/>
</bind>
</comp>

<comp id="490" class="1004" name="store_ln133_access_fu_490">
<pin_list>
<pin id="491" dir="0" index="0" bw="7" slack="0"/>
<pin id="492" dir="0" index="1" bw="8" slack="1"/>
<pin id="493" dir="0" index="2" bw="0" slack="2147483647"/>
<pin id="494" dir="1" index="3" bw="8" slack="2147483647"/>
</pin_list>
<bind>
<opcode="store(28) " fcode="store"/>
<opset="store_ln133/3 "/>
</bind>
</comp>

<comp id="496" class="1004" name="K_tile_V_54_addr_gep_fu_496">
<pin_list>
<pin id="497" dir="0" index="0" bw="8" slack="0"/>
<pin id="498" dir="0" index="1" bw="1" slack="0"/>
<pin id="499" dir="0" index="2" bw="8" slack="0"/>
<pin id="500" dir="1" index="3" bw="7" slack="0"/>
</pin_list>
<bind>
<opcode="getelementptr(29) " fcode="getelementptr"/>
<opset="K_tile_V_54_addr/3 "/>
</bind>
</comp>

<comp id="503" class="1004" name="store_ln133_access_fu_503">
<pin_list>
<pin id="504" dir="0" index="0" bw="7" slack="0"/>
<pin id="505" dir="0" index="1" bw="8" slack="1"/>
<pin id="506" dir="0" index="2" bw="0" slack="2147483647"/>
<pin id="507" dir="1" index="3" bw="8" slack="2147483647"/>
</pin_list>
<bind>
<opcode="store(28) " fcode="store"/>
<opset="store_ln133/3 "/>
</bind>
</comp>

<comp id="509" class="1004" name="K_tile_V_53_addr_gep_fu_509">
<pin_list>
<pin id="510" dir="0" index="0" bw="8" slack="0"/>
<pin id="511" dir="0" index="1" bw="1" slack="0"/>
<pin id="512" dir="0" index="2" bw="8" slack="0"/>
<pin id="513" dir="1" index="3" bw="7" slack="0"/>
</pin_list>
<bind>
<opcode="getelementptr(29) " fcode="getelementptr"/>
<opset="K_tile_V_53_addr/3 "/>
</bind>
</comp>

<comp id="516" class="1004" name="store_ln133_access_fu_516">
<pin_list>
<pin id="517" dir="0" index="0" bw="7" slack="0"/>
<pin id="518" dir="0" index="1" bw="8" slack="1"/>
<pin id="519" dir="0" index="2" bw="0" slack="2147483647"/>
<pin id="520" dir="1" index="3" bw="8" slack="2147483647"/>
</pin_list>
<bind>
<opcode="store(28) " fcode="store"/>
<opset="store_ln133/3 "/>
</bind>
</comp>

<comp id="522" class="1004" name="K_tile_V_52_addr_gep_fu_522">
<pin_list>
<pin id="523" dir="0" index="0" bw="8" slack="0"/>
<pin id="524" dir="0" index="1" bw="1" slack="0"/>
<pin id="525" dir="0" index="2" bw="8" slack="0"/>
<pin id="526" dir="1" index="3" bw="7" slack="0"/>
</pin_list>
<bind>
<opcode="getelementptr(29) " fcode="getelementptr"/>
<opset="K_tile_V_52_addr/3 "/>
</bind>
</comp>

<comp id="529" class="1004" name="store_ln133_access_fu_529">
<pin_list>
<pin id="530" dir="0" index="0" bw="7" slack="0"/>
<pin id="531" dir="0" index="1" bw="8" slack="1"/>
<pin id="532" dir="0" index="2" bw="0" slack="2147483647"/>
<pin id="533" dir="1" index="3" bw="8" slack="2147483647"/>
</pin_list>
<bind>
<opcode="store(28) " fcode="store"/>
<opset="store_ln133/3 "/>
</bind>
</comp>

<comp id="535" class="1004" name="K_tile_V_51_addr_gep_fu_535">
<pin_list>
<pin id="536" dir="0" index="0" bw="8" slack="0"/>
<pin id="537" dir="0" index="1" bw="1" slack="0"/>
<pin id="538" dir="0" index="2" bw="8" slack="0"/>
<pin id="539" dir="1" index="3" bw="7" slack="0"/>
</pin_list>
<bind>
<opcode="getelementptr(29) " fcode="getelementptr"/>
<opset="K_tile_V_51_addr/3 "/>
</bind>
</comp>

<comp id="542" class="1004" name="store_ln133_access_fu_542">
<pin_list>
<pin id="543" dir="0" index="0" bw="7" slack="0"/>
<pin id="544" dir="0" index="1" bw="8" slack="1"/>
<pin id="545" dir="0" index="2" bw="0" slack="2147483647"/>
<pin id="546" dir="1" index="3" bw="8" slack="2147483647"/>
</pin_list>
<bind>
<opcode="store(28) " fcode="store"/>
<opset="store_ln133/3 "/>
</bind>
</comp>

<comp id="548" class="1004" name="K_tile_V_50_addr_gep_fu_548">
<pin_list>
<pin id="549" dir="0" index="0" bw="8" slack="0"/>
<pin id="550" dir="0" index="1" bw="1" slack="0"/>
<pin id="551" dir="0" index="2" bw="8" slack="0"/>
<pin id="552" dir="1" index="3" bw="7" slack="0"/>
</pin_list>
<bind>
<opcode="getelementptr(29) " fcode="getelementptr"/>
<opset="K_tile_V_50_addr/3 "/>
</bind>
</comp>

<comp id="555" class="1004" name="store_ln133_access_fu_555">
<pin_list>
<pin id="556" dir="0" index="0" bw="7" slack="0"/>
<pin id="557" dir="0" index="1" bw="8" slack="1"/>
<pin id="558" dir="0" index="2" bw="0" slack="2147483647"/>
<pin id="559" dir="1" index="3" bw="8" slack="2147483647"/>
</pin_list>
<bind>
<opcode="store(28) " fcode="store"/>
<opset="store_ln133/3 "/>
</bind>
</comp>

<comp id="561" class="1004" name="K_tile_V_49_addr_gep_fu_561">
<pin_list>
<pin id="562" dir="0" index="0" bw="8" slack="0"/>
<pin id="563" dir="0" index="1" bw="1" slack="0"/>
<pin id="564" dir="0" index="2" bw="8" slack="0"/>
<pin id="565" dir="1" index="3" bw="7" slack="0"/>
</pin_list>
<bind>
<opcode="getelementptr(29) " fcode="getelementptr"/>
<opset="K_tile_V_49_addr/3 "/>
</bind>
</comp>

<comp id="568" class="1004" name="store_ln133_access_fu_568">
<pin_list>
<pin id="569" dir="0" index="0" bw="7" slack="0"/>
<pin id="570" dir="0" index="1" bw="8" slack="1"/>
<pin id="571" dir="0" index="2" bw="0" slack="2147483647"/>
<pin id="572" dir="1" index="3" bw="8" slack="2147483647"/>
</pin_list>
<bind>
<opcode="store(28) " fcode="store"/>
<opset="store_ln133/3 "/>
</bind>
</comp>

<comp id="574" class="1004" name="K_tile_V_48_addr_gep_fu_574">
<pin_list>
<pin id="575" dir="0" index="0" bw="8" slack="0"/>
<pin id="576" dir="0" index="1" bw="1" slack="0"/>
<pin id="577" dir="0" index="2" bw="8" slack="0"/>
<pin id="578" dir="1" index="3" bw="7" slack="0"/>
</pin_list>
<bind>
<opcode="getelementptr(29) " fcode="getelementptr"/>
<opset="K_tile_V_48_addr/3 "/>
</bind>
</comp>

<comp id="581" class="1004" name="store_ln133_access_fu_581">
<pin_list>
<pin id="582" dir="0" index="0" bw="7" slack="0"/>
<pin id="583" dir="0" index="1" bw="8" slack="1"/>
<pin id="584" dir="0" index="2" bw="0" slack="2147483647"/>
<pin id="585" dir="1" index="3" bw="8" slack="2147483647"/>
</pin_list>
<bind>
<opcode="store(28) " fcode="store"/>
<opset="store_ln133/3 "/>
</bind>
</comp>

<comp id="587" class="1004" name="K_tile_V_47_addr_gep_fu_587">
<pin_list>
<pin id="588" dir="0" index="0" bw="8" slack="0"/>
<pin id="589" dir="0" index="1" bw="1" slack="0"/>
<pin id="590" dir="0" index="2" bw="8" slack="0"/>
<pin id="591" dir="1" index="3" bw="7" slack="0"/>
</pin_list>
<bind>
<opcode="getelementptr(29) " fcode="getelementptr"/>
<opset="K_tile_V_47_addr/3 "/>
</bind>
</comp>

<comp id="594" class="1004" name="store_ln133_access_fu_594">
<pin_list>
<pin id="595" dir="0" index="0" bw="7" slack="0"/>
<pin id="596" dir="0" index="1" bw="8" slack="1"/>
<pin id="597" dir="0" index="2" bw="0" slack="2147483647"/>
<pin id="598" dir="1" index="3" bw="8" slack="2147483647"/>
</pin_list>
<bind>
<opcode="store(28) " fcode="store"/>
<opset="store_ln133/3 "/>
</bind>
</comp>

<comp id="600" class="1004" name="K_tile_V_46_addr_gep_fu_600">
<pin_list>
<pin id="601" dir="0" index="0" bw="8" slack="0"/>
<pin id="602" dir="0" index="1" bw="1" slack="0"/>
<pin id="603" dir="0" index="2" bw="8" slack="0"/>
<pin id="604" dir="1" index="3" bw="7" slack="0"/>
</pin_list>
<bind>
<opcode="getelementptr(29) " fcode="getelementptr"/>
<opset="K_tile_V_46_addr/3 "/>
</bind>
</comp>

<comp id="607" class="1004" name="store_ln133_access_fu_607">
<pin_list>
<pin id="608" dir="0" index="0" bw="7" slack="0"/>
<pin id="609" dir="0" index="1" bw="8" slack="1"/>
<pin id="610" dir="0" index="2" bw="0" slack="2147483647"/>
<pin id="611" dir="1" index="3" bw="8" slack="2147483647"/>
</pin_list>
<bind>
<opcode="store(28) " fcode="store"/>
<opset="store_ln133/3 "/>
</bind>
</comp>

<comp id="613" class="1004" name="K_tile_V_45_addr_gep_fu_613">
<pin_list>
<pin id="614" dir="0" index="0" bw="8" slack="0"/>
<pin id="615" dir="0" index="1" bw="1" slack="0"/>
<pin id="616" dir="0" index="2" bw="8" slack="0"/>
<pin id="617" dir="1" index="3" bw="7" slack="0"/>
</pin_list>
<bind>
<opcode="getelementptr(29) " fcode="getelementptr"/>
<opset="K_tile_V_45_addr/3 "/>
</bind>
</comp>

<comp id="620" class="1004" name="store_ln133_access_fu_620">
<pin_list>
<pin id="621" dir="0" index="0" bw="7" slack="0"/>
<pin id="622" dir="0" index="1" bw="8" slack="1"/>
<pin id="623" dir="0" index="2" bw="0" slack="2147483647"/>
<pin id="624" dir="1" index="3" bw="8" slack="2147483647"/>
</pin_list>
<bind>
<opcode="store(28) " fcode="store"/>
<opset="store_ln133/3 "/>
</bind>
</comp>

<comp id="626" class="1004" name="K_tile_V_44_addr_gep_fu_626">
<pin_list>
<pin id="627" dir="0" index="0" bw="8" slack="0"/>
<pin id="628" dir="0" index="1" bw="1" slack="0"/>
<pin id="629" dir="0" index="2" bw="8" slack="0"/>
<pin id="630" dir="1" index="3" bw="7" slack="0"/>
</pin_list>
<bind>
<opcode="getelementptr(29) " fcode="getelementptr"/>
<opset="K_tile_V_44_addr/3 "/>
</bind>
</comp>

<comp id="633" class="1004" name="store_ln133_access_fu_633">
<pin_list>
<pin id="634" dir="0" index="0" bw="7" slack="0"/>
<pin id="635" dir="0" index="1" bw="8" slack="1"/>
<pin id="636" dir="0" index="2" bw="0" slack="2147483647"/>
<pin id="637" dir="1" index="3" bw="8" slack="2147483647"/>
</pin_list>
<bind>
<opcode="store(28) " fcode="store"/>
<opset="store_ln133/3 "/>
</bind>
</comp>

<comp id="639" class="1004" name="K_tile_V_43_addr_gep_fu_639">
<pin_list>
<pin id="640" dir="0" index="0" bw="8" slack="0"/>
<pin id="641" dir="0" index="1" bw="1" slack="0"/>
<pin id="642" dir="0" index="2" bw="8" slack="0"/>
<pin id="643" dir="1" index="3" bw="7" slack="0"/>
</pin_list>
<bind>
<opcode="getelementptr(29) " fcode="getelementptr"/>
<opset="K_tile_V_43_addr/3 "/>
</bind>
</comp>

<comp id="646" class="1004" name="store_ln133_access_fu_646">
<pin_list>
<pin id="647" dir="0" index="0" bw="7" slack="0"/>
<pin id="648" dir="0" index="1" bw="8" slack="1"/>
<pin id="649" dir="0" index="2" bw="0" slack="2147483647"/>
<pin id="650" dir="1" index="3" bw="8" slack="2147483647"/>
</pin_list>
<bind>
<opcode="store(28) " fcode="store"/>
<opset="store_ln133/3 "/>
</bind>
</comp>

<comp id="652" class="1004" name="K_tile_V_42_addr_gep_fu_652">
<pin_list>
<pin id="653" dir="0" index="0" bw="8" slack="0"/>
<pin id="654" dir="0" index="1" bw="1" slack="0"/>
<pin id="655" dir="0" index="2" bw="8" slack="0"/>
<pin id="656" dir="1" index="3" bw="7" slack="0"/>
</pin_list>
<bind>
<opcode="getelementptr(29) " fcode="getelementptr"/>
<opset="K_tile_V_42_addr/3 "/>
</bind>
</comp>

<comp id="659" class="1004" name="store_ln133_access_fu_659">
<pin_list>
<pin id="660" dir="0" index="0" bw="7" slack="0"/>
<pin id="661" dir="0" index="1" bw="8" slack="1"/>
<pin id="662" dir="0" index="2" bw="0" slack="2147483647"/>
<pin id="663" dir="1" index="3" bw="8" slack="2147483647"/>
</pin_list>
<bind>
<opcode="store(28) " fcode="store"/>
<opset="store_ln133/3 "/>
</bind>
</comp>

<comp id="665" class="1004" name="K_tile_V_41_addr_gep_fu_665">
<pin_list>
<pin id="666" dir="0" index="0" bw="8" slack="0"/>
<pin id="667" dir="0" index="1" bw="1" slack="0"/>
<pin id="668" dir="0" index="2" bw="8" slack="0"/>
<pin id="669" dir="1" index="3" bw="7" slack="0"/>
</pin_list>
<bind>
<opcode="getelementptr(29) " fcode="getelementptr"/>
<opset="K_tile_V_41_addr/3 "/>
</bind>
</comp>

<comp id="672" class="1004" name="store_ln133_access_fu_672">
<pin_list>
<pin id="673" dir="0" index="0" bw="7" slack="0"/>
<pin id="674" dir="0" index="1" bw="8" slack="1"/>
<pin id="675" dir="0" index="2" bw="0" slack="2147483647"/>
<pin id="676" dir="1" index="3" bw="8" slack="2147483647"/>
</pin_list>
<bind>
<opcode="store(28) " fcode="store"/>
<opset="store_ln133/3 "/>
</bind>
</comp>

<comp id="678" class="1004" name="K_tile_V_40_addr_gep_fu_678">
<pin_list>
<pin id="679" dir="0" index="0" bw="8" slack="0"/>
<pin id="680" dir="0" index="1" bw="1" slack="0"/>
<pin id="681" dir="0" index="2" bw="8" slack="0"/>
<pin id="682" dir="1" index="3" bw="7" slack="0"/>
</pin_list>
<bind>
<opcode="getelementptr(29) " fcode="getelementptr"/>
<opset="K_tile_V_40_addr/3 "/>
</bind>
</comp>

<comp id="685" class="1004" name="store_ln133_access_fu_685">
<pin_list>
<pin id="686" dir="0" index="0" bw="7" slack="0"/>
<pin id="687" dir="0" index="1" bw="8" slack="1"/>
<pin id="688" dir="0" index="2" bw="0" slack="2147483647"/>
<pin id="689" dir="1" index="3" bw="8" slack="2147483647"/>
</pin_list>
<bind>
<opcode="store(28) " fcode="store"/>
<opset="store_ln133/3 "/>
</bind>
</comp>

<comp id="691" class="1004" name="K_tile_V_39_addr_gep_fu_691">
<pin_list>
<pin id="692" dir="0" index="0" bw="8" slack="0"/>
<pin id="693" dir="0" index="1" bw="1" slack="0"/>
<pin id="694" dir="0" index="2" bw="8" slack="0"/>
<pin id="695" dir="1" index="3" bw="7" slack="0"/>
</pin_list>
<bind>
<opcode="getelementptr(29) " fcode="getelementptr"/>
<opset="K_tile_V_39_addr/3 "/>
</bind>
</comp>

<comp id="698" class="1004" name="store_ln133_access_fu_698">
<pin_list>
<pin id="699" dir="0" index="0" bw="7" slack="0"/>
<pin id="700" dir="0" index="1" bw="8" slack="1"/>
<pin id="701" dir="0" index="2" bw="0" slack="2147483647"/>
<pin id="702" dir="1" index="3" bw="8" slack="2147483647"/>
</pin_list>
<bind>
<opcode="store(28) " fcode="store"/>
<opset="store_ln133/3 "/>
</bind>
</comp>

<comp id="704" class="1004" name="K_tile_V_38_addr_gep_fu_704">
<pin_list>
<pin id="705" dir="0" index="0" bw="8" slack="0"/>
<pin id="706" dir="0" index="1" bw="1" slack="0"/>
<pin id="707" dir="0" index="2" bw="8" slack="0"/>
<pin id="708" dir="1" index="3" bw="7" slack="0"/>
</pin_list>
<bind>
<opcode="getelementptr(29) " fcode="getelementptr"/>
<opset="K_tile_V_38_addr/3 "/>
</bind>
</comp>

<comp id="711" class="1004" name="store_ln133_access_fu_711">
<pin_list>
<pin id="712" dir="0" index="0" bw="7" slack="0"/>
<pin id="713" dir="0" index="1" bw="8" slack="1"/>
<pin id="714" dir="0" index="2" bw="0" slack="2147483647"/>
<pin id="715" dir="1" index="3" bw="8" slack="2147483647"/>
</pin_list>
<bind>
<opcode="store(28) " fcode="store"/>
<opset="store_ln133/3 "/>
</bind>
</comp>

<comp id="717" class="1004" name="K_tile_V_37_addr_gep_fu_717">
<pin_list>
<pin id="718" dir="0" index="0" bw="8" slack="0"/>
<pin id="719" dir="0" index="1" bw="1" slack="0"/>
<pin id="720" dir="0" index="2" bw="8" slack="0"/>
<pin id="721" dir="1" index="3" bw="7" slack="0"/>
</pin_list>
<bind>
<opcode="getelementptr(29) " fcode="getelementptr"/>
<opset="K_tile_V_37_addr/3 "/>
</bind>
</comp>

<comp id="724" class="1004" name="store_ln133_access_fu_724">
<pin_list>
<pin id="725" dir="0" index="0" bw="7" slack="0"/>
<pin id="726" dir="0" index="1" bw="8" slack="1"/>
<pin id="727" dir="0" index="2" bw="0" slack="2147483647"/>
<pin id="728" dir="1" index="3" bw="8" slack="2147483647"/>
</pin_list>
<bind>
<opcode="store(28) " fcode="store"/>
<opset="store_ln133/3 "/>
</bind>
</comp>

<comp id="730" class="1004" name="K_tile_V_36_addr_gep_fu_730">
<pin_list>
<pin id="731" dir="0" index="0" bw="8" slack="0"/>
<pin id="732" dir="0" index="1" bw="1" slack="0"/>
<pin id="733" dir="0" index="2" bw="8" slack="0"/>
<pin id="734" dir="1" index="3" bw="7" slack="0"/>
</pin_list>
<bind>
<opcode="getelementptr(29) " fcode="getelementptr"/>
<opset="K_tile_V_36_addr/3 "/>
</bind>
</comp>

<comp id="737" class="1004" name="store_ln133_access_fu_737">
<pin_list>
<pin id="738" dir="0" index="0" bw="7" slack="0"/>
<pin id="739" dir="0" index="1" bw="8" slack="1"/>
<pin id="740" dir="0" index="2" bw="0" slack="2147483647"/>
<pin id="741" dir="1" index="3" bw="8" slack="2147483647"/>
</pin_list>
<bind>
<opcode="store(28) " fcode="store"/>
<opset="store_ln133/3 "/>
</bind>
</comp>

<comp id="743" class="1004" name="K_tile_V_35_addr_gep_fu_743">
<pin_list>
<pin id="744" dir="0" index="0" bw="8" slack="0"/>
<pin id="745" dir="0" index="1" bw="1" slack="0"/>
<pin id="746" dir="0" index="2" bw="8" slack="0"/>
<pin id="747" dir="1" index="3" bw="7" slack="0"/>
</pin_list>
<bind>
<opcode="getelementptr(29) " fcode="getelementptr"/>
<opset="K_tile_V_35_addr/3 "/>
</bind>
</comp>

<comp id="750" class="1004" name="store_ln133_access_fu_750">
<pin_list>
<pin id="751" dir="0" index="0" bw="7" slack="0"/>
<pin id="752" dir="0" index="1" bw="8" slack="1"/>
<pin id="753" dir="0" index="2" bw="0" slack="2147483647"/>
<pin id="754" dir="1" index="3" bw="8" slack="2147483647"/>
</pin_list>
<bind>
<opcode="store(28) " fcode="store"/>
<opset="store_ln133/3 "/>
</bind>
</comp>

<comp id="756" class="1004" name="K_tile_V_34_addr_gep_fu_756">
<pin_list>
<pin id="757" dir="0" index="0" bw="8" slack="0"/>
<pin id="758" dir="0" index="1" bw="1" slack="0"/>
<pin id="759" dir="0" index="2" bw="8" slack="0"/>
<pin id="760" dir="1" index="3" bw="7" slack="0"/>
</pin_list>
<bind>
<opcode="getelementptr(29) " fcode="getelementptr"/>
<opset="K_tile_V_34_addr/3 "/>
</bind>
</comp>

<comp id="763" class="1004" name="store_ln133_access_fu_763">
<pin_list>
<pin id="764" dir="0" index="0" bw="7" slack="0"/>
<pin id="765" dir="0" index="1" bw="8" slack="1"/>
<pin id="766" dir="0" index="2" bw="0" slack="2147483647"/>
<pin id="767" dir="1" index="3" bw="8" slack="2147483647"/>
</pin_list>
<bind>
<opcode="store(28) " fcode="store"/>
<opset="store_ln133/3 "/>
</bind>
</comp>

<comp id="769" class="1004" name="K_tile_V_33_addr_gep_fu_769">
<pin_list>
<pin id="770" dir="0" index="0" bw="8" slack="0"/>
<pin id="771" dir="0" index="1" bw="1" slack="0"/>
<pin id="772" dir="0" index="2" bw="8" slack="0"/>
<pin id="773" dir="1" index="3" bw="7" slack="0"/>
</pin_list>
<bind>
<opcode="getelementptr(29) " fcode="getelementptr"/>
<opset="K_tile_V_33_addr/3 "/>
</bind>
</comp>

<comp id="776" class="1004" name="store_ln133_access_fu_776">
<pin_list>
<pin id="777" dir="0" index="0" bw="7" slack="0"/>
<pin id="778" dir="0" index="1" bw="8" slack="1"/>
<pin id="779" dir="0" index="2" bw="0" slack="2147483647"/>
<pin id="780" dir="1" index="3" bw="8" slack="2147483647"/>
</pin_list>
<bind>
<opcode="store(28) " fcode="store"/>
<opset="store_ln133/3 "/>
</bind>
</comp>

<comp id="782" class="1004" name="K_tile_V_32_addr_gep_fu_782">
<pin_list>
<pin id="783" dir="0" index="0" bw="8" slack="0"/>
<pin id="784" dir="0" index="1" bw="1" slack="0"/>
<pin id="785" dir="0" index="2" bw="8" slack="0"/>
<pin id="786" dir="1" index="3" bw="7" slack="0"/>
</pin_list>
<bind>
<opcode="getelementptr(29) " fcode="getelementptr"/>
<opset="K_tile_V_32_addr/3 "/>
</bind>
</comp>

<comp id="789" class="1004" name="store_ln133_access_fu_789">
<pin_list>
<pin id="790" dir="0" index="0" bw="7" slack="0"/>
<pin id="791" dir="0" index="1" bw="8" slack="1"/>
<pin id="792" dir="0" index="2" bw="0" slack="2147483647"/>
<pin id="793" dir="1" index="3" bw="8" slack="2147483647"/>
</pin_list>
<bind>
<opcode="store(28) " fcode="store"/>
<opset="store_ln133/3 "/>
</bind>
</comp>

<comp id="795" class="1004" name="K_tile_V_31_addr_gep_fu_795">
<pin_list>
<pin id="796" dir="0" index="0" bw="8" slack="0"/>
<pin id="797" dir="0" index="1" bw="1" slack="0"/>
<pin id="798" dir="0" index="2" bw="8" slack="0"/>
<pin id="799" dir="1" index="3" bw="7" slack="0"/>
</pin_list>
<bind>
<opcode="getelementptr(29) " fcode="getelementptr"/>
<opset="K_tile_V_31_addr/3 "/>
</bind>
</comp>

<comp id="802" class="1004" name="store_ln133_access_fu_802">
<pin_list>
<pin id="803" dir="0" index="0" bw="7" slack="0"/>
<pin id="804" dir="0" index="1" bw="8" slack="1"/>
<pin id="805" dir="0" index="2" bw="0" slack="2147483647"/>
<pin id="806" dir="1" index="3" bw="8" slack="2147483647"/>
</pin_list>
<bind>
<opcode="store(28) " fcode="store"/>
<opset="store_ln133/3 "/>
</bind>
</comp>

<comp id="808" class="1004" name="K_tile_V_30_addr_gep_fu_808">
<pin_list>
<pin id="809" dir="0" index="0" bw="8" slack="0"/>
<pin id="810" dir="0" index="1" bw="1" slack="0"/>
<pin id="811" dir="0" index="2" bw="8" slack="0"/>
<pin id="812" dir="1" index="3" bw="7" slack="0"/>
</pin_list>
<bind>
<opcode="getelementptr(29) " fcode="getelementptr"/>
<opset="K_tile_V_30_addr/3 "/>
</bind>
</comp>

<comp id="815" class="1004" name="store_ln133_access_fu_815">
<pin_list>
<pin id="816" dir="0" index="0" bw="7" slack="0"/>
<pin id="817" dir="0" index="1" bw="8" slack="1"/>
<pin id="818" dir="0" index="2" bw="0" slack="2147483647"/>
<pin id="819" dir="1" index="3" bw="8" slack="2147483647"/>
</pin_list>
<bind>
<opcode="store(28) " fcode="store"/>
<opset="store_ln133/3 "/>
</bind>
</comp>

<comp id="821" class="1004" name="K_tile_V_29_addr_gep_fu_821">
<pin_list>
<pin id="822" dir="0" index="0" bw="8" slack="0"/>
<pin id="823" dir="0" index="1" bw="1" slack="0"/>
<pin id="824" dir="0" index="2" bw="8" slack="0"/>
<pin id="825" dir="1" index="3" bw="7" slack="0"/>
</pin_list>
<bind>
<opcode="getelementptr(29) " fcode="getelementptr"/>
<opset="K_tile_V_29_addr/3 "/>
</bind>
</comp>

<comp id="828" class="1004" name="store_ln133_access_fu_828">
<pin_list>
<pin id="829" dir="0" index="0" bw="7" slack="0"/>
<pin id="830" dir="0" index="1" bw="8" slack="1"/>
<pin id="831" dir="0" index="2" bw="0" slack="2147483647"/>
<pin id="832" dir="1" index="3" bw="8" slack="2147483647"/>
</pin_list>
<bind>
<opcode="store(28) " fcode="store"/>
<opset="store_ln133/3 "/>
</bind>
</comp>

<comp id="834" class="1004" name="K_tile_V_28_addr_gep_fu_834">
<pin_list>
<pin id="835" dir="0" index="0" bw="8" slack="0"/>
<pin id="836" dir="0" index="1" bw="1" slack="0"/>
<pin id="837" dir="0" index="2" bw="8" slack="0"/>
<pin id="838" dir="1" index="3" bw="7" slack="0"/>
</pin_list>
<bind>
<opcode="getelementptr(29) " fcode="getelementptr"/>
<opset="K_tile_V_28_addr/3 "/>
</bind>
</comp>

<comp id="841" class="1004" name="store_ln133_access_fu_841">
<pin_list>
<pin id="842" dir="0" index="0" bw="7" slack="0"/>
<pin id="843" dir="0" index="1" bw="8" slack="1"/>
<pin id="844" dir="0" index="2" bw="0" slack="2147483647"/>
<pin id="845" dir="1" index="3" bw="8" slack="2147483647"/>
</pin_list>
<bind>
<opcode="store(28) " fcode="store"/>
<opset="store_ln133/3 "/>
</bind>
</comp>

<comp id="847" class="1004" name="K_tile_V_27_addr_gep_fu_847">
<pin_list>
<pin id="848" dir="0" index="0" bw="8" slack="0"/>
<pin id="849" dir="0" index="1" bw="1" slack="0"/>
<pin id="850" dir="0" index="2" bw="8" slack="0"/>
<pin id="851" dir="1" index="3" bw="7" slack="0"/>
</pin_list>
<bind>
<opcode="getelementptr(29) " fcode="getelementptr"/>
<opset="K_tile_V_27_addr/3 "/>
</bind>
</comp>

<comp id="854" class="1004" name="store_ln133_access_fu_854">
<pin_list>
<pin id="855" dir="0" index="0" bw="7" slack="0"/>
<pin id="856" dir="0" index="1" bw="8" slack="1"/>
<pin id="857" dir="0" index="2" bw="0" slack="2147483647"/>
<pin id="858" dir="1" index="3" bw="8" slack="2147483647"/>
</pin_list>
<bind>
<opcode="store(28) " fcode="store"/>
<opset="store_ln133/3 "/>
</bind>
</comp>

<comp id="860" class="1004" name="K_tile_V_26_addr_gep_fu_860">
<pin_list>
<pin id="861" dir="0" index="0" bw="8" slack="0"/>
<pin id="862" dir="0" index="1" bw="1" slack="0"/>
<pin id="863" dir="0" index="2" bw="8" slack="0"/>
<pin id="864" dir="1" index="3" bw="7" slack="0"/>
</pin_list>
<bind>
<opcode="getelementptr(29) " fcode="getelementptr"/>
<opset="K_tile_V_26_addr/3 "/>
</bind>
</comp>

<comp id="867" class="1004" name="store_ln133_access_fu_867">
<pin_list>
<pin id="868" dir="0" index="0" bw="7" slack="0"/>
<pin id="869" dir="0" index="1" bw="8" slack="1"/>
<pin id="870" dir="0" index="2" bw="0" slack="2147483647"/>
<pin id="871" dir="1" index="3" bw="8" slack="2147483647"/>
</pin_list>
<bind>
<opcode="store(28) " fcode="store"/>
<opset="store_ln133/3 "/>
</bind>
</comp>

<comp id="873" class="1004" name="K_tile_V_25_addr_gep_fu_873">
<pin_list>
<pin id="874" dir="0" index="0" bw="8" slack="0"/>
<pin id="875" dir="0" index="1" bw="1" slack="0"/>
<pin id="876" dir="0" index="2" bw="8" slack="0"/>
<pin id="877" dir="1" index="3" bw="7" slack="0"/>
</pin_list>
<bind>
<opcode="getelementptr(29) " fcode="getelementptr"/>
<opset="K_tile_V_25_addr/3 "/>
</bind>
</comp>

<comp id="880" class="1004" name="store_ln133_access_fu_880">
<pin_list>
<pin id="881" dir="0" index="0" bw="7" slack="0"/>
<pin id="882" dir="0" index="1" bw="8" slack="1"/>
<pin id="883" dir="0" index="2" bw="0" slack="2147483647"/>
<pin id="884" dir="1" index="3" bw="8" slack="2147483647"/>
</pin_list>
<bind>
<opcode="store(28) " fcode="store"/>
<opset="store_ln133/3 "/>
</bind>
</comp>

<comp id="886" class="1004" name="K_tile_V_24_addr_gep_fu_886">
<pin_list>
<pin id="887" dir="0" index="0" bw="8" slack="0"/>
<pin id="888" dir="0" index="1" bw="1" slack="0"/>
<pin id="889" dir="0" index="2" bw="8" slack="0"/>
<pin id="890" dir="1" index="3" bw="7" slack="0"/>
</pin_list>
<bind>
<opcode="getelementptr(29) " fcode="getelementptr"/>
<opset="K_tile_V_24_addr/3 "/>
</bind>
</comp>

<comp id="893" class="1004" name="store_ln133_access_fu_893">
<pin_list>
<pin id="894" dir="0" index="0" bw="7" slack="0"/>
<pin id="895" dir="0" index="1" bw="8" slack="1"/>
<pin id="896" dir="0" index="2" bw="0" slack="2147483647"/>
<pin id="897" dir="1" index="3" bw="8" slack="2147483647"/>
</pin_list>
<bind>
<opcode="store(28) " fcode="store"/>
<opset="store_ln133/3 "/>
</bind>
</comp>

<comp id="899" class="1004" name="K_tile_V_23_addr_gep_fu_899">
<pin_list>
<pin id="900" dir="0" index="0" bw="8" slack="0"/>
<pin id="901" dir="0" index="1" bw="1" slack="0"/>
<pin id="902" dir="0" index="2" bw="8" slack="0"/>
<pin id="903" dir="1" index="3" bw="7" slack="0"/>
</pin_list>
<bind>
<opcode="getelementptr(29) " fcode="getelementptr"/>
<opset="K_tile_V_23_addr/3 "/>
</bind>
</comp>

<comp id="906" class="1004" name="store_ln133_access_fu_906">
<pin_list>
<pin id="907" dir="0" index="0" bw="7" slack="0"/>
<pin id="908" dir="0" index="1" bw="8" slack="1"/>
<pin id="909" dir="0" index="2" bw="0" slack="2147483647"/>
<pin id="910" dir="1" index="3" bw="8" slack="2147483647"/>
</pin_list>
<bind>
<opcode="store(28) " fcode="store"/>
<opset="store_ln133/3 "/>
</bind>
</comp>

<comp id="912" class="1004" name="K_tile_V_22_addr_gep_fu_912">
<pin_list>
<pin id="913" dir="0" index="0" bw="8" slack="0"/>
<pin id="914" dir="0" index="1" bw="1" slack="0"/>
<pin id="915" dir="0" index="2" bw="8" slack="0"/>
<pin id="916" dir="1" index="3" bw="7" slack="0"/>
</pin_list>
<bind>
<opcode="getelementptr(29) " fcode="getelementptr"/>
<opset="K_tile_V_22_addr/3 "/>
</bind>
</comp>

<comp id="919" class="1004" name="store_ln133_access_fu_919">
<pin_list>
<pin id="920" dir="0" index="0" bw="7" slack="0"/>
<pin id="921" dir="0" index="1" bw="8" slack="1"/>
<pin id="922" dir="0" index="2" bw="0" slack="2147483647"/>
<pin id="923" dir="1" index="3" bw="8" slack="2147483647"/>
</pin_list>
<bind>
<opcode="store(28) " fcode="store"/>
<opset="store_ln133/3 "/>
</bind>
</comp>

<comp id="925" class="1004" name="K_tile_V_21_addr_gep_fu_925">
<pin_list>
<pin id="926" dir="0" index="0" bw="8" slack="0"/>
<pin id="927" dir="0" index="1" bw="1" slack="0"/>
<pin id="928" dir="0" index="2" bw="8" slack="0"/>
<pin id="929" dir="1" index="3" bw="7" slack="0"/>
</pin_list>
<bind>
<opcode="getelementptr(29) " fcode="getelementptr"/>
<opset="K_tile_V_21_addr/3 "/>
</bind>
</comp>

<comp id="932" class="1004" name="store_ln133_access_fu_932">
<pin_list>
<pin id="933" dir="0" index="0" bw="7" slack="0"/>
<pin id="934" dir="0" index="1" bw="8" slack="1"/>
<pin id="935" dir="0" index="2" bw="0" slack="2147483647"/>
<pin id="936" dir="1" index="3" bw="8" slack="2147483647"/>
</pin_list>
<bind>
<opcode="store(28) " fcode="store"/>
<opset="store_ln133/3 "/>
</bind>
</comp>

<comp id="938" class="1004" name="K_tile_V_20_addr_gep_fu_938">
<pin_list>
<pin id="939" dir="0" index="0" bw="8" slack="0"/>
<pin id="940" dir="0" index="1" bw="1" slack="0"/>
<pin id="941" dir="0" index="2" bw="8" slack="0"/>
<pin id="942" dir="1" index="3" bw="7" slack="0"/>
</pin_list>
<bind>
<opcode="getelementptr(29) " fcode="getelementptr"/>
<opset="K_tile_V_20_addr/3 "/>
</bind>
</comp>

<comp id="945" class="1004" name="store_ln133_access_fu_945">
<pin_list>
<pin id="946" dir="0" index="0" bw="7" slack="0"/>
<pin id="947" dir="0" index="1" bw="8" slack="1"/>
<pin id="948" dir="0" index="2" bw="0" slack="2147483647"/>
<pin id="949" dir="1" index="3" bw="8" slack="2147483647"/>
</pin_list>
<bind>
<opcode="store(28) " fcode="store"/>
<opset="store_ln133/3 "/>
</bind>
</comp>

<comp id="951" class="1004" name="K_tile_V_19_addr_gep_fu_951">
<pin_list>
<pin id="952" dir="0" index="0" bw="8" slack="0"/>
<pin id="953" dir="0" index="1" bw="1" slack="0"/>
<pin id="954" dir="0" index="2" bw="8" slack="0"/>
<pin id="955" dir="1" index="3" bw="7" slack="0"/>
</pin_list>
<bind>
<opcode="getelementptr(29) " fcode="getelementptr"/>
<opset="K_tile_V_19_addr/3 "/>
</bind>
</comp>

<comp id="958" class="1004" name="store_ln133_access_fu_958">
<pin_list>
<pin id="959" dir="0" index="0" bw="7" slack="0"/>
<pin id="960" dir="0" index="1" bw="8" slack="1"/>
<pin id="961" dir="0" index="2" bw="0" slack="2147483647"/>
<pin id="962" dir="1" index="3" bw="8" slack="2147483647"/>
</pin_list>
<bind>
<opcode="store(28) " fcode="store"/>
<opset="store_ln133/3 "/>
</bind>
</comp>

<comp id="964" class="1004" name="K_tile_V_18_addr_gep_fu_964">
<pin_list>
<pin id="965" dir="0" index="0" bw="8" slack="0"/>
<pin id="966" dir="0" index="1" bw="1" slack="0"/>
<pin id="967" dir="0" index="2" bw="8" slack="0"/>
<pin id="968" dir="1" index="3" bw="7" slack="0"/>
</pin_list>
<bind>
<opcode="getelementptr(29) " fcode="getelementptr"/>
<opset="K_tile_V_18_addr/3 "/>
</bind>
</comp>

<comp id="971" class="1004" name="store_ln133_access_fu_971">
<pin_list>
<pin id="972" dir="0" index="0" bw="7" slack="0"/>
<pin id="973" dir="0" index="1" bw="8" slack="1"/>
<pin id="974" dir="0" index="2" bw="0" slack="2147483647"/>
<pin id="975" dir="1" index="3" bw="8" slack="2147483647"/>
</pin_list>
<bind>
<opcode="store(28) " fcode="store"/>
<opset="store_ln133/3 "/>
</bind>
</comp>

<comp id="977" class="1004" name="K_tile_V_17_addr_gep_fu_977">
<pin_list>
<pin id="978" dir="0" index="0" bw="8" slack="0"/>
<pin id="979" dir="0" index="1" bw="1" slack="0"/>
<pin id="980" dir="0" index="2" bw="8" slack="0"/>
<pin id="981" dir="1" index="3" bw="7" slack="0"/>
</pin_list>
<bind>
<opcode="getelementptr(29) " fcode="getelementptr"/>
<opset="K_tile_V_17_addr/3 "/>
</bind>
</comp>

<comp id="984" class="1004" name="store_ln133_access_fu_984">
<pin_list>
<pin id="985" dir="0" index="0" bw="7" slack="0"/>
<pin id="986" dir="0" index="1" bw="8" slack="1"/>
<pin id="987" dir="0" index="2" bw="0" slack="2147483647"/>
<pin id="988" dir="1" index="3" bw="8" slack="2147483647"/>
</pin_list>
<bind>
<opcode="store(28) " fcode="store"/>
<opset="store_ln133/3 "/>
</bind>
</comp>

<comp id="990" class="1004" name="K_tile_V_16_addr_gep_fu_990">
<pin_list>
<pin id="991" dir="0" index="0" bw="8" slack="0"/>
<pin id="992" dir="0" index="1" bw="1" slack="0"/>
<pin id="993" dir="0" index="2" bw="8" slack="0"/>
<pin id="994" dir="1" index="3" bw="7" slack="0"/>
</pin_list>
<bind>
<opcode="getelementptr(29) " fcode="getelementptr"/>
<opset="K_tile_V_16_addr/3 "/>
</bind>
</comp>

<comp id="997" class="1004" name="store_ln133_access_fu_997">
<pin_list>
<pin id="998" dir="0" index="0" bw="7" slack="0"/>
<pin id="999" dir="0" index="1" bw="8" slack="1"/>
<pin id="1000" dir="0" index="2" bw="0" slack="2147483647"/>
<pin id="1001" dir="1" index="3" bw="8" slack="2147483647"/>
</pin_list>
<bind>
<opcode="store(28) " fcode="store"/>
<opset="store_ln133/3 "/>
</bind>
</comp>

<comp id="1003" class="1004" name="K_tile_V_15_addr_gep_fu_1003">
<pin_list>
<pin id="1004" dir="0" index="0" bw="8" slack="0"/>
<pin id="1005" dir="0" index="1" bw="1" slack="0"/>
<pin id="1006" dir="0" index="2" bw="8" slack="0"/>
<pin id="1007" dir="1" index="3" bw="7" slack="0"/>
</pin_list>
<bind>
<opcode="getelementptr(29) " fcode="getelementptr"/>
<opset="K_tile_V_15_addr/3 "/>
</bind>
</comp>

<comp id="1010" class="1004" name="store_ln133_access_fu_1010">
<pin_list>
<pin id="1011" dir="0" index="0" bw="7" slack="0"/>
<pin id="1012" dir="0" index="1" bw="8" slack="1"/>
<pin id="1013" dir="0" index="2" bw="0" slack="2147483647"/>
<pin id="1014" dir="1" index="3" bw="8" slack="2147483647"/>
</pin_list>
<bind>
<opcode="store(28) " fcode="store"/>
<opset="store_ln133/3 "/>
</bind>
</comp>

<comp id="1016" class="1004" name="K_tile_V_14_addr_gep_fu_1016">
<pin_list>
<pin id="1017" dir="0" index="0" bw="8" slack="0"/>
<pin id="1018" dir="0" index="1" bw="1" slack="0"/>
<pin id="1019" dir="0" index="2" bw="8" slack="0"/>
<pin id="1020" dir="1" index="3" bw="7" slack="0"/>
</pin_list>
<bind>
<opcode="getelementptr(29) " fcode="getelementptr"/>
<opset="K_tile_V_14_addr/3 "/>
</bind>
</comp>

<comp id="1023" class="1004" name="store_ln133_access_fu_1023">
<pin_list>
<pin id="1024" dir="0" index="0" bw="7" slack="0"/>
<pin id="1025" dir="0" index="1" bw="8" slack="1"/>
<pin id="1026" dir="0" index="2" bw="0" slack="2147483647"/>
<pin id="1027" dir="1" index="3" bw="8" slack="2147483647"/>
</pin_list>
<bind>
<opcode="store(28) " fcode="store"/>
<opset="store_ln133/3 "/>
</bind>
</comp>

<comp id="1029" class="1004" name="K_tile_V_13_addr_gep_fu_1029">
<pin_list>
<pin id="1030" dir="0" index="0" bw="8" slack="0"/>
<pin id="1031" dir="0" index="1" bw="1" slack="0"/>
<pin id="1032" dir="0" index="2" bw="8" slack="0"/>
<pin id="1033" dir="1" index="3" bw="7" slack="0"/>
</pin_list>
<bind>
<opcode="getelementptr(29) " fcode="getelementptr"/>
<opset="K_tile_V_13_addr/3 "/>
</bind>
</comp>

<comp id="1036" class="1004" name="store_ln133_access_fu_1036">
<pin_list>
<pin id="1037" dir="0" index="0" bw="7" slack="0"/>
<pin id="1038" dir="0" index="1" bw="8" slack="1"/>
<pin id="1039" dir="0" index="2" bw="0" slack="2147483647"/>
<pin id="1040" dir="1" index="3" bw="8" slack="2147483647"/>
</pin_list>
<bind>
<opcode="store(28) " fcode="store"/>
<opset="store_ln133/3 "/>
</bind>
</comp>

<comp id="1042" class="1004" name="K_tile_V_12_addr_gep_fu_1042">
<pin_list>
<pin id="1043" dir="0" index="0" bw="8" slack="0"/>
<pin id="1044" dir="0" index="1" bw="1" slack="0"/>
<pin id="1045" dir="0" index="2" bw="8" slack="0"/>
<pin id="1046" dir="1" index="3" bw="7" slack="0"/>
</pin_list>
<bind>
<opcode="getelementptr(29) " fcode="getelementptr"/>
<opset="K_tile_V_12_addr/3 "/>
</bind>
</comp>

<comp id="1049" class="1004" name="store_ln133_access_fu_1049">
<pin_list>
<pin id="1050" dir="0" index="0" bw="7" slack="0"/>
<pin id="1051" dir="0" index="1" bw="8" slack="1"/>
<pin id="1052" dir="0" index="2" bw="0" slack="2147483647"/>
<pin id="1053" dir="1" index="3" bw="8" slack="2147483647"/>
</pin_list>
<bind>
<opcode="store(28) " fcode="store"/>
<opset="store_ln133/3 "/>
</bind>
</comp>

<comp id="1055" class="1004" name="K_tile_V_11_addr_gep_fu_1055">
<pin_list>
<pin id="1056" dir="0" index="0" bw="8" slack="0"/>
<pin id="1057" dir="0" index="1" bw="1" slack="0"/>
<pin id="1058" dir="0" index="2" bw="8" slack="0"/>
<pin id="1059" dir="1" index="3" bw="7" slack="0"/>
</pin_list>
<bind>
<opcode="getelementptr(29) " fcode="getelementptr"/>
<opset="K_tile_V_11_addr/3 "/>
</bind>
</comp>

<comp id="1062" class="1004" name="store_ln133_access_fu_1062">
<pin_list>
<pin id="1063" dir="0" index="0" bw="7" slack="0"/>
<pin id="1064" dir="0" index="1" bw="8" slack="1"/>
<pin id="1065" dir="0" index="2" bw="0" slack="2147483647"/>
<pin id="1066" dir="1" index="3" bw="8" slack="2147483647"/>
</pin_list>
<bind>
<opcode="store(28) " fcode="store"/>
<opset="store_ln133/3 "/>
</bind>
</comp>

<comp id="1068" class="1004" name="K_tile_V_10_addr_gep_fu_1068">
<pin_list>
<pin id="1069" dir="0" index="0" bw="8" slack="0"/>
<pin id="1070" dir="0" index="1" bw="1" slack="0"/>
<pin id="1071" dir="0" index="2" bw="8" slack="0"/>
<pin id="1072" dir="1" index="3" bw="7" slack="0"/>
</pin_list>
<bind>
<opcode="getelementptr(29) " fcode="getelementptr"/>
<opset="K_tile_V_10_addr/3 "/>
</bind>
</comp>

<comp id="1075" class="1004" name="store_ln133_access_fu_1075">
<pin_list>
<pin id="1076" dir="0" index="0" bw="7" slack="0"/>
<pin id="1077" dir="0" index="1" bw="8" slack="1"/>
<pin id="1078" dir="0" index="2" bw="0" slack="2147483647"/>
<pin id="1079" dir="1" index="3" bw="8" slack="2147483647"/>
</pin_list>
<bind>
<opcode="store(28) " fcode="store"/>
<opset="store_ln133/3 "/>
</bind>
</comp>

<comp id="1081" class="1004" name="K_tile_V_9_addr_gep_fu_1081">
<pin_list>
<pin id="1082" dir="0" index="0" bw="8" slack="0"/>
<pin id="1083" dir="0" index="1" bw="1" slack="0"/>
<pin id="1084" dir="0" index="2" bw="8" slack="0"/>
<pin id="1085" dir="1" index="3" bw="7" slack="0"/>
</pin_list>
<bind>
<opcode="getelementptr(29) " fcode="getelementptr"/>
<opset="K_tile_V_9_addr/3 "/>
</bind>
</comp>

<comp id="1088" class="1004" name="store_ln133_access_fu_1088">
<pin_list>
<pin id="1089" dir="0" index="0" bw="7" slack="0"/>
<pin id="1090" dir="0" index="1" bw="8" slack="1"/>
<pin id="1091" dir="0" index="2" bw="0" slack="2147483647"/>
<pin id="1092" dir="1" index="3" bw="8" slack="2147483647"/>
</pin_list>
<bind>
<opcode="store(28) " fcode="store"/>
<opset="store_ln133/3 "/>
</bind>
</comp>

<comp id="1094" class="1004" name="K_tile_V_8_addr_gep_fu_1094">
<pin_list>
<pin id="1095" dir="0" index="0" bw="8" slack="0"/>
<pin id="1096" dir="0" index="1" bw="1" slack="0"/>
<pin id="1097" dir="0" index="2" bw="8" slack="0"/>
<pin id="1098" dir="1" index="3" bw="7" slack="0"/>
</pin_list>
<bind>
<opcode="getelementptr(29) " fcode="getelementptr"/>
<opset="K_tile_V_8_addr/3 "/>
</bind>
</comp>

<comp id="1101" class="1004" name="store_ln133_access_fu_1101">
<pin_list>
<pin id="1102" dir="0" index="0" bw="7" slack="0"/>
<pin id="1103" dir="0" index="1" bw="8" slack="1"/>
<pin id="1104" dir="0" index="2" bw="0" slack="2147483647"/>
<pin id="1105" dir="1" index="3" bw="8" slack="2147483647"/>
</pin_list>
<bind>
<opcode="store(28) " fcode="store"/>
<opset="store_ln133/3 "/>
</bind>
</comp>

<comp id="1107" class="1004" name="K_tile_V_7_addr_gep_fu_1107">
<pin_list>
<pin id="1108" dir="0" index="0" bw="8" slack="0"/>
<pin id="1109" dir="0" index="1" bw="1" slack="0"/>
<pin id="1110" dir="0" index="2" bw="8" slack="0"/>
<pin id="1111" dir="1" index="3" bw="7" slack="0"/>
</pin_list>
<bind>
<opcode="getelementptr(29) " fcode="getelementptr"/>
<opset="K_tile_V_7_addr/3 "/>
</bind>
</comp>

<comp id="1114" class="1004" name="store_ln133_access_fu_1114">
<pin_list>
<pin id="1115" dir="0" index="0" bw="7" slack="0"/>
<pin id="1116" dir="0" index="1" bw="8" slack="1"/>
<pin id="1117" dir="0" index="2" bw="0" slack="2147483647"/>
<pin id="1118" dir="1" index="3" bw="8" slack="2147483647"/>
</pin_list>
<bind>
<opcode="store(28) " fcode="store"/>
<opset="store_ln133/3 "/>
</bind>
</comp>

<comp id="1120" class="1004" name="K_tile_V_6_addr_gep_fu_1120">
<pin_list>
<pin id="1121" dir="0" index="0" bw="8" slack="0"/>
<pin id="1122" dir="0" index="1" bw="1" slack="0"/>
<pin id="1123" dir="0" index="2" bw="8" slack="0"/>
<pin id="1124" dir="1" index="3" bw="7" slack="0"/>
</pin_list>
<bind>
<opcode="getelementptr(29) " fcode="getelementptr"/>
<opset="K_tile_V_6_addr/3 "/>
</bind>
</comp>

<comp id="1127" class="1004" name="store_ln133_access_fu_1127">
<pin_list>
<pin id="1128" dir="0" index="0" bw="7" slack="0"/>
<pin id="1129" dir="0" index="1" bw="8" slack="1"/>
<pin id="1130" dir="0" index="2" bw="0" slack="2147483647"/>
<pin id="1131" dir="1" index="3" bw="8" slack="2147483647"/>
</pin_list>
<bind>
<opcode="store(28) " fcode="store"/>
<opset="store_ln133/3 "/>
</bind>
</comp>

<comp id="1133" class="1004" name="K_tile_V_5_addr_gep_fu_1133">
<pin_list>
<pin id="1134" dir="0" index="0" bw="8" slack="0"/>
<pin id="1135" dir="0" index="1" bw="1" slack="0"/>
<pin id="1136" dir="0" index="2" bw="8" slack="0"/>
<pin id="1137" dir="1" index="3" bw="7" slack="0"/>
</pin_list>
<bind>
<opcode="getelementptr(29) " fcode="getelementptr"/>
<opset="K_tile_V_5_addr/3 "/>
</bind>
</comp>

<comp id="1140" class="1004" name="store_ln133_access_fu_1140">
<pin_list>
<pin id="1141" dir="0" index="0" bw="7" slack="0"/>
<pin id="1142" dir="0" index="1" bw="8" slack="1"/>
<pin id="1143" dir="0" index="2" bw="0" slack="2147483647"/>
<pin id="1144" dir="1" index="3" bw="8" slack="2147483647"/>
</pin_list>
<bind>
<opcode="store(28) " fcode="store"/>
<opset="store_ln133/3 "/>
</bind>
</comp>

<comp id="1146" class="1004" name="K_tile_V_4_addr_gep_fu_1146">
<pin_list>
<pin id="1147" dir="0" index="0" bw="8" slack="0"/>
<pin id="1148" dir="0" index="1" bw="1" slack="0"/>
<pin id="1149" dir="0" index="2" bw="8" slack="0"/>
<pin id="1150" dir="1" index="3" bw="7" slack="0"/>
</pin_list>
<bind>
<opcode="getelementptr(29) " fcode="getelementptr"/>
<opset="K_tile_V_4_addr/3 "/>
</bind>
</comp>

<comp id="1153" class="1004" name="store_ln133_access_fu_1153">
<pin_list>
<pin id="1154" dir="0" index="0" bw="7" slack="0"/>
<pin id="1155" dir="0" index="1" bw="8" slack="1"/>
<pin id="1156" dir="0" index="2" bw="0" slack="2147483647"/>
<pin id="1157" dir="1" index="3" bw="8" slack="2147483647"/>
</pin_list>
<bind>
<opcode="store(28) " fcode="store"/>
<opset="store_ln133/3 "/>
</bind>
</comp>

<comp id="1159" class="1004" name="K_tile_V_3_addr_gep_fu_1159">
<pin_list>
<pin id="1160" dir="0" index="0" bw="8" slack="0"/>
<pin id="1161" dir="0" index="1" bw="1" slack="0"/>
<pin id="1162" dir="0" index="2" bw="8" slack="0"/>
<pin id="1163" dir="1" index="3" bw="7" slack="0"/>
</pin_list>
<bind>
<opcode="getelementptr(29) " fcode="getelementptr"/>
<opset="K_tile_V_3_addr/3 "/>
</bind>
</comp>

<comp id="1166" class="1004" name="store_ln133_access_fu_1166">
<pin_list>
<pin id="1167" dir="0" index="0" bw="7" slack="0"/>
<pin id="1168" dir="0" index="1" bw="8" slack="1"/>
<pin id="1169" dir="0" index="2" bw="0" slack="2147483647"/>
<pin id="1170" dir="1" index="3" bw="8" slack="2147483647"/>
</pin_list>
<bind>
<opcode="store(28) " fcode="store"/>
<opset="store_ln133/3 "/>
</bind>
</comp>

<comp id="1172" class="1004" name="K_tile_V_2_addr_gep_fu_1172">
<pin_list>
<pin id="1173" dir="0" index="0" bw="8" slack="0"/>
<pin id="1174" dir="0" index="1" bw="1" slack="0"/>
<pin id="1175" dir="0" index="2" bw="8" slack="0"/>
<pin id="1176" dir="1" index="3" bw="7" slack="0"/>
</pin_list>
<bind>
<opcode="getelementptr(29) " fcode="getelementptr"/>
<opset="K_tile_V_2_addr/3 "/>
</bind>
</comp>

<comp id="1179" class="1004" name="store_ln133_access_fu_1179">
<pin_list>
<pin id="1180" dir="0" index="0" bw="7" slack="0"/>
<pin id="1181" dir="0" index="1" bw="8" slack="1"/>
<pin id="1182" dir="0" index="2" bw="0" slack="2147483647"/>
<pin id="1183" dir="1" index="3" bw="8" slack="2147483647"/>
</pin_list>
<bind>
<opcode="store(28) " fcode="store"/>
<opset="store_ln133/3 "/>
</bind>
</comp>

<comp id="1185" class="1004" name="K_tile_V_1_addr_gep_fu_1185">
<pin_list>
<pin id="1186" dir="0" index="0" bw="8" slack="0"/>
<pin id="1187" dir="0" index="1" bw="1" slack="0"/>
<pin id="1188" dir="0" index="2" bw="8" slack="0"/>
<pin id="1189" dir="1" index="3" bw="7" slack="0"/>
</pin_list>
<bind>
<opcode="getelementptr(29) " fcode="getelementptr"/>
<opset="K_tile_V_1_addr/3 "/>
</bind>
</comp>

<comp id="1192" class="1004" name="store_ln133_access_fu_1192">
<pin_list>
<pin id="1193" dir="0" index="0" bw="7" slack="0"/>
<pin id="1194" dir="0" index="1" bw="8" slack="1"/>
<pin id="1195" dir="0" index="2" bw="0" slack="2147483647"/>
<pin id="1196" dir="1" index="3" bw="8" slack="2147483647"/>
</pin_list>
<bind>
<opcode="store(28) " fcode="store"/>
<opset="store_ln133/3 "/>
</bind>
</comp>

<comp id="1198" class="1004" name="K_tile_V_addr_gep_fu_1198">
<pin_list>
<pin id="1199" dir="0" index="0" bw="8" slack="0"/>
<pin id="1200" dir="0" index="1" bw="1" slack="0"/>
<pin id="1201" dir="0" index="2" bw="8" slack="0"/>
<pin id="1202" dir="1" index="3" bw="7" slack="0"/>
</pin_list>
<bind>
<opcode="getelementptr(29) " fcode="getelementptr"/>
<opset="K_tile_V_addr/3 "/>
</bind>
</comp>

<comp id="1205" class="1004" name="store_ln133_access_fu_1205">
<pin_list>
<pin id="1206" dir="0" index="0" bw="7" slack="0"/>
<pin id="1207" dir="0" index="1" bw="8" slack="1"/>
<pin id="1208" dir="0" index="2" bw="0" slack="2147483647"/>
<pin id="1209" dir="1" index="3" bw="8" slack="2147483647"/>
</pin_list>
<bind>
<opcode="store(28) " fcode="store"/>
<opset="store_ln133/3 "/>
</bind>
</comp>

<comp id="1211" class="1004" name="K_tile_V_63_addr_gep_fu_1211">
<pin_list>
<pin id="1212" dir="0" index="0" bw="8" slack="0"/>
<pin id="1213" dir="0" index="1" bw="1" slack="0"/>
<pin id="1214" dir="0" index="2" bw="8" slack="0"/>
<pin id="1215" dir="1" index="3" bw="7" slack="0"/>
</pin_list>
<bind>
<opcode="getelementptr(29) " fcode="getelementptr"/>
<opset="K_tile_V_63_addr/3 "/>
</bind>
</comp>

<comp id="1218" class="1004" name="store_ln133_access_fu_1218">
<pin_list>
<pin id="1219" dir="0" index="0" bw="7" slack="0"/>
<pin id="1220" dir="0" index="1" bw="8" slack="1"/>
<pin id="1221" dir="0" index="2" bw="0" slack="2147483647"/>
<pin id="1222" dir="1" index="3" bw="8" slack="2147483647"/>
</pin_list>
<bind>
<opcode="store(28) " fcode="store"/>
<opset="store_ln133/3 "/>
</bind>
</comp>

<comp id="1224" class="1004" name="V_tile_V_addr_gep_fu_1224">
<pin_list>
<pin id="1225" dir="0" index="0" bw="8" slack="0"/>
<pin id="1226" dir="0" index="1" bw="1" slack="0"/>
<pin id="1227" dir="0" index="2" bw="10" slack="0"/>
<pin id="1228" dir="1" index="3" bw="10" slack="0"/>
</pin_list>
<bind>
<opcode="getelementptr(29) " fcode="getelementptr"/>
<opset="V_tile_V_addr/3 "/>
</bind>
</comp>

<comp id="1231" class="1004" name="V_tile_V_1_addr_gep_fu_1231">
<pin_list>
<pin id="1232" dir="0" index="0" bw="8" slack="0"/>
<pin id="1233" dir="0" index="1" bw="1" slack="0"/>
<pin id="1234" dir="0" index="2" bw="10" slack="0"/>
<pin id="1235" dir="1" index="3" bw="10" slack="0"/>
</pin_list>
<bind>
<opcode="getelementptr(29) " fcode="getelementptr"/>
<opset="V_tile_V_1_addr/3 "/>
</bind>
</comp>

<comp id="1238" class="1004" name="V_tile_V_2_addr_gep_fu_1238">
<pin_list>
<pin id="1239" dir="0" index="0" bw="8" slack="0"/>
<pin id="1240" dir="0" index="1" bw="1" slack="0"/>
<pin id="1241" dir="0" index="2" bw="10" slack="0"/>
<pin id="1242" dir="1" index="3" bw="10" slack="0"/>
</pin_list>
<bind>
<opcode="getelementptr(29) " fcode="getelementptr"/>
<opset="V_tile_V_2_addr/3 "/>
</bind>
</comp>

<comp id="1245" class="1004" name="V_tile_V_3_addr_gep_fu_1245">
<pin_list>
<pin id="1246" dir="0" index="0" bw="8" slack="0"/>
<pin id="1247" dir="0" index="1" bw="1" slack="0"/>
<pin id="1248" dir="0" index="2" bw="10" slack="0"/>
<pin id="1249" dir="1" index="3" bw="10" slack="0"/>
</pin_list>
<bind>
<opcode="getelementptr(29) " fcode="getelementptr"/>
<opset="V_tile_V_3_addr/3 "/>
</bind>
</comp>

<comp id="1252" class="1004" name="V_tile_V_4_addr_gep_fu_1252">
<pin_list>
<pin id="1253" dir="0" index="0" bw="8" slack="0"/>
<pin id="1254" dir="0" index="1" bw="1" slack="0"/>
<pin id="1255" dir="0" index="2" bw="10" slack="0"/>
<pin id="1256" dir="1" index="3" bw="10" slack="0"/>
</pin_list>
<bind>
<opcode="getelementptr(29) " fcode="getelementptr"/>
<opset="V_tile_V_4_addr/3 "/>
</bind>
</comp>

<comp id="1259" class="1004" name="V_tile_V_5_addr_gep_fu_1259">
<pin_list>
<pin id="1260" dir="0" index="0" bw="8" slack="0"/>
<pin id="1261" dir="0" index="1" bw="1" slack="0"/>
<pin id="1262" dir="0" index="2" bw="10" slack="0"/>
<pin id="1263" dir="1" index="3" bw="10" slack="0"/>
</pin_list>
<bind>
<opcode="getelementptr(29) " fcode="getelementptr"/>
<opset="V_tile_V_5_addr/3 "/>
</bind>
</comp>

<comp id="1266" class="1004" name="V_tile_V_6_addr_gep_fu_1266">
<pin_list>
<pin id="1267" dir="0" index="0" bw="8" slack="0"/>
<pin id="1268" dir="0" index="1" bw="1" slack="0"/>
<pin id="1269" dir="0" index="2" bw="10" slack="0"/>
<pin id="1270" dir="1" index="3" bw="10" slack="0"/>
</pin_list>
<bind>
<opcode="getelementptr(29) " fcode="getelementptr"/>
<opset="V_tile_V_6_addr/3 "/>
</bind>
</comp>

<comp id="1273" class="1004" name="V_tile_V_7_addr_gep_fu_1273">
<pin_list>
<pin id="1274" dir="0" index="0" bw="8" slack="0"/>
<pin id="1275" dir="0" index="1" bw="1" slack="0"/>
<pin id="1276" dir="0" index="2" bw="10" slack="0"/>
<pin id="1277" dir="1" index="3" bw="10" slack="0"/>
</pin_list>
<bind>
<opcode="getelementptr(29) " fcode="getelementptr"/>
<opset="V_tile_V_7_addr/3 "/>
</bind>
</comp>

<comp id="1280" class="1004" name="store_ln134_access_fu_1280">
<pin_list>
<pin id="1281" dir="0" index="0" bw="10" slack="0"/>
<pin id="1282" dir="0" index="1" bw="8" slack="1"/>
<pin id="1283" dir="0" index="2" bw="0" slack="2147483647"/>
<pin id="1284" dir="1" index="3" bw="8" slack="2147483647"/>
</pin_list>
<bind>
<opcode="store(28) " fcode="store"/>
<opset="store_ln134/3 "/>
</bind>
</comp>

<comp id="1286" class="1004" name="store_ln134_access_fu_1286">
<pin_list>
<pin id="1287" dir="0" index="0" bw="10" slack="0"/>
<pin id="1288" dir="0" index="1" bw="8" slack="1"/>
<pin id="1289" dir="0" index="2" bw="0" slack="2147483647"/>
<pin id="1290" dir="1" index="3" bw="8" slack="2147483647"/>
</pin_list>
<bind>
<opcode="store(28) " fcode="store"/>
<opset="store_ln134/3 "/>
</bind>
</comp>

<comp id="1292" class="1004" name="store_ln134_access_fu_1292">
<pin_list>
<pin id="1293" dir="0" index="0" bw="10" slack="0"/>
<pin id="1294" dir="0" index="1" bw="8" slack="1"/>
<pin id="1295" dir="0" index="2" bw="0" slack="2147483647"/>
<pin id="1296" dir="1" index="3" bw="8" slack="2147483647"/>
</pin_list>
<bind>
<opcode="store(28) " fcode="store"/>
<opset="store_ln134/3 "/>
</bind>
</comp>

<comp id="1298" class="1004" name="store_ln134_access_fu_1298">
<pin_list>
<pin id="1299" dir="0" index="0" bw="10" slack="0"/>
<pin id="1300" dir="0" index="1" bw="8" slack="1"/>
<pin id="1301" dir="0" index="2" bw="0" slack="2147483647"/>
<pin id="1302" dir="1" index="3" bw="8" slack="2147483647"/>
</pin_list>
<bind>
<opcode="store(28) " fcode="store"/>
<opset="store_ln134/3 "/>
</bind>
</comp>

<comp id="1304" class="1004" name="store_ln134_access_fu_1304">
<pin_list>
<pin id="1305" dir="0" index="0" bw="10" slack="0"/>
<pin id="1306" dir="0" index="1" bw="8" slack="1"/>
<pin id="1307" dir="0" index="2" bw="0" slack="2147483647"/>
<pin id="1308" dir="1" index="3" bw="8" slack="2147483647"/>
</pin_list>
<bind>
<opcode="store(28) " fcode="store"/>
<opset="store_ln134/3 "/>
</bind>
</comp>

<comp id="1310" class="1004" name="store_ln134_access_fu_1310">
<pin_list>
<pin id="1311" dir="0" index="0" bw="10" slack="0"/>
<pin id="1312" dir="0" index="1" bw="8" slack="1"/>
<pin id="1313" dir="0" index="2" bw="0" slack="2147483647"/>
<pin id="1314" dir="1" index="3" bw="8" slack="2147483647"/>
</pin_list>
<bind>
<opcode="store(28) " fcode="store"/>
<opset="store_ln134/3 "/>
</bind>
</comp>

<comp id="1316" class="1004" name="store_ln134_access_fu_1316">
<pin_list>
<pin id="1317" dir="0" index="0" bw="10" slack="0"/>
<pin id="1318" dir="0" index="1" bw="8" slack="1"/>
<pin id="1319" dir="0" index="2" bw="0" slack="2147483647"/>
<pin id="1320" dir="1" index="3" bw="8" slack="2147483647"/>
</pin_list>
<bind>
<opcode="store(28) " fcode="store"/>
<opset="store_ln134/3 "/>
</bind>
</comp>

<comp id="1322" class="1004" name="store_ln134_access_fu_1322">
<pin_list>
<pin id="1323" dir="0" index="0" bw="10" slack="0"/>
<pin id="1324" dir="0" index="1" bw="8" slack="1"/>
<pin id="1325" dir="0" index="2" bw="0" slack="2147483647"/>
<pin id="1326" dir="1" index="3" bw="8" slack="2147483647"/>
</pin_list>
<bind>
<opcode="store(28) " fcode="store"/>
<opset="store_ln134/3 "/>
</bind>
</comp>

<comp id="1328" class="1004" name="store_ln0_store_fu_1328">
<pin_list>
<pin id="1329" dir="0" index="0" bw="1" slack="0"/>
<pin id="1330" dir="0" index="1" bw="14" slack="0"/>
<pin id="1331" dir="1" index="2" bw="0" slack="2147483647"/>
</pin_list>
<bind>
<opcode="store(28) " fcode="store"/>
<opset="store_ln0/1 "/>
</bind>
</comp>

<comp id="1333" class="1004" name="store_ln0_store_fu_1333">
<pin_list>
<pin id="1334" dir="0" index="0" bw="1" slack="0"/>
<pin id="1335" dir="0" index="1" bw="8" slack="0"/>
<pin id="1336" dir="1" index="2" bw="0" slack="2147483647"/>
</pin_list>
<bind>
<opcode="store(28) " fcode="store"/>
<opset="store_ln0/1 "/>
</bind>
</comp>

<comp id="1338" class="1004" name="store_ln0_store_fu_1338">
<pin_list>
<pin id="1339" dir="0" index="0" bw="1" slack="0"/>
<pin id="1340" dir="0" index="1" bw="7" slack="0"/>
<pin id="1341" dir="1" index="2" bw="0" slack="2147483647"/>
</pin_list>
<bind>
<opcode="store(28) " fcode="store"/>
<opset="store_ln0/1 "/>
</bind>
</comp>

<comp id="1343" class="1004" name="indvar_flatten134_load_load_fu_1343">
<pin_list>
<pin id="1344" dir="0" index="0" bw="14" slack="0"/>
<pin id="1345" dir="1" index="1" bw="14" slack="0"/>
</pin_list>
<bind>
<opcode="load(27) " fcode="load"/>
<opset="indvar_flatten134_load/1 "/>
</bind>
</comp>

<comp id="1346" class="1004" name="gmem1_addr_fu_1346">
<pin_list>
<pin id="1347" dir="0" index="0" bw="8" slack="0"/>
<pin id="1348" dir="0" index="1" bw="64" slack="0"/>
<pin id="1349" dir="1" index="2" bw="8" slack="1"/>
</pin_list>
<bind>
<opcode="getelementptr(29) " fcode="getelementptr"/>
<opset="gmem1_addr/1 "/>
</bind>
</comp>

<comp id="1352" class="1004" name="gmem2_addr_fu_1352">
<pin_list>
<pin id="1353" dir="0" index="0" bw="8" slack="0"/>
<pin id="1354" dir="0" index="1" bw="64" slack="0"/>
<pin id="1355" dir="1" index="2" bw="8" slack="1"/>
</pin_list>
<bind>
<opcode="getelementptr(29) " fcode="getelementptr"/>
<opset="gmem2_addr/1 "/>
</bind>
</comp>

<comp id="1358" class="1004" name="icmp_ln130_fu_1358">
<pin_list>
<pin id="1359" dir="0" index="0" bw="14" slack="0"/>
<pin id="1360" dir="0" index="1" bw="14" slack="0"/>
<pin id="1361" dir="1" index="2" bw="1" slack="1"/>
</pin_list>
<bind>
<opcode="icmp(45) " fcode="icmp"/>
<opset="icmp_ln130/1 "/>
</bind>
</comp>

<comp id="1364" class="1004" name="add_ln130_1_fu_1364">
<pin_list>
<pin id="1365" dir="0" index="0" bw="14" slack="0"/>
<pin id="1366" dir="0" index="1" bw="1" slack="0"/>
<pin id="1367" dir="1" index="2" bw="14" slack="0"/>
</pin_list>
<bind>
<opcode="add(8) " fcode="add"/>
<opset="add_ln130_1/1 "/>
</bind>
</comp>

<comp id="1370" class="1004" name="d_1_load_load_fu_1370">
<pin_list>
<pin id="1371" dir="0" index="0" bw="7" slack="0"/>
<pin id="1372" dir="1" index="1" bw="7" slack="0"/>
</pin_list>
<bind>
<opcode="load(27) " fcode="load"/>
<opset="d_1_load/1 "/>
</bind>
</comp>

<comp id="1373" class="1004" name="icmp_ln131_fu_1373">
<pin_list>
<pin id="1374" dir="0" index="0" bw="7" slack="0"/>
<pin id="1375" dir="0" index="1" bw="7" slack="0"/>
<pin id="1376" dir="1" index="2" bw="1" slack="0"/>
</pin_list>
<bind>
<opcode="icmp(45) " fcode="icmp"/>
<opset="icmp_ln131/1 "/>
</bind>
</comp>

<comp id="1379" class="1004" name="select_ln130_fu_1379">
<pin_list>
<pin id="1380" dir="0" index="0" bw="1" slack="0"/>
<pin id="1381" dir="0" index="1" bw="1" slack="0"/>
<pin id="1382" dir="0" index="2" bw="7" slack="0"/>
<pin id="1383" dir="1" index="3" bw="7" slack="0"/>
</pin_list>
<bind>
<opcode="select(49) " fcode="select"/>
<opset="select_ln130/1 "/>
</bind>
</comp>

<comp id="1387" class="1004" name="trunc_ln131_fu_1387">
<pin_list>
<pin id="1388" dir="0" index="0" bw="7" slack="0"/>
<pin id="1389" dir="1" index="1" bw="6" slack="2"/>
</pin_list>
<bind>
<opcode="trunc(33) " fcode="trunc"/>
<opset="trunc_ln131/1 "/>
</bind>
</comp>

<comp id="1391" class="1004" name="add_ln131_fu_1391">
<pin_list>
<pin id="1392" dir="0" index="0" bw="7" slack="0"/>
<pin id="1393" dir="0" index="1" bw="1" slack="0"/>
<pin id="1394" dir="1" index="2" bw="7" slack="0"/>
</pin_list>
<bind>
<opcode="add(8) " fcode="add"/>
<opset="add_ln131/1 "/>
</bind>
</comp>

<comp id="1397" class="1004" name="store_ln131_store_fu_1397">
<pin_list>
<pin id="1398" dir="0" index="0" bw="14" slack="0"/>
<pin id="1399" dir="0" index="1" bw="14" slack="0"/>
<pin id="1400" dir="1" index="2" bw="0" slack="2147483647"/>
</pin_list>
<bind>
<opcode="store(28) " fcode="store"/>
<opset="store_ln131/1 "/>
</bind>
</comp>

<comp id="1402" class="1004" name="store_ln131_store_fu_1402">
<pin_list>
<pin id="1403" dir="0" index="0" bw="7" slack="0"/>
<pin id="1404" dir="0" index="1" bw="7" slack="0"/>
<pin id="1405" dir="1" index="2" bw="0" slack="2147483647"/>
</pin_list>
<bind>
<opcode="store(28) " fcode="store"/>
<opset="store_ln131/1 "/>
</bind>
</comp>

<comp id="1407" class="1004" name="lshr_ln_fu_1407">
<pin_list>
<pin id="1408" dir="0" index="0" bw="3" slack="0"/>
<pin id="1409" dir="0" index="1" bw="7" slack="1"/>
<pin id="1410" dir="0" index="2" bw="3" slack="0"/>
<pin id="1411" dir="0" index="3" bw="4" slack="0"/>
<pin id="1412" dir="1" index="4" bw="3" slack="1"/>
</pin_list>
<bind>
<opcode="partselect(1002) " fcode="partselect"/>
<opset="lshr_ln/2 "/>
</bind>
</comp>

<comp id="1416" class="1004" name="trunc_ln134_1_fu_1416">
<pin_list>
<pin id="1417" dir="0" index="0" bw="7" slack="1"/>
<pin id="1418" dir="1" index="1" bw="3" slack="1"/>
</pin_list>
<bind>
<opcode="trunc(33) " fcode="trunc"/>
<opset="trunc_ln134_1/2 "/>
</bind>
</comp>

<comp id="1419" class="1004" name="j_load_load_fu_1419">
<pin_list>
<pin id="1420" dir="0" index="0" bw="8" slack="2"/>
<pin id="1421" dir="1" index="1" bw="8" slack="0"/>
</pin_list>
<bind>
<opcode="load(27) " fcode="load"/>
<opset="j_load/3 "/>
</bind>
</comp>

<comp id="1422" class="1004" name="add_ln130_fu_1422">
<pin_list>
<pin id="1423" dir="0" index="0" bw="8" slack="0"/>
<pin id="1424" dir="0" index="1" bw="1" slack="0"/>
<pin id="1425" dir="1" index="2" bw="8" slack="0"/>
</pin_list>
<bind>
<opcode="add(8) " fcode="add"/>
<opset="add_ln130/3 "/>
</bind>
</comp>

<comp id="1428" class="1004" name="select_ln130_1_fu_1428">
<pin_list>
<pin id="1429" dir="0" index="0" bw="1" slack="2"/>
<pin id="1430" dir="0" index="1" bw="8" slack="0"/>
<pin id="1431" dir="0" index="2" bw="8" slack="0"/>
<pin id="1432" dir="1" index="3" bw="8" slack="0"/>
</pin_list>
<bind>
<opcode="select(49) " fcode="select"/>
<opset="select_ln130_1/3 "/>
</bind>
</comp>

<comp id="1435" class="1004" name="zext_ln130_fu_1435">
<pin_list>
<pin id="1436" dir="0" index="0" bw="8" slack="0"/>
<pin id="1437" dir="1" index="1" bw="64" slack="0"/>
</pin_list>
<bind>
<opcode="zext(34) " fcode="zext"/>
<opset="zext_ln130/3 "/>
</bind>
</comp>

<comp id="1503" class="1004" name="trunc_ln134_fu_1503">
<pin_list>
<pin id="1504" dir="0" index="0" bw="8" slack="0"/>
<pin id="1505" dir="1" index="1" bw="7" slack="0"/>
</pin_list>
<bind>
<opcode="trunc(33) " fcode="trunc"/>
<opset="trunc_ln134/3 "/>
</bind>
</comp>

<comp id="1507" class="1004" name="tmp_s_fu_1507">
<pin_list>
<pin id="1508" dir="0" index="0" bw="10" slack="0"/>
<pin id="1509" dir="0" index="1" bw="7" slack="0"/>
<pin id="1510" dir="0" index="2" bw="3" slack="1"/>
<pin id="1511" dir="1" index="3" bw="10" slack="0"/>
</pin_list>
<bind>
<opcode="bitconcatenate(1004) " fcode="bitconcatenate"/>
<opset="tmp_s/3 "/>
</bind>
</comp>

<comp id="1514" class="1004" name="zext_ln134_fu_1514">
<pin_list>
<pin id="1515" dir="0" index="0" bw="10" slack="0"/>
<pin id="1516" dir="1" index="1" bw="64" slack="0"/>
</pin_list>
<bind>
<opcode="zext(34) " fcode="zext"/>
<opset="zext_ln134/3 "/>
</bind>
</comp>

<comp id="1526" class="1004" name="store_ln131_store_fu_1526">
<pin_list>
<pin id="1527" dir="0" index="0" bw="8" slack="0"/>
<pin id="1528" dir="0" index="1" bw="8" slack="2"/>
<pin id="1529" dir="1" index="2" bw="0" slack="2147483647"/>
</pin_list>
<bind>
<opcode="store(28) " fcode="store"/>
<opset="store_ln131/3 "/>
</bind>
</comp>

<comp id="1531" class="1005" name="d_1_reg_1531">
<pin_list>
<pin id="1532" dir="0" index="0" bw="7" slack="0"/>
<pin id="1533" dir="1" index="1" bw="7" slack="0"/>
</pin_list>
<bind>
<opset="d_1 "/>
</bind>
</comp>

<comp id="1538" class="1005" name="j_reg_1538">
<pin_list>
<pin id="1539" dir="0" index="0" bw="8" slack="0"/>
<pin id="1540" dir="1" index="1" bw="8" slack="0"/>
</pin_list>
<bind>
<opset="j "/>
</bind>
</comp>

<comp id="1545" class="1005" name="indvar_flatten134_reg_1545">
<pin_list>
<pin id="1546" dir="0" index="0" bw="14" slack="0"/>
<pin id="1547" dir="1" index="1" bw="14" slack="0"/>
</pin_list>
<bind>
<opset="indvar_flatten134 "/>
</bind>
</comp>

<comp id="1552" class="1005" name="gmem1_addr_reg_1552">
<pin_list>
<pin id="1553" dir="0" index="0" bw="8" slack="1"/>
<pin id="1554" dir="1" index="1" bw="8" slack="1"/>
</pin_list>
<bind>
<opset="gmem1_addr "/>
</bind>
</comp>

<comp id="1557" class="1005" name="gmem2_addr_reg_1557">
<pin_list>
<pin id="1558" dir="0" index="0" bw="8" slack="1"/>
<pin id="1559" dir="1" index="1" bw="8" slack="1"/>
</pin_list>
<bind>
<opset="gmem2_addr "/>
</bind>
</comp>

<comp id="1562" class="1005" name="icmp_ln130_reg_1562">
<pin_list>
<pin id="1563" dir="0" index="0" bw="1" slack="1"/>
<pin id="1564" dir="1" index="1" bw="1" slack="2147483647"/>
</pin_list>
<bind>
<opset="icmp_ln130 "/>
</bind>
</comp>

<comp id="1566" class="1005" name="icmp_ln131_reg_1566">
<pin_list>
<pin id="1567" dir="0" index="0" bw="1" slack="2"/>
<pin id="1568" dir="1" index="1" bw="1" slack="2"/>
</pin_list>
<bind>
<opset="icmp_ln131 "/>
</bind>
</comp>

<comp id="1571" class="1005" name="select_ln130_reg_1571">
<pin_list>
<pin id="1572" dir="0" index="0" bw="7" slack="1"/>
<pin id="1573" dir="1" index="1" bw="7" slack="1"/>
</pin_list>
<bind>
<opset="select_ln130 "/>
</bind>
</comp>

<comp id="1577" class="1005" name="trunc_ln131_reg_1577">
<pin_list>
<pin id="1578" dir="0" index="0" bw="6" slack="2"/>
<pin id="1579" dir="1" index="1" bw="6" slack="2147483647"/>
</pin_list>
<bind>
<opset="trunc_ln131 "/>
</bind>
</comp>

<comp id="1581" class="1005" name="gmem1_addr_read_reg_1581">
<pin_list>
<pin id="1582" dir="0" index="0" bw="8" slack="1"/>
<pin id="1583" dir="1" index="1" bw="8" slack="1"/>
</pin_list>
<bind>
<opset="gmem1_addr_read "/>
</bind>
</comp>

<comp id="1649" class="1005" name="lshr_ln_reg_1649">
<pin_list>
<pin id="1650" dir="0" index="0" bw="3" slack="1"/>
<pin id="1651" dir="1" index="1" bw="3" slack="1"/>
</pin_list>
<bind>
<opset="lshr_ln "/>
</bind>
</comp>

<comp id="1654" class="1005" name="gmem2_addr_read_reg_1654">
<pin_list>
<pin id="1655" dir="0" index="0" bw="8" slack="1"/>
<pin id="1656" dir="1" index="1" bw="8" slack="1"/>
</pin_list>
<bind>
<opset="gmem2_addr_read "/>
</bind>
</comp>

<comp id="1666" class="1005" name="trunc_ln134_1_reg_1666">
<pin_list>
<pin id="1667" dir="0" index="0" bw="3" slack="1"/>
<pin id="1668" dir="1" index="1" bw="3" slack="2147483647"/>
</pin_list>
<bind>
<opset="trunc_ln134_1 "/>
</bind>
</comp>

</comp_list>

<net_list>
<net id="361"><net_src comp="152" pin="0"/><net_sink comp="358" pin=0"/></net>

<net id="365"><net_src comp="152" pin="0"/><net_sink comp="362" pin=0"/></net>

<net id="369"><net_src comp="152" pin="0"/><net_sink comp="366" pin=0"/></net>

<net id="374"><net_src comp="174" pin="0"/><net_sink comp="370" pin=0"/></net>

<net id="375"><net_src comp="6" pin="0"/><net_sink comp="370" pin=1"/></net>

<net id="380"><net_src comp="174" pin="0"/><net_sink comp="376" pin=0"/></net>

<net id="381"><net_src comp="4" pin="0"/><net_sink comp="376" pin=1"/></net>

<net id="386"><net_src comp="318" pin="0"/><net_sink comp="382" pin=0"/></net>

<net id="391"><net_src comp="318" pin="0"/><net_sink comp="387" pin=0"/></net>

<net id="397"><net_src comp="148" pin="0"/><net_sink comp="392" pin=0"/></net>

<net id="398"><net_src comp="354" pin="0"/><net_sink comp="392" pin=1"/></net>

<net id="404"><net_src comp="392" pin="3"/><net_sink comp="399" pin=0"/></net>

<net id="410"><net_src comp="146" pin="0"/><net_sink comp="405" pin=0"/></net>

<net id="411"><net_src comp="354" pin="0"/><net_sink comp="405" pin=1"/></net>

<net id="417"><net_src comp="405" pin="3"/><net_sink comp="412" pin=0"/></net>

<net id="423"><net_src comp="144" pin="0"/><net_sink comp="418" pin=0"/></net>

<net id="424"><net_src comp="354" pin="0"/><net_sink comp="418" pin=1"/></net>

<net id="430"><net_src comp="418" pin="3"/><net_sink comp="425" pin=0"/></net>

<net id="436"><net_src comp="142" pin="0"/><net_sink comp="431" pin=0"/></net>

<net id="437"><net_src comp="354" pin="0"/><net_sink comp="431" pin=1"/></net>

<net id="443"><net_src comp="431" pin="3"/><net_sink comp="438" pin=0"/></net>

<net id="449"><net_src comp="140" pin="0"/><net_sink comp="444" pin=0"/></net>

<net id="450"><net_src comp="354" pin="0"/><net_sink comp="444" pin=1"/></net>

<net id="456"><net_src comp="444" pin="3"/><net_sink comp="451" pin=0"/></net>

<net id="462"><net_src comp="138" pin="0"/><net_sink comp="457" pin=0"/></net>

<net id="463"><net_src comp="354" pin="0"/><net_sink comp="457" pin=1"/></net>

<net id="469"><net_src comp="457" pin="3"/><net_sink comp="464" pin=0"/></net>

<net id="475"><net_src comp="136" pin="0"/><net_sink comp="470" pin=0"/></net>

<net id="476"><net_src comp="354" pin="0"/><net_sink comp="470" pin=1"/></net>

<net id="482"><net_src comp="470" pin="3"/><net_sink comp="477" pin=0"/></net>

<net id="488"><net_src comp="134" pin="0"/><net_sink comp="483" pin=0"/></net>

<net id="489"><net_src comp="354" pin="0"/><net_sink comp="483" pin=1"/></net>

<net id="495"><net_src comp="483" pin="3"/><net_sink comp="490" pin=0"/></net>

<net id="501"><net_src comp="132" pin="0"/><net_sink comp="496" pin=0"/></net>

<net id="502"><net_src comp="354" pin="0"/><net_sink comp="496" pin=1"/></net>

<net id="508"><net_src comp="496" pin="3"/><net_sink comp="503" pin=0"/></net>

<net id="514"><net_src comp="130" pin="0"/><net_sink comp="509" pin=0"/></net>

<net id="515"><net_src comp="354" pin="0"/><net_sink comp="509" pin=1"/></net>

<net id="521"><net_src comp="509" pin="3"/><net_sink comp="516" pin=0"/></net>

<net id="527"><net_src comp="128" pin="0"/><net_sink comp="522" pin=0"/></net>

<net id="528"><net_src comp="354" pin="0"/><net_sink comp="522" pin=1"/></net>

<net id="534"><net_src comp="522" pin="3"/><net_sink comp="529" pin=0"/></net>

<net id="540"><net_src comp="126" pin="0"/><net_sink comp="535" pin=0"/></net>

<net id="541"><net_src comp="354" pin="0"/><net_sink comp="535" pin=1"/></net>

<net id="547"><net_src comp="535" pin="3"/><net_sink comp="542" pin=0"/></net>

<net id="553"><net_src comp="124" pin="0"/><net_sink comp="548" pin=0"/></net>

<net id="554"><net_src comp="354" pin="0"/><net_sink comp="548" pin=1"/></net>

<net id="560"><net_src comp="548" pin="3"/><net_sink comp="555" pin=0"/></net>

<net id="566"><net_src comp="122" pin="0"/><net_sink comp="561" pin=0"/></net>

<net id="567"><net_src comp="354" pin="0"/><net_sink comp="561" pin=1"/></net>

<net id="573"><net_src comp="561" pin="3"/><net_sink comp="568" pin=0"/></net>

<net id="579"><net_src comp="120" pin="0"/><net_sink comp="574" pin=0"/></net>

<net id="580"><net_src comp="354" pin="0"/><net_sink comp="574" pin=1"/></net>

<net id="586"><net_src comp="574" pin="3"/><net_sink comp="581" pin=0"/></net>

<net id="592"><net_src comp="118" pin="0"/><net_sink comp="587" pin=0"/></net>

<net id="593"><net_src comp="354" pin="0"/><net_sink comp="587" pin=1"/></net>

<net id="599"><net_src comp="587" pin="3"/><net_sink comp="594" pin=0"/></net>

<net id="605"><net_src comp="116" pin="0"/><net_sink comp="600" pin=0"/></net>

<net id="606"><net_src comp="354" pin="0"/><net_sink comp="600" pin=1"/></net>

<net id="612"><net_src comp="600" pin="3"/><net_sink comp="607" pin=0"/></net>

<net id="618"><net_src comp="114" pin="0"/><net_sink comp="613" pin=0"/></net>

<net id="619"><net_src comp="354" pin="0"/><net_sink comp="613" pin=1"/></net>

<net id="625"><net_src comp="613" pin="3"/><net_sink comp="620" pin=0"/></net>

<net id="631"><net_src comp="112" pin="0"/><net_sink comp="626" pin=0"/></net>

<net id="632"><net_src comp="354" pin="0"/><net_sink comp="626" pin=1"/></net>

<net id="638"><net_src comp="626" pin="3"/><net_sink comp="633" pin=0"/></net>

<net id="644"><net_src comp="110" pin="0"/><net_sink comp="639" pin=0"/></net>

<net id="645"><net_src comp="354" pin="0"/><net_sink comp="639" pin=1"/></net>

<net id="651"><net_src comp="639" pin="3"/><net_sink comp="646" pin=0"/></net>

<net id="657"><net_src comp="108" pin="0"/><net_sink comp="652" pin=0"/></net>

<net id="658"><net_src comp="354" pin="0"/><net_sink comp="652" pin=1"/></net>

<net id="664"><net_src comp="652" pin="3"/><net_sink comp="659" pin=0"/></net>

<net id="670"><net_src comp="106" pin="0"/><net_sink comp="665" pin=0"/></net>

<net id="671"><net_src comp="354" pin="0"/><net_sink comp="665" pin=1"/></net>

<net id="677"><net_src comp="665" pin="3"/><net_sink comp="672" pin=0"/></net>

<net id="683"><net_src comp="104" pin="0"/><net_sink comp="678" pin=0"/></net>

<net id="684"><net_src comp="354" pin="0"/><net_sink comp="678" pin=1"/></net>

<net id="690"><net_src comp="678" pin="3"/><net_sink comp="685" pin=0"/></net>

<net id="696"><net_src comp="102" pin="0"/><net_sink comp="691" pin=0"/></net>

<net id="697"><net_src comp="354" pin="0"/><net_sink comp="691" pin=1"/></net>

<net id="703"><net_src comp="691" pin="3"/><net_sink comp="698" pin=0"/></net>

<net id="709"><net_src comp="100" pin="0"/><net_sink comp="704" pin=0"/></net>

<net id="710"><net_src comp="354" pin="0"/><net_sink comp="704" pin=1"/></net>

<net id="716"><net_src comp="704" pin="3"/><net_sink comp="711" pin=0"/></net>

<net id="722"><net_src comp="98" pin="0"/><net_sink comp="717" pin=0"/></net>

<net id="723"><net_src comp="354" pin="0"/><net_sink comp="717" pin=1"/></net>

<net id="729"><net_src comp="717" pin="3"/><net_sink comp="724" pin=0"/></net>

<net id="735"><net_src comp="96" pin="0"/><net_sink comp="730" pin=0"/></net>

<net id="736"><net_src comp="354" pin="0"/><net_sink comp="730" pin=1"/></net>

<net id="742"><net_src comp="730" pin="3"/><net_sink comp="737" pin=0"/></net>

<net id="748"><net_src comp="94" pin="0"/><net_sink comp="743" pin=0"/></net>

<net id="749"><net_src comp="354" pin="0"/><net_sink comp="743" pin=1"/></net>

<net id="755"><net_src comp="743" pin="3"/><net_sink comp="750" pin=0"/></net>

<net id="761"><net_src comp="92" pin="0"/><net_sink comp="756" pin=0"/></net>

<net id="762"><net_src comp="354" pin="0"/><net_sink comp="756" pin=1"/></net>

<net id="768"><net_src comp="756" pin="3"/><net_sink comp="763" pin=0"/></net>

<net id="774"><net_src comp="90" pin="0"/><net_sink comp="769" pin=0"/></net>

<net id="775"><net_src comp="354" pin="0"/><net_sink comp="769" pin=1"/></net>

<net id="781"><net_src comp="769" pin="3"/><net_sink comp="776" pin=0"/></net>

<net id="787"><net_src comp="88" pin="0"/><net_sink comp="782" pin=0"/></net>

<net id="788"><net_src comp="354" pin="0"/><net_sink comp="782" pin=1"/></net>

<net id="794"><net_src comp="782" pin="3"/><net_sink comp="789" pin=0"/></net>

<net id="800"><net_src comp="86" pin="0"/><net_sink comp="795" pin=0"/></net>

<net id="801"><net_src comp="354" pin="0"/><net_sink comp="795" pin=1"/></net>

<net id="807"><net_src comp="795" pin="3"/><net_sink comp="802" pin=0"/></net>

<net id="813"><net_src comp="84" pin="0"/><net_sink comp="808" pin=0"/></net>

<net id="814"><net_src comp="354" pin="0"/><net_sink comp="808" pin=1"/></net>

<net id="820"><net_src comp="808" pin="3"/><net_sink comp="815" pin=0"/></net>

<net id="826"><net_src comp="82" pin="0"/><net_sink comp="821" pin=0"/></net>

<net id="827"><net_src comp="354" pin="0"/><net_sink comp="821" pin=1"/></net>

<net id="833"><net_src comp="821" pin="3"/><net_sink comp="828" pin=0"/></net>

<net id="839"><net_src comp="80" pin="0"/><net_sink comp="834" pin=0"/></net>

<net id="840"><net_src comp="354" pin="0"/><net_sink comp="834" pin=1"/></net>

<net id="846"><net_src comp="834" pin="3"/><net_sink comp="841" pin=0"/></net>

<net id="852"><net_src comp="78" pin="0"/><net_sink comp="847" pin=0"/></net>

<net id="853"><net_src comp="354" pin="0"/><net_sink comp="847" pin=1"/></net>

<net id="859"><net_src comp="847" pin="3"/><net_sink comp="854" pin=0"/></net>

<net id="865"><net_src comp="76" pin="0"/><net_sink comp="860" pin=0"/></net>

<net id="866"><net_src comp="354" pin="0"/><net_sink comp="860" pin=1"/></net>

<net id="872"><net_src comp="860" pin="3"/><net_sink comp="867" pin=0"/></net>

<net id="878"><net_src comp="74" pin="0"/><net_sink comp="873" pin=0"/></net>

<net id="879"><net_src comp="354" pin="0"/><net_sink comp="873" pin=1"/></net>

<net id="885"><net_src comp="873" pin="3"/><net_sink comp="880" pin=0"/></net>

<net id="891"><net_src comp="72" pin="0"/><net_sink comp="886" pin=0"/></net>

<net id="892"><net_src comp="354" pin="0"/><net_sink comp="886" pin=1"/></net>

<net id="898"><net_src comp="886" pin="3"/><net_sink comp="893" pin=0"/></net>

<net id="904"><net_src comp="70" pin="0"/><net_sink comp="899" pin=0"/></net>

<net id="905"><net_src comp="354" pin="0"/><net_sink comp="899" pin=1"/></net>

<net id="911"><net_src comp="899" pin="3"/><net_sink comp="906" pin=0"/></net>

<net id="917"><net_src comp="68" pin="0"/><net_sink comp="912" pin=0"/></net>

<net id="918"><net_src comp="354" pin="0"/><net_sink comp="912" pin=1"/></net>

<net id="924"><net_src comp="912" pin="3"/><net_sink comp="919" pin=0"/></net>

<net id="930"><net_src comp="66" pin="0"/><net_sink comp="925" pin=0"/></net>

<net id="931"><net_src comp="354" pin="0"/><net_sink comp="925" pin=1"/></net>

<net id="937"><net_src comp="925" pin="3"/><net_sink comp="932" pin=0"/></net>

<net id="943"><net_src comp="64" pin="0"/><net_sink comp="938" pin=0"/></net>

<net id="944"><net_src comp="354" pin="0"/><net_sink comp="938" pin=1"/></net>

<net id="950"><net_src comp="938" pin="3"/><net_sink comp="945" pin=0"/></net>

<net id="956"><net_src comp="62" pin="0"/><net_sink comp="951" pin=0"/></net>

<net id="957"><net_src comp="354" pin="0"/><net_sink comp="951" pin=1"/></net>

<net id="963"><net_src comp="951" pin="3"/><net_sink comp="958" pin=0"/></net>

<net id="969"><net_src comp="60" pin="0"/><net_sink comp="964" pin=0"/></net>

<net id="970"><net_src comp="354" pin="0"/><net_sink comp="964" pin=1"/></net>

<net id="976"><net_src comp="964" pin="3"/><net_sink comp="971" pin=0"/></net>

<net id="982"><net_src comp="58" pin="0"/><net_sink comp="977" pin=0"/></net>

<net id="983"><net_src comp="354" pin="0"/><net_sink comp="977" pin=1"/></net>

<net id="989"><net_src comp="977" pin="3"/><net_sink comp="984" pin=0"/></net>

<net id="995"><net_src comp="56" pin="0"/><net_sink comp="990" pin=0"/></net>

<net id="996"><net_src comp="354" pin="0"/><net_sink comp="990" pin=1"/></net>

<net id="1002"><net_src comp="990" pin="3"/><net_sink comp="997" pin=0"/></net>

<net id="1008"><net_src comp="54" pin="0"/><net_sink comp="1003" pin=0"/></net>

<net id="1009"><net_src comp="354" pin="0"/><net_sink comp="1003" pin=1"/></net>

<net id="1015"><net_src comp="1003" pin="3"/><net_sink comp="1010" pin=0"/></net>

<net id="1021"><net_src comp="52" pin="0"/><net_sink comp="1016" pin=0"/></net>

<net id="1022"><net_src comp="354" pin="0"/><net_sink comp="1016" pin=1"/></net>

<net id="1028"><net_src comp="1016" pin="3"/><net_sink comp="1023" pin=0"/></net>

<net id="1034"><net_src comp="50" pin="0"/><net_sink comp="1029" pin=0"/></net>

<net id="1035"><net_src comp="354" pin="0"/><net_sink comp="1029" pin=1"/></net>

<net id="1041"><net_src comp="1029" pin="3"/><net_sink comp="1036" pin=0"/></net>

<net id="1047"><net_src comp="48" pin="0"/><net_sink comp="1042" pin=0"/></net>

<net id="1048"><net_src comp="354" pin="0"/><net_sink comp="1042" pin=1"/></net>

<net id="1054"><net_src comp="1042" pin="3"/><net_sink comp="1049" pin=0"/></net>

<net id="1060"><net_src comp="46" pin="0"/><net_sink comp="1055" pin=0"/></net>

<net id="1061"><net_src comp="354" pin="0"/><net_sink comp="1055" pin=1"/></net>

<net id="1067"><net_src comp="1055" pin="3"/><net_sink comp="1062" pin=0"/></net>

<net id="1073"><net_src comp="44" pin="0"/><net_sink comp="1068" pin=0"/></net>

<net id="1074"><net_src comp="354" pin="0"/><net_sink comp="1068" pin=1"/></net>

<net id="1080"><net_src comp="1068" pin="3"/><net_sink comp="1075" pin=0"/></net>

<net id="1086"><net_src comp="42" pin="0"/><net_sink comp="1081" pin=0"/></net>

<net id="1087"><net_src comp="354" pin="0"/><net_sink comp="1081" pin=1"/></net>

<net id="1093"><net_src comp="1081" pin="3"/><net_sink comp="1088" pin=0"/></net>

<net id="1099"><net_src comp="40" pin="0"/><net_sink comp="1094" pin=0"/></net>

<net id="1100"><net_src comp="354" pin="0"/><net_sink comp="1094" pin=1"/></net>

<net id="1106"><net_src comp="1094" pin="3"/><net_sink comp="1101" pin=0"/></net>

<net id="1112"><net_src comp="38" pin="0"/><net_sink comp="1107" pin=0"/></net>

<net id="1113"><net_src comp="354" pin="0"/><net_sink comp="1107" pin=1"/></net>

<net id="1119"><net_src comp="1107" pin="3"/><net_sink comp="1114" pin=0"/></net>

<net id="1125"><net_src comp="36" pin="0"/><net_sink comp="1120" pin=0"/></net>

<net id="1126"><net_src comp="354" pin="0"/><net_sink comp="1120" pin=1"/></net>

<net id="1132"><net_src comp="1120" pin="3"/><net_sink comp="1127" pin=0"/></net>

<net id="1138"><net_src comp="34" pin="0"/><net_sink comp="1133" pin=0"/></net>

<net id="1139"><net_src comp="354" pin="0"/><net_sink comp="1133" pin=1"/></net>

<net id="1145"><net_src comp="1133" pin="3"/><net_sink comp="1140" pin=0"/></net>

<net id="1151"><net_src comp="32" pin="0"/><net_sink comp="1146" pin=0"/></net>

<net id="1152"><net_src comp="354" pin="0"/><net_sink comp="1146" pin=1"/></net>

<net id="1158"><net_src comp="1146" pin="3"/><net_sink comp="1153" pin=0"/></net>

<net id="1164"><net_src comp="30" pin="0"/><net_sink comp="1159" pin=0"/></net>

<net id="1165"><net_src comp="354" pin="0"/><net_sink comp="1159" pin=1"/></net>

<net id="1171"><net_src comp="1159" pin="3"/><net_sink comp="1166" pin=0"/></net>

<net id="1177"><net_src comp="28" pin="0"/><net_sink comp="1172" pin=0"/></net>

<net id="1178"><net_src comp="354" pin="0"/><net_sink comp="1172" pin=1"/></net>

<net id="1184"><net_src comp="1172" pin="3"/><net_sink comp="1179" pin=0"/></net>

<net id="1190"><net_src comp="26" pin="0"/><net_sink comp="1185" pin=0"/></net>

<net id="1191"><net_src comp="354" pin="0"/><net_sink comp="1185" pin=1"/></net>

<net id="1197"><net_src comp="1185" pin="3"/><net_sink comp="1192" pin=0"/></net>

<net id="1203"><net_src comp="24" pin="0"/><net_sink comp="1198" pin=0"/></net>

<net id="1204"><net_src comp="354" pin="0"/><net_sink comp="1198" pin=1"/></net>

<net id="1210"><net_src comp="1198" pin="3"/><net_sink comp="1205" pin=0"/></net>

<net id="1216"><net_src comp="150" pin="0"/><net_sink comp="1211" pin=0"/></net>

<net id="1217"><net_src comp="354" pin="0"/><net_sink comp="1211" pin=1"/></net>

<net id="1223"><net_src comp="1211" pin="3"/><net_sink comp="1218" pin=0"/></net>

<net id="1229"><net_src comp="8" pin="0"/><net_sink comp="1224" pin=0"/></net>

<net id="1230"><net_src comp="354" pin="0"/><net_sink comp="1224" pin=1"/></net>

<net id="1236"><net_src comp="10" pin="0"/><net_sink comp="1231" pin=0"/></net>

<net id="1237"><net_src comp="354" pin="0"/><net_sink comp="1231" pin=1"/></net>

<net id="1243"><net_src comp="12" pin="0"/><net_sink comp="1238" pin=0"/></net>

<net id="1244"><net_src comp="354" pin="0"/><net_sink comp="1238" pin=1"/></net>

<net id="1250"><net_src comp="14" pin="0"/><net_sink comp="1245" pin=0"/></net>

<net id="1251"><net_src comp="354" pin="0"/><net_sink comp="1245" pin=1"/></net>

<net id="1257"><net_src comp="16" pin="0"/><net_sink comp="1252" pin=0"/></net>

<net id="1258"><net_src comp="354" pin="0"/><net_sink comp="1252" pin=1"/></net>

<net id="1264"><net_src comp="18" pin="0"/><net_sink comp="1259" pin=0"/></net>

<net id="1265"><net_src comp="354" pin="0"/><net_sink comp="1259" pin=1"/></net>

<net id="1271"><net_src comp="20" pin="0"/><net_sink comp="1266" pin=0"/></net>

<net id="1272"><net_src comp="354" pin="0"/><net_sink comp="1266" pin=1"/></net>

<net id="1278"><net_src comp="22" pin="0"/><net_sink comp="1273" pin=0"/></net>

<net id="1279"><net_src comp="354" pin="0"/><net_sink comp="1273" pin=1"/></net>

<net id="1285"><net_src comp="1266" pin="3"/><net_sink comp="1280" pin=0"/></net>

<net id="1291"><net_src comp="1259" pin="3"/><net_sink comp="1286" pin=0"/></net>

<net id="1297"><net_src comp="1252" pin="3"/><net_sink comp="1292" pin=0"/></net>

<net id="1303"><net_src comp="1245" pin="3"/><net_sink comp="1298" pin=0"/></net>

<net id="1309"><net_src comp="1238" pin="3"/><net_sink comp="1304" pin=0"/></net>

<net id="1315"><net_src comp="1231" pin="3"/><net_sink comp="1310" pin=0"/></net>

<net id="1321"><net_src comp="1224" pin="3"/><net_sink comp="1316" pin=0"/></net>

<net id="1327"><net_src comp="1273" pin="3"/><net_sink comp="1322" pin=0"/></net>

<net id="1332"><net_src comp="176" pin="0"/><net_sink comp="1328" pin=0"/></net>

<net id="1337"><net_src comp="178" pin="0"/><net_sink comp="1333" pin=0"/></net>

<net id="1342"><net_src comp="180" pin="0"/><net_sink comp="1338" pin=0"/></net>

<net id="1350"><net_src comp="2" pin="0"/><net_sink comp="1346" pin=0"/></net>

<net id="1351"><net_src comp="376" pin="2"/><net_sink comp="1346" pin=1"/></net>

<net id="1356"><net_src comp="0" pin="0"/><net_sink comp="1352" pin=0"/></net>

<net id="1357"><net_src comp="370" pin="2"/><net_sink comp="1352" pin=1"/></net>

<net id="1362"><net_src comp="1343" pin="1"/><net_sink comp="1358" pin=0"/></net>

<net id="1363"><net_src comp="184" pin="0"/><net_sink comp="1358" pin=1"/></net>

<net id="1368"><net_src comp="1343" pin="1"/><net_sink comp="1364" pin=0"/></net>

<net id="1369"><net_src comp="186" pin="0"/><net_sink comp="1364" pin=1"/></net>

<net id="1377"><net_src comp="1370" pin="1"/><net_sink comp="1373" pin=0"/></net>

<net id="1378"><net_src comp="188" pin="0"/><net_sink comp="1373" pin=1"/></net>

<net id="1384"><net_src comp="1373" pin="2"/><net_sink comp="1379" pin=0"/></net>

<net id="1385"><net_src comp="180" pin="0"/><net_sink comp="1379" pin=1"/></net>

<net id="1386"><net_src comp="1370" pin="1"/><net_sink comp="1379" pin=2"/></net>

<net id="1390"><net_src comp="1379" pin="3"/><net_sink comp="1387" pin=0"/></net>

<net id="1395"><net_src comp="1379" pin="3"/><net_sink comp="1391" pin=0"/></net>

<net id="1396"><net_src comp="316" pin="0"/><net_sink comp="1391" pin=1"/></net>

<net id="1401"><net_src comp="1364" pin="2"/><net_sink comp="1397" pin=0"/></net>

<net id="1406"><net_src comp="1391" pin="2"/><net_sink comp="1402" pin=0"/></net>

<net id="1413"><net_src comp="320" pin="0"/><net_sink comp="1407" pin=0"/></net>

<net id="1414"><net_src comp="322" pin="0"/><net_sink comp="1407" pin=2"/></net>

<net id="1415"><net_src comp="324" pin="0"/><net_sink comp="1407" pin=3"/></net>

<net id="1426"><net_src comp="1419" pin="1"/><net_sink comp="1422" pin=0"/></net>

<net id="1427"><net_src comp="340" pin="0"/><net_sink comp="1422" pin=1"/></net>

<net id="1433"><net_src comp="1422" pin="2"/><net_sink comp="1428" pin=1"/></net>

<net id="1434"><net_src comp="1419" pin="1"/><net_sink comp="1428" pin=2"/></net>

<net id="1438"><net_src comp="1428" pin="3"/><net_sink comp="1435" pin=0"/></net>

<net id="1439"><net_src comp="1435" pin="1"/><net_sink comp="392" pin=2"/></net>

<net id="1440"><net_src comp="1435" pin="1"/><net_sink comp="405" pin=2"/></net>

<net id="1441"><net_src comp="1435" pin="1"/><net_sink comp="418" pin=2"/></net>

<net id="1442"><net_src comp="1435" pin="1"/><net_sink comp="431" pin=2"/></net>

<net id="1443"><net_src comp="1435" pin="1"/><net_sink comp="444" pin=2"/></net>

<net id="1444"><net_src comp="1435" pin="1"/><net_sink comp="457" pin=2"/></net>

<net id="1445"><net_src comp="1435" pin="1"/><net_sink comp="470" pin=2"/></net>

<net id="1446"><net_src comp="1435" pin="1"/><net_sink comp="483" pin=2"/></net>

<net id="1447"><net_src comp="1435" pin="1"/><net_sink comp="496" pin=2"/></net>

<net id="1448"><net_src comp="1435" pin="1"/><net_sink comp="509" pin=2"/></net>

<net id="1449"><net_src comp="1435" pin="1"/><net_sink comp="522" pin=2"/></net>

<net id="1450"><net_src comp="1435" pin="1"/><net_sink comp="535" pin=2"/></net>

<net id="1451"><net_src comp="1435" pin="1"/><net_sink comp="548" pin=2"/></net>

<net id="1452"><net_src comp="1435" pin="1"/><net_sink comp="561" pin=2"/></net>

<net id="1453"><net_src comp="1435" pin="1"/><net_sink comp="574" pin=2"/></net>

<net id="1454"><net_src comp="1435" pin="1"/><net_sink comp="587" pin=2"/></net>

<net id="1455"><net_src comp="1435" pin="1"/><net_sink comp="600" pin=2"/></net>

<net id="1456"><net_src comp="1435" pin="1"/><net_sink comp="613" pin=2"/></net>

<net id="1457"><net_src comp="1435" pin="1"/><net_sink comp="626" pin=2"/></net>

<net id="1458"><net_src comp="1435" pin="1"/><net_sink comp="639" pin=2"/></net>

<net id="1459"><net_src comp="1435" pin="1"/><net_sink comp="652" pin=2"/></net>

<net id="1460"><net_src comp="1435" pin="1"/><net_sink comp="665" pin=2"/></net>

<net id="1461"><net_src comp="1435" pin="1"/><net_sink comp="678" pin=2"/></net>

<net id="1462"><net_src comp="1435" pin="1"/><net_sink comp="691" pin=2"/></net>

<net id="1463"><net_src comp="1435" pin="1"/><net_sink comp="704" pin=2"/></net>

<net id="1464"><net_src comp="1435" pin="1"/><net_sink comp="717" pin=2"/></net>

<net id="1465"><net_src comp="1435" pin="1"/><net_sink comp="730" pin=2"/></net>

<net id="1466"><net_src comp="1435" pin="1"/><net_sink comp="743" pin=2"/></net>

<net id="1467"><net_src comp="1435" pin="1"/><net_sink comp="756" pin=2"/></net>

<net id="1468"><net_src comp="1435" pin="1"/><net_sink comp="769" pin=2"/></net>

<net id="1469"><net_src comp="1435" pin="1"/><net_sink comp="782" pin=2"/></net>

<net id="1470"><net_src comp="1435" pin="1"/><net_sink comp="795" pin=2"/></net>

<net id="1471"><net_src comp="1435" pin="1"/><net_sink comp="808" pin=2"/></net>

<net id="1472"><net_src comp="1435" pin="1"/><net_sink comp="821" pin=2"/></net>

<net id="1473"><net_src comp="1435" pin="1"/><net_sink comp="834" pin=2"/></net>

<net id="1474"><net_src comp="1435" pin="1"/><net_sink comp="847" pin=2"/></net>

<net id="1475"><net_src comp="1435" pin="1"/><net_sink comp="860" pin=2"/></net>

<net id="1476"><net_src comp="1435" pin="1"/><net_sink comp="873" pin=2"/></net>

<net id="1477"><net_src comp="1435" pin="1"/><net_sink comp="886" pin=2"/></net>

<net id="1478"><net_src comp="1435" pin="1"/><net_sink comp="899" pin=2"/></net>

<net id="1479"><net_src comp="1435" pin="1"/><net_sink comp="912" pin=2"/></net>

<net id="1480"><net_src comp="1435" pin="1"/><net_sink comp="925" pin=2"/></net>

<net id="1481"><net_src comp="1435" pin="1"/><net_sink comp="938" pin=2"/></net>

<net id="1482"><net_src comp="1435" pin="1"/><net_sink comp="951" pin=2"/></net>

<net id="1483"><net_src comp="1435" pin="1"/><net_sink comp="964" pin=2"/></net>

<net id="1484"><net_src comp="1435" pin="1"/><net_sink comp="977" pin=2"/></net>

<net id="1485"><net_src comp="1435" pin="1"/><net_sink comp="990" pin=2"/></net>

<net id="1486"><net_src comp="1435" pin="1"/><net_sink comp="1003" pin=2"/></net>

<net id="1487"><net_src comp="1435" pin="1"/><net_sink comp="1016" pin=2"/></net>

<net id="1488"><net_src comp="1435" pin="1"/><net_sink comp="1029" pin=2"/></net>

<net id="1489"><net_src comp="1435" pin="1"/><net_sink comp="1042" pin=2"/></net>

<net id="1490"><net_src comp="1435" pin="1"/><net_sink comp="1055" pin=2"/></net>

<net id="1491"><net_src comp="1435" pin="1"/><net_sink comp="1068" pin=2"/></net>

<net id="1492"><net_src comp="1435" pin="1"/><net_sink comp="1081" pin=2"/></net>

<net id="1493"><net_src comp="1435" pin="1"/><net_sink comp="1094" pin=2"/></net>

<net id="1494"><net_src comp="1435" pin="1"/><net_sink comp="1107" pin=2"/></net>

<net id="1495"><net_src comp="1435" pin="1"/><net_sink comp="1120" pin=2"/></net>

<net id="1496"><net_src comp="1435" pin="1"/><net_sink comp="1133" pin=2"/></net>

<net id="1497"><net_src comp="1435" pin="1"/><net_sink comp="1146" pin=2"/></net>

<net id="1498"><net_src comp="1435" pin="1"/><net_sink comp="1159" pin=2"/></net>

<net id="1499"><net_src comp="1435" pin="1"/><net_sink comp="1172" pin=2"/></net>

<net id="1500"><net_src comp="1435" pin="1"/><net_sink comp="1185" pin=2"/></net>

<net id="1501"><net_src comp="1435" pin="1"/><net_sink comp="1198" pin=2"/></net>

<net id="1502"><net_src comp="1435" pin="1"/><net_sink comp="1211" pin=2"/></net>

<net id="1506"><net_src comp="1428" pin="3"/><net_sink comp="1503" pin=0"/></net>

<net id="1512"><net_src comp="356" pin="0"/><net_sink comp="1507" pin=0"/></net>

<net id="1513"><net_src comp="1503" pin="1"/><net_sink comp="1507" pin=1"/></net>

<net id="1517"><net_src comp="1507" pin="3"/><net_sink comp="1514" pin=0"/></net>

<net id="1518"><net_src comp="1514" pin="1"/><net_sink comp="1224" pin=2"/></net>

<net id="1519"><net_src comp="1514" pin="1"/><net_sink comp="1231" pin=2"/></net>

<net id="1520"><net_src comp="1514" pin="1"/><net_sink comp="1238" pin=2"/></net>

<net id="1521"><net_src comp="1514" pin="1"/><net_sink comp="1245" pin=2"/></net>

<net id="1522"><net_src comp="1514" pin="1"/><net_sink comp="1252" pin=2"/></net>

<net id="1523"><net_src comp="1514" pin="1"/><net_sink comp="1259" pin=2"/></net>

<net id="1524"><net_src comp="1514" pin="1"/><net_sink comp="1266" pin=2"/></net>

<net id="1525"><net_src comp="1514" pin="1"/><net_sink comp="1273" pin=2"/></net>

<net id="1530"><net_src comp="1428" pin="3"/><net_sink comp="1526" pin=0"/></net>

<net id="1534"><net_src comp="358" pin="1"/><net_sink comp="1531" pin=0"/></net>

<net id="1535"><net_src comp="1531" pin="1"/><net_sink comp="1338" pin=1"/></net>

<net id="1536"><net_src comp="1531" pin="1"/><net_sink comp="1370" pin=0"/></net>

<net id="1537"><net_src comp="1531" pin="1"/><net_sink comp="1402" pin=1"/></net>

<net id="1541"><net_src comp="362" pin="1"/><net_sink comp="1538" pin=0"/></net>

<net id="1542"><net_src comp="1538" pin="1"/><net_sink comp="1333" pin=1"/></net>

<net id="1543"><net_src comp="1538" pin="1"/><net_sink comp="1419" pin=0"/></net>

<net id="1544"><net_src comp="1538" pin="1"/><net_sink comp="1526" pin=1"/></net>

<net id="1548"><net_src comp="366" pin="1"/><net_sink comp="1545" pin=0"/></net>

<net id="1549"><net_src comp="1545" pin="1"/><net_sink comp="1328" pin=1"/></net>

<net id="1550"><net_src comp="1545" pin="1"/><net_sink comp="1343" pin=0"/></net>

<net id="1551"><net_src comp="1545" pin="1"/><net_sink comp="1397" pin=1"/></net>

<net id="1555"><net_src comp="1346" pin="2"/><net_sink comp="1552" pin=0"/></net>

<net id="1556"><net_src comp="1552" pin="1"/><net_sink comp="382" pin=1"/></net>

<net id="1560"><net_src comp="1352" pin="2"/><net_sink comp="1557" pin=0"/></net>

<net id="1561"><net_src comp="1557" pin="1"/><net_sink comp="387" pin=1"/></net>

<net id="1565"><net_src comp="1358" pin="2"/><net_sink comp="1562" pin=0"/></net>

<net id="1569"><net_src comp="1373" pin="2"/><net_sink comp="1566" pin=0"/></net>

<net id="1570"><net_src comp="1566" pin="1"/><net_sink comp="1428" pin=0"/></net>

<net id="1574"><net_src comp="1379" pin="3"/><net_sink comp="1571" pin=0"/></net>

<net id="1575"><net_src comp="1571" pin="1"/><net_sink comp="1407" pin=1"/></net>

<net id="1576"><net_src comp="1571" pin="1"/><net_sink comp="1416" pin=0"/></net>

<net id="1580"><net_src comp="1387" pin="1"/><net_sink comp="1577" pin=0"/></net>

<net id="1584"><net_src comp="382" pin="2"/><net_sink comp="1581" pin=0"/></net>

<net id="1585"><net_src comp="1581" pin="1"/><net_sink comp="399" pin=1"/></net>

<net id="1586"><net_src comp="1581" pin="1"/><net_sink comp="412" pin=1"/></net>

<net id="1587"><net_src comp="1581" pin="1"/><net_sink comp="425" pin=1"/></net>

<net id="1588"><net_src comp="1581" pin="1"/><net_sink comp="438" pin=1"/></net>

<net id="1589"><net_src comp="1581" pin="1"/><net_sink comp="451" pin=1"/></net>

<net id="1590"><net_src comp="1581" pin="1"/><net_sink comp="464" pin=1"/></net>

<net id="1591"><net_src comp="1581" pin="1"/><net_sink comp="477" pin=1"/></net>

<net id="1592"><net_src comp="1581" pin="1"/><net_sink comp="490" pin=1"/></net>

<net id="1593"><net_src comp="1581" pin="1"/><net_sink comp="503" pin=1"/></net>

<net id="1594"><net_src comp="1581" pin="1"/><net_sink comp="516" pin=1"/></net>

<net id="1595"><net_src comp="1581" pin="1"/><net_sink comp="529" pin=1"/></net>

<net id="1596"><net_src comp="1581" pin="1"/><net_sink comp="542" pin=1"/></net>

<net id="1597"><net_src comp="1581" pin="1"/><net_sink comp="555" pin=1"/></net>

<net id="1598"><net_src comp="1581" pin="1"/><net_sink comp="568" pin=1"/></net>

<net id="1599"><net_src comp="1581" pin="1"/><net_sink comp="581" pin=1"/></net>

<net id="1600"><net_src comp="1581" pin="1"/><net_sink comp="594" pin=1"/></net>

<net id="1601"><net_src comp="1581" pin="1"/><net_sink comp="607" pin=1"/></net>

<net id="1602"><net_src comp="1581" pin="1"/><net_sink comp="620" pin=1"/></net>

<net id="1603"><net_src comp="1581" pin="1"/><net_sink comp="633" pin=1"/></net>

<net id="1604"><net_src comp="1581" pin="1"/><net_sink comp="646" pin=1"/></net>

<net id="1605"><net_src comp="1581" pin="1"/><net_sink comp="659" pin=1"/></net>

<net id="1606"><net_src comp="1581" pin="1"/><net_sink comp="672" pin=1"/></net>

<net id="1607"><net_src comp="1581" pin="1"/><net_sink comp="685" pin=1"/></net>

<net id="1608"><net_src comp="1581" pin="1"/><net_sink comp="698" pin=1"/></net>

<net id="1609"><net_src comp="1581" pin="1"/><net_sink comp="711" pin=1"/></net>

<net id="1610"><net_src comp="1581" pin="1"/><net_sink comp="724" pin=1"/></net>

<net id="1611"><net_src comp="1581" pin="1"/><net_sink comp="737" pin=1"/></net>

<net id="1612"><net_src comp="1581" pin="1"/><net_sink comp="750" pin=1"/></net>

<net id="1613"><net_src comp="1581" pin="1"/><net_sink comp="763" pin=1"/></net>

<net id="1614"><net_src comp="1581" pin="1"/><net_sink comp="776" pin=1"/></net>

<net id="1615"><net_src comp="1581" pin="1"/><net_sink comp="789" pin=1"/></net>

<net id="1616"><net_src comp="1581" pin="1"/><net_sink comp="802" pin=1"/></net>

<net id="1617"><net_src comp="1581" pin="1"/><net_sink comp="815" pin=1"/></net>

<net id="1618"><net_src comp="1581" pin="1"/><net_sink comp="828" pin=1"/></net>

<net id="1619"><net_src comp="1581" pin="1"/><net_sink comp="841" pin=1"/></net>

<net id="1620"><net_src comp="1581" pin="1"/><net_sink comp="854" pin=1"/></net>

<net id="1621"><net_src comp="1581" pin="1"/><net_sink comp="867" pin=1"/></net>

<net id="1622"><net_src comp="1581" pin="1"/><net_sink comp="880" pin=1"/></net>

<net id="1623"><net_src comp="1581" pin="1"/><net_sink comp="893" pin=1"/></net>

<net id="1624"><net_src comp="1581" pin="1"/><net_sink comp="906" pin=1"/></net>

<net id="1625"><net_src comp="1581" pin="1"/><net_sink comp="919" pin=1"/></net>

<net id="1626"><net_src comp="1581" pin="1"/><net_sink comp="932" pin=1"/></net>

<net id="1627"><net_src comp="1581" pin="1"/><net_sink comp="945" pin=1"/></net>

<net id="1628"><net_src comp="1581" pin="1"/><net_sink comp="958" pin=1"/></net>

<net id="1629"><net_src comp="1581" pin="1"/><net_sink comp="971" pin=1"/></net>

<net id="1630"><net_src comp="1581" pin="1"/><net_sink comp="984" pin=1"/></net>

<net id="1631"><net_src comp="1581" pin="1"/><net_sink comp="997" pin=1"/></net>

<net id="1632"><net_src comp="1581" pin="1"/><net_sink comp="1010" pin=1"/></net>

<net id="1633"><net_src comp="1581" pin="1"/><net_sink comp="1023" pin=1"/></net>

<net id="1634"><net_src comp="1581" pin="1"/><net_sink comp="1036" pin=1"/></net>

<net id="1635"><net_src comp="1581" pin="1"/><net_sink comp="1049" pin=1"/></net>

<net id="1636"><net_src comp="1581" pin="1"/><net_sink comp="1062" pin=1"/></net>

<net id="1637"><net_src comp="1581" pin="1"/><net_sink comp="1075" pin=1"/></net>

<net id="1638"><net_src comp="1581" pin="1"/><net_sink comp="1088" pin=1"/></net>

<net id="1639"><net_src comp="1581" pin="1"/><net_sink comp="1101" pin=1"/></net>

<net id="1640"><net_src comp="1581" pin="1"/><net_sink comp="1114" pin=1"/></net>

<net id="1641"><net_src comp="1581" pin="1"/><net_sink comp="1127" pin=1"/></net>

<net id="1642"><net_src comp="1581" pin="1"/><net_sink comp="1140" pin=1"/></net>

<net id="1643"><net_src comp="1581" pin="1"/><net_sink comp="1153" pin=1"/></net>

<net id="1644"><net_src comp="1581" pin="1"/><net_sink comp="1166" pin=1"/></net>

<net id="1645"><net_src comp="1581" pin="1"/><net_sink comp="1179" pin=1"/></net>

<net id="1646"><net_src comp="1581" pin="1"/><net_sink comp="1192" pin=1"/></net>

<net id="1647"><net_src comp="1581" pin="1"/><net_sink comp="1205" pin=1"/></net>

<net id="1648"><net_src comp="1581" pin="1"/><net_sink comp="1218" pin=1"/></net>

<net id="1652"><net_src comp="1407" pin="4"/><net_sink comp="1649" pin=0"/></net>

<net id="1653"><net_src comp="1649" pin="1"/><net_sink comp="1507" pin=2"/></net>

<net id="1657"><net_src comp="387" pin="2"/><net_sink comp="1654" pin=0"/></net>

<net id="1658"><net_src comp="1654" pin="1"/><net_sink comp="1280" pin=1"/></net>

<net id="1659"><net_src comp="1654" pin="1"/><net_sink comp="1286" pin=1"/></net>

<net id="1660"><net_src comp="1654" pin="1"/><net_sink comp="1292" pin=1"/></net>

<net id="1661"><net_src comp="1654" pin="1"/><net_sink comp="1298" pin=1"/></net>

<net id="1662"><net_src comp="1654" pin="1"/><net_sink comp="1304" pin=1"/></net>

<net id="1663"><net_src comp="1654" pin="1"/><net_sink comp="1310" pin=1"/></net>

<net id="1664"><net_src comp="1654" pin="1"/><net_sink comp="1316" pin=1"/></net>

<net id="1665"><net_src comp="1654" pin="1"/><net_sink comp="1322" pin=1"/></net>

<net id="1669"><net_src comp="1416" pin="1"/><net_sink comp="1666" pin=0"/></net>

</net_list>

</model> 
---------------- Datapath Model END ------------------

* FSMD analyzer results:
  - Output states:
	Port: V_tile_V | {3 }
	Port: V_tile_V_1 | {3 }
	Port: V_tile_V_2 | {3 }
	Port: V_tile_V_3 | {3 }
	Port: V_tile_V_4 | {3 }
	Port: V_tile_V_5 | {3 }
	Port: V_tile_V_6 | {3 }
	Port: V_tile_V_7 | {3 }
	Port: K_tile_V | {3 }
	Port: K_tile_V_1 | {3 }
	Port: K_tile_V_2 | {3 }
	Port: K_tile_V_3 | {3 }
	Port: K_tile_V_4 | {3 }
	Port: K_tile_V_5 | {3 }
	Port: K_tile_V_6 | {3 }
	Port: K_tile_V_7 | {3 }
	Port: K_tile_V_8 | {3 }
	Port: K_tile_V_9 | {3 }
	Port: K_tile_V_10 | {3 }
	Port: K_tile_V_11 | {3 }
	Port: K_tile_V_12 | {3 }
	Port: K_tile_V_13 | {3 }
	Port: K_tile_V_14 | {3 }
	Port: K_tile_V_15 | {3 }
	Port: K_tile_V_16 | {3 }
	Port: K_tile_V_17 | {3 }
	Port: K_tile_V_18 | {3 }
	Port: K_tile_V_19 | {3 }
	Port: K_tile_V_20 | {3 }
	Port: K_tile_V_21 | {3 }
	Port: K_tile_V_22 | {3 }
	Port: K_tile_V_23 | {3 }
	Port: K_tile_V_24 | {3 }
	Port: K_tile_V_25 | {3 }
	Port: K_tile_V_26 | {3 }
	Port: K_tile_V_27 | {3 }
	Port: K_tile_V_28 | {3 }
	Port: K_tile_V_29 | {3 }
	Port: K_tile_V_30 | {3 }
	Port: K_tile_V_31 | {3 }
	Port: K_tile_V_32 | {3 }
	Port: K_tile_V_33 | {3 }
	Port: K_tile_V_34 | {3 }
	Port: K_tile_V_35 | {3 }
	Port: K_tile_V_36 | {3 }
	Port: K_tile_V_37 | {3 }
	Port: K_tile_V_38 | {3 }
	Port: K_tile_V_39 | {3 }
	Port: K_tile_V_40 | {3 }
	Port: K_tile_V_41 | {3 }
	Port: K_tile_V_42 | {3 }
	Port: K_tile_V_43 | {3 }
	Port: K_tile_V_44 | {3 }
	Port: K_tile_V_45 | {3 }
	Port: K_tile_V_46 | {3 }
	Port: K_tile_V_47 | {3 }
	Port: K_tile_V_48 | {3 }
	Port: K_tile_V_49 | {3 }
	Port: K_tile_V_50 | {3 }
	Port: K_tile_V_51 | {3 }
	Port: K_tile_V_52 | {3 }
	Port: K_tile_V_53 | {3 }
	Port: K_tile_V_54 | {3 }
	Port: K_tile_V_55 | {3 }
	Port: K_tile_V_56 | {3 }
	Port: K_tile_V_57 | {3 }
	Port: K_tile_V_58 | {3 }
	Port: K_tile_V_59 | {3 }
	Port: K_tile_V_60 | {3 }
	Port: K_tile_V_61 | {3 }
	Port: K_tile_V_62 | {3 }
	Port: K_tile_V_63 | {3 }
 - Input state : 
	Port: attention_int8_kernel_Pipeline_VITIS_LOOP_130_8_VITIS_LOOP_131_9 : gmem2 | {2 }
	Port: attention_int8_kernel_Pipeline_VITIS_LOOP_130_8_VITIS_LOOP_131_9 : gmem1 | {2 }
	Port: attention_int8_kernel_Pipeline_VITIS_LOOP_130_8_VITIS_LOOP_131_9 : K_in | {1 }
	Port: attention_int8_kernel_Pipeline_VITIS_LOOP_130_8_VITIS_LOOP_131_9 : V_in | {1 }
  - Chain level:
	State 1
		store_ln0 : 1
		store_ln0 : 1
		store_ln0 : 1
		indvar_flatten134_load : 1
		icmp_ln130 : 2
		add_ln130_1 : 2
		br_ln130 : 3
		d_1_load : 1
		icmp_ln131 : 2
		select_ln130 : 3
		trunc_ln131 : 4
		switch_ln133 : 5
		add_ln131 : 4
		store_ln131 : 3
		store_ln131 : 5
	State 2
		switch_ln134 : 1
	State 3
		add_ln130 : 1
		select_ln130_1 : 2
		zext_ln130 : 3
		K_tile_V_62_addr : 4
		store_ln133 : 5
		K_tile_V_61_addr : 4
		store_ln133 : 5
		K_tile_V_60_addr : 4
		store_ln133 : 5
		K_tile_V_59_addr : 4
		store_ln133 : 5
		K_tile_V_58_addr : 4
		store_ln133 : 5
		K_tile_V_57_addr : 4
		store_ln133 : 5
		K_tile_V_56_addr : 4
		store_ln133 : 5
		K_tile_V_55_addr : 4
		store_ln133 : 5
		K_tile_V_54_addr : 4
		store_ln133 : 5
		K_tile_V_53_addr : 4
		store_ln133 : 5
		K_tile_V_52_addr : 4
		store_ln133 : 5
		K_tile_V_51_addr : 4
		store_ln133 : 5
		K_tile_V_50_addr : 4
		store_ln133 : 5
		K_tile_V_49_addr : 4
		store_ln133 : 5
		K_tile_V_48_addr : 4
		store_ln133 : 5
		K_tile_V_47_addr : 4
		store_ln133 : 5
		K_tile_V_46_addr : 4
		store_ln133 : 5
		K_tile_V_45_addr : 4
		store_ln133 : 5
		K_tile_V_44_addr : 4
		store_ln133 : 5
		K_tile_V_43_addr : 4
		store_ln133 : 5
		K_tile_V_42_addr : 4
		store_ln133 : 5
		K_tile_V_41_addr : 4
		store_ln133 : 5
		K_tile_V_40_addr : 4
		store_ln133 : 5
		K_tile_V_39_addr : 4
		store_ln133 : 5
		K_tile_V_38_addr : 4
		store_ln133 : 5
		K_tile_V_37_addr : 4
		store_ln133 : 5
		K_tile_V_36_addr : 4
		store_ln133 : 5
		K_tile_V_35_addr : 4
		store_ln133 : 5
		K_tile_V_34_addr : 4
		store_ln133 : 5
		K_tile_V_33_addr : 4
		store_ln133 : 5
		K_tile_V_32_addr : 4
		store_ln133 : 5
		K_tile_V_31_addr : 4
		store_ln133 : 5
		K_tile_V_30_addr : 4
		store_ln133 : 5
		K_tile_V_29_addr : 4
		store_ln133 : 5
		K_tile_V_28_addr : 4
		store_ln133 : 5
		K_tile_V_27_addr : 4
		store_ln133 : 5
		K_tile_V_26_addr : 4
		store_ln133 : 5
		K_tile_V_25_addr : 4
		store_ln133 : 5
		K_tile_V_24_addr : 4
		store_ln133 : 5
		K_tile_V_23_addr : 4
		store_ln133 : 5
		K_tile_V_22_addr : 4
		store_ln133 : 5
		K_tile_V_21_addr : 4
		store_ln133 : 5
		K_tile_V_20_addr : 4
		store_ln133 : 5
		K_tile_V_19_addr : 4
		store_ln133 : 5
		K_tile_V_18_addr : 4
		store_ln133 : 5
		K_tile_V_17_addr : 4
		store_ln133 : 5
		K_tile_V_16_addr : 4
		store_ln133 : 5
		K_tile_V_15_addr : 4
		store_ln133 : 5
		K_tile_V_14_addr : 4
		store_ln133 : 5
		K_tile_V_13_addr : 4
		store_ln133 : 5
		K_tile_V_12_addr : 4
		store_ln133 : 5
		K_tile_V_11_addr : 4
		store_ln133 : 5
		K_tile_V_10_addr : 4
		store_ln133 : 5
		K_tile_V_9_addr : 4
		store_ln133 : 5
		K_tile_V_8_addr : 4
		store_ln133 : 5
		K_tile_V_7_addr : 4
		store_ln133 : 5
		K_tile_V_6_addr : 4
		store_ln133 : 5
		K_tile_V_5_addr : 4
		store_ln133 : 5
		K_tile_V_4_addr : 4
		store_ln133 : 5
		K_tile_V_3_addr : 4
		store_ln133 : 5
		K_tile_V_2_addr : 4
		store_ln133 : 5
		K_tile_V_1_addr : 4
		store_ln133 : 5
		K_tile_V_addr : 4
		store_ln133 : 5
		K_tile_V_63_addr : 4
		store_ln133 : 5
		trunc_ln134 : 3
		tmp_s : 4
		zext_ln134 : 5
		V_tile_V_addr : 6
		V_tile_V_1_addr : 6
		V_tile_V_2_addr : 6
		V_tile_V_3_addr : 6
		V_tile_V_4_addr : 6
		V_tile_V_5_addr : 6
		V_tile_V_6_addr : 6
		V_tile_V_7_addr : 6
		store_ln134 : 7
		store_ln134 : 7
		store_ln134 : 7
		store_ln134 : 7
		store_ln134 : 7
		store_ln134 : 7
		store_ln134 : 7
		store_ln134 : 7
		store_ln131 : 3


============================================================
+ Verbose Summary: Datapath Resource usage 
============================================================

* Functional unit list:
|----------|-----------------------------|---------|---------|
| Operation|       Functional Unit       |    FF   |   LUT   |
|----------|-----------------------------|---------|---------|
|          |     add_ln130_1_fu_1364     |    0    |    21   |
|    add   |      add_ln131_fu_1391      |    0    |    14   |
|          |      add_ln130_fu_1422      |    0    |    15   |
|----------|-----------------------------|---------|---------|
|   icmp   |      icmp_ln130_fu_1358     |    0    |    12   |
|          |      icmp_ln131_fu_1373     |    0    |    10   |
|----------|-----------------------------|---------|---------|
|  select  |     select_ln130_fu_1379    |    0    |    7    |
|          |    select_ln130_1_fu_1428   |    0    |    8    |
|----------|-----------------------------|---------|---------|
|          |    V_in_read_read_fu_370    |    0    |    0    |
|   read   |    K_in_read_read_fu_376    |    0    |    0    |
|          | gmem1_addr_read_read_fu_382 |    0    |    0    |
|          | gmem2_addr_read_read_fu_387 |    0    |    0    |
|----------|-----------------------------|---------|---------|
|          |     trunc_ln131_fu_1387     |    0    |    0    |
|   trunc  |    trunc_ln134_1_fu_1416    |    0    |    0    |
|          |     trunc_ln134_fu_1503     |    0    |    0    |
|----------|-----------------------------|---------|---------|
|partselect|       lshr_ln_fu_1407       |    0    |    0    |
|----------|-----------------------------|---------|---------|
|   zext   |      zext_ln130_fu_1435     |    0    |    0    |
|          |      zext_ln134_fu_1514     |    0    |    0    |
|----------|-----------------------------|---------|---------|
|bitconcatenate|        tmp_s_fu_1507        |    0    |    0    |
|----------|-----------------------------|---------|---------|
|   Total  |                             |    0    |    87   |
|----------|-----------------------------|---------|---------|

Memories:
N/A

* Register list:
+--------------------------+--------+
|                          |   FF   |
+--------------------------+--------+
|       d_1_reg_1531       |    7   |
| gmem1_addr_read_reg_1581 |    8   |
|    gmem1_addr_reg_1552   |    8   |
| gmem2_addr_read_reg_1654 |    8   |
|    gmem2_addr_reg_1557   |    8   |
|    icmp_ln130_reg_1562   |    1   |
|    icmp_ln131_reg_1566   |    1   |
|indvar_flatten134_reg_1545|   14   |
|        j_reg_1538        |    8   |
|     lshr_ln_reg_1649     |    3   |
|   select_ln130_reg_1571  |    7   |
|   trunc_ln131_reg_1577   |    6   |
|  trunc_ln134_1_reg_1666  |    3   |
+--------------------------+--------+
|           Total          |   82   |
+--------------------------+--------+

* Multiplexer (MUX) list: 
|--------|------|------|------|--------|
|  Comp  |  Pin | Size |  BW  | S x BW |
|--------|------|------|------|--------|
|  Total |      |      |      |    0   |
|--------|------|------|------|--------|



* Summary:
+-----------+--------+--------+
|           |   FF   |   LUT  |
+-----------+--------+--------+
|  Function |    0   |   87   |
|   Memory  |    -   |    -   |
|Multiplexer|    -   |    -   |
|  Register |   82   |    -   |
+-----------+--------+--------+
|   Total   |   82   |   87   |
+-----------+--------+--------+
