

================================================================
== Vitis HLS Report for 'attention_int8_kernel_Pipeline_VITIS_LOOP_168_14'
================================================================
* Date:           Sat Apr 25 21:23:00 2026

* Version:        2022.1 (Build 3526262 on Mon Apr 18 15:47:01 MDT 2022)
* Project:        hls_cosim_project
* Solution:       solution_cosim (Vivado IP Flow Target)
* Product family: artix7
* Target device:  xc7a200t-sbg484-1


================================================================
== Performance Estimates
================================================================
+ Timing: 
    * Summary: 
    +--------+----------+----------+------------+
    |  Clock |  Target  | Estimated| Uncertainty|
    +--------+----------+----------+------------+
    |ap_clk  |  10.00 ns|  7.287 ns|     2.70 ns|
    +--------+----------+----------+------------+

+ Latency: 
    * Summary: 
    +---------+---------+----------+----------+-----+-----+---------+
    |  Latency (cycles) |  Latency (absolute) |  Interval | Pipeline|
    |   min   |   max   |    min   |    max   | min | max |   Type  |
    +---------+---------+----------+----------+-----+-----+---------+
    |      190|      190|  1.900 us|  1.900 us|  190|  190|       no|
    +---------+---------+----------+----------+-----+-----+---------+

    + Detail: 
        * Instance: 
        N/A

        * Loop: 
        +---------------------+---------+---------+----------+-----------+-----------+------+----------+
        |                     |  Latency (cycles) | Iteration|  Initiation Interval  | Trip |          |
        |      Loop Name      |   min   |   max   |  Latency |  achieved |   target  | Count| Pipelined|
        +---------------------+---------+---------+----------+-----------+-----------+------+----------+
        |- VITIS_LOOP_168_14  |      188|      188|        62|          1|          1|   128|       yes|
        +---------------------+---------+---------+----------+-----------+-----------+------+----------+



================================================================
== Utilization Estimates
================================================================
* Summary: 
+-----------------+---------+-----+--------+--------+-----+
|       Name      | BRAM_18K| DSP |   FF   |   LUT  | URAM|
+-----------------+---------+-----+--------+--------+-----+
|DSP              |        -|    -|       -|       -|    -|
|Expression       |        -|    -|       0|     801|    -|
|FIFO             |        -|    -|       -|       -|    -|
|Instance         |        -|    -|       0|     979|    -|
|Memory           |        -|    -|       -|       -|    -|
|Multiplexer      |        -|    -|       -|      54|    -|
|Register         |        -|    -|    7225|     256|    -|
+-----------------+---------+-----+--------+--------+-----+
|Total            |        0|    0|    7225|    2090|    0|
+-----------------+---------+-----+--------+--------+-----+
|Available        |      730|  740|  269200|  134600|    0|
+-----------------+---------+-----+--------+--------+-----+
|Utilization (%)  |        0|    0|       2|       1|    0|
+-----------------+---------+-----+--------+--------+-----+

+ Detail: 
    * Instance: 
    +----------------------+-----------------+---------+----+---+-----+-----+
    |       Instance       |      Module     | BRAM_18K| DSP| FF| LUT | URAM|
    +----------------------+-----------------+---------+----+---+-----+-----+
    |mux_1287_32_1_1_U389  |mux_1287_32_1_1  |        0|   0|  0|  673|    0|
    |mux_6432_32_1_1_U390  |mux_6432_32_1_1  |        0|   0|  0|  273|    0|
    |mux_83_32_1_1_U388    |mux_83_32_1_1    |        0|   0|  0|   33|    0|
    +----------------------+-----------------+---------+----+---+-----+-----+
    |Total                 |                 |        0|   0|  0|  979|    0|
    +----------------------+-----------------+---------+----+---+-----+-----+

    * DSP: 
    N/A

    * Memory: 
    N/A

    * FIFO: 
    N/A

    * Expression: 
    +------------------------+----------+----+---+-----+------------+------------+
    |      Variable Name     | Operation| DSP| FF| LUT | Bitwidth P0| Bitwidth P1|
    +------------------------+----------+----+---+-----+------------+------------+
    |add_ln168_fu_2362_p2    |         +|   0|  0|   15|           8|           1|
    |add_ln346_fu_2538_p2    |         +|   0|  0|   16|           9|           8|
    |result_V_2_fu_2620_p2   |         -|   0|  0|   39|           1|          32|
    |sub_ln1512_fu_2552_p2   |         -|   0|  0|   15|           7|           8|
    |and_ln32_fu_2467_p2     |       and|   0|  0|    2|           1|           1|
    |and_ln33_fu_2473_p2     |       and|   0|  0|    2|           1|           1|
    |icmp_ln168_fu_2356_p2   |      icmp|   0|  0|   11|           8|           9|
    |icmp_ln32_1_fu_2455_p2  |      icmp|   0|  0|   15|          23|           1|
    |icmp_ln32_fu_2449_p2    |      icmp|   0|  0|   11|           8|           2|
    |icmp_ln36_fu_2641_p2    |      icmp|   0|  0|   16|          26|           1|
    |r_V_fu_2578_p2          |      lshr|   0|  0|  242|          79|          79|
    |or_ln32_fu_2461_p2      |        or|   0|  0|    2|           1|           1|
    |idx_1_fu_2647_p3        |    select|   0|  0|   32|           1|           6|
    |result_V_fu_2625_p3     |    select|   0|  0|   32|           1|          32|
    |select_ln35_fu_2487_p3  |    select|   0|  0|   33|           1|          33|
    |ush_fu_2562_p3          |    select|   0|  0|    9|           1|           9|
    |val_fu_2612_p3          |    select|   0|  0|   32|           1|          32|
    |r_V_1_fu_2584_p2        |       shl|   0|  0|  242|          79|          79|
    |ap_enable_pp0           |       xor|   0|  0|    2|           1|           2|
    |xor_ln35_fu_2478_p2     |       xor|   0|  0|   33|          32|          33|
    +------------------------+----------+----+---+-----+------------+------------+
    |Total                   |          |   0|  0|  801|         289|         370|
    +------------------------+----------+----+---+-----+------------+------------+

    * Multiplexer: 
    +------------------------------------------+----+-----------+-----+-----------+
    |                   Name                   | LUT| Input Size| Bits| Total Bits|
    +------------------------------------------+----+-----------+-----+-----------+
    |ap_done_int                               |   9|          2|    1|          2|
    |ap_enable_reg_pp0_iter1                   |   9|          2|    1|          2|
    |ap_phi_mux_P_row_128_phi_fu_2298_p4       |   9|          2|   32|         64|
    |ap_phi_reg_pp0_iter12_P_row_128_reg_2294  |   9|          2|   32|         64|
    |ap_sig_allocacmp_j_1                      |   9|          2|    8|         16|
    |j_fu_760                                  |   9|          2|    8|         16|
    +------------------------------------------+----+-----------+-----+-----------+
    |Total                                     |  54|         12|   82|        164|
    +------------------------------------------+----+-----------+-----+-----------+

    * Register: 
    +------------------------------------------+----+----+-----+-----------+
    |                   Name                   | FF | LUT| Bits| Const Bits|
    +------------------------------------------+----+----+-----+-----------+
    |P_row_100_fu_1164                         |  32|   0|   32|          0|
    |P_row_101_fu_1168                         |  32|   0|   32|          0|
    |P_row_102_fu_1172                         |  32|   0|   32|          0|
    |P_row_103_fu_1176                         |  32|   0|   32|          0|
    |P_row_104_fu_1180                         |  32|   0|   32|          0|
    |P_row_105_fu_1184                         |  32|   0|   32|          0|
    |P_row_106_fu_1188                         |  32|   0|   32|          0|
    |P_row_107_fu_1192                         |  32|   0|   32|          0|
    |P_row_108_fu_1196                         |  32|   0|   32|          0|
    |P_row_109_fu_1200                         |  32|   0|   32|          0|
    |P_row_10_fu_804                           |  32|   0|   32|          0|
    |P_row_110_fu_1204                         |  32|   0|   32|          0|
    |P_row_111_fu_1208                         |  32|   0|   32|          0|
    |P_row_112_fu_1212                         |  32|   0|   32|          0|
    |P_row_113_fu_1216                         |  32|   0|   32|          0|
    |P_row_114_fu_1220                         |  32|   0|   32|          0|
    |P_row_115_fu_1224                         |  32|   0|   32|          0|
    |P_row_116_fu_1228                         |  32|   0|   32|          0|
    |P_row_117_fu_1232                         |  32|   0|   32|          0|
    |P_row_118_fu_1236                         |  32|   0|   32|          0|
    |P_row_119_fu_1240                         |  32|   0|   32|          0|
    |P_row_11_fu_808                           |  32|   0|   32|          0|
    |P_row_120_fu_1244                         |  32|   0|   32|          0|
    |P_row_121_fu_1248                         |  32|   0|   32|          0|
    |P_row_122_fu_1252                         |  32|   0|   32|          0|
    |P_row_123_fu_1256                         |  32|   0|   32|          0|
    |P_row_124_fu_1260                         |  32|   0|   32|          0|
    |P_row_125_fu_1264                         |  32|   0|   32|          0|
    |P_row_126_fu_1268                         |  32|   0|   32|          0|
    |P_row_127_fu_1272                         |  32|   0|   32|          0|
    |P_row_12_fu_812                           |  32|   0|   32|          0|
    |P_row_13_fu_816                           |  32|   0|   32|          0|
    |P_row_14_fu_820                           |  32|   0|   32|          0|
    |P_row_15_fu_824                           |  32|   0|   32|          0|
    |P_row_16_fu_828                           |  32|   0|   32|          0|
    |P_row_17_fu_832                           |  32|   0|   32|          0|
    |P_row_18_fu_836                           |  32|   0|   32|          0|
    |P_row_19_fu_840                           |  32|   0|   32|          0|
    |P_row_1_fu_768                            |  32|   0|   32|          0|
    |P_row_20_fu_844                           |  32|   0|   32|          0|
    |P_row_21_fu_848                           |  32|   0|   32|          0|
    |P_row_22_fu_852                           |  32|   0|   32|          0|
    |P_row_23_fu_856                           |  32|   0|   32|          0|
    |P_row_24_fu_860                           |  32|   0|   32|          0|
    |P_row_25_fu_864                           |  32|   0|   32|          0|
    |P_row_26_fu_868                           |  32|   0|   32|          0|
    |P_row_27_fu_872                           |  32|   0|   32|          0|
    |P_row_28_fu_876                           |  32|   0|   32|          0|
    |P_row_29_fu_880                           |  32|   0|   32|          0|
    |P_row_2_fu_772                            |  32|   0|   32|          0|
    |P_row_30_fu_884                           |  32|   0|   32|          0|
    |P_row_31_fu_888                           |  32|   0|   32|          0|
    |P_row_32_fu_892                           |  32|   0|   32|          0|
    |P_row_33_fu_896                           |  32|   0|   32|          0|
    |P_row_34_fu_900                           |  32|   0|   32|          0|
    |P_row_35_fu_904                           |  32|   0|   32|          0|
    |P_row_36_fu_908                           |  32|   0|   32|          0|
    |P_row_37_fu_912                           |  32|   0|   32|          0|
    |P_row_38_fu_916                           |  32|   0|   32|          0|
    |P_row_39_fu_920                           |  32|   0|   32|          0|
    |P_row_3_fu_776                            |  32|   0|   32|          0|
    |P_row_40_fu_924                           |  32|   0|   32|          0|
    |P_row_41_fu_928                           |  32|   0|   32|          0|
    |P_row_42_fu_932                           |  32|   0|   32|          0|
    |P_row_43_fu_936                           |  32|   0|   32|          0|
    |P_row_44_fu_940                           |  32|   0|   32|          0|
    |P_row_45_fu_944                           |  32|   0|   32|          0|
    |P_row_46_fu_948                           |  32|   0|   32|          0|
    |P_row_47_fu_952                           |  32|   0|   32|          0|
    |P_row_48_fu_956                           |  32|   0|   32|          0|
    |P_row_49_fu_960                           |  32|   0|   32|          0|
    |P_row_4_fu_780                            |  32|   0|   32|          0|
    |P_row_50_fu_964                           |  32|   0|   32|          0|
    |P_row_51_fu_968                           |  32|   0|   32|          0|
    |P_row_52_fu_972                           |  32|   0|   32|          0|
    |P_row_53_fu_976                           |  32|   0|   32|          0|
    |P_row_54_fu_980                           |  32|   0|   32|          0|
    |P_row_55_fu_984                           |  32|   0|   32|          0|
    |P_row_56_fu_988                           |  32|   0|   32|          0|
    |P_row_57_fu_992                           |  32|   0|   32|          0|
    |P_row_58_fu_996                           |  32|   0|   32|          0|
    |P_row_59_fu_1000                          |  32|   0|   32|          0|
    |P_row_5_fu_784                            |  32|   0|   32|          0|
    |P_row_60_fu_1004                          |  32|   0|   32|          0|
    |P_row_61_fu_1008                          |  32|   0|   32|          0|
    |P_row_62_fu_1012                          |  32|   0|   32|          0|
    |P_row_63_fu_1016                          |  32|   0|   32|          0|
    |P_row_64_fu_1020                          |  32|   0|   32|          0|
    |P_row_65_fu_1024                          |  32|   0|   32|          0|
    |P_row_66_fu_1028                          |  32|   0|   32|          0|
    |P_row_67_fu_1032                          |  32|   0|   32|          0|
    |P_row_68_fu_1036                          |  32|   0|   32|          0|
    |P_row_69_fu_1040                          |  32|   0|   32|          0|
    |P_row_6_fu_788                            |  32|   0|   32|          0|
    |P_row_70_fu_1044                          |  32|   0|   32|          0|
    |P_row_71_fu_1048                          |  32|   0|   32|          0|
    |P_row_72_fu_1052                          |  32|   0|   32|          0|
    |P_row_73_fu_1056                          |  32|   0|   32|          0|
    |P_row_74_fu_1060                          |  32|   0|   32|          0|
    |P_row_75_fu_1064                          |  32|   0|   32|          0|
    |P_row_76_fu_1068                          |  32|   0|   32|          0|
    |P_row_77_fu_1072                          |  32|   0|   32|          0|
    |P_row_78_fu_1076                          |  32|   0|   32|          0|
    |P_row_79_fu_1080                          |  32|   0|   32|          0|
    |P_row_7_fu_792                            |  32|   0|   32|          0|
    |P_row_80_fu_1084                          |  32|   0|   32|          0|
    |P_row_81_fu_1088                          |  32|   0|   32|          0|
    |P_row_82_fu_1092                          |  32|   0|   32|          0|
    |P_row_83_fu_1096                          |  32|   0|   32|          0|
    |P_row_84_fu_1100                          |  32|   0|   32|          0|
    |P_row_85_fu_1104                          |  32|   0|   32|          0|
    |P_row_86_fu_1108                          |  32|   0|   32|          0|
    |P_row_87_fu_1112                          |  32|   0|   32|          0|
    |P_row_88_fu_1116                          |  32|   0|   32|          0|
    |P_row_89_fu_1120                          |  32|   0|   32|          0|
    |P_row_8_fu_796                            |  32|   0|   32|          0|
    |P_row_90_fu_1124                          |  32|   0|   32|          0|
    |P_row_91_fu_1128                          |  32|   0|   32|          0|
    |P_row_92_fu_1132                          |  32|   0|   32|          0|
    |P_row_93_fu_1136                          |  32|   0|   32|          0|
    |P_row_94_fu_1140                          |  32|   0|   32|          0|
    |P_row_95_fu_1144                          |  32|   0|   32|          0|
    |P_row_96_fu_1148                          |  32|   0|   32|          0|
    |P_row_97_fu_1152                          |  32|   0|   32|          0|
    |P_row_98_fu_1156                          |  32|   0|   32|          0|
    |P_row_99_fu_1160                          |  32|   0|   32|          0|
    |P_row_9_fu_800                            |  32|   0|   32|          0|
    |P_row_fu_764                              |  32|   0|   32|          0|
    |add15_i_reg_5142                          |  32|   0|   32|          0|
    |and_ln32_reg_5059                         |   1|   0|    1|          0|
    |ap_CS_fsm                                 |   1|   0|    1|          0|
    |ap_done_reg                               |   1|   0|    1|          0|
    |ap_enable_reg_pp0_iter1                   |   1|   0|    1|          0|
    |ap_enable_reg_pp0_iter10                  |   1|   0|    1|          0|
    |ap_enable_reg_pp0_iter11                  |   1|   0|    1|          0|
    |ap_enable_reg_pp0_iter12                  |   1|   0|    1|          0|
    |ap_enable_reg_pp0_iter13                  |   1|   0|    1|          0|
    |ap_enable_reg_pp0_iter14                  |   1|   0|    1|          0|
    |ap_enable_reg_pp0_iter15                  |   1|   0|    1|          0|
    |ap_enable_reg_pp0_iter16                  |   1|   0|    1|          0|
    |ap_enable_reg_pp0_iter17                  |   1|   0|    1|          0|
    |ap_enable_reg_pp0_iter18                  |   1|   0|    1|          0|
    |ap_enable_reg_pp0_iter19                  |   1|   0|    1|          0|
    |ap_enable_reg_pp0_iter2                   |   1|   0|    1|          0|
    |ap_enable_reg_pp0_iter20                  |   1|   0|    1|          0|
    |ap_enable_reg_pp0_iter21                  |   1|   0|    1|          0|
    |ap_enable_reg_pp0_iter22                  |   1|   0|    1|          0|
    |ap_enable_reg_pp0_iter23                  |   1|   0|    1|          0|
    |ap_enable_reg_pp0_iter24                  |   1|   0|    1|          0|
    |ap_enable_reg_pp0_iter25                  |   1|   0|    1|          0|
    |ap_enable_reg_pp0_iter26                  |   1|   0|    1|          0|
    |ap_enable_reg_pp0_iter27                  |   1|   0|    1|          0|
    |ap_enable_reg_pp0_iter28                  |   1|   0|    1|          0|
    |ap_enable_reg_pp0_iter29                  |   1|   0|    1|          0|
    |ap_enable_reg_pp0_iter3                   |   1|   0|    1|          0|
    |ap_enable_reg_pp0_iter30                  |   1|   0|    1|          0|
    |ap_enable_reg_pp0_iter31                  |   1|   0|    1|          0|
    |ap_enable_reg_pp0_iter32                  |   1|   0|    1|          0|
    |ap_enable_reg_pp0_iter33                  |   1|   0|    1|          0|
    |ap_enable_reg_pp0_iter34                  |   1|   0|    1|          0|
    |ap_enable_reg_pp0_iter35                  |   1|   0|    1|          0|
    |ap_enable_reg_pp0_iter36                  |   1|   0|    1|          0|
    |ap_enable_reg_pp0_iter37                  |   1|   0|    1|          0|
    |ap_enable_reg_pp0_iter38                  |   1|   0|    1|          0|
    |ap_enable_reg_pp0_iter39                  |   1|   0|    1|          0|
    |ap_enable_reg_pp0_iter4                   |   1|   0|    1|          0|
    |ap_enable_reg_pp0_iter40                  |   1|   0|    1|          0|
    |ap_enable_reg_pp0_iter41                  |   1|   0|    1|          0|
    |ap_enable_reg_pp0_iter42                  |   1|   0|    1|          0|
    |ap_enable_reg_pp0_iter43                  |   1|   0|    1|          0|
    |ap_enable_reg_pp0_iter44                  |   1|   0|    1|          0|
    |ap_enable_reg_pp0_iter45                  |   1|   0|    1|          0|
    |ap_enable_reg_pp0_iter46                  |   1|   0|    1|          0|
    |ap_enable_reg_pp0_iter47                  |   1|   0|    1|          0|
    |ap_enable_reg_pp0_iter48                  |   1|   0|    1|          0|
    |ap_enable_reg_pp0_iter49                  |   1|   0|    1|          0|
    |ap_enable_reg_pp0_iter5                   |   1|   0|    1|          0|
    |ap_enable_reg_pp0_iter50                  |   1|   0|    1|          0|
    |ap_enable_reg_pp0_iter51                  |   1|   0|    1|          0|
    |ap_enable_reg_pp0_iter52                  |   1|   0|    1|          0|
    |ap_enable_reg_pp0_iter53                  |   1|   0|    1|          0|
    |ap_enable_reg_pp0_iter54                  |   1|   0|    1|          0|
    |ap_enable_reg_pp0_iter55                  |   1|   0|    1|          0|
    |ap_enable_reg_pp0_iter56                  |   1|   0|    1|          0|
    |ap_enable_reg_pp0_iter57                  |   1|   0|    1|          0|
    |ap_enable_reg_pp0_iter58                  |   1|   0|    1|          0|
    |ap_enable_reg_pp0_iter59                  |   1|   0|    1|          0|
    |ap_enable_reg_pp0_iter6                   |   1|   0|    1|          0|
    |ap_enable_reg_pp0_iter60                  |   1|   0|    1|          0|
    |ap_enable_reg_pp0_iter61                  |   1|   0|    1|          0|
    |ap_enable_reg_pp0_iter7                   |   1|   0|    1|          0|
    |ap_enable_reg_pp0_iter8                   |   1|   0|    1|          0|
    |ap_enable_reg_pp0_iter9                   |   1|   0|    1|          0|
    |ap_loop_exit_ready_pp0_iter10_reg         |   1|   0|    1|          0|
    |ap_loop_exit_ready_pp0_iter11_reg         |   1|   0|    1|          0|
    |ap_loop_exit_ready_pp0_iter12_reg         |   1|   0|    1|          0|
    |ap_loop_exit_ready_pp0_iter13_reg         |   1|   0|    1|          0|
    |ap_loop_exit_ready_pp0_iter14_reg         |   1|   0|    1|          0|
    |ap_loop_exit_ready_pp0_iter15_reg         |   1|   0|    1|          0|
    |ap_loop_exit_ready_pp0_iter16_reg         |   1|   0|    1|          0|
    |ap_loop_exit_ready_pp0_iter17_reg         |   1|   0|    1|          0|
    |ap_loop_exit_ready_pp0_iter18_reg         |   1|   0|    1|          0|
    |ap_loop_exit_ready_pp0_iter19_reg         |   1|   0|    1|          0|
    |ap_loop_exit_ready_pp0_iter1_reg          |   1|   0|    1|          0|
    |ap_loop_exit_ready_pp0_iter20_reg         |   1|   0|    1|          0|
    |ap_loop_exit_ready_pp0_iter21_reg         |   1|   0|    1|          0|
    |ap_loop_exit_ready_pp0_iter22_reg         |   1|   0|    1|          0|
    |ap_loop_exit_ready_pp0_iter23_reg         |   1|   0|    1|          0|
    |ap_loop_exit_ready_pp0_iter24_reg         |   1|   0|    1|          0|
    |ap_loop_exit_ready_pp0_iter25_reg         |   1|   0|    1|          0|
    |ap_loop_exit_ready_pp0_iter26_reg         |   1|   0|    1|          0|
    |ap_loop_exit_ready_pp0_iter27_reg         |   1|   0|    1|          0|
    |ap_loop_exit_ready_pp0_iter28_reg         |   1|   0|    1|          0|
    |ap_loop_exit_ready_pp0_iter29_reg         |   1|   0|    1|          0|
    |ap_loop_exit_ready_pp0_iter2_reg          |   1|   0|    1|          0|
    |ap_loop_exit_ready_pp0_iter30_reg         |   1|   0|    1|          0|
    |ap_loop_exit_ready_pp0_iter31_reg         |   1|   0|    1|          0|
    |ap_loop_exit_ready_pp0_iter32_reg         |   1|   0|    1|          0|
    |ap_loop_exit_ready_pp0_iter33_reg         |   1|   0|    1|          0|
    |ap_loop_exit_ready_pp0_iter34_reg         |   1|   0|    1|          0|
    |ap_loop_exit_ready_pp0_iter35_reg         |   1|   0|    1|          0|
    |ap_loop_exit_ready_pp0_iter36_reg         |   1|   0|    1|          0|
    |ap_loop_exit_ready_pp0_iter37_reg         |   1|   0|    1|          0|
    |ap_loop_exit_ready_pp0_iter38_reg         |   1|   0|    1|          0|
    |ap_loop_exit_ready_pp0_iter39_reg         |   1|   0|    1|          0|
    |ap_loop_exit_ready_pp0_iter3_reg          |   1|   0|    1|          0|
    |ap_loop_exit_ready_pp0_iter40_reg         |   1|   0|    1|          0|
    |ap_loop_exit_ready_pp0_iter41_reg         |   1|   0|    1|          0|
    |ap_loop_exit_ready_pp0_iter42_reg         |   1|   0|    1|          0|
    |ap_loop_exit_ready_pp0_iter43_reg         |   1|   0|    1|          0|
    |ap_loop_exit_ready_pp0_iter44_reg         |   1|   0|    1|          0|
    |ap_loop_exit_ready_pp0_iter45_reg         |   1|   0|    1|          0|
    |ap_loop_exit_ready_pp0_iter46_reg         |   1|   0|    1|          0|
    |ap_loop_exit_ready_pp0_iter47_reg         |   1|   0|    1|          0|
    |ap_loop_exit_ready_pp0_iter48_reg         |   1|   0|    1|          0|
    |ap_loop_exit_ready_pp0_iter49_reg         |   1|   0|    1|          0|
    |ap_loop_exit_ready_pp0_iter4_reg          |   1|   0|    1|          0|
    |ap_loop_exit_ready_pp0_iter50_reg         |   1|   0|    1|          0|
    |ap_loop_exit_ready_pp0_iter51_reg         |   1|   0|    1|          0|
    |ap_loop_exit_ready_pp0_iter52_reg         |   1|   0|    1|          0|
    |ap_loop_exit_ready_pp0_iter53_reg         |   1|   0|    1|          0|
    |ap_loop_exit_ready_pp0_iter54_reg         |   1|   0|    1|          0|
    |ap_loop_exit_ready_pp0_iter55_reg         |   1|   0|    1|          0|
    |ap_loop_exit_ready_pp0_iter56_reg         |   1|   0|    1|          0|
    |ap_loop_exit_ready_pp0_iter57_reg         |   1|   0|    1|          0|
    |ap_loop_exit_ready_pp0_iter58_reg         |   1|   0|    1|          0|
    |ap_loop_exit_ready_pp0_iter59_reg         |   1|   0|    1|          0|
    |ap_loop_exit_ready_pp0_iter5_reg          |   1|   0|    1|          0|
    |ap_loop_exit_ready_pp0_iter60_reg         |   1|   0|    1|          0|
    |ap_loop_exit_ready_pp0_iter6_reg          |   1|   0|    1|          0|
    |ap_loop_exit_ready_pp0_iter7_reg          |   1|   0|    1|          0|
    |ap_loop_exit_ready_pp0_iter8_reg          |   1|   0|    1|          0|
    |ap_loop_exit_ready_pp0_iter9_reg          |   1|   0|    1|          0|
    |ap_phi_reg_pp0_iter10_P_row_128_reg_2294  |  32|   0|   32|          0|
    |ap_phi_reg_pp0_iter11_P_row_128_reg_2294  |  32|   0|   32|          0|
    |ap_phi_reg_pp0_iter12_P_row_128_reg_2294  |  32|   0|   32|          0|
    |ap_phi_reg_pp0_iter13_P_row_128_reg_2294  |  32|   0|   32|          0|
    |ap_phi_reg_pp0_iter14_P_row_128_reg_2294  |  32|   0|   32|          0|
    |ap_phi_reg_pp0_iter15_P_row_128_reg_2294  |  32|   0|   32|          0|
    |ap_phi_reg_pp0_iter16_P_row_128_reg_2294  |  32|   0|   32|          0|
    |ap_phi_reg_pp0_iter17_P_row_128_reg_2294  |  32|   0|   32|          0|
    |ap_phi_reg_pp0_iter18_P_row_128_reg_2294  |  32|   0|   32|          0|
    |ap_phi_reg_pp0_iter19_P_row_128_reg_2294  |  32|   0|   32|          0|
    |ap_phi_reg_pp0_iter1_P_row_128_reg_2294   |  32|   0|   32|          0|
    |ap_phi_reg_pp0_iter20_P_row_128_reg_2294  |  32|   0|   32|          0|
    |ap_phi_reg_pp0_iter21_P_row_128_reg_2294  |  32|   0|   32|          0|
    |ap_phi_reg_pp0_iter22_P_row_128_reg_2294  |  32|   0|   32|          0|
    |ap_phi_reg_pp0_iter23_P_row_128_reg_2294  |  32|   0|   32|          0|
    |ap_phi_reg_pp0_iter24_P_row_128_reg_2294  |  32|   0|   32|          0|
    |ap_phi_reg_pp0_iter25_P_row_128_reg_2294  |  32|   0|   32|          0|
    |ap_phi_reg_pp0_iter26_P_row_128_reg_2294  |  32|   0|   32|          0|
    |ap_phi_reg_pp0_iter27_P_row_128_reg_2294  |  32|   0|   32|          0|
    |ap_phi_reg_pp0_iter28_P_row_128_reg_2294  |  32|   0|   32|          0|
    |ap_phi_reg_pp0_iter29_P_row_128_reg_2294  |  32|   0|   32|          0|
    |ap_phi_reg_pp0_iter2_P_row_128_reg_2294   |  32|   0|   32|          0|
    |ap_phi_reg_pp0_iter30_P_row_128_reg_2294  |  32|   0|   32|          0|
    |ap_phi_reg_pp0_iter31_P_row_128_reg_2294  |  32|   0|   32|          0|
    |ap_phi_reg_pp0_iter32_P_row_128_reg_2294  |  32|   0|   32|          0|
    |ap_phi_reg_pp0_iter33_P_row_128_reg_2294  |  32|   0|   32|          0|
    |ap_phi_reg_pp0_iter34_P_row_128_reg_2294  |  32|   0|   32|          0|
    |ap_phi_reg_pp0_iter35_P_row_128_reg_2294  |  32|   0|   32|          0|
    |ap_phi_reg_pp0_iter36_P_row_128_reg_2294  |  32|   0|   32|          0|
    |ap_phi_reg_pp0_iter37_P_row_128_reg_2294  |  32|   0|   32|          0|
    |ap_phi_reg_pp0_iter38_P_row_128_reg_2294  |  32|   0|   32|          0|
    |ap_phi_reg_pp0_iter39_P_row_128_reg_2294  |  32|   0|   32|          0|
    |ap_phi_reg_pp0_iter3_P_row_128_reg_2294   |  32|   0|   32|          0|
    |ap_phi_reg_pp0_iter40_P_row_128_reg_2294  |  32|   0|   32|          0|
    |ap_phi_reg_pp0_iter41_P_row_128_reg_2294  |  32|   0|   32|          0|
    |ap_phi_reg_pp0_iter42_P_row_128_reg_2294  |  32|   0|   32|          0|
    |ap_phi_reg_pp0_iter43_P_row_128_reg_2294  |  32|   0|   32|          0|
    |ap_phi_reg_pp0_iter44_P_row_128_reg_2294  |  32|   0|   32|          0|
    |ap_phi_reg_pp0_iter45_P_row_128_reg_2294  |  32|   0|   32|          0|
    |ap_phi_reg_pp0_iter46_P_row_128_reg_2294  |  32|   0|   32|          0|
    |ap_phi_reg_pp0_iter47_P_row_128_reg_2294  |  32|   0|   32|          0|
    |ap_phi_reg_pp0_iter48_P_row_128_reg_2294  |  32|   0|   32|          0|
    |ap_phi_reg_pp0_iter49_P_row_128_reg_2294  |  32|   0|   32|          0|
    |ap_phi_reg_pp0_iter4_P_row_128_reg_2294   |  32|   0|   32|          0|
    |ap_phi_reg_pp0_iter50_P_row_128_reg_2294  |  32|   0|   32|          0|
    |ap_phi_reg_pp0_iter51_P_row_128_reg_2294  |  32|   0|   32|          0|
    |ap_phi_reg_pp0_iter52_P_row_128_reg_2294  |  32|   0|   32|          0|
    |ap_phi_reg_pp0_iter53_P_row_128_reg_2294  |  32|   0|   32|          0|
    |ap_phi_reg_pp0_iter54_P_row_128_reg_2294  |  32|   0|   32|          0|
    |ap_phi_reg_pp0_iter55_P_row_128_reg_2294  |  32|   0|   32|          0|
    |ap_phi_reg_pp0_iter56_P_row_128_reg_2294  |  32|   0|   32|          0|
    |ap_phi_reg_pp0_iter57_P_row_128_reg_2294  |  32|   0|   32|          0|
    |ap_phi_reg_pp0_iter58_P_row_128_reg_2294  |  32|   0|   32|          0|
    |ap_phi_reg_pp0_iter59_P_row_128_reg_2294  |  32|   0|   32|          0|
    |ap_phi_reg_pp0_iter5_P_row_128_reg_2294   |  32|   0|   32|          0|
    |ap_phi_reg_pp0_iter60_P_row_128_reg_2294  |  32|   0|   32|          0|
    |ap_phi_reg_pp0_iter61_P_row_128_reg_2294  |  32|   0|   32|          0|
    |ap_phi_reg_pp0_iter6_P_row_128_reg_2294   |  32|   0|   32|          0|
    |ap_phi_reg_pp0_iter7_P_row_128_reg_2294   |  32|   0|   32|          0|
    |ap_phi_reg_pp0_iter8_P_row_128_reg_2294   |  32|   0|   32|          0|
    |ap_phi_reg_pp0_iter9_P_row_128_reg_2294   |  32|   0|   32|          0|
    |bitcast_ln32_reg_5049                     |  32|   0|   32|          0|
    |conv9_i_reg_5106                          |  32|   0|   32|          0|
    |dc_reg_5068                               |  32|   0|   32|          0|
    |frac_reg_5111                             |  32|   0|   32|          0|
    |icmp_ln168_reg_4984                       |   1|   0|    1|          0|
    |icmp_ln36_reg_5090                        |   1|   0|    1|          0|
    |idx_1_reg_5095                            |  32|   0|   32|          0|
    |j_fu_760                                  |   8|   0|    8|          0|
    |mul14_i_reg_5122                          |  32|   0|   32|          0|
    |mul_i_reg_5137                            |  32|   0|   32|          0|
    |or_ln32_reg_5054                          |   1|   0|    1|          0|
    |p_Result_s_reg_5074                       |   1|   0|    1|          0|
    |result_V_reg_5085                         |  32|   0|   32|          0|
    |select_ln35_reg_5063                      |  32|   0|   32|          0|
    |sub11_i_reg_5132                          |  32|   0|   32|          0|
    |tmp_4_reg_5037                            |  32|   0|   32|          0|
    |tmp_5_reg_5127                            |  32|   0|   32|          0|
    |tmp_6_reg_5117                            |  32|   0|   32|          0|
    |trunc_ln168_1_reg_4992                    |   3|   0|    3|          0|
    |trunc_ln168_reg_4988                      |   7|   0|    7|          0|
    |trunc_ln35_reg_5101                       |   7|   0|    7|          0|
    |val_reg_5079                              |  32|   0|   32|          0|
    |x_assign_2_reg_5042                       |  32|   0|   32|          0|
    |and_ln32_reg_5059                         |  64|  32|    1|          0|
    |dc_reg_5068                               |  64|  32|   32|          0|
    |icmp_ln168_reg_4984                       |  64|  32|    1|          0|
    |idx_1_reg_5095                            |  64|  32|   32|          0|
    |mul14_i_reg_5122                          |  64|  32|   32|          0|
    |trunc_ln168_reg_4988                      |  64|  32|    7|          0|
    |trunc_ln35_reg_5101                       |  64|  32|    7|          0|
    |x_assign_2_reg_5042                       |  64|  32|   32|          0|
    +------------------------------------------+----+----+-----+-----------+
    |Total                                     |7225| 256| 6857|          0|
    +------------------------------------------+----+----+-----+-----------+



================================================================
== Interface
================================================================
* Summary: 
+-----------------------+-----+-----+------------+--------------------------------------------------+--------------+
|       RTL Ports       | Dir | Bits|  Protocol  |                   Source Object                  |    C Type    |
+-----------------------+-----+-----+------------+--------------------------------------------------+--------------+
|ap_clk                 |   in|    1|  ap_ctrl_hs|  attention_int8_kernel_Pipeline_VITIS_LOOP_168_14|  return value|
|ap_rst                 |   in|    1|  ap_ctrl_hs|  attention_int8_kernel_Pipeline_VITIS_LOOP_168_14|  return value|
|ap_start               |   in|    1|  ap_ctrl_hs|  attention_int8_kernel_Pipeline_VITIS_LOOP_168_14|  return value|
|ap_done                |  out|    1|  ap_ctrl_hs|  attention_int8_kernel_Pipeline_VITIS_LOOP_168_14|  return value|
|ap_idle                |  out|    1|  ap_ctrl_hs|  attention_int8_kernel_Pipeline_VITIS_LOOP_168_14|  return value|
|ap_ready               |  out|    1|  ap_ctrl_hs|  attention_int8_kernel_Pipeline_VITIS_LOOP_168_14|  return value|
|grp_fu_2914_p_din0     |  out|   32|  ap_ctrl_hs|  attention_int8_kernel_Pipeline_VITIS_LOOP_168_14|  return value|
|grp_fu_2914_p_din1     |  out|   32|  ap_ctrl_hs|  attention_int8_kernel_Pipeline_VITIS_LOOP_168_14|  return value|
|grp_fu_2914_p_opcode   |  out|    1|  ap_ctrl_hs|  attention_int8_kernel_Pipeline_VITIS_LOOP_168_14|  return value|
|grp_fu_2914_p_dout0    |   in|   32|  ap_ctrl_hs|  attention_int8_kernel_Pipeline_VITIS_LOOP_168_14|  return value|
|grp_fu_2914_p_ce       |  out|    1|  ap_ctrl_hs|  attention_int8_kernel_Pipeline_VITIS_LOOP_168_14|  return value|
|grp_fu_2915_p_din0     |  out|   32|  ap_ctrl_hs|  attention_int8_kernel_Pipeline_VITIS_LOOP_168_14|  return value|
|grp_fu_2915_p_din1     |  out|   32|  ap_ctrl_hs|  attention_int8_kernel_Pipeline_VITIS_LOOP_168_14|  return value|
|grp_fu_2915_p_opcode   |  out|    1|  ap_ctrl_hs|  attention_int8_kernel_Pipeline_VITIS_LOOP_168_14|  return value|
|grp_fu_2915_p_dout0    |   in|   32|  ap_ctrl_hs|  attention_int8_kernel_Pipeline_VITIS_LOOP_168_14|  return value|
|grp_fu_2915_p_ce       |  out|    1|  ap_ctrl_hs|  attention_int8_kernel_Pipeline_VITIS_LOOP_168_14|  return value|
|grp_fu_2916_p_din0     |  out|   32|  ap_ctrl_hs|  attention_int8_kernel_Pipeline_VITIS_LOOP_168_14|  return value|
|grp_fu_2916_p_din1     |  out|   32|  ap_ctrl_hs|  attention_int8_kernel_Pipeline_VITIS_LOOP_168_14|  return value|
|grp_fu_2916_p_opcode   |  out|    1|  ap_ctrl_hs|  attention_int8_kernel_Pipeline_VITIS_LOOP_168_14|  return value|
|grp_fu_2916_p_dout0    |   in|   32|  ap_ctrl_hs|  attention_int8_kernel_Pipeline_VITIS_LOOP_168_14|  return value|
|grp_fu_2916_p_ce       |  out|    1|  ap_ctrl_hs|  attention_int8_kernel_Pipeline_VITIS_LOOP_168_14|  return value|
|grp_fu_2917_p_din0     |  out|   32|  ap_ctrl_hs|  attention_int8_kernel_Pipeline_VITIS_LOOP_168_14|  return value|
|grp_fu_2917_p_din1     |  out|   32|  ap_ctrl_hs|  attention_int8_kernel_Pipeline_VITIS_LOOP_168_14|  return value|
|grp_fu_2917_p_opcode   |  out|    2|  ap_ctrl_hs|  attention_int8_kernel_Pipeline_VITIS_LOOP_168_14|  return value|
|grp_fu_2917_p_dout0    |   in|   32|  ap_ctrl_hs|  attention_int8_kernel_Pipeline_VITIS_LOOP_168_14|  return value|
|grp_fu_2917_p_ce       |  out|    1|  ap_ctrl_hs|  attention_int8_kernel_Pipeline_VITIS_LOOP_168_14|  return value|
|grp_fu_5058_p_din0     |  out|   32|  ap_ctrl_hs|  attention_int8_kernel_Pipeline_VITIS_LOOP_168_14|  return value|
|grp_fu_5058_p_din1     |  out|   32|  ap_ctrl_hs|  attention_int8_kernel_Pipeline_VITIS_LOOP_168_14|  return value|
|grp_fu_5058_p_dout0    |   in|   32|  ap_ctrl_hs|  attention_int8_kernel_Pipeline_VITIS_LOOP_168_14|  return value|
|grp_fu_5058_p_ce       |  out|    1|  ap_ctrl_hs|  attention_int8_kernel_Pipeline_VITIS_LOOP_168_14|  return value|
|grp_fu_5453_p_din0     |  out|   32|  ap_ctrl_hs|  attention_int8_kernel_Pipeline_VITIS_LOOP_168_14|  return value|
|grp_fu_5453_p_din1     |  out|   32|  ap_ctrl_hs|  attention_int8_kernel_Pipeline_VITIS_LOOP_168_14|  return value|
|grp_fu_5453_p_dout0    |   in|   32|  ap_ctrl_hs|  attention_int8_kernel_Pipeline_VITIS_LOOP_168_14|  return value|
|grp_fu_5453_p_ce       |  out|    1|  ap_ctrl_hs|  attention_int8_kernel_Pipeline_VITIS_LOOP_168_14|  return value|
|grp_fu_7182_p_din0     |  out|   32|  ap_ctrl_hs|  attention_int8_kernel_Pipeline_VITIS_LOOP_168_14|  return value|
|grp_fu_7182_p_din1     |  out|   32|  ap_ctrl_hs|  attention_int8_kernel_Pipeline_VITIS_LOOP_168_14|  return value|
|grp_fu_7182_p_dout0    |   in|   32|  ap_ctrl_hs|  attention_int8_kernel_Pipeline_VITIS_LOOP_168_14|  return value|
|grp_fu_7182_p_ce       |  out|    1|  ap_ctrl_hs|  attention_int8_kernel_Pipeline_VITIS_LOOP_168_14|  return value|
|grp_fu_7187_p_din0     |  out|   32|  ap_ctrl_hs|  attention_int8_kernel_Pipeline_VITIS_LOOP_168_14|  return value|
|grp_fu_7187_p_dout0    |   in|   32|  ap_ctrl_hs|  attention_int8_kernel_Pipeline_VITIS_LOOP_168_14|  return value|
|grp_fu_7187_p_ce       |  out|    1|  ap_ctrl_hs|  attention_int8_kernel_Pipeline_VITIS_LOOP_168_14|  return value|
|grp_fu_11425_p_din0    |  out|   32|  ap_ctrl_hs|  attention_int8_kernel_Pipeline_VITIS_LOOP_168_14|  return value|
|grp_fu_11425_p_din1    |  out|   32|  ap_ctrl_hs|  attention_int8_kernel_Pipeline_VITIS_LOOP_168_14|  return value|
|grp_fu_11425_p_opcode  |  out|    5|  ap_ctrl_hs|  attention_int8_kernel_Pipeline_VITIS_LOOP_168_14|  return value|
|grp_fu_11425_p_dout0   |   in|    1|  ap_ctrl_hs|  attention_int8_kernel_Pipeline_VITIS_LOOP_168_14|  return value|
|grp_fu_11425_p_ce      |  out|    1|  ap_ctrl_hs|  attention_int8_kernel_Pipeline_VITIS_LOOP_168_14|  return value|
|grp_fu_7190_p_din0     |  out|   32|  ap_ctrl_hs|  attention_int8_kernel_Pipeline_VITIS_LOOP_168_14|  return value|
|grp_fu_7190_p_din1     |  out|   32|  ap_ctrl_hs|  attention_int8_kernel_Pipeline_VITIS_LOOP_168_14|  return value|
|grp_fu_7190_p_opcode   |  out|    5|  ap_ctrl_hs|  attention_int8_kernel_Pipeline_VITIS_LOOP_168_14|  return value|
|grp_fu_7190_p_dout0    |   in|    1|  ap_ctrl_hs|  attention_int8_kernel_Pipeline_VITIS_LOOP_168_14|  return value|
|grp_fu_7190_p_ce       |  out|    1|  ap_ctrl_hs|  attention_int8_kernel_Pipeline_VITIS_LOOP_168_14|  return value|
|i_3                    |   in|    3|     ap_none|                                               i_3|        scalar|
|trunc_ln187            |   in|    3|     ap_none|                                       trunc_ln187|        scalar|
|scores_address0        |  out|    7|   ap_memory|                                            scores|         array|
|scores_ce0             |  out|    1|   ap_memory|                                            scores|         array|
|scores_q0              |   in|   32|   ap_memory|                                            scores|         array|
|scores_1_address0      |  out|    7|   ap_memory|                                          scores_1|         array|
|scores_1_ce0           |  out|    1|   ap_memory|                                          scores_1|         array|
|scores_1_q0            |   in|   32|   ap_memory|                                          scores_1|         array|
|scores_2_address0      |  out|    7|   ap_memory|                                          scores_2|         array|
|scores_2_ce0           |  out|    1|   ap_memory|                                          scores_2|         array|
|scores_2_q0            |   in|   32|   ap_memory|                                          scores_2|         array|
|scores_3_address0      |  out|    7|   ap_memory|                                          scores_3|         array|
|scores_3_ce0           |  out|    1|   ap_memory|                                          scores_3|         array|
|scores_3_q0            |   in|   32|   ap_memory|                                          scores_3|         array|
|scores_4_address0      |  out|    7|   ap_memory|                                          scores_4|         array|
|scores_4_ce0           |  out|    1|   ap_memory|                                          scores_4|         array|
|scores_4_q0            |   in|   32|   ap_memory|                                          scores_4|         array|
|scores_5_address0      |  out|    7|   ap_memory|                                          scores_5|         array|
|scores_5_ce0           |  out|    1|   ap_memory|                                          scores_5|         array|
|scores_5_q0            |   in|   32|   ap_memory|                                          scores_5|         array|
|scores_6_address0      |  out|    7|   ap_memory|                                          scores_6|         array|
|scores_6_ce0           |  out|    1|   ap_memory|                                          scores_6|         array|
|scores_6_q0            |   in|   32|   ap_memory|                                          scores_6|         array|
|scores_7_address0      |  out|    7|   ap_memory|                                          scores_7|         array|
|scores_7_ce0           |  out|    1|   ap_memory|                                          scores_7|         array|
|scores_7_q0            |   in|   32|   ap_memory|                                          scores_7|         array|
|m_new                  |   in|   32|     ap_none|                                             m_new|        scalar|
|P_row_127_out          |  out|   32|      ap_vld|                                     P_row_127_out|       pointer|
|P_row_127_out_ap_vld   |  out|    1|      ap_vld|                                     P_row_127_out|       pointer|
|P_row_126_out          |  out|   32|      ap_vld|                                     P_row_126_out|       pointer|
|P_row_126_out_ap_vld   |  out|    1|      ap_vld|                                     P_row_126_out|       pointer|
|P_row_125_out          |  out|   32|      ap_vld|                                     P_row_125_out|       pointer|
|P_row_125_out_ap_vld   |  out|    1|      ap_vld|                                     P_row_125_out|       pointer|
|P_row_124_out          |  out|   32|      ap_vld|                                     P_row_124_out|       pointer|
|P_row_124_out_ap_vld   |  out|    1|      ap_vld|                                     P_row_124_out|       pointer|
|P_row_123_out          |  out|   32|      ap_vld|                                     P_row_123_out|       pointer|
|P_row_123_out_ap_vld   |  out|    1|      ap_vld|                                     P_row_123_out|       pointer|
|P_row_122_out          |  out|   32|      ap_vld|                                     P_row_122_out|       pointer|
|P_row_122_out_ap_vld   |  out|    1|      ap_vld|                                     P_row_122_out|       pointer|
|P_row_121_out          |  out|   32|      ap_vld|                                     P_row_121_out|       pointer|
|P_row_121_out_ap_vld   |  out|    1|      ap_vld|                                     P_row_121_out|       pointer|
|P_row_120_out          |  out|   32|      ap_vld|                                     P_row_120_out|       pointer|
|P_row_120_out_ap_vld   |  out|    1|      ap_vld|                                     P_row_120_out|       pointer|
|P_row_119_out          |  out|   32|      ap_vld|                                     P_row_119_out|       pointer|
|P_row_119_out_ap_vld   |  out|    1|      ap_vld|                                     P_row_119_out|       pointer|
|P_row_118_out          |  out|   32|      ap_vld|                                     P_row_118_out|       pointer|
|P_row_118_out_ap_vld   |  out|    1|      ap_vld|                                     P_row_118_out|       pointer|
|P_row_117_out          |  out|   32|      ap_vld|                                     P_row_117_out|       pointer|
|P_row_117_out_ap_vld   |  out|    1|      ap_vld|                                     P_row_117_out|       pointer|
|P_row_116_out          |  out|   32|      ap_vld|                                     P_row_116_out|       pointer|
|P_row_116_out_ap_vld   |  out|    1|      ap_vld|                                     P_row_116_out|       pointer|
|P_row_115_out          |  out|   32|      ap_vld|                                     P_row_115_out|       pointer|
|P_row_115_out_ap_vld   |  out|    1|      ap_vld|                                     P_row_115_out|       pointer|
|P_row_114_out          |  out|   32|      ap_vld|                                     P_row_114_out|       pointer|
|P_row_114_out_ap_vld   |  out|    1|      ap_vld|                                     P_row_114_out|       pointer|
|P_row_113_out          |  out|   32|      ap_vld|                                     P_row_113_out|       pointer|
|P_row_113_out_ap_vld   |  out|    1|      ap_vld|                                     P_row_113_out|       pointer|
|P_row_112_out          |  out|   32|      ap_vld|                                     P_row_112_out|       pointer|
|P_row_112_out_ap_vld   |  out|    1|      ap_vld|                                     P_row_112_out|       pointer|
|P_row_111_out          |  out|   32|      ap_vld|                                     P_row_111_out|       pointer|
|P_row_111_out_ap_vld   |  out|    1|      ap_vld|                                     P_row_111_out|       pointer|
|P_row_110_out          |  out|   32|      ap_vld|                                     P_row_110_out|       pointer|
|P_row_110_out_ap_vld   |  out|    1|      ap_vld|                                     P_row_110_out|       pointer|
|P_row_109_out          |  out|   32|      ap_vld|                                     P_row_109_out|       pointer|
|P_row_109_out_ap_vld   |  out|    1|      ap_vld|                                     P_row_109_out|       pointer|
|P_row_108_out          |  out|   32|      ap_vld|                                     P_row_108_out|       pointer|
|P_row_108_out_ap_vld   |  out|    1|      ap_vld|                                     P_row_108_out|       pointer|
|P_row_107_out          |  out|   32|      ap_vld|                                     P_row_107_out|       pointer|
|P_row_107_out_ap_vld   |  out|    1|      ap_vld|                                     P_row_107_out|       pointer|
|P_row_106_out          |  out|   32|      ap_vld|                                     P_row_106_out|       pointer|
|P_row_106_out_ap_vld   |  out|    1|      ap_vld|                                     P_row_106_out|       pointer|
|P_row_105_out          |  out|   32|      ap_vld|                                     P_row_105_out|       pointer|
|P_row_105_out_ap_vld   |  out|    1|      ap_vld|                                     P_row_105_out|       pointer|
|P_row_104_out          |  out|   32|      ap_vld|                                     P_row_104_out|       pointer|
|P_row_104_out_ap_vld   |  out|    1|      ap_vld|                                     P_row_104_out|       pointer|
|P_row_103_out          |  out|   32|      ap_vld|                                     P_row_103_out|       pointer|
|P_row_103_out_ap_vld   |  out|    1|      ap_vld|                                     P_row_103_out|       pointer|
|P_row_102_out          |  out|   32|      ap_vld|                                     P_row_102_out|       pointer|
|P_row_102_out_ap_vld   |  out|    1|      ap_vld|                                     P_row_102_out|       pointer|
|P_row_101_out          |  out|   32|      ap_vld|                                     P_row_101_out|       pointer|
|P_row_101_out_ap_vld   |  out|    1|      ap_vld|                                     P_row_101_out|       pointer|
|P_row_100_out          |  out|   32|      ap_vld|                                     P_row_100_out|       pointer|
|P_row_100_out_ap_vld   |  out|    1|      ap_vld|                                     P_row_100_out|       pointer|
|P_row_99_out           |  out|   32|      ap_vld|                                      P_row_99_out|       pointer|
|P_row_99_out_ap_vld    |  out|    1|      ap_vld|                                      P_row_99_out|       pointer|
|P_row_98_out           |  out|   32|      ap_vld|                                      P_row_98_out|       pointer|
|P_row_98_out_ap_vld    |  out|    1|      ap_vld|                                      P_row_98_out|       pointer|
|P_row_97_out           |  out|   32|      ap_vld|                                      P_row_97_out|       pointer|
|P_row_97_out_ap_vld    |  out|    1|      ap_vld|                                      P_row_97_out|       pointer|
|P_row_96_out           |  out|   32|      ap_vld|                                      P_row_96_out|       pointer|
|P_row_96_out_ap_vld    |  out|    1|      ap_vld|                                      P_row_96_out|       pointer|
|P_row_95_out           |  out|   32|      ap_vld|                                      P_row_95_out|       pointer|
|P_row_95_out_ap_vld    |  out|    1|      ap_vld|                                      P_row_95_out|       pointer|
|P_row_94_out           |  out|   32|      ap_vld|                                      P_row_94_out|       pointer|
|P_row_94_out_ap_vld    |  out|    1|      ap_vld|                                      P_row_94_out|       pointer|
|P_row_93_out           |  out|   32|      ap_vld|                                      P_row_93_out|       pointer|
|P_row_93_out_ap_vld    |  out|    1|      ap_vld|                                      P_row_93_out|       pointer|
|P_row_92_out           |  out|   32|      ap_vld|                                      P_row_92_out|       pointer|
|P_row_92_out_ap_vld    |  out|    1|      ap_vld|                                      P_row_92_out|       pointer|
|P_row_91_out           |  out|   32|      ap_vld|                                      P_row_91_out|       pointer|
|P_row_91_out_ap_vld    |  out|    1|      ap_vld|                                      P_row_91_out|       pointer|
|P_row_90_out           |  out|   32|      ap_vld|                                      P_row_90_out|       pointer|
|P_row_90_out_ap_vld    |  out|    1|      ap_vld|                                      P_row_90_out|       pointer|
|P_row_89_out           |  out|   32|      ap_vld|                                      P_row_89_out|       pointer|
|P_row_89_out_ap_vld    |  out|    1|      ap_vld|                                      P_row_89_out|       pointer|
|P_row_88_out           |  out|   32|      ap_vld|                                      P_row_88_out|       pointer|
|P_row_88_out_ap_vld    |  out|    1|      ap_vld|                                      P_row_88_out|       pointer|
|P_row_87_out           |  out|   32|      ap_vld|                                      P_row_87_out|       pointer|
|P_row_87_out_ap_vld    |  out|    1|      ap_vld|                                      P_row_87_out|       pointer|
|P_row_86_out           |  out|   32|      ap_vld|                                      P_row_86_out|       pointer|
|P_row_86_out_ap_vld    |  out|    1|      ap_vld|                                      P_row_86_out|       pointer|
|P_row_85_out           |  out|   32|      ap_vld|                                      P_row_85_out|       pointer|
|P_row_85_out_ap_vld    |  out|    1|      ap_vld|                                      P_row_85_out|       pointer|
|P_row_84_out           |  out|   32|      ap_vld|                                      P_row_84_out|       pointer|
|P_row_84_out_ap_vld    |  out|    1|      ap_vld|                                      P_row_84_out|       pointer|
|P_row_83_out           |  out|   32|      ap_vld|                                      P_row_83_out|       pointer|
|P_row_83_out_ap_vld    |  out|    1|      ap_vld|                                      P_row_83_out|       pointer|
|P_row_82_out           |  out|   32|      ap_vld|                                      P_row_82_out|       pointer|
|P_row_82_out_ap_vld    |  out|    1|      ap_vld|                                      P_row_82_out|       pointer|
|P_row_81_out           |  out|   32|      ap_vld|                                      P_row_81_out|       pointer|
|P_row_81_out_ap_vld    |  out|    1|      ap_vld|                                      P_row_81_out|       pointer|
|P_row_80_out           |  out|   32|      ap_vld|                                      P_row_80_out|       pointer|
|P_row_80_out_ap_vld    |  out|    1|      ap_vld|                                      P_row_80_out|       pointer|
|P_row_79_out           |  out|   32|      ap_vld|                                      P_row_79_out|       pointer|
|P_row_79_out_ap_vld    |  out|    1|      ap_vld|                                      P_row_79_out|       pointer|
|P_row_78_out           |  out|   32|      ap_vld|                                      P_row_78_out|       pointer|
|P_row_78_out_ap_vld    |  out|    1|      ap_vld|                                      P_row_78_out|       pointer|
|P_row_77_out           |  out|   32|      ap_vld|                                      P_row_77_out|       pointer|
|P_row_77_out_ap_vld    |  out|    1|      ap_vld|                                      P_row_77_out|       pointer|
|P_row_76_out           |  out|   32|      ap_vld|                                      P_row_76_out|       pointer|
|P_row_76_out_ap_vld    |  out|    1|      ap_vld|                                      P_row_76_out|       pointer|
|P_row_75_out           |  out|   32|      ap_vld|                                      P_row_75_out|       pointer|
|P_row_75_out_ap_vld    |  out|    1|      ap_vld|                                      P_row_75_out|       pointer|
|P_row_74_out           |  out|   32|      ap_vld|                                      P_row_74_out|       pointer|
|P_row_74_out_ap_vld    |  out|    1|      ap_vld|                                      P_row_74_out|       pointer|
|P_row_73_out           |  out|   32|      ap_vld|                                      P_row_73_out|       pointer|
|P_row_73_out_ap_vld    |  out|    1|      ap_vld|                                      P_row_73_out|       pointer|
|P_row_72_out           |  out|   32|      ap_vld|                                      P_row_72_out|       pointer|
|P_row_72_out_ap_vld    |  out|    1|      ap_vld|                                      P_row_72_out|       pointer|
|P_row_71_out           |  out|   32|      ap_vld|                                      P_row_71_out|       pointer|
|P_row_71_out_ap_vld    |  out|    1|      ap_vld|                                      P_row_71_out|       pointer|
|P_row_70_out           |  out|   32|      ap_vld|                                      P_row_70_out|       pointer|
|P_row_70_out_ap_vld    |  out|    1|      ap_vld|                                      P_row_70_out|       pointer|
|P_row_69_out           |  out|   32|      ap_vld|                                      P_row_69_out|       pointer|
|P_row_69_out_ap_vld    |  out|    1|      ap_vld|                                      P_row_69_out|       pointer|
|P_row_68_out           |  out|   32|      ap_vld|                                      P_row_68_out|       pointer|
|P_row_68_out_ap_vld    |  out|    1|      ap_vld|                                      P_row_68_out|       pointer|
|P_row_67_out           |  out|   32|      ap_vld|                                      P_row_67_out|       pointer|
|P_row_67_out_ap_vld    |  out|    1|      ap_vld|                                      P_row_67_out|       pointer|
|P_row_66_out           |  out|   32|      ap_vld|                                      P_row_66_out|       pointer|
|P_row_66_out_ap_vld    |  out|    1|      ap_vld|                                      P_row_66_out|       pointer|
|P_row_65_out           |  out|   32|      ap_vld|                                      P_row_65_out|       pointer|
|P_row_65_out_ap_vld    |  out|    1|      ap_vld|                                      P_row_65_out|       pointer|
|P_row_64_out           |  out|   32|      ap_vld|                                      P_row_64_out|       pointer|
|P_row_64_out_ap_vld    |  out|    1|      ap_vld|                                      P_row_64_out|       pointer|
|P_row_63_out           |  out|   32|      ap_vld|                                      P_row_63_out|       pointer|
|P_row_63_out_ap_vld    |  out|    1|      ap_vld|                                      P_row_63_out|       pointer|
|P_row_62_out           |  out|   32|      ap_vld|                                      P_row_62_out|       pointer|
|P_row_62_out_ap_vld    |  out|    1|      ap_vld|                                      P_row_62_out|       pointer|
|P_row_61_out           |  out|   32|      ap_vld|                                      P_row_61_out|       pointer|
|P_row_61_out_ap_vld    |  out|    1|      ap_vld|                                      P_row_61_out|       pointer|
|P_row_60_out           |  out|   32|      ap_vld|                                      P_row_60_out|       pointer|
|P_row_60_out_ap_vld    |  out|    1|      ap_vld|                                      P_row_60_out|       pointer|
|P_row_59_out           |  out|   32|      ap_vld|                                      P_row_59_out|       pointer|
|P_row_59_out_ap_vld    |  out|    1|      ap_vld|                                      P_row_59_out|       pointer|
|P_row_58_out           |  out|   32|      ap_vld|                                      P_row_58_out|       pointer|
|P_row_58_out_ap_vld    |  out|    1|      ap_vld|                                      P_row_58_out|       pointer|
|P_row_57_out           |  out|   32|      ap_vld|                                      P_row_57_out|       pointer|
|P_row_57_out_ap_vld    |  out|    1|      ap_vld|                                      P_row_57_out|       pointer|
|P_row_56_out           |  out|   32|      ap_vld|                                      P_row_56_out|       pointer|
|P_row_56_out_ap_vld    |  out|    1|      ap_vld|                                      P_row_56_out|       pointer|
|P_row_55_out           |  out|   32|      ap_vld|                                      P_row_55_out|       pointer|
|P_row_55_out_ap_vld    |  out|    1|      ap_vld|                                      P_row_55_out|       pointer|
|P_row_54_out           |  out|   32|      ap_vld|                                      P_row_54_out|       pointer|
|P_row_54_out_ap_vld    |  out|    1|      ap_vld|                                      P_row_54_out|       pointer|
|P_row_53_out           |  out|   32|      ap_vld|                                      P_row_53_out|       pointer|
|P_row_53_out_ap_vld    |  out|    1|      ap_vld|                                      P_row_53_out|       pointer|
|P_row_52_out           |  out|   32|      ap_vld|                                      P_row_52_out|       pointer|
|P_row_52_out_ap_vld    |  out|    1|      ap_vld|                                      P_row_52_out|       pointer|
|P_row_51_out           |  out|   32|      ap_vld|                                      P_row_51_out|       pointer|
|P_row_51_out_ap_vld    |  out|    1|      ap_vld|                                      P_row_51_out|       pointer|
|P_row_50_out           |  out|   32|      ap_vld|                                      P_row_50_out|       pointer|
|P_row_50_out_ap_vld    |  out|    1|      ap_vld|                                      P_row_50_out|       pointer|
|P_row_49_out           |  out|   32|      ap_vld|                                      P_row_49_out|       pointer|
|P_row_49_out_ap_vld    |  out|    1|      ap_vld|                                      P_row_49_out|       pointer|
|P_row_48_out           |  out|   32|      ap_vld|                                      P_row_48_out|       pointer|
|P_row_48_out_ap_vld    |  out|    1|      ap_vld|                                      P_row_48_out|       pointer|
|P_row_47_out           |  out|   32|      ap_vld|                                      P_row_47_out|       pointer|
|P_row_47_out_ap_vld    |  out|    1|      ap_vld|                                      P_row_47_out|       pointer|
|P_row_46_out           |  out|   32|      ap_vld|                                      P_row_46_out|       pointer|
|P_row_46_out_ap_vld    |  out|    1|      ap_vld|                                      P_row_46_out|       pointer|
|P_row_45_out           |  out|   32|      ap_vld|                                      P_row_45_out|       pointer|
|P_row_45_out_ap_vld    |  out|    1|      ap_vld|                                      P_row_45_out|       pointer|
|P_row_44_out           |  out|   32|      ap_vld|                                      P_row_44_out|       pointer|
|P_row_44_out_ap_vld    |  out|    1|      ap_vld|                                      P_row_44_out|       pointer|
|P_row_43_out           |  out|   32|      ap_vld|                                      P_row_43_out|       pointer|
|P_row_43_out_ap_vld    |  out|    1|      ap_vld|                                      P_row_43_out|       pointer|
|P_row_42_out           |  out|   32|      ap_vld|                                      P_row_42_out|       pointer|
|P_row_42_out_ap_vld    |  out|    1|      ap_vld|                                      P_row_42_out|       pointer|
|P_row_41_out           |  out|   32|      ap_vld|                                      P_row_41_out|       pointer|
|P_row_41_out_ap_vld    |  out|    1|      ap_vld|                                      P_row_41_out|       pointer|
|P_row_40_out           |  out|   32|      ap_vld|                                      P_row_40_out|       pointer|
|P_row_40_out_ap_vld    |  out|    1|      ap_vld|                                      P_row_40_out|       pointer|
|P_row_39_out           |  out|   32|      ap_vld|                                      P_row_39_out|       pointer|
|P_row_39_out_ap_vld    |  out|    1|      ap_vld|                                      P_row_39_out|       pointer|
|P_row_38_out           |  out|   32|      ap_vld|                                      P_row_38_out|       pointer|
|P_row_38_out_ap_vld    |  out|    1|      ap_vld|                                      P_row_38_out|       pointer|
|P_row_37_out           |  out|   32|      ap_vld|                                      P_row_37_out|       pointer|
|P_row_37_out_ap_vld    |  out|    1|      ap_vld|                                      P_row_37_out|       pointer|
|P_row_36_out           |  out|   32|      ap_vld|                                      P_row_36_out|       pointer|
|P_row_36_out_ap_vld    |  out|    1|      ap_vld|                                      P_row_36_out|       pointer|
|P_row_35_out           |  out|   32|      ap_vld|                                      P_row_35_out|       pointer|
|P_row_35_out_ap_vld    |  out|    1|      ap_vld|                                      P_row_35_out|       pointer|
|P_row_34_out           |  out|   32|      ap_vld|                                      P_row_34_out|       pointer|
|P_row_34_out_ap_vld    |  out|    1|      ap_vld|                                      P_row_34_out|       pointer|
|P_row_33_out           |  out|   32|      ap_vld|                                      P_row_33_out|       pointer|
|P_row_33_out_ap_vld    |  out|    1|      ap_vld|                                      P_row_33_out|       pointer|
|P_row_32_out           |  out|   32|      ap_vld|                                      P_row_32_out|       pointer|
|P_row_32_out_ap_vld    |  out|    1|      ap_vld|                                      P_row_32_out|       pointer|
|P_row_31_out           |  out|   32|      ap_vld|                                      P_row_31_out|       pointer|
|P_row_31_out_ap_vld    |  out|    1|      ap_vld|                                      P_row_31_out|       pointer|
|P_row_30_out           |  out|   32|      ap_vld|                                      P_row_30_out|       pointer|
|P_row_30_out_ap_vld    |  out|    1|      ap_vld|                                      P_row_30_out|       pointer|
|P_row_29_out           |  out|   32|      ap_vld|                                      P_row_29_out|       pointer|
|P_row_29_out_ap_vld    |  out|    1|      ap_vld|                                      P_row_29_out|       pointer|
|P_row_28_out           |  out|   32|      ap_vld|                                      P_row_28_out|       pointer|
|P_row_28_out_ap_vld    |  out|    1|      ap_vld|                                      P_row_28_out|       pointer|
|P_row_27_out           |  out|   32|      ap_vld|                                      P_row_27_out|       pointer|
|P_row_27_out_ap_vld    |  out|    1|      ap_vld|                                      P_row_27_out|       pointer|
|P_row_26_out           |  out|   32|      ap_vld|                                      P_row_26_out|       pointer|
|P_row_26_out_ap_vld    |  out|    1|      ap_vld|                                      P_row_26_out|       pointer|
|P_row_25_out           |  out|   32|      ap_vld|                                      P_row_25_out|       pointer|
|P_row_25_out_ap_vld    |  out|    1|      ap_vld|                                      P_row_25_out|       pointer|
|P_row_24_out           |  out|   32|      ap_vld|                                      P_row_24_out|       pointer|
|P_row_24_out_ap_vld    |  out|    1|      ap_vld|                                      P_row_24_out|       pointer|
|P_row_23_out           |  out|   32|      ap_vld|                                      P_row_23_out|       pointer|
|P_row_23_out_ap_vld    |  out|    1|      ap_vld|                                      P_row_23_out|       pointer|
|P_row_22_out           |  out|   32|      ap_vld|                                      P_row_22_out|       pointer|
|P_row_22_out_ap_vld    |  out|    1|      ap_vld|                                      P_row_22_out|       pointer|
|P_row_21_out           |  out|   32|      ap_vld|                                      P_row_21_out|       pointer|
|P_row_21_out_ap_vld    |  out|    1|      ap_vld|                                      P_row_21_out|       pointer|
|P_row_20_out           |  out|   32|      ap_vld|                                      P_row_20_out|       pointer|
|P_row_20_out_ap_vld    |  out|    1|      ap_vld|                                      P_row_20_out|       pointer|
|P_row_19_out           |  out|   32|      ap_vld|                                      P_row_19_out|       pointer|
|P_row_19_out_ap_vld    |  out|    1|      ap_vld|                                      P_row_19_out|       pointer|
|P_row_18_out           |  out|   32|      ap_vld|                                      P_row_18_out|       pointer|
|P_row_18_out_ap_vld    |  out|    1|      ap_vld|                                      P_row_18_out|       pointer|
|P_row_17_out           |  out|   32|      ap_vld|                                      P_row_17_out|       pointer|
|P_row_17_out_ap_vld    |  out|    1|      ap_vld|                                      P_row_17_out|       pointer|
|P_row_16_out           |  out|   32|      ap_vld|                                      P_row_16_out|       pointer|
|P_row_16_out_ap_vld    |  out|    1|      ap_vld|                                      P_row_16_out|       pointer|
|P_row_15_out           |  out|   32|      ap_vld|                                      P_row_15_out|       pointer|
|P_row_15_out_ap_vld    |  out|    1|      ap_vld|                                      P_row_15_out|       pointer|
|P_row_14_out           |  out|   32|      ap_vld|                                      P_row_14_out|       pointer|
|P_row_14_out_ap_vld    |  out|    1|      ap_vld|                                      P_row_14_out|       pointer|
|P_row_13_out           |  out|   32|      ap_vld|                                      P_row_13_out|       pointer|
|P_row_13_out_ap_vld    |  out|    1|      ap_vld|                                      P_row_13_out|       pointer|
|P_row_12_out           |  out|   32|      ap_vld|                                      P_row_12_out|       pointer|
|P_row_12_out_ap_vld    |  out|    1|      ap_vld|                                      P_row_12_out|       pointer|
|P_row_11_out           |  out|   32|      ap_vld|                                      P_row_11_out|       pointer|
|P_row_11_out_ap_vld    |  out|    1|      ap_vld|                                      P_row_11_out|       pointer|
|P_row_10_out           |  out|   32|      ap_vld|                                      P_row_10_out|       pointer|
|P_row_10_out_ap_vld    |  out|    1|      ap_vld|                                      P_row_10_out|       pointer|
|P_row_9_out            |  out|   32|      ap_vld|                                       P_row_9_out|       pointer|
|P_row_9_out_ap_vld     |  out|    1|      ap_vld|                                       P_row_9_out|       pointer|
|P_row_8_out            |  out|   32|      ap_vld|                                       P_row_8_out|       pointer|
|P_row_8_out_ap_vld     |  out|    1|      ap_vld|                                       P_row_8_out|       pointer|
|P_row_7_out            |  out|   32|      ap_vld|                                       P_row_7_out|       pointer|
|P_row_7_out_ap_vld     |  out|    1|      ap_vld|                                       P_row_7_out|       pointer|
|P_row_6_out            |  out|   32|      ap_vld|                                       P_row_6_out|       pointer|
|P_row_6_out_ap_vld     |  out|    1|      ap_vld|                                       P_row_6_out|       pointer|
|P_row_5_out            |  out|   32|      ap_vld|                                       P_row_5_out|       pointer|
|P_row_5_out_ap_vld     |  out|    1|      ap_vld|                                       P_row_5_out|       pointer|
|P_row_4_out            |  out|   32|      ap_vld|                                       P_row_4_out|       pointer|
|P_row_4_out_ap_vld     |  out|    1|      ap_vld|                                       P_row_4_out|       pointer|
|P_row_3_out            |  out|   32|      ap_vld|                                       P_row_3_out|       pointer|
|P_row_3_out_ap_vld     |  out|    1|      ap_vld|                                       P_row_3_out|       pointer|
|P_row_2_out            |  out|   32|      ap_vld|                                       P_row_2_out|       pointer|
|P_row_2_out_ap_vld     |  out|    1|      ap_vld|                                       P_row_2_out|       pointer|
|P_row_1_out            |  out|   32|      ap_vld|                                       P_row_1_out|       pointer|
|P_row_1_out_ap_vld     |  out|    1|      ap_vld|                                       P_row_1_out|       pointer|
|P_row_out              |  out|   32|      ap_vld|                                         P_row_out|       pointer|
|P_row_out_ap_vld       |  out|    1|      ap_vld|                                         P_row_out|       pointer|
+-----------------------+-----+-----+------------+--------------------------------------------------+--------------+

============================================================
+ Verbose Summary: Synthesis Manager
============================================================
InlineROM: 1
ExposeGlobal: 0
============================================================
+ Verbose Summary: CDFG Model
============================================================
IsTopModel: 0
ResetActiveHigh: 1
IsCombinational: 2
IsDatapathOnly: 2
HasWiredReturn: 1
HasMFsm: 2
HasVarLatency: 1
IsPipeline: 0
IsRtlPipelined: 0
IsInstanceOverlapped: 0
IsDontTouch: 0
HasImplIP: 0
IsGatedGlobalClock: 0

+ Individual pipeline summary: 
  * Pipeline-0: initiation interval (II) = 1, depth = 62


============================================================
+ Verbose Summary: Schedule
============================================================
* Number of FSM states : 62
* Pipeline : 1
  Pipeline-0 : II = 1, D = 62, States = { 1 2 3 4 5 6 7 8 9 10 11 12 13 14 15 16 17 18 19 20 21 22 23 24 25 26 27 28 29 30 31 32 33 34 35 36 37 38 39 40 41 42 43 44 45 46 47 48 49 50 51 52 53 54 55 56 57 58 59 60 61 62 }
* Dataflow Pipeline: 0

* FSM state transitions: 
1 --> 2 
2 --> 3 
3 --> 4 
4 --> 5 
5 --> 6 
6 --> 7 
7 --> 8 
8 --> 9 
9 --> 10 
10 --> 11 
11 --> 12 
12 --> 13 
13 --> 14 
14 --> 15 
15 --> 16 
16 --> 17 
17 --> 18 
18 --> 19 
19 --> 20 
20 --> 21 
21 --> 22 
22 --> 23 
23 --> 24 
24 --> 25 
25 --> 26 
26 --> 27 
27 --> 28 
28 --> 29 
29 --> 30 
30 --> 31 
31 --> 32 
32 --> 33 
33 --> 34 
34 --> 35 
35 --> 36 
36 --> 37 
37 --> 38 
38 --> 39 
39 --> 40 
40 --> 41 
41 --> 42 
42 --> 43 
43 --> 44 
44 --> 45 
45 --> 46 
46 --> 47 
47 --> 48 
48 --> 49 
49 --> 50 
50 --> 51 
51 --> 52 
52 --> 53 
53 --> 54 
54 --> 55 
55 --> 56 
56 --> 57 
57 --> 58 
58 --> 59 
59 --> 60 
60 --> 61 
61 --> 62 
62 --> 

* FSM state operations: 

State 1 <SV = 0> <Delay = 3.72>
ST_1 : Operation 65 [1/1] (0.00ns)   --->   "%j = alloca i32 1"   --->   Operation 65 'alloca' 'j' <Predicate = true> <Delay = 0.00>
ST_1 : Operation 66 [1/1] (0.00ns)   --->   "%P_row = alloca i32 1"   --->   Operation 66 'alloca' 'P_row' <Predicate = true> <Delay = 0.00>
ST_1 : Operation 67 [1/1] (0.00ns)   --->   "%P_row_1 = alloca i32 1"   --->   Operation 67 'alloca' 'P_row_1' <Predicate = true> <Delay = 0.00>
ST_1 : Operation 68 [1/1] (0.00ns)   --->   "%P_row_2 = alloca i32 1"   --->   Operation 68 'alloca' 'P_row_2' <Predicate = true> <Delay = 0.00>
ST_1 : Operation 69 [1/1] (0.00ns)   --->   "%P_row_3 = alloca i32 1"   --->   Operation 69 'alloca' 'P_row_3' <Predicate = true> <Delay = 0.00>
ST_1 : Operation 70 [1/1] (0.00ns)   --->   "%P_row_4 = alloca i32 1"   --->   Operation 70 'alloca' 'P_row_4' <Predicate = true> <Delay = 0.00>
ST_1 : Operation 71 [1/1] (0.00ns)   --->   "%P_row_5 = alloca i32 1"   --->   Operation 71 'alloca' 'P_row_5' <Predicate = true> <Delay = 0.00>
ST_1 : Operation 72 [1/1] (0.00ns)   --->   "%P_row_6 = alloca i32 1"   --->   Operation 72 'alloca' 'P_row_6' <Predicate = true> <Delay = 0.00>
ST_1 : Operation 73 [1/1] (0.00ns)   --->   "%P_row_7 = alloca i32 1"   --->   Operation 73 'alloca' 'P_row_7' <Predicate = true> <Delay = 0.00>
ST_1 : Operation 74 [1/1] (0.00ns)   --->   "%P_row_8 = alloca i32 1"   --->   Operation 74 'alloca' 'P_row_8' <Predicate = true> <Delay = 0.00>
ST_1 : Operation 75 [1/1] (0.00ns)   --->   "%P_row_9 = alloca i32 1"   --->   Operation 75 'alloca' 'P_row_9' <Predicate = true> <Delay = 0.00>
ST_1 : Operation 76 [1/1] (0.00ns)   --->   "%P_row_10 = alloca i32 1"   --->   Operation 76 'alloca' 'P_row_10' <Predicate = true> <Delay = 0.00>
ST_1 : Operation 77 [1/1] (0.00ns)   --->   "%P_row_11 = alloca i32 1"   --->   Operation 77 'alloca' 'P_row_11' <Predicate = true> <Delay = 0.00>
ST_1 : Operation 78 [1/1] (0.00ns)   --->   "%P_row_12 = alloca i32 1"   --->   Operation 78 'alloca' 'P_row_12' <Predicate = true> <Delay = 0.00>
ST_1 : Operation 79 [1/1] (0.00ns)   --->   "%P_row_13 = alloca i32 1"   --->   Operation 79 'alloca' 'P_row_13' <Predicate = true> <Delay = 0.00>
ST_1 : Operation 80 [1/1] (0.00ns)   --->   "%P_row_14 = alloca i32 1"   --->   Operation 80 'alloca' 'P_row_14' <Predicate = true> <Delay = 0.00>
ST_1 : Operation 81 [1/1] (0.00ns)   --->   "%P_row_15 = alloca i32 1"   --->   Operation 81 'alloca' 'P_row_15' <Predicate = true> <Delay = 0.00>
ST_1 : Operation 82 [1/1] (0.00ns)   --->   "%P_row_16 = alloca i32 1"   --->   Operation 82 'alloca' 'P_row_16' <Predicate = true> <Delay = 0.00>
ST_1 : Operation 83 [1/1] (0.00ns)   --->   "%P_row_17 = alloca i32 1"   --->   Operation 83 'alloca' 'P_row_17' <Predicate = true> <Delay = 0.00>
ST_1 : Operation 84 [1/1] (0.00ns)   --->   "%P_row_18 = alloca i32 1"   --->   Operation 84 'alloca' 'P_row_18' <Predicate = true> <Delay = 0.00>
ST_1 : Operation 85 [1/1] (0.00ns)   --->   "%P_row_19 = alloca i32 1"   --->   Operation 85 'alloca' 'P_row_19' <Predicate = true> <Delay = 0.00>
ST_1 : Operation 86 [1/1] (0.00ns)   --->   "%P_row_20 = alloca i32 1"   --->   Operation 86 'alloca' 'P_row_20' <Predicate = true> <Delay = 0.00>
ST_1 : Operation 87 [1/1] (0.00ns)   --->   "%P_row_21 = alloca i32 1"   --->   Operation 87 'alloca' 'P_row_21' <Predicate = true> <Delay = 0.00>
ST_1 : Operation 88 [1/1] (0.00ns)   --->   "%P_row_22 = alloca i32 1"   --->   Operation 88 'alloca' 'P_row_22' <Predicate = true> <Delay = 0.00>
ST_1 : Operation 89 [1/1] (0.00ns)   --->   "%P_row_23 = alloca i32 1"   --->   Operation 89 'alloca' 'P_row_23' <Predicate = true> <Delay = 0.00>
ST_1 : Operation 90 [1/1] (0.00ns)   --->   "%P_row_24 = alloca i32 1"   --->   Operation 90 'alloca' 'P_row_24' <Predicate = true> <Delay = 0.00>
ST_1 : Operation 91 [1/1] (0.00ns)   --->   "%P_row_25 = alloca i32 1"   --->   Operation 91 'alloca' 'P_row_25' <Predicate = true> <Delay = 0.00>
ST_1 : Operation 92 [1/1] (0.00ns)   --->   "%P_row_26 = alloca i32 1"   --->   Operation 92 'alloca' 'P_row_26' <Predicate = true> <Delay = 0.00>
ST_1 : Operation 93 [1/1] (0.00ns)   --->   "%P_row_27 = alloca i32 1"   --->   Operation 93 'alloca' 'P_row_27' <Predicate = true> <Delay = 0.00>
ST_1 : Operation 94 [1/1] (0.00ns)   --->   "%P_row_28 = alloca i32 1"   --->   Operation 94 'alloca' 'P_row_28' <Predicate = true> <Delay = 0.00>
ST_1 : Operation 95 [1/1] (0.00ns)   --->   "%P_row_29 = alloca i32 1"   --->   Operation 95 'alloca' 'P_row_29' <Predicate = true> <Delay = 0.00>
ST_1 : Operation 96 [1/1] (0.00ns)   --->   "%P_row_30 = alloca i32 1"   --->   Operation 96 'alloca' 'P_row_30' <Predicate = true> <Delay = 0.00>
ST_1 : Operation 97 [1/1] (0.00ns)   --->   "%P_row_31 = alloca i32 1"   --->   Operation 97 'alloca' 'P_row_31' <Predicate = true> <Delay = 0.00>
ST_1 : Operation 98 [1/1] (0.00ns)   --->   "%P_row_32 = alloca i32 1"   --->   Operation 98 'alloca' 'P_row_32' <Predicate = true> <Delay = 0.00>
ST_1 : Operation 99 [1/1] (0.00ns)   --->   "%P_row_33 = alloca i32 1"   --->   Operation 99 'alloca' 'P_row_33' <Predicate = true> <Delay = 0.00>
ST_1 : Operation 100 [1/1] (0.00ns)   --->   "%P_row_34 = alloca i32 1"   --->   Operation 100 'alloca' 'P_row_34' <Predicate = true> <Delay = 0.00>
ST_1 : Operation 101 [1/1] (0.00ns)   --->   "%P_row_35 = alloca i32 1"   --->   Operation 101 'alloca' 'P_row_35' <Predicate = true> <Delay = 0.00>
ST_1 : Operation 102 [1/1] (0.00ns)   --->   "%P_row_36 = alloca i32 1"   --->   Operation 102 'alloca' 'P_row_36' <Predicate = true> <Delay = 0.00>
ST_1 : Operation 103 [1/1] (0.00ns)   --->   "%P_row_37 = alloca i32 1"   --->   Operation 103 'alloca' 'P_row_37' <Predicate = true> <Delay = 0.00>
ST_1 : Operation 104 [1/1] (0.00ns)   --->   "%P_row_38 = alloca i32 1"   --->   Operation 104 'alloca' 'P_row_38' <Predicate = true> <Delay = 0.00>
ST_1 : Operation 105 [1/1] (0.00ns)   --->   "%P_row_39 = alloca i32 1"   --->   Operation 105 'alloca' 'P_row_39' <Predicate = true> <Delay = 0.00>
ST_1 : Operation 106 [1/1] (0.00ns)   --->   "%P_row_40 = alloca i32 1"   --->   Operation 106 'alloca' 'P_row_40' <Predicate = true> <Delay = 0.00>
ST_1 : Operation 107 [1/1] (0.00ns)   --->   "%P_row_41 = alloca i32 1"   --->   Operation 107 'alloca' 'P_row_41' <Predicate = true> <Delay = 0.00>
ST_1 : Operation 108 [1/1] (0.00ns)   --->   "%P_row_42 = alloca i32 1"   --->   Operation 108 'alloca' 'P_row_42' <Predicate = true> <Delay = 0.00>
ST_1 : Operation 109 [1/1] (0.00ns)   --->   "%P_row_43 = alloca i32 1"   --->   Operation 109 'alloca' 'P_row_43' <Predicate = true> <Delay = 0.00>
ST_1 : Operation 110 [1/1] (0.00ns)   --->   "%P_row_44 = alloca i32 1"   --->   Operation 110 'alloca' 'P_row_44' <Predicate = true> <Delay = 0.00>
ST_1 : Operation 111 [1/1] (0.00ns)   --->   "%P_row_45 = alloca i32 1"   --->   Operation 111 'alloca' 'P_row_45' <Predicate = true> <Delay = 0.00>
ST_1 : Operation 112 [1/1] (0.00ns)   --->   "%P_row_46 = alloca i32 1"   --->   Operation 112 'alloca' 'P_row_46' <Predicate = true> <Delay = 0.00>
ST_1 : Operation 113 [1/1] (0.00ns)   --->   "%P_row_47 = alloca i32 1"   --->   Operation 113 'alloca' 'P_row_47' <Predicate = true> <Delay = 0.00>
ST_1 : Operation 114 [1/1] (0.00ns)   --->   "%P_row_48 = alloca i32 1"   --->   Operation 114 'alloca' 'P_row_48' <Predicate = true> <Delay = 0.00>
ST_1 : Operation 115 [1/1] (0.00ns)   --->   "%P_row_49 = alloca i32 1"   --->   Operation 115 'alloca' 'P_row_49' <Predicate = true> <Delay = 0.00>
ST_1 : Operation 116 [1/1] (0.00ns)   --->   "%P_row_50 = alloca i32 1"   --->   Operation 116 'alloca' 'P_row_50' <Predicate = true> <Delay = 0.00>
ST_1 : Operation 117 [1/1] (0.00ns)   --->   "%P_row_51 = alloca i32 1"   --->   Operation 117 'alloca' 'P_row_51' <Predicate = true> <Delay = 0.00>
ST_1 : Operation 118 [1/1] (0.00ns)   --->   "%P_row_52 = alloca i32 1"   --->   Operation 118 'alloca' 'P_row_52' <Predicate = true> <Delay = 0.00>
ST_1 : Operation 119 [1/1] (0.00ns)   --->   "%P_row_53 = alloca i32 1"   --->   Operation 119 'alloca' 'P_row_53' <Predicate = true> <Delay = 0.00>
ST_1 : Operation 120 [1/1] (0.00ns)   --->   "%P_row_54 = alloca i32 1"   --->   Operation 120 'alloca' 'P_row_54' <Predicate = true> <Delay = 0.00>
ST_1 : Operation 121 [1/1] (0.00ns)   --->   "%P_row_55 = alloca i32 1"   --->   Operation 121 'alloca' 'P_row_55' <Predicate = true> <Delay = 0.00>
ST_1 : Operation 122 [1/1] (0.00ns)   --->   "%P_row_56 = alloca i32 1"   --->   Operation 122 'alloca' 'P_row_56' <Predicate = true> <Delay = 0.00>
ST_1 : Operation 123 [1/1] (0.00ns)   --->   "%P_row_57 = alloca i32 1"   --->   Operation 123 'alloca' 'P_row_57' <Predicate = true> <Delay = 0.00>
ST_1 : Operation 124 [1/1] (0.00ns)   --->   "%P_row_58 = alloca i32 1"   --->   Operation 124 'alloca' 'P_row_58' <Predicate = true> <Delay = 0.00>
ST_1 : Operation 125 [1/1] (0.00ns)   --->   "%P_row_59 = alloca i32 1"   --->   Operation 125 'alloca' 'P_row_59' <Predicate = true> <Delay = 0.00>
ST_1 : Operation 126 [1/1] (0.00ns)   --->   "%P_row_60 = alloca i32 1"   --->   Operation 126 'alloca' 'P_row_60' <Predicate = true> <Delay = 0.00>
ST_1 : Operation 127 [1/1] (0.00ns)   --->   "%P_row_61 = alloca i32 1"   --->   Operation 127 'alloca' 'P_row_61' <Predicate = true> <Delay = 0.00>
ST_1 : Operation 128 [1/1] (0.00ns)   --->   "%P_row_62 = alloca i32 1"   --->   Operation 128 'alloca' 'P_row_62' <Predicate = true> <Delay = 0.00>
ST_1 : Operation 129 [1/1] (0.00ns)   --->   "%P_row_63 = alloca i32 1"   --->   Operation 129 'alloca' 'P_row_63' <Predicate = true> <Delay = 0.00>
ST_1 : Operation 130 [1/1] (0.00ns)   --->   "%P_row_64 = alloca i32 1"   --->   Operation 130 'alloca' 'P_row_64' <Predicate = true> <Delay = 0.00>
ST_1 : Operation 131 [1/1] (0.00ns)   --->   "%P_row_65 = alloca i32 1"   --->   Operation 131 'alloca' 'P_row_65' <Predicate = true> <Delay = 0.00>
ST_1 : Operation 132 [1/1] (0.00ns)   --->   "%P_row_66 = alloca i32 1"   --->   Operation 132 'alloca' 'P_row_66' <Predicate = true> <Delay = 0.00>
ST_1 : Operation 133 [1/1] (0.00ns)   --->   "%P_row_67 = alloca i32 1"   --->   Operation 133 'alloca' 'P_row_67' <Predicate = true> <Delay = 0.00>
ST_1 : Operation 134 [1/1] (0.00ns)   --->   "%P_row_68 = alloca i32 1"   --->   Operation 134 'alloca' 'P_row_68' <Predicate = true> <Delay = 0.00>
ST_1 : Operation 135 [1/1] (0.00ns)   --->   "%P_row_69 = alloca i32 1"   --->   Operation 135 'alloca' 'P_row_69' <Predicate = true> <Delay = 0.00>
ST_1 : Operation 136 [1/1] (0.00ns)   --->   "%P_row_70 = alloca i32 1"   --->   Operation 136 'alloca' 'P_row_70' <Predicate = true> <Delay = 0.00>
ST_1 : Operation 137 [1/1] (0.00ns)   --->   "%P_row_71 = alloca i32 1"   --->   Operation 137 'alloca' 'P_row_71' <Predicate = true> <Delay = 0.00>
ST_1 : Operation 138 [1/1] (0.00ns)   --->   "%P_row_72 = alloca i32 1"   --->   Operation 138 'alloca' 'P_row_72' <Predicate = true> <Delay = 0.00>
ST_1 : Operation 139 [1/1] (0.00ns)   --->   "%P_row_73 = alloca i32 1"   --->   Operation 139 'alloca' 'P_row_73' <Predicate = true> <Delay = 0.00>
ST_1 : Operation 140 [1/1] (0.00ns)   --->   "%P_row_74 = alloca i32 1"   --->   Operation 140 'alloca' 'P_row_74' <Predicate = true> <Delay = 0.00>
ST_1 : Operation 141 [1/1] (0.00ns)   --->   "%P_row_75 = alloca i32 1"   --->   Operation 141 'alloca' 'P_row_75' <Predicate = true> <Delay = 0.00>
ST_1 : Operation 142 [1/1] (0.00ns)   --->   "%P_row_76 = alloca i32 1"   --->   Operation 142 'alloca' 'P_row_76' <Predicate = true> <Delay = 0.00>
ST_1 : Operation 143 [1/1] (0.00ns)   --->   "%P_row_77 = alloca i32 1"   --->   Operation 143 'alloca' 'P_row_77' <Predicate = true> <Delay = 0.00>
ST_1 : Operation 144 [1/1] (0.00ns)   --->   "%P_row_78 = alloca i32 1"   --->   Operation 144 'alloca' 'P_row_78' <Predicate = true> <Delay = 0.00>
ST_1 : Operation 145 [1/1] (0.00ns)   --->   "%P_row_79 = alloca i32 1"   --->   Operation 145 'alloca' 'P_row_79' <Predicate = true> <Delay = 0.00>
ST_1 : Operation 146 [1/1] (0.00ns)   --->   "%P_row_80 = alloca i32 1"   --->   Operation 146 'alloca' 'P_row_80' <Predicate = true> <Delay = 0.00>
ST_1 : Operation 147 [1/1] (0.00ns)   --->   "%P_row_81 = alloca i32 1"   --->   Operation 147 'alloca' 'P_row_81' <Predicate = true> <Delay = 0.00>
ST_1 : Operation 148 [1/1] (0.00ns)   --->   "%P_row_82 = alloca i32 1"   --->   Operation 148 'alloca' 'P_row_82' <Predicate = true> <Delay = 0.00>
ST_1 : Operation 149 [1/1] (0.00ns)   --->   "%P_row_83 = alloca i32 1"   --->   Operation 149 'alloca' 'P_row_83' <Predicate = true> <Delay = 0.00>
ST_1 : Operation 150 [1/1] (0.00ns)   --->   "%P_row_84 = alloca i32 1"   --->   Operation 150 'alloca' 'P_row_84' <Predicate = true> <Delay = 0.00>
ST_1 : Operation 151 [1/1] (0.00ns)   --->   "%P_row_85 = alloca i32 1"   --->   Operation 151 'alloca' 'P_row_85' <Predicate = true> <Delay = 0.00>
ST_1 : Operation 152 [1/1] (0.00ns)   --->   "%P_row_86 = alloca i32 1"   --->   Operation 152 'alloca' 'P_row_86' <Predicate = true> <Delay = 0.00>
ST_1 : Operation 153 [1/1] (0.00ns)   --->   "%P_row_87 = alloca i32 1"   --->   Operation 153 'alloca' 'P_row_87' <Predicate = true> <Delay = 0.00>
ST_1 : Operation 154 [1/1] (0.00ns)   --->   "%P_row_88 = alloca i32 1"   --->   Operation 154 'alloca' 'P_row_88' <Predicate = true> <Delay = 0.00>
ST_1 : Operation 155 [1/1] (0.00ns)   --->   "%P_row_89 = alloca i32 1"   --->   Operation 155 'alloca' 'P_row_89' <Predicate = true> <Delay = 0.00>
ST_1 : Operation 156 [1/1] (0.00ns)   --->   "%P_row_90 = alloca i32 1"   --->   Operation 156 'alloca' 'P_row_90' <Predicate = true> <Delay = 0.00>
ST_1 : Operation 157 [1/1] (0.00ns)   --->   "%P_row_91 = alloca i32 1"   --->   Operation 157 'alloca' 'P_row_91' <Predicate = true> <Delay = 0.00>
ST_1 : Operation 158 [1/1] (0.00ns)   --->   "%P_row_92 = alloca i32 1"   --->   Operation 158 'alloca' 'P_row_92' <Predicate = true> <Delay = 0.00>
ST_1 : Operation 159 [1/1] (0.00ns)   --->   "%P_row_93 = alloca i32 1"   --->   Operation 159 'alloca' 'P_row_93' <Predicate = true> <Delay = 0.00>
ST_1 : Operation 160 [1/1] (0.00ns)   --->   "%P_row_94 = alloca i32 1"   --->   Operation 160 'alloca' 'P_row_94' <Predicate = true> <Delay = 0.00>
ST_1 : Operation 161 [1/1] (0.00ns)   --->   "%P_row_95 = alloca i32 1"   --->   Operation 161 'alloca' 'P_row_95' <Predicate = true> <Delay = 0.00>
ST_1 : Operation 162 [1/1] (0.00ns)   --->   "%P_row_96 = alloca i32 1"   --->   Operation 162 'alloca' 'P_row_96' <Predicate = true> <Delay = 0.00>
ST_1 : Operation 163 [1/1] (0.00ns)   --->   "%P_row_97 = alloca i32 1"   --->   Operation 163 'alloca' 'P_row_97' <Predicate = true> <Delay = 0.00>
ST_1 : Operation 164 [1/1] (0.00ns)   --->   "%P_row_98 = alloca i32 1"   --->   Operation 164 'alloca' 'P_row_98' <Predicate = true> <Delay = 0.00>
ST_1 : Operation 165 [1/1] (0.00ns)   --->   "%P_row_99 = alloca i32 1"   --->   Operation 165 'alloca' 'P_row_99' <Predicate = true> <Delay = 0.00>
ST_1 : Operation 166 [1/1] (0.00ns)   --->   "%P_row_100 = alloca i32 1"   --->   Operation 166 'alloca' 'P_row_100' <Predicate = true> <Delay = 0.00>
ST_1 : Operation 167 [1/1] (0.00ns)   --->   "%P_row_101 = alloca i32 1"   --->   Operation 167 'alloca' 'P_row_101' <Predicate = true> <Delay = 0.00>
ST_1 : Operation 168 [1/1] (0.00ns)   --->   "%P_row_102 = alloca i32 1"   --->   Operation 168 'alloca' 'P_row_102' <Predicate = true> <Delay = 0.00>
ST_1 : Operation 169 [1/1] (0.00ns)   --->   "%P_row_103 = alloca i32 1"   --->   Operation 169 'alloca' 'P_row_103' <Predicate = true> <Delay = 0.00>
ST_1 : Operation 170 [1/1] (0.00ns)   --->   "%P_row_104 = alloca i32 1"   --->   Operation 170 'alloca' 'P_row_104' <Predicate = true> <Delay = 0.00>
ST_1 : Operation 171 [1/1] (0.00ns)   --->   "%P_row_105 = alloca i32 1"   --->   Operation 171 'alloca' 'P_row_105' <Predicate = true> <Delay = 0.00>
ST_1 : Operation 172 [1/1] (0.00ns)   --->   "%P_row_106 = alloca i32 1"   --->   Operation 172 'alloca' 'P_row_106' <Predicate = true> <Delay = 0.00>
ST_1 : Operation 173 [1/1] (0.00ns)   --->   "%P_row_107 = alloca i32 1"   --->   Operation 173 'alloca' 'P_row_107' <Predicate = true> <Delay = 0.00>
ST_1 : Operation 174 [1/1] (0.00ns)   --->   "%P_row_108 = alloca i32 1"   --->   Operation 174 'alloca' 'P_row_108' <Predicate = true> <Delay = 0.00>
ST_1 : Operation 175 [1/1] (0.00ns)   --->   "%P_row_109 = alloca i32 1"   --->   Operation 175 'alloca' 'P_row_109' <Predicate = true> <Delay = 0.00>
ST_1 : Operation 176 [1/1] (0.00ns)   --->   "%P_row_110 = alloca i32 1"   --->   Operation 176 'alloca' 'P_row_110' <Predicate = true> <Delay = 0.00>
ST_1 : Operation 177 [1/1] (0.00ns)   --->   "%P_row_111 = alloca i32 1"   --->   Operation 177 'alloca' 'P_row_111' <Predicate = true> <Delay = 0.00>
ST_1 : Operation 178 [1/1] (0.00ns)   --->   "%P_row_112 = alloca i32 1"   --->   Operation 178 'alloca' 'P_row_112' <Predicate = true> <Delay = 0.00>
ST_1 : Operation 179 [1/1] (0.00ns)   --->   "%P_row_113 = alloca i32 1"   --->   Operation 179 'alloca' 'P_row_113' <Predicate = true> <Delay = 0.00>
ST_1 : Operation 180 [1/1] (0.00ns)   --->   "%P_row_114 = alloca i32 1"   --->   Operation 180 'alloca' 'P_row_114' <Predicate = true> <Delay = 0.00>
ST_1 : Operation 181 [1/1] (0.00ns)   --->   "%P_row_115 = alloca i32 1"   --->   Operation 181 'alloca' 'P_row_115' <Predicate = true> <Delay = 0.00>
ST_1 : Operation 182 [1/1] (0.00ns)   --->   "%P_row_116 = alloca i32 1"   --->   Operation 182 'alloca' 'P_row_116' <Predicate = true> <Delay = 0.00>
ST_1 : Operation 183 [1/1] (0.00ns)   --->   "%P_row_117 = alloca i32 1"   --->   Operation 183 'alloca' 'P_row_117' <Predicate = true> <Delay = 0.00>
ST_1 : Operation 184 [1/1] (0.00ns)   --->   "%P_row_118 = alloca i32 1"   --->   Operation 184 'alloca' 'P_row_118' <Predicate = true> <Delay = 0.00>
ST_1 : Operation 185 [1/1] (0.00ns)   --->   "%P_row_119 = alloca i32 1"   --->   Operation 185 'alloca' 'P_row_119' <Predicate = true> <Delay = 0.00>
ST_1 : Operation 186 [1/1] (0.00ns)   --->   "%P_row_120 = alloca i32 1"   --->   Operation 186 'alloca' 'P_row_120' <Predicate = true> <Delay = 0.00>
ST_1 : Operation 187 [1/1] (0.00ns)   --->   "%P_row_121 = alloca i32 1"   --->   Operation 187 'alloca' 'P_row_121' <Predicate = true> <Delay = 0.00>
ST_1 : Operation 188 [1/1] (0.00ns)   --->   "%P_row_122 = alloca i32 1"   --->   Operation 188 'alloca' 'P_row_122' <Predicate = true> <Delay = 0.00>
ST_1 : Operation 189 [1/1] (0.00ns)   --->   "%P_row_123 = alloca i32 1"   --->   Operation 189 'alloca' 'P_row_123' <Predicate = true> <Delay = 0.00>
ST_1 : Operation 190 [1/1] (0.00ns)   --->   "%P_row_124 = alloca i32 1"   --->   Operation 190 'alloca' 'P_row_124' <Predicate = true> <Delay = 0.00>
ST_1 : Operation 191 [1/1] (0.00ns)   --->   "%P_row_125 = alloca i32 1"   --->   Operation 191 'alloca' 'P_row_125' <Predicate = true> <Delay = 0.00>
ST_1 : Operation 192 [1/1] (0.00ns)   --->   "%P_row_126 = alloca i32 1"   --->   Operation 192 'alloca' 'P_row_126' <Predicate = true> <Delay = 0.00>
ST_1 : Operation 193 [1/1] (0.00ns)   --->   "%P_row_127 = alloca i32 1"   --->   Operation 193 'alloca' 'P_row_127' <Predicate = true> <Delay = 0.00>
ST_1 : Operation 194 [1/1] (0.00ns)   --->   "%m_new_read = read i32 @_ssdm_op_Read.ap_auto.float, i32 %m_new"   --->   Operation 194 'read' 'm_new_read' <Predicate = true> <Delay = 0.00>
ST_1 : Operation 195 [1/1] (0.00ns)   --->   "%trunc_ln187_read = read i3 @_ssdm_op_Read.ap_auto.i3, i3 %trunc_ln187"   --->   Operation 195 'read' 'trunc_ln187_read' <Predicate = true> <Delay = 0.00>
ST_1 : Operation 196 [1/1] (0.00ns)   --->   "%i_32 = read i3 @_ssdm_op_Read.ap_auto.i3, i3 %i_3"   --->   Operation 196 'read' 'i_32' <Predicate = true> <Delay = 0.00>
ST_1 : Operation 197 [1/1] (1.61ns)   --->   "%store_ln0 = store i8 0, i8 %j"   --->   Operation 197 'store' 'store_ln0' <Predicate = true> <Delay = 1.61>
ST_1 : Operation 198 [1/1] (0.00ns)   --->   "%br_ln0 = br void %for.body204"   --->   Operation 198 'br' 'br_ln0' <Predicate = true> <Delay = 0.00>
ST_1 : Operation 199 [1/1] (0.00ns)   --->   "%j_1 = load i8 %j" [attention_int8.cpp:168]   --->   Operation 199 'load' 'j_1' <Predicate = true> <Delay = 0.00>
ST_1 : Operation 200 [1/1] (1.47ns)   --->   "%icmp_ln168 = icmp_eq  i8 %j_1, i8 128" [attention_int8.cpp:168]   --->   Operation 200 'icmp' 'icmp_ln168' <Predicate = true> <Delay = 1.47> <CoreInst = "Cmp">   --->   Core 9 'Cmp' <Latency = 0> <II = 1> <Delay = 1.58> <FuncUnit> <Opcode : 'icmp'> <InPorts = 2> <OutPorts = 1>
ST_1 : Operation 201 [1/1] (0.00ns)   --->   "%empty = speclooptripcount i32 @_ssdm_op_SpecLoopTripCount, i64 128, i64 128, i64 128"   --->   Operation 201 'speclooptripcount' 'empty' <Predicate = true> <Delay = 0.00>
ST_1 : Operation 202 [1/1] (2.11ns)   --->   "%add_ln168 = add i8 %j_1, i8 1" [attention_int8.cpp:168]   --->   Operation 202 'add' 'add_ln168' <Predicate = true> <Delay = 2.11> <CoreInst = "Adder">   --->   Core 1 'Adder' <Latency = 0> <II = 1> <Delay = 2.11> <FuncUnit> <Opcode : 'add' 'sub'> <InPorts = 2> <OutPorts = 1>
ST_1 : Operation 203 [1/1] (0.00ns)   --->   "%br_ln168 = br i1 %icmp_ln168, void %for.body204.split, void %for.inc224_ifconv.exitStub" [attention_int8.cpp:168]   --->   Operation 203 'br' 'br_ln168' <Predicate = true> <Delay = 0.00>
ST_1 : Operation 204 [1/1] (0.00ns)   --->   "%trunc_ln168 = trunc i8 %j_1" [attention_int8.cpp:168]   --->   Operation 204 'trunc' 'trunc_ln168' <Predicate = (!icmp_ln168)> <Delay = 0.00>
ST_1 : Operation 205 [1/1] (0.00ns)   --->   "%trunc_ln168_1 = trunc i8 %j_1" [attention_int8.cpp:168]   --->   Operation 205 'trunc' 'trunc_ln168_1' <Predicate = (!icmp_ln168)> <Delay = 0.00>
ST_1 : Operation 206 [1/1] (0.00ns)   --->   "%lshr_ln3 = partselect i4 @_ssdm_op_PartSelect.i4.i8.i32.i32, i8 %j_1, i32 3, i32 6" [attention_int8.cpp:170]   --->   Operation 206 'partselect' 'lshr_ln3' <Predicate = (!icmp_ln168)> <Delay = 0.00>
ST_1 : Operation 207 [1/1] (0.00ns)   --->   "%tmp_s = bitconcatenate i7 @_ssdm_op_BitConcatenate.i7.i3.i4, i3 %trunc_ln187_read, i4 %lshr_ln3" [attention_int8.cpp:170]   --->   Operation 207 'bitconcatenate' 'tmp_s' <Predicate = (!icmp_ln168)> <Delay = 0.00>
ST_1 : Operation 208 [1/1] (0.00ns)   --->   "%zext_ln170 = zext i7 %tmp_s" [attention_int8.cpp:170]   --->   Operation 208 'zext' 'zext_ln170' <Predicate = (!icmp_ln168)> <Delay = 0.00>
ST_1 : Operation 209 [1/1] (0.00ns)   --->   "%scores_addr = getelementptr i32 %scores, i64 0, i64 %zext_ln170" [attention_int8.cpp:170]   --->   Operation 209 'getelementptr' 'scores_addr' <Predicate = (!icmp_ln168)> <Delay = 0.00>
ST_1 : Operation 210 [1/1] (0.00ns)   --->   "%scores_1_addr = getelementptr i32 %scores_1, i64 0, i64 %zext_ln170" [attention_int8.cpp:170]   --->   Operation 210 'getelementptr' 'scores_1_addr' <Predicate = (!icmp_ln168)> <Delay = 0.00>
ST_1 : Operation 211 [1/1] (0.00ns)   --->   "%scores_2_addr = getelementptr i32 %scores_2, i64 0, i64 %zext_ln170" [attention_int8.cpp:170]   --->   Operation 211 'getelementptr' 'scores_2_addr' <Predicate = (!icmp_ln168)> <Delay = 0.00>
ST_1 : Operation 212 [1/1] (0.00ns)   --->   "%scores_3_addr = getelementptr i32 %scores_3, i64 0, i64 %zext_ln170" [attention_int8.cpp:170]   --->   Operation 212 'getelementptr' 'scores_3_addr' <Predicate = (!icmp_ln168)> <Delay = 0.00>
ST_1 : Operation 213 [1/1] (0.00ns)   --->   "%scores_4_addr = getelementptr i32 %scores_4, i64 0, i64 %zext_ln170" [attention_int8.cpp:170]   --->   Operation 213 'getelementptr' 'scores_4_addr' <Predicate = (!icmp_ln168)> <Delay = 0.00>
ST_1 : Operation 214 [1/1] (0.00ns)   --->   "%scores_5_addr = getelementptr i32 %scores_5, i64 0, i64 %zext_ln170" [attention_int8.cpp:170]   --->   Operation 214 'getelementptr' 'scores_5_addr' <Predicate = (!icmp_ln168)> <Delay = 0.00>
ST_1 : Operation 215 [1/1] (0.00ns)   --->   "%scores_6_addr = getelementptr i32 %scores_6, i64 0, i64 %zext_ln170" [attention_int8.cpp:170]   --->   Operation 215 'getelementptr' 'scores_6_addr' <Predicate = (!icmp_ln168)> <Delay = 0.00>
ST_1 : Operation 216 [1/1] (0.00ns)   --->   "%scores_7_addr = getelementptr i32 %scores_7, i64 0, i64 %zext_ln170" [attention_int8.cpp:170]   --->   Operation 216 'getelementptr' 'scores_7_addr' <Predicate = (!icmp_ln168)> <Delay = 0.00>
ST_1 : Operation 217 [2/2] (3.25ns)   --->   "%scores_load = load i7 %scores_addr" [attention_int8.cpp:170]   --->   Operation 217 'load' 'scores_load' <Predicate = (!icmp_ln168)> <Delay = 3.25> <CoreInst = "RAM">   --->   Core 82 'RAM' <Latency = 1> <II = 1> <Delay = 3.25> <Storage> <Opcode : 'load' 'store'> <Ports = 2> <Width = 32> <Depth = 128> <RAM>
ST_1 : Operation 218 [2/2] (3.25ns)   --->   "%scores_1_load = load i7 %scores_1_addr" [attention_int8.cpp:170]   --->   Operation 218 'load' 'scores_1_load' <Predicate = (!icmp_ln168)> <Delay = 3.25> <CoreInst = "RAM">   --->   Core 82 'RAM' <Latency = 1> <II = 1> <Delay = 3.25> <Storage> <Opcode : 'load' 'store'> <Ports = 2> <Width = 32> <Depth = 128> <RAM>
ST_1 : Operation 219 [2/2] (3.25ns)   --->   "%scores_2_load = load i7 %scores_2_addr" [attention_int8.cpp:170]   --->   Operation 219 'load' 'scores_2_load' <Predicate = (!icmp_ln168)> <Delay = 3.25> <CoreInst = "RAM">   --->   Core 82 'RAM' <Latency = 1> <II = 1> <Delay = 3.25> <Storage> <Opcode : 'load' 'store'> <Ports = 2> <Width = 32> <Depth = 128> <RAM>
ST_1 : Operation 220 [2/2] (3.25ns)   --->   "%scores_3_load = load i7 %scores_3_addr" [attention_int8.cpp:170]   --->   Operation 220 'load' 'scores_3_load' <Predicate = (!icmp_ln168)> <Delay = 3.25> <CoreInst = "RAM">   --->   Core 82 'RAM' <Latency = 1> <II = 1> <Delay = 3.25> <Storage> <Opcode : 'load' 'store'> <Ports = 2> <Width = 32> <Depth = 128> <RAM>
ST_1 : Operation 221 [2/2] (3.25ns)   --->   "%scores_4_load = load i7 %scores_4_addr" [attention_int8.cpp:170]   --->   Operation 221 'load' 'scores_4_load' <Predicate = (!icmp_ln168)> <Delay = 3.25> <CoreInst = "RAM">   --->   Core 82 'RAM' <Latency = 1> <II = 1> <Delay = 3.25> <Storage> <Opcode : 'load' 'store'> <Ports = 2> <Width = 32> <Depth = 128> <RAM>
ST_1 : Operation 222 [2/2] (3.25ns)   --->   "%scores_5_load = load i7 %scores_5_addr" [attention_int8.cpp:170]   --->   Operation 222 'load' 'scores_5_load' <Predicate = (!icmp_ln168)> <Delay = 3.25> <CoreInst = "RAM">   --->   Core 82 'RAM' <Latency = 1> <II = 1> <Delay = 3.25> <Storage> <Opcode : 'load' 'store'> <Ports = 2> <Width = 32> <Depth = 128> <RAM>
ST_1 : Operation 223 [2/2] (3.25ns)   --->   "%scores_6_load = load i7 %scores_6_addr" [attention_int8.cpp:170]   --->   Operation 223 'load' 'scores_6_load' <Predicate = (!icmp_ln168)> <Delay = 3.25> <CoreInst = "RAM">   --->   Core 82 'RAM' <Latency = 1> <II = 1> <Delay = 3.25> <Storage> <Opcode : 'load' 'store'> <Ports = 2> <Width = 32> <Depth = 128> <RAM>
ST_1 : Operation 224 [2/2] (3.25ns)   --->   "%scores_7_load = load i7 %scores_7_addr" [attention_int8.cpp:170]   --->   Operation 224 'load' 'scores_7_load' <Predicate = (!icmp_ln168)> <Delay = 3.25> <CoreInst = "RAM">   --->   Core 82 'RAM' <Latency = 1> <II = 1> <Delay = 3.25> <Storage> <Opcode : 'load' 'store'> <Ports = 2> <Width = 32> <Depth = 128> <RAM>
ST_1 : Operation 225 [1/1] (0.93ns)   --->   "%switch_ln170 = switch i7 %trunc_ln168, void %arrayidx212.case.127, i7 0, void %for.inc213.arrayidx212.exit_crit_edge, i7 1, void %for.inc213.arrayidx212.exit_crit_edge9, i7 2, void %arrayidx212.case.2, i7 3, void %arrayidx212.case.3, i7 4, void %arrayidx212.case.4, i7 5, void %arrayidx212.case.5, i7 6, void %arrayidx212.case.6, i7 7, void %arrayidx212.case.7, i7 8, void %arrayidx212.case.8, i7 9, void %arrayidx212.case.9, i7 10, void %arrayidx212.case.10, i7 11, void %arrayidx212.case.11, i7 12, void %arrayidx212.case.12, i7 13, void %arrayidx212.case.13, i7 14, void %arrayidx212.case.14, i7 15, void %arrayidx212.case.15, i7 16, void %arrayidx212.case.16, i7 17, void %arrayidx212.case.17, i7 18, void %arrayidx212.case.18, i7 19, void %arrayidx212.case.19, i7 20, void %arrayidx212.case.20, i7 21, void %arrayidx212.case.21, i7 22, void %arrayidx212.case.22, i7 23, void %arrayidx212.case.23, i7 24, void %arrayidx212.case.24, i7 25, void %arrayidx212.case.25, i7 26, void %arrayidx212.case.26, i7 27, void %arrayidx212.case.27, i7 28, void %arrayidx212.case.28, i7 29, void %arrayidx212.case.29, i7 30, void %arrayidx212.case.30, i7 31, void %arrayidx212.case.31, i7 32, void %arrayidx212.case.32, i7 33, void %arrayidx212.case.33, i7 34, void %arrayidx212.case.34, i7 35, void %arrayidx212.case.35, i7 36, void %arrayidx212.case.36, i7 37, void %arrayidx212.case.37, i7 38, void %arrayidx212.case.38, i7 39, void %arrayidx212.case.39, i7 40, void %arrayidx212.case.40, i7 41, void %arrayidx212.case.41, i7 42, void %arrayidx212.case.42, i7 43, void %arrayidx212.case.43, i7 44, void %arrayidx212.case.44, i7 45, void %arrayidx212.case.45, i7 46, void %arrayidx212.case.46, i7 47, void %arrayidx212.case.47, i7 48, void %arrayidx212.case.48, i7 49, void %arrayidx212.case.49, i7 50, void %arrayidx212.case.50, i7 51, void %arrayidx212.case.51, i7 52, void %arrayidx212.case.52, i7 53, void %arrayidx212.case.53, i7 54, void %arrayidx212.case.54, i7 55, void %arrayidx212.case.55, i7 56, void %arrayidx212.case.56, i7 57, void %arrayidx212.case.57, i7 58, void %arrayidx212.case.58, i7 59, void %arrayidx212.case.59, i7 60, void %arrayidx212.case.60, i7 61, void %arrayidx212.case.61, i7 62, void %arrayidx212.case.62, i7 63, void %arrayidx212.case.63, i7 64, void %arrayidx212.case.64, i7 65, void %arrayidx212.case.65, i7 66, void %arrayidx212.case.66, i7 67, void %arrayidx212.case.67, i7 68, void %arrayidx212.case.68, i7 69, void %arrayidx212.case.69, i7 70, void %arrayidx212.case.70, i7 71, void %arrayidx212.case.71, i7 72, void %arrayidx212.case.72, i7 73, void %arrayidx212.case.73, i7 74, void %arrayidx212.case.74, i7 75, void %arrayidx212.case.75, i7 76, void %arrayidx212.case.76, i7 77, void %arrayidx212.case.77, i7 78, void %arrayidx212.case.78, i7 79, void %arrayidx212.case.79, i7 80, void %arrayidx212.case.80, i7 81, void %arrayidx212.case.81, i7 82, void %arrayidx212.case.82, i7 83, void %arrayidx212.case.83, i7 84, void %arrayidx212.case.84, i7 85, void %arrayidx212.case.85, i7 86, void %arrayidx212.case.86, i7 87, void %arrayidx212.case.87, i7 88, void %arrayidx212.case.88, i7 89, void %arrayidx212.case.89, i7 90, void %arrayidx212.case.90, i7 91, void %arrayidx212.case.91, i7 92, void %arrayidx212.case.92, i7 93, void %arrayidx212.case.93, i7 94, void %arrayidx212.case.94, i7 95, void %arrayidx212.case.95, i7 96, void %arrayidx212.case.96, i7 97, void %arrayidx212.case.97, i7 98, void %arrayidx212.case.98, i7 99, void %arrayidx212.case.99, i7 100, void %arrayidx212.case.100, i7 101, void %arrayidx212.case.101, i7 102, void %arrayidx212.case.102, i7 103, void %arrayidx212.case.103, i7 104, void %arrayidx212.case.104, i7 105, void %arrayidx212.case.105, i7 106, void %arrayidx212.case.106, i7 107, void %arrayidx212.case.107, i7 108, void %arrayidx212.case.108, i7 109, void %arrayidx212.case.109, i7 110, void %arrayidx212.case.110, i7 111, void %arrayidx212.case.111, i7 112, void %arrayidx212.case.112, i7 113, void %arrayidx212.case.113, i7 114, void %arrayidx212.case.114, i7 115, void %arrayidx212.case.115, i7 116, void %arrayidx212.case.116, i7 117, void %arrayidx212.case.117, i7 118, void %arrayidx212.case.118, i7 119, void %arrayidx212.case.119, i7 120, void %arrayidx212.case.120, i7 121, void %arrayidx212.case.121, i7 122, void %arrayidx212.case.122, i7 123, void %arrayidx212.case.123, i7 124, void %arrayidx212.case.124, i7 125, void %arrayidx212.case.125, i7 126, void %arrayidx212.case.126" [attention_int8.cpp:170]   --->   Operation 225 'switch' 'switch_ln170' <Predicate = (!icmp_ln168)> <Delay = 0.93>
ST_1 : Operation 226 [1/1] (1.61ns)   --->   "%store_ln168 = store i8 %add_ln168, i8 %j" [attention_int8.cpp:168]   --->   Operation 226 'store' 'store_ln168' <Predicate = (!icmp_ln168)> <Delay = 1.61>
ST_1 : Operation 227 [1/1] (0.00ns)   --->   "%br_ln168 = br void %for.body204" [attention_int8.cpp:168]   --->   Operation 227 'br' 'br_ln168' <Predicate = (!icmp_ln168)> <Delay = 0.00>

State 2 <SV = 1> <Delay = 5.06>
ST_2 : Operation 228 [1/2] (3.25ns)   --->   "%scores_load = load i7 %scores_addr" [attention_int8.cpp:170]   --->   Operation 228 'load' 'scores_load' <Predicate = (!icmp_ln168)> <Delay = 3.25> <CoreInst = "RAM">   --->   Core 82 'RAM' <Latency = 1> <II = 1> <Delay = 3.25> <Storage> <Opcode : 'load' 'store'> <Ports = 2> <Width = 32> <Depth = 128> <RAM>
ST_2 : Operation 229 [1/2] (3.25ns)   --->   "%scores_1_load = load i7 %scores_1_addr" [attention_int8.cpp:170]   --->   Operation 229 'load' 'scores_1_load' <Predicate = (!icmp_ln168)> <Delay = 3.25> <CoreInst = "RAM">   --->   Core 82 'RAM' <Latency = 1> <II = 1> <Delay = 3.25> <Storage> <Opcode : 'load' 'store'> <Ports = 2> <Width = 32> <Depth = 128> <RAM>
ST_2 : Operation 230 [1/2] (3.25ns)   --->   "%scores_2_load = load i7 %scores_2_addr" [attention_int8.cpp:170]   --->   Operation 230 'load' 'scores_2_load' <Predicate = (!icmp_ln168)> <Delay = 3.25> <CoreInst = "RAM">   --->   Core 82 'RAM' <Latency = 1> <II = 1> <Delay = 3.25> <Storage> <Opcode : 'load' 'store'> <Ports = 2> <Width = 32> <Depth = 128> <RAM>
ST_2 : Operation 231 [1/2] (3.25ns)   --->   "%scores_3_load = load i7 %scores_3_addr" [attention_int8.cpp:170]   --->   Operation 231 'load' 'scores_3_load' <Predicate = (!icmp_ln168)> <Delay = 3.25> <CoreInst = "RAM">   --->   Core 82 'RAM' <Latency = 1> <II = 1> <Delay = 3.25> <Storage> <Opcode : 'load' 'store'> <Ports = 2> <Width = 32> <Depth = 128> <RAM>
ST_2 : Operation 232 [1/2] (3.25ns)   --->   "%scores_4_load = load i7 %scores_4_addr" [attention_int8.cpp:170]   --->   Operation 232 'load' 'scores_4_load' <Predicate = (!icmp_ln168)> <Delay = 3.25> <CoreInst = "RAM">   --->   Core 82 'RAM' <Latency = 1> <II = 1> <Delay = 3.25> <Storage> <Opcode : 'load' 'store'> <Ports = 2> <Width = 32> <Depth = 128> <RAM>
ST_2 : Operation 233 [1/2] (3.25ns)   --->   "%scores_5_load = load i7 %scores_5_addr" [attention_int8.cpp:170]   --->   Operation 233 'load' 'scores_5_load' <Predicate = (!icmp_ln168)> <Delay = 3.25> <CoreInst = "RAM">   --->   Core 82 'RAM' <Latency = 1> <II = 1> <Delay = 3.25> <Storage> <Opcode : 'load' 'store'> <Ports = 2> <Width = 32> <Depth = 128> <RAM>
ST_2 : Operation 234 [1/2] (3.25ns)   --->   "%scores_6_load = load i7 %scores_6_addr" [attention_int8.cpp:170]   --->   Operation 234 'load' 'scores_6_load' <Predicate = (!icmp_ln168)> <Delay = 3.25> <CoreInst = "RAM">   --->   Core 82 'RAM' <Latency = 1> <II = 1> <Delay = 3.25> <Storage> <Opcode : 'load' 'store'> <Ports = 2> <Width = 32> <Depth = 128> <RAM>
ST_2 : Operation 235 [1/2] (3.25ns)   --->   "%scores_7_load = load i7 %scores_7_addr" [attention_int8.cpp:170]   --->   Operation 235 'load' 'scores_7_load' <Predicate = (!icmp_ln168)> <Delay = 3.25> <CoreInst = "RAM">   --->   Core 82 'RAM' <Latency = 1> <II = 1> <Delay = 3.25> <Storage> <Opcode : 'load' 'store'> <Ports = 2> <Width = 32> <Depth = 128> <RAM>
ST_2 : Operation 236 [1/1] (1.80ns)   --->   "%tmp_4 = mux i32 @_ssdm_op_Mux.ap_auto.8float.i3, i32 %scores_load, i32 %scores_1_load, i32 %scores_2_load, i32 %scores_3_load, i32 %scores_4_load, i32 %scores_5_load, i32 %scores_6_load, i32 %scores_7_load, i3 %trunc_ln168_1" [attention_int8.cpp:170]   --->   Operation 236 'mux' 'tmp_4' <Predicate = (!icmp_ln168)> <Delay = 1.80> <CoreInst = "Multiplexer">   --->   Core 76 'Multiplexer' <Latency = 0> <II = 1> <Delay = 1.80> <FuncUnit> <Opcode : 'mux'> <InPorts = 2> <OutPorts = 1>

State 3 <SV = 2> <Delay = 5.92>
ST_3 : Operation 237 [7/7] (5.92ns)   --->   "%x_assign_2 = fsub i32 %tmp_4, i32 %m_new_read" [attention_int8.cpp:170]   --->   Operation 237 'fsub' 'x_assign_2' <Predicate = (!icmp_ln168)> <Delay = 5.92> <CoreInst = "FAddSub_fulldsp">   --->   Core 18 'FAddSub_fulldsp' <Latency = 6> <II = 1> <Delay = 5.92> <FuncUnit> <Opcode : 'fadd' 'fsub'> <InPorts = 2> <OutPorts = 1>

State 4 <SV = 3> <Delay = 5.92>
ST_4 : Operation 238 [6/7] (5.92ns)   --->   "%x_assign_2 = fsub i32 %tmp_4, i32 %m_new_read" [attention_int8.cpp:170]   --->   Operation 238 'fsub' 'x_assign_2' <Predicate = (!icmp_ln168)> <Delay = 5.92> <CoreInst = "FAddSub_fulldsp">   --->   Core 18 'FAddSub_fulldsp' <Latency = 6> <II = 1> <Delay = 5.92> <FuncUnit> <Opcode : 'fadd' 'fsub'> <InPorts = 2> <OutPorts = 1>

State 5 <SV = 4> <Delay = 5.92>
ST_5 : Operation 239 [5/7] (5.92ns)   --->   "%x_assign_2 = fsub i32 %tmp_4, i32 %m_new_read" [attention_int8.cpp:170]   --->   Operation 239 'fsub' 'x_assign_2' <Predicate = (!icmp_ln168)> <Delay = 5.92> <CoreInst = "FAddSub_fulldsp">   --->   Core 18 'FAddSub_fulldsp' <Latency = 6> <II = 1> <Delay = 5.92> <FuncUnit> <Opcode : 'fadd' 'fsub'> <InPorts = 2> <OutPorts = 1>

State 6 <SV = 5> <Delay = 5.92>
ST_6 : Operation 240 [4/7] (5.92ns)   --->   "%x_assign_2 = fsub i32 %tmp_4, i32 %m_new_read" [attention_int8.cpp:170]   --->   Operation 240 'fsub' 'x_assign_2' <Predicate = (!icmp_ln168)> <Delay = 5.92> <CoreInst = "FAddSub_fulldsp">   --->   Core 18 'FAddSub_fulldsp' <Latency = 6> <II = 1> <Delay = 5.92> <FuncUnit> <Opcode : 'fadd' 'fsub'> <InPorts = 2> <OutPorts = 1>

State 7 <SV = 6> <Delay = 5.92>
ST_7 : Operation 241 [3/7] (5.92ns)   --->   "%x_assign_2 = fsub i32 %tmp_4, i32 %m_new_read" [attention_int8.cpp:170]   --->   Operation 241 'fsub' 'x_assign_2' <Predicate = (!icmp_ln168)> <Delay = 5.92> <CoreInst = "FAddSub_fulldsp">   --->   Core 18 'FAddSub_fulldsp' <Latency = 6> <II = 1> <Delay = 5.92> <FuncUnit> <Opcode : 'fadd' 'fsub'> <InPorts = 2> <OutPorts = 1>

State 8 <SV = 7> <Delay = 5.92>
ST_8 : Operation 242 [2/7] (5.92ns)   --->   "%x_assign_2 = fsub i32 %tmp_4, i32 %m_new_read" [attention_int8.cpp:170]   --->   Operation 242 'fsub' 'x_assign_2' <Predicate = (!icmp_ln168)> <Delay = 5.92> <CoreInst = "FAddSub_fulldsp">   --->   Core 18 'FAddSub_fulldsp' <Latency = 6> <II = 1> <Delay = 5.92> <FuncUnit> <Opcode : 'fadd' 'fsub'> <InPorts = 2> <OutPorts = 1>

State 9 <SV = 8> <Delay = 5.92>
ST_9 : Operation 243 [1/7] (5.92ns)   --->   "%x_assign_2 = fsub i32 %tmp_4, i32 %m_new_read" [attention_int8.cpp:170]   --->   Operation 243 'fsub' 'x_assign_2' <Predicate = (!icmp_ln168)> <Delay = 5.92> <CoreInst = "FAddSub_fulldsp">   --->   Core 18 'FAddSub_fulldsp' <Latency = 6> <II = 1> <Delay = 5.92> <FuncUnit> <Opcode : 'fadd' 'fsub'> <InPorts = 2> <OutPorts = 1>

State 10 <SV = 9> <Delay = 5.09>
ST_10 : Operation 244 [2/2] (5.09ns)   --->   "%tmp_135 = fcmp_olt  i32 %x_assign_2, i32 -10" [attention_int8.cpp:32]   --->   Operation 244 'fcmp' 'tmp_135' <Predicate = (!icmp_ln168)> <Delay = 5.09> <CoreInst = "FCompare">   --->   Core 19 'FCompare' <Latency = 1> <II = 1> <Delay = 5.09> <FuncUnit> <Opcode : 'fcmp'> <InPorts = 2> <OutPorts = 1>

State 11 <SV = 10> <Delay = 6.07>
ST_11 : Operation 245 [1/1] (0.00ns)   --->   "%bitcast_ln32 = bitcast i32 %x_assign_2" [attention_int8.cpp:32]   --->   Operation 245 'bitcast' 'bitcast_ln32' <Predicate = (!icmp_ln168)> <Delay = 0.00>
ST_11 : Operation 246 [1/1] (0.00ns)   --->   "%tmp_134 = partselect i8 @_ssdm_op_PartSelect.i8.i32.i32.i32, i32 %bitcast_ln32, i32 23, i32 30" [attention_int8.cpp:32]   --->   Operation 246 'partselect' 'tmp_134' <Predicate = (!icmp_ln168)> <Delay = 0.00>
ST_11 : Operation 247 [1/1] (0.00ns)   --->   "%trunc_ln32 = trunc i32 %bitcast_ln32" [attention_int8.cpp:32]   --->   Operation 247 'trunc' 'trunc_ln32' <Predicate = (!icmp_ln168)> <Delay = 0.00>
ST_11 : Operation 248 [1/1] (1.47ns)   --->   "%icmp_ln32 = icmp_ne  i8 %tmp_134, i8 255" [attention_int8.cpp:32]   --->   Operation 248 'icmp' 'icmp_ln32' <Predicate = (!icmp_ln168)> <Delay = 1.47> <CoreInst = "Cmp">   --->   Core 9 'Cmp' <Latency = 0> <II = 1> <Delay = 1.47> <FuncUnit> <Opcode : 'icmp'> <InPorts = 2> <OutPorts = 1>
ST_11 : Operation 249 [1/1] (2.40ns)   --->   "%icmp_ln32_1 = icmp_eq  i23 %trunc_ln32, i23 0" [attention_int8.cpp:32]   --->   Operation 249 'icmp' 'icmp_ln32_1' <Predicate = (!icmp_ln168)> <Delay = 2.40> <CoreInst = "Cmp">   --->   Core 9 'Cmp' <Latency = 0> <II = 1> <Delay = 2.40> <FuncUnit> <Opcode : 'icmp'> <InPorts = 2> <OutPorts = 1>
ST_11 : Operation 250 [1/1] (0.97ns)   --->   "%or_ln32 = or i1 %icmp_ln32_1, i1 %icmp_ln32" [attention_int8.cpp:32]   --->   Operation 250 'or' 'or_ln32' <Predicate = (!icmp_ln168)> <Delay = 0.97> <CoreInst = "LogicGate">   --->   Core 74 'LogicGate' <Latency = 0> <II = 1> <Delay = 0.97> <FuncUnit> <Opcode : 'and' 'or' 'xor'> <InPorts = 2> <OutPorts = 1>
ST_11 : Operation 251 [1/2] (5.09ns)   --->   "%tmp_135 = fcmp_olt  i32 %x_assign_2, i32 -10" [attention_int8.cpp:32]   --->   Operation 251 'fcmp' 'tmp_135' <Predicate = (!icmp_ln168)> <Delay = 5.09> <CoreInst = "FCompare">   --->   Core 19 'FCompare' <Latency = 1> <II = 1> <Delay = 5.09> <FuncUnit> <Opcode : 'fcmp'> <InPorts = 2> <OutPorts = 1>
ST_11 : Operation 252 [1/1] (0.97ns)   --->   "%and_ln32 = and i1 %or_ln32, i1 %tmp_135" [attention_int8.cpp:32]   --->   Operation 252 'and' 'and_ln32' <Predicate = (!icmp_ln168)> <Delay = 0.97> <CoreInst = "LogicGate">   --->   Core 74 'LogicGate' <Latency = 0> <II = 1> <Delay = 0.97> <FuncUnit> <Opcode : 'and' 'or' 'xor'> <InPorts = 2> <OutPorts = 1>
ST_11 : Operation 253 [2/2] (5.09ns)   --->   "%tmp_136 = fcmp_ogt  i32 %x_assign_2, i32 0" [attention_int8.cpp:33]   --->   Operation 253 'fcmp' 'tmp_136' <Predicate = (!icmp_ln168 & !and_ln32)> <Delay = 5.09> <CoreInst = "FCompare">   --->   Core 19 'FCompare' <Latency = 1> <II = 1> <Delay = 5.09> <FuncUnit> <Opcode : 'fcmp'> <InPorts = 2> <OutPorts = 1>

State 12 <SV = 11> <Delay = 6.09>
ST_12 : Operation 254 [1/1] (0.00ns)   --->   "%specpipeline_ln169 = specpipeline void @_ssdm_op_SpecPipeline, i32 1, i32 0, i32 0, i32 0, void @empty_13" [attention_int8.cpp:169]   --->   Operation 254 'specpipeline' 'specpipeline_ln169' <Predicate = (!icmp_ln168)> <Delay = 0.00>
ST_12 : Operation 255 [1/1] (0.00ns)   --->   "%specloopname_ln165 = specloopname void @_ssdm_op_SpecLoopName, void @empty_18" [attention_int8.cpp:165]   --->   Operation 255 'specloopname' 'specloopname_ln165' <Predicate = (!icmp_ln168)> <Delay = 0.00>
ST_12 : Operation 256 [1/1] (1.61ns)   --->   "%br_ln32 = br i1 %and_ln32, void %if.end.i, void %for.inc213" [attention_int8.cpp:32]   --->   Operation 256 'br' 'br_ln32' <Predicate = (!icmp_ln168)> <Delay = 1.61>
ST_12 : Operation 257 [1/2] (5.09ns)   --->   "%tmp_136 = fcmp_ogt  i32 %x_assign_2, i32 0" [attention_int8.cpp:33]   --->   Operation 257 'fcmp' 'tmp_136' <Predicate = (!icmp_ln168 & !and_ln32)> <Delay = 5.09> <CoreInst = "FCompare">   --->   Core 19 'FCompare' <Latency = 1> <II = 1> <Delay = 5.09> <FuncUnit> <Opcode : 'fcmp'> <InPorts = 2> <OutPorts = 1>
ST_12 : Operation 258 [1/1] (0.00ns) (grouped into LUT with out node select_ln35)   --->   "%and_ln33 = and i1 %or_ln32, i1 %tmp_136" [attention_int8.cpp:33]   --->   Operation 258 'and' 'and_ln33' <Predicate = (!icmp_ln168 & !and_ln32)> <Delay = 0.00> <CoreInst = "LogicGate">   --->   Core 74 'LogicGate' <Latency = 0> <II = 1> <Delay = 0.97> <FuncUnit> <Opcode : 'and' 'or' 'xor'> <InPorts = 2> <OutPorts = 1>
ST_12 : Operation 259 [1/1] (0.00ns) (grouped into LUT with out node select_ln35)   --->   "%xor_ln35 = xor i32 %bitcast_ln32, i32 2147483648" [attention_int8.cpp:35]   --->   Operation 259 'xor' 'xor_ln35' <Predicate = (!icmp_ln168 & !and_ln32)> <Delay = 0.00> <CoreInst = "LogicGate">   --->   Core 74 'LogicGate' <Latency = 0> <II = 1> <Delay = 0.99> <FuncUnit> <Opcode : 'and' 'or' 'xor'> <InPorts = 2> <OutPorts = 1>
ST_12 : Operation 260 [1/1] (0.00ns) (grouped into LUT with out node select_ln35)   --->   "%bitcast_ln35 = bitcast i32 %xor_ln35" [attention_int8.cpp:35]   --->   Operation 260 'bitcast' 'bitcast_ln35' <Predicate = (!icmp_ln168 & !and_ln32)> <Delay = 0.00>
ST_12 : Operation 261 [1/1] (0.99ns) (out node of the LUT)   --->   "%select_ln35 = select i1 %and_ln33, i32 -0, i32 %bitcast_ln35" [attention_int8.cpp:35]   --->   Operation 261 'select' 'select_ln35' <Predicate = (!icmp_ln168 & !and_ln32)> <Delay = 0.99> <CoreInst = "Sel">   --->   Core 73 'Sel' <Latency = 0> <II = 1> <Delay = 0.83> <FuncUnit> <Opcode : 'select'> <InPorts = 3> <OutPorts = 1>

State 13 <SV = 12> <Delay = 6.30>
ST_13 : Operation 262 [16/16] (6.30ns)   --->   "%dc = fdiv i32 %select_ln35, i32 0.15625" [attention_int8.cpp:35]   --->   Operation 262 'fdiv' 'dc' <Predicate = (!icmp_ln168 & !and_ln32)> <Delay = 6.30> <CoreInst = "FDiv">   --->   Core 20 'FDiv' <Latency = 15> <II = 1> <Delay = 6.30> <FuncUnit> <Opcode : 'fdiv' 'frem'> <InPorts = 2> <OutPorts = 1>

State 14 <SV = 13> <Delay = 6.30>
ST_14 : Operation 263 [15/16] (6.30ns)   --->   "%dc = fdiv i32 %select_ln35, i32 0.15625" [attention_int8.cpp:35]   --->   Operation 263 'fdiv' 'dc' <Predicate = (!icmp_ln168 & !and_ln32)> <Delay = 6.30> <CoreInst = "FDiv">   --->   Core 20 'FDiv' <Latency = 15> <II = 1> <Delay = 6.30> <FuncUnit> <Opcode : 'fdiv' 'frem'> <InPorts = 2> <OutPorts = 1>

State 15 <SV = 14> <Delay = 6.30>
ST_15 : Operation 264 [14/16] (6.30ns)   --->   "%dc = fdiv i32 %select_ln35, i32 0.15625" [attention_int8.cpp:35]   --->   Operation 264 'fdiv' 'dc' <Predicate = (!icmp_ln168 & !and_ln32)> <Delay = 6.30> <CoreInst = "FDiv">   --->   Core 20 'FDiv' <Latency = 15> <II = 1> <Delay = 6.30> <FuncUnit> <Opcode : 'fdiv' 'frem'> <InPorts = 2> <OutPorts = 1>

State 16 <SV = 15> <Delay = 6.30>
ST_16 : Operation 265 [13/16] (6.30ns)   --->   "%dc = fdiv i32 %select_ln35, i32 0.15625" [attention_int8.cpp:35]   --->   Operation 265 'fdiv' 'dc' <Predicate = (!icmp_ln168 & !and_ln32)> <Delay = 6.30> <CoreInst = "FDiv">   --->   Core 20 'FDiv' <Latency = 15> <II = 1> <Delay = 6.30> <FuncUnit> <Opcode : 'fdiv' 'frem'> <InPorts = 2> <OutPorts = 1>

State 17 <SV = 16> <Delay = 6.30>
ST_17 : Operation 266 [12/16] (6.30ns)   --->   "%dc = fdiv i32 %select_ln35, i32 0.15625" [attention_int8.cpp:35]   --->   Operation 266 'fdiv' 'dc' <Predicate = (!icmp_ln168 & !and_ln32)> <Delay = 6.30> <CoreInst = "FDiv">   --->   Core 20 'FDiv' <Latency = 15> <II = 1> <Delay = 6.30> <FuncUnit> <Opcode : 'fdiv' 'frem'> <InPorts = 2> <OutPorts = 1>

State 18 <SV = 17> <Delay = 6.30>
ST_18 : Operation 267 [11/16] (6.30ns)   --->   "%dc = fdiv i32 %select_ln35, i32 0.15625" [attention_int8.cpp:35]   --->   Operation 267 'fdiv' 'dc' <Predicate = (!icmp_ln168 & !and_ln32)> <Delay = 6.30> <CoreInst = "FDiv">   --->   Core 20 'FDiv' <Latency = 15> <II = 1> <Delay = 6.30> <FuncUnit> <Opcode : 'fdiv' 'frem'> <InPorts = 2> <OutPorts = 1>

State 19 <SV = 18> <Delay = 6.30>
ST_19 : Operation 268 [10/16] (6.30ns)   --->   "%dc = fdiv i32 %select_ln35, i32 0.15625" [attention_int8.cpp:35]   --->   Operation 268 'fdiv' 'dc' <Predicate = (!icmp_ln168 & !and_ln32)> <Delay = 6.30> <CoreInst = "FDiv">   --->   Core 20 'FDiv' <Latency = 15> <II = 1> <Delay = 6.30> <FuncUnit> <Opcode : 'fdiv' 'frem'> <InPorts = 2> <OutPorts = 1>

State 20 <SV = 19> <Delay = 6.30>
ST_20 : Operation 269 [9/16] (6.30ns)   --->   "%dc = fdiv i32 %select_ln35, i32 0.15625" [attention_int8.cpp:35]   --->   Operation 269 'fdiv' 'dc' <Predicate = (!icmp_ln168 & !and_ln32)> <Delay = 6.30> <CoreInst = "FDiv">   --->   Core 20 'FDiv' <Latency = 15> <II = 1> <Delay = 6.30> <FuncUnit> <Opcode : 'fdiv' 'frem'> <InPorts = 2> <OutPorts = 1>

State 21 <SV = 20> <Delay = 6.30>
ST_21 : Operation 270 [8/16] (6.30ns)   --->   "%dc = fdiv i32 %select_ln35, i32 0.15625" [attention_int8.cpp:35]   --->   Operation 270 'fdiv' 'dc' <Predicate = (!icmp_ln168 & !and_ln32)> <Delay = 6.30> <CoreInst = "FDiv">   --->   Core 20 'FDiv' <Latency = 15> <II = 1> <Delay = 6.30> <FuncUnit> <Opcode : 'fdiv' 'frem'> <InPorts = 2> <OutPorts = 1>

State 22 <SV = 21> <Delay = 6.30>
ST_22 : Operation 271 [7/16] (6.30ns)   --->   "%dc = fdiv i32 %select_ln35, i32 0.15625" [attention_int8.cpp:35]   --->   Operation 271 'fdiv' 'dc' <Predicate = (!icmp_ln168 & !and_ln32)> <Delay = 6.30> <CoreInst = "FDiv">   --->   Core 20 'FDiv' <Latency = 15> <II = 1> <Delay = 6.30> <FuncUnit> <Opcode : 'fdiv' 'frem'> <InPorts = 2> <OutPorts = 1>

State 23 <SV = 22> <Delay = 6.30>
ST_23 : Operation 272 [6/16] (6.30ns)   --->   "%dc = fdiv i32 %select_ln35, i32 0.15625" [attention_int8.cpp:35]   --->   Operation 272 'fdiv' 'dc' <Predicate = (!icmp_ln168 & !and_ln32)> <Delay = 6.30> <CoreInst = "FDiv">   --->   Core 20 'FDiv' <Latency = 15> <II = 1> <Delay = 6.30> <FuncUnit> <Opcode : 'fdiv' 'frem'> <InPorts = 2> <OutPorts = 1>

State 24 <SV = 23> <Delay = 6.30>
ST_24 : Operation 273 [5/16] (6.30ns)   --->   "%dc = fdiv i32 %select_ln35, i32 0.15625" [attention_int8.cpp:35]   --->   Operation 273 'fdiv' 'dc' <Predicate = (!icmp_ln168 & !and_ln32)> <Delay = 6.30> <CoreInst = "FDiv">   --->   Core 20 'FDiv' <Latency = 15> <II = 1> <Delay = 6.30> <FuncUnit> <Opcode : 'fdiv' 'frem'> <InPorts = 2> <OutPorts = 1>

State 25 <SV = 24> <Delay = 6.30>
ST_25 : Operation 274 [4/16] (6.30ns)   --->   "%dc = fdiv i32 %select_ln35, i32 0.15625" [attention_int8.cpp:35]   --->   Operation 274 'fdiv' 'dc' <Predicate = (!icmp_ln168 & !and_ln32)> <Delay = 6.30> <CoreInst = "FDiv">   --->   Core 20 'FDiv' <Latency = 15> <II = 1> <Delay = 6.30> <FuncUnit> <Opcode : 'fdiv' 'frem'> <InPorts = 2> <OutPorts = 1>

State 26 <SV = 25> <Delay = 6.30>
ST_26 : Operation 275 [3/16] (6.30ns)   --->   "%dc = fdiv i32 %select_ln35, i32 0.15625" [attention_int8.cpp:35]   --->   Operation 275 'fdiv' 'dc' <Predicate = (!icmp_ln168 & !and_ln32)> <Delay = 6.30> <CoreInst = "FDiv">   --->   Core 20 'FDiv' <Latency = 15> <II = 1> <Delay = 6.30> <FuncUnit> <Opcode : 'fdiv' 'frem'> <InPorts = 2> <OutPorts = 1>

State 27 <SV = 26> <Delay = 6.30>
ST_27 : Operation 276 [2/16] (6.30ns)   --->   "%dc = fdiv i32 %select_ln35, i32 0.15625" [attention_int8.cpp:35]   --->   Operation 276 'fdiv' 'dc' <Predicate = (!icmp_ln168 & !and_ln32)> <Delay = 6.30> <CoreInst = "FDiv">   --->   Core 20 'FDiv' <Latency = 15> <II = 1> <Delay = 6.30> <FuncUnit> <Opcode : 'fdiv' 'frem'> <InPorts = 2> <OutPorts = 1>

State 28 <SV = 27> <Delay = 6.30>
ST_28 : Operation 277 [1/16] (6.30ns)   --->   "%dc = fdiv i32 %select_ln35, i32 0.15625" [attention_int8.cpp:35]   --->   Operation 277 'fdiv' 'dc' <Predicate = (!icmp_ln168 & !and_ln32)> <Delay = 6.30> <CoreInst = "FDiv">   --->   Core 20 'FDiv' <Latency = 15> <II = 1> <Delay = 6.30> <FuncUnit> <Opcode : 'fdiv' 'frem'> <InPorts = 2> <OutPorts = 1>

State 29 <SV = 28> <Delay = 7.28>
ST_29 : Operation 278 [1/1] (0.00ns)   --->   "%data_V = bitcast i32 %dc" [/wrk/ci/prod/2022.1/rdi_builds/continuous/2022_04_18_3526262/src/shared/hls/clib/src/hls/utils/x_hls_utils.h:317]   --->   Operation 278 'bitcast' 'data_V' <Predicate = (!icmp_ln168 & !and_ln32)> <Delay = 0.00>
ST_29 : Operation 279 [1/1] (0.00ns)   --->   "%p_Result_s = bitselect i1 @_ssdm_op_BitSelect.i1.i32.i32, i32 %data_V, i32 31"   --->   Operation 279 'bitselect' 'p_Result_s' <Predicate = (!icmp_ln168 & !and_ln32)> <Delay = 0.00>
ST_29 : Operation 280 [1/1] (0.00ns)   --->   "%xs_exp_V = partselect i8 @_ssdm_op_PartSelect.i8.i32.i32.i32, i32 %data_V, i32 23, i32 30"   --->   Operation 280 'partselect' 'xs_exp_V' <Predicate = (!icmp_ln168 & !and_ln32)> <Delay = 0.00>
ST_29 : Operation 281 [1/1] (0.00ns)   --->   "%p_Result_1 = trunc i32 %data_V"   --->   Operation 281 'trunc' 'p_Result_1' <Predicate = (!icmp_ln168 & !and_ln32)> <Delay = 0.00>
ST_29 : Operation 282 [1/1] (0.00ns)   --->   "%mantissa = bitconcatenate i25 @_ssdm_op_BitConcatenate.i25.i1.i23.i1, i1 1, i23 %p_Result_1, i1 0" [/wrk/ci/prod/2022.1/rdi_builds/continuous/2022_04_18_3526262/src/shared/hls/clib/hlsmath/include/FloatingPoint/hls_case_IEEE754.h:15]   --->   Operation 282 'bitconcatenate' 'mantissa' <Predicate = (!icmp_ln168 & !and_ln32)> <Delay = 0.00>
ST_29 : Operation 283 [1/1] (0.00ns)   --->   "%zext_ln15 = zext i25 %mantissa" [/wrk/ci/prod/2022.1/rdi_builds/continuous/2022_04_18_3526262/src/shared/hls/clib/hlsmath/include/FloatingPoint/hls_case_IEEE754.h:15]   --->   Operation 283 'zext' 'zext_ln15' <Predicate = (!icmp_ln168 & !and_ln32)> <Delay = 0.00>
ST_29 : Operation 284 [1/1] (0.00ns)   --->   "%zext_ln346 = zext i8 %xs_exp_V" [/wrk/ci/prod/2022.1/rdi_builds/continuous/2022_04_18_3526262/src/shared/hls/clib/src/hls/utils/x_hls_utils.h:346]   --->   Operation 284 'zext' 'zext_ln346' <Predicate = (!icmp_ln168 & !and_ln32)> <Delay = 0.00>
ST_29 : Operation 285 [1/1] (2.11ns)   --->   "%add_ln346 = add i9 %zext_ln346, i9 385" [/wrk/ci/prod/2022.1/rdi_builds/continuous/2022_04_18_3526262/src/shared/hls/clib/src/hls/utils/x_hls_utils.h:346]   --->   Operation 285 'add' 'add_ln346' <Predicate = (!icmp_ln168 & !and_ln32)> <Delay = 2.11> <CoreInst = "Adder">   --->   Core 1 'Adder' <Latency = 0> <II = 1> <Delay = 2.11> <FuncUnit> <Opcode : 'add' 'sub'> <InPorts = 2> <OutPorts = 1>
ST_29 : Operation 286 [1/1] (0.00ns)   --->   "%isNeg = bitselect i1 @_ssdm_op_BitSelect.i1.i9.i32, i9 %add_ln346, i32 8"   --->   Operation 286 'bitselect' 'isNeg' <Predicate = (!icmp_ln168 & !and_ln32)> <Delay = 0.00>
ST_29 : Operation 287 [1/1] (2.11ns)   --->   "%sub_ln1512 = sub i8 127, i8 %xs_exp_V"   --->   Operation 287 'sub' 'sub_ln1512' <Predicate = (!icmp_ln168 & !and_ln32)> <Delay = 2.11> <CoreInst = "Adder">   --->   Core 1 'Adder' <Latency = 0> <II = 1> <Delay = 2.11> <FuncUnit> <Opcode : 'add' 'sub'> <InPorts = 2> <OutPorts = 1>
ST_29 : Operation 288 [1/1] (0.00ns)   --->   "%sext_ln1512 = sext i8 %sub_ln1512"   --->   Operation 288 'sext' 'sext_ln1512' <Predicate = (!icmp_ln168 & !and_ln32)> <Delay = 0.00>
ST_29 : Operation 289 [1/1] (1.08ns)   --->   "%ush = select i1 %isNeg, i9 %sext_ln1512, i9 %add_ln346"   --->   Operation 289 'select' 'ush' <Predicate = (!icmp_ln168 & !and_ln32)> <Delay = 1.08> <CoreInst = "Sel">   --->   Core 73 'Sel' <Latency = 0> <II = 1> <Delay = 1.08> <FuncUnit> <Opcode : 'select'> <InPorts = 3> <OutPorts = 1>
ST_29 : Operation 290 [1/1] (0.00ns)   --->   "%sext_ln1488 = sext i9 %ush"   --->   Operation 290 'sext' 'sext_ln1488' <Predicate = (!icmp_ln168 & !and_ln32)> <Delay = 0.00>
ST_29 : Operation 291 [1/1] (0.00ns)   --->   "%zext_ln1488 = zext i32 %sext_ln1488"   --->   Operation 291 'zext' 'zext_ln1488' <Predicate = (!icmp_ln168 & !and_ln32)> <Delay = 0.00>
ST_29 : Operation 292 [1/1] (0.00ns) (grouped into LUT with out node val)   --->   "%r_V = lshr i79 %zext_ln15, i79 %zext_ln1488"   --->   Operation 292 'lshr' 'r_V' <Predicate = (!icmp_ln168 & !and_ln32)> <Delay = 0.00> <CoreInst = "Shifter">   --->   Core 75 'Shifter' <Latency = 0> <II = 1> <Delay = 4.28> <FuncUnit> <Opcode : 'shl' 'lshr' 'ashr'> <InPorts = 2> <OutPorts = 1>
ST_29 : Operation 293 [1/1] (0.00ns) (grouped into LUT with out node val)   --->   "%r_V_1 = shl i79 %zext_ln15, i79 %zext_ln1488"   --->   Operation 293 'shl' 'r_V_1' <Predicate = (!icmp_ln168 & !and_ln32)> <Delay = 0.00> <CoreInst = "Shifter">   --->   Core 75 'Shifter' <Latency = 0> <II = 1> <Delay = 4.28> <FuncUnit> <Opcode : 'shl' 'lshr' 'ashr'> <InPorts = 2> <OutPorts = 1>
ST_29 : Operation 294 [1/1] (0.00ns) (grouped into LUT with out node val)   --->   "%tmp = bitselect i1 @_ssdm_op_BitSelect.i1.i79.i32, i79 %r_V, i32 24"   --->   Operation 294 'bitselect' 'tmp' <Predicate = (!icmp_ln168 & !and_ln32)> <Delay = 0.00>
ST_29 : Operation 295 [1/1] (0.00ns) (grouped into LUT with out node val)   --->   "%zext_ln818 = zext i1 %tmp"   --->   Operation 295 'zext' 'zext_ln818' <Predicate = (!icmp_ln168 & !and_ln32)> <Delay = 0.00>
ST_29 : Operation 296 [1/1] (0.00ns) (grouped into LUT with out node val)   --->   "%tmp_137 = partselect i32 @_ssdm_op_PartSelect.i32.i79.i32.i32, i79 %r_V_1, i32 24, i32 55"   --->   Operation 296 'partselect' 'tmp_137' <Predicate = (!icmp_ln168 & !and_ln32)> <Delay = 0.00>
ST_29 : Operation 297 [1/1] (4.08ns) (out node of the LUT)   --->   "%val = select i1 %isNeg, i32 %zext_ln818, i32 %tmp_137"   --->   Operation 297 'select' 'val' <Predicate = (!icmp_ln168 & !and_ln32)> <Delay = 4.08> <CoreInst = "Sel">   --->   Core 73 'Sel' <Latency = 0> <II = 1> <Delay = 0.79> <FuncUnit> <Opcode : 'select'> <InPorts = 3> <OutPorts = 1>

State 30 <SV = 29> <Delay = 5.91>
ST_30 : Operation 298 [1/1] (2.70ns)   --->   "%result_V_2 = sub i32 0, i32 %val"   --->   Operation 298 'sub' 'result_V_2' <Predicate = (!icmp_ln168 & !and_ln32 & p_Result_s)> <Delay = 2.70> <CoreInst = "Adder">   --->   Core 1 'Adder' <Latency = 0> <II = 1> <Delay = 2.70> <FuncUnit> <Opcode : 'add' 'sub'> <InPorts = 2> <OutPorts = 1>
ST_30 : Operation 299 [1/1] (0.79ns)   --->   "%result_V = select i1 %p_Result_s, i32 %result_V_2, i32 %val" [/wrk/ci/prod/2022.1/rdi_builds/continuous/2022_04_18_3526262/src/shared/hls/clib/hlsmath/include/FloatingPoint/hls_case_IEEE754.h:59]   --->   Operation 299 'select' 'result_V' <Predicate = (!icmp_ln168 & !and_ln32)> <Delay = 0.79> <CoreInst = "Sel">   --->   Core 73 'Sel' <Latency = 0> <II = 1> <Delay = 0.79> <FuncUnit> <Opcode : 'select'> <InPorts = 3> <OutPorts = 1>
ST_30 : Operation 300 [1/1] (0.00ns)   --->   "%tmp_1 = partselect i26 @_ssdm_op_PartSelect.i26.i32.i32.i32, i32 %result_V, i32 6, i32 31" [attention_int8.cpp:36]   --->   Operation 300 'partselect' 'tmp_1' <Predicate = (!icmp_ln168 & !and_ln32)> <Delay = 0.00>
ST_30 : Operation 301 [1/1] (2.41ns)   --->   "%icmp_ln36 = icmp_sgt  i26 %tmp_1, i26 0" [attention_int8.cpp:36]   --->   Operation 301 'icmp' 'icmp_ln36' <Predicate = (!icmp_ln168 & !and_ln32)> <Delay = 2.41> <CoreInst = "Cmp">   --->   Core 9 'Cmp' <Latency = 0> <II = 1> <Delay = 2.41> <FuncUnit> <Opcode : 'icmp'> <InPorts = 2> <OutPorts = 1>

State 31 <SV = 30> <Delay = 6.98>
ST_31 : Operation 302 [1/1] (0.79ns)   --->   "%idx_1 = select i1 %icmp_ln36, i32 63, i32 %result_V" [attention_int8.cpp:36]   --->   Operation 302 'select' 'idx_1' <Predicate = (!icmp_ln168 & !and_ln32)> <Delay = 0.79> <CoreInst = "Sel">   --->   Core 73 'Sel' <Latency = 0> <II = 1> <Delay = 0.79> <FuncUnit> <Opcode : 'select'> <InPorts = 3> <OutPorts = 1>
ST_31 : Operation 303 [1/1] (0.00ns)   --->   "%trunc_ln35 = trunc i32 %idx_1" [attention_int8.cpp:35]   --->   Operation 303 'trunc' 'trunc_ln35' <Predicate = (!icmp_ln168 & !and_ln32)> <Delay = 0.00>
ST_31 : Operation 304 [6/6] (6.18ns)   --->   "%conv9_i = sitofp i32 %idx_1" [attention_int8.cpp:52]   --->   Operation 304 'sitofp' 'conv9_i' <Predicate = (!icmp_ln168 & !and_ln32)> <Delay = 6.18> <CoreInst = "Int2Float">   --->   Core 62 'Int2Float' <Latency = 5> <II = 1> <Delay = 6.18> <FuncUnit> <Opcode : 'sitofp' 'uitofp'> <InPorts = 1> <OutPorts = 1>

State 32 <SV = 31> <Delay = 6.18>
ST_32 : Operation 305 [5/6] (6.18ns)   --->   "%conv9_i = sitofp i32 %idx_1" [attention_int8.cpp:52]   --->   Operation 305 'sitofp' 'conv9_i' <Predicate = (!icmp_ln168 & !and_ln32)> <Delay = 6.18> <CoreInst = "Int2Float">   --->   Core 62 'Int2Float' <Latency = 5> <II = 1> <Delay = 6.18> <FuncUnit> <Opcode : 'sitofp' 'uitofp'> <InPorts = 1> <OutPorts = 1>

State 33 <SV = 32> <Delay = 6.18>
ST_33 : Operation 306 [4/6] (6.18ns)   --->   "%conv9_i = sitofp i32 %idx_1" [attention_int8.cpp:52]   --->   Operation 306 'sitofp' 'conv9_i' <Predicate = (!icmp_ln168 & !and_ln32)> <Delay = 6.18> <CoreInst = "Int2Float">   --->   Core 62 'Int2Float' <Latency = 5> <II = 1> <Delay = 6.18> <FuncUnit> <Opcode : 'sitofp' 'uitofp'> <InPorts = 1> <OutPorts = 1>

State 34 <SV = 33> <Delay = 6.18>
ST_34 : Operation 307 [3/6] (6.18ns)   --->   "%conv9_i = sitofp i32 %idx_1" [attention_int8.cpp:52]   --->   Operation 307 'sitofp' 'conv9_i' <Predicate = (!icmp_ln168 & !and_ln32)> <Delay = 6.18> <CoreInst = "Int2Float">   --->   Core 62 'Int2Float' <Latency = 5> <II = 1> <Delay = 6.18> <FuncUnit> <Opcode : 'sitofp' 'uitofp'> <InPorts = 1> <OutPorts = 1>

State 35 <SV = 34> <Delay = 6.18>
ST_35 : Operation 308 [2/6] (6.18ns)   --->   "%conv9_i = sitofp i32 %idx_1" [attention_int8.cpp:52]   --->   Operation 308 'sitofp' 'conv9_i' <Predicate = (!icmp_ln168 & !and_ln32)> <Delay = 6.18> <CoreInst = "Int2Float">   --->   Core 62 'Int2Float' <Latency = 5> <II = 1> <Delay = 6.18> <FuncUnit> <Opcode : 'sitofp' 'uitofp'> <InPorts = 1> <OutPorts = 1>

State 36 <SV = 35> <Delay = 6.18>
ST_36 : Operation 309 [1/6] (6.18ns)   --->   "%conv9_i = sitofp i32 %idx_1" [attention_int8.cpp:52]   --->   Operation 309 'sitofp' 'conv9_i' <Predicate = (!icmp_ln168 & !and_ln32)> <Delay = 6.18> <CoreInst = "Int2Float">   --->   Core 62 'Int2Float' <Latency = 5> <II = 1> <Delay = 6.18> <FuncUnit> <Opcode : 'sitofp' 'uitofp'> <InPorts = 1> <OutPorts = 1>

State 37 <SV = 36> <Delay = 5.92>
ST_37 : Operation 310 [7/7] (5.92ns)   --->   "%frac = fsub i32 %dc, i32 %conv9_i" [attention_int8.cpp:52]   --->   Operation 310 'fsub' 'frac' <Predicate = (!icmp_ln168 & !and_ln32)> <Delay = 5.92> <CoreInst = "FAddSub_fulldsp">   --->   Core 18 'FAddSub_fulldsp' <Latency = 6> <II = 1> <Delay = 5.92> <FuncUnit> <Opcode : 'fadd' 'fsub'> <InPorts = 2> <OutPorts = 1>

State 38 <SV = 37> <Delay = 5.92>
ST_38 : Operation 311 [6/7] (5.92ns)   --->   "%frac = fsub i32 %dc, i32 %conv9_i" [attention_int8.cpp:52]   --->   Operation 311 'fsub' 'frac' <Predicate = (!icmp_ln168 & !and_ln32)> <Delay = 5.92> <CoreInst = "FAddSub_fulldsp">   --->   Core 18 'FAddSub_fulldsp' <Latency = 6> <II = 1> <Delay = 5.92> <FuncUnit> <Opcode : 'fadd' 'fsub'> <InPorts = 2> <OutPorts = 1>

State 39 <SV = 38> <Delay = 5.92>
ST_39 : Operation 312 [5/7] (5.92ns)   --->   "%frac = fsub i32 %dc, i32 %conv9_i" [attention_int8.cpp:52]   --->   Operation 312 'fsub' 'frac' <Predicate = (!icmp_ln168 & !and_ln32)> <Delay = 5.92> <CoreInst = "FAddSub_fulldsp">   --->   Core 18 'FAddSub_fulldsp' <Latency = 6> <II = 1> <Delay = 5.92> <FuncUnit> <Opcode : 'fadd' 'fsub'> <InPorts = 2> <OutPorts = 1>

State 40 <SV = 39> <Delay = 5.92>
ST_40 : Operation 313 [4/7] (5.92ns)   --->   "%frac = fsub i32 %dc, i32 %conv9_i" [attention_int8.cpp:52]   --->   Operation 313 'fsub' 'frac' <Predicate = (!icmp_ln168 & !and_ln32)> <Delay = 5.92> <CoreInst = "FAddSub_fulldsp">   --->   Core 18 'FAddSub_fulldsp' <Latency = 6> <II = 1> <Delay = 5.92> <FuncUnit> <Opcode : 'fadd' 'fsub'> <InPorts = 2> <OutPorts = 1>

State 41 <SV = 40> <Delay = 5.92>
ST_41 : Operation 314 [3/7] (5.92ns)   --->   "%frac = fsub i32 %dc, i32 %conv9_i" [attention_int8.cpp:52]   --->   Operation 314 'fsub' 'frac' <Predicate = (!icmp_ln168 & !and_ln32)> <Delay = 5.92> <CoreInst = "FAddSub_fulldsp">   --->   Core 18 'FAddSub_fulldsp' <Latency = 6> <II = 1> <Delay = 5.92> <FuncUnit> <Opcode : 'fadd' 'fsub'> <InPorts = 2> <OutPorts = 1>

State 42 <SV = 41> <Delay = 5.92>
ST_42 : Operation 315 [2/7] (5.92ns)   --->   "%frac = fsub i32 %dc, i32 %conv9_i" [attention_int8.cpp:52]   --->   Operation 315 'fsub' 'frac' <Predicate = (!icmp_ln168 & !and_ln32)> <Delay = 5.92> <CoreInst = "FAddSub_fulldsp">   --->   Core 18 'FAddSub_fulldsp' <Latency = 6> <II = 1> <Delay = 5.92> <FuncUnit> <Opcode : 'fadd' 'fsub'> <InPorts = 2> <OutPorts = 1>

State 43 <SV = 42> <Delay = 5.92>
ST_43 : Operation 316 [1/7] (5.92ns)   --->   "%frac = fsub i32 %dc, i32 %conv9_i" [attention_int8.cpp:52]   --->   Operation 316 'fsub' 'frac' <Predicate = (!icmp_ln168 & !and_ln32)> <Delay = 5.92> <CoreInst = "FAddSub_fulldsp">   --->   Core 18 'FAddSub_fulldsp' <Latency = 6> <II = 1> <Delay = 5.92> <FuncUnit> <Opcode : 'fadd' 'fsub'> <InPorts = 2> <OutPorts = 1>
ST_43 : Operation 317 [1/1] (3.90ns)   --->   "%tmp_6 = mux i32 @_ssdm_op_Mux.ap_auto.128float.i7, i32 0.855951, i32 0.732611, i32 0.627058, i32 0.536782, i32 0.45941, i32 0.393181, i32 0.336504, i32 0.288073, i32 0.246597, i32 0.2111, i32 0.180715, i32 0.154701, i32 0.132428, i32 0.113361, i32 0.097041, i32 0.083083, i32 0.071136, i32 0.06091, i32 0.052149, i32 0.044648, i32 0.038228, i32 0.032726, i32 0.028016, i32 0.023986, i32 0.020535, i32 0.01758, i32 0.01505, i32 0.012884, i32 0.011029, i32 0.009441, i32 0.008082, i32 0.00692, i32 0.005924, i32 0.005072, i32 0.004342, i32 0.003717, i32 0.003183, i32 0.002725, i32 0.002333, i32 0.001997, i32 0.00171, i32 0.001464, i32 0.001253, i32 0.001073, i32 0.000918, i32 0.000786, i32 0.000673, i32 0.000576, i32 0.000493, i32 0.000422, i32 0.000361, i32 0.000309, i32 0.000265, i32 0.000227, i32 0.000194, i32 0.000166, i32 0.000142, i32 0.000122, i32 0.000104, i32 8.9e-05, i32 7.6e-05, i32 6.5e-05, i32 5.6e-05, i32 4.8e-05, i32 <undef>, i32 <undef>, i32 <undef>, i32 <undef>, i32 <undef>, i32 <undef>, i32 <undef>, i32 <undef>, i32 <undef>, i32 <undef>, i32 <undef>, i32 <undef>, i32 <undef>, i32 <undef>, i32 <undef>, i32 <undef>, i32 <undef>, i32 <undef>, i32 <undef>, i32 <undef>, i32 <undef>, i32 <undef>, i32 <undef>, i32 <undef>, i32 <undef>, i32 <undef>, i32 <undef>, i32 <undef>, i32 <undef>, i32 <undef>, i32 <undef>, i32 <undef>, i32 <undef>, i32 <undef>, i32 <undef>, i32 <undef>, i32 <undef>, i32 <undef>, i32 <undef>, i32 <undef>, i32 <undef>, i32 <undef>, i32 <undef>, i32 <undef>, i32 <undef>, i32 <undef>, i32 <undef>, i32 <undef>, i32 <undef>, i32 <undef>, i32 <undef>, i32 <undef>, i32 <undef>, i32 <undef>, i32 <undef>, i32 <undef>, i32 <undef>, i32 <undef>, i32 <undef>, i32 <undef>, i32 <undef>, i32 <undef>, i32 <undef>, i32 1, i7 %trunc_ln35" [attention_int8.cpp:53]   --->   Operation 317 'mux' 'tmp_6' <Predicate = (!icmp_ln168 & !and_ln32)> <Delay = 3.90> <CoreInst = "Multiplexer">   --->   Core 76 'Multiplexer' <Latency = 0> <II = 1> <Delay = 3.90> <FuncUnit> <Opcode : 'mux'> <InPorts = 2> <OutPorts = 1>

State 44 <SV = 43> <Delay = 5.92>
ST_44 : Operation 318 [7/7] (5.92ns)   --->   "%sub11_i = fsub i32 1, i32 %frac" [attention_int8.cpp:53]   --->   Operation 318 'fsub' 'sub11_i' <Predicate = (!icmp_ln168 & !and_ln32)> <Delay = 5.92> <CoreInst = "FAddSub_fulldsp">   --->   Core 18 'FAddSub_fulldsp' <Latency = 6> <II = 1> <Delay = 5.92> <FuncUnit> <Opcode : 'fadd' 'fsub'> <InPorts = 2> <OutPorts = 1>
ST_44 : Operation 319 [4/4] (5.78ns)   --->   "%mul14_i = fmul i32 %tmp_6, i32 %frac" [attention_int8.cpp:53]   --->   Operation 319 'fmul' 'mul14_i' <Predicate = (!icmp_ln168 & !and_ln32)> <Delay = 5.78> <CoreInst = "FMul_maxdsp">   --->   Core 30 'FMul_maxdsp' <Latency = 3> <II = 1> <Delay = 5.78> <FuncUnit> <Opcode : 'fmul'> <InPorts = 2> <OutPorts = 1>

State 45 <SV = 44> <Delay = 5.92>
ST_45 : Operation 320 [6/7] (5.92ns)   --->   "%sub11_i = fsub i32 1, i32 %frac" [attention_int8.cpp:53]   --->   Operation 320 'fsub' 'sub11_i' <Predicate = (!icmp_ln168 & !and_ln32)> <Delay = 5.92> <CoreInst = "FAddSub_fulldsp">   --->   Core 18 'FAddSub_fulldsp' <Latency = 6> <II = 1> <Delay = 5.92> <FuncUnit> <Opcode : 'fadd' 'fsub'> <InPorts = 2> <OutPorts = 1>
ST_45 : Operation 321 [3/4] (5.78ns)   --->   "%mul14_i = fmul i32 %tmp_6, i32 %frac" [attention_int8.cpp:53]   --->   Operation 321 'fmul' 'mul14_i' <Predicate = (!icmp_ln168 & !and_ln32)> <Delay = 5.78> <CoreInst = "FMul_maxdsp">   --->   Core 30 'FMul_maxdsp' <Latency = 3> <II = 1> <Delay = 5.78> <FuncUnit> <Opcode : 'fmul'> <InPorts = 2> <OutPorts = 1>

State 46 <SV = 45> <Delay = 5.92>
ST_46 : Operation 322 [5/7] (5.92ns)   --->   "%sub11_i = fsub i32 1, i32 %frac" [attention_int8.cpp:53]   --->   Operation 322 'fsub' 'sub11_i' <Predicate = (!icmp_ln168 & !and_ln32)> <Delay = 5.92> <CoreInst = "FAddSub_fulldsp">   --->   Core 18 'FAddSub_fulldsp' <Latency = 6> <II = 1> <Delay = 5.92> <FuncUnit> <Opcode : 'fadd' 'fsub'> <InPorts = 2> <OutPorts = 1>
ST_46 : Operation 323 [2/4] (5.78ns)   --->   "%mul14_i = fmul i32 %tmp_6, i32 %frac" [attention_int8.cpp:53]   --->   Operation 323 'fmul' 'mul14_i' <Predicate = (!icmp_ln168 & !and_ln32)> <Delay = 5.78> <CoreInst = "FMul_maxdsp">   --->   Core 30 'FMul_maxdsp' <Latency = 3> <II = 1> <Delay = 5.78> <FuncUnit> <Opcode : 'fmul'> <InPorts = 2> <OutPorts = 1>

State 47 <SV = 46> <Delay = 5.92>
ST_47 : Operation 324 [4/7] (5.92ns)   --->   "%sub11_i = fsub i32 1, i32 %frac" [attention_int8.cpp:53]   --->   Operation 324 'fsub' 'sub11_i' <Predicate = (!icmp_ln168 & !and_ln32)> <Delay = 5.92> <CoreInst = "FAddSub_fulldsp">   --->   Core 18 'FAddSub_fulldsp' <Latency = 6> <II = 1> <Delay = 5.92> <FuncUnit> <Opcode : 'fadd' 'fsub'> <InPorts = 2> <OutPorts = 1>
ST_47 : Operation 325 [1/4] (5.78ns)   --->   "%mul14_i = fmul i32 %tmp_6, i32 %frac" [attention_int8.cpp:53]   --->   Operation 325 'fmul' 'mul14_i' <Predicate = (!icmp_ln168 & !and_ln32)> <Delay = 5.78> <CoreInst = "FMul_maxdsp">   --->   Core 30 'FMul_maxdsp' <Latency = 3> <II = 1> <Delay = 5.78> <FuncUnit> <Opcode : 'fmul'> <InPorts = 2> <OutPorts = 1>

State 48 <SV = 47> <Delay = 5.92>
ST_48 : Operation 326 [3/7] (5.92ns)   --->   "%sub11_i = fsub i32 1, i32 %frac" [attention_int8.cpp:53]   --->   Operation 326 'fsub' 'sub11_i' <Predicate = (!icmp_ln168 & !and_ln32)> <Delay = 5.92> <CoreInst = "FAddSub_fulldsp">   --->   Core 18 'FAddSub_fulldsp' <Latency = 6> <II = 1> <Delay = 5.92> <FuncUnit> <Opcode : 'fadd' 'fsub'> <InPorts = 2> <OutPorts = 1>

State 49 <SV = 48> <Delay = 5.92>
ST_49 : Operation 327 [2/7] (5.92ns)   --->   "%sub11_i = fsub i32 1, i32 %frac" [attention_int8.cpp:53]   --->   Operation 327 'fsub' 'sub11_i' <Predicate = (!icmp_ln168 & !and_ln32)> <Delay = 5.92> <CoreInst = "FAddSub_fulldsp">   --->   Core 18 'FAddSub_fulldsp' <Latency = 6> <II = 1> <Delay = 5.92> <FuncUnit> <Opcode : 'fadd' 'fsub'> <InPorts = 2> <OutPorts = 1>

State 50 <SV = 49> <Delay = 5.92>
ST_50 : Operation 328 [1/1] (3.13ns)   --->   "%tmp_5 = mux i32 @_ssdm_op_Mux.ap_auto.64f32.i32, i32 1, i32 0.855951, i32 0.732611, i32 0.627058, i32 0.536782, i32 0.45941, i32 0.393181, i32 0.336504, i32 0.288073, i32 0.246597, i32 0.2111, i32 0.180715, i32 0.154701, i32 0.132428, i32 0.113361, i32 0.097041, i32 0.083083, i32 0.071136, i32 0.06091, i32 0.052149, i32 0.044648, i32 0.038228, i32 0.032726, i32 0.028016, i32 0.023986, i32 0.020535, i32 0.01758, i32 0.01505, i32 0.012884, i32 0.011029, i32 0.009441, i32 0.008082, i32 0.00692, i32 0.005924, i32 0.005072, i32 0.004342, i32 0.003717, i32 0.003183, i32 0.002725, i32 0.002333, i32 0.001997, i32 0.00171, i32 0.001464, i32 0.001253, i32 0.001073, i32 0.000918, i32 0.000786, i32 0.000673, i32 0.000576, i32 0.000493, i32 0.000422, i32 0.000361, i32 0.000309, i32 0.000265, i32 0.000227, i32 0.000194, i32 0.000166, i32 0.000142, i32 0.000122, i32 0.000104, i32 8.9e-05, i32 7.6e-05, i32 6.5e-05, i32 5.6e-05, i32 %idx_1" [attention_int8.cpp:53]   --->   Operation 328 'mux' 'tmp_5' <Predicate = (!icmp_ln168 & !and_ln32)> <Delay = 3.13> <CoreInst = "Multiplexer">   --->   Core 76 'Multiplexer' <Latency = 0> <II = 1> <Delay = 3.13> <FuncUnit> <Opcode : 'mux'> <InPorts = 2> <OutPorts = 1>
ST_50 : Operation 329 [1/7] (5.92ns)   --->   "%sub11_i = fsub i32 1, i32 %frac" [attention_int8.cpp:53]   --->   Operation 329 'fsub' 'sub11_i' <Predicate = (!icmp_ln168 & !and_ln32)> <Delay = 5.92> <CoreInst = "FAddSub_fulldsp">   --->   Core 18 'FAddSub_fulldsp' <Latency = 6> <II = 1> <Delay = 5.92> <FuncUnit> <Opcode : 'fadd' 'fsub'> <InPorts = 2> <OutPorts = 1>

State 51 <SV = 50> <Delay = 5.78>
ST_51 : Operation 330 [4/4] (5.78ns)   --->   "%mul_i = fmul i32 %tmp_5, i32 %sub11_i" [attention_int8.cpp:53]   --->   Operation 330 'fmul' 'mul_i' <Predicate = (!icmp_ln168 & !and_ln32)> <Delay = 5.78> <CoreInst = "FMul_maxdsp">   --->   Core 30 'FMul_maxdsp' <Latency = 3> <II = 1> <Delay = 5.78> <FuncUnit> <Opcode : 'fmul'> <InPorts = 2> <OutPorts = 1>

State 52 <SV = 51> <Delay = 5.78>
ST_52 : Operation 331 [3/4] (5.78ns)   --->   "%mul_i = fmul i32 %tmp_5, i32 %sub11_i" [attention_int8.cpp:53]   --->   Operation 331 'fmul' 'mul_i' <Predicate = (!icmp_ln168 & !and_ln32)> <Delay = 5.78> <CoreInst = "FMul_maxdsp">   --->   Core 30 'FMul_maxdsp' <Latency = 3> <II = 1> <Delay = 5.78> <FuncUnit> <Opcode : 'fmul'> <InPorts = 2> <OutPorts = 1>

State 53 <SV = 52> <Delay = 5.78>
ST_53 : Operation 332 [2/4] (5.78ns)   --->   "%mul_i = fmul i32 %tmp_5, i32 %sub11_i" [attention_int8.cpp:53]   --->   Operation 332 'fmul' 'mul_i' <Predicate = (!icmp_ln168 & !and_ln32)> <Delay = 5.78> <CoreInst = "FMul_maxdsp">   --->   Core 30 'FMul_maxdsp' <Latency = 3> <II = 1> <Delay = 5.78> <FuncUnit> <Opcode : 'fmul'> <InPorts = 2> <OutPorts = 1>

State 54 <SV = 53> <Delay = 5.78>
ST_54 : Operation 333 [1/4] (5.78ns)   --->   "%mul_i = fmul i32 %tmp_5, i32 %sub11_i" [attention_int8.cpp:53]   --->   Operation 333 'fmul' 'mul_i' <Predicate = (!icmp_ln168 & !and_ln32)> <Delay = 5.78> <CoreInst = "FMul_maxdsp">   --->   Core 30 'FMul_maxdsp' <Latency = 3> <II = 1> <Delay = 5.78> <FuncUnit> <Opcode : 'fmul'> <InPorts = 2> <OutPorts = 1>

State 55 <SV = 54> <Delay = 5.92>
ST_55 : Operation 334 [7/7] (5.92ns)   --->   "%add15_i = fadd i32 %mul_i, i32 %mul14_i" [attention_int8.cpp:53]   --->   Operation 334 'fadd' 'add15_i' <Predicate = (!icmp_ln168 & !and_ln32)> <Delay = 5.92> <CoreInst = "FAddSub_fulldsp">   --->   Core 18 'FAddSub_fulldsp' <Latency = 6> <II = 1> <Delay = 5.92> <FuncUnit> <Opcode : 'fadd' 'fsub'> <InPorts = 2> <OutPorts = 1>

State 56 <SV = 55> <Delay = 5.92>
ST_56 : Operation 335 [6/7] (5.92ns)   --->   "%add15_i = fadd i32 %mul_i, i32 %mul14_i" [attention_int8.cpp:53]   --->   Operation 335 'fadd' 'add15_i' <Predicate = (!icmp_ln168 & !and_ln32)> <Delay = 5.92> <CoreInst = "FAddSub_fulldsp">   --->   Core 18 'FAddSub_fulldsp' <Latency = 6> <II = 1> <Delay = 5.92> <FuncUnit> <Opcode : 'fadd' 'fsub'> <InPorts = 2> <OutPorts = 1>

State 57 <SV = 56> <Delay = 5.92>
ST_57 : Operation 336 [5/7] (5.92ns)   --->   "%add15_i = fadd i32 %mul_i, i32 %mul14_i" [attention_int8.cpp:53]   --->   Operation 336 'fadd' 'add15_i' <Predicate = (!icmp_ln168 & !and_ln32)> <Delay = 5.92> <CoreInst = "FAddSub_fulldsp">   --->   Core 18 'FAddSub_fulldsp' <Latency = 6> <II = 1> <Delay = 5.92> <FuncUnit> <Opcode : 'fadd' 'fsub'> <InPorts = 2> <OutPorts = 1>

State 58 <SV = 57> <Delay = 5.92>
ST_58 : Operation 337 [4/7] (5.92ns)   --->   "%add15_i = fadd i32 %mul_i, i32 %mul14_i" [attention_int8.cpp:53]   --->   Operation 337 'fadd' 'add15_i' <Predicate = (!icmp_ln168 & !and_ln32)> <Delay = 5.92> <CoreInst = "FAddSub_fulldsp">   --->   Core 18 'FAddSub_fulldsp' <Latency = 6> <II = 1> <Delay = 5.92> <FuncUnit> <Opcode : 'fadd' 'fsub'> <InPorts = 2> <OutPorts = 1>

State 59 <SV = 58> <Delay = 5.92>
ST_59 : Operation 338 [3/7] (5.92ns)   --->   "%add15_i = fadd i32 %mul_i, i32 %mul14_i" [attention_int8.cpp:53]   --->   Operation 338 'fadd' 'add15_i' <Predicate = (!icmp_ln168 & !and_ln32)> <Delay = 5.92> <CoreInst = "FAddSub_fulldsp">   --->   Core 18 'FAddSub_fulldsp' <Latency = 6> <II = 1> <Delay = 5.92> <FuncUnit> <Opcode : 'fadd' 'fsub'> <InPorts = 2> <OutPorts = 1>

State 60 <SV = 59> <Delay = 5.92>
ST_60 : Operation 339 [2/7] (5.92ns)   --->   "%add15_i = fadd i32 %mul_i, i32 %mul14_i" [attention_int8.cpp:53]   --->   Operation 339 'fadd' 'add15_i' <Predicate = (!icmp_ln168 & !and_ln32)> <Delay = 5.92> <CoreInst = "FAddSub_fulldsp">   --->   Core 18 'FAddSub_fulldsp' <Latency = 6> <II = 1> <Delay = 5.92> <FuncUnit> <Opcode : 'fadd' 'fsub'> <InPorts = 2> <OutPorts = 1>

State 61 <SV = 60> <Delay = 5.92>
ST_61 : Operation 340 [1/7] (5.92ns)   --->   "%add15_i = fadd i32 %mul_i, i32 %mul14_i" [attention_int8.cpp:53]   --->   Operation 340 'fadd' 'add15_i' <Predicate = (!icmp_ln168 & !and_ln32)> <Delay = 5.92> <CoreInst = "FAddSub_fulldsp">   --->   Core 18 'FAddSub_fulldsp' <Latency = 6> <II = 1> <Delay = 5.92> <FuncUnit> <Opcode : 'fadd' 'fsub'> <InPorts = 2> <OutPorts = 1>
ST_61 : Operation 599 [1/1] (0.00ns)   --->   "%P_row_load = load i32 %P_row"   --->   Operation 599 'load' 'P_row_load' <Predicate = (icmp_ln168)> <Delay = 0.00>
ST_61 : Operation 600 [1/1] (0.00ns)   --->   "%P_row_1_load = load i32 %P_row_1"   --->   Operation 600 'load' 'P_row_1_load' <Predicate = (icmp_ln168)> <Delay = 0.00>
ST_61 : Operation 601 [1/1] (0.00ns)   --->   "%P_row_2_load = load i32 %P_row_2"   --->   Operation 601 'load' 'P_row_2_load' <Predicate = (icmp_ln168)> <Delay = 0.00>
ST_61 : Operation 602 [1/1] (0.00ns)   --->   "%P_row_3_load = load i32 %P_row_3"   --->   Operation 602 'load' 'P_row_3_load' <Predicate = (icmp_ln168)> <Delay = 0.00>
ST_61 : Operation 603 [1/1] (0.00ns)   --->   "%P_row_4_load = load i32 %P_row_4"   --->   Operation 603 'load' 'P_row_4_load' <Predicate = (icmp_ln168)> <Delay = 0.00>
ST_61 : Operation 604 [1/1] (0.00ns)   --->   "%P_row_5_load = load i32 %P_row_5"   --->   Operation 604 'load' 'P_row_5_load' <Predicate = (icmp_ln168)> <Delay = 0.00>
ST_61 : Operation 605 [1/1] (0.00ns)   --->   "%P_row_6_load = load i32 %P_row_6"   --->   Operation 605 'load' 'P_row_6_load' <Predicate = (icmp_ln168)> <Delay = 0.00>
ST_61 : Operation 606 [1/1] (0.00ns)   --->   "%P_row_7_load = load i32 %P_row_7"   --->   Operation 606 'load' 'P_row_7_load' <Predicate = (icmp_ln168)> <Delay = 0.00>
ST_61 : Operation 607 [1/1] (0.00ns)   --->   "%P_row_8_load = load i32 %P_row_8"   --->   Operation 607 'load' 'P_row_8_load' <Predicate = (icmp_ln168)> <Delay = 0.00>
ST_61 : Operation 608 [1/1] (0.00ns)   --->   "%P_row_9_load = load i32 %P_row_9"   --->   Operation 608 'load' 'P_row_9_load' <Predicate = (icmp_ln168)> <Delay = 0.00>
ST_61 : Operation 609 [1/1] (0.00ns)   --->   "%P_row_10_load = load i32 %P_row_10"   --->   Operation 609 'load' 'P_row_10_load' <Predicate = (icmp_ln168)> <Delay = 0.00>
ST_61 : Operation 610 [1/1] (0.00ns)   --->   "%P_row_11_load = load i32 %P_row_11"   --->   Operation 610 'load' 'P_row_11_load' <Predicate = (icmp_ln168)> <Delay = 0.00>
ST_61 : Operation 611 [1/1] (0.00ns)   --->   "%P_row_12_load = load i32 %P_row_12"   --->   Operation 611 'load' 'P_row_12_load' <Predicate = (icmp_ln168)> <Delay = 0.00>
ST_61 : Operation 612 [1/1] (0.00ns)   --->   "%P_row_13_load = load i32 %P_row_13"   --->   Operation 612 'load' 'P_row_13_load' <Predicate = (icmp_ln168)> <Delay = 0.00>
ST_61 : Operation 613 [1/1] (0.00ns)   --->   "%P_row_14_load = load i32 %P_row_14"   --->   Operation 613 'load' 'P_row_14_load' <Predicate = (icmp_ln168)> <Delay = 0.00>
ST_61 : Operation 614 [1/1] (0.00ns)   --->   "%P_row_15_load = load i32 %P_row_15"   --->   Operation 614 'load' 'P_row_15_load' <Predicate = (icmp_ln168)> <Delay = 0.00>
ST_61 : Operation 615 [1/1] (0.00ns)   --->   "%P_row_16_load = load i32 %P_row_16"   --->   Operation 615 'load' 'P_row_16_load' <Predicate = (icmp_ln168)> <Delay = 0.00>
ST_61 : Operation 616 [1/1] (0.00ns)   --->   "%P_row_17_load = load i32 %P_row_17"   --->   Operation 616 'load' 'P_row_17_load' <Predicate = (icmp_ln168)> <Delay = 0.00>
ST_61 : Operation 617 [1/1] (0.00ns)   --->   "%P_row_18_load = load i32 %P_row_18"   --->   Operation 617 'load' 'P_row_18_load' <Predicate = (icmp_ln168)> <Delay = 0.00>
ST_61 : Operation 618 [1/1] (0.00ns)   --->   "%P_row_19_load = load i32 %P_row_19"   --->   Operation 618 'load' 'P_row_19_load' <Predicate = (icmp_ln168)> <Delay = 0.00>
ST_61 : Operation 619 [1/1] (0.00ns)   --->   "%P_row_20_load = load i32 %P_row_20"   --->   Operation 619 'load' 'P_row_20_load' <Predicate = (icmp_ln168)> <Delay = 0.00>
ST_61 : Operation 620 [1/1] (0.00ns)   --->   "%P_row_21_load = load i32 %P_row_21"   --->   Operation 620 'load' 'P_row_21_load' <Predicate = (icmp_ln168)> <Delay = 0.00>
ST_61 : Operation 621 [1/1] (0.00ns)   --->   "%P_row_22_load = load i32 %P_row_22"   --->   Operation 621 'load' 'P_row_22_load' <Predicate = (icmp_ln168)> <Delay = 0.00>
ST_61 : Operation 622 [1/1] (0.00ns)   --->   "%P_row_23_load = load i32 %P_row_23"   --->   Operation 622 'load' 'P_row_23_load' <Predicate = (icmp_ln168)> <Delay = 0.00>
ST_61 : Operation 623 [1/1] (0.00ns)   --->   "%P_row_24_load = load i32 %P_row_24"   --->   Operation 623 'load' 'P_row_24_load' <Predicate = (icmp_ln168)> <Delay = 0.00>
ST_61 : Operation 624 [1/1] (0.00ns)   --->   "%P_row_25_load = load i32 %P_row_25"   --->   Operation 624 'load' 'P_row_25_load' <Predicate = (icmp_ln168)> <Delay = 0.00>
ST_61 : Operation 625 [1/1] (0.00ns)   --->   "%P_row_26_load = load i32 %P_row_26"   --->   Operation 625 'load' 'P_row_26_load' <Predicate = (icmp_ln168)> <Delay = 0.00>
ST_61 : Operation 626 [1/1] (0.00ns)   --->   "%P_row_27_load = load i32 %P_row_27"   --->   Operation 626 'load' 'P_row_27_load' <Predicate = (icmp_ln168)> <Delay = 0.00>
ST_61 : Operation 627 [1/1] (0.00ns)   --->   "%P_row_28_load = load i32 %P_row_28"   --->   Operation 627 'load' 'P_row_28_load' <Predicate = (icmp_ln168)> <Delay = 0.00>
ST_61 : Operation 628 [1/1] (0.00ns)   --->   "%P_row_29_load = load i32 %P_row_29"   --->   Operation 628 'load' 'P_row_29_load' <Predicate = (icmp_ln168)> <Delay = 0.00>
ST_61 : Operation 629 [1/1] (0.00ns)   --->   "%P_row_30_load = load i32 %P_row_30"   --->   Operation 629 'load' 'P_row_30_load' <Predicate = (icmp_ln168)> <Delay = 0.00>
ST_61 : Operation 630 [1/1] (0.00ns)   --->   "%P_row_31_load = load i32 %P_row_31"   --->   Operation 630 'load' 'P_row_31_load' <Predicate = (icmp_ln168)> <Delay = 0.00>
ST_61 : Operation 631 [1/1] (0.00ns)   --->   "%P_row_32_load = load i32 %P_row_32"   --->   Operation 631 'load' 'P_row_32_load' <Predicate = (icmp_ln168)> <Delay = 0.00>
ST_61 : Operation 632 [1/1] (0.00ns)   --->   "%P_row_33_load = load i32 %P_row_33"   --->   Operation 632 'load' 'P_row_33_load' <Predicate = (icmp_ln168)> <Delay = 0.00>
ST_61 : Operation 633 [1/1] (0.00ns)   --->   "%P_row_34_load = load i32 %P_row_34"   --->   Operation 633 'load' 'P_row_34_load' <Predicate = (icmp_ln168)> <Delay = 0.00>
ST_61 : Operation 634 [1/1] (0.00ns)   --->   "%P_row_35_load = load i32 %P_row_35"   --->   Operation 634 'load' 'P_row_35_load' <Predicate = (icmp_ln168)> <Delay = 0.00>
ST_61 : Operation 635 [1/1] (0.00ns)   --->   "%P_row_36_load = load i32 %P_row_36"   --->   Operation 635 'load' 'P_row_36_load' <Predicate = (icmp_ln168)> <Delay = 0.00>
ST_61 : Operation 636 [1/1] (0.00ns)   --->   "%P_row_37_load = load i32 %P_row_37"   --->   Operation 636 'load' 'P_row_37_load' <Predicate = (icmp_ln168)> <Delay = 0.00>
ST_61 : Operation 637 [1/1] (0.00ns)   --->   "%P_row_38_load = load i32 %P_row_38"   --->   Operation 637 'load' 'P_row_38_load' <Predicate = (icmp_ln168)> <Delay = 0.00>
ST_61 : Operation 638 [1/1] (0.00ns)   --->   "%P_row_39_load = load i32 %P_row_39"   --->   Operation 638 'load' 'P_row_39_load' <Predicate = (icmp_ln168)> <Delay = 0.00>
ST_61 : Operation 639 [1/1] (0.00ns)   --->   "%P_row_40_load = load i32 %P_row_40"   --->   Operation 639 'load' 'P_row_40_load' <Predicate = (icmp_ln168)> <Delay = 0.00>
ST_61 : Operation 640 [1/1] (0.00ns)   --->   "%P_row_41_load = load i32 %P_row_41"   --->   Operation 640 'load' 'P_row_41_load' <Predicate = (icmp_ln168)> <Delay = 0.00>
ST_61 : Operation 641 [1/1] (0.00ns)   --->   "%P_row_42_load = load i32 %P_row_42"   --->   Operation 641 'load' 'P_row_42_load' <Predicate = (icmp_ln168)> <Delay = 0.00>
ST_61 : Operation 642 [1/1] (0.00ns)   --->   "%P_row_43_load = load i32 %P_row_43"   --->   Operation 642 'load' 'P_row_43_load' <Predicate = (icmp_ln168)> <Delay = 0.00>
ST_61 : Operation 643 [1/1] (0.00ns)   --->   "%P_row_44_load = load i32 %P_row_44"   --->   Operation 643 'load' 'P_row_44_load' <Predicate = (icmp_ln168)> <Delay = 0.00>
ST_61 : Operation 644 [1/1] (0.00ns)   --->   "%P_row_45_load = load i32 %P_row_45"   --->   Operation 644 'load' 'P_row_45_load' <Predicate = (icmp_ln168)> <Delay = 0.00>
ST_61 : Operation 645 [1/1] (0.00ns)   --->   "%P_row_46_load = load i32 %P_row_46"   --->   Operation 645 'load' 'P_row_46_load' <Predicate = (icmp_ln168)> <Delay = 0.00>
ST_61 : Operation 646 [1/1] (0.00ns)   --->   "%P_row_47_load = load i32 %P_row_47"   --->   Operation 646 'load' 'P_row_47_load' <Predicate = (icmp_ln168)> <Delay = 0.00>
ST_61 : Operation 647 [1/1] (0.00ns)   --->   "%P_row_48_load = load i32 %P_row_48"   --->   Operation 647 'load' 'P_row_48_load' <Predicate = (icmp_ln168)> <Delay = 0.00>
ST_61 : Operation 648 [1/1] (0.00ns)   --->   "%P_row_49_load = load i32 %P_row_49"   --->   Operation 648 'load' 'P_row_49_load' <Predicate = (icmp_ln168)> <Delay = 0.00>
ST_61 : Operation 649 [1/1] (0.00ns)   --->   "%P_row_50_load = load i32 %P_row_50"   --->   Operation 649 'load' 'P_row_50_load' <Predicate = (icmp_ln168)> <Delay = 0.00>
ST_61 : Operation 650 [1/1] (0.00ns)   --->   "%P_row_51_load = load i32 %P_row_51"   --->   Operation 650 'load' 'P_row_51_load' <Predicate = (icmp_ln168)> <Delay = 0.00>
ST_61 : Operation 651 [1/1] (0.00ns)   --->   "%P_row_52_load = load i32 %P_row_52"   --->   Operation 651 'load' 'P_row_52_load' <Predicate = (icmp_ln168)> <Delay = 0.00>
ST_61 : Operation 652 [1/1] (0.00ns)   --->   "%P_row_53_load = load i32 %P_row_53"   --->   Operation 652 'load' 'P_row_53_load' <Predicate = (icmp_ln168)> <Delay = 0.00>
ST_61 : Operation 653 [1/1] (0.00ns)   --->   "%P_row_54_load = load i32 %P_row_54"   --->   Operation 653 'load' 'P_row_54_load' <Predicate = (icmp_ln168)> <Delay = 0.00>
ST_61 : Operation 654 [1/1] (0.00ns)   --->   "%P_row_55_load = load i32 %P_row_55"   --->   Operation 654 'load' 'P_row_55_load' <Predicate = (icmp_ln168)> <Delay = 0.00>
ST_61 : Operation 655 [1/1] (0.00ns)   --->   "%P_row_56_load = load i32 %P_row_56"   --->   Operation 655 'load' 'P_row_56_load' <Predicate = (icmp_ln168)> <Delay = 0.00>
ST_61 : Operation 656 [1/1] (0.00ns)   --->   "%P_row_57_load = load i32 %P_row_57"   --->   Operation 656 'load' 'P_row_57_load' <Predicate = (icmp_ln168)> <Delay = 0.00>
ST_61 : Operation 657 [1/1] (0.00ns)   --->   "%P_row_58_load = load i32 %P_row_58"   --->   Operation 657 'load' 'P_row_58_load' <Predicate = (icmp_ln168)> <Delay = 0.00>
ST_61 : Operation 658 [1/1] (0.00ns)   --->   "%P_row_59_load = load i32 %P_row_59"   --->   Operation 658 'load' 'P_row_59_load' <Predicate = (icmp_ln168)> <Delay = 0.00>
ST_61 : Operation 659 [1/1] (0.00ns)   --->   "%P_row_60_load = load i32 %P_row_60"   --->   Operation 659 'load' 'P_row_60_load' <Predicate = (icmp_ln168)> <Delay = 0.00>
ST_61 : Operation 660 [1/1] (0.00ns)   --->   "%P_row_61_load = load i32 %P_row_61"   --->   Operation 660 'load' 'P_row_61_load' <Predicate = (icmp_ln168)> <Delay = 0.00>
ST_61 : Operation 661 [1/1] (0.00ns)   --->   "%P_row_62_load = load i32 %P_row_62"   --->   Operation 661 'load' 'P_row_62_load' <Predicate = (icmp_ln168)> <Delay = 0.00>
ST_61 : Operation 662 [1/1] (0.00ns)   --->   "%P_row_63_load = load i32 %P_row_63"   --->   Operation 662 'load' 'P_row_63_load' <Predicate = (icmp_ln168)> <Delay = 0.00>
ST_61 : Operation 663 [1/1] (0.00ns)   --->   "%P_row_64_load = load i32 %P_row_64"   --->   Operation 663 'load' 'P_row_64_load' <Predicate = (icmp_ln168)> <Delay = 0.00>
ST_61 : Operation 664 [1/1] (0.00ns)   --->   "%P_row_65_load = load i32 %P_row_65"   --->   Operation 664 'load' 'P_row_65_load' <Predicate = (icmp_ln168)> <Delay = 0.00>
ST_61 : Operation 665 [1/1] (0.00ns)   --->   "%P_row_66_load = load i32 %P_row_66"   --->   Operation 665 'load' 'P_row_66_load' <Predicate = (icmp_ln168)> <Delay = 0.00>
ST_61 : Operation 666 [1/1] (0.00ns)   --->   "%P_row_67_load = load i32 %P_row_67"   --->   Operation 666 'load' 'P_row_67_load' <Predicate = (icmp_ln168)> <Delay = 0.00>
ST_61 : Operation 667 [1/1] (0.00ns)   --->   "%P_row_68_load = load i32 %P_row_68"   --->   Operation 667 'load' 'P_row_68_load' <Predicate = (icmp_ln168)> <Delay = 0.00>
ST_61 : Operation 668 [1/1] (0.00ns)   --->   "%P_row_69_load = load i32 %P_row_69"   --->   Operation 668 'load' 'P_row_69_load' <Predicate = (icmp_ln168)> <Delay = 0.00>
ST_61 : Operation 669 [1/1] (0.00ns)   --->   "%P_row_70_load = load i32 %P_row_70"   --->   Operation 669 'load' 'P_row_70_load' <Predicate = (icmp_ln168)> <Delay = 0.00>
ST_61 : Operation 670 [1/1] (0.00ns)   --->   "%P_row_71_load = load i32 %P_row_71"   --->   Operation 670 'load' 'P_row_71_load' <Predicate = (icmp_ln168)> <Delay = 0.00>
ST_61 : Operation 671 [1/1] (0.00ns)   --->   "%P_row_72_load = load i32 %P_row_72"   --->   Operation 671 'load' 'P_row_72_load' <Predicate = (icmp_ln168)> <Delay = 0.00>
ST_61 : Operation 672 [1/1] (0.00ns)   --->   "%P_row_73_load = load i32 %P_row_73"   --->   Operation 672 'load' 'P_row_73_load' <Predicate = (icmp_ln168)> <Delay = 0.00>
ST_61 : Operation 673 [1/1] (0.00ns)   --->   "%P_row_74_load = load i32 %P_row_74"   --->   Operation 673 'load' 'P_row_74_load' <Predicate = (icmp_ln168)> <Delay = 0.00>
ST_61 : Operation 674 [1/1] (0.00ns)   --->   "%P_row_75_load = load i32 %P_row_75"   --->   Operation 674 'load' 'P_row_75_load' <Predicate = (icmp_ln168)> <Delay = 0.00>
ST_61 : Operation 675 [1/1] (0.00ns)   --->   "%P_row_76_load = load i32 %P_row_76"   --->   Operation 675 'load' 'P_row_76_load' <Predicate = (icmp_ln168)> <Delay = 0.00>
ST_61 : Operation 676 [1/1] (0.00ns)   --->   "%P_row_77_load = load i32 %P_row_77"   --->   Operation 676 'load' 'P_row_77_load' <Predicate = (icmp_ln168)> <Delay = 0.00>
ST_61 : Operation 677 [1/1] (0.00ns)   --->   "%P_row_78_load = load i32 %P_row_78"   --->   Operation 677 'load' 'P_row_78_load' <Predicate = (icmp_ln168)> <Delay = 0.00>
ST_61 : Operation 678 [1/1] (0.00ns)   --->   "%P_row_79_load = load i32 %P_row_79"   --->   Operation 678 'load' 'P_row_79_load' <Predicate = (icmp_ln168)> <Delay = 0.00>
ST_61 : Operation 679 [1/1] (0.00ns)   --->   "%P_row_80_load = load i32 %P_row_80"   --->   Operation 679 'load' 'P_row_80_load' <Predicate = (icmp_ln168)> <Delay = 0.00>
ST_61 : Operation 680 [1/1] (0.00ns)   --->   "%P_row_81_load = load i32 %P_row_81"   --->   Operation 680 'load' 'P_row_81_load' <Predicate = (icmp_ln168)> <Delay = 0.00>
ST_61 : Operation 681 [1/1] (0.00ns)   --->   "%P_row_82_load = load i32 %P_row_82"   --->   Operation 681 'load' 'P_row_82_load' <Predicate = (icmp_ln168)> <Delay = 0.00>
ST_61 : Operation 682 [1/1] (0.00ns)   --->   "%P_row_83_load = load i32 %P_row_83"   --->   Operation 682 'load' 'P_row_83_load' <Predicate = (icmp_ln168)> <Delay = 0.00>
ST_61 : Operation 683 [1/1] (0.00ns)   --->   "%P_row_84_load = load i32 %P_row_84"   --->   Operation 683 'load' 'P_row_84_load' <Predicate = (icmp_ln168)> <Delay = 0.00>
ST_61 : Operation 684 [1/1] (0.00ns)   --->   "%P_row_85_load = load i32 %P_row_85"   --->   Operation 684 'load' 'P_row_85_load' <Predicate = (icmp_ln168)> <Delay = 0.00>
ST_61 : Operation 685 [1/1] (0.00ns)   --->   "%P_row_86_load = load i32 %P_row_86"   --->   Operation 685 'load' 'P_row_86_load' <Predicate = (icmp_ln168)> <Delay = 0.00>
ST_61 : Operation 686 [1/1] (0.00ns)   --->   "%P_row_87_load = load i32 %P_row_87"   --->   Operation 686 'load' 'P_row_87_load' <Predicate = (icmp_ln168)> <Delay = 0.00>
ST_61 : Operation 687 [1/1] (0.00ns)   --->   "%P_row_88_load = load i32 %P_row_88"   --->   Operation 687 'load' 'P_row_88_load' <Predicate = (icmp_ln168)> <Delay = 0.00>
ST_61 : Operation 688 [1/1] (0.00ns)   --->   "%P_row_89_load = load i32 %P_row_89"   --->   Operation 688 'load' 'P_row_89_load' <Predicate = (icmp_ln168)> <Delay = 0.00>
ST_61 : Operation 689 [1/1] (0.00ns)   --->   "%P_row_90_load = load i32 %P_row_90"   --->   Operation 689 'load' 'P_row_90_load' <Predicate = (icmp_ln168)> <Delay = 0.00>
ST_61 : Operation 690 [1/1] (0.00ns)   --->   "%P_row_91_load = load i32 %P_row_91"   --->   Operation 690 'load' 'P_row_91_load' <Predicate = (icmp_ln168)> <Delay = 0.00>
ST_61 : Operation 691 [1/1] (0.00ns)   --->   "%P_row_92_load = load i32 %P_row_92"   --->   Operation 691 'load' 'P_row_92_load' <Predicate = (icmp_ln168)> <Delay = 0.00>
ST_61 : Operation 692 [1/1] (0.00ns)   --->   "%P_row_93_load = load i32 %P_row_93"   --->   Operation 692 'load' 'P_row_93_load' <Predicate = (icmp_ln168)> <Delay = 0.00>
ST_61 : Operation 693 [1/1] (0.00ns)   --->   "%P_row_94_load = load i32 %P_row_94"   --->   Operation 693 'load' 'P_row_94_load' <Predicate = (icmp_ln168)> <Delay = 0.00>
ST_61 : Operation 694 [1/1] (0.00ns)   --->   "%P_row_95_load = load i32 %P_row_95"   --->   Operation 694 'load' 'P_row_95_load' <Predicate = (icmp_ln168)> <Delay = 0.00>
ST_61 : Operation 695 [1/1] (0.00ns)   --->   "%P_row_96_load = load i32 %P_row_96"   --->   Operation 695 'load' 'P_row_96_load' <Predicate = (icmp_ln168)> <Delay = 0.00>
ST_61 : Operation 696 [1/1] (0.00ns)   --->   "%P_row_97_load = load i32 %P_row_97"   --->   Operation 696 'load' 'P_row_97_load' <Predicate = (icmp_ln168)> <Delay = 0.00>
ST_61 : Operation 697 [1/1] (0.00ns)   --->   "%P_row_98_load = load i32 %P_row_98"   --->   Operation 697 'load' 'P_row_98_load' <Predicate = (icmp_ln168)> <Delay = 0.00>
ST_61 : Operation 698 [1/1] (0.00ns)   --->   "%P_row_99_load = load i32 %P_row_99"   --->   Operation 698 'load' 'P_row_99_load' <Predicate = (icmp_ln168)> <Delay = 0.00>
ST_61 : Operation 699 [1/1] (0.00ns)   --->   "%P_row_100_load = load i32 %P_row_100"   --->   Operation 699 'load' 'P_row_100_load' <Predicate = (icmp_ln168)> <Delay = 0.00>
ST_61 : Operation 700 [1/1] (0.00ns)   --->   "%P_row_101_load = load i32 %P_row_101"   --->   Operation 700 'load' 'P_row_101_load' <Predicate = (icmp_ln168)> <Delay = 0.00>
ST_61 : Operation 701 [1/1] (0.00ns)   --->   "%P_row_102_load = load i32 %P_row_102"   --->   Operation 701 'load' 'P_row_102_load' <Predicate = (icmp_ln168)> <Delay = 0.00>
ST_61 : Operation 702 [1/1] (0.00ns)   --->   "%P_row_103_load = load i32 %P_row_103"   --->   Operation 702 'load' 'P_row_103_load' <Predicate = (icmp_ln168)> <Delay = 0.00>
ST_61 : Operation 703 [1/1] (0.00ns)   --->   "%P_row_104_load = load i32 %P_row_104"   --->   Operation 703 'load' 'P_row_104_load' <Predicate = (icmp_ln168)> <Delay = 0.00>
ST_61 : Operation 704 [1/1] (0.00ns)   --->   "%P_row_105_load = load i32 %P_row_105"   --->   Operation 704 'load' 'P_row_105_load' <Predicate = (icmp_ln168)> <Delay = 0.00>
ST_61 : Operation 705 [1/1] (0.00ns)   --->   "%P_row_106_load = load i32 %P_row_106"   --->   Operation 705 'load' 'P_row_106_load' <Predicate = (icmp_ln168)> <Delay = 0.00>
ST_61 : Operation 706 [1/1] (0.00ns)   --->   "%P_row_107_load = load i32 %P_row_107"   --->   Operation 706 'load' 'P_row_107_load' <Predicate = (icmp_ln168)> <Delay = 0.00>
ST_61 : Operation 707 [1/1] (0.00ns)   --->   "%P_row_108_load = load i32 %P_row_108"   --->   Operation 707 'load' 'P_row_108_load' <Predicate = (icmp_ln168)> <Delay = 0.00>
ST_61 : Operation 708 [1/1] (0.00ns)   --->   "%P_row_109_load = load i32 %P_row_109"   --->   Operation 708 'load' 'P_row_109_load' <Predicate = (icmp_ln168)> <Delay = 0.00>
ST_61 : Operation 709 [1/1] (0.00ns)   --->   "%P_row_110_load = load i32 %P_row_110"   --->   Operation 709 'load' 'P_row_110_load' <Predicate = (icmp_ln168)> <Delay = 0.00>
ST_61 : Operation 710 [1/1] (0.00ns)   --->   "%P_row_111_load = load i32 %P_row_111"   --->   Operation 710 'load' 'P_row_111_load' <Predicate = (icmp_ln168)> <Delay = 0.00>
ST_61 : Operation 711 [1/1] (0.00ns)   --->   "%P_row_112_load = load i32 %P_row_112"   --->   Operation 711 'load' 'P_row_112_load' <Predicate = (icmp_ln168)> <Delay = 0.00>
ST_61 : Operation 712 [1/1] (0.00ns)   --->   "%P_row_113_load = load i32 %P_row_113"   --->   Operation 712 'load' 'P_row_113_load' <Predicate = (icmp_ln168)> <Delay = 0.00>
ST_61 : Operation 713 [1/1] (0.00ns)   --->   "%P_row_114_load = load i32 %P_row_114"   --->   Operation 713 'load' 'P_row_114_load' <Predicate = (icmp_ln168)> <Delay = 0.00>
ST_61 : Operation 714 [1/1] (0.00ns)   --->   "%P_row_115_load = load i32 %P_row_115"   --->   Operation 714 'load' 'P_row_115_load' <Predicate = (icmp_ln168)> <Delay = 0.00>
ST_61 : Operation 715 [1/1] (0.00ns)   --->   "%P_row_116_load = load i32 %P_row_116"   --->   Operation 715 'load' 'P_row_116_load' <Predicate = (icmp_ln168)> <Delay = 0.00>
ST_61 : Operation 716 [1/1] (0.00ns)   --->   "%P_row_117_load = load i32 %P_row_117"   --->   Operation 716 'load' 'P_row_117_load' <Predicate = (icmp_ln168)> <Delay = 0.00>
ST_61 : Operation 717 [1/1] (0.00ns)   --->   "%P_row_118_load = load i32 %P_row_118"   --->   Operation 717 'load' 'P_row_118_load' <Predicate = (icmp_ln168)> <Delay = 0.00>
ST_61 : Operation 718 [1/1] (0.00ns)   --->   "%P_row_119_load = load i32 %P_row_119"   --->   Operation 718 'load' 'P_row_119_load' <Predicate = (icmp_ln168)> <Delay = 0.00>
ST_61 : Operation 719 [1/1] (0.00ns)   --->   "%P_row_120_load = load i32 %P_row_120"   --->   Operation 719 'load' 'P_row_120_load' <Predicate = (icmp_ln168)> <Delay = 0.00>
ST_61 : Operation 720 [1/1] (0.00ns)   --->   "%P_row_121_load = load i32 %P_row_121"   --->   Operation 720 'load' 'P_row_121_load' <Predicate = (icmp_ln168)> <Delay = 0.00>
ST_61 : Operation 721 [1/1] (0.00ns)   --->   "%P_row_122_load = load i32 %P_row_122"   --->   Operation 721 'load' 'P_row_122_load' <Predicate = (icmp_ln168)> <Delay = 0.00>
ST_61 : Operation 722 [1/1] (0.00ns)   --->   "%P_row_123_load = load i32 %P_row_123"   --->   Operation 722 'load' 'P_row_123_load' <Predicate = (icmp_ln168)> <Delay = 0.00>
ST_61 : Operation 723 [1/1] (0.00ns)   --->   "%P_row_124_load = load i32 %P_row_124"   --->   Operation 723 'load' 'P_row_124_load' <Predicate = (icmp_ln168)> <Delay = 0.00>
ST_61 : Operation 724 [1/1] (0.00ns)   --->   "%P_row_125_load = load i32 %P_row_125"   --->   Operation 724 'load' 'P_row_125_load' <Predicate = (icmp_ln168)> <Delay = 0.00>
ST_61 : Operation 725 [1/1] (0.00ns)   --->   "%P_row_126_load = load i32 %P_row_126"   --->   Operation 725 'load' 'P_row_126_load' <Predicate = (icmp_ln168)> <Delay = 0.00>
ST_61 : Operation 726 [1/1] (0.00ns)   --->   "%P_row_127_load = load i32 %P_row_127"   --->   Operation 726 'load' 'P_row_127_load' <Predicate = (icmp_ln168)> <Delay = 0.00>
ST_61 : Operation 727 [1/1] (0.00ns)   --->   "%write_ln0 = write void @_ssdm_op_Write.ap_auto.floatP0A, i32 %P_row_127_out, i32 %P_row_127_load"   --->   Operation 727 'write' 'write_ln0' <Predicate = (icmp_ln168)> <Delay = 0.00>
ST_61 : Operation 728 [1/1] (0.00ns)   --->   "%write_ln0 = write void @_ssdm_op_Write.ap_auto.floatP0A, i32 %P_row_126_out, i32 %P_row_126_load"   --->   Operation 728 'write' 'write_ln0' <Predicate = (icmp_ln168)> <Delay = 0.00>
ST_61 : Operation 729 [1/1] (0.00ns)   --->   "%write_ln0 = write void @_ssdm_op_Write.ap_auto.floatP0A, i32 %P_row_125_out, i32 %P_row_125_load"   --->   Operation 729 'write' 'write_ln0' <Predicate = (icmp_ln168)> <Delay = 0.00>
ST_61 : Operation 730 [1/1] (0.00ns)   --->   "%write_ln0 = write void @_ssdm_op_Write.ap_auto.floatP0A, i32 %P_row_124_out, i32 %P_row_124_load"   --->   Operation 730 'write' 'write_ln0' <Predicate = (icmp_ln168)> <Delay = 0.00>
ST_61 : Operation 731 [1/1] (0.00ns)   --->   "%write_ln0 = write void @_ssdm_op_Write.ap_auto.floatP0A, i32 %P_row_123_out, i32 %P_row_123_load"   --->   Operation 731 'write' 'write_ln0' <Predicate = (icmp_ln168)> <Delay = 0.00>
ST_61 : Operation 732 [1/1] (0.00ns)   --->   "%write_ln0 = write void @_ssdm_op_Write.ap_auto.floatP0A, i32 %P_row_122_out, i32 %P_row_122_load"   --->   Operation 732 'write' 'write_ln0' <Predicate = (icmp_ln168)> <Delay = 0.00>
ST_61 : Operation 733 [1/1] (0.00ns)   --->   "%write_ln0 = write void @_ssdm_op_Write.ap_auto.floatP0A, i32 %P_row_121_out, i32 %P_row_121_load"   --->   Operation 733 'write' 'write_ln0' <Predicate = (icmp_ln168)> <Delay = 0.00>
ST_61 : Operation 734 [1/1] (0.00ns)   --->   "%write_ln0 = write void @_ssdm_op_Write.ap_auto.floatP0A, i32 %P_row_120_out, i32 %P_row_120_load"   --->   Operation 734 'write' 'write_ln0' <Predicate = (icmp_ln168)> <Delay = 0.00>
ST_61 : Operation 735 [1/1] (0.00ns)   --->   "%write_ln0 = write void @_ssdm_op_Write.ap_auto.floatP0A, i32 %P_row_119_out, i32 %P_row_119_load"   --->   Operation 735 'write' 'write_ln0' <Predicate = (icmp_ln168)> <Delay = 0.00>
ST_61 : Operation 736 [1/1] (0.00ns)   --->   "%write_ln0 = write void @_ssdm_op_Write.ap_auto.floatP0A, i32 %P_row_118_out, i32 %P_row_118_load"   --->   Operation 736 'write' 'write_ln0' <Predicate = (icmp_ln168)> <Delay = 0.00>
ST_61 : Operation 737 [1/1] (0.00ns)   --->   "%write_ln0 = write void @_ssdm_op_Write.ap_auto.floatP0A, i32 %P_row_117_out, i32 %P_row_117_load"   --->   Operation 737 'write' 'write_ln0' <Predicate = (icmp_ln168)> <Delay = 0.00>
ST_61 : Operation 738 [1/1] (0.00ns)   --->   "%write_ln0 = write void @_ssdm_op_Write.ap_auto.floatP0A, i32 %P_row_116_out, i32 %P_row_116_load"   --->   Operation 738 'write' 'write_ln0' <Predicate = (icmp_ln168)> <Delay = 0.00>
ST_61 : Operation 739 [1/1] (0.00ns)   --->   "%write_ln0 = write void @_ssdm_op_Write.ap_auto.floatP0A, i32 %P_row_115_out, i32 %P_row_115_load"   --->   Operation 739 'write' 'write_ln0' <Predicate = (icmp_ln168)> <Delay = 0.00>
ST_61 : Operation 740 [1/1] (0.00ns)   --->   "%write_ln0 = write void @_ssdm_op_Write.ap_auto.floatP0A, i32 %P_row_114_out, i32 %P_row_114_load"   --->   Operation 740 'write' 'write_ln0' <Predicate = (icmp_ln168)> <Delay = 0.00>
ST_61 : Operation 741 [1/1] (0.00ns)   --->   "%write_ln0 = write void @_ssdm_op_Write.ap_auto.floatP0A, i32 %P_row_113_out, i32 %P_row_113_load"   --->   Operation 741 'write' 'write_ln0' <Predicate = (icmp_ln168)> <Delay = 0.00>
ST_61 : Operation 742 [1/1] (0.00ns)   --->   "%write_ln0 = write void @_ssdm_op_Write.ap_auto.floatP0A, i32 %P_row_112_out, i32 %P_row_112_load"   --->   Operation 742 'write' 'write_ln0' <Predicate = (icmp_ln168)> <Delay = 0.00>
ST_61 : Operation 743 [1/1] (0.00ns)   --->   "%write_ln0 = write void @_ssdm_op_Write.ap_auto.floatP0A, i32 %P_row_111_out, i32 %P_row_111_load"   --->   Operation 743 'write' 'write_ln0' <Predicate = (icmp_ln168)> <Delay = 0.00>
ST_61 : Operation 744 [1/1] (0.00ns)   --->   "%write_ln0 = write void @_ssdm_op_Write.ap_auto.floatP0A, i32 %P_row_110_out, i32 %P_row_110_load"   --->   Operation 744 'write' 'write_ln0' <Predicate = (icmp_ln168)> <Delay = 0.00>
ST_61 : Operation 745 [1/1] (0.00ns)   --->   "%write_ln0 = write void @_ssdm_op_Write.ap_auto.floatP0A, i32 %P_row_109_out, i32 %P_row_109_load"   --->   Operation 745 'write' 'write_ln0' <Predicate = (icmp_ln168)> <Delay = 0.00>
ST_61 : Operation 746 [1/1] (0.00ns)   --->   "%write_ln0 = write void @_ssdm_op_Write.ap_auto.floatP0A, i32 %P_row_108_out, i32 %P_row_108_load"   --->   Operation 746 'write' 'write_ln0' <Predicate = (icmp_ln168)> <Delay = 0.00>
ST_61 : Operation 747 [1/1] (0.00ns)   --->   "%write_ln0 = write void @_ssdm_op_Write.ap_auto.floatP0A, i32 %P_row_107_out, i32 %P_row_107_load"   --->   Operation 747 'write' 'write_ln0' <Predicate = (icmp_ln168)> <Delay = 0.00>
ST_61 : Operation 748 [1/1] (0.00ns)   --->   "%write_ln0 = write void @_ssdm_op_Write.ap_auto.floatP0A, i32 %P_row_106_out, i32 %P_row_106_load"   --->   Operation 748 'write' 'write_ln0' <Predicate = (icmp_ln168)> <Delay = 0.00>
ST_61 : Operation 749 [1/1] (0.00ns)   --->   "%write_ln0 = write void @_ssdm_op_Write.ap_auto.floatP0A, i32 %P_row_105_out, i32 %P_row_105_load"   --->   Operation 749 'write' 'write_ln0' <Predicate = (icmp_ln168)> <Delay = 0.00>
ST_61 : Operation 750 [1/1] (0.00ns)   --->   "%write_ln0 = write void @_ssdm_op_Write.ap_auto.floatP0A, i32 %P_row_104_out, i32 %P_row_104_load"   --->   Operation 750 'write' 'write_ln0' <Predicate = (icmp_ln168)> <Delay = 0.00>
ST_61 : Operation 751 [1/1] (0.00ns)   --->   "%write_ln0 = write void @_ssdm_op_Write.ap_auto.floatP0A, i32 %P_row_103_out, i32 %P_row_103_load"   --->   Operation 751 'write' 'write_ln0' <Predicate = (icmp_ln168)> <Delay = 0.00>
ST_61 : Operation 752 [1/1] (0.00ns)   --->   "%write_ln0 = write void @_ssdm_op_Write.ap_auto.floatP0A, i32 %P_row_102_out, i32 %P_row_102_load"   --->   Operation 752 'write' 'write_ln0' <Predicate = (icmp_ln168)> <Delay = 0.00>
ST_61 : Operation 753 [1/1] (0.00ns)   --->   "%write_ln0 = write void @_ssdm_op_Write.ap_auto.floatP0A, i32 %P_row_101_out, i32 %P_row_101_load"   --->   Operation 753 'write' 'write_ln0' <Predicate = (icmp_ln168)> <Delay = 0.00>
ST_61 : Operation 754 [1/1] (0.00ns)   --->   "%write_ln0 = write void @_ssdm_op_Write.ap_auto.floatP0A, i32 %P_row_100_out, i32 %P_row_100_load"   --->   Operation 754 'write' 'write_ln0' <Predicate = (icmp_ln168)> <Delay = 0.00>
ST_61 : Operation 755 [1/1] (0.00ns)   --->   "%write_ln0 = write void @_ssdm_op_Write.ap_auto.floatP0A, i32 %P_row_99_out, i32 %P_row_99_load"   --->   Operation 755 'write' 'write_ln0' <Predicate = (icmp_ln168)> <Delay = 0.00>
ST_61 : Operation 756 [1/1] (0.00ns)   --->   "%write_ln0 = write void @_ssdm_op_Write.ap_auto.floatP0A, i32 %P_row_98_out, i32 %P_row_98_load"   --->   Operation 756 'write' 'write_ln0' <Predicate = (icmp_ln168)> <Delay = 0.00>
ST_61 : Operation 757 [1/1] (0.00ns)   --->   "%write_ln0 = write void @_ssdm_op_Write.ap_auto.floatP0A, i32 %P_row_97_out, i32 %P_row_97_load"   --->   Operation 757 'write' 'write_ln0' <Predicate = (icmp_ln168)> <Delay = 0.00>
ST_61 : Operation 758 [1/1] (0.00ns)   --->   "%write_ln0 = write void @_ssdm_op_Write.ap_auto.floatP0A, i32 %P_row_96_out, i32 %P_row_96_load"   --->   Operation 758 'write' 'write_ln0' <Predicate = (icmp_ln168)> <Delay = 0.00>
ST_61 : Operation 759 [1/1] (0.00ns)   --->   "%write_ln0 = write void @_ssdm_op_Write.ap_auto.floatP0A, i32 %P_row_95_out, i32 %P_row_95_load"   --->   Operation 759 'write' 'write_ln0' <Predicate = (icmp_ln168)> <Delay = 0.00>
ST_61 : Operation 760 [1/1] (0.00ns)   --->   "%write_ln0 = write void @_ssdm_op_Write.ap_auto.floatP0A, i32 %P_row_94_out, i32 %P_row_94_load"   --->   Operation 760 'write' 'write_ln0' <Predicate = (icmp_ln168)> <Delay = 0.00>
ST_61 : Operation 761 [1/1] (0.00ns)   --->   "%write_ln0 = write void @_ssdm_op_Write.ap_auto.floatP0A, i32 %P_row_93_out, i32 %P_row_93_load"   --->   Operation 761 'write' 'write_ln0' <Predicate = (icmp_ln168)> <Delay = 0.00>
ST_61 : Operation 762 [1/1] (0.00ns)   --->   "%write_ln0 = write void @_ssdm_op_Write.ap_auto.floatP0A, i32 %P_row_92_out, i32 %P_row_92_load"   --->   Operation 762 'write' 'write_ln0' <Predicate = (icmp_ln168)> <Delay = 0.00>
ST_61 : Operation 763 [1/1] (0.00ns)   --->   "%write_ln0 = write void @_ssdm_op_Write.ap_auto.floatP0A, i32 %P_row_91_out, i32 %P_row_91_load"   --->   Operation 763 'write' 'write_ln0' <Predicate = (icmp_ln168)> <Delay = 0.00>
ST_61 : Operation 764 [1/1] (0.00ns)   --->   "%write_ln0 = write void @_ssdm_op_Write.ap_auto.floatP0A, i32 %P_row_90_out, i32 %P_row_90_load"   --->   Operation 764 'write' 'write_ln0' <Predicate = (icmp_ln168)> <Delay = 0.00>
ST_61 : Operation 765 [1/1] (0.00ns)   --->   "%write_ln0 = write void @_ssdm_op_Write.ap_auto.floatP0A, i32 %P_row_89_out, i32 %P_row_89_load"   --->   Operation 765 'write' 'write_ln0' <Predicate = (icmp_ln168)> <Delay = 0.00>
ST_61 : Operation 766 [1/1] (0.00ns)   --->   "%write_ln0 = write void @_ssdm_op_Write.ap_auto.floatP0A, i32 %P_row_88_out, i32 %P_row_88_load"   --->   Operation 766 'write' 'write_ln0' <Predicate = (icmp_ln168)> <Delay = 0.00>
ST_61 : Operation 767 [1/1] (0.00ns)   --->   "%write_ln0 = write void @_ssdm_op_Write.ap_auto.floatP0A, i32 %P_row_87_out, i32 %P_row_87_load"   --->   Operation 767 'write' 'write_ln0' <Predicate = (icmp_ln168)> <Delay = 0.00>
ST_61 : Operation 768 [1/1] (0.00ns)   --->   "%write_ln0 = write void @_ssdm_op_Write.ap_auto.floatP0A, i32 %P_row_86_out, i32 %P_row_86_load"   --->   Operation 768 'write' 'write_ln0' <Predicate = (icmp_ln168)> <Delay = 0.00>
ST_61 : Operation 769 [1/1] (0.00ns)   --->   "%write_ln0 = write void @_ssdm_op_Write.ap_auto.floatP0A, i32 %P_row_85_out, i32 %P_row_85_load"   --->   Operation 769 'write' 'write_ln0' <Predicate = (icmp_ln168)> <Delay = 0.00>
ST_61 : Operation 770 [1/1] (0.00ns)   --->   "%write_ln0 = write void @_ssdm_op_Write.ap_auto.floatP0A, i32 %P_row_84_out, i32 %P_row_84_load"   --->   Operation 770 'write' 'write_ln0' <Predicate = (icmp_ln168)> <Delay = 0.00>
ST_61 : Operation 771 [1/1] (0.00ns)   --->   "%write_ln0 = write void @_ssdm_op_Write.ap_auto.floatP0A, i32 %P_row_83_out, i32 %P_row_83_load"   --->   Operation 771 'write' 'write_ln0' <Predicate = (icmp_ln168)> <Delay = 0.00>
ST_61 : Operation 772 [1/1] (0.00ns)   --->   "%write_ln0 = write void @_ssdm_op_Write.ap_auto.floatP0A, i32 %P_row_82_out, i32 %P_row_82_load"   --->   Operation 772 'write' 'write_ln0' <Predicate = (icmp_ln168)> <Delay = 0.00>
ST_61 : Operation 773 [1/1] (0.00ns)   --->   "%write_ln0 = write void @_ssdm_op_Write.ap_auto.floatP0A, i32 %P_row_81_out, i32 %P_row_81_load"   --->   Operation 773 'write' 'write_ln0' <Predicate = (icmp_ln168)> <Delay = 0.00>
ST_61 : Operation 774 [1/1] (0.00ns)   --->   "%write_ln0 = write void @_ssdm_op_Write.ap_auto.floatP0A, i32 %P_row_80_out, i32 %P_row_80_load"   --->   Operation 774 'write' 'write_ln0' <Predicate = (icmp_ln168)> <Delay = 0.00>
ST_61 : Operation 775 [1/1] (0.00ns)   --->   "%write_ln0 = write void @_ssdm_op_Write.ap_auto.floatP0A, i32 %P_row_79_out, i32 %P_row_79_load"   --->   Operation 775 'write' 'write_ln0' <Predicate = (icmp_ln168)> <Delay = 0.00>
ST_61 : Operation 776 [1/1] (0.00ns)   --->   "%write_ln0 = write void @_ssdm_op_Write.ap_auto.floatP0A, i32 %P_row_78_out, i32 %P_row_78_load"   --->   Operation 776 'write' 'write_ln0' <Predicate = (icmp_ln168)> <Delay = 0.00>
ST_61 : Operation 777 [1/1] (0.00ns)   --->   "%write_ln0 = write void @_ssdm_op_Write.ap_auto.floatP0A, i32 %P_row_77_out, i32 %P_row_77_load"   --->   Operation 777 'write' 'write_ln0' <Predicate = (icmp_ln168)> <Delay = 0.00>
ST_61 : Operation 778 [1/1] (0.00ns)   --->   "%write_ln0 = write void @_ssdm_op_Write.ap_auto.floatP0A, i32 %P_row_76_out, i32 %P_row_76_load"   --->   Operation 778 'write' 'write_ln0' <Predicate = (icmp_ln168)> <Delay = 0.00>
ST_61 : Operation 779 [1/1] (0.00ns)   --->   "%write_ln0 = write void @_ssdm_op_Write.ap_auto.floatP0A, i32 %P_row_75_out, i32 %P_row_75_load"   --->   Operation 779 'write' 'write_ln0' <Predicate = (icmp_ln168)> <Delay = 0.00>
ST_61 : Operation 780 [1/1] (0.00ns)   --->   "%write_ln0 = write void @_ssdm_op_Write.ap_auto.floatP0A, i32 %P_row_74_out, i32 %P_row_74_load"   --->   Operation 780 'write' 'write_ln0' <Predicate = (icmp_ln168)> <Delay = 0.00>
ST_61 : Operation 781 [1/1] (0.00ns)   --->   "%write_ln0 = write void @_ssdm_op_Write.ap_auto.floatP0A, i32 %P_row_73_out, i32 %P_row_73_load"   --->   Operation 781 'write' 'write_ln0' <Predicate = (icmp_ln168)> <Delay = 0.00>
ST_61 : Operation 782 [1/1] (0.00ns)   --->   "%write_ln0 = write void @_ssdm_op_Write.ap_auto.floatP0A, i32 %P_row_72_out, i32 %P_row_72_load"   --->   Operation 782 'write' 'write_ln0' <Predicate = (icmp_ln168)> <Delay = 0.00>
ST_61 : Operation 783 [1/1] (0.00ns)   --->   "%write_ln0 = write void @_ssdm_op_Write.ap_auto.floatP0A, i32 %P_row_71_out, i32 %P_row_71_load"   --->   Operation 783 'write' 'write_ln0' <Predicate = (icmp_ln168)> <Delay = 0.00>
ST_61 : Operation 784 [1/1] (0.00ns)   --->   "%write_ln0 = write void @_ssdm_op_Write.ap_auto.floatP0A, i32 %P_row_70_out, i32 %P_row_70_load"   --->   Operation 784 'write' 'write_ln0' <Predicate = (icmp_ln168)> <Delay = 0.00>
ST_61 : Operation 785 [1/1] (0.00ns)   --->   "%write_ln0 = write void @_ssdm_op_Write.ap_auto.floatP0A, i32 %P_row_69_out, i32 %P_row_69_load"   --->   Operation 785 'write' 'write_ln0' <Predicate = (icmp_ln168)> <Delay = 0.00>
ST_61 : Operation 786 [1/1] (0.00ns)   --->   "%write_ln0 = write void @_ssdm_op_Write.ap_auto.floatP0A, i32 %P_row_68_out, i32 %P_row_68_load"   --->   Operation 786 'write' 'write_ln0' <Predicate = (icmp_ln168)> <Delay = 0.00>
ST_61 : Operation 787 [1/1] (0.00ns)   --->   "%write_ln0 = write void @_ssdm_op_Write.ap_auto.floatP0A, i32 %P_row_67_out, i32 %P_row_67_load"   --->   Operation 787 'write' 'write_ln0' <Predicate = (icmp_ln168)> <Delay = 0.00>
ST_61 : Operation 788 [1/1] (0.00ns)   --->   "%write_ln0 = write void @_ssdm_op_Write.ap_auto.floatP0A, i32 %P_row_66_out, i32 %P_row_66_load"   --->   Operation 788 'write' 'write_ln0' <Predicate = (icmp_ln168)> <Delay = 0.00>
ST_61 : Operation 789 [1/1] (0.00ns)   --->   "%write_ln0 = write void @_ssdm_op_Write.ap_auto.floatP0A, i32 %P_row_65_out, i32 %P_row_65_load"   --->   Operation 789 'write' 'write_ln0' <Predicate = (icmp_ln168)> <Delay = 0.00>
ST_61 : Operation 790 [1/1] (0.00ns)   --->   "%write_ln0 = write void @_ssdm_op_Write.ap_auto.floatP0A, i32 %P_row_64_out, i32 %P_row_64_load"   --->   Operation 790 'write' 'write_ln0' <Predicate = (icmp_ln168)> <Delay = 0.00>
ST_61 : Operation 791 [1/1] (0.00ns)   --->   "%write_ln0 = write void @_ssdm_op_Write.ap_auto.floatP0A, i32 %P_row_63_out, i32 %P_row_63_load"   --->   Operation 791 'write' 'write_ln0' <Predicate = (icmp_ln168)> <Delay = 0.00>
ST_61 : Operation 792 [1/1] (0.00ns)   --->   "%write_ln0 = write void @_ssdm_op_Write.ap_auto.floatP0A, i32 %P_row_62_out, i32 %P_row_62_load"   --->   Operation 792 'write' 'write_ln0' <Predicate = (icmp_ln168)> <Delay = 0.00>
ST_61 : Operation 793 [1/1] (0.00ns)   --->   "%write_ln0 = write void @_ssdm_op_Write.ap_auto.floatP0A, i32 %P_row_61_out, i32 %P_row_61_load"   --->   Operation 793 'write' 'write_ln0' <Predicate = (icmp_ln168)> <Delay = 0.00>
ST_61 : Operation 794 [1/1] (0.00ns)   --->   "%write_ln0 = write void @_ssdm_op_Write.ap_auto.floatP0A, i32 %P_row_60_out, i32 %P_row_60_load"   --->   Operation 794 'write' 'write_ln0' <Predicate = (icmp_ln168)> <Delay = 0.00>
ST_61 : Operation 795 [1/1] (0.00ns)   --->   "%write_ln0 = write void @_ssdm_op_Write.ap_auto.floatP0A, i32 %P_row_59_out, i32 %P_row_59_load"   --->   Operation 795 'write' 'write_ln0' <Predicate = (icmp_ln168)> <Delay = 0.00>
ST_61 : Operation 796 [1/1] (0.00ns)   --->   "%write_ln0 = write void @_ssdm_op_Write.ap_auto.floatP0A, i32 %P_row_58_out, i32 %P_row_58_load"   --->   Operation 796 'write' 'write_ln0' <Predicate = (icmp_ln168)> <Delay = 0.00>
ST_61 : Operation 797 [1/1] (0.00ns)   --->   "%write_ln0 = write void @_ssdm_op_Write.ap_auto.floatP0A, i32 %P_row_57_out, i32 %P_row_57_load"   --->   Operation 797 'write' 'write_ln0' <Predicate = (icmp_ln168)> <Delay = 0.00>
ST_61 : Operation 798 [1/1] (0.00ns)   --->   "%write_ln0 = write void @_ssdm_op_Write.ap_auto.floatP0A, i32 %P_row_56_out, i32 %P_row_56_load"   --->   Operation 798 'write' 'write_ln0' <Predicate = (icmp_ln168)> <Delay = 0.00>
ST_61 : Operation 799 [1/1] (0.00ns)   --->   "%write_ln0 = write void @_ssdm_op_Write.ap_auto.floatP0A, i32 %P_row_55_out, i32 %P_row_55_load"   --->   Operation 799 'write' 'write_ln0' <Predicate = (icmp_ln168)> <Delay = 0.00>
ST_61 : Operation 800 [1/1] (0.00ns)   --->   "%write_ln0 = write void @_ssdm_op_Write.ap_auto.floatP0A, i32 %P_row_54_out, i32 %P_row_54_load"   --->   Operation 800 'write' 'write_ln0' <Predicate = (icmp_ln168)> <Delay = 0.00>
ST_61 : Operation 801 [1/1] (0.00ns)   --->   "%write_ln0 = write void @_ssdm_op_Write.ap_auto.floatP0A, i32 %P_row_53_out, i32 %P_row_53_load"   --->   Operation 801 'write' 'write_ln0' <Predicate = (icmp_ln168)> <Delay = 0.00>
ST_61 : Operation 802 [1/1] (0.00ns)   --->   "%write_ln0 = write void @_ssdm_op_Write.ap_auto.floatP0A, i32 %P_row_52_out, i32 %P_row_52_load"   --->   Operation 802 'write' 'write_ln0' <Predicate = (icmp_ln168)> <Delay = 0.00>
ST_61 : Operation 803 [1/1] (0.00ns)   --->   "%write_ln0 = write void @_ssdm_op_Write.ap_auto.floatP0A, i32 %P_row_51_out, i32 %P_row_51_load"   --->   Operation 803 'write' 'write_ln0' <Predicate = (icmp_ln168)> <Delay = 0.00>
ST_61 : Operation 804 [1/1] (0.00ns)   --->   "%write_ln0 = write void @_ssdm_op_Write.ap_auto.floatP0A, i32 %P_row_50_out, i32 %P_row_50_load"   --->   Operation 804 'write' 'write_ln0' <Predicate = (icmp_ln168)> <Delay = 0.00>
ST_61 : Operation 805 [1/1] (0.00ns)   --->   "%write_ln0 = write void @_ssdm_op_Write.ap_auto.floatP0A, i32 %P_row_49_out, i32 %P_row_49_load"   --->   Operation 805 'write' 'write_ln0' <Predicate = (icmp_ln168)> <Delay = 0.00>
ST_61 : Operation 806 [1/1] (0.00ns)   --->   "%write_ln0 = write void @_ssdm_op_Write.ap_auto.floatP0A, i32 %P_row_48_out, i32 %P_row_48_load"   --->   Operation 806 'write' 'write_ln0' <Predicate = (icmp_ln168)> <Delay = 0.00>
ST_61 : Operation 807 [1/1] (0.00ns)   --->   "%write_ln0 = write void @_ssdm_op_Write.ap_auto.floatP0A, i32 %P_row_47_out, i32 %P_row_47_load"   --->   Operation 807 'write' 'write_ln0' <Predicate = (icmp_ln168)> <Delay = 0.00>
ST_61 : Operation 808 [1/1] (0.00ns)   --->   "%write_ln0 = write void @_ssdm_op_Write.ap_auto.floatP0A, i32 %P_row_46_out, i32 %P_row_46_load"   --->   Operation 808 'write' 'write_ln0' <Predicate = (icmp_ln168)> <Delay = 0.00>
ST_61 : Operation 809 [1/1] (0.00ns)   --->   "%write_ln0 = write void @_ssdm_op_Write.ap_auto.floatP0A, i32 %P_row_45_out, i32 %P_row_45_load"   --->   Operation 809 'write' 'write_ln0' <Predicate = (icmp_ln168)> <Delay = 0.00>
ST_61 : Operation 810 [1/1] (0.00ns)   --->   "%write_ln0 = write void @_ssdm_op_Write.ap_auto.floatP0A, i32 %P_row_44_out, i32 %P_row_44_load"   --->   Operation 810 'write' 'write_ln0' <Predicate = (icmp_ln168)> <Delay = 0.00>
ST_61 : Operation 811 [1/1] (0.00ns)   --->   "%write_ln0 = write void @_ssdm_op_Write.ap_auto.floatP0A, i32 %P_row_43_out, i32 %P_row_43_load"   --->   Operation 811 'write' 'write_ln0' <Predicate = (icmp_ln168)> <Delay = 0.00>
ST_61 : Operation 812 [1/1] (0.00ns)   --->   "%write_ln0 = write void @_ssdm_op_Write.ap_auto.floatP0A, i32 %P_row_42_out, i32 %P_row_42_load"   --->   Operation 812 'write' 'write_ln0' <Predicate = (icmp_ln168)> <Delay = 0.00>
ST_61 : Operation 813 [1/1] (0.00ns)   --->   "%write_ln0 = write void @_ssdm_op_Write.ap_auto.floatP0A, i32 %P_row_41_out, i32 %P_row_41_load"   --->   Operation 813 'write' 'write_ln0' <Predicate = (icmp_ln168)> <Delay = 0.00>
ST_61 : Operation 814 [1/1] (0.00ns)   --->   "%write_ln0 = write void @_ssdm_op_Write.ap_auto.floatP0A, i32 %P_row_40_out, i32 %P_row_40_load"   --->   Operation 814 'write' 'write_ln0' <Predicate = (icmp_ln168)> <Delay = 0.00>
ST_61 : Operation 815 [1/1] (0.00ns)   --->   "%write_ln0 = write void @_ssdm_op_Write.ap_auto.floatP0A, i32 %P_row_39_out, i32 %P_row_39_load"   --->   Operation 815 'write' 'write_ln0' <Predicate = (icmp_ln168)> <Delay = 0.00>
ST_61 : Operation 816 [1/1] (0.00ns)   --->   "%write_ln0 = write void @_ssdm_op_Write.ap_auto.floatP0A, i32 %P_row_38_out, i32 %P_row_38_load"   --->   Operation 816 'write' 'write_ln0' <Predicate = (icmp_ln168)> <Delay = 0.00>
ST_61 : Operation 817 [1/1] (0.00ns)   --->   "%write_ln0 = write void @_ssdm_op_Write.ap_auto.floatP0A, i32 %P_row_37_out, i32 %P_row_37_load"   --->   Operation 817 'write' 'write_ln0' <Predicate = (icmp_ln168)> <Delay = 0.00>
ST_61 : Operation 818 [1/1] (0.00ns)   --->   "%write_ln0 = write void @_ssdm_op_Write.ap_auto.floatP0A, i32 %P_row_36_out, i32 %P_row_36_load"   --->   Operation 818 'write' 'write_ln0' <Predicate = (icmp_ln168)> <Delay = 0.00>
ST_61 : Operation 819 [1/1] (0.00ns)   --->   "%write_ln0 = write void @_ssdm_op_Write.ap_auto.floatP0A, i32 %P_row_35_out, i32 %P_row_35_load"   --->   Operation 819 'write' 'write_ln0' <Predicate = (icmp_ln168)> <Delay = 0.00>
ST_61 : Operation 820 [1/1] (0.00ns)   --->   "%write_ln0 = write void @_ssdm_op_Write.ap_auto.floatP0A, i32 %P_row_34_out, i32 %P_row_34_load"   --->   Operation 820 'write' 'write_ln0' <Predicate = (icmp_ln168)> <Delay = 0.00>
ST_61 : Operation 821 [1/1] (0.00ns)   --->   "%write_ln0 = write void @_ssdm_op_Write.ap_auto.floatP0A, i32 %P_row_33_out, i32 %P_row_33_load"   --->   Operation 821 'write' 'write_ln0' <Predicate = (icmp_ln168)> <Delay = 0.00>
ST_61 : Operation 822 [1/1] (0.00ns)   --->   "%write_ln0 = write void @_ssdm_op_Write.ap_auto.floatP0A, i32 %P_row_32_out, i32 %P_row_32_load"   --->   Operation 822 'write' 'write_ln0' <Predicate = (icmp_ln168)> <Delay = 0.00>
ST_61 : Operation 823 [1/1] (0.00ns)   --->   "%write_ln0 = write void @_ssdm_op_Write.ap_auto.floatP0A, i32 %P_row_31_out, i32 %P_row_31_load"   --->   Operation 823 'write' 'write_ln0' <Predicate = (icmp_ln168)> <Delay = 0.00>
ST_61 : Operation 824 [1/1] (0.00ns)   --->   "%write_ln0 = write void @_ssdm_op_Write.ap_auto.floatP0A, i32 %P_row_30_out, i32 %P_row_30_load"   --->   Operation 824 'write' 'write_ln0' <Predicate = (icmp_ln168)> <Delay = 0.00>
ST_61 : Operation 825 [1/1] (0.00ns)   --->   "%write_ln0 = write void @_ssdm_op_Write.ap_auto.floatP0A, i32 %P_row_29_out, i32 %P_row_29_load"   --->   Operation 825 'write' 'write_ln0' <Predicate = (icmp_ln168)> <Delay = 0.00>
ST_61 : Operation 826 [1/1] (0.00ns)   --->   "%write_ln0 = write void @_ssdm_op_Write.ap_auto.floatP0A, i32 %P_row_28_out, i32 %P_row_28_load"   --->   Operation 826 'write' 'write_ln0' <Predicate = (icmp_ln168)> <Delay = 0.00>
ST_61 : Operation 827 [1/1] (0.00ns)   --->   "%write_ln0 = write void @_ssdm_op_Write.ap_auto.floatP0A, i32 %P_row_27_out, i32 %P_row_27_load"   --->   Operation 827 'write' 'write_ln0' <Predicate = (icmp_ln168)> <Delay = 0.00>
ST_61 : Operation 828 [1/1] (0.00ns)   --->   "%write_ln0 = write void @_ssdm_op_Write.ap_auto.floatP0A, i32 %P_row_26_out, i32 %P_row_26_load"   --->   Operation 828 'write' 'write_ln0' <Predicate = (icmp_ln168)> <Delay = 0.00>
ST_61 : Operation 829 [1/1] (0.00ns)   --->   "%write_ln0 = write void @_ssdm_op_Write.ap_auto.floatP0A, i32 %P_row_25_out, i32 %P_row_25_load"   --->   Operation 829 'write' 'write_ln0' <Predicate = (icmp_ln168)> <Delay = 0.00>
ST_61 : Operation 830 [1/1] (0.00ns)   --->   "%write_ln0 = write void @_ssdm_op_Write.ap_auto.floatP0A, i32 %P_row_24_out, i32 %P_row_24_load"   --->   Operation 830 'write' 'write_ln0' <Predicate = (icmp_ln168)> <Delay = 0.00>
ST_61 : Operation 831 [1/1] (0.00ns)   --->   "%write_ln0 = write void @_ssdm_op_Write.ap_auto.floatP0A, i32 %P_row_23_out, i32 %P_row_23_load"   --->   Operation 831 'write' 'write_ln0' <Predicate = (icmp_ln168)> <Delay = 0.00>
ST_61 : Operation 832 [1/1] (0.00ns)   --->   "%write_ln0 = write void @_ssdm_op_Write.ap_auto.floatP0A, i32 %P_row_22_out, i32 %P_row_22_load"   --->   Operation 832 'write' 'write_ln0' <Predicate = (icmp_ln168)> <Delay = 0.00>
ST_61 : Operation 833 [1/1] (0.00ns)   --->   "%write_ln0 = write void @_ssdm_op_Write.ap_auto.floatP0A, i32 %P_row_21_out, i32 %P_row_21_load"   --->   Operation 833 'write' 'write_ln0' <Predicate = (icmp_ln168)> <Delay = 0.00>
ST_61 : Operation 834 [1/1] (0.00ns)   --->   "%write_ln0 = write void @_ssdm_op_Write.ap_auto.floatP0A, i32 %P_row_20_out, i32 %P_row_20_load"   --->   Operation 834 'write' 'write_ln0' <Predicate = (icmp_ln168)> <Delay = 0.00>
ST_61 : Operation 835 [1/1] (0.00ns)   --->   "%write_ln0 = write void @_ssdm_op_Write.ap_auto.floatP0A, i32 %P_row_19_out, i32 %P_row_19_load"   --->   Operation 835 'write' 'write_ln0' <Predicate = (icmp_ln168)> <Delay = 0.00>
ST_61 : Operation 836 [1/1] (0.00ns)   --->   "%write_ln0 = write void @_ssdm_op_Write.ap_auto.floatP0A, i32 %P_row_18_out, i32 %P_row_18_load"   --->   Operation 836 'write' 'write_ln0' <Predicate = (icmp_ln168)> <Delay = 0.00>
ST_61 : Operation 837 [1/1] (0.00ns)   --->   "%write_ln0 = write void @_ssdm_op_Write.ap_auto.floatP0A, i32 %P_row_17_out, i32 %P_row_17_load"   --->   Operation 837 'write' 'write_ln0' <Predicate = (icmp_ln168)> <Delay = 0.00>
ST_61 : Operation 838 [1/1] (0.00ns)   --->   "%write_ln0 = write void @_ssdm_op_Write.ap_auto.floatP0A, i32 %P_row_16_out, i32 %P_row_16_load"   --->   Operation 838 'write' 'write_ln0' <Predicate = (icmp_ln168)> <Delay = 0.00>
ST_61 : Operation 839 [1/1] (0.00ns)   --->   "%write_ln0 = write void @_ssdm_op_Write.ap_auto.floatP0A, i32 %P_row_15_out, i32 %P_row_15_load"   --->   Operation 839 'write' 'write_ln0' <Predicate = (icmp_ln168)> <Delay = 0.00>
ST_61 : Operation 840 [1/1] (0.00ns)   --->   "%write_ln0 = write void @_ssdm_op_Write.ap_auto.floatP0A, i32 %P_row_14_out, i32 %P_row_14_load"   --->   Operation 840 'write' 'write_ln0' <Predicate = (icmp_ln168)> <Delay = 0.00>
ST_61 : Operation 841 [1/1] (0.00ns)   --->   "%write_ln0 = write void @_ssdm_op_Write.ap_auto.floatP0A, i32 %P_row_13_out, i32 %P_row_13_load"   --->   Operation 841 'write' 'write_ln0' <Predicate = (icmp_ln168)> <Delay = 0.00>
ST_61 : Operation 842 [1/1] (0.00ns)   --->   "%write_ln0 = write void @_ssdm_op_Write.ap_auto.floatP0A, i32 %P_row_12_out, i32 %P_row_12_load"   --->   Operation 842 'write' 'write_ln0' <Predicate = (icmp_ln168)> <Delay = 0.00>
ST_61 : Operation 843 [1/1] (0.00ns)   --->   "%write_ln0 = write void @_ssdm_op_Write.ap_auto.floatP0A, i32 %P_row_11_out, i32 %P_row_11_load"   --->   Operation 843 'write' 'write_ln0' <Predicate = (icmp_ln168)> <Delay = 0.00>
ST_61 : Operation 844 [1/1] (0.00ns)   --->   "%write_ln0 = write void @_ssdm_op_Write.ap_auto.floatP0A, i32 %P_row_10_out, i32 %P_row_10_load"   --->   Operation 844 'write' 'write_ln0' <Predicate = (icmp_ln168)> <Delay = 0.00>
ST_61 : Operation 845 [1/1] (0.00ns)   --->   "%write_ln0 = write void @_ssdm_op_Write.ap_auto.floatP0A, i32 %P_row_9_out, i32 %P_row_9_load"   --->   Operation 845 'write' 'write_ln0' <Predicate = (icmp_ln168)> <Delay = 0.00>
ST_61 : Operation 846 [1/1] (0.00ns)   --->   "%write_ln0 = write void @_ssdm_op_Write.ap_auto.floatP0A, i32 %P_row_8_out, i32 %P_row_8_load"   --->   Operation 846 'write' 'write_ln0' <Predicate = (icmp_ln168)> <Delay = 0.00>
ST_61 : Operation 847 [1/1] (0.00ns)   --->   "%write_ln0 = write void @_ssdm_op_Write.ap_auto.floatP0A, i32 %P_row_7_out, i32 %P_row_7_load"   --->   Operation 847 'write' 'write_ln0' <Predicate = (icmp_ln168)> <Delay = 0.00>
ST_61 : Operation 848 [1/1] (0.00ns)   --->   "%write_ln0 = write void @_ssdm_op_Write.ap_auto.floatP0A, i32 %P_row_6_out, i32 %P_row_6_load"   --->   Operation 848 'write' 'write_ln0' <Predicate = (icmp_ln168)> <Delay = 0.00>
ST_61 : Operation 849 [1/1] (0.00ns)   --->   "%write_ln0 = write void @_ssdm_op_Write.ap_auto.floatP0A, i32 %P_row_5_out, i32 %P_row_5_load"   --->   Operation 849 'write' 'write_ln0' <Predicate = (icmp_ln168)> <Delay = 0.00>
ST_61 : Operation 850 [1/1] (0.00ns)   --->   "%write_ln0 = write void @_ssdm_op_Write.ap_auto.floatP0A, i32 %P_row_4_out, i32 %P_row_4_load"   --->   Operation 850 'write' 'write_ln0' <Predicate = (icmp_ln168)> <Delay = 0.00>
ST_61 : Operation 851 [1/1] (0.00ns)   --->   "%write_ln0 = write void @_ssdm_op_Write.ap_auto.floatP0A, i32 %P_row_3_out, i32 %P_row_3_load"   --->   Operation 851 'write' 'write_ln0' <Predicate = (icmp_ln168)> <Delay = 0.00>
ST_61 : Operation 852 [1/1] (0.00ns)   --->   "%write_ln0 = write void @_ssdm_op_Write.ap_auto.floatP0A, i32 %P_row_2_out, i32 %P_row_2_load"   --->   Operation 852 'write' 'write_ln0' <Predicate = (icmp_ln168)> <Delay = 0.00>
ST_61 : Operation 853 [1/1] (0.00ns)   --->   "%write_ln0 = write void @_ssdm_op_Write.ap_auto.floatP0A, i32 %P_row_1_out, i32 %P_row_1_load"   --->   Operation 853 'write' 'write_ln0' <Predicate = (icmp_ln168)> <Delay = 0.00>
ST_61 : Operation 854 [1/1] (0.00ns)   --->   "%write_ln0 = write void @_ssdm_op_Write.ap_auto.floatP0A, i32 %P_row_out, i32 %P_row_load"   --->   Operation 854 'write' 'write_ln0' <Predicate = (icmp_ln168)> <Delay = 0.00>
ST_61 : Operation 855 [1/1] (0.00ns)   --->   "%ret_ln0 = ret"   --->   Operation 855 'ret' 'ret_ln0' <Predicate = (icmp_ln168)> <Delay = 0.00>

State 62 <SV = 61> <Delay = 1.61>
ST_62 : Operation 341 [1/1] (1.61ns)   --->   "%br_ln0 = br void %for.inc213"   --->   Operation 341 'br' 'br_ln0' <Predicate = (!icmp_ln168 & !and_ln32)> <Delay = 1.61>
ST_62 : Operation 342 [1/1] (0.00ns)   --->   "%P_row_128 = phi i32 %add15_i, void %if.end.i, i32 0, void %for.body204.split" [attention_int8.cpp:53]   --->   Operation 342 'phi' 'P_row_128' <Predicate = true> <Delay = 0.00>
ST_62 : Operation 343 [1/1] (0.00ns)   --->   "%store_ln170 = store i32 %P_row_128, i32 %P_row_126" [attention_int8.cpp:170]   --->   Operation 343 'store' 'store_ln170' <Predicate = (trunc_ln168 == 126)> <Delay = 0.00>
ST_62 : Operation 344 [1/1] (0.00ns)   --->   "%br_ln170 = br void %arrayidx212.exit" [attention_int8.cpp:170]   --->   Operation 344 'br' 'br_ln170' <Predicate = (trunc_ln168 == 126)> <Delay = 0.00>
ST_62 : Operation 345 [1/1] (0.00ns)   --->   "%store_ln170 = store i32 %P_row_128, i32 %P_row_125" [attention_int8.cpp:170]   --->   Operation 345 'store' 'store_ln170' <Predicate = (trunc_ln168 == 125)> <Delay = 0.00>
ST_62 : Operation 346 [1/1] (0.00ns)   --->   "%br_ln170 = br void %arrayidx212.exit" [attention_int8.cpp:170]   --->   Operation 346 'br' 'br_ln170' <Predicate = (trunc_ln168 == 125)> <Delay = 0.00>
ST_62 : Operation 347 [1/1] (0.00ns)   --->   "%store_ln170 = store i32 %P_row_128, i32 %P_row_124" [attention_int8.cpp:170]   --->   Operation 347 'store' 'store_ln170' <Predicate = (trunc_ln168 == 124)> <Delay = 0.00>
ST_62 : Operation 348 [1/1] (0.00ns)   --->   "%br_ln170 = br void %arrayidx212.exit" [attention_int8.cpp:170]   --->   Operation 348 'br' 'br_ln170' <Predicate = (trunc_ln168 == 124)> <Delay = 0.00>
ST_62 : Operation 349 [1/1] (0.00ns)   --->   "%store_ln170 = store i32 %P_row_128, i32 %P_row_123" [attention_int8.cpp:170]   --->   Operation 349 'store' 'store_ln170' <Predicate = (trunc_ln168 == 123)> <Delay = 0.00>
ST_62 : Operation 350 [1/1] (0.00ns)   --->   "%br_ln170 = br void %arrayidx212.exit" [attention_int8.cpp:170]   --->   Operation 350 'br' 'br_ln170' <Predicate = (trunc_ln168 == 123)> <Delay = 0.00>
ST_62 : Operation 351 [1/1] (0.00ns)   --->   "%store_ln170 = store i32 %P_row_128, i32 %P_row_122" [attention_int8.cpp:170]   --->   Operation 351 'store' 'store_ln170' <Predicate = (trunc_ln168 == 122)> <Delay = 0.00>
ST_62 : Operation 352 [1/1] (0.00ns)   --->   "%br_ln170 = br void %arrayidx212.exit" [attention_int8.cpp:170]   --->   Operation 352 'br' 'br_ln170' <Predicate = (trunc_ln168 == 122)> <Delay = 0.00>
ST_62 : Operation 353 [1/1] (0.00ns)   --->   "%store_ln170 = store i32 %P_row_128, i32 %P_row_121" [attention_int8.cpp:170]   --->   Operation 353 'store' 'store_ln170' <Predicate = (trunc_ln168 == 121)> <Delay = 0.00>
ST_62 : Operation 354 [1/1] (0.00ns)   --->   "%br_ln170 = br void %arrayidx212.exit" [attention_int8.cpp:170]   --->   Operation 354 'br' 'br_ln170' <Predicate = (trunc_ln168 == 121)> <Delay = 0.00>
ST_62 : Operation 355 [1/1] (0.00ns)   --->   "%store_ln170 = store i32 %P_row_128, i32 %P_row_120" [attention_int8.cpp:170]   --->   Operation 355 'store' 'store_ln170' <Predicate = (trunc_ln168 == 120)> <Delay = 0.00>
ST_62 : Operation 356 [1/1] (0.00ns)   --->   "%br_ln170 = br void %arrayidx212.exit" [attention_int8.cpp:170]   --->   Operation 356 'br' 'br_ln170' <Predicate = (trunc_ln168 == 120)> <Delay = 0.00>
ST_62 : Operation 357 [1/1] (0.00ns)   --->   "%store_ln170 = store i32 %P_row_128, i32 %P_row_119" [attention_int8.cpp:170]   --->   Operation 357 'store' 'store_ln170' <Predicate = (trunc_ln168 == 119)> <Delay = 0.00>
ST_62 : Operation 358 [1/1] (0.00ns)   --->   "%br_ln170 = br void %arrayidx212.exit" [attention_int8.cpp:170]   --->   Operation 358 'br' 'br_ln170' <Predicate = (trunc_ln168 == 119)> <Delay = 0.00>
ST_62 : Operation 359 [1/1] (0.00ns)   --->   "%store_ln170 = store i32 %P_row_128, i32 %P_row_118" [attention_int8.cpp:170]   --->   Operation 359 'store' 'store_ln170' <Predicate = (trunc_ln168 == 118)> <Delay = 0.00>
ST_62 : Operation 360 [1/1] (0.00ns)   --->   "%br_ln170 = br void %arrayidx212.exit" [attention_int8.cpp:170]   --->   Operation 360 'br' 'br_ln170' <Predicate = (trunc_ln168 == 118)> <Delay = 0.00>
ST_62 : Operation 361 [1/1] (0.00ns)   --->   "%store_ln170 = store i32 %P_row_128, i32 %P_row_117" [attention_int8.cpp:170]   --->   Operation 361 'store' 'store_ln170' <Predicate = (trunc_ln168 == 117)> <Delay = 0.00>
ST_62 : Operation 362 [1/1] (0.00ns)   --->   "%br_ln170 = br void %arrayidx212.exit" [attention_int8.cpp:170]   --->   Operation 362 'br' 'br_ln170' <Predicate = (trunc_ln168 == 117)> <Delay = 0.00>
ST_62 : Operation 363 [1/1] (0.00ns)   --->   "%store_ln170 = store i32 %P_row_128, i32 %P_row_116" [attention_int8.cpp:170]   --->   Operation 363 'store' 'store_ln170' <Predicate = (trunc_ln168 == 116)> <Delay = 0.00>
ST_62 : Operation 364 [1/1] (0.00ns)   --->   "%br_ln170 = br void %arrayidx212.exit" [attention_int8.cpp:170]   --->   Operation 364 'br' 'br_ln170' <Predicate = (trunc_ln168 == 116)> <Delay = 0.00>
ST_62 : Operation 365 [1/1] (0.00ns)   --->   "%store_ln170 = store i32 %P_row_128, i32 %P_row_115" [attention_int8.cpp:170]   --->   Operation 365 'store' 'store_ln170' <Predicate = (trunc_ln168 == 115)> <Delay = 0.00>
ST_62 : Operation 366 [1/1] (0.00ns)   --->   "%br_ln170 = br void %arrayidx212.exit" [attention_int8.cpp:170]   --->   Operation 366 'br' 'br_ln170' <Predicate = (trunc_ln168 == 115)> <Delay = 0.00>
ST_62 : Operation 367 [1/1] (0.00ns)   --->   "%store_ln170 = store i32 %P_row_128, i32 %P_row_114" [attention_int8.cpp:170]   --->   Operation 367 'store' 'store_ln170' <Predicate = (trunc_ln168 == 114)> <Delay = 0.00>
ST_62 : Operation 368 [1/1] (0.00ns)   --->   "%br_ln170 = br void %arrayidx212.exit" [attention_int8.cpp:170]   --->   Operation 368 'br' 'br_ln170' <Predicate = (trunc_ln168 == 114)> <Delay = 0.00>
ST_62 : Operation 369 [1/1] (0.00ns)   --->   "%store_ln170 = store i32 %P_row_128, i32 %P_row_113" [attention_int8.cpp:170]   --->   Operation 369 'store' 'store_ln170' <Predicate = (trunc_ln168 == 113)> <Delay = 0.00>
ST_62 : Operation 370 [1/1] (0.00ns)   --->   "%br_ln170 = br void %arrayidx212.exit" [attention_int8.cpp:170]   --->   Operation 370 'br' 'br_ln170' <Predicate = (trunc_ln168 == 113)> <Delay = 0.00>
ST_62 : Operation 371 [1/1] (0.00ns)   --->   "%store_ln170 = store i32 %P_row_128, i32 %P_row_112" [attention_int8.cpp:170]   --->   Operation 371 'store' 'store_ln170' <Predicate = (trunc_ln168 == 112)> <Delay = 0.00>
ST_62 : Operation 372 [1/1] (0.00ns)   --->   "%br_ln170 = br void %arrayidx212.exit" [attention_int8.cpp:170]   --->   Operation 372 'br' 'br_ln170' <Predicate = (trunc_ln168 == 112)> <Delay = 0.00>
ST_62 : Operation 373 [1/1] (0.00ns)   --->   "%store_ln170 = store i32 %P_row_128, i32 %P_row_111" [attention_int8.cpp:170]   --->   Operation 373 'store' 'store_ln170' <Predicate = (trunc_ln168 == 111)> <Delay = 0.00>
ST_62 : Operation 374 [1/1] (0.00ns)   --->   "%br_ln170 = br void %arrayidx212.exit" [attention_int8.cpp:170]   --->   Operation 374 'br' 'br_ln170' <Predicate = (trunc_ln168 == 111)> <Delay = 0.00>
ST_62 : Operation 375 [1/1] (0.00ns)   --->   "%store_ln170 = store i32 %P_row_128, i32 %P_row_110" [attention_int8.cpp:170]   --->   Operation 375 'store' 'store_ln170' <Predicate = (trunc_ln168 == 110)> <Delay = 0.00>
ST_62 : Operation 376 [1/1] (0.00ns)   --->   "%br_ln170 = br void %arrayidx212.exit" [attention_int8.cpp:170]   --->   Operation 376 'br' 'br_ln170' <Predicate = (trunc_ln168 == 110)> <Delay = 0.00>
ST_62 : Operation 377 [1/1] (0.00ns)   --->   "%store_ln170 = store i32 %P_row_128, i32 %P_row_109" [attention_int8.cpp:170]   --->   Operation 377 'store' 'store_ln170' <Predicate = (trunc_ln168 == 109)> <Delay = 0.00>
ST_62 : Operation 378 [1/1] (0.00ns)   --->   "%br_ln170 = br void %arrayidx212.exit" [attention_int8.cpp:170]   --->   Operation 378 'br' 'br_ln170' <Predicate = (trunc_ln168 == 109)> <Delay = 0.00>
ST_62 : Operation 379 [1/1] (0.00ns)   --->   "%store_ln170 = store i32 %P_row_128, i32 %P_row_108" [attention_int8.cpp:170]   --->   Operation 379 'store' 'store_ln170' <Predicate = (trunc_ln168 == 108)> <Delay = 0.00>
ST_62 : Operation 380 [1/1] (0.00ns)   --->   "%br_ln170 = br void %arrayidx212.exit" [attention_int8.cpp:170]   --->   Operation 380 'br' 'br_ln170' <Predicate = (trunc_ln168 == 108)> <Delay = 0.00>
ST_62 : Operation 381 [1/1] (0.00ns)   --->   "%store_ln170 = store i32 %P_row_128, i32 %P_row_107" [attention_int8.cpp:170]   --->   Operation 381 'store' 'store_ln170' <Predicate = (trunc_ln168 == 107)> <Delay = 0.00>
ST_62 : Operation 382 [1/1] (0.00ns)   --->   "%br_ln170 = br void %arrayidx212.exit" [attention_int8.cpp:170]   --->   Operation 382 'br' 'br_ln170' <Predicate = (trunc_ln168 == 107)> <Delay = 0.00>
ST_62 : Operation 383 [1/1] (0.00ns)   --->   "%store_ln170 = store i32 %P_row_128, i32 %P_row_106" [attention_int8.cpp:170]   --->   Operation 383 'store' 'store_ln170' <Predicate = (trunc_ln168 == 106)> <Delay = 0.00>
ST_62 : Operation 384 [1/1] (0.00ns)   --->   "%br_ln170 = br void %arrayidx212.exit" [attention_int8.cpp:170]   --->   Operation 384 'br' 'br_ln170' <Predicate = (trunc_ln168 == 106)> <Delay = 0.00>
ST_62 : Operation 385 [1/1] (0.00ns)   --->   "%store_ln170 = store i32 %P_row_128, i32 %P_row_105" [attention_int8.cpp:170]   --->   Operation 385 'store' 'store_ln170' <Predicate = (trunc_ln168 == 105)> <Delay = 0.00>
ST_62 : Operation 386 [1/1] (0.00ns)   --->   "%br_ln170 = br void %arrayidx212.exit" [attention_int8.cpp:170]   --->   Operation 386 'br' 'br_ln170' <Predicate = (trunc_ln168 == 105)> <Delay = 0.00>
ST_62 : Operation 387 [1/1] (0.00ns)   --->   "%store_ln170 = store i32 %P_row_128, i32 %P_row_104" [attention_int8.cpp:170]   --->   Operation 387 'store' 'store_ln170' <Predicate = (trunc_ln168 == 104)> <Delay = 0.00>
ST_62 : Operation 388 [1/1] (0.00ns)   --->   "%br_ln170 = br void %arrayidx212.exit" [attention_int8.cpp:170]   --->   Operation 388 'br' 'br_ln170' <Predicate = (trunc_ln168 == 104)> <Delay = 0.00>
ST_62 : Operation 389 [1/1] (0.00ns)   --->   "%store_ln170 = store i32 %P_row_128, i32 %P_row_103" [attention_int8.cpp:170]   --->   Operation 389 'store' 'store_ln170' <Predicate = (trunc_ln168 == 103)> <Delay = 0.00>
ST_62 : Operation 390 [1/1] (0.00ns)   --->   "%br_ln170 = br void %arrayidx212.exit" [attention_int8.cpp:170]   --->   Operation 390 'br' 'br_ln170' <Predicate = (trunc_ln168 == 103)> <Delay = 0.00>
ST_62 : Operation 391 [1/1] (0.00ns)   --->   "%store_ln170 = store i32 %P_row_128, i32 %P_row_102" [attention_int8.cpp:170]   --->   Operation 391 'store' 'store_ln170' <Predicate = (trunc_ln168 == 102)> <Delay = 0.00>
ST_62 : Operation 392 [1/1] (0.00ns)   --->   "%br_ln170 = br void %arrayidx212.exit" [attention_int8.cpp:170]   --->   Operation 392 'br' 'br_ln170' <Predicate = (trunc_ln168 == 102)> <Delay = 0.00>
ST_62 : Operation 393 [1/1] (0.00ns)   --->   "%store_ln170 = store i32 %P_row_128, i32 %P_row_101" [attention_int8.cpp:170]   --->   Operation 393 'store' 'store_ln170' <Predicate = (trunc_ln168 == 101)> <Delay = 0.00>
ST_62 : Operation 394 [1/1] (0.00ns)   --->   "%br_ln170 = br void %arrayidx212.exit" [attention_int8.cpp:170]   --->   Operation 394 'br' 'br_ln170' <Predicate = (trunc_ln168 == 101)> <Delay = 0.00>
ST_62 : Operation 395 [1/1] (0.00ns)   --->   "%store_ln170 = store i32 %P_row_128, i32 %P_row_100" [attention_int8.cpp:170]   --->   Operation 395 'store' 'store_ln170' <Predicate = (trunc_ln168 == 100)> <Delay = 0.00>
ST_62 : Operation 396 [1/1] (0.00ns)   --->   "%br_ln170 = br void %arrayidx212.exit" [attention_int8.cpp:170]   --->   Operation 396 'br' 'br_ln170' <Predicate = (trunc_ln168 == 100)> <Delay = 0.00>
ST_62 : Operation 397 [1/1] (0.00ns)   --->   "%store_ln170 = store i32 %P_row_128, i32 %P_row_99" [attention_int8.cpp:170]   --->   Operation 397 'store' 'store_ln170' <Predicate = (trunc_ln168 == 99)> <Delay = 0.00>
ST_62 : Operation 398 [1/1] (0.00ns)   --->   "%br_ln170 = br void %arrayidx212.exit" [attention_int8.cpp:170]   --->   Operation 398 'br' 'br_ln170' <Predicate = (trunc_ln168 == 99)> <Delay = 0.00>
ST_62 : Operation 399 [1/1] (0.00ns)   --->   "%store_ln170 = store i32 %P_row_128, i32 %P_row_98" [attention_int8.cpp:170]   --->   Operation 399 'store' 'store_ln170' <Predicate = (trunc_ln168 == 98)> <Delay = 0.00>
ST_62 : Operation 400 [1/1] (0.00ns)   --->   "%br_ln170 = br void %arrayidx212.exit" [attention_int8.cpp:170]   --->   Operation 400 'br' 'br_ln170' <Predicate = (trunc_ln168 == 98)> <Delay = 0.00>
ST_62 : Operation 401 [1/1] (0.00ns)   --->   "%store_ln170 = store i32 %P_row_128, i32 %P_row_97" [attention_int8.cpp:170]   --->   Operation 401 'store' 'store_ln170' <Predicate = (trunc_ln168 == 97)> <Delay = 0.00>
ST_62 : Operation 402 [1/1] (0.00ns)   --->   "%br_ln170 = br void %arrayidx212.exit" [attention_int8.cpp:170]   --->   Operation 402 'br' 'br_ln170' <Predicate = (trunc_ln168 == 97)> <Delay = 0.00>
ST_62 : Operation 403 [1/1] (0.00ns)   --->   "%store_ln170 = store i32 %P_row_128, i32 %P_row_96" [attention_int8.cpp:170]   --->   Operation 403 'store' 'store_ln170' <Predicate = (trunc_ln168 == 96)> <Delay = 0.00>
ST_62 : Operation 404 [1/1] (0.00ns)   --->   "%br_ln170 = br void %arrayidx212.exit" [attention_int8.cpp:170]   --->   Operation 404 'br' 'br_ln170' <Predicate = (trunc_ln168 == 96)> <Delay = 0.00>
ST_62 : Operation 405 [1/1] (0.00ns)   --->   "%store_ln170 = store i32 %P_row_128, i32 %P_row_95" [attention_int8.cpp:170]   --->   Operation 405 'store' 'store_ln170' <Predicate = (trunc_ln168 == 95)> <Delay = 0.00>
ST_62 : Operation 406 [1/1] (0.00ns)   --->   "%br_ln170 = br void %arrayidx212.exit" [attention_int8.cpp:170]   --->   Operation 406 'br' 'br_ln170' <Predicate = (trunc_ln168 == 95)> <Delay = 0.00>
ST_62 : Operation 407 [1/1] (0.00ns)   --->   "%store_ln170 = store i32 %P_row_128, i32 %P_row_94" [attention_int8.cpp:170]   --->   Operation 407 'store' 'store_ln170' <Predicate = (trunc_ln168 == 94)> <Delay = 0.00>
ST_62 : Operation 408 [1/1] (0.00ns)   --->   "%br_ln170 = br void %arrayidx212.exit" [attention_int8.cpp:170]   --->   Operation 408 'br' 'br_ln170' <Predicate = (trunc_ln168 == 94)> <Delay = 0.00>
ST_62 : Operation 409 [1/1] (0.00ns)   --->   "%store_ln170 = store i32 %P_row_128, i32 %P_row_93" [attention_int8.cpp:170]   --->   Operation 409 'store' 'store_ln170' <Predicate = (trunc_ln168 == 93)> <Delay = 0.00>
ST_62 : Operation 410 [1/1] (0.00ns)   --->   "%br_ln170 = br void %arrayidx212.exit" [attention_int8.cpp:170]   --->   Operation 410 'br' 'br_ln170' <Predicate = (trunc_ln168 == 93)> <Delay = 0.00>
ST_62 : Operation 411 [1/1] (0.00ns)   --->   "%store_ln170 = store i32 %P_row_128, i32 %P_row_92" [attention_int8.cpp:170]   --->   Operation 411 'store' 'store_ln170' <Predicate = (trunc_ln168 == 92)> <Delay = 0.00>
ST_62 : Operation 412 [1/1] (0.00ns)   --->   "%br_ln170 = br void %arrayidx212.exit" [attention_int8.cpp:170]   --->   Operation 412 'br' 'br_ln170' <Predicate = (trunc_ln168 == 92)> <Delay = 0.00>
ST_62 : Operation 413 [1/1] (0.00ns)   --->   "%store_ln170 = store i32 %P_row_128, i32 %P_row_91" [attention_int8.cpp:170]   --->   Operation 413 'store' 'store_ln170' <Predicate = (trunc_ln168 == 91)> <Delay = 0.00>
ST_62 : Operation 414 [1/1] (0.00ns)   --->   "%br_ln170 = br void %arrayidx212.exit" [attention_int8.cpp:170]   --->   Operation 414 'br' 'br_ln170' <Predicate = (trunc_ln168 == 91)> <Delay = 0.00>
ST_62 : Operation 415 [1/1] (0.00ns)   --->   "%store_ln170 = store i32 %P_row_128, i32 %P_row_90" [attention_int8.cpp:170]   --->   Operation 415 'store' 'store_ln170' <Predicate = (trunc_ln168 == 90)> <Delay = 0.00>
ST_62 : Operation 416 [1/1] (0.00ns)   --->   "%br_ln170 = br void %arrayidx212.exit" [attention_int8.cpp:170]   --->   Operation 416 'br' 'br_ln170' <Predicate = (trunc_ln168 == 90)> <Delay = 0.00>
ST_62 : Operation 417 [1/1] (0.00ns)   --->   "%store_ln170 = store i32 %P_row_128, i32 %P_row_89" [attention_int8.cpp:170]   --->   Operation 417 'store' 'store_ln170' <Predicate = (trunc_ln168 == 89)> <Delay = 0.00>
ST_62 : Operation 418 [1/1] (0.00ns)   --->   "%br_ln170 = br void %arrayidx212.exit" [attention_int8.cpp:170]   --->   Operation 418 'br' 'br_ln170' <Predicate = (trunc_ln168 == 89)> <Delay = 0.00>
ST_62 : Operation 419 [1/1] (0.00ns)   --->   "%store_ln170 = store i32 %P_row_128, i32 %P_row_88" [attention_int8.cpp:170]   --->   Operation 419 'store' 'store_ln170' <Predicate = (trunc_ln168 == 88)> <Delay = 0.00>
ST_62 : Operation 420 [1/1] (0.00ns)   --->   "%br_ln170 = br void %arrayidx212.exit" [attention_int8.cpp:170]   --->   Operation 420 'br' 'br_ln170' <Predicate = (trunc_ln168 == 88)> <Delay = 0.00>
ST_62 : Operation 421 [1/1] (0.00ns)   --->   "%store_ln170 = store i32 %P_row_128, i32 %P_row_87" [attention_int8.cpp:170]   --->   Operation 421 'store' 'store_ln170' <Predicate = (trunc_ln168 == 87)> <Delay = 0.00>
ST_62 : Operation 422 [1/1] (0.00ns)   --->   "%br_ln170 = br void %arrayidx212.exit" [attention_int8.cpp:170]   --->   Operation 422 'br' 'br_ln170' <Predicate = (trunc_ln168 == 87)> <Delay = 0.00>
ST_62 : Operation 423 [1/1] (0.00ns)   --->   "%store_ln170 = store i32 %P_row_128, i32 %P_row_86" [attention_int8.cpp:170]   --->   Operation 423 'store' 'store_ln170' <Predicate = (trunc_ln168 == 86)> <Delay = 0.00>
ST_62 : Operation 424 [1/1] (0.00ns)   --->   "%br_ln170 = br void %arrayidx212.exit" [attention_int8.cpp:170]   --->   Operation 424 'br' 'br_ln170' <Predicate = (trunc_ln168 == 86)> <Delay = 0.00>
ST_62 : Operation 425 [1/1] (0.00ns)   --->   "%store_ln170 = store i32 %P_row_128, i32 %P_row_85" [attention_int8.cpp:170]   --->   Operation 425 'store' 'store_ln170' <Predicate = (trunc_ln168 == 85)> <Delay = 0.00>
ST_62 : Operation 426 [1/1] (0.00ns)   --->   "%br_ln170 = br void %arrayidx212.exit" [attention_int8.cpp:170]   --->   Operation 426 'br' 'br_ln170' <Predicate = (trunc_ln168 == 85)> <Delay = 0.00>
ST_62 : Operation 427 [1/1] (0.00ns)   --->   "%store_ln170 = store i32 %P_row_128, i32 %P_row_84" [attention_int8.cpp:170]   --->   Operation 427 'store' 'store_ln170' <Predicate = (trunc_ln168 == 84)> <Delay = 0.00>
ST_62 : Operation 428 [1/1] (0.00ns)   --->   "%br_ln170 = br void %arrayidx212.exit" [attention_int8.cpp:170]   --->   Operation 428 'br' 'br_ln170' <Predicate = (trunc_ln168 == 84)> <Delay = 0.00>
ST_62 : Operation 429 [1/1] (0.00ns)   --->   "%store_ln170 = store i32 %P_row_128, i32 %P_row_83" [attention_int8.cpp:170]   --->   Operation 429 'store' 'store_ln170' <Predicate = (trunc_ln168 == 83)> <Delay = 0.00>
ST_62 : Operation 430 [1/1] (0.00ns)   --->   "%br_ln170 = br void %arrayidx212.exit" [attention_int8.cpp:170]   --->   Operation 430 'br' 'br_ln170' <Predicate = (trunc_ln168 == 83)> <Delay = 0.00>
ST_62 : Operation 431 [1/1] (0.00ns)   --->   "%store_ln170 = store i32 %P_row_128, i32 %P_row_82" [attention_int8.cpp:170]   --->   Operation 431 'store' 'store_ln170' <Predicate = (trunc_ln168 == 82)> <Delay = 0.00>
ST_62 : Operation 432 [1/1] (0.00ns)   --->   "%br_ln170 = br void %arrayidx212.exit" [attention_int8.cpp:170]   --->   Operation 432 'br' 'br_ln170' <Predicate = (trunc_ln168 == 82)> <Delay = 0.00>
ST_62 : Operation 433 [1/1] (0.00ns)   --->   "%store_ln170 = store i32 %P_row_128, i32 %P_row_81" [attention_int8.cpp:170]   --->   Operation 433 'store' 'store_ln170' <Predicate = (trunc_ln168 == 81)> <Delay = 0.00>
ST_62 : Operation 434 [1/1] (0.00ns)   --->   "%br_ln170 = br void %arrayidx212.exit" [attention_int8.cpp:170]   --->   Operation 434 'br' 'br_ln170' <Predicate = (trunc_ln168 == 81)> <Delay = 0.00>
ST_62 : Operation 435 [1/1] (0.00ns)   --->   "%store_ln170 = store i32 %P_row_128, i32 %P_row_80" [attention_int8.cpp:170]   --->   Operation 435 'store' 'store_ln170' <Predicate = (trunc_ln168 == 80)> <Delay = 0.00>
ST_62 : Operation 436 [1/1] (0.00ns)   --->   "%br_ln170 = br void %arrayidx212.exit" [attention_int8.cpp:170]   --->   Operation 436 'br' 'br_ln170' <Predicate = (trunc_ln168 == 80)> <Delay = 0.00>
ST_62 : Operation 437 [1/1] (0.00ns)   --->   "%store_ln170 = store i32 %P_row_128, i32 %P_row_79" [attention_int8.cpp:170]   --->   Operation 437 'store' 'store_ln170' <Predicate = (trunc_ln168 == 79)> <Delay = 0.00>
ST_62 : Operation 438 [1/1] (0.00ns)   --->   "%br_ln170 = br void %arrayidx212.exit" [attention_int8.cpp:170]   --->   Operation 438 'br' 'br_ln170' <Predicate = (trunc_ln168 == 79)> <Delay = 0.00>
ST_62 : Operation 439 [1/1] (0.00ns)   --->   "%store_ln170 = store i32 %P_row_128, i32 %P_row_78" [attention_int8.cpp:170]   --->   Operation 439 'store' 'store_ln170' <Predicate = (trunc_ln168 == 78)> <Delay = 0.00>
ST_62 : Operation 440 [1/1] (0.00ns)   --->   "%br_ln170 = br void %arrayidx212.exit" [attention_int8.cpp:170]   --->   Operation 440 'br' 'br_ln170' <Predicate = (trunc_ln168 == 78)> <Delay = 0.00>
ST_62 : Operation 441 [1/1] (0.00ns)   --->   "%store_ln170 = store i32 %P_row_128, i32 %P_row_77" [attention_int8.cpp:170]   --->   Operation 441 'store' 'store_ln170' <Predicate = (trunc_ln168 == 77)> <Delay = 0.00>
ST_62 : Operation 442 [1/1] (0.00ns)   --->   "%br_ln170 = br void %arrayidx212.exit" [attention_int8.cpp:170]   --->   Operation 442 'br' 'br_ln170' <Predicate = (trunc_ln168 == 77)> <Delay = 0.00>
ST_62 : Operation 443 [1/1] (0.00ns)   --->   "%store_ln170 = store i32 %P_row_128, i32 %P_row_76" [attention_int8.cpp:170]   --->   Operation 443 'store' 'store_ln170' <Predicate = (trunc_ln168 == 76)> <Delay = 0.00>
ST_62 : Operation 444 [1/1] (0.00ns)   --->   "%br_ln170 = br void %arrayidx212.exit" [attention_int8.cpp:170]   --->   Operation 444 'br' 'br_ln170' <Predicate = (trunc_ln168 == 76)> <Delay = 0.00>
ST_62 : Operation 445 [1/1] (0.00ns)   --->   "%store_ln170 = store i32 %P_row_128, i32 %P_row_75" [attention_int8.cpp:170]   --->   Operation 445 'store' 'store_ln170' <Predicate = (trunc_ln168 == 75)> <Delay = 0.00>
ST_62 : Operation 446 [1/1] (0.00ns)   --->   "%br_ln170 = br void %arrayidx212.exit" [attention_int8.cpp:170]   --->   Operation 446 'br' 'br_ln170' <Predicate = (trunc_ln168 == 75)> <Delay = 0.00>
ST_62 : Operation 447 [1/1] (0.00ns)   --->   "%store_ln170 = store i32 %P_row_128, i32 %P_row_74" [attention_int8.cpp:170]   --->   Operation 447 'store' 'store_ln170' <Predicate = (trunc_ln168 == 74)> <Delay = 0.00>
ST_62 : Operation 448 [1/1] (0.00ns)   --->   "%br_ln170 = br void %arrayidx212.exit" [attention_int8.cpp:170]   --->   Operation 448 'br' 'br_ln170' <Predicate = (trunc_ln168 == 74)> <Delay = 0.00>
ST_62 : Operation 449 [1/1] (0.00ns)   --->   "%store_ln170 = store i32 %P_row_128, i32 %P_row_73" [attention_int8.cpp:170]   --->   Operation 449 'store' 'store_ln170' <Predicate = (trunc_ln168 == 73)> <Delay = 0.00>
ST_62 : Operation 450 [1/1] (0.00ns)   --->   "%br_ln170 = br void %arrayidx212.exit" [attention_int8.cpp:170]   --->   Operation 450 'br' 'br_ln170' <Predicate = (trunc_ln168 == 73)> <Delay = 0.00>
ST_62 : Operation 451 [1/1] (0.00ns)   --->   "%store_ln170 = store i32 %P_row_128, i32 %P_row_72" [attention_int8.cpp:170]   --->   Operation 451 'store' 'store_ln170' <Predicate = (trunc_ln168 == 72)> <Delay = 0.00>
ST_62 : Operation 452 [1/1] (0.00ns)   --->   "%br_ln170 = br void %arrayidx212.exit" [attention_int8.cpp:170]   --->   Operation 452 'br' 'br_ln170' <Predicate = (trunc_ln168 == 72)> <Delay = 0.00>
ST_62 : Operation 453 [1/1] (0.00ns)   --->   "%store_ln170 = store i32 %P_row_128, i32 %P_row_71" [attention_int8.cpp:170]   --->   Operation 453 'store' 'store_ln170' <Predicate = (trunc_ln168 == 71)> <Delay = 0.00>
ST_62 : Operation 454 [1/1] (0.00ns)   --->   "%br_ln170 = br void %arrayidx212.exit" [attention_int8.cpp:170]   --->   Operation 454 'br' 'br_ln170' <Predicate = (trunc_ln168 == 71)> <Delay = 0.00>
ST_62 : Operation 455 [1/1] (0.00ns)   --->   "%store_ln170 = store i32 %P_row_128, i32 %P_row_70" [attention_int8.cpp:170]   --->   Operation 455 'store' 'store_ln170' <Predicate = (trunc_ln168 == 70)> <Delay = 0.00>
ST_62 : Operation 456 [1/1] (0.00ns)   --->   "%br_ln170 = br void %arrayidx212.exit" [attention_int8.cpp:170]   --->   Operation 456 'br' 'br_ln170' <Predicate = (trunc_ln168 == 70)> <Delay = 0.00>
ST_62 : Operation 457 [1/1] (0.00ns)   --->   "%store_ln170 = store i32 %P_row_128, i32 %P_row_69" [attention_int8.cpp:170]   --->   Operation 457 'store' 'store_ln170' <Predicate = (trunc_ln168 == 69)> <Delay = 0.00>
ST_62 : Operation 458 [1/1] (0.00ns)   --->   "%br_ln170 = br void %arrayidx212.exit" [attention_int8.cpp:170]   --->   Operation 458 'br' 'br_ln170' <Predicate = (trunc_ln168 == 69)> <Delay = 0.00>
ST_62 : Operation 459 [1/1] (0.00ns)   --->   "%store_ln170 = store i32 %P_row_128, i32 %P_row_68" [attention_int8.cpp:170]   --->   Operation 459 'store' 'store_ln170' <Predicate = (trunc_ln168 == 68)> <Delay = 0.00>
ST_62 : Operation 460 [1/1] (0.00ns)   --->   "%br_ln170 = br void %arrayidx212.exit" [attention_int8.cpp:170]   --->   Operation 460 'br' 'br_ln170' <Predicate = (trunc_ln168 == 68)> <Delay = 0.00>
ST_62 : Operation 461 [1/1] (0.00ns)   --->   "%store_ln170 = store i32 %P_row_128, i32 %P_row_67" [attention_int8.cpp:170]   --->   Operation 461 'store' 'store_ln170' <Predicate = (trunc_ln168 == 67)> <Delay = 0.00>
ST_62 : Operation 462 [1/1] (0.00ns)   --->   "%br_ln170 = br void %arrayidx212.exit" [attention_int8.cpp:170]   --->   Operation 462 'br' 'br_ln170' <Predicate = (trunc_ln168 == 67)> <Delay = 0.00>
ST_62 : Operation 463 [1/1] (0.00ns)   --->   "%store_ln170 = store i32 %P_row_128, i32 %P_row_66" [attention_int8.cpp:170]   --->   Operation 463 'store' 'store_ln170' <Predicate = (trunc_ln168 == 66)> <Delay = 0.00>
ST_62 : Operation 464 [1/1] (0.00ns)   --->   "%br_ln170 = br void %arrayidx212.exit" [attention_int8.cpp:170]   --->   Operation 464 'br' 'br_ln170' <Predicate = (trunc_ln168 == 66)> <Delay = 0.00>
ST_62 : Operation 465 [1/1] (0.00ns)   --->   "%store_ln170 = store i32 %P_row_128, i32 %P_row_65" [attention_int8.cpp:170]   --->   Operation 465 'store' 'store_ln170' <Predicate = (trunc_ln168 == 65)> <Delay = 0.00>
ST_62 : Operation 466 [1/1] (0.00ns)   --->   "%br_ln170 = br void %arrayidx212.exit" [attention_int8.cpp:170]   --->   Operation 466 'br' 'br_ln170' <Predicate = (trunc_ln168 == 65)> <Delay = 0.00>
ST_62 : Operation 467 [1/1] (0.00ns)   --->   "%store_ln170 = store i32 %P_row_128, i32 %P_row_64" [attention_int8.cpp:170]   --->   Operation 467 'store' 'store_ln170' <Predicate = (trunc_ln168 == 64)> <Delay = 0.00>
ST_62 : Operation 468 [1/1] (0.00ns)   --->   "%br_ln170 = br void %arrayidx212.exit" [attention_int8.cpp:170]   --->   Operation 468 'br' 'br_ln170' <Predicate = (trunc_ln168 == 64)> <Delay = 0.00>
ST_62 : Operation 469 [1/1] (0.00ns)   --->   "%store_ln170 = store i32 %P_row_128, i32 %P_row_63" [attention_int8.cpp:170]   --->   Operation 469 'store' 'store_ln170' <Predicate = (trunc_ln168 == 63)> <Delay = 0.00>
ST_62 : Operation 470 [1/1] (0.00ns)   --->   "%br_ln170 = br void %arrayidx212.exit" [attention_int8.cpp:170]   --->   Operation 470 'br' 'br_ln170' <Predicate = (trunc_ln168 == 63)> <Delay = 0.00>
ST_62 : Operation 471 [1/1] (0.00ns)   --->   "%store_ln170 = store i32 %P_row_128, i32 %P_row_62" [attention_int8.cpp:170]   --->   Operation 471 'store' 'store_ln170' <Predicate = (trunc_ln168 == 62)> <Delay = 0.00>
ST_62 : Operation 472 [1/1] (0.00ns)   --->   "%br_ln170 = br void %arrayidx212.exit" [attention_int8.cpp:170]   --->   Operation 472 'br' 'br_ln170' <Predicate = (trunc_ln168 == 62)> <Delay = 0.00>
ST_62 : Operation 473 [1/1] (0.00ns)   --->   "%store_ln170 = store i32 %P_row_128, i32 %P_row_61" [attention_int8.cpp:170]   --->   Operation 473 'store' 'store_ln170' <Predicate = (trunc_ln168 == 61)> <Delay = 0.00>
ST_62 : Operation 474 [1/1] (0.00ns)   --->   "%br_ln170 = br void %arrayidx212.exit" [attention_int8.cpp:170]   --->   Operation 474 'br' 'br_ln170' <Predicate = (trunc_ln168 == 61)> <Delay = 0.00>
ST_62 : Operation 475 [1/1] (0.00ns)   --->   "%store_ln170 = store i32 %P_row_128, i32 %P_row_60" [attention_int8.cpp:170]   --->   Operation 475 'store' 'store_ln170' <Predicate = (trunc_ln168 == 60)> <Delay = 0.00>
ST_62 : Operation 476 [1/1] (0.00ns)   --->   "%br_ln170 = br void %arrayidx212.exit" [attention_int8.cpp:170]   --->   Operation 476 'br' 'br_ln170' <Predicate = (trunc_ln168 == 60)> <Delay = 0.00>
ST_62 : Operation 477 [1/1] (0.00ns)   --->   "%store_ln170 = store i32 %P_row_128, i32 %P_row_59" [attention_int8.cpp:170]   --->   Operation 477 'store' 'store_ln170' <Predicate = (trunc_ln168 == 59)> <Delay = 0.00>
ST_62 : Operation 478 [1/1] (0.00ns)   --->   "%br_ln170 = br void %arrayidx212.exit" [attention_int8.cpp:170]   --->   Operation 478 'br' 'br_ln170' <Predicate = (trunc_ln168 == 59)> <Delay = 0.00>
ST_62 : Operation 479 [1/1] (0.00ns)   --->   "%store_ln170 = store i32 %P_row_128, i32 %P_row_58" [attention_int8.cpp:170]   --->   Operation 479 'store' 'store_ln170' <Predicate = (trunc_ln168 == 58)> <Delay = 0.00>
ST_62 : Operation 480 [1/1] (0.00ns)   --->   "%br_ln170 = br void %arrayidx212.exit" [attention_int8.cpp:170]   --->   Operation 480 'br' 'br_ln170' <Predicate = (trunc_ln168 == 58)> <Delay = 0.00>
ST_62 : Operation 481 [1/1] (0.00ns)   --->   "%store_ln170 = store i32 %P_row_128, i32 %P_row_57" [attention_int8.cpp:170]   --->   Operation 481 'store' 'store_ln170' <Predicate = (trunc_ln168 == 57)> <Delay = 0.00>
ST_62 : Operation 482 [1/1] (0.00ns)   --->   "%br_ln170 = br void %arrayidx212.exit" [attention_int8.cpp:170]   --->   Operation 482 'br' 'br_ln170' <Predicate = (trunc_ln168 == 57)> <Delay = 0.00>
ST_62 : Operation 483 [1/1] (0.00ns)   --->   "%store_ln170 = store i32 %P_row_128, i32 %P_row_56" [attention_int8.cpp:170]   --->   Operation 483 'store' 'store_ln170' <Predicate = (trunc_ln168 == 56)> <Delay = 0.00>
ST_62 : Operation 484 [1/1] (0.00ns)   --->   "%br_ln170 = br void %arrayidx212.exit" [attention_int8.cpp:170]   --->   Operation 484 'br' 'br_ln170' <Predicate = (trunc_ln168 == 56)> <Delay = 0.00>
ST_62 : Operation 485 [1/1] (0.00ns)   --->   "%store_ln170 = store i32 %P_row_128, i32 %P_row_55" [attention_int8.cpp:170]   --->   Operation 485 'store' 'store_ln170' <Predicate = (trunc_ln168 == 55)> <Delay = 0.00>
ST_62 : Operation 486 [1/1] (0.00ns)   --->   "%br_ln170 = br void %arrayidx212.exit" [attention_int8.cpp:170]   --->   Operation 486 'br' 'br_ln170' <Predicate = (trunc_ln168 == 55)> <Delay = 0.00>
ST_62 : Operation 487 [1/1] (0.00ns)   --->   "%store_ln170 = store i32 %P_row_128, i32 %P_row_54" [attention_int8.cpp:170]   --->   Operation 487 'store' 'store_ln170' <Predicate = (trunc_ln168 == 54)> <Delay = 0.00>
ST_62 : Operation 488 [1/1] (0.00ns)   --->   "%br_ln170 = br void %arrayidx212.exit" [attention_int8.cpp:170]   --->   Operation 488 'br' 'br_ln170' <Predicate = (trunc_ln168 == 54)> <Delay = 0.00>
ST_62 : Operation 489 [1/1] (0.00ns)   --->   "%store_ln170 = store i32 %P_row_128, i32 %P_row_53" [attention_int8.cpp:170]   --->   Operation 489 'store' 'store_ln170' <Predicate = (trunc_ln168 == 53)> <Delay = 0.00>
ST_62 : Operation 490 [1/1] (0.00ns)   --->   "%br_ln170 = br void %arrayidx212.exit" [attention_int8.cpp:170]   --->   Operation 490 'br' 'br_ln170' <Predicate = (trunc_ln168 == 53)> <Delay = 0.00>
ST_62 : Operation 491 [1/1] (0.00ns)   --->   "%store_ln170 = store i32 %P_row_128, i32 %P_row_52" [attention_int8.cpp:170]   --->   Operation 491 'store' 'store_ln170' <Predicate = (trunc_ln168 == 52)> <Delay = 0.00>
ST_62 : Operation 492 [1/1] (0.00ns)   --->   "%br_ln170 = br void %arrayidx212.exit" [attention_int8.cpp:170]   --->   Operation 492 'br' 'br_ln170' <Predicate = (trunc_ln168 == 52)> <Delay = 0.00>
ST_62 : Operation 493 [1/1] (0.00ns)   --->   "%store_ln170 = store i32 %P_row_128, i32 %P_row_51" [attention_int8.cpp:170]   --->   Operation 493 'store' 'store_ln170' <Predicate = (trunc_ln168 == 51)> <Delay = 0.00>
ST_62 : Operation 494 [1/1] (0.00ns)   --->   "%br_ln170 = br void %arrayidx212.exit" [attention_int8.cpp:170]   --->   Operation 494 'br' 'br_ln170' <Predicate = (trunc_ln168 == 51)> <Delay = 0.00>
ST_62 : Operation 495 [1/1] (0.00ns)   --->   "%store_ln170 = store i32 %P_row_128, i32 %P_row_50" [attention_int8.cpp:170]   --->   Operation 495 'store' 'store_ln170' <Predicate = (trunc_ln168 == 50)> <Delay = 0.00>
ST_62 : Operation 496 [1/1] (0.00ns)   --->   "%br_ln170 = br void %arrayidx212.exit" [attention_int8.cpp:170]   --->   Operation 496 'br' 'br_ln170' <Predicate = (trunc_ln168 == 50)> <Delay = 0.00>
ST_62 : Operation 497 [1/1] (0.00ns)   --->   "%store_ln170 = store i32 %P_row_128, i32 %P_row_49" [attention_int8.cpp:170]   --->   Operation 497 'store' 'store_ln170' <Predicate = (trunc_ln168 == 49)> <Delay = 0.00>
ST_62 : Operation 498 [1/1] (0.00ns)   --->   "%br_ln170 = br void %arrayidx212.exit" [attention_int8.cpp:170]   --->   Operation 498 'br' 'br_ln170' <Predicate = (trunc_ln168 == 49)> <Delay = 0.00>
ST_62 : Operation 499 [1/1] (0.00ns)   --->   "%store_ln170 = store i32 %P_row_128, i32 %P_row_48" [attention_int8.cpp:170]   --->   Operation 499 'store' 'store_ln170' <Predicate = (trunc_ln168 == 48)> <Delay = 0.00>
ST_62 : Operation 500 [1/1] (0.00ns)   --->   "%br_ln170 = br void %arrayidx212.exit" [attention_int8.cpp:170]   --->   Operation 500 'br' 'br_ln170' <Predicate = (trunc_ln168 == 48)> <Delay = 0.00>
ST_62 : Operation 501 [1/1] (0.00ns)   --->   "%store_ln170 = store i32 %P_row_128, i32 %P_row_47" [attention_int8.cpp:170]   --->   Operation 501 'store' 'store_ln170' <Predicate = (trunc_ln168 == 47)> <Delay = 0.00>
ST_62 : Operation 502 [1/1] (0.00ns)   --->   "%br_ln170 = br void %arrayidx212.exit" [attention_int8.cpp:170]   --->   Operation 502 'br' 'br_ln170' <Predicate = (trunc_ln168 == 47)> <Delay = 0.00>
ST_62 : Operation 503 [1/1] (0.00ns)   --->   "%store_ln170 = store i32 %P_row_128, i32 %P_row_46" [attention_int8.cpp:170]   --->   Operation 503 'store' 'store_ln170' <Predicate = (trunc_ln168 == 46)> <Delay = 0.00>
ST_62 : Operation 504 [1/1] (0.00ns)   --->   "%br_ln170 = br void %arrayidx212.exit" [attention_int8.cpp:170]   --->   Operation 504 'br' 'br_ln170' <Predicate = (trunc_ln168 == 46)> <Delay = 0.00>
ST_62 : Operation 505 [1/1] (0.00ns)   --->   "%store_ln170 = store i32 %P_row_128, i32 %P_row_45" [attention_int8.cpp:170]   --->   Operation 505 'store' 'store_ln170' <Predicate = (trunc_ln168 == 45)> <Delay = 0.00>
ST_62 : Operation 506 [1/1] (0.00ns)   --->   "%br_ln170 = br void %arrayidx212.exit" [attention_int8.cpp:170]   --->   Operation 506 'br' 'br_ln170' <Predicate = (trunc_ln168 == 45)> <Delay = 0.00>
ST_62 : Operation 507 [1/1] (0.00ns)   --->   "%store_ln170 = store i32 %P_row_128, i32 %P_row_44" [attention_int8.cpp:170]   --->   Operation 507 'store' 'store_ln170' <Predicate = (trunc_ln168 == 44)> <Delay = 0.00>
ST_62 : Operation 508 [1/1] (0.00ns)   --->   "%br_ln170 = br void %arrayidx212.exit" [attention_int8.cpp:170]   --->   Operation 508 'br' 'br_ln170' <Predicate = (trunc_ln168 == 44)> <Delay = 0.00>
ST_62 : Operation 509 [1/1] (0.00ns)   --->   "%store_ln170 = store i32 %P_row_128, i32 %P_row_43" [attention_int8.cpp:170]   --->   Operation 509 'store' 'store_ln170' <Predicate = (trunc_ln168 == 43)> <Delay = 0.00>
ST_62 : Operation 510 [1/1] (0.00ns)   --->   "%br_ln170 = br void %arrayidx212.exit" [attention_int8.cpp:170]   --->   Operation 510 'br' 'br_ln170' <Predicate = (trunc_ln168 == 43)> <Delay = 0.00>
ST_62 : Operation 511 [1/1] (0.00ns)   --->   "%store_ln170 = store i32 %P_row_128, i32 %P_row_42" [attention_int8.cpp:170]   --->   Operation 511 'store' 'store_ln170' <Predicate = (trunc_ln168 == 42)> <Delay = 0.00>
ST_62 : Operation 512 [1/1] (0.00ns)   --->   "%br_ln170 = br void %arrayidx212.exit" [attention_int8.cpp:170]   --->   Operation 512 'br' 'br_ln170' <Predicate = (trunc_ln168 == 42)> <Delay = 0.00>
ST_62 : Operation 513 [1/1] (0.00ns)   --->   "%store_ln170 = store i32 %P_row_128, i32 %P_row_41" [attention_int8.cpp:170]   --->   Operation 513 'store' 'store_ln170' <Predicate = (trunc_ln168 == 41)> <Delay = 0.00>
ST_62 : Operation 514 [1/1] (0.00ns)   --->   "%br_ln170 = br void %arrayidx212.exit" [attention_int8.cpp:170]   --->   Operation 514 'br' 'br_ln170' <Predicate = (trunc_ln168 == 41)> <Delay = 0.00>
ST_62 : Operation 515 [1/1] (0.00ns)   --->   "%store_ln170 = store i32 %P_row_128, i32 %P_row_40" [attention_int8.cpp:170]   --->   Operation 515 'store' 'store_ln170' <Predicate = (trunc_ln168 == 40)> <Delay = 0.00>
ST_62 : Operation 516 [1/1] (0.00ns)   --->   "%br_ln170 = br void %arrayidx212.exit" [attention_int8.cpp:170]   --->   Operation 516 'br' 'br_ln170' <Predicate = (trunc_ln168 == 40)> <Delay = 0.00>
ST_62 : Operation 517 [1/1] (0.00ns)   --->   "%store_ln170 = store i32 %P_row_128, i32 %P_row_39" [attention_int8.cpp:170]   --->   Operation 517 'store' 'store_ln170' <Predicate = (trunc_ln168 == 39)> <Delay = 0.00>
ST_62 : Operation 518 [1/1] (0.00ns)   --->   "%br_ln170 = br void %arrayidx212.exit" [attention_int8.cpp:170]   --->   Operation 518 'br' 'br_ln170' <Predicate = (trunc_ln168 == 39)> <Delay = 0.00>
ST_62 : Operation 519 [1/1] (0.00ns)   --->   "%store_ln170 = store i32 %P_row_128, i32 %P_row_38" [attention_int8.cpp:170]   --->   Operation 519 'store' 'store_ln170' <Predicate = (trunc_ln168 == 38)> <Delay = 0.00>
ST_62 : Operation 520 [1/1] (0.00ns)   --->   "%br_ln170 = br void %arrayidx212.exit" [attention_int8.cpp:170]   --->   Operation 520 'br' 'br_ln170' <Predicate = (trunc_ln168 == 38)> <Delay = 0.00>
ST_62 : Operation 521 [1/1] (0.00ns)   --->   "%store_ln170 = store i32 %P_row_128, i32 %P_row_37" [attention_int8.cpp:170]   --->   Operation 521 'store' 'store_ln170' <Predicate = (trunc_ln168 == 37)> <Delay = 0.00>
ST_62 : Operation 522 [1/1] (0.00ns)   --->   "%br_ln170 = br void %arrayidx212.exit" [attention_int8.cpp:170]   --->   Operation 522 'br' 'br_ln170' <Predicate = (trunc_ln168 == 37)> <Delay = 0.00>
ST_62 : Operation 523 [1/1] (0.00ns)   --->   "%store_ln170 = store i32 %P_row_128, i32 %P_row_36" [attention_int8.cpp:170]   --->   Operation 523 'store' 'store_ln170' <Predicate = (trunc_ln168 == 36)> <Delay = 0.00>
ST_62 : Operation 524 [1/1] (0.00ns)   --->   "%br_ln170 = br void %arrayidx212.exit" [attention_int8.cpp:170]   --->   Operation 524 'br' 'br_ln170' <Predicate = (trunc_ln168 == 36)> <Delay = 0.00>
ST_62 : Operation 525 [1/1] (0.00ns)   --->   "%store_ln170 = store i32 %P_row_128, i32 %P_row_35" [attention_int8.cpp:170]   --->   Operation 525 'store' 'store_ln170' <Predicate = (trunc_ln168 == 35)> <Delay = 0.00>
ST_62 : Operation 526 [1/1] (0.00ns)   --->   "%br_ln170 = br void %arrayidx212.exit" [attention_int8.cpp:170]   --->   Operation 526 'br' 'br_ln170' <Predicate = (trunc_ln168 == 35)> <Delay = 0.00>
ST_62 : Operation 527 [1/1] (0.00ns)   --->   "%store_ln170 = store i32 %P_row_128, i32 %P_row_34" [attention_int8.cpp:170]   --->   Operation 527 'store' 'store_ln170' <Predicate = (trunc_ln168 == 34)> <Delay = 0.00>
ST_62 : Operation 528 [1/1] (0.00ns)   --->   "%br_ln170 = br void %arrayidx212.exit" [attention_int8.cpp:170]   --->   Operation 528 'br' 'br_ln170' <Predicate = (trunc_ln168 == 34)> <Delay = 0.00>
ST_62 : Operation 529 [1/1] (0.00ns)   --->   "%store_ln170 = store i32 %P_row_128, i32 %P_row_33" [attention_int8.cpp:170]   --->   Operation 529 'store' 'store_ln170' <Predicate = (trunc_ln168 == 33)> <Delay = 0.00>
ST_62 : Operation 530 [1/1] (0.00ns)   --->   "%br_ln170 = br void %arrayidx212.exit" [attention_int8.cpp:170]   --->   Operation 530 'br' 'br_ln170' <Predicate = (trunc_ln168 == 33)> <Delay = 0.00>
ST_62 : Operation 531 [1/1] (0.00ns)   --->   "%store_ln170 = store i32 %P_row_128, i32 %P_row_32" [attention_int8.cpp:170]   --->   Operation 531 'store' 'store_ln170' <Predicate = (trunc_ln168 == 32)> <Delay = 0.00>
ST_62 : Operation 532 [1/1] (0.00ns)   --->   "%br_ln170 = br void %arrayidx212.exit" [attention_int8.cpp:170]   --->   Operation 532 'br' 'br_ln170' <Predicate = (trunc_ln168 == 32)> <Delay = 0.00>
ST_62 : Operation 533 [1/1] (0.00ns)   --->   "%store_ln170 = store i32 %P_row_128, i32 %P_row_31" [attention_int8.cpp:170]   --->   Operation 533 'store' 'store_ln170' <Predicate = (trunc_ln168 == 31)> <Delay = 0.00>
ST_62 : Operation 534 [1/1] (0.00ns)   --->   "%br_ln170 = br void %arrayidx212.exit" [attention_int8.cpp:170]   --->   Operation 534 'br' 'br_ln170' <Predicate = (trunc_ln168 == 31)> <Delay = 0.00>
ST_62 : Operation 535 [1/1] (0.00ns)   --->   "%store_ln170 = store i32 %P_row_128, i32 %P_row_30" [attention_int8.cpp:170]   --->   Operation 535 'store' 'store_ln170' <Predicate = (trunc_ln168 == 30)> <Delay = 0.00>
ST_62 : Operation 536 [1/1] (0.00ns)   --->   "%br_ln170 = br void %arrayidx212.exit" [attention_int8.cpp:170]   --->   Operation 536 'br' 'br_ln170' <Predicate = (trunc_ln168 == 30)> <Delay = 0.00>
ST_62 : Operation 537 [1/1] (0.00ns)   --->   "%store_ln170 = store i32 %P_row_128, i32 %P_row_29" [attention_int8.cpp:170]   --->   Operation 537 'store' 'store_ln170' <Predicate = (trunc_ln168 == 29)> <Delay = 0.00>
ST_62 : Operation 538 [1/1] (0.00ns)   --->   "%br_ln170 = br void %arrayidx212.exit" [attention_int8.cpp:170]   --->   Operation 538 'br' 'br_ln170' <Predicate = (trunc_ln168 == 29)> <Delay = 0.00>
ST_62 : Operation 539 [1/1] (0.00ns)   --->   "%store_ln170 = store i32 %P_row_128, i32 %P_row_28" [attention_int8.cpp:170]   --->   Operation 539 'store' 'store_ln170' <Predicate = (trunc_ln168 == 28)> <Delay = 0.00>
ST_62 : Operation 540 [1/1] (0.00ns)   --->   "%br_ln170 = br void %arrayidx212.exit" [attention_int8.cpp:170]   --->   Operation 540 'br' 'br_ln170' <Predicate = (trunc_ln168 == 28)> <Delay = 0.00>
ST_62 : Operation 541 [1/1] (0.00ns)   --->   "%store_ln170 = store i32 %P_row_128, i32 %P_row_27" [attention_int8.cpp:170]   --->   Operation 541 'store' 'store_ln170' <Predicate = (trunc_ln168 == 27)> <Delay = 0.00>
ST_62 : Operation 542 [1/1] (0.00ns)   --->   "%br_ln170 = br void %arrayidx212.exit" [attention_int8.cpp:170]   --->   Operation 542 'br' 'br_ln170' <Predicate = (trunc_ln168 == 27)> <Delay = 0.00>
ST_62 : Operation 543 [1/1] (0.00ns)   --->   "%store_ln170 = store i32 %P_row_128, i32 %P_row_26" [attention_int8.cpp:170]   --->   Operation 543 'store' 'store_ln170' <Predicate = (trunc_ln168 == 26)> <Delay = 0.00>
ST_62 : Operation 544 [1/1] (0.00ns)   --->   "%br_ln170 = br void %arrayidx212.exit" [attention_int8.cpp:170]   --->   Operation 544 'br' 'br_ln170' <Predicate = (trunc_ln168 == 26)> <Delay = 0.00>
ST_62 : Operation 545 [1/1] (0.00ns)   --->   "%store_ln170 = store i32 %P_row_128, i32 %P_row_25" [attention_int8.cpp:170]   --->   Operation 545 'store' 'store_ln170' <Predicate = (trunc_ln168 == 25)> <Delay = 0.00>
ST_62 : Operation 546 [1/1] (0.00ns)   --->   "%br_ln170 = br void %arrayidx212.exit" [attention_int8.cpp:170]   --->   Operation 546 'br' 'br_ln170' <Predicate = (trunc_ln168 == 25)> <Delay = 0.00>
ST_62 : Operation 547 [1/1] (0.00ns)   --->   "%store_ln170 = store i32 %P_row_128, i32 %P_row_24" [attention_int8.cpp:170]   --->   Operation 547 'store' 'store_ln170' <Predicate = (trunc_ln168 == 24)> <Delay = 0.00>
ST_62 : Operation 548 [1/1] (0.00ns)   --->   "%br_ln170 = br void %arrayidx212.exit" [attention_int8.cpp:170]   --->   Operation 548 'br' 'br_ln170' <Predicate = (trunc_ln168 == 24)> <Delay = 0.00>
ST_62 : Operation 549 [1/1] (0.00ns)   --->   "%store_ln170 = store i32 %P_row_128, i32 %P_row_23" [attention_int8.cpp:170]   --->   Operation 549 'store' 'store_ln170' <Predicate = (trunc_ln168 == 23)> <Delay = 0.00>
ST_62 : Operation 550 [1/1] (0.00ns)   --->   "%br_ln170 = br void %arrayidx212.exit" [attention_int8.cpp:170]   --->   Operation 550 'br' 'br_ln170' <Predicate = (trunc_ln168 == 23)> <Delay = 0.00>
ST_62 : Operation 551 [1/1] (0.00ns)   --->   "%store_ln170 = store i32 %P_row_128, i32 %P_row_22" [attention_int8.cpp:170]   --->   Operation 551 'store' 'store_ln170' <Predicate = (trunc_ln168 == 22)> <Delay = 0.00>
ST_62 : Operation 552 [1/1] (0.00ns)   --->   "%br_ln170 = br void %arrayidx212.exit" [attention_int8.cpp:170]   --->   Operation 552 'br' 'br_ln170' <Predicate = (trunc_ln168 == 22)> <Delay = 0.00>
ST_62 : Operation 553 [1/1] (0.00ns)   --->   "%store_ln170 = store i32 %P_row_128, i32 %P_row_21" [attention_int8.cpp:170]   --->   Operation 553 'store' 'store_ln170' <Predicate = (trunc_ln168 == 21)> <Delay = 0.00>
ST_62 : Operation 554 [1/1] (0.00ns)   --->   "%br_ln170 = br void %arrayidx212.exit" [attention_int8.cpp:170]   --->   Operation 554 'br' 'br_ln170' <Predicate = (trunc_ln168 == 21)> <Delay = 0.00>
ST_62 : Operation 555 [1/1] (0.00ns)   --->   "%store_ln170 = store i32 %P_row_128, i32 %P_row_20" [attention_int8.cpp:170]   --->   Operation 555 'store' 'store_ln170' <Predicate = (trunc_ln168 == 20)> <Delay = 0.00>
ST_62 : Operation 556 [1/1] (0.00ns)   --->   "%br_ln170 = br void %arrayidx212.exit" [attention_int8.cpp:170]   --->   Operation 556 'br' 'br_ln170' <Predicate = (trunc_ln168 == 20)> <Delay = 0.00>
ST_62 : Operation 557 [1/1] (0.00ns)   --->   "%store_ln170 = store i32 %P_row_128, i32 %P_row_19" [attention_int8.cpp:170]   --->   Operation 557 'store' 'store_ln170' <Predicate = (trunc_ln168 == 19)> <Delay = 0.00>
ST_62 : Operation 558 [1/1] (0.00ns)   --->   "%br_ln170 = br void %arrayidx212.exit" [attention_int8.cpp:170]   --->   Operation 558 'br' 'br_ln170' <Predicate = (trunc_ln168 == 19)> <Delay = 0.00>
ST_62 : Operation 559 [1/1] (0.00ns)   --->   "%store_ln170 = store i32 %P_row_128, i32 %P_row_18" [attention_int8.cpp:170]   --->   Operation 559 'store' 'store_ln170' <Predicate = (trunc_ln168 == 18)> <Delay = 0.00>
ST_62 : Operation 560 [1/1] (0.00ns)   --->   "%br_ln170 = br void %arrayidx212.exit" [attention_int8.cpp:170]   --->   Operation 560 'br' 'br_ln170' <Predicate = (trunc_ln168 == 18)> <Delay = 0.00>
ST_62 : Operation 561 [1/1] (0.00ns)   --->   "%store_ln170 = store i32 %P_row_128, i32 %P_row_17" [attention_int8.cpp:170]   --->   Operation 561 'store' 'store_ln170' <Predicate = (trunc_ln168 == 17)> <Delay = 0.00>
ST_62 : Operation 562 [1/1] (0.00ns)   --->   "%br_ln170 = br void %arrayidx212.exit" [attention_int8.cpp:170]   --->   Operation 562 'br' 'br_ln170' <Predicate = (trunc_ln168 == 17)> <Delay = 0.00>
ST_62 : Operation 563 [1/1] (0.00ns)   --->   "%store_ln170 = store i32 %P_row_128, i32 %P_row_16" [attention_int8.cpp:170]   --->   Operation 563 'store' 'store_ln170' <Predicate = (trunc_ln168 == 16)> <Delay = 0.00>
ST_62 : Operation 564 [1/1] (0.00ns)   --->   "%br_ln170 = br void %arrayidx212.exit" [attention_int8.cpp:170]   --->   Operation 564 'br' 'br_ln170' <Predicate = (trunc_ln168 == 16)> <Delay = 0.00>
ST_62 : Operation 565 [1/1] (0.00ns)   --->   "%store_ln170 = store i32 %P_row_128, i32 %P_row_15" [attention_int8.cpp:170]   --->   Operation 565 'store' 'store_ln170' <Predicate = (trunc_ln168 == 15)> <Delay = 0.00>
ST_62 : Operation 566 [1/1] (0.00ns)   --->   "%br_ln170 = br void %arrayidx212.exit" [attention_int8.cpp:170]   --->   Operation 566 'br' 'br_ln170' <Predicate = (trunc_ln168 == 15)> <Delay = 0.00>
ST_62 : Operation 567 [1/1] (0.00ns)   --->   "%store_ln170 = store i32 %P_row_128, i32 %P_row_14" [attention_int8.cpp:170]   --->   Operation 567 'store' 'store_ln170' <Predicate = (trunc_ln168 == 14)> <Delay = 0.00>
ST_62 : Operation 568 [1/1] (0.00ns)   --->   "%br_ln170 = br void %arrayidx212.exit" [attention_int8.cpp:170]   --->   Operation 568 'br' 'br_ln170' <Predicate = (trunc_ln168 == 14)> <Delay = 0.00>
ST_62 : Operation 569 [1/1] (0.00ns)   --->   "%store_ln170 = store i32 %P_row_128, i32 %P_row_13" [attention_int8.cpp:170]   --->   Operation 569 'store' 'store_ln170' <Predicate = (trunc_ln168 == 13)> <Delay = 0.00>
ST_62 : Operation 570 [1/1] (0.00ns)   --->   "%br_ln170 = br void %arrayidx212.exit" [attention_int8.cpp:170]   --->   Operation 570 'br' 'br_ln170' <Predicate = (trunc_ln168 == 13)> <Delay = 0.00>
ST_62 : Operation 571 [1/1] (0.00ns)   --->   "%store_ln170 = store i32 %P_row_128, i32 %P_row_12" [attention_int8.cpp:170]   --->   Operation 571 'store' 'store_ln170' <Predicate = (trunc_ln168 == 12)> <Delay = 0.00>
ST_62 : Operation 572 [1/1] (0.00ns)   --->   "%br_ln170 = br void %arrayidx212.exit" [attention_int8.cpp:170]   --->   Operation 572 'br' 'br_ln170' <Predicate = (trunc_ln168 == 12)> <Delay = 0.00>
ST_62 : Operation 573 [1/1] (0.00ns)   --->   "%store_ln170 = store i32 %P_row_128, i32 %P_row_11" [attention_int8.cpp:170]   --->   Operation 573 'store' 'store_ln170' <Predicate = (trunc_ln168 == 11)> <Delay = 0.00>
ST_62 : Operation 574 [1/1] (0.00ns)   --->   "%br_ln170 = br void %arrayidx212.exit" [attention_int8.cpp:170]   --->   Operation 574 'br' 'br_ln170' <Predicate = (trunc_ln168 == 11)> <Delay = 0.00>
ST_62 : Operation 575 [1/1] (0.00ns)   --->   "%store_ln170 = store i32 %P_row_128, i32 %P_row_10" [attention_int8.cpp:170]   --->   Operation 575 'store' 'store_ln170' <Predicate = (trunc_ln168 == 10)> <Delay = 0.00>
ST_62 : Operation 576 [1/1] (0.00ns)   --->   "%br_ln170 = br void %arrayidx212.exit" [attention_int8.cpp:170]   --->   Operation 576 'br' 'br_ln170' <Predicate = (trunc_ln168 == 10)> <Delay = 0.00>
ST_62 : Operation 577 [1/1] (0.00ns)   --->   "%store_ln170 = store i32 %P_row_128, i32 %P_row_9" [attention_int8.cpp:170]   --->   Operation 577 'store' 'store_ln170' <Predicate = (trunc_ln168 == 9)> <Delay = 0.00>
ST_62 : Operation 578 [1/1] (0.00ns)   --->   "%br_ln170 = br void %arrayidx212.exit" [attention_int8.cpp:170]   --->   Operation 578 'br' 'br_ln170' <Predicate = (trunc_ln168 == 9)> <Delay = 0.00>
ST_62 : Operation 579 [1/1] (0.00ns)   --->   "%store_ln170 = store i32 %P_row_128, i32 %P_row_8" [attention_int8.cpp:170]   --->   Operation 579 'store' 'store_ln170' <Predicate = (trunc_ln168 == 8)> <Delay = 0.00>
ST_62 : Operation 580 [1/1] (0.00ns)   --->   "%br_ln170 = br void %arrayidx212.exit" [attention_int8.cpp:170]   --->   Operation 580 'br' 'br_ln170' <Predicate = (trunc_ln168 == 8)> <Delay = 0.00>
ST_62 : Operation 581 [1/1] (0.00ns)   --->   "%store_ln170 = store i32 %P_row_128, i32 %P_row_7" [attention_int8.cpp:170]   --->   Operation 581 'store' 'store_ln170' <Predicate = (trunc_ln168 == 7)> <Delay = 0.00>
ST_62 : Operation 582 [1/1] (0.00ns)   --->   "%br_ln170 = br void %arrayidx212.exit" [attention_int8.cpp:170]   --->   Operation 582 'br' 'br_ln170' <Predicate = (trunc_ln168 == 7)> <Delay = 0.00>
ST_62 : Operation 583 [1/1] (0.00ns)   --->   "%store_ln170 = store i32 %P_row_128, i32 %P_row_6" [attention_int8.cpp:170]   --->   Operation 583 'store' 'store_ln170' <Predicate = (trunc_ln168 == 6)> <Delay = 0.00>
ST_62 : Operation 584 [1/1] (0.00ns)   --->   "%br_ln170 = br void %arrayidx212.exit" [attention_int8.cpp:170]   --->   Operation 584 'br' 'br_ln170' <Predicate = (trunc_ln168 == 6)> <Delay = 0.00>
ST_62 : Operation 585 [1/1] (0.00ns)   --->   "%store_ln170 = store i32 %P_row_128, i32 %P_row_5" [attention_int8.cpp:170]   --->   Operation 585 'store' 'store_ln170' <Predicate = (trunc_ln168 == 5)> <Delay = 0.00>
ST_62 : Operation 586 [1/1] (0.00ns)   --->   "%br_ln170 = br void %arrayidx212.exit" [attention_int8.cpp:170]   --->   Operation 586 'br' 'br_ln170' <Predicate = (trunc_ln168 == 5)> <Delay = 0.00>
ST_62 : Operation 587 [1/1] (0.00ns)   --->   "%store_ln170 = store i32 %P_row_128, i32 %P_row_4" [attention_int8.cpp:170]   --->   Operation 587 'store' 'store_ln170' <Predicate = (trunc_ln168 == 4)> <Delay = 0.00>
ST_62 : Operation 588 [1/1] (0.00ns)   --->   "%br_ln170 = br void %arrayidx212.exit" [attention_int8.cpp:170]   --->   Operation 588 'br' 'br_ln170' <Predicate = (trunc_ln168 == 4)> <Delay = 0.00>
ST_62 : Operation 589 [1/1] (0.00ns)   --->   "%store_ln170 = store i32 %P_row_128, i32 %P_row_3" [attention_int8.cpp:170]   --->   Operation 589 'store' 'store_ln170' <Predicate = (trunc_ln168 == 3)> <Delay = 0.00>
ST_62 : Operation 590 [1/1] (0.00ns)   --->   "%br_ln170 = br void %arrayidx212.exit" [attention_int8.cpp:170]   --->   Operation 590 'br' 'br_ln170' <Predicate = (trunc_ln168 == 3)> <Delay = 0.00>
ST_62 : Operation 591 [1/1] (0.00ns)   --->   "%store_ln170 = store i32 %P_row_128, i32 %P_row_2" [attention_int8.cpp:170]   --->   Operation 591 'store' 'store_ln170' <Predicate = (trunc_ln168 == 2)> <Delay = 0.00>
ST_62 : Operation 592 [1/1] (0.00ns)   --->   "%br_ln170 = br void %arrayidx212.exit" [attention_int8.cpp:170]   --->   Operation 592 'br' 'br_ln170' <Predicate = (trunc_ln168 == 2)> <Delay = 0.00>
ST_62 : Operation 593 [1/1] (0.00ns)   --->   "%store_ln170 = store i32 %P_row_128, i32 %P_row_1" [attention_int8.cpp:170]   --->   Operation 593 'store' 'store_ln170' <Predicate = (trunc_ln168 == 1)> <Delay = 0.00>
ST_62 : Operation 594 [1/1] (0.00ns)   --->   "%br_ln170 = br void %arrayidx212.exit" [attention_int8.cpp:170]   --->   Operation 594 'br' 'br_ln170' <Predicate = (trunc_ln168 == 1)> <Delay = 0.00>
ST_62 : Operation 595 [1/1] (0.00ns)   --->   "%store_ln170 = store i32 %P_row_128, i32 %P_row" [attention_int8.cpp:170]   --->   Operation 595 'store' 'store_ln170' <Predicate = (trunc_ln168 == 0)> <Delay = 0.00>
ST_62 : Operation 596 [1/1] (0.00ns)   --->   "%br_ln170 = br void %arrayidx212.exit" [attention_int8.cpp:170]   --->   Operation 596 'br' 'br_ln170' <Predicate = (trunc_ln168 == 0)> <Delay = 0.00>
ST_62 : Operation 597 [1/1] (0.00ns)   --->   "%store_ln170 = store i32 %P_row_128, i32 %P_row_127" [attention_int8.cpp:170]   --->   Operation 597 'store' 'store_ln170' <Predicate = (trunc_ln168 == 127)> <Delay = 0.00>
ST_62 : Operation 598 [1/1] (0.00ns)   --->   "%br_ln170 = br void %arrayidx212.exit" [attention_int8.cpp:170]   --->   Operation 598 'br' 'br_ln170' <Predicate = (trunc_ln168 == 127)> <Delay = 0.00>


============================================================
+ Verbose Summary: Binding
============================================================
STG Binding: 
---------------- STG Properties BEGIN ----------------
- Is combinational: 0
- Is one-state seq: 0
- Is datapath-only: 0
- Is pipelined: 0
- Is top level: 0
Port [ Return ] is wired: 1; IO mode=ap_ctrl_hs:ce=0
Port [ i_3]:  wired=1; compound=0; hidden=0; nouse=0; global=0; static=0; extern=0; dir=0; type=0; pingpong=0; private_global=0; IO mode=ap_none:ce=0
Port [ trunc_ln187]:  wired=1; compound=0; hidden=0; nouse=0; global=0; static=0; extern=0; dir=0; type=0; pingpong=0; private_global=0; IO mode=ap_none:ce=0
Port [ scores]:  wired=1; compound=1; hidden=0; nouse=0; global=0; static=0; extern=0; dir=0; type=1; pingpong=0; private_global=0; MemPort=[13]; IO mode=ap_memory:ce=0
Port [ scores_1]:  wired=1; compound=1; hidden=0; nouse=0; global=0; static=0; extern=0; dir=0; type=1; pingpong=0; private_global=0; MemPort=[13]; IO mode=ap_memory:ce=0
Port [ scores_2]:  wired=1; compound=1; hidden=0; nouse=0; global=0; static=0; extern=0; dir=0; type=1; pingpong=0; private_global=0; MemPort=[13]; IO mode=ap_memory:ce=0
Port [ scores_3]:  wired=1; compound=1; hidden=0; nouse=0; global=0; static=0; extern=0; dir=0; type=1; pingpong=0; private_global=0; MemPort=[13]; IO mode=ap_memory:ce=0
Port [ scores_4]:  wired=1; compound=1; hidden=0; nouse=0; global=0; static=0; extern=0; dir=0; type=1; pingpong=0; private_global=0; MemPort=[13]; IO mode=ap_memory:ce=0
Port [ scores_5]:  wired=1; compound=1; hidden=0; nouse=0; global=0; static=0; extern=0; dir=0; type=1; pingpong=0; private_global=0; MemPort=[13]; IO mode=ap_memory:ce=0
Port [ scores_6]:  wired=1; compound=1; hidden=0; nouse=0; global=0; static=0; extern=0; dir=0; type=1; pingpong=0; private_global=0; MemPort=[13]; IO mode=ap_memory:ce=0
Port [ scores_7]:  wired=1; compound=1; hidden=0; nouse=0; global=0; static=0; extern=0; dir=0; type=1; pingpong=0; private_global=0; MemPort=[13]; IO mode=ap_memory:ce=0
Port [ m_new]:  wired=1; compound=0; hidden=0; nouse=0; global=0; static=0; extern=0; dir=0; type=0; pingpong=0; private_global=0; IO mode=ap_none:ce=0
Port [ P_row_127_out]:  wired=1; compound=0; hidden=0; nouse=0; global=0; static=0; extern=0; dir=1; type=0; pingpong=0; private_global=0; IO mode=ap_vld:ce=0
Port [ P_row_126_out]:  wired=1; compound=0; hidden=0; nouse=0; global=0; static=0; extern=0; dir=1; type=0; pingpong=0; private_global=0; IO mode=ap_vld:ce=0
Port [ P_row_125_out]:  wired=1; compound=0; hidden=0; nouse=0; global=0; static=0; extern=0; dir=1; type=0; pingpong=0; private_global=0; IO mode=ap_vld:ce=0
Port [ P_row_124_out]:  wired=1; compound=0; hidden=0; nouse=0; global=0; static=0; extern=0; dir=1; type=0; pingpong=0; private_global=0; IO mode=ap_vld:ce=0
Port [ P_row_123_out]:  wired=1; compound=0; hidden=0; nouse=0; global=0; static=0; extern=0; dir=1; type=0; pingpong=0; private_global=0; IO mode=ap_vld:ce=0
Port [ P_row_122_out]:  wired=1; compound=0; hidden=0; nouse=0; global=0; static=0; extern=0; dir=1; type=0; pingpong=0; private_global=0; IO mode=ap_vld:ce=0
Port [ P_row_121_out]:  wired=1; compound=0; hidden=0; nouse=0; global=0; static=0; extern=0; dir=1; type=0; pingpong=0; private_global=0; IO mode=ap_vld:ce=0
Port [ P_row_120_out]:  wired=1; compound=0; hidden=0; nouse=0; global=0; static=0; extern=0; dir=1; type=0; pingpong=0; private_global=0; IO mode=ap_vld:ce=0
Port [ P_row_119_out]:  wired=1; compound=0; hidden=0; nouse=0; global=0; static=0; extern=0; dir=1; type=0; pingpong=0; private_global=0; IO mode=ap_vld:ce=0
Port [ P_row_118_out]:  wired=1; compound=0; hidden=0; nouse=0; global=0; static=0; extern=0; dir=1; type=0; pingpong=0; private_global=0; IO mode=ap_vld:ce=0
Port [ P_row_117_out]:  wired=1; compound=0; hidden=0; nouse=0; global=0; static=0; extern=0; dir=1; type=0; pingpong=0; private_global=0; IO mode=ap_vld:ce=0
Port [ P_row_116_out]:  wired=1; compound=0; hidden=0; nouse=0; global=0; static=0; extern=0; dir=1; type=0; pingpong=0; private_global=0; IO mode=ap_vld:ce=0
Port [ P_row_115_out]:  wired=1; compound=0; hidden=0; nouse=0; global=0; static=0; extern=0; dir=1; type=0; pingpong=0; private_global=0; IO mode=ap_vld:ce=0
Port [ P_row_114_out]:  wired=1; compound=0; hidden=0; nouse=0; global=0; static=0; extern=0; dir=1; type=0; pingpong=0; private_global=0; IO mode=ap_vld:ce=0
Port [ P_row_113_out]:  wired=1; compound=0; hidden=0; nouse=0; global=0; static=0; extern=0; dir=1; type=0; pingpong=0; private_global=0; IO mode=ap_vld:ce=0
Port [ P_row_112_out]:  wired=1; compound=0; hidden=0; nouse=0; global=0; static=0; extern=0; dir=1; type=0; pingpong=0; private_global=0; IO mode=ap_vld:ce=0
Port [ P_row_111_out]:  wired=1; compound=0; hidden=0; nouse=0; global=0; static=0; extern=0; dir=1; type=0; pingpong=0; private_global=0; IO mode=ap_vld:ce=0
Port [ P_row_110_out]:  wired=1; compound=0; hidden=0; nouse=0; global=0; static=0; extern=0; dir=1; type=0; pingpong=0; private_global=0; IO mode=ap_vld:ce=0
Port [ P_row_109_out]:  wired=1; compound=0; hidden=0; nouse=0; global=0; static=0; extern=0; dir=1; type=0; pingpong=0; private_global=0; IO mode=ap_vld:ce=0
Port [ P_row_108_out]:  wired=1; compound=0; hidden=0; nouse=0; global=0; static=0; extern=0; dir=1; type=0; pingpong=0; private_global=0; IO mode=ap_vld:ce=0
Port [ P_row_107_out]:  wired=1; compound=0; hidden=0; nouse=0; global=0; static=0; extern=0; dir=1; type=0; pingpong=0; private_global=0; IO mode=ap_vld:ce=0
Port [ P_row_106_out]:  wired=1; compound=0; hidden=0; nouse=0; global=0; static=0; extern=0; dir=1; type=0; pingpong=0; private_global=0; IO mode=ap_vld:ce=0
Port [ P_row_105_out]:  wired=1; compound=0; hidden=0; nouse=0; global=0; static=0; extern=0; dir=1; type=0; pingpong=0; private_global=0; IO mode=ap_vld:ce=0
Port [ P_row_104_out]:  wired=1; compound=0; hidden=0; nouse=0; global=0; static=0; extern=0; dir=1; type=0; pingpong=0; private_global=0; IO mode=ap_vld:ce=0
Port [ P_row_103_out]:  wired=1; compound=0; hidden=0; nouse=0; global=0; static=0; extern=0; dir=1; type=0; pingpong=0; private_global=0; IO mode=ap_vld:ce=0
Port [ P_row_102_out]:  wired=1; compound=0; hidden=0; nouse=0; global=0; static=0; extern=0; dir=1; type=0; pingpong=0; private_global=0; IO mode=ap_vld:ce=0
Port [ P_row_101_out]:  wired=1; compound=0; hidden=0; nouse=0; global=0; static=0; extern=0; dir=1; type=0; pingpong=0; private_global=0; IO mode=ap_vld:ce=0
Port [ P_row_100_out]:  wired=1; compound=0; hidden=0; nouse=0; global=0; static=0; extern=0; dir=1; type=0; pingpong=0; private_global=0; IO mode=ap_vld:ce=0
Port [ P_row_99_out]:  wired=1; compound=0; hidden=0; nouse=0; global=0; static=0; extern=0; dir=1; type=0; pingpong=0; private_global=0; IO mode=ap_vld:ce=0
Port [ P_row_98_out]:  wired=1; compound=0; hidden=0; nouse=0; global=0; static=0; extern=0; dir=1; type=0; pingpong=0; private_global=0; IO mode=ap_vld:ce=0
Port [ P_row_97_out]:  wired=1; compound=0; hidden=0; nouse=0; global=0; static=0; extern=0; dir=1; type=0; pingpong=0; private_global=0; IO mode=ap_vld:ce=0
Port [ P_row_96_out]:  wired=1; compound=0; hidden=0; nouse=0; global=0; static=0; extern=0; dir=1; type=0; pingpong=0; private_global=0; IO mode=ap_vld:ce=0
Port [ P_row_95_out]:  wired=1; compound=0; hidden=0; nouse=0; global=0; static=0; extern=0; dir=1; type=0; pingpong=0; private_global=0; IO mode=ap_vld:ce=0
Port [ P_row_94_out]:  wired=1; compound=0; hidden=0; nouse=0; global=0; static=0; extern=0; dir=1; type=0; pingpong=0; private_global=0; IO mode=ap_vld:ce=0
Port [ P_row_93_out]:  wired=1; compound=0; hidden=0; nouse=0; global=0; static=0; extern=0; dir=1; type=0; pingpong=0; private_global=0; IO mode=ap_vld:ce=0
Port [ P_row_92_out]:  wired=1; compound=0; hidden=0; nouse=0; global=0; static=0; extern=0; dir=1; type=0; pingpong=0; private_global=0; IO mode=ap_vld:ce=0
Port [ P_row_91_out]:  wired=1; compound=0; hidden=0; nouse=0; global=0; static=0; extern=0; dir=1; type=0; pingpong=0; private_global=0; IO mode=ap_vld:ce=0
Port [ P_row_90_out]:  wired=1; compound=0; hidden=0; nouse=0; global=0; static=0; extern=0; dir=1; type=0; pingpong=0; private_global=0; IO mode=ap_vld:ce=0
Port [ P_row_89_out]:  wired=1; compound=0; hidden=0; nouse=0; global=0; static=0; extern=0; dir=1; type=0; pingpong=0; private_global=0; IO mode=ap_vld:ce=0
Port [ P_row_88_out]:  wired=1; compound=0; hidden=0; nouse=0; global=0; static=0; extern=0; dir=1; type=0; pingpong=0; private_global=0; IO mode=ap_vld:ce=0
Port [ P_row_87_out]:  wired=1; compound=0; hidden=0; nouse=0; global=0; static=0; extern=0; dir=1; type=0; pingpong=0; private_global=0; IO mode=ap_vld:ce=0
Port [ P_row_86_out]:  wired=1; compound=0; hidden=0; nouse=0; global=0; static=0; extern=0; dir=1; type=0; pingpong=0; private_global=0; IO mode=ap_vld:ce=0
Port [ P_row_85_out]:  wired=1; compound=0; hidden=0; nouse=0; global=0; static=0; extern=0; dir=1; type=0; pingpong=0; private_global=0; IO mode=ap_vld:ce=0
Port [ P_row_84_out]:  wired=1; compound=0; hidden=0; nouse=0; global=0; static=0; extern=0; dir=1; type=0; pingpong=0; private_global=0; IO mode=ap_vld:ce=0
Port [ P_row_83_out]:  wired=1; compound=0; hidden=0; nouse=0; global=0; static=0; extern=0; dir=1; type=0; pingpong=0; private_global=0; IO mode=ap_vld:ce=0
Port [ P_row_82_out]:  wired=1; compound=0; hidden=0; nouse=0; global=0; static=0; extern=0; dir=1; type=0; pingpong=0; private_global=0; IO mode=ap_vld:ce=0
Port [ P_row_81_out]:  wired=1; compound=0; hidden=0; nouse=0; global=0; static=0; extern=0; dir=1; type=0; pingpong=0; private_global=0; IO mode=ap_vld:ce=0
Port [ P_row_80_out]:  wired=1; compound=0; hidden=0; nouse=0; global=0; static=0; extern=0; dir=1; type=0; pingpong=0; private_global=0; IO mode=ap_vld:ce=0
Port [ P_row_79_out]:  wired=1; compound=0; hidden=0; nouse=0; global=0; static=0; extern=0; dir=1; type=0; pingpong=0; private_global=0; IO mode=ap_vld:ce=0
Port [ P_row_78_out]:  wired=1; compound=0; hidden=0; nouse=0; global=0; static=0; extern=0; dir=1; type=0; pingpong=0; private_global=0; IO mode=ap_vld:ce=0
Port [ P_row_77_out]:  wired=1; compound=0; hidden=0; nouse=0; global=0; static=0; extern=0; dir=1; type=0; pingpong=0; private_global=0; IO mode=ap_vld:ce=0
Port [ P_row_76_out]:  wired=1; compound=0; hidden=0; nouse=0; global=0; static=0; extern=0; dir=1; type=0; pingpong=0; private_global=0; IO mode=ap_vld:ce=0
Port [ P_row_75_out]:  wired=1; compound=0; hidden=0; nouse=0; global=0; static=0; extern=0; dir=1; type=0; pingpong=0; private_global=0; IO mode=ap_vld:ce=0
Port [ P_row_74_out]:  wired=1; compound=0; hidden=0; nouse=0; global=0; static=0; extern=0; dir=1; type=0; pingpong=0; private_global=0; IO mode=ap_vld:ce=0
Port [ P_row_73_out]:  wired=1; compound=0; hidden=0; nouse=0; global=0; static=0; extern=0; dir=1; type=0; pingpong=0; private_global=0; IO mode=ap_vld:ce=0
Port [ P_row_72_out]:  wired=1; compound=0; hidden=0; nouse=0; global=0; static=0; extern=0; dir=1; type=0; pingpong=0; private_global=0; IO mode=ap_vld:ce=0
Port [ P_row_71_out]:  wired=1; compound=0; hidden=0; nouse=0; global=0; static=0; extern=0; dir=1; type=0; pingpong=0; private_global=0; IO mode=ap_vld:ce=0
Port [ P_row_70_out]:  wired=1; compound=0; hidden=0; nouse=0; global=0; static=0; extern=0; dir=1; type=0; pingpong=0; private_global=0; IO mode=ap_vld:ce=0
Port [ P_row_69_out]:  wired=1; compound=0; hidden=0; nouse=0; global=0; static=0; extern=0; dir=1; type=0; pingpong=0; private_global=0; IO mode=ap_vld:ce=0
Port [ P_row_68_out]:  wired=1; compound=0; hidden=0; nouse=0; global=0; static=0; extern=0; dir=1; type=0; pingpong=0; private_global=0; IO mode=ap_vld:ce=0
Port [ P_row_67_out]:  wired=1; compound=0; hidden=0; nouse=0; global=0; static=0; extern=0; dir=1; type=0; pingpong=0; private_global=0; IO mode=ap_vld:ce=0
Port [ P_row_66_out]:  wired=1; compound=0; hidden=0; nouse=0; global=0; static=0; extern=0; dir=1; type=0; pingpong=0; private_global=0; IO mode=ap_vld:ce=0
Port [ P_row_65_out]:  wired=1; compound=0; hidden=0; nouse=0; global=0; static=0; extern=0; dir=1; type=0; pingpong=0; private_global=0; IO mode=ap_vld:ce=0
Port [ P_row_64_out]:  wired=1; compound=0; hidden=0; nouse=0; global=0; static=0; extern=0; dir=1; type=0; pingpong=0; private_global=0; IO mode=ap_vld:ce=0
Port [ P_row_63_out]:  wired=1; compound=0; hidden=0; nouse=0; global=0; static=0; extern=0; dir=1; type=0; pingpong=0; private_global=0; IO mode=ap_vld:ce=0
Port [ P_row_62_out]:  wired=1; compound=0; hidden=0; nouse=0; global=0; static=0; extern=0; dir=1; type=0; pingpong=0; private_global=0; IO mode=ap_vld:ce=0
Port [ P_row_61_out]:  wired=1; compound=0; hidden=0; nouse=0; global=0; static=0; extern=0; dir=1; type=0; pingpong=0; private_global=0; IO mode=ap_vld:ce=0
Port [ P_row_60_out]:  wired=1; compound=0; hidden=0; nouse=0; global=0; static=0; extern=0; dir=1; type=0; pingpong=0; private_global=0; IO mode=ap_vld:ce=0
Port [ P_row_59_out]:  wired=1; compound=0; hidden=0; nouse=0; global=0; static=0; extern=0; dir=1; type=0; pingpong=0; private_global=0; IO mode=ap_vld:ce=0
Port [ P_row_58_out]:  wired=1; compound=0; hidden=0; nouse=0; global=0; static=0; extern=0; dir=1; type=0; pingpong=0; private_global=0; IO mode=ap_vld:ce=0
Port [ P_row_57_out]:  wired=1; compound=0; hidden=0; nouse=0; global=0; static=0; extern=0; dir=1; type=0; pingpong=0; private_global=0; IO mode=ap_vld:ce=0
Port [ P_row_56_out]:  wired=1; compound=0; hidden=0; nouse=0; global=0; static=0; extern=0; dir=1; type=0; pingpong=0; private_global=0; IO mode=ap_vld:ce=0
Port [ P_row_55_out]:  wired=1; compound=0; hidden=0; nouse=0; global=0; static=0; extern=0; dir=1; type=0; pingpong=0; private_global=0; IO mode=ap_vld:ce=0
Port [ P_row_54_out]:  wired=1; compound=0; hidden=0; nouse=0; global=0; static=0; extern=0; dir=1; type=0; pingpong=0; private_global=0; IO mode=ap_vld:ce=0
Port [ P_row_53_out]:  wired=1; compound=0; hidden=0; nouse=0; global=0; static=0; extern=0; dir=1; type=0; pingpong=0; private_global=0; IO mode=ap_vld:ce=0
Port [ P_row_52_out]:  wired=1; compound=0; hidden=0; nouse=0; global=0; static=0; extern=0; dir=1; type=0; pingpong=0; private_global=0; IO mode=ap_vld:ce=0
Port [ P_row_51_out]:  wired=1; compound=0; hidden=0; nouse=0; global=0; static=0; extern=0; dir=1; type=0; pingpong=0; private_global=0; IO mode=ap_vld:ce=0
Port [ P_row_50_out]:  wired=1; compound=0; hidden=0; nouse=0; global=0; static=0; extern=0; dir=1; type=0; pingpong=0; private_global=0; IO mode=ap_vld:ce=0
Port [ P_row_49_out]:  wired=1; compound=0; hidden=0; nouse=0; global=0; static=0; extern=0; dir=1; type=0; pingpong=0; private_global=0; IO mode=ap_vld:ce=0
Port [ P_row_48_out]:  wired=1; compound=0; hidden=0; nouse=0; global=0; static=0; extern=0; dir=1; type=0; pingpong=0; private_global=0; IO mode=ap_vld:ce=0
Port [ P_row_47_out]:  wired=1; compound=0; hidden=0; nouse=0; global=0; static=0; extern=0; dir=1; type=0; pingpong=0; private_global=0; IO mode=ap_vld:ce=0
Port [ P_row_46_out]:  wired=1; compound=0; hidden=0; nouse=0; global=0; static=0; extern=0; dir=1; type=0; pingpong=0; private_global=0; IO mode=ap_vld:ce=0
Port [ P_row_45_out]:  wired=1; compound=0; hidden=0; nouse=0; global=0; static=0; extern=0; dir=1; type=0; pingpong=0; private_global=0; IO mode=ap_vld:ce=0
Port [ P_row_44_out]:  wired=1; compound=0; hidden=0; nouse=0; global=0; static=0; extern=0; dir=1; type=0; pingpong=0; private_global=0; IO mode=ap_vld:ce=0
Port [ P_row_43_out]:  wired=1; compound=0; hidden=0; nouse=0; global=0; static=0; extern=0; dir=1; type=0; pingpong=0; private_global=0; IO mode=ap_vld:ce=0
Port [ P_row_42_out]:  wired=1; compound=0; hidden=0; nouse=0; global=0; static=0; extern=0; dir=1; type=0; pingpong=0; private_global=0; IO mode=ap_vld:ce=0
Port [ P_row_41_out]:  wired=1; compound=0; hidden=0; nouse=0; global=0; static=0; extern=0; dir=1; type=0; pingpong=0; private_global=0; IO mode=ap_vld:ce=0
Port [ P_row_40_out]:  wired=1; compound=0; hidden=0; nouse=0; global=0; static=0; extern=0; dir=1; type=0; pingpong=0; private_global=0; IO mode=ap_vld:ce=0
Port [ P_row_39_out]:  wired=1; compound=0; hidden=0; nouse=0; global=0; static=0; extern=0; dir=1; type=0; pingpong=0; private_global=0; IO mode=ap_vld:ce=0
Port [ P_row_38_out]:  wired=1; compound=0; hidden=0; nouse=0; global=0; static=0; extern=0; dir=1; type=0; pingpong=0; private_global=0; IO mode=ap_vld:ce=0
Port [ P_row_37_out]:  wired=1; compound=0; hidden=0; nouse=0; global=0; static=0; extern=0; dir=1; type=0; pingpong=0; private_global=0; IO mode=ap_vld:ce=0
Port [ P_row_36_out]:  wired=1; compound=0; hidden=0; nouse=0; global=0; static=0; extern=0; dir=1; type=0; pingpong=0; private_global=0; IO mode=ap_vld:ce=0
Port [ P_row_35_out]:  wired=1; compound=0; hidden=0; nouse=0; global=0; static=0; extern=0; dir=1; type=0; pingpong=0; private_global=0; IO mode=ap_vld:ce=0
Port [ P_row_34_out]:  wired=1; compound=0; hidden=0; nouse=0; global=0; static=0; extern=0; dir=1; type=0; pingpong=0; private_global=0; IO mode=ap_vld:ce=0
Port [ P_row_33_out]:  wired=1; compound=0; hidden=0; nouse=0; global=0; static=0; extern=0; dir=1; type=0; pingpong=0; private_global=0; IO mode=ap_vld:ce=0
Port [ P_row_32_out]:  wired=1; compound=0; hidden=0; nouse=0; global=0; static=0; extern=0; dir=1; type=0; pingpong=0; private_global=0; IO mode=ap_vld:ce=0
Port [ P_row_31_out]:  wired=1; compound=0; hidden=0; nouse=0; global=0; static=0; extern=0; dir=1; type=0; pingpong=0; private_global=0; IO mode=ap_vld:ce=0
Port [ P_row_30_out]:  wired=1; compound=0; hidden=0; nouse=0; global=0; static=0; extern=0; dir=1; type=0; pingpong=0; private_global=0; IO mode=ap_vld:ce=0
Port [ P_row_29_out]:  wired=1; compound=0; hidden=0; nouse=0; global=0; static=0; extern=0; dir=1; type=0; pingpong=0; private_global=0; IO mode=ap_vld:ce=0
Port [ P_row_28_out]:  wired=1; compound=0; hidden=0; nouse=0; global=0; static=0; extern=0; dir=1; type=0; pingpong=0; private_global=0; IO mode=ap_vld:ce=0
Port [ P_row_27_out]:  wired=1; compound=0; hidden=0; nouse=0; global=0; static=0; extern=0; dir=1; type=0; pingpong=0; private_global=0; IO mode=ap_vld:ce=0
Port [ P_row_26_out]:  wired=1; compound=0; hidden=0; nouse=0; global=0; static=0; extern=0; dir=1; type=0; pingpong=0; private_global=0; IO mode=ap_vld:ce=0
Port [ P_row_25_out]:  wired=1; compound=0; hidden=0; nouse=0; global=0; static=0; extern=0; dir=1; type=0; pingpong=0; private_global=0; IO mode=ap_vld:ce=0
Port [ P_row_24_out]:  wired=1; compound=0; hidden=0; nouse=0; global=0; static=0; extern=0; dir=1; type=0; pingpong=0; private_global=0; IO mode=ap_vld:ce=0
Port [ P_row_23_out]:  wired=1; compound=0; hidden=0; nouse=0; global=0; static=0; extern=0; dir=1; type=0; pingpong=0; private_global=0; IO mode=ap_vld:ce=0
Port [ P_row_22_out]:  wired=1; compound=0; hidden=0; nouse=0; global=0; static=0; extern=0; dir=1; type=0; pingpong=0; private_global=0; IO mode=ap_vld:ce=0
Port [ P_row_21_out]:  wired=1; compound=0; hidden=0; nouse=0; global=0; static=0; extern=0; dir=1; type=0; pingpong=0; private_global=0; IO mode=ap_vld:ce=0
Port [ P_row_20_out]:  wired=1; compound=0; hidden=0; nouse=0; global=0; static=0; extern=0; dir=1; type=0; pingpong=0; private_global=0; IO mode=ap_vld:ce=0
Port [ P_row_19_out]:  wired=1; compound=0; hidden=0; nouse=0; global=0; static=0; extern=0; dir=1; type=0; pingpong=0; private_global=0; IO mode=ap_vld:ce=0
Port [ P_row_18_out]:  wired=1; compound=0; hidden=0; nouse=0; global=0; static=0; extern=0; dir=1; type=0; pingpong=0; private_global=0; IO mode=ap_vld:ce=0
Port [ P_row_17_out]:  wired=1; compound=0; hidden=0; nouse=0; global=0; static=0; extern=0; dir=1; type=0; pingpong=0; private_global=0; IO mode=ap_vld:ce=0
Port [ P_row_16_out]:  wired=1; compound=0; hidden=0; nouse=0; global=0; static=0; extern=0; dir=1; type=0; pingpong=0; private_global=0; IO mode=ap_vld:ce=0
Port [ P_row_15_out]:  wired=1; compound=0; hidden=0; nouse=0; global=0; static=0; extern=0; dir=1; type=0; pingpong=0; private_global=0; IO mode=ap_vld:ce=0
Port [ P_row_14_out]:  wired=1; compound=0; hidden=0; nouse=0; global=0; static=0; extern=0; dir=1; type=0; pingpong=0; private_global=0; IO mode=ap_vld:ce=0
Port [ P_row_13_out]:  wired=1; compound=0; hidden=0; nouse=0; global=0; static=0; extern=0; dir=1; type=0; pingpong=0; private_global=0; IO mode=ap_vld:ce=0
Port [ P_row_12_out]:  wired=1; compound=0; hidden=0; nouse=0; global=0; static=0; extern=0; dir=1; type=0; pingpong=0; private_global=0; IO mode=ap_vld:ce=0
Port [ P_row_11_out]:  wired=1; compound=0; hidden=0; nouse=0; global=0; static=0; extern=0; dir=1; type=0; pingpong=0; private_global=0; IO mode=ap_vld:ce=0
Port [ P_row_10_out]:  wired=1; compound=0; hidden=0; nouse=0; global=0; static=0; extern=0; dir=1; type=0; pingpong=0; private_global=0; IO mode=ap_vld:ce=0
Port [ P_row_9_out]:  wired=1; compound=0; hidden=0; nouse=0; global=0; static=0; extern=0; dir=1; type=0; pingpong=0; private_global=0; IO mode=ap_vld:ce=0
Port [ P_row_8_out]:  wired=1; compound=0; hidden=0; nouse=0; global=0; static=0; extern=0; dir=1; type=0; pingpong=0; private_global=0; IO mode=ap_vld:ce=0
Port [ P_row_7_out]:  wired=1; compound=0; hidden=0; nouse=0; global=0; static=0; extern=0; dir=1; type=0; pingpong=0; private_global=0; IO mode=ap_vld:ce=0
Port [ P_row_6_out]:  wired=1; compound=0; hidden=0; nouse=0; global=0; static=0; extern=0; dir=1; type=0; pingpong=0; private_global=0; IO mode=ap_vld:ce=0
Port [ P_row_5_out]:  wired=1; compound=0; hidden=0; nouse=0; global=0; static=0; extern=0; dir=1; type=0; pingpong=0; private_global=0; IO mode=ap_vld:ce=0
Port [ P_row_4_out]:  wired=1; compound=0; hidden=0; nouse=0; global=0; static=0; extern=0; dir=1; type=0; pingpong=0; private_global=0; IO mode=ap_vld:ce=0
Port [ P_row_3_out]:  wired=1; compound=0; hidden=0; nouse=0; global=0; static=0; extern=0; dir=1; type=0; pingpong=0; private_global=0; IO mode=ap_vld:ce=0
Port [ P_row_2_out]:  wired=1; compound=0; hidden=0; nouse=0; global=0; static=0; extern=0; dir=1; type=0; pingpong=0; private_global=0; IO mode=ap_vld:ce=0
Port [ P_row_1_out]:  wired=1; compound=0; hidden=0; nouse=0; global=0; static=0; extern=0; dir=1; type=0; pingpong=0; private_global=0; IO mode=ap_vld:ce=0
Port [ P_row_out]:  wired=1; compound=0; hidden=0; nouse=0; global=0; static=0; extern=0; dir=1; type=0; pingpong=0; private_global=0; IO mode=ap_vld:ce=0
---------------- STG Properties END ------------------

---------------- Datapath Model BEGIN ----------------

<LifeTime>
<method=bitvector/>
j                  (alloca           ) [ 010000000000000000000000000000000000000000000000000000000000000]
P_row              (alloca           ) [ 011111111111111111111111111111111111111111111111111111111111111]
P_row_1            (alloca           ) [ 011111111111111111111111111111111111111111111111111111111111111]
P_row_2            (alloca           ) [ 011111111111111111111111111111111111111111111111111111111111111]
P_row_3            (alloca           ) [ 011111111111111111111111111111111111111111111111111111111111111]
P_row_4            (alloca           ) [ 011111111111111111111111111111111111111111111111111111111111111]
P_row_5            (alloca           ) [ 011111111111111111111111111111111111111111111111111111111111111]
P_row_6            (alloca           ) [ 011111111111111111111111111111111111111111111111111111111111111]
P_row_7            (alloca           ) [ 011111111111111111111111111111111111111111111111111111111111111]
P_row_8            (alloca           ) [ 011111111111111111111111111111111111111111111111111111111111111]
P_row_9            (alloca           ) [ 011111111111111111111111111111111111111111111111111111111111111]
P_row_10           (alloca           ) [ 011111111111111111111111111111111111111111111111111111111111111]
P_row_11           (alloca           ) [ 011111111111111111111111111111111111111111111111111111111111111]
P_row_12           (alloca           ) [ 011111111111111111111111111111111111111111111111111111111111111]
P_row_13           (alloca           ) [ 011111111111111111111111111111111111111111111111111111111111111]
P_row_14           (alloca           ) [ 011111111111111111111111111111111111111111111111111111111111111]
P_row_15           (alloca           ) [ 011111111111111111111111111111111111111111111111111111111111111]
P_row_16           (alloca           ) [ 011111111111111111111111111111111111111111111111111111111111111]
P_row_17           (alloca           ) [ 011111111111111111111111111111111111111111111111111111111111111]
P_row_18           (alloca           ) [ 011111111111111111111111111111111111111111111111111111111111111]
P_row_19           (alloca           ) [ 011111111111111111111111111111111111111111111111111111111111111]
P_row_20           (alloca           ) [ 011111111111111111111111111111111111111111111111111111111111111]
P_row_21           (alloca           ) [ 011111111111111111111111111111111111111111111111111111111111111]
P_row_22           (alloca           ) [ 011111111111111111111111111111111111111111111111111111111111111]
P_row_23           (alloca           ) [ 011111111111111111111111111111111111111111111111111111111111111]
P_row_24           (alloca           ) [ 011111111111111111111111111111111111111111111111111111111111111]
P_row_25           (alloca           ) [ 011111111111111111111111111111111111111111111111111111111111111]
P_row_26           (alloca           ) [ 011111111111111111111111111111111111111111111111111111111111111]
P_row_27           (alloca           ) [ 011111111111111111111111111111111111111111111111111111111111111]
P_row_28           (alloca           ) [ 011111111111111111111111111111111111111111111111111111111111111]
P_row_29           (alloca           ) [ 011111111111111111111111111111111111111111111111111111111111111]
P_row_30           (alloca           ) [ 011111111111111111111111111111111111111111111111111111111111111]
P_row_31           (alloca           ) [ 011111111111111111111111111111111111111111111111111111111111111]
P_row_32           (alloca           ) [ 011111111111111111111111111111111111111111111111111111111111111]
P_row_33           (alloca           ) [ 011111111111111111111111111111111111111111111111111111111111111]
P_row_34           (alloca           ) [ 011111111111111111111111111111111111111111111111111111111111111]
P_row_35           (alloca           ) [ 011111111111111111111111111111111111111111111111111111111111111]
P_row_36           (alloca           ) [ 011111111111111111111111111111111111111111111111111111111111111]
P_row_37           (alloca           ) [ 011111111111111111111111111111111111111111111111111111111111111]
P_row_38           (alloca           ) [ 011111111111111111111111111111111111111111111111111111111111111]
P_row_39           (alloca           ) [ 011111111111111111111111111111111111111111111111111111111111111]
P_row_40           (alloca           ) [ 011111111111111111111111111111111111111111111111111111111111111]
P_row_41           (alloca           ) [ 011111111111111111111111111111111111111111111111111111111111111]
P_row_42           (alloca           ) [ 011111111111111111111111111111111111111111111111111111111111111]
P_row_43           (alloca           ) [ 011111111111111111111111111111111111111111111111111111111111111]
P_row_44           (alloca           ) [ 011111111111111111111111111111111111111111111111111111111111111]
P_row_45           (alloca           ) [ 011111111111111111111111111111111111111111111111111111111111111]
P_row_46           (alloca           ) [ 011111111111111111111111111111111111111111111111111111111111111]
P_row_47           (alloca           ) [ 011111111111111111111111111111111111111111111111111111111111111]
P_row_48           (alloca           ) [ 011111111111111111111111111111111111111111111111111111111111111]
P_row_49           (alloca           ) [ 011111111111111111111111111111111111111111111111111111111111111]
P_row_50           (alloca           ) [ 011111111111111111111111111111111111111111111111111111111111111]
P_row_51           (alloca           ) [ 011111111111111111111111111111111111111111111111111111111111111]
P_row_52           (alloca           ) [ 011111111111111111111111111111111111111111111111111111111111111]
P_row_53           (alloca           ) [ 011111111111111111111111111111111111111111111111111111111111111]
P_row_54           (alloca           ) [ 011111111111111111111111111111111111111111111111111111111111111]
P_row_55           (alloca           ) [ 011111111111111111111111111111111111111111111111111111111111111]
P_row_56           (alloca           ) [ 011111111111111111111111111111111111111111111111111111111111111]
P_row_57           (alloca           ) [ 011111111111111111111111111111111111111111111111111111111111111]
P_row_58           (alloca           ) [ 011111111111111111111111111111111111111111111111111111111111111]
P_row_59           (alloca           ) [ 011111111111111111111111111111111111111111111111111111111111111]
P_row_60           (alloca           ) [ 011111111111111111111111111111111111111111111111111111111111111]
P_row_61           (alloca           ) [ 011111111111111111111111111111111111111111111111111111111111111]
P_row_62           (alloca           ) [ 011111111111111111111111111111111111111111111111111111111111111]
P_row_63           (alloca           ) [ 011111111111111111111111111111111111111111111111111111111111111]
P_row_64           (alloca           ) [ 011111111111111111111111111111111111111111111111111111111111111]
P_row_65           (alloca           ) [ 011111111111111111111111111111111111111111111111111111111111111]
P_row_66           (alloca           ) [ 011111111111111111111111111111111111111111111111111111111111111]
P_row_67           (alloca           ) [ 011111111111111111111111111111111111111111111111111111111111111]
P_row_68           (alloca           ) [ 011111111111111111111111111111111111111111111111111111111111111]
P_row_69           (alloca           ) [ 011111111111111111111111111111111111111111111111111111111111111]
P_row_70           (alloca           ) [ 011111111111111111111111111111111111111111111111111111111111111]
P_row_71           (alloca           ) [ 011111111111111111111111111111111111111111111111111111111111111]
P_row_72           (alloca           ) [ 011111111111111111111111111111111111111111111111111111111111111]
P_row_73           (alloca           ) [ 011111111111111111111111111111111111111111111111111111111111111]
P_row_74           (alloca           ) [ 011111111111111111111111111111111111111111111111111111111111111]
P_row_75           (alloca           ) [ 011111111111111111111111111111111111111111111111111111111111111]
P_row_76           (alloca           ) [ 011111111111111111111111111111111111111111111111111111111111111]
P_row_77           (alloca           ) [ 011111111111111111111111111111111111111111111111111111111111111]
P_row_78           (alloca           ) [ 011111111111111111111111111111111111111111111111111111111111111]
P_row_79           (alloca           ) [ 011111111111111111111111111111111111111111111111111111111111111]
P_row_80           (alloca           ) [ 011111111111111111111111111111111111111111111111111111111111111]
P_row_81           (alloca           ) [ 011111111111111111111111111111111111111111111111111111111111111]
P_row_82           (alloca           ) [ 011111111111111111111111111111111111111111111111111111111111111]
P_row_83           (alloca           ) [ 011111111111111111111111111111111111111111111111111111111111111]
P_row_84           (alloca           ) [ 011111111111111111111111111111111111111111111111111111111111111]
P_row_85           (alloca           ) [ 011111111111111111111111111111111111111111111111111111111111111]
P_row_86           (alloca           ) [ 011111111111111111111111111111111111111111111111111111111111111]
P_row_87           (alloca           ) [ 011111111111111111111111111111111111111111111111111111111111111]
P_row_88           (alloca           ) [ 011111111111111111111111111111111111111111111111111111111111111]
P_row_89           (alloca           ) [ 011111111111111111111111111111111111111111111111111111111111111]
P_row_90           (alloca           ) [ 011111111111111111111111111111111111111111111111111111111111111]
P_row_91           (alloca           ) [ 011111111111111111111111111111111111111111111111111111111111111]
P_row_92           (alloca           ) [ 011111111111111111111111111111111111111111111111111111111111111]
P_row_93           (alloca           ) [ 011111111111111111111111111111111111111111111111111111111111111]
P_row_94           (alloca           ) [ 011111111111111111111111111111111111111111111111111111111111111]
P_row_95           (alloca           ) [ 011111111111111111111111111111111111111111111111111111111111111]
P_row_96           (alloca           ) [ 011111111111111111111111111111111111111111111111111111111111111]
P_row_97           (alloca           ) [ 011111111111111111111111111111111111111111111111111111111111111]
P_row_98           (alloca           ) [ 011111111111111111111111111111111111111111111111111111111111111]
P_row_99           (alloca           ) [ 011111111111111111111111111111111111111111111111111111111111111]
P_row_100          (alloca           ) [ 011111111111111111111111111111111111111111111111111111111111111]
P_row_101          (alloca           ) [ 011111111111111111111111111111111111111111111111111111111111111]
P_row_102          (alloca           ) [ 011111111111111111111111111111111111111111111111111111111111111]
P_row_103          (alloca           ) [ 011111111111111111111111111111111111111111111111111111111111111]
P_row_104          (alloca           ) [ 011111111111111111111111111111111111111111111111111111111111111]
P_row_105          (alloca           ) [ 011111111111111111111111111111111111111111111111111111111111111]
P_row_106          (alloca           ) [ 011111111111111111111111111111111111111111111111111111111111111]
P_row_107          (alloca           ) [ 011111111111111111111111111111111111111111111111111111111111111]
P_row_108          (alloca           ) [ 011111111111111111111111111111111111111111111111111111111111111]
P_row_109          (alloca           ) [ 011111111111111111111111111111111111111111111111111111111111111]
P_row_110          (alloca           ) [ 011111111111111111111111111111111111111111111111111111111111111]
P_row_111          (alloca           ) [ 011111111111111111111111111111111111111111111111111111111111111]
P_row_112          (alloca           ) [ 011111111111111111111111111111111111111111111111111111111111111]
P_row_113          (alloca           ) [ 011111111111111111111111111111111111111111111111111111111111111]
P_row_114          (alloca           ) [ 011111111111111111111111111111111111111111111111111111111111111]
P_row_115          (alloca           ) [ 011111111111111111111111111111111111111111111111111111111111111]
P_row_116          (alloca           ) [ 011111111111111111111111111111111111111111111111111111111111111]
P_row_117          (alloca           ) [ 011111111111111111111111111111111111111111111111111111111111111]
P_row_118          (alloca           ) [ 011111111111111111111111111111111111111111111111111111111111111]
P_row_119          (alloca           ) [ 011111111111111111111111111111111111111111111111111111111111111]
P_row_120          (alloca           ) [ 011111111111111111111111111111111111111111111111111111111111111]
P_row_121          (alloca           ) [ 011111111111111111111111111111111111111111111111111111111111111]
P_row_122          (alloca           ) [ 011111111111111111111111111111111111111111111111111111111111111]
P_row_123          (alloca           ) [ 011111111111111111111111111111111111111111111111111111111111111]
P_row_124          (alloca           ) [ 011111111111111111111111111111111111111111111111111111111111111]
P_row_125          (alloca           ) [ 011111111111111111111111111111111111111111111111111111111111111]
P_row_126          (alloca           ) [ 011111111111111111111111111111111111111111111111111111111111111]
P_row_127          (alloca           ) [ 011111111111111111111111111111111111111111111111111111111111111]
m_new_read         (read             ) [ 011111111100000000000000000000000000000000000000000000000000000]
trunc_ln187_read   (read             ) [ 000000000000000000000000000000000000000000000000000000000000000]
i_32               (read             ) [ 000000000000000000000000000000000000000000000000000000000000000]
store_ln0          (store            ) [ 000000000000000000000000000000000000000000000000000000000000000]
br_ln0             (br               ) [ 000000000000000000000000000000000000000000000000000000000000000]
j_1                (load             ) [ 000000000000000000000000000000000000000000000000000000000000000]
icmp_ln168         (icmp             ) [ 011111111111111111111111111111111111111111111111111111111111111]
empty              (speclooptripcount) [ 000000000000000000000000000000000000000000000000000000000000000]
add_ln168          (add              ) [ 000000000000000000000000000000000000000000000000000000000000000]
br_ln168           (br               ) [ 000000000000000000000000000000000000000000000000000000000000000]
trunc_ln168        (trunc            ) [ 011111111111111111111111111111111111111111111111111111111111111]
trunc_ln168_1      (trunc            ) [ 011000000000000000000000000000000000000000000000000000000000000]
lshr_ln3           (partselect       ) [ 000000000000000000000000000000000000000000000000000000000000000]
tmp_s              (bitconcatenate   ) [ 000000000000000000000000000000000000000000000000000000000000000]
zext_ln170         (zext             ) [ 000000000000000000000000000000000000000000000000000000000000000]
scores_addr        (getelementptr    ) [ 011000000000000000000000000000000000000000000000000000000000000]
scores_1_addr      (getelementptr    ) [ 011000000000000000000000000000000000000000000000000000000000000]
scores_2_addr      (getelementptr    ) [ 011000000000000000000000000000000000000000000000000000000000000]
scores_3_addr      (getelementptr    ) [ 011000000000000000000000000000000000000000000000000000000000000]
scores_4_addr      (getelementptr    ) [ 011000000000000000000000000000000000000000000000000000000000000]
scores_5_addr      (getelementptr    ) [ 011000000000000000000000000000000000000000000000000000000000000]
scores_6_addr      (getelementptr    ) [ 011000000000000000000000000000000000000000000000000000000000000]
scores_7_addr      (getelementptr    ) [ 011000000000000000000000000000000000000000000000000000000000000]
switch_ln170       (switch           ) [ 000000000000000000000000000000000000000000000000000000000000000]
store_ln168        (store            ) [ 000000000000000000000000000000000000000000000000000000000000000]
br_ln168           (br               ) [ 000000000000000000000000000000000000000000000000000000000000000]
scores_load        (load             ) [ 000000000000000000000000000000000000000000000000000000000000000]
scores_1_load      (load             ) [ 000000000000000000000000000000000000000000000000000000000000000]
scores_2_load      (load             ) [ 000000000000000000000000000000000000000000000000000000000000000]
scores_3_load      (load             ) [ 000000000000000000000000000000000000000000000000000000000000000]
scores_4_load      (load             ) [ 000000000000000000000000000000000000000000000000000000000000000]
scores_5_load      (load             ) [ 000000000000000000000000000000000000000000000000000000000000000]
scores_6_load      (load             ) [ 000000000000000000000000000000000000000000000000000000000000000]
scores_7_load      (load             ) [ 000000000000000000000000000000000000000000000000000000000000000]
tmp_4              (mux              ) [ 010111111100000000000000000000000000000000000000000000000000000]
x_assign_2         (fsub             ) [ 010000000011100000000000000000000000000000000000000000000000000]
bitcast_ln32       (bitcast          ) [ 010000000000100000000000000000000000000000000000000000000000000]
tmp_134            (partselect       ) [ 000000000000000000000000000000000000000000000000000000000000000]
trunc_ln32         (trunc            ) [ 000000000000000000000000000000000000000000000000000000000000000]
icmp_ln32          (icmp             ) [ 000000000000000000000000000000000000000000000000000000000000000]
icmp_ln32_1        (icmp             ) [ 000000000000000000000000000000000000000000000000000000000000000]
or_ln32            (or               ) [ 010000000000100000000000000000000000000000000000000000000000000]
tmp_135            (fcmp             ) [ 000000000000000000000000000000000000000000000000000000000000000]
and_ln32           (and              ) [ 010000000001111111111111111111111111111111111111111111111111111]
specpipeline_ln169 (specpipeline     ) [ 000000000000000000000000000000000000000000000000000000000000000]
specloopname_ln165 (specloopname     ) [ 000000000000000000000000000000000000000000000000000000000000000]
br_ln32            (br               ) [ 010000000000111111111111111111111111111111111111111111111111111]
tmp_136            (fcmp             ) [ 000000000000000000000000000000000000000000000000000000000000000]
and_ln33           (and              ) [ 000000000000000000000000000000000000000000000000000000000000000]
xor_ln35           (xor              ) [ 000000000000000000000000000000000000000000000000000000000000000]
bitcast_ln35       (bitcast          ) [ 000000000000000000000000000000000000000000000000000000000000000]
select_ln35        (select           ) [ 010000000000011111111111111110000000000000000000000000000000000]
dc                 (fdiv             ) [ 010000000000000000000000000001111111111111110000000000000000000]
data_V             (bitcast          ) [ 000000000000000000000000000000000000000000000000000000000000000]
p_Result_s         (bitselect        ) [ 010000000000000000000000000000100000000000000000000000000000000]
xs_exp_V           (partselect       ) [ 000000000000000000000000000000000000000000000000000000000000000]
p_Result_1         (trunc            ) [ 000000000000000000000000000000000000000000000000000000000000000]
mantissa           (bitconcatenate   ) [ 000000000000000000000000000000000000000000000000000000000000000]
zext_ln15          (zext             ) [ 000000000000000000000000000000000000000000000000000000000000000]
zext_ln346         (zext             ) [ 000000000000000000000000000000000000000000000000000000000000000]
add_ln346          (add              ) [ 000000000000000000000000000000000000000000000000000000000000000]
isNeg              (bitselect        ) [ 000000000000000000000000000000000000000000000000000000000000000]
sub_ln1512         (sub              ) [ 000000000000000000000000000000000000000000000000000000000000000]
sext_ln1512        (sext             ) [ 000000000000000000000000000000000000000000000000000000000000000]
ush                (select           ) [ 000000000000000000000000000000000000000000000000000000000000000]
sext_ln1488        (sext             ) [ 000000000000000000000000000000000000000000000000000000000000000]
zext_ln1488        (zext             ) [ 000000000000000000000000000000000000000000000000000000000000000]
r_V                (lshr             ) [ 000000000000000000000000000000000000000000000000000000000000000]
r_V_1              (shl              ) [ 000000000000000000000000000000000000000000000000000000000000000]
tmp                (bitselect        ) [ 000000000000000000000000000000000000000000000000000000000000000]
zext_ln818         (zext             ) [ 000000000000000000000000000000000000000000000000000000000000000]
tmp_137            (partselect       ) [ 000000000000000000000000000000000000000000000000000000000000000]
val                (select           ) [ 010000000000000000000000000000100000000000000000000000000000000]
result_V_2         (sub              ) [ 000000000000000000000000000000000000000000000000000000000000000]
result_V           (select           ) [ 010000000000000000000000000000010000000000000000000000000000000]
tmp_1              (partselect       ) [ 000000000000000000000000000000000000000000000000000000000000000]
icmp_ln36          (icmp             ) [ 010000000000000000000000000000010000000000000000000000000000000]
idx_1              (select           ) [ 010000000000000000000000000000001111111111111111111000000000000]
trunc_ln35         (trunc            ) [ 010000000000000000000000000000001111111111110000000000000000000]
conv9_i            (sitofp           ) [ 010000000000000000000000000000000000011111110000000000000000000]
frac               (fsub             ) [ 010000000000000000000000000000000000000000001111111000000000000]
tmp_6              (mux              ) [ 010000000000000000000000000000000000000000001111000000000000000]
mul14_i            (fmul             ) [ 010000000000000000000000000000000000000000000000111111111111110]
tmp_5              (mux              ) [ 010000000000000000000000000000000000000000000000000111100000000]
sub11_i            (fsub             ) [ 010000000000000000000000000000000000000000000000000111100000000]
mul_i              (fmul             ) [ 010000000000000000000000000000000000000000000000000000011111110]
add15_i            (fadd             ) [ 010000000000100000000000000000000000000000000000000000000000001]
br_ln0             (br               ) [ 000000000000000000000000000000000000000000000000000000000000000]
P_row_128          (phi              ) [ 010000000000000000000000000000000000000000000000000000000000001]
store_ln170        (store            ) [ 000000000000000000000000000000000000000000000000000000000000000]
br_ln170           (br               ) [ 000000000000000000000000000000000000000000000000000000000000000]
store_ln170        (store            ) [ 000000000000000000000000000000000000000000000000000000000000000]
br_ln170           (br               ) [ 000000000000000000000000000000000000000000000000000000000000000]
store_ln170        (store            ) [ 000000000000000000000000000000000000000000000000000000000000000]
br_ln170           (br               ) [ 000000000000000000000000000000000000000000000000000000000000000]
store_ln170        (store            ) [ 000000000000000000000000000000000000000000000000000000000000000]
br_ln170           (br               ) [ 000000000000000000000000000000000000000000000000000000000000000]
store_ln170        (store            ) [ 000000000000000000000000000000000000000000000000000000000000000]
br_ln170           (br               ) [ 000000000000000000000000000000000000000000000000000000000000000]
store_ln170        (store            ) [ 000000000000000000000000000000000000000000000000000000000000000]
br_ln170           (br               ) [ 000000000000000000000000000000000000000000000000000000000000000]
store_ln170        (store            ) [ 000000000000000000000000000000000000000000000000000000000000000]
br_ln170           (br               ) [ 000000000000000000000000000000000000000000000000000000000000000]
store_ln170        (store            ) [ 000000000000000000000000000000000000000000000000000000000000000]
br_ln170           (br               ) [ 000000000000000000000000000000000000000000000000000000000000000]
store_ln170        (store            ) [ 000000000000000000000000000000000000000000000000000000000000000]
br_ln170           (br               ) [ 000000000000000000000000000000000000000000000000000000000000000]
store_ln170        (store            ) [ 000000000000000000000000000000000000000000000000000000000000000]
br_ln170           (br               ) [ 000000000000000000000000000000000000000000000000000000000000000]
store_ln170        (store            ) [ 000000000000000000000000000000000000000000000000000000000000000]
br_ln170           (br               ) [ 000000000000000000000000000000000000000000000000000000000000000]
store_ln170        (store            ) [ 000000000000000000000000000000000000000000000000000000000000000]
br_ln170           (br               ) [ 000000000000000000000000000000000000000000000000000000000000000]
store_ln170        (store            ) [ 000000000000000000000000000000000000000000000000000000000000000]
br_ln170           (br               ) [ 000000000000000000000000000000000000000000000000000000000000000]
store_ln170        (store            ) [ 000000000000000000000000000000000000000000000000000000000000000]
br_ln170           (br               ) [ 000000000000000000000000000000000000000000000000000000000000000]
store_ln170        (store            ) [ 000000000000000000000000000000000000000000000000000000000000000]
br_ln170           (br               ) [ 000000000000000000000000000000000000000000000000000000000000000]
store_ln170        (store            ) [ 000000000000000000000000000000000000000000000000000000000000000]
br_ln170           (br               ) [ 000000000000000000000000000000000000000000000000000000000000000]
store_ln170        (store            ) [ 000000000000000000000000000000000000000000000000000000000000000]
br_ln170           (br               ) [ 000000000000000000000000000000000000000000000000000000000000000]
store_ln170        (store            ) [ 000000000000000000000000000000000000000000000000000000000000000]
br_ln170           (br               ) [ 000000000000000000000000000000000000000000000000000000000000000]
store_ln170        (store            ) [ 000000000000000000000000000000000000000000000000000000000000000]
br_ln170           (br               ) [ 000000000000000000000000000000000000000000000000000000000000000]
store_ln170        (store            ) [ 000000000000000000000000000000000000000000000000000000000000000]
br_ln170           (br               ) [ 000000000000000000000000000000000000000000000000000000000000000]
store_ln170        (store            ) [ 000000000000000000000000000000000000000000000000000000000000000]
br_ln170           (br               ) [ 000000000000000000000000000000000000000000000000000000000000000]
store_ln170        (store            ) [ 000000000000000000000000000000000000000000000000000000000000000]
br_ln170           (br               ) [ 000000000000000000000000000000000000000000000000000000000000000]
store_ln170        (store            ) [ 000000000000000000000000000000000000000000000000000000000000000]
br_ln170           (br               ) [ 000000000000000000000000000000000000000000000000000000000000000]
store_ln170        (store            ) [ 000000000000000000000000000000000000000000000000000000000000000]
br_ln170           (br               ) [ 000000000000000000000000000000000000000000000000000000000000000]
store_ln170        (store            ) [ 000000000000000000000000000000000000000000000000000000000000000]
br_ln170           (br               ) [ 000000000000000000000000000000000000000000000000000000000000000]
store_ln170        (store            ) [ 000000000000000000000000000000000000000000000000000000000000000]
br_ln170           (br               ) [ 000000000000000000000000000000000000000000000000000000000000000]
store_ln170        (store            ) [ 000000000000000000000000000000000000000000000000000000000000000]
br_ln170           (br               ) [ 000000000000000000000000000000000000000000000000000000000000000]
store_ln170        (store            ) [ 000000000000000000000000000000000000000000000000000000000000000]
br_ln170           (br               ) [ 000000000000000000000000000000000000000000000000000000000000000]
store_ln170        (store            ) [ 000000000000000000000000000000000000000000000000000000000000000]
br_ln170           (br               ) [ 000000000000000000000000000000000000000000000000000000000000000]
store_ln170        (store            ) [ 000000000000000000000000000000000000000000000000000000000000000]
br_ln170           (br               ) [ 000000000000000000000000000000000000000000000000000000000000000]
store_ln170        (store            ) [ 000000000000000000000000000000000000000000000000000000000000000]
br_ln170           (br               ) [ 000000000000000000000000000000000000000000000000000000000000000]
store_ln170        (store            ) [ 000000000000000000000000000000000000000000000000000000000000000]
br_ln170           (br               ) [ 000000000000000000000000000000000000000000000000000000000000000]
store_ln170        (store            ) [ 000000000000000000000000000000000000000000000000000000000000000]
br_ln170           (br               ) [ 000000000000000000000000000000000000000000000000000000000000000]
store_ln170        (store            ) [ 000000000000000000000000000000000000000000000000000000000000000]
br_ln170           (br               ) [ 000000000000000000000000000000000000000000000000000000000000000]
store_ln170        (store            ) [ 000000000000000000000000000000000000000000000000000000000000000]
br_ln170           (br               ) [ 000000000000000000000000000000000000000000000000000000000000000]
store_ln170        (store            ) [ 000000000000000000000000000000000000000000000000000000000000000]
br_ln170           (br               ) [ 000000000000000000000000000000000000000000000000000000000000000]
store_ln170        (store            ) [ 000000000000000000000000000000000000000000000000000000000000000]
br_ln170           (br               ) [ 000000000000000000000000000000000000000000000000000000000000000]
store_ln170        (store            ) [ 000000000000000000000000000000000000000000000000000000000000000]
br_ln170           (br               ) [ 000000000000000000000000000000000000000000000000000000000000000]
store_ln170        (store            ) [ 000000000000000000000000000000000000000000000000000000000000000]
br_ln170           (br               ) [ 000000000000000000000000000000000000000000000000000000000000000]
store_ln170        (store            ) [ 000000000000000000000000000000000000000000000000000000000000000]
br_ln170           (br               ) [ 000000000000000000000000000000000000000000000000000000000000000]
store_ln170        (store            ) [ 000000000000000000000000000000000000000000000000000000000000000]
br_ln170           (br               ) [ 000000000000000000000000000000000000000000000000000000000000000]
store_ln170        (store            ) [ 000000000000000000000000000000000000000000000000000000000000000]
br_ln170           (br               ) [ 000000000000000000000000000000000000000000000000000000000000000]
store_ln170        (store            ) [ 000000000000000000000000000000000000000000000000000000000000000]
br_ln170           (br               ) [ 000000000000000000000000000000000000000000000000000000000000000]
store_ln170        (store            ) [ 000000000000000000000000000000000000000000000000000000000000000]
br_ln170           (br               ) [ 000000000000000000000000000000000000000000000000000000000000000]
store_ln170        (store            ) [ 000000000000000000000000000000000000000000000000000000000000000]
br_ln170           (br               ) [ 000000000000000000000000000000000000000000000000000000000000000]
store_ln170        (store            ) [ 000000000000000000000000000000000000000000000000000000000000000]
br_ln170           (br               ) [ 000000000000000000000000000000000000000000000000000000000000000]
store_ln170        (store            ) [ 000000000000000000000000000000000000000000000000000000000000000]
br_ln170           (br               ) [ 000000000000000000000000000000000000000000000000000000000000000]
store_ln170        (store            ) [ 000000000000000000000000000000000000000000000000000000000000000]
br_ln170           (br               ) [ 000000000000000000000000000000000000000000000000000000000000000]
store_ln170        (store            ) [ 000000000000000000000000000000000000000000000000000000000000000]
br_ln170           (br               ) [ 000000000000000000000000000000000000000000000000000000000000000]
store_ln170        (store            ) [ 000000000000000000000000000000000000000000000000000000000000000]
br_ln170           (br               ) [ 000000000000000000000000000000000000000000000000000000000000000]
store_ln170        (store            ) [ 000000000000000000000000000000000000000000000000000000000000000]
br_ln170           (br               ) [ 000000000000000000000000000000000000000000000000000000000000000]
store_ln170        (store            ) [ 000000000000000000000000000000000000000000000000000000000000000]
br_ln170           (br               ) [ 000000000000000000000000000000000000000000000000000000000000000]
store_ln170        (store            ) [ 000000000000000000000000000000000000000000000000000000000000000]
br_ln170           (br               ) [ 000000000000000000000000000000000000000000000000000000000000000]
store_ln170        (store            ) [ 000000000000000000000000000000000000000000000000000000000000000]
br_ln170           (br               ) [ 000000000000000000000000000000000000000000000000000000000000000]
store_ln170        (store            ) [ 000000000000000000000000000000000000000000000000000000000000000]
br_ln170           (br               ) [ 000000000000000000000000000000000000000000000000000000000000000]
store_ln170        (store            ) [ 000000000000000000000000000000000000000000000000000000000000000]
br_ln170           (br               ) [ 000000000000000000000000000000000000000000000000000000000000000]
store_ln170        (store            ) [ 000000000000000000000000000000000000000000000000000000000000000]
br_ln170           (br               ) [ 000000000000000000000000000000000000000000000000000000000000000]
store_ln170        (store            ) [ 000000000000000000000000000000000000000000000000000000000000000]
br_ln170           (br               ) [ 000000000000000000000000000000000000000000000000000000000000000]
store_ln170        (store            ) [ 000000000000000000000000000000000000000000000000000000000000000]
br_ln170           (br               ) [ 000000000000000000000000000000000000000000000000000000000000000]
store_ln170        (store            ) [ 000000000000000000000000000000000000000000000000000000000000000]
br_ln170           (br               ) [ 000000000000000000000000000000000000000000000000000000000000000]
store_ln170        (store            ) [ 000000000000000000000000000000000000000000000000000000000000000]
br_ln170           (br               ) [ 000000000000000000000000000000000000000000000000000000000000000]
store_ln170        (store            ) [ 000000000000000000000000000000000000000000000000000000000000000]
br_ln170           (br               ) [ 000000000000000000000000000000000000000000000000000000000000000]
store_ln170        (store            ) [ 000000000000000000000000000000000000000000000000000000000000000]
br_ln170           (br               ) [ 000000000000000000000000000000000000000000000000000000000000000]
store_ln170        (store            ) [ 000000000000000000000000000000000000000000000000000000000000000]
br_ln170           (br               ) [ 000000000000000000000000000000000000000000000000000000000000000]
store_ln170        (store            ) [ 000000000000000000000000000000000000000000000000000000000000000]
br_ln170           (br               ) [ 000000000000000000000000000000000000000000000000000000000000000]
store_ln170        (store            ) [ 000000000000000000000000000000000000000000000000000000000000000]
br_ln170           (br               ) [ 000000000000000000000000000000000000000000000000000000000000000]
store_ln170        (store            ) [ 000000000000000000000000000000000000000000000000000000000000000]
br_ln170           (br               ) [ 000000000000000000000000000000000000000000000000000000000000000]
store_ln170        (store            ) [ 000000000000000000000000000000000000000000000000000000000000000]
br_ln170           (br               ) [ 000000000000000000000000000000000000000000000000000000000000000]
store_ln170        (store            ) [ 000000000000000000000000000000000000000000000000000000000000000]
br_ln170           (br               ) [ 000000000000000000000000000000000000000000000000000000000000000]
store_ln170        (store            ) [ 000000000000000000000000000000000000000000000000000000000000000]
br_ln170           (br               ) [ 000000000000000000000000000000000000000000000000000000000000000]
store_ln170        (store            ) [ 000000000000000000000000000000000000000000000000000000000000000]
br_ln170           (br               ) [ 000000000000000000000000000000000000000000000000000000000000000]
store_ln170        (store            ) [ 000000000000000000000000000000000000000000000000000000000000000]
br_ln170           (br               ) [ 000000000000000000000000000000000000000000000000000000000000000]
store_ln170        (store            ) [ 000000000000000000000000000000000000000000000000000000000000000]
br_ln170           (br               ) [ 000000000000000000000000000000000000000000000000000000000000000]
store_ln170        (store            ) [ 000000000000000000000000000000000000000000000000000000000000000]
br_ln170           (br               ) [ 000000000000000000000000000000000000000000000000000000000000000]
store_ln170        (store            ) [ 000000000000000000000000000000000000000000000000000000000000000]
br_ln170           (br               ) [ 000000000000000000000000000000000000000000000000000000000000000]
store_ln170        (store            ) [ 000000000000000000000000000000000000000000000000000000000000000]
br_ln170           (br               ) [ 000000000000000000000000000000000000000000000000000000000000000]
store_ln170        (store            ) [ 000000000000000000000000000000000000000000000000000000000000000]
br_ln170           (br               ) [ 000000000000000000000000000000000000000000000000000000000000000]
store_ln170        (store            ) [ 000000000000000000000000000000000000000000000000000000000000000]
br_ln170           (br               ) [ 000000000000000000000000000000000000000000000000000000000000000]
store_ln170        (store            ) [ 000000000000000000000000000000000000000000000000000000000000000]
br_ln170           (br               ) [ 000000000000000000000000000000000000000000000000000000000000000]
store_ln170        (store            ) [ 000000000000000000000000000000000000000000000000000000000000000]
br_ln170           (br               ) [ 000000000000000000000000000000000000000000000000000000000000000]
store_ln170        (store            ) [ 000000000000000000000000000000000000000000000000000000000000000]
br_ln170           (br               ) [ 000000000000000000000000000000000000000000000000000000000000000]
store_ln170        (store            ) [ 000000000000000000000000000000000000000000000000000000000000000]
br_ln170           (br               ) [ 000000000000000000000000000000000000000000000000000000000000000]
store_ln170        (store            ) [ 000000000000000000000000000000000000000000000000000000000000000]
br_ln170           (br               ) [ 000000000000000000000000000000000000000000000000000000000000000]
store_ln170        (store            ) [ 000000000000000000000000000000000000000000000000000000000000000]
br_ln170           (br               ) [ 000000000000000000000000000000000000000000000000000000000000000]
store_ln170        (store            ) [ 000000000000000000000000000000000000000000000000000000000000000]
br_ln170           (br               ) [ 000000000000000000000000000000000000000000000000000000000000000]
store_ln170        (store            ) [ 000000000000000000000000000000000000000000000000000000000000000]
br_ln170           (br               ) [ 000000000000000000000000000000000000000000000000000000000000000]
store_ln170        (store            ) [ 000000000000000000000000000000000000000000000000000000000000000]
br_ln170           (br               ) [ 000000000000000000000000000000000000000000000000000000000000000]
store_ln170        (store            ) [ 000000000000000000000000000000000000000000000000000000000000000]
br_ln170           (br               ) [ 000000000000000000000000000000000000000000000000000000000000000]
store_ln170        (store            ) [ 000000000000000000000000000000000000000000000000000000000000000]
br_ln170           (br               ) [ 000000000000000000000000000000000000000000000000000000000000000]
store_ln170        (store            ) [ 000000000000000000000000000000000000000000000000000000000000000]
br_ln170           (br               ) [ 000000000000000000000000000000000000000000000000000000000000000]
store_ln170        (store            ) [ 000000000000000000000000000000000000000000000000000000000000000]
br_ln170           (br               ) [ 000000000000000000000000000000000000000000000000000000000000000]
store_ln170        (store            ) [ 000000000000000000000000000000000000000000000000000000000000000]
br_ln170           (br               ) [ 000000000000000000000000000000000000000000000000000000000000000]
store_ln170        (store            ) [ 000000000000000000000000000000000000000000000000000000000000000]
br_ln170           (br               ) [ 000000000000000000000000000000000000000000000000000000000000000]
store_ln170        (store            ) [ 000000000000000000000000000000000000000000000000000000000000000]
br_ln170           (br               ) [ 000000000000000000000000000000000000000000000000000000000000000]
store_ln170        (store            ) [ 000000000000000000000000000000000000000000000000000000000000000]
br_ln170           (br               ) [ 000000000000000000000000000000000000000000000000000000000000000]
store_ln170        (store            ) [ 000000000000000000000000000000000000000000000000000000000000000]
br_ln170           (br               ) [ 000000000000000000000000000000000000000000000000000000000000000]
store_ln170        (store            ) [ 000000000000000000000000000000000000000000000000000000000000000]
br_ln170           (br               ) [ 000000000000000000000000000000000000000000000000000000000000000]
store_ln170        (store            ) [ 000000000000000000000000000000000000000000000000000000000000000]
br_ln170           (br               ) [ 000000000000000000000000000000000000000000000000000000000000000]
store_ln170        (store            ) [ 000000000000000000000000000000000000000000000000000000000000000]
br_ln170           (br               ) [ 000000000000000000000000000000000000000000000000000000000000000]
store_ln170        (store            ) [ 000000000000000000000000000000000000000000000000000000000000000]
br_ln170           (br               ) [ 000000000000000000000000000000000000000000000000000000000000000]
store_ln170        (store            ) [ 000000000000000000000000000000000000000000000000000000000000000]
br_ln170           (br               ) [ 000000000000000000000000000000000000000000000000000000000000000]
store_ln170        (store            ) [ 000000000000000000000000000000000000000000000000000000000000000]
br_ln170           (br               ) [ 000000000000000000000000000000000000000000000000000000000000000]
store_ln170        (store            ) [ 000000000000000000000000000000000000000000000000000000000000000]
br_ln170           (br               ) [ 000000000000000000000000000000000000000000000000000000000000000]
store_ln170        (store            ) [ 000000000000000000000000000000000000000000000000000000000000000]
br_ln170           (br               ) [ 000000000000000000000000000000000000000000000000000000000000000]
store_ln170        (store            ) [ 000000000000000000000000000000000000000000000000000000000000000]
br_ln170           (br               ) [ 000000000000000000000000000000000000000000000000000000000000000]
store_ln170        (store            ) [ 000000000000000000000000000000000000000000000000000000000000000]
br_ln170           (br               ) [ 000000000000000000000000000000000000000000000000000000000000000]
store_ln170        (store            ) [ 000000000000000000000000000000000000000000000000000000000000000]
br_ln170           (br               ) [ 000000000000000000000000000000000000000000000000000000000000000]
store_ln170        (store            ) [ 000000000000000000000000000000000000000000000000000000000000000]
br_ln170           (br               ) [ 000000000000000000000000000000000000000000000000000000000000000]
store_ln170        (store            ) [ 000000000000000000000000000000000000000000000000000000000000000]
br_ln170           (br               ) [ 000000000000000000000000000000000000000000000000000000000000000]
store_ln170        (store            ) [ 000000000000000000000000000000000000000000000000000000000000000]
br_ln170           (br               ) [ 000000000000000000000000000000000000000000000000000000000000000]
store_ln170        (store            ) [ 000000000000000000000000000000000000000000000000000000000000000]
br_ln170           (br               ) [ 000000000000000000000000000000000000000000000000000000000000000]
store_ln170        (store            ) [ 000000000000000000000000000000000000000000000000000000000000000]
br_ln170           (br               ) [ 000000000000000000000000000000000000000000000000000000000000000]
store_ln170        (store            ) [ 000000000000000000000000000000000000000000000000000000000000000]
br_ln170           (br               ) [ 000000000000000000000000000000000000000000000000000000000000000]
store_ln170        (store            ) [ 000000000000000000000000000000000000000000000000000000000000000]
br_ln170           (br               ) [ 000000000000000000000000000000000000000000000000000000000000000]
store_ln170        (store            ) [ 000000000000000000000000000000000000000000000000000000000000000]
br_ln170           (br               ) [ 000000000000000000000000000000000000000000000000000000000000000]
store_ln170        (store            ) [ 000000000000000000000000000000000000000000000000000000000000000]
br_ln170           (br               ) [ 000000000000000000000000000000000000000000000000000000000000000]
store_ln170        (store            ) [ 000000000000000000000000000000000000000000000000000000000000000]
br_ln170           (br               ) [ 000000000000000000000000000000000000000000000000000000000000000]
store_ln170        (store            ) [ 000000000000000000000000000000000000000000000000000000000000000]
br_ln170           (br               ) [ 000000000000000000000000000000000000000000000000000000000000000]
store_ln170        (store            ) [ 000000000000000000000000000000000000000000000000000000000000000]
br_ln170           (br               ) [ 000000000000000000000000000000000000000000000000000000000000000]
store_ln170        (store            ) [ 000000000000000000000000000000000000000000000000000000000000000]
br_ln170           (br               ) [ 000000000000000000000000000000000000000000000000000000000000000]
store_ln170        (store            ) [ 000000000000000000000000000000000000000000000000000000000000000]
br_ln170           (br               ) [ 000000000000000000000000000000000000000000000000000000000000000]
store_ln170        (store            ) [ 000000000000000000000000000000000000000000000000000000000000000]
br_ln170           (br               ) [ 000000000000000000000000000000000000000000000000000000000000000]
store_ln170        (store            ) [ 000000000000000000000000000000000000000000000000000000000000000]
br_ln170           (br               ) [ 000000000000000000000000000000000000000000000000000000000000000]
store_ln170        (store            ) [ 000000000000000000000000000000000000000000000000000000000000000]
br_ln170           (br               ) [ 000000000000000000000000000000000000000000000000000000000000000]
store_ln170        (store            ) [ 000000000000000000000000000000000000000000000000000000000000000]
br_ln170           (br               ) [ 000000000000000000000000000000000000000000000000000000000000000]
store_ln170        (store            ) [ 000000000000000000000000000000000000000000000000000000000000000]
br_ln170           (br               ) [ 000000000000000000000000000000000000000000000000000000000000000]
store_ln170        (store            ) [ 000000000000000000000000000000000000000000000000000000000000000]
br_ln170           (br               ) [ 000000000000000000000000000000000000000000000000000000000000000]
store_ln170        (store            ) [ 000000000000000000000000000000000000000000000000000000000000000]
br_ln170           (br               ) [ 000000000000000000000000000000000000000000000000000000000000000]
P_row_load         (load             ) [ 000000000000000000000000000000000000000000000000000000000000000]
P_row_1_load       (load             ) [ 000000000000000000000000000000000000000000000000000000000000000]
P_row_2_load       (load             ) [ 000000000000000000000000000000000000000000000000000000000000000]
P_row_3_load       (load             ) [ 000000000000000000000000000000000000000000000000000000000000000]
P_row_4_load       (load             ) [ 000000000000000000000000000000000000000000000000000000000000000]
P_row_5_load       (load             ) [ 000000000000000000000000000000000000000000000000000000000000000]
P_row_6_load       (load             ) [ 000000000000000000000000000000000000000000000000000000000000000]
P_row_7_load       (load             ) [ 000000000000000000000000000000000000000000000000000000000000000]
P_row_8_load       (load             ) [ 000000000000000000000000000000000000000000000000000000000000000]
P_row_9_load       (load             ) [ 000000000000000000000000000000000000000000000000000000000000000]
P_row_10_load      (load             ) [ 000000000000000000000000000000000000000000000000000000000000000]
P_row_11_load      (load             ) [ 000000000000000000000000000000000000000000000000000000000000000]
P_row_12_load      (load             ) [ 000000000000000000000000000000000000000000000000000000000000000]
P_row_13_load      (load             ) [ 000000000000000000000000000000000000000000000000000000000000000]
P_row_14_load      (load             ) [ 000000000000000000000000000000000000000000000000000000000000000]
P_row_15_load      (load             ) [ 000000000000000000000000000000000000000000000000000000000000000]
P_row_16_load      (load             ) [ 000000000000000000000000000000000000000000000000000000000000000]
P_row_17_load      (load             ) [ 000000000000000000000000000000000000000000000000000000000000000]
P_row_18_load      (load             ) [ 000000000000000000000000000000000000000000000000000000000000000]
P_row_19_load      (load             ) [ 000000000000000000000000000000000000000000000000000000000000000]
P_row_20_load      (load             ) [ 000000000000000000000000000000000000000000000000000000000000000]
P_row_21_load      (load             ) [ 000000000000000000000000000000000000000000000000000000000000000]
P_row_22_load      (load             ) [ 000000000000000000000000000000000000000000000000000000000000000]
P_row_23_load      (load             ) [ 000000000000000000000000000000000000000000000000000000000000000]
P_row_24_load      (load             ) [ 000000000000000000000000000000000000000000000000000000000000000]
P_row_25_load      (load             ) [ 000000000000000000000000000000000000000000000000000000000000000]
P_row_26_load      (load             ) [ 000000000000000000000000000000000000000000000000000000000000000]
P_row_27_load      (load             ) [ 000000000000000000000000000000000000000000000000000000000000000]
P_row_28_load      (load             ) [ 000000000000000000000000000000000000000000000000000000000000000]
P_row_29_load      (load             ) [ 000000000000000000000000000000000000000000000000000000000000000]
P_row_30_load      (load             ) [ 000000000000000000000000000000000000000000000000000000000000000]
P_row_31_load      (load             ) [ 000000000000000000000000000000000000000000000000000000000000000]
P_row_32_load      (load             ) [ 000000000000000000000000000000000000000000000000000000000000000]
P_row_33_load      (load             ) [ 000000000000000000000000000000000000000000000000000000000000000]
P_row_34_load      (load             ) [ 000000000000000000000000000000000000000000000000000000000000000]
P_row_35_load      (load             ) [ 000000000000000000000000000000000000000000000000000000000000000]
P_row_36_load      (load             ) [ 000000000000000000000000000000000000000000000000000000000000000]
P_row_37_load      (load             ) [ 000000000000000000000000000000000000000000000000000000000000000]
P_row_38_load      (load             ) [ 000000000000000000000000000000000000000000000000000000000000000]
P_row_39_load      (load             ) [ 000000000000000000000000000000000000000000000000000000000000000]
P_row_40_load      (load             ) [ 000000000000000000000000000000000000000000000000000000000000000]
P_row_41_load      (load             ) [ 000000000000000000000000000000000000000000000000000000000000000]
P_row_42_load      (load             ) [ 000000000000000000000000000000000000000000000000000000000000000]
P_row_43_load      (load             ) [ 000000000000000000000000000000000000000000000000000000000000000]
P_row_44_load      (load             ) [ 000000000000000000000000000000000000000000000000000000000000000]
P_row_45_load      (load             ) [ 000000000000000000000000000000000000000000000000000000000000000]
P_row_46_load      (load             ) [ 000000000000000000000000000000000000000000000000000000000000000]
P_row_47_load      (load             ) [ 000000000000000000000000000000000000000000000000000000000000000]
P_row_48_load      (load             ) [ 000000000000000000000000000000000000000000000000000000000000000]
P_row_49_load      (load             ) [ 000000000000000000000000000000000000000000000000000000000000000]
P_row_50_load      (load             ) [ 000000000000000000000000000000000000000000000000000000000000000]
P_row_51_load      (load             ) [ 000000000000000000000000000000000000000000000000000000000000000]
P_row_52_load      (load             ) [ 000000000000000000000000000000000000000000000000000000000000000]
P_row_53_load      (load             ) [ 000000000000000000000000000000000000000000000000000000000000000]
P_row_54_load      (load             ) [ 000000000000000000000000000000000000000000000000000000000000000]
P_row_55_load      (load             ) [ 000000000000000000000000000000000000000000000000000000000000000]
P_row_56_load      (load             ) [ 000000000000000000000000000000000000000000000000000000000000000]
P_row_57_load      (load             ) [ 000000000000000000000000000000000000000000000000000000000000000]
P_row_58_load      (load             ) [ 000000000000000000000000000000000000000000000000000000000000000]
P_row_59_load      (load             ) [ 000000000000000000000000000000000000000000000000000000000000000]
P_row_60_load      (load             ) [ 000000000000000000000000000000000000000000000000000000000000000]
P_row_61_load      (load             ) [ 000000000000000000000000000000000000000000000000000000000000000]
P_row_62_load      (load             ) [ 000000000000000000000000000000000000000000000000000000000000000]
P_row_63_load      (load             ) [ 000000000000000000000000000000000000000000000000000000000000000]
P_row_64_load      (load             ) [ 000000000000000000000000000000000000000000000000000000000000000]
P_row_65_load      (load             ) [ 000000000000000000000000000000000000000000000000000000000000000]
P_row_66_load      (load             ) [ 000000000000000000000000000000000000000000000000000000000000000]
P_row_67_load      (load             ) [ 000000000000000000000000000000000000000000000000000000000000000]
P_row_68_load      (load             ) [ 000000000000000000000000000000000000000000000000000000000000000]
P_row_69_load      (load             ) [ 000000000000000000000000000000000000000000000000000000000000000]
P_row_70_load      (load             ) [ 000000000000000000000000000000000000000000000000000000000000000]
P_row_71_load      (load             ) [ 000000000000000000000000000000000000000000000000000000000000000]
P_row_72_load      (load             ) [ 000000000000000000000000000000000000000000000000000000000000000]
P_row_73_load      (load             ) [ 000000000000000000000000000000000000000000000000000000000000000]
P_row_74_load      (load             ) [ 000000000000000000000000000000000000000000000000000000000000000]
P_row_75_load      (load             ) [ 000000000000000000000000000000000000000000000000000000000000000]
P_row_76_load      (load             ) [ 000000000000000000000000000000000000000000000000000000000000000]
P_row_77_load      (load             ) [ 000000000000000000000000000000000000000000000000000000000000000]
P_row_78_load      (load             ) [ 000000000000000000000000000000000000000000000000000000000000000]
P_row_79_load      (load             ) [ 000000000000000000000000000000000000000000000000000000000000000]
P_row_80_load      (load             ) [ 000000000000000000000000000000000000000000000000000000000000000]
P_row_81_load      (load             ) [ 000000000000000000000000000000000000000000000000000000000000000]
P_row_82_load      (load             ) [ 000000000000000000000000000000000000000000000000000000000000000]
P_row_83_load      (load             ) [ 000000000000000000000000000000000000000000000000000000000000000]
P_row_84_load      (load             ) [ 000000000000000000000000000000000000000000000000000000000000000]
P_row_85_load      (load             ) [ 000000000000000000000000000000000000000000000000000000000000000]
P_row_86_load      (load             ) [ 000000000000000000000000000000000000000000000000000000000000000]
P_row_87_load      (load             ) [ 000000000000000000000000000000000000000000000000000000000000000]
P_row_88_load      (load             ) [ 000000000000000000000000000000000000000000000000000000000000000]
P_row_89_load      (load             ) [ 000000000000000000000000000000000000000000000000000000000000000]
P_row_90_load      (load             ) [ 000000000000000000000000000000000000000000000000000000000000000]
P_row_91_load      (load             ) [ 000000000000000000000000000000000000000000000000000000000000000]
P_row_92_load      (load             ) [ 000000000000000000000000000000000000000000000000000000000000000]
P_row_93_load      (load             ) [ 000000000000000000000000000000000000000000000000000000000000000]
P_row_94_load      (load             ) [ 000000000000000000000000000000000000000000000000000000000000000]
P_row_95_load      (load             ) [ 000000000000000000000000000000000000000000000000000000000000000]
P_row_96_load      (load             ) [ 000000000000000000000000000000000000000000000000000000000000000]
P_row_97_load      (load             ) [ 000000000000000000000000000000000000000000000000000000000000000]
P_row_98_load      (load             ) [ 000000000000000000000000000000000000000000000000000000000000000]
P_row_99_load      (load             ) [ 000000000000000000000000000000000000000000000000000000000000000]
P_row_100_load     (load             ) [ 000000000000000000000000000000000000000000000000000000000000000]
P_row_101_load     (load             ) [ 000000000000000000000000000000000000000000000000000000000000000]
P_row_102_load     (load             ) [ 000000000000000000000000000000000000000000000000000000000000000]
P_row_103_load     (load             ) [ 000000000000000000000000000000000000000000000000000000000000000]
P_row_104_load     (load             ) [ 000000000000000000000000000000000000000000000000000000000000000]
P_row_105_load     (load             ) [ 000000000000000000000000000000000000000000000000000000000000000]
P_row_106_load     (load             ) [ 000000000000000000000000000000000000000000000000000000000000000]
P_row_107_load     (load             ) [ 000000000000000000000000000000000000000000000000000000000000000]
P_row_108_load     (load             ) [ 000000000000000000000000000000000000000000000000000000000000000]
P_row_109_load     (load             ) [ 000000000000000000000000000000000000000000000000000000000000000]
P_row_110_load     (load             ) [ 000000000000000000000000000000000000000000000000000000000000000]
P_row_111_load     (load             ) [ 000000000000000000000000000000000000000000000000000000000000000]
P_row_112_load     (load             ) [ 000000000000000000000000000000000000000000000000000000000000000]
P_row_113_load     (load             ) [ 000000000000000000000000000000000000000000000000000000000000000]
P_row_114_load     (load             ) [ 000000000000000000000000000000000000000000000000000000000000000]
P_row_115_load     (load             ) [ 000000000000000000000000000000000000000000000000000000000000000]
P_row_116_load     (load             ) [ 000000000000000000000000000000000000000000000000000000000000000]
P_row_117_load     (load             ) [ 000000000000000000000000000000000000000000000000000000000000000]
P_row_118_load     (load             ) [ 000000000000000000000000000000000000000000000000000000000000000]
P_row_119_load     (load             ) [ 000000000000000000000000000000000000000000000000000000000000000]
P_row_120_load     (load             ) [ 000000000000000000000000000000000000000000000000000000000000000]
P_row_121_load     (load             ) [ 000000000000000000000000000000000000000000000000000000000000000]
P_row_122_load     (load             ) [ 000000000000000000000000000000000000000000000000000000000000000]
P_row_123_load     (load             ) [ 000000000000000000000000000000000000000000000000000000000000000]
P_row_124_load     (load             ) [ 000000000000000000000000000000000000000000000000000000000000000]
P_row_125_load     (load             ) [ 000000000000000000000000000000000000000000000000000000000000000]
P_row_126_load     (load             ) [ 000000000000000000000000000000000000000000000000000000000000000]
P_row_127_load     (load             ) [ 000000000000000000000000000000000000000000000000000000000000000]
write_ln0          (write            ) [ 000000000000000000000000000000000000000000000000000000000000000]
write_ln0          (write            ) [ 000000000000000000000000000000000000000000000000000000000000000]
write_ln0          (write            ) [ 000000000000000000000000000000000000000000000000000000000000000]
write_ln0          (write            ) [ 000000000000000000000000000000000000000000000000000000000000000]
write_ln0          (write            ) [ 000000000000000000000000000000000000000000000000000000000000000]
write_ln0          (write            ) [ 000000000000000000000000000000000000000000000000000000000000000]
write_ln0          (write            ) [ 000000000000000000000000000000000000000000000000000000000000000]
write_ln0          (write            ) [ 000000000000000000000000000000000000000000000000000000000000000]
write_ln0          (write            ) [ 000000000000000000000000000000000000000000000000000000000000000]
write_ln0          (write            ) [ 000000000000000000000000000000000000000000000000000000000000000]
write_ln0          (write            ) [ 000000000000000000000000000000000000000000000000000000000000000]
write_ln0          (write            ) [ 000000000000000000000000000000000000000000000000000000000000000]
write_ln0          (write            ) [ 000000000000000000000000000000000000000000000000000000000000000]
write_ln0          (write            ) [ 000000000000000000000000000000000000000000000000000000000000000]
write_ln0          (write            ) [ 000000000000000000000000000000000000000000000000000000000000000]
write_ln0          (write            ) [ 000000000000000000000000000000000000000000000000000000000000000]
write_ln0          (write            ) [ 000000000000000000000000000000000000000000000000000000000000000]
write_ln0          (write            ) [ 000000000000000000000000000000000000000000000000000000000000000]
write_ln0          (write            ) [ 000000000000000000000000000000000000000000000000000000000000000]
write_ln0          (write            ) [ 000000000000000000000000000000000000000000000000000000000000000]
write_ln0          (write            ) [ 000000000000000000000000000000000000000000000000000000000000000]
write_ln0          (write            ) [ 000000000000000000000000000000000000000000000000000000000000000]
write_ln0          (write            ) [ 000000000000000000000000000000000000000000000000000000000000000]
write_ln0          (write            ) [ 000000000000000000000000000000000000000000000000000000000000000]
write_ln0          (write            ) [ 000000000000000000000000000000000000000000000000000000000000000]
write_ln0          (write            ) [ 000000000000000000000000000000000000000000000000000000000000000]
write_ln0          (write            ) [ 000000000000000000000000000000000000000000000000000000000000000]
write_ln0          (write            ) [ 000000000000000000000000000000000000000000000000000000000000000]
write_ln0          (write            ) [ 000000000000000000000000000000000000000000000000000000000000000]
write_ln0          (write            ) [ 000000000000000000000000000000000000000000000000000000000000000]
write_ln0          (write            ) [ 000000000000000000000000000000000000000000000000000000000000000]
write_ln0          (write            ) [ 000000000000000000000000000000000000000000000000000000000000000]
write_ln0          (write            ) [ 000000000000000000000000000000000000000000000000000000000000000]
write_ln0          (write            ) [ 000000000000000000000000000000000000000000000000000000000000000]
write_ln0          (write            ) [ 000000000000000000000000000000000000000000000000000000000000000]
write_ln0          (write            ) [ 000000000000000000000000000000000000000000000000000000000000000]
write_ln0          (write            ) [ 000000000000000000000000000000000000000000000000000000000000000]
write_ln0          (write            ) [ 000000000000000000000000000000000000000000000000000000000000000]
write_ln0          (write            ) [ 000000000000000000000000000000000000000000000000000000000000000]
write_ln0          (write            ) [ 000000000000000000000000000000000000000000000000000000000000000]
write_ln0          (write            ) [ 000000000000000000000000000000000000000000000000000000000000000]
write_ln0          (write            ) [ 000000000000000000000000000000000000000000000000000000000000000]
write_ln0          (write            ) [ 000000000000000000000000000000000000000000000000000000000000000]
write_ln0          (write            ) [ 000000000000000000000000000000000000000000000000000000000000000]
write_ln0          (write            ) [ 000000000000000000000000000000000000000000000000000000000000000]
write_ln0          (write            ) [ 000000000000000000000000000000000000000000000000000000000000000]
write_ln0          (write            ) [ 000000000000000000000000000000000000000000000000000000000000000]
write_ln0          (write            ) [ 000000000000000000000000000000000000000000000000000000000000000]
write_ln0          (write            ) [ 000000000000000000000000000000000000000000000000000000000000000]
write_ln0          (write            ) [ 000000000000000000000000000000000000000000000000000000000000000]
write_ln0          (write            ) [ 000000000000000000000000000000000000000000000000000000000000000]
write_ln0          (write            ) [ 000000000000000000000000000000000000000000000000000000000000000]
write_ln0          (write            ) [ 000000000000000000000000000000000000000000000000000000000000000]
write_ln0          (write            ) [ 000000000000000000000000000000000000000000000000000000000000000]
write_ln0          (write            ) [ 000000000000000000000000000000000000000000000000000000000000000]
write_ln0          (write            ) [ 000000000000000000000000000000000000000000000000000000000000000]
write_ln0          (write            ) [ 000000000000000000000000000000000000000000000000000000000000000]
write_ln0          (write            ) [ 000000000000000000000000000000000000000000000000000000000000000]
write_ln0          (write            ) [ 000000000000000000000000000000000000000000000000000000000000000]
write_ln0          (write            ) [ 000000000000000000000000000000000000000000000000000000000000000]
write_ln0          (write            ) [ 000000000000000000000000000000000000000000000000000000000000000]
write_ln0          (write            ) [ 000000000000000000000000000000000000000000000000000000000000000]
write_ln0          (write            ) [ 000000000000000000000000000000000000000000000000000000000000000]
write_ln0          (write            ) [ 000000000000000000000000000000000000000000000000000000000000000]
write_ln0          (write            ) [ 000000000000000000000000000000000000000000000000000000000000000]
write_ln0          (write            ) [ 000000000000000000000000000000000000000000000000000000000000000]
write_ln0          (write            ) [ 000000000000000000000000000000000000000000000000000000000000000]
write_ln0          (write            ) [ 000000000000000000000000000000000000000000000000000000000000000]
write_ln0          (write            ) [ 000000000000000000000000000000000000000000000000000000000000000]
write_ln0          (write            ) [ 000000000000000000000000000000000000000000000000000000000000000]
write_ln0          (write            ) [ 000000000000000000000000000000000000000000000000000000000000000]
write_ln0          (write            ) [ 000000000000000000000000000000000000000000000000000000000000000]
write_ln0          (write            ) [ 000000000000000000000000000000000000000000000000000000000000000]
write_ln0          (write            ) [ 000000000000000000000000000000000000000000000000000000000000000]
write_ln0          (write            ) [ 000000000000000000000000000000000000000000000000000000000000000]
write_ln0          (write            ) [ 000000000000000000000000000000000000000000000000000000000000000]
write_ln0          (write            ) [ 000000000000000000000000000000000000000000000000000000000000000]
write_ln0          (write            ) [ 000000000000000000000000000000000000000000000000000000000000000]
write_ln0          (write            ) [ 000000000000000000000000000000000000000000000000000000000000000]
write_ln0          (write            ) [ 000000000000000000000000000000000000000000000000000000000000000]
write_ln0          (write            ) [ 000000000000000000000000000000000000000000000000000000000000000]
write_ln0          (write            ) [ 000000000000000000000000000000000000000000000000000000000000000]
write_ln0          (write            ) [ 000000000000000000000000000000000000000000000000000000000000000]
write_ln0          (write            ) [ 000000000000000000000000000000000000000000000000000000000000000]
write_ln0          (write            ) [ 000000000000000000000000000000000000000000000000000000000000000]
write_ln0          (write            ) [ 000000000000000000000000000000000000000000000000000000000000000]
write_ln0          (write            ) [ 000000000000000000000000000000000000000000000000000000000000000]
write_ln0          (write            ) [ 000000000000000000000000000000000000000000000000000000000000000]
write_ln0          (write            ) [ 000000000000000000000000000000000000000000000000000000000000000]
write_ln0          (write            ) [ 000000000000000000000000000000000000000000000000000000000000000]
write_ln0          (write            ) [ 000000000000000000000000000000000000000000000000000000000000000]
write_ln0          (write            ) [ 000000000000000000000000000000000000000000000000000000000000000]
write_ln0          (write            ) [ 000000000000000000000000000000000000000000000000000000000000000]
write_ln0          (write            ) [ 000000000000000000000000000000000000000000000000000000000000000]
write_ln0          (write            ) [ 000000000000000000000000000000000000000000000000000000000000000]
write_ln0          (write            ) [ 000000000000000000000000000000000000000000000000000000000000000]
write_ln0          (write            ) [ 000000000000000000000000000000000000000000000000000000000000000]
write_ln0          (write            ) [ 000000000000000000000000000000000000000000000000000000000000000]
write_ln0          (write            ) [ 000000000000000000000000000000000000000000000000000000000000000]
write_ln0          (write            ) [ 000000000000000000000000000000000000000000000000000000000000000]
write_ln0          (write            ) [ 000000000000000000000000000000000000000000000000000000000000000]
write_ln0          (write            ) [ 000000000000000000000000000000000000000000000000000000000000000]
write_ln0          (write            ) [ 000000000000000000000000000000000000000000000000000000000000000]
write_ln0          (write            ) [ 000000000000000000000000000000000000000000000000000000000000000]
write_ln0          (write            ) [ 000000000000000000000000000000000000000000000000000000000000000]
write_ln0          (write            ) [ 000000000000000000000000000000000000000000000000000000000000000]
write_ln0          (write            ) [ 000000000000000000000000000000000000000000000000000000000000000]
write_ln0          (write            ) [ 000000000000000000000000000000000000000000000000000000000000000]
write_ln0          (write            ) [ 000000000000000000000000000000000000000000000000000000000000000]
write_ln0          (write            ) [ 000000000000000000000000000000000000000000000000000000000000000]
write_ln0          (write            ) [ 000000000000000000000000000000000000000000000000000000000000000]
write_ln0          (write            ) [ 000000000000000000000000000000000000000000000000000000000000000]
write_ln0          (write            ) [ 000000000000000000000000000000000000000000000000000000000000000]
write_ln0          (write            ) [ 000000000000000000000000000000000000000000000000000000000000000]
write_ln0          (write            ) [ 000000000000000000000000000000000000000000000000000000000000000]
write_ln0          (write            ) [ 000000000000000000000000000000000000000000000000000000000000000]
write_ln0          (write            ) [ 000000000000000000000000000000000000000000000000000000000000000]
write_ln0          (write            ) [ 000000000000000000000000000000000000000000000000000000000000000]
write_ln0          (write            ) [ 000000000000000000000000000000000000000000000000000000000000000]
write_ln0          (write            ) [ 000000000000000000000000000000000000000000000000000000000000000]
write_ln0          (write            ) [ 000000000000000000000000000000000000000000000000000000000000000]
write_ln0          (write            ) [ 000000000000000000000000000000000000000000000000000000000000000]
write_ln0          (write            ) [ 000000000000000000000000000000000000000000000000000000000000000]
write_ln0          (write            ) [ 000000000000000000000000000000000000000000000000000000000000000]
write_ln0          (write            ) [ 000000000000000000000000000000000000000000000000000000000000000]
write_ln0          (write            ) [ 000000000000000000000000000000000000000000000000000000000000000]
write_ln0          (write            ) [ 000000000000000000000000000000000000000000000000000000000000000]
write_ln0          (write            ) [ 000000000000000000000000000000000000000000000000000000000000000]
ret_ln0            (ret              ) [ 000000000000000000000000000000000000000000000000000000000000000]
</LifeTime>

<model>

<comp_list>
<comp id="0" class="1000" name="i_3">
<pin_list>
<pin id="1" dir="1" index="0" bw="1" slack="0"/>
</pin_list>
<bind>
<StgValue><ssdm name="i_3"/></StgValue>
</bind>
</comp>

<comp id="2" class="1000" name="trunc_ln187">
<pin_list>
<pin id="3" dir="1" index="0" bw="1" slack="0"/>
</pin_list>
<bind>
<StgValue><ssdm name="trunc_ln187"/></StgValue>
</bind>
</comp>

<comp id="4" class="1000" name="scores">
<pin_list>
<pin id="5" dir="1" index="0" bw="1" slack="0"/>
</pin_list>
<bind>
<StgValue><ssdm name="scores"/><MemPortTyVec>1 3 </MemPortTyVec>
</StgValue>
</bind>
</comp>

<comp id="6" class="1000" name="scores_1">
<pin_list>
<pin id="7" dir="1" index="0" bw="1" slack="0"/>
</pin_list>
<bind>
<StgValue><ssdm name="scores_1"/><MemPortTyVec>1 3 </MemPortTyVec>
</StgValue>
</bind>
</comp>

<comp id="8" class="1000" name="scores_2">
<pin_list>
<pin id="9" dir="1" index="0" bw="1" slack="0"/>
</pin_list>
<bind>
<StgValue><ssdm name="scores_2"/><MemPortTyVec>1 3 </MemPortTyVec>
</StgValue>
</bind>
</comp>

<comp id="10" class="1000" name="scores_3">
<pin_list>
<pin id="11" dir="1" index="0" bw="1" slack="0"/>
</pin_list>
<bind>
<StgValue><ssdm name="scores_3"/><MemPortTyVec>1 3 </MemPortTyVec>
</StgValue>
</bind>
</comp>

<comp id="12" class="1000" name="scores_4">
<pin_list>
<pin id="13" dir="1" index="0" bw="1" slack="0"/>
</pin_list>
<bind>
<StgValue><ssdm name="scores_4"/><MemPortTyVec>1 3 </MemPortTyVec>
</StgValue>
</bind>
</comp>

<comp id="14" class="1000" name="scores_5">
<pin_list>
<pin id="15" dir="1" index="0" bw="1" slack="0"/>
</pin_list>
<bind>
<StgValue><ssdm name="scores_5"/><MemPortTyVec>1 3 </MemPortTyVec>
</StgValue>
</bind>
</comp>

<comp id="16" class="1000" name="scores_6">
<pin_list>
<pin id="17" dir="1" index="0" bw="1" slack="0"/>
</pin_list>
<bind>
<StgValue><ssdm name="scores_6"/><MemPortTyVec>1 3 </MemPortTyVec>
</StgValue>
</bind>
</comp>

<comp id="18" class="1000" name="scores_7">
<pin_list>
<pin id="19" dir="1" index="0" bw="1" slack="0"/>
</pin_list>
<bind>
<StgValue><ssdm name="scores_7"/><MemPortTyVec>1 3 </MemPortTyVec>
</StgValue>
</bind>
</comp>

<comp id="20" class="1000" name="m_new">
<pin_list>
<pin id="21" dir="1" index="0" bw="1" slack="0"/>
</pin_list>
<bind>
<StgValue><ssdm name="m_new"/></StgValue>
</bind>
</comp>

<comp id="22" class="1000" name="P_row_127_out">
<pin_list>
<pin id="23" dir="1" index="0" bw="1" slack="0"/>
</pin_list>
<bind>
<StgValue><ssdm name="P_row_127_out"/></StgValue>
</bind>
</comp>

<comp id="24" class="1000" name="P_row_126_out">
<pin_list>
<pin id="25" dir="1" index="0" bw="1" slack="0"/>
</pin_list>
<bind>
<StgValue><ssdm name="P_row_126_out"/></StgValue>
</bind>
</comp>

<comp id="26" class="1000" name="P_row_125_out">
<pin_list>
<pin id="27" dir="1" index="0" bw="1" slack="0"/>
</pin_list>
<bind>
<StgValue><ssdm name="P_row_125_out"/></StgValue>
</bind>
</comp>

<comp id="28" class="1000" name="P_row_124_out">
<pin_list>
<pin id="29" dir="1" index="0" bw="1" slack="0"/>
</pin_list>
<bind>
<StgValue><ssdm name="P_row_124_out"/></StgValue>
</bind>
</comp>

<comp id="30" class="1000" name="P_row_123_out">
<pin_list>
<pin id="31" dir="1" index="0" bw="1" slack="0"/>
</pin_list>
<bind>
<StgValue><ssdm name="P_row_123_out"/></StgValue>
</bind>
</comp>

<comp id="32" class="1000" name="P_row_122_out">
<pin_list>
<pin id="33" dir="1" index="0" bw="1" slack="0"/>
</pin_list>
<bind>
<StgValue><ssdm name="P_row_122_out"/></StgValue>
</bind>
</comp>

<comp id="34" class="1000" name="P_row_121_out">
<pin_list>
<pin id="35" dir="1" index="0" bw="1" slack="0"/>
</pin_list>
<bind>
<StgValue><ssdm name="P_row_121_out"/></StgValue>
</bind>
</comp>

<comp id="36" class="1000" name="P_row_120_out">
<pin_list>
<pin id="37" dir="1" index="0" bw="1" slack="0"/>
</pin_list>
<bind>
<StgValue><ssdm name="P_row_120_out"/></StgValue>
</bind>
</comp>

<comp id="38" class="1000" name="P_row_119_out">
<pin_list>
<pin id="39" dir="1" index="0" bw="1" slack="0"/>
</pin_list>
<bind>
<StgValue><ssdm name="P_row_119_out"/></StgValue>
</bind>
</comp>

<comp id="40" class="1000" name="P_row_118_out">
<pin_list>
<pin id="41" dir="1" index="0" bw="1" slack="0"/>
</pin_list>
<bind>
<StgValue><ssdm name="P_row_118_out"/></StgValue>
</bind>
</comp>

<comp id="42" class="1000" name="P_row_117_out">
<pin_list>
<pin id="43" dir="1" index="0" bw="1" slack="0"/>
</pin_list>
<bind>
<StgValue><ssdm name="P_row_117_out"/></StgValue>
</bind>
</comp>

<comp id="44" class="1000" name="P_row_116_out">
<pin_list>
<pin id="45" dir="1" index="0" bw="1" slack="0"/>
</pin_list>
<bind>
<StgValue><ssdm name="P_row_116_out"/></StgValue>
</bind>
</comp>

<comp id="46" class="1000" name="P_row_115_out">
<pin_list>
<pin id="47" dir="1" index="0" bw="1" slack="0"/>
</pin_list>
<bind>
<StgValue><ssdm name="P_row_115_out"/></StgValue>
</bind>
</comp>

<comp id="48" class="1000" name="P_row_114_out">
<pin_list>
<pin id="49" dir="1" index="0" bw="1" slack="0"/>
</pin_list>
<bind>
<StgValue><ssdm name="P_row_114_out"/></StgValue>
</bind>
</comp>

<comp id="50" class="1000" name="P_row_113_out">
<pin_list>
<pin id="51" dir="1" index="0" bw="1" slack="0"/>
</pin_list>
<bind>
<StgValue><ssdm name="P_row_113_out"/></StgValue>
</bind>
</comp>

<comp id="52" class="1000" name="P_row_112_out">
<pin_list>
<pin id="53" dir="1" index="0" bw="1" slack="0"/>
</pin_list>
<bind>
<StgValue><ssdm name="P_row_112_out"/></StgValue>
</bind>
</comp>

<comp id="54" class="1000" name="P_row_111_out">
<pin_list>
<pin id="55" dir="1" index="0" bw="1" slack="0"/>
</pin_list>
<bind>
<StgValue><ssdm name="P_row_111_out"/></StgValue>
</bind>
</comp>

<comp id="56" class="1000" name="P_row_110_out">
<pin_list>
<pin id="57" dir="1" index="0" bw="1" slack="0"/>
</pin_list>
<bind>
<StgValue><ssdm name="P_row_110_out"/></StgValue>
</bind>
</comp>

<comp id="58" class="1000" name="P_row_109_out">
<pin_list>
<pin id="59" dir="1" index="0" bw="1" slack="0"/>
</pin_list>
<bind>
<StgValue><ssdm name="P_row_109_out"/></StgValue>
</bind>
</comp>

<comp id="60" class="1000" name="P_row_108_out">
<pin_list>
<pin id="61" dir="1" index="0" bw="1" slack="0"/>
</pin_list>
<bind>
<StgValue><ssdm name="P_row_108_out"/></StgValue>
</bind>
</comp>

<comp id="62" class="1000" name="P_row_107_out">
<pin_list>
<pin id="63" dir="1" index="0" bw="1" slack="0"/>
</pin_list>
<bind>
<StgValue><ssdm name="P_row_107_out"/></StgValue>
</bind>
</comp>

<comp id="64" class="1000" name="P_row_106_out">
<pin_list>
<pin id="65" dir="1" index="0" bw="1" slack="0"/>
</pin_list>
<bind>
<StgValue><ssdm name="P_row_106_out"/></StgValue>
</bind>
</comp>

<comp id="66" class="1000" name="P_row_105_out">
<pin_list>
<pin id="67" dir="1" index="0" bw="1" slack="0"/>
</pin_list>
<bind>
<StgValue><ssdm name="P_row_105_out"/></StgValue>
</bind>
</comp>

<comp id="68" class="1000" name="P_row_104_out">
<pin_list>
<pin id="69" dir="1" index="0" bw="1" slack="0"/>
</pin_list>
<bind>
<StgValue><ssdm name="P_row_104_out"/></StgValue>
</bind>
</comp>

<comp id="70" class="1000" name="P_row_103_out">
<pin_list>
<pin id="71" dir="1" index="0" bw="1" slack="0"/>
</pin_list>
<bind>
<StgValue><ssdm name="P_row_103_out"/></StgValue>
</bind>
</comp>

<comp id="72" class="1000" name="P_row_102_out">
<pin_list>
<pin id="73" dir="1" index="0" bw="1" slack="0"/>
</pin_list>
<bind>
<StgValue><ssdm name="P_row_102_out"/></StgValue>
</bind>
</comp>

<comp id="74" class="1000" name="P_row_101_out">
<pin_list>
<pin id="75" dir="1" index="0" bw="1" slack="0"/>
</pin_list>
<bind>
<StgValue><ssdm name="P_row_101_out"/></StgValue>
</bind>
</comp>

<comp id="76" class="1000" name="P_row_100_out">
<pin_list>
<pin id="77" dir="1" index="0" bw="1" slack="0"/>
</pin_list>
<bind>
<StgValue><ssdm name="P_row_100_out"/></StgValue>
</bind>
</comp>

<comp id="78" class="1000" name="P_row_99_out">
<pin_list>
<pin id="79" dir="1" index="0" bw="1" slack="0"/>
</pin_list>
<bind>
<StgValue><ssdm name="P_row_99_out"/></StgValue>
</bind>
</comp>

<comp id="80" class="1000" name="P_row_98_out">
<pin_list>
<pin id="81" dir="1" index="0" bw="1" slack="0"/>
</pin_list>
<bind>
<StgValue><ssdm name="P_row_98_out"/></StgValue>
</bind>
</comp>

<comp id="82" class="1000" name="P_row_97_out">
<pin_list>
<pin id="83" dir="1" index="0" bw="1" slack="0"/>
</pin_list>
<bind>
<StgValue><ssdm name="P_row_97_out"/></StgValue>
</bind>
</comp>

<comp id="84" class="1000" name="P_row_96_out">
<pin_list>
<pin id="85" dir="1" index="0" bw="1" slack="0"/>
</pin_list>
<bind>
<StgValue><ssdm name="P_row_96_out"/></StgValue>
</bind>
</comp>

<comp id="86" class="1000" name="P_row_95_out">
<pin_list>
<pin id="87" dir="1" index="0" bw="1" slack="0"/>
</pin_list>
<bind>
<StgValue><ssdm name="P_row_95_out"/></StgValue>
</bind>
</comp>

<comp id="88" class="1000" name="P_row_94_out">
<pin_list>
<pin id="89" dir="1" index="0" bw="1" slack="0"/>
</pin_list>
<bind>
<StgValue><ssdm name="P_row_94_out"/></StgValue>
</bind>
</comp>

<comp id="90" class="1000" name="P_row_93_out">
<pin_list>
<pin id="91" dir="1" index="0" bw="1" slack="0"/>
</pin_list>
<bind>
<StgValue><ssdm name="P_row_93_out"/></StgValue>
</bind>
</comp>

<comp id="92" class="1000" name="P_row_92_out">
<pin_list>
<pin id="93" dir="1" index="0" bw="1" slack="0"/>
</pin_list>
<bind>
<StgValue><ssdm name="P_row_92_out"/></StgValue>
</bind>
</comp>

<comp id="94" class="1000" name="P_row_91_out">
<pin_list>
<pin id="95" dir="1" index="0" bw="1" slack="0"/>
</pin_list>
<bind>
<StgValue><ssdm name="P_row_91_out"/></StgValue>
</bind>
</comp>

<comp id="96" class="1000" name="P_row_90_out">
<pin_list>
<pin id="97" dir="1" index="0" bw="1" slack="0"/>
</pin_list>
<bind>
<StgValue><ssdm name="P_row_90_out"/></StgValue>
</bind>
</comp>

<comp id="98" class="1000" name="P_row_89_out">
<pin_list>
<pin id="99" dir="1" index="0" bw="1" slack="0"/>
</pin_list>
<bind>
<StgValue><ssdm name="P_row_89_out"/></StgValue>
</bind>
</comp>

<comp id="100" class="1000" name="P_row_88_out">
<pin_list>
<pin id="101" dir="1" index="0" bw="1" slack="0"/>
</pin_list>
<bind>
<StgValue><ssdm name="P_row_88_out"/></StgValue>
</bind>
</comp>

<comp id="102" class="1000" name="P_row_87_out">
<pin_list>
<pin id="103" dir="1" index="0" bw="1" slack="0"/>
</pin_list>
<bind>
<StgValue><ssdm name="P_row_87_out"/></StgValue>
</bind>
</comp>

<comp id="104" class="1000" name="P_row_86_out">
<pin_list>
<pin id="105" dir="1" index="0" bw="1" slack="0"/>
</pin_list>
<bind>
<StgValue><ssdm name="P_row_86_out"/></StgValue>
</bind>
</comp>

<comp id="106" class="1000" name="P_row_85_out">
<pin_list>
<pin id="107" dir="1" index="0" bw="1" slack="0"/>
</pin_list>
<bind>
<StgValue><ssdm name="P_row_85_out"/></StgValue>
</bind>
</comp>

<comp id="108" class="1000" name="P_row_84_out">
<pin_list>
<pin id="109" dir="1" index="0" bw="1" slack="0"/>
</pin_list>
<bind>
<StgValue><ssdm name="P_row_84_out"/></StgValue>
</bind>
</comp>

<comp id="110" class="1000" name="P_row_83_out">
<pin_list>
<pin id="111" dir="1" index="0" bw="1" slack="0"/>
</pin_list>
<bind>
<StgValue><ssdm name="P_row_83_out"/></StgValue>
</bind>
</comp>

<comp id="112" class="1000" name="P_row_82_out">
<pin_list>
<pin id="113" dir="1" index="0" bw="1" slack="0"/>
</pin_list>
<bind>
<StgValue><ssdm name="P_row_82_out"/></StgValue>
</bind>
</comp>

<comp id="114" class="1000" name="P_row_81_out">
<pin_list>
<pin id="115" dir="1" index="0" bw="1" slack="0"/>
</pin_list>
<bind>
<StgValue><ssdm name="P_row_81_out"/></StgValue>
</bind>
</comp>

<comp id="116" class="1000" name="P_row_80_out">
<pin_list>
<pin id="117" dir="1" index="0" bw="1" slack="0"/>
</pin_list>
<bind>
<StgValue><ssdm name="P_row_80_out"/></StgValue>
</bind>
</comp>

<comp id="118" class="1000" name="P_row_79_out">
<pin_list>
<pin id="119" dir="1" index="0" bw="1" slack="0"/>
</pin_list>
<bind>
<StgValue><ssdm name="P_row_79_out"/></StgValue>
</bind>
</comp>

<comp id="120" class="1000" name="P_row_78_out">
<pin_list>
<pin id="121" dir="1" index="0" bw="1" slack="0"/>
</pin_list>
<bind>
<StgValue><ssdm name="P_row_78_out"/></StgValue>
</bind>
</comp>

<comp id="122" class="1000" name="P_row_77_out">
<pin_list>
<pin id="123" dir="1" index="0" bw="1" slack="0"/>
</pin_list>
<bind>
<StgValue><ssdm name="P_row_77_out"/></StgValue>
</bind>
</comp>

<comp id="124" class="1000" name="P_row_76_out">
<pin_list>
<pin id="125" dir="1" index="0" bw="1" slack="0"/>
</pin_list>
<bind>
<StgValue><ssdm name="P_row_76_out"/></StgValue>
</bind>
</comp>

<comp id="126" class="1000" name="P_row_75_out">
<pin_list>
<pin id="127" dir="1" index="0" bw="1" slack="0"/>
</pin_list>
<bind>
<StgValue><ssdm name="P_row_75_out"/></StgValue>
</bind>
</comp>

<comp id="128" class="1000" name="P_row_74_out">
<pin_list>
<pin id="129" dir="1" index="0" bw="1" slack="0"/>
</pin_list>
<bind>
<StgValue><ssdm name="P_row_74_out"/></StgValue>
</bind>
</comp>

<comp id="130" class="1000" name="P_row_73_out">
<pin_list>
<pin id="131" dir="1" index="0" bw="1" slack="0"/>
</pin_list>
<bind>
<StgValue><ssdm name="P_row_73_out"/></StgValue>
</bind>
</comp>

<comp id="132" class="1000" name="P_row_72_out">
<pin_list>
<pin id="133" dir="1" index="0" bw="1" slack="0"/>
</pin_list>
<bind>
<StgValue><ssdm name="P_row_72_out"/></StgValue>
</bind>
</comp>

<comp id="134" class="1000" name="P_row_71_out">
<pin_list>
<pin id="135" dir="1" index="0" bw="1" slack="0"/>
</pin_list>
<bind>
<StgValue><ssdm name="P_row_71_out"/></StgValue>
</bind>
</comp>

<comp id="136" class="1000" name="P_row_70_out">
<pin_list>
<pin id="137" dir="1" index="0" bw="1" slack="0"/>
</pin_list>
<bind>
<StgValue><ssdm name="P_row_70_out"/></StgValue>
</bind>
</comp>

<comp id="138" class="1000" name="P_row_69_out">
<pin_list>
<pin id="139" dir="1" index="0" bw="1" slack="0"/>
</pin_list>
<bind>
<StgValue><ssdm name="P_row_69_out"/></StgValue>
</bind>
</comp>

<comp id="140" class="1000" name="P_row_68_out">
<pin_list>
<pin id="141" dir="1" index="0" bw="1" slack="0"/>
</pin_list>
<bind>
<StgValue><ssdm name="P_row_68_out"/></StgValue>
</bind>
</comp>

<comp id="142" class="1000" name="P_row_67_out">
<pin_list>
<pin id="143" dir="1" index="0" bw="1" slack="0"/>
</pin_list>
<bind>
<StgValue><ssdm name="P_row_67_out"/></StgValue>
</bind>
</comp>

<comp id="144" class="1000" name="P_row_66_out">
<pin_list>
<pin id="145" dir="1" index="0" bw="1" slack="0"/>
</pin_list>
<bind>
<StgValue><ssdm name="P_row_66_out"/></StgValue>
</bind>
</comp>

<comp id="146" class="1000" name="P_row_65_out">
<pin_list>
<pin id="147" dir="1" index="0" bw="1" slack="0"/>
</pin_list>
<bind>
<StgValue><ssdm name="P_row_65_out"/></StgValue>
</bind>
</comp>

<comp id="148" class="1000" name="P_row_64_out">
<pin_list>
<pin id="149" dir="1" index="0" bw="1" slack="0"/>
</pin_list>
<bind>
<StgValue><ssdm name="P_row_64_out"/></StgValue>
</bind>
</comp>

<comp id="150" class="1000" name="P_row_63_out">
<pin_list>
<pin id="151" dir="1" index="0" bw="1" slack="0"/>
</pin_list>
<bind>
<StgValue><ssdm name="P_row_63_out"/></StgValue>
</bind>
</comp>

<comp id="152" class="1000" name="P_row_62_out">
<pin_list>
<pin id="153" dir="1" index="0" bw="1" slack="0"/>
</pin_list>
<bind>
<StgValue><ssdm name="P_row_62_out"/></StgValue>
</bind>
</comp>

<comp id="154" class="1000" name="P_row_61_out">
<pin_list>
<pin id="155" dir="1" index="0" bw="1" slack="0"/>
</pin_list>
<bind>
<StgValue><ssdm name="P_row_61_out"/></StgValue>
</bind>
</comp>

<comp id="156" class="1000" name="P_row_60_out">
<pin_list>
<pin id="157" dir="1" index="0" bw="1" slack="0"/>
</pin_list>
<bind>
<StgValue><ssdm name="P_row_60_out"/></StgValue>
</bind>
</comp>

<comp id="158" class="1000" name="P_row_59_out">
<pin_list>
<pin id="159" dir="1" index="0" bw="1" slack="0"/>
</pin_list>
<bind>
<StgValue><ssdm name="P_row_59_out"/></StgValue>
</bind>
</comp>

<comp id="160" class="1000" name="P_row_58_out">
<pin_list>
<pin id="161" dir="1" index="0" bw="1" slack="0"/>
</pin_list>
<bind>
<StgValue><ssdm name="P_row_58_out"/></StgValue>
</bind>
</comp>

<comp id="162" class="1000" name="P_row_57_out">
<pin_list>
<pin id="163" dir="1" index="0" bw="1" slack="0"/>
</pin_list>
<bind>
<StgValue><ssdm name="P_row_57_out"/></StgValue>
</bind>
</comp>

<comp id="164" class="1000" name="P_row_56_out">
<pin_list>
<pin id="165" dir="1" index="0" bw="1" slack="0"/>
</pin_list>
<bind>
<StgValue><ssdm name="P_row_56_out"/></StgValue>
</bind>
</comp>

<comp id="166" class="1000" name="P_row_55_out">
<pin_list>
<pin id="167" dir="1" index="0" bw="1" slack="0"/>
</pin_list>
<bind>
<StgValue><ssdm name="P_row_55_out"/></StgValue>
</bind>
</comp>

<comp id="168" class="1000" name="P_row_54_out">
<pin_list>
<pin id="169" dir="1" index="0" bw="1" slack="0"/>
</pin_list>
<bind>
<StgValue><ssdm name="P_row_54_out"/></StgValue>
</bind>
</comp>

<comp id="170" class="1000" name="P_row_53_out">
<pin_list>
<pin id="171" dir="1" index="0" bw="1" slack="0"/>
</pin_list>
<bind>
<StgValue><ssdm name="P_row_53_out"/></StgValue>
</bind>
</comp>

<comp id="172" class="1000" name="P_row_52_out">
<pin_list>
<pin id="173" dir="1" index="0" bw="1" slack="0"/>
</pin_list>
<bind>
<StgValue><ssdm name="P_row_52_out"/></StgValue>
</bind>
</comp>

<comp id="174" class="1000" name="P_row_51_out">
<pin_list>
<pin id="175" dir="1" index="0" bw="1" slack="0"/>
</pin_list>
<bind>
<StgValue><ssdm name="P_row_51_out"/></StgValue>
</bind>
</comp>

<comp id="176" class="1000" name="P_row_50_out">
<pin_list>
<pin id="177" dir="1" index="0" bw="1" slack="0"/>
</pin_list>
<bind>
<StgValue><ssdm name="P_row_50_out"/></StgValue>
</bind>
</comp>

<comp id="178" class="1000" name="P_row_49_out">
<pin_list>
<pin id="179" dir="1" index="0" bw="1" slack="0"/>
</pin_list>
<bind>
<StgValue><ssdm name="P_row_49_out"/></StgValue>
</bind>
</comp>

<comp id="180" class="1000" name="P_row_48_out">
<pin_list>
<pin id="181" dir="1" index="0" bw="1" slack="0"/>
</pin_list>
<bind>
<StgValue><ssdm name="P_row_48_out"/></StgValue>
</bind>
</comp>

<comp id="182" class="1000" name="P_row_47_out">
<pin_list>
<pin id="183" dir="1" index="0" bw="1" slack="0"/>
</pin_list>
<bind>
<StgValue><ssdm name="P_row_47_out"/></StgValue>
</bind>
</comp>

<comp id="184" class="1000" name="P_row_46_out">
<pin_list>
<pin id="185" dir="1" index="0" bw="1" slack="0"/>
</pin_list>
<bind>
<StgValue><ssdm name="P_row_46_out"/></StgValue>
</bind>
</comp>

<comp id="186" class="1000" name="P_row_45_out">
<pin_list>
<pin id="187" dir="1" index="0" bw="1" slack="0"/>
</pin_list>
<bind>
<StgValue><ssdm name="P_row_45_out"/></StgValue>
</bind>
</comp>

<comp id="188" class="1000" name="P_row_44_out">
<pin_list>
<pin id="189" dir="1" index="0" bw="1" slack="0"/>
</pin_list>
<bind>
<StgValue><ssdm name="P_row_44_out"/></StgValue>
</bind>
</comp>

<comp id="190" class="1000" name="P_row_43_out">
<pin_list>
<pin id="191" dir="1" index="0" bw="1" slack="0"/>
</pin_list>
<bind>
<StgValue><ssdm name="P_row_43_out"/></StgValue>
</bind>
</comp>

<comp id="192" class="1000" name="P_row_42_out">
<pin_list>
<pin id="193" dir="1" index="0" bw="1" slack="0"/>
</pin_list>
<bind>
<StgValue><ssdm name="P_row_42_out"/></StgValue>
</bind>
</comp>

<comp id="194" class="1000" name="P_row_41_out">
<pin_list>
<pin id="195" dir="1" index="0" bw="1" slack="0"/>
</pin_list>
<bind>
<StgValue><ssdm name="P_row_41_out"/></StgValue>
</bind>
</comp>

<comp id="196" class="1000" name="P_row_40_out">
<pin_list>
<pin id="197" dir="1" index="0" bw="1" slack="0"/>
</pin_list>
<bind>
<StgValue><ssdm name="P_row_40_out"/></StgValue>
</bind>
</comp>

<comp id="198" class="1000" name="P_row_39_out">
<pin_list>
<pin id="199" dir="1" index="0" bw="1" slack="0"/>
</pin_list>
<bind>
<StgValue><ssdm name="P_row_39_out"/></StgValue>
</bind>
</comp>

<comp id="200" class="1000" name="P_row_38_out">
<pin_list>
<pin id="201" dir="1" index="0" bw="1" slack="0"/>
</pin_list>
<bind>
<StgValue><ssdm name="P_row_38_out"/></StgValue>
</bind>
</comp>

<comp id="202" class="1000" name="P_row_37_out">
<pin_list>
<pin id="203" dir="1" index="0" bw="1" slack="0"/>
</pin_list>
<bind>
<StgValue><ssdm name="P_row_37_out"/></StgValue>
</bind>
</comp>

<comp id="204" class="1000" name="P_row_36_out">
<pin_list>
<pin id="205" dir="1" index="0" bw="1" slack="0"/>
</pin_list>
<bind>
<StgValue><ssdm name="P_row_36_out"/></StgValue>
</bind>
</comp>

<comp id="206" class="1000" name="P_row_35_out">
<pin_list>
<pin id="207" dir="1" index="0" bw="1" slack="0"/>
</pin_list>
<bind>
<StgValue><ssdm name="P_row_35_out"/></StgValue>
</bind>
</comp>

<comp id="208" class="1000" name="P_row_34_out">
<pin_list>
<pin id="209" dir="1" index="0" bw="1" slack="0"/>
</pin_list>
<bind>
<StgValue><ssdm name="P_row_34_out"/></StgValue>
</bind>
</comp>

<comp id="210" class="1000" name="P_row_33_out">
<pin_list>
<pin id="211" dir="1" index="0" bw="1" slack="0"/>
</pin_list>
<bind>
<StgValue><ssdm name="P_row_33_out"/></StgValue>
</bind>
</comp>

<comp id="212" class="1000" name="P_row_32_out">
<pin_list>
<pin id="213" dir="1" index="0" bw="1" slack="0"/>
</pin_list>
<bind>
<StgValue><ssdm name="P_row_32_out"/></StgValue>
</bind>
</comp>

<comp id="214" class="1000" name="P_row_31_out">
<pin_list>
<pin id="215" dir="1" index="0" bw="1" slack="0"/>
</pin_list>
<bind>
<StgValue><ssdm name="P_row_31_out"/></StgValue>
</bind>
</comp>

<comp id="216" class="1000" name="P_row_30_out">
<pin_list>
<pin id="217" dir="1" index="0" bw="1" slack="0"/>
</pin_list>
<bind>
<StgValue><ssdm name="P_row_30_out"/></StgValue>
</bind>
</comp>

<comp id="218" class="1000" name="P_row_29_out">
<pin_list>
<pin id="219" dir="1" index="0" bw="1" slack="0"/>
</pin_list>
<bind>
<StgValue><ssdm name="P_row_29_out"/></StgValue>
</bind>
</comp>

<comp id="220" class="1000" name="P_row_28_out">
<pin_list>
<pin id="221" dir="1" index="0" bw="1" slack="0"/>
</pin_list>
<bind>
<StgValue><ssdm name="P_row_28_out"/></StgValue>
</bind>
</comp>

<comp id="222" class="1000" name="P_row_27_out">
<pin_list>
<pin id="223" dir="1" index="0" bw="1" slack="0"/>
</pin_list>
<bind>
<StgValue><ssdm name="P_row_27_out"/></StgValue>
</bind>
</comp>

<comp id="224" class="1000" name="P_row_26_out">
<pin_list>
<pin id="225" dir="1" index="0" bw="1" slack="0"/>
</pin_list>
<bind>
<StgValue><ssdm name="P_row_26_out"/></StgValue>
</bind>
</comp>

<comp id="226" class="1000" name="P_row_25_out">
<pin_list>
<pin id="227" dir="1" index="0" bw="1" slack="0"/>
</pin_list>
<bind>
<StgValue><ssdm name="P_row_25_out"/></StgValue>
</bind>
</comp>

<comp id="228" class="1000" name="P_row_24_out">
<pin_list>
<pin id="229" dir="1" index="0" bw="1" slack="0"/>
</pin_list>
<bind>
<StgValue><ssdm name="P_row_24_out"/></StgValue>
</bind>
</comp>

<comp id="230" class="1000" name="P_row_23_out">
<pin_list>
<pin id="231" dir="1" index="0" bw="1" slack="0"/>
</pin_list>
<bind>
<StgValue><ssdm name="P_row_23_out"/></StgValue>
</bind>
</comp>

<comp id="232" class="1000" name="P_row_22_out">
<pin_list>
<pin id="233" dir="1" index="0" bw="1" slack="0"/>
</pin_list>
<bind>
<StgValue><ssdm name="P_row_22_out"/></StgValue>
</bind>
</comp>

<comp id="234" class="1000" name="P_row_21_out">
<pin_list>
<pin id="235" dir="1" index="0" bw="1" slack="0"/>
</pin_list>
<bind>
<StgValue><ssdm name="P_row_21_out"/></StgValue>
</bind>
</comp>

<comp id="236" class="1000" name="P_row_20_out">
<pin_list>
<pin id="237" dir="1" index="0" bw="1" slack="0"/>
</pin_list>
<bind>
<StgValue><ssdm name="P_row_20_out"/></StgValue>
</bind>
</comp>

<comp id="238" class="1000" name="P_row_19_out">
<pin_list>
<pin id="239" dir="1" index="0" bw="1" slack="0"/>
</pin_list>
<bind>
<StgValue><ssdm name="P_row_19_out"/></StgValue>
</bind>
</comp>

<comp id="240" class="1000" name="P_row_18_out">
<pin_list>
<pin id="241" dir="1" index="0" bw="1" slack="0"/>
</pin_list>
<bind>
<StgValue><ssdm name="P_row_18_out"/></StgValue>
</bind>
</comp>

<comp id="242" class="1000" name="P_row_17_out">
<pin_list>
<pin id="243" dir="1" index="0" bw="1" slack="0"/>
</pin_list>
<bind>
<StgValue><ssdm name="P_row_17_out"/></StgValue>
</bind>
</comp>

<comp id="244" class="1000" name="P_row_16_out">
<pin_list>
<pin id="245" dir="1" index="0" bw="1" slack="0"/>
</pin_list>
<bind>
<StgValue><ssdm name="P_row_16_out"/></StgValue>
</bind>
</comp>

<comp id="246" class="1000" name="P_row_15_out">
<pin_list>
<pin id="247" dir="1" index="0" bw="1" slack="0"/>
</pin_list>
<bind>
<StgValue><ssdm name="P_row_15_out"/></StgValue>
</bind>
</comp>

<comp id="248" class="1000" name="P_row_14_out">
<pin_list>
<pin id="249" dir="1" index="0" bw="1" slack="0"/>
</pin_list>
<bind>
<StgValue><ssdm name="P_row_14_out"/></StgValue>
</bind>
</comp>

<comp id="250" class="1000" name="P_row_13_out">
<pin_list>
<pin id="251" dir="1" index="0" bw="1" slack="0"/>
</pin_list>
<bind>
<StgValue><ssdm name="P_row_13_out"/></StgValue>
</bind>
</comp>

<comp id="252" class="1000" name="P_row_12_out">
<pin_list>
<pin id="253" dir="1" index="0" bw="1" slack="0"/>
</pin_list>
<bind>
<StgValue><ssdm name="P_row_12_out"/></StgValue>
</bind>
</comp>

<comp id="254" class="1000" name="P_row_11_out">
<pin_list>
<pin id="255" dir="1" index="0" bw="1" slack="0"/>
</pin_list>
<bind>
<StgValue><ssdm name="P_row_11_out"/></StgValue>
</bind>
</comp>

<comp id="256" class="1000" name="P_row_10_out">
<pin_list>
<pin id="257" dir="1" index="0" bw="1" slack="0"/>
</pin_list>
<bind>
<StgValue><ssdm name="P_row_10_out"/></StgValue>
</bind>
</comp>

<comp id="258" class="1000" name="P_row_9_out">
<pin_list>
<pin id="259" dir="1" index="0" bw="1" slack="0"/>
</pin_list>
<bind>
<StgValue><ssdm name="P_row_9_out"/></StgValue>
</bind>
</comp>

<comp id="260" class="1000" name="P_row_8_out">
<pin_list>
<pin id="261" dir="1" index="0" bw="1" slack="0"/>
</pin_list>
<bind>
<StgValue><ssdm name="P_row_8_out"/></StgValue>
</bind>
</comp>

<comp id="262" class="1000" name="P_row_7_out">
<pin_list>
<pin id="263" dir="1" index="0" bw="1" slack="0"/>
</pin_list>
<bind>
<StgValue><ssdm name="P_row_7_out"/></StgValue>
</bind>
</comp>

<comp id="264" class="1000" name="P_row_6_out">
<pin_list>
<pin id="265" dir="1" index="0" bw="1" slack="0"/>
</pin_list>
<bind>
<StgValue><ssdm name="P_row_6_out"/></StgValue>
</bind>
</comp>

<comp id="266" class="1000" name="P_row_5_out">
<pin_list>
<pin id="267" dir="1" index="0" bw="1" slack="0"/>
</pin_list>
<bind>
<StgValue><ssdm name="P_row_5_out"/></StgValue>
</bind>
</comp>

<comp id="268" class="1000" name="P_row_4_out">
<pin_list>
<pin id="269" dir="1" index="0" bw="1" slack="0"/>
</pin_list>
<bind>
<StgValue><ssdm name="P_row_4_out"/></StgValue>
</bind>
</comp>

<comp id="270" class="1000" name="P_row_3_out">
<pin_list>
<pin id="271" dir="1" index="0" bw="1" slack="0"/>
</pin_list>
<bind>
<StgValue><ssdm name="P_row_3_out"/></StgValue>
</bind>
</comp>

<comp id="272" class="1000" name="P_row_2_out">
<pin_list>
<pin id="273" dir="1" index="0" bw="1" slack="0"/>
</pin_list>
<bind>
<StgValue><ssdm name="P_row_2_out"/></StgValue>
</bind>
</comp>

<comp id="274" class="1000" name="P_row_1_out">
<pin_list>
<pin id="275" dir="1" index="0" bw="1" slack="0"/>
</pin_list>
<bind>
<StgValue><ssdm name="P_row_1_out"/></StgValue>
</bind>
</comp>

<comp id="276" class="1000" name="P_row_out">
<pin_list>
<pin id="277" dir="1" index="0" bw="1" slack="0"/>
</pin_list>
<bind>
<StgValue><ssdm name="P_row_out"/></StgValue>
</bind>
</comp>

<comp id="278" class="1001" name="const_278">
<pin_list>
<pin id="279" dir="1" index="0" bw="1" slack="0"/>
</pin_list>
<bind>
<StgValue><ssdm name=""/></StgValue>
</bind>
</comp>

<comp id="280" class="1001" name="const_280">
<pin_list>
<pin id="281" dir="1" index="0" bw="1" slack="0"/>
</pin_list>
<bind>
<StgValue><ssdm name="_ssdm_op_Read.ap_auto.float"/></StgValue>
</bind>
</comp>

<comp id="282" class="1001" name="const_282">
<pin_list>
<pin id="283" dir="1" index="0" bw="1" slack="0"/>
</pin_list>
<bind>
<StgValue><ssdm name="_ssdm_op_Read.ap_auto.i3"/></StgValue>
</bind>
</comp>

<comp id="284" class="1001" name="const_284">
<pin_list>
<pin id="285" dir="1" index="0" bw="1" slack="0"/>
</pin_list>
<bind>
<StgValue><ssdm name=""/></StgValue>
</bind>
</comp>

<comp id="286" class="1001" name="const_286">
<pin_list>
<pin id="287" dir="1" index="0" bw="1" slack="0"/>
</pin_list>
<bind>
<StgValue><ssdm name=""/></StgValue>
</bind>
</comp>

<comp id="288" class="1001" name="const_288">
<pin_list>
<pin id="289" dir="1" index="0" bw="1" slack="2147483647"/>
</pin_list>
<bind>
<StgValue><ssdm name="_ssdm_op_SpecLoopTripCount"/></StgValue>
</bind>
</comp>

<comp id="290" class="1001" name="const_290">
<pin_list>
<pin id="291" dir="1" index="0" bw="1" slack="2147483647"/>
</pin_list>
<bind>
<StgValue><ssdm name=""/></StgValue>
</bind>
</comp>

<comp id="292" class="1001" name="const_292">
<pin_list>
<pin id="293" dir="1" index="0" bw="1" slack="0"/>
</pin_list>
<bind>
<StgValue><ssdm name=""/></StgValue>
</bind>
</comp>

<comp id="294" class="1001" name="const_294">
<pin_list>
<pin id="295" dir="1" index="0" bw="1" slack="0"/>
</pin_list>
<bind>
<StgValue><ssdm name="_ssdm_op_PartSelect.i4.i8.i32.i32"/></StgValue>
</bind>
</comp>

<comp id="296" class="1001" name="const_296">
<pin_list>
<pin id="297" dir="1" index="0" bw="1" slack="0"/>
</pin_list>
<bind>
<StgValue><ssdm name=""/></StgValue>
</bind>
</comp>

<comp id="298" class="1001" name="const_298">
<pin_list>
<pin id="299" dir="1" index="0" bw="1" slack="0"/>
</pin_list>
<bind>
<StgValue><ssdm name=""/></StgValue>
</bind>
</comp>

<comp id="300" class="1001" name="const_300">
<pin_list>
<pin id="301" dir="1" index="0" bw="1" slack="0"/>
</pin_list>
<bind>
<StgValue><ssdm name="_ssdm_op_BitConcatenate.i7.i3.i4"/></StgValue>
</bind>
</comp>

<comp id="302" class="1001" name="const_302">
<pin_list>
<pin id="303" dir="1" index="0" bw="1" slack="0"/>
</pin_list>
<bind>
<StgValue><ssdm name=""/></StgValue>
</bind>
</comp>

<comp id="304" class="1001" name="const_304">
<pin_list>
<pin id="305" dir="1" index="0" bw="1" slack="2147483647"/>
</pin_list>
<bind>
<StgValue><ssdm name=""/></StgValue>
</bind>
</comp>

<comp id="306" class="1001" name="const_306">
<pin_list>
<pin id="307" dir="1" index="0" bw="1" slack="2147483647"/>
</pin_list>
<bind>
<StgValue><ssdm name=""/></StgValue>
</bind>
</comp>

<comp id="308" class="1001" name="const_308">
<pin_list>
<pin id="309" dir="1" index="0" bw="1" slack="2147483647"/>
</pin_list>
<bind>
<StgValue><ssdm name=""/></StgValue>
</bind>
</comp>

<comp id="310" class="1001" name="const_310">
<pin_list>
<pin id="311" dir="1" index="0" bw="1" slack="2147483647"/>
</pin_list>
<bind>
<StgValue><ssdm name=""/></StgValue>
</bind>
</comp>

<comp id="312" class="1001" name="const_312">
<pin_list>
<pin id="313" dir="1" index="0" bw="1" slack="2147483647"/>
</pin_list>
<bind>
<StgValue><ssdm name=""/></StgValue>
</bind>
</comp>

<comp id="314" class="1001" name="const_314">
<pin_list>
<pin id="315" dir="1" index="0" bw="1" slack="2147483647"/>
</pin_list>
<bind>
<StgValue><ssdm name=""/></StgValue>
</bind>
</comp>

<comp id="316" class="1001" name="const_316">
<pin_list>
<pin id="317" dir="1" index="0" bw="1" slack="2147483647"/>
</pin_list>
<bind>
<StgValue><ssdm name=""/></StgValue>
</bind>
</comp>

<comp id="318" class="1001" name="const_318">
<pin_list>
<pin id="319" dir="1" index="0" bw="1" slack="2147483647"/>
</pin_list>
<bind>
<StgValue><ssdm name=""/></StgValue>
</bind>
</comp>

<comp id="320" class="1001" name="const_320">
<pin_list>
<pin id="321" dir="1" index="0" bw="1" slack="2147483647"/>
</pin_list>
<bind>
<StgValue><ssdm name=""/></StgValue>
</bind>
</comp>

<comp id="322" class="1001" name="const_322">
<pin_list>
<pin id="323" dir="1" index="0" bw="1" slack="2147483647"/>
</pin_list>
<bind>
<StgValue><ssdm name=""/></StgValue>
</bind>
</comp>

<comp id="324" class="1001" name="const_324">
<pin_list>
<pin id="325" dir="1" index="0" bw="1" slack="2147483647"/>
</pin_list>
<bind>
<StgValue><ssdm name=""/></StgValue>
</bind>
</comp>

<comp id="326" class="1001" name="const_326">
<pin_list>
<pin id="327" dir="1" index="0" bw="1" slack="2147483647"/>
</pin_list>
<bind>
<StgValue><ssdm name=""/></StgValue>
</bind>
</comp>

<comp id="328" class="1001" name="const_328">
<pin_list>
<pin id="329" dir="1" index="0" bw="1" slack="2147483647"/>
</pin_list>
<bind>
<StgValue><ssdm name=""/></StgValue>
</bind>
</comp>

<comp id="330" class="1001" name="const_330">
<pin_list>
<pin id="331" dir="1" index="0" bw="1" slack="2147483647"/>
</pin_list>
<bind>
<StgValue><ssdm name=""/></StgValue>
</bind>
</comp>

<comp id="332" class="1001" name="const_332">
<pin_list>
<pin id="333" dir="1" index="0" bw="1" slack="2147483647"/>
</pin_list>
<bind>
<StgValue><ssdm name=""/></StgValue>
</bind>
</comp>

<comp id="334" class="1001" name="const_334">
<pin_list>
<pin id="335" dir="1" index="0" bw="1" slack="2147483647"/>
</pin_list>
<bind>
<StgValue><ssdm name=""/></StgValue>
</bind>
</comp>

<comp id="336" class="1001" name="const_336">
<pin_list>
<pin id="337" dir="1" index="0" bw="1" slack="2147483647"/>
</pin_list>
<bind>
<StgValue><ssdm name=""/></StgValue>
</bind>
</comp>

<comp id="338" class="1001" name="const_338">
<pin_list>
<pin id="339" dir="1" index="0" bw="1" slack="2147483647"/>
</pin_list>
<bind>
<StgValue><ssdm name=""/></StgValue>
</bind>
</comp>

<comp id="340" class="1001" name="const_340">
<pin_list>
<pin id="341" dir="1" index="0" bw="1" slack="2147483647"/>
</pin_list>
<bind>
<StgValue><ssdm name=""/></StgValue>
</bind>
</comp>

<comp id="342" class="1001" name="const_342">
<pin_list>
<pin id="343" dir="1" index="0" bw="1" slack="2147483647"/>
</pin_list>
<bind>
<StgValue><ssdm name=""/></StgValue>
</bind>
</comp>

<comp id="344" class="1001" name="const_344">
<pin_list>
<pin id="345" dir="1" index="0" bw="1" slack="2147483647"/>
</pin_list>
<bind>
<StgValue><ssdm name=""/></StgValue>
</bind>
</comp>

<comp id="346" class="1001" name="const_346">
<pin_list>
<pin id="347" dir="1" index="0" bw="1" slack="2147483647"/>
</pin_list>
<bind>
<StgValue><ssdm name=""/></StgValue>
</bind>
</comp>

<comp id="348" class="1001" name="const_348">
<pin_list>
<pin id="349" dir="1" index="0" bw="1" slack="2147483647"/>
</pin_list>
<bind>
<StgValue><ssdm name=""/></StgValue>
</bind>
</comp>

<comp id="350" class="1001" name="const_350">
<pin_list>
<pin id="351" dir="1" index="0" bw="1" slack="2147483647"/>
</pin_list>
<bind>
<StgValue><ssdm name=""/></StgValue>
</bind>
</comp>

<comp id="352" class="1001" name="const_352">
<pin_list>
<pin id="353" dir="1" index="0" bw="1" slack="2147483647"/>
</pin_list>
<bind>
<StgValue><ssdm name=""/></StgValue>
</bind>
</comp>

<comp id="354" class="1001" name="const_354">
<pin_list>
<pin id="355" dir="1" index="0" bw="1" slack="2147483647"/>
</pin_list>
<bind>
<StgValue><ssdm name=""/></StgValue>
</bind>
</comp>

<comp id="356" class="1001" name="const_356">
<pin_list>
<pin id="357" dir="1" index="0" bw="1" slack="2147483647"/>
</pin_list>
<bind>
<StgValue><ssdm name=""/></StgValue>
</bind>
</comp>

<comp id="358" class="1001" name="const_358">
<pin_list>
<pin id="359" dir="1" index="0" bw="1" slack="2147483647"/>
</pin_list>
<bind>
<StgValue><ssdm name=""/></StgValue>
</bind>
</comp>

<comp id="360" class="1001" name="const_360">
<pin_list>
<pin id="361" dir="1" index="0" bw="1" slack="2147483647"/>
</pin_list>
<bind>
<StgValue><ssdm name=""/></StgValue>
</bind>
</comp>

<comp id="362" class="1001" name="const_362">
<pin_list>
<pin id="363" dir="1" index="0" bw="1" slack="2147483647"/>
</pin_list>
<bind>
<StgValue><ssdm name=""/></StgValue>
</bind>
</comp>

<comp id="364" class="1001" name="const_364">
<pin_list>
<pin id="365" dir="1" index="0" bw="1" slack="2147483647"/>
</pin_list>
<bind>
<StgValue><ssdm name=""/></StgValue>
</bind>
</comp>

<comp id="366" class="1001" name="const_366">
<pin_list>
<pin id="367" dir="1" index="0" bw="1" slack="2147483647"/>
</pin_list>
<bind>
<StgValue><ssdm name=""/></StgValue>
</bind>
</comp>

<comp id="368" class="1001" name="const_368">
<pin_list>
<pin id="369" dir="1" index="0" bw="1" slack="2147483647"/>
</pin_list>
<bind>
<StgValue><ssdm name=""/></StgValue>
</bind>
</comp>

<comp id="370" class="1001" name="const_370">
<pin_list>
<pin id="371" dir="1" index="0" bw="1" slack="2147483647"/>
</pin_list>
<bind>
<StgValue><ssdm name=""/></StgValue>
</bind>
</comp>

<comp id="372" class="1001" name="const_372">
<pin_list>
<pin id="373" dir="1" index="0" bw="1" slack="2147483647"/>
</pin_list>
<bind>
<StgValue><ssdm name=""/></StgValue>
</bind>
</comp>

<comp id="374" class="1001" name="const_374">
<pin_list>
<pin id="375" dir="1" index="0" bw="1" slack="2147483647"/>
</pin_list>
<bind>
<StgValue><ssdm name=""/></StgValue>
</bind>
</comp>

<comp id="376" class="1001" name="const_376">
<pin_list>
<pin id="377" dir="1" index="0" bw="1" slack="2147483647"/>
</pin_list>
<bind>
<StgValue><ssdm name=""/></StgValue>
</bind>
</comp>

<comp id="378" class="1001" name="const_378">
<pin_list>
<pin id="379" dir="1" index="0" bw="1" slack="2147483647"/>
</pin_list>
<bind>
<StgValue><ssdm name=""/></StgValue>
</bind>
</comp>

<comp id="380" class="1001" name="const_380">
<pin_list>
<pin id="381" dir="1" index="0" bw="1" slack="2147483647"/>
</pin_list>
<bind>
<StgValue><ssdm name=""/></StgValue>
</bind>
</comp>

<comp id="382" class="1001" name="const_382">
<pin_list>
<pin id="383" dir="1" index="0" bw="1" slack="2147483647"/>
</pin_list>
<bind>
<StgValue><ssdm name=""/></StgValue>
</bind>
</comp>

<comp id="384" class="1001" name="const_384">
<pin_list>
<pin id="385" dir="1" index="0" bw="1" slack="2147483647"/>
</pin_list>
<bind>
<StgValue><ssdm name=""/></StgValue>
</bind>
</comp>

<comp id="386" class="1001" name="const_386">
<pin_list>
<pin id="387" dir="1" index="0" bw="1" slack="2147483647"/>
</pin_list>
<bind>
<StgValue><ssdm name=""/></StgValue>
</bind>
</comp>

<comp id="388" class="1001" name="const_388">
<pin_list>
<pin id="389" dir="1" index="0" bw="1" slack="2147483647"/>
</pin_list>
<bind>
<StgValue><ssdm name=""/></StgValue>
</bind>
</comp>

<comp id="390" class="1001" name="const_390">
<pin_list>
<pin id="391" dir="1" index="0" bw="1" slack="2147483647"/>
</pin_list>
<bind>
<StgValue><ssdm name=""/></StgValue>
</bind>
</comp>

<comp id="392" class="1001" name="const_392">
<pin_list>
<pin id="393" dir="1" index="0" bw="1" slack="2147483647"/>
</pin_list>
<bind>
<StgValue><ssdm name=""/></StgValue>
</bind>
</comp>

<comp id="394" class="1001" name="const_394">
<pin_list>
<pin id="395" dir="1" index="0" bw="1" slack="2147483647"/>
</pin_list>
<bind>
<StgValue><ssdm name=""/></StgValue>
</bind>
</comp>

<comp id="396" class="1001" name="const_396">
<pin_list>
<pin id="397" dir="1" index="0" bw="1" slack="2147483647"/>
</pin_list>
<bind>
<StgValue><ssdm name=""/></StgValue>
</bind>
</comp>

<comp id="398" class="1001" name="const_398">
<pin_list>
<pin id="399" dir="1" index="0" bw="1" slack="2147483647"/>
</pin_list>
<bind>
<StgValue><ssdm name=""/></StgValue>
</bind>
</comp>

<comp id="400" class="1001" name="const_400">
<pin_list>
<pin id="401" dir="1" index="0" bw="1" slack="2147483647"/>
</pin_list>
<bind>
<StgValue><ssdm name=""/></StgValue>
</bind>
</comp>

<comp id="402" class="1001" name="const_402">
<pin_list>
<pin id="403" dir="1" index="0" bw="1" slack="2147483647"/>
</pin_list>
<bind>
<StgValue><ssdm name=""/></StgValue>
</bind>
</comp>

<comp id="404" class="1001" name="const_404">
<pin_list>
<pin id="405" dir="1" index="0" bw="1" slack="2147483647"/>
</pin_list>
<bind>
<StgValue><ssdm name=""/></StgValue>
</bind>
</comp>

<comp id="406" class="1001" name="const_406">
<pin_list>
<pin id="407" dir="1" index="0" bw="1" slack="2147483647"/>
</pin_list>
<bind>
<StgValue><ssdm name=""/></StgValue>
</bind>
</comp>

<comp id="408" class="1001" name="const_408">
<pin_list>
<pin id="409" dir="1" index="0" bw="1" slack="2147483647"/>
</pin_list>
<bind>
<StgValue><ssdm name=""/></StgValue>
</bind>
</comp>

<comp id="410" class="1001" name="const_410">
<pin_list>
<pin id="411" dir="1" index="0" bw="1" slack="2147483647"/>
</pin_list>
<bind>
<StgValue><ssdm name=""/></StgValue>
</bind>
</comp>

<comp id="412" class="1001" name="const_412">
<pin_list>
<pin id="413" dir="1" index="0" bw="1" slack="2147483647"/>
</pin_list>
<bind>
<StgValue><ssdm name=""/></StgValue>
</bind>
</comp>

<comp id="414" class="1001" name="const_414">
<pin_list>
<pin id="415" dir="1" index="0" bw="1" slack="2147483647"/>
</pin_list>
<bind>
<StgValue><ssdm name=""/></StgValue>
</bind>
</comp>

<comp id="416" class="1001" name="const_416">
<pin_list>
<pin id="417" dir="1" index="0" bw="1" slack="2147483647"/>
</pin_list>
<bind>
<StgValue><ssdm name=""/></StgValue>
</bind>
</comp>

<comp id="418" class="1001" name="const_418">
<pin_list>
<pin id="419" dir="1" index="0" bw="1" slack="2147483647"/>
</pin_list>
<bind>
<StgValue><ssdm name=""/></StgValue>
</bind>
</comp>

<comp id="420" class="1001" name="const_420">
<pin_list>
<pin id="421" dir="1" index="0" bw="1" slack="2147483647"/>
</pin_list>
<bind>
<StgValue><ssdm name=""/></StgValue>
</bind>
</comp>

<comp id="422" class="1001" name="const_422">
<pin_list>
<pin id="423" dir="1" index="0" bw="1" slack="2147483647"/>
</pin_list>
<bind>
<StgValue><ssdm name=""/></StgValue>
</bind>
</comp>

<comp id="424" class="1001" name="const_424">
<pin_list>
<pin id="425" dir="1" index="0" bw="1" slack="2147483647"/>
</pin_list>
<bind>
<StgValue><ssdm name=""/></StgValue>
</bind>
</comp>

<comp id="426" class="1001" name="const_426">
<pin_list>
<pin id="427" dir="1" index="0" bw="1" slack="2147483647"/>
</pin_list>
<bind>
<StgValue><ssdm name=""/></StgValue>
</bind>
</comp>

<comp id="428" class="1001" name="const_428">
<pin_list>
<pin id="429" dir="1" index="0" bw="1" slack="2147483647"/>
</pin_list>
<bind>
<StgValue><ssdm name=""/></StgValue>
</bind>
</comp>

<comp id="430" class="1001" name="const_430">
<pin_list>
<pin id="431" dir="1" index="0" bw="1" slack="2147483647"/>
</pin_list>
<bind>
<StgValue><ssdm name=""/></StgValue>
</bind>
</comp>

<comp id="432" class="1001" name="const_432">
<pin_list>
<pin id="433" dir="1" index="0" bw="1" slack="2147483647"/>
</pin_list>
<bind>
<StgValue><ssdm name=""/></StgValue>
</bind>
</comp>

<comp id="434" class="1001" name="const_434">
<pin_list>
<pin id="435" dir="1" index="0" bw="1" slack="2147483647"/>
</pin_list>
<bind>
<StgValue><ssdm name=""/></StgValue>
</bind>
</comp>

<comp id="436" class="1001" name="const_436">
<pin_list>
<pin id="437" dir="1" index="0" bw="1" slack="2147483647"/>
</pin_list>
<bind>
<StgValue><ssdm name=""/></StgValue>
</bind>
</comp>

<comp id="438" class="1001" name="const_438">
<pin_list>
<pin id="439" dir="1" index="0" bw="1" slack="2147483647"/>
</pin_list>
<bind>
<StgValue><ssdm name=""/></StgValue>
</bind>
</comp>

<comp id="440" class="1001" name="const_440">
<pin_list>
<pin id="441" dir="1" index="0" bw="1" slack="2147483647"/>
</pin_list>
<bind>
<StgValue><ssdm name=""/></StgValue>
</bind>
</comp>

<comp id="442" class="1001" name="const_442">
<pin_list>
<pin id="443" dir="1" index="0" bw="1" slack="2147483647"/>
</pin_list>
<bind>
<StgValue><ssdm name=""/></StgValue>
</bind>
</comp>

<comp id="444" class="1001" name="const_444">
<pin_list>
<pin id="445" dir="1" index="0" bw="1" slack="2147483647"/>
</pin_list>
<bind>
<StgValue><ssdm name=""/></StgValue>
</bind>
</comp>

<comp id="446" class="1001" name="const_446">
<pin_list>
<pin id="447" dir="1" index="0" bw="1" slack="2147483647"/>
</pin_list>
<bind>
<StgValue><ssdm name=""/></StgValue>
</bind>
</comp>

<comp id="448" class="1001" name="const_448">
<pin_list>
<pin id="449" dir="1" index="0" bw="1" slack="2147483647"/>
</pin_list>
<bind>
<StgValue><ssdm name=""/></StgValue>
</bind>
</comp>

<comp id="450" class="1001" name="const_450">
<pin_list>
<pin id="451" dir="1" index="0" bw="1" slack="2147483647"/>
</pin_list>
<bind>
<StgValue><ssdm name=""/></StgValue>
</bind>
</comp>

<comp id="452" class="1001" name="const_452">
<pin_list>
<pin id="453" dir="1" index="0" bw="1" slack="2147483647"/>
</pin_list>
<bind>
<StgValue><ssdm name=""/></StgValue>
</bind>
</comp>

<comp id="454" class="1001" name="const_454">
<pin_list>
<pin id="455" dir="1" index="0" bw="1" slack="2147483647"/>
</pin_list>
<bind>
<StgValue><ssdm name=""/></StgValue>
</bind>
</comp>

<comp id="456" class="1001" name="const_456">
<pin_list>
<pin id="457" dir="1" index="0" bw="1" slack="2147483647"/>
</pin_list>
<bind>
<StgValue><ssdm name=""/></StgValue>
</bind>
</comp>

<comp id="458" class="1001" name="const_458">
<pin_list>
<pin id="459" dir="1" index="0" bw="1" slack="2147483647"/>
</pin_list>
<bind>
<StgValue><ssdm name=""/></StgValue>
</bind>
</comp>

<comp id="460" class="1001" name="const_460">
<pin_list>
<pin id="461" dir="1" index="0" bw="1" slack="2147483647"/>
</pin_list>
<bind>
<StgValue><ssdm name=""/></StgValue>
</bind>
</comp>

<comp id="462" class="1001" name="const_462">
<pin_list>
<pin id="463" dir="1" index="0" bw="1" slack="2147483647"/>
</pin_list>
<bind>
<StgValue><ssdm name=""/></StgValue>
</bind>
</comp>

<comp id="464" class="1001" name="const_464">
<pin_list>
<pin id="465" dir="1" index="0" bw="1" slack="2147483647"/>
</pin_list>
<bind>
<StgValue><ssdm name=""/></StgValue>
</bind>
</comp>

<comp id="466" class="1001" name="const_466">
<pin_list>
<pin id="467" dir="1" index="0" bw="1" slack="2147483647"/>
</pin_list>
<bind>
<StgValue><ssdm name=""/></StgValue>
</bind>
</comp>

<comp id="468" class="1001" name="const_468">
<pin_list>
<pin id="469" dir="1" index="0" bw="1" slack="2147483647"/>
</pin_list>
<bind>
<StgValue><ssdm name=""/></StgValue>
</bind>
</comp>

<comp id="470" class="1001" name="const_470">
<pin_list>
<pin id="471" dir="1" index="0" bw="1" slack="2147483647"/>
</pin_list>
<bind>
<StgValue><ssdm name=""/></StgValue>
</bind>
</comp>

<comp id="472" class="1001" name="const_472">
<pin_list>
<pin id="473" dir="1" index="0" bw="1" slack="2147483647"/>
</pin_list>
<bind>
<StgValue><ssdm name=""/></StgValue>
</bind>
</comp>

<comp id="474" class="1001" name="const_474">
<pin_list>
<pin id="475" dir="1" index="0" bw="1" slack="2147483647"/>
</pin_list>
<bind>
<StgValue><ssdm name=""/></StgValue>
</bind>
</comp>

<comp id="476" class="1001" name="const_476">
<pin_list>
<pin id="477" dir="1" index="0" bw="1" slack="2147483647"/>
</pin_list>
<bind>
<StgValue><ssdm name=""/></StgValue>
</bind>
</comp>

<comp id="478" class="1001" name="const_478">
<pin_list>
<pin id="479" dir="1" index="0" bw="1" slack="2147483647"/>
</pin_list>
<bind>
<StgValue><ssdm name=""/></StgValue>
</bind>
</comp>

<comp id="480" class="1001" name="const_480">
<pin_list>
<pin id="481" dir="1" index="0" bw="1" slack="2147483647"/>
</pin_list>
<bind>
<StgValue><ssdm name=""/></StgValue>
</bind>
</comp>

<comp id="482" class="1001" name="const_482">
<pin_list>
<pin id="483" dir="1" index="0" bw="1" slack="2147483647"/>
</pin_list>
<bind>
<StgValue><ssdm name=""/></StgValue>
</bind>
</comp>

<comp id="484" class="1001" name="const_484">
<pin_list>
<pin id="485" dir="1" index="0" bw="1" slack="2147483647"/>
</pin_list>
<bind>
<StgValue><ssdm name=""/></StgValue>
</bind>
</comp>

<comp id="486" class="1001" name="const_486">
<pin_list>
<pin id="487" dir="1" index="0" bw="1" slack="2147483647"/>
</pin_list>
<bind>
<StgValue><ssdm name=""/></StgValue>
</bind>
</comp>

<comp id="488" class="1001" name="const_488">
<pin_list>
<pin id="489" dir="1" index="0" bw="1" slack="2147483647"/>
</pin_list>
<bind>
<StgValue><ssdm name=""/></StgValue>
</bind>
</comp>

<comp id="490" class="1001" name="const_490">
<pin_list>
<pin id="491" dir="1" index="0" bw="1" slack="2147483647"/>
</pin_list>
<bind>
<StgValue><ssdm name=""/></StgValue>
</bind>
</comp>

<comp id="492" class="1001" name="const_492">
<pin_list>
<pin id="493" dir="1" index="0" bw="1" slack="2147483647"/>
</pin_list>
<bind>
<StgValue><ssdm name=""/></StgValue>
</bind>
</comp>

<comp id="494" class="1001" name="const_494">
<pin_list>
<pin id="495" dir="1" index="0" bw="1" slack="2147483647"/>
</pin_list>
<bind>
<StgValue><ssdm name=""/></StgValue>
</bind>
</comp>

<comp id="496" class="1001" name="const_496">
<pin_list>
<pin id="497" dir="1" index="0" bw="1" slack="2147483647"/>
</pin_list>
<bind>
<StgValue><ssdm name=""/></StgValue>
</bind>
</comp>

<comp id="498" class="1001" name="const_498">
<pin_list>
<pin id="499" dir="1" index="0" bw="1" slack="2147483647"/>
</pin_list>
<bind>
<StgValue><ssdm name=""/></StgValue>
</bind>
</comp>

<comp id="500" class="1001" name="const_500">
<pin_list>
<pin id="501" dir="1" index="0" bw="1" slack="2147483647"/>
</pin_list>
<bind>
<StgValue><ssdm name=""/></StgValue>
</bind>
</comp>

<comp id="502" class="1001" name="const_502">
<pin_list>
<pin id="503" dir="1" index="0" bw="1" slack="2147483647"/>
</pin_list>
<bind>
<StgValue><ssdm name=""/></StgValue>
</bind>
</comp>

<comp id="504" class="1001" name="const_504">
<pin_list>
<pin id="505" dir="1" index="0" bw="1" slack="2147483647"/>
</pin_list>
<bind>
<StgValue><ssdm name=""/></StgValue>
</bind>
</comp>

<comp id="506" class="1001" name="const_506">
<pin_list>
<pin id="507" dir="1" index="0" bw="1" slack="2147483647"/>
</pin_list>
<bind>
<StgValue><ssdm name=""/></StgValue>
</bind>
</comp>

<comp id="508" class="1001" name="const_508">
<pin_list>
<pin id="509" dir="1" index="0" bw="1" slack="2147483647"/>
</pin_list>
<bind>
<StgValue><ssdm name=""/></StgValue>
</bind>
</comp>

<comp id="510" class="1001" name="const_510">
<pin_list>
<pin id="511" dir="1" index="0" bw="1" slack="2147483647"/>
</pin_list>
<bind>
<StgValue><ssdm name=""/></StgValue>
</bind>
</comp>

<comp id="512" class="1001" name="const_512">
<pin_list>
<pin id="513" dir="1" index="0" bw="1" slack="2147483647"/>
</pin_list>
<bind>
<StgValue><ssdm name=""/></StgValue>
</bind>
</comp>

<comp id="514" class="1001" name="const_514">
<pin_list>
<pin id="515" dir="1" index="0" bw="1" slack="2147483647"/>
</pin_list>
<bind>
<StgValue><ssdm name=""/></StgValue>
</bind>
</comp>

<comp id="516" class="1001" name="const_516">
<pin_list>
<pin id="517" dir="1" index="0" bw="1" slack="2147483647"/>
</pin_list>
<bind>
<StgValue><ssdm name=""/></StgValue>
</bind>
</comp>

<comp id="518" class="1001" name="const_518">
<pin_list>
<pin id="519" dir="1" index="0" bw="1" slack="2147483647"/>
</pin_list>
<bind>
<StgValue><ssdm name=""/></StgValue>
</bind>
</comp>

<comp id="520" class="1001" name="const_520">
<pin_list>
<pin id="521" dir="1" index="0" bw="1" slack="2147483647"/>
</pin_list>
<bind>
<StgValue><ssdm name=""/></StgValue>
</bind>
</comp>

<comp id="522" class="1001" name="const_522">
<pin_list>
<pin id="523" dir="1" index="0" bw="1" slack="2147483647"/>
</pin_list>
<bind>
<StgValue><ssdm name=""/></StgValue>
</bind>
</comp>

<comp id="524" class="1001" name="const_524">
<pin_list>
<pin id="525" dir="1" index="0" bw="1" slack="2147483647"/>
</pin_list>
<bind>
<StgValue><ssdm name=""/></StgValue>
</bind>
</comp>

<comp id="526" class="1001" name="const_526">
<pin_list>
<pin id="527" dir="1" index="0" bw="1" slack="2147483647"/>
</pin_list>
<bind>
<StgValue><ssdm name=""/></StgValue>
</bind>
</comp>

<comp id="528" class="1001" name="const_528">
<pin_list>
<pin id="529" dir="1" index="0" bw="1" slack="2147483647"/>
</pin_list>
<bind>
<StgValue><ssdm name=""/></StgValue>
</bind>
</comp>

<comp id="530" class="1001" name="const_530">
<pin_list>
<pin id="531" dir="1" index="0" bw="1" slack="2147483647"/>
</pin_list>
<bind>
<StgValue><ssdm name=""/></StgValue>
</bind>
</comp>

<comp id="532" class="1001" name="const_532">
<pin_list>
<pin id="533" dir="1" index="0" bw="1" slack="2147483647"/>
</pin_list>
<bind>
<StgValue><ssdm name=""/></StgValue>
</bind>
</comp>

<comp id="534" class="1001" name="const_534">
<pin_list>
<pin id="535" dir="1" index="0" bw="1" slack="2147483647"/>
</pin_list>
<bind>
<StgValue><ssdm name=""/></StgValue>
</bind>
</comp>

<comp id="536" class="1001" name="const_536">
<pin_list>
<pin id="537" dir="1" index="0" bw="1" slack="2147483647"/>
</pin_list>
<bind>
<StgValue><ssdm name=""/></StgValue>
</bind>
</comp>

<comp id="538" class="1001" name="const_538">
<pin_list>
<pin id="539" dir="1" index="0" bw="1" slack="2147483647"/>
</pin_list>
<bind>
<StgValue><ssdm name=""/></StgValue>
</bind>
</comp>

<comp id="540" class="1001" name="const_540">
<pin_list>
<pin id="541" dir="1" index="0" bw="1" slack="2147483647"/>
</pin_list>
<bind>
<StgValue><ssdm name=""/></StgValue>
</bind>
</comp>

<comp id="542" class="1001" name="const_542">
<pin_list>
<pin id="543" dir="1" index="0" bw="1" slack="2147483647"/>
</pin_list>
<bind>
<StgValue><ssdm name=""/></StgValue>
</bind>
</comp>

<comp id="544" class="1001" name="const_544">
<pin_list>
<pin id="545" dir="1" index="0" bw="1" slack="2147483647"/>
</pin_list>
<bind>
<StgValue><ssdm name=""/></StgValue>
</bind>
</comp>

<comp id="546" class="1001" name="const_546">
<pin_list>
<pin id="547" dir="1" index="0" bw="1" slack="2147483647"/>
</pin_list>
<bind>
<StgValue><ssdm name=""/></StgValue>
</bind>
</comp>

<comp id="548" class="1001" name="const_548">
<pin_list>
<pin id="549" dir="1" index="0" bw="1" slack="2147483647"/>
</pin_list>
<bind>
<StgValue><ssdm name=""/></StgValue>
</bind>
</comp>

<comp id="550" class="1001" name="const_550">
<pin_list>
<pin id="551" dir="1" index="0" bw="1" slack="2147483647"/>
</pin_list>
<bind>
<StgValue><ssdm name=""/></StgValue>
</bind>
</comp>

<comp id="552" class="1001" name="const_552">
<pin_list>
<pin id="553" dir="1" index="0" bw="1" slack="2147483647"/>
</pin_list>
<bind>
<StgValue><ssdm name=""/></StgValue>
</bind>
</comp>

<comp id="554" class="1001" name="const_554">
<pin_list>
<pin id="555" dir="1" index="0" bw="1" slack="2147483647"/>
</pin_list>
<bind>
<StgValue><ssdm name=""/></StgValue>
</bind>
</comp>

<comp id="556" class="1001" name="const_556">
<pin_list>
<pin id="557" dir="1" index="0" bw="1" slack="2147483647"/>
</pin_list>
<bind>
<StgValue><ssdm name=""/></StgValue>
</bind>
</comp>

<comp id="558" class="1001" name="const_558">
<pin_list>
<pin id="559" dir="1" index="0" bw="1" slack="0"/>
</pin_list>
<bind>
<StgValue><ssdm name="_ssdm_op_Mux.ap_auto.8float.i3"/></StgValue>
</bind>
</comp>

<comp id="560" class="1001" name="const_560">
<pin_list>
<pin id="561" dir="1" index="0" bw="1" slack="0"/>
</pin_list>
<bind>
<StgValue><ssdm name=""/></StgValue>
</bind>
</comp>

<comp id="562" class="1001" name="const_562">
<pin_list>
<pin id="563" dir="1" index="0" bw="1" slack="0"/>
</pin_list>
<bind>
<StgValue><ssdm name="_ssdm_op_PartSelect.i8.i32.i32.i32"/></StgValue>
</bind>
</comp>

<comp id="564" class="1001" name="const_564">
<pin_list>
<pin id="565" dir="1" index="0" bw="1" slack="0"/>
</pin_list>
<bind>
<StgValue><ssdm name=""/></StgValue>
</bind>
</comp>

<comp id="566" class="1001" name="const_566">
<pin_list>
<pin id="567" dir="1" index="0" bw="1" slack="0"/>
</pin_list>
<bind>
<StgValue><ssdm name=""/></StgValue>
</bind>
</comp>

<comp id="568" class="1001" name="const_568">
<pin_list>
<pin id="569" dir="1" index="0" bw="1" slack="0"/>
</pin_list>
<bind>
<StgValue><ssdm name=""/></StgValue>
</bind>
</comp>

<comp id="570" class="1001" name="const_570">
<pin_list>
<pin id="571" dir="1" index="0" bw="1" slack="0"/>
</pin_list>
<bind>
<StgValue><ssdm name=""/></StgValue>
</bind>
</comp>

<comp id="572" class="1001" name="const_572">
<pin_list>
<pin id="573" dir="1" index="0" bw="1" slack="0"/>
</pin_list>
<bind>
<StgValue><ssdm name=""/></StgValue>
</bind>
</comp>

<comp id="574" class="1001" name="const_574">
<pin_list>
<pin id="575" dir="1" index="0" bw="1" slack="2147483647"/>
</pin_list>
<bind>
<StgValue><ssdm name="_ssdm_op_SpecPipeline"/></StgValue>
</bind>
</comp>

<comp id="576" class="1001" name="const_576">
<pin_list>
<pin id="577" dir="1" index="0" bw="1" slack="0"/>
</pin_list>
<bind>
<StgValue><ssdm name=""/></StgValue>
</bind>
</comp>

<comp id="578" class="1001" name="const_578">
<pin_list>
<pin id="579" dir="1" index="0" bw="1" slack="2147483647"/>
</pin_list>
<bind>
<StgValue><ssdm name="empty_13"/></StgValue>
</bind>
</comp>

<comp id="580" class="1001" name="const_580">
<pin_list>
<pin id="581" dir="1" index="0" bw="1" slack="2147483647"/>
</pin_list>
<bind>
<StgValue><ssdm name="_ssdm_op_SpecLoopName"/></StgValue>
</bind>
</comp>

<comp id="582" class="1001" name="const_582">
<pin_list>
<pin id="583" dir="1" index="0" bw="1" slack="2147483647"/>
</pin_list>
<bind>
<StgValue><ssdm name="empty_18"/></StgValue>
</bind>
</comp>

<comp id="584" class="1001" name="const_584">
<pin_list>
<pin id="585" dir="1" index="0" bw="1" slack="0"/>
</pin_list>
<bind>
<StgValue><ssdm name=""/></StgValue>
</bind>
</comp>

<comp id="586" class="1001" name="const_586">
<pin_list>
<pin id="587" dir="1" index="0" bw="1" slack="0"/>
</pin_list>
<bind>
<StgValue><ssdm name=""/></StgValue>
</bind>
</comp>

<comp id="588" class="1001" name="const_588">
<pin_list>
<pin id="589" dir="1" index="0" bw="1" slack="0"/>
</pin_list>
<bind>
<StgValue><ssdm name=""/></StgValue>
</bind>
</comp>

<comp id="590" class="1001" name="const_590">
<pin_list>
<pin id="591" dir="1" index="0" bw="1" slack="0"/>
</pin_list>
<bind>
<StgValue><ssdm name="_ssdm_op_BitSelect.i1.i32.i32"/></StgValue>
</bind>
</comp>

<comp id="592" class="1001" name="const_592">
<pin_list>
<pin id="593" dir="1" index="0" bw="1" slack="0"/>
</pin_list>
<bind>
<StgValue><ssdm name=""/></StgValue>
</bind>
</comp>

<comp id="594" class="1001" name="const_594">
<pin_list>
<pin id="595" dir="1" index="0" bw="1" slack="0"/>
</pin_list>
<bind>
<StgValue><ssdm name="_ssdm_op_BitConcatenate.i25.i1.i23.i1"/></StgValue>
</bind>
</comp>

<comp id="596" class="1001" name="const_596">
<pin_list>
<pin id="597" dir="1" index="0" bw="1" slack="0"/>
</pin_list>
<bind>
<StgValue><ssdm name=""/></StgValue>
</bind>
</comp>

<comp id="598" class="1001" name="const_598">
<pin_list>
<pin id="599" dir="1" index="0" bw="1" slack="0"/>
</pin_list>
<bind>
<StgValue><ssdm name=""/></StgValue>
</bind>
</comp>

<comp id="600" class="1001" name="const_600">
<pin_list>
<pin id="601" dir="1" index="0" bw="1" slack="0"/>
</pin_list>
<bind>
<StgValue><ssdm name=""/></StgValue>
</bind>
</comp>

<comp id="602" class="1001" name="const_602">
<pin_list>
<pin id="603" dir="1" index="0" bw="1" slack="0"/>
</pin_list>
<bind>
<StgValue><ssdm name="_ssdm_op_BitSelect.i1.i9.i32"/></StgValue>
</bind>
</comp>

<comp id="604" class="1001" name="const_604">
<pin_list>
<pin id="605" dir="1" index="0" bw="1" slack="0"/>
</pin_list>
<bind>
<StgValue><ssdm name=""/></StgValue>
</bind>
</comp>

<comp id="606" class="1001" name="const_606">
<pin_list>
<pin id="607" dir="1" index="0" bw="1" slack="0"/>
</pin_list>
<bind>
<StgValue><ssdm name=""/></StgValue>
</bind>
</comp>

<comp id="608" class="1001" name="const_608">
<pin_list>
<pin id="609" dir="1" index="0" bw="1" slack="0"/>
</pin_list>
<bind>
<StgValue><ssdm name="_ssdm_op_BitSelect.i1.i79.i32"/></StgValue>
</bind>
</comp>

<comp id="610" class="1001" name="const_610">
<pin_list>
<pin id="611" dir="1" index="0" bw="1" slack="0"/>
</pin_list>
<bind>
<StgValue><ssdm name=""/></StgValue>
</bind>
</comp>

<comp id="612" class="1001" name="const_612">
<pin_list>
<pin id="613" dir="1" index="0" bw="1" slack="0"/>
</pin_list>
<bind>
<StgValue><ssdm name="_ssdm_op_PartSelect.i32.i79.i32.i32"/></StgValue>
</bind>
</comp>

<comp id="614" class="1001" name="const_614">
<pin_list>
<pin id="615" dir="1" index="0" bw="1" slack="0"/>
</pin_list>
<bind>
<StgValue><ssdm name=""/></StgValue>
</bind>
</comp>

<comp id="616" class="1001" name="const_616">
<pin_list>
<pin id="617" dir="1" index="0" bw="1" slack="0"/>
</pin_list>
<bind>
<StgValue><ssdm name="_ssdm_op_PartSelect.i26.i32.i32.i32"/></StgValue>
</bind>
</comp>

<comp id="618" class="1001" name="const_618">
<pin_list>
<pin id="619" dir="1" index="0" bw="1" slack="0"/>
</pin_list>
<bind>
<StgValue><ssdm name=""/></StgValue>
</bind>
</comp>

<comp id="620" class="1001" name="const_620">
<pin_list>
<pin id="621" dir="1" index="0" bw="1" slack="0"/>
</pin_list>
<bind>
<StgValue><ssdm name=""/></StgValue>
</bind>
</comp>

<comp id="622" class="1001" name="const_622">
<pin_list>
<pin id="623" dir="1" index="0" bw="1" slack="0"/>
</pin_list>
<bind>
<StgValue><ssdm name="_ssdm_op_Mux.ap_auto.128float.i7"/></StgValue>
</bind>
</comp>

<comp id="624" class="1001" name="const_624">
<pin_list>
<pin id="625" dir="1" index="0" bw="1" slack="0"/>
</pin_list>
<bind>
<StgValue><ssdm name=""/></StgValue>
</bind>
</comp>

<comp id="626" class="1001" name="const_626">
<pin_list>
<pin id="627" dir="1" index="0" bw="1" slack="0"/>
</pin_list>
<bind>
<StgValue><ssdm name=""/></StgValue>
</bind>
</comp>

<comp id="628" class="1001" name="const_628">
<pin_list>
<pin id="629" dir="1" index="0" bw="1" slack="0"/>
</pin_list>
<bind>
<StgValue><ssdm name=""/></StgValue>
</bind>
</comp>

<comp id="630" class="1001" name="const_630">
<pin_list>
<pin id="631" dir="1" index="0" bw="1" slack="0"/>
</pin_list>
<bind>
<StgValue><ssdm name=""/></StgValue>
</bind>
</comp>

<comp id="632" class="1001" name="const_632">
<pin_list>
<pin id="633" dir="1" index="0" bw="1" slack="0"/>
</pin_list>
<bind>
<StgValue><ssdm name=""/></StgValue>
</bind>
</comp>

<comp id="634" class="1001" name="const_634">
<pin_list>
<pin id="635" dir="1" index="0" bw="1" slack="0"/>
</pin_list>
<bind>
<StgValue><ssdm name=""/></StgValue>
</bind>
</comp>

<comp id="636" class="1001" name="const_636">
<pin_list>
<pin id="637" dir="1" index="0" bw="1" slack="0"/>
</pin_list>
<bind>
<StgValue><ssdm name=""/></StgValue>
</bind>
</comp>

<comp id="638" class="1001" name="const_638">
<pin_list>
<pin id="639" dir="1" index="0" bw="1" slack="0"/>
</pin_list>
<bind>
<StgValue><ssdm name=""/></StgValue>
</bind>
</comp>

<comp id="640" class="1001" name="const_640">
<pin_list>
<pin id="641" dir="1" index="0" bw="1" slack="0"/>
</pin_list>
<bind>
<StgValue><ssdm name=""/></StgValue>
</bind>
</comp>

<comp id="642" class="1001" name="const_642">
<pin_list>
<pin id="643" dir="1" index="0" bw="1" slack="0"/>
</pin_list>
<bind>
<StgValue><ssdm name=""/></StgValue>
</bind>
</comp>

<comp id="644" class="1001" name="const_644">
<pin_list>
<pin id="645" dir="1" index="0" bw="1" slack="0"/>
</pin_list>
<bind>
<StgValue><ssdm name=""/></StgValue>
</bind>
</comp>

<comp id="646" class="1001" name="const_646">
<pin_list>
<pin id="647" dir="1" index="0" bw="1" slack="0"/>
</pin_list>
<bind>
<StgValue><ssdm name=""/></StgValue>
</bind>
</comp>

<comp id="648" class="1001" name="const_648">
<pin_list>
<pin id="649" dir="1" index="0" bw="1" slack="0"/>
</pin_list>
<bind>
<StgValue><ssdm name=""/></StgValue>
</bind>
</comp>

<comp id="650" class="1001" name="const_650">
<pin_list>
<pin id="651" dir="1" index="0" bw="1" slack="0"/>
</pin_list>
<bind>
<StgValue><ssdm name=""/></StgValue>
</bind>
</comp>

<comp id="652" class="1001" name="const_652">
<pin_list>
<pin id="653" dir="1" index="0" bw="1" slack="0"/>
</pin_list>
<bind>
<StgValue><ssdm name=""/></StgValue>
</bind>
</comp>

<comp id="654" class="1001" name="const_654">
<pin_list>
<pin id="655" dir="1" index="0" bw="1" slack="0"/>
</pin_list>
<bind>
<StgValue><ssdm name=""/></StgValue>
</bind>
</comp>

<comp id="656" class="1001" name="const_656">
<pin_list>
<pin id="657" dir="1" index="0" bw="1" slack="0"/>
</pin_list>
<bind>
<StgValue><ssdm name=""/></StgValue>
</bind>
</comp>

<comp id="658" class="1001" name="const_658">
<pin_list>
<pin id="659" dir="1" index="0" bw="1" slack="0"/>
</pin_list>
<bind>
<StgValue><ssdm name=""/></StgValue>
</bind>
</comp>

<comp id="660" class="1001" name="const_660">
<pin_list>
<pin id="661" dir="1" index="0" bw="1" slack="0"/>
</pin_list>
<bind>
<StgValue><ssdm name=""/></StgValue>
</bind>
</comp>

<comp id="662" class="1001" name="const_662">
<pin_list>
<pin id="663" dir="1" index="0" bw="1" slack="0"/>
</pin_list>
<bind>
<StgValue><ssdm name=""/></StgValue>
</bind>
</comp>

<comp id="664" class="1001" name="const_664">
<pin_list>
<pin id="665" dir="1" index="0" bw="1" slack="0"/>
</pin_list>
<bind>
<StgValue><ssdm name=""/></StgValue>
</bind>
</comp>

<comp id="666" class="1001" name="const_666">
<pin_list>
<pin id="667" dir="1" index="0" bw="1" slack="0"/>
</pin_list>
<bind>
<StgValue><ssdm name=""/></StgValue>
</bind>
</comp>

<comp id="668" class="1001" name="const_668">
<pin_list>
<pin id="669" dir="1" index="0" bw="1" slack="0"/>
</pin_list>
<bind>
<StgValue><ssdm name=""/></StgValue>
</bind>
</comp>

<comp id="670" class="1001" name="const_670">
<pin_list>
<pin id="671" dir="1" index="0" bw="1" slack="0"/>
</pin_list>
<bind>
<StgValue><ssdm name=""/></StgValue>
</bind>
</comp>

<comp id="672" class="1001" name="const_672">
<pin_list>
<pin id="673" dir="1" index="0" bw="1" slack="0"/>
</pin_list>
<bind>
<StgValue><ssdm name=""/></StgValue>
</bind>
</comp>

<comp id="674" class="1001" name="const_674">
<pin_list>
<pin id="675" dir="1" index="0" bw="1" slack="0"/>
</pin_list>
<bind>
<StgValue><ssdm name=""/></StgValue>
</bind>
</comp>

<comp id="676" class="1001" name="const_676">
<pin_list>
<pin id="677" dir="1" index="0" bw="1" slack="0"/>
</pin_list>
<bind>
<StgValue><ssdm name=""/></StgValue>
</bind>
</comp>

<comp id="678" class="1001" name="const_678">
<pin_list>
<pin id="679" dir="1" index="0" bw="1" slack="0"/>
</pin_list>
<bind>
<StgValue><ssdm name=""/></StgValue>
</bind>
</comp>

<comp id="680" class="1001" name="const_680">
<pin_list>
<pin id="681" dir="1" index="0" bw="1" slack="0"/>
</pin_list>
<bind>
<StgValue><ssdm name=""/></StgValue>
</bind>
</comp>

<comp id="682" class="1001" name="const_682">
<pin_list>
<pin id="683" dir="1" index="0" bw="1" slack="0"/>
</pin_list>
<bind>
<StgValue><ssdm name=""/></StgValue>
</bind>
</comp>

<comp id="684" class="1001" name="const_684">
<pin_list>
<pin id="685" dir="1" index="0" bw="1" slack="0"/>
</pin_list>
<bind>
<StgValue><ssdm name=""/></StgValue>
</bind>
</comp>

<comp id="686" class="1001" name="const_686">
<pin_list>
<pin id="687" dir="1" index="0" bw="1" slack="0"/>
</pin_list>
<bind>
<StgValue><ssdm name=""/></StgValue>
</bind>
</comp>

<comp id="688" class="1001" name="const_688">
<pin_list>
<pin id="689" dir="1" index="0" bw="1" slack="0"/>
</pin_list>
<bind>
<StgValue><ssdm name=""/></StgValue>
</bind>
</comp>

<comp id="690" class="1001" name="const_690">
<pin_list>
<pin id="691" dir="1" index="0" bw="1" slack="0"/>
</pin_list>
<bind>
<StgValue><ssdm name=""/></StgValue>
</bind>
</comp>

<comp id="692" class="1001" name="const_692">
<pin_list>
<pin id="693" dir="1" index="0" bw="1" slack="0"/>
</pin_list>
<bind>
<StgValue><ssdm name=""/></StgValue>
</bind>
</comp>

<comp id="694" class="1001" name="const_694">
<pin_list>
<pin id="695" dir="1" index="0" bw="1" slack="0"/>
</pin_list>
<bind>
<StgValue><ssdm name=""/></StgValue>
</bind>
</comp>

<comp id="696" class="1001" name="const_696">
<pin_list>
<pin id="697" dir="1" index="0" bw="1" slack="0"/>
</pin_list>
<bind>
<StgValue><ssdm name=""/></StgValue>
</bind>
</comp>

<comp id="698" class="1001" name="const_698">
<pin_list>
<pin id="699" dir="1" index="0" bw="1" slack="0"/>
</pin_list>
<bind>
<StgValue><ssdm name=""/></StgValue>
</bind>
</comp>

<comp id="700" class="1001" name="const_700">
<pin_list>
<pin id="701" dir="1" index="0" bw="1" slack="0"/>
</pin_list>
<bind>
<StgValue><ssdm name=""/></StgValue>
</bind>
</comp>

<comp id="702" class="1001" name="const_702">
<pin_list>
<pin id="703" dir="1" index="0" bw="1" slack="0"/>
</pin_list>
<bind>
<StgValue><ssdm name=""/></StgValue>
</bind>
</comp>

<comp id="704" class="1001" name="const_704">
<pin_list>
<pin id="705" dir="1" index="0" bw="1" slack="0"/>
</pin_list>
<bind>
<StgValue><ssdm name=""/></StgValue>
</bind>
</comp>

<comp id="706" class="1001" name="const_706">
<pin_list>
<pin id="707" dir="1" index="0" bw="1" slack="0"/>
</pin_list>
<bind>
<StgValue><ssdm name=""/></StgValue>
</bind>
</comp>

<comp id="708" class="1001" name="const_708">
<pin_list>
<pin id="709" dir="1" index="0" bw="1" slack="0"/>
</pin_list>
<bind>
<StgValue><ssdm name=""/></StgValue>
</bind>
</comp>

<comp id="710" class="1001" name="const_710">
<pin_list>
<pin id="711" dir="1" index="0" bw="1" slack="0"/>
</pin_list>
<bind>
<StgValue><ssdm name=""/></StgValue>
</bind>
</comp>

<comp id="712" class="1001" name="const_712">
<pin_list>
<pin id="713" dir="1" index="0" bw="1" slack="0"/>
</pin_list>
<bind>
<StgValue><ssdm name=""/></StgValue>
</bind>
</comp>

<comp id="714" class="1001" name="const_714">
<pin_list>
<pin id="715" dir="1" index="0" bw="1" slack="0"/>
</pin_list>
<bind>
<StgValue><ssdm name=""/></StgValue>
</bind>
</comp>

<comp id="716" class="1001" name="const_716">
<pin_list>
<pin id="717" dir="1" index="0" bw="1" slack="0"/>
</pin_list>
<bind>
<StgValue><ssdm name=""/></StgValue>
</bind>
</comp>

<comp id="718" class="1001" name="const_718">
<pin_list>
<pin id="719" dir="1" index="0" bw="1" slack="0"/>
</pin_list>
<bind>
<StgValue><ssdm name=""/></StgValue>
</bind>
</comp>

<comp id="720" class="1001" name="const_720">
<pin_list>
<pin id="721" dir="1" index="0" bw="1" slack="0"/>
</pin_list>
<bind>
<StgValue><ssdm name=""/></StgValue>
</bind>
</comp>

<comp id="722" class="1001" name="const_722">
<pin_list>
<pin id="723" dir="1" index="0" bw="1" slack="0"/>
</pin_list>
<bind>
<StgValue><ssdm name=""/></StgValue>
</bind>
</comp>

<comp id="724" class="1001" name="const_724">
<pin_list>
<pin id="725" dir="1" index="0" bw="1" slack="0"/>
</pin_list>
<bind>
<StgValue><ssdm name=""/></StgValue>
</bind>
</comp>

<comp id="726" class="1001" name="const_726">
<pin_list>
<pin id="727" dir="1" index="0" bw="1" slack="0"/>
</pin_list>
<bind>
<StgValue><ssdm name=""/></StgValue>
</bind>
</comp>

<comp id="728" class="1001" name="const_728">
<pin_list>
<pin id="729" dir="1" index="0" bw="1" slack="0"/>
</pin_list>
<bind>
<StgValue><ssdm name=""/></StgValue>
</bind>
</comp>

<comp id="730" class="1001" name="const_730">
<pin_list>
<pin id="731" dir="1" index="0" bw="1" slack="0"/>
</pin_list>
<bind>
<StgValue><ssdm name=""/></StgValue>
</bind>
</comp>

<comp id="732" class="1001" name="const_732">
<pin_list>
<pin id="733" dir="1" index="0" bw="1" slack="0"/>
</pin_list>
<bind>
<StgValue><ssdm name=""/></StgValue>
</bind>
</comp>

<comp id="734" class="1001" name="const_734">
<pin_list>
<pin id="735" dir="1" index="0" bw="1" slack="0"/>
</pin_list>
<bind>
<StgValue><ssdm name=""/></StgValue>
</bind>
</comp>

<comp id="736" class="1001" name="const_736">
<pin_list>
<pin id="737" dir="1" index="0" bw="1" slack="0"/>
</pin_list>
<bind>
<StgValue><ssdm name=""/></StgValue>
</bind>
</comp>

<comp id="738" class="1001" name="const_738">
<pin_list>
<pin id="739" dir="1" index="0" bw="1" slack="0"/>
</pin_list>
<bind>
<StgValue><ssdm name=""/></StgValue>
</bind>
</comp>

<comp id="740" class="1001" name="const_740">
<pin_list>
<pin id="741" dir="1" index="0" bw="1" slack="0"/>
</pin_list>
<bind>
<StgValue><ssdm name=""/></StgValue>
</bind>
</comp>

<comp id="742" class="1001" name="const_742">
<pin_list>
<pin id="743" dir="1" index="0" bw="1" slack="0"/>
</pin_list>
<bind>
<StgValue><ssdm name=""/></StgValue>
</bind>
</comp>

<comp id="744" class="1001" name="const_744">
<pin_list>
<pin id="745" dir="1" index="0" bw="1" slack="0"/>
</pin_list>
<bind>
<StgValue><ssdm name=""/></StgValue>
</bind>
</comp>

<comp id="746" class="1001" name="const_746">
<pin_list>
<pin id="747" dir="1" index="0" bw="1" slack="0"/>
</pin_list>
<bind>
<StgValue><ssdm name=""/></StgValue>
</bind>
</comp>

<comp id="748" class="1001" name="const_748">
<pin_list>
<pin id="749" dir="1" index="0" bw="1" slack="0"/>
</pin_list>
<bind>
<StgValue><ssdm name=""/></StgValue>
</bind>
</comp>

<comp id="750" class="1001" name="const_750">
<pin_list>
<pin id="751" dir="1" index="0" bw="1" slack="0"/>
</pin_list>
<bind>
<StgValue><ssdm name=""/></StgValue>
</bind>
</comp>

<comp id="752" class="1001" name="const_752">
<pin_list>
<pin id="753" dir="1" index="0" bw="1" slack="0"/>
</pin_list>
<bind>
<StgValue><ssdm name=""/></StgValue>
</bind>
</comp>

<comp id="754" class="1001" name="const_754">
<pin_list>
<pin id="755" dir="1" index="0" bw="1" slack="0"/>
</pin_list>
<bind>
<StgValue><ssdm name=""/></StgValue>
</bind>
</comp>

<comp id="756" class="1001" name="const_756">
<pin_list>
<pin id="757" dir="1" index="0" bw="1" slack="0"/>
</pin_list>
<bind>
<StgValue><ssdm name="_ssdm_op_Mux.ap_auto.64f32.i32"/></StgValue>
</bind>
</comp>

<comp id="758" class="1001" name="const_758">
<pin_list>
<pin id="759" dir="1" index="0" bw="1" slack="0"/>
</pin_list>
<bind>
<StgValue><ssdm name="_ssdm_op_Write.ap_auto.floatP0A"/></StgValue>
</bind>
</comp>

<comp id="760" class="1004" name="j_fu_760">
<pin_list>
<pin id="761" dir="0" index="0" bw="1" slack="0"/>
<pin id="762" dir="1" index="1" bw="8" slack="0"/>
</pin_list>
<bind>
<opcode="alloca(26) " fcode="alloca"/>
<opset="j/1 "/>
</bind>
</comp>

<comp id="764" class="1004" name="P_row_fu_764">
<pin_list>
<pin id="765" dir="0" index="0" bw="1" slack="0"/>
<pin id="766" dir="1" index="1" bw="32" slack="60"/>
</pin_list>
<bind>
<opcode="alloca(26) " fcode="alloca"/>
<opset="P_row/1 "/>
</bind>
</comp>

<comp id="768" class="1004" name="P_row_1_fu_768">
<pin_list>
<pin id="769" dir="0" index="0" bw="1" slack="0"/>
<pin id="770" dir="1" index="1" bw="32" slack="60"/>
</pin_list>
<bind>
<opcode="alloca(26) " fcode="alloca"/>
<opset="P_row_1/1 "/>
</bind>
</comp>

<comp id="772" class="1004" name="P_row_2_fu_772">
<pin_list>
<pin id="773" dir="0" index="0" bw="1" slack="0"/>
<pin id="774" dir="1" index="1" bw="32" slack="60"/>
</pin_list>
<bind>
<opcode="alloca(26) " fcode="alloca"/>
<opset="P_row_2/1 "/>
</bind>
</comp>

<comp id="776" class="1004" name="P_row_3_fu_776">
<pin_list>
<pin id="777" dir="0" index="0" bw="1" slack="0"/>
<pin id="778" dir="1" index="1" bw="32" slack="60"/>
</pin_list>
<bind>
<opcode="alloca(26) " fcode="alloca"/>
<opset="P_row_3/1 "/>
</bind>
</comp>

<comp id="780" class="1004" name="P_row_4_fu_780">
<pin_list>
<pin id="781" dir="0" index="0" bw="1" slack="0"/>
<pin id="782" dir="1" index="1" bw="32" slack="60"/>
</pin_list>
<bind>
<opcode="alloca(26) " fcode="alloca"/>
<opset="P_row_4/1 "/>
</bind>
</comp>

<comp id="784" class="1004" name="P_row_5_fu_784">
<pin_list>
<pin id="785" dir="0" index="0" bw="1" slack="0"/>
<pin id="786" dir="1" index="1" bw="32" slack="60"/>
</pin_list>
<bind>
<opcode="alloca(26) " fcode="alloca"/>
<opset="P_row_5/1 "/>
</bind>
</comp>

<comp id="788" class="1004" name="P_row_6_fu_788">
<pin_list>
<pin id="789" dir="0" index="0" bw="1" slack="0"/>
<pin id="790" dir="1" index="1" bw="32" slack="60"/>
</pin_list>
<bind>
<opcode="alloca(26) " fcode="alloca"/>
<opset="P_row_6/1 "/>
</bind>
</comp>

<comp id="792" class="1004" name="P_row_7_fu_792">
<pin_list>
<pin id="793" dir="0" index="0" bw="1" slack="0"/>
<pin id="794" dir="1" index="1" bw="32" slack="60"/>
</pin_list>
<bind>
<opcode="alloca(26) " fcode="alloca"/>
<opset="P_row_7/1 "/>
</bind>
</comp>

<comp id="796" class="1004" name="P_row_8_fu_796">
<pin_list>
<pin id="797" dir="0" index="0" bw="1" slack="0"/>
<pin id="798" dir="1" index="1" bw="32" slack="60"/>
</pin_list>
<bind>
<opcode="alloca(26) " fcode="alloca"/>
<opset="P_row_8/1 "/>
</bind>
</comp>

<comp id="800" class="1004" name="P_row_9_fu_800">
<pin_list>
<pin id="801" dir="0" index="0" bw="1" slack="0"/>
<pin id="802" dir="1" index="1" bw="32" slack="60"/>
</pin_list>
<bind>
<opcode="alloca(26) " fcode="alloca"/>
<opset="P_row_9/1 "/>
</bind>
</comp>

<comp id="804" class="1004" name="P_row_10_fu_804">
<pin_list>
<pin id="805" dir="0" index="0" bw="1" slack="0"/>
<pin id="806" dir="1" index="1" bw="32" slack="60"/>
</pin_list>
<bind>
<opcode="alloca(26) " fcode="alloca"/>
<opset="P_row_10/1 "/>
</bind>
</comp>

<comp id="808" class="1004" name="P_row_11_fu_808">
<pin_list>
<pin id="809" dir="0" index="0" bw="1" slack="0"/>
<pin id="810" dir="1" index="1" bw="32" slack="60"/>
</pin_list>
<bind>
<opcode="alloca(26) " fcode="alloca"/>
<opset="P_row_11/1 "/>
</bind>
</comp>

<comp id="812" class="1004" name="P_row_12_fu_812">
<pin_list>
<pin id="813" dir="0" index="0" bw="1" slack="0"/>
<pin id="814" dir="1" index="1" bw="32" slack="60"/>
</pin_list>
<bind>
<opcode="alloca(26) " fcode="alloca"/>
<opset="P_row_12/1 "/>
</bind>
</comp>

<comp id="816" class="1004" name="P_row_13_fu_816">
<pin_list>
<pin id="817" dir="0" index="0" bw="1" slack="0"/>
<pin id="818" dir="1" index="1" bw="32" slack="60"/>
</pin_list>
<bind>
<opcode="alloca(26) " fcode="alloca"/>
<opset="P_row_13/1 "/>
</bind>
</comp>

<comp id="820" class="1004" name="P_row_14_fu_820">
<pin_list>
<pin id="821" dir="0" index="0" bw="1" slack="0"/>
<pin id="822" dir="1" index="1" bw="32" slack="60"/>
</pin_list>
<bind>
<opcode="alloca(26) " fcode="alloca"/>
<opset="P_row_14/1 "/>
</bind>
</comp>

<comp id="824" class="1004" name="P_row_15_fu_824">
<pin_list>
<pin id="825" dir="0" index="0" bw="1" slack="0"/>
<pin id="826" dir="1" index="1" bw="32" slack="60"/>
</pin_list>
<bind>
<opcode="alloca(26) " fcode="alloca"/>
<opset="P_row_15/1 "/>
</bind>
</comp>

<comp id="828" class="1004" name="P_row_16_fu_828">
<pin_list>
<pin id="829" dir="0" index="0" bw="1" slack="0"/>
<pin id="830" dir="1" index="1" bw="32" slack="60"/>
</pin_list>
<bind>
<opcode="alloca(26) " fcode="alloca"/>
<opset="P_row_16/1 "/>
</bind>
</comp>

<comp id="832" class="1004" name="P_row_17_fu_832">
<pin_list>
<pin id="833" dir="0" index="0" bw="1" slack="0"/>
<pin id="834" dir="1" index="1" bw="32" slack="60"/>
</pin_list>
<bind>
<opcode="alloca(26) " fcode="alloca"/>
<opset="P_row_17/1 "/>
</bind>
</comp>

<comp id="836" class="1004" name="P_row_18_fu_836">
<pin_list>
<pin id="837" dir="0" index="0" bw="1" slack="0"/>
<pin id="838" dir="1" index="1" bw="32" slack="60"/>
</pin_list>
<bind>
<opcode="alloca(26) " fcode="alloca"/>
<opset="P_row_18/1 "/>
</bind>
</comp>

<comp id="840" class="1004" name="P_row_19_fu_840">
<pin_list>
<pin id="841" dir="0" index="0" bw="1" slack="0"/>
<pin id="842" dir="1" index="1" bw="32" slack="60"/>
</pin_list>
<bind>
<opcode="alloca(26) " fcode="alloca"/>
<opset="P_row_19/1 "/>
</bind>
</comp>

<comp id="844" class="1004" name="P_row_20_fu_844">
<pin_list>
<pin id="845" dir="0" index="0" bw="1" slack="0"/>
<pin id="846" dir="1" index="1" bw="32" slack="60"/>
</pin_list>
<bind>
<opcode="alloca(26) " fcode="alloca"/>
<opset="P_row_20/1 "/>
</bind>
</comp>

<comp id="848" class="1004" name="P_row_21_fu_848">
<pin_list>
<pin id="849" dir="0" index="0" bw="1" slack="0"/>
<pin id="850" dir="1" index="1" bw="32" slack="60"/>
</pin_list>
<bind>
<opcode="alloca(26) " fcode="alloca"/>
<opset="P_row_21/1 "/>
</bind>
</comp>

<comp id="852" class="1004" name="P_row_22_fu_852">
<pin_list>
<pin id="853" dir="0" index="0" bw="1" slack="0"/>
<pin id="854" dir="1" index="1" bw="32" slack="60"/>
</pin_list>
<bind>
<opcode="alloca(26) " fcode="alloca"/>
<opset="P_row_22/1 "/>
</bind>
</comp>

<comp id="856" class="1004" name="P_row_23_fu_856">
<pin_list>
<pin id="857" dir="0" index="0" bw="1" slack="0"/>
<pin id="858" dir="1" index="1" bw="32" slack="60"/>
</pin_list>
<bind>
<opcode="alloca(26) " fcode="alloca"/>
<opset="P_row_23/1 "/>
</bind>
</comp>

<comp id="860" class="1004" name="P_row_24_fu_860">
<pin_list>
<pin id="861" dir="0" index="0" bw="1" slack="0"/>
<pin id="862" dir="1" index="1" bw="32" slack="60"/>
</pin_list>
<bind>
<opcode="alloca(26) " fcode="alloca"/>
<opset="P_row_24/1 "/>
</bind>
</comp>

<comp id="864" class="1004" name="P_row_25_fu_864">
<pin_list>
<pin id="865" dir="0" index="0" bw="1" slack="0"/>
<pin id="866" dir="1" index="1" bw="32" slack="60"/>
</pin_list>
<bind>
<opcode="alloca(26) " fcode="alloca"/>
<opset="P_row_25/1 "/>
</bind>
</comp>

<comp id="868" class="1004" name="P_row_26_fu_868">
<pin_list>
<pin id="869" dir="0" index="0" bw="1" slack="0"/>
<pin id="870" dir="1" index="1" bw="32" slack="60"/>
</pin_list>
<bind>
<opcode="alloca(26) " fcode="alloca"/>
<opset="P_row_26/1 "/>
</bind>
</comp>

<comp id="872" class="1004" name="P_row_27_fu_872">
<pin_list>
<pin id="873" dir="0" index="0" bw="1" slack="0"/>
<pin id="874" dir="1" index="1" bw="32" slack="60"/>
</pin_list>
<bind>
<opcode="alloca(26) " fcode="alloca"/>
<opset="P_row_27/1 "/>
</bind>
</comp>

<comp id="876" class="1004" name="P_row_28_fu_876">
<pin_list>
<pin id="877" dir="0" index="0" bw="1" slack="0"/>
<pin id="878" dir="1" index="1" bw="32" slack="60"/>
</pin_list>
<bind>
<opcode="alloca(26) " fcode="alloca"/>
<opset="P_row_28/1 "/>
</bind>
</comp>

<comp id="880" class="1004" name="P_row_29_fu_880">
<pin_list>
<pin id="881" dir="0" index="0" bw="1" slack="0"/>
<pin id="882" dir="1" index="1" bw="32" slack="60"/>
</pin_list>
<bind>
<opcode="alloca(26) " fcode="alloca"/>
<opset="P_row_29/1 "/>
</bind>
</comp>

<comp id="884" class="1004" name="P_row_30_fu_884">
<pin_list>
<pin id="885" dir="0" index="0" bw="1" slack="0"/>
<pin id="886" dir="1" index="1" bw="32" slack="60"/>
</pin_list>
<bind>
<opcode="alloca(26) " fcode="alloca"/>
<opset="P_row_30/1 "/>
</bind>
</comp>

<comp id="888" class="1004" name="P_row_31_fu_888">
<pin_list>
<pin id="889" dir="0" index="0" bw="1" slack="0"/>
<pin id="890" dir="1" index="1" bw="32" slack="60"/>
</pin_list>
<bind>
<opcode="alloca(26) " fcode="alloca"/>
<opset="P_row_31/1 "/>
</bind>
</comp>

<comp id="892" class="1004" name="P_row_32_fu_892">
<pin_list>
<pin id="893" dir="0" index="0" bw="1" slack="0"/>
<pin id="894" dir="1" index="1" bw="32" slack="60"/>
</pin_list>
<bind>
<opcode="alloca(26) " fcode="alloca"/>
<opset="P_row_32/1 "/>
</bind>
</comp>

<comp id="896" class="1004" name="P_row_33_fu_896">
<pin_list>
<pin id="897" dir="0" index="0" bw="1" slack="0"/>
<pin id="898" dir="1" index="1" bw="32" slack="60"/>
</pin_list>
<bind>
<opcode="alloca(26) " fcode="alloca"/>
<opset="P_row_33/1 "/>
</bind>
</comp>

<comp id="900" class="1004" name="P_row_34_fu_900">
<pin_list>
<pin id="901" dir="0" index="0" bw="1" slack="0"/>
<pin id="902" dir="1" index="1" bw="32" slack="60"/>
</pin_list>
<bind>
<opcode="alloca(26) " fcode="alloca"/>
<opset="P_row_34/1 "/>
</bind>
</comp>

<comp id="904" class="1004" name="P_row_35_fu_904">
<pin_list>
<pin id="905" dir="0" index="0" bw="1" slack="0"/>
<pin id="906" dir="1" index="1" bw="32" slack="60"/>
</pin_list>
<bind>
<opcode="alloca(26) " fcode="alloca"/>
<opset="P_row_35/1 "/>
</bind>
</comp>

<comp id="908" class="1004" name="P_row_36_fu_908">
<pin_list>
<pin id="909" dir="0" index="0" bw="1" slack="0"/>
<pin id="910" dir="1" index="1" bw="32" slack="60"/>
</pin_list>
<bind>
<opcode="alloca(26) " fcode="alloca"/>
<opset="P_row_36/1 "/>
</bind>
</comp>

<comp id="912" class="1004" name="P_row_37_fu_912">
<pin_list>
<pin id="913" dir="0" index="0" bw="1" slack="0"/>
<pin id="914" dir="1" index="1" bw="32" slack="60"/>
</pin_list>
<bind>
<opcode="alloca(26) " fcode="alloca"/>
<opset="P_row_37/1 "/>
</bind>
</comp>

<comp id="916" class="1004" name="P_row_38_fu_916">
<pin_list>
<pin id="917" dir="0" index="0" bw="1" slack="0"/>
<pin id="918" dir="1" index="1" bw="32" slack="60"/>
</pin_list>
<bind>
<opcode="alloca(26) " fcode="alloca"/>
<opset="P_row_38/1 "/>
</bind>
</comp>

<comp id="920" class="1004" name="P_row_39_fu_920">
<pin_list>
<pin id="921" dir="0" index="0" bw="1" slack="0"/>
<pin id="922" dir="1" index="1" bw="32" slack="60"/>
</pin_list>
<bind>
<opcode="alloca(26) " fcode="alloca"/>
<opset="P_row_39/1 "/>
</bind>
</comp>

<comp id="924" class="1004" name="P_row_40_fu_924">
<pin_list>
<pin id="925" dir="0" index="0" bw="1" slack="0"/>
<pin id="926" dir="1" index="1" bw="32" slack="60"/>
</pin_list>
<bind>
<opcode="alloca(26) " fcode="alloca"/>
<opset="P_row_40/1 "/>
</bind>
</comp>

<comp id="928" class="1004" name="P_row_41_fu_928">
<pin_list>
<pin id="929" dir="0" index="0" bw="1" slack="0"/>
<pin id="930" dir="1" index="1" bw="32" slack="60"/>
</pin_list>
<bind>
<opcode="alloca(26) " fcode="alloca"/>
<opset="P_row_41/1 "/>
</bind>
</comp>

<comp id="932" class="1004" name="P_row_42_fu_932">
<pin_list>
<pin id="933" dir="0" index="0" bw="1" slack="0"/>
<pin id="934" dir="1" index="1" bw="32" slack="60"/>
</pin_list>
<bind>
<opcode="alloca(26) " fcode="alloca"/>
<opset="P_row_42/1 "/>
</bind>
</comp>

<comp id="936" class="1004" name="P_row_43_fu_936">
<pin_list>
<pin id="937" dir="0" index="0" bw="1" slack="0"/>
<pin id="938" dir="1" index="1" bw="32" slack="60"/>
</pin_list>
<bind>
<opcode="alloca(26) " fcode="alloca"/>
<opset="P_row_43/1 "/>
</bind>
</comp>

<comp id="940" class="1004" name="P_row_44_fu_940">
<pin_list>
<pin id="941" dir="0" index="0" bw="1" slack="0"/>
<pin id="942" dir="1" index="1" bw="32" slack="60"/>
</pin_list>
<bind>
<opcode="alloca(26) " fcode="alloca"/>
<opset="P_row_44/1 "/>
</bind>
</comp>

<comp id="944" class="1004" name="P_row_45_fu_944">
<pin_list>
<pin id="945" dir="0" index="0" bw="1" slack="0"/>
<pin id="946" dir="1" index="1" bw="32" slack="60"/>
</pin_list>
<bind>
<opcode="alloca(26) " fcode="alloca"/>
<opset="P_row_45/1 "/>
</bind>
</comp>

<comp id="948" class="1004" name="P_row_46_fu_948">
<pin_list>
<pin id="949" dir="0" index="0" bw="1" slack="0"/>
<pin id="950" dir="1" index="1" bw="32" slack="60"/>
</pin_list>
<bind>
<opcode="alloca(26) " fcode="alloca"/>
<opset="P_row_46/1 "/>
</bind>
</comp>

<comp id="952" class="1004" name="P_row_47_fu_952">
<pin_list>
<pin id="953" dir="0" index="0" bw="1" slack="0"/>
<pin id="954" dir="1" index="1" bw="32" slack="60"/>
</pin_list>
<bind>
<opcode="alloca(26) " fcode="alloca"/>
<opset="P_row_47/1 "/>
</bind>
</comp>

<comp id="956" class="1004" name="P_row_48_fu_956">
<pin_list>
<pin id="957" dir="0" index="0" bw="1" slack="0"/>
<pin id="958" dir="1" index="1" bw="32" slack="60"/>
</pin_list>
<bind>
<opcode="alloca(26) " fcode="alloca"/>
<opset="P_row_48/1 "/>
</bind>
</comp>

<comp id="960" class="1004" name="P_row_49_fu_960">
<pin_list>
<pin id="961" dir="0" index="0" bw="1" slack="0"/>
<pin id="962" dir="1" index="1" bw="32" slack="60"/>
</pin_list>
<bind>
<opcode="alloca(26) " fcode="alloca"/>
<opset="P_row_49/1 "/>
</bind>
</comp>

<comp id="964" class="1004" name="P_row_50_fu_964">
<pin_list>
<pin id="965" dir="0" index="0" bw="1" slack="0"/>
<pin id="966" dir="1" index="1" bw="32" slack="60"/>
</pin_list>
<bind>
<opcode="alloca(26) " fcode="alloca"/>
<opset="P_row_50/1 "/>
</bind>
</comp>

<comp id="968" class="1004" name="P_row_51_fu_968">
<pin_list>
<pin id="969" dir="0" index="0" bw="1" slack="0"/>
<pin id="970" dir="1" index="1" bw="32" slack="60"/>
</pin_list>
<bind>
<opcode="alloca(26) " fcode="alloca"/>
<opset="P_row_51/1 "/>
</bind>
</comp>

<comp id="972" class="1004" name="P_row_52_fu_972">
<pin_list>
<pin id="973" dir="0" index="0" bw="1" slack="0"/>
<pin id="974" dir="1" index="1" bw="32" slack="60"/>
</pin_list>
<bind>
<opcode="alloca(26) " fcode="alloca"/>
<opset="P_row_52/1 "/>
</bind>
</comp>

<comp id="976" class="1004" name="P_row_53_fu_976">
<pin_list>
<pin id="977" dir="0" index="0" bw="1" slack="0"/>
<pin id="978" dir="1" index="1" bw="32" slack="60"/>
</pin_list>
<bind>
<opcode="alloca(26) " fcode="alloca"/>
<opset="P_row_53/1 "/>
</bind>
</comp>

<comp id="980" class="1004" name="P_row_54_fu_980">
<pin_list>
<pin id="981" dir="0" index="0" bw="1" slack="0"/>
<pin id="982" dir="1" index="1" bw="32" slack="60"/>
</pin_list>
<bind>
<opcode="alloca(26) " fcode="alloca"/>
<opset="P_row_54/1 "/>
</bind>
</comp>

<comp id="984" class="1004" name="P_row_55_fu_984">
<pin_list>
<pin id="985" dir="0" index="0" bw="1" slack="0"/>
<pin id="986" dir="1" index="1" bw="32" slack="60"/>
</pin_list>
<bind>
<opcode="alloca(26) " fcode="alloca"/>
<opset="P_row_55/1 "/>
</bind>
</comp>

<comp id="988" class="1004" name="P_row_56_fu_988">
<pin_list>
<pin id="989" dir="0" index="0" bw="1" slack="0"/>
<pin id="990" dir="1" index="1" bw="32" slack="60"/>
</pin_list>
<bind>
<opcode="alloca(26) " fcode="alloca"/>
<opset="P_row_56/1 "/>
</bind>
</comp>

<comp id="992" class="1004" name="P_row_57_fu_992">
<pin_list>
<pin id="993" dir="0" index="0" bw="1" slack="0"/>
<pin id="994" dir="1" index="1" bw="32" slack="60"/>
</pin_list>
<bind>
<opcode="alloca(26) " fcode="alloca"/>
<opset="P_row_57/1 "/>
</bind>
</comp>

<comp id="996" class="1004" name="P_row_58_fu_996">
<pin_list>
<pin id="997" dir="0" index="0" bw="1" slack="0"/>
<pin id="998" dir="1" index="1" bw="32" slack="60"/>
</pin_list>
<bind>
<opcode="alloca(26) " fcode="alloca"/>
<opset="P_row_58/1 "/>
</bind>
</comp>

<comp id="1000" class="1004" name="P_row_59_fu_1000">
<pin_list>
<pin id="1001" dir="0" index="0" bw="1" slack="0"/>
<pin id="1002" dir="1" index="1" bw="32" slack="60"/>
</pin_list>
<bind>
<opcode="alloca(26) " fcode="alloca"/>
<opset="P_row_59/1 "/>
</bind>
</comp>

<comp id="1004" class="1004" name="P_row_60_fu_1004">
<pin_list>
<pin id="1005" dir="0" index="0" bw="1" slack="0"/>
<pin id="1006" dir="1" index="1" bw="32" slack="60"/>
</pin_list>
<bind>
<opcode="alloca(26) " fcode="alloca"/>
<opset="P_row_60/1 "/>
</bind>
</comp>

<comp id="1008" class="1004" name="P_row_61_fu_1008">
<pin_list>
<pin id="1009" dir="0" index="0" bw="1" slack="0"/>
<pin id="1010" dir="1" index="1" bw="32" slack="60"/>
</pin_list>
<bind>
<opcode="alloca(26) " fcode="alloca"/>
<opset="P_row_61/1 "/>
</bind>
</comp>

<comp id="1012" class="1004" name="P_row_62_fu_1012">
<pin_list>
<pin id="1013" dir="0" index="0" bw="1" slack="0"/>
<pin id="1014" dir="1" index="1" bw="32" slack="60"/>
</pin_list>
<bind>
<opcode="alloca(26) " fcode="alloca"/>
<opset="P_row_62/1 "/>
</bind>
</comp>

<comp id="1016" class="1004" name="P_row_63_fu_1016">
<pin_list>
<pin id="1017" dir="0" index="0" bw="1" slack="0"/>
<pin id="1018" dir="1" index="1" bw="32" slack="60"/>
</pin_list>
<bind>
<opcode="alloca(26) " fcode="alloca"/>
<opset="P_row_63/1 "/>
</bind>
</comp>

<comp id="1020" class="1004" name="P_row_64_fu_1020">
<pin_list>
<pin id="1021" dir="0" index="0" bw="1" slack="0"/>
<pin id="1022" dir="1" index="1" bw="32" slack="60"/>
</pin_list>
<bind>
<opcode="alloca(26) " fcode="alloca"/>
<opset="P_row_64/1 "/>
</bind>
</comp>

<comp id="1024" class="1004" name="P_row_65_fu_1024">
<pin_list>
<pin id="1025" dir="0" index="0" bw="1" slack="0"/>
<pin id="1026" dir="1" index="1" bw="32" slack="60"/>
</pin_list>
<bind>
<opcode="alloca(26) " fcode="alloca"/>
<opset="P_row_65/1 "/>
</bind>
</comp>

<comp id="1028" class="1004" name="P_row_66_fu_1028">
<pin_list>
<pin id="1029" dir="0" index="0" bw="1" slack="0"/>
<pin id="1030" dir="1" index="1" bw="32" slack="60"/>
</pin_list>
<bind>
<opcode="alloca(26) " fcode="alloca"/>
<opset="P_row_66/1 "/>
</bind>
</comp>

<comp id="1032" class="1004" name="P_row_67_fu_1032">
<pin_list>
<pin id="1033" dir="0" index="0" bw="1" slack="0"/>
<pin id="1034" dir="1" index="1" bw="32" slack="60"/>
</pin_list>
<bind>
<opcode="alloca(26) " fcode="alloca"/>
<opset="P_row_67/1 "/>
</bind>
</comp>

<comp id="1036" class="1004" name="P_row_68_fu_1036">
<pin_list>
<pin id="1037" dir="0" index="0" bw="1" slack="0"/>
<pin id="1038" dir="1" index="1" bw="32" slack="60"/>
</pin_list>
<bind>
<opcode="alloca(26) " fcode="alloca"/>
<opset="P_row_68/1 "/>
</bind>
</comp>

<comp id="1040" class="1004" name="P_row_69_fu_1040">
<pin_list>
<pin id="1041" dir="0" index="0" bw="1" slack="0"/>
<pin id="1042" dir="1" index="1" bw="32" slack="60"/>
</pin_list>
<bind>
<opcode="alloca(26) " fcode="alloca"/>
<opset="P_row_69/1 "/>
</bind>
</comp>

<comp id="1044" class="1004" name="P_row_70_fu_1044">
<pin_list>
<pin id="1045" dir="0" index="0" bw="1" slack="0"/>
<pin id="1046" dir="1" index="1" bw="32" slack="60"/>
</pin_list>
<bind>
<opcode="alloca(26) " fcode="alloca"/>
<opset="P_row_70/1 "/>
</bind>
</comp>

<comp id="1048" class="1004" name="P_row_71_fu_1048">
<pin_list>
<pin id="1049" dir="0" index="0" bw="1" slack="0"/>
<pin id="1050" dir="1" index="1" bw="32" slack="60"/>
</pin_list>
<bind>
<opcode="alloca(26) " fcode="alloca"/>
<opset="P_row_71/1 "/>
</bind>
</comp>

<comp id="1052" class="1004" name="P_row_72_fu_1052">
<pin_list>
<pin id="1053" dir="0" index="0" bw="1" slack="0"/>
<pin id="1054" dir="1" index="1" bw="32" slack="60"/>
</pin_list>
<bind>
<opcode="alloca(26) " fcode="alloca"/>
<opset="P_row_72/1 "/>
</bind>
</comp>

<comp id="1056" class="1004" name="P_row_73_fu_1056">
<pin_list>
<pin id="1057" dir="0" index="0" bw="1" slack="0"/>
<pin id="1058" dir="1" index="1" bw="32" slack="60"/>
</pin_list>
<bind>
<opcode="alloca(26) " fcode="alloca"/>
<opset="P_row_73/1 "/>
</bind>
</comp>

<comp id="1060" class="1004" name="P_row_74_fu_1060">
<pin_list>
<pin id="1061" dir="0" index="0" bw="1" slack="0"/>
<pin id="1062" dir="1" index="1" bw="32" slack="60"/>
</pin_list>
<bind>
<opcode="alloca(26) " fcode="alloca"/>
<opset="P_row_74/1 "/>
</bind>
</comp>

<comp id="1064" class="1004" name="P_row_75_fu_1064">
<pin_list>
<pin id="1065" dir="0" index="0" bw="1" slack="0"/>
<pin id="1066" dir="1" index="1" bw="32" slack="60"/>
</pin_list>
<bind>
<opcode="alloca(26) " fcode="alloca"/>
<opset="P_row_75/1 "/>
</bind>
</comp>

<comp id="1068" class="1004" name="P_row_76_fu_1068">
<pin_list>
<pin id="1069" dir="0" index="0" bw="1" slack="0"/>
<pin id="1070" dir="1" index="1" bw="32" slack="60"/>
</pin_list>
<bind>
<opcode="alloca(26) " fcode="alloca"/>
<opset="P_row_76/1 "/>
</bind>
</comp>

<comp id="1072" class="1004" name="P_row_77_fu_1072">
<pin_list>
<pin id="1073" dir="0" index="0" bw="1" slack="0"/>
<pin id="1074" dir="1" index="1" bw="32" slack="60"/>
</pin_list>
<bind>
<opcode="alloca(26) " fcode="alloca"/>
<opset="P_row_77/1 "/>
</bind>
</comp>

<comp id="1076" class="1004" name="P_row_78_fu_1076">
<pin_list>
<pin id="1077" dir="0" index="0" bw="1" slack="0"/>
<pin id="1078" dir="1" index="1" bw="32" slack="60"/>
</pin_list>
<bind>
<opcode="alloca(26) " fcode="alloca"/>
<opset="P_row_78/1 "/>
</bind>
</comp>

<comp id="1080" class="1004" name="P_row_79_fu_1080">
<pin_list>
<pin id="1081" dir="0" index="0" bw="1" slack="0"/>
<pin id="1082" dir="1" index="1" bw="32" slack="60"/>
</pin_list>
<bind>
<opcode="alloca(26) " fcode="alloca"/>
<opset="P_row_79/1 "/>
</bind>
</comp>

<comp id="1084" class="1004" name="P_row_80_fu_1084">
<pin_list>
<pin id="1085" dir="0" index="0" bw="1" slack="0"/>
<pin id="1086" dir="1" index="1" bw="32" slack="60"/>
</pin_list>
<bind>
<opcode="alloca(26) " fcode="alloca"/>
<opset="P_row_80/1 "/>
</bind>
</comp>

<comp id="1088" class="1004" name="P_row_81_fu_1088">
<pin_list>
<pin id="1089" dir="0" index="0" bw="1" slack="0"/>
<pin id="1090" dir="1" index="1" bw="32" slack="60"/>
</pin_list>
<bind>
<opcode="alloca(26) " fcode="alloca"/>
<opset="P_row_81/1 "/>
</bind>
</comp>

<comp id="1092" class="1004" name="P_row_82_fu_1092">
<pin_list>
<pin id="1093" dir="0" index="0" bw="1" slack="0"/>
<pin id="1094" dir="1" index="1" bw="32" slack="60"/>
</pin_list>
<bind>
<opcode="alloca(26) " fcode="alloca"/>
<opset="P_row_82/1 "/>
</bind>
</comp>

<comp id="1096" class="1004" name="P_row_83_fu_1096">
<pin_list>
<pin id="1097" dir="0" index="0" bw="1" slack="0"/>
<pin id="1098" dir="1" index="1" bw="32" slack="60"/>
</pin_list>
<bind>
<opcode="alloca(26) " fcode="alloca"/>
<opset="P_row_83/1 "/>
</bind>
</comp>

<comp id="1100" class="1004" name="P_row_84_fu_1100">
<pin_list>
<pin id="1101" dir="0" index="0" bw="1" slack="0"/>
<pin id="1102" dir="1" index="1" bw="32" slack="60"/>
</pin_list>
<bind>
<opcode="alloca(26) " fcode="alloca"/>
<opset="P_row_84/1 "/>
</bind>
</comp>

<comp id="1104" class="1004" name="P_row_85_fu_1104">
<pin_list>
<pin id="1105" dir="0" index="0" bw="1" slack="0"/>
<pin id="1106" dir="1" index="1" bw="32" slack="60"/>
</pin_list>
<bind>
<opcode="alloca(26) " fcode="alloca"/>
<opset="P_row_85/1 "/>
</bind>
</comp>

<comp id="1108" class="1004" name="P_row_86_fu_1108">
<pin_list>
<pin id="1109" dir="0" index="0" bw="1" slack="0"/>
<pin id="1110" dir="1" index="1" bw="32" slack="60"/>
</pin_list>
<bind>
<opcode="alloca(26) " fcode="alloca"/>
<opset="P_row_86/1 "/>
</bind>
</comp>

<comp id="1112" class="1004" name="P_row_87_fu_1112">
<pin_list>
<pin id="1113" dir="0" index="0" bw="1" slack="0"/>
<pin id="1114" dir="1" index="1" bw="32" slack="60"/>
</pin_list>
<bind>
<opcode="alloca(26) " fcode="alloca"/>
<opset="P_row_87/1 "/>
</bind>
</comp>

<comp id="1116" class="1004" name="P_row_88_fu_1116">
<pin_list>
<pin id="1117" dir="0" index="0" bw="1" slack="0"/>
<pin id="1118" dir="1" index="1" bw="32" slack="60"/>
</pin_list>
<bind>
<opcode="alloca(26) " fcode="alloca"/>
<opset="P_row_88/1 "/>
</bind>
</comp>

<comp id="1120" class="1004" name="P_row_89_fu_1120">
<pin_list>
<pin id="1121" dir="0" index="0" bw="1" slack="0"/>
<pin id="1122" dir="1" index="1" bw="32" slack="60"/>
</pin_list>
<bind>
<opcode="alloca(26) " fcode="alloca"/>
<opset="P_row_89/1 "/>
</bind>
</comp>

<comp id="1124" class="1004" name="P_row_90_fu_1124">
<pin_list>
<pin id="1125" dir="0" index="0" bw="1" slack="0"/>
<pin id="1126" dir="1" index="1" bw="32" slack="60"/>
</pin_list>
<bind>
<opcode="alloca(26) " fcode="alloca"/>
<opset="P_row_90/1 "/>
</bind>
</comp>

<comp id="1128" class="1004" name="P_row_91_fu_1128">
<pin_list>
<pin id="1129" dir="0" index="0" bw="1" slack="0"/>
<pin id="1130" dir="1" index="1" bw="32" slack="60"/>
</pin_list>
<bind>
<opcode="alloca(26) " fcode="alloca"/>
<opset="P_row_91/1 "/>
</bind>
</comp>

<comp id="1132" class="1004" name="P_row_92_fu_1132">
<pin_list>
<pin id="1133" dir="0" index="0" bw="1" slack="0"/>
<pin id="1134" dir="1" index="1" bw="32" slack="60"/>
</pin_list>
<bind>
<opcode="alloca(26) " fcode="alloca"/>
<opset="P_row_92/1 "/>
</bind>
</comp>

<comp id="1136" class="1004" name="P_row_93_fu_1136">
<pin_list>
<pin id="1137" dir="0" index="0" bw="1" slack="0"/>
<pin id="1138" dir="1" index="1" bw="32" slack="60"/>
</pin_list>
<bind>
<opcode="alloca(26) " fcode="alloca"/>
<opset="P_row_93/1 "/>
</bind>
</comp>

<comp id="1140" class="1004" name="P_row_94_fu_1140">
<pin_list>
<pin id="1141" dir="0" index="0" bw="1" slack="0"/>
<pin id="1142" dir="1" index="1" bw="32" slack="60"/>
</pin_list>
<bind>
<opcode="alloca(26) " fcode="alloca"/>
<opset="P_row_94/1 "/>
</bind>
</comp>

<comp id="1144" class="1004" name="P_row_95_fu_1144">
<pin_list>
<pin id="1145" dir="0" index="0" bw="1" slack="0"/>
<pin id="1146" dir="1" index="1" bw="32" slack="60"/>
</pin_list>
<bind>
<opcode="alloca(26) " fcode="alloca"/>
<opset="P_row_95/1 "/>
</bind>
</comp>

<comp id="1148" class="1004" name="P_row_96_fu_1148">
<pin_list>
<pin id="1149" dir="0" index="0" bw="1" slack="0"/>
<pin id="1150" dir="1" index="1" bw="32" slack="60"/>
</pin_list>
<bind>
<opcode="alloca(26) " fcode="alloca"/>
<opset="P_row_96/1 "/>
</bind>
</comp>

<comp id="1152" class="1004" name="P_row_97_fu_1152">
<pin_list>
<pin id="1153" dir="0" index="0" bw="1" slack="0"/>
<pin id="1154" dir="1" index="1" bw="32" slack="60"/>
</pin_list>
<bind>
<opcode="alloca(26) " fcode="alloca"/>
<opset="P_row_97/1 "/>
</bind>
</comp>

<comp id="1156" class="1004" name="P_row_98_fu_1156">
<pin_list>
<pin id="1157" dir="0" index="0" bw="1" slack="0"/>
<pin id="1158" dir="1" index="1" bw="32" slack="60"/>
</pin_list>
<bind>
<opcode="alloca(26) " fcode="alloca"/>
<opset="P_row_98/1 "/>
</bind>
</comp>

<comp id="1160" class="1004" name="P_row_99_fu_1160">
<pin_list>
<pin id="1161" dir="0" index="0" bw="1" slack="0"/>
<pin id="1162" dir="1" index="1" bw="32" slack="60"/>
</pin_list>
<bind>
<opcode="alloca(26) " fcode="alloca"/>
<opset="P_row_99/1 "/>
</bind>
</comp>

<comp id="1164" class="1004" name="P_row_100_fu_1164">
<pin_list>
<pin id="1165" dir="0" index="0" bw="1" slack="0"/>
<pin id="1166" dir="1" index="1" bw="32" slack="60"/>
</pin_list>
<bind>
<opcode="alloca(26) " fcode="alloca"/>
<opset="P_row_100/1 "/>
</bind>
</comp>

<comp id="1168" class="1004" name="P_row_101_fu_1168">
<pin_list>
<pin id="1169" dir="0" index="0" bw="1" slack="0"/>
<pin id="1170" dir="1" index="1" bw="32" slack="60"/>
</pin_list>
<bind>
<opcode="alloca(26) " fcode="alloca"/>
<opset="P_row_101/1 "/>
</bind>
</comp>

<comp id="1172" class="1004" name="P_row_102_fu_1172">
<pin_list>
<pin id="1173" dir="0" index="0" bw="1" slack="0"/>
<pin id="1174" dir="1" index="1" bw="32" slack="60"/>
</pin_list>
<bind>
<opcode="alloca(26) " fcode="alloca"/>
<opset="P_row_102/1 "/>
</bind>
</comp>

<comp id="1176" class="1004" name="P_row_103_fu_1176">
<pin_list>
<pin id="1177" dir="0" index="0" bw="1" slack="0"/>
<pin id="1178" dir="1" index="1" bw="32" slack="60"/>
</pin_list>
<bind>
<opcode="alloca(26) " fcode="alloca"/>
<opset="P_row_103/1 "/>
</bind>
</comp>

<comp id="1180" class="1004" name="P_row_104_fu_1180">
<pin_list>
<pin id="1181" dir="0" index="0" bw="1" slack="0"/>
<pin id="1182" dir="1" index="1" bw="32" slack="60"/>
</pin_list>
<bind>
<opcode="alloca(26) " fcode="alloca"/>
<opset="P_row_104/1 "/>
</bind>
</comp>

<comp id="1184" class="1004" name="P_row_105_fu_1184">
<pin_list>
<pin id="1185" dir="0" index="0" bw="1" slack="0"/>
<pin id="1186" dir="1" index="1" bw="32" slack="60"/>
</pin_list>
<bind>
<opcode="alloca(26) " fcode="alloca"/>
<opset="P_row_105/1 "/>
</bind>
</comp>

<comp id="1188" class="1004" name="P_row_106_fu_1188">
<pin_list>
<pin id="1189" dir="0" index="0" bw="1" slack="0"/>
<pin id="1190" dir="1" index="1" bw="32" slack="60"/>
</pin_list>
<bind>
<opcode="alloca(26) " fcode="alloca"/>
<opset="P_row_106/1 "/>
</bind>
</comp>

<comp id="1192" class="1004" name="P_row_107_fu_1192">
<pin_list>
<pin id="1193" dir="0" index="0" bw="1" slack="0"/>
<pin id="1194" dir="1" index="1" bw="32" slack="60"/>
</pin_list>
<bind>
<opcode="alloca(26) " fcode="alloca"/>
<opset="P_row_107/1 "/>
</bind>
</comp>

<comp id="1196" class="1004" name="P_row_108_fu_1196">
<pin_list>
<pin id="1197" dir="0" index="0" bw="1" slack="0"/>
<pin id="1198" dir="1" index="1" bw="32" slack="60"/>
</pin_list>
<bind>
<opcode="alloca(26) " fcode="alloca"/>
<opset="P_row_108/1 "/>
</bind>
</comp>

<comp id="1200" class="1004" name="P_row_109_fu_1200">
<pin_list>
<pin id="1201" dir="0" index="0" bw="1" slack="0"/>
<pin id="1202" dir="1" index="1" bw="32" slack="60"/>
</pin_list>
<bind>
<opcode="alloca(26) " fcode="alloca"/>
<opset="P_row_109/1 "/>
</bind>
</comp>

<comp id="1204" class="1004" name="P_row_110_fu_1204">
<pin_list>
<pin id="1205" dir="0" index="0" bw="1" slack="0"/>
<pin id="1206" dir="1" index="1" bw="32" slack="60"/>
</pin_list>
<bind>
<opcode="alloca(26) " fcode="alloca"/>
<opset="P_row_110/1 "/>
</bind>
</comp>

<comp id="1208" class="1004" name="P_row_111_fu_1208">
<pin_list>
<pin id="1209" dir="0" index="0" bw="1" slack="0"/>
<pin id="1210" dir="1" index="1" bw="32" slack="60"/>
</pin_list>
<bind>
<opcode="alloca(26) " fcode="alloca"/>
<opset="P_row_111/1 "/>
</bind>
</comp>

<comp id="1212" class="1004" name="P_row_112_fu_1212">
<pin_list>
<pin id="1213" dir="0" index="0" bw="1" slack="0"/>
<pin id="1214" dir="1" index="1" bw="32" slack="60"/>
</pin_list>
<bind>
<opcode="alloca(26) " fcode="alloca"/>
<opset="P_row_112/1 "/>
</bind>
</comp>

<comp id="1216" class="1004" name="P_row_113_fu_1216">
<pin_list>
<pin id="1217" dir="0" index="0" bw="1" slack="0"/>
<pin id="1218" dir="1" index="1" bw="32" slack="60"/>
</pin_list>
<bind>
<opcode="alloca(26) " fcode="alloca"/>
<opset="P_row_113/1 "/>
</bind>
</comp>

<comp id="1220" class="1004" name="P_row_114_fu_1220">
<pin_list>
<pin id="1221" dir="0" index="0" bw="1" slack="0"/>
<pin id="1222" dir="1" index="1" bw="32" slack="60"/>
</pin_list>
<bind>
<opcode="alloca(26) " fcode="alloca"/>
<opset="P_row_114/1 "/>
</bind>
</comp>

<comp id="1224" class="1004" name="P_row_115_fu_1224">
<pin_list>
<pin id="1225" dir="0" index="0" bw="1" slack="0"/>
<pin id="1226" dir="1" index="1" bw="32" slack="60"/>
</pin_list>
<bind>
<opcode="alloca(26) " fcode="alloca"/>
<opset="P_row_115/1 "/>
</bind>
</comp>

<comp id="1228" class="1004" name="P_row_116_fu_1228">
<pin_list>
<pin id="1229" dir="0" index="0" bw="1" slack="0"/>
<pin id="1230" dir="1" index="1" bw="32" slack="60"/>
</pin_list>
<bind>
<opcode="alloca(26) " fcode="alloca"/>
<opset="P_row_116/1 "/>
</bind>
</comp>

<comp id="1232" class="1004" name="P_row_117_fu_1232">
<pin_list>
<pin id="1233" dir="0" index="0" bw="1" slack="0"/>
<pin id="1234" dir="1" index="1" bw="32" slack="60"/>
</pin_list>
<bind>
<opcode="alloca(26) " fcode="alloca"/>
<opset="P_row_117/1 "/>
</bind>
</comp>

<comp id="1236" class="1004" name="P_row_118_fu_1236">
<pin_list>
<pin id="1237" dir="0" index="0" bw="1" slack="0"/>
<pin id="1238" dir="1" index="1" bw="32" slack="60"/>
</pin_list>
<bind>
<opcode="alloca(26) " fcode="alloca"/>
<opset="P_row_118/1 "/>
</bind>
</comp>

<comp id="1240" class="1004" name="P_row_119_fu_1240">
<pin_list>
<pin id="1241" dir="0" index="0" bw="1" slack="0"/>
<pin id="1242" dir="1" index="1" bw="32" slack="60"/>
</pin_list>
<bind>
<opcode="alloca(26) " fcode="alloca"/>
<opset="P_row_119/1 "/>
</bind>
</comp>

<comp id="1244" class="1004" name="P_row_120_fu_1244">
<pin_list>
<pin id="1245" dir="0" index="0" bw="1" slack="0"/>
<pin id="1246" dir="1" index="1" bw="32" slack="60"/>
</pin_list>
<bind>
<opcode="alloca(26) " fcode="alloca"/>
<opset="P_row_120/1 "/>
</bind>
</comp>

<comp id="1248" class="1004" name="P_row_121_fu_1248">
<pin_list>
<pin id="1249" dir="0" index="0" bw="1" slack="0"/>
<pin id="1250" dir="1" index="1" bw="32" slack="60"/>
</pin_list>
<bind>
<opcode="alloca(26) " fcode="alloca"/>
<opset="P_row_121/1 "/>
</bind>
</comp>

<comp id="1252" class="1004" name="P_row_122_fu_1252">
<pin_list>
<pin id="1253" dir="0" index="0" bw="1" slack="0"/>
<pin id="1254" dir="1" index="1" bw="32" slack="60"/>
</pin_list>
<bind>
<opcode="alloca(26) " fcode="alloca"/>
<opset="P_row_122/1 "/>
</bind>
</comp>

<comp id="1256" class="1004" name="P_row_123_fu_1256">
<pin_list>
<pin id="1257" dir="0" index="0" bw="1" slack="0"/>
<pin id="1258" dir="1" index="1" bw="32" slack="60"/>
</pin_list>
<bind>
<opcode="alloca(26) " fcode="alloca"/>
<opset="P_row_123/1 "/>
</bind>
</comp>

<comp id="1260" class="1004" name="P_row_124_fu_1260">
<pin_list>
<pin id="1261" dir="0" index="0" bw="1" slack="0"/>
<pin id="1262" dir="1" index="1" bw="32" slack="60"/>
</pin_list>
<bind>
<opcode="alloca(26) " fcode="alloca"/>
<opset="P_row_124/1 "/>
</bind>
</comp>

<comp id="1264" class="1004" name="P_row_125_fu_1264">
<pin_list>
<pin id="1265" dir="0" index="0" bw="1" slack="0"/>
<pin id="1266" dir="1" index="1" bw="32" slack="60"/>
</pin_list>
<bind>
<opcode="alloca(26) " fcode="alloca"/>
<opset="P_row_125/1 "/>
</bind>
</comp>

<comp id="1268" class="1004" name="P_row_126_fu_1268">
<pin_list>
<pin id="1269" dir="0" index="0" bw="1" slack="0"/>
<pin id="1270" dir="1" index="1" bw="32" slack="60"/>
</pin_list>
<bind>
<opcode="alloca(26) " fcode="alloca"/>
<opset="P_row_126/1 "/>
</bind>
</comp>

<comp id="1272" class="1004" name="P_row_127_fu_1272">
<pin_list>
<pin id="1273" dir="0" index="0" bw="1" slack="0"/>
<pin id="1274" dir="1" index="1" bw="32" slack="60"/>
</pin_list>
<bind>
<opcode="alloca(26) " fcode="alloca"/>
<opset="P_row_127/1 "/>
</bind>
</comp>

<comp id="1276" class="1004" name="m_new_read_read_fu_1276">
<pin_list>
<pin id="1277" dir="0" index="0" bw="32" slack="0"/>
<pin id="1278" dir="0" index="1" bw="32" slack="0"/>
<pin id="1279" dir="1" index="2" bw="32" slack="2"/>
</pin_list>
<bind>
<opcode="read(1150) " fcode="read"/>
<opset="m_new_read/1 "/>
</bind>
</comp>

<comp id="1282" class="1004" name="trunc_ln187_read_read_fu_1282">
<pin_list>
<pin id="1283" dir="0" index="0" bw="3" slack="0"/>
<pin id="1284" dir="0" index="1" bw="3" slack="0"/>
<pin id="1285" dir="1" index="2" bw="3" slack="0"/>
</pin_list>
<bind>
<opcode="read(1150) " fcode="read"/>
<opset="trunc_ln187_read/1 "/>
</bind>
</comp>

<comp id="1288" class="1004" name="i_32_read_fu_1288">
<pin_list>
<pin id="1289" dir="0" index="0" bw="3" slack="0"/>
<pin id="1290" dir="0" index="1" bw="3" slack="0"/>
<pin id="1291" dir="1" index="2" bw="3" slack="2147483647"/>
</pin_list>
<bind>
<opcode="read(1150) " fcode="read"/>
<opset="i_32/1 "/>
</bind>
</comp>

<comp id="1294" class="1004" name="write_ln0_write_fu_1294">
<pin_list>
<pin id="1295" dir="0" index="0" bw="0" slack="0"/>
<pin id="1296" dir="0" index="1" bw="32" slack="0"/>
<pin id="1297" dir="0" index="2" bw="32" slack="0"/>
<pin id="1298" dir="1" index="3" bw="0" slack="2147483647"/>
</pin_list>
<bind>
<opcode="write(1151) " fcode="write"/>
<opset="write_ln0/61 "/>
</bind>
</comp>

<comp id="1301" class="1004" name="write_ln0_write_fu_1301">
<pin_list>
<pin id="1302" dir="0" index="0" bw="0" slack="0"/>
<pin id="1303" dir="0" index="1" bw="32" slack="0"/>
<pin id="1304" dir="0" index="2" bw="32" slack="0"/>
<pin id="1305" dir="1" index="3" bw="0" slack="2147483647"/>
</pin_list>
<bind>
<opcode="write(1151) " fcode="write"/>
<opset="write_ln0/61 "/>
</bind>
</comp>

<comp id="1308" class="1004" name="write_ln0_write_fu_1308">
<pin_list>
<pin id="1309" dir="0" index="0" bw="0" slack="0"/>
<pin id="1310" dir="0" index="1" bw="32" slack="0"/>
<pin id="1311" dir="0" index="2" bw="32" slack="0"/>
<pin id="1312" dir="1" index="3" bw="0" slack="2147483647"/>
</pin_list>
<bind>
<opcode="write(1151) " fcode="write"/>
<opset="write_ln0/61 "/>
</bind>
</comp>

<comp id="1315" class="1004" name="write_ln0_write_fu_1315">
<pin_list>
<pin id="1316" dir="0" index="0" bw="0" slack="0"/>
<pin id="1317" dir="0" index="1" bw="32" slack="0"/>
<pin id="1318" dir="0" index="2" bw="32" slack="0"/>
<pin id="1319" dir="1" index="3" bw="0" slack="2147483647"/>
</pin_list>
<bind>
<opcode="write(1151) " fcode="write"/>
<opset="write_ln0/61 "/>
</bind>
</comp>

<comp id="1322" class="1004" name="write_ln0_write_fu_1322">
<pin_list>
<pin id="1323" dir="0" index="0" bw="0" slack="0"/>
<pin id="1324" dir="0" index="1" bw="32" slack="0"/>
<pin id="1325" dir="0" index="2" bw="32" slack="0"/>
<pin id="1326" dir="1" index="3" bw="0" slack="2147483647"/>
</pin_list>
<bind>
<opcode="write(1151) " fcode="write"/>
<opset="write_ln0/61 "/>
</bind>
</comp>

<comp id="1329" class="1004" name="write_ln0_write_fu_1329">
<pin_list>
<pin id="1330" dir="0" index="0" bw="0" slack="0"/>
<pin id="1331" dir="0" index="1" bw="32" slack="0"/>
<pin id="1332" dir="0" index="2" bw="32" slack="0"/>
<pin id="1333" dir="1" index="3" bw="0" slack="2147483647"/>
</pin_list>
<bind>
<opcode="write(1151) " fcode="write"/>
<opset="write_ln0/61 "/>
</bind>
</comp>

<comp id="1336" class="1004" name="write_ln0_write_fu_1336">
<pin_list>
<pin id="1337" dir="0" index="0" bw="0" slack="0"/>
<pin id="1338" dir="0" index="1" bw="32" slack="0"/>
<pin id="1339" dir="0" index="2" bw="32" slack="0"/>
<pin id="1340" dir="1" index="3" bw="0" slack="2147483647"/>
</pin_list>
<bind>
<opcode="write(1151) " fcode="write"/>
<opset="write_ln0/61 "/>
</bind>
</comp>

<comp id="1343" class="1004" name="write_ln0_write_fu_1343">
<pin_list>
<pin id="1344" dir="0" index="0" bw="0" slack="0"/>
<pin id="1345" dir="0" index="1" bw="32" slack="0"/>
<pin id="1346" dir="0" index="2" bw="32" slack="0"/>
<pin id="1347" dir="1" index="3" bw="0" slack="2147483647"/>
</pin_list>
<bind>
<opcode="write(1151) " fcode="write"/>
<opset="write_ln0/61 "/>
</bind>
</comp>

<comp id="1350" class="1004" name="write_ln0_write_fu_1350">
<pin_list>
<pin id="1351" dir="0" index="0" bw="0" slack="0"/>
<pin id="1352" dir="0" index="1" bw="32" slack="0"/>
<pin id="1353" dir="0" index="2" bw="32" slack="0"/>
<pin id="1354" dir="1" index="3" bw="0" slack="2147483647"/>
</pin_list>
<bind>
<opcode="write(1151) " fcode="write"/>
<opset="write_ln0/61 "/>
</bind>
</comp>

<comp id="1357" class="1004" name="write_ln0_write_fu_1357">
<pin_list>
<pin id="1358" dir="0" index="0" bw="0" slack="0"/>
<pin id="1359" dir="0" index="1" bw="32" slack="0"/>
<pin id="1360" dir="0" index="2" bw="32" slack="0"/>
<pin id="1361" dir="1" index="3" bw="0" slack="2147483647"/>
</pin_list>
<bind>
<opcode="write(1151) " fcode="write"/>
<opset="write_ln0/61 "/>
</bind>
</comp>

<comp id="1364" class="1004" name="write_ln0_write_fu_1364">
<pin_list>
<pin id="1365" dir="0" index="0" bw="0" slack="0"/>
<pin id="1366" dir="0" index="1" bw="32" slack="0"/>
<pin id="1367" dir="0" index="2" bw="32" slack="0"/>
<pin id="1368" dir="1" index="3" bw="0" slack="2147483647"/>
</pin_list>
<bind>
<opcode="write(1151) " fcode="write"/>
<opset="write_ln0/61 "/>
</bind>
</comp>

<comp id="1371" class="1004" name="write_ln0_write_fu_1371">
<pin_list>
<pin id="1372" dir="0" index="0" bw="0" slack="0"/>
<pin id="1373" dir="0" index="1" bw="32" slack="0"/>
<pin id="1374" dir="0" index="2" bw="32" slack="0"/>
<pin id="1375" dir="1" index="3" bw="0" slack="2147483647"/>
</pin_list>
<bind>
<opcode="write(1151) " fcode="write"/>
<opset="write_ln0/61 "/>
</bind>
</comp>

<comp id="1378" class="1004" name="write_ln0_write_fu_1378">
<pin_list>
<pin id="1379" dir="0" index="0" bw="0" slack="0"/>
<pin id="1380" dir="0" index="1" bw="32" slack="0"/>
<pin id="1381" dir="0" index="2" bw="32" slack="0"/>
<pin id="1382" dir="1" index="3" bw="0" slack="2147483647"/>
</pin_list>
<bind>
<opcode="write(1151) " fcode="write"/>
<opset="write_ln0/61 "/>
</bind>
</comp>

<comp id="1385" class="1004" name="write_ln0_write_fu_1385">
<pin_list>
<pin id="1386" dir="0" index="0" bw="0" slack="0"/>
<pin id="1387" dir="0" index="1" bw="32" slack="0"/>
<pin id="1388" dir="0" index="2" bw="32" slack="0"/>
<pin id="1389" dir="1" index="3" bw="0" slack="2147483647"/>
</pin_list>
<bind>
<opcode="write(1151) " fcode="write"/>
<opset="write_ln0/61 "/>
</bind>
</comp>

<comp id="1392" class="1004" name="write_ln0_write_fu_1392">
<pin_list>
<pin id="1393" dir="0" index="0" bw="0" slack="0"/>
<pin id="1394" dir="0" index="1" bw="32" slack="0"/>
<pin id="1395" dir="0" index="2" bw="32" slack="0"/>
<pin id="1396" dir="1" index="3" bw="0" slack="2147483647"/>
</pin_list>
<bind>
<opcode="write(1151) " fcode="write"/>
<opset="write_ln0/61 "/>
</bind>
</comp>

<comp id="1399" class="1004" name="write_ln0_write_fu_1399">
<pin_list>
<pin id="1400" dir="0" index="0" bw="0" slack="0"/>
<pin id="1401" dir="0" index="1" bw="32" slack="0"/>
<pin id="1402" dir="0" index="2" bw="32" slack="0"/>
<pin id="1403" dir="1" index="3" bw="0" slack="2147483647"/>
</pin_list>
<bind>
<opcode="write(1151) " fcode="write"/>
<opset="write_ln0/61 "/>
</bind>
</comp>

<comp id="1406" class="1004" name="write_ln0_write_fu_1406">
<pin_list>
<pin id="1407" dir="0" index="0" bw="0" slack="0"/>
<pin id="1408" dir="0" index="1" bw="32" slack="0"/>
<pin id="1409" dir="0" index="2" bw="32" slack="0"/>
<pin id="1410" dir="1" index="3" bw="0" slack="2147483647"/>
</pin_list>
<bind>
<opcode="write(1151) " fcode="write"/>
<opset="write_ln0/61 "/>
</bind>
</comp>

<comp id="1413" class="1004" name="write_ln0_write_fu_1413">
<pin_list>
<pin id="1414" dir="0" index="0" bw="0" slack="0"/>
<pin id="1415" dir="0" index="1" bw="32" slack="0"/>
<pin id="1416" dir="0" index="2" bw="32" slack="0"/>
<pin id="1417" dir="1" index="3" bw="0" slack="2147483647"/>
</pin_list>
<bind>
<opcode="write(1151) " fcode="write"/>
<opset="write_ln0/61 "/>
</bind>
</comp>

<comp id="1420" class="1004" name="write_ln0_write_fu_1420">
<pin_list>
<pin id="1421" dir="0" index="0" bw="0" slack="0"/>
<pin id="1422" dir="0" index="1" bw="32" slack="0"/>
<pin id="1423" dir="0" index="2" bw="32" slack="0"/>
<pin id="1424" dir="1" index="3" bw="0" slack="2147483647"/>
</pin_list>
<bind>
<opcode="write(1151) " fcode="write"/>
<opset="write_ln0/61 "/>
</bind>
</comp>

<comp id="1427" class="1004" name="write_ln0_write_fu_1427">
<pin_list>
<pin id="1428" dir="0" index="0" bw="0" slack="0"/>
<pin id="1429" dir="0" index="1" bw="32" slack="0"/>
<pin id="1430" dir="0" index="2" bw="32" slack="0"/>
<pin id="1431" dir="1" index="3" bw="0" slack="2147483647"/>
</pin_list>
<bind>
<opcode="write(1151) " fcode="write"/>
<opset="write_ln0/61 "/>
</bind>
</comp>

<comp id="1434" class="1004" name="write_ln0_write_fu_1434">
<pin_list>
<pin id="1435" dir="0" index="0" bw="0" slack="0"/>
<pin id="1436" dir="0" index="1" bw="32" slack="0"/>
<pin id="1437" dir="0" index="2" bw="32" slack="0"/>
<pin id="1438" dir="1" index="3" bw="0" slack="2147483647"/>
</pin_list>
<bind>
<opcode="write(1151) " fcode="write"/>
<opset="write_ln0/61 "/>
</bind>
</comp>

<comp id="1441" class="1004" name="write_ln0_write_fu_1441">
<pin_list>
<pin id="1442" dir="0" index="0" bw="0" slack="0"/>
<pin id="1443" dir="0" index="1" bw="32" slack="0"/>
<pin id="1444" dir="0" index="2" bw="32" slack="0"/>
<pin id="1445" dir="1" index="3" bw="0" slack="2147483647"/>
</pin_list>
<bind>
<opcode="write(1151) " fcode="write"/>
<opset="write_ln0/61 "/>
</bind>
</comp>

<comp id="1448" class="1004" name="write_ln0_write_fu_1448">
<pin_list>
<pin id="1449" dir="0" index="0" bw="0" slack="0"/>
<pin id="1450" dir="0" index="1" bw="32" slack="0"/>
<pin id="1451" dir="0" index="2" bw="32" slack="0"/>
<pin id="1452" dir="1" index="3" bw="0" slack="2147483647"/>
</pin_list>
<bind>
<opcode="write(1151) " fcode="write"/>
<opset="write_ln0/61 "/>
</bind>
</comp>

<comp id="1455" class="1004" name="write_ln0_write_fu_1455">
<pin_list>
<pin id="1456" dir="0" index="0" bw="0" slack="0"/>
<pin id="1457" dir="0" index="1" bw="32" slack="0"/>
<pin id="1458" dir="0" index="2" bw="32" slack="0"/>
<pin id="1459" dir="1" index="3" bw="0" slack="2147483647"/>
</pin_list>
<bind>
<opcode="write(1151) " fcode="write"/>
<opset="write_ln0/61 "/>
</bind>
</comp>

<comp id="1462" class="1004" name="write_ln0_write_fu_1462">
<pin_list>
<pin id="1463" dir="0" index="0" bw="0" slack="0"/>
<pin id="1464" dir="0" index="1" bw="32" slack="0"/>
<pin id="1465" dir="0" index="2" bw="32" slack="0"/>
<pin id="1466" dir="1" index="3" bw="0" slack="2147483647"/>
</pin_list>
<bind>
<opcode="write(1151) " fcode="write"/>
<opset="write_ln0/61 "/>
</bind>
</comp>

<comp id="1469" class="1004" name="write_ln0_write_fu_1469">
<pin_list>
<pin id="1470" dir="0" index="0" bw="0" slack="0"/>
<pin id="1471" dir="0" index="1" bw="32" slack="0"/>
<pin id="1472" dir="0" index="2" bw="32" slack="0"/>
<pin id="1473" dir="1" index="3" bw="0" slack="2147483647"/>
</pin_list>
<bind>
<opcode="write(1151) " fcode="write"/>
<opset="write_ln0/61 "/>
</bind>
</comp>

<comp id="1476" class="1004" name="write_ln0_write_fu_1476">
<pin_list>
<pin id="1477" dir="0" index="0" bw="0" slack="0"/>
<pin id="1478" dir="0" index="1" bw="32" slack="0"/>
<pin id="1479" dir="0" index="2" bw="32" slack="0"/>
<pin id="1480" dir="1" index="3" bw="0" slack="2147483647"/>
</pin_list>
<bind>
<opcode="write(1151) " fcode="write"/>
<opset="write_ln0/61 "/>
</bind>
</comp>

<comp id="1483" class="1004" name="write_ln0_write_fu_1483">
<pin_list>
<pin id="1484" dir="0" index="0" bw="0" slack="0"/>
<pin id="1485" dir="0" index="1" bw="32" slack="0"/>
<pin id="1486" dir="0" index="2" bw="32" slack="0"/>
<pin id="1487" dir="1" index="3" bw="0" slack="2147483647"/>
</pin_list>
<bind>
<opcode="write(1151) " fcode="write"/>
<opset="write_ln0/61 "/>
</bind>
</comp>

<comp id="1490" class="1004" name="write_ln0_write_fu_1490">
<pin_list>
<pin id="1491" dir="0" index="0" bw="0" slack="0"/>
<pin id="1492" dir="0" index="1" bw="32" slack="0"/>
<pin id="1493" dir="0" index="2" bw="32" slack="0"/>
<pin id="1494" dir="1" index="3" bw="0" slack="2147483647"/>
</pin_list>
<bind>
<opcode="write(1151) " fcode="write"/>
<opset="write_ln0/61 "/>
</bind>
</comp>

<comp id="1497" class="1004" name="write_ln0_write_fu_1497">
<pin_list>
<pin id="1498" dir="0" index="0" bw="0" slack="0"/>
<pin id="1499" dir="0" index="1" bw="32" slack="0"/>
<pin id="1500" dir="0" index="2" bw="32" slack="0"/>
<pin id="1501" dir="1" index="3" bw="0" slack="2147483647"/>
</pin_list>
<bind>
<opcode="write(1151) " fcode="write"/>
<opset="write_ln0/61 "/>
</bind>
</comp>

<comp id="1504" class="1004" name="write_ln0_write_fu_1504">
<pin_list>
<pin id="1505" dir="0" index="0" bw="0" slack="0"/>
<pin id="1506" dir="0" index="1" bw="32" slack="0"/>
<pin id="1507" dir="0" index="2" bw="32" slack="0"/>
<pin id="1508" dir="1" index="3" bw="0" slack="2147483647"/>
</pin_list>
<bind>
<opcode="write(1151) " fcode="write"/>
<opset="write_ln0/61 "/>
</bind>
</comp>

<comp id="1511" class="1004" name="write_ln0_write_fu_1511">
<pin_list>
<pin id="1512" dir="0" index="0" bw="0" slack="0"/>
<pin id="1513" dir="0" index="1" bw="32" slack="0"/>
<pin id="1514" dir="0" index="2" bw="32" slack="0"/>
<pin id="1515" dir="1" index="3" bw="0" slack="2147483647"/>
</pin_list>
<bind>
<opcode="write(1151) " fcode="write"/>
<opset="write_ln0/61 "/>
</bind>
</comp>

<comp id="1518" class="1004" name="write_ln0_write_fu_1518">
<pin_list>
<pin id="1519" dir="0" index="0" bw="0" slack="0"/>
<pin id="1520" dir="0" index="1" bw="32" slack="0"/>
<pin id="1521" dir="0" index="2" bw="32" slack="0"/>
<pin id="1522" dir="1" index="3" bw="0" slack="2147483647"/>
</pin_list>
<bind>
<opcode="write(1151) " fcode="write"/>
<opset="write_ln0/61 "/>
</bind>
</comp>

<comp id="1525" class="1004" name="write_ln0_write_fu_1525">
<pin_list>
<pin id="1526" dir="0" index="0" bw="0" slack="0"/>
<pin id="1527" dir="0" index="1" bw="32" slack="0"/>
<pin id="1528" dir="0" index="2" bw="32" slack="0"/>
<pin id="1529" dir="1" index="3" bw="0" slack="2147483647"/>
</pin_list>
<bind>
<opcode="write(1151) " fcode="write"/>
<opset="write_ln0/61 "/>
</bind>
</comp>

<comp id="1532" class="1004" name="write_ln0_write_fu_1532">
<pin_list>
<pin id="1533" dir="0" index="0" bw="0" slack="0"/>
<pin id="1534" dir="0" index="1" bw="32" slack="0"/>
<pin id="1535" dir="0" index="2" bw="32" slack="0"/>
<pin id="1536" dir="1" index="3" bw="0" slack="2147483647"/>
</pin_list>
<bind>
<opcode="write(1151) " fcode="write"/>
<opset="write_ln0/61 "/>
</bind>
</comp>

<comp id="1539" class="1004" name="write_ln0_write_fu_1539">
<pin_list>
<pin id="1540" dir="0" index="0" bw="0" slack="0"/>
<pin id="1541" dir="0" index="1" bw="32" slack="0"/>
<pin id="1542" dir="0" index="2" bw="32" slack="0"/>
<pin id="1543" dir="1" index="3" bw="0" slack="2147483647"/>
</pin_list>
<bind>
<opcode="write(1151) " fcode="write"/>
<opset="write_ln0/61 "/>
</bind>
</comp>

<comp id="1546" class="1004" name="write_ln0_write_fu_1546">
<pin_list>
<pin id="1547" dir="0" index="0" bw="0" slack="0"/>
<pin id="1548" dir="0" index="1" bw="32" slack="0"/>
<pin id="1549" dir="0" index="2" bw="32" slack="0"/>
<pin id="1550" dir="1" index="3" bw="0" slack="2147483647"/>
</pin_list>
<bind>
<opcode="write(1151) " fcode="write"/>
<opset="write_ln0/61 "/>
</bind>
</comp>

<comp id="1553" class="1004" name="write_ln0_write_fu_1553">
<pin_list>
<pin id="1554" dir="0" index="0" bw="0" slack="0"/>
<pin id="1555" dir="0" index="1" bw="32" slack="0"/>
<pin id="1556" dir="0" index="2" bw="32" slack="0"/>
<pin id="1557" dir="1" index="3" bw="0" slack="2147483647"/>
</pin_list>
<bind>
<opcode="write(1151) " fcode="write"/>
<opset="write_ln0/61 "/>
</bind>
</comp>

<comp id="1560" class="1004" name="write_ln0_write_fu_1560">
<pin_list>
<pin id="1561" dir="0" index="0" bw="0" slack="0"/>
<pin id="1562" dir="0" index="1" bw="32" slack="0"/>
<pin id="1563" dir="0" index="2" bw="32" slack="0"/>
<pin id="1564" dir="1" index="3" bw="0" slack="2147483647"/>
</pin_list>
<bind>
<opcode="write(1151) " fcode="write"/>
<opset="write_ln0/61 "/>
</bind>
</comp>

<comp id="1567" class="1004" name="write_ln0_write_fu_1567">
<pin_list>
<pin id="1568" dir="0" index="0" bw="0" slack="0"/>
<pin id="1569" dir="0" index="1" bw="32" slack="0"/>
<pin id="1570" dir="0" index="2" bw="32" slack="0"/>
<pin id="1571" dir="1" index="3" bw="0" slack="2147483647"/>
</pin_list>
<bind>
<opcode="write(1151) " fcode="write"/>
<opset="write_ln0/61 "/>
</bind>
</comp>

<comp id="1574" class="1004" name="write_ln0_write_fu_1574">
<pin_list>
<pin id="1575" dir="0" index="0" bw="0" slack="0"/>
<pin id="1576" dir="0" index="1" bw="32" slack="0"/>
<pin id="1577" dir="0" index="2" bw="32" slack="0"/>
<pin id="1578" dir="1" index="3" bw="0" slack="2147483647"/>
</pin_list>
<bind>
<opcode="write(1151) " fcode="write"/>
<opset="write_ln0/61 "/>
</bind>
</comp>

<comp id="1581" class="1004" name="write_ln0_write_fu_1581">
<pin_list>
<pin id="1582" dir="0" index="0" bw="0" slack="0"/>
<pin id="1583" dir="0" index="1" bw="32" slack="0"/>
<pin id="1584" dir="0" index="2" bw="32" slack="0"/>
<pin id="1585" dir="1" index="3" bw="0" slack="2147483647"/>
</pin_list>
<bind>
<opcode="write(1151) " fcode="write"/>
<opset="write_ln0/61 "/>
</bind>
</comp>

<comp id="1588" class="1004" name="write_ln0_write_fu_1588">
<pin_list>
<pin id="1589" dir="0" index="0" bw="0" slack="0"/>
<pin id="1590" dir="0" index="1" bw="32" slack="0"/>
<pin id="1591" dir="0" index="2" bw="32" slack="0"/>
<pin id="1592" dir="1" index="3" bw="0" slack="2147483647"/>
</pin_list>
<bind>
<opcode="write(1151) " fcode="write"/>
<opset="write_ln0/61 "/>
</bind>
</comp>

<comp id="1595" class="1004" name="write_ln0_write_fu_1595">
<pin_list>
<pin id="1596" dir="0" index="0" bw="0" slack="0"/>
<pin id="1597" dir="0" index="1" bw="32" slack="0"/>
<pin id="1598" dir="0" index="2" bw="32" slack="0"/>
<pin id="1599" dir="1" index="3" bw="0" slack="2147483647"/>
</pin_list>
<bind>
<opcode="write(1151) " fcode="write"/>
<opset="write_ln0/61 "/>
</bind>
</comp>

<comp id="1602" class="1004" name="write_ln0_write_fu_1602">
<pin_list>
<pin id="1603" dir="0" index="0" bw="0" slack="0"/>
<pin id="1604" dir="0" index="1" bw="32" slack="0"/>
<pin id="1605" dir="0" index="2" bw="32" slack="0"/>
<pin id="1606" dir="1" index="3" bw="0" slack="2147483647"/>
</pin_list>
<bind>
<opcode="write(1151) " fcode="write"/>
<opset="write_ln0/61 "/>
</bind>
</comp>

<comp id="1609" class="1004" name="write_ln0_write_fu_1609">
<pin_list>
<pin id="1610" dir="0" index="0" bw="0" slack="0"/>
<pin id="1611" dir="0" index="1" bw="32" slack="0"/>
<pin id="1612" dir="0" index="2" bw="32" slack="0"/>
<pin id="1613" dir="1" index="3" bw="0" slack="2147483647"/>
</pin_list>
<bind>
<opcode="write(1151) " fcode="write"/>
<opset="write_ln0/61 "/>
</bind>
</comp>

<comp id="1616" class="1004" name="write_ln0_write_fu_1616">
<pin_list>
<pin id="1617" dir="0" index="0" bw="0" slack="0"/>
<pin id="1618" dir="0" index="1" bw="32" slack="0"/>
<pin id="1619" dir="0" index="2" bw="32" slack="0"/>
<pin id="1620" dir="1" index="3" bw="0" slack="2147483647"/>
</pin_list>
<bind>
<opcode="write(1151) " fcode="write"/>
<opset="write_ln0/61 "/>
</bind>
</comp>

<comp id="1623" class="1004" name="write_ln0_write_fu_1623">
<pin_list>
<pin id="1624" dir="0" index="0" bw="0" slack="0"/>
<pin id="1625" dir="0" index="1" bw="32" slack="0"/>
<pin id="1626" dir="0" index="2" bw="32" slack="0"/>
<pin id="1627" dir="1" index="3" bw="0" slack="2147483647"/>
</pin_list>
<bind>
<opcode="write(1151) " fcode="write"/>
<opset="write_ln0/61 "/>
</bind>
</comp>

<comp id="1630" class="1004" name="write_ln0_write_fu_1630">
<pin_list>
<pin id="1631" dir="0" index="0" bw="0" slack="0"/>
<pin id="1632" dir="0" index="1" bw="32" slack="0"/>
<pin id="1633" dir="0" index="2" bw="32" slack="0"/>
<pin id="1634" dir="1" index="3" bw="0" slack="2147483647"/>
</pin_list>
<bind>
<opcode="write(1151) " fcode="write"/>
<opset="write_ln0/61 "/>
</bind>
</comp>

<comp id="1637" class="1004" name="write_ln0_write_fu_1637">
<pin_list>
<pin id="1638" dir="0" index="0" bw="0" slack="0"/>
<pin id="1639" dir="0" index="1" bw="32" slack="0"/>
<pin id="1640" dir="0" index="2" bw="32" slack="0"/>
<pin id="1641" dir="1" index="3" bw="0" slack="2147483647"/>
</pin_list>
<bind>
<opcode="write(1151) " fcode="write"/>
<opset="write_ln0/61 "/>
</bind>
</comp>

<comp id="1644" class="1004" name="write_ln0_write_fu_1644">
<pin_list>
<pin id="1645" dir="0" index="0" bw="0" slack="0"/>
<pin id="1646" dir="0" index="1" bw="32" slack="0"/>
<pin id="1647" dir="0" index="2" bw="32" slack="0"/>
<pin id="1648" dir="1" index="3" bw="0" slack="2147483647"/>
</pin_list>
<bind>
<opcode="write(1151) " fcode="write"/>
<opset="write_ln0/61 "/>
</bind>
</comp>

<comp id="1651" class="1004" name="write_ln0_write_fu_1651">
<pin_list>
<pin id="1652" dir="0" index="0" bw="0" slack="0"/>
<pin id="1653" dir="0" index="1" bw="32" slack="0"/>
<pin id="1654" dir="0" index="2" bw="32" slack="0"/>
<pin id="1655" dir="1" index="3" bw="0" slack="2147483647"/>
</pin_list>
<bind>
<opcode="write(1151) " fcode="write"/>
<opset="write_ln0/61 "/>
</bind>
</comp>

<comp id="1658" class="1004" name="write_ln0_write_fu_1658">
<pin_list>
<pin id="1659" dir="0" index="0" bw="0" slack="0"/>
<pin id="1660" dir="0" index="1" bw="32" slack="0"/>
<pin id="1661" dir="0" index="2" bw="32" slack="0"/>
<pin id="1662" dir="1" index="3" bw="0" slack="2147483647"/>
</pin_list>
<bind>
<opcode="write(1151) " fcode="write"/>
<opset="write_ln0/61 "/>
</bind>
</comp>

<comp id="1665" class="1004" name="write_ln0_write_fu_1665">
<pin_list>
<pin id="1666" dir="0" index="0" bw="0" slack="0"/>
<pin id="1667" dir="0" index="1" bw="32" slack="0"/>
<pin id="1668" dir="0" index="2" bw="32" slack="0"/>
<pin id="1669" dir="1" index="3" bw="0" slack="2147483647"/>
</pin_list>
<bind>
<opcode="write(1151) " fcode="write"/>
<opset="write_ln0/61 "/>
</bind>
</comp>

<comp id="1672" class="1004" name="write_ln0_write_fu_1672">
<pin_list>
<pin id="1673" dir="0" index="0" bw="0" slack="0"/>
<pin id="1674" dir="0" index="1" bw="32" slack="0"/>
<pin id="1675" dir="0" index="2" bw="32" slack="0"/>
<pin id="1676" dir="1" index="3" bw="0" slack="2147483647"/>
</pin_list>
<bind>
<opcode="write(1151) " fcode="write"/>
<opset="write_ln0/61 "/>
</bind>
</comp>

<comp id="1679" class="1004" name="write_ln0_write_fu_1679">
<pin_list>
<pin id="1680" dir="0" index="0" bw="0" slack="0"/>
<pin id="1681" dir="0" index="1" bw="32" slack="0"/>
<pin id="1682" dir="0" index="2" bw="32" slack="0"/>
<pin id="1683" dir="1" index="3" bw="0" slack="2147483647"/>
</pin_list>
<bind>
<opcode="write(1151) " fcode="write"/>
<opset="write_ln0/61 "/>
</bind>
</comp>

<comp id="1686" class="1004" name="write_ln0_write_fu_1686">
<pin_list>
<pin id="1687" dir="0" index="0" bw="0" slack="0"/>
<pin id="1688" dir="0" index="1" bw="32" slack="0"/>
<pin id="1689" dir="0" index="2" bw="32" slack="0"/>
<pin id="1690" dir="1" index="3" bw="0" slack="2147483647"/>
</pin_list>
<bind>
<opcode="write(1151) " fcode="write"/>
<opset="write_ln0/61 "/>
</bind>
</comp>

<comp id="1693" class="1004" name="write_ln0_write_fu_1693">
<pin_list>
<pin id="1694" dir="0" index="0" bw="0" slack="0"/>
<pin id="1695" dir="0" index="1" bw="32" slack="0"/>
<pin id="1696" dir="0" index="2" bw="32" slack="0"/>
<pin id="1697" dir="1" index="3" bw="0" slack="2147483647"/>
</pin_list>
<bind>
<opcode="write(1151) " fcode="write"/>
<opset="write_ln0/61 "/>
</bind>
</comp>

<comp id="1700" class="1004" name="write_ln0_write_fu_1700">
<pin_list>
<pin id="1701" dir="0" index="0" bw="0" slack="0"/>
<pin id="1702" dir="0" index="1" bw="32" slack="0"/>
<pin id="1703" dir="0" index="2" bw="32" slack="0"/>
<pin id="1704" dir="1" index="3" bw="0" slack="2147483647"/>
</pin_list>
<bind>
<opcode="write(1151) " fcode="write"/>
<opset="write_ln0/61 "/>
</bind>
</comp>

<comp id="1707" class="1004" name="write_ln0_write_fu_1707">
<pin_list>
<pin id="1708" dir="0" index="0" bw="0" slack="0"/>
<pin id="1709" dir="0" index="1" bw="32" slack="0"/>
<pin id="1710" dir="0" index="2" bw="32" slack="0"/>
<pin id="1711" dir="1" index="3" bw="0" slack="2147483647"/>
</pin_list>
<bind>
<opcode="write(1151) " fcode="write"/>
<opset="write_ln0/61 "/>
</bind>
</comp>

<comp id="1714" class="1004" name="write_ln0_write_fu_1714">
<pin_list>
<pin id="1715" dir="0" index="0" bw="0" slack="0"/>
<pin id="1716" dir="0" index="1" bw="32" slack="0"/>
<pin id="1717" dir="0" index="2" bw="32" slack="0"/>
<pin id="1718" dir="1" index="3" bw="0" slack="2147483647"/>
</pin_list>
<bind>
<opcode="write(1151) " fcode="write"/>
<opset="write_ln0/61 "/>
</bind>
</comp>

<comp id="1721" class="1004" name="write_ln0_write_fu_1721">
<pin_list>
<pin id="1722" dir="0" index="0" bw="0" slack="0"/>
<pin id="1723" dir="0" index="1" bw="32" slack="0"/>
<pin id="1724" dir="0" index="2" bw="32" slack="0"/>
<pin id="1725" dir="1" index="3" bw="0" slack="2147483647"/>
</pin_list>
<bind>
<opcode="write(1151) " fcode="write"/>
<opset="write_ln0/61 "/>
</bind>
</comp>

<comp id="1728" class="1004" name="write_ln0_write_fu_1728">
<pin_list>
<pin id="1729" dir="0" index="0" bw="0" slack="0"/>
<pin id="1730" dir="0" index="1" bw="32" slack="0"/>
<pin id="1731" dir="0" index="2" bw="32" slack="0"/>
<pin id="1732" dir="1" index="3" bw="0" slack="2147483647"/>
</pin_list>
<bind>
<opcode="write(1151) " fcode="write"/>
<opset="write_ln0/61 "/>
</bind>
</comp>

<comp id="1735" class="1004" name="write_ln0_write_fu_1735">
<pin_list>
<pin id="1736" dir="0" index="0" bw="0" slack="0"/>
<pin id="1737" dir="0" index="1" bw="32" slack="0"/>
<pin id="1738" dir="0" index="2" bw="32" slack="0"/>
<pin id="1739" dir="1" index="3" bw="0" slack="2147483647"/>
</pin_list>
<bind>
<opcode="write(1151) " fcode="write"/>
<opset="write_ln0/61 "/>
</bind>
</comp>

<comp id="1742" class="1004" name="write_ln0_write_fu_1742">
<pin_list>
<pin id="1743" dir="0" index="0" bw="0" slack="0"/>
<pin id="1744" dir="0" index="1" bw="32" slack="0"/>
<pin id="1745" dir="0" index="2" bw="32" slack="0"/>
<pin id="1746" dir="1" index="3" bw="0" slack="2147483647"/>
</pin_list>
<bind>
<opcode="write(1151) " fcode="write"/>
<opset="write_ln0/61 "/>
</bind>
</comp>

<comp id="1749" class="1004" name="write_ln0_write_fu_1749">
<pin_list>
<pin id="1750" dir="0" index="0" bw="0" slack="0"/>
<pin id="1751" dir="0" index="1" bw="32" slack="0"/>
<pin id="1752" dir="0" index="2" bw="32" slack="0"/>
<pin id="1753" dir="1" index="3" bw="0" slack="2147483647"/>
</pin_list>
<bind>
<opcode="write(1151) " fcode="write"/>
<opset="write_ln0/61 "/>
</bind>
</comp>

<comp id="1756" class="1004" name="write_ln0_write_fu_1756">
<pin_list>
<pin id="1757" dir="0" index="0" bw="0" slack="0"/>
<pin id="1758" dir="0" index="1" bw="32" slack="0"/>
<pin id="1759" dir="0" index="2" bw="32" slack="0"/>
<pin id="1760" dir="1" index="3" bw="0" slack="2147483647"/>
</pin_list>
<bind>
<opcode="write(1151) " fcode="write"/>
<opset="write_ln0/61 "/>
</bind>
</comp>

<comp id="1763" class="1004" name="write_ln0_write_fu_1763">
<pin_list>
<pin id="1764" dir="0" index="0" bw="0" slack="0"/>
<pin id="1765" dir="0" index="1" bw="32" slack="0"/>
<pin id="1766" dir="0" index="2" bw="32" slack="0"/>
<pin id="1767" dir="1" index="3" bw="0" slack="2147483647"/>
</pin_list>
<bind>
<opcode="write(1151) " fcode="write"/>
<opset="write_ln0/61 "/>
</bind>
</comp>

<comp id="1770" class="1004" name="write_ln0_write_fu_1770">
<pin_list>
<pin id="1771" dir="0" index="0" bw="0" slack="0"/>
<pin id="1772" dir="0" index="1" bw="32" slack="0"/>
<pin id="1773" dir="0" index="2" bw="32" slack="0"/>
<pin id="1774" dir="1" index="3" bw="0" slack="2147483647"/>
</pin_list>
<bind>
<opcode="write(1151) " fcode="write"/>
<opset="write_ln0/61 "/>
</bind>
</comp>

<comp id="1777" class="1004" name="write_ln0_write_fu_1777">
<pin_list>
<pin id="1778" dir="0" index="0" bw="0" slack="0"/>
<pin id="1779" dir="0" index="1" bw="32" slack="0"/>
<pin id="1780" dir="0" index="2" bw="32" slack="0"/>
<pin id="1781" dir="1" index="3" bw="0" slack="2147483647"/>
</pin_list>
<bind>
<opcode="write(1151) " fcode="write"/>
<opset="write_ln0/61 "/>
</bind>
</comp>

<comp id="1784" class="1004" name="write_ln0_write_fu_1784">
<pin_list>
<pin id="1785" dir="0" index="0" bw="0" slack="0"/>
<pin id="1786" dir="0" index="1" bw="32" slack="0"/>
<pin id="1787" dir="0" index="2" bw="32" slack="0"/>
<pin id="1788" dir="1" index="3" bw="0" slack="2147483647"/>
</pin_list>
<bind>
<opcode="write(1151) " fcode="write"/>
<opset="write_ln0/61 "/>
</bind>
</comp>

<comp id="1791" class="1004" name="write_ln0_write_fu_1791">
<pin_list>
<pin id="1792" dir="0" index="0" bw="0" slack="0"/>
<pin id="1793" dir="0" index="1" bw="32" slack="0"/>
<pin id="1794" dir="0" index="2" bw="32" slack="0"/>
<pin id="1795" dir="1" index="3" bw="0" slack="2147483647"/>
</pin_list>
<bind>
<opcode="write(1151) " fcode="write"/>
<opset="write_ln0/61 "/>
</bind>
</comp>

<comp id="1798" class="1004" name="write_ln0_write_fu_1798">
<pin_list>
<pin id="1799" dir="0" index="0" bw="0" slack="0"/>
<pin id="1800" dir="0" index="1" bw="32" slack="0"/>
<pin id="1801" dir="0" index="2" bw="32" slack="0"/>
<pin id="1802" dir="1" index="3" bw="0" slack="2147483647"/>
</pin_list>
<bind>
<opcode="write(1151) " fcode="write"/>
<opset="write_ln0/61 "/>
</bind>
</comp>

<comp id="1805" class="1004" name="write_ln0_write_fu_1805">
<pin_list>
<pin id="1806" dir="0" index="0" bw="0" slack="0"/>
<pin id="1807" dir="0" index="1" bw="32" slack="0"/>
<pin id="1808" dir="0" index="2" bw="32" slack="0"/>
<pin id="1809" dir="1" index="3" bw="0" slack="2147483647"/>
</pin_list>
<bind>
<opcode="write(1151) " fcode="write"/>
<opset="write_ln0/61 "/>
</bind>
</comp>

<comp id="1812" class="1004" name="write_ln0_write_fu_1812">
<pin_list>
<pin id="1813" dir="0" index="0" bw="0" slack="0"/>
<pin id="1814" dir="0" index="1" bw="32" slack="0"/>
<pin id="1815" dir="0" index="2" bw="32" slack="0"/>
<pin id="1816" dir="1" index="3" bw="0" slack="2147483647"/>
</pin_list>
<bind>
<opcode="write(1151) " fcode="write"/>
<opset="write_ln0/61 "/>
</bind>
</comp>

<comp id="1819" class="1004" name="write_ln0_write_fu_1819">
<pin_list>
<pin id="1820" dir="0" index="0" bw="0" slack="0"/>
<pin id="1821" dir="0" index="1" bw="32" slack="0"/>
<pin id="1822" dir="0" index="2" bw="32" slack="0"/>
<pin id="1823" dir="1" index="3" bw="0" slack="2147483647"/>
</pin_list>
<bind>
<opcode="write(1151) " fcode="write"/>
<opset="write_ln0/61 "/>
</bind>
</comp>

<comp id="1826" class="1004" name="write_ln0_write_fu_1826">
<pin_list>
<pin id="1827" dir="0" index="0" bw="0" slack="0"/>
<pin id="1828" dir="0" index="1" bw="32" slack="0"/>
<pin id="1829" dir="0" index="2" bw="32" slack="0"/>
<pin id="1830" dir="1" index="3" bw="0" slack="2147483647"/>
</pin_list>
<bind>
<opcode="write(1151) " fcode="write"/>
<opset="write_ln0/61 "/>
</bind>
</comp>

<comp id="1833" class="1004" name="write_ln0_write_fu_1833">
<pin_list>
<pin id="1834" dir="0" index="0" bw="0" slack="0"/>
<pin id="1835" dir="0" index="1" bw="32" slack="0"/>
<pin id="1836" dir="0" index="2" bw="32" slack="0"/>
<pin id="1837" dir="1" index="3" bw="0" slack="2147483647"/>
</pin_list>
<bind>
<opcode="write(1151) " fcode="write"/>
<opset="write_ln0/61 "/>
</bind>
</comp>

<comp id="1840" class="1004" name="write_ln0_write_fu_1840">
<pin_list>
<pin id="1841" dir="0" index="0" bw="0" slack="0"/>
<pin id="1842" dir="0" index="1" bw="32" slack="0"/>
<pin id="1843" dir="0" index="2" bw="32" slack="0"/>
<pin id="1844" dir="1" index="3" bw="0" slack="2147483647"/>
</pin_list>
<bind>
<opcode="write(1151) " fcode="write"/>
<opset="write_ln0/61 "/>
</bind>
</comp>

<comp id="1847" class="1004" name="write_ln0_write_fu_1847">
<pin_list>
<pin id="1848" dir="0" index="0" bw="0" slack="0"/>
<pin id="1849" dir="0" index="1" bw="32" slack="0"/>
<pin id="1850" dir="0" index="2" bw="32" slack="0"/>
<pin id="1851" dir="1" index="3" bw="0" slack="2147483647"/>
</pin_list>
<bind>
<opcode="write(1151) " fcode="write"/>
<opset="write_ln0/61 "/>
</bind>
</comp>

<comp id="1854" class="1004" name="write_ln0_write_fu_1854">
<pin_list>
<pin id="1855" dir="0" index="0" bw="0" slack="0"/>
<pin id="1856" dir="0" index="1" bw="32" slack="0"/>
<pin id="1857" dir="0" index="2" bw="32" slack="0"/>
<pin id="1858" dir="1" index="3" bw="0" slack="2147483647"/>
</pin_list>
<bind>
<opcode="write(1151) " fcode="write"/>
<opset="write_ln0/61 "/>
</bind>
</comp>

<comp id="1861" class="1004" name="write_ln0_write_fu_1861">
<pin_list>
<pin id="1862" dir="0" index="0" bw="0" slack="0"/>
<pin id="1863" dir="0" index="1" bw="32" slack="0"/>
<pin id="1864" dir="0" index="2" bw="32" slack="0"/>
<pin id="1865" dir="1" index="3" bw="0" slack="2147483647"/>
</pin_list>
<bind>
<opcode="write(1151) " fcode="write"/>
<opset="write_ln0/61 "/>
</bind>
</comp>

<comp id="1868" class="1004" name="write_ln0_write_fu_1868">
<pin_list>
<pin id="1869" dir="0" index="0" bw="0" slack="0"/>
<pin id="1870" dir="0" index="1" bw="32" slack="0"/>
<pin id="1871" dir="0" index="2" bw="32" slack="0"/>
<pin id="1872" dir="1" index="3" bw="0" slack="2147483647"/>
</pin_list>
<bind>
<opcode="write(1151) " fcode="write"/>
<opset="write_ln0/61 "/>
</bind>
</comp>

<comp id="1875" class="1004" name="write_ln0_write_fu_1875">
<pin_list>
<pin id="1876" dir="0" index="0" bw="0" slack="0"/>
<pin id="1877" dir="0" index="1" bw="32" slack="0"/>
<pin id="1878" dir="0" index="2" bw="32" slack="0"/>
<pin id="1879" dir="1" index="3" bw="0" slack="2147483647"/>
</pin_list>
<bind>
<opcode="write(1151) " fcode="write"/>
<opset="write_ln0/61 "/>
</bind>
</comp>

<comp id="1882" class="1004" name="write_ln0_write_fu_1882">
<pin_list>
<pin id="1883" dir="0" index="0" bw="0" slack="0"/>
<pin id="1884" dir="0" index="1" bw="32" slack="0"/>
<pin id="1885" dir="0" index="2" bw="32" slack="0"/>
<pin id="1886" dir="1" index="3" bw="0" slack="2147483647"/>
</pin_list>
<bind>
<opcode="write(1151) " fcode="write"/>
<opset="write_ln0/61 "/>
</bind>
</comp>

<comp id="1889" class="1004" name="write_ln0_write_fu_1889">
<pin_list>
<pin id="1890" dir="0" index="0" bw="0" slack="0"/>
<pin id="1891" dir="0" index="1" bw="32" slack="0"/>
<pin id="1892" dir="0" index="2" bw="32" slack="0"/>
<pin id="1893" dir="1" index="3" bw="0" slack="2147483647"/>
</pin_list>
<bind>
<opcode="write(1151) " fcode="write"/>
<opset="write_ln0/61 "/>
</bind>
</comp>

<comp id="1896" class="1004" name="write_ln0_write_fu_1896">
<pin_list>
<pin id="1897" dir="0" index="0" bw="0" slack="0"/>
<pin id="1898" dir="0" index="1" bw="32" slack="0"/>
<pin id="1899" dir="0" index="2" bw="32" slack="0"/>
<pin id="1900" dir="1" index="3" bw="0" slack="2147483647"/>
</pin_list>
<bind>
<opcode="write(1151) " fcode="write"/>
<opset="write_ln0/61 "/>
</bind>
</comp>

<comp id="1903" class="1004" name="write_ln0_write_fu_1903">
<pin_list>
<pin id="1904" dir="0" index="0" bw="0" slack="0"/>
<pin id="1905" dir="0" index="1" bw="32" slack="0"/>
<pin id="1906" dir="0" index="2" bw="32" slack="0"/>
<pin id="1907" dir="1" index="3" bw="0" slack="2147483647"/>
</pin_list>
<bind>
<opcode="write(1151) " fcode="write"/>
<opset="write_ln0/61 "/>
</bind>
</comp>

<comp id="1910" class="1004" name="write_ln0_write_fu_1910">
<pin_list>
<pin id="1911" dir="0" index="0" bw="0" slack="0"/>
<pin id="1912" dir="0" index="1" bw="32" slack="0"/>
<pin id="1913" dir="0" index="2" bw="32" slack="0"/>
<pin id="1914" dir="1" index="3" bw="0" slack="2147483647"/>
</pin_list>
<bind>
<opcode="write(1151) " fcode="write"/>
<opset="write_ln0/61 "/>
</bind>
</comp>

<comp id="1917" class="1004" name="write_ln0_write_fu_1917">
<pin_list>
<pin id="1918" dir="0" index="0" bw="0" slack="0"/>
<pin id="1919" dir="0" index="1" bw="32" slack="0"/>
<pin id="1920" dir="0" index="2" bw="32" slack="0"/>
<pin id="1921" dir="1" index="3" bw="0" slack="2147483647"/>
</pin_list>
<bind>
<opcode="write(1151) " fcode="write"/>
<opset="write_ln0/61 "/>
</bind>
</comp>

<comp id="1924" class="1004" name="write_ln0_write_fu_1924">
<pin_list>
<pin id="1925" dir="0" index="0" bw="0" slack="0"/>
<pin id="1926" dir="0" index="1" bw="32" slack="0"/>
<pin id="1927" dir="0" index="2" bw="32" slack="0"/>
<pin id="1928" dir="1" index="3" bw="0" slack="2147483647"/>
</pin_list>
<bind>
<opcode="write(1151) " fcode="write"/>
<opset="write_ln0/61 "/>
</bind>
</comp>

<comp id="1931" class="1004" name="write_ln0_write_fu_1931">
<pin_list>
<pin id="1932" dir="0" index="0" bw="0" slack="0"/>
<pin id="1933" dir="0" index="1" bw="32" slack="0"/>
<pin id="1934" dir="0" index="2" bw="32" slack="0"/>
<pin id="1935" dir="1" index="3" bw="0" slack="2147483647"/>
</pin_list>
<bind>
<opcode="write(1151) " fcode="write"/>
<opset="write_ln0/61 "/>
</bind>
</comp>

<comp id="1938" class="1004" name="write_ln0_write_fu_1938">
<pin_list>
<pin id="1939" dir="0" index="0" bw="0" slack="0"/>
<pin id="1940" dir="0" index="1" bw="32" slack="0"/>
<pin id="1941" dir="0" index="2" bw="32" slack="0"/>
<pin id="1942" dir="1" index="3" bw="0" slack="2147483647"/>
</pin_list>
<bind>
<opcode="write(1151) " fcode="write"/>
<opset="write_ln0/61 "/>
</bind>
</comp>

<comp id="1945" class="1004" name="write_ln0_write_fu_1945">
<pin_list>
<pin id="1946" dir="0" index="0" bw="0" slack="0"/>
<pin id="1947" dir="0" index="1" bw="32" slack="0"/>
<pin id="1948" dir="0" index="2" bw="32" slack="0"/>
<pin id="1949" dir="1" index="3" bw="0" slack="2147483647"/>
</pin_list>
<bind>
<opcode="write(1151) " fcode="write"/>
<opset="write_ln0/61 "/>
</bind>
</comp>

<comp id="1952" class="1004" name="write_ln0_write_fu_1952">
<pin_list>
<pin id="1953" dir="0" index="0" bw="0" slack="0"/>
<pin id="1954" dir="0" index="1" bw="32" slack="0"/>
<pin id="1955" dir="0" index="2" bw="32" slack="0"/>
<pin id="1956" dir="1" index="3" bw="0" slack="2147483647"/>
</pin_list>
<bind>
<opcode="write(1151) " fcode="write"/>
<opset="write_ln0/61 "/>
</bind>
</comp>

<comp id="1959" class="1004" name="write_ln0_write_fu_1959">
<pin_list>
<pin id="1960" dir="0" index="0" bw="0" slack="0"/>
<pin id="1961" dir="0" index="1" bw="32" slack="0"/>
<pin id="1962" dir="0" index="2" bw="32" slack="0"/>
<pin id="1963" dir="1" index="3" bw="0" slack="2147483647"/>
</pin_list>
<bind>
<opcode="write(1151) " fcode="write"/>
<opset="write_ln0/61 "/>
</bind>
</comp>

<comp id="1966" class="1004" name="write_ln0_write_fu_1966">
<pin_list>
<pin id="1967" dir="0" index="0" bw="0" slack="0"/>
<pin id="1968" dir="0" index="1" bw="32" slack="0"/>
<pin id="1969" dir="0" index="2" bw="32" slack="0"/>
<pin id="1970" dir="1" index="3" bw="0" slack="2147483647"/>
</pin_list>
<bind>
<opcode="write(1151) " fcode="write"/>
<opset="write_ln0/61 "/>
</bind>
</comp>

<comp id="1973" class="1004" name="write_ln0_write_fu_1973">
<pin_list>
<pin id="1974" dir="0" index="0" bw="0" slack="0"/>
<pin id="1975" dir="0" index="1" bw="32" slack="0"/>
<pin id="1976" dir="0" index="2" bw="32" slack="0"/>
<pin id="1977" dir="1" index="3" bw="0" slack="2147483647"/>
</pin_list>
<bind>
<opcode="write(1151) " fcode="write"/>
<opset="write_ln0/61 "/>
</bind>
</comp>

<comp id="1980" class="1004" name="write_ln0_write_fu_1980">
<pin_list>
<pin id="1981" dir="0" index="0" bw="0" slack="0"/>
<pin id="1982" dir="0" index="1" bw="32" slack="0"/>
<pin id="1983" dir="0" index="2" bw="32" slack="0"/>
<pin id="1984" dir="1" index="3" bw="0" slack="2147483647"/>
</pin_list>
<bind>
<opcode="write(1151) " fcode="write"/>
<opset="write_ln0/61 "/>
</bind>
</comp>

<comp id="1987" class="1004" name="write_ln0_write_fu_1987">
<pin_list>
<pin id="1988" dir="0" index="0" bw="0" slack="0"/>
<pin id="1989" dir="0" index="1" bw="32" slack="0"/>
<pin id="1990" dir="0" index="2" bw="32" slack="0"/>
<pin id="1991" dir="1" index="3" bw="0" slack="2147483647"/>
</pin_list>
<bind>
<opcode="write(1151) " fcode="write"/>
<opset="write_ln0/61 "/>
</bind>
</comp>

<comp id="1994" class="1004" name="write_ln0_write_fu_1994">
<pin_list>
<pin id="1995" dir="0" index="0" bw="0" slack="0"/>
<pin id="1996" dir="0" index="1" bw="32" slack="0"/>
<pin id="1997" dir="0" index="2" bw="32" slack="0"/>
<pin id="1998" dir="1" index="3" bw="0" slack="2147483647"/>
</pin_list>
<bind>
<opcode="write(1151) " fcode="write"/>
<opset="write_ln0/61 "/>
</bind>
</comp>

<comp id="2001" class="1004" name="write_ln0_write_fu_2001">
<pin_list>
<pin id="2002" dir="0" index="0" bw="0" slack="0"/>
<pin id="2003" dir="0" index="1" bw="32" slack="0"/>
<pin id="2004" dir="0" index="2" bw="32" slack="0"/>
<pin id="2005" dir="1" index="3" bw="0" slack="2147483647"/>
</pin_list>
<bind>
<opcode="write(1151) " fcode="write"/>
<opset="write_ln0/61 "/>
</bind>
</comp>

<comp id="2008" class="1004" name="write_ln0_write_fu_2008">
<pin_list>
<pin id="2009" dir="0" index="0" bw="0" slack="0"/>
<pin id="2010" dir="0" index="1" bw="32" slack="0"/>
<pin id="2011" dir="0" index="2" bw="32" slack="0"/>
<pin id="2012" dir="1" index="3" bw="0" slack="2147483647"/>
</pin_list>
<bind>
<opcode="write(1151) " fcode="write"/>
<opset="write_ln0/61 "/>
</bind>
</comp>

<comp id="2015" class="1004" name="write_ln0_write_fu_2015">
<pin_list>
<pin id="2016" dir="0" index="0" bw="0" slack="0"/>
<pin id="2017" dir="0" index="1" bw="32" slack="0"/>
<pin id="2018" dir="0" index="2" bw="32" slack="0"/>
<pin id="2019" dir="1" index="3" bw="0" slack="2147483647"/>
</pin_list>
<bind>
<opcode="write(1151) " fcode="write"/>
<opset="write_ln0/61 "/>
</bind>
</comp>

<comp id="2022" class="1004" name="write_ln0_write_fu_2022">
<pin_list>
<pin id="2023" dir="0" index="0" bw="0" slack="0"/>
<pin id="2024" dir="0" index="1" bw="32" slack="0"/>
<pin id="2025" dir="0" index="2" bw="32" slack="0"/>
<pin id="2026" dir="1" index="3" bw="0" slack="2147483647"/>
</pin_list>
<bind>
<opcode="write(1151) " fcode="write"/>
<opset="write_ln0/61 "/>
</bind>
</comp>

<comp id="2029" class="1004" name="write_ln0_write_fu_2029">
<pin_list>
<pin id="2030" dir="0" index="0" bw="0" slack="0"/>
<pin id="2031" dir="0" index="1" bw="32" slack="0"/>
<pin id="2032" dir="0" index="2" bw="32" slack="0"/>
<pin id="2033" dir="1" index="3" bw="0" slack="2147483647"/>
</pin_list>
<bind>
<opcode="write(1151) " fcode="write"/>
<opset="write_ln0/61 "/>
</bind>
</comp>

<comp id="2036" class="1004" name="write_ln0_write_fu_2036">
<pin_list>
<pin id="2037" dir="0" index="0" bw="0" slack="0"/>
<pin id="2038" dir="0" index="1" bw="32" slack="0"/>
<pin id="2039" dir="0" index="2" bw="32" slack="0"/>
<pin id="2040" dir="1" index="3" bw="0" slack="2147483647"/>
</pin_list>
<bind>
<opcode="write(1151) " fcode="write"/>
<opset="write_ln0/61 "/>
</bind>
</comp>

<comp id="2043" class="1004" name="write_ln0_write_fu_2043">
<pin_list>
<pin id="2044" dir="0" index="0" bw="0" slack="0"/>
<pin id="2045" dir="0" index="1" bw="32" slack="0"/>
<pin id="2046" dir="0" index="2" bw="32" slack="0"/>
<pin id="2047" dir="1" index="3" bw="0" slack="2147483647"/>
</pin_list>
<bind>
<opcode="write(1151) " fcode="write"/>
<opset="write_ln0/61 "/>
</bind>
</comp>

<comp id="2050" class="1004" name="write_ln0_write_fu_2050">
<pin_list>
<pin id="2051" dir="0" index="0" bw="0" slack="0"/>
<pin id="2052" dir="0" index="1" bw="32" slack="0"/>
<pin id="2053" dir="0" index="2" bw="32" slack="0"/>
<pin id="2054" dir="1" index="3" bw="0" slack="2147483647"/>
</pin_list>
<bind>
<opcode="write(1151) " fcode="write"/>
<opset="write_ln0/61 "/>
</bind>
</comp>

<comp id="2057" class="1004" name="write_ln0_write_fu_2057">
<pin_list>
<pin id="2058" dir="0" index="0" bw="0" slack="0"/>
<pin id="2059" dir="0" index="1" bw="32" slack="0"/>
<pin id="2060" dir="0" index="2" bw="32" slack="0"/>
<pin id="2061" dir="1" index="3" bw="0" slack="2147483647"/>
</pin_list>
<bind>
<opcode="write(1151) " fcode="write"/>
<opset="write_ln0/61 "/>
</bind>
</comp>

<comp id="2064" class="1004" name="write_ln0_write_fu_2064">
<pin_list>
<pin id="2065" dir="0" index="0" bw="0" slack="0"/>
<pin id="2066" dir="0" index="1" bw="32" slack="0"/>
<pin id="2067" dir="0" index="2" bw="32" slack="0"/>
<pin id="2068" dir="1" index="3" bw="0" slack="2147483647"/>
</pin_list>
<bind>
<opcode="write(1151) " fcode="write"/>
<opset="write_ln0/61 "/>
</bind>
</comp>

<comp id="2071" class="1004" name="write_ln0_write_fu_2071">
<pin_list>
<pin id="2072" dir="0" index="0" bw="0" slack="0"/>
<pin id="2073" dir="0" index="1" bw="32" slack="0"/>
<pin id="2074" dir="0" index="2" bw="32" slack="0"/>
<pin id="2075" dir="1" index="3" bw="0" slack="2147483647"/>
</pin_list>
<bind>
<opcode="write(1151) " fcode="write"/>
<opset="write_ln0/61 "/>
</bind>
</comp>

<comp id="2078" class="1004" name="write_ln0_write_fu_2078">
<pin_list>
<pin id="2079" dir="0" index="0" bw="0" slack="0"/>
<pin id="2080" dir="0" index="1" bw="32" slack="0"/>
<pin id="2081" dir="0" index="2" bw="32" slack="0"/>
<pin id="2082" dir="1" index="3" bw="0" slack="2147483647"/>
</pin_list>
<bind>
<opcode="write(1151) " fcode="write"/>
<opset="write_ln0/61 "/>
</bind>
</comp>

<comp id="2085" class="1004" name="write_ln0_write_fu_2085">
<pin_list>
<pin id="2086" dir="0" index="0" bw="0" slack="0"/>
<pin id="2087" dir="0" index="1" bw="32" slack="0"/>
<pin id="2088" dir="0" index="2" bw="32" slack="0"/>
<pin id="2089" dir="1" index="3" bw="0" slack="2147483647"/>
</pin_list>
<bind>
<opcode="write(1151) " fcode="write"/>
<opset="write_ln0/61 "/>
</bind>
</comp>

<comp id="2092" class="1004" name="write_ln0_write_fu_2092">
<pin_list>
<pin id="2093" dir="0" index="0" bw="0" slack="0"/>
<pin id="2094" dir="0" index="1" bw="32" slack="0"/>
<pin id="2095" dir="0" index="2" bw="32" slack="0"/>
<pin id="2096" dir="1" index="3" bw="0" slack="2147483647"/>
</pin_list>
<bind>
<opcode="write(1151) " fcode="write"/>
<opset="write_ln0/61 "/>
</bind>
</comp>

<comp id="2099" class="1004" name="write_ln0_write_fu_2099">
<pin_list>
<pin id="2100" dir="0" index="0" bw="0" slack="0"/>
<pin id="2101" dir="0" index="1" bw="32" slack="0"/>
<pin id="2102" dir="0" index="2" bw="32" slack="0"/>
<pin id="2103" dir="1" index="3" bw="0" slack="2147483647"/>
</pin_list>
<bind>
<opcode="write(1151) " fcode="write"/>
<opset="write_ln0/61 "/>
</bind>
</comp>

<comp id="2106" class="1004" name="write_ln0_write_fu_2106">
<pin_list>
<pin id="2107" dir="0" index="0" bw="0" slack="0"/>
<pin id="2108" dir="0" index="1" bw="32" slack="0"/>
<pin id="2109" dir="0" index="2" bw="32" slack="0"/>
<pin id="2110" dir="1" index="3" bw="0" slack="2147483647"/>
</pin_list>
<bind>
<opcode="write(1151) " fcode="write"/>
<opset="write_ln0/61 "/>
</bind>
</comp>

<comp id="2113" class="1004" name="write_ln0_write_fu_2113">
<pin_list>
<pin id="2114" dir="0" index="0" bw="0" slack="0"/>
<pin id="2115" dir="0" index="1" bw="32" slack="0"/>
<pin id="2116" dir="0" index="2" bw="32" slack="0"/>
<pin id="2117" dir="1" index="3" bw="0" slack="2147483647"/>
</pin_list>
<bind>
<opcode="write(1151) " fcode="write"/>
<opset="write_ln0/61 "/>
</bind>
</comp>

<comp id="2120" class="1004" name="write_ln0_write_fu_2120">
<pin_list>
<pin id="2121" dir="0" index="0" bw="0" slack="0"/>
<pin id="2122" dir="0" index="1" bw="32" slack="0"/>
<pin id="2123" dir="0" index="2" bw="32" slack="0"/>
<pin id="2124" dir="1" index="3" bw="0" slack="2147483647"/>
</pin_list>
<bind>
<opcode="write(1151) " fcode="write"/>
<opset="write_ln0/61 "/>
</bind>
</comp>

<comp id="2127" class="1004" name="write_ln0_write_fu_2127">
<pin_list>
<pin id="2128" dir="0" index="0" bw="0" slack="0"/>
<pin id="2129" dir="0" index="1" bw="32" slack="0"/>
<pin id="2130" dir="0" index="2" bw="32" slack="0"/>
<pin id="2131" dir="1" index="3" bw="0" slack="2147483647"/>
</pin_list>
<bind>
<opcode="write(1151) " fcode="write"/>
<opset="write_ln0/61 "/>
</bind>
</comp>

<comp id="2134" class="1004" name="write_ln0_write_fu_2134">
<pin_list>
<pin id="2135" dir="0" index="0" bw="0" slack="0"/>
<pin id="2136" dir="0" index="1" bw="32" slack="0"/>
<pin id="2137" dir="0" index="2" bw="32" slack="0"/>
<pin id="2138" dir="1" index="3" bw="0" slack="2147483647"/>
</pin_list>
<bind>
<opcode="write(1151) " fcode="write"/>
<opset="write_ln0/61 "/>
</bind>
</comp>

<comp id="2141" class="1004" name="write_ln0_write_fu_2141">
<pin_list>
<pin id="2142" dir="0" index="0" bw="0" slack="0"/>
<pin id="2143" dir="0" index="1" bw="32" slack="0"/>
<pin id="2144" dir="0" index="2" bw="32" slack="0"/>
<pin id="2145" dir="1" index="3" bw="0" slack="2147483647"/>
</pin_list>
<bind>
<opcode="write(1151) " fcode="write"/>
<opset="write_ln0/61 "/>
</bind>
</comp>

<comp id="2148" class="1004" name="write_ln0_write_fu_2148">
<pin_list>
<pin id="2149" dir="0" index="0" bw="0" slack="0"/>
<pin id="2150" dir="0" index="1" bw="32" slack="0"/>
<pin id="2151" dir="0" index="2" bw="32" slack="0"/>
<pin id="2152" dir="1" index="3" bw="0" slack="2147483647"/>
</pin_list>
<bind>
<opcode="write(1151) " fcode="write"/>
<opset="write_ln0/61 "/>
</bind>
</comp>

<comp id="2155" class="1004" name="write_ln0_write_fu_2155">
<pin_list>
<pin id="2156" dir="0" index="0" bw="0" slack="0"/>
<pin id="2157" dir="0" index="1" bw="32" slack="0"/>
<pin id="2158" dir="0" index="2" bw="32" slack="0"/>
<pin id="2159" dir="1" index="3" bw="0" slack="2147483647"/>
</pin_list>
<bind>
<opcode="write(1151) " fcode="write"/>
<opset="write_ln0/61 "/>
</bind>
</comp>

<comp id="2162" class="1004" name="write_ln0_write_fu_2162">
<pin_list>
<pin id="2163" dir="0" index="0" bw="0" slack="0"/>
<pin id="2164" dir="0" index="1" bw="32" slack="0"/>
<pin id="2165" dir="0" index="2" bw="32" slack="0"/>
<pin id="2166" dir="1" index="3" bw="0" slack="2147483647"/>
</pin_list>
<bind>
<opcode="write(1151) " fcode="write"/>
<opset="write_ln0/61 "/>
</bind>
</comp>

<comp id="2169" class="1004" name="write_ln0_write_fu_2169">
<pin_list>
<pin id="2170" dir="0" index="0" bw="0" slack="0"/>
<pin id="2171" dir="0" index="1" bw="32" slack="0"/>
<pin id="2172" dir="0" index="2" bw="32" slack="0"/>
<pin id="2173" dir="1" index="3" bw="0" slack="2147483647"/>
</pin_list>
<bind>
<opcode="write(1151) " fcode="write"/>
<opset="write_ln0/61 "/>
</bind>
</comp>

<comp id="2176" class="1004" name="write_ln0_write_fu_2176">
<pin_list>
<pin id="2177" dir="0" index="0" bw="0" slack="0"/>
<pin id="2178" dir="0" index="1" bw="32" slack="0"/>
<pin id="2179" dir="0" index="2" bw="32" slack="0"/>
<pin id="2180" dir="1" index="3" bw="0" slack="2147483647"/>
</pin_list>
<bind>
<opcode="write(1151) " fcode="write"/>
<opset="write_ln0/61 "/>
</bind>
</comp>

<comp id="2183" class="1004" name="write_ln0_write_fu_2183">
<pin_list>
<pin id="2184" dir="0" index="0" bw="0" slack="0"/>
<pin id="2185" dir="0" index="1" bw="32" slack="0"/>
<pin id="2186" dir="0" index="2" bw="32" slack="0"/>
<pin id="2187" dir="1" index="3" bw="0" slack="2147483647"/>
</pin_list>
<bind>
<opcode="write(1151) " fcode="write"/>
<opset="write_ln0/61 "/>
</bind>
</comp>

<comp id="2190" class="1004" name="scores_addr_gep_fu_2190">
<pin_list>
<pin id="2191" dir="0" index="0" bw="32" slack="0"/>
<pin id="2192" dir="0" index="1" bw="1" slack="0"/>
<pin id="2193" dir="0" index="2" bw="7" slack="0"/>
<pin id="2194" dir="1" index="3" bw="7" slack="0"/>
</pin_list>
<bind>
<opcode="getelementptr(29) " fcode="getelementptr"/>
<opset="scores_addr/1 "/>
</bind>
</comp>

<comp id="2197" class="1004" name="scores_1_addr_gep_fu_2197">
<pin_list>
<pin id="2198" dir="0" index="0" bw="32" slack="0"/>
<pin id="2199" dir="0" index="1" bw="1" slack="0"/>
<pin id="2200" dir="0" index="2" bw="7" slack="0"/>
<pin id="2201" dir="1" index="3" bw="7" slack="0"/>
</pin_list>
<bind>
<opcode="getelementptr(29) " fcode="getelementptr"/>
<opset="scores_1_addr/1 "/>
</bind>
</comp>

<comp id="2204" class="1004" name="scores_2_addr_gep_fu_2204">
<pin_list>
<pin id="2205" dir="0" index="0" bw="32" slack="0"/>
<pin id="2206" dir="0" index="1" bw="1" slack="0"/>
<pin id="2207" dir="0" index="2" bw="7" slack="0"/>
<pin id="2208" dir="1" index="3" bw="7" slack="0"/>
</pin_list>
<bind>
<opcode="getelementptr(29) " fcode="getelementptr"/>
<opset="scores_2_addr/1 "/>
</bind>
</comp>

<comp id="2211" class="1004" name="scores_3_addr_gep_fu_2211">
<pin_list>
<pin id="2212" dir="0" index="0" bw="32" slack="0"/>
<pin id="2213" dir="0" index="1" bw="1" slack="0"/>
<pin id="2214" dir="0" index="2" bw="7" slack="0"/>
<pin id="2215" dir="1" index="3" bw="7" slack="0"/>
</pin_list>
<bind>
<opcode="getelementptr(29) " fcode="getelementptr"/>
<opset="scores_3_addr/1 "/>
</bind>
</comp>

<comp id="2218" class="1004" name="scores_4_addr_gep_fu_2218">
<pin_list>
<pin id="2219" dir="0" index="0" bw="32" slack="0"/>
<pin id="2220" dir="0" index="1" bw="1" slack="0"/>
<pin id="2221" dir="0" index="2" bw="7" slack="0"/>
<pin id="2222" dir="1" index="3" bw="7" slack="0"/>
</pin_list>
<bind>
<opcode="getelementptr(29) " fcode="getelementptr"/>
<opset="scores_4_addr/1 "/>
</bind>
</comp>

<comp id="2225" class="1004" name="scores_5_addr_gep_fu_2225">
<pin_list>
<pin id="2226" dir="0" index="0" bw="32" slack="0"/>
<pin id="2227" dir="0" index="1" bw="1" slack="0"/>
<pin id="2228" dir="0" index="2" bw="7" slack="0"/>
<pin id="2229" dir="1" index="3" bw="7" slack="0"/>
</pin_list>
<bind>
<opcode="getelementptr(29) " fcode="getelementptr"/>
<opset="scores_5_addr/1 "/>
</bind>
</comp>

<comp id="2232" class="1004" name="scores_6_addr_gep_fu_2232">
<pin_list>
<pin id="2233" dir="0" index="0" bw="32" slack="0"/>
<pin id="2234" dir="0" index="1" bw="1" slack="0"/>
<pin id="2235" dir="0" index="2" bw="7" slack="0"/>
<pin id="2236" dir="1" index="3" bw="7" slack="0"/>
</pin_list>
<bind>
<opcode="getelementptr(29) " fcode="getelementptr"/>
<opset="scores_6_addr/1 "/>
</bind>
</comp>

<comp id="2239" class="1004" name="scores_7_addr_gep_fu_2239">
<pin_list>
<pin id="2240" dir="0" index="0" bw="32" slack="0"/>
<pin id="2241" dir="0" index="1" bw="1" slack="0"/>
<pin id="2242" dir="0" index="2" bw="7" slack="0"/>
<pin id="2243" dir="1" index="3" bw="7" slack="0"/>
</pin_list>
<bind>
<opcode="getelementptr(29) " fcode="getelementptr"/>
<opset="scores_7_addr/1 "/>
</bind>
</comp>

<comp id="2246" class="1004" name="grp_access_fu_2246">
<pin_list>
<pin id="2247" dir="0" index="0" bw="7" slack="0"/>
<pin id="2248" dir="0" index="1" bw="32" slack="2147483647"/>
<pin id="2249" dir="0" index="2" bw="0" slack="2147483647"/>
<pin id="2250" dir="1" index="3" bw="32" slack="0"/>
</pin_list>
<bind>
<opcode="load(27) " fcode="load"/>
<opset="scores_load/1 "/>
</bind>
</comp>

<comp id="2252" class="1004" name="grp_access_fu_2252">
<pin_list>
<pin id="2253" dir="0" index="0" bw="7" slack="0"/>
<pin id="2254" dir="0" index="1" bw="32" slack="2147483647"/>
<pin id="2255" dir="0" index="2" bw="0" slack="2147483647"/>
<pin id="2256" dir="1" index="3" bw="32" slack="0"/>
</pin_list>
<bind>
<opcode="load(27) " fcode="load"/>
<opset="scores_1_load/1 "/>
</bind>
</comp>

<comp id="2258" class="1004" name="grp_access_fu_2258">
<pin_list>
<pin id="2259" dir="0" index="0" bw="7" slack="0"/>
<pin id="2260" dir="0" index="1" bw="32" slack="2147483647"/>
<pin id="2261" dir="0" index="2" bw="0" slack="2147483647"/>
<pin id="2262" dir="1" index="3" bw="32" slack="0"/>
</pin_list>
<bind>
<opcode="load(27) " fcode="load"/>
<opset="scores_2_load/1 "/>
</bind>
</comp>

<comp id="2264" class="1004" name="grp_access_fu_2264">
<pin_list>
<pin id="2265" dir="0" index="0" bw="7" slack="0"/>
<pin id="2266" dir="0" index="1" bw="32" slack="2147483647"/>
<pin id="2267" dir="0" index="2" bw="0" slack="2147483647"/>
<pin id="2268" dir="1" index="3" bw="32" slack="0"/>
</pin_list>
<bind>
<opcode="load(27) " fcode="load"/>
<opset="scores_3_load/1 "/>
</bind>
</comp>

<comp id="2270" class="1004" name="grp_access_fu_2270">
<pin_list>
<pin id="2271" dir="0" index="0" bw="7" slack="0"/>
<pin id="2272" dir="0" index="1" bw="32" slack="2147483647"/>
<pin id="2273" dir="0" index="2" bw="0" slack="2147483647"/>
<pin id="2274" dir="1" index="3" bw="32" slack="0"/>
</pin_list>
<bind>
<opcode="load(27) " fcode="load"/>
<opset="scores_4_load/1 "/>
</bind>
</comp>

<comp id="2276" class="1004" name="grp_access_fu_2276">
<pin_list>
<pin id="2277" dir="0" index="0" bw="7" slack="0"/>
<pin id="2278" dir="0" index="1" bw="32" slack="2147483647"/>
<pin id="2279" dir="0" index="2" bw="0" slack="2147483647"/>
<pin id="2280" dir="1" index="3" bw="32" slack="0"/>
</pin_list>
<bind>
<opcode="load(27) " fcode="load"/>
<opset="scores_5_load/1 "/>
</bind>
</comp>

<comp id="2282" class="1004" name="grp_access_fu_2282">
<pin_list>
<pin id="2283" dir="0" index="0" bw="7" slack="0"/>
<pin id="2284" dir="0" index="1" bw="32" slack="2147483647"/>
<pin id="2285" dir="0" index="2" bw="0" slack="2147483647"/>
<pin id="2286" dir="1" index="3" bw="32" slack="0"/>
</pin_list>
<bind>
<opcode="load(27) " fcode="load"/>
<opset="scores_6_load/1 "/>
</bind>
</comp>

<comp id="2288" class="1004" name="grp_access_fu_2288">
<pin_list>
<pin id="2289" dir="0" index="0" bw="7" slack="0"/>
<pin id="2290" dir="0" index="1" bw="32" slack="2147483647"/>
<pin id="2291" dir="0" index="2" bw="0" slack="2147483647"/>
<pin id="2292" dir="1" index="3" bw="32" slack="0"/>
</pin_list>
<bind>
<opcode="load(27) " fcode="load"/>
<opset="scores_7_load/1 "/>
</bind>
</comp>

<comp id="2294" class="1005" name="P_row_128_reg_2294">
<pin_list>
<pin id="2295" dir="0" index="0" bw="32" slack="50"/>
<pin id="2296" dir="1" index="1" bw="32" slack="50"/>
</pin_list>
<bind>
<opset="P_row_128 (phireg) "/>
</bind>
</comp>

<comp id="2298" class="1004" name="P_row_128_phi_fu_2298">
<pin_list>
<pin id="2299" dir="0" index="0" bw="32" slack="1"/>
<pin id="2300" dir="0" index="1" bw="0" slack="2147483647"/>
<pin id="2301" dir="0" index="2" bw="32" slack="50"/>
<pin id="2302" dir="0" index="3" bw="0" slack="2147483647"/>
<pin id="2303" dir="1" index="4" bw="32" slack="0"/>
</pin_list>
<bind>
<opcode="phi(47) " fcode="phi"/>
<opset="P_row_128/62 "/>
</bind>
</comp>

<comp id="2305" class="1004" name="grp_fu_2305">
<pin_list>
<pin id="2306" dir="0" index="0" bw="32" slack="1"/>
<pin id="2307" dir="0" index="1" bw="32" slack="2"/>
<pin id="2308" dir="1" index="2" bw="32" slack="1"/>
</pin_list>
<bind>
<opcode="fsub(11) " fcode="fadd"/>
<opset="x_assign_2/3 "/>
</bind>
</comp>

<comp id="2309" class="1004" name="grp_fu_2309">
<pin_list>
<pin id="2310" dir="0" index="0" bw="32" slack="9"/>
<pin id="2311" dir="0" index="1" bw="32" slack="1"/>
<pin id="2312" dir="1" index="2" bw="32" slack="1"/>
</pin_list>
<bind>
<opcode="fsub(11) " fcode="fadd"/>
<opset="frac/37 "/>
</bind>
</comp>

<comp id="2313" class="1004" name="grp_fu_2313">
<pin_list>
<pin id="2314" dir="0" index="0" bw="32" slack="0"/>
<pin id="2315" dir="0" index="1" bw="32" slack="1"/>
<pin id="2316" dir="1" index="2" bw="32" slack="1"/>
</pin_list>
<bind>
<opcode="fsub(11) " fcode="fadd"/>
<opset="sub11_i/44 "/>
</bind>
</comp>

<comp id="2318" class="1004" name="grp_fu_2318">
<pin_list>
<pin id="2319" dir="0" index="0" bw="32" slack="1"/>
<pin id="2320" dir="0" index="1" bw="32" slack="8"/>
<pin id="2321" dir="1" index="2" bw="32" slack="1"/>
</pin_list>
<bind>
<opcode="fadd(9) " fcode="fadd"/>
<opset="add15_i/55 "/>
</bind>
</comp>

<comp id="2322" class="1004" name="grp_fu_2322">
<pin_list>
<pin id="2323" dir="0" index="0" bw="32" slack="1"/>
<pin id="2324" dir="0" index="1" bw="32" slack="1"/>
<pin id="2325" dir="1" index="2" bw="32" slack="8"/>
</pin_list>
<bind>
<opcode="fmul(13) " fcode="fmul"/>
<opset="mul14_i/44 "/>
</bind>
</comp>

<comp id="2326" class="1004" name="grp_fu_2326">
<pin_list>
<pin id="2327" dir="0" index="0" bw="32" slack="1"/>
<pin id="2328" dir="0" index="1" bw="32" slack="1"/>
<pin id="2329" dir="1" index="2" bw="32" slack="1"/>
</pin_list>
<bind>
<opcode="fmul(13) " fcode="fmul"/>
<opset="mul_i/51 "/>
</bind>
</comp>

<comp id="2330" class="1004" name="grp_fu_2330">
<pin_list>
<pin id="2331" dir="0" index="0" bw="32" slack="1"/>
<pin id="2332" dir="0" index="1" bw="32" slack="0"/>
<pin id="2333" dir="1" index="2" bw="32" slack="1"/>
</pin_list>
<bind>
<opcode="fdiv(16) " fcode="fdiv"/>
<opset="dc/13 "/>
</bind>
</comp>

<comp id="2335" class="1004" name="grp_fu_2335">
<pin_list>
<pin id="2336" dir="0" index="0" bw="32" slack="0"/>
<pin id="2337" dir="1" index="1" bw="32" slack="1"/>
</pin_list>
<bind>
<opcode="sitofp(39) " fcode="sitofp"/>
<opset="conv9_i/31 "/>
</bind>
</comp>

<comp id="2338" class="1004" name="grp_fu_2338">
<pin_list>
<pin id="2339" dir="0" index="0" bw="32" slack="1"/>
<pin id="2340" dir="0" index="1" bw="32" slack="0"/>
<pin id="2341" dir="1" index="2" bw="1" slack="0"/>
</pin_list>
<bind>
<opcode="fcmp(46) " fcode="fcmp"/>
<opset="tmp_135/10 "/>
</bind>
</comp>

<comp id="2343" class="1004" name="grp_fu_2343">
<pin_list>
<pin id="2344" dir="0" index="0" bw="32" slack="2"/>
<pin id="2345" dir="0" index="1" bw="32" slack="0"/>
<pin id="2346" dir="1" index="2" bw="1" slack="0"/>
</pin_list>
<bind>
<opcode="fcmp(46) " fcode="fcmp"/>
<opset="tmp_136/11 "/>
</bind>
</comp>

<comp id="2348" class="1004" name="store_ln0_store_fu_2348">
<pin_list>
<pin id="2349" dir="0" index="0" bw="1" slack="0"/>
<pin id="2350" dir="0" index="1" bw="8" slack="0"/>
<pin id="2351" dir="1" index="2" bw="0" slack="2147483647"/>
</pin_list>
<bind>
<opcode="store(28) " fcode="store"/>
<opset="store_ln0/1 "/>
</bind>
</comp>

<comp id="2353" class="1004" name="j_1_load_fu_2353">
<pin_list>
<pin id="2354" dir="0" index="0" bw="8" slack="0"/>
<pin id="2355" dir="1" index="1" bw="8" slack="0"/>
</pin_list>
<bind>
<opcode="load(27) " fcode="load"/>
<opset="j_1/1 "/>
</bind>
</comp>

<comp id="2356" class="1004" name="icmp_ln168_fu_2356">
<pin_list>
<pin id="2357" dir="0" index="0" bw="8" slack="0"/>
<pin id="2358" dir="0" index="1" bw="8" slack="0"/>
<pin id="2359" dir="1" index="2" bw="1" slack="1"/>
</pin_list>
<bind>
<opcode="icmp(45) " fcode="icmp"/>
<opset="icmp_ln168/1 "/>
</bind>
</comp>

<comp id="2362" class="1004" name="add_ln168_fu_2362">
<pin_list>
<pin id="2363" dir="0" index="0" bw="8" slack="0"/>
<pin id="2364" dir="0" index="1" bw="1" slack="0"/>
<pin id="2365" dir="1" index="2" bw="8" slack="0"/>
</pin_list>
<bind>
<opcode="add(8) " fcode="add"/>
<opset="add_ln168/1 "/>
</bind>
</comp>

<comp id="2368" class="1004" name="trunc_ln168_fu_2368">
<pin_list>
<pin id="2369" dir="0" index="0" bw="8" slack="0"/>
<pin id="2370" dir="1" index="1" bw="7" slack="61"/>
</pin_list>
<bind>
<opcode="trunc(33) " fcode="trunc"/>
<opset="trunc_ln168/1 "/>
</bind>
</comp>

<comp id="2372" class="1004" name="trunc_ln168_1_fu_2372">
<pin_list>
<pin id="2373" dir="0" index="0" bw="8" slack="0"/>
<pin id="2374" dir="1" index="1" bw="3" slack="1"/>
</pin_list>
<bind>
<opcode="trunc(33) " fcode="trunc"/>
<opset="trunc_ln168_1/1 "/>
</bind>
</comp>

<comp id="2376" class="1004" name="lshr_ln3_fu_2376">
<pin_list>
<pin id="2377" dir="0" index="0" bw="4" slack="0"/>
<pin id="2378" dir="0" index="1" bw="8" slack="0"/>
<pin id="2379" dir="0" index="2" bw="3" slack="0"/>
<pin id="2380" dir="0" index="3" bw="4" slack="0"/>
<pin id="2381" dir="1" index="4" bw="4" slack="0"/>
</pin_list>
<bind>
<opcode="partselect(1002) " fcode="partselect"/>
<opset="lshr_ln3/1 "/>
</bind>
</comp>

<comp id="2386" class="1004" name="tmp_s_fu_2386">
<pin_list>
<pin id="2387" dir="0" index="0" bw="7" slack="0"/>
<pin id="2388" dir="0" index="1" bw="3" slack="0"/>
<pin id="2389" dir="0" index="2" bw="4" slack="0"/>
<pin id="2390" dir="1" index="3" bw="7" slack="0"/>
</pin_list>
<bind>
<opcode="bitconcatenate(1004) " fcode="bitconcatenate"/>
<opset="tmp_s/1 "/>
</bind>
</comp>

<comp id="2394" class="1004" name="zext_ln170_fu_2394">
<pin_list>
<pin id="2395" dir="0" index="0" bw="7" slack="0"/>
<pin id="2396" dir="1" index="1" bw="64" slack="0"/>
</pin_list>
<bind>
<opcode="zext(34) " fcode="zext"/>
<opset="zext_ln170/1 "/>
</bind>
</comp>

<comp id="2406" class="1004" name="store_ln168_store_fu_2406">
<pin_list>
<pin id="2407" dir="0" index="0" bw="8" slack="0"/>
<pin id="2408" dir="0" index="1" bw="8" slack="0"/>
<pin id="2409" dir="1" index="2" bw="0" slack="2147483647"/>
</pin_list>
<bind>
<opcode="store(28) " fcode="store"/>
<opset="store_ln168/1 "/>
</bind>
</comp>

<comp id="2411" class="1004" name="tmp_4_fu_2411">
<pin_list>
<pin id="2412" dir="0" index="0" bw="32" slack="0"/>
<pin id="2413" dir="0" index="1" bw="32" slack="0"/>
<pin id="2414" dir="0" index="2" bw="32" slack="0"/>
<pin id="2415" dir="0" index="3" bw="32" slack="0"/>
<pin id="2416" dir="0" index="4" bw="32" slack="0"/>
<pin id="2417" dir="0" index="5" bw="32" slack="0"/>
<pin id="2418" dir="0" index="6" bw="32" slack="0"/>
<pin id="2419" dir="0" index="7" bw="32" slack="0"/>
<pin id="2420" dir="0" index="8" bw="32" slack="0"/>
<pin id="2421" dir="0" index="9" bw="3" slack="1"/>
<pin id="2422" dir="1" index="10" bw="32" slack="1"/>
</pin_list>
<bind>
<opcode="mux(1196) " fcode="mux"/>
<opset="tmp_4/2 "/>
</bind>
</comp>

<comp id="2432" class="1004" name="bitcast_ln32_fu_2432">
<pin_list>
<pin id="2433" dir="0" index="0" bw="32" slack="2"/>
<pin id="2434" dir="1" index="1" bw="32" slack="0"/>
</pin_list>
<bind>
<opcode="bitcast(44) " fcode="bitcast"/>
<opset="bitcast_ln32/11 "/>
</bind>
</comp>

<comp id="2435" class="1004" name="tmp_134_fu_2435">
<pin_list>
<pin id="2436" dir="0" index="0" bw="8" slack="0"/>
<pin id="2437" dir="0" index="1" bw="32" slack="0"/>
<pin id="2438" dir="0" index="2" bw="6" slack="0"/>
<pin id="2439" dir="0" index="3" bw="6" slack="0"/>
<pin id="2440" dir="1" index="4" bw="8" slack="0"/>
</pin_list>
<bind>
<opcode="partselect(1002) " fcode="partselect"/>
<opset="tmp_134/11 "/>
</bind>
</comp>

<comp id="2445" class="1004" name="trunc_ln32_fu_2445">
<pin_list>
<pin id="2446" dir="0" index="0" bw="32" slack="0"/>
<pin id="2447" dir="1" index="1" bw="23" slack="0"/>
</pin_list>
<bind>
<opcode="trunc(33) " fcode="trunc"/>
<opset="trunc_ln32/11 "/>
</bind>
</comp>

<comp id="2449" class="1004" name="icmp_ln32_fu_2449">
<pin_list>
<pin id="2450" dir="0" index="0" bw="8" slack="0"/>
<pin id="2451" dir="0" index="1" bw="8" slack="0"/>
<pin id="2452" dir="1" index="2" bw="1" slack="0"/>
</pin_list>
<bind>
<opcode="icmp(45) " fcode="icmp"/>
<opset="icmp_ln32/11 "/>
</bind>
</comp>

<comp id="2455" class="1004" name="icmp_ln32_1_fu_2455">
<pin_list>
<pin id="2456" dir="0" index="0" bw="23" slack="0"/>
<pin id="2457" dir="0" index="1" bw="23" slack="0"/>
<pin id="2458" dir="1" index="2" bw="1" slack="0"/>
</pin_list>
<bind>
<opcode="icmp(45) " fcode="icmp"/>
<opset="icmp_ln32_1/11 "/>
</bind>
</comp>

<comp id="2461" class="1004" name="or_ln32_fu_2461">
<pin_list>
<pin id="2462" dir="0" index="0" bw="1" slack="0"/>
<pin id="2463" dir="0" index="1" bw="1" slack="0"/>
<pin id="2464" dir="1" index="2" bw="1" slack="0"/>
</pin_list>
<bind>
<opcode="or(24) " fcode="or"/>
<opset="or_ln32/11 "/>
</bind>
</comp>

<comp id="2467" class="1004" name="and_ln32_fu_2467">
<pin_list>
<pin id="2468" dir="0" index="0" bw="1" slack="0"/>
<pin id="2469" dir="0" index="1" bw="1" slack="0"/>
<pin id="2470" dir="1" index="2" bw="1" slack="1"/>
</pin_list>
<bind>
<opcode="and(23) " fcode="and"/>
<opset="and_ln32/11 "/>
</bind>
</comp>

<comp id="2473" class="1004" name="and_ln33_fu_2473">
<pin_list>
<pin id="2474" dir="0" index="0" bw="1" slack="1"/>
<pin id="2475" dir="0" index="1" bw="1" slack="0"/>
<pin id="2476" dir="1" index="2" bw="1" slack="0"/>
</pin_list>
<bind>
<opcode="and(23) " fcode="and"/>
<opset="and_ln33/12 "/>
</bind>
</comp>

<comp id="2478" class="1004" name="xor_ln35_fu_2478">
<pin_list>
<pin id="2479" dir="0" index="0" bw="32" slack="1"/>
<pin id="2480" dir="0" index="1" bw="32" slack="0"/>
<pin id="2481" dir="1" index="2" bw="32" slack="0"/>
</pin_list>
<bind>
<opcode="xor(25) " fcode="xor"/>
<opset="xor_ln35/12 "/>
</bind>
</comp>

<comp id="2483" class="1004" name="bitcast_ln35_fu_2483">
<pin_list>
<pin id="2484" dir="0" index="0" bw="32" slack="0"/>
<pin id="2485" dir="1" index="1" bw="32" slack="0"/>
</pin_list>
<bind>
<opcode="bitcast(44) " fcode="bitcast"/>
<opset="bitcast_ln35/12 "/>
</bind>
</comp>

<comp id="2487" class="1004" name="select_ln35_fu_2487">
<pin_list>
<pin id="2488" dir="0" index="0" bw="1" slack="0"/>
<pin id="2489" dir="0" index="1" bw="32" slack="0"/>
<pin id="2490" dir="0" index="2" bw="32" slack="0"/>
<pin id="2491" dir="1" index="3" bw="32" slack="1"/>
</pin_list>
<bind>
<opcode="select(49) " fcode="select"/>
<opset="select_ln35/12 "/>
</bind>
</comp>

<comp id="2495" class="1004" name="data_V_fu_2495">
<pin_list>
<pin id="2496" dir="0" index="0" bw="32" slack="1"/>
<pin id="2497" dir="1" index="1" bw="32" slack="0"/>
</pin_list>
<bind>
<opcode="bitcast(44) " fcode="bitcast"/>
<opset="data_V/29 "/>
</bind>
</comp>

<comp id="2498" class="1004" name="p_Result_s_fu_2498">
<pin_list>
<pin id="2499" dir="0" index="0" bw="1" slack="0"/>
<pin id="2500" dir="0" index="1" bw="32" slack="0"/>
<pin id="2501" dir="0" index="2" bw="6" slack="0"/>
<pin id="2502" dir="1" index="3" bw="1" slack="1"/>
</pin_list>
<bind>
<opcode="bitselect(1000) " fcode="bitselect"/>
<opset="p_Result_s/29 "/>
</bind>
</comp>

<comp id="2506" class="1004" name="xs_exp_V_fu_2506">
<pin_list>
<pin id="2507" dir="0" index="0" bw="8" slack="0"/>
<pin id="2508" dir="0" index="1" bw="32" slack="0"/>
<pin id="2509" dir="0" index="2" bw="6" slack="0"/>
<pin id="2510" dir="0" index="3" bw="6" slack="0"/>
<pin id="2511" dir="1" index="4" bw="8" slack="0"/>
</pin_list>
<bind>
<opcode="partselect(1002) " fcode="partselect"/>
<opset="xs_exp_V/29 "/>
</bind>
</comp>

<comp id="2516" class="1004" name="p_Result_1_fu_2516">
<pin_list>
<pin id="2517" dir="0" index="0" bw="32" slack="0"/>
<pin id="2518" dir="1" index="1" bw="23" slack="0"/>
</pin_list>
<bind>
<opcode="trunc(33) " fcode="trunc"/>
<opset="p_Result_1/29 "/>
</bind>
</comp>

<comp id="2520" class="1004" name="mantissa_fu_2520">
<pin_list>
<pin id="2521" dir="0" index="0" bw="25" slack="0"/>
<pin id="2522" dir="0" index="1" bw="1" slack="0"/>
<pin id="2523" dir="0" index="2" bw="23" slack="0"/>
<pin id="2524" dir="0" index="3" bw="1" slack="0"/>
<pin id="2525" dir="1" index="4" bw="25" slack="0"/>
</pin_list>
<bind>
<opcode="bitconcatenate(1004) " fcode="bitconcatenate"/>
<opset="mantissa/29 "/>
</bind>
</comp>

<comp id="2530" class="1004" name="zext_ln15_fu_2530">
<pin_list>
<pin id="2531" dir="0" index="0" bw="25" slack="0"/>
<pin id="2532" dir="1" index="1" bw="79" slack="0"/>
</pin_list>
<bind>
<opcode="zext(34) " fcode="zext"/>
<opset="zext_ln15/29 "/>
</bind>
</comp>

<comp id="2534" class="1004" name="zext_ln346_fu_2534">
<pin_list>
<pin id="2535" dir="0" index="0" bw="8" slack="0"/>
<pin id="2536" dir="1" index="1" bw="9" slack="0"/>
</pin_list>
<bind>
<opcode="zext(34) " fcode="zext"/>
<opset="zext_ln346/29 "/>
</bind>
</comp>

<comp id="2538" class="1004" name="add_ln346_fu_2538">
<pin_list>
<pin id="2539" dir="0" index="0" bw="8" slack="0"/>
<pin id="2540" dir="0" index="1" bw="8" slack="0"/>
<pin id="2541" dir="1" index="2" bw="9" slack="0"/>
</pin_list>
<bind>
<opcode="add(8) " fcode="add"/>
<opset="add_ln346/29 "/>
</bind>
</comp>

<comp id="2544" class="1004" name="isNeg_fu_2544">
<pin_list>
<pin id="2545" dir="0" index="0" bw="1" slack="0"/>
<pin id="2546" dir="0" index="1" bw="9" slack="0"/>
<pin id="2547" dir="0" index="2" bw="5" slack="0"/>
<pin id="2548" dir="1" index="3" bw="1" slack="0"/>
</pin_list>
<bind>
<opcode="bitselect(1000) " fcode="bitselect"/>
<opset="isNeg/29 "/>
</bind>
</comp>

<comp id="2552" class="1004" name="sub_ln1512_fu_2552">
<pin_list>
<pin id="2553" dir="0" index="0" bw="8" slack="0"/>
<pin id="2554" dir="0" index="1" bw="8" slack="0"/>
<pin id="2555" dir="1" index="2" bw="8" slack="0"/>
</pin_list>
<bind>
<opcode="sub(10) " fcode="sub"/>
<opset="sub_ln1512/29 "/>
</bind>
</comp>

<comp id="2558" class="1004" name="sext_ln1512_fu_2558">
<pin_list>
<pin id="2559" dir="0" index="0" bw="8" slack="0"/>
<pin id="2560" dir="1" index="1" bw="9" slack="0"/>
</pin_list>
<bind>
<opcode="sext(35) " fcode="sext"/>
<opset="sext_ln1512/29 "/>
</bind>
</comp>

<comp id="2562" class="1004" name="ush_fu_2562">
<pin_list>
<pin id="2563" dir="0" index="0" bw="1" slack="0"/>
<pin id="2564" dir="0" index="1" bw="9" slack="0"/>
<pin id="2565" dir="0" index="2" bw="9" slack="0"/>
<pin id="2566" dir="1" index="3" bw="9" slack="0"/>
</pin_list>
<bind>
<opcode="select(49) " fcode="select"/>
<opset="ush/29 "/>
</bind>
</comp>

<comp id="2570" class="1004" name="sext_ln1488_fu_2570">
<pin_list>
<pin id="2571" dir="0" index="0" bw="9" slack="0"/>
<pin id="2572" dir="1" index="1" bw="32" slack="0"/>
</pin_list>
<bind>
<opcode="sext(35) " fcode="sext"/>
<opset="sext_ln1488/29 "/>
</bind>
</comp>

<comp id="2574" class="1004" name="zext_ln1488_fu_2574">
<pin_list>
<pin id="2575" dir="0" index="0" bw="9" slack="0"/>
<pin id="2576" dir="1" index="1" bw="79" slack="0"/>
</pin_list>
<bind>
<opcode="zext(34) " fcode="zext"/>
<opset="zext_ln1488/29 "/>
</bind>
</comp>

<comp id="2578" class="1004" name="r_V_fu_2578">
<pin_list>
<pin id="2579" dir="0" index="0" bw="25" slack="0"/>
<pin id="2580" dir="0" index="1" bw="32" slack="0"/>
<pin id="2581" dir="1" index="2" bw="79" slack="0"/>
</pin_list>
<bind>
<opcode="lshr(21) " fcode="lshr"/>
<opset="r_V/29 "/>
</bind>
</comp>

<comp id="2584" class="1004" name="r_V_1_fu_2584">
<pin_list>
<pin id="2585" dir="0" index="0" bw="25" slack="0"/>
<pin id="2586" dir="0" index="1" bw="32" slack="0"/>
<pin id="2587" dir="1" index="2" bw="79" slack="0"/>
</pin_list>
<bind>
<opcode="shl(20) " fcode="shl"/>
<opset="r_V_1/29 "/>
</bind>
</comp>

<comp id="2590" class="1004" name="tmp_fu_2590">
<pin_list>
<pin id="2591" dir="0" index="0" bw="1" slack="0"/>
<pin id="2592" dir="0" index="1" bw="79" slack="0"/>
<pin id="2593" dir="0" index="2" bw="6" slack="0"/>
<pin id="2594" dir="1" index="3" bw="1" slack="0"/>
</pin_list>
<bind>
<opcode="bitselect(1000) " fcode="bitselect"/>
<opset="tmp/29 "/>
</bind>
</comp>

<comp id="2598" class="1004" name="zext_ln818_fu_2598">
<pin_list>
<pin id="2599" dir="0" index="0" bw="1" slack="0"/>
<pin id="2600" dir="1" index="1" bw="32" slack="0"/>
</pin_list>
<bind>
<opcode="zext(34) " fcode="zext"/>
<opset="zext_ln818/29 "/>
</bind>
</comp>

<comp id="2602" class="1004" name="tmp_137_fu_2602">
<pin_list>
<pin id="2603" dir="0" index="0" bw="32" slack="0"/>
<pin id="2604" dir="0" index="1" bw="79" slack="0"/>
<pin id="2605" dir="0" index="2" bw="6" slack="0"/>
<pin id="2606" dir="0" index="3" bw="7" slack="0"/>
<pin id="2607" dir="1" index="4" bw="32" slack="0"/>
</pin_list>
<bind>
<opcode="partselect(1002) " fcode="partselect"/>
<opset="tmp_137/29 "/>
</bind>
</comp>

<comp id="2612" class="1004" name="val_fu_2612">
<pin_list>
<pin id="2613" dir="0" index="0" bw="1" slack="0"/>
<pin id="2614" dir="0" index="1" bw="32" slack="0"/>
<pin id="2615" dir="0" index="2" bw="32" slack="0"/>
<pin id="2616" dir="1" index="3" bw="32" slack="1"/>
</pin_list>
<bind>
<opcode="select(49) " fcode="select"/>
<opset="val/29 "/>
</bind>
</comp>

<comp id="2620" class="1004" name="result_V_2_fu_2620">
<pin_list>
<pin id="2621" dir="0" index="0" bw="1" slack="0"/>
<pin id="2622" dir="0" index="1" bw="32" slack="1"/>
<pin id="2623" dir="1" index="2" bw="32" slack="0"/>
</pin_list>
<bind>
<opcode="sub(10) " fcode="sub"/>
<opset="result_V_2/30 "/>
</bind>
</comp>

<comp id="2625" class="1004" name="result_V_fu_2625">
<pin_list>
<pin id="2626" dir="0" index="0" bw="1" slack="1"/>
<pin id="2627" dir="0" index="1" bw="32" slack="0"/>
<pin id="2628" dir="0" index="2" bw="32" slack="1"/>
<pin id="2629" dir="1" index="3" bw="32" slack="0"/>
</pin_list>
<bind>
<opcode="select(49) " fcode="select"/>
<opset="result_V/30 "/>
</bind>
</comp>

<comp id="2631" class="1004" name="tmp_1_fu_2631">
<pin_list>
<pin id="2632" dir="0" index="0" bw="26" slack="0"/>
<pin id="2633" dir="0" index="1" bw="32" slack="0"/>
<pin id="2634" dir="0" index="2" bw="4" slack="0"/>
<pin id="2635" dir="0" index="3" bw="6" slack="0"/>
<pin id="2636" dir="1" index="4" bw="26" slack="0"/>
</pin_list>
<bind>
<opcode="partselect(1002) " fcode="partselect"/>
<opset="tmp_1/30 "/>
</bind>
</comp>

<comp id="2641" class="1004" name="icmp_ln36_fu_2641">
<pin_list>
<pin id="2642" dir="0" index="0" bw="26" slack="0"/>
<pin id="2643" dir="0" index="1" bw="26" slack="0"/>
<pin id="2644" dir="1" index="2" bw="1" slack="1"/>
</pin_list>
<bind>
<opcode="icmp(45) " fcode="icmp"/>
<opset="icmp_ln36/30 "/>
</bind>
</comp>

<comp id="2647" class="1004" name="idx_1_fu_2647">
<pin_list>
<pin id="2648" dir="0" index="0" bw="1" slack="1"/>
<pin id="2649" dir="0" index="1" bw="32" slack="0"/>
<pin id="2650" dir="0" index="2" bw="32" slack="1"/>
<pin id="2651" dir="1" index="3" bw="32" slack="0"/>
</pin_list>
<bind>
<opcode="select(49) " fcode="select"/>
<opset="idx_1/31 "/>
</bind>
</comp>

<comp id="2654" class="1004" name="trunc_ln35_fu_2654">
<pin_list>
<pin id="2655" dir="0" index="0" bw="32" slack="0"/>
<pin id="2656" dir="1" index="1" bw="7" slack="12"/>
</pin_list>
<bind>
<opcode="trunc(33) " fcode="trunc"/>
<opset="trunc_ln35/31 "/>
</bind>
</comp>

<comp id="2658" class="1004" name="tmp_6_fu_2658">
<pin_list>
<pin id="2659" dir="0" index="0" bw="32" slack="0"/>
<pin id="2660" dir="0" index="1" bw="32" slack="0"/>
<pin id="2661" dir="0" index="2" bw="32" slack="0"/>
<pin id="2662" dir="0" index="3" bw="32" slack="0"/>
<pin id="2663" dir="0" index="4" bw="32" slack="0"/>
<pin id="2664" dir="0" index="5" bw="32" slack="0"/>
<pin id="2665" dir="0" index="6" bw="32" slack="0"/>
<pin id="2666" dir="0" index="7" bw="32" slack="0"/>
<pin id="2667" dir="0" index="8" bw="32" slack="0"/>
<pin id="2668" dir="0" index="9" bw="32" slack="0"/>
<pin id="2669" dir="0" index="10" bw="32" slack="0"/>
<pin id="2670" dir="0" index="11" bw="32" slack="0"/>
<pin id="2671" dir="0" index="12" bw="32" slack="0"/>
<pin id="2672" dir="0" index="13" bw="32" slack="0"/>
<pin id="2673" dir="0" index="14" bw="32" slack="0"/>
<pin id="2674" dir="0" index="15" bw="32" slack="0"/>
<pin id="2675" dir="0" index="16" bw="32" slack="0"/>
<pin id="2676" dir="0" index="17" bw="32" slack="0"/>
<pin id="2677" dir="0" index="18" bw="32" slack="0"/>
<pin id="2678" dir="0" index="19" bw="32" slack="0"/>
<pin id="2679" dir="0" index="20" bw="32" slack="0"/>
<pin id="2680" dir="0" index="21" bw="32" slack="0"/>
<pin id="2681" dir="0" index="22" bw="32" slack="0"/>
<pin id="2682" dir="0" index="23" bw="32" slack="0"/>
<pin id="2683" dir="0" index="24" bw="32" slack="0"/>
<pin id="2684" dir="0" index="25" bw="32" slack="0"/>
<pin id="2685" dir="0" index="26" bw="32" slack="0"/>
<pin id="2686" dir="0" index="27" bw="32" slack="0"/>
<pin id="2687" dir="0" index="28" bw="32" slack="0"/>
<pin id="2688" dir="0" index="29" bw="32" slack="0"/>
<pin id="2689" dir="0" index="30" bw="32" slack="0"/>
<pin id="2690" dir="0" index="31" bw="32" slack="0"/>
<pin id="2691" dir="0" index="32" bw="32" slack="0"/>
<pin id="2692" dir="0" index="33" bw="32" slack="0"/>
<pin id="2693" dir="0" index="34" bw="32" slack="0"/>
<pin id="2694" dir="0" index="35" bw="32" slack="0"/>
<pin id="2695" dir="0" index="36" bw="32" slack="0"/>
<pin id="2696" dir="0" index="37" bw="32" slack="0"/>
<pin id="2697" dir="0" index="38" bw="32" slack="0"/>
<pin id="2698" dir="0" index="39" bw="32" slack="0"/>
<pin id="2699" dir="0" index="40" bw="32" slack="0"/>
<pin id="2700" dir="0" index="41" bw="32" slack="0"/>
<pin id="2701" dir="0" index="42" bw="32" slack="0"/>
<pin id="2702" dir="0" index="43" bw="32" slack="0"/>
<pin id="2703" dir="0" index="44" bw="32" slack="0"/>
<pin id="2704" dir="0" index="45" bw="32" slack="0"/>
<pin id="2705" dir="0" index="46" bw="32" slack="0"/>
<pin id="2706" dir="0" index="47" bw="32" slack="0"/>
<pin id="2707" dir="0" index="48" bw="32" slack="0"/>
<pin id="2708" dir="0" index="49" bw="32" slack="0"/>
<pin id="2709" dir="0" index="50" bw="32" slack="0"/>
<pin id="2710" dir="0" index="51" bw="32" slack="0"/>
<pin id="2711" dir="0" index="52" bw="32" slack="0"/>
<pin id="2712" dir="0" index="53" bw="32" slack="0"/>
<pin id="2713" dir="0" index="54" bw="32" slack="0"/>
<pin id="2714" dir="0" index="55" bw="32" slack="0"/>
<pin id="2715" dir="0" index="56" bw="32" slack="0"/>
<pin id="2716" dir="0" index="57" bw="32" slack="0"/>
<pin id="2717" dir="0" index="58" bw="32" slack="0"/>
<pin id="2718" dir="0" index="59" bw="32" slack="0"/>
<pin id="2719" dir="0" index="60" bw="32" slack="0"/>
<pin id="2720" dir="0" index="61" bw="32" slack="0"/>
<pin id="2721" dir="0" index="62" bw="32" slack="0"/>
<pin id="2722" dir="0" index="63" bw="32" slack="0"/>
<pin id="2723" dir="0" index="64" bw="32" slack="0"/>
<pin id="2724" dir="0" index="65" bw="32" slack="0"/>
<pin id="2725" dir="0" index="66" bw="32" slack="0"/>
<pin id="2726" dir="0" index="67" bw="32" slack="0"/>
<pin id="2727" dir="0" index="68" bw="32" slack="0"/>
<pin id="2728" dir="0" index="69" bw="32" slack="0"/>
<pin id="2729" dir="0" index="70" bw="32" slack="0"/>
<pin id="2730" dir="0" index="71" bw="32" slack="0"/>
<pin id="2731" dir="0" index="72" bw="32" slack="0"/>
<pin id="2732" dir="0" index="73" bw="32" slack="0"/>
<pin id="2733" dir="0" index="74" bw="32" slack="0"/>
<pin id="2734" dir="0" index="75" bw="32" slack="0"/>
<pin id="2735" dir="0" index="76" bw="32" slack="0"/>
<pin id="2736" dir="0" index="77" bw="32" slack="0"/>
<pin id="2737" dir="0" index="78" bw="32" slack="0"/>
<pin id="2738" dir="0" index="79" bw="32" slack="0"/>
<pin id="2739" dir="0" index="80" bw="32" slack="0"/>
<pin id="2740" dir="0" index="81" bw="32" slack="0"/>
<pin id="2741" dir="0" index="82" bw="32" slack="0"/>
<pin id="2742" dir="0" index="83" bw="32" slack="0"/>
<pin id="2743" dir="0" index="84" bw="32" slack="0"/>
<pin id="2744" dir="0" index="85" bw="32" slack="0"/>
<pin id="2745" dir="0" index="86" bw="32" slack="0"/>
<pin id="2746" dir="0" index="87" bw="32" slack="0"/>
<pin id="2747" dir="0" index="88" bw="32" slack="0"/>
<pin id="2748" dir="0" index="89" bw="32" slack="0"/>
<pin id="2749" dir="0" index="90" bw="32" slack="0"/>
<pin id="2750" dir="0" index="91" bw="32" slack="0"/>
<pin id="2751" dir="0" index="92" bw="32" slack="0"/>
<pin id="2752" dir="0" index="93" bw="32" slack="0"/>
<pin id="2753" dir="0" index="94" bw="32" slack="0"/>
<pin id="2754" dir="0" index="95" bw="32" slack="0"/>
<pin id="2755" dir="0" index="96" bw="32" slack="0"/>
<pin id="2756" dir="0" index="97" bw="32" slack="0"/>
<pin id="2757" dir="0" index="98" bw="32" slack="0"/>
<pin id="2758" dir="0" index="99" bw="32" slack="0"/>
<pin id="2759" dir="0" index="100" bw="32" slack="0"/>
<pin id="2760" dir="0" index="101" bw="32" slack="0"/>
<pin id="2761" dir="0" index="102" bw="32" slack="0"/>
<pin id="2762" dir="0" index="103" bw="32" slack="0"/>
<pin id="2763" dir="0" index="104" bw="32" slack="0"/>
<pin id="2764" dir="0" index="105" bw="32" slack="0"/>
<pin id="2765" dir="0" index="106" bw="32" slack="0"/>
<pin id="2766" dir="0" index="107" bw="32" slack="0"/>
<pin id="2767" dir="0" index="108" bw="32" slack="0"/>
<pin id="2768" dir="0" index="109" bw="32" slack="0"/>
<pin id="2769" dir="0" index="110" bw="32" slack="0"/>
<pin id="2770" dir="0" index="111" bw="32" slack="0"/>
<pin id="2771" dir="0" index="112" bw="32" slack="0"/>
<pin id="2772" dir="0" index="113" bw="32" slack="0"/>
<pin id="2773" dir="0" index="114" bw="32" slack="0"/>
<pin id="2774" dir="0" index="115" bw="32" slack="0"/>
<pin id="2775" dir="0" index="116" bw="32" slack="0"/>
<pin id="2776" dir="0" index="117" bw="32" slack="0"/>
<pin id="2777" dir="0" index="118" bw="32" slack="0"/>
<pin id="2778" dir="0" index="119" bw="32" slack="0"/>
<pin id="2779" dir="0" index="120" bw="32" slack="0"/>
<pin id="2780" dir="0" index="121" bw="32" slack="0"/>
<pin id="2781" dir="0" index="122" bw="32" slack="0"/>
<pin id="2782" dir="0" index="123" bw="32" slack="0"/>
<pin id="2783" dir="0" index="124" bw="32" slack="0"/>
<pin id="2784" dir="0" index="125" bw="32" slack="0"/>
<pin id="2785" dir="0" index="126" bw="32" slack="0"/>
<pin id="2786" dir="0" index="127" bw="32" slack="0"/>
<pin id="2787" dir="0" index="128" bw="32" slack="0"/>
<pin id="2788" dir="0" index="129" bw="7" slack="12"/>
<pin id="2789" dir="1" index="130" bw="32" slack="1"/>
</pin_list>
<bind>
<opcode="mux(1196) " fcode="mux"/>
<opset="tmp_6/43 "/>
</bind>
</comp>

<comp id="2919" class="1004" name="tmp_5_fu_2919">
<pin_list>
<pin id="2920" dir="0" index="0" bw="32" slack="0"/>
<pin id="2921" dir="0" index="1" bw="32" slack="0"/>
<pin id="2922" dir="0" index="2" bw="32" slack="0"/>
<pin id="2923" dir="0" index="3" bw="32" slack="0"/>
<pin id="2924" dir="0" index="4" bw="32" slack="0"/>
<pin id="2925" dir="0" index="5" bw="32" slack="0"/>
<pin id="2926" dir="0" index="6" bw="32" slack="0"/>
<pin id="2927" dir="0" index="7" bw="32" slack="0"/>
<pin id="2928" dir="0" index="8" bw="32" slack="0"/>
<pin id="2929" dir="0" index="9" bw="32" slack="0"/>
<pin id="2930" dir="0" index="10" bw="32" slack="0"/>
<pin id="2931" dir="0" index="11" bw="32" slack="0"/>
<pin id="2932" dir="0" index="12" bw="32" slack="0"/>
<pin id="2933" dir="0" index="13" bw="32" slack="0"/>
<pin id="2934" dir="0" index="14" bw="32" slack="0"/>
<pin id="2935" dir="0" index="15" bw="32" slack="0"/>
<pin id="2936" dir="0" index="16" bw="32" slack="0"/>
<pin id="2937" dir="0" index="17" bw="32" slack="0"/>
<pin id="2938" dir="0" index="18" bw="32" slack="0"/>
<pin id="2939" dir="0" index="19" bw="32" slack="0"/>
<pin id="2940" dir="0" index="20" bw="32" slack="0"/>
<pin id="2941" dir="0" index="21" bw="32" slack="0"/>
<pin id="2942" dir="0" index="22" bw="32" slack="0"/>
<pin id="2943" dir="0" index="23" bw="32" slack="0"/>
<pin id="2944" dir="0" index="24" bw="32" slack="0"/>
<pin id="2945" dir="0" index="25" bw="32" slack="0"/>
<pin id="2946" dir="0" index="26" bw="32" slack="0"/>
<pin id="2947" dir="0" index="27" bw="32" slack="0"/>
<pin id="2948" dir="0" index="28" bw="32" slack="0"/>
<pin id="2949" dir="0" index="29" bw="32" slack="0"/>
<pin id="2950" dir="0" index="30" bw="32" slack="0"/>
<pin id="2951" dir="0" index="31" bw="32" slack="0"/>
<pin id="2952" dir="0" index="32" bw="32" slack="0"/>
<pin id="2953" dir="0" index="33" bw="32" slack="0"/>
<pin id="2954" dir="0" index="34" bw="32" slack="0"/>
<pin id="2955" dir="0" index="35" bw="32" slack="0"/>
<pin id="2956" dir="0" index="36" bw="32" slack="0"/>
<pin id="2957" dir="0" index="37" bw="32" slack="0"/>
<pin id="2958" dir="0" index="38" bw="32" slack="0"/>
<pin id="2959" dir="0" index="39" bw="32" slack="0"/>
<pin id="2960" dir="0" index="40" bw="32" slack="0"/>
<pin id="2961" dir="0" index="41" bw="32" slack="0"/>
<pin id="2962" dir="0" index="42" bw="32" slack="0"/>
<pin id="2963" dir="0" index="43" bw="32" slack="0"/>
<pin id="2964" dir="0" index="44" bw="32" slack="0"/>
<pin id="2965" dir="0" index="45" bw="32" slack="0"/>
<pin id="2966" dir="0" index="46" bw="32" slack="0"/>
<pin id="2967" dir="0" index="47" bw="32" slack="0"/>
<pin id="2968" dir="0" index="48" bw="32" slack="0"/>
<pin id="2969" dir="0" index="49" bw="32" slack="0"/>
<pin id="2970" dir="0" index="50" bw="32" slack="0"/>
<pin id="2971" dir="0" index="51" bw="32" slack="0"/>
<pin id="2972" dir="0" index="52" bw="32" slack="0"/>
<pin id="2973" dir="0" index="53" bw="32" slack="0"/>
<pin id="2974" dir="0" index="54" bw="32" slack="0"/>
<pin id="2975" dir="0" index="55" bw="32" slack="0"/>
<pin id="2976" dir="0" index="56" bw="32" slack="0"/>
<pin id="2977" dir="0" index="57" bw="32" slack="0"/>
<pin id="2978" dir="0" index="58" bw="32" slack="0"/>
<pin id="2979" dir="0" index="59" bw="32" slack="0"/>
<pin id="2980" dir="0" index="60" bw="32" slack="0"/>
<pin id="2981" dir="0" index="61" bw="32" slack="0"/>
<pin id="2982" dir="0" index="62" bw="32" slack="0"/>
<pin id="2983" dir="0" index="63" bw="32" slack="0"/>
<pin id="2984" dir="0" index="64" bw="32" slack="0"/>
<pin id="2985" dir="0" index="65" bw="32" slack="19"/>
<pin id="2986" dir="1" index="66" bw="32" slack="1"/>
</pin_list>
<bind>
<opcode="mux(1196) " fcode="mux"/>
<opset="tmp_5/50 "/>
</bind>
</comp>

<comp id="3052" class="1004" name="store_ln170_store_fu_3052">
<pin_list>
<pin id="3053" dir="0" index="0" bw="32" slack="0"/>
<pin id="3054" dir="0" index="1" bw="32" slack="61"/>
<pin id="3055" dir="1" index="2" bw="0" slack="2147483647"/>
</pin_list>
<bind>
<opcode="store(28) " fcode="store"/>
<opset="store_ln170/62 "/>
</bind>
</comp>

<comp id="3057" class="1004" name="store_ln170_store_fu_3057">
<pin_list>
<pin id="3058" dir="0" index="0" bw="32" slack="0"/>
<pin id="3059" dir="0" index="1" bw="32" slack="61"/>
<pin id="3060" dir="1" index="2" bw="0" slack="2147483647"/>
</pin_list>
<bind>
<opcode="store(28) " fcode="store"/>
<opset="store_ln170/62 "/>
</bind>
</comp>

<comp id="3062" class="1004" name="store_ln170_store_fu_3062">
<pin_list>
<pin id="3063" dir="0" index="0" bw="32" slack="0"/>
<pin id="3064" dir="0" index="1" bw="32" slack="61"/>
<pin id="3065" dir="1" index="2" bw="0" slack="2147483647"/>
</pin_list>
<bind>
<opcode="store(28) " fcode="store"/>
<opset="store_ln170/62 "/>
</bind>
</comp>

<comp id="3067" class="1004" name="store_ln170_store_fu_3067">
<pin_list>
<pin id="3068" dir="0" index="0" bw="32" slack="0"/>
<pin id="3069" dir="0" index="1" bw="32" slack="61"/>
<pin id="3070" dir="1" index="2" bw="0" slack="2147483647"/>
</pin_list>
<bind>
<opcode="store(28) " fcode="store"/>
<opset="store_ln170/62 "/>
</bind>
</comp>

<comp id="3072" class="1004" name="store_ln170_store_fu_3072">
<pin_list>
<pin id="3073" dir="0" index="0" bw="32" slack="0"/>
<pin id="3074" dir="0" index="1" bw="32" slack="61"/>
<pin id="3075" dir="1" index="2" bw="0" slack="2147483647"/>
</pin_list>
<bind>
<opcode="store(28) " fcode="store"/>
<opset="store_ln170/62 "/>
</bind>
</comp>

<comp id="3077" class="1004" name="store_ln170_store_fu_3077">
<pin_list>
<pin id="3078" dir="0" index="0" bw="32" slack="0"/>
<pin id="3079" dir="0" index="1" bw="32" slack="61"/>
<pin id="3080" dir="1" index="2" bw="0" slack="2147483647"/>
</pin_list>
<bind>
<opcode="store(28) " fcode="store"/>
<opset="store_ln170/62 "/>
</bind>
</comp>

<comp id="3082" class="1004" name="store_ln170_store_fu_3082">
<pin_list>
<pin id="3083" dir="0" index="0" bw="32" slack="0"/>
<pin id="3084" dir="0" index="1" bw="32" slack="61"/>
<pin id="3085" dir="1" index="2" bw="0" slack="2147483647"/>
</pin_list>
<bind>
<opcode="store(28) " fcode="store"/>
<opset="store_ln170/62 "/>
</bind>
</comp>

<comp id="3087" class="1004" name="store_ln170_store_fu_3087">
<pin_list>
<pin id="3088" dir="0" index="0" bw="32" slack="0"/>
<pin id="3089" dir="0" index="1" bw="32" slack="61"/>
<pin id="3090" dir="1" index="2" bw="0" slack="2147483647"/>
</pin_list>
<bind>
<opcode="store(28) " fcode="store"/>
<opset="store_ln170/62 "/>
</bind>
</comp>

<comp id="3092" class="1004" name="store_ln170_store_fu_3092">
<pin_list>
<pin id="3093" dir="0" index="0" bw="32" slack="0"/>
<pin id="3094" dir="0" index="1" bw="32" slack="61"/>
<pin id="3095" dir="1" index="2" bw="0" slack="2147483647"/>
</pin_list>
<bind>
<opcode="store(28) " fcode="store"/>
<opset="store_ln170/62 "/>
</bind>
</comp>

<comp id="3097" class="1004" name="store_ln170_store_fu_3097">
<pin_list>
<pin id="3098" dir="0" index="0" bw="32" slack="0"/>
<pin id="3099" dir="0" index="1" bw="32" slack="61"/>
<pin id="3100" dir="1" index="2" bw="0" slack="2147483647"/>
</pin_list>
<bind>
<opcode="store(28) " fcode="store"/>
<opset="store_ln170/62 "/>
</bind>
</comp>

<comp id="3102" class="1004" name="store_ln170_store_fu_3102">
<pin_list>
<pin id="3103" dir="0" index="0" bw="32" slack="0"/>
<pin id="3104" dir="0" index="1" bw="32" slack="61"/>
<pin id="3105" dir="1" index="2" bw="0" slack="2147483647"/>
</pin_list>
<bind>
<opcode="store(28) " fcode="store"/>
<opset="store_ln170/62 "/>
</bind>
</comp>

<comp id="3107" class="1004" name="store_ln170_store_fu_3107">
<pin_list>
<pin id="3108" dir="0" index="0" bw="32" slack="0"/>
<pin id="3109" dir="0" index="1" bw="32" slack="61"/>
<pin id="3110" dir="1" index="2" bw="0" slack="2147483647"/>
</pin_list>
<bind>
<opcode="store(28) " fcode="store"/>
<opset="store_ln170/62 "/>
</bind>
</comp>

<comp id="3112" class="1004" name="store_ln170_store_fu_3112">
<pin_list>
<pin id="3113" dir="0" index="0" bw="32" slack="0"/>
<pin id="3114" dir="0" index="1" bw="32" slack="61"/>
<pin id="3115" dir="1" index="2" bw="0" slack="2147483647"/>
</pin_list>
<bind>
<opcode="store(28) " fcode="store"/>
<opset="store_ln170/62 "/>
</bind>
</comp>

<comp id="3117" class="1004" name="store_ln170_store_fu_3117">
<pin_list>
<pin id="3118" dir="0" index="0" bw="32" slack="0"/>
<pin id="3119" dir="0" index="1" bw="32" slack="61"/>
<pin id="3120" dir="1" index="2" bw="0" slack="2147483647"/>
</pin_list>
<bind>
<opcode="store(28) " fcode="store"/>
<opset="store_ln170/62 "/>
</bind>
</comp>

<comp id="3122" class="1004" name="store_ln170_store_fu_3122">
<pin_list>
<pin id="3123" dir="0" index="0" bw="32" slack="0"/>
<pin id="3124" dir="0" index="1" bw="32" slack="61"/>
<pin id="3125" dir="1" index="2" bw="0" slack="2147483647"/>
</pin_list>
<bind>
<opcode="store(28) " fcode="store"/>
<opset="store_ln170/62 "/>
</bind>
</comp>

<comp id="3127" class="1004" name="store_ln170_store_fu_3127">
<pin_list>
<pin id="3128" dir="0" index="0" bw="32" slack="0"/>
<pin id="3129" dir="0" index="1" bw="32" slack="61"/>
<pin id="3130" dir="1" index="2" bw="0" slack="2147483647"/>
</pin_list>
<bind>
<opcode="store(28) " fcode="store"/>
<opset="store_ln170/62 "/>
</bind>
</comp>

<comp id="3132" class="1004" name="store_ln170_store_fu_3132">
<pin_list>
<pin id="3133" dir="0" index="0" bw="32" slack="0"/>
<pin id="3134" dir="0" index="1" bw="32" slack="61"/>
<pin id="3135" dir="1" index="2" bw="0" slack="2147483647"/>
</pin_list>
<bind>
<opcode="store(28) " fcode="store"/>
<opset="store_ln170/62 "/>
</bind>
</comp>

<comp id="3137" class="1004" name="store_ln170_store_fu_3137">
<pin_list>
<pin id="3138" dir="0" index="0" bw="32" slack="0"/>
<pin id="3139" dir="0" index="1" bw="32" slack="61"/>
<pin id="3140" dir="1" index="2" bw="0" slack="2147483647"/>
</pin_list>
<bind>
<opcode="store(28) " fcode="store"/>
<opset="store_ln170/62 "/>
</bind>
</comp>

<comp id="3142" class="1004" name="store_ln170_store_fu_3142">
<pin_list>
<pin id="3143" dir="0" index="0" bw="32" slack="0"/>
<pin id="3144" dir="0" index="1" bw="32" slack="61"/>
<pin id="3145" dir="1" index="2" bw="0" slack="2147483647"/>
</pin_list>
<bind>
<opcode="store(28) " fcode="store"/>
<opset="store_ln170/62 "/>
</bind>
</comp>

<comp id="3147" class="1004" name="store_ln170_store_fu_3147">
<pin_list>
<pin id="3148" dir="0" index="0" bw="32" slack="0"/>
<pin id="3149" dir="0" index="1" bw="32" slack="61"/>
<pin id="3150" dir="1" index="2" bw="0" slack="2147483647"/>
</pin_list>
<bind>
<opcode="store(28) " fcode="store"/>
<opset="store_ln170/62 "/>
</bind>
</comp>

<comp id="3152" class="1004" name="store_ln170_store_fu_3152">
<pin_list>
<pin id="3153" dir="0" index="0" bw="32" slack="0"/>
<pin id="3154" dir="0" index="1" bw="32" slack="61"/>
<pin id="3155" dir="1" index="2" bw="0" slack="2147483647"/>
</pin_list>
<bind>
<opcode="store(28) " fcode="store"/>
<opset="store_ln170/62 "/>
</bind>
</comp>

<comp id="3157" class="1004" name="store_ln170_store_fu_3157">
<pin_list>
<pin id="3158" dir="0" index="0" bw="32" slack="0"/>
<pin id="3159" dir="0" index="1" bw="32" slack="61"/>
<pin id="3160" dir="1" index="2" bw="0" slack="2147483647"/>
</pin_list>
<bind>
<opcode="store(28) " fcode="store"/>
<opset="store_ln170/62 "/>
</bind>
</comp>

<comp id="3162" class="1004" name="store_ln170_store_fu_3162">
<pin_list>
<pin id="3163" dir="0" index="0" bw="32" slack="0"/>
<pin id="3164" dir="0" index="1" bw="32" slack="61"/>
<pin id="3165" dir="1" index="2" bw="0" slack="2147483647"/>
</pin_list>
<bind>
<opcode="store(28) " fcode="store"/>
<opset="store_ln170/62 "/>
</bind>
</comp>

<comp id="3167" class="1004" name="store_ln170_store_fu_3167">
<pin_list>
<pin id="3168" dir="0" index="0" bw="32" slack="0"/>
<pin id="3169" dir="0" index="1" bw="32" slack="61"/>
<pin id="3170" dir="1" index="2" bw="0" slack="2147483647"/>
</pin_list>
<bind>
<opcode="store(28) " fcode="store"/>
<opset="store_ln170/62 "/>
</bind>
</comp>

<comp id="3172" class="1004" name="store_ln170_store_fu_3172">
<pin_list>
<pin id="3173" dir="0" index="0" bw="32" slack="0"/>
<pin id="3174" dir="0" index="1" bw="32" slack="61"/>
<pin id="3175" dir="1" index="2" bw="0" slack="2147483647"/>
</pin_list>
<bind>
<opcode="store(28) " fcode="store"/>
<opset="store_ln170/62 "/>
</bind>
</comp>

<comp id="3177" class="1004" name="store_ln170_store_fu_3177">
<pin_list>
<pin id="3178" dir="0" index="0" bw="32" slack="0"/>
<pin id="3179" dir="0" index="1" bw="32" slack="61"/>
<pin id="3180" dir="1" index="2" bw="0" slack="2147483647"/>
</pin_list>
<bind>
<opcode="store(28) " fcode="store"/>
<opset="store_ln170/62 "/>
</bind>
</comp>

<comp id="3182" class="1004" name="store_ln170_store_fu_3182">
<pin_list>
<pin id="3183" dir="0" index="0" bw="32" slack="0"/>
<pin id="3184" dir="0" index="1" bw="32" slack="61"/>
<pin id="3185" dir="1" index="2" bw="0" slack="2147483647"/>
</pin_list>
<bind>
<opcode="store(28) " fcode="store"/>
<opset="store_ln170/62 "/>
</bind>
</comp>

<comp id="3187" class="1004" name="store_ln170_store_fu_3187">
<pin_list>
<pin id="3188" dir="0" index="0" bw="32" slack="0"/>
<pin id="3189" dir="0" index="1" bw="32" slack="61"/>
<pin id="3190" dir="1" index="2" bw="0" slack="2147483647"/>
</pin_list>
<bind>
<opcode="store(28) " fcode="store"/>
<opset="store_ln170/62 "/>
</bind>
</comp>

<comp id="3192" class="1004" name="store_ln170_store_fu_3192">
<pin_list>
<pin id="3193" dir="0" index="0" bw="32" slack="0"/>
<pin id="3194" dir="0" index="1" bw="32" slack="61"/>
<pin id="3195" dir="1" index="2" bw="0" slack="2147483647"/>
</pin_list>
<bind>
<opcode="store(28) " fcode="store"/>
<opset="store_ln170/62 "/>
</bind>
</comp>

<comp id="3197" class="1004" name="store_ln170_store_fu_3197">
<pin_list>
<pin id="3198" dir="0" index="0" bw="32" slack="0"/>
<pin id="3199" dir="0" index="1" bw="32" slack="61"/>
<pin id="3200" dir="1" index="2" bw="0" slack="2147483647"/>
</pin_list>
<bind>
<opcode="store(28) " fcode="store"/>
<opset="store_ln170/62 "/>
</bind>
</comp>

<comp id="3202" class="1004" name="store_ln170_store_fu_3202">
<pin_list>
<pin id="3203" dir="0" index="0" bw="32" slack="0"/>
<pin id="3204" dir="0" index="1" bw="32" slack="61"/>
<pin id="3205" dir="1" index="2" bw="0" slack="2147483647"/>
</pin_list>
<bind>
<opcode="store(28) " fcode="store"/>
<opset="store_ln170/62 "/>
</bind>
</comp>

<comp id="3207" class="1004" name="store_ln170_store_fu_3207">
<pin_list>
<pin id="3208" dir="0" index="0" bw="32" slack="0"/>
<pin id="3209" dir="0" index="1" bw="32" slack="61"/>
<pin id="3210" dir="1" index="2" bw="0" slack="2147483647"/>
</pin_list>
<bind>
<opcode="store(28) " fcode="store"/>
<opset="store_ln170/62 "/>
</bind>
</comp>

<comp id="3212" class="1004" name="store_ln170_store_fu_3212">
<pin_list>
<pin id="3213" dir="0" index="0" bw="32" slack="0"/>
<pin id="3214" dir="0" index="1" bw="32" slack="61"/>
<pin id="3215" dir="1" index="2" bw="0" slack="2147483647"/>
</pin_list>
<bind>
<opcode="store(28) " fcode="store"/>
<opset="store_ln170/62 "/>
</bind>
</comp>

<comp id="3217" class="1004" name="store_ln170_store_fu_3217">
<pin_list>
<pin id="3218" dir="0" index="0" bw="32" slack="0"/>
<pin id="3219" dir="0" index="1" bw="32" slack="61"/>
<pin id="3220" dir="1" index="2" bw="0" slack="2147483647"/>
</pin_list>
<bind>
<opcode="store(28) " fcode="store"/>
<opset="store_ln170/62 "/>
</bind>
</comp>

<comp id="3222" class="1004" name="store_ln170_store_fu_3222">
<pin_list>
<pin id="3223" dir="0" index="0" bw="32" slack="0"/>
<pin id="3224" dir="0" index="1" bw="32" slack="61"/>
<pin id="3225" dir="1" index="2" bw="0" slack="2147483647"/>
</pin_list>
<bind>
<opcode="store(28) " fcode="store"/>
<opset="store_ln170/62 "/>
</bind>
</comp>

<comp id="3227" class="1004" name="store_ln170_store_fu_3227">
<pin_list>
<pin id="3228" dir="0" index="0" bw="32" slack="0"/>
<pin id="3229" dir="0" index="1" bw="32" slack="61"/>
<pin id="3230" dir="1" index="2" bw="0" slack="2147483647"/>
</pin_list>
<bind>
<opcode="store(28) " fcode="store"/>
<opset="store_ln170/62 "/>
</bind>
</comp>

<comp id="3232" class="1004" name="store_ln170_store_fu_3232">
<pin_list>
<pin id="3233" dir="0" index="0" bw="32" slack="0"/>
<pin id="3234" dir="0" index="1" bw="32" slack="61"/>
<pin id="3235" dir="1" index="2" bw="0" slack="2147483647"/>
</pin_list>
<bind>
<opcode="store(28) " fcode="store"/>
<opset="store_ln170/62 "/>
</bind>
</comp>

<comp id="3237" class="1004" name="store_ln170_store_fu_3237">
<pin_list>
<pin id="3238" dir="0" index="0" bw="32" slack="0"/>
<pin id="3239" dir="0" index="1" bw="32" slack="61"/>
<pin id="3240" dir="1" index="2" bw="0" slack="2147483647"/>
</pin_list>
<bind>
<opcode="store(28) " fcode="store"/>
<opset="store_ln170/62 "/>
</bind>
</comp>

<comp id="3242" class="1004" name="store_ln170_store_fu_3242">
<pin_list>
<pin id="3243" dir="0" index="0" bw="32" slack="0"/>
<pin id="3244" dir="0" index="1" bw="32" slack="61"/>
<pin id="3245" dir="1" index="2" bw="0" slack="2147483647"/>
</pin_list>
<bind>
<opcode="store(28) " fcode="store"/>
<opset="store_ln170/62 "/>
</bind>
</comp>

<comp id="3247" class="1004" name="store_ln170_store_fu_3247">
<pin_list>
<pin id="3248" dir="0" index="0" bw="32" slack="0"/>
<pin id="3249" dir="0" index="1" bw="32" slack="61"/>
<pin id="3250" dir="1" index="2" bw="0" slack="2147483647"/>
</pin_list>
<bind>
<opcode="store(28) " fcode="store"/>
<opset="store_ln170/62 "/>
</bind>
</comp>

<comp id="3252" class="1004" name="store_ln170_store_fu_3252">
<pin_list>
<pin id="3253" dir="0" index="0" bw="32" slack="0"/>
<pin id="3254" dir="0" index="1" bw="32" slack="61"/>
<pin id="3255" dir="1" index="2" bw="0" slack="2147483647"/>
</pin_list>
<bind>
<opcode="store(28) " fcode="store"/>
<opset="store_ln170/62 "/>
</bind>
</comp>

<comp id="3257" class="1004" name="store_ln170_store_fu_3257">
<pin_list>
<pin id="3258" dir="0" index="0" bw="32" slack="0"/>
<pin id="3259" dir="0" index="1" bw="32" slack="61"/>
<pin id="3260" dir="1" index="2" bw="0" slack="2147483647"/>
</pin_list>
<bind>
<opcode="store(28) " fcode="store"/>
<opset="store_ln170/62 "/>
</bind>
</comp>

<comp id="3262" class="1004" name="store_ln170_store_fu_3262">
<pin_list>
<pin id="3263" dir="0" index="0" bw="32" slack="0"/>
<pin id="3264" dir="0" index="1" bw="32" slack="61"/>
<pin id="3265" dir="1" index="2" bw="0" slack="2147483647"/>
</pin_list>
<bind>
<opcode="store(28) " fcode="store"/>
<opset="store_ln170/62 "/>
</bind>
</comp>

<comp id="3267" class="1004" name="store_ln170_store_fu_3267">
<pin_list>
<pin id="3268" dir="0" index="0" bw="32" slack="0"/>
<pin id="3269" dir="0" index="1" bw="32" slack="61"/>
<pin id="3270" dir="1" index="2" bw="0" slack="2147483647"/>
</pin_list>
<bind>
<opcode="store(28) " fcode="store"/>
<opset="store_ln170/62 "/>
</bind>
</comp>

<comp id="3272" class="1004" name="store_ln170_store_fu_3272">
<pin_list>
<pin id="3273" dir="0" index="0" bw="32" slack="0"/>
<pin id="3274" dir="0" index="1" bw="32" slack="61"/>
<pin id="3275" dir="1" index="2" bw="0" slack="2147483647"/>
</pin_list>
<bind>
<opcode="store(28) " fcode="store"/>
<opset="store_ln170/62 "/>
</bind>
</comp>

<comp id="3277" class="1004" name="store_ln170_store_fu_3277">
<pin_list>
<pin id="3278" dir="0" index="0" bw="32" slack="0"/>
<pin id="3279" dir="0" index="1" bw="32" slack="61"/>
<pin id="3280" dir="1" index="2" bw="0" slack="2147483647"/>
</pin_list>
<bind>
<opcode="store(28) " fcode="store"/>
<opset="store_ln170/62 "/>
</bind>
</comp>

<comp id="3282" class="1004" name="store_ln170_store_fu_3282">
<pin_list>
<pin id="3283" dir="0" index="0" bw="32" slack="0"/>
<pin id="3284" dir="0" index="1" bw="32" slack="61"/>
<pin id="3285" dir="1" index="2" bw="0" slack="2147483647"/>
</pin_list>
<bind>
<opcode="store(28) " fcode="store"/>
<opset="store_ln170/62 "/>
</bind>
</comp>

<comp id="3287" class="1004" name="store_ln170_store_fu_3287">
<pin_list>
<pin id="3288" dir="0" index="0" bw="32" slack="0"/>
<pin id="3289" dir="0" index="1" bw="32" slack="61"/>
<pin id="3290" dir="1" index="2" bw="0" slack="2147483647"/>
</pin_list>
<bind>
<opcode="store(28) " fcode="store"/>
<opset="store_ln170/62 "/>
</bind>
</comp>

<comp id="3292" class="1004" name="store_ln170_store_fu_3292">
<pin_list>
<pin id="3293" dir="0" index="0" bw="32" slack="0"/>
<pin id="3294" dir="0" index="1" bw="32" slack="61"/>
<pin id="3295" dir="1" index="2" bw="0" slack="2147483647"/>
</pin_list>
<bind>
<opcode="store(28) " fcode="store"/>
<opset="store_ln170/62 "/>
</bind>
</comp>

<comp id="3297" class="1004" name="store_ln170_store_fu_3297">
<pin_list>
<pin id="3298" dir="0" index="0" bw="32" slack="0"/>
<pin id="3299" dir="0" index="1" bw="32" slack="61"/>
<pin id="3300" dir="1" index="2" bw="0" slack="2147483647"/>
</pin_list>
<bind>
<opcode="store(28) " fcode="store"/>
<opset="store_ln170/62 "/>
</bind>
</comp>

<comp id="3302" class="1004" name="store_ln170_store_fu_3302">
<pin_list>
<pin id="3303" dir="0" index="0" bw="32" slack="0"/>
<pin id="3304" dir="0" index="1" bw="32" slack="61"/>
<pin id="3305" dir="1" index="2" bw="0" slack="2147483647"/>
</pin_list>
<bind>
<opcode="store(28) " fcode="store"/>
<opset="store_ln170/62 "/>
</bind>
</comp>

<comp id="3307" class="1004" name="store_ln170_store_fu_3307">
<pin_list>
<pin id="3308" dir="0" index="0" bw="32" slack="0"/>
<pin id="3309" dir="0" index="1" bw="32" slack="61"/>
<pin id="3310" dir="1" index="2" bw="0" slack="2147483647"/>
</pin_list>
<bind>
<opcode="store(28) " fcode="store"/>
<opset="store_ln170/62 "/>
</bind>
</comp>

<comp id="3312" class="1004" name="store_ln170_store_fu_3312">
<pin_list>
<pin id="3313" dir="0" index="0" bw="32" slack="0"/>
<pin id="3314" dir="0" index="1" bw="32" slack="61"/>
<pin id="3315" dir="1" index="2" bw="0" slack="2147483647"/>
</pin_list>
<bind>
<opcode="store(28) " fcode="store"/>
<opset="store_ln170/62 "/>
</bind>
</comp>

<comp id="3317" class="1004" name="store_ln170_store_fu_3317">
<pin_list>
<pin id="3318" dir="0" index="0" bw="32" slack="0"/>
<pin id="3319" dir="0" index="1" bw="32" slack="61"/>
<pin id="3320" dir="1" index="2" bw="0" slack="2147483647"/>
</pin_list>
<bind>
<opcode="store(28) " fcode="store"/>
<opset="store_ln170/62 "/>
</bind>
</comp>

<comp id="3322" class="1004" name="store_ln170_store_fu_3322">
<pin_list>
<pin id="3323" dir="0" index="0" bw="32" slack="0"/>
<pin id="3324" dir="0" index="1" bw="32" slack="61"/>
<pin id="3325" dir="1" index="2" bw="0" slack="2147483647"/>
</pin_list>
<bind>
<opcode="store(28) " fcode="store"/>
<opset="store_ln170/62 "/>
</bind>
</comp>

<comp id="3327" class="1004" name="store_ln170_store_fu_3327">
<pin_list>
<pin id="3328" dir="0" index="0" bw="32" slack="0"/>
<pin id="3329" dir="0" index="1" bw="32" slack="61"/>
<pin id="3330" dir="1" index="2" bw="0" slack="2147483647"/>
</pin_list>
<bind>
<opcode="store(28) " fcode="store"/>
<opset="store_ln170/62 "/>
</bind>
</comp>

<comp id="3332" class="1004" name="store_ln170_store_fu_3332">
<pin_list>
<pin id="3333" dir="0" index="0" bw="32" slack="0"/>
<pin id="3334" dir="0" index="1" bw="32" slack="61"/>
<pin id="3335" dir="1" index="2" bw="0" slack="2147483647"/>
</pin_list>
<bind>
<opcode="store(28) " fcode="store"/>
<opset="store_ln170/62 "/>
</bind>
</comp>

<comp id="3337" class="1004" name="store_ln170_store_fu_3337">
<pin_list>
<pin id="3338" dir="0" index="0" bw="32" slack="0"/>
<pin id="3339" dir="0" index="1" bw="32" slack="61"/>
<pin id="3340" dir="1" index="2" bw="0" slack="2147483647"/>
</pin_list>
<bind>
<opcode="store(28) " fcode="store"/>
<opset="store_ln170/62 "/>
</bind>
</comp>

<comp id="3342" class="1004" name="store_ln170_store_fu_3342">
<pin_list>
<pin id="3343" dir="0" index="0" bw="32" slack="0"/>
<pin id="3344" dir="0" index="1" bw="32" slack="61"/>
<pin id="3345" dir="1" index="2" bw="0" slack="2147483647"/>
</pin_list>
<bind>
<opcode="store(28) " fcode="store"/>
<opset="store_ln170/62 "/>
</bind>
</comp>

<comp id="3347" class="1004" name="store_ln170_store_fu_3347">
<pin_list>
<pin id="3348" dir="0" index="0" bw="32" slack="0"/>
<pin id="3349" dir="0" index="1" bw="32" slack="61"/>
<pin id="3350" dir="1" index="2" bw="0" slack="2147483647"/>
</pin_list>
<bind>
<opcode="store(28) " fcode="store"/>
<opset="store_ln170/62 "/>
</bind>
</comp>

<comp id="3352" class="1004" name="store_ln170_store_fu_3352">
<pin_list>
<pin id="3353" dir="0" index="0" bw="32" slack="0"/>
<pin id="3354" dir="0" index="1" bw="32" slack="61"/>
<pin id="3355" dir="1" index="2" bw="0" slack="2147483647"/>
</pin_list>
<bind>
<opcode="store(28) " fcode="store"/>
<opset="store_ln170/62 "/>
</bind>
</comp>

<comp id="3357" class="1004" name="store_ln170_store_fu_3357">
<pin_list>
<pin id="3358" dir="0" index="0" bw="32" slack="0"/>
<pin id="3359" dir="0" index="1" bw="32" slack="61"/>
<pin id="3360" dir="1" index="2" bw="0" slack="2147483647"/>
</pin_list>
<bind>
<opcode="store(28) " fcode="store"/>
<opset="store_ln170/62 "/>
</bind>
</comp>

<comp id="3362" class="1004" name="store_ln170_store_fu_3362">
<pin_list>
<pin id="3363" dir="0" index="0" bw="32" slack="0"/>
<pin id="3364" dir="0" index="1" bw="32" slack="61"/>
<pin id="3365" dir="1" index="2" bw="0" slack="2147483647"/>
</pin_list>
<bind>
<opcode="store(28) " fcode="store"/>
<opset="store_ln170/62 "/>
</bind>
</comp>

<comp id="3367" class="1004" name="store_ln170_store_fu_3367">
<pin_list>
<pin id="3368" dir="0" index="0" bw="32" slack="0"/>
<pin id="3369" dir="0" index="1" bw="32" slack="61"/>
<pin id="3370" dir="1" index="2" bw="0" slack="2147483647"/>
</pin_list>
<bind>
<opcode="store(28) " fcode="store"/>
<opset="store_ln170/62 "/>
</bind>
</comp>

<comp id="3372" class="1004" name="store_ln170_store_fu_3372">
<pin_list>
<pin id="3373" dir="0" index="0" bw="32" slack="0"/>
<pin id="3374" dir="0" index="1" bw="32" slack="61"/>
<pin id="3375" dir="1" index="2" bw="0" slack="2147483647"/>
</pin_list>
<bind>
<opcode="store(28) " fcode="store"/>
<opset="store_ln170/62 "/>
</bind>
</comp>

<comp id="3377" class="1004" name="store_ln170_store_fu_3377">
<pin_list>
<pin id="3378" dir="0" index="0" bw="32" slack="0"/>
<pin id="3379" dir="0" index="1" bw="32" slack="61"/>
<pin id="3380" dir="1" index="2" bw="0" slack="2147483647"/>
</pin_list>
<bind>
<opcode="store(28) " fcode="store"/>
<opset="store_ln170/62 "/>
</bind>
</comp>

<comp id="3382" class="1004" name="store_ln170_store_fu_3382">
<pin_list>
<pin id="3383" dir="0" index="0" bw="32" slack="0"/>
<pin id="3384" dir="0" index="1" bw="32" slack="61"/>
<pin id="3385" dir="1" index="2" bw="0" slack="2147483647"/>
</pin_list>
<bind>
<opcode="store(28) " fcode="store"/>
<opset="store_ln170/62 "/>
</bind>
</comp>

<comp id="3387" class="1004" name="store_ln170_store_fu_3387">
<pin_list>
<pin id="3388" dir="0" index="0" bw="32" slack="0"/>
<pin id="3389" dir="0" index="1" bw="32" slack="61"/>
<pin id="3390" dir="1" index="2" bw="0" slack="2147483647"/>
</pin_list>
<bind>
<opcode="store(28) " fcode="store"/>
<opset="store_ln170/62 "/>
</bind>
</comp>

<comp id="3392" class="1004" name="store_ln170_store_fu_3392">
<pin_list>
<pin id="3393" dir="0" index="0" bw="32" slack="0"/>
<pin id="3394" dir="0" index="1" bw="32" slack="61"/>
<pin id="3395" dir="1" index="2" bw="0" slack="2147483647"/>
</pin_list>
<bind>
<opcode="store(28) " fcode="store"/>
<opset="store_ln170/62 "/>
</bind>
</comp>

<comp id="3397" class="1004" name="store_ln170_store_fu_3397">
<pin_list>
<pin id="3398" dir="0" index="0" bw="32" slack="0"/>
<pin id="3399" dir="0" index="1" bw="32" slack="61"/>
<pin id="3400" dir="1" index="2" bw="0" slack="2147483647"/>
</pin_list>
<bind>
<opcode="store(28) " fcode="store"/>
<opset="store_ln170/62 "/>
</bind>
</comp>

<comp id="3402" class="1004" name="store_ln170_store_fu_3402">
<pin_list>
<pin id="3403" dir="0" index="0" bw="32" slack="0"/>
<pin id="3404" dir="0" index="1" bw="32" slack="61"/>
<pin id="3405" dir="1" index="2" bw="0" slack="2147483647"/>
</pin_list>
<bind>
<opcode="store(28) " fcode="store"/>
<opset="store_ln170/62 "/>
</bind>
</comp>

<comp id="3407" class="1004" name="store_ln170_store_fu_3407">
<pin_list>
<pin id="3408" dir="0" index="0" bw="32" slack="0"/>
<pin id="3409" dir="0" index="1" bw="32" slack="61"/>
<pin id="3410" dir="1" index="2" bw="0" slack="2147483647"/>
</pin_list>
<bind>
<opcode="store(28) " fcode="store"/>
<opset="store_ln170/62 "/>
</bind>
</comp>

<comp id="3412" class="1004" name="store_ln170_store_fu_3412">
<pin_list>
<pin id="3413" dir="0" index="0" bw="32" slack="0"/>
<pin id="3414" dir="0" index="1" bw="32" slack="61"/>
<pin id="3415" dir="1" index="2" bw="0" slack="2147483647"/>
</pin_list>
<bind>
<opcode="store(28) " fcode="store"/>
<opset="store_ln170/62 "/>
</bind>
</comp>

<comp id="3417" class="1004" name="store_ln170_store_fu_3417">
<pin_list>
<pin id="3418" dir="0" index="0" bw="32" slack="0"/>
<pin id="3419" dir="0" index="1" bw="32" slack="61"/>
<pin id="3420" dir="1" index="2" bw="0" slack="2147483647"/>
</pin_list>
<bind>
<opcode="store(28) " fcode="store"/>
<opset="store_ln170/62 "/>
</bind>
</comp>

<comp id="3422" class="1004" name="store_ln170_store_fu_3422">
<pin_list>
<pin id="3423" dir="0" index="0" bw="32" slack="0"/>
<pin id="3424" dir="0" index="1" bw="32" slack="61"/>
<pin id="3425" dir="1" index="2" bw="0" slack="2147483647"/>
</pin_list>
<bind>
<opcode="store(28) " fcode="store"/>
<opset="store_ln170/62 "/>
</bind>
</comp>

<comp id="3427" class="1004" name="store_ln170_store_fu_3427">
<pin_list>
<pin id="3428" dir="0" index="0" bw="32" slack="0"/>
<pin id="3429" dir="0" index="1" bw="32" slack="61"/>
<pin id="3430" dir="1" index="2" bw="0" slack="2147483647"/>
</pin_list>
<bind>
<opcode="store(28) " fcode="store"/>
<opset="store_ln170/62 "/>
</bind>
</comp>

<comp id="3432" class="1004" name="store_ln170_store_fu_3432">
<pin_list>
<pin id="3433" dir="0" index="0" bw="32" slack="0"/>
<pin id="3434" dir="0" index="1" bw="32" slack="61"/>
<pin id="3435" dir="1" index="2" bw="0" slack="2147483647"/>
</pin_list>
<bind>
<opcode="store(28) " fcode="store"/>
<opset="store_ln170/62 "/>
</bind>
</comp>

<comp id="3437" class="1004" name="store_ln170_store_fu_3437">
<pin_list>
<pin id="3438" dir="0" index="0" bw="32" slack="0"/>
<pin id="3439" dir="0" index="1" bw="32" slack="61"/>
<pin id="3440" dir="1" index="2" bw="0" slack="2147483647"/>
</pin_list>
<bind>
<opcode="store(28) " fcode="store"/>
<opset="store_ln170/62 "/>
</bind>
</comp>

<comp id="3442" class="1004" name="store_ln170_store_fu_3442">
<pin_list>
<pin id="3443" dir="0" index="0" bw="32" slack="0"/>
<pin id="3444" dir="0" index="1" bw="32" slack="61"/>
<pin id="3445" dir="1" index="2" bw="0" slack="2147483647"/>
</pin_list>
<bind>
<opcode="store(28) " fcode="store"/>
<opset="store_ln170/62 "/>
</bind>
</comp>

<comp id="3447" class="1004" name="store_ln170_store_fu_3447">
<pin_list>
<pin id="3448" dir="0" index="0" bw="32" slack="0"/>
<pin id="3449" dir="0" index="1" bw="32" slack="61"/>
<pin id="3450" dir="1" index="2" bw="0" slack="2147483647"/>
</pin_list>
<bind>
<opcode="store(28) " fcode="store"/>
<opset="store_ln170/62 "/>
</bind>
</comp>

<comp id="3452" class="1004" name="store_ln170_store_fu_3452">
<pin_list>
<pin id="3453" dir="0" index="0" bw="32" slack="0"/>
<pin id="3454" dir="0" index="1" bw="32" slack="61"/>
<pin id="3455" dir="1" index="2" bw="0" slack="2147483647"/>
</pin_list>
<bind>
<opcode="store(28) " fcode="store"/>
<opset="store_ln170/62 "/>
</bind>
</comp>

<comp id="3457" class="1004" name="store_ln170_store_fu_3457">
<pin_list>
<pin id="3458" dir="0" index="0" bw="32" slack="0"/>
<pin id="3459" dir="0" index="1" bw="32" slack="61"/>
<pin id="3460" dir="1" index="2" bw="0" slack="2147483647"/>
</pin_list>
<bind>
<opcode="store(28) " fcode="store"/>
<opset="store_ln170/62 "/>
</bind>
</comp>

<comp id="3462" class="1004" name="store_ln170_store_fu_3462">
<pin_list>
<pin id="3463" dir="0" index="0" bw="32" slack="0"/>
<pin id="3464" dir="0" index="1" bw="32" slack="61"/>
<pin id="3465" dir="1" index="2" bw="0" slack="2147483647"/>
</pin_list>
<bind>
<opcode="store(28) " fcode="store"/>
<opset="store_ln170/62 "/>
</bind>
</comp>

<comp id="3467" class="1004" name="store_ln170_store_fu_3467">
<pin_list>
<pin id="3468" dir="0" index="0" bw="32" slack="0"/>
<pin id="3469" dir="0" index="1" bw="32" slack="61"/>
<pin id="3470" dir="1" index="2" bw="0" slack="2147483647"/>
</pin_list>
<bind>
<opcode="store(28) " fcode="store"/>
<opset="store_ln170/62 "/>
</bind>
</comp>

<comp id="3472" class="1004" name="store_ln170_store_fu_3472">
<pin_list>
<pin id="3473" dir="0" index="0" bw="32" slack="0"/>
<pin id="3474" dir="0" index="1" bw="32" slack="61"/>
<pin id="3475" dir="1" index="2" bw="0" slack="2147483647"/>
</pin_list>
<bind>
<opcode="store(28) " fcode="store"/>
<opset="store_ln170/62 "/>
</bind>
</comp>

<comp id="3477" class="1004" name="store_ln170_store_fu_3477">
<pin_list>
<pin id="3478" dir="0" index="0" bw="32" slack="0"/>
<pin id="3479" dir="0" index="1" bw="32" slack="61"/>
<pin id="3480" dir="1" index="2" bw="0" slack="2147483647"/>
</pin_list>
<bind>
<opcode="store(28) " fcode="store"/>
<opset="store_ln170/62 "/>
</bind>
</comp>

<comp id="3482" class="1004" name="store_ln170_store_fu_3482">
<pin_list>
<pin id="3483" dir="0" index="0" bw="32" slack="0"/>
<pin id="3484" dir="0" index="1" bw="32" slack="61"/>
<pin id="3485" dir="1" index="2" bw="0" slack="2147483647"/>
</pin_list>
<bind>
<opcode="store(28) " fcode="store"/>
<opset="store_ln170/62 "/>
</bind>
</comp>

<comp id="3487" class="1004" name="store_ln170_store_fu_3487">
<pin_list>
<pin id="3488" dir="0" index="0" bw="32" slack="0"/>
<pin id="3489" dir="0" index="1" bw="32" slack="61"/>
<pin id="3490" dir="1" index="2" bw="0" slack="2147483647"/>
</pin_list>
<bind>
<opcode="store(28) " fcode="store"/>
<opset="store_ln170/62 "/>
</bind>
</comp>

<comp id="3492" class="1004" name="store_ln170_store_fu_3492">
<pin_list>
<pin id="3493" dir="0" index="0" bw="32" slack="0"/>
<pin id="3494" dir="0" index="1" bw="32" slack="61"/>
<pin id="3495" dir="1" index="2" bw="0" slack="2147483647"/>
</pin_list>
<bind>
<opcode="store(28) " fcode="store"/>
<opset="store_ln170/62 "/>
</bind>
</comp>

<comp id="3497" class="1004" name="store_ln170_store_fu_3497">
<pin_list>
<pin id="3498" dir="0" index="0" bw="32" slack="0"/>
<pin id="3499" dir="0" index="1" bw="32" slack="61"/>
<pin id="3500" dir="1" index="2" bw="0" slack="2147483647"/>
</pin_list>
<bind>
<opcode="store(28) " fcode="store"/>
<opset="store_ln170/62 "/>
</bind>
</comp>

<comp id="3502" class="1004" name="store_ln170_store_fu_3502">
<pin_list>
<pin id="3503" dir="0" index="0" bw="32" slack="0"/>
<pin id="3504" dir="0" index="1" bw="32" slack="61"/>
<pin id="3505" dir="1" index="2" bw="0" slack="2147483647"/>
</pin_list>
<bind>
<opcode="store(28) " fcode="store"/>
<opset="store_ln170/62 "/>
</bind>
</comp>

<comp id="3507" class="1004" name="store_ln170_store_fu_3507">
<pin_list>
<pin id="3508" dir="0" index="0" bw="32" slack="0"/>
<pin id="3509" dir="0" index="1" bw="32" slack="61"/>
<pin id="3510" dir="1" index="2" bw="0" slack="2147483647"/>
</pin_list>
<bind>
<opcode="store(28) " fcode="store"/>
<opset="store_ln170/62 "/>
</bind>
</comp>

<comp id="3512" class="1004" name="store_ln170_store_fu_3512">
<pin_list>
<pin id="3513" dir="0" index="0" bw="32" slack="0"/>
<pin id="3514" dir="0" index="1" bw="32" slack="61"/>
<pin id="3515" dir="1" index="2" bw="0" slack="2147483647"/>
</pin_list>
<bind>
<opcode="store(28) " fcode="store"/>
<opset="store_ln170/62 "/>
</bind>
</comp>

<comp id="3517" class="1004" name="store_ln170_store_fu_3517">
<pin_list>
<pin id="3518" dir="0" index="0" bw="32" slack="0"/>
<pin id="3519" dir="0" index="1" bw="32" slack="61"/>
<pin id="3520" dir="1" index="2" bw="0" slack="2147483647"/>
</pin_list>
<bind>
<opcode="store(28) " fcode="store"/>
<opset="store_ln170/62 "/>
</bind>
</comp>

<comp id="3522" class="1004" name="store_ln170_store_fu_3522">
<pin_list>
<pin id="3523" dir="0" index="0" bw="32" slack="0"/>
<pin id="3524" dir="0" index="1" bw="32" slack="61"/>
<pin id="3525" dir="1" index="2" bw="0" slack="2147483647"/>
</pin_list>
<bind>
<opcode="store(28) " fcode="store"/>
<opset="store_ln170/62 "/>
</bind>
</comp>

<comp id="3527" class="1004" name="store_ln170_store_fu_3527">
<pin_list>
<pin id="3528" dir="0" index="0" bw="32" slack="0"/>
<pin id="3529" dir="0" index="1" bw="32" slack="61"/>
<pin id="3530" dir="1" index="2" bw="0" slack="2147483647"/>
</pin_list>
<bind>
<opcode="store(28) " fcode="store"/>
<opset="store_ln170/62 "/>
</bind>
</comp>

<comp id="3532" class="1004" name="store_ln170_store_fu_3532">
<pin_list>
<pin id="3533" dir="0" index="0" bw="32" slack="0"/>
<pin id="3534" dir="0" index="1" bw="32" slack="61"/>
<pin id="3535" dir="1" index="2" bw="0" slack="2147483647"/>
</pin_list>
<bind>
<opcode="store(28) " fcode="store"/>
<opset="store_ln170/62 "/>
</bind>
</comp>

<comp id="3537" class="1004" name="store_ln170_store_fu_3537">
<pin_list>
<pin id="3538" dir="0" index="0" bw="32" slack="0"/>
<pin id="3539" dir="0" index="1" bw="32" slack="61"/>
<pin id="3540" dir="1" index="2" bw="0" slack="2147483647"/>
</pin_list>
<bind>
<opcode="store(28) " fcode="store"/>
<opset="store_ln170/62 "/>
</bind>
</comp>

<comp id="3542" class="1004" name="store_ln170_store_fu_3542">
<pin_list>
<pin id="3543" dir="0" index="0" bw="32" slack="0"/>
<pin id="3544" dir="0" index="1" bw="32" slack="61"/>
<pin id="3545" dir="1" index="2" bw="0" slack="2147483647"/>
</pin_list>
<bind>
<opcode="store(28) " fcode="store"/>
<opset="store_ln170/62 "/>
</bind>
</comp>

<comp id="3547" class="1004" name="store_ln170_store_fu_3547">
<pin_list>
<pin id="3548" dir="0" index="0" bw="32" slack="0"/>
<pin id="3549" dir="0" index="1" bw="32" slack="61"/>
<pin id="3550" dir="1" index="2" bw="0" slack="2147483647"/>
</pin_list>
<bind>
<opcode="store(28) " fcode="store"/>
<opset="store_ln170/62 "/>
</bind>
</comp>

<comp id="3552" class="1004" name="store_ln170_store_fu_3552">
<pin_list>
<pin id="3553" dir="0" index="0" bw="32" slack="0"/>
<pin id="3554" dir="0" index="1" bw="32" slack="61"/>
<pin id="3555" dir="1" index="2" bw="0" slack="2147483647"/>
</pin_list>
<bind>
<opcode="store(28) " fcode="store"/>
<opset="store_ln170/62 "/>
</bind>
</comp>

<comp id="3557" class="1004" name="store_ln170_store_fu_3557">
<pin_list>
<pin id="3558" dir="0" index="0" bw="32" slack="0"/>
<pin id="3559" dir="0" index="1" bw="32" slack="61"/>
<pin id="3560" dir="1" index="2" bw="0" slack="2147483647"/>
</pin_list>
<bind>
<opcode="store(28) " fcode="store"/>
<opset="store_ln170/62 "/>
</bind>
</comp>

<comp id="3562" class="1004" name="store_ln170_store_fu_3562">
<pin_list>
<pin id="3563" dir="0" index="0" bw="32" slack="0"/>
<pin id="3564" dir="0" index="1" bw="32" slack="61"/>
<pin id="3565" dir="1" index="2" bw="0" slack="2147483647"/>
</pin_list>
<bind>
<opcode="store(28) " fcode="store"/>
<opset="store_ln170/62 "/>
</bind>
</comp>

<comp id="3567" class="1004" name="store_ln170_store_fu_3567">
<pin_list>
<pin id="3568" dir="0" index="0" bw="32" slack="0"/>
<pin id="3569" dir="0" index="1" bw="32" slack="61"/>
<pin id="3570" dir="1" index="2" bw="0" slack="2147483647"/>
</pin_list>
<bind>
<opcode="store(28) " fcode="store"/>
<opset="store_ln170/62 "/>
</bind>
</comp>

<comp id="3572" class="1004" name="store_ln170_store_fu_3572">
<pin_list>
<pin id="3573" dir="0" index="0" bw="32" slack="0"/>
<pin id="3574" dir="0" index="1" bw="32" slack="61"/>
<pin id="3575" dir="1" index="2" bw="0" slack="2147483647"/>
</pin_list>
<bind>
<opcode="store(28) " fcode="store"/>
<opset="store_ln170/62 "/>
</bind>
</comp>

<comp id="3577" class="1004" name="store_ln170_store_fu_3577">
<pin_list>
<pin id="3578" dir="0" index="0" bw="32" slack="0"/>
<pin id="3579" dir="0" index="1" bw="32" slack="61"/>
<pin id="3580" dir="1" index="2" bw="0" slack="2147483647"/>
</pin_list>
<bind>
<opcode="store(28) " fcode="store"/>
<opset="store_ln170/62 "/>
</bind>
</comp>

<comp id="3582" class="1004" name="store_ln170_store_fu_3582">
<pin_list>
<pin id="3583" dir="0" index="0" bw="32" slack="0"/>
<pin id="3584" dir="0" index="1" bw="32" slack="61"/>
<pin id="3585" dir="1" index="2" bw="0" slack="2147483647"/>
</pin_list>
<bind>
<opcode="store(28) " fcode="store"/>
<opset="store_ln170/62 "/>
</bind>
</comp>

<comp id="3587" class="1004" name="store_ln170_store_fu_3587">
<pin_list>
<pin id="3588" dir="0" index="0" bw="32" slack="0"/>
<pin id="3589" dir="0" index="1" bw="32" slack="61"/>
<pin id="3590" dir="1" index="2" bw="0" slack="2147483647"/>
</pin_list>
<bind>
<opcode="store(28) " fcode="store"/>
<opset="store_ln170/62 "/>
</bind>
</comp>

<comp id="3592" class="1004" name="store_ln170_store_fu_3592">
<pin_list>
<pin id="3593" dir="0" index="0" bw="32" slack="0"/>
<pin id="3594" dir="0" index="1" bw="32" slack="61"/>
<pin id="3595" dir="1" index="2" bw="0" slack="2147483647"/>
</pin_list>
<bind>
<opcode="store(28) " fcode="store"/>
<opset="store_ln170/62 "/>
</bind>
</comp>

<comp id="3597" class="1004" name="store_ln170_store_fu_3597">
<pin_list>
<pin id="3598" dir="0" index="0" bw="32" slack="0"/>
<pin id="3599" dir="0" index="1" bw="32" slack="61"/>
<pin id="3600" dir="1" index="2" bw="0" slack="2147483647"/>
</pin_list>
<bind>
<opcode="store(28) " fcode="store"/>
<opset="store_ln170/62 "/>
</bind>
</comp>

<comp id="3602" class="1004" name="store_ln170_store_fu_3602">
<pin_list>
<pin id="3603" dir="0" index="0" bw="32" slack="0"/>
<pin id="3604" dir="0" index="1" bw="32" slack="61"/>
<pin id="3605" dir="1" index="2" bw="0" slack="2147483647"/>
</pin_list>
<bind>
<opcode="store(28) " fcode="store"/>
<opset="store_ln170/62 "/>
</bind>
</comp>

<comp id="3607" class="1004" name="store_ln170_store_fu_3607">
<pin_list>
<pin id="3608" dir="0" index="0" bw="32" slack="0"/>
<pin id="3609" dir="0" index="1" bw="32" slack="61"/>
<pin id="3610" dir="1" index="2" bw="0" slack="2147483647"/>
</pin_list>
<bind>
<opcode="store(28) " fcode="store"/>
<opset="store_ln170/62 "/>
</bind>
</comp>

<comp id="3612" class="1004" name="store_ln170_store_fu_3612">
<pin_list>
<pin id="3613" dir="0" index="0" bw="32" slack="0"/>
<pin id="3614" dir="0" index="1" bw="32" slack="61"/>
<pin id="3615" dir="1" index="2" bw="0" slack="2147483647"/>
</pin_list>
<bind>
<opcode="store(28) " fcode="store"/>
<opset="store_ln170/62 "/>
</bind>
</comp>

<comp id="3617" class="1004" name="store_ln170_store_fu_3617">
<pin_list>
<pin id="3618" dir="0" index="0" bw="32" slack="0"/>
<pin id="3619" dir="0" index="1" bw="32" slack="61"/>
<pin id="3620" dir="1" index="2" bw="0" slack="2147483647"/>
</pin_list>
<bind>
<opcode="store(28) " fcode="store"/>
<opset="store_ln170/62 "/>
</bind>
</comp>

<comp id="3622" class="1004" name="store_ln170_store_fu_3622">
<pin_list>
<pin id="3623" dir="0" index="0" bw="32" slack="0"/>
<pin id="3624" dir="0" index="1" bw="32" slack="61"/>
<pin id="3625" dir="1" index="2" bw="0" slack="2147483647"/>
</pin_list>
<bind>
<opcode="store(28) " fcode="store"/>
<opset="store_ln170/62 "/>
</bind>
</comp>

<comp id="3627" class="1004" name="store_ln170_store_fu_3627">
<pin_list>
<pin id="3628" dir="0" index="0" bw="32" slack="0"/>
<pin id="3629" dir="0" index="1" bw="32" slack="61"/>
<pin id="3630" dir="1" index="2" bw="0" slack="2147483647"/>
</pin_list>
<bind>
<opcode="store(28) " fcode="store"/>
<opset="store_ln170/62 "/>
</bind>
</comp>

<comp id="3632" class="1004" name="store_ln170_store_fu_3632">
<pin_list>
<pin id="3633" dir="0" index="0" bw="32" slack="0"/>
<pin id="3634" dir="0" index="1" bw="32" slack="61"/>
<pin id="3635" dir="1" index="2" bw="0" slack="2147483647"/>
</pin_list>
<bind>
<opcode="store(28) " fcode="store"/>
<opset="store_ln170/62 "/>
</bind>
</comp>

<comp id="3637" class="1004" name="store_ln170_store_fu_3637">
<pin_list>
<pin id="3638" dir="0" index="0" bw="32" slack="0"/>
<pin id="3639" dir="0" index="1" bw="32" slack="61"/>
<pin id="3640" dir="1" index="2" bw="0" slack="2147483647"/>
</pin_list>
<bind>
<opcode="store(28) " fcode="store"/>
<opset="store_ln170/62 "/>
</bind>
</comp>

<comp id="3642" class="1004" name="store_ln170_store_fu_3642">
<pin_list>
<pin id="3643" dir="0" index="0" bw="32" slack="0"/>
<pin id="3644" dir="0" index="1" bw="32" slack="61"/>
<pin id="3645" dir="1" index="2" bw="0" slack="2147483647"/>
</pin_list>
<bind>
<opcode="store(28) " fcode="store"/>
<opset="store_ln170/62 "/>
</bind>
</comp>

<comp id="3647" class="1004" name="store_ln170_store_fu_3647">
<pin_list>
<pin id="3648" dir="0" index="0" bw="32" slack="0"/>
<pin id="3649" dir="0" index="1" bw="32" slack="61"/>
<pin id="3650" dir="1" index="2" bw="0" slack="2147483647"/>
</pin_list>
<bind>
<opcode="store(28) " fcode="store"/>
<opset="store_ln170/62 "/>
</bind>
</comp>

<comp id="3652" class="1004" name="store_ln170_store_fu_3652">
<pin_list>
<pin id="3653" dir="0" index="0" bw="32" slack="0"/>
<pin id="3654" dir="0" index="1" bw="32" slack="61"/>
<pin id="3655" dir="1" index="2" bw="0" slack="2147483647"/>
</pin_list>
<bind>
<opcode="store(28) " fcode="store"/>
<opset="store_ln170/62 "/>
</bind>
</comp>

<comp id="3657" class="1004" name="store_ln170_store_fu_3657">
<pin_list>
<pin id="3658" dir="0" index="0" bw="32" slack="0"/>
<pin id="3659" dir="0" index="1" bw="32" slack="61"/>
<pin id="3660" dir="1" index="2" bw="0" slack="2147483647"/>
</pin_list>
<bind>
<opcode="store(28) " fcode="store"/>
<opset="store_ln170/62 "/>
</bind>
</comp>

<comp id="3662" class="1004" name="store_ln170_store_fu_3662">
<pin_list>
<pin id="3663" dir="0" index="0" bw="32" slack="0"/>
<pin id="3664" dir="0" index="1" bw="32" slack="61"/>
<pin id="3665" dir="1" index="2" bw="0" slack="2147483647"/>
</pin_list>
<bind>
<opcode="store(28) " fcode="store"/>
<opset="store_ln170/62 "/>
</bind>
</comp>

<comp id="3667" class="1004" name="store_ln170_store_fu_3667">
<pin_list>
<pin id="3668" dir="0" index="0" bw="32" slack="0"/>
<pin id="3669" dir="0" index="1" bw="32" slack="61"/>
<pin id="3670" dir="1" index="2" bw="0" slack="2147483647"/>
</pin_list>
<bind>
<opcode="store(28) " fcode="store"/>
<opset="store_ln170/62 "/>
</bind>
</comp>

<comp id="3672" class="1004" name="store_ln170_store_fu_3672">
<pin_list>
<pin id="3673" dir="0" index="0" bw="32" slack="0"/>
<pin id="3674" dir="0" index="1" bw="32" slack="61"/>
<pin id="3675" dir="1" index="2" bw="0" slack="2147483647"/>
</pin_list>
<bind>
<opcode="store(28) " fcode="store"/>
<opset="store_ln170/62 "/>
</bind>
</comp>

<comp id="3677" class="1004" name="store_ln170_store_fu_3677">
<pin_list>
<pin id="3678" dir="0" index="0" bw="32" slack="0"/>
<pin id="3679" dir="0" index="1" bw="32" slack="61"/>
<pin id="3680" dir="1" index="2" bw="0" slack="2147483647"/>
</pin_list>
<bind>
<opcode="store(28) " fcode="store"/>
<opset="store_ln170/62 "/>
</bind>
</comp>

<comp id="3682" class="1004" name="store_ln170_store_fu_3682">
<pin_list>
<pin id="3683" dir="0" index="0" bw="32" slack="0"/>
<pin id="3684" dir="0" index="1" bw="32" slack="61"/>
<pin id="3685" dir="1" index="2" bw="0" slack="2147483647"/>
</pin_list>
<bind>
<opcode="store(28) " fcode="store"/>
<opset="store_ln170/62 "/>
</bind>
</comp>

<comp id="3687" class="1004" name="store_ln170_store_fu_3687">
<pin_list>
<pin id="3688" dir="0" index="0" bw="32" slack="0"/>
<pin id="3689" dir="0" index="1" bw="32" slack="61"/>
<pin id="3690" dir="1" index="2" bw="0" slack="2147483647"/>
</pin_list>
<bind>
<opcode="store(28) " fcode="store"/>
<opset="store_ln170/62 "/>
</bind>
</comp>

<comp id="3692" class="1004" name="P_row_load_load_fu_3692">
<pin_list>
<pin id="3693" dir="0" index="0" bw="32" slack="60"/>
<pin id="3694" dir="1" index="1" bw="32" slack="0"/>
</pin_list>
<bind>
<opcode="load(27) " fcode="load"/>
<opset="P_row_load/61 "/>
</bind>
</comp>

<comp id="3696" class="1004" name="P_row_1_load_load_fu_3696">
<pin_list>
<pin id="3697" dir="0" index="0" bw="32" slack="60"/>
<pin id="3698" dir="1" index="1" bw="32" slack="0"/>
</pin_list>
<bind>
<opcode="load(27) " fcode="load"/>
<opset="P_row_1_load/61 "/>
</bind>
</comp>

<comp id="3700" class="1004" name="P_row_2_load_load_fu_3700">
<pin_list>
<pin id="3701" dir="0" index="0" bw="32" slack="60"/>
<pin id="3702" dir="1" index="1" bw="32" slack="0"/>
</pin_list>
<bind>
<opcode="load(27) " fcode="load"/>
<opset="P_row_2_load/61 "/>
</bind>
</comp>

<comp id="3704" class="1004" name="P_row_3_load_load_fu_3704">
<pin_list>
<pin id="3705" dir="0" index="0" bw="32" slack="60"/>
<pin id="3706" dir="1" index="1" bw="32" slack="0"/>
</pin_list>
<bind>
<opcode="load(27) " fcode="load"/>
<opset="P_row_3_load/61 "/>
</bind>
</comp>

<comp id="3708" class="1004" name="P_row_4_load_load_fu_3708">
<pin_list>
<pin id="3709" dir="0" index="0" bw="32" slack="60"/>
<pin id="3710" dir="1" index="1" bw="32" slack="0"/>
</pin_list>
<bind>
<opcode="load(27) " fcode="load"/>
<opset="P_row_4_load/61 "/>
</bind>
</comp>

<comp id="3712" class="1004" name="P_row_5_load_load_fu_3712">
<pin_list>
<pin id="3713" dir="0" index="0" bw="32" slack="60"/>
<pin id="3714" dir="1" index="1" bw="32" slack="0"/>
</pin_list>
<bind>
<opcode="load(27) " fcode="load"/>
<opset="P_row_5_load/61 "/>
</bind>
</comp>

<comp id="3716" class="1004" name="P_row_6_load_load_fu_3716">
<pin_list>
<pin id="3717" dir="0" index="0" bw="32" slack="60"/>
<pin id="3718" dir="1" index="1" bw="32" slack="0"/>
</pin_list>
<bind>
<opcode="load(27) " fcode="load"/>
<opset="P_row_6_load/61 "/>
</bind>
</comp>

<comp id="3720" class="1004" name="P_row_7_load_load_fu_3720">
<pin_list>
<pin id="3721" dir="0" index="0" bw="32" slack="60"/>
<pin id="3722" dir="1" index="1" bw="32" slack="0"/>
</pin_list>
<bind>
<opcode="load(27) " fcode="load"/>
<opset="P_row_7_load/61 "/>
</bind>
</comp>

<comp id="3724" class="1004" name="P_row_8_load_load_fu_3724">
<pin_list>
<pin id="3725" dir="0" index="0" bw="32" slack="60"/>
<pin id="3726" dir="1" index="1" bw="32" slack="0"/>
</pin_list>
<bind>
<opcode="load(27) " fcode="load"/>
<opset="P_row_8_load/61 "/>
</bind>
</comp>

<comp id="3728" class="1004" name="P_row_9_load_load_fu_3728">
<pin_list>
<pin id="3729" dir="0" index="0" bw="32" slack="60"/>
<pin id="3730" dir="1" index="1" bw="32" slack="0"/>
</pin_list>
<bind>
<opcode="load(27) " fcode="load"/>
<opset="P_row_9_load/61 "/>
</bind>
</comp>

<comp id="3732" class="1004" name="P_row_10_load_load_fu_3732">
<pin_list>
<pin id="3733" dir="0" index="0" bw="32" slack="60"/>
<pin id="3734" dir="1" index="1" bw="32" slack="0"/>
</pin_list>
<bind>
<opcode="load(27) " fcode="load"/>
<opset="P_row_10_load/61 "/>
</bind>
</comp>

<comp id="3736" class="1004" name="P_row_11_load_load_fu_3736">
<pin_list>
<pin id="3737" dir="0" index="0" bw="32" slack="60"/>
<pin id="3738" dir="1" index="1" bw="32" slack="0"/>
</pin_list>
<bind>
<opcode="load(27) " fcode="load"/>
<opset="P_row_11_load/61 "/>
</bind>
</comp>

<comp id="3740" class="1004" name="P_row_12_load_load_fu_3740">
<pin_list>
<pin id="3741" dir="0" index="0" bw="32" slack="60"/>
<pin id="3742" dir="1" index="1" bw="32" slack="0"/>
</pin_list>
<bind>
<opcode="load(27) " fcode="load"/>
<opset="P_row_12_load/61 "/>
</bind>
</comp>

<comp id="3744" class="1004" name="P_row_13_load_load_fu_3744">
<pin_list>
<pin id="3745" dir="0" index="0" bw="32" slack="60"/>
<pin id="3746" dir="1" index="1" bw="32" slack="0"/>
</pin_list>
<bind>
<opcode="load(27) " fcode="load"/>
<opset="P_row_13_load/61 "/>
</bind>
</comp>

<comp id="3748" class="1004" name="P_row_14_load_load_fu_3748">
<pin_list>
<pin id="3749" dir="0" index="0" bw="32" slack="60"/>
<pin id="3750" dir="1" index="1" bw="32" slack="0"/>
</pin_list>
<bind>
<opcode="load(27) " fcode="load"/>
<opset="P_row_14_load/61 "/>
</bind>
</comp>

<comp id="3752" class="1004" name="P_row_15_load_load_fu_3752">
<pin_list>
<pin id="3753" dir="0" index="0" bw="32" slack="60"/>
<pin id="3754" dir="1" index="1" bw="32" slack="0"/>
</pin_list>
<bind>
<opcode="load(27) " fcode="load"/>
<opset="P_row_15_load/61 "/>
</bind>
</comp>

<comp id="3756" class="1004" name="P_row_16_load_load_fu_3756">
<pin_list>
<pin id="3757" dir="0" index="0" bw="32" slack="60"/>
<pin id="3758" dir="1" index="1" bw="32" slack="0"/>
</pin_list>
<bind>
<opcode="load(27) " fcode="load"/>
<opset="P_row_16_load/61 "/>
</bind>
</comp>

<comp id="3760" class="1004" name="P_row_17_load_load_fu_3760">
<pin_list>
<pin id="3761" dir="0" index="0" bw="32" slack="60"/>
<pin id="3762" dir="1" index="1" bw="32" slack="0"/>
</pin_list>
<bind>
<opcode="load(27) " fcode="load"/>
<opset="P_row_17_load/61 "/>
</bind>
</comp>

<comp id="3764" class="1004" name="P_row_18_load_load_fu_3764">
<pin_list>
<pin id="3765" dir="0" index="0" bw="32" slack="60"/>
<pin id="3766" dir="1" index="1" bw="32" slack="0"/>
</pin_list>
<bind>
<opcode="load(27) " fcode="load"/>
<opset="P_row_18_load/61 "/>
</bind>
</comp>

<comp id="3768" class="1004" name="P_row_19_load_load_fu_3768">
<pin_list>
<pin id="3769" dir="0" index="0" bw="32" slack="60"/>
<pin id="3770" dir="1" index="1" bw="32" slack="0"/>
</pin_list>
<bind>
<opcode="load(27) " fcode="load"/>
<opset="P_row_19_load/61 "/>
</bind>
</comp>

<comp id="3772" class="1004" name="P_row_20_load_load_fu_3772">
<pin_list>
<pin id="3773" dir="0" index="0" bw="32" slack="60"/>
<pin id="3774" dir="1" index="1" bw="32" slack="0"/>
</pin_list>
<bind>
<opcode="load(27) " fcode="load"/>
<opset="P_row_20_load/61 "/>
</bind>
</comp>

<comp id="3776" class="1004" name="P_row_21_load_load_fu_3776">
<pin_list>
<pin id="3777" dir="0" index="0" bw="32" slack="60"/>
<pin id="3778" dir="1" index="1" bw="32" slack="0"/>
</pin_list>
<bind>
<opcode="load(27) " fcode="load"/>
<opset="P_row_21_load/61 "/>
</bind>
</comp>

<comp id="3780" class="1004" name="P_row_22_load_load_fu_3780">
<pin_list>
<pin id="3781" dir="0" index="0" bw="32" slack="60"/>
<pin id="3782" dir="1" index="1" bw="32" slack="0"/>
</pin_list>
<bind>
<opcode="load(27) " fcode="load"/>
<opset="P_row_22_load/61 "/>
</bind>
</comp>

<comp id="3784" class="1004" name="P_row_23_load_load_fu_3784">
<pin_list>
<pin id="3785" dir="0" index="0" bw="32" slack="60"/>
<pin id="3786" dir="1" index="1" bw="32" slack="0"/>
</pin_list>
<bind>
<opcode="load(27) " fcode="load"/>
<opset="P_row_23_load/61 "/>
</bind>
</comp>

<comp id="3788" class="1004" name="P_row_24_load_load_fu_3788">
<pin_list>
<pin id="3789" dir="0" index="0" bw="32" slack="60"/>
<pin id="3790" dir="1" index="1" bw="32" slack="0"/>
</pin_list>
<bind>
<opcode="load(27) " fcode="load"/>
<opset="P_row_24_load/61 "/>
</bind>
</comp>

<comp id="3792" class="1004" name="P_row_25_load_load_fu_3792">
<pin_list>
<pin id="3793" dir="0" index="0" bw="32" slack="60"/>
<pin id="3794" dir="1" index="1" bw="32" slack="0"/>
</pin_list>
<bind>
<opcode="load(27) " fcode="load"/>
<opset="P_row_25_load/61 "/>
</bind>
</comp>

<comp id="3796" class="1004" name="P_row_26_load_load_fu_3796">
<pin_list>
<pin id="3797" dir="0" index="0" bw="32" slack="60"/>
<pin id="3798" dir="1" index="1" bw="32" slack="0"/>
</pin_list>
<bind>
<opcode="load(27) " fcode="load"/>
<opset="P_row_26_load/61 "/>
</bind>
</comp>

<comp id="3800" class="1004" name="P_row_27_load_load_fu_3800">
<pin_list>
<pin id="3801" dir="0" index="0" bw="32" slack="60"/>
<pin id="3802" dir="1" index="1" bw="32" slack="0"/>
</pin_list>
<bind>
<opcode="load(27) " fcode="load"/>
<opset="P_row_27_load/61 "/>
</bind>
</comp>

<comp id="3804" class="1004" name="P_row_28_load_load_fu_3804">
<pin_list>
<pin id="3805" dir="0" index="0" bw="32" slack="60"/>
<pin id="3806" dir="1" index="1" bw="32" slack="0"/>
</pin_list>
<bind>
<opcode="load(27) " fcode="load"/>
<opset="P_row_28_load/61 "/>
</bind>
</comp>

<comp id="3808" class="1004" name="P_row_29_load_load_fu_3808">
<pin_list>
<pin id="3809" dir="0" index="0" bw="32" slack="60"/>
<pin id="3810" dir="1" index="1" bw="32" slack="0"/>
</pin_list>
<bind>
<opcode="load(27) " fcode="load"/>
<opset="P_row_29_load/61 "/>
</bind>
</comp>

<comp id="3812" class="1004" name="P_row_30_load_load_fu_3812">
<pin_list>
<pin id="3813" dir="0" index="0" bw="32" slack="60"/>
<pin id="3814" dir="1" index="1" bw="32" slack="0"/>
</pin_list>
<bind>
<opcode="load(27) " fcode="load"/>
<opset="P_row_30_load/61 "/>
</bind>
</comp>

<comp id="3816" class="1004" name="P_row_31_load_load_fu_3816">
<pin_list>
<pin id="3817" dir="0" index="0" bw="32" slack="60"/>
<pin id="3818" dir="1" index="1" bw="32" slack="0"/>
</pin_list>
<bind>
<opcode="load(27) " fcode="load"/>
<opset="P_row_31_load/61 "/>
</bind>
</comp>

<comp id="3820" class="1004" name="P_row_32_load_load_fu_3820">
<pin_list>
<pin id="3821" dir="0" index="0" bw="32" slack="60"/>
<pin id="3822" dir="1" index="1" bw="32" slack="0"/>
</pin_list>
<bind>
<opcode="load(27) " fcode="load"/>
<opset="P_row_32_load/61 "/>
</bind>
</comp>

<comp id="3824" class="1004" name="P_row_33_load_load_fu_3824">
<pin_list>
<pin id="3825" dir="0" index="0" bw="32" slack="60"/>
<pin id="3826" dir="1" index="1" bw="32" slack="0"/>
</pin_list>
<bind>
<opcode="load(27) " fcode="load"/>
<opset="P_row_33_load/61 "/>
</bind>
</comp>

<comp id="3828" class="1004" name="P_row_34_load_load_fu_3828">
<pin_list>
<pin id="3829" dir="0" index="0" bw="32" slack="60"/>
<pin id="3830" dir="1" index="1" bw="32" slack="0"/>
</pin_list>
<bind>
<opcode="load(27) " fcode="load"/>
<opset="P_row_34_load/61 "/>
</bind>
</comp>

<comp id="3832" class="1004" name="P_row_35_load_load_fu_3832">
<pin_list>
<pin id="3833" dir="0" index="0" bw="32" slack="60"/>
<pin id="3834" dir="1" index="1" bw="32" slack="0"/>
</pin_list>
<bind>
<opcode="load(27) " fcode="load"/>
<opset="P_row_35_load/61 "/>
</bind>
</comp>

<comp id="3836" class="1004" name="P_row_36_load_load_fu_3836">
<pin_list>
<pin id="3837" dir="0" index="0" bw="32" slack="60"/>
<pin id="3838" dir="1" index="1" bw="32" slack="0"/>
</pin_list>
<bind>
<opcode="load(27) " fcode="load"/>
<opset="P_row_36_load/61 "/>
</bind>
</comp>

<comp id="3840" class="1004" name="P_row_37_load_load_fu_3840">
<pin_list>
<pin id="3841" dir="0" index="0" bw="32" slack="60"/>
<pin id="3842" dir="1" index="1" bw="32" slack="0"/>
</pin_list>
<bind>
<opcode="load(27) " fcode="load"/>
<opset="P_row_37_load/61 "/>
</bind>
</comp>

<comp id="3844" class="1004" name="P_row_38_load_load_fu_3844">
<pin_list>
<pin id="3845" dir="0" index="0" bw="32" slack="60"/>
<pin id="3846" dir="1" index="1" bw="32" slack="0"/>
</pin_list>
<bind>
<opcode="load(27) " fcode="load"/>
<opset="P_row_38_load/61 "/>
</bind>
</comp>

<comp id="3848" class="1004" name="P_row_39_load_load_fu_3848">
<pin_list>
<pin id="3849" dir="0" index="0" bw="32" slack="60"/>
<pin id="3850" dir="1" index="1" bw="32" slack="0"/>
</pin_list>
<bind>
<opcode="load(27) " fcode="load"/>
<opset="P_row_39_load/61 "/>
</bind>
</comp>

<comp id="3852" class="1004" name="P_row_40_load_load_fu_3852">
<pin_list>
<pin id="3853" dir="0" index="0" bw="32" slack="60"/>
<pin id="3854" dir="1" index="1" bw="32" slack="0"/>
</pin_list>
<bind>
<opcode="load(27) " fcode="load"/>
<opset="P_row_40_load/61 "/>
</bind>
</comp>

<comp id="3856" class="1004" name="P_row_41_load_load_fu_3856">
<pin_list>
<pin id="3857" dir="0" index="0" bw="32" slack="60"/>
<pin id="3858" dir="1" index="1" bw="32" slack="0"/>
</pin_list>
<bind>
<opcode="load(27) " fcode="load"/>
<opset="P_row_41_load/61 "/>
</bind>
</comp>

<comp id="3860" class="1004" name="P_row_42_load_load_fu_3860">
<pin_list>
<pin id="3861" dir="0" index="0" bw="32" slack="60"/>
<pin id="3862" dir="1" index="1" bw="32" slack="0"/>
</pin_list>
<bind>
<opcode="load(27) " fcode="load"/>
<opset="P_row_42_load/61 "/>
</bind>
</comp>

<comp id="3864" class="1004" name="P_row_43_load_load_fu_3864">
<pin_list>
<pin id="3865" dir="0" index="0" bw="32" slack="60"/>
<pin id="3866" dir="1" index="1" bw="32" slack="0"/>
</pin_list>
<bind>
<opcode="load(27) " fcode="load"/>
<opset="P_row_43_load/61 "/>
</bind>
</comp>

<comp id="3868" class="1004" name="P_row_44_load_load_fu_3868">
<pin_list>
<pin id="3869" dir="0" index="0" bw="32" slack="60"/>
<pin id="3870" dir="1" index="1" bw="32" slack="0"/>
</pin_list>
<bind>
<opcode="load(27) " fcode="load"/>
<opset="P_row_44_load/61 "/>
</bind>
</comp>

<comp id="3872" class="1004" name="P_row_45_load_load_fu_3872">
<pin_list>
<pin id="3873" dir="0" index="0" bw="32" slack="60"/>
<pin id="3874" dir="1" index="1" bw="32" slack="0"/>
</pin_list>
<bind>
<opcode="load(27) " fcode="load"/>
<opset="P_row_45_load/61 "/>
</bind>
</comp>

<comp id="3876" class="1004" name="P_row_46_load_load_fu_3876">
<pin_list>
<pin id="3877" dir="0" index="0" bw="32" slack="60"/>
<pin id="3878" dir="1" index="1" bw="32" slack="0"/>
</pin_list>
<bind>
<opcode="load(27) " fcode="load"/>
<opset="P_row_46_load/61 "/>
</bind>
</comp>

<comp id="3880" class="1004" name="P_row_47_load_load_fu_3880">
<pin_list>
<pin id="3881" dir="0" index="0" bw="32" slack="60"/>
<pin id="3882" dir="1" index="1" bw="32" slack="0"/>
</pin_list>
<bind>
<opcode="load(27) " fcode="load"/>
<opset="P_row_47_load/61 "/>
</bind>
</comp>

<comp id="3884" class="1004" name="P_row_48_load_load_fu_3884">
<pin_list>
<pin id="3885" dir="0" index="0" bw="32" slack="60"/>
<pin id="3886" dir="1" index="1" bw="32" slack="0"/>
</pin_list>
<bind>
<opcode="load(27) " fcode="load"/>
<opset="P_row_48_load/61 "/>
</bind>
</comp>

<comp id="3888" class="1004" name="P_row_49_load_load_fu_3888">
<pin_list>
<pin id="3889" dir="0" index="0" bw="32" slack="60"/>
<pin id="3890" dir="1" index="1" bw="32" slack="0"/>
</pin_list>
<bind>
<opcode="load(27) " fcode="load"/>
<opset="P_row_49_load/61 "/>
</bind>
</comp>

<comp id="3892" class="1004" name="P_row_50_load_load_fu_3892">
<pin_list>
<pin id="3893" dir="0" index="0" bw="32" slack="60"/>
<pin id="3894" dir="1" index="1" bw="32" slack="0"/>
</pin_list>
<bind>
<opcode="load(27) " fcode="load"/>
<opset="P_row_50_load/61 "/>
</bind>
</comp>

<comp id="3896" class="1004" name="P_row_51_load_load_fu_3896">
<pin_list>
<pin id="3897" dir="0" index="0" bw="32" slack="60"/>
<pin id="3898" dir="1" index="1" bw="32" slack="0"/>
</pin_list>
<bind>
<opcode="load(27) " fcode="load"/>
<opset="P_row_51_load/61 "/>
</bind>
</comp>

<comp id="3900" class="1004" name="P_row_52_load_load_fu_3900">
<pin_list>
<pin id="3901" dir="0" index="0" bw="32" slack="60"/>
<pin id="3902" dir="1" index="1" bw="32" slack="0"/>
</pin_list>
<bind>
<opcode="load(27) " fcode="load"/>
<opset="P_row_52_load/61 "/>
</bind>
</comp>

<comp id="3904" class="1004" name="P_row_53_load_load_fu_3904">
<pin_list>
<pin id="3905" dir="0" index="0" bw="32" slack="60"/>
<pin id="3906" dir="1" index="1" bw="32" slack="0"/>
</pin_list>
<bind>
<opcode="load(27) " fcode="load"/>
<opset="P_row_53_load/61 "/>
</bind>
</comp>

<comp id="3908" class="1004" name="P_row_54_load_load_fu_3908">
<pin_list>
<pin id="3909" dir="0" index="0" bw="32" slack="60"/>
<pin id="3910" dir="1" index="1" bw="32" slack="0"/>
</pin_list>
<bind>
<opcode="load(27) " fcode="load"/>
<opset="P_row_54_load/61 "/>
</bind>
</comp>

<comp id="3912" class="1004" name="P_row_55_load_load_fu_3912">
<pin_list>
<pin id="3913" dir="0" index="0" bw="32" slack="60"/>
<pin id="3914" dir="1" index="1" bw="32" slack="0"/>
</pin_list>
<bind>
<opcode="load(27) " fcode="load"/>
<opset="P_row_55_load/61 "/>
</bind>
</comp>

<comp id="3916" class="1004" name="P_row_56_load_load_fu_3916">
<pin_list>
<pin id="3917" dir="0" index="0" bw="32" slack="60"/>
<pin id="3918" dir="1" index="1" bw="32" slack="0"/>
</pin_list>
<bind>
<opcode="load(27) " fcode="load"/>
<opset="P_row_56_load/61 "/>
</bind>
</comp>

<comp id="3920" class="1004" name="P_row_57_load_load_fu_3920">
<pin_list>
<pin id="3921" dir="0" index="0" bw="32" slack="60"/>
<pin id="3922" dir="1" index="1" bw="32" slack="0"/>
</pin_list>
<bind>
<opcode="load(27) " fcode="load"/>
<opset="P_row_57_load/61 "/>
</bind>
</comp>

<comp id="3924" class="1004" name="P_row_58_load_load_fu_3924">
<pin_list>
<pin id="3925" dir="0" index="0" bw="32" slack="60"/>
<pin id="3926" dir="1" index="1" bw="32" slack="0"/>
</pin_list>
<bind>
<opcode="load(27) " fcode="load"/>
<opset="P_row_58_load/61 "/>
</bind>
</comp>

<comp id="3928" class="1004" name="P_row_59_load_load_fu_3928">
<pin_list>
<pin id="3929" dir="0" index="0" bw="32" slack="60"/>
<pin id="3930" dir="1" index="1" bw="32" slack="0"/>
</pin_list>
<bind>
<opcode="load(27) " fcode="load"/>
<opset="P_row_59_load/61 "/>
</bind>
</comp>

<comp id="3932" class="1004" name="P_row_60_load_load_fu_3932">
<pin_list>
<pin id="3933" dir="0" index="0" bw="32" slack="60"/>
<pin id="3934" dir="1" index="1" bw="32" slack="0"/>
</pin_list>
<bind>
<opcode="load(27) " fcode="load"/>
<opset="P_row_60_load/61 "/>
</bind>
</comp>

<comp id="3936" class="1004" name="P_row_61_load_load_fu_3936">
<pin_list>
<pin id="3937" dir="0" index="0" bw="32" slack="60"/>
<pin id="3938" dir="1" index="1" bw="32" slack="0"/>
</pin_list>
<bind>
<opcode="load(27) " fcode="load"/>
<opset="P_row_61_load/61 "/>
</bind>
</comp>

<comp id="3940" class="1004" name="P_row_62_load_load_fu_3940">
<pin_list>
<pin id="3941" dir="0" index="0" bw="32" slack="60"/>
<pin id="3942" dir="1" index="1" bw="32" slack="0"/>
</pin_list>
<bind>
<opcode="load(27) " fcode="load"/>
<opset="P_row_62_load/61 "/>
</bind>
</comp>

<comp id="3944" class="1004" name="P_row_63_load_load_fu_3944">
<pin_list>
<pin id="3945" dir="0" index="0" bw="32" slack="60"/>
<pin id="3946" dir="1" index="1" bw="32" slack="0"/>
</pin_list>
<bind>
<opcode="load(27) " fcode="load"/>
<opset="P_row_63_load/61 "/>
</bind>
</comp>

<comp id="3948" class="1004" name="P_row_64_load_load_fu_3948">
<pin_list>
<pin id="3949" dir="0" index="0" bw="32" slack="60"/>
<pin id="3950" dir="1" index="1" bw="32" slack="0"/>
</pin_list>
<bind>
<opcode="load(27) " fcode="load"/>
<opset="P_row_64_load/61 "/>
</bind>
</comp>

<comp id="3952" class="1004" name="P_row_65_load_load_fu_3952">
<pin_list>
<pin id="3953" dir="0" index="0" bw="32" slack="60"/>
<pin id="3954" dir="1" index="1" bw="32" slack="0"/>
</pin_list>
<bind>
<opcode="load(27) " fcode="load"/>
<opset="P_row_65_load/61 "/>
</bind>
</comp>

<comp id="3956" class="1004" name="P_row_66_load_load_fu_3956">
<pin_list>
<pin id="3957" dir="0" index="0" bw="32" slack="60"/>
<pin id="3958" dir="1" index="1" bw="32" slack="0"/>
</pin_list>
<bind>
<opcode="load(27) " fcode="load"/>
<opset="P_row_66_load/61 "/>
</bind>
</comp>

<comp id="3960" class="1004" name="P_row_67_load_load_fu_3960">
<pin_list>
<pin id="3961" dir="0" index="0" bw="32" slack="60"/>
<pin id="3962" dir="1" index="1" bw="32" slack="0"/>
</pin_list>
<bind>
<opcode="load(27) " fcode="load"/>
<opset="P_row_67_load/61 "/>
</bind>
</comp>

<comp id="3964" class="1004" name="P_row_68_load_load_fu_3964">
<pin_list>
<pin id="3965" dir="0" index="0" bw="32" slack="60"/>
<pin id="3966" dir="1" index="1" bw="32" slack="0"/>
</pin_list>
<bind>
<opcode="load(27) " fcode="load"/>
<opset="P_row_68_load/61 "/>
</bind>
</comp>

<comp id="3968" class="1004" name="P_row_69_load_load_fu_3968">
<pin_list>
<pin id="3969" dir="0" index="0" bw="32" slack="60"/>
<pin id="3970" dir="1" index="1" bw="32" slack="0"/>
</pin_list>
<bind>
<opcode="load(27) " fcode="load"/>
<opset="P_row_69_load/61 "/>
</bind>
</comp>

<comp id="3972" class="1004" name="P_row_70_load_load_fu_3972">
<pin_list>
<pin id="3973" dir="0" index="0" bw="32" slack="60"/>
<pin id="3974" dir="1" index="1" bw="32" slack="0"/>
</pin_list>
<bind>
<opcode="load(27) " fcode="load"/>
<opset="P_row_70_load/61 "/>
</bind>
</comp>

<comp id="3976" class="1004" name="P_row_71_load_load_fu_3976">
<pin_list>
<pin id="3977" dir="0" index="0" bw="32" slack="60"/>
<pin id="3978" dir="1" index="1" bw="32" slack="0"/>
</pin_list>
<bind>
<opcode="load(27) " fcode="load"/>
<opset="P_row_71_load/61 "/>
</bind>
</comp>

<comp id="3980" class="1004" name="P_row_72_load_load_fu_3980">
<pin_list>
<pin id="3981" dir="0" index="0" bw="32" slack="60"/>
<pin id="3982" dir="1" index="1" bw="32" slack="0"/>
</pin_list>
<bind>
<opcode="load(27) " fcode="load"/>
<opset="P_row_72_load/61 "/>
</bind>
</comp>

<comp id="3984" class="1004" name="P_row_73_load_load_fu_3984">
<pin_list>
<pin id="3985" dir="0" index="0" bw="32" slack="60"/>
<pin id="3986" dir="1" index="1" bw="32" slack="0"/>
</pin_list>
<bind>
<opcode="load(27) " fcode="load"/>
<opset="P_row_73_load/61 "/>
</bind>
</comp>

<comp id="3988" class="1004" name="P_row_74_load_load_fu_3988">
<pin_list>
<pin id="3989" dir="0" index="0" bw="32" slack="60"/>
<pin id="3990" dir="1" index="1" bw="32" slack="0"/>
</pin_list>
<bind>
<opcode="load(27) " fcode="load"/>
<opset="P_row_74_load/61 "/>
</bind>
</comp>

<comp id="3992" class="1004" name="P_row_75_load_load_fu_3992">
<pin_list>
<pin id="3993" dir="0" index="0" bw="32" slack="60"/>
<pin id="3994" dir="1" index="1" bw="32" slack="0"/>
</pin_list>
<bind>
<opcode="load(27) " fcode="load"/>
<opset="P_row_75_load/61 "/>
</bind>
</comp>

<comp id="3996" class="1004" name="P_row_76_load_load_fu_3996">
<pin_list>
<pin id="3997" dir="0" index="0" bw="32" slack="60"/>
<pin id="3998" dir="1" index="1" bw="32" slack="0"/>
</pin_list>
<bind>
<opcode="load(27) " fcode="load"/>
<opset="P_row_76_load/61 "/>
</bind>
</comp>

<comp id="4000" class="1004" name="P_row_77_load_load_fu_4000">
<pin_list>
<pin id="4001" dir="0" index="0" bw="32" slack="60"/>
<pin id="4002" dir="1" index="1" bw="32" slack="0"/>
</pin_list>
<bind>
<opcode="load(27) " fcode="load"/>
<opset="P_row_77_load/61 "/>
</bind>
</comp>

<comp id="4004" class="1004" name="P_row_78_load_load_fu_4004">
<pin_list>
<pin id="4005" dir="0" index="0" bw="32" slack="60"/>
<pin id="4006" dir="1" index="1" bw="32" slack="0"/>
</pin_list>
<bind>
<opcode="load(27) " fcode="load"/>
<opset="P_row_78_load/61 "/>
</bind>
</comp>

<comp id="4008" class="1004" name="P_row_79_load_load_fu_4008">
<pin_list>
<pin id="4009" dir="0" index="0" bw="32" slack="60"/>
<pin id="4010" dir="1" index="1" bw="32" slack="0"/>
</pin_list>
<bind>
<opcode="load(27) " fcode="load"/>
<opset="P_row_79_load/61 "/>
</bind>
</comp>

<comp id="4012" class="1004" name="P_row_80_load_load_fu_4012">
<pin_list>
<pin id="4013" dir="0" index="0" bw="32" slack="60"/>
<pin id="4014" dir="1" index="1" bw="32" slack="0"/>
</pin_list>
<bind>
<opcode="load(27) " fcode="load"/>
<opset="P_row_80_load/61 "/>
</bind>
</comp>

<comp id="4016" class="1004" name="P_row_81_load_load_fu_4016">
<pin_list>
<pin id="4017" dir="0" index="0" bw="32" slack="60"/>
<pin id="4018" dir="1" index="1" bw="32" slack="0"/>
</pin_list>
<bind>
<opcode="load(27) " fcode="load"/>
<opset="P_row_81_load/61 "/>
</bind>
</comp>

<comp id="4020" class="1004" name="P_row_82_load_load_fu_4020">
<pin_list>
<pin id="4021" dir="0" index="0" bw="32" slack="60"/>
<pin id="4022" dir="1" index="1" bw="32" slack="0"/>
</pin_list>
<bind>
<opcode="load(27) " fcode="load"/>
<opset="P_row_82_load/61 "/>
</bind>
</comp>

<comp id="4024" class="1004" name="P_row_83_load_load_fu_4024">
<pin_list>
<pin id="4025" dir="0" index="0" bw="32" slack="60"/>
<pin id="4026" dir="1" index="1" bw="32" slack="0"/>
</pin_list>
<bind>
<opcode="load(27) " fcode="load"/>
<opset="P_row_83_load/61 "/>
</bind>
</comp>

<comp id="4028" class="1004" name="P_row_84_load_load_fu_4028">
<pin_list>
<pin id="4029" dir="0" index="0" bw="32" slack="60"/>
<pin id="4030" dir="1" index="1" bw="32" slack="0"/>
</pin_list>
<bind>
<opcode="load(27) " fcode="load"/>
<opset="P_row_84_load/61 "/>
</bind>
</comp>

<comp id="4032" class="1004" name="P_row_85_load_load_fu_4032">
<pin_list>
<pin id="4033" dir="0" index="0" bw="32" slack="60"/>
<pin id="4034" dir="1" index="1" bw="32" slack="0"/>
</pin_list>
<bind>
<opcode="load(27) " fcode="load"/>
<opset="P_row_85_load/61 "/>
</bind>
</comp>

<comp id="4036" class="1004" name="P_row_86_load_load_fu_4036">
<pin_list>
<pin id="4037" dir="0" index="0" bw="32" slack="60"/>
<pin id="4038" dir="1" index="1" bw="32" slack="0"/>
</pin_list>
<bind>
<opcode="load(27) " fcode="load"/>
<opset="P_row_86_load/61 "/>
</bind>
</comp>

<comp id="4040" class="1004" name="P_row_87_load_load_fu_4040">
<pin_list>
<pin id="4041" dir="0" index="0" bw="32" slack="60"/>
<pin id="4042" dir="1" index="1" bw="32" slack="0"/>
</pin_list>
<bind>
<opcode="load(27) " fcode="load"/>
<opset="P_row_87_load/61 "/>
</bind>
</comp>

<comp id="4044" class="1004" name="P_row_88_load_load_fu_4044">
<pin_list>
<pin id="4045" dir="0" index="0" bw="32" slack="60"/>
<pin id="4046" dir="1" index="1" bw="32" slack="0"/>
</pin_list>
<bind>
<opcode="load(27) " fcode="load"/>
<opset="P_row_88_load/61 "/>
</bind>
</comp>

<comp id="4048" class="1004" name="P_row_89_load_load_fu_4048">
<pin_list>
<pin id="4049" dir="0" index="0" bw="32" slack="60"/>
<pin id="4050" dir="1" index="1" bw="32" slack="0"/>
</pin_list>
<bind>
<opcode="load(27) " fcode="load"/>
<opset="P_row_89_load/61 "/>
</bind>
</comp>

<comp id="4052" class="1004" name="P_row_90_load_load_fu_4052">
<pin_list>
<pin id="4053" dir="0" index="0" bw="32" slack="60"/>
<pin id="4054" dir="1" index="1" bw="32" slack="0"/>
</pin_list>
<bind>
<opcode="load(27) " fcode="load"/>
<opset="P_row_90_load/61 "/>
</bind>
</comp>

<comp id="4056" class="1004" name="P_row_91_load_load_fu_4056">
<pin_list>
<pin id="4057" dir="0" index="0" bw="32" slack="60"/>
<pin id="4058" dir="1" index="1" bw="32" slack="0"/>
</pin_list>
<bind>
<opcode="load(27) " fcode="load"/>
<opset="P_row_91_load/61 "/>
</bind>
</comp>

<comp id="4060" class="1004" name="P_row_92_load_load_fu_4060">
<pin_list>
<pin id="4061" dir="0" index="0" bw="32" slack="60"/>
<pin id="4062" dir="1" index="1" bw="32" slack="0"/>
</pin_list>
<bind>
<opcode="load(27) " fcode="load"/>
<opset="P_row_92_load/61 "/>
</bind>
</comp>

<comp id="4064" class="1004" name="P_row_93_load_load_fu_4064">
<pin_list>
<pin id="4065" dir="0" index="0" bw="32" slack="60"/>
<pin id="4066" dir="1" index="1" bw="32" slack="0"/>
</pin_list>
<bind>
<opcode="load(27) " fcode="load"/>
<opset="P_row_93_load/61 "/>
</bind>
</comp>

<comp id="4068" class="1004" name="P_row_94_load_load_fu_4068">
<pin_list>
<pin id="4069" dir="0" index="0" bw="32" slack="60"/>
<pin id="4070" dir="1" index="1" bw="32" slack="0"/>
</pin_list>
<bind>
<opcode="load(27) " fcode="load"/>
<opset="P_row_94_load/61 "/>
</bind>
</comp>

<comp id="4072" class="1004" name="P_row_95_load_load_fu_4072">
<pin_list>
<pin id="4073" dir="0" index="0" bw="32" slack="60"/>
<pin id="4074" dir="1" index="1" bw="32" slack="0"/>
</pin_list>
<bind>
<opcode="load(27) " fcode="load"/>
<opset="P_row_95_load/61 "/>
</bind>
</comp>

<comp id="4076" class="1004" name="P_row_96_load_load_fu_4076">
<pin_list>
<pin id="4077" dir="0" index="0" bw="32" slack="60"/>
<pin id="4078" dir="1" index="1" bw="32" slack="0"/>
</pin_list>
<bind>
<opcode="load(27) " fcode="load"/>
<opset="P_row_96_load/61 "/>
</bind>
</comp>

<comp id="4080" class="1004" name="P_row_97_load_load_fu_4080">
<pin_list>
<pin id="4081" dir="0" index="0" bw="32" slack="60"/>
<pin id="4082" dir="1" index="1" bw="32" slack="0"/>
</pin_list>
<bind>
<opcode="load(27) " fcode="load"/>
<opset="P_row_97_load/61 "/>
</bind>
</comp>

<comp id="4084" class="1004" name="P_row_98_load_load_fu_4084">
<pin_list>
<pin id="4085" dir="0" index="0" bw="32" slack="60"/>
<pin id="4086" dir="1" index="1" bw="32" slack="0"/>
</pin_list>
<bind>
<opcode="load(27) " fcode="load"/>
<opset="P_row_98_load/61 "/>
</bind>
</comp>

<comp id="4088" class="1004" name="P_row_99_load_load_fu_4088">
<pin_list>
<pin id="4089" dir="0" index="0" bw="32" slack="60"/>
<pin id="4090" dir="1" index="1" bw="32" slack="0"/>
</pin_list>
<bind>
<opcode="load(27) " fcode="load"/>
<opset="P_row_99_load/61 "/>
</bind>
</comp>

<comp id="4092" class="1004" name="P_row_100_load_load_fu_4092">
<pin_list>
<pin id="4093" dir="0" index="0" bw="32" slack="60"/>
<pin id="4094" dir="1" index="1" bw="32" slack="0"/>
</pin_list>
<bind>
<opcode="load(27) " fcode="load"/>
<opset="P_row_100_load/61 "/>
</bind>
</comp>

<comp id="4096" class="1004" name="P_row_101_load_load_fu_4096">
<pin_list>
<pin id="4097" dir="0" index="0" bw="32" slack="60"/>
<pin id="4098" dir="1" index="1" bw="32" slack="0"/>
</pin_list>
<bind>
<opcode="load(27) " fcode="load"/>
<opset="P_row_101_load/61 "/>
</bind>
</comp>

<comp id="4100" class="1004" name="P_row_102_load_load_fu_4100">
<pin_list>
<pin id="4101" dir="0" index="0" bw="32" slack="60"/>
<pin id="4102" dir="1" index="1" bw="32" slack="0"/>
</pin_list>
<bind>
<opcode="load(27) " fcode="load"/>
<opset="P_row_102_load/61 "/>
</bind>
</comp>

<comp id="4104" class="1004" name="P_row_103_load_load_fu_4104">
<pin_list>
<pin id="4105" dir="0" index="0" bw="32" slack="60"/>
<pin id="4106" dir="1" index="1" bw="32" slack="0"/>
</pin_list>
<bind>
<opcode="load(27) " fcode="load"/>
<opset="P_row_103_load/61 "/>
</bind>
</comp>

<comp id="4108" class="1004" name="P_row_104_load_load_fu_4108">
<pin_list>
<pin id="4109" dir="0" index="0" bw="32" slack="60"/>
<pin id="4110" dir="1" index="1" bw="32" slack="0"/>
</pin_list>
<bind>
<opcode="load(27) " fcode="load"/>
<opset="P_row_104_load/61 "/>
</bind>
</comp>

<comp id="4112" class="1004" name="P_row_105_load_load_fu_4112">
<pin_list>
<pin id="4113" dir="0" index="0" bw="32" slack="60"/>
<pin id="4114" dir="1" index="1" bw="32" slack="0"/>
</pin_list>
<bind>
<opcode="load(27) " fcode="load"/>
<opset="P_row_105_load/61 "/>
</bind>
</comp>

<comp id="4116" class="1004" name="P_row_106_load_load_fu_4116">
<pin_list>
<pin id="4117" dir="0" index="0" bw="32" slack="60"/>
<pin id="4118" dir="1" index="1" bw="32" slack="0"/>
</pin_list>
<bind>
<opcode="load(27) " fcode="load"/>
<opset="P_row_106_load/61 "/>
</bind>
</comp>

<comp id="4120" class="1004" name="P_row_107_load_load_fu_4120">
<pin_list>
<pin id="4121" dir="0" index="0" bw="32" slack="60"/>
<pin id="4122" dir="1" index="1" bw="32" slack="0"/>
</pin_list>
<bind>
<opcode="load(27) " fcode="load"/>
<opset="P_row_107_load/61 "/>
</bind>
</comp>

<comp id="4124" class="1004" name="P_row_108_load_load_fu_4124">
<pin_list>
<pin id="4125" dir="0" index="0" bw="32" slack="60"/>
<pin id="4126" dir="1" index="1" bw="32" slack="0"/>
</pin_list>
<bind>
<opcode="load(27) " fcode="load"/>
<opset="P_row_108_load/61 "/>
</bind>
</comp>

<comp id="4128" class="1004" name="P_row_109_load_load_fu_4128">
<pin_list>
<pin id="4129" dir="0" index="0" bw="32" slack="60"/>
<pin id="4130" dir="1" index="1" bw="32" slack="0"/>
</pin_list>
<bind>
<opcode="load(27) " fcode="load"/>
<opset="P_row_109_load/61 "/>
</bind>
</comp>

<comp id="4132" class="1004" name="P_row_110_load_load_fu_4132">
<pin_list>
<pin id="4133" dir="0" index="0" bw="32" slack="60"/>
<pin id="4134" dir="1" index="1" bw="32" slack="0"/>
</pin_list>
<bind>
<opcode="load(27) " fcode="load"/>
<opset="P_row_110_load/61 "/>
</bind>
</comp>

<comp id="4136" class="1004" name="P_row_111_load_load_fu_4136">
<pin_list>
<pin id="4137" dir="0" index="0" bw="32" slack="60"/>
<pin id="4138" dir="1" index="1" bw="32" slack="0"/>
</pin_list>
<bind>
<opcode="load(27) " fcode="load"/>
<opset="P_row_111_load/61 "/>
</bind>
</comp>

<comp id="4140" class="1004" name="P_row_112_load_load_fu_4140">
<pin_list>
<pin id="4141" dir="0" index="0" bw="32" slack="60"/>
<pin id="4142" dir="1" index="1" bw="32" slack="0"/>
</pin_list>
<bind>
<opcode="load(27) " fcode="load"/>
<opset="P_row_112_load/61 "/>
</bind>
</comp>

<comp id="4144" class="1004" name="P_row_113_load_load_fu_4144">
<pin_list>
<pin id="4145" dir="0" index="0" bw="32" slack="60"/>
<pin id="4146" dir="1" index="1" bw="32" slack="0"/>
</pin_list>
<bind>
<opcode="load(27) " fcode="load"/>
<opset="P_row_113_load/61 "/>
</bind>
</comp>

<comp id="4148" class="1004" name="P_row_114_load_load_fu_4148">
<pin_list>
<pin id="4149" dir="0" index="0" bw="32" slack="60"/>
<pin id="4150" dir="1" index="1" bw="32" slack="0"/>
</pin_list>
<bind>
<opcode="load(27) " fcode="load"/>
<opset="P_row_114_load/61 "/>
</bind>
</comp>

<comp id="4152" class="1004" name="P_row_115_load_load_fu_4152">
<pin_list>
<pin id="4153" dir="0" index="0" bw="32" slack="60"/>
<pin id="4154" dir="1" index="1" bw="32" slack="0"/>
</pin_list>
<bind>
<opcode="load(27) " fcode="load"/>
<opset="P_row_115_load/61 "/>
</bind>
</comp>

<comp id="4156" class="1004" name="P_row_116_load_load_fu_4156">
<pin_list>
<pin id="4157" dir="0" index="0" bw="32" slack="60"/>
<pin id="4158" dir="1" index="1" bw="32" slack="0"/>
</pin_list>
<bind>
<opcode="load(27) " fcode="load"/>
<opset="P_row_116_load/61 "/>
</bind>
</comp>

<comp id="4160" class="1004" name="P_row_117_load_load_fu_4160">
<pin_list>
<pin id="4161" dir="0" index="0" bw="32" slack="60"/>
<pin id="4162" dir="1" index="1" bw="32" slack="0"/>
</pin_list>
<bind>
<opcode="load(27) " fcode="load"/>
<opset="P_row_117_load/61 "/>
</bind>
</comp>

<comp id="4164" class="1004" name="P_row_118_load_load_fu_4164">
<pin_list>
<pin id="4165" dir="0" index="0" bw="32" slack="60"/>
<pin id="4166" dir="1" index="1" bw="32" slack="0"/>
</pin_list>
<bind>
<opcode="load(27) " fcode="load"/>
<opset="P_row_118_load/61 "/>
</bind>
</comp>

<comp id="4168" class="1004" name="P_row_119_load_load_fu_4168">
<pin_list>
<pin id="4169" dir="0" index="0" bw="32" slack="60"/>
<pin id="4170" dir="1" index="1" bw="32" slack="0"/>
</pin_list>
<bind>
<opcode="load(27) " fcode="load"/>
<opset="P_row_119_load/61 "/>
</bind>
</comp>

<comp id="4172" class="1004" name="P_row_120_load_load_fu_4172">
<pin_list>
<pin id="4173" dir="0" index="0" bw="32" slack="60"/>
<pin id="4174" dir="1" index="1" bw="32" slack="0"/>
</pin_list>
<bind>
<opcode="load(27) " fcode="load"/>
<opset="P_row_120_load/61 "/>
</bind>
</comp>

<comp id="4176" class="1004" name="P_row_121_load_load_fu_4176">
<pin_list>
<pin id="4177" dir="0" index="0" bw="32" slack="60"/>
<pin id="4178" dir="1" index="1" bw="32" slack="0"/>
</pin_list>
<bind>
<opcode="load(27) " fcode="load"/>
<opset="P_row_121_load/61 "/>
</bind>
</comp>

<comp id="4180" class="1004" name="P_row_122_load_load_fu_4180">
<pin_list>
<pin id="4181" dir="0" index="0" bw="32" slack="60"/>
<pin id="4182" dir="1" index="1" bw="32" slack="0"/>
</pin_list>
<bind>
<opcode="load(27) " fcode="load"/>
<opset="P_row_122_load/61 "/>
</bind>
</comp>

<comp id="4184" class="1004" name="P_row_123_load_load_fu_4184">
<pin_list>
<pin id="4185" dir="0" index="0" bw="32" slack="60"/>
<pin id="4186" dir="1" index="1" bw="32" slack="0"/>
</pin_list>
<bind>
<opcode="load(27) " fcode="load"/>
<opset="P_row_123_load/61 "/>
</bind>
</comp>

<comp id="4188" class="1004" name="P_row_124_load_load_fu_4188">
<pin_list>
<pin id="4189" dir="0" index="0" bw="32" slack="60"/>
<pin id="4190" dir="1" index="1" bw="32" slack="0"/>
</pin_list>
<bind>
<opcode="load(27) " fcode="load"/>
<opset="P_row_124_load/61 "/>
</bind>
</comp>

<comp id="4192" class="1004" name="P_row_125_load_load_fu_4192">
<pin_list>
<pin id="4193" dir="0" index="0" bw="32" slack="60"/>
<pin id="4194" dir="1" index="1" bw="32" slack="0"/>
</pin_list>
<bind>
<opcode="load(27) " fcode="load"/>
<opset="P_row_125_load/61 "/>
</bind>
</comp>

<comp id="4196" class="1004" name="P_row_126_load_load_fu_4196">
<pin_list>
<pin id="4197" dir="0" index="0" bw="32" slack="60"/>
<pin id="4198" dir="1" index="1" bw="32" slack="0"/>
</pin_list>
<bind>
<opcode="load(27) " fcode="load"/>
<opset="P_row_126_load/61 "/>
</bind>
</comp>

<comp id="4200" class="1004" name="P_row_127_load_load_fu_4200">
<pin_list>
<pin id="4201" dir="0" index="0" bw="32" slack="60"/>
<pin id="4202" dir="1" index="1" bw="32" slack="0"/>
</pin_list>
<bind>
<opcode="load(27) " fcode="load"/>
<opset="P_row_127_load/61 "/>
</bind>
</comp>

<comp id="4204" class="1005" name="j_reg_4204">
<pin_list>
<pin id="4205" dir="0" index="0" bw="8" slack="0"/>
<pin id="4206" dir="1" index="1" bw="8" slack="0"/>
</pin_list>
<bind>
<opset="j "/>
</bind>
</comp>

<comp id="4211" class="1005" name="P_row_reg_4211">
<pin_list>
<pin id="4212" dir="0" index="0" bw="32" slack="60"/>
<pin id="4213" dir="1" index="1" bw="32" slack="60"/>
</pin_list>
<bind>
<opset="P_row "/>
</bind>
</comp>

<comp id="4217" class="1005" name="P_row_1_reg_4217">
<pin_list>
<pin id="4218" dir="0" index="0" bw="32" slack="60"/>
<pin id="4219" dir="1" index="1" bw="32" slack="60"/>
</pin_list>
<bind>
<opset="P_row_1 "/>
</bind>
</comp>

<comp id="4223" class="1005" name="P_row_2_reg_4223">
<pin_list>
<pin id="4224" dir="0" index="0" bw="32" slack="60"/>
<pin id="4225" dir="1" index="1" bw="32" slack="60"/>
</pin_list>
<bind>
<opset="P_row_2 "/>
</bind>
</comp>

<comp id="4229" class="1005" name="P_row_3_reg_4229">
<pin_list>
<pin id="4230" dir="0" index="0" bw="32" slack="60"/>
<pin id="4231" dir="1" index="1" bw="32" slack="60"/>
</pin_list>
<bind>
<opset="P_row_3 "/>
</bind>
</comp>

<comp id="4235" class="1005" name="P_row_4_reg_4235">
<pin_list>
<pin id="4236" dir="0" index="0" bw="32" slack="60"/>
<pin id="4237" dir="1" index="1" bw="32" slack="60"/>
</pin_list>
<bind>
<opset="P_row_4 "/>
</bind>
</comp>

<comp id="4241" class="1005" name="P_row_5_reg_4241">
<pin_list>
<pin id="4242" dir="0" index="0" bw="32" slack="60"/>
<pin id="4243" dir="1" index="1" bw="32" slack="60"/>
</pin_list>
<bind>
<opset="P_row_5 "/>
</bind>
</comp>

<comp id="4247" class="1005" name="P_row_6_reg_4247">
<pin_list>
<pin id="4248" dir="0" index="0" bw="32" slack="60"/>
<pin id="4249" dir="1" index="1" bw="32" slack="60"/>
</pin_list>
<bind>
<opset="P_row_6 "/>
</bind>
</comp>

<comp id="4253" class="1005" name="P_row_7_reg_4253">
<pin_list>
<pin id="4254" dir="0" index="0" bw="32" slack="60"/>
<pin id="4255" dir="1" index="1" bw="32" slack="60"/>
</pin_list>
<bind>
<opset="P_row_7 "/>
</bind>
</comp>

<comp id="4259" class="1005" name="P_row_8_reg_4259">
<pin_list>
<pin id="4260" dir="0" index="0" bw="32" slack="60"/>
<pin id="4261" dir="1" index="1" bw="32" slack="60"/>
</pin_list>
<bind>
<opset="P_row_8 "/>
</bind>
</comp>

<comp id="4265" class="1005" name="P_row_9_reg_4265">
<pin_list>
<pin id="4266" dir="0" index="0" bw="32" slack="60"/>
<pin id="4267" dir="1" index="1" bw="32" slack="60"/>
</pin_list>
<bind>
<opset="P_row_9 "/>
</bind>
</comp>

<comp id="4271" class="1005" name="P_row_10_reg_4271">
<pin_list>
<pin id="4272" dir="0" index="0" bw="32" slack="60"/>
<pin id="4273" dir="1" index="1" bw="32" slack="60"/>
</pin_list>
<bind>
<opset="P_row_10 "/>
</bind>
</comp>

<comp id="4277" class="1005" name="P_row_11_reg_4277">
<pin_list>
<pin id="4278" dir="0" index="0" bw="32" slack="60"/>
<pin id="4279" dir="1" index="1" bw="32" slack="60"/>
</pin_list>
<bind>
<opset="P_row_11 "/>
</bind>
</comp>

<comp id="4283" class="1005" name="P_row_12_reg_4283">
<pin_list>
<pin id="4284" dir="0" index="0" bw="32" slack="60"/>
<pin id="4285" dir="1" index="1" bw="32" slack="60"/>
</pin_list>
<bind>
<opset="P_row_12 "/>
</bind>
</comp>

<comp id="4289" class="1005" name="P_row_13_reg_4289">
<pin_list>
<pin id="4290" dir="0" index="0" bw="32" slack="60"/>
<pin id="4291" dir="1" index="1" bw="32" slack="60"/>
</pin_list>
<bind>
<opset="P_row_13 "/>
</bind>
</comp>

<comp id="4295" class="1005" name="P_row_14_reg_4295">
<pin_list>
<pin id="4296" dir="0" index="0" bw="32" slack="60"/>
<pin id="4297" dir="1" index="1" bw="32" slack="60"/>
</pin_list>
<bind>
<opset="P_row_14 "/>
</bind>
</comp>

<comp id="4301" class="1005" name="P_row_15_reg_4301">
<pin_list>
<pin id="4302" dir="0" index="0" bw="32" slack="60"/>
<pin id="4303" dir="1" index="1" bw="32" slack="60"/>
</pin_list>
<bind>
<opset="P_row_15 "/>
</bind>
</comp>

<comp id="4307" class="1005" name="P_row_16_reg_4307">
<pin_list>
<pin id="4308" dir="0" index="0" bw="32" slack="60"/>
<pin id="4309" dir="1" index="1" bw="32" slack="60"/>
</pin_list>
<bind>
<opset="P_row_16 "/>
</bind>
</comp>

<comp id="4313" class="1005" name="P_row_17_reg_4313">
<pin_list>
<pin id="4314" dir="0" index="0" bw="32" slack="60"/>
<pin id="4315" dir="1" index="1" bw="32" slack="60"/>
</pin_list>
<bind>
<opset="P_row_17 "/>
</bind>
</comp>

<comp id="4319" class="1005" name="P_row_18_reg_4319">
<pin_list>
<pin id="4320" dir="0" index="0" bw="32" slack="60"/>
<pin id="4321" dir="1" index="1" bw="32" slack="60"/>
</pin_list>
<bind>
<opset="P_row_18 "/>
</bind>
</comp>

<comp id="4325" class="1005" name="P_row_19_reg_4325">
<pin_list>
<pin id="4326" dir="0" index="0" bw="32" slack="60"/>
<pin id="4327" dir="1" index="1" bw="32" slack="60"/>
</pin_list>
<bind>
<opset="P_row_19 "/>
</bind>
</comp>

<comp id="4331" class="1005" name="P_row_20_reg_4331">
<pin_list>
<pin id="4332" dir="0" index="0" bw="32" slack="60"/>
<pin id="4333" dir="1" index="1" bw="32" slack="60"/>
</pin_list>
<bind>
<opset="P_row_20 "/>
</bind>
</comp>

<comp id="4337" class="1005" name="P_row_21_reg_4337">
<pin_list>
<pin id="4338" dir="0" index="0" bw="32" slack="60"/>
<pin id="4339" dir="1" index="1" bw="32" slack="60"/>
</pin_list>
<bind>
<opset="P_row_21 "/>
</bind>
</comp>

<comp id="4343" class="1005" name="P_row_22_reg_4343">
<pin_list>
<pin id="4344" dir="0" index="0" bw="32" slack="60"/>
<pin id="4345" dir="1" index="1" bw="32" slack="60"/>
</pin_list>
<bind>
<opset="P_row_22 "/>
</bind>
</comp>

<comp id="4349" class="1005" name="P_row_23_reg_4349">
<pin_list>
<pin id="4350" dir="0" index="0" bw="32" slack="60"/>
<pin id="4351" dir="1" index="1" bw="32" slack="60"/>
</pin_list>
<bind>
<opset="P_row_23 "/>
</bind>
</comp>

<comp id="4355" class="1005" name="P_row_24_reg_4355">
<pin_list>
<pin id="4356" dir="0" index="0" bw="32" slack="60"/>
<pin id="4357" dir="1" index="1" bw="32" slack="60"/>
</pin_list>
<bind>
<opset="P_row_24 "/>
</bind>
</comp>

<comp id="4361" class="1005" name="P_row_25_reg_4361">
<pin_list>
<pin id="4362" dir="0" index="0" bw="32" slack="60"/>
<pin id="4363" dir="1" index="1" bw="32" slack="60"/>
</pin_list>
<bind>
<opset="P_row_25 "/>
</bind>
</comp>

<comp id="4367" class="1005" name="P_row_26_reg_4367">
<pin_list>
<pin id="4368" dir="0" index="0" bw="32" slack="60"/>
<pin id="4369" dir="1" index="1" bw="32" slack="60"/>
</pin_list>
<bind>
<opset="P_row_26 "/>
</bind>
</comp>

<comp id="4373" class="1005" name="P_row_27_reg_4373">
<pin_list>
<pin id="4374" dir="0" index="0" bw="32" slack="60"/>
<pin id="4375" dir="1" index="1" bw="32" slack="60"/>
</pin_list>
<bind>
<opset="P_row_27 "/>
</bind>
</comp>

<comp id="4379" class="1005" name="P_row_28_reg_4379">
<pin_list>
<pin id="4380" dir="0" index="0" bw="32" slack="60"/>
<pin id="4381" dir="1" index="1" bw="32" slack="60"/>
</pin_list>
<bind>
<opset="P_row_28 "/>
</bind>
</comp>

<comp id="4385" class="1005" name="P_row_29_reg_4385">
<pin_list>
<pin id="4386" dir="0" index="0" bw="32" slack="60"/>
<pin id="4387" dir="1" index="1" bw="32" slack="60"/>
</pin_list>
<bind>
<opset="P_row_29 "/>
</bind>
</comp>

<comp id="4391" class="1005" name="P_row_30_reg_4391">
<pin_list>
<pin id="4392" dir="0" index="0" bw="32" slack="60"/>
<pin id="4393" dir="1" index="1" bw="32" slack="60"/>
</pin_list>
<bind>
<opset="P_row_30 "/>
</bind>
</comp>

<comp id="4397" class="1005" name="P_row_31_reg_4397">
<pin_list>
<pin id="4398" dir="0" index="0" bw="32" slack="60"/>
<pin id="4399" dir="1" index="1" bw="32" slack="60"/>
</pin_list>
<bind>
<opset="P_row_31 "/>
</bind>
</comp>

<comp id="4403" class="1005" name="P_row_32_reg_4403">
<pin_list>
<pin id="4404" dir="0" index="0" bw="32" slack="60"/>
<pin id="4405" dir="1" index="1" bw="32" slack="60"/>
</pin_list>
<bind>
<opset="P_row_32 "/>
</bind>
</comp>

<comp id="4409" class="1005" name="P_row_33_reg_4409">
<pin_list>
<pin id="4410" dir="0" index="0" bw="32" slack="60"/>
<pin id="4411" dir="1" index="1" bw="32" slack="60"/>
</pin_list>
<bind>
<opset="P_row_33 "/>
</bind>
</comp>

<comp id="4415" class="1005" name="P_row_34_reg_4415">
<pin_list>
<pin id="4416" dir="0" index="0" bw="32" slack="60"/>
<pin id="4417" dir="1" index="1" bw="32" slack="60"/>
</pin_list>
<bind>
<opset="P_row_34 "/>
</bind>
</comp>

<comp id="4421" class="1005" name="P_row_35_reg_4421">
<pin_list>
<pin id="4422" dir="0" index="0" bw="32" slack="60"/>
<pin id="4423" dir="1" index="1" bw="32" slack="60"/>
</pin_list>
<bind>
<opset="P_row_35 "/>
</bind>
</comp>

<comp id="4427" class="1005" name="P_row_36_reg_4427">
<pin_list>
<pin id="4428" dir="0" index="0" bw="32" slack="60"/>
<pin id="4429" dir="1" index="1" bw="32" slack="60"/>
</pin_list>
<bind>
<opset="P_row_36 "/>
</bind>
</comp>

<comp id="4433" class="1005" name="P_row_37_reg_4433">
<pin_list>
<pin id="4434" dir="0" index="0" bw="32" slack="60"/>
<pin id="4435" dir="1" index="1" bw="32" slack="60"/>
</pin_list>
<bind>
<opset="P_row_37 "/>
</bind>
</comp>

<comp id="4439" class="1005" name="P_row_38_reg_4439">
<pin_list>
<pin id="4440" dir="0" index="0" bw="32" slack="60"/>
<pin id="4441" dir="1" index="1" bw="32" slack="60"/>
</pin_list>
<bind>
<opset="P_row_38 "/>
</bind>
</comp>

<comp id="4445" class="1005" name="P_row_39_reg_4445">
<pin_list>
<pin id="4446" dir="0" index="0" bw="32" slack="60"/>
<pin id="4447" dir="1" index="1" bw="32" slack="60"/>
</pin_list>
<bind>
<opset="P_row_39 "/>
</bind>
</comp>

<comp id="4451" class="1005" name="P_row_40_reg_4451">
<pin_list>
<pin id="4452" dir="0" index="0" bw="32" slack="60"/>
<pin id="4453" dir="1" index="1" bw="32" slack="60"/>
</pin_list>
<bind>
<opset="P_row_40 "/>
</bind>
</comp>

<comp id="4457" class="1005" name="P_row_41_reg_4457">
<pin_list>
<pin id="4458" dir="0" index="0" bw="32" slack="60"/>
<pin id="4459" dir="1" index="1" bw="32" slack="60"/>
</pin_list>
<bind>
<opset="P_row_41 "/>
</bind>
</comp>

<comp id="4463" class="1005" name="P_row_42_reg_4463">
<pin_list>
<pin id="4464" dir="0" index="0" bw="32" slack="60"/>
<pin id="4465" dir="1" index="1" bw="32" slack="60"/>
</pin_list>
<bind>
<opset="P_row_42 "/>
</bind>
</comp>

<comp id="4469" class="1005" name="P_row_43_reg_4469">
<pin_list>
<pin id="4470" dir="0" index="0" bw="32" slack="60"/>
<pin id="4471" dir="1" index="1" bw="32" slack="60"/>
</pin_list>
<bind>
<opset="P_row_43 "/>
</bind>
</comp>

<comp id="4475" class="1005" name="P_row_44_reg_4475">
<pin_list>
<pin id="4476" dir="0" index="0" bw="32" slack="60"/>
<pin id="4477" dir="1" index="1" bw="32" slack="60"/>
</pin_list>
<bind>
<opset="P_row_44 "/>
</bind>
</comp>

<comp id="4481" class="1005" name="P_row_45_reg_4481">
<pin_list>
<pin id="4482" dir="0" index="0" bw="32" slack="60"/>
<pin id="4483" dir="1" index="1" bw="32" slack="60"/>
</pin_list>
<bind>
<opset="P_row_45 "/>
</bind>
</comp>

<comp id="4487" class="1005" name="P_row_46_reg_4487">
<pin_list>
<pin id="4488" dir="0" index="0" bw="32" slack="60"/>
<pin id="4489" dir="1" index="1" bw="32" slack="60"/>
</pin_list>
<bind>
<opset="P_row_46 "/>
</bind>
</comp>

<comp id="4493" class="1005" name="P_row_47_reg_4493">
<pin_list>
<pin id="4494" dir="0" index="0" bw="32" slack="60"/>
<pin id="4495" dir="1" index="1" bw="32" slack="60"/>
</pin_list>
<bind>
<opset="P_row_47 "/>
</bind>
</comp>

<comp id="4499" class="1005" name="P_row_48_reg_4499">
<pin_list>
<pin id="4500" dir="0" index="0" bw="32" slack="60"/>
<pin id="4501" dir="1" index="1" bw="32" slack="60"/>
</pin_list>
<bind>
<opset="P_row_48 "/>
</bind>
</comp>

<comp id="4505" class="1005" name="P_row_49_reg_4505">
<pin_list>
<pin id="4506" dir="0" index="0" bw="32" slack="60"/>
<pin id="4507" dir="1" index="1" bw="32" slack="60"/>
</pin_list>
<bind>
<opset="P_row_49 "/>
</bind>
</comp>

<comp id="4511" class="1005" name="P_row_50_reg_4511">
<pin_list>
<pin id="4512" dir="0" index="0" bw="32" slack="60"/>
<pin id="4513" dir="1" index="1" bw="32" slack="60"/>
</pin_list>
<bind>
<opset="P_row_50 "/>
</bind>
</comp>

<comp id="4517" class="1005" name="P_row_51_reg_4517">
<pin_list>
<pin id="4518" dir="0" index="0" bw="32" slack="60"/>
<pin id="4519" dir="1" index="1" bw="32" slack="60"/>
</pin_list>
<bind>
<opset="P_row_51 "/>
</bind>
</comp>

<comp id="4523" class="1005" name="P_row_52_reg_4523">
<pin_list>
<pin id="4524" dir="0" index="0" bw="32" slack="60"/>
<pin id="4525" dir="1" index="1" bw="32" slack="60"/>
</pin_list>
<bind>
<opset="P_row_52 "/>
</bind>
</comp>

<comp id="4529" class="1005" name="P_row_53_reg_4529">
<pin_list>
<pin id="4530" dir="0" index="0" bw="32" slack="60"/>
<pin id="4531" dir="1" index="1" bw="32" slack="60"/>
</pin_list>
<bind>
<opset="P_row_53 "/>
</bind>
</comp>

<comp id="4535" class="1005" name="P_row_54_reg_4535">
<pin_list>
<pin id="4536" dir="0" index="0" bw="32" slack="60"/>
<pin id="4537" dir="1" index="1" bw="32" slack="60"/>
</pin_list>
<bind>
<opset="P_row_54 "/>
</bind>
</comp>

<comp id="4541" class="1005" name="P_row_55_reg_4541">
<pin_list>
<pin id="4542" dir="0" index="0" bw="32" slack="60"/>
<pin id="4543" dir="1" index="1" bw="32" slack="60"/>
</pin_list>
<bind>
<opset="P_row_55 "/>
</bind>
</comp>

<comp id="4547" class="1005" name="P_row_56_reg_4547">
<pin_list>
<pin id="4548" dir="0" index="0" bw="32" slack="60"/>
<pin id="4549" dir="1" index="1" bw="32" slack="60"/>
</pin_list>
<bind>
<opset="P_row_56 "/>
</bind>
</comp>

<comp id="4553" class="1005" name="P_row_57_reg_4553">
<pin_list>
<pin id="4554" dir="0" index="0" bw="32" slack="60"/>
<pin id="4555" dir="1" index="1" bw="32" slack="60"/>
</pin_list>
<bind>
<opset="P_row_57 "/>
</bind>
</comp>

<comp id="4559" class="1005" name="P_row_58_reg_4559">
<pin_list>
<pin id="4560" dir="0" index="0" bw="32" slack="60"/>
<pin id="4561" dir="1" index="1" bw="32" slack="60"/>
</pin_list>
<bind>
<opset="P_row_58 "/>
</bind>
</comp>

<comp id="4565" class="1005" name="P_row_59_reg_4565">
<pin_list>
<pin id="4566" dir="0" index="0" bw="32" slack="60"/>
<pin id="4567" dir="1" index="1" bw="32" slack="60"/>
</pin_list>
<bind>
<opset="P_row_59 "/>
</bind>
</comp>

<comp id="4571" class="1005" name="P_row_60_reg_4571">
<pin_list>
<pin id="4572" dir="0" index="0" bw="32" slack="60"/>
<pin id="4573" dir="1" index="1" bw="32" slack="60"/>
</pin_list>
<bind>
<opset="P_row_60 "/>
</bind>
</comp>

<comp id="4577" class="1005" name="P_row_61_reg_4577">
<pin_list>
<pin id="4578" dir="0" index="0" bw="32" slack="60"/>
<pin id="4579" dir="1" index="1" bw="32" slack="60"/>
</pin_list>
<bind>
<opset="P_row_61 "/>
</bind>
</comp>

<comp id="4583" class="1005" name="P_row_62_reg_4583">
<pin_list>
<pin id="4584" dir="0" index="0" bw="32" slack="60"/>
<pin id="4585" dir="1" index="1" bw="32" slack="60"/>
</pin_list>
<bind>
<opset="P_row_62 "/>
</bind>
</comp>

<comp id="4589" class="1005" name="P_row_63_reg_4589">
<pin_list>
<pin id="4590" dir="0" index="0" bw="32" slack="60"/>
<pin id="4591" dir="1" index="1" bw="32" slack="60"/>
</pin_list>
<bind>
<opset="P_row_63 "/>
</bind>
</comp>

<comp id="4595" class="1005" name="P_row_64_reg_4595">
<pin_list>
<pin id="4596" dir="0" index="0" bw="32" slack="60"/>
<pin id="4597" dir="1" index="1" bw="32" slack="60"/>
</pin_list>
<bind>
<opset="P_row_64 "/>
</bind>
</comp>

<comp id="4601" class="1005" name="P_row_65_reg_4601">
<pin_list>
<pin id="4602" dir="0" index="0" bw="32" slack="60"/>
<pin id="4603" dir="1" index="1" bw="32" slack="60"/>
</pin_list>
<bind>
<opset="P_row_65 "/>
</bind>
</comp>

<comp id="4607" class="1005" name="P_row_66_reg_4607">
<pin_list>
<pin id="4608" dir="0" index="0" bw="32" slack="60"/>
<pin id="4609" dir="1" index="1" bw="32" slack="60"/>
</pin_list>
<bind>
<opset="P_row_66 "/>
</bind>
</comp>

<comp id="4613" class="1005" name="P_row_67_reg_4613">
<pin_list>
<pin id="4614" dir="0" index="0" bw="32" slack="60"/>
<pin id="4615" dir="1" index="1" bw="32" slack="60"/>
</pin_list>
<bind>
<opset="P_row_67 "/>
</bind>
</comp>

<comp id="4619" class="1005" name="P_row_68_reg_4619">
<pin_list>
<pin id="4620" dir="0" index="0" bw="32" slack="60"/>
<pin id="4621" dir="1" index="1" bw="32" slack="60"/>
</pin_list>
<bind>
<opset="P_row_68 "/>
</bind>
</comp>

<comp id="4625" class="1005" name="P_row_69_reg_4625">
<pin_list>
<pin id="4626" dir="0" index="0" bw="32" slack="60"/>
<pin id="4627" dir="1" index="1" bw="32" slack="60"/>
</pin_list>
<bind>
<opset="P_row_69 "/>
</bind>
</comp>

<comp id="4631" class="1005" name="P_row_70_reg_4631">
<pin_list>
<pin id="4632" dir="0" index="0" bw="32" slack="60"/>
<pin id="4633" dir="1" index="1" bw="32" slack="60"/>
</pin_list>
<bind>
<opset="P_row_70 "/>
</bind>
</comp>

<comp id="4637" class="1005" name="P_row_71_reg_4637">
<pin_list>
<pin id="4638" dir="0" index="0" bw="32" slack="60"/>
<pin id="4639" dir="1" index="1" bw="32" slack="60"/>
</pin_list>
<bind>
<opset="P_row_71 "/>
</bind>
</comp>

<comp id="4643" class="1005" name="P_row_72_reg_4643">
<pin_list>
<pin id="4644" dir="0" index="0" bw="32" slack="60"/>
<pin id="4645" dir="1" index="1" bw="32" slack="60"/>
</pin_list>
<bind>
<opset="P_row_72 "/>
</bind>
</comp>

<comp id="4649" class="1005" name="P_row_73_reg_4649">
<pin_list>
<pin id="4650" dir="0" index="0" bw="32" slack="60"/>
<pin id="4651" dir="1" index="1" bw="32" slack="60"/>
</pin_list>
<bind>
<opset="P_row_73 "/>
</bind>
</comp>

<comp id="4655" class="1005" name="P_row_74_reg_4655">
<pin_list>
<pin id="4656" dir="0" index="0" bw="32" slack="60"/>
<pin id="4657" dir="1" index="1" bw="32" slack="60"/>
</pin_list>
<bind>
<opset="P_row_74 "/>
</bind>
</comp>

<comp id="4661" class="1005" name="P_row_75_reg_4661">
<pin_list>
<pin id="4662" dir="0" index="0" bw="32" slack="60"/>
<pin id="4663" dir="1" index="1" bw="32" slack="60"/>
</pin_list>
<bind>
<opset="P_row_75 "/>
</bind>
</comp>

<comp id="4667" class="1005" name="P_row_76_reg_4667">
<pin_list>
<pin id="4668" dir="0" index="0" bw="32" slack="60"/>
<pin id="4669" dir="1" index="1" bw="32" slack="60"/>
</pin_list>
<bind>
<opset="P_row_76 "/>
</bind>
</comp>

<comp id="4673" class="1005" name="P_row_77_reg_4673">
<pin_list>
<pin id="4674" dir="0" index="0" bw="32" slack="60"/>
<pin id="4675" dir="1" index="1" bw="32" slack="60"/>
</pin_list>
<bind>
<opset="P_row_77 "/>
</bind>
</comp>

<comp id="4679" class="1005" name="P_row_78_reg_4679">
<pin_list>
<pin id="4680" dir="0" index="0" bw="32" slack="60"/>
<pin id="4681" dir="1" index="1" bw="32" slack="60"/>
</pin_list>
<bind>
<opset="P_row_78 "/>
</bind>
</comp>

<comp id="4685" class="1005" name="P_row_79_reg_4685">
<pin_list>
<pin id="4686" dir="0" index="0" bw="32" slack="60"/>
<pin id="4687" dir="1" index="1" bw="32" slack="60"/>
</pin_list>
<bind>
<opset="P_row_79 "/>
</bind>
</comp>

<comp id="4691" class="1005" name="P_row_80_reg_4691">
<pin_list>
<pin id="4692" dir="0" index="0" bw="32" slack="60"/>
<pin id="4693" dir="1" index="1" bw="32" slack="60"/>
</pin_list>
<bind>
<opset="P_row_80 "/>
</bind>
</comp>

<comp id="4697" class="1005" name="P_row_81_reg_4697">
<pin_list>
<pin id="4698" dir="0" index="0" bw="32" slack="60"/>
<pin id="4699" dir="1" index="1" bw="32" slack="60"/>
</pin_list>
<bind>
<opset="P_row_81 "/>
</bind>
</comp>

<comp id="4703" class="1005" name="P_row_82_reg_4703">
<pin_list>
<pin id="4704" dir="0" index="0" bw="32" slack="60"/>
<pin id="4705" dir="1" index="1" bw="32" slack="60"/>
</pin_list>
<bind>
<opset="P_row_82 "/>
</bind>
</comp>

<comp id="4709" class="1005" name="P_row_83_reg_4709">
<pin_list>
<pin id="4710" dir="0" index="0" bw="32" slack="60"/>
<pin id="4711" dir="1" index="1" bw="32" slack="60"/>
</pin_list>
<bind>
<opset="P_row_83 "/>
</bind>
</comp>

<comp id="4715" class="1005" name="P_row_84_reg_4715">
<pin_list>
<pin id="4716" dir="0" index="0" bw="32" slack="60"/>
<pin id="4717" dir="1" index="1" bw="32" slack="60"/>
</pin_list>
<bind>
<opset="P_row_84 "/>
</bind>
</comp>

<comp id="4721" class="1005" name="P_row_85_reg_4721">
<pin_list>
<pin id="4722" dir="0" index="0" bw="32" slack="60"/>
<pin id="4723" dir="1" index="1" bw="32" slack="60"/>
</pin_list>
<bind>
<opset="P_row_85 "/>
</bind>
</comp>

<comp id="4727" class="1005" name="P_row_86_reg_4727">
<pin_list>
<pin id="4728" dir="0" index="0" bw="32" slack="60"/>
<pin id="4729" dir="1" index="1" bw="32" slack="60"/>
</pin_list>
<bind>
<opset="P_row_86 "/>
</bind>
</comp>

<comp id="4733" class="1005" name="P_row_87_reg_4733">
<pin_list>
<pin id="4734" dir="0" index="0" bw="32" slack="60"/>
<pin id="4735" dir="1" index="1" bw="32" slack="60"/>
</pin_list>
<bind>
<opset="P_row_87 "/>
</bind>
</comp>

<comp id="4739" class="1005" name="P_row_88_reg_4739">
<pin_list>
<pin id="4740" dir="0" index="0" bw="32" slack="60"/>
<pin id="4741" dir="1" index="1" bw="32" slack="60"/>
</pin_list>
<bind>
<opset="P_row_88 "/>
</bind>
</comp>

<comp id="4745" class="1005" name="P_row_89_reg_4745">
<pin_list>
<pin id="4746" dir="0" index="0" bw="32" slack="60"/>
<pin id="4747" dir="1" index="1" bw="32" slack="60"/>
</pin_list>
<bind>
<opset="P_row_89 "/>
</bind>
</comp>

<comp id="4751" class="1005" name="P_row_90_reg_4751">
<pin_list>
<pin id="4752" dir="0" index="0" bw="32" slack="60"/>
<pin id="4753" dir="1" index="1" bw="32" slack="60"/>
</pin_list>
<bind>
<opset="P_row_90 "/>
</bind>
</comp>

<comp id="4757" class="1005" name="P_row_91_reg_4757">
<pin_list>
<pin id="4758" dir="0" index="0" bw="32" slack="60"/>
<pin id="4759" dir="1" index="1" bw="32" slack="60"/>
</pin_list>
<bind>
<opset="P_row_91 "/>
</bind>
</comp>

<comp id="4763" class="1005" name="P_row_92_reg_4763">
<pin_list>
<pin id="4764" dir="0" index="0" bw="32" slack="60"/>
<pin id="4765" dir="1" index="1" bw="32" slack="60"/>
</pin_list>
<bind>
<opset="P_row_92 "/>
</bind>
</comp>

<comp id="4769" class="1005" name="P_row_93_reg_4769">
<pin_list>
<pin id="4770" dir="0" index="0" bw="32" slack="60"/>
<pin id="4771" dir="1" index="1" bw="32" slack="60"/>
</pin_list>
<bind>
<opset="P_row_93 "/>
</bind>
</comp>

<comp id="4775" class="1005" name="P_row_94_reg_4775">
<pin_list>
<pin id="4776" dir="0" index="0" bw="32" slack="60"/>
<pin id="4777" dir="1" index="1" bw="32" slack="60"/>
</pin_list>
<bind>
<opset="P_row_94 "/>
</bind>
</comp>

<comp id="4781" class="1005" name="P_row_95_reg_4781">
<pin_list>
<pin id="4782" dir="0" index="0" bw="32" slack="60"/>
<pin id="4783" dir="1" index="1" bw="32" slack="60"/>
</pin_list>
<bind>
<opset="P_row_95 "/>
</bind>
</comp>

<comp id="4787" class="1005" name="P_row_96_reg_4787">
<pin_list>
<pin id="4788" dir="0" index="0" bw="32" slack="60"/>
<pin id="4789" dir="1" index="1" bw="32" slack="60"/>
</pin_list>
<bind>
<opset="P_row_96 "/>
</bind>
</comp>

<comp id="4793" class="1005" name="P_row_97_reg_4793">
<pin_list>
<pin id="4794" dir="0" index="0" bw="32" slack="60"/>
<pin id="4795" dir="1" index="1" bw="32" slack="60"/>
</pin_list>
<bind>
<opset="P_row_97 "/>
</bind>
</comp>

<comp id="4799" class="1005" name="P_row_98_reg_4799">
<pin_list>
<pin id="4800" dir="0" index="0" bw="32" slack="60"/>
<pin id="4801" dir="1" index="1" bw="32" slack="60"/>
</pin_list>
<bind>
<opset="P_row_98 "/>
</bind>
</comp>

<comp id="4805" class="1005" name="P_row_99_reg_4805">
<pin_list>
<pin id="4806" dir="0" index="0" bw="32" slack="60"/>
<pin id="4807" dir="1" index="1" bw="32" slack="60"/>
</pin_list>
<bind>
<opset="P_row_99 "/>
</bind>
</comp>

<comp id="4811" class="1005" name="P_row_100_reg_4811">
<pin_list>
<pin id="4812" dir="0" index="0" bw="32" slack="60"/>
<pin id="4813" dir="1" index="1" bw="32" slack="60"/>
</pin_list>
<bind>
<opset="P_row_100 "/>
</bind>
</comp>

<comp id="4817" class="1005" name="P_row_101_reg_4817">
<pin_list>
<pin id="4818" dir="0" index="0" bw="32" slack="60"/>
<pin id="4819" dir="1" index="1" bw="32" slack="60"/>
</pin_list>
<bind>
<opset="P_row_101 "/>
</bind>
</comp>

<comp id="4823" class="1005" name="P_row_102_reg_4823">
<pin_list>
<pin id="4824" dir="0" index="0" bw="32" slack="60"/>
<pin id="4825" dir="1" index="1" bw="32" slack="60"/>
</pin_list>
<bind>
<opset="P_row_102 "/>
</bind>
</comp>

<comp id="4829" class="1005" name="P_row_103_reg_4829">
<pin_list>
<pin id="4830" dir="0" index="0" bw="32" slack="60"/>
<pin id="4831" dir="1" index="1" bw="32" slack="60"/>
</pin_list>
<bind>
<opset="P_row_103 "/>
</bind>
</comp>

<comp id="4835" class="1005" name="P_row_104_reg_4835">
<pin_list>
<pin id="4836" dir="0" index="0" bw="32" slack="60"/>
<pin id="4837" dir="1" index="1" bw="32" slack="60"/>
</pin_list>
<bind>
<opset="P_row_104 "/>
</bind>
</comp>

<comp id="4841" class="1005" name="P_row_105_reg_4841">
<pin_list>
<pin id="4842" dir="0" index="0" bw="32" slack="60"/>
<pin id="4843" dir="1" index="1" bw="32" slack="60"/>
</pin_list>
<bind>
<opset="P_row_105 "/>
</bind>
</comp>

<comp id="4847" class="1005" name="P_row_106_reg_4847">
<pin_list>
<pin id="4848" dir="0" index="0" bw="32" slack="60"/>
<pin id="4849" dir="1" index="1" bw="32" slack="60"/>
</pin_list>
<bind>
<opset="P_row_106 "/>
</bind>
</comp>

<comp id="4853" class="1005" name="P_row_107_reg_4853">
<pin_list>
<pin id="4854" dir="0" index="0" bw="32" slack="60"/>
<pin id="4855" dir="1" index="1" bw="32" slack="60"/>
</pin_list>
<bind>
<opset="P_row_107 "/>
</bind>
</comp>

<comp id="4859" class="1005" name="P_row_108_reg_4859">
<pin_list>
<pin id="4860" dir="0" index="0" bw="32" slack="60"/>
<pin id="4861" dir="1" index="1" bw="32" slack="60"/>
</pin_list>
<bind>
<opset="P_row_108 "/>
</bind>
</comp>

<comp id="4865" class="1005" name="P_row_109_reg_4865">
<pin_list>
<pin id="4866" dir="0" index="0" bw="32" slack="60"/>
<pin id="4867" dir="1" index="1" bw="32" slack="60"/>
</pin_list>
<bind>
<opset="P_row_109 "/>
</bind>
</comp>

<comp id="4871" class="1005" name="P_row_110_reg_4871">
<pin_list>
<pin id="4872" dir="0" index="0" bw="32" slack="60"/>
<pin id="4873" dir="1" index="1" bw="32" slack="60"/>
</pin_list>
<bind>
<opset="P_row_110 "/>
</bind>
</comp>

<comp id="4877" class="1005" name="P_row_111_reg_4877">
<pin_list>
<pin id="4878" dir="0" index="0" bw="32" slack="60"/>
<pin id="4879" dir="1" index="1" bw="32" slack="60"/>
</pin_list>
<bind>
<opset="P_row_111 "/>
</bind>
</comp>

<comp id="4883" class="1005" name="P_row_112_reg_4883">
<pin_list>
<pin id="4884" dir="0" index="0" bw="32" slack="60"/>
<pin id="4885" dir="1" index="1" bw="32" slack="60"/>
</pin_list>
<bind>
<opset="P_row_112 "/>
</bind>
</comp>

<comp id="4889" class="1005" name="P_row_113_reg_4889">
<pin_list>
<pin id="4890" dir="0" index="0" bw="32" slack="60"/>
<pin id="4891" dir="1" index="1" bw="32" slack="60"/>
</pin_list>
<bind>
<opset="P_row_113 "/>
</bind>
</comp>

<comp id="4895" class="1005" name="P_row_114_reg_4895">
<pin_list>
<pin id="4896" dir="0" index="0" bw="32" slack="60"/>
<pin id="4897" dir="1" index="1" bw="32" slack="60"/>
</pin_list>
<bind>
<opset="P_row_114 "/>
</bind>
</comp>

<comp id="4901" class="1005" name="P_row_115_reg_4901">
<pin_list>
<pin id="4902" dir="0" index="0" bw="32" slack="60"/>
<pin id="4903" dir="1" index="1" bw="32" slack="60"/>
</pin_list>
<bind>
<opset="P_row_115 "/>
</bind>
</comp>

<comp id="4907" class="1005" name="P_row_116_reg_4907">
<pin_list>
<pin id="4908" dir="0" index="0" bw="32" slack="60"/>
<pin id="4909" dir="1" index="1" bw="32" slack="60"/>
</pin_list>
<bind>
<opset="P_row_116 "/>
</bind>
</comp>

<comp id="4913" class="1005" name="P_row_117_reg_4913">
<pin_list>
<pin id="4914" dir="0" index="0" bw="32" slack="60"/>
<pin id="4915" dir="1" index="1" bw="32" slack="60"/>
</pin_list>
<bind>
<opset="P_row_117 "/>
</bind>
</comp>

<comp id="4919" class="1005" name="P_row_118_reg_4919">
<pin_list>
<pin id="4920" dir="0" index="0" bw="32" slack="60"/>
<pin id="4921" dir="1" index="1" bw="32" slack="60"/>
</pin_list>
<bind>
<opset="P_row_118 "/>
</bind>
</comp>

<comp id="4925" class="1005" name="P_row_119_reg_4925">
<pin_list>
<pin id="4926" dir="0" index="0" bw="32" slack="60"/>
<pin id="4927" dir="1" index="1" bw="32" slack="60"/>
</pin_list>
<bind>
<opset="P_row_119 "/>
</bind>
</comp>

<comp id="4931" class="1005" name="P_row_120_reg_4931">
<pin_list>
<pin id="4932" dir="0" index="0" bw="32" slack="60"/>
<pin id="4933" dir="1" index="1" bw="32" slack="60"/>
</pin_list>
<bind>
<opset="P_row_120 "/>
</bind>
</comp>

<comp id="4937" class="1005" name="P_row_121_reg_4937">
<pin_list>
<pin id="4938" dir="0" index="0" bw="32" slack="60"/>
<pin id="4939" dir="1" index="1" bw="32" slack="60"/>
</pin_list>
<bind>
<opset="P_row_121 "/>
</bind>
</comp>

<comp id="4943" class="1005" name="P_row_122_reg_4943">
<pin_list>
<pin id="4944" dir="0" index="0" bw="32" slack="60"/>
<pin id="4945" dir="1" index="1" bw="32" slack="60"/>
</pin_list>
<bind>
<opset="P_row_122 "/>
</bind>
</comp>

<comp id="4949" class="1005" name="P_row_123_reg_4949">
<pin_list>
<pin id="4950" dir="0" index="0" bw="32" slack="60"/>
<pin id="4951" dir="1" index="1" bw="32" slack="60"/>
</pin_list>
<bind>
<opset="P_row_123 "/>
</bind>
</comp>

<comp id="4955" class="1005" name="P_row_124_reg_4955">
<pin_list>
<pin id="4956" dir="0" index="0" bw="32" slack="60"/>
<pin id="4957" dir="1" index="1" bw="32" slack="60"/>
</pin_list>
<bind>
<opset="P_row_124 "/>
</bind>
</comp>

<comp id="4961" class="1005" name="P_row_125_reg_4961">
<pin_list>
<pin id="4962" dir="0" index="0" bw="32" slack="60"/>
<pin id="4963" dir="1" index="1" bw="32" slack="60"/>
</pin_list>
<bind>
<opset="P_row_125 "/>
</bind>
</comp>

<comp id="4967" class="1005" name="P_row_126_reg_4967">
<pin_list>
<pin id="4968" dir="0" index="0" bw="32" slack="60"/>
<pin id="4969" dir="1" index="1" bw="32" slack="60"/>
</pin_list>
<bind>
<opset="P_row_126 "/>
</bind>
</comp>

<comp id="4973" class="1005" name="P_row_127_reg_4973">
<pin_list>
<pin id="4974" dir="0" index="0" bw="32" slack="60"/>
<pin id="4975" dir="1" index="1" bw="32" slack="60"/>
</pin_list>
<bind>
<opset="P_row_127 "/>
</bind>
</comp>

<comp id="4979" class="1005" name="m_new_read_reg_4979">
<pin_list>
<pin id="4980" dir="0" index="0" bw="32" slack="2"/>
<pin id="4981" dir="1" index="1" bw="32" slack="2"/>
</pin_list>
<bind>
<opset="m_new_read "/>
</bind>
</comp>

<comp id="4984" class="1005" name="icmp_ln168_reg_4984">
<pin_list>
<pin id="4985" dir="0" index="0" bw="1" slack="1"/>
<pin id="4986" dir="1" index="1" bw="1" slack="2147483647"/>
</pin_list>
<bind>
<opset="icmp_ln168 "/>
</bind>
</comp>

<comp id="4988" class="1005" name="trunc_ln168_reg_4988">
<pin_list>
<pin id="4989" dir="0" index="0" bw="7" slack="61"/>
<pin id="4990" dir="1" index="1" bw="7" slack="2147483647"/>
</pin_list>
<bind>
<opset="trunc_ln168 "/>
</bind>
</comp>

<comp id="4992" class="1005" name="trunc_ln168_1_reg_4992">
<pin_list>
<pin id="4993" dir="0" index="0" bw="3" slack="1"/>
<pin id="4994" dir="1" index="1" bw="3" slack="1"/>
</pin_list>
<bind>
<opset="trunc_ln168_1 "/>
</bind>
</comp>

<comp id="4997" class="1005" name="scores_addr_reg_4997">
<pin_list>
<pin id="4998" dir="0" index="0" bw="7" slack="1"/>
<pin id="4999" dir="1" index="1" bw="7" slack="1"/>
</pin_list>
<bind>
<opset="scores_addr "/>
</bind>
</comp>

<comp id="5002" class="1005" name="scores_1_addr_reg_5002">
<pin_list>
<pin id="5003" dir="0" index="0" bw="7" slack="1"/>
<pin id="5004" dir="1" index="1" bw="7" slack="1"/>
</pin_list>
<bind>
<opset="scores_1_addr "/>
</bind>
</comp>

<comp id="5007" class="1005" name="scores_2_addr_reg_5007">
<pin_list>
<pin id="5008" dir="0" index="0" bw="7" slack="1"/>
<pin id="5009" dir="1" index="1" bw="7" slack="1"/>
</pin_list>
<bind>
<opset="scores_2_addr "/>
</bind>
</comp>

<comp id="5012" class="1005" name="scores_3_addr_reg_5012">
<pin_list>
<pin id="5013" dir="0" index="0" bw="7" slack="1"/>
<pin id="5014" dir="1" index="1" bw="7" slack="1"/>
</pin_list>
<bind>
<opset="scores_3_addr "/>
</bind>
</comp>

<comp id="5017" class="1005" name="scores_4_addr_reg_5017">
<pin_list>
<pin id="5018" dir="0" index="0" bw="7" slack="1"/>
<pin id="5019" dir="1" index="1" bw="7" slack="1"/>
</pin_list>
<bind>
<opset="scores_4_addr "/>
</bind>
</comp>

<comp id="5022" class="1005" name="scores_5_addr_reg_5022">
<pin_list>
<pin id="5023" dir="0" index="0" bw="7" slack="1"/>
<pin id="5024" dir="1" index="1" bw="7" slack="1"/>
</pin_list>
<bind>
<opset="scores_5_addr "/>
</bind>
</comp>

<comp id="5027" class="1005" name="scores_6_addr_reg_5027">
<pin_list>
<pin id="5028" dir="0" index="0" bw="7" slack="1"/>
<pin id="5029" dir="1" index="1" bw="7" slack="1"/>
</pin_list>
<bind>
<opset="scores_6_addr "/>
</bind>
</comp>

<comp id="5032" class="1005" name="scores_7_addr_reg_5032">
<pin_list>
<pin id="5033" dir="0" index="0" bw="7" slack="1"/>
<pin id="5034" dir="1" index="1" bw="7" slack="1"/>
</pin_list>
<bind>
<opset="scores_7_addr "/>
</bind>
</comp>

<comp id="5037" class="1005" name="tmp_4_reg_5037">
<pin_list>
<pin id="5038" dir="0" index="0" bw="32" slack="1"/>
<pin id="5039" dir="1" index="1" bw="32" slack="1"/>
</pin_list>
<bind>
<opset="tmp_4 "/>
</bind>
</comp>

<comp id="5042" class="1005" name="x_assign_2_reg_5042">
<pin_list>
<pin id="5043" dir="0" index="0" bw="32" slack="1"/>
<pin id="5044" dir="1" index="1" bw="32" slack="1"/>
</pin_list>
<bind>
<opset="x_assign_2 "/>
</bind>
</comp>

<comp id="5049" class="1005" name="bitcast_ln32_reg_5049">
<pin_list>
<pin id="5050" dir="0" index="0" bw="32" slack="1"/>
<pin id="5051" dir="1" index="1" bw="32" slack="1"/>
</pin_list>
<bind>
<opset="bitcast_ln32 "/>
</bind>
</comp>

<comp id="5054" class="1005" name="or_ln32_reg_5054">
<pin_list>
<pin id="5055" dir="0" index="0" bw="1" slack="1"/>
<pin id="5056" dir="1" index="1" bw="1" slack="1"/>
</pin_list>
<bind>
<opset="or_ln32 "/>
</bind>
</comp>

<comp id="5059" class="1005" name="and_ln32_reg_5059">
<pin_list>
<pin id="5060" dir="0" index="0" bw="1" slack="1"/>
<pin id="5061" dir="1" index="1" bw="1" slack="2147483647"/>
</pin_list>
<bind>
<opset="and_ln32 "/>
</bind>
</comp>

<comp id="5063" class="1005" name="select_ln35_reg_5063">
<pin_list>
<pin id="5064" dir="0" index="0" bw="32" slack="1"/>
<pin id="5065" dir="1" index="1" bw="32" slack="1"/>
</pin_list>
<bind>
<opset="select_ln35 "/>
</bind>
</comp>

<comp id="5068" class="1005" name="dc_reg_5068">
<pin_list>
<pin id="5069" dir="0" index="0" bw="32" slack="1"/>
<pin id="5070" dir="1" index="1" bw="32" slack="1"/>
</pin_list>
<bind>
<opset="dc "/>
</bind>
</comp>

<comp id="5074" class="1005" name="p_Result_s_reg_5074">
<pin_list>
<pin id="5075" dir="0" index="0" bw="1" slack="1"/>
<pin id="5076" dir="1" index="1" bw="1" slack="1"/>
</pin_list>
<bind>
<opset="p_Result_s "/>
</bind>
</comp>

<comp id="5079" class="1005" name="val_reg_5079">
<pin_list>
<pin id="5080" dir="0" index="0" bw="32" slack="1"/>
<pin id="5081" dir="1" index="1" bw="32" slack="1"/>
</pin_list>
<bind>
<opset="val "/>
</bind>
</comp>

<comp id="5085" class="1005" name="result_V_reg_5085">
<pin_list>
<pin id="5086" dir="0" index="0" bw="32" slack="1"/>
<pin id="5087" dir="1" index="1" bw="32" slack="1"/>
</pin_list>
<bind>
<opset="result_V "/>
</bind>
</comp>

<comp id="5090" class="1005" name="icmp_ln36_reg_5090">
<pin_list>
<pin id="5091" dir="0" index="0" bw="1" slack="1"/>
<pin id="5092" dir="1" index="1" bw="1" slack="1"/>
</pin_list>
<bind>
<opset="icmp_ln36 "/>
</bind>
</comp>

<comp id="5095" class="1005" name="idx_1_reg_5095">
<pin_list>
<pin id="5096" dir="0" index="0" bw="32" slack="1"/>
<pin id="5097" dir="1" index="1" bw="32" slack="1"/>
</pin_list>
<bind>
<opset="idx_1 "/>
</bind>
</comp>

<comp id="5101" class="1005" name="trunc_ln35_reg_5101">
<pin_list>
<pin id="5102" dir="0" index="0" bw="7" slack="12"/>
<pin id="5103" dir="1" index="1" bw="7" slack="12"/>
</pin_list>
<bind>
<opset="trunc_ln35 "/>
</bind>
</comp>

<comp id="5106" class="1005" name="conv9_i_reg_5106">
<pin_list>
<pin id="5107" dir="0" index="0" bw="32" slack="1"/>
<pin id="5108" dir="1" index="1" bw="32" slack="1"/>
</pin_list>
<bind>
<opset="conv9_i "/>
</bind>
</comp>

<comp id="5111" class="1005" name="frac_reg_5111">
<pin_list>
<pin id="5112" dir="0" index="0" bw="32" slack="1"/>
<pin id="5113" dir="1" index="1" bw="32" slack="1"/>
</pin_list>
<bind>
<opset="frac "/>
</bind>
</comp>

<comp id="5117" class="1005" name="tmp_6_reg_5117">
<pin_list>
<pin id="5118" dir="0" index="0" bw="32" slack="1"/>
<pin id="5119" dir="1" index="1" bw="32" slack="1"/>
</pin_list>
<bind>
<opset="tmp_6 "/>
</bind>
</comp>

<comp id="5122" class="1005" name="mul14_i_reg_5122">
<pin_list>
<pin id="5123" dir="0" index="0" bw="32" slack="8"/>
<pin id="5124" dir="1" index="1" bw="32" slack="8"/>
</pin_list>
<bind>
<opset="mul14_i "/>
</bind>
</comp>

<comp id="5127" class="1005" name="tmp_5_reg_5127">
<pin_list>
<pin id="5128" dir="0" index="0" bw="32" slack="1"/>
<pin id="5129" dir="1" index="1" bw="32" slack="1"/>
</pin_list>
<bind>
<opset="tmp_5 "/>
</bind>
</comp>

<comp id="5132" class="1005" name="sub11_i_reg_5132">
<pin_list>
<pin id="5133" dir="0" index="0" bw="32" slack="1"/>
<pin id="5134" dir="1" index="1" bw="32" slack="1"/>
</pin_list>
<bind>
<opset="sub11_i "/>
</bind>
</comp>

<comp id="5137" class="1005" name="mul_i_reg_5137">
<pin_list>
<pin id="5138" dir="0" index="0" bw="32" slack="1"/>
<pin id="5139" dir="1" index="1" bw="32" slack="1"/>
</pin_list>
<bind>
<opset="mul_i "/>
</bind>
</comp>

<comp id="5142" class="1005" name="add15_i_reg_5142">
<pin_list>
<pin id="5143" dir="0" index="0" bw="32" slack="1"/>
<pin id="5144" dir="1" index="1" bw="32" slack="1"/>
</pin_list>
<bind>
<opset="add15_i "/>
</bind>
</comp>

</comp_list>

<net_list>
<net id="763"><net_src comp="278" pin="0"/><net_sink comp="760" pin=0"/></net>

<net id="767"><net_src comp="278" pin="0"/><net_sink comp="764" pin=0"/></net>

<net id="771"><net_src comp="278" pin="0"/><net_sink comp="768" pin=0"/></net>

<net id="775"><net_src comp="278" pin="0"/><net_sink comp="772" pin=0"/></net>

<net id="779"><net_src comp="278" pin="0"/><net_sink comp="776" pin=0"/></net>

<net id="783"><net_src comp="278" pin="0"/><net_sink comp="780" pin=0"/></net>

<net id="787"><net_src comp="278" pin="0"/><net_sink comp="784" pin=0"/></net>

<net id="791"><net_src comp="278" pin="0"/><net_sink comp="788" pin=0"/></net>

<net id="795"><net_src comp="278" pin="0"/><net_sink comp="792" pin=0"/></net>

<net id="799"><net_src comp="278" pin="0"/><net_sink comp="796" pin=0"/></net>

<net id="803"><net_src comp="278" pin="0"/><net_sink comp="800" pin=0"/></net>

<net id="807"><net_src comp="278" pin="0"/><net_sink comp="804" pin=0"/></net>

<net id="811"><net_src comp="278" pin="0"/><net_sink comp="808" pin=0"/></net>

<net id="815"><net_src comp="278" pin="0"/><net_sink comp="812" pin=0"/></net>

<net id="819"><net_src comp="278" pin="0"/><net_sink comp="816" pin=0"/></net>

<net id="823"><net_src comp="278" pin="0"/><net_sink comp="820" pin=0"/></net>

<net id="827"><net_src comp="278" pin="0"/><net_sink comp="824" pin=0"/></net>

<net id="831"><net_src comp="278" pin="0"/><net_sink comp="828" pin=0"/></net>

<net id="835"><net_src comp="278" pin="0"/><net_sink comp="832" pin=0"/></net>

<net id="839"><net_src comp="278" pin="0"/><net_sink comp="836" pin=0"/></net>

<net id="843"><net_src comp="278" pin="0"/><net_sink comp="840" pin=0"/></net>

<net id="847"><net_src comp="278" pin="0"/><net_sink comp="844" pin=0"/></net>

<net id="851"><net_src comp="278" pin="0"/><net_sink comp="848" pin=0"/></net>

<net id="855"><net_src comp="278" pin="0"/><net_sink comp="852" pin=0"/></net>

<net id="859"><net_src comp="278" pin="0"/><net_sink comp="856" pin=0"/></net>

<net id="863"><net_src comp="278" pin="0"/><net_sink comp="860" pin=0"/></net>

<net id="867"><net_src comp="278" pin="0"/><net_sink comp="864" pin=0"/></net>

<net id="871"><net_src comp="278" pin="0"/><net_sink comp="868" pin=0"/></net>

<net id="875"><net_src comp="278" pin="0"/><net_sink comp="872" pin=0"/></net>

<net id="879"><net_src comp="278" pin="0"/><net_sink comp="876" pin=0"/></net>

<net id="883"><net_src comp="278" pin="0"/><net_sink comp="880" pin=0"/></net>

<net id="887"><net_src comp="278" pin="0"/><net_sink comp="884" pin=0"/></net>

<net id="891"><net_src comp="278" pin="0"/><net_sink comp="888" pin=0"/></net>

<net id="895"><net_src comp="278" pin="0"/><net_sink comp="892" pin=0"/></net>

<net id="899"><net_src comp="278" pin="0"/><net_sink comp="896" pin=0"/></net>

<net id="903"><net_src comp="278" pin="0"/><net_sink comp="900" pin=0"/></net>

<net id="907"><net_src comp="278" pin="0"/><net_sink comp="904" pin=0"/></net>

<net id="911"><net_src comp="278" pin="0"/><net_sink comp="908" pin=0"/></net>

<net id="915"><net_src comp="278" pin="0"/><net_sink comp="912" pin=0"/></net>

<net id="919"><net_src comp="278" pin="0"/><net_sink comp="916" pin=0"/></net>

<net id="923"><net_src comp="278" pin="0"/><net_sink comp="920" pin=0"/></net>

<net id="927"><net_src comp="278" pin="0"/><net_sink comp="924" pin=0"/></net>

<net id="931"><net_src comp="278" pin="0"/><net_sink comp="928" pin=0"/></net>

<net id="935"><net_src comp="278" pin="0"/><net_sink comp="932" pin=0"/></net>

<net id="939"><net_src comp="278" pin="0"/><net_sink comp="936" pin=0"/></net>

<net id="943"><net_src comp="278" pin="0"/><net_sink comp="940" pin=0"/></net>

<net id="947"><net_src comp="278" pin="0"/><net_sink comp="944" pin=0"/></net>

<net id="951"><net_src comp="278" pin="0"/><net_sink comp="948" pin=0"/></net>

<net id="955"><net_src comp="278" pin="0"/><net_sink comp="952" pin=0"/></net>

<net id="959"><net_src comp="278" pin="0"/><net_sink comp="956" pin=0"/></net>

<net id="963"><net_src comp="278" pin="0"/><net_sink comp="960" pin=0"/></net>

<net id="967"><net_src comp="278" pin="0"/><net_sink comp="964" pin=0"/></net>

<net id="971"><net_src comp="278" pin="0"/><net_sink comp="968" pin=0"/></net>

<net id="975"><net_src comp="278" pin="0"/><net_sink comp="972" pin=0"/></net>

<net id="979"><net_src comp="278" pin="0"/><net_sink comp="976" pin=0"/></net>

<net id="983"><net_src comp="278" pin="0"/><net_sink comp="980" pin=0"/></net>

<net id="987"><net_src comp="278" pin="0"/><net_sink comp="984" pin=0"/></net>

<net id="991"><net_src comp="278" pin="0"/><net_sink comp="988" pin=0"/></net>

<net id="995"><net_src comp="278" pin="0"/><net_sink comp="992" pin=0"/></net>

<net id="999"><net_src comp="278" pin="0"/><net_sink comp="996" pin=0"/></net>

<net id="1003"><net_src comp="278" pin="0"/><net_sink comp="1000" pin=0"/></net>

<net id="1007"><net_src comp="278" pin="0"/><net_sink comp="1004" pin=0"/></net>

<net id="1011"><net_src comp="278" pin="0"/><net_sink comp="1008" pin=0"/></net>

<net id="1015"><net_src comp="278" pin="0"/><net_sink comp="1012" pin=0"/></net>

<net id="1019"><net_src comp="278" pin="0"/><net_sink comp="1016" pin=0"/></net>

<net id="1023"><net_src comp="278" pin="0"/><net_sink comp="1020" pin=0"/></net>

<net id="1027"><net_src comp="278" pin="0"/><net_sink comp="1024" pin=0"/></net>

<net id="1031"><net_src comp="278" pin="0"/><net_sink comp="1028" pin=0"/></net>

<net id="1035"><net_src comp="278" pin="0"/><net_sink comp="1032" pin=0"/></net>

<net id="1039"><net_src comp="278" pin="0"/><net_sink comp="1036" pin=0"/></net>

<net id="1043"><net_src comp="278" pin="0"/><net_sink comp="1040" pin=0"/></net>

<net id="1047"><net_src comp="278" pin="0"/><net_sink comp="1044" pin=0"/></net>

<net id="1051"><net_src comp="278" pin="0"/><net_sink comp="1048" pin=0"/></net>

<net id="1055"><net_src comp="278" pin="0"/><net_sink comp="1052" pin=0"/></net>

<net id="1059"><net_src comp="278" pin="0"/><net_sink comp="1056" pin=0"/></net>

<net id="1063"><net_src comp="278" pin="0"/><net_sink comp="1060" pin=0"/></net>

<net id="1067"><net_src comp="278" pin="0"/><net_sink comp="1064" pin=0"/></net>

<net id="1071"><net_src comp="278" pin="0"/><net_sink comp="1068" pin=0"/></net>

<net id="1075"><net_src comp="278" pin="0"/><net_sink comp="1072" pin=0"/></net>

<net id="1079"><net_src comp="278" pin="0"/><net_sink comp="1076" pin=0"/></net>

<net id="1083"><net_src comp="278" pin="0"/><net_sink comp="1080" pin=0"/></net>

<net id="1087"><net_src comp="278" pin="0"/><net_sink comp="1084" pin=0"/></net>

<net id="1091"><net_src comp="278" pin="0"/><net_sink comp="1088" pin=0"/></net>

<net id="1095"><net_src comp="278" pin="0"/><net_sink comp="1092" pin=0"/></net>

<net id="1099"><net_src comp="278" pin="0"/><net_sink comp="1096" pin=0"/></net>

<net id="1103"><net_src comp="278" pin="0"/><net_sink comp="1100" pin=0"/></net>

<net id="1107"><net_src comp="278" pin="0"/><net_sink comp="1104" pin=0"/></net>

<net id="1111"><net_src comp="278" pin="0"/><net_sink comp="1108" pin=0"/></net>

<net id="1115"><net_src comp="278" pin="0"/><net_sink comp="1112" pin=0"/></net>

<net id="1119"><net_src comp="278" pin="0"/><net_sink comp="1116" pin=0"/></net>

<net id="1123"><net_src comp="278" pin="0"/><net_sink comp="1120" pin=0"/></net>

<net id="1127"><net_src comp="278" pin="0"/><net_sink comp="1124" pin=0"/></net>

<net id="1131"><net_src comp="278" pin="0"/><net_sink comp="1128" pin=0"/></net>

<net id="1135"><net_src comp="278" pin="0"/><net_sink comp="1132" pin=0"/></net>

<net id="1139"><net_src comp="278" pin="0"/><net_sink comp="1136" pin=0"/></net>

<net id="1143"><net_src comp="278" pin="0"/><net_sink comp="1140" pin=0"/></net>

<net id="1147"><net_src comp="278" pin="0"/><net_sink comp="1144" pin=0"/></net>

<net id="1151"><net_src comp="278" pin="0"/><net_sink comp="1148" pin=0"/></net>

<net id="1155"><net_src comp="278" pin="0"/><net_sink comp="1152" pin=0"/></net>

<net id="1159"><net_src comp="278" pin="0"/><net_sink comp="1156" pin=0"/></net>

<net id="1163"><net_src comp="278" pin="0"/><net_sink comp="1160" pin=0"/></net>

<net id="1167"><net_src comp="278" pin="0"/><net_sink comp="1164" pin=0"/></net>

<net id="1171"><net_src comp="278" pin="0"/><net_sink comp="1168" pin=0"/></net>

<net id="1175"><net_src comp="278" pin="0"/><net_sink comp="1172" pin=0"/></net>

<net id="1179"><net_src comp="278" pin="0"/><net_sink comp="1176" pin=0"/></net>

<net id="1183"><net_src comp="278" pin="0"/><net_sink comp="1180" pin=0"/></net>

<net id="1187"><net_src comp="278" pin="0"/><net_sink comp="1184" pin=0"/></net>

<net id="1191"><net_src comp="278" pin="0"/><net_sink comp="1188" pin=0"/></net>

<net id="1195"><net_src comp="278" pin="0"/><net_sink comp="1192" pin=0"/></net>

<net id="1199"><net_src comp="278" pin="0"/><net_sink comp="1196" pin=0"/></net>

<net id="1203"><net_src comp="278" pin="0"/><net_sink comp="1200" pin=0"/></net>

<net id="1207"><net_src comp="278" pin="0"/><net_sink comp="1204" pin=0"/></net>

<net id="1211"><net_src comp="278" pin="0"/><net_sink comp="1208" pin=0"/></net>

<net id="1215"><net_src comp="278" pin="0"/><net_sink comp="1212" pin=0"/></net>

<net id="1219"><net_src comp="278" pin="0"/><net_sink comp="1216" pin=0"/></net>

<net id="1223"><net_src comp="278" pin="0"/><net_sink comp="1220" pin=0"/></net>

<net id="1227"><net_src comp="278" pin="0"/><net_sink comp="1224" pin=0"/></net>

<net id="1231"><net_src comp="278" pin="0"/><net_sink comp="1228" pin=0"/></net>

<net id="1235"><net_src comp="278" pin="0"/><net_sink comp="1232" pin=0"/></net>

<net id="1239"><net_src comp="278" pin="0"/><net_sink comp="1236" pin=0"/></net>

<net id="1243"><net_src comp="278" pin="0"/><net_sink comp="1240" pin=0"/></net>

<net id="1247"><net_src comp="278" pin="0"/><net_sink comp="1244" pin=0"/></net>

<net id="1251"><net_src comp="278" pin="0"/><net_sink comp="1248" pin=0"/></net>

<net id="1255"><net_src comp="278" pin="0"/><net_sink comp="1252" pin=0"/></net>

<net id="1259"><net_src comp="278" pin="0"/><net_sink comp="1256" pin=0"/></net>

<net id="1263"><net_src comp="278" pin="0"/><net_sink comp="1260" pin=0"/></net>

<net id="1267"><net_src comp="278" pin="0"/><net_sink comp="1264" pin=0"/></net>

<net id="1271"><net_src comp="278" pin="0"/><net_sink comp="1268" pin=0"/></net>

<net id="1275"><net_src comp="278" pin="0"/><net_sink comp="1272" pin=0"/></net>

<net id="1280"><net_src comp="280" pin="0"/><net_sink comp="1276" pin=0"/></net>

<net id="1281"><net_src comp="20" pin="0"/><net_sink comp="1276" pin=1"/></net>

<net id="1286"><net_src comp="282" pin="0"/><net_sink comp="1282" pin=0"/></net>

<net id="1287"><net_src comp="2" pin="0"/><net_sink comp="1282" pin=1"/></net>

<net id="1292"><net_src comp="282" pin="0"/><net_sink comp="1288" pin=0"/></net>

<net id="1293"><net_src comp="0" pin="0"/><net_sink comp="1288" pin=1"/></net>

<net id="1299"><net_src comp="758" pin="0"/><net_sink comp="1294" pin=0"/></net>

<net id="1300"><net_src comp="22" pin="0"/><net_sink comp="1294" pin=1"/></net>

<net id="1306"><net_src comp="758" pin="0"/><net_sink comp="1301" pin=0"/></net>

<net id="1307"><net_src comp="24" pin="0"/><net_sink comp="1301" pin=1"/></net>

<net id="1313"><net_src comp="758" pin="0"/><net_sink comp="1308" pin=0"/></net>

<net id="1314"><net_src comp="26" pin="0"/><net_sink comp="1308" pin=1"/></net>

<net id="1320"><net_src comp="758" pin="0"/><net_sink comp="1315" pin=0"/></net>

<net id="1321"><net_src comp="28" pin="0"/><net_sink comp="1315" pin=1"/></net>

<net id="1327"><net_src comp="758" pin="0"/><net_sink comp="1322" pin=0"/></net>

<net id="1328"><net_src comp="30" pin="0"/><net_sink comp="1322" pin=1"/></net>

<net id="1334"><net_src comp="758" pin="0"/><net_sink comp="1329" pin=0"/></net>

<net id="1335"><net_src comp="32" pin="0"/><net_sink comp="1329" pin=1"/></net>

<net id="1341"><net_src comp="758" pin="0"/><net_sink comp="1336" pin=0"/></net>

<net id="1342"><net_src comp="34" pin="0"/><net_sink comp="1336" pin=1"/></net>

<net id="1348"><net_src comp="758" pin="0"/><net_sink comp="1343" pin=0"/></net>

<net id="1349"><net_src comp="36" pin="0"/><net_sink comp="1343" pin=1"/></net>

<net id="1355"><net_src comp="758" pin="0"/><net_sink comp="1350" pin=0"/></net>

<net id="1356"><net_src comp="38" pin="0"/><net_sink comp="1350" pin=1"/></net>

<net id="1362"><net_src comp="758" pin="0"/><net_sink comp="1357" pin=0"/></net>

<net id="1363"><net_src comp="40" pin="0"/><net_sink comp="1357" pin=1"/></net>

<net id="1369"><net_src comp="758" pin="0"/><net_sink comp="1364" pin=0"/></net>

<net id="1370"><net_src comp="42" pin="0"/><net_sink comp="1364" pin=1"/></net>

<net id="1376"><net_src comp="758" pin="0"/><net_sink comp="1371" pin=0"/></net>

<net id="1377"><net_src comp="44" pin="0"/><net_sink comp="1371" pin=1"/></net>

<net id="1383"><net_src comp="758" pin="0"/><net_sink comp="1378" pin=0"/></net>

<net id="1384"><net_src comp="46" pin="0"/><net_sink comp="1378" pin=1"/></net>

<net id="1390"><net_src comp="758" pin="0"/><net_sink comp="1385" pin=0"/></net>

<net id="1391"><net_src comp="48" pin="0"/><net_sink comp="1385" pin=1"/></net>

<net id="1397"><net_src comp="758" pin="0"/><net_sink comp="1392" pin=0"/></net>

<net id="1398"><net_src comp="50" pin="0"/><net_sink comp="1392" pin=1"/></net>

<net id="1404"><net_src comp="758" pin="0"/><net_sink comp="1399" pin=0"/></net>

<net id="1405"><net_src comp="52" pin="0"/><net_sink comp="1399" pin=1"/></net>

<net id="1411"><net_src comp="758" pin="0"/><net_sink comp="1406" pin=0"/></net>

<net id="1412"><net_src comp="54" pin="0"/><net_sink comp="1406" pin=1"/></net>

<net id="1418"><net_src comp="758" pin="0"/><net_sink comp="1413" pin=0"/></net>

<net id="1419"><net_src comp="56" pin="0"/><net_sink comp="1413" pin=1"/></net>

<net id="1425"><net_src comp="758" pin="0"/><net_sink comp="1420" pin=0"/></net>

<net id="1426"><net_src comp="58" pin="0"/><net_sink comp="1420" pin=1"/></net>

<net id="1432"><net_src comp="758" pin="0"/><net_sink comp="1427" pin=0"/></net>

<net id="1433"><net_src comp="60" pin="0"/><net_sink comp="1427" pin=1"/></net>

<net id="1439"><net_src comp="758" pin="0"/><net_sink comp="1434" pin=0"/></net>

<net id="1440"><net_src comp="62" pin="0"/><net_sink comp="1434" pin=1"/></net>

<net id="1446"><net_src comp="758" pin="0"/><net_sink comp="1441" pin=0"/></net>

<net id="1447"><net_src comp="64" pin="0"/><net_sink comp="1441" pin=1"/></net>

<net id="1453"><net_src comp="758" pin="0"/><net_sink comp="1448" pin=0"/></net>

<net id="1454"><net_src comp="66" pin="0"/><net_sink comp="1448" pin=1"/></net>

<net id="1460"><net_src comp="758" pin="0"/><net_sink comp="1455" pin=0"/></net>

<net id="1461"><net_src comp="68" pin="0"/><net_sink comp="1455" pin=1"/></net>

<net id="1467"><net_src comp="758" pin="0"/><net_sink comp="1462" pin=0"/></net>

<net id="1468"><net_src comp="70" pin="0"/><net_sink comp="1462" pin=1"/></net>

<net id="1474"><net_src comp="758" pin="0"/><net_sink comp="1469" pin=0"/></net>

<net id="1475"><net_src comp="72" pin="0"/><net_sink comp="1469" pin=1"/></net>

<net id="1481"><net_src comp="758" pin="0"/><net_sink comp="1476" pin=0"/></net>

<net id="1482"><net_src comp="74" pin="0"/><net_sink comp="1476" pin=1"/></net>

<net id="1488"><net_src comp="758" pin="0"/><net_sink comp="1483" pin=0"/></net>

<net id="1489"><net_src comp="76" pin="0"/><net_sink comp="1483" pin=1"/></net>

<net id="1495"><net_src comp="758" pin="0"/><net_sink comp="1490" pin=0"/></net>

<net id="1496"><net_src comp="78" pin="0"/><net_sink comp="1490" pin=1"/></net>

<net id="1502"><net_src comp="758" pin="0"/><net_sink comp="1497" pin=0"/></net>

<net id="1503"><net_src comp="80" pin="0"/><net_sink comp="1497" pin=1"/></net>

<net id="1509"><net_src comp="758" pin="0"/><net_sink comp="1504" pin=0"/></net>

<net id="1510"><net_src comp="82" pin="0"/><net_sink comp="1504" pin=1"/></net>

<net id="1516"><net_src comp="758" pin="0"/><net_sink comp="1511" pin=0"/></net>

<net id="1517"><net_src comp="84" pin="0"/><net_sink comp="1511" pin=1"/></net>

<net id="1523"><net_src comp="758" pin="0"/><net_sink comp="1518" pin=0"/></net>

<net id="1524"><net_src comp="86" pin="0"/><net_sink comp="1518" pin=1"/></net>

<net id="1530"><net_src comp="758" pin="0"/><net_sink comp="1525" pin=0"/></net>

<net id="1531"><net_src comp="88" pin="0"/><net_sink comp="1525" pin=1"/></net>

<net id="1537"><net_src comp="758" pin="0"/><net_sink comp="1532" pin=0"/></net>

<net id="1538"><net_src comp="90" pin="0"/><net_sink comp="1532" pin=1"/></net>

<net id="1544"><net_src comp="758" pin="0"/><net_sink comp="1539" pin=0"/></net>

<net id="1545"><net_src comp="92" pin="0"/><net_sink comp="1539" pin=1"/></net>

<net id="1551"><net_src comp="758" pin="0"/><net_sink comp="1546" pin=0"/></net>

<net id="1552"><net_src comp="94" pin="0"/><net_sink comp="1546" pin=1"/></net>

<net id="1558"><net_src comp="758" pin="0"/><net_sink comp="1553" pin=0"/></net>

<net id="1559"><net_src comp="96" pin="0"/><net_sink comp="1553" pin=1"/></net>

<net id="1565"><net_src comp="758" pin="0"/><net_sink comp="1560" pin=0"/></net>

<net id="1566"><net_src comp="98" pin="0"/><net_sink comp="1560" pin=1"/></net>

<net id="1572"><net_src comp="758" pin="0"/><net_sink comp="1567" pin=0"/></net>

<net id="1573"><net_src comp="100" pin="0"/><net_sink comp="1567" pin=1"/></net>

<net id="1579"><net_src comp="758" pin="0"/><net_sink comp="1574" pin=0"/></net>

<net id="1580"><net_src comp="102" pin="0"/><net_sink comp="1574" pin=1"/></net>

<net id="1586"><net_src comp="758" pin="0"/><net_sink comp="1581" pin=0"/></net>

<net id="1587"><net_src comp="104" pin="0"/><net_sink comp="1581" pin=1"/></net>

<net id="1593"><net_src comp="758" pin="0"/><net_sink comp="1588" pin=0"/></net>

<net id="1594"><net_src comp="106" pin="0"/><net_sink comp="1588" pin=1"/></net>

<net id="1600"><net_src comp="758" pin="0"/><net_sink comp="1595" pin=0"/></net>

<net id="1601"><net_src comp="108" pin="0"/><net_sink comp="1595" pin=1"/></net>

<net id="1607"><net_src comp="758" pin="0"/><net_sink comp="1602" pin=0"/></net>

<net id="1608"><net_src comp="110" pin="0"/><net_sink comp="1602" pin=1"/></net>

<net id="1614"><net_src comp="758" pin="0"/><net_sink comp="1609" pin=0"/></net>

<net id="1615"><net_src comp="112" pin="0"/><net_sink comp="1609" pin=1"/></net>

<net id="1621"><net_src comp="758" pin="0"/><net_sink comp="1616" pin=0"/></net>

<net id="1622"><net_src comp="114" pin="0"/><net_sink comp="1616" pin=1"/></net>

<net id="1628"><net_src comp="758" pin="0"/><net_sink comp="1623" pin=0"/></net>

<net id="1629"><net_src comp="116" pin="0"/><net_sink comp="1623" pin=1"/></net>

<net id="1635"><net_src comp="758" pin="0"/><net_sink comp="1630" pin=0"/></net>

<net id="1636"><net_src comp="118" pin="0"/><net_sink comp="1630" pin=1"/></net>

<net id="1642"><net_src comp="758" pin="0"/><net_sink comp="1637" pin=0"/></net>

<net id="1643"><net_src comp="120" pin="0"/><net_sink comp="1637" pin=1"/></net>

<net id="1649"><net_src comp="758" pin="0"/><net_sink comp="1644" pin=0"/></net>

<net id="1650"><net_src comp="122" pin="0"/><net_sink comp="1644" pin=1"/></net>

<net id="1656"><net_src comp="758" pin="0"/><net_sink comp="1651" pin=0"/></net>

<net id="1657"><net_src comp="124" pin="0"/><net_sink comp="1651" pin=1"/></net>

<net id="1663"><net_src comp="758" pin="0"/><net_sink comp="1658" pin=0"/></net>

<net id="1664"><net_src comp="126" pin="0"/><net_sink comp="1658" pin=1"/></net>

<net id="1670"><net_src comp="758" pin="0"/><net_sink comp="1665" pin=0"/></net>

<net id="1671"><net_src comp="128" pin="0"/><net_sink comp="1665" pin=1"/></net>

<net id="1677"><net_src comp="758" pin="0"/><net_sink comp="1672" pin=0"/></net>

<net id="1678"><net_src comp="130" pin="0"/><net_sink comp="1672" pin=1"/></net>

<net id="1684"><net_src comp="758" pin="0"/><net_sink comp="1679" pin=0"/></net>

<net id="1685"><net_src comp="132" pin="0"/><net_sink comp="1679" pin=1"/></net>

<net id="1691"><net_src comp="758" pin="0"/><net_sink comp="1686" pin=0"/></net>

<net id="1692"><net_src comp="134" pin="0"/><net_sink comp="1686" pin=1"/></net>

<net id="1698"><net_src comp="758" pin="0"/><net_sink comp="1693" pin=0"/></net>

<net id="1699"><net_src comp="136" pin="0"/><net_sink comp="1693" pin=1"/></net>

<net id="1705"><net_src comp="758" pin="0"/><net_sink comp="1700" pin=0"/></net>

<net id="1706"><net_src comp="138" pin="0"/><net_sink comp="1700" pin=1"/></net>

<net id="1712"><net_src comp="758" pin="0"/><net_sink comp="1707" pin=0"/></net>

<net id="1713"><net_src comp="140" pin="0"/><net_sink comp="1707" pin=1"/></net>

<net id="1719"><net_src comp="758" pin="0"/><net_sink comp="1714" pin=0"/></net>

<net id="1720"><net_src comp="142" pin="0"/><net_sink comp="1714" pin=1"/></net>

<net id="1726"><net_src comp="758" pin="0"/><net_sink comp="1721" pin=0"/></net>

<net id="1727"><net_src comp="144" pin="0"/><net_sink comp="1721" pin=1"/></net>

<net id="1733"><net_src comp="758" pin="0"/><net_sink comp="1728" pin=0"/></net>

<net id="1734"><net_src comp="146" pin="0"/><net_sink comp="1728" pin=1"/></net>

<net id="1740"><net_src comp="758" pin="0"/><net_sink comp="1735" pin=0"/></net>

<net id="1741"><net_src comp="148" pin="0"/><net_sink comp="1735" pin=1"/></net>

<net id="1747"><net_src comp="758" pin="0"/><net_sink comp="1742" pin=0"/></net>

<net id="1748"><net_src comp="150" pin="0"/><net_sink comp="1742" pin=1"/></net>

<net id="1754"><net_src comp="758" pin="0"/><net_sink comp="1749" pin=0"/></net>

<net id="1755"><net_src comp="152" pin="0"/><net_sink comp="1749" pin=1"/></net>

<net id="1761"><net_src comp="758" pin="0"/><net_sink comp="1756" pin=0"/></net>

<net id="1762"><net_src comp="154" pin="0"/><net_sink comp="1756" pin=1"/></net>

<net id="1768"><net_src comp="758" pin="0"/><net_sink comp="1763" pin=0"/></net>

<net id="1769"><net_src comp="156" pin="0"/><net_sink comp="1763" pin=1"/></net>

<net id="1775"><net_src comp="758" pin="0"/><net_sink comp="1770" pin=0"/></net>

<net id="1776"><net_src comp="158" pin="0"/><net_sink comp="1770" pin=1"/></net>

<net id="1782"><net_src comp="758" pin="0"/><net_sink comp="1777" pin=0"/></net>

<net id="1783"><net_src comp="160" pin="0"/><net_sink comp="1777" pin=1"/></net>

<net id="1789"><net_src comp="758" pin="0"/><net_sink comp="1784" pin=0"/></net>

<net id="1790"><net_src comp="162" pin="0"/><net_sink comp="1784" pin=1"/></net>

<net id="1796"><net_src comp="758" pin="0"/><net_sink comp="1791" pin=0"/></net>

<net id="1797"><net_src comp="164" pin="0"/><net_sink comp="1791" pin=1"/></net>

<net id="1803"><net_src comp="758" pin="0"/><net_sink comp="1798" pin=0"/></net>

<net id="1804"><net_src comp="166" pin="0"/><net_sink comp="1798" pin=1"/></net>

<net id="1810"><net_src comp="758" pin="0"/><net_sink comp="1805" pin=0"/></net>

<net id="1811"><net_src comp="168" pin="0"/><net_sink comp="1805" pin=1"/></net>

<net id="1817"><net_src comp="758" pin="0"/><net_sink comp="1812" pin=0"/></net>

<net id="1818"><net_src comp="170" pin="0"/><net_sink comp="1812" pin=1"/></net>

<net id="1824"><net_src comp="758" pin="0"/><net_sink comp="1819" pin=0"/></net>

<net id="1825"><net_src comp="172" pin="0"/><net_sink comp="1819" pin=1"/></net>

<net id="1831"><net_src comp="758" pin="0"/><net_sink comp="1826" pin=0"/></net>

<net id="1832"><net_src comp="174" pin="0"/><net_sink comp="1826" pin=1"/></net>

<net id="1838"><net_src comp="758" pin="0"/><net_sink comp="1833" pin=0"/></net>

<net id="1839"><net_src comp="176" pin="0"/><net_sink comp="1833" pin=1"/></net>

<net id="1845"><net_src comp="758" pin="0"/><net_sink comp="1840" pin=0"/></net>

<net id="1846"><net_src comp="178" pin="0"/><net_sink comp="1840" pin=1"/></net>

<net id="1852"><net_src comp="758" pin="0"/><net_sink comp="1847" pin=0"/></net>

<net id="1853"><net_src comp="180" pin="0"/><net_sink comp="1847" pin=1"/></net>

<net id="1859"><net_src comp="758" pin="0"/><net_sink comp="1854" pin=0"/></net>

<net id="1860"><net_src comp="182" pin="0"/><net_sink comp="1854" pin=1"/></net>

<net id="1866"><net_src comp="758" pin="0"/><net_sink comp="1861" pin=0"/></net>

<net id="1867"><net_src comp="184" pin="0"/><net_sink comp="1861" pin=1"/></net>

<net id="1873"><net_src comp="758" pin="0"/><net_sink comp="1868" pin=0"/></net>

<net id="1874"><net_src comp="186" pin="0"/><net_sink comp="1868" pin=1"/></net>

<net id="1880"><net_src comp="758" pin="0"/><net_sink comp="1875" pin=0"/></net>

<net id="1881"><net_src comp="188" pin="0"/><net_sink comp="1875" pin=1"/></net>

<net id="1887"><net_src comp="758" pin="0"/><net_sink comp="1882" pin=0"/></net>

<net id="1888"><net_src comp="190" pin="0"/><net_sink comp="1882" pin=1"/></net>

<net id="1894"><net_src comp="758" pin="0"/><net_sink comp="1889" pin=0"/></net>

<net id="1895"><net_src comp="192" pin="0"/><net_sink comp="1889" pin=1"/></net>

<net id="1901"><net_src comp="758" pin="0"/><net_sink comp="1896" pin=0"/></net>

<net id="1902"><net_src comp="194" pin="0"/><net_sink comp="1896" pin=1"/></net>

<net id="1908"><net_src comp="758" pin="0"/><net_sink comp="1903" pin=0"/></net>

<net id="1909"><net_src comp="196" pin="0"/><net_sink comp="1903" pin=1"/></net>

<net id="1915"><net_src comp="758" pin="0"/><net_sink comp="1910" pin=0"/></net>

<net id="1916"><net_src comp="198" pin="0"/><net_sink comp="1910" pin=1"/></net>

<net id="1922"><net_src comp="758" pin="0"/><net_sink comp="1917" pin=0"/></net>

<net id="1923"><net_src comp="200" pin="0"/><net_sink comp="1917" pin=1"/></net>

<net id="1929"><net_src comp="758" pin="0"/><net_sink comp="1924" pin=0"/></net>

<net id="1930"><net_src comp="202" pin="0"/><net_sink comp="1924" pin=1"/></net>

<net id="1936"><net_src comp="758" pin="0"/><net_sink comp="1931" pin=0"/></net>

<net id="1937"><net_src comp="204" pin="0"/><net_sink comp="1931" pin=1"/></net>

<net id="1943"><net_src comp="758" pin="0"/><net_sink comp="1938" pin=0"/></net>

<net id="1944"><net_src comp="206" pin="0"/><net_sink comp="1938" pin=1"/></net>

<net id="1950"><net_src comp="758" pin="0"/><net_sink comp="1945" pin=0"/></net>

<net id="1951"><net_src comp="208" pin="0"/><net_sink comp="1945" pin=1"/></net>

<net id="1957"><net_src comp="758" pin="0"/><net_sink comp="1952" pin=0"/></net>

<net id="1958"><net_src comp="210" pin="0"/><net_sink comp="1952" pin=1"/></net>

<net id="1964"><net_src comp="758" pin="0"/><net_sink comp="1959" pin=0"/></net>

<net id="1965"><net_src comp="212" pin="0"/><net_sink comp="1959" pin=1"/></net>

<net id="1971"><net_src comp="758" pin="0"/><net_sink comp="1966" pin=0"/></net>

<net id="1972"><net_src comp="214" pin="0"/><net_sink comp="1966" pin=1"/></net>

<net id="1978"><net_src comp="758" pin="0"/><net_sink comp="1973" pin=0"/></net>

<net id="1979"><net_src comp="216" pin="0"/><net_sink comp="1973" pin=1"/></net>

<net id="1985"><net_src comp="758" pin="0"/><net_sink comp="1980" pin=0"/></net>

<net id="1986"><net_src comp="218" pin="0"/><net_sink comp="1980" pin=1"/></net>

<net id="1992"><net_src comp="758" pin="0"/><net_sink comp="1987" pin=0"/></net>

<net id="1993"><net_src comp="220" pin="0"/><net_sink comp="1987" pin=1"/></net>

<net id="1999"><net_src comp="758" pin="0"/><net_sink comp="1994" pin=0"/></net>

<net id="2000"><net_src comp="222" pin="0"/><net_sink comp="1994" pin=1"/></net>

<net id="2006"><net_src comp="758" pin="0"/><net_sink comp="2001" pin=0"/></net>

<net id="2007"><net_src comp="224" pin="0"/><net_sink comp="2001" pin=1"/></net>

<net id="2013"><net_src comp="758" pin="0"/><net_sink comp="2008" pin=0"/></net>

<net id="2014"><net_src comp="226" pin="0"/><net_sink comp="2008" pin=1"/></net>

<net id="2020"><net_src comp="758" pin="0"/><net_sink comp="2015" pin=0"/></net>

<net id="2021"><net_src comp="228" pin="0"/><net_sink comp="2015" pin=1"/></net>

<net id="2027"><net_src comp="758" pin="0"/><net_sink comp="2022" pin=0"/></net>

<net id="2028"><net_src comp="230" pin="0"/><net_sink comp="2022" pin=1"/></net>

<net id="2034"><net_src comp="758" pin="0"/><net_sink comp="2029" pin=0"/></net>

<net id="2035"><net_src comp="232" pin="0"/><net_sink comp="2029" pin=1"/></net>

<net id="2041"><net_src comp="758" pin="0"/><net_sink comp="2036" pin=0"/></net>

<net id="2042"><net_src comp="234" pin="0"/><net_sink comp="2036" pin=1"/></net>

<net id="2048"><net_src comp="758" pin="0"/><net_sink comp="2043" pin=0"/></net>

<net id="2049"><net_src comp="236" pin="0"/><net_sink comp="2043" pin=1"/></net>

<net id="2055"><net_src comp="758" pin="0"/><net_sink comp="2050" pin=0"/></net>

<net id="2056"><net_src comp="238" pin="0"/><net_sink comp="2050" pin=1"/></net>

<net id="2062"><net_src comp="758" pin="0"/><net_sink comp="2057" pin=0"/></net>

<net id="2063"><net_src comp="240" pin="0"/><net_sink comp="2057" pin=1"/></net>

<net id="2069"><net_src comp="758" pin="0"/><net_sink comp="2064" pin=0"/></net>

<net id="2070"><net_src comp="242" pin="0"/><net_sink comp="2064" pin=1"/></net>

<net id="2076"><net_src comp="758" pin="0"/><net_sink comp="2071" pin=0"/></net>

<net id="2077"><net_src comp="244" pin="0"/><net_sink comp="2071" pin=1"/></net>

<net id="2083"><net_src comp="758" pin="0"/><net_sink comp="2078" pin=0"/></net>

<net id="2084"><net_src comp="246" pin="0"/><net_sink comp="2078" pin=1"/></net>

<net id="2090"><net_src comp="758" pin="0"/><net_sink comp="2085" pin=0"/></net>

<net id="2091"><net_src comp="248" pin="0"/><net_sink comp="2085" pin=1"/></net>

<net id="2097"><net_src comp="758" pin="0"/><net_sink comp="2092" pin=0"/></net>

<net id="2098"><net_src comp="250" pin="0"/><net_sink comp="2092" pin=1"/></net>

<net id="2104"><net_src comp="758" pin="0"/><net_sink comp="2099" pin=0"/></net>

<net id="2105"><net_src comp="252" pin="0"/><net_sink comp="2099" pin=1"/></net>

<net id="2111"><net_src comp="758" pin="0"/><net_sink comp="2106" pin=0"/></net>

<net id="2112"><net_src comp="254" pin="0"/><net_sink comp="2106" pin=1"/></net>

<net id="2118"><net_src comp="758" pin="0"/><net_sink comp="2113" pin=0"/></net>

<net id="2119"><net_src comp="256" pin="0"/><net_sink comp="2113" pin=1"/></net>

<net id="2125"><net_src comp="758" pin="0"/><net_sink comp="2120" pin=0"/></net>

<net id="2126"><net_src comp="258" pin="0"/><net_sink comp="2120" pin=1"/></net>

<net id="2132"><net_src comp="758" pin="0"/><net_sink comp="2127" pin=0"/></net>

<net id="2133"><net_src comp="260" pin="0"/><net_sink comp="2127" pin=1"/></net>

<net id="2139"><net_src comp="758" pin="0"/><net_sink comp="2134" pin=0"/></net>

<net id="2140"><net_src comp="262" pin="0"/><net_sink comp="2134" pin=1"/></net>

<net id="2146"><net_src comp="758" pin="0"/><net_sink comp="2141" pin=0"/></net>

<net id="2147"><net_src comp="264" pin="0"/><net_sink comp="2141" pin=1"/></net>

<net id="2153"><net_src comp="758" pin="0"/><net_sink comp="2148" pin=0"/></net>

<net id="2154"><net_src comp="266" pin="0"/><net_sink comp="2148" pin=1"/></net>

<net id="2160"><net_src comp="758" pin="0"/><net_sink comp="2155" pin=0"/></net>

<net id="2161"><net_src comp="268" pin="0"/><net_sink comp="2155" pin=1"/></net>

<net id="2167"><net_src comp="758" pin="0"/><net_sink comp="2162" pin=0"/></net>

<net id="2168"><net_src comp="270" pin="0"/><net_sink comp="2162" pin=1"/></net>

<net id="2174"><net_src comp="758" pin="0"/><net_sink comp="2169" pin=0"/></net>

<net id="2175"><net_src comp="272" pin="0"/><net_sink comp="2169" pin=1"/></net>

<net id="2181"><net_src comp="758" pin="0"/><net_sink comp="2176" pin=0"/></net>

<net id="2182"><net_src comp="274" pin="0"/><net_sink comp="2176" pin=1"/></net>

<net id="2188"><net_src comp="758" pin="0"/><net_sink comp="2183" pin=0"/></net>

<net id="2189"><net_src comp="276" pin="0"/><net_sink comp="2183" pin=1"/></net>

<net id="2195"><net_src comp="4" pin="0"/><net_sink comp="2190" pin=0"/></net>

<net id="2196"><net_src comp="302" pin="0"/><net_sink comp="2190" pin=1"/></net>

<net id="2202"><net_src comp="6" pin="0"/><net_sink comp="2197" pin=0"/></net>

<net id="2203"><net_src comp="302" pin="0"/><net_sink comp="2197" pin=1"/></net>

<net id="2209"><net_src comp="8" pin="0"/><net_sink comp="2204" pin=0"/></net>

<net id="2210"><net_src comp="302" pin="0"/><net_sink comp="2204" pin=1"/></net>

<net id="2216"><net_src comp="10" pin="0"/><net_sink comp="2211" pin=0"/></net>

<net id="2217"><net_src comp="302" pin="0"/><net_sink comp="2211" pin=1"/></net>

<net id="2223"><net_src comp="12" pin="0"/><net_sink comp="2218" pin=0"/></net>

<net id="2224"><net_src comp="302" pin="0"/><net_sink comp="2218" pin=1"/></net>

<net id="2230"><net_src comp="14" pin="0"/><net_sink comp="2225" pin=0"/></net>

<net id="2231"><net_src comp="302" pin="0"/><net_sink comp="2225" pin=1"/></net>

<net id="2237"><net_src comp="16" pin="0"/><net_sink comp="2232" pin=0"/></net>

<net id="2238"><net_src comp="302" pin="0"/><net_sink comp="2232" pin=1"/></net>

<net id="2244"><net_src comp="18" pin="0"/><net_sink comp="2239" pin=0"/></net>

<net id="2245"><net_src comp="302" pin="0"/><net_sink comp="2239" pin=1"/></net>

<net id="2251"><net_src comp="2190" pin="3"/><net_sink comp="2246" pin=0"/></net>

<net id="2257"><net_src comp="2197" pin="3"/><net_sink comp="2252" pin=0"/></net>

<net id="2263"><net_src comp="2204" pin="3"/><net_sink comp="2258" pin=0"/></net>

<net id="2269"><net_src comp="2211" pin="3"/><net_sink comp="2264" pin=0"/></net>

<net id="2275"><net_src comp="2218" pin="3"/><net_sink comp="2270" pin=0"/></net>

<net id="2281"><net_src comp="2225" pin="3"/><net_sink comp="2276" pin=0"/></net>

<net id="2287"><net_src comp="2232" pin="3"/><net_sink comp="2282" pin=0"/></net>

<net id="2293"><net_src comp="2239" pin="3"/><net_sink comp="2288" pin=0"/></net>

<net id="2297"><net_src comp="572" pin="0"/><net_sink comp="2294" pin=0"/></net>

<net id="2304"><net_src comp="2294" pin="1"/><net_sink comp="2298" pin=2"/></net>

<net id="2317"><net_src comp="754" pin="0"/><net_sink comp="2313" pin=0"/></net>

<net id="2334"><net_src comp="588" pin="0"/><net_sink comp="2330" pin=1"/></net>

<net id="2342"><net_src comp="560" pin="0"/><net_sink comp="2338" pin=1"/></net>

<net id="2347"><net_src comp="572" pin="0"/><net_sink comp="2343" pin=1"/></net>

<net id="2352"><net_src comp="284" pin="0"/><net_sink comp="2348" pin=0"/></net>

<net id="2360"><net_src comp="2353" pin="1"/><net_sink comp="2356" pin=0"/></net>

<net id="2361"><net_src comp="286" pin="0"/><net_sink comp="2356" pin=1"/></net>

<net id="2366"><net_src comp="2353" pin="1"/><net_sink comp="2362" pin=0"/></net>

<net id="2367"><net_src comp="292" pin="0"/><net_sink comp="2362" pin=1"/></net>

<net id="2371"><net_src comp="2353" pin="1"/><net_sink comp="2368" pin=0"/></net>

<net id="2375"><net_src comp="2353" pin="1"/><net_sink comp="2372" pin=0"/></net>

<net id="2382"><net_src comp="294" pin="0"/><net_sink comp="2376" pin=0"/></net>

<net id="2383"><net_src comp="2353" pin="1"/><net_sink comp="2376" pin=1"/></net>

<net id="2384"><net_src comp="296" pin="0"/><net_sink comp="2376" pin=2"/></net>

<net id="2385"><net_src comp="298" pin="0"/><net_sink comp="2376" pin=3"/></net>

<net id="2391"><net_src comp="300" pin="0"/><net_sink comp="2386" pin=0"/></net>

<net id="2392"><net_src comp="1282" pin="2"/><net_sink comp="2386" pin=1"/></net>

<net id="2393"><net_src comp="2376" pin="4"/><net_sink comp="2386" pin=2"/></net>

<net id="2397"><net_src comp="2386" pin="3"/><net_sink comp="2394" pin=0"/></net>

<net id="2398"><net_src comp="2394" pin="1"/><net_sink comp="2190" pin=2"/></net>

<net id="2399"><net_src comp="2394" pin="1"/><net_sink comp="2197" pin=2"/></net>

<net id="2400"><net_src comp="2394" pin="1"/><net_sink comp="2204" pin=2"/></net>

<net id="2401"><net_src comp="2394" pin="1"/><net_sink comp="2211" pin=2"/></net>

<net id="2402"><net_src comp="2394" pin="1"/><net_sink comp="2218" pin=2"/></net>

<net id="2403"><net_src comp="2394" pin="1"/><net_sink comp="2225" pin=2"/></net>

<net id="2404"><net_src comp="2394" pin="1"/><net_sink comp="2232" pin=2"/></net>

<net id="2405"><net_src comp="2394" pin="1"/><net_sink comp="2239" pin=2"/></net>

<net id="2410"><net_src comp="2362" pin="2"/><net_sink comp="2406" pin=0"/></net>

<net id="2423"><net_src comp="558" pin="0"/><net_sink comp="2411" pin=0"/></net>

<net id="2424"><net_src comp="2246" pin="3"/><net_sink comp="2411" pin=1"/></net>

<net id="2425"><net_src comp="2252" pin="3"/><net_sink comp="2411" pin=2"/></net>

<net id="2426"><net_src comp="2258" pin="3"/><net_sink comp="2411" pin=3"/></net>

<net id="2427"><net_src comp="2264" pin="3"/><net_sink comp="2411" pin=4"/></net>

<net id="2428"><net_src comp="2270" pin="3"/><net_sink comp="2411" pin=5"/></net>

<net id="2429"><net_src comp="2276" pin="3"/><net_sink comp="2411" pin=6"/></net>

<net id="2430"><net_src comp="2282" pin="3"/><net_sink comp="2411" pin=7"/></net>

<net id="2431"><net_src comp="2288" pin="3"/><net_sink comp="2411" pin=8"/></net>

<net id="2441"><net_src comp="562" pin="0"/><net_sink comp="2435" pin=0"/></net>

<net id="2442"><net_src comp="2432" pin="1"/><net_sink comp="2435" pin=1"/></net>

<net id="2443"><net_src comp="564" pin="0"/><net_sink comp="2435" pin=2"/></net>

<net id="2444"><net_src comp="566" pin="0"/><net_sink comp="2435" pin=3"/></net>

<net id="2448"><net_src comp="2432" pin="1"/><net_sink comp="2445" pin=0"/></net>

<net id="2453"><net_src comp="2435" pin="4"/><net_sink comp="2449" pin=0"/></net>

<net id="2454"><net_src comp="568" pin="0"/><net_sink comp="2449" pin=1"/></net>

<net id="2459"><net_src comp="2445" pin="1"/><net_sink comp="2455" pin=0"/></net>

<net id="2460"><net_src comp="570" pin="0"/><net_sink comp="2455" pin=1"/></net>

<net id="2465"><net_src comp="2455" pin="2"/><net_sink comp="2461" pin=0"/></net>

<net id="2466"><net_src comp="2449" pin="2"/><net_sink comp="2461" pin=1"/></net>

<net id="2471"><net_src comp="2461" pin="2"/><net_sink comp="2467" pin=0"/></net>

<net id="2472"><net_src comp="2338" pin="2"/><net_sink comp="2467" pin=1"/></net>

<net id="2477"><net_src comp="2343" pin="2"/><net_sink comp="2473" pin=1"/></net>

<net id="2482"><net_src comp="584" pin="0"/><net_sink comp="2478" pin=1"/></net>

<net id="2486"><net_src comp="2478" pin="2"/><net_sink comp="2483" pin=0"/></net>

<net id="2492"><net_src comp="2473" pin="2"/><net_sink comp="2487" pin=0"/></net>

<net id="2493"><net_src comp="586" pin="0"/><net_sink comp="2487" pin=1"/></net>

<net id="2494"><net_src comp="2483" pin="1"/><net_sink comp="2487" pin=2"/></net>

<net id="2503"><net_src comp="590" pin="0"/><net_sink comp="2498" pin=0"/></net>

<net id="2504"><net_src comp="2495" pin="1"/><net_sink comp="2498" pin=1"/></net>

<net id="2505"><net_src comp="592" pin="0"/><net_sink comp="2498" pin=2"/></net>

<net id="2512"><net_src comp="562" pin="0"/><net_sink comp="2506" pin=0"/></net>

<net id="2513"><net_src comp="2495" pin="1"/><net_sink comp="2506" pin=1"/></net>

<net id="2514"><net_src comp="564" pin="0"/><net_sink comp="2506" pin=2"/></net>

<net id="2515"><net_src comp="566" pin="0"/><net_sink comp="2506" pin=3"/></net>

<net id="2519"><net_src comp="2495" pin="1"/><net_sink comp="2516" pin=0"/></net>

<net id="2526"><net_src comp="594" pin="0"/><net_sink comp="2520" pin=0"/></net>

<net id="2527"><net_src comp="596" pin="0"/><net_sink comp="2520" pin=1"/></net>

<net id="2528"><net_src comp="2516" pin="1"/><net_sink comp="2520" pin=2"/></net>

<net id="2529"><net_src comp="598" pin="0"/><net_sink comp="2520" pin=3"/></net>

<net id="2533"><net_src comp="2520" pin="4"/><net_sink comp="2530" pin=0"/></net>

<net id="2537"><net_src comp="2506" pin="4"/><net_sink comp="2534" pin=0"/></net>

<net id="2542"><net_src comp="2534" pin="1"/><net_sink comp="2538" pin=0"/></net>

<net id="2543"><net_src comp="600" pin="0"/><net_sink comp="2538" pin=1"/></net>

<net id="2549"><net_src comp="602" pin="0"/><net_sink comp="2544" pin=0"/></net>

<net id="2550"><net_src comp="2538" pin="2"/><net_sink comp="2544" pin=1"/></net>

<net id="2551"><net_src comp="604" pin="0"/><net_sink comp="2544" pin=2"/></net>

<net id="2556"><net_src comp="606" pin="0"/><net_sink comp="2552" pin=0"/></net>

<net id="2557"><net_src comp="2506" pin="4"/><net_sink comp="2552" pin=1"/></net>

<net id="2561"><net_src comp="2552" pin="2"/><net_sink comp="2558" pin=0"/></net>

<net id="2567"><net_src comp="2544" pin="3"/><net_sink comp="2562" pin=0"/></net>

<net id="2568"><net_src comp="2558" pin="1"/><net_sink comp="2562" pin=1"/></net>

<net id="2569"><net_src comp="2538" pin="2"/><net_sink comp="2562" pin=2"/></net>

<net id="2573"><net_src comp="2562" pin="3"/><net_sink comp="2570" pin=0"/></net>

<net id="2577"><net_src comp="2570" pin="1"/><net_sink comp="2574" pin=0"/></net>

<net id="2582"><net_src comp="2530" pin="1"/><net_sink comp="2578" pin=0"/></net>

<net id="2583"><net_src comp="2574" pin="1"/><net_sink comp="2578" pin=1"/></net>

<net id="2588"><net_src comp="2530" pin="1"/><net_sink comp="2584" pin=0"/></net>

<net id="2589"><net_src comp="2574" pin="1"/><net_sink comp="2584" pin=1"/></net>

<net id="2595"><net_src comp="608" pin="0"/><net_sink comp="2590" pin=0"/></net>

<net id="2596"><net_src comp="2578" pin="2"/><net_sink comp="2590" pin=1"/></net>

<net id="2597"><net_src comp="610" pin="0"/><net_sink comp="2590" pin=2"/></net>

<net id="2601"><net_src comp="2590" pin="3"/><net_sink comp="2598" pin=0"/></net>

<net id="2608"><net_src comp="612" pin="0"/><net_sink comp="2602" pin=0"/></net>

<net id="2609"><net_src comp="2584" pin="2"/><net_sink comp="2602" pin=1"/></net>

<net id="2610"><net_src comp="610" pin="0"/><net_sink comp="2602" pin=2"/></net>

<net id="2611"><net_src comp="614" pin="0"/><net_sink comp="2602" pin=3"/></net>

<net id="2617"><net_src comp="2544" pin="3"/><net_sink comp="2612" pin=0"/></net>

<net id="2618"><net_src comp="2598" pin="1"/><net_sink comp="2612" pin=1"/></net>

<net id="2619"><net_src comp="2602" pin="4"/><net_sink comp="2612" pin=2"/></net>

<net id="2624"><net_src comp="576" pin="0"/><net_sink comp="2620" pin=0"/></net>

<net id="2630"><net_src comp="2620" pin="2"/><net_sink comp="2625" pin=1"/></net>

<net id="2637"><net_src comp="616" pin="0"/><net_sink comp="2631" pin=0"/></net>

<net id="2638"><net_src comp="2625" pin="3"/><net_sink comp="2631" pin=1"/></net>

<net id="2639"><net_src comp="298" pin="0"/><net_sink comp="2631" pin=2"/></net>

<net id="2640"><net_src comp="592" pin="0"/><net_sink comp="2631" pin=3"/></net>

<net id="2645"><net_src comp="2631" pin="4"/><net_sink comp="2641" pin=0"/></net>

<net id="2646"><net_src comp="618" pin="0"/><net_sink comp="2641" pin=1"/></net>

<net id="2652"><net_src comp="620" pin="0"/><net_sink comp="2647" pin=1"/></net>

<net id="2653"><net_src comp="2647" pin="3"/><net_sink comp="2335" pin=0"/></net>

<net id="2657"><net_src comp="2647" pin="3"/><net_sink comp="2654" pin=0"/></net>

<net id="2790"><net_src comp="622" pin="0"/><net_sink comp="2658" pin=0"/></net>

<net id="2791"><net_src comp="624" pin="0"/><net_sink comp="2658" pin=1"/></net>

<net id="2792"><net_src comp="626" pin="0"/><net_sink comp="2658" pin=2"/></net>

<net id="2793"><net_src comp="628" pin="0"/><net_sink comp="2658" pin=3"/></net>

<net id="2794"><net_src comp="630" pin="0"/><net_sink comp="2658" pin=4"/></net>

<net id="2795"><net_src comp="632" pin="0"/><net_sink comp="2658" pin=5"/></net>

<net id="2796"><net_src comp="634" pin="0"/><net_sink comp="2658" pin=6"/></net>

<net id="2797"><net_src comp="636" pin="0"/><net_sink comp="2658" pin=7"/></net>

<net id="2798"><net_src comp="638" pin="0"/><net_sink comp="2658" pin=8"/></net>

<net id="2799"><net_src comp="640" pin="0"/><net_sink comp="2658" pin=9"/></net>

<net id="2800"><net_src comp="642" pin="0"/><net_sink comp="2658" pin=10"/></net>

<net id="2801"><net_src comp="644" pin="0"/><net_sink comp="2658" pin=11"/></net>

<net id="2802"><net_src comp="646" pin="0"/><net_sink comp="2658" pin=12"/></net>

<net id="2803"><net_src comp="648" pin="0"/><net_sink comp="2658" pin=13"/></net>

<net id="2804"><net_src comp="650" pin="0"/><net_sink comp="2658" pin=14"/></net>

<net id="2805"><net_src comp="652" pin="0"/><net_sink comp="2658" pin=15"/></net>

<net id="2806"><net_src comp="654" pin="0"/><net_sink comp="2658" pin=16"/></net>

<net id="2807"><net_src comp="656" pin="0"/><net_sink comp="2658" pin=17"/></net>

<net id="2808"><net_src comp="658" pin="0"/><net_sink comp="2658" pin=18"/></net>

<net id="2809"><net_src comp="660" pin="0"/><net_sink comp="2658" pin=19"/></net>

<net id="2810"><net_src comp="662" pin="0"/><net_sink comp="2658" pin=20"/></net>

<net id="2811"><net_src comp="664" pin="0"/><net_sink comp="2658" pin=21"/></net>

<net id="2812"><net_src comp="666" pin="0"/><net_sink comp="2658" pin=22"/></net>

<net id="2813"><net_src comp="668" pin="0"/><net_sink comp="2658" pin=23"/></net>

<net id="2814"><net_src comp="670" pin="0"/><net_sink comp="2658" pin=24"/></net>

<net id="2815"><net_src comp="672" pin="0"/><net_sink comp="2658" pin=25"/></net>

<net id="2816"><net_src comp="674" pin="0"/><net_sink comp="2658" pin=26"/></net>

<net id="2817"><net_src comp="676" pin="0"/><net_sink comp="2658" pin=27"/></net>

<net id="2818"><net_src comp="678" pin="0"/><net_sink comp="2658" pin=28"/></net>

<net id="2819"><net_src comp="680" pin="0"/><net_sink comp="2658" pin=29"/></net>

<net id="2820"><net_src comp="682" pin="0"/><net_sink comp="2658" pin=30"/></net>

<net id="2821"><net_src comp="684" pin="0"/><net_sink comp="2658" pin=31"/></net>

<net id="2822"><net_src comp="686" pin="0"/><net_sink comp="2658" pin=32"/></net>

<net id="2823"><net_src comp="688" pin="0"/><net_sink comp="2658" pin=33"/></net>

<net id="2824"><net_src comp="690" pin="0"/><net_sink comp="2658" pin=34"/></net>

<net id="2825"><net_src comp="692" pin="0"/><net_sink comp="2658" pin=35"/></net>

<net id="2826"><net_src comp="694" pin="0"/><net_sink comp="2658" pin=36"/></net>

<net id="2827"><net_src comp="696" pin="0"/><net_sink comp="2658" pin=37"/></net>

<net id="2828"><net_src comp="698" pin="0"/><net_sink comp="2658" pin=38"/></net>

<net id="2829"><net_src comp="700" pin="0"/><net_sink comp="2658" pin=39"/></net>

<net id="2830"><net_src comp="702" pin="0"/><net_sink comp="2658" pin=40"/></net>

<net id="2831"><net_src comp="704" pin="0"/><net_sink comp="2658" pin=41"/></net>

<net id="2832"><net_src comp="706" pin="0"/><net_sink comp="2658" pin=42"/></net>

<net id="2833"><net_src comp="708" pin="0"/><net_sink comp="2658" pin=43"/></net>

<net id="2834"><net_src comp="710" pin="0"/><net_sink comp="2658" pin=44"/></net>

<net id="2835"><net_src comp="712" pin="0"/><net_sink comp="2658" pin=45"/></net>

<net id="2836"><net_src comp="714" pin="0"/><net_sink comp="2658" pin=46"/></net>

<net id="2837"><net_src comp="716" pin="0"/><net_sink comp="2658" pin=47"/></net>

<net id="2838"><net_src comp="718" pin="0"/><net_sink comp="2658" pin=48"/></net>

<net id="2839"><net_src comp="720" pin="0"/><net_sink comp="2658" pin=49"/></net>

<net id="2840"><net_src comp="722" pin="0"/><net_sink comp="2658" pin=50"/></net>

<net id="2841"><net_src comp="724" pin="0"/><net_sink comp="2658" pin=51"/></net>

<net id="2842"><net_src comp="726" pin="0"/><net_sink comp="2658" pin=52"/></net>

<net id="2843"><net_src comp="728" pin="0"/><net_sink comp="2658" pin=53"/></net>

<net id="2844"><net_src comp="730" pin="0"/><net_sink comp="2658" pin=54"/></net>

<net id="2845"><net_src comp="732" pin="0"/><net_sink comp="2658" pin=55"/></net>

<net id="2846"><net_src comp="734" pin="0"/><net_sink comp="2658" pin=56"/></net>

<net id="2847"><net_src comp="736" pin="0"/><net_sink comp="2658" pin=57"/></net>

<net id="2848"><net_src comp="738" pin="0"/><net_sink comp="2658" pin=58"/></net>

<net id="2849"><net_src comp="740" pin="0"/><net_sink comp="2658" pin=59"/></net>

<net id="2850"><net_src comp="742" pin="0"/><net_sink comp="2658" pin=60"/></net>

<net id="2851"><net_src comp="744" pin="0"/><net_sink comp="2658" pin=61"/></net>

<net id="2852"><net_src comp="746" pin="0"/><net_sink comp="2658" pin=62"/></net>

<net id="2853"><net_src comp="748" pin="0"/><net_sink comp="2658" pin=63"/></net>

<net id="2854"><net_src comp="750" pin="0"/><net_sink comp="2658" pin=64"/></net>

<net id="2855"><net_src comp="752" pin="0"/><net_sink comp="2658" pin=65"/></net>

<net id="2856"><net_src comp="752" pin="0"/><net_sink comp="2658" pin=66"/></net>

<net id="2857"><net_src comp="752" pin="0"/><net_sink comp="2658" pin=67"/></net>

<net id="2858"><net_src comp="752" pin="0"/><net_sink comp="2658" pin=68"/></net>

<net id="2859"><net_src comp="752" pin="0"/><net_sink comp="2658" pin=69"/></net>

<net id="2860"><net_src comp="752" pin="0"/><net_sink comp="2658" pin=70"/></net>

<net id="2861"><net_src comp="752" pin="0"/><net_sink comp="2658" pin=71"/></net>

<net id="2862"><net_src comp="752" pin="0"/><net_sink comp="2658" pin=72"/></net>

<net id="2863"><net_src comp="752" pin="0"/><net_sink comp="2658" pin=73"/></net>

<net id="2864"><net_src comp="752" pin="0"/><net_sink comp="2658" pin=74"/></net>

<net id="2865"><net_src comp="752" pin="0"/><net_sink comp="2658" pin=75"/></net>

<net id="2866"><net_src comp="752" pin="0"/><net_sink comp="2658" pin=76"/></net>

<net id="2867"><net_src comp="752" pin="0"/><net_sink comp="2658" pin=77"/></net>

<net id="2868"><net_src comp="752" pin="0"/><net_sink comp="2658" pin=78"/></net>

<net id="2869"><net_src comp="752" pin="0"/><net_sink comp="2658" pin=79"/></net>

<net id="2870"><net_src comp="752" pin="0"/><net_sink comp="2658" pin=80"/></net>

<net id="2871"><net_src comp="752" pin="0"/><net_sink comp="2658" pin=81"/></net>

<net id="2872"><net_src comp="752" pin="0"/><net_sink comp="2658" pin=82"/></net>

<net id="2873"><net_src comp="752" pin="0"/><net_sink comp="2658" pin=83"/></net>

<net id="2874"><net_src comp="752" pin="0"/><net_sink comp="2658" pin=84"/></net>

<net id="2875"><net_src comp="752" pin="0"/><net_sink comp="2658" pin=85"/></net>

<net id="2876"><net_src comp="752" pin="0"/><net_sink comp="2658" pin=86"/></net>

<net id="2877"><net_src comp="752" pin="0"/><net_sink comp="2658" pin=87"/></net>

<net id="2878"><net_src comp="752" pin="0"/><net_sink comp="2658" pin=88"/></net>

<net id="2879"><net_src comp="752" pin="0"/><net_sink comp="2658" pin=89"/></net>

<net id="2880"><net_src comp="752" pin="0"/><net_sink comp="2658" pin=90"/></net>

<net id="2881"><net_src comp="752" pin="0"/><net_sink comp="2658" pin=91"/></net>

<net id="2882"><net_src comp="752" pin="0"/><net_sink comp="2658" pin=92"/></net>

<net id="2883"><net_src comp="752" pin="0"/><net_sink comp="2658" pin=93"/></net>

<net id="2884"><net_src comp="752" pin="0"/><net_sink comp="2658" pin=94"/></net>

<net id="2885"><net_src comp="752" pin="0"/><net_sink comp="2658" pin=95"/></net>

<net id="2886"><net_src comp="752" pin="0"/><net_sink comp="2658" pin=96"/></net>

<net id="2887"><net_src comp="752" pin="0"/><net_sink comp="2658" pin=97"/></net>

<net id="2888"><net_src comp="752" pin="0"/><net_sink comp="2658" pin=98"/></net>

<net id="2889"><net_src comp="752" pin="0"/><net_sink comp="2658" pin=99"/></net>

<net id="2890"><net_src comp="752" pin="0"/><net_sink comp="2658" pin=100"/></net>

<net id="2891"><net_src comp="752" pin="0"/><net_sink comp="2658" pin=101"/></net>

<net id="2892"><net_src comp="752" pin="0"/><net_sink comp="2658" pin=102"/></net>

<net id="2893"><net_src comp="752" pin="0"/><net_sink comp="2658" pin=103"/></net>

<net id="2894"><net_src comp="752" pin="0"/><net_sink comp="2658" pin=104"/></net>

<net id="2895"><net_src comp="752" pin="0"/><net_sink comp="2658" pin=105"/></net>

<net id="2896"><net_src comp="752" pin="0"/><net_sink comp="2658" pin=106"/></net>

<net id="2897"><net_src comp="752" pin="0"/><net_sink comp="2658" pin=107"/></net>

<net id="2898"><net_src comp="752" pin="0"/><net_sink comp="2658" pin=108"/></net>

<net id="2899"><net_src comp="752" pin="0"/><net_sink comp="2658" pin=109"/></net>

<net id="2900"><net_src comp="752" pin="0"/><net_sink comp="2658" pin=110"/></net>

<net id="2901"><net_src comp="752" pin="0"/><net_sink comp="2658" pin=111"/></net>

<net id="2902"><net_src comp="752" pin="0"/><net_sink comp="2658" pin=112"/></net>

<net id="2903"><net_src comp="752" pin="0"/><net_sink comp="2658" pin=113"/></net>

<net id="2904"><net_src comp="752" pin="0"/><net_sink comp="2658" pin=114"/></net>

<net id="2905"><net_src comp="752" pin="0"/><net_sink comp="2658" pin=115"/></net>

<net id="2906"><net_src comp="752" pin="0"/><net_sink comp="2658" pin=116"/></net>

<net id="2907"><net_src comp="752" pin="0"/><net_sink comp="2658" pin=117"/></net>

<net id="2908"><net_src comp="752" pin="0"/><net_sink comp="2658" pin=118"/></net>

<net id="2909"><net_src comp="752" pin="0"/><net_sink comp="2658" pin=119"/></net>

<net id="2910"><net_src comp="752" pin="0"/><net_sink comp="2658" pin=120"/></net>

<net id="2911"><net_src comp="752" pin="0"/><net_sink comp="2658" pin=121"/></net>

<net id="2912"><net_src comp="752" pin="0"/><net_sink comp="2658" pin=122"/></net>

<net id="2913"><net_src comp="752" pin="0"/><net_sink comp="2658" pin=123"/></net>

<net id="2914"><net_src comp="752" pin="0"/><net_sink comp="2658" pin=124"/></net>

<net id="2915"><net_src comp="752" pin="0"/><net_sink comp="2658" pin=125"/></net>

<net id="2916"><net_src comp="752" pin="0"/><net_sink comp="2658" pin=126"/></net>

<net id="2917"><net_src comp="752" pin="0"/><net_sink comp="2658" pin=127"/></net>

<net id="2918"><net_src comp="754" pin="0"/><net_sink comp="2658" pin=128"/></net>

<net id="2987"><net_src comp="756" pin="0"/><net_sink comp="2919" pin=0"/></net>

<net id="2988"><net_src comp="754" pin="0"/><net_sink comp="2919" pin=1"/></net>

<net id="2989"><net_src comp="624" pin="0"/><net_sink comp="2919" pin=2"/></net>

<net id="2990"><net_src comp="626" pin="0"/><net_sink comp="2919" pin=3"/></net>

<net id="2991"><net_src comp="628" pin="0"/><net_sink comp="2919" pin=4"/></net>

<net id="2992"><net_src comp="630" pin="0"/><net_sink comp="2919" pin=5"/></net>

<net id="2993"><net_src comp="632" pin="0"/><net_sink comp="2919" pin=6"/></net>

<net id="2994"><net_src comp="634" pin="0"/><net_sink comp="2919" pin=7"/></net>

<net id="2995"><net_src comp="636" pin="0"/><net_sink comp="2919" pin=8"/></net>

<net id="2996"><net_src comp="638" pin="0"/><net_sink comp="2919" pin=9"/></net>

<net id="2997"><net_src comp="640" pin="0"/><net_sink comp="2919" pin=10"/></net>

<net id="2998"><net_src comp="642" pin="0"/><net_sink comp="2919" pin=11"/></net>

<net id="2999"><net_src comp="644" pin="0"/><net_sink comp="2919" pin=12"/></net>

<net id="3000"><net_src comp="646" pin="0"/><net_sink comp="2919" pin=13"/></net>

<net id="3001"><net_src comp="648" pin="0"/><net_sink comp="2919" pin=14"/></net>

<net id="3002"><net_src comp="650" pin="0"/><net_sink comp="2919" pin=15"/></net>

<net id="3003"><net_src comp="652" pin="0"/><net_sink comp="2919" pin=16"/></net>

<net id="3004"><net_src comp="654" pin="0"/><net_sink comp="2919" pin=17"/></net>

<net id="3005"><net_src comp="656" pin="0"/><net_sink comp="2919" pin=18"/></net>

<net id="3006"><net_src comp="658" pin="0"/><net_sink comp="2919" pin=19"/></net>

<net id="3007"><net_src comp="660" pin="0"/><net_sink comp="2919" pin=20"/></net>

<net id="3008"><net_src comp="662" pin="0"/><net_sink comp="2919" pin=21"/></net>

<net id="3009"><net_src comp="664" pin="0"/><net_sink comp="2919" pin=22"/></net>

<net id="3010"><net_src comp="666" pin="0"/><net_sink comp="2919" pin=23"/></net>

<net id="3011"><net_src comp="668" pin="0"/><net_sink comp="2919" pin=24"/></net>

<net id="3012"><net_src comp="670" pin="0"/><net_sink comp="2919" pin=25"/></net>

<net id="3013"><net_src comp="672" pin="0"/><net_sink comp="2919" pin=26"/></net>

<net id="3014"><net_src comp="674" pin="0"/><net_sink comp="2919" pin=27"/></net>

<net id="3015"><net_src comp="676" pin="0"/><net_sink comp="2919" pin=28"/></net>

<net id="3016"><net_src comp="678" pin="0"/><net_sink comp="2919" pin=29"/></net>

<net id="3017"><net_src comp="680" pin="0"/><net_sink comp="2919" pin=30"/></net>

<net id="3018"><net_src comp="682" pin="0"/><net_sink comp="2919" pin=31"/></net>

<net id="3019"><net_src comp="684" pin="0"/><net_sink comp="2919" pin=32"/></net>

<net id="3020"><net_src comp="686" pin="0"/><net_sink comp="2919" pin=33"/></net>

<net id="3021"><net_src comp="688" pin="0"/><net_sink comp="2919" pin=34"/></net>

<net id="3022"><net_src comp="690" pin="0"/><net_sink comp="2919" pin=35"/></net>

<net id="3023"><net_src comp="692" pin="0"/><net_sink comp="2919" pin=36"/></net>

<net id="3024"><net_src comp="694" pin="0"/><net_sink comp="2919" pin=37"/></net>

<net id="3025"><net_src comp="696" pin="0"/><net_sink comp="2919" pin=38"/></net>

<net id="3026"><net_src comp="698" pin="0"/><net_sink comp="2919" pin=39"/></net>

<net id="3027"><net_src comp="700" pin="0"/><net_sink comp="2919" pin=40"/></net>

<net id="3028"><net_src comp="702" pin="0"/><net_sink comp="2919" pin=41"/></net>

<net id="3029"><net_src comp="704" pin="0"/><net_sink comp="2919" pin=42"/></net>

<net id="3030"><net_src comp="706" pin="0"/><net_sink comp="2919" pin=43"/></net>

<net id="3031"><net_src comp="708" pin="0"/><net_sink comp="2919" pin=44"/></net>

<net id="3032"><net_src comp="710" pin="0"/><net_sink comp="2919" pin=45"/></net>

<net id="3033"><net_src comp="712" pin="0"/><net_sink comp="2919" pin=46"/></net>

<net id="3034"><net_src comp="714" pin="0"/><net_sink comp="2919" pin=47"/></net>

<net id="3035"><net_src comp="716" pin="0"/><net_sink comp="2919" pin=48"/></net>

<net id="3036"><net_src comp="718" pin="0"/><net_sink comp="2919" pin=49"/></net>

<net id="3037"><net_src comp="720" pin="0"/><net_sink comp="2919" pin=50"/></net>

<net id="3038"><net_src comp="722" pin="0"/><net_sink comp="2919" pin=51"/></net>

<net id="3039"><net_src comp="724" pin="0"/><net_sink comp="2919" pin=52"/></net>

<net id="3040"><net_src comp="726" pin="0"/><net_sink comp="2919" pin=53"/></net>

<net id="3041"><net_src comp="728" pin="0"/><net_sink comp="2919" pin=54"/></net>

<net id="3042"><net_src comp="730" pin="0"/><net_sink comp="2919" pin=55"/></net>

<net id="3043"><net_src comp="732" pin="0"/><net_sink comp="2919" pin=56"/></net>

<net id="3044"><net_src comp="734" pin="0"/><net_sink comp="2919" pin=57"/></net>

<net id="3045"><net_src comp="736" pin="0"/><net_sink comp="2919" pin=58"/></net>

<net id="3046"><net_src comp="738" pin="0"/><net_sink comp="2919" pin=59"/></net>

<net id="3047"><net_src comp="740" pin="0"/><net_sink comp="2919" pin=60"/></net>

<net id="3048"><net_src comp="742" pin="0"/><net_sink comp="2919" pin=61"/></net>

<net id="3049"><net_src comp="744" pin="0"/><net_sink comp="2919" pin=62"/></net>

<net id="3050"><net_src comp="746" pin="0"/><net_sink comp="2919" pin=63"/></net>

<net id="3051"><net_src comp="748" pin="0"/><net_sink comp="2919" pin=64"/></net>

<net id="3056"><net_src comp="2298" pin="4"/><net_sink comp="3052" pin=0"/></net>

<net id="3061"><net_src comp="2298" pin="4"/><net_sink comp="3057" pin=0"/></net>

<net id="3066"><net_src comp="2298" pin="4"/><net_sink comp="3062" pin=0"/></net>

<net id="3071"><net_src comp="2298" pin="4"/><net_sink comp="3067" pin=0"/></net>

<net id="3076"><net_src comp="2298" pin="4"/><net_sink comp="3072" pin=0"/></net>

<net id="3081"><net_src comp="2298" pin="4"/><net_sink comp="3077" pin=0"/></net>

<net id="3086"><net_src comp="2298" pin="4"/><net_sink comp="3082" pin=0"/></net>

<net id="3091"><net_src comp="2298" pin="4"/><net_sink comp="3087" pin=0"/></net>

<net id="3096"><net_src comp="2298" pin="4"/><net_sink comp="3092" pin=0"/></net>

<net id="3101"><net_src comp="2298" pin="4"/><net_sink comp="3097" pin=0"/></net>

<net id="3106"><net_src comp="2298" pin="4"/><net_sink comp="3102" pin=0"/></net>

<net id="3111"><net_src comp="2298" pin="4"/><net_sink comp="3107" pin=0"/></net>

<net id="3116"><net_src comp="2298" pin="4"/><net_sink comp="3112" pin=0"/></net>

<net id="3121"><net_src comp="2298" pin="4"/><net_sink comp="3117" pin=0"/></net>

<net id="3126"><net_src comp="2298" pin="4"/><net_sink comp="3122" pin=0"/></net>

<net id="3131"><net_src comp="2298" pin="4"/><net_sink comp="3127" pin=0"/></net>

<net id="3136"><net_src comp="2298" pin="4"/><net_sink comp="3132" pin=0"/></net>

<net id="3141"><net_src comp="2298" pin="4"/><net_sink comp="3137" pin=0"/></net>

<net id="3146"><net_src comp="2298" pin="4"/><net_sink comp="3142" pin=0"/></net>

<net id="3151"><net_src comp="2298" pin="4"/><net_sink comp="3147" pin=0"/></net>

<net id="3156"><net_src comp="2298" pin="4"/><net_sink comp="3152" pin=0"/></net>

<net id="3161"><net_src comp="2298" pin="4"/><net_sink comp="3157" pin=0"/></net>

<net id="3166"><net_src comp="2298" pin="4"/><net_sink comp="3162" pin=0"/></net>

<net id="3171"><net_src comp="2298" pin="4"/><net_sink comp="3167" pin=0"/></net>

<net id="3176"><net_src comp="2298" pin="4"/><net_sink comp="3172" pin=0"/></net>

<net id="3181"><net_src comp="2298" pin="4"/><net_sink comp="3177" pin=0"/></net>

<net id="3186"><net_src comp="2298" pin="4"/><net_sink comp="3182" pin=0"/></net>

<net id="3191"><net_src comp="2298" pin="4"/><net_sink comp="3187" pin=0"/></net>

<net id="3196"><net_src comp="2298" pin="4"/><net_sink comp="3192" pin=0"/></net>

<net id="3201"><net_src comp="2298" pin="4"/><net_sink comp="3197" pin=0"/></net>

<net id="3206"><net_src comp="2298" pin="4"/><net_sink comp="3202" pin=0"/></net>

<net id="3211"><net_src comp="2298" pin="4"/><net_sink comp="3207" pin=0"/></net>

<net id="3216"><net_src comp="2298" pin="4"/><net_sink comp="3212" pin=0"/></net>

<net id="3221"><net_src comp="2298" pin="4"/><net_sink comp="3217" pin=0"/></net>

<net id="3226"><net_src comp="2298" pin="4"/><net_sink comp="3222" pin=0"/></net>

<net id="3231"><net_src comp="2298" pin="4"/><net_sink comp="3227" pin=0"/></net>

<net id="3236"><net_src comp="2298" pin="4"/><net_sink comp="3232" pin=0"/></net>

<net id="3241"><net_src comp="2298" pin="4"/><net_sink comp="3237" pin=0"/></net>

<net id="3246"><net_src comp="2298" pin="4"/><net_sink comp="3242" pin=0"/></net>

<net id="3251"><net_src comp="2298" pin="4"/><net_sink comp="3247" pin=0"/></net>

<net id="3256"><net_src comp="2298" pin="4"/><net_sink comp="3252" pin=0"/></net>

<net id="3261"><net_src comp="2298" pin="4"/><net_sink comp="3257" pin=0"/></net>

<net id="3266"><net_src comp="2298" pin="4"/><net_sink comp="3262" pin=0"/></net>

<net id="3271"><net_src comp="2298" pin="4"/><net_sink comp="3267" pin=0"/></net>

<net id="3276"><net_src comp="2298" pin="4"/><net_sink comp="3272" pin=0"/></net>

<net id="3281"><net_src comp="2298" pin="4"/><net_sink comp="3277" pin=0"/></net>

<net id="3286"><net_src comp="2298" pin="4"/><net_sink comp="3282" pin=0"/></net>

<net id="3291"><net_src comp="2298" pin="4"/><net_sink comp="3287" pin=0"/></net>

<net id="3296"><net_src comp="2298" pin="4"/><net_sink comp="3292" pin=0"/></net>

<net id="3301"><net_src comp="2298" pin="4"/><net_sink comp="3297" pin=0"/></net>

<net id="3306"><net_src comp="2298" pin="4"/><net_sink comp="3302" pin=0"/></net>

<net id="3311"><net_src comp="2298" pin="4"/><net_sink comp="3307" pin=0"/></net>

<net id="3316"><net_src comp="2298" pin="4"/><net_sink comp="3312" pin=0"/></net>

<net id="3321"><net_src comp="2298" pin="4"/><net_sink comp="3317" pin=0"/></net>

<net id="3326"><net_src comp="2298" pin="4"/><net_sink comp="3322" pin=0"/></net>

<net id="3331"><net_src comp="2298" pin="4"/><net_sink comp="3327" pin=0"/></net>

<net id="3336"><net_src comp="2298" pin="4"/><net_sink comp="3332" pin=0"/></net>

<net id="3341"><net_src comp="2298" pin="4"/><net_sink comp="3337" pin=0"/></net>

<net id="3346"><net_src comp="2298" pin="4"/><net_sink comp="3342" pin=0"/></net>

<net id="3351"><net_src comp="2298" pin="4"/><net_sink comp="3347" pin=0"/></net>

<net id="3356"><net_src comp="2298" pin="4"/><net_sink comp="3352" pin=0"/></net>

<net id="3361"><net_src comp="2298" pin="4"/><net_sink comp="3357" pin=0"/></net>

<net id="3366"><net_src comp="2298" pin="4"/><net_sink comp="3362" pin=0"/></net>

<net id="3371"><net_src comp="2298" pin="4"/><net_sink comp="3367" pin=0"/></net>

<net id="3376"><net_src comp="2298" pin="4"/><net_sink comp="3372" pin=0"/></net>

<net id="3381"><net_src comp="2298" pin="4"/><net_sink comp="3377" pin=0"/></net>

<net id="3386"><net_src comp="2298" pin="4"/><net_sink comp="3382" pin=0"/></net>

<net id="3391"><net_src comp="2298" pin="4"/><net_sink comp="3387" pin=0"/></net>

<net id="3396"><net_src comp="2298" pin="4"/><net_sink comp="3392" pin=0"/></net>

<net id="3401"><net_src comp="2298" pin="4"/><net_sink comp="3397" pin=0"/></net>

<net id="3406"><net_src comp="2298" pin="4"/><net_sink comp="3402" pin=0"/></net>

<net id="3411"><net_src comp="2298" pin="4"/><net_sink comp="3407" pin=0"/></net>

<net id="3416"><net_src comp="2298" pin="4"/><net_sink comp="3412" pin=0"/></net>

<net id="3421"><net_src comp="2298" pin="4"/><net_sink comp="3417" pin=0"/></net>

<net id="3426"><net_src comp="2298" pin="4"/><net_sink comp="3422" pin=0"/></net>

<net id="3431"><net_src comp="2298" pin="4"/><net_sink comp="3427" pin=0"/></net>

<net id="3436"><net_src comp="2298" pin="4"/><net_sink comp="3432" pin=0"/></net>

<net id="3441"><net_src comp="2298" pin="4"/><net_sink comp="3437" pin=0"/></net>

<net id="3446"><net_src comp="2298" pin="4"/><net_sink comp="3442" pin=0"/></net>

<net id="3451"><net_src comp="2298" pin="4"/><net_sink comp="3447" pin=0"/></net>

<net id="3456"><net_src comp="2298" pin="4"/><net_sink comp="3452" pin=0"/></net>

<net id="3461"><net_src comp="2298" pin="4"/><net_sink comp="3457" pin=0"/></net>

<net id="3466"><net_src comp="2298" pin="4"/><net_sink comp="3462" pin=0"/></net>

<net id="3471"><net_src comp="2298" pin="4"/><net_sink comp="3467" pin=0"/></net>

<net id="3476"><net_src comp="2298" pin="4"/><net_sink comp="3472" pin=0"/></net>

<net id="3481"><net_src comp="2298" pin="4"/><net_sink comp="3477" pin=0"/></net>

<net id="3486"><net_src comp="2298" pin="4"/><net_sink comp="3482" pin=0"/></net>

<net id="3491"><net_src comp="2298" pin="4"/><net_sink comp="3487" pin=0"/></net>

<net id="3496"><net_src comp="2298" pin="4"/><net_sink comp="3492" pin=0"/></net>

<net id="3501"><net_src comp="2298" pin="4"/><net_sink comp="3497" pin=0"/></net>

<net id="3506"><net_src comp="2298" pin="4"/><net_sink comp="3502" pin=0"/></net>

<net id="3511"><net_src comp="2298" pin="4"/><net_sink comp="3507" pin=0"/></net>

<net id="3516"><net_src comp="2298" pin="4"/><net_sink comp="3512" pin=0"/></net>

<net id="3521"><net_src comp="2298" pin="4"/><net_sink comp="3517" pin=0"/></net>

<net id="3526"><net_src comp="2298" pin="4"/><net_sink comp="3522" pin=0"/></net>

<net id="3531"><net_src comp="2298" pin="4"/><net_sink comp="3527" pin=0"/></net>

<net id="3536"><net_src comp="2298" pin="4"/><net_sink comp="3532" pin=0"/></net>

<net id="3541"><net_src comp="2298" pin="4"/><net_sink comp="3537" pin=0"/></net>

<net id="3546"><net_src comp="2298" pin="4"/><net_sink comp="3542" pin=0"/></net>

<net id="3551"><net_src comp="2298" pin="4"/><net_sink comp="3547" pin=0"/></net>

<net id="3556"><net_src comp="2298" pin="4"/><net_sink comp="3552" pin=0"/></net>

<net id="3561"><net_src comp="2298" pin="4"/><net_sink comp="3557" pin=0"/></net>

<net id="3566"><net_src comp="2298" pin="4"/><net_sink comp="3562" pin=0"/></net>

<net id="3571"><net_src comp="2298" pin="4"/><net_sink comp="3567" pin=0"/></net>

<net id="3576"><net_src comp="2298" pin="4"/><net_sink comp="3572" pin=0"/></net>

<net id="3581"><net_src comp="2298" pin="4"/><net_sink comp="3577" pin=0"/></net>

<net id="3586"><net_src comp="2298" pin="4"/><net_sink comp="3582" pin=0"/></net>

<net id="3591"><net_src comp="2298" pin="4"/><net_sink comp="3587" pin=0"/></net>

<net id="3596"><net_src comp="2298" pin="4"/><net_sink comp="3592" pin=0"/></net>

<net id="3601"><net_src comp="2298" pin="4"/><net_sink comp="3597" pin=0"/></net>

<net id="3606"><net_src comp="2298" pin="4"/><net_sink comp="3602" pin=0"/></net>

<net id="3611"><net_src comp="2298" pin="4"/><net_sink comp="3607" pin=0"/></net>

<net id="3616"><net_src comp="2298" pin="4"/><net_sink comp="3612" pin=0"/></net>

<net id="3621"><net_src comp="2298" pin="4"/><net_sink comp="3617" pin=0"/></net>

<net id="3626"><net_src comp="2298" pin="4"/><net_sink comp="3622" pin=0"/></net>

<net id="3631"><net_src comp="2298" pin="4"/><net_sink comp="3627" pin=0"/></net>

<net id="3636"><net_src comp="2298" pin="4"/><net_sink comp="3632" pin=0"/></net>

<net id="3641"><net_src comp="2298" pin="4"/><net_sink comp="3637" pin=0"/></net>

<net id="3646"><net_src comp="2298" pin="4"/><net_sink comp="3642" pin=0"/></net>

<net id="3651"><net_src comp="2298" pin="4"/><net_sink comp="3647" pin=0"/></net>

<net id="3656"><net_src comp="2298" pin="4"/><net_sink comp="3652" pin=0"/></net>

<net id="3661"><net_src comp="2298" pin="4"/><net_sink comp="3657" pin=0"/></net>

<net id="3666"><net_src comp="2298" pin="4"/><net_sink comp="3662" pin=0"/></net>

<net id="3671"><net_src comp="2298" pin="4"/><net_sink comp="3667" pin=0"/></net>

<net id="3676"><net_src comp="2298" pin="4"/><net_sink comp="3672" pin=0"/></net>

<net id="3681"><net_src comp="2298" pin="4"/><net_sink comp="3677" pin=0"/></net>

<net id="3686"><net_src comp="2298" pin="4"/><net_sink comp="3682" pin=0"/></net>

<net id="3691"><net_src comp="2298" pin="4"/><net_sink comp="3687" pin=0"/></net>

<net id="3695"><net_src comp="3692" pin="1"/><net_sink comp="2183" pin=2"/></net>

<net id="3699"><net_src comp="3696" pin="1"/><net_sink comp="2176" pin=2"/></net>

<net id="3703"><net_src comp="3700" pin="1"/><net_sink comp="2169" pin=2"/></net>

<net id="3707"><net_src comp="3704" pin="1"/><net_sink comp="2162" pin=2"/></net>

<net id="3711"><net_src comp="3708" pin="1"/><net_sink comp="2155" pin=2"/></net>

<net id="3715"><net_src comp="3712" pin="1"/><net_sink comp="2148" pin=2"/></net>

<net id="3719"><net_src comp="3716" pin="1"/><net_sink comp="2141" pin=2"/></net>

<net id="3723"><net_src comp="3720" pin="1"/><net_sink comp="2134" pin=2"/></net>

<net id="3727"><net_src comp="3724" pin="1"/><net_sink comp="2127" pin=2"/></net>

<net id="3731"><net_src comp="3728" pin="1"/><net_sink comp="2120" pin=2"/></net>

<net id="3735"><net_src comp="3732" pin="1"/><net_sink comp="2113" pin=2"/></net>

<net id="3739"><net_src comp="3736" pin="1"/><net_sink comp="2106" pin=2"/></net>

<net id="3743"><net_src comp="3740" pin="1"/><net_sink comp="2099" pin=2"/></net>

<net id="3747"><net_src comp="3744" pin="1"/><net_sink comp="2092" pin=2"/></net>

<net id="3751"><net_src comp="3748" pin="1"/><net_sink comp="2085" pin=2"/></net>

<net id="3755"><net_src comp="3752" pin="1"/><net_sink comp="2078" pin=2"/></net>

<net id="3759"><net_src comp="3756" pin="1"/><net_sink comp="2071" pin=2"/></net>

<net id="3763"><net_src comp="3760" pin="1"/><net_sink comp="2064" pin=2"/></net>

<net id="3767"><net_src comp="3764" pin="1"/><net_sink comp="2057" pin=2"/></net>

<net id="3771"><net_src comp="3768" pin="1"/><net_sink comp="2050" pin=2"/></net>

<net id="3775"><net_src comp="3772" pin="1"/><net_sink comp="2043" pin=2"/></net>

<net id="3779"><net_src comp="3776" pin="1"/><net_sink comp="2036" pin=2"/></net>

<net id="3783"><net_src comp="3780" pin="1"/><net_sink comp="2029" pin=2"/></net>

<net id="3787"><net_src comp="3784" pin="1"/><net_sink comp="2022" pin=2"/></net>

<net id="3791"><net_src comp="3788" pin="1"/><net_sink comp="2015" pin=2"/></net>

<net id="3795"><net_src comp="3792" pin="1"/><net_sink comp="2008" pin=2"/></net>

<net id="3799"><net_src comp="3796" pin="1"/><net_sink comp="2001" pin=2"/></net>

<net id="3803"><net_src comp="3800" pin="1"/><net_sink comp="1994" pin=2"/></net>

<net id="3807"><net_src comp="3804" pin="1"/><net_sink comp="1987" pin=2"/></net>

<net id="3811"><net_src comp="3808" pin="1"/><net_sink comp="1980" pin=2"/></net>

<net id="3815"><net_src comp="3812" pin="1"/><net_sink comp="1973" pin=2"/></net>

<net id="3819"><net_src comp="3816" pin="1"/><net_sink comp="1966" pin=2"/></net>

<net id="3823"><net_src comp="3820" pin="1"/><net_sink comp="1959" pin=2"/></net>

<net id="3827"><net_src comp="3824" pin="1"/><net_sink comp="1952" pin=2"/></net>

<net id="3831"><net_src comp="3828" pin="1"/><net_sink comp="1945" pin=2"/></net>

<net id="3835"><net_src comp="3832" pin="1"/><net_sink comp="1938" pin=2"/></net>

<net id="3839"><net_src comp="3836" pin="1"/><net_sink comp="1931" pin=2"/></net>

<net id="3843"><net_src comp="3840" pin="1"/><net_sink comp="1924" pin=2"/></net>

<net id="3847"><net_src comp="3844" pin="1"/><net_sink comp="1917" pin=2"/></net>

<net id="3851"><net_src comp="3848" pin="1"/><net_sink comp="1910" pin=2"/></net>

<net id="3855"><net_src comp="3852" pin="1"/><net_sink comp="1903" pin=2"/></net>

<net id="3859"><net_src comp="3856" pin="1"/><net_sink comp="1896" pin=2"/></net>

<net id="3863"><net_src comp="3860" pin="1"/><net_sink comp="1889" pin=2"/></net>

<net id="3867"><net_src comp="3864" pin="1"/><net_sink comp="1882" pin=2"/></net>

<net id="3871"><net_src comp="3868" pin="1"/><net_sink comp="1875" pin=2"/></net>

<net id="3875"><net_src comp="3872" pin="1"/><net_sink comp="1868" pin=2"/></net>

<net id="3879"><net_src comp="3876" pin="1"/><net_sink comp="1861" pin=2"/></net>

<net id="3883"><net_src comp="3880" pin="1"/><net_sink comp="1854" pin=2"/></net>

<net id="3887"><net_src comp="3884" pin="1"/><net_sink comp="1847" pin=2"/></net>

<net id="3891"><net_src comp="3888" pin="1"/><net_sink comp="1840" pin=2"/></net>

<net id="3895"><net_src comp="3892" pin="1"/><net_sink comp="1833" pin=2"/></net>

<net id="3899"><net_src comp="3896" pin="1"/><net_sink comp="1826" pin=2"/></net>

<net id="3903"><net_src comp="3900" pin="1"/><net_sink comp="1819" pin=2"/></net>

<net id="3907"><net_src comp="3904" pin="1"/><net_sink comp="1812" pin=2"/></net>

<net id="3911"><net_src comp="3908" pin="1"/><net_sink comp="1805" pin=2"/></net>

<net id="3915"><net_src comp="3912" pin="1"/><net_sink comp="1798" pin=2"/></net>

<net id="3919"><net_src comp="3916" pin="1"/><net_sink comp="1791" pin=2"/></net>

<net id="3923"><net_src comp="3920" pin="1"/><net_sink comp="1784" pin=2"/></net>

<net id="3927"><net_src comp="3924" pin="1"/><net_sink comp="1777" pin=2"/></net>

<net id="3931"><net_src comp="3928" pin="1"/><net_sink comp="1770" pin=2"/></net>

<net id="3935"><net_src comp="3932" pin="1"/><net_sink comp="1763" pin=2"/></net>

<net id="3939"><net_src comp="3936" pin="1"/><net_sink comp="1756" pin=2"/></net>

<net id="3943"><net_src comp="3940" pin="1"/><net_sink comp="1749" pin=2"/></net>

<net id="3947"><net_src comp="3944" pin="1"/><net_sink comp="1742" pin=2"/></net>

<net id="3951"><net_src comp="3948" pin="1"/><net_sink comp="1735" pin=2"/></net>

<net id="3955"><net_src comp="3952" pin="1"/><net_sink comp="1728" pin=2"/></net>

<net id="3959"><net_src comp="3956" pin="1"/><net_sink comp="1721" pin=2"/></net>

<net id="3963"><net_src comp="3960" pin="1"/><net_sink comp="1714" pin=2"/></net>

<net id="3967"><net_src comp="3964" pin="1"/><net_sink comp="1707" pin=2"/></net>

<net id="3971"><net_src comp="3968" pin="1"/><net_sink comp="1700" pin=2"/></net>

<net id="3975"><net_src comp="3972" pin="1"/><net_sink comp="1693" pin=2"/></net>

<net id="3979"><net_src comp="3976" pin="1"/><net_sink comp="1686" pin=2"/></net>

<net id="3983"><net_src comp="3980" pin="1"/><net_sink comp="1679" pin=2"/></net>

<net id="3987"><net_src comp="3984" pin="1"/><net_sink comp="1672" pin=2"/></net>

<net id="3991"><net_src comp="3988" pin="1"/><net_sink comp="1665" pin=2"/></net>

<net id="3995"><net_src comp="3992" pin="1"/><net_sink comp="1658" pin=2"/></net>

<net id="3999"><net_src comp="3996" pin="1"/><net_sink comp="1651" pin=2"/></net>

<net id="4003"><net_src comp="4000" pin="1"/><net_sink comp="1644" pin=2"/></net>

<net id="4007"><net_src comp="4004" pin="1"/><net_sink comp="1637" pin=2"/></net>

<net id="4011"><net_src comp="4008" pin="1"/><net_sink comp="1630" pin=2"/></net>

<net id="4015"><net_src comp="4012" pin="1"/><net_sink comp="1623" pin=2"/></net>

<net id="4019"><net_src comp="4016" pin="1"/><net_sink comp="1616" pin=2"/></net>

<net id="4023"><net_src comp="4020" pin="1"/><net_sink comp="1609" pin=2"/></net>

<net id="4027"><net_src comp="4024" pin="1"/><net_sink comp="1602" pin=2"/></net>

<net id="4031"><net_src comp="4028" pin="1"/><net_sink comp="1595" pin=2"/></net>

<net id="4035"><net_src comp="4032" pin="1"/><net_sink comp="1588" pin=2"/></net>

<net id="4039"><net_src comp="4036" pin="1"/><net_sink comp="1581" pin=2"/></net>

<net id="4043"><net_src comp="4040" pin="1"/><net_sink comp="1574" pin=2"/></net>

<net id="4047"><net_src comp="4044" pin="1"/><net_sink comp="1567" pin=2"/></net>

<net id="4051"><net_src comp="4048" pin="1"/><net_sink comp="1560" pin=2"/></net>

<net id="4055"><net_src comp="4052" pin="1"/><net_sink comp="1553" pin=2"/></net>

<net id="4059"><net_src comp="4056" pin="1"/><net_sink comp="1546" pin=2"/></net>

<net id="4063"><net_src comp="4060" pin="1"/><net_sink comp="1539" pin=2"/></net>

<net id="4067"><net_src comp="4064" pin="1"/><net_sink comp="1532" pin=2"/></net>

<net id="4071"><net_src comp="4068" pin="1"/><net_sink comp="1525" pin=2"/></net>

<net id="4075"><net_src comp="4072" pin="1"/><net_sink comp="1518" pin=2"/></net>

<net id="4079"><net_src comp="4076" pin="1"/><net_sink comp="1511" pin=2"/></net>

<net id="4083"><net_src comp="4080" pin="1"/><net_sink comp="1504" pin=2"/></net>

<net id="4087"><net_src comp="4084" pin="1"/><net_sink comp="1497" pin=2"/></net>

<net id="4091"><net_src comp="4088" pin="1"/><net_sink comp="1490" pin=2"/></net>

<net id="4095"><net_src comp="4092" pin="1"/><net_sink comp="1483" pin=2"/></net>

<net id="4099"><net_src comp="4096" pin="1"/><net_sink comp="1476" pin=2"/></net>

<net id="4103"><net_src comp="4100" pin="1"/><net_sink comp="1469" pin=2"/></net>

<net id="4107"><net_src comp="4104" pin="1"/><net_sink comp="1462" pin=2"/></net>

<net id="4111"><net_src comp="4108" pin="1"/><net_sink comp="1455" pin=2"/></net>

<net id="4115"><net_src comp="4112" pin="1"/><net_sink comp="1448" pin=2"/></net>

<net id="4119"><net_src comp="4116" pin="1"/><net_sink comp="1441" pin=2"/></net>

<net id="4123"><net_src comp="4120" pin="1"/><net_sink comp="1434" pin=2"/></net>

<net id="4127"><net_src comp="4124" pin="1"/><net_sink comp="1427" pin=2"/></net>

<net id="4131"><net_src comp="4128" pin="1"/><net_sink comp="1420" pin=2"/></net>

<net id="4135"><net_src comp="4132" pin="1"/><net_sink comp="1413" pin=2"/></net>

<net id="4139"><net_src comp="4136" pin="1"/><net_sink comp="1406" pin=2"/></net>

<net id="4143"><net_src comp="4140" pin="1"/><net_sink comp="1399" pin=2"/></net>

<net id="4147"><net_src comp="4144" pin="1"/><net_sink comp="1392" pin=2"/></net>

<net id="4151"><net_src comp="4148" pin="1"/><net_sink comp="1385" pin=2"/></net>

<net id="4155"><net_src comp="4152" pin="1"/><net_sink comp="1378" pin=2"/></net>

<net id="4159"><net_src comp="4156" pin="1"/><net_sink comp="1371" pin=2"/></net>

<net id="4163"><net_src comp="4160" pin="1"/><net_sink comp="1364" pin=2"/></net>

<net id="4167"><net_src comp="4164" pin="1"/><net_sink comp="1357" pin=2"/></net>

<net id="4171"><net_src comp="4168" pin="1"/><net_sink comp="1350" pin=2"/></net>

<net id="4175"><net_src comp="4172" pin="1"/><net_sink comp="1343" pin=2"/></net>

<net id="4179"><net_src comp="4176" pin="1"/><net_sink comp="1336" pin=2"/></net>

<net id="4183"><net_src comp="4180" pin="1"/><net_sink comp="1329" pin=2"/></net>

<net id="4187"><net_src comp="4184" pin="1"/><net_sink comp="1322" pin=2"/></net>

<net id="4191"><net_src comp="4188" pin="1"/><net_sink comp="1315" pin=2"/></net>

<net id="4195"><net_src comp="4192" pin="1"/><net_sink comp="1308" pin=2"/></net>

<net id="4199"><net_src comp="4196" pin="1"/><net_sink comp="1301" pin=2"/></net>

<net id="4203"><net_src comp="4200" pin="1"/><net_sink comp="1294" pin=2"/></net>

<net id="4207"><net_src comp="760" pin="1"/><net_sink comp="4204" pin=0"/></net>

<net id="4208"><net_src comp="4204" pin="1"/><net_sink comp="2348" pin=1"/></net>

<net id="4209"><net_src comp="4204" pin="1"/><net_sink comp="2353" pin=0"/></net>

<net id="4210"><net_src comp="4204" pin="1"/><net_sink comp="2406" pin=1"/></net>

<net id="4214"><net_src comp="764" pin="1"/><net_sink comp="4211" pin=0"/></net>

<net id="4215"><net_src comp="4211" pin="1"/><net_sink comp="3682" pin=1"/></net>

<net id="4216"><net_src comp="4211" pin="1"/><net_sink comp="3692" pin=0"/></net>

<net id="4220"><net_src comp="768" pin="1"/><net_sink comp="4217" pin=0"/></net>

<net id="4221"><net_src comp="4217" pin="1"/><net_sink comp="3677" pin=1"/></net>

<net id="4222"><net_src comp="4217" pin="1"/><net_sink comp="3696" pin=0"/></net>

<net id="4226"><net_src comp="772" pin="1"/><net_sink comp="4223" pin=0"/></net>

<net id="4227"><net_src comp="4223" pin="1"/><net_sink comp="3672" pin=1"/></net>

<net id="4228"><net_src comp="4223" pin="1"/><net_sink comp="3700" pin=0"/></net>

<net id="4232"><net_src comp="776" pin="1"/><net_sink comp="4229" pin=0"/></net>

<net id="4233"><net_src comp="4229" pin="1"/><net_sink comp="3667" pin=1"/></net>

<net id="4234"><net_src comp="4229" pin="1"/><net_sink comp="3704" pin=0"/></net>

<net id="4238"><net_src comp="780" pin="1"/><net_sink comp="4235" pin=0"/></net>

<net id="4239"><net_src comp="4235" pin="1"/><net_sink comp="3662" pin=1"/></net>

<net id="4240"><net_src comp="4235" pin="1"/><net_sink comp="3708" pin=0"/></net>

<net id="4244"><net_src comp="784" pin="1"/><net_sink comp="4241" pin=0"/></net>

<net id="4245"><net_src comp="4241" pin="1"/><net_sink comp="3657" pin=1"/></net>

<net id="4246"><net_src comp="4241" pin="1"/><net_sink comp="3712" pin=0"/></net>

<net id="4250"><net_src comp="788" pin="1"/><net_sink comp="4247" pin=0"/></net>

<net id="4251"><net_src comp="4247" pin="1"/><net_sink comp="3652" pin=1"/></net>

<net id="4252"><net_src comp="4247" pin="1"/><net_sink comp="3716" pin=0"/></net>

<net id="4256"><net_src comp="792" pin="1"/><net_sink comp="4253" pin=0"/></net>

<net id="4257"><net_src comp="4253" pin="1"/><net_sink comp="3647" pin=1"/></net>

<net id="4258"><net_src comp="4253" pin="1"/><net_sink comp="3720" pin=0"/></net>

<net id="4262"><net_src comp="796" pin="1"/><net_sink comp="4259" pin=0"/></net>

<net id="4263"><net_src comp="4259" pin="1"/><net_sink comp="3642" pin=1"/></net>

<net id="4264"><net_src comp="4259" pin="1"/><net_sink comp="3724" pin=0"/></net>

<net id="4268"><net_src comp="800" pin="1"/><net_sink comp="4265" pin=0"/></net>

<net id="4269"><net_src comp="4265" pin="1"/><net_sink comp="3637" pin=1"/></net>

<net id="4270"><net_src comp="4265" pin="1"/><net_sink comp="3728" pin=0"/></net>

<net id="4274"><net_src comp="804" pin="1"/><net_sink comp="4271" pin=0"/></net>

<net id="4275"><net_src comp="4271" pin="1"/><net_sink comp="3632" pin=1"/></net>

<net id="4276"><net_src comp="4271" pin="1"/><net_sink comp="3732" pin=0"/></net>

<net id="4280"><net_src comp="808" pin="1"/><net_sink comp="4277" pin=0"/></net>

<net id="4281"><net_src comp="4277" pin="1"/><net_sink comp="3627" pin=1"/></net>

<net id="4282"><net_src comp="4277" pin="1"/><net_sink comp="3736" pin=0"/></net>

<net id="4286"><net_src comp="812" pin="1"/><net_sink comp="4283" pin=0"/></net>

<net id="4287"><net_src comp="4283" pin="1"/><net_sink comp="3622" pin=1"/></net>

<net id="4288"><net_src comp="4283" pin="1"/><net_sink comp="3740" pin=0"/></net>

<net id="4292"><net_src comp="816" pin="1"/><net_sink comp="4289" pin=0"/></net>

<net id="4293"><net_src comp="4289" pin="1"/><net_sink comp="3617" pin=1"/></net>

<net id="4294"><net_src comp="4289" pin="1"/><net_sink comp="3744" pin=0"/></net>

<net id="4298"><net_src comp="820" pin="1"/><net_sink comp="4295" pin=0"/></net>

<net id="4299"><net_src comp="4295" pin="1"/><net_sink comp="3612" pin=1"/></net>

<net id="4300"><net_src comp="4295" pin="1"/><net_sink comp="3748" pin=0"/></net>

<net id="4304"><net_src comp="824" pin="1"/><net_sink comp="4301" pin=0"/></net>

<net id="4305"><net_src comp="4301" pin="1"/><net_sink comp="3607" pin=1"/></net>

<net id="4306"><net_src comp="4301" pin="1"/><net_sink comp="3752" pin=0"/></net>

<net id="4310"><net_src comp="828" pin="1"/><net_sink comp="4307" pin=0"/></net>

<net id="4311"><net_src comp="4307" pin="1"/><net_sink comp="3602" pin=1"/></net>

<net id="4312"><net_src comp="4307" pin="1"/><net_sink comp="3756" pin=0"/></net>

<net id="4316"><net_src comp="832" pin="1"/><net_sink comp="4313" pin=0"/></net>

<net id="4317"><net_src comp="4313" pin="1"/><net_sink comp="3597" pin=1"/></net>

<net id="4318"><net_src comp="4313" pin="1"/><net_sink comp="3760" pin=0"/></net>

<net id="4322"><net_src comp="836" pin="1"/><net_sink comp="4319" pin=0"/></net>

<net id="4323"><net_src comp="4319" pin="1"/><net_sink comp="3592" pin=1"/></net>

<net id="4324"><net_src comp="4319" pin="1"/><net_sink comp="3764" pin=0"/></net>

<net id="4328"><net_src comp="840" pin="1"/><net_sink comp="4325" pin=0"/></net>

<net id="4329"><net_src comp="4325" pin="1"/><net_sink comp="3587" pin=1"/></net>

<net id="4330"><net_src comp="4325" pin="1"/><net_sink comp="3768" pin=0"/></net>

<net id="4334"><net_src comp="844" pin="1"/><net_sink comp="4331" pin=0"/></net>

<net id="4335"><net_src comp="4331" pin="1"/><net_sink comp="3582" pin=1"/></net>

<net id="4336"><net_src comp="4331" pin="1"/><net_sink comp="3772" pin=0"/></net>

<net id="4340"><net_src comp="848" pin="1"/><net_sink comp="4337" pin=0"/></net>

<net id="4341"><net_src comp="4337" pin="1"/><net_sink comp="3577" pin=1"/></net>

<net id="4342"><net_src comp="4337" pin="1"/><net_sink comp="3776" pin=0"/></net>

<net id="4346"><net_src comp="852" pin="1"/><net_sink comp="4343" pin=0"/></net>

<net id="4347"><net_src comp="4343" pin="1"/><net_sink comp="3572" pin=1"/></net>

<net id="4348"><net_src comp="4343" pin="1"/><net_sink comp="3780" pin=0"/></net>

<net id="4352"><net_src comp="856" pin="1"/><net_sink comp="4349" pin=0"/></net>

<net id="4353"><net_src comp="4349" pin="1"/><net_sink comp="3567" pin=1"/></net>

<net id="4354"><net_src comp="4349" pin="1"/><net_sink comp="3784" pin=0"/></net>

<net id="4358"><net_src comp="860" pin="1"/><net_sink comp="4355" pin=0"/></net>

<net id="4359"><net_src comp="4355" pin="1"/><net_sink comp="3562" pin=1"/></net>

<net id="4360"><net_src comp="4355" pin="1"/><net_sink comp="3788" pin=0"/></net>

<net id="4364"><net_src comp="864" pin="1"/><net_sink comp="4361" pin=0"/></net>

<net id="4365"><net_src comp="4361" pin="1"/><net_sink comp="3557" pin=1"/></net>

<net id="4366"><net_src comp="4361" pin="1"/><net_sink comp="3792" pin=0"/></net>

<net id="4370"><net_src comp="868" pin="1"/><net_sink comp="4367" pin=0"/></net>

<net id="4371"><net_src comp="4367" pin="1"/><net_sink comp="3552" pin=1"/></net>

<net id="4372"><net_src comp="4367" pin="1"/><net_sink comp="3796" pin=0"/></net>

<net id="4376"><net_src comp="872" pin="1"/><net_sink comp="4373" pin=0"/></net>

<net id="4377"><net_src comp="4373" pin="1"/><net_sink comp="3547" pin=1"/></net>

<net id="4378"><net_src comp="4373" pin="1"/><net_sink comp="3800" pin=0"/></net>

<net id="4382"><net_src comp="876" pin="1"/><net_sink comp="4379" pin=0"/></net>

<net id="4383"><net_src comp="4379" pin="1"/><net_sink comp="3542" pin=1"/></net>

<net id="4384"><net_src comp="4379" pin="1"/><net_sink comp="3804" pin=0"/></net>

<net id="4388"><net_src comp="880" pin="1"/><net_sink comp="4385" pin=0"/></net>

<net id="4389"><net_src comp="4385" pin="1"/><net_sink comp="3537" pin=1"/></net>

<net id="4390"><net_src comp="4385" pin="1"/><net_sink comp="3808" pin=0"/></net>

<net id="4394"><net_src comp="884" pin="1"/><net_sink comp="4391" pin=0"/></net>

<net id="4395"><net_src comp="4391" pin="1"/><net_sink comp="3532" pin=1"/></net>

<net id="4396"><net_src comp="4391" pin="1"/><net_sink comp="3812" pin=0"/></net>

<net id="4400"><net_src comp="888" pin="1"/><net_sink comp="4397" pin=0"/></net>

<net id="4401"><net_src comp="4397" pin="1"/><net_sink comp="3527" pin=1"/></net>

<net id="4402"><net_src comp="4397" pin="1"/><net_sink comp="3816" pin=0"/></net>

<net id="4406"><net_src comp="892" pin="1"/><net_sink comp="4403" pin=0"/></net>

<net id="4407"><net_src comp="4403" pin="1"/><net_sink comp="3522" pin=1"/></net>

<net id="4408"><net_src comp="4403" pin="1"/><net_sink comp="3820" pin=0"/></net>

<net id="4412"><net_src comp="896" pin="1"/><net_sink comp="4409" pin=0"/></net>

<net id="4413"><net_src comp="4409" pin="1"/><net_sink comp="3517" pin=1"/></net>

<net id="4414"><net_src comp="4409" pin="1"/><net_sink comp="3824" pin=0"/></net>

<net id="4418"><net_src comp="900" pin="1"/><net_sink comp="4415" pin=0"/></net>

<net id="4419"><net_src comp="4415" pin="1"/><net_sink comp="3512" pin=1"/></net>

<net id="4420"><net_src comp="4415" pin="1"/><net_sink comp="3828" pin=0"/></net>

<net id="4424"><net_src comp="904" pin="1"/><net_sink comp="4421" pin=0"/></net>

<net id="4425"><net_src comp="4421" pin="1"/><net_sink comp="3507" pin=1"/></net>

<net id="4426"><net_src comp="4421" pin="1"/><net_sink comp="3832" pin=0"/></net>

<net id="4430"><net_src comp="908" pin="1"/><net_sink comp="4427" pin=0"/></net>

<net id="4431"><net_src comp="4427" pin="1"/><net_sink comp="3502" pin=1"/></net>

<net id="4432"><net_src comp="4427" pin="1"/><net_sink comp="3836" pin=0"/></net>

<net id="4436"><net_src comp="912" pin="1"/><net_sink comp="4433" pin=0"/></net>

<net id="4437"><net_src comp="4433" pin="1"/><net_sink comp="3497" pin=1"/></net>

<net id="4438"><net_src comp="4433" pin="1"/><net_sink comp="3840" pin=0"/></net>

<net id="4442"><net_src comp="916" pin="1"/><net_sink comp="4439" pin=0"/></net>

<net id="4443"><net_src comp="4439" pin="1"/><net_sink comp="3492" pin=1"/></net>

<net id="4444"><net_src comp="4439" pin="1"/><net_sink comp="3844" pin=0"/></net>

<net id="4448"><net_src comp="920" pin="1"/><net_sink comp="4445" pin=0"/></net>

<net id="4449"><net_src comp="4445" pin="1"/><net_sink comp="3487" pin=1"/></net>

<net id="4450"><net_src comp="4445" pin="1"/><net_sink comp="3848" pin=0"/></net>

<net id="4454"><net_src comp="924" pin="1"/><net_sink comp="4451" pin=0"/></net>

<net id="4455"><net_src comp="4451" pin="1"/><net_sink comp="3482" pin=1"/></net>

<net id="4456"><net_src comp="4451" pin="1"/><net_sink comp="3852" pin=0"/></net>

<net id="4460"><net_src comp="928" pin="1"/><net_sink comp="4457" pin=0"/></net>

<net id="4461"><net_src comp="4457" pin="1"/><net_sink comp="3477" pin=1"/></net>

<net id="4462"><net_src comp="4457" pin="1"/><net_sink comp="3856" pin=0"/></net>

<net id="4466"><net_src comp="932" pin="1"/><net_sink comp="4463" pin=0"/></net>

<net id="4467"><net_src comp="4463" pin="1"/><net_sink comp="3472" pin=1"/></net>

<net id="4468"><net_src comp="4463" pin="1"/><net_sink comp="3860" pin=0"/></net>

<net id="4472"><net_src comp="936" pin="1"/><net_sink comp="4469" pin=0"/></net>

<net id="4473"><net_src comp="4469" pin="1"/><net_sink comp="3467" pin=1"/></net>

<net id="4474"><net_src comp="4469" pin="1"/><net_sink comp="3864" pin=0"/></net>

<net id="4478"><net_src comp="940" pin="1"/><net_sink comp="4475" pin=0"/></net>

<net id="4479"><net_src comp="4475" pin="1"/><net_sink comp="3462" pin=1"/></net>

<net id="4480"><net_src comp="4475" pin="1"/><net_sink comp="3868" pin=0"/></net>

<net id="4484"><net_src comp="944" pin="1"/><net_sink comp="4481" pin=0"/></net>

<net id="4485"><net_src comp="4481" pin="1"/><net_sink comp="3457" pin=1"/></net>

<net id="4486"><net_src comp="4481" pin="1"/><net_sink comp="3872" pin=0"/></net>

<net id="4490"><net_src comp="948" pin="1"/><net_sink comp="4487" pin=0"/></net>

<net id="4491"><net_src comp="4487" pin="1"/><net_sink comp="3452" pin=1"/></net>

<net id="4492"><net_src comp="4487" pin="1"/><net_sink comp="3876" pin=0"/></net>

<net id="4496"><net_src comp="952" pin="1"/><net_sink comp="4493" pin=0"/></net>

<net id="4497"><net_src comp="4493" pin="1"/><net_sink comp="3447" pin=1"/></net>

<net id="4498"><net_src comp="4493" pin="1"/><net_sink comp="3880" pin=0"/></net>

<net id="4502"><net_src comp="956" pin="1"/><net_sink comp="4499" pin=0"/></net>

<net id="4503"><net_src comp="4499" pin="1"/><net_sink comp="3442" pin=1"/></net>

<net id="4504"><net_src comp="4499" pin="1"/><net_sink comp="3884" pin=0"/></net>

<net id="4508"><net_src comp="960" pin="1"/><net_sink comp="4505" pin=0"/></net>

<net id="4509"><net_src comp="4505" pin="1"/><net_sink comp="3437" pin=1"/></net>

<net id="4510"><net_src comp="4505" pin="1"/><net_sink comp="3888" pin=0"/></net>

<net id="4514"><net_src comp="964" pin="1"/><net_sink comp="4511" pin=0"/></net>

<net id="4515"><net_src comp="4511" pin="1"/><net_sink comp="3432" pin=1"/></net>

<net id="4516"><net_src comp="4511" pin="1"/><net_sink comp="3892" pin=0"/></net>

<net id="4520"><net_src comp="968" pin="1"/><net_sink comp="4517" pin=0"/></net>

<net id="4521"><net_src comp="4517" pin="1"/><net_sink comp="3427" pin=1"/></net>

<net id="4522"><net_src comp="4517" pin="1"/><net_sink comp="3896" pin=0"/></net>

<net id="4526"><net_src comp="972" pin="1"/><net_sink comp="4523" pin=0"/></net>

<net id="4527"><net_src comp="4523" pin="1"/><net_sink comp="3422" pin=1"/></net>

<net id="4528"><net_src comp="4523" pin="1"/><net_sink comp="3900" pin=0"/></net>

<net id="4532"><net_src comp="976" pin="1"/><net_sink comp="4529" pin=0"/></net>

<net id="4533"><net_src comp="4529" pin="1"/><net_sink comp="3417" pin=1"/></net>

<net id="4534"><net_src comp="4529" pin="1"/><net_sink comp="3904" pin=0"/></net>

<net id="4538"><net_src comp="980" pin="1"/><net_sink comp="4535" pin=0"/></net>

<net id="4539"><net_src comp="4535" pin="1"/><net_sink comp="3412" pin=1"/></net>

<net id="4540"><net_src comp="4535" pin="1"/><net_sink comp="3908" pin=0"/></net>

<net id="4544"><net_src comp="984" pin="1"/><net_sink comp="4541" pin=0"/></net>

<net id="4545"><net_src comp="4541" pin="1"/><net_sink comp="3407" pin=1"/></net>

<net id="4546"><net_src comp="4541" pin="1"/><net_sink comp="3912" pin=0"/></net>

<net id="4550"><net_src comp="988" pin="1"/><net_sink comp="4547" pin=0"/></net>

<net id="4551"><net_src comp="4547" pin="1"/><net_sink comp="3402" pin=1"/></net>

<net id="4552"><net_src comp="4547" pin="1"/><net_sink comp="3916" pin=0"/></net>

<net id="4556"><net_src comp="992" pin="1"/><net_sink comp="4553" pin=0"/></net>

<net id="4557"><net_src comp="4553" pin="1"/><net_sink comp="3397" pin=1"/></net>

<net id="4558"><net_src comp="4553" pin="1"/><net_sink comp="3920" pin=0"/></net>

<net id="4562"><net_src comp="996" pin="1"/><net_sink comp="4559" pin=0"/></net>

<net id="4563"><net_src comp="4559" pin="1"/><net_sink comp="3392" pin=1"/></net>

<net id="4564"><net_src comp="4559" pin="1"/><net_sink comp="3924" pin=0"/></net>

<net id="4568"><net_src comp="1000" pin="1"/><net_sink comp="4565" pin=0"/></net>

<net id="4569"><net_src comp="4565" pin="1"/><net_sink comp="3387" pin=1"/></net>

<net id="4570"><net_src comp="4565" pin="1"/><net_sink comp="3928" pin=0"/></net>

<net id="4574"><net_src comp="1004" pin="1"/><net_sink comp="4571" pin=0"/></net>

<net id="4575"><net_src comp="4571" pin="1"/><net_sink comp="3382" pin=1"/></net>

<net id="4576"><net_src comp="4571" pin="1"/><net_sink comp="3932" pin=0"/></net>

<net id="4580"><net_src comp="1008" pin="1"/><net_sink comp="4577" pin=0"/></net>

<net id="4581"><net_src comp="4577" pin="1"/><net_sink comp="3377" pin=1"/></net>

<net id="4582"><net_src comp="4577" pin="1"/><net_sink comp="3936" pin=0"/></net>

<net id="4586"><net_src comp="1012" pin="1"/><net_sink comp="4583" pin=0"/></net>

<net id="4587"><net_src comp="4583" pin="1"/><net_sink comp="3372" pin=1"/></net>

<net id="4588"><net_src comp="4583" pin="1"/><net_sink comp="3940" pin=0"/></net>

<net id="4592"><net_src comp="1016" pin="1"/><net_sink comp="4589" pin=0"/></net>

<net id="4593"><net_src comp="4589" pin="1"/><net_sink comp="3367" pin=1"/></net>

<net id="4594"><net_src comp="4589" pin="1"/><net_sink comp="3944" pin=0"/></net>

<net id="4598"><net_src comp="1020" pin="1"/><net_sink comp="4595" pin=0"/></net>

<net id="4599"><net_src comp="4595" pin="1"/><net_sink comp="3362" pin=1"/></net>

<net id="4600"><net_src comp="4595" pin="1"/><net_sink comp="3948" pin=0"/></net>

<net id="4604"><net_src comp="1024" pin="1"/><net_sink comp="4601" pin=0"/></net>

<net id="4605"><net_src comp="4601" pin="1"/><net_sink comp="3357" pin=1"/></net>

<net id="4606"><net_src comp="4601" pin="1"/><net_sink comp="3952" pin=0"/></net>

<net id="4610"><net_src comp="1028" pin="1"/><net_sink comp="4607" pin=0"/></net>

<net id="4611"><net_src comp="4607" pin="1"/><net_sink comp="3352" pin=1"/></net>

<net id="4612"><net_src comp="4607" pin="1"/><net_sink comp="3956" pin=0"/></net>

<net id="4616"><net_src comp="1032" pin="1"/><net_sink comp="4613" pin=0"/></net>

<net id="4617"><net_src comp="4613" pin="1"/><net_sink comp="3347" pin=1"/></net>

<net id="4618"><net_src comp="4613" pin="1"/><net_sink comp="3960" pin=0"/></net>

<net id="4622"><net_src comp="1036" pin="1"/><net_sink comp="4619" pin=0"/></net>

<net id="4623"><net_src comp="4619" pin="1"/><net_sink comp="3342" pin=1"/></net>

<net id="4624"><net_src comp="4619" pin="1"/><net_sink comp="3964" pin=0"/></net>

<net id="4628"><net_src comp="1040" pin="1"/><net_sink comp="4625" pin=0"/></net>

<net id="4629"><net_src comp="4625" pin="1"/><net_sink comp="3337" pin=1"/></net>

<net id="4630"><net_src comp="4625" pin="1"/><net_sink comp="3968" pin=0"/></net>

<net id="4634"><net_src comp="1044" pin="1"/><net_sink comp="4631" pin=0"/></net>

<net id="4635"><net_src comp="4631" pin="1"/><net_sink comp="3332" pin=1"/></net>

<net id="4636"><net_src comp="4631" pin="1"/><net_sink comp="3972" pin=0"/></net>

<net id="4640"><net_src comp="1048" pin="1"/><net_sink comp="4637" pin=0"/></net>

<net id="4641"><net_src comp="4637" pin="1"/><net_sink comp="3327" pin=1"/></net>

<net id="4642"><net_src comp="4637" pin="1"/><net_sink comp="3976" pin=0"/></net>

<net id="4646"><net_src comp="1052" pin="1"/><net_sink comp="4643" pin=0"/></net>

<net id="4647"><net_src comp="4643" pin="1"/><net_sink comp="3322" pin=1"/></net>

<net id="4648"><net_src comp="4643" pin="1"/><net_sink comp="3980" pin=0"/></net>

<net id="4652"><net_src comp="1056" pin="1"/><net_sink comp="4649" pin=0"/></net>

<net id="4653"><net_src comp="4649" pin="1"/><net_sink comp="3317" pin=1"/></net>

<net id="4654"><net_src comp="4649" pin="1"/><net_sink comp="3984" pin=0"/></net>

<net id="4658"><net_src comp="1060" pin="1"/><net_sink comp="4655" pin=0"/></net>

<net id="4659"><net_src comp="4655" pin="1"/><net_sink comp="3312" pin=1"/></net>

<net id="4660"><net_src comp="4655" pin="1"/><net_sink comp="3988" pin=0"/></net>

<net id="4664"><net_src comp="1064" pin="1"/><net_sink comp="4661" pin=0"/></net>

<net id="4665"><net_src comp="4661" pin="1"/><net_sink comp="3307" pin=1"/></net>

<net id="4666"><net_src comp="4661" pin="1"/><net_sink comp="3992" pin=0"/></net>

<net id="4670"><net_src comp="1068" pin="1"/><net_sink comp="4667" pin=0"/></net>

<net id="4671"><net_src comp="4667" pin="1"/><net_sink comp="3302" pin=1"/></net>

<net id="4672"><net_src comp="4667" pin="1"/><net_sink comp="3996" pin=0"/></net>

<net id="4676"><net_src comp="1072" pin="1"/><net_sink comp="4673" pin=0"/></net>

<net id="4677"><net_src comp="4673" pin="1"/><net_sink comp="3297" pin=1"/></net>

<net id="4678"><net_src comp="4673" pin="1"/><net_sink comp="4000" pin=0"/></net>

<net id="4682"><net_src comp="1076" pin="1"/><net_sink comp="4679" pin=0"/></net>

<net id="4683"><net_src comp="4679" pin="1"/><net_sink comp="3292" pin=1"/></net>

<net id="4684"><net_src comp="4679" pin="1"/><net_sink comp="4004" pin=0"/></net>

<net id="4688"><net_src comp="1080" pin="1"/><net_sink comp="4685" pin=0"/></net>

<net id="4689"><net_src comp="4685" pin="1"/><net_sink comp="3287" pin=1"/></net>

<net id="4690"><net_src comp="4685" pin="1"/><net_sink comp="4008" pin=0"/></net>

<net id="4694"><net_src comp="1084" pin="1"/><net_sink comp="4691" pin=0"/></net>

<net id="4695"><net_src comp="4691" pin="1"/><net_sink comp="3282" pin=1"/></net>

<net id="4696"><net_src comp="4691" pin="1"/><net_sink comp="4012" pin=0"/></net>

<net id="4700"><net_src comp="1088" pin="1"/><net_sink comp="4697" pin=0"/></net>

<net id="4701"><net_src comp="4697" pin="1"/><net_sink comp="3277" pin=1"/></net>

<net id="4702"><net_src comp="4697" pin="1"/><net_sink comp="4016" pin=0"/></net>

<net id="4706"><net_src comp="1092" pin="1"/><net_sink comp="4703" pin=0"/></net>

<net id="4707"><net_src comp="4703" pin="1"/><net_sink comp="3272" pin=1"/></net>

<net id="4708"><net_src comp="4703" pin="1"/><net_sink comp="4020" pin=0"/></net>

<net id="4712"><net_src comp="1096" pin="1"/><net_sink comp="4709" pin=0"/></net>

<net id="4713"><net_src comp="4709" pin="1"/><net_sink comp="3267" pin=1"/></net>

<net id="4714"><net_src comp="4709" pin="1"/><net_sink comp="4024" pin=0"/></net>

<net id="4718"><net_src comp="1100" pin="1"/><net_sink comp="4715" pin=0"/></net>

<net id="4719"><net_src comp="4715" pin="1"/><net_sink comp="3262" pin=1"/></net>

<net id="4720"><net_src comp="4715" pin="1"/><net_sink comp="4028" pin=0"/></net>

<net id="4724"><net_src comp="1104" pin="1"/><net_sink comp="4721" pin=0"/></net>

<net id="4725"><net_src comp="4721" pin="1"/><net_sink comp="3257" pin=1"/></net>

<net id="4726"><net_src comp="4721" pin="1"/><net_sink comp="4032" pin=0"/></net>

<net id="4730"><net_src comp="1108" pin="1"/><net_sink comp="4727" pin=0"/></net>

<net id="4731"><net_src comp="4727" pin="1"/><net_sink comp="3252" pin=1"/></net>

<net id="4732"><net_src comp="4727" pin="1"/><net_sink comp="4036" pin=0"/></net>

<net id="4736"><net_src comp="1112" pin="1"/><net_sink comp="4733" pin=0"/></net>

<net id="4737"><net_src comp="4733" pin="1"/><net_sink comp="3247" pin=1"/></net>

<net id="4738"><net_src comp="4733" pin="1"/><net_sink comp="4040" pin=0"/></net>

<net id="4742"><net_src comp="1116" pin="1"/><net_sink comp="4739" pin=0"/></net>

<net id="4743"><net_src comp="4739" pin="1"/><net_sink comp="3242" pin=1"/></net>

<net id="4744"><net_src comp="4739" pin="1"/><net_sink comp="4044" pin=0"/></net>

<net id="4748"><net_src comp="1120" pin="1"/><net_sink comp="4745" pin=0"/></net>

<net id="4749"><net_src comp="4745" pin="1"/><net_sink comp="3237" pin=1"/></net>

<net id="4750"><net_src comp="4745" pin="1"/><net_sink comp="4048" pin=0"/></net>

<net id="4754"><net_src comp="1124" pin="1"/><net_sink comp="4751" pin=0"/></net>

<net id="4755"><net_src comp="4751" pin="1"/><net_sink comp="3232" pin=1"/></net>

<net id="4756"><net_src comp="4751" pin="1"/><net_sink comp="4052" pin=0"/></net>

<net id="4760"><net_src comp="1128" pin="1"/><net_sink comp="4757" pin=0"/></net>

<net id="4761"><net_src comp="4757" pin="1"/><net_sink comp="3227" pin=1"/></net>

<net id="4762"><net_src comp="4757" pin="1"/><net_sink comp="4056" pin=0"/></net>

<net id="4766"><net_src comp="1132" pin="1"/><net_sink comp="4763" pin=0"/></net>

<net id="4767"><net_src comp="4763" pin="1"/><net_sink comp="3222" pin=1"/></net>

<net id="4768"><net_src comp="4763" pin="1"/><net_sink comp="4060" pin=0"/></net>

<net id="4772"><net_src comp="1136" pin="1"/><net_sink comp="4769" pin=0"/></net>

<net id="4773"><net_src comp="4769" pin="1"/><net_sink comp="3217" pin=1"/></net>

<net id="4774"><net_src comp="4769" pin="1"/><net_sink comp="4064" pin=0"/></net>

<net id="4778"><net_src comp="1140" pin="1"/><net_sink comp="4775" pin=0"/></net>

<net id="4779"><net_src comp="4775" pin="1"/><net_sink comp="3212" pin=1"/></net>

<net id="4780"><net_src comp="4775" pin="1"/><net_sink comp="4068" pin=0"/></net>

<net id="4784"><net_src comp="1144" pin="1"/><net_sink comp="4781" pin=0"/></net>

<net id="4785"><net_src comp="4781" pin="1"/><net_sink comp="3207" pin=1"/></net>

<net id="4786"><net_src comp="4781" pin="1"/><net_sink comp="4072" pin=0"/></net>

<net id="4790"><net_src comp="1148" pin="1"/><net_sink comp="4787" pin=0"/></net>

<net id="4791"><net_src comp="4787" pin="1"/><net_sink comp="3202" pin=1"/></net>

<net id="4792"><net_src comp="4787" pin="1"/><net_sink comp="4076" pin=0"/></net>

<net id="4796"><net_src comp="1152" pin="1"/><net_sink comp="4793" pin=0"/></net>

<net id="4797"><net_src comp="4793" pin="1"/><net_sink comp="3197" pin=1"/></net>

<net id="4798"><net_src comp="4793" pin="1"/><net_sink comp="4080" pin=0"/></net>

<net id="4802"><net_src comp="1156" pin="1"/><net_sink comp="4799" pin=0"/></net>

<net id="4803"><net_src comp="4799" pin="1"/><net_sink comp="3192" pin=1"/></net>

<net id="4804"><net_src comp="4799" pin="1"/><net_sink comp="4084" pin=0"/></net>

<net id="4808"><net_src comp="1160" pin="1"/><net_sink comp="4805" pin=0"/></net>

<net id="4809"><net_src comp="4805" pin="1"/><net_sink comp="3187" pin=1"/></net>

<net id="4810"><net_src comp="4805" pin="1"/><net_sink comp="4088" pin=0"/></net>

<net id="4814"><net_src comp="1164" pin="1"/><net_sink comp="4811" pin=0"/></net>

<net id="4815"><net_src comp="4811" pin="1"/><net_sink comp="3182" pin=1"/></net>

<net id="4816"><net_src comp="4811" pin="1"/><net_sink comp="4092" pin=0"/></net>

<net id="4820"><net_src comp="1168" pin="1"/><net_sink comp="4817" pin=0"/></net>

<net id="4821"><net_src comp="4817" pin="1"/><net_sink comp="3177" pin=1"/></net>

<net id="4822"><net_src comp="4817" pin="1"/><net_sink comp="4096" pin=0"/></net>

<net id="4826"><net_src comp="1172" pin="1"/><net_sink comp="4823" pin=0"/></net>

<net id="4827"><net_src comp="4823" pin="1"/><net_sink comp="3172" pin=1"/></net>

<net id="4828"><net_src comp="4823" pin="1"/><net_sink comp="4100" pin=0"/></net>

<net id="4832"><net_src comp="1176" pin="1"/><net_sink comp="4829" pin=0"/></net>

<net id="4833"><net_src comp="4829" pin="1"/><net_sink comp="3167" pin=1"/></net>

<net id="4834"><net_src comp="4829" pin="1"/><net_sink comp="4104" pin=0"/></net>

<net id="4838"><net_src comp="1180" pin="1"/><net_sink comp="4835" pin=0"/></net>

<net id="4839"><net_src comp="4835" pin="1"/><net_sink comp="3162" pin=1"/></net>

<net id="4840"><net_src comp="4835" pin="1"/><net_sink comp="4108" pin=0"/></net>

<net id="4844"><net_src comp="1184" pin="1"/><net_sink comp="4841" pin=0"/></net>

<net id="4845"><net_src comp="4841" pin="1"/><net_sink comp="3157" pin=1"/></net>

<net id="4846"><net_src comp="4841" pin="1"/><net_sink comp="4112" pin=0"/></net>

<net id="4850"><net_src comp="1188" pin="1"/><net_sink comp="4847" pin=0"/></net>

<net id="4851"><net_src comp="4847" pin="1"/><net_sink comp="3152" pin=1"/></net>

<net id="4852"><net_src comp="4847" pin="1"/><net_sink comp="4116" pin=0"/></net>

<net id="4856"><net_src comp="1192" pin="1"/><net_sink comp="4853" pin=0"/></net>

<net id="4857"><net_src comp="4853" pin="1"/><net_sink comp="3147" pin=1"/></net>

<net id="4858"><net_src comp="4853" pin="1"/><net_sink comp="4120" pin=0"/></net>

<net id="4862"><net_src comp="1196" pin="1"/><net_sink comp="4859" pin=0"/></net>

<net id="4863"><net_src comp="4859" pin="1"/><net_sink comp="3142" pin=1"/></net>

<net id="4864"><net_src comp="4859" pin="1"/><net_sink comp="4124" pin=0"/></net>

<net id="4868"><net_src comp="1200" pin="1"/><net_sink comp="4865" pin=0"/></net>

<net id="4869"><net_src comp="4865" pin="1"/><net_sink comp="3137" pin=1"/></net>

<net id="4870"><net_src comp="4865" pin="1"/><net_sink comp="4128" pin=0"/></net>

<net id="4874"><net_src comp="1204" pin="1"/><net_sink comp="4871" pin=0"/></net>

<net id="4875"><net_src comp="4871" pin="1"/><net_sink comp="3132" pin=1"/></net>

<net id="4876"><net_src comp="4871" pin="1"/><net_sink comp="4132" pin=0"/></net>

<net id="4880"><net_src comp="1208" pin="1"/><net_sink comp="4877" pin=0"/></net>

<net id="4881"><net_src comp="4877" pin="1"/><net_sink comp="3127" pin=1"/></net>

<net id="4882"><net_src comp="4877" pin="1"/><net_sink comp="4136" pin=0"/></net>

<net id="4886"><net_src comp="1212" pin="1"/><net_sink comp="4883" pin=0"/></net>

<net id="4887"><net_src comp="4883" pin="1"/><net_sink comp="3122" pin=1"/></net>

<net id="4888"><net_src comp="4883" pin="1"/><net_sink comp="4140" pin=0"/></net>

<net id="4892"><net_src comp="1216" pin="1"/><net_sink comp="4889" pin=0"/></net>

<net id="4893"><net_src comp="4889" pin="1"/><net_sink comp="3117" pin=1"/></net>

<net id="4894"><net_src comp="4889" pin="1"/><net_sink comp="4144" pin=0"/></net>

<net id="4898"><net_src comp="1220" pin="1"/><net_sink comp="4895" pin=0"/></net>

<net id="4899"><net_src comp="4895" pin="1"/><net_sink comp="3112" pin=1"/></net>

<net id="4900"><net_src comp="4895" pin="1"/><net_sink comp="4148" pin=0"/></net>

<net id="4904"><net_src comp="1224" pin="1"/><net_sink comp="4901" pin=0"/></net>

<net id="4905"><net_src comp="4901" pin="1"/><net_sink comp="3107" pin=1"/></net>

<net id="4906"><net_src comp="4901" pin="1"/><net_sink comp="4152" pin=0"/></net>

<net id="4910"><net_src comp="1228" pin="1"/><net_sink comp="4907" pin=0"/></net>

<net id="4911"><net_src comp="4907" pin="1"/><net_sink comp="3102" pin=1"/></net>

<net id="4912"><net_src comp="4907" pin="1"/><net_sink comp="4156" pin=0"/></net>

<net id="4916"><net_src comp="1232" pin="1"/><net_sink comp="4913" pin=0"/></net>

<net id="4917"><net_src comp="4913" pin="1"/><net_sink comp="3097" pin=1"/></net>

<net id="4918"><net_src comp="4913" pin="1"/><net_sink comp="4160" pin=0"/></net>

<net id="4922"><net_src comp="1236" pin="1"/><net_sink comp="4919" pin=0"/></net>

<net id="4923"><net_src comp="4919" pin="1"/><net_sink comp="3092" pin=1"/></net>

<net id="4924"><net_src comp="4919" pin="1"/><net_sink comp="4164" pin=0"/></net>

<net id="4928"><net_src comp="1240" pin="1"/><net_sink comp="4925" pin=0"/></net>

<net id="4929"><net_src comp="4925" pin="1"/><net_sink comp="3087" pin=1"/></net>

<net id="4930"><net_src comp="4925" pin="1"/><net_sink comp="4168" pin=0"/></net>

<net id="4934"><net_src comp="1244" pin="1"/><net_sink comp="4931" pin=0"/></net>

<net id="4935"><net_src comp="4931" pin="1"/><net_sink comp="3082" pin=1"/></net>

<net id="4936"><net_src comp="4931" pin="1"/><net_sink comp="4172" pin=0"/></net>

<net id="4940"><net_src comp="1248" pin="1"/><net_sink comp="4937" pin=0"/></net>

<net id="4941"><net_src comp="4937" pin="1"/><net_sink comp="3077" pin=1"/></net>

<net id="4942"><net_src comp="4937" pin="1"/><net_sink comp="4176" pin=0"/></net>

<net id="4946"><net_src comp="1252" pin="1"/><net_sink comp="4943" pin=0"/></net>

<net id="4947"><net_src comp="4943" pin="1"/><net_sink comp="3072" pin=1"/></net>

<net id="4948"><net_src comp="4943" pin="1"/><net_sink comp="4180" pin=0"/></net>

<net id="4952"><net_src comp="1256" pin="1"/><net_sink comp="4949" pin=0"/></net>

<net id="4953"><net_src comp="4949" pin="1"/><net_sink comp="3067" pin=1"/></net>

<net id="4954"><net_src comp="4949" pin="1"/><net_sink comp="4184" pin=0"/></net>

<net id="4958"><net_src comp="1260" pin="1"/><net_sink comp="4955" pin=0"/></net>

<net id="4959"><net_src comp="4955" pin="1"/><net_sink comp="3062" pin=1"/></net>

<net id="4960"><net_src comp="4955" pin="1"/><net_sink comp="4188" pin=0"/></net>

<net id="4964"><net_src comp="1264" pin="1"/><net_sink comp="4961" pin=0"/></net>

<net id="4965"><net_src comp="4961" pin="1"/><net_sink comp="3057" pin=1"/></net>

<net id="4966"><net_src comp="4961" pin="1"/><net_sink comp="4192" pin=0"/></net>

<net id="4970"><net_src comp="1268" pin="1"/><net_sink comp="4967" pin=0"/></net>

<net id="4971"><net_src comp="4967" pin="1"/><net_sink comp="3052" pin=1"/></net>

<net id="4972"><net_src comp="4967" pin="1"/><net_sink comp="4196" pin=0"/></net>

<net id="4976"><net_src comp="1272" pin="1"/><net_sink comp="4973" pin=0"/></net>

<net id="4977"><net_src comp="4973" pin="1"/><net_sink comp="3687" pin=1"/></net>

<net id="4978"><net_src comp="4973" pin="1"/><net_sink comp="4200" pin=0"/></net>

<net id="4982"><net_src comp="1276" pin="2"/><net_sink comp="4979" pin=0"/></net>

<net id="4983"><net_src comp="4979" pin="1"/><net_sink comp="2305" pin=1"/></net>

<net id="4987"><net_src comp="2356" pin="2"/><net_sink comp="4984" pin=0"/></net>

<net id="4991"><net_src comp="2368" pin="1"/><net_sink comp="4988" pin=0"/></net>

<net id="4995"><net_src comp="2372" pin="1"/><net_sink comp="4992" pin=0"/></net>

<net id="4996"><net_src comp="4992" pin="1"/><net_sink comp="2411" pin=9"/></net>

<net id="5000"><net_src comp="2190" pin="3"/><net_sink comp="4997" pin=0"/></net>

<net id="5001"><net_src comp="4997" pin="1"/><net_sink comp="2246" pin=0"/></net>

<net id="5005"><net_src comp="2197" pin="3"/><net_sink comp="5002" pin=0"/></net>

<net id="5006"><net_src comp="5002" pin="1"/><net_sink comp="2252" pin=0"/></net>

<net id="5010"><net_src comp="2204" pin="3"/><net_sink comp="5007" pin=0"/></net>

<net id="5011"><net_src comp="5007" pin="1"/><net_sink comp="2258" pin=0"/></net>

<net id="5015"><net_src comp="2211" pin="3"/><net_sink comp="5012" pin=0"/></net>

<net id="5016"><net_src comp="5012" pin="1"/><net_sink comp="2264" pin=0"/></net>

<net id="5020"><net_src comp="2218" pin="3"/><net_sink comp="5017" pin=0"/></net>

<net id="5021"><net_src comp="5017" pin="1"/><net_sink comp="2270" pin=0"/></net>

<net id="5025"><net_src comp="2225" pin="3"/><net_sink comp="5022" pin=0"/></net>

<net id="5026"><net_src comp="5022" pin="1"/><net_sink comp="2276" pin=0"/></net>

<net id="5030"><net_src comp="2232" pin="3"/><net_sink comp="5027" pin=0"/></net>

<net id="5031"><net_src comp="5027" pin="1"/><net_sink comp="2282" pin=0"/></net>

<net id="5035"><net_src comp="2239" pin="3"/><net_sink comp="5032" pin=0"/></net>

<net id="5036"><net_src comp="5032" pin="1"/><net_sink comp="2288" pin=0"/></net>

<net id="5040"><net_src comp="2411" pin="10"/><net_sink comp="5037" pin=0"/></net>

<net id="5041"><net_src comp="5037" pin="1"/><net_sink comp="2305" pin=0"/></net>

<net id="5045"><net_src comp="2305" pin="2"/><net_sink comp="5042" pin=0"/></net>

<net id="5046"><net_src comp="5042" pin="1"/><net_sink comp="2338" pin=0"/></net>

<net id="5047"><net_src comp="5042" pin="1"/><net_sink comp="2432" pin=0"/></net>

<net id="5048"><net_src comp="5042" pin="1"/><net_sink comp="2343" pin=0"/></net>

<net id="5052"><net_src comp="2432" pin="1"/><net_sink comp="5049" pin=0"/></net>

<net id="5053"><net_src comp="5049" pin="1"/><net_sink comp="2478" pin=0"/></net>

<net id="5057"><net_src comp="2461" pin="2"/><net_sink comp="5054" pin=0"/></net>

<net id="5058"><net_src comp="5054" pin="1"/><net_sink comp="2473" pin=0"/></net>

<net id="5062"><net_src comp="2467" pin="2"/><net_sink comp="5059" pin=0"/></net>

<net id="5066"><net_src comp="2487" pin="3"/><net_sink comp="5063" pin=0"/></net>

<net id="5067"><net_src comp="5063" pin="1"/><net_sink comp="2330" pin=0"/></net>

<net id="5071"><net_src comp="2330" pin="2"/><net_sink comp="5068" pin=0"/></net>

<net id="5072"><net_src comp="5068" pin="1"/><net_sink comp="2495" pin=0"/></net>

<net id="5073"><net_src comp="5068" pin="1"/><net_sink comp="2309" pin=0"/></net>

<net id="5077"><net_src comp="2498" pin="3"/><net_sink comp="5074" pin=0"/></net>

<net id="5078"><net_src comp="5074" pin="1"/><net_sink comp="2625" pin=0"/></net>

<net id="5082"><net_src comp="2612" pin="3"/><net_sink comp="5079" pin=0"/></net>

<net id="5083"><net_src comp="5079" pin="1"/><net_sink comp="2620" pin=1"/></net>

<net id="5084"><net_src comp="5079" pin="1"/><net_sink comp="2625" pin=2"/></net>

<net id="5088"><net_src comp="2625" pin="3"/><net_sink comp="5085" pin=0"/></net>

<net id="5089"><net_src comp="5085" pin="1"/><net_sink comp="2647" pin=2"/></net>

<net id="5093"><net_src comp="2641" pin="2"/><net_sink comp="5090" pin=0"/></net>

<net id="5094"><net_src comp="5090" pin="1"/><net_sink comp="2647" pin=0"/></net>

<net id="5098"><net_src comp="2647" pin="3"/><net_sink comp="5095" pin=0"/></net>

<net id="5099"><net_src comp="5095" pin="1"/><net_sink comp="2335" pin=0"/></net>

<net id="5100"><net_src comp="5095" pin="1"/><net_sink comp="2919" pin=65"/></net>

<net id="5104"><net_src comp="2654" pin="1"/><net_sink comp="5101" pin=0"/></net>

<net id="5105"><net_src comp="5101" pin="1"/><net_sink comp="2658" pin=129"/></net>

<net id="5109"><net_src comp="2335" pin="1"/><net_sink comp="5106" pin=0"/></net>

<net id="5110"><net_src comp="5106" pin="1"/><net_sink comp="2309" pin=1"/></net>

<net id="5114"><net_src comp="2309" pin="2"/><net_sink comp="5111" pin=0"/></net>

<net id="5115"><net_src comp="5111" pin="1"/><net_sink comp="2313" pin=1"/></net>

<net id="5116"><net_src comp="5111" pin="1"/><net_sink comp="2322" pin=1"/></net>

<net id="5120"><net_src comp="2658" pin="130"/><net_sink comp="5117" pin=0"/></net>

<net id="5121"><net_src comp="5117" pin="1"/><net_sink comp="2322" pin=0"/></net>

<net id="5125"><net_src comp="2322" pin="2"/><net_sink comp="5122" pin=0"/></net>

<net id="5126"><net_src comp="5122" pin="1"/><net_sink comp="2318" pin=1"/></net>

<net id="5130"><net_src comp="2919" pin="66"/><net_sink comp="5127" pin=0"/></net>

<net id="5131"><net_src comp="5127" pin="1"/><net_sink comp="2326" pin=0"/></net>

<net id="5135"><net_src comp="2313" pin="2"/><net_sink comp="5132" pin=0"/></net>

<net id="5136"><net_src comp="5132" pin="1"/><net_sink comp="2326" pin=1"/></net>

<net id="5140"><net_src comp="2326" pin="2"/><net_sink comp="5137" pin=0"/></net>

<net id="5141"><net_src comp="5137" pin="1"/><net_sink comp="2318" pin=0"/></net>

<net id="5145"><net_src comp="2318" pin="2"/><net_sink comp="5142" pin=0"/></net>

<net id="5146"><net_src comp="5142" pin="1"/><net_sink comp="2298" pin=0"/></net>

</net_list>

</model> 
---------------- Datapath Model END ------------------

* FSMD analyzer results:
  - Output states:
	Port: P_row_127_out | {61 }
	Port: P_row_126_out | {61 }
	Port: P_row_125_out | {61 }
	Port: P_row_124_out | {61 }
	Port: P_row_123_out | {61 }
	Port: P_row_122_out | {61 }
	Port: P_row_121_out | {61 }
	Port: P_row_120_out | {61 }
	Port: P_row_119_out | {61 }
	Port: P_row_118_out | {61 }
	Port: P_row_117_out | {61 }
	Port: P_row_116_out | {61 }
	Port: P_row_115_out | {61 }
	Port: P_row_114_out | {61 }
	Port: P_row_113_out | {61 }
	Port: P_row_112_out | {61 }
	Port: P_row_111_out | {61 }
	Port: P_row_110_out | {61 }
	Port: P_row_109_out | {61 }
	Port: P_row_108_out | {61 }
	Port: P_row_107_out | {61 }
	Port: P_row_106_out | {61 }
	Port: P_row_105_out | {61 }
	Port: P_row_104_out | {61 }
	Port: P_row_103_out | {61 }
	Port: P_row_102_out | {61 }
	Port: P_row_101_out | {61 }
	Port: P_row_100_out | {61 }
	Port: P_row_99_out | {61 }
	Port: P_row_98_out | {61 }
	Port: P_row_97_out | {61 }
	Port: P_row_96_out | {61 }
	Port: P_row_95_out | {61 }
	Port: P_row_94_out | {61 }
	Port: P_row_93_out | {61 }
	Port: P_row_92_out | {61 }
	Port: P_row_91_out | {61 }
	Port: P_row_90_out | {61 }
	Port: P_row_89_out | {61 }
	Port: P_row_88_out | {61 }
	Port: P_row_87_out | {61 }
	Port: P_row_86_out | {61 }
	Port: P_row_85_out | {61 }
	Port: P_row_84_out | {61 }
	Port: P_row_83_out | {61 }
	Port: P_row_82_out | {61 }
	Port: P_row_81_out | {61 }
	Port: P_row_80_out | {61 }
	Port: P_row_79_out | {61 }
	Port: P_row_78_out | {61 }
	Port: P_row_77_out | {61 }
	Port: P_row_76_out | {61 }
	Port: P_row_75_out | {61 }
	Port: P_row_74_out | {61 }
	Port: P_row_73_out | {61 }
	Port: P_row_72_out | {61 }
	Port: P_row_71_out | {61 }
	Port: P_row_70_out | {61 }
	Port: P_row_69_out | {61 }
	Port: P_row_68_out | {61 }
	Port: P_row_67_out | {61 }
	Port: P_row_66_out | {61 }
	Port: P_row_65_out | {61 }
	Port: P_row_64_out | {61 }
	Port: P_row_63_out | {61 }
	Port: P_row_62_out | {61 }
	Port: P_row_61_out | {61 }
	Port: P_row_60_out | {61 }
	Port: P_row_59_out | {61 }
	Port: P_row_58_out | {61 }
	Port: P_row_57_out | {61 }
	Port: P_row_56_out | {61 }
	Port: P_row_55_out | {61 }
	Port: P_row_54_out | {61 }
	Port: P_row_53_out | {61 }
	Port: P_row_52_out | {61 }
	Port: P_row_51_out | {61 }
	Port: P_row_50_out | {61 }
	Port: P_row_49_out | {61 }
	Port: P_row_48_out | {61 }
	Port: P_row_47_out | {61 }
	Port: P_row_46_out | {61 }
	Port: P_row_45_out | {61 }
	Port: P_row_44_out | {61 }
	Port: P_row_43_out | {61 }
	Port: P_row_42_out | {61 }
	Port: P_row_41_out | {61 }
	Port: P_row_40_out | {61 }
	Port: P_row_39_out | {61 }
	Port: P_row_38_out | {61 }
	Port: P_row_37_out | {61 }
	Port: P_row_36_out | {61 }
	Port: P_row_35_out | {61 }
	Port: P_row_34_out | {61 }
	Port: P_row_33_out | {61 }
	Port: P_row_32_out | {61 }
	Port: P_row_31_out | {61 }
	Port: P_row_30_out | {61 }
	Port: P_row_29_out | {61 }
	Port: P_row_28_out | {61 }
	Port: P_row_27_out | {61 }
	Port: P_row_26_out | {61 }
	Port: P_row_25_out | {61 }
	Port: P_row_24_out | {61 }
	Port: P_row_23_out | {61 }
	Port: P_row_22_out | {61 }
	Port: P_row_21_out | {61 }
	Port: P_row_20_out | {61 }
	Port: P_row_19_out | {61 }
	Port: P_row_18_out | {61 }
	Port: P_row_17_out | {61 }
	Port: P_row_16_out | {61 }
	Port: P_row_15_out | {61 }
	Port: P_row_14_out | {61 }
	Port: P_row_13_out | {61 }
	Port: P_row_12_out | {61 }
	Port: P_row_11_out | {61 }
	Port: P_row_10_out | {61 }
	Port: P_row_9_out | {61 }
	Port: P_row_8_out | {61 }
	Port: P_row_7_out | {61 }
	Port: P_row_6_out | {61 }
	Port: P_row_5_out | {61 }
	Port: P_row_4_out | {61 }
	Port: P_row_3_out | {61 }
	Port: P_row_2_out | {61 }
	Port: P_row_1_out | {61 }
	Port: P_row_out | {61 }
 - Input state : 
	Port: attention_int8_kernel_Pipeline_VITIS_LOOP_168_14 : i_3 | {1 }
	Port: attention_int8_kernel_Pipeline_VITIS_LOOP_168_14 : trunc_ln187 | {1 }
	Port: attention_int8_kernel_Pipeline_VITIS_LOOP_168_14 : scores | {1 2 }
	Port: attention_int8_kernel_Pipeline_VITIS_LOOP_168_14 : scores_1 | {1 2 }
	Port: attention_int8_kernel_Pipeline_VITIS_LOOP_168_14 : scores_2 | {1 2 }
	Port: attention_int8_kernel_Pipeline_VITIS_LOOP_168_14 : scores_3 | {1 2 }
	Port: attention_int8_kernel_Pipeline_VITIS_LOOP_168_14 : scores_4 | {1 2 }
	Port: attention_int8_kernel_Pipeline_VITIS_LOOP_168_14 : scores_5 | {1 2 }
	Port: attention_int8_kernel_Pipeline_VITIS_LOOP_168_14 : scores_6 | {1 2 }
	Port: attention_int8_kernel_Pipeline_VITIS_LOOP_168_14 : scores_7 | {1 2 }
	Port: attention_int8_kernel_Pipeline_VITIS_LOOP_168_14 : m_new | {1 }
  - Chain level:
	State 1
		store_ln0 : 1
		j_1 : 1
		icmp_ln168 : 2
		add_ln168 : 2
		br_ln168 : 3
		trunc_ln168 : 2
		trunc_ln168_1 : 2
		lshr_ln3 : 2
		tmp_s : 3
		zext_ln170 : 4
		scores_addr : 5
		scores_1_addr : 5
		scores_2_addr : 5
		scores_3_addr : 5
		scores_4_addr : 5
		scores_5_addr : 5
		scores_6_addr : 5
		scores_7_addr : 5
		scores_load : 6
		scores_1_load : 6
		scores_2_load : 6
		scores_3_load : 6
		scores_4_load : 6
		scores_5_load : 6
		scores_6_load : 6
		scores_7_load : 6
		switch_ln170 : 3
		store_ln168 : 3
	State 2
		tmp_4 : 1
	State 3
	State 4
	State 5
	State 6
	State 7
	State 8
	State 9
	State 10
	State 11
		tmp_134 : 1
		trunc_ln32 : 1
		icmp_ln32 : 2
		icmp_ln32_1 : 2
		or_ln32 : 3
		and_ln32 : 3
	State 12
		and_ln33 : 1
		select_ln35 : 1
	State 13
	State 14
	State 15
	State 16
	State 17
	State 18
	State 19
	State 20
	State 21
	State 22
	State 23
	State 24
	State 25
	State 26
	State 27
	State 28
	State 29
		p_Result_s : 1
		xs_exp_V : 1
		p_Result_1 : 1
		mantissa : 2
		zext_ln15 : 3
		zext_ln346 : 2
		add_ln346 : 3
		isNeg : 4
		sub_ln1512 : 2
		sext_ln1512 : 3
		ush : 5
		sext_ln1488 : 6
		zext_ln1488 : 7
		r_V : 8
		r_V_1 : 8
		tmp : 9
		zext_ln818 : 10
		tmp_137 : 9
		val : 11
	State 30
		result_V : 1
		tmp_1 : 2
		icmp_ln36 : 3
	State 31
		trunc_ln35 : 1
		conv9_i : 1
	State 32
	State 33
	State 34
	State 35
	State 36
	State 37
	State 38
	State 39
	State 40
	State 41
	State 42
	State 43
	State 44
	State 45
	State 46
	State 47
	State 48
	State 49
	State 50
	State 51
	State 52
	State 53
	State 54
	State 55
	State 56
	State 57
	State 58
	State 59
	State 60
	State 61
		write_ln0 : 1
		write_ln0 : 1
		write_ln0 : 1
		write_ln0 : 1
		write_ln0 : 1
		write_ln0 : 1
		write_ln0 : 1
		write_ln0 : 1
		write_ln0 : 1
		write_ln0 : 1
		write_ln0 : 1
		write_ln0 : 1
		write_ln0 : 1
		write_ln0 : 1
		write_ln0 : 1
		write_ln0 : 1
		write_ln0 : 1
		write_ln0 : 1
		write_ln0 : 1
		write_ln0 : 1
		write_ln0 : 1
		write_ln0 : 1
		write_ln0 : 1
		write_ln0 : 1
		write_ln0 : 1
		write_ln0 : 1
		write_ln0 : 1
		write_ln0 : 1
		write_ln0 : 1
		write_ln0 : 1
		write_ln0 : 1
		write_ln0 : 1
		write_ln0 : 1
		write_ln0 : 1
		write_ln0 : 1
		write_ln0 : 1
		write_ln0 : 1
		write_ln0 : 1
		write_ln0 : 1
		write_ln0 : 1
		write_ln0 : 1
		write_ln0 : 1
		write_ln0 : 1
		write_ln0 : 1
		write_ln0 : 1
		write_ln0 : 1
		write_ln0 : 1
		write_ln0 : 1
		write_ln0 : 1
		write_ln0 : 1
		write_ln0 : 1
		write_ln0 : 1
		write_ln0 : 1
		write_ln0 : 1
		write_ln0 : 1
		write_ln0 : 1
		write_ln0 : 1
		write_ln0 : 1
		write_ln0 : 1
		write_ln0 : 1
		write_ln0 : 1
		write_ln0 : 1
		write_ln0 : 1
		write_ln0 : 1
		write_ln0 : 1
		write_ln0 : 1
		write_ln0 : 1
		write_ln0 : 1
		write_ln0 : 1
		write_ln0 : 1
		write_ln0 : 1
		write_ln0 : 1
		write_ln0 : 1
		write_ln0 : 1
		write_ln0 : 1
		write_ln0 : 1
		write_ln0 : 1
		write_ln0 : 1
		write_ln0 : 1
		write_ln0 : 1
		write_ln0 : 1
		write_ln0 : 1
		write_ln0 : 1
		write_ln0 : 1
		write_ln0 : 1
		write_ln0 : 1
		write_ln0 : 1
		write_ln0 : 1
		write_ln0 : 1
		write_ln0 : 1
		write_ln0 : 1
		write_ln0 : 1
		write_ln0 : 1
		write_ln0 : 1
		write_ln0 : 1
		write_ln0 : 1
		write_ln0 : 1
		write_ln0 : 1
		write_ln0 : 1
		write_ln0 : 1
		write_ln0 : 1
		write_ln0 : 1
		write_ln0 : 1
		write_ln0 : 1
		write_ln0 : 1
		write_ln0 : 1
		write_ln0 : 1
		write_ln0 : 1
		write_ln0 : 1
		write_ln0 : 1
		write_ln0 : 1
		write_ln0 : 1
		write_ln0 : 1
		write_ln0 : 1
		write_ln0 : 1
		write_ln0 : 1
		write_ln0 : 1
		write_ln0 : 1
		write_ln0 : 1
		write_ln0 : 1
		write_ln0 : 1
		write_ln0 : 1
		write_ln0 : 1
		write_ln0 : 1
		write_ln0 : 1
		write_ln0 : 1
		write_ln0 : 1
		write_ln0 : 1
	State 62
		P_row_128 : 1
		store_ln170 : 2
		store_ln170 : 2
		store_ln170 : 2
		store_ln170 : 2
		store_ln170 : 2
		store_ln170 : 2
		store_ln170 : 2
		store_ln170 : 2
		store_ln170 : 2
		store_ln170 : 2
		store_ln170 : 2
		store_ln170 : 2
		store_ln170 : 2
		store_ln170 : 2
		store_ln170 : 2
		store_ln170 : 2
		store_ln170 : 2
		store_ln170 : 2
		store_ln170 : 2
		store_ln170 : 2
		store_ln170 : 2
		store_ln170 : 2
		store_ln170 : 2
		store_ln170 : 2
		store_ln170 : 2
		store_ln170 : 2
		store_ln170 : 2
		store_ln170 : 2
		store_ln170 : 2
		store_ln170 : 2
		store_ln170 : 2
		store_ln170 : 2
		store_ln170 : 2
		store_ln170 : 2
		store_ln170 : 2
		store_ln170 : 2
		store_ln170 : 2
		store_ln170 : 2
		store_ln170 : 2
		store_ln170 : 2
		store_ln170 : 2
		store_ln170 : 2
		store_ln170 : 2
		store_ln170 : 2
		store_ln170 : 2
		store_ln170 : 2
		store_ln170 : 2
		store_ln170 : 2
		store_ln170 : 2
		store_ln170 : 2
		store_ln170 : 2
		store_ln170 : 2
		store_ln170 : 2
		store_ln170 : 2
		store_ln170 : 2
		store_ln170 : 2
		store_ln170 : 2
		store_ln170 : 2
		store_ln170 : 2
		store_ln170 : 2
		store_ln170 : 2
		store_ln170 : 2
		store_ln170 : 2
		store_ln170 : 2
		store_ln170 : 2
		store_ln170 : 2
		store_ln170 : 2
		store_ln170 : 2
		store_ln170 : 2
		store_ln170 : 2
		store_ln170 : 2
		store_ln170 : 2
		store_ln170 : 2
		store_ln170 : 2
		store_ln170 : 2
		store_ln170 : 2
		store_ln170 : 2
		store_ln170 : 2
		store_ln170 : 2
		store_ln170 : 2
		store_ln170 : 2
		store_ln170 : 2
		store_ln170 : 2
		store_ln170 : 2
		store_ln170 : 2
		store_ln170 : 2
		store_ln170 : 2
		store_ln170 : 2
		store_ln170 : 2
		store_ln170 : 2
		store_ln170 : 2
		store_ln170 : 2
		store_ln170 : 2
		store_ln170 : 2
		store_ln170 : 2
		store_ln170 : 2
		store_ln170 : 2
		store_ln170 : 2
		store_ln170 : 2
		store_ln170 : 2
		store_ln170 : 2
		store_ln170 : 2
		store_ln170 : 2
		store_ln170 : 2
		store_ln170 : 2
		store_ln170 : 2
		store_ln170 : 2
		store_ln170 : 2
		store_ln170 : 2
		store_ln170 : 2
		store_ln170 : 2
		store_ln170 : 2
		store_ln170 : 2
		store_ln170 : 2
		store_ln170 : 2
		store_ln170 : 2
		store_ln170 : 2
		store_ln170 : 2
		store_ln170 : 2
		store_ln170 : 2
		store_ln170 : 2
		store_ln170 : 2
		store_ln170 : 2
		store_ln170 : 2
		store_ln170 : 2
		store_ln170 : 2
		store_ln170 : 2
		store_ln170 : 2


============================================================
+ Verbose Summary: Datapath Resource usage 
============================================================

* Functional unit list:
|----------|-------------------------------|---------|---------|---------|
| Operation|        Functional Unit        |   DSP   |    FF   |   LUT   |
|----------|-------------------------------|---------|---------|---------|
|          |          grp_fu_2305          |    2    |   306   |   231   |
|   fadd   |          grp_fu_2309          |    2    |   306   |   231   |
|          |          grp_fu_2313          |    2    |   306   |   231   |
|          |          grp_fu_2318          |    2    |   306   |   231   |
|----------|-------------------------------|---------|---------|---------|
|          |         tmp_4_fu_2411         |    0    |    0    |    33   |
|    mux   |         tmp_6_fu_2658         |    0    |    0    |   673   |
|          |         tmp_5_fu_2919         |    0    |    0    |   273   |
|----------|-------------------------------|---------|---------|---------|
|   fmul   |          grp_fu_2322          |    3    |   143   |   140   |
|          |          grp_fu_2326          |    3    |   143   |   140   |
|----------|-------------------------------|---------|---------|---------|
|          |      select_ln35_fu_2487      |    0    |    0    |    32   |
|          |          ush_fu_2562          |    0    |    0    |    9    |
|  select  |          val_fu_2612          |    0    |    0    |    32   |
|          |        result_V_fu_2625       |    0    |    0    |    32   |
|          |         idx_1_fu_2647         |    0    |    0    |    32   |
|----------|-------------------------------|---------|---------|---------|
|   lshr   |          r_V_fu_2578          |    0    |    0    |   100   |
|----------|-------------------------------|---------|---------|---------|
|    shl   |         r_V_1_fu_2584         |    0    |    0    |   100   |
|----------|-------------------------------|---------|---------|---------|
|    sub   |       sub_ln1512_fu_2552      |    0    |    0    |    15   |
|          |       result_V_2_fu_2620      |    0    |    0    |    39   |
|----------|-------------------------------|---------|---------|---------|
|          |       icmp_ln168_fu_2356      |    0    |    0    |    11   |
|   icmp   |       icmp_ln32_fu_2449       |    0    |    0    |    11   |
|          |      icmp_ln32_1_fu_2455      |    0    |    0    |    15   |
|          |       icmp_ln36_fu_2641       |    0    |    0    |    16   |
|----------|-------------------------------|---------|---------|---------|
|    xor   |        xor_ln35_fu_2478       |    0    |    0    |    32   |
|----------|-------------------------------|---------|---------|---------|
|    add   |       add_ln168_fu_2362       |    0    |    0    |    15   |
|          |       add_ln346_fu_2538       |    0    |    0    |    15   |
|----------|-------------------------------|---------|---------|---------|
|    and   |        and_ln32_fu_2467       |    0    |    0    |    2    |
|          |        and_ln33_fu_2473       |    0    |    0    |    2    |
|----------|-------------------------------|---------|---------|---------|
|    or    |        or_ln32_fu_2461        |    0    |    0    |    2    |
|----------|-------------------------------|---------|---------|---------|
|          |    m_new_read_read_fu_1276    |    0    |    0    |    0    |
|   read   | trunc_ln187_read_read_fu_1282 |    0    |    0    |    0    |
|          |       i_32_read_fu_1288       |    0    |    0    |    0    |
|----------|-------------------------------|---------|---------|---------|
|          |    write_ln0_write_fu_1294    |    0    |    0    |    0    |
|          |    write_ln0_write_fu_1301    |    0    |    0    |    0    |
|          |    write_ln0_write_fu_1308    |    0    |    0    |    0    |
|          |    write_ln0_write_fu_1315    |    0    |    0    |    0    |
|          |    write_ln0_write_fu_1322    |    0    |    0    |    0    |
|          |    write_ln0_write_fu_1329    |    0    |    0    |    0    |
|          |    write_ln0_write_fu_1336    |    0    |    0    |    0    |
|          |    write_ln0_write_fu_1343    |    0    |    0    |    0    |
|          |    write_ln0_write_fu_1350    |    0    |    0    |    0    |
|          |    write_ln0_write_fu_1357    |    0    |    0    |    0    |
|          |    write_ln0_write_fu_1364    |    0    |    0    |    0    |
|          |    write_ln0_write_fu_1371    |    0    |    0    |    0    |
|          |    write_ln0_write_fu_1378    |    0    |    0    |    0    |
|          |    write_ln0_write_fu_1385    |    0    |    0    |    0    |
|          |    write_ln0_write_fu_1392    |    0    |    0    |    0    |
|          |    write_ln0_write_fu_1399    |    0    |    0    |    0    |
|          |    write_ln0_write_fu_1406    |    0    |    0    |    0    |
|          |    write_ln0_write_fu_1413    |    0    |    0    |    0    |
|          |    write_ln0_write_fu_1420    |    0    |    0    |    0    |
|          |    write_ln0_write_fu_1427    |    0    |    0    |    0    |
|          |    write_ln0_write_fu_1434    |    0    |    0    |    0    |
|          |    write_ln0_write_fu_1441    |    0    |    0    |    0    |
|          |    write_ln0_write_fu_1448    |    0    |    0    |    0    |
|          |    write_ln0_write_fu_1455    |    0    |    0    |    0    |
|          |    write_ln0_write_fu_1462    |    0    |    0    |    0    |
|          |    write_ln0_write_fu_1469    |    0    |    0    |    0    |
|          |    write_ln0_write_fu_1476    |    0    |    0    |    0    |
|          |    write_ln0_write_fu_1483    |    0    |    0    |    0    |
|          |    write_ln0_write_fu_1490    |    0    |    0    |    0    |
|          |    write_ln0_write_fu_1497    |    0    |    0    |    0    |
|          |    write_ln0_write_fu_1504    |    0    |    0    |    0    |
|          |    write_ln0_write_fu_1511    |    0    |    0    |    0    |
|          |    write_ln0_write_fu_1518    |    0    |    0    |    0    |
|          |    write_ln0_write_fu_1525    |    0    |    0    |    0    |
|          |    write_ln0_write_fu_1532    |    0    |    0    |    0    |
|          |    write_ln0_write_fu_1539    |    0    |    0    |    0    |
|          |    write_ln0_write_fu_1546    |    0    |    0    |    0    |
|          |    write_ln0_write_fu_1553    |    0    |    0    |    0    |
|          |    write_ln0_write_fu_1560    |    0    |    0    |    0    |
|          |    write_ln0_write_fu_1567    |    0    |    0    |    0    |
|          |    write_ln0_write_fu_1574    |    0    |    0    |    0    |
|          |    write_ln0_write_fu_1581    |    0    |    0    |    0    |
|          |    write_ln0_write_fu_1588    |    0    |    0    |    0    |
|          |    write_ln0_write_fu_1595    |    0    |    0    |    0    |
|          |    write_ln0_write_fu_1602    |    0    |    0    |    0    |
|          |    write_ln0_write_fu_1609    |    0    |    0    |    0    |
|          |    write_ln0_write_fu_1616    |    0    |    0    |    0    |
|          |    write_ln0_write_fu_1623    |    0    |    0    |    0    |
|          |    write_ln0_write_fu_1630    |    0    |    0    |    0    |
|          |    write_ln0_write_fu_1637    |    0    |    0    |    0    |
|          |    write_ln0_write_fu_1644    |    0    |    0    |    0    |
|          |    write_ln0_write_fu_1651    |    0    |    0    |    0    |
|          |    write_ln0_write_fu_1658    |    0    |    0    |    0    |
|          |    write_ln0_write_fu_1665    |    0    |    0    |    0    |
|          |    write_ln0_write_fu_1672    |    0    |    0    |    0    |
|          |    write_ln0_write_fu_1679    |    0    |    0    |    0    |
|          |    write_ln0_write_fu_1686    |    0    |    0    |    0    |
|          |    write_ln0_write_fu_1693    |    0    |    0    |    0    |
|          |    write_ln0_write_fu_1700    |    0    |    0    |    0    |
|          |    write_ln0_write_fu_1707    |    0    |    0    |    0    |
|          |    write_ln0_write_fu_1714    |    0    |    0    |    0    |
|          |    write_ln0_write_fu_1721    |    0    |    0    |    0    |
|          |    write_ln0_write_fu_1728    |    0    |    0    |    0    |
|   write  |    write_ln0_write_fu_1735    |    0    |    0    |    0    |
|          |    write_ln0_write_fu_1742    |    0    |    0    |    0    |
|          |    write_ln0_write_fu_1749    |    0    |    0    |    0    |
|          |    write_ln0_write_fu_1756    |    0    |    0    |    0    |
|          |    write_ln0_write_fu_1763    |    0    |    0    |    0    |
|          |    write_ln0_write_fu_1770    |    0    |    0    |    0    |
|          |    write_ln0_write_fu_1777    |    0    |    0    |    0    |
|          |    write_ln0_write_fu_1784    |    0    |    0    |    0    |
|          |    write_ln0_write_fu_1791    |    0    |    0    |    0    |
|          |    write_ln0_write_fu_1798    |    0    |    0    |    0    |
|          |    write_ln0_write_fu_1805    |    0    |    0    |    0    |
|          |    write_ln0_write_fu_1812    |    0    |    0    |    0    |
|          |    write_ln0_write_fu_1819    |    0    |    0    |    0    |
|          |    write_ln0_write_fu_1826    |    0    |    0    |    0    |
|          |    write_ln0_write_fu_1833    |    0    |    0    |    0    |
|          |    write_ln0_write_fu_1840    |    0    |    0    |    0    |
|          |    write_ln0_write_fu_1847    |    0    |    0    |    0    |
|          |    write_ln0_write_fu_1854    |    0    |    0    |    0    |
|          |    write_ln0_write_fu_1861    |    0    |    0    |    0    |
|          |    write_ln0_write_fu_1868    |    0    |    0    |    0    |
|          |    write_ln0_write_fu_1875    |    0    |    0    |    0    |
|          |    write_ln0_write_fu_1882    |    0    |    0    |    0    |
|          |    write_ln0_write_fu_1889    |    0    |    0    |    0    |
|          |    write_ln0_write_fu_1896    |    0    |    0    |    0    |
|          |    write_ln0_write_fu_1903    |    0    |    0    |    0    |
|          |    write_ln0_write_fu_1910    |    0    |    0    |    0    |
|          |    write_ln0_write_fu_1917    |    0    |    0    |    0    |
|          |    write_ln0_write_fu_1924    |    0    |    0    |    0    |
|          |    write_ln0_write_fu_1931    |    0    |    0    |    0    |
|          |    write_ln0_write_fu_1938    |    0    |    0    |    0    |
|          |    write_ln0_write_fu_1945    |    0    |    0    |    0    |
|          |    write_ln0_write_fu_1952    |    0    |    0    |    0    |
|          |    write_ln0_write_fu_1959    |    0    |    0    |    0    |
|          |    write_ln0_write_fu_1966    |    0    |    0    |    0    |
|          |    write_ln0_write_fu_1973    |    0    |    0    |    0    |
|          |    write_ln0_write_fu_1980    |    0    |    0    |    0    |
|          |    write_ln0_write_fu_1987    |    0    |    0    |    0    |
|          |    write_ln0_write_fu_1994    |    0    |    0    |    0    |
|          |    write_ln0_write_fu_2001    |    0    |    0    |    0    |
|          |    write_ln0_write_fu_2008    |    0    |    0    |    0    |
|          |    write_ln0_write_fu_2015    |    0    |    0    |    0    |
|          |    write_ln0_write_fu_2022    |    0    |    0    |    0    |
|          |    write_ln0_write_fu_2029    |    0    |    0    |    0    |
|          |    write_ln0_write_fu_2036    |    0    |    0    |    0    |
|          |    write_ln0_write_fu_2043    |    0    |    0    |    0    |
|          |    write_ln0_write_fu_2050    |    0    |    0    |    0    |
|          |    write_ln0_write_fu_2057    |    0    |    0    |    0    |
|          |    write_ln0_write_fu_2064    |    0    |    0    |    0    |
|          |    write_ln0_write_fu_2071    |    0    |    0    |    0    |
|          |    write_ln0_write_fu_2078    |    0    |    0    |    0    |
|          |    write_ln0_write_fu_2085    |    0    |    0    |    0    |
|          |    write_ln0_write_fu_2092    |    0    |    0    |    0    |
|          |    write_ln0_write_fu_2099    |    0    |    0    |    0    |
|          |    write_ln0_write_fu_2106    |    0    |    0    |    0    |
|          |    write_ln0_write_fu_2113    |    0    |    0    |    0    |
|          |    write_ln0_write_fu_2120    |    0    |    0    |    0    |
|          |    write_ln0_write_fu_2127    |    0    |    0    |    0    |
|          |    write_ln0_write_fu_2134    |    0    |    0    |    0    |
|          |    write_ln0_write_fu_2141    |    0    |    0    |    0    |
|          |    write_ln0_write_fu_2148    |    0    |    0    |    0    |
|          |    write_ln0_write_fu_2155    |    0    |    0    |    0    |
|          |    write_ln0_write_fu_2162    |    0    |    0    |    0    |
|          |    write_ln0_write_fu_2169    |    0    |    0    |    0    |
|          |    write_ln0_write_fu_2176    |    0    |    0    |    0    |
|          |    write_ln0_write_fu_2183    |    0    |    0    |    0    |
|----------|-------------------------------|---------|---------|---------|
|   fdiv   |          grp_fu_2330          |    0    |    0    |    0    |
|----------|-------------------------------|---------|---------|---------|
|  sitofp  |          grp_fu_2335          |    0    |    0    |    0    |
|----------|-------------------------------|---------|---------|---------|
|   fcmp   |          grp_fu_2338          |    0    |    0    |    0    |
|          |          grp_fu_2343          |    0    |    0    |    0    |
|----------|-------------------------------|---------|---------|---------|
|          |      trunc_ln168_fu_2368      |    0    |    0    |    0    |
|          |     trunc_ln168_1_fu_2372     |    0    |    0    |    0    |
|   trunc  |       trunc_ln32_fu_2445      |    0    |    0    |    0    |
|          |       p_Result_1_fu_2516      |    0    |    0    |    0    |
|          |       trunc_ln35_fu_2654      |    0    |    0    |    0    |
|----------|-------------------------------|---------|---------|---------|
|          |        lshr_ln3_fu_2376       |    0    |    0    |    0    |
|          |        tmp_134_fu_2435        |    0    |    0    |    0    |
|partselect|        xs_exp_V_fu_2506       |    0    |    0    |    0    |
|          |        tmp_137_fu_2602        |    0    |    0    |    0    |
|          |         tmp_1_fu_2631         |    0    |    0    |    0    |
|----------|-------------------------------|---------|---------|---------|
|bitconcatenate|         tmp_s_fu_2386         |    0    |    0    |    0    |
|          |        mantissa_fu_2520       |    0    |    0    |    0    |
|----------|-------------------------------|---------|---------|---------|
|          |       zext_ln170_fu_2394      |    0    |    0    |    0    |
|          |       zext_ln15_fu_2530       |    0    |    0    |    0    |
|   zext   |       zext_ln346_fu_2534      |    0    |    0    |    0    |
|          |      zext_ln1488_fu_2574      |    0    |    0    |    0    |
|          |       zext_ln818_fu_2598      |    0    |    0    |    0    |
|----------|-------------------------------|---------|---------|---------|
|          |       p_Result_s_fu_2498      |    0    |    0    |    0    |
| bitselect|         isNeg_fu_2544         |    0    |    0    |    0    |
|          |          tmp_fu_2590          |    0    |    0    |    0    |
|----------|-------------------------------|---------|---------|---------|
|   sext   |      sext_ln1512_fu_2558      |    0    |    0    |    0    |
|          |      sext_ln1488_fu_2570      |    0    |    0    |    0    |
|----------|-------------------------------|---------|---------|---------|
|   Total  |                               |    14   |   1510  |   2695  |
|----------|-------------------------------|---------|---------|---------|

Memories:
N/A

* Register list:
+----------------------+--------+
|                      |   FF   |
+----------------------+--------+
|  P_row_100_reg_4811  |   32   |
|  P_row_101_reg_4817  |   32   |
|  P_row_102_reg_4823  |   32   |
|  P_row_103_reg_4829  |   32   |
|  P_row_104_reg_4835  |   32   |
|  P_row_105_reg_4841  |   32   |
|  P_row_106_reg_4847  |   32   |
|  P_row_107_reg_4853  |   32   |
|  P_row_108_reg_4859  |   32   |
|  P_row_109_reg_4865  |   32   |
|   P_row_10_reg_4271  |   32   |
|  P_row_110_reg_4871  |   32   |
|  P_row_111_reg_4877  |   32   |
|  P_row_112_reg_4883  |   32   |
|  P_row_113_reg_4889  |   32   |
|  P_row_114_reg_4895  |   32   |
|  P_row_115_reg_4901  |   32   |
|  P_row_116_reg_4907  |   32   |
|  P_row_117_reg_4913  |   32   |
|  P_row_118_reg_4919  |   32   |
|  P_row_119_reg_4925  |   32   |
|   P_row_11_reg_4277  |   32   |
|  P_row_120_reg_4931  |   32   |
|  P_row_121_reg_4937  |   32   |
|  P_row_122_reg_4943  |   32   |
|  P_row_123_reg_4949  |   32   |
|  P_row_124_reg_4955  |   32   |
|  P_row_125_reg_4961  |   32   |
|  P_row_126_reg_4967  |   32   |
|  P_row_127_reg_4973  |   32   |
|  P_row_128_reg_2294  |   32   |
|   P_row_12_reg_4283  |   32   |
|   P_row_13_reg_4289  |   32   |
|   P_row_14_reg_4295  |   32   |
|   P_row_15_reg_4301  |   32   |
|   P_row_16_reg_4307  |   32   |
|   P_row_17_reg_4313  |   32   |
|   P_row_18_reg_4319  |   32   |
|   P_row_19_reg_4325  |   32   |
|   P_row_1_reg_4217   |   32   |
|   P_row_20_reg_4331  |   32   |
|   P_row_21_reg_4337  |   32   |
|   P_row_22_reg_4343  |   32   |
|   P_row_23_reg_4349  |   32   |
|   P_row_24_reg_4355  |   32   |
|   P_row_25_reg_4361  |   32   |
|   P_row_26_reg_4367  |   32   |
|   P_row_27_reg_4373  |   32   |
|   P_row_28_reg_4379  |   32   |
|   P_row_29_reg_4385  |   32   |
|   P_row_2_reg_4223   |   32   |
|   P_row_30_reg_4391  |   32   |
|   P_row_31_reg_4397  |   32   |
|   P_row_32_reg_4403  |   32   |
|   P_row_33_reg_4409  |   32   |
|   P_row_34_reg_4415  |   32   |
|   P_row_35_reg_4421  |   32   |
|   P_row_36_reg_4427  |   32   |
|   P_row_37_reg_4433  |   32   |
|   P_row_38_reg_4439  |   32   |
|   P_row_39_reg_4445  |   32   |
|   P_row_3_reg_4229   |   32   |
|   P_row_40_reg_4451  |   32   |
|   P_row_41_reg_4457  |   32   |
|   P_row_42_reg_4463  |   32   |
|   P_row_43_reg_4469  |   32   |
|   P_row_44_reg_4475  |   32   |
|   P_row_45_reg_4481  |   32   |
|   P_row_46_reg_4487  |   32   |
|   P_row_47_reg_4493  |   32   |
|   P_row_48_reg_4499  |   32   |
|   P_row_49_reg_4505  |   32   |
|   P_row_4_reg_4235   |   32   |
|   P_row_50_reg_4511  |   32   |
|   P_row_51_reg_4517  |   32   |
|   P_row_52_reg_4523  |   32   |
|   P_row_53_reg_4529  |   32   |
|   P_row_54_reg_4535  |   32   |
|   P_row_55_reg_4541  |   32   |
|   P_row_56_reg_4547  |   32   |
|   P_row_57_reg_4553  |   32   |
|   P_row_58_reg_4559  |   32   |
|   P_row_59_reg_4565  |   32   |
|   P_row_5_reg_4241   |   32   |
|   P_row_60_reg_4571  |   32   |
|   P_row_61_reg_4577  |   32   |
|   P_row_62_reg_4583  |   32   |
|   P_row_63_reg_4589  |   32   |
|   P_row_64_reg_4595  |   32   |
|   P_row_65_reg_4601  |   32   |
|   P_row_66_reg_4607  |   32   |
|   P_row_67_reg_4613  |   32   |
|   P_row_68_reg_4619  |   32   |
|   P_row_69_reg_4625  |   32   |
|   P_row_6_reg_4247   |   32   |
|   P_row_70_reg_4631  |   32   |
|   P_row_71_reg_4637  |   32   |
|   P_row_72_reg_4643  |   32   |
|   P_row_73_reg_4649  |   32   |
|   P_row_74_reg_4655  |   32   |
|   P_row_75_reg_4661  |   32   |
|   P_row_76_reg_4667  |   32   |
|   P_row_77_reg_4673  |   32   |
|   P_row_78_reg_4679  |   32   |
|   P_row_79_reg_4685  |   32   |
|   P_row_7_reg_4253   |   32   |
|   P_row_80_reg_4691  |   32   |
|   P_row_81_reg_4697  |   32   |
|   P_row_82_reg_4703  |   32   |
|   P_row_83_reg_4709  |   32   |
|   P_row_84_reg_4715  |   32   |
|   P_row_85_reg_4721  |   32   |
|   P_row_86_reg_4727  |   32   |
|   P_row_87_reg_4733  |   32   |
|   P_row_88_reg_4739  |   32   |
|   P_row_89_reg_4745  |   32   |
|   P_row_8_reg_4259   |   32   |
|   P_row_90_reg_4751  |   32   |
|   P_row_91_reg_4757  |   32   |
|   P_row_92_reg_4763  |   32   |
|   P_row_93_reg_4769  |   32   |
|   P_row_94_reg_4775  |   32   |
|   P_row_95_reg_4781  |   32   |
|   P_row_96_reg_4787  |   32   |
|   P_row_97_reg_4793  |   32   |
|   P_row_98_reg_4799  |   32   |
|   P_row_99_reg_4805  |   32   |
|   P_row_9_reg_4265   |   32   |
|    P_row_reg_4211    |   32   |
|   add15_i_reg_5142   |   32   |
|   and_ln32_reg_5059  |    1   |
| bitcast_ln32_reg_5049|   32   |
|   conv9_i_reg_5106   |   32   |
|      dc_reg_5068     |   32   |
|     frac_reg_5111    |   32   |
|  icmp_ln168_reg_4984 |    1   |
|  icmp_ln36_reg_5090  |    1   |
|    idx_1_reg_5095    |   32   |
|      j_reg_4204      |    8   |
|  m_new_read_reg_4979 |   32   |
|   mul14_i_reg_5122   |   32   |
|    mul_i_reg_5137    |   32   |
|   or_ln32_reg_5054   |    1   |
|  p_Result_s_reg_5074 |    1   |
|   result_V_reg_5085  |   32   |
|scores_1_addr_reg_5002|    7   |
|scores_2_addr_reg_5007|    7   |
|scores_3_addr_reg_5012|    7   |
|scores_4_addr_reg_5017|    7   |
|scores_5_addr_reg_5022|    7   |
|scores_6_addr_reg_5027|    7   |
|scores_7_addr_reg_5032|    7   |
| scores_addr_reg_4997 |    7   |
| select_ln35_reg_5063 |   32   |
|   sub11_i_reg_5132   |   32   |
|    tmp_4_reg_5037    |   32   |
|    tmp_5_reg_5127    |   32   |
|    tmp_6_reg_5117    |   32   |
|trunc_ln168_1_reg_4992|    3   |
| trunc_ln168_reg_4988 |    7   |
|  trunc_ln35_reg_5101 |    7   |
|     val_reg_5079     |   32   |
|  x_assign_2_reg_5042 |   32   |
+----------------------+--------+
|         Total        |  4758  |
+----------------------+--------+

* Multiplexer (MUX) list: 
|--------------------|------|------|------|--------||---------||---------|
|        Comp        |  Pin | Size |  BW  | S x BW ||  Delay  ||   LUT   |
|--------------------|------|------|------|--------||---------||---------|
| grp_access_fu_2246 |  p0  |   2  |   7  |   14   ||    9    |
| grp_access_fu_2252 |  p0  |   2  |   7  |   14   ||    9    |
| grp_access_fu_2258 |  p0  |   2  |   7  |   14   ||    9    |
| grp_access_fu_2264 |  p0  |   2  |   7  |   14   ||    9    |
| grp_access_fu_2270 |  p0  |   2  |   7  |   14   ||    9    |
| grp_access_fu_2276 |  p0  |   2  |   7  |   14   ||    9    |
| grp_access_fu_2282 |  p0  |   2  |   7  |   14   ||    9    |
| grp_access_fu_2288 |  p0  |   2  |   7  |   14   ||    9    |
|     grp_fu_2335    |  p0  |   2  |  32  |   64   ||    9    |
|--------------------|------|------|------|--------||---------||---------|
|        Total       |      |      |      |   176  ||  14.49  ||    81   |
|--------------------|------|------|------|--------||---------||---------|



* Summary:
+-----------+--------+--------+--------+--------+
|           |   DSP  |  Delay |   FF   |   LUT  |
+-----------+--------+--------+--------+--------+
|  Function |   14   |    -   |  1510  |  2695  |
|   Memory  |    -   |    -   |    -   |    -   |
|Multiplexer|    -   |   14   |    -   |   81   |
|  Register |    -   |    -   |  4758  |    -   |
+-----------+--------+--------+--------+--------+
|   Total   |   14   |   14   |  6268  |  2776  |
+-----------+--------+--------+--------+--------+
