

================================================================
== Vitis HLS Report for 'attention_int8_kernel_Pipeline_VITIS_LOOP_146_11'
================================================================
* Date:           Sat Apr 25 21:21:47 2026

* Version:        2022.1 (Build 3526262 on Mon Apr 18 15:47:01 MDT 2022)
* Project:        hls_cosim_project
* Solution:       solution_cosim (Vivado IP Flow Target)
* Product family: artix7
* Target device:  xc7a200t-sbg484-1


================================================================
== Performance Estimates
================================================================
+ Timing: 
    * Summary: 
    +--------+----------+----------+------------+
    |  Clock |  Target  | Estimated| Uncertainty|
    +--------+----------+----------+------------+
    |ap_clk  |  10.00 ns|  8.479 ns|     2.70 ns|
    +--------+----------+----------+------------+

+ Latency: 
    * Summary: 
    +---------+---------+----------+----------+-----+-----+---------+
    |  Latency (cycles) |  Latency (absolute) |  Interval | Pipeline|
    |   min   |   max   |    min   |    max   | min | max |   Type  |
    +---------+---------+----------+----------+-----+-----+---------+
    |      146|      146|  1.460 us|  1.460 us|  146|  146|       no|
    +---------+---------+----------+----------+-----+-----+---------+

    + Detail: 
        * Instance: 
        N/A

        * Loop: 
        +---------------------+---------+---------+----------+-----------+-----------+------+----------+
        |                     |  Latency (cycles) | Iteration|  Initiation Interval  | Trip |          |
        |      Loop Name      |   min   |   max   |  Latency |  achieved |   target  | Count| Pipelined|
        +---------------------+---------+---------+----------+-----------+-----------+------+----------+
        |- VITIS_LOOP_146_11  |      144|      144|        18|          1|          1|   128|       yes|
        +---------------------+---------+---------+----------+-----------+-----------+------+----------+

============================================================
+ Verbose Summary: Synthesis Manager
============================================================
InlineROM: 1
ExposeGlobal: 0
============================================================
+ Verbose Summary: CDFG Model
============================================================
IsTopModel: 0
ResetActiveHigh: 1
IsCombinational: 0
IsDatapathOnly: 0
HasWiredReturn: 1
HasMFsm: 2
HasVarLatency: 1
IsPipeline: 0
IsRtlPipelined: 0
IsInstanceOverlapped: 0
IsDontTouch: 0
HasImplIP: 0
IsGatedGlobalClock: 0

+ Individual pipeline summary: 
  * Pipeline-0: initiation interval (II) = 1, depth = 18


============================================================
+ Verbose Summary: Schedule
============================================================
* Number of FSM states : 18
* Pipeline : 1
  Pipeline-0 : II = 1, D = 18, States = { 1 2 3 4 5 6 7 8 9 10 11 12 13 14 15 16 17 18 }
* Dataflow Pipeline: 0

* FSM state transitions: 
1 --> 2 
2 --> 3 
3 --> 4 
4 --> 5 
5 --> 6 
6 --> 7 
7 --> 8 
8 --> 9 
9 --> 10 
10 --> 11 
11 --> 12 
12 --> 13 
13 --> 14 
14 --> 15 
15 --> 16 
16 --> 17 
17 --> 18 
18 --> 

* FSM state operations: 

State 1 <SV = 0> <Delay = 3.72>
ST_1 : Operation 21 [1/1] (0.00ns)   --->   "%rmax = alloca i32 1"   --->   Operation 21 'alloca' 'rmax' <Predicate = true> <Delay = 0.00>
ST_1 : Operation 22 [1/1] (0.00ns)   --->   "%j_1 = alloca i32 1"   --->   Operation 22 'alloca' 'j_1' <Predicate = true> <Delay = 0.00>
ST_1 : Operation 23 [1/1] (0.00ns)   --->   "%trunc_ln155_1_read = read i3 @_ssdm_op_Read.ap_auto.i3, i3 %trunc_ln155_1"   --->   Operation 23 'read' 'trunc_ln155_1_read' <Predicate = true> <Delay = 0.00>
ST_1 : Operation 24 [1/1] (0.00ns)   --->   "%i_2135 = read i3 @_ssdm_op_Read.ap_auto.i3, i3 %i_2"   --->   Operation 24 'read' 'i_2135' <Predicate = true> <Delay = 0.00>
ST_1 : Operation 25 [1/1] (0.00ns)   --->   "%p_cast_read = read i7 @_ssdm_op_Read.ap_auto.i7, i7 %p_cast"   --->   Operation 25 'read' 'p_cast_read' <Predicate = true> <Delay = 0.00>
ST_1 : Operation 26 [1/1] (0.00ns)   --->   "%q_scale_read = read i32 @_ssdm_op_Read.ap_auto.float, i32 %q_scale"   --->   Operation 26 'read' 'q_scale_read' <Predicate = true> <Delay = 0.00>
ST_1 : Operation 27 [1/1] (0.00ns)   --->   "%sext_ln146_read = read i8 @_ssdm_op_Read.ap_auto.i8, i8 %sext_ln146"   --->   Operation 27 'read' 'sext_ln146_read' <Predicate = true> <Delay = 0.00>
ST_1 : Operation 28 [1/1] (0.00ns)   --->   "%Q_tile_V_62_load_cast_read = read i8 @_ssdm_op_Read.ap_auto.i8, i8 %Q_tile_V_62_load_cast"   --->   Operation 28 'read' 'Q_tile_V_62_load_cast_read' <Predicate = true> <Delay = 0.00>
ST_1 : Operation 29 [1/1] (0.00ns)   --->   "%Q_tile_V_61_load_cast_read = read i8 @_ssdm_op_Read.ap_auto.i8, i8 %Q_tile_V_61_load_cast"   --->   Operation 29 'read' 'Q_tile_V_61_load_cast_read' <Predicate = true> <Delay = 0.00>
ST_1 : Operation 30 [1/1] (0.00ns)   --->   "%Q_tile_V_60_load_cast_read = read i8 @_ssdm_op_Read.ap_auto.i8, i8 %Q_tile_V_60_load_cast"   --->   Operation 30 'read' 'Q_tile_V_60_load_cast_read' <Predicate = true> <Delay = 0.00>
ST_1 : Operation 31 [1/1] (0.00ns)   --->   "%Q_tile_V_59_load_cast_read = read i8 @_ssdm_op_Read.ap_auto.i8, i8 %Q_tile_V_59_load_cast"   --->   Operation 31 'read' 'Q_tile_V_59_load_cast_read' <Predicate = true> <Delay = 0.00>
ST_1 : Operation 32 [1/1] (0.00ns)   --->   "%Q_tile_V_58_load_cast_read = read i8 @_ssdm_op_Read.ap_auto.i8, i8 %Q_tile_V_58_load_cast"   --->   Operation 32 'read' 'Q_tile_V_58_load_cast_read' <Predicate = true> <Delay = 0.00>
ST_1 : Operation 33 [1/1] (0.00ns)   --->   "%Q_tile_V_57_load_cast_read = read i8 @_ssdm_op_Read.ap_auto.i8, i8 %Q_tile_V_57_load_cast"   --->   Operation 33 'read' 'Q_tile_V_57_load_cast_read' <Predicate = true> <Delay = 0.00>
ST_1 : Operation 34 [1/1] (0.00ns)   --->   "%Q_tile_V_56_load_cast_read = read i8 @_ssdm_op_Read.ap_auto.i8, i8 %Q_tile_V_56_load_cast"   --->   Operation 34 'read' 'Q_tile_V_56_load_cast_read' <Predicate = true> <Delay = 0.00>
ST_1 : Operation 35 [1/1] (0.00ns)   --->   "%Q_tile_V_55_load_cast_read = read i8 @_ssdm_op_Read.ap_auto.i8, i8 %Q_tile_V_55_load_cast"   --->   Operation 35 'read' 'Q_tile_V_55_load_cast_read' <Predicate = true> <Delay = 0.00>
ST_1 : Operation 36 [1/1] (0.00ns)   --->   "%Q_tile_V_54_load_cast_read = read i8 @_ssdm_op_Read.ap_auto.i8, i8 %Q_tile_V_54_load_cast"   --->   Operation 36 'read' 'Q_tile_V_54_load_cast_read' <Predicate = true> <Delay = 0.00>
ST_1 : Operation 37 [1/1] (0.00ns)   --->   "%Q_tile_V_53_load_cast_read = read i8 @_ssdm_op_Read.ap_auto.i8, i8 %Q_tile_V_53_load_cast"   --->   Operation 37 'read' 'Q_tile_V_53_load_cast_read' <Predicate = true> <Delay = 0.00>
ST_1 : Operation 38 [1/1] (0.00ns)   --->   "%Q_tile_V_52_load_cast_read = read i8 @_ssdm_op_Read.ap_auto.i8, i8 %Q_tile_V_52_load_cast"   --->   Operation 38 'read' 'Q_tile_V_52_load_cast_read' <Predicate = true> <Delay = 0.00>
ST_1 : Operation 39 [1/1] (0.00ns)   --->   "%Q_tile_V_51_load_cast_read = read i8 @_ssdm_op_Read.ap_auto.i8, i8 %Q_tile_V_51_load_cast"   --->   Operation 39 'read' 'Q_tile_V_51_load_cast_read' <Predicate = true> <Delay = 0.00>
ST_1 : Operation 40 [1/1] (0.00ns)   --->   "%Q_tile_V_50_load_cast_read = read i8 @_ssdm_op_Read.ap_auto.i8, i8 %Q_tile_V_50_load_cast"   --->   Operation 40 'read' 'Q_tile_V_50_load_cast_read' <Predicate = true> <Delay = 0.00>
ST_1 : Operation 41 [1/1] (0.00ns)   --->   "%Q_tile_V_49_load_cast_read = read i8 @_ssdm_op_Read.ap_auto.i8, i8 %Q_tile_V_49_load_cast"   --->   Operation 41 'read' 'Q_tile_V_49_load_cast_read' <Predicate = true> <Delay = 0.00>
ST_1 : Operation 42 [1/1] (0.00ns)   --->   "%Q_tile_V_48_load_cast_read = read i8 @_ssdm_op_Read.ap_auto.i8, i8 %Q_tile_V_48_load_cast"   --->   Operation 42 'read' 'Q_tile_V_48_load_cast_read' <Predicate = true> <Delay = 0.00>
ST_1 : Operation 43 [1/1] (0.00ns)   --->   "%Q_tile_V_47_load_cast_read = read i8 @_ssdm_op_Read.ap_auto.i8, i8 %Q_tile_V_47_load_cast"   --->   Operation 43 'read' 'Q_tile_V_47_load_cast_read' <Predicate = true> <Delay = 0.00>
ST_1 : Operation 44 [1/1] (0.00ns)   --->   "%Q_tile_V_46_load_cast_read = read i8 @_ssdm_op_Read.ap_auto.i8, i8 %Q_tile_V_46_load_cast"   --->   Operation 44 'read' 'Q_tile_V_46_load_cast_read' <Predicate = true> <Delay = 0.00>
ST_1 : Operation 45 [1/1] (0.00ns)   --->   "%Q_tile_V_45_load_cast_read = read i8 @_ssdm_op_Read.ap_auto.i8, i8 %Q_tile_V_45_load_cast"   --->   Operation 45 'read' 'Q_tile_V_45_load_cast_read' <Predicate = true> <Delay = 0.00>
ST_1 : Operation 46 [1/1] (0.00ns)   --->   "%Q_tile_V_44_load_cast_read = read i8 @_ssdm_op_Read.ap_auto.i8, i8 %Q_tile_V_44_load_cast"   --->   Operation 46 'read' 'Q_tile_V_44_load_cast_read' <Predicate = true> <Delay = 0.00>
ST_1 : Operation 47 [1/1] (0.00ns)   --->   "%Q_tile_V_43_load_cast_read = read i8 @_ssdm_op_Read.ap_auto.i8, i8 %Q_tile_V_43_load_cast"   --->   Operation 47 'read' 'Q_tile_V_43_load_cast_read' <Predicate = true> <Delay = 0.00>
ST_1 : Operation 48 [1/1] (0.00ns)   --->   "%Q_tile_V_42_load_cast_read = read i8 @_ssdm_op_Read.ap_auto.i8, i8 %Q_tile_V_42_load_cast"   --->   Operation 48 'read' 'Q_tile_V_42_load_cast_read' <Predicate = true> <Delay = 0.00>
ST_1 : Operation 49 [1/1] (0.00ns)   --->   "%Q_tile_V_41_load_cast_read = read i8 @_ssdm_op_Read.ap_auto.i8, i8 %Q_tile_V_41_load_cast"   --->   Operation 49 'read' 'Q_tile_V_41_load_cast_read' <Predicate = true> <Delay = 0.00>
ST_1 : Operation 50 [1/1] (0.00ns)   --->   "%Q_tile_V_40_load_cast_read = read i8 @_ssdm_op_Read.ap_auto.i8, i8 %Q_tile_V_40_load_cast"   --->   Operation 50 'read' 'Q_tile_V_40_load_cast_read' <Predicate = true> <Delay = 0.00>
ST_1 : Operation 51 [1/1] (0.00ns)   --->   "%Q_tile_V_39_load_cast_read = read i8 @_ssdm_op_Read.ap_auto.i8, i8 %Q_tile_V_39_load_cast"   --->   Operation 51 'read' 'Q_tile_V_39_load_cast_read' <Predicate = true> <Delay = 0.00>
ST_1 : Operation 52 [1/1] (0.00ns)   --->   "%Q_tile_V_38_load_cast_read = read i8 @_ssdm_op_Read.ap_auto.i8, i8 %Q_tile_V_38_load_cast"   --->   Operation 52 'read' 'Q_tile_V_38_load_cast_read' <Predicate = true> <Delay = 0.00>
ST_1 : Operation 53 [1/1] (0.00ns)   --->   "%Q_tile_V_37_load_cast_read = read i8 @_ssdm_op_Read.ap_auto.i8, i8 %Q_tile_V_37_load_cast"   --->   Operation 53 'read' 'Q_tile_V_37_load_cast_read' <Predicate = true> <Delay = 0.00>
ST_1 : Operation 54 [1/1] (0.00ns)   --->   "%Q_tile_V_36_load_cast_read = read i8 @_ssdm_op_Read.ap_auto.i8, i8 %Q_tile_V_36_load_cast"   --->   Operation 54 'read' 'Q_tile_V_36_load_cast_read' <Predicate = true> <Delay = 0.00>
ST_1 : Operation 55 [1/1] (0.00ns)   --->   "%Q_tile_V_35_load_cast_read = read i8 @_ssdm_op_Read.ap_auto.i8, i8 %Q_tile_V_35_load_cast"   --->   Operation 55 'read' 'Q_tile_V_35_load_cast_read' <Predicate = true> <Delay = 0.00>
ST_1 : Operation 56 [1/1] (0.00ns)   --->   "%Q_tile_V_34_load_cast_read = read i8 @_ssdm_op_Read.ap_auto.i8, i8 %Q_tile_V_34_load_cast"   --->   Operation 56 'read' 'Q_tile_V_34_load_cast_read' <Predicate = true> <Delay = 0.00>
ST_1 : Operation 57 [1/1] (0.00ns)   --->   "%Q_tile_V_33_load_cast_read = read i8 @_ssdm_op_Read.ap_auto.i8, i8 %Q_tile_V_33_load_cast"   --->   Operation 57 'read' 'Q_tile_V_33_load_cast_read' <Predicate = true> <Delay = 0.00>
ST_1 : Operation 58 [1/1] (0.00ns)   --->   "%Q_tile_V_32_load_cast_read = read i8 @_ssdm_op_Read.ap_auto.i8, i8 %Q_tile_V_32_load_cast"   --->   Operation 58 'read' 'Q_tile_V_32_load_cast_read' <Predicate = true> <Delay = 0.00>
ST_1 : Operation 59 [1/1] (0.00ns)   --->   "%Q_tile_V_31_load_cast_read = read i8 @_ssdm_op_Read.ap_auto.i8, i8 %Q_tile_V_31_load_cast"   --->   Operation 59 'read' 'Q_tile_V_31_load_cast_read' <Predicate = true> <Delay = 0.00>
ST_1 : Operation 60 [1/1] (0.00ns)   --->   "%Q_tile_V_30_load_cast_read = read i8 @_ssdm_op_Read.ap_auto.i8, i8 %Q_tile_V_30_load_cast"   --->   Operation 60 'read' 'Q_tile_V_30_load_cast_read' <Predicate = true> <Delay = 0.00>
ST_1 : Operation 61 [1/1] (0.00ns)   --->   "%Q_tile_V_29_load_cast_read = read i8 @_ssdm_op_Read.ap_auto.i8, i8 %Q_tile_V_29_load_cast"   --->   Operation 61 'read' 'Q_tile_V_29_load_cast_read' <Predicate = true> <Delay = 0.00>
ST_1 : Operation 62 [1/1] (0.00ns)   --->   "%Q_tile_V_28_load_cast_read = read i8 @_ssdm_op_Read.ap_auto.i8, i8 %Q_tile_V_28_load_cast"   --->   Operation 62 'read' 'Q_tile_V_28_load_cast_read' <Predicate = true> <Delay = 0.00>
ST_1 : Operation 63 [1/1] (0.00ns)   --->   "%Q_tile_V_27_load_cast_read = read i8 @_ssdm_op_Read.ap_auto.i8, i8 %Q_tile_V_27_load_cast"   --->   Operation 63 'read' 'Q_tile_V_27_load_cast_read' <Predicate = true> <Delay = 0.00>
ST_1 : Operation 64 [1/1] (0.00ns)   --->   "%Q_tile_V_26_load_cast_read = read i8 @_ssdm_op_Read.ap_auto.i8, i8 %Q_tile_V_26_load_cast"   --->   Operation 64 'read' 'Q_tile_V_26_load_cast_read' <Predicate = true> <Delay = 0.00>
ST_1 : Operation 65 [1/1] (0.00ns)   --->   "%Q_tile_V_25_load_cast_read = read i8 @_ssdm_op_Read.ap_auto.i8, i8 %Q_tile_V_25_load_cast"   --->   Operation 65 'read' 'Q_tile_V_25_load_cast_read' <Predicate = true> <Delay = 0.00>
ST_1 : Operation 66 [1/1] (0.00ns)   --->   "%Q_tile_V_24_load_cast_read = read i8 @_ssdm_op_Read.ap_auto.i8, i8 %Q_tile_V_24_load_cast"   --->   Operation 66 'read' 'Q_tile_V_24_load_cast_read' <Predicate = true> <Delay = 0.00>
ST_1 : Operation 67 [1/1] (0.00ns)   --->   "%Q_tile_V_23_load_cast_read = read i8 @_ssdm_op_Read.ap_auto.i8, i8 %Q_tile_V_23_load_cast"   --->   Operation 67 'read' 'Q_tile_V_23_load_cast_read' <Predicate = true> <Delay = 0.00>
ST_1 : Operation 68 [1/1] (0.00ns)   --->   "%Q_tile_V_22_load_cast_read = read i8 @_ssdm_op_Read.ap_auto.i8, i8 %Q_tile_V_22_load_cast"   --->   Operation 68 'read' 'Q_tile_V_22_load_cast_read' <Predicate = true> <Delay = 0.00>
ST_1 : Operation 69 [1/1] (0.00ns)   --->   "%Q_tile_V_21_load_cast_read = read i8 @_ssdm_op_Read.ap_auto.i8, i8 %Q_tile_V_21_load_cast"   --->   Operation 69 'read' 'Q_tile_V_21_load_cast_read' <Predicate = true> <Delay = 0.00>
ST_1 : Operation 70 [1/1] (0.00ns)   --->   "%Q_tile_V_20_load_cast_read = read i8 @_ssdm_op_Read.ap_auto.i8, i8 %Q_tile_V_20_load_cast"   --->   Operation 70 'read' 'Q_tile_V_20_load_cast_read' <Predicate = true> <Delay = 0.00>
ST_1 : Operation 71 [1/1] (0.00ns)   --->   "%Q_tile_V_19_load_cast_read = read i8 @_ssdm_op_Read.ap_auto.i8, i8 %Q_tile_V_19_load_cast"   --->   Operation 71 'read' 'Q_tile_V_19_load_cast_read' <Predicate = true> <Delay = 0.00>
ST_1 : Operation 72 [1/1] (0.00ns)   --->   "%Q_tile_V_18_load_cast_read = read i8 @_ssdm_op_Read.ap_auto.i8, i8 %Q_tile_V_18_load_cast"   --->   Operation 72 'read' 'Q_tile_V_18_load_cast_read' <Predicate = true> <Delay = 0.00>
ST_1 : Operation 73 [1/1] (0.00ns)   --->   "%Q_tile_V_17_load_cast_read = read i8 @_ssdm_op_Read.ap_auto.i8, i8 %Q_tile_V_17_load_cast"   --->   Operation 73 'read' 'Q_tile_V_17_load_cast_read' <Predicate = true> <Delay = 0.00>
ST_1 : Operation 74 [1/1] (0.00ns)   --->   "%Q_tile_V_16_load_cast_read = read i8 @_ssdm_op_Read.ap_auto.i8, i8 %Q_tile_V_16_load_cast"   --->   Operation 74 'read' 'Q_tile_V_16_load_cast_read' <Predicate = true> <Delay = 0.00>
ST_1 : Operation 75 [1/1] (0.00ns)   --->   "%Q_tile_V_15_load_cast_read = read i8 @_ssdm_op_Read.ap_auto.i8, i8 %Q_tile_V_15_load_cast"   --->   Operation 75 'read' 'Q_tile_V_15_load_cast_read' <Predicate = true> <Delay = 0.00>
ST_1 : Operation 76 [1/1] (0.00ns)   --->   "%Q_tile_V_14_load_cast_read = read i8 @_ssdm_op_Read.ap_auto.i8, i8 %Q_tile_V_14_load_cast"   --->   Operation 76 'read' 'Q_tile_V_14_load_cast_read' <Predicate = true> <Delay = 0.00>
ST_1 : Operation 77 [1/1] (0.00ns)   --->   "%Q_tile_V_13_load_cast_read = read i8 @_ssdm_op_Read.ap_auto.i8, i8 %Q_tile_V_13_load_cast"   --->   Operation 77 'read' 'Q_tile_V_13_load_cast_read' <Predicate = true> <Delay = 0.00>
ST_1 : Operation 78 [1/1] (0.00ns)   --->   "%Q_tile_V_12_load_cast_read = read i8 @_ssdm_op_Read.ap_auto.i8, i8 %Q_tile_V_12_load_cast"   --->   Operation 78 'read' 'Q_tile_V_12_load_cast_read' <Predicate = true> <Delay = 0.00>
ST_1 : Operation 79 [1/1] (0.00ns)   --->   "%Q_tile_V_11_load_cast_read = read i8 @_ssdm_op_Read.ap_auto.i8, i8 %Q_tile_V_11_load_cast"   --->   Operation 79 'read' 'Q_tile_V_11_load_cast_read' <Predicate = true> <Delay = 0.00>
ST_1 : Operation 80 [1/1] (0.00ns)   --->   "%Q_tile_V_10_load_cast_read = read i8 @_ssdm_op_Read.ap_auto.i8, i8 %Q_tile_V_10_load_cast"   --->   Operation 80 'read' 'Q_tile_V_10_load_cast_read' <Predicate = true> <Delay = 0.00>
ST_1 : Operation 81 [1/1] (0.00ns)   --->   "%Q_tile_V_9_load_cast_read = read i8 @_ssdm_op_Read.ap_auto.i8, i8 %Q_tile_V_9_load_cast"   --->   Operation 81 'read' 'Q_tile_V_9_load_cast_read' <Predicate = true> <Delay = 0.00>
ST_1 : Operation 82 [1/1] (0.00ns)   --->   "%Q_tile_V_8_load_cast_read = read i8 @_ssdm_op_Read.ap_auto.i8, i8 %Q_tile_V_8_load_cast"   --->   Operation 82 'read' 'Q_tile_V_8_load_cast_read' <Predicate = true> <Delay = 0.00>
ST_1 : Operation 83 [1/1] (0.00ns)   --->   "%Q_tile_V_7_load_cast_read = read i8 @_ssdm_op_Read.ap_auto.i8, i8 %Q_tile_V_7_load_cast"   --->   Operation 83 'read' 'Q_tile_V_7_load_cast_read' <Predicate = true> <Delay = 0.00>
ST_1 : Operation 84 [1/1] (0.00ns)   --->   "%Q_tile_V_6_load_cast_read = read i8 @_ssdm_op_Read.ap_auto.i8, i8 %Q_tile_V_6_load_cast"   --->   Operation 84 'read' 'Q_tile_V_6_load_cast_read' <Predicate = true> <Delay = 0.00>
ST_1 : Operation 85 [1/1] (0.00ns)   --->   "%Q_tile_V_5_load_cast_read = read i8 @_ssdm_op_Read.ap_auto.i8, i8 %Q_tile_V_5_load_cast"   --->   Operation 85 'read' 'Q_tile_V_5_load_cast_read' <Predicate = true> <Delay = 0.00>
ST_1 : Operation 86 [1/1] (0.00ns)   --->   "%Q_tile_V_4_load_cast_read = read i8 @_ssdm_op_Read.ap_auto.i8, i8 %Q_tile_V_4_load_cast"   --->   Operation 86 'read' 'Q_tile_V_4_load_cast_read' <Predicate = true> <Delay = 0.00>
ST_1 : Operation 87 [1/1] (0.00ns)   --->   "%Q_tile_V_3_load_cast_read = read i8 @_ssdm_op_Read.ap_auto.i8, i8 %Q_tile_V_3_load_cast"   --->   Operation 87 'read' 'Q_tile_V_3_load_cast_read' <Predicate = true> <Delay = 0.00>
ST_1 : Operation 88 [1/1] (0.00ns)   --->   "%Q_tile_V_2_load_cast_read = read i8 @_ssdm_op_Read.ap_auto.i8, i8 %Q_tile_V_2_load_cast"   --->   Operation 88 'read' 'Q_tile_V_2_load_cast_read' <Predicate = true> <Delay = 0.00>
ST_1 : Operation 89 [1/1] (0.00ns)   --->   "%Q_tile_V_1_load_cast_read = read i8 @_ssdm_op_Read.ap_auto.i8, i8 %Q_tile_V_1_load_cast"   --->   Operation 89 'read' 'Q_tile_V_1_load_cast_read' <Predicate = true> <Delay = 0.00>
ST_1 : Operation 90 [1/1] (0.00ns)   --->   "%Q_tile_V_load_cast_read = read i8 @_ssdm_op_Read.ap_auto.i8, i8 %Q_tile_V_load_cast"   --->   Operation 90 'read' 'Q_tile_V_load_cast_read' <Predicate = true> <Delay = 0.00>
ST_1 : Operation 91 [1/1] (0.00ns)   --->   "%sext_ln146_cast = sext i8 %sext_ln146_read"   --->   Operation 91 'sext' 'sext_ln146_cast' <Predicate = true> <Delay = 0.00>
ST_1 : Operation 92 [1/1] (0.00ns)   --->   "%Q_tile_V_62_load_cast_cast = sext i8 %Q_tile_V_62_load_cast_read"   --->   Operation 92 'sext' 'Q_tile_V_62_load_cast_cast' <Predicate = true> <Delay = 0.00>
ST_1 : Operation 93 [1/1] (0.00ns)   --->   "%Q_tile_V_61_load_cast_cast = sext i8 %Q_tile_V_61_load_cast_read"   --->   Operation 93 'sext' 'Q_tile_V_61_load_cast_cast' <Predicate = true> <Delay = 0.00>
ST_1 : Operation 94 [1/1] (0.00ns)   --->   "%Q_tile_V_60_load_cast_cast = sext i8 %Q_tile_V_60_load_cast_read"   --->   Operation 94 'sext' 'Q_tile_V_60_load_cast_cast' <Predicate = true> <Delay = 0.00>
ST_1 : Operation 95 [1/1] (0.00ns)   --->   "%Q_tile_V_59_load_cast_cast = sext i8 %Q_tile_V_59_load_cast_read"   --->   Operation 95 'sext' 'Q_tile_V_59_load_cast_cast' <Predicate = true> <Delay = 0.00>
ST_1 : Operation 96 [1/1] (0.00ns)   --->   "%Q_tile_V_58_load_cast_cast = sext i8 %Q_tile_V_58_load_cast_read"   --->   Operation 96 'sext' 'Q_tile_V_58_load_cast_cast' <Predicate = true> <Delay = 0.00>
ST_1 : Operation 97 [1/1] (0.00ns)   --->   "%Q_tile_V_57_load_cast_cast = sext i8 %Q_tile_V_57_load_cast_read"   --->   Operation 97 'sext' 'Q_tile_V_57_load_cast_cast' <Predicate = true> <Delay = 0.00>
ST_1 : Operation 98 [1/1] (0.00ns)   --->   "%Q_tile_V_56_load_cast_cast = sext i8 %Q_tile_V_56_load_cast_read"   --->   Operation 98 'sext' 'Q_tile_V_56_load_cast_cast' <Predicate = true> <Delay = 0.00>
ST_1 : Operation 99 [1/1] (0.00ns)   --->   "%Q_tile_V_55_load_cast_cast = sext i8 %Q_tile_V_55_load_cast_read"   --->   Operation 99 'sext' 'Q_tile_V_55_load_cast_cast' <Predicate = true> <Delay = 0.00>
ST_1 : Operation 100 [1/1] (0.00ns)   --->   "%Q_tile_V_54_load_cast_cast = sext i8 %Q_tile_V_54_load_cast_read"   --->   Operation 100 'sext' 'Q_tile_V_54_load_cast_cast' <Predicate = true> <Delay = 0.00>
ST_1 : Operation 101 [1/1] (0.00ns)   --->   "%Q_tile_V_53_load_cast_cast = sext i8 %Q_tile_V_53_load_cast_read"   --->   Operation 101 'sext' 'Q_tile_V_53_load_cast_cast' <Predicate = true> <Delay = 0.00>
ST_1 : Operation 102 [1/1] (0.00ns)   --->   "%Q_tile_V_52_load_cast_cast = sext i8 %Q_tile_V_52_load_cast_read"   --->   Operation 102 'sext' 'Q_tile_V_52_load_cast_cast' <Predicate = true> <Delay = 0.00>
ST_1 : Operation 103 [1/1] (0.00ns)   --->   "%Q_tile_V_51_load_cast_cast = sext i8 %Q_tile_V_51_load_cast_read"   --->   Operation 103 'sext' 'Q_tile_V_51_load_cast_cast' <Predicate = true> <Delay = 0.00>
ST_1 : Operation 104 [1/1] (0.00ns)   --->   "%Q_tile_V_50_load_cast_cast = sext i8 %Q_tile_V_50_load_cast_read"   --->   Operation 104 'sext' 'Q_tile_V_50_load_cast_cast' <Predicate = true> <Delay = 0.00>
ST_1 : Operation 105 [1/1] (0.00ns)   --->   "%Q_tile_V_49_load_cast_cast = sext i8 %Q_tile_V_49_load_cast_read"   --->   Operation 105 'sext' 'Q_tile_V_49_load_cast_cast' <Predicate = true> <Delay = 0.00>
ST_1 : Operation 106 [1/1] (0.00ns)   --->   "%Q_tile_V_48_load_cast_cast = sext i8 %Q_tile_V_48_load_cast_read"   --->   Operation 106 'sext' 'Q_tile_V_48_load_cast_cast' <Predicate = true> <Delay = 0.00>
ST_1 : Operation 107 [1/1] (0.00ns)   --->   "%Q_tile_V_47_load_cast_cast = sext i8 %Q_tile_V_47_load_cast_read"   --->   Operation 107 'sext' 'Q_tile_V_47_load_cast_cast' <Predicate = true> <Delay = 0.00>
ST_1 : Operation 108 [1/1] (0.00ns)   --->   "%Q_tile_V_46_load_cast_cast = sext i8 %Q_tile_V_46_load_cast_read"   --->   Operation 108 'sext' 'Q_tile_V_46_load_cast_cast' <Predicate = true> <Delay = 0.00>
ST_1 : Operation 109 [1/1] (0.00ns)   --->   "%Q_tile_V_45_load_cast_cast = sext i8 %Q_tile_V_45_load_cast_read"   --->   Operation 109 'sext' 'Q_tile_V_45_load_cast_cast' <Predicate = true> <Delay = 0.00>
ST_1 : Operation 110 [1/1] (0.00ns)   --->   "%Q_tile_V_44_load_cast_cast = sext i8 %Q_tile_V_44_load_cast_read"   --->   Operation 110 'sext' 'Q_tile_V_44_load_cast_cast' <Predicate = true> <Delay = 0.00>
ST_1 : Operation 111 [1/1] (0.00ns)   --->   "%Q_tile_V_43_load_cast_cast = sext i8 %Q_tile_V_43_load_cast_read"   --->   Operation 111 'sext' 'Q_tile_V_43_load_cast_cast' <Predicate = true> <Delay = 0.00>
ST_1 : Operation 112 [1/1] (0.00ns)   --->   "%Q_tile_V_42_load_cast_cast = sext i8 %Q_tile_V_42_load_cast_read"   --->   Operation 112 'sext' 'Q_tile_V_42_load_cast_cast' <Predicate = true> <Delay = 0.00>
ST_1 : Operation 113 [1/1] (0.00ns)   --->   "%Q_tile_V_41_load_cast_cast = sext i8 %Q_tile_V_41_load_cast_read"   --->   Operation 113 'sext' 'Q_tile_V_41_load_cast_cast' <Predicate = true> <Delay = 0.00>
ST_1 : Operation 114 [1/1] (0.00ns)   --->   "%Q_tile_V_40_load_cast_cast = sext i8 %Q_tile_V_40_load_cast_read"   --->   Operation 114 'sext' 'Q_tile_V_40_load_cast_cast' <Predicate = true> <Delay = 0.00>
ST_1 : Operation 115 [1/1] (0.00ns)   --->   "%Q_tile_V_39_load_cast_cast = sext i8 %Q_tile_V_39_load_cast_read"   --->   Operation 115 'sext' 'Q_tile_V_39_load_cast_cast' <Predicate = true> <Delay = 0.00>
ST_1 : Operation 116 [1/1] (0.00ns)   --->   "%Q_tile_V_38_load_cast_cast = sext i8 %Q_tile_V_38_load_cast_read"   --->   Operation 116 'sext' 'Q_tile_V_38_load_cast_cast' <Predicate = true> <Delay = 0.00>
ST_1 : Operation 117 [1/1] (0.00ns)   --->   "%Q_tile_V_37_load_cast_cast = sext i8 %Q_tile_V_37_load_cast_read"   --->   Operation 117 'sext' 'Q_tile_V_37_load_cast_cast' <Predicate = true> <Delay = 0.00>
ST_1 : Operation 118 [1/1] (0.00ns)   --->   "%Q_tile_V_36_load_cast_cast = sext i8 %Q_tile_V_36_load_cast_read"   --->   Operation 118 'sext' 'Q_tile_V_36_load_cast_cast' <Predicate = true> <Delay = 0.00>
ST_1 : Operation 119 [1/1] (0.00ns)   --->   "%Q_tile_V_35_load_cast_cast = sext i8 %Q_tile_V_35_load_cast_read"   --->   Operation 119 'sext' 'Q_tile_V_35_load_cast_cast' <Predicate = true> <Delay = 0.00>
ST_1 : Operation 120 [1/1] (0.00ns)   --->   "%Q_tile_V_34_load_cast_cast = sext i8 %Q_tile_V_34_load_cast_read"   --->   Operation 120 'sext' 'Q_tile_V_34_load_cast_cast' <Predicate = true> <Delay = 0.00>
ST_1 : Operation 121 [1/1] (0.00ns)   --->   "%Q_tile_V_33_load_cast_cast = sext i8 %Q_tile_V_33_load_cast_read"   --->   Operation 121 'sext' 'Q_tile_V_33_load_cast_cast' <Predicate = true> <Delay = 0.00>
ST_1 : Operation 122 [1/1] (0.00ns)   --->   "%Q_tile_V_32_load_cast_cast = sext i8 %Q_tile_V_32_load_cast_read"   --->   Operation 122 'sext' 'Q_tile_V_32_load_cast_cast' <Predicate = true> <Delay = 0.00>
ST_1 : Operation 123 [1/1] (0.00ns)   --->   "%Q_tile_V_31_load_cast_cast = sext i8 %Q_tile_V_31_load_cast_read"   --->   Operation 123 'sext' 'Q_tile_V_31_load_cast_cast' <Predicate = true> <Delay = 0.00>
ST_1 : Operation 124 [1/1] (0.00ns)   --->   "%Q_tile_V_30_load_cast_cast = sext i8 %Q_tile_V_30_load_cast_read"   --->   Operation 124 'sext' 'Q_tile_V_30_load_cast_cast' <Predicate = true> <Delay = 0.00>
ST_1 : Operation 125 [1/1] (0.00ns)   --->   "%Q_tile_V_29_load_cast_cast = sext i8 %Q_tile_V_29_load_cast_read"   --->   Operation 125 'sext' 'Q_tile_V_29_load_cast_cast' <Predicate = true> <Delay = 0.00>
ST_1 : Operation 126 [1/1] (0.00ns)   --->   "%Q_tile_V_28_load_cast_cast = sext i8 %Q_tile_V_28_load_cast_read"   --->   Operation 126 'sext' 'Q_tile_V_28_load_cast_cast' <Predicate = true> <Delay = 0.00>
ST_1 : Operation 127 [1/1] (0.00ns)   --->   "%Q_tile_V_27_load_cast_cast = sext i8 %Q_tile_V_27_load_cast_read"   --->   Operation 127 'sext' 'Q_tile_V_27_load_cast_cast' <Predicate = true> <Delay = 0.00>
ST_1 : Operation 128 [1/1] (0.00ns)   --->   "%Q_tile_V_26_load_cast_cast = sext i8 %Q_tile_V_26_load_cast_read"   --->   Operation 128 'sext' 'Q_tile_V_26_load_cast_cast' <Predicate = true> <Delay = 0.00>
ST_1 : Operation 129 [1/1] (0.00ns)   --->   "%Q_tile_V_25_load_cast_cast = sext i8 %Q_tile_V_25_load_cast_read"   --->   Operation 129 'sext' 'Q_tile_V_25_load_cast_cast' <Predicate = true> <Delay = 0.00>
ST_1 : Operation 130 [1/1] (0.00ns)   --->   "%Q_tile_V_24_load_cast_cast = sext i8 %Q_tile_V_24_load_cast_read"   --->   Operation 130 'sext' 'Q_tile_V_24_load_cast_cast' <Predicate = true> <Delay = 0.00>
ST_1 : Operation 131 [1/1] (0.00ns)   --->   "%Q_tile_V_23_load_cast_cast = sext i8 %Q_tile_V_23_load_cast_read"   --->   Operation 131 'sext' 'Q_tile_V_23_load_cast_cast' <Predicate = true> <Delay = 0.00>
ST_1 : Operation 132 [1/1] (0.00ns)   --->   "%Q_tile_V_22_load_cast_cast = sext i8 %Q_tile_V_22_load_cast_read"   --->   Operation 132 'sext' 'Q_tile_V_22_load_cast_cast' <Predicate = true> <Delay = 0.00>
ST_1 : Operation 133 [1/1] (0.00ns)   --->   "%Q_tile_V_21_load_cast_cast = sext i8 %Q_tile_V_21_load_cast_read"   --->   Operation 133 'sext' 'Q_tile_V_21_load_cast_cast' <Predicate = true> <Delay = 0.00>
ST_1 : Operation 134 [1/1] (0.00ns)   --->   "%Q_tile_V_20_load_cast_cast = sext i8 %Q_tile_V_20_load_cast_read"   --->   Operation 134 'sext' 'Q_tile_V_20_load_cast_cast' <Predicate = true> <Delay = 0.00>
ST_1 : Operation 135 [1/1] (0.00ns)   --->   "%Q_tile_V_19_load_cast_cast = sext i8 %Q_tile_V_19_load_cast_read"   --->   Operation 135 'sext' 'Q_tile_V_19_load_cast_cast' <Predicate = true> <Delay = 0.00>
ST_1 : Operation 136 [1/1] (0.00ns)   --->   "%Q_tile_V_18_load_cast_cast = sext i8 %Q_tile_V_18_load_cast_read"   --->   Operation 136 'sext' 'Q_tile_V_18_load_cast_cast' <Predicate = true> <Delay = 0.00>
ST_1 : Operation 137 [1/1] (0.00ns)   --->   "%Q_tile_V_17_load_cast_cast = sext i8 %Q_tile_V_17_load_cast_read"   --->   Operation 137 'sext' 'Q_tile_V_17_load_cast_cast' <Predicate = true> <Delay = 0.00>
ST_1 : Operation 138 [1/1] (0.00ns)   --->   "%Q_tile_V_16_load_cast_cast = sext i8 %Q_tile_V_16_load_cast_read"   --->   Operation 138 'sext' 'Q_tile_V_16_load_cast_cast' <Predicate = true> <Delay = 0.00>
ST_1 : Operation 139 [1/1] (0.00ns)   --->   "%Q_tile_V_15_load_cast_cast = sext i8 %Q_tile_V_15_load_cast_read"   --->   Operation 139 'sext' 'Q_tile_V_15_load_cast_cast' <Predicate = true> <Delay = 0.00>
ST_1 : Operation 140 [1/1] (0.00ns)   --->   "%Q_tile_V_14_load_cast_cast = sext i8 %Q_tile_V_14_load_cast_read"   --->   Operation 140 'sext' 'Q_tile_V_14_load_cast_cast' <Predicate = true> <Delay = 0.00>
ST_1 : Operation 141 [1/1] (0.00ns)   --->   "%Q_tile_V_13_load_cast_cast = sext i8 %Q_tile_V_13_load_cast_read"   --->   Operation 141 'sext' 'Q_tile_V_13_load_cast_cast' <Predicate = true> <Delay = 0.00>
ST_1 : Operation 142 [1/1] (0.00ns)   --->   "%Q_tile_V_12_load_cast_cast = sext i8 %Q_tile_V_12_load_cast_read"   --->   Operation 142 'sext' 'Q_tile_V_12_load_cast_cast' <Predicate = true> <Delay = 0.00>
ST_1 : Operation 143 [1/1] (0.00ns)   --->   "%Q_tile_V_11_load_cast_cast = sext i8 %Q_tile_V_11_load_cast_read"   --->   Operation 143 'sext' 'Q_tile_V_11_load_cast_cast' <Predicate = true> <Delay = 0.00>
ST_1 : Operation 144 [1/1] (0.00ns)   --->   "%Q_tile_V_10_load_cast_cast = sext i8 %Q_tile_V_10_load_cast_read"   --->   Operation 144 'sext' 'Q_tile_V_10_load_cast_cast' <Predicate = true> <Delay = 0.00>
ST_1 : Operation 145 [1/1] (0.00ns)   --->   "%Q_tile_V_9_load_cast_cast = sext i8 %Q_tile_V_9_load_cast_read"   --->   Operation 145 'sext' 'Q_tile_V_9_load_cast_cast' <Predicate = true> <Delay = 0.00>
ST_1 : Operation 146 [1/1] (0.00ns)   --->   "%Q_tile_V_8_load_cast_cast = sext i8 %Q_tile_V_8_load_cast_read"   --->   Operation 146 'sext' 'Q_tile_V_8_load_cast_cast' <Predicate = true> <Delay = 0.00>
ST_1 : Operation 147 [1/1] (0.00ns)   --->   "%Q_tile_V_7_load_cast_cast = sext i8 %Q_tile_V_7_load_cast_read"   --->   Operation 147 'sext' 'Q_tile_V_7_load_cast_cast' <Predicate = true> <Delay = 0.00>
ST_1 : Operation 148 [1/1] (0.00ns)   --->   "%Q_tile_V_6_load_cast_cast = sext i8 %Q_tile_V_6_load_cast_read"   --->   Operation 148 'sext' 'Q_tile_V_6_load_cast_cast' <Predicate = true> <Delay = 0.00>
ST_1 : Operation 149 [1/1] (0.00ns)   --->   "%Q_tile_V_5_load_cast_cast = sext i8 %Q_tile_V_5_load_cast_read"   --->   Operation 149 'sext' 'Q_tile_V_5_load_cast_cast' <Predicate = true> <Delay = 0.00>
ST_1 : Operation 150 [1/1] (0.00ns)   --->   "%Q_tile_V_4_load_cast_cast = sext i8 %Q_tile_V_4_load_cast_read"   --->   Operation 150 'sext' 'Q_tile_V_4_load_cast_cast' <Predicate = true> <Delay = 0.00>
ST_1 : Operation 151 [1/1] (0.00ns)   --->   "%Q_tile_V_3_load_cast_cast = sext i8 %Q_tile_V_3_load_cast_read"   --->   Operation 151 'sext' 'Q_tile_V_3_load_cast_cast' <Predicate = true> <Delay = 0.00>
ST_1 : Operation 152 [1/1] (0.00ns)   --->   "%Q_tile_V_2_load_cast_cast = sext i8 %Q_tile_V_2_load_cast_read"   --->   Operation 152 'sext' 'Q_tile_V_2_load_cast_cast' <Predicate = true> <Delay = 0.00>
ST_1 : Operation 153 [1/1] (0.00ns)   --->   "%Q_tile_V_1_load_cast_cast = sext i8 %Q_tile_V_1_load_cast_read"   --->   Operation 153 'sext' 'Q_tile_V_1_load_cast_cast' <Predicate = true> <Delay = 0.00>
ST_1 : Operation 154 [1/1] (0.00ns)   --->   "%Q_tile_V_load_cast_cast = sext i8 %Q_tile_V_load_cast_read"   --->   Operation 154 'sext' 'Q_tile_V_load_cast_cast' <Predicate = true> <Delay = 0.00>
ST_1 : Operation 155 [1/1] (1.61ns)   --->   "%store_ln0 = store i8 0, i8 %j_1"   --->   Operation 155 'store' 'store_ln0' <Predicate = true> <Delay = 1.61>
ST_1 : Operation 156 [1/1] (1.61ns)   --->   "%store_ln0 = store i32 -1e+30, i32 %rmax"   --->   Operation 156 'store' 'store_ln0' <Predicate = true> <Delay = 1.61>
ST_1 : Operation 157 [1/1] (0.00ns)   --->   "%br_ln0 = br void %for.inc157"   --->   Operation 157 'br' 'br_ln0' <Predicate = true> <Delay = 0.00>
ST_1 : Operation 158 [1/1] (0.00ns)   --->   "%j = load i8 %j_1" [attention_int8.cpp:155]   --->   Operation 158 'load' 'j' <Predicate = true> <Delay = 0.00>
ST_1 : Operation 159 [1/1] (1.47ns)   --->   "%icmp_ln146 = icmp_eq  i8 %j, i8 128" [attention_int8.cpp:146]   --->   Operation 159 'icmp' 'icmp_ln146' <Predicate = true> <Delay = 1.47> <CoreInst = "Cmp">   --->   Core 9 'Cmp' <Latency = 0> <II = 1> <Delay = 1.47> <FuncUnit> <Opcode : 'icmp'> <InPorts = 2> <OutPorts = 1>
ST_1 : Operation 160 [1/1] (0.00ns)   --->   "%empty = speclooptripcount i32 @_ssdm_op_SpecLoopTripCount, i64 128, i64 128, i64 128"   --->   Operation 160 'speclooptripcount' 'empty' <Predicate = true> <Delay = 0.00>
ST_1 : Operation 161 [1/1] (2.11ns)   --->   "%add_ln146 = add i8 %j, i8 1" [attention_int8.cpp:146]   --->   Operation 161 'add' 'add_ln146' <Predicate = true> <Delay = 2.11> <CoreInst = "Adder">   --->   Core 1 'Adder' <Latency = 0> <II = 1> <Delay = 2.11> <FuncUnit> <Opcode : 'add' 'sub'> <InPorts = 2> <OutPorts = 1>
ST_1 : Operation 162 [1/1] (0.00ns)   --->   "%br_ln146 = br i1 %icmp_ln146, void %for.inc157.split, void %for.inc179.exitStub" [attention_int8.cpp:146]   --->   Operation 162 'br' 'br_ln146' <Predicate = true> <Delay = 0.00>
ST_1 : Operation 163 [1/1] (0.00ns)   --->   "%zext_ln146 = zext i8 %j" [attention_int8.cpp:146]   --->   Operation 163 'zext' 'zext_ln146' <Predicate = (!icmp_ln146)> <Delay = 0.00>
ST_1 : Operation 164 [1/1] (0.00ns)   --->   "%trunc_ln147 = trunc i8 %j" [attention_int8.cpp:147]   --->   Operation 164 'trunc' 'trunc_ln147' <Predicate = (!icmp_ln146)> <Delay = 0.00>
ST_1 : Operation 165 [1/1] (0.00ns)   --->   "%K_tile_V_addr = getelementptr i8 %K_tile_V, i64 0, i64 %zext_ln146"   --->   Operation 165 'getelementptr' 'K_tile_V_addr' <Predicate = (!icmp_ln146)> <Delay = 0.00>
ST_1 : Operation 166 [2/2] (3.25ns)   --->   "%K_tile_V_load = load i7 %K_tile_V_addr"   --->   Operation 166 'load' 'K_tile_V_load' <Predicate = (!icmp_ln146)> <Delay = 3.25> <CoreInst = "RAM">   --->   Core 82 'RAM' <Latency = 1> <II = 1> <Delay = 3.25> <Storage> <Opcode : 'load' 'store'> <Ports = 2> <Width = 8> <Depth = 128> <RAM>
ST_1 : Operation 167 [1/1] (0.00ns)   --->   "%K_tile_V_3_addr = getelementptr i8 %K_tile_V_3, i64 0, i64 %zext_ln146"   --->   Operation 167 'getelementptr' 'K_tile_V_3_addr' <Predicate = (!icmp_ln146)> <Delay = 0.00>
ST_1 : Operation 168 [2/2] (3.25ns)   --->   "%K_tile_V_3_load = load i7 %K_tile_V_3_addr"   --->   Operation 168 'load' 'K_tile_V_3_load' <Predicate = (!icmp_ln146)> <Delay = 3.25> <CoreInst = "RAM">   --->   Core 82 'RAM' <Latency = 1> <II = 1> <Delay = 3.25> <Storage> <Opcode : 'load' 'store'> <Ports = 2> <Width = 8> <Depth = 128> <RAM>
ST_1 : Operation 169 [1/1] (0.00ns)   --->   "%K_tile_V_5_addr = getelementptr i8 %K_tile_V_5, i64 0, i64 %zext_ln146"   --->   Operation 169 'getelementptr' 'K_tile_V_5_addr' <Predicate = (!icmp_ln146)> <Delay = 0.00>
ST_1 : Operation 170 [2/2] (3.25ns)   --->   "%K_tile_V_5_load = load i7 %K_tile_V_5_addr"   --->   Operation 170 'load' 'K_tile_V_5_load' <Predicate = (!icmp_ln146)> <Delay = 3.25> <CoreInst = "RAM">   --->   Core 82 'RAM' <Latency = 1> <II = 1> <Delay = 3.25> <Storage> <Opcode : 'load' 'store'> <Ports = 2> <Width = 8> <Depth = 128> <RAM>
ST_1 : Operation 171 [1/1] (0.00ns)   --->   "%K_tile_V_7_addr = getelementptr i8 %K_tile_V_7, i64 0, i64 %zext_ln146"   --->   Operation 171 'getelementptr' 'K_tile_V_7_addr' <Predicate = (!icmp_ln146)> <Delay = 0.00>
ST_1 : Operation 172 [2/2] (3.25ns)   --->   "%K_tile_V_7_load = load i7 %K_tile_V_7_addr"   --->   Operation 172 'load' 'K_tile_V_7_load' <Predicate = (!icmp_ln146)> <Delay = 3.25> <CoreInst = "RAM">   --->   Core 82 'RAM' <Latency = 1> <II = 1> <Delay = 3.25> <Storage> <Opcode : 'load' 'store'> <Ports = 2> <Width = 8> <Depth = 128> <RAM>
ST_1 : Operation 173 [1/1] (0.00ns)   --->   "%K_tile_V_9_addr = getelementptr i8 %K_tile_V_9, i64 0, i64 %zext_ln146"   --->   Operation 173 'getelementptr' 'K_tile_V_9_addr' <Predicate = (!icmp_ln146)> <Delay = 0.00>
ST_1 : Operation 174 [2/2] (3.25ns)   --->   "%K_tile_V_9_load = load i7 %K_tile_V_9_addr"   --->   Operation 174 'load' 'K_tile_V_9_load' <Predicate = (!icmp_ln146)> <Delay = 3.25> <CoreInst = "RAM">   --->   Core 82 'RAM' <Latency = 1> <II = 1> <Delay = 3.25> <Storage> <Opcode : 'load' 'store'> <Ports = 2> <Width = 8> <Depth = 128> <RAM>
ST_1 : Operation 175 [1/1] (0.00ns)   --->   "%K_tile_V_11_addr = getelementptr i8 %K_tile_V_11, i64 0, i64 %zext_ln146"   --->   Operation 175 'getelementptr' 'K_tile_V_11_addr' <Predicate = (!icmp_ln146)> <Delay = 0.00>
ST_1 : Operation 176 [2/2] (3.25ns)   --->   "%K_tile_V_11_load = load i7 %K_tile_V_11_addr"   --->   Operation 176 'load' 'K_tile_V_11_load' <Predicate = (!icmp_ln146)> <Delay = 3.25> <CoreInst = "RAM">   --->   Core 82 'RAM' <Latency = 1> <II = 1> <Delay = 3.25> <Storage> <Opcode : 'load' 'store'> <Ports = 2> <Width = 8> <Depth = 128> <RAM>
ST_1 : Operation 177 [1/1] (0.00ns)   --->   "%K_tile_V_13_addr = getelementptr i8 %K_tile_V_13, i64 0, i64 %zext_ln146"   --->   Operation 177 'getelementptr' 'K_tile_V_13_addr' <Predicate = (!icmp_ln146)> <Delay = 0.00>
ST_1 : Operation 178 [2/2] (3.25ns)   --->   "%K_tile_V_13_load = load i7 %K_tile_V_13_addr"   --->   Operation 178 'load' 'K_tile_V_13_load' <Predicate = (!icmp_ln146)> <Delay = 3.25> <CoreInst = "RAM">   --->   Core 82 'RAM' <Latency = 1> <II = 1> <Delay = 3.25> <Storage> <Opcode : 'load' 'store'> <Ports = 2> <Width = 8> <Depth = 128> <RAM>
ST_1 : Operation 179 [1/1] (0.00ns)   --->   "%K_tile_V_15_addr = getelementptr i8 %K_tile_V_15, i64 0, i64 %zext_ln146"   --->   Operation 179 'getelementptr' 'K_tile_V_15_addr' <Predicate = (!icmp_ln146)> <Delay = 0.00>
ST_1 : Operation 180 [2/2] (3.25ns)   --->   "%K_tile_V_15_load = load i7 %K_tile_V_15_addr"   --->   Operation 180 'load' 'K_tile_V_15_load' <Predicate = (!icmp_ln146)> <Delay = 3.25> <CoreInst = "RAM">   --->   Core 82 'RAM' <Latency = 1> <II = 1> <Delay = 3.25> <Storage> <Opcode : 'load' 'store'> <Ports = 2> <Width = 8> <Depth = 128> <RAM>
ST_1 : Operation 181 [1/1] (0.00ns)   --->   "%K_tile_V_17_addr = getelementptr i8 %K_tile_V_17, i64 0, i64 %zext_ln146"   --->   Operation 181 'getelementptr' 'K_tile_V_17_addr' <Predicate = (!icmp_ln146)> <Delay = 0.00>
ST_1 : Operation 182 [2/2] (3.25ns)   --->   "%K_tile_V_17_load = load i7 %K_tile_V_17_addr"   --->   Operation 182 'load' 'K_tile_V_17_load' <Predicate = (!icmp_ln146)> <Delay = 3.25> <CoreInst = "RAM">   --->   Core 82 'RAM' <Latency = 1> <II = 1> <Delay = 3.25> <Storage> <Opcode : 'load' 'store'> <Ports = 2> <Width = 8> <Depth = 128> <RAM>
ST_1 : Operation 183 [1/1] (0.00ns)   --->   "%K_tile_V_19_addr = getelementptr i8 %K_tile_V_19, i64 0, i64 %zext_ln146"   --->   Operation 183 'getelementptr' 'K_tile_V_19_addr' <Predicate = (!icmp_ln146)> <Delay = 0.00>
ST_1 : Operation 184 [2/2] (3.25ns)   --->   "%K_tile_V_19_load = load i7 %K_tile_V_19_addr"   --->   Operation 184 'load' 'K_tile_V_19_load' <Predicate = (!icmp_ln146)> <Delay = 3.25> <CoreInst = "RAM">   --->   Core 82 'RAM' <Latency = 1> <II = 1> <Delay = 3.25> <Storage> <Opcode : 'load' 'store'> <Ports = 2> <Width = 8> <Depth = 128> <RAM>
ST_1 : Operation 185 [1/1] (0.00ns)   --->   "%K_tile_V_21_addr = getelementptr i8 %K_tile_V_21, i64 0, i64 %zext_ln146"   --->   Operation 185 'getelementptr' 'K_tile_V_21_addr' <Predicate = (!icmp_ln146)> <Delay = 0.00>
ST_1 : Operation 186 [2/2] (3.25ns)   --->   "%K_tile_V_21_load = load i7 %K_tile_V_21_addr"   --->   Operation 186 'load' 'K_tile_V_21_load' <Predicate = (!icmp_ln146)> <Delay = 3.25> <CoreInst = "RAM">   --->   Core 82 'RAM' <Latency = 1> <II = 1> <Delay = 3.25> <Storage> <Opcode : 'load' 'store'> <Ports = 2> <Width = 8> <Depth = 128> <RAM>
ST_1 : Operation 187 [1/1] (0.00ns)   --->   "%K_tile_V_23_addr = getelementptr i8 %K_tile_V_23, i64 0, i64 %zext_ln146"   --->   Operation 187 'getelementptr' 'K_tile_V_23_addr' <Predicate = (!icmp_ln146)> <Delay = 0.00>
ST_1 : Operation 188 [2/2] (3.25ns)   --->   "%K_tile_V_23_load = load i7 %K_tile_V_23_addr"   --->   Operation 188 'load' 'K_tile_V_23_load' <Predicate = (!icmp_ln146)> <Delay = 3.25> <CoreInst = "RAM">   --->   Core 82 'RAM' <Latency = 1> <II = 1> <Delay = 3.25> <Storage> <Opcode : 'load' 'store'> <Ports = 2> <Width = 8> <Depth = 128> <RAM>
ST_1 : Operation 189 [1/1] (0.00ns)   --->   "%K_tile_V_25_addr = getelementptr i8 %K_tile_V_25, i64 0, i64 %zext_ln146"   --->   Operation 189 'getelementptr' 'K_tile_V_25_addr' <Predicate = (!icmp_ln146)> <Delay = 0.00>
ST_1 : Operation 190 [2/2] (3.25ns)   --->   "%K_tile_V_25_load = load i7 %K_tile_V_25_addr"   --->   Operation 190 'load' 'K_tile_V_25_load' <Predicate = (!icmp_ln146)> <Delay = 3.25> <CoreInst = "RAM">   --->   Core 82 'RAM' <Latency = 1> <II = 1> <Delay = 3.25> <Storage> <Opcode : 'load' 'store'> <Ports = 2> <Width = 8> <Depth = 128> <RAM>
ST_1 : Operation 191 [1/1] (0.00ns)   --->   "%K_tile_V_27_addr = getelementptr i8 %K_tile_V_27, i64 0, i64 %zext_ln146"   --->   Operation 191 'getelementptr' 'K_tile_V_27_addr' <Predicate = (!icmp_ln146)> <Delay = 0.00>
ST_1 : Operation 192 [2/2] (3.25ns)   --->   "%K_tile_V_27_load = load i7 %K_tile_V_27_addr"   --->   Operation 192 'load' 'K_tile_V_27_load' <Predicate = (!icmp_ln146)> <Delay = 3.25> <CoreInst = "RAM">   --->   Core 82 'RAM' <Latency = 1> <II = 1> <Delay = 3.25> <Storage> <Opcode : 'load' 'store'> <Ports = 2> <Width = 8> <Depth = 128> <RAM>
ST_1 : Operation 193 [1/1] (0.00ns)   --->   "%K_tile_V_29_addr = getelementptr i8 %K_tile_V_29, i64 0, i64 %zext_ln146"   --->   Operation 193 'getelementptr' 'K_tile_V_29_addr' <Predicate = (!icmp_ln146)> <Delay = 0.00>
ST_1 : Operation 194 [2/2] (3.25ns)   --->   "%K_tile_V_29_load = load i7 %K_tile_V_29_addr"   --->   Operation 194 'load' 'K_tile_V_29_load' <Predicate = (!icmp_ln146)> <Delay = 3.25> <CoreInst = "RAM">   --->   Core 82 'RAM' <Latency = 1> <II = 1> <Delay = 3.25> <Storage> <Opcode : 'load' 'store'> <Ports = 2> <Width = 8> <Depth = 128> <RAM>
ST_1 : Operation 195 [1/1] (0.00ns)   --->   "%K_tile_V_31_addr = getelementptr i8 %K_tile_V_31, i64 0, i64 %zext_ln146"   --->   Operation 195 'getelementptr' 'K_tile_V_31_addr' <Predicate = (!icmp_ln146)> <Delay = 0.00>
ST_1 : Operation 196 [2/2] (3.25ns)   --->   "%K_tile_V_31_load = load i7 %K_tile_V_31_addr"   --->   Operation 196 'load' 'K_tile_V_31_load' <Predicate = (!icmp_ln146)> <Delay = 3.25> <CoreInst = "RAM">   --->   Core 82 'RAM' <Latency = 1> <II = 1> <Delay = 3.25> <Storage> <Opcode : 'load' 'store'> <Ports = 2> <Width = 8> <Depth = 128> <RAM>
ST_1 : Operation 197 [1/1] (0.00ns)   --->   "%K_tile_V_33_addr = getelementptr i8 %K_tile_V_33, i64 0, i64 %zext_ln146"   --->   Operation 197 'getelementptr' 'K_tile_V_33_addr' <Predicate = (!icmp_ln146)> <Delay = 0.00>
ST_1 : Operation 198 [2/2] (3.25ns)   --->   "%K_tile_V_33_load = load i7 %K_tile_V_33_addr"   --->   Operation 198 'load' 'K_tile_V_33_load' <Predicate = (!icmp_ln146)> <Delay = 3.25> <CoreInst = "RAM">   --->   Core 82 'RAM' <Latency = 1> <II = 1> <Delay = 3.25> <Storage> <Opcode : 'load' 'store'> <Ports = 2> <Width = 8> <Depth = 128> <RAM>
ST_1 : Operation 199 [1/1] (0.00ns)   --->   "%K_tile_V_35_addr = getelementptr i8 %K_tile_V_35, i64 0, i64 %zext_ln146"   --->   Operation 199 'getelementptr' 'K_tile_V_35_addr' <Predicate = (!icmp_ln146)> <Delay = 0.00>
ST_1 : Operation 200 [2/2] (3.25ns)   --->   "%K_tile_V_35_load = load i7 %K_tile_V_35_addr"   --->   Operation 200 'load' 'K_tile_V_35_load' <Predicate = (!icmp_ln146)> <Delay = 3.25> <CoreInst = "RAM">   --->   Core 82 'RAM' <Latency = 1> <II = 1> <Delay = 3.25> <Storage> <Opcode : 'load' 'store'> <Ports = 2> <Width = 8> <Depth = 128> <RAM>
ST_1 : Operation 201 [1/1] (0.00ns)   --->   "%K_tile_V_37_addr = getelementptr i8 %K_tile_V_37, i64 0, i64 %zext_ln146"   --->   Operation 201 'getelementptr' 'K_tile_V_37_addr' <Predicate = (!icmp_ln146)> <Delay = 0.00>
ST_1 : Operation 202 [2/2] (3.25ns)   --->   "%K_tile_V_37_load = load i7 %K_tile_V_37_addr"   --->   Operation 202 'load' 'K_tile_V_37_load' <Predicate = (!icmp_ln146)> <Delay = 3.25> <CoreInst = "RAM">   --->   Core 82 'RAM' <Latency = 1> <II = 1> <Delay = 3.25> <Storage> <Opcode : 'load' 'store'> <Ports = 2> <Width = 8> <Depth = 128> <RAM>
ST_1 : Operation 203 [1/1] (0.00ns)   --->   "%K_tile_V_39_addr = getelementptr i8 %K_tile_V_39, i64 0, i64 %zext_ln146"   --->   Operation 203 'getelementptr' 'K_tile_V_39_addr' <Predicate = (!icmp_ln146)> <Delay = 0.00>
ST_1 : Operation 204 [2/2] (3.25ns)   --->   "%K_tile_V_39_load = load i7 %K_tile_V_39_addr"   --->   Operation 204 'load' 'K_tile_V_39_load' <Predicate = (!icmp_ln146)> <Delay = 3.25> <CoreInst = "RAM">   --->   Core 82 'RAM' <Latency = 1> <II = 1> <Delay = 3.25> <Storage> <Opcode : 'load' 'store'> <Ports = 2> <Width = 8> <Depth = 128> <RAM>
ST_1 : Operation 205 [1/1] (0.00ns)   --->   "%K_tile_V_41_addr = getelementptr i8 %K_tile_V_41, i64 0, i64 %zext_ln146"   --->   Operation 205 'getelementptr' 'K_tile_V_41_addr' <Predicate = (!icmp_ln146)> <Delay = 0.00>
ST_1 : Operation 206 [2/2] (3.25ns)   --->   "%K_tile_V_41_load = load i7 %K_tile_V_41_addr"   --->   Operation 206 'load' 'K_tile_V_41_load' <Predicate = (!icmp_ln146)> <Delay = 3.25> <CoreInst = "RAM">   --->   Core 82 'RAM' <Latency = 1> <II = 1> <Delay = 3.25> <Storage> <Opcode : 'load' 'store'> <Ports = 2> <Width = 8> <Depth = 128> <RAM>
ST_1 : Operation 207 [1/1] (0.00ns)   --->   "%K_tile_V_43_addr = getelementptr i8 %K_tile_V_43, i64 0, i64 %zext_ln146"   --->   Operation 207 'getelementptr' 'K_tile_V_43_addr' <Predicate = (!icmp_ln146)> <Delay = 0.00>
ST_1 : Operation 208 [2/2] (3.25ns)   --->   "%K_tile_V_43_load = load i7 %K_tile_V_43_addr"   --->   Operation 208 'load' 'K_tile_V_43_load' <Predicate = (!icmp_ln146)> <Delay = 3.25> <CoreInst = "RAM">   --->   Core 82 'RAM' <Latency = 1> <II = 1> <Delay = 3.25> <Storage> <Opcode : 'load' 'store'> <Ports = 2> <Width = 8> <Depth = 128> <RAM>
ST_1 : Operation 209 [1/1] (0.00ns)   --->   "%K_tile_V_45_addr = getelementptr i8 %K_tile_V_45, i64 0, i64 %zext_ln146"   --->   Operation 209 'getelementptr' 'K_tile_V_45_addr' <Predicate = (!icmp_ln146)> <Delay = 0.00>
ST_1 : Operation 210 [2/2] (3.25ns)   --->   "%K_tile_V_45_load = load i7 %K_tile_V_45_addr"   --->   Operation 210 'load' 'K_tile_V_45_load' <Predicate = (!icmp_ln146)> <Delay = 3.25> <CoreInst = "RAM">   --->   Core 82 'RAM' <Latency = 1> <II = 1> <Delay = 3.25> <Storage> <Opcode : 'load' 'store'> <Ports = 2> <Width = 8> <Depth = 128> <RAM>
ST_1 : Operation 211 [1/1] (0.00ns)   --->   "%K_tile_V_47_addr = getelementptr i8 %K_tile_V_47, i64 0, i64 %zext_ln146"   --->   Operation 211 'getelementptr' 'K_tile_V_47_addr' <Predicate = (!icmp_ln146)> <Delay = 0.00>
ST_1 : Operation 212 [2/2] (3.25ns)   --->   "%K_tile_V_47_load = load i7 %K_tile_V_47_addr"   --->   Operation 212 'load' 'K_tile_V_47_load' <Predicate = (!icmp_ln146)> <Delay = 3.25> <CoreInst = "RAM">   --->   Core 82 'RAM' <Latency = 1> <II = 1> <Delay = 3.25> <Storage> <Opcode : 'load' 'store'> <Ports = 2> <Width = 8> <Depth = 128> <RAM>
ST_1 : Operation 213 [1/1] (0.00ns)   --->   "%K_tile_V_49_addr = getelementptr i8 %K_tile_V_49, i64 0, i64 %zext_ln146"   --->   Operation 213 'getelementptr' 'K_tile_V_49_addr' <Predicate = (!icmp_ln146)> <Delay = 0.00>
ST_1 : Operation 214 [2/2] (3.25ns)   --->   "%K_tile_V_49_load = load i7 %K_tile_V_49_addr"   --->   Operation 214 'load' 'K_tile_V_49_load' <Predicate = (!icmp_ln146)> <Delay = 3.25> <CoreInst = "RAM">   --->   Core 82 'RAM' <Latency = 1> <II = 1> <Delay = 3.25> <Storage> <Opcode : 'load' 'store'> <Ports = 2> <Width = 8> <Depth = 128> <RAM>
ST_1 : Operation 215 [1/1] (0.00ns)   --->   "%K_tile_V_51_addr = getelementptr i8 %K_tile_V_51, i64 0, i64 %zext_ln146"   --->   Operation 215 'getelementptr' 'K_tile_V_51_addr' <Predicate = (!icmp_ln146)> <Delay = 0.00>
ST_1 : Operation 216 [2/2] (3.25ns)   --->   "%K_tile_V_51_load = load i7 %K_tile_V_51_addr"   --->   Operation 216 'load' 'K_tile_V_51_load' <Predicate = (!icmp_ln146)> <Delay = 3.25> <CoreInst = "RAM">   --->   Core 82 'RAM' <Latency = 1> <II = 1> <Delay = 3.25> <Storage> <Opcode : 'load' 'store'> <Ports = 2> <Width = 8> <Depth = 128> <RAM>
ST_1 : Operation 217 [1/1] (0.00ns)   --->   "%K_tile_V_53_addr = getelementptr i8 %K_tile_V_53, i64 0, i64 %zext_ln146"   --->   Operation 217 'getelementptr' 'K_tile_V_53_addr' <Predicate = (!icmp_ln146)> <Delay = 0.00>
ST_1 : Operation 218 [2/2] (3.25ns)   --->   "%K_tile_V_53_load = load i7 %K_tile_V_53_addr"   --->   Operation 218 'load' 'K_tile_V_53_load' <Predicate = (!icmp_ln146)> <Delay = 3.25> <CoreInst = "RAM">   --->   Core 82 'RAM' <Latency = 1> <II = 1> <Delay = 3.25> <Storage> <Opcode : 'load' 'store'> <Ports = 2> <Width = 8> <Depth = 128> <RAM>
ST_1 : Operation 219 [1/1] (0.00ns)   --->   "%K_tile_V_55_addr = getelementptr i8 %K_tile_V_55, i64 0, i64 %zext_ln146"   --->   Operation 219 'getelementptr' 'K_tile_V_55_addr' <Predicate = (!icmp_ln146)> <Delay = 0.00>
ST_1 : Operation 220 [2/2] (3.25ns)   --->   "%K_tile_V_55_load = load i7 %K_tile_V_55_addr"   --->   Operation 220 'load' 'K_tile_V_55_load' <Predicate = (!icmp_ln146)> <Delay = 3.25> <CoreInst = "RAM">   --->   Core 82 'RAM' <Latency = 1> <II = 1> <Delay = 3.25> <Storage> <Opcode : 'load' 'store'> <Ports = 2> <Width = 8> <Depth = 128> <RAM>
ST_1 : Operation 221 [1/1] (0.00ns)   --->   "%K_tile_V_57_addr = getelementptr i8 %K_tile_V_57, i64 0, i64 %zext_ln146"   --->   Operation 221 'getelementptr' 'K_tile_V_57_addr' <Predicate = (!icmp_ln146)> <Delay = 0.00>
ST_1 : Operation 222 [2/2] (3.25ns)   --->   "%K_tile_V_57_load = load i7 %K_tile_V_57_addr"   --->   Operation 222 'load' 'K_tile_V_57_load' <Predicate = (!icmp_ln146)> <Delay = 3.25> <CoreInst = "RAM">   --->   Core 82 'RAM' <Latency = 1> <II = 1> <Delay = 3.25> <Storage> <Opcode : 'load' 'store'> <Ports = 2> <Width = 8> <Depth = 128> <RAM>
ST_1 : Operation 223 [1/1] (0.00ns)   --->   "%K_tile_V_59_addr = getelementptr i8 %K_tile_V_59, i64 0, i64 %zext_ln146"   --->   Operation 223 'getelementptr' 'K_tile_V_59_addr' <Predicate = (!icmp_ln146)> <Delay = 0.00>
ST_1 : Operation 224 [2/2] (3.25ns)   --->   "%K_tile_V_59_load = load i7 %K_tile_V_59_addr"   --->   Operation 224 'load' 'K_tile_V_59_load' <Predicate = (!icmp_ln146)> <Delay = 3.25> <CoreInst = "RAM">   --->   Core 82 'RAM' <Latency = 1> <II = 1> <Delay = 3.25> <Storage> <Opcode : 'load' 'store'> <Ports = 2> <Width = 8> <Depth = 128> <RAM>
ST_1 : Operation 225 [1/1] (0.00ns)   --->   "%K_tile_V_61_addr = getelementptr i8 %K_tile_V_61, i64 0, i64 %zext_ln146"   --->   Operation 225 'getelementptr' 'K_tile_V_61_addr' <Predicate = (!icmp_ln146)> <Delay = 0.00>
ST_1 : Operation 226 [2/2] (3.25ns)   --->   "%K_tile_V_61_load = load i7 %K_tile_V_61_addr"   --->   Operation 226 'load' 'K_tile_V_61_load' <Predicate = (!icmp_ln146)> <Delay = 3.25> <CoreInst = "RAM">   --->   Core 82 'RAM' <Latency = 1> <II = 1> <Delay = 3.25> <Storage> <Opcode : 'load' 'store'> <Ports = 2> <Width = 8> <Depth = 128> <RAM>
ST_1 : Operation 227 [1/1] (0.00ns)   --->   "%K_tile_V_63_addr = getelementptr i8 %K_tile_V_63, i64 0, i64 %zext_ln146"   --->   Operation 227 'getelementptr' 'K_tile_V_63_addr' <Predicate = (!icmp_ln146)> <Delay = 0.00>
ST_1 : Operation 228 [2/2] (3.25ns)   --->   "%K_tile_V_63_load = load i7 %K_tile_V_63_addr"   --->   Operation 228 'load' 'K_tile_V_63_load' <Predicate = (!icmp_ln146)> <Delay = 3.25> <CoreInst = "RAM">   --->   Core 82 'RAM' <Latency = 1> <II = 1> <Delay = 3.25> <Storage> <Opcode : 'load' 'store'> <Ports = 2> <Width = 8> <Depth = 128> <RAM>
ST_1 : Operation 229 [1/1] (1.46ns)   --->   "%icmp_ln154 = icmp_ugt  i7 %trunc_ln147, i7 %p_cast_read" [attention_int8.cpp:154]   --->   Operation 229 'icmp' 'icmp_ln154' <Predicate = (!icmp_ln146)> <Delay = 1.46> <CoreInst = "Cmp">   --->   Core 9 'Cmp' <Latency = 0> <II = 1> <Delay = 1.46> <FuncUnit> <Opcode : 'icmp'> <InPorts = 2> <OutPorts = 1>
ST_1 : Operation 230 [1/1] (0.00ns)   --->   "%lshr_ln1 = partselect i4 @_ssdm_op_PartSelect.i4.i8.i32.i32, i8 %j, i32 3, i32 6" [attention_int8.cpp:155]   --->   Operation 230 'partselect' 'lshr_ln1' <Predicate = (!icmp_ln146)> <Delay = 0.00>
ST_1 : Operation 231 [1/1] (0.00ns)   --->   "%trunc_ln155 = trunc i8 %j" [attention_int8.cpp:155]   --->   Operation 231 'trunc' 'trunc_ln155' <Predicate = (!icmp_ln146)> <Delay = 0.00>
ST_1 : Operation 232 [1/1] (0.93ns)   --->   "%switch_ln155 = switch i3 %trunc_ln155, void %arrayidx1707.case.7, i3 0, void %arrayidx1707.case.0, i3 1, void %arrayidx1707.case.1, i3 2, void %arrayidx1707.case.2, i3 3, void %arrayidx1707.case.3, i3 4, void %arrayidx1707.case.4, i3 5, void %arrayidx1707.case.5, i3 6, void %arrayidx1707.case.6" [attention_int8.cpp:155]   --->   Operation 232 'switch' 'switch_ln155' <Predicate = (!icmp_ln146)> <Delay = 0.93>
ST_1 : Operation 233 [1/1] (1.61ns)   --->   "%store_ln146 = store i8 %add_ln146, i8 %j_1" [attention_int8.cpp:146]   --->   Operation 233 'store' 'store_ln146' <Predicate = (!icmp_ln146)> <Delay = 1.61>

State 2 <SV = 1> <Delay = 4.70>
ST_2 : Operation 234 [1/2] (3.25ns)   --->   "%K_tile_V_load = load i7 %K_tile_V_addr"   --->   Operation 234 'load' 'K_tile_V_load' <Predicate = true> <Delay = 3.25> <CoreInst = "RAM">   --->   Core 82 'RAM' <Latency = 1> <II = 1> <Delay = 3.25> <Storage> <Opcode : 'load' 'store'> <Ports = 2> <Width = 8> <Depth = 128> <RAM>
ST_2 : Operation 235 [1/1] (0.00ns)   --->   "%sext_ln886 = sext i8 %K_tile_V_load"   --->   Operation 235 'sext' 'sext_ln886' <Predicate = (!icmp_ln154)> <Delay = 0.00>
ST_2 : Operation 236 [3/3] (1.45ns) (grouped into DSP with root node add_ln886)   --->   "%acc_V = mul i16 %sext_ln886, i16 %Q_tile_V_load_cast_cast"   --->   Operation 236 'mul' 'acc_V' <Predicate = (!icmp_ln154)> <Delay = 1.45> <CoreInst = "DSP48">   --->   Core 119 'DSP48' <Latency = 3> <II = 1> <Delay = 2.15> <IPBlock> <Opcode : 'mul' 'add' 'sub' 'select'> <InPorts = 0> <OutPorts = 1> <Sync> <CReg>
ST_2 : Operation 237 [1/1] (0.00ns)   --->   "%K_tile_V_1_addr = getelementptr i8 %K_tile_V_1, i64 0, i64 %zext_ln146"   --->   Operation 237 'getelementptr' 'K_tile_V_1_addr' <Predicate = (!icmp_ln154)> <Delay = 0.00>
ST_2 : Operation 238 [2/2] (3.25ns)   --->   "%K_tile_V_1_load = load i7 %K_tile_V_1_addr"   --->   Operation 238 'load' 'K_tile_V_1_load' <Predicate = (!icmp_ln154)> <Delay = 3.25> <CoreInst = "RAM">   --->   Core 82 'RAM' <Latency = 1> <II = 1> <Delay = 3.25> <Storage> <Opcode : 'load' 'store'> <Ports = 2> <Width = 8> <Depth = 128> <RAM>
ST_2 : Operation 239 [1/1] (0.00ns)   --->   "%K_tile_V_2_addr = getelementptr i8 %K_tile_V_2, i64 0, i64 %zext_ln146"   --->   Operation 239 'getelementptr' 'K_tile_V_2_addr' <Predicate = (!icmp_ln154)> <Delay = 0.00>
ST_2 : Operation 240 [2/2] (3.25ns)   --->   "%K_tile_V_2_load = load i7 %K_tile_V_2_addr"   --->   Operation 240 'load' 'K_tile_V_2_load' <Predicate = (!icmp_ln154)> <Delay = 3.25> <CoreInst = "RAM">   --->   Core 82 'RAM' <Latency = 1> <II = 1> <Delay = 3.25> <Storage> <Opcode : 'load' 'store'> <Ports = 2> <Width = 8> <Depth = 128> <RAM>
ST_2 : Operation 241 [1/2] (3.25ns)   --->   "%K_tile_V_3_load = load i7 %K_tile_V_3_addr"   --->   Operation 241 'load' 'K_tile_V_3_load' <Predicate = true> <Delay = 3.25> <CoreInst = "RAM">   --->   Core 82 'RAM' <Latency = 1> <II = 1> <Delay = 3.25> <Storage> <Opcode : 'load' 'store'> <Ports = 2> <Width = 8> <Depth = 128> <RAM>
ST_2 : Operation 242 [1/1] (0.00ns)   --->   "%sext_ln886_3 = sext i8 %K_tile_V_3_load"   --->   Operation 242 'sext' 'sext_ln886_3' <Predicate = (!icmp_ln154)> <Delay = 0.00>
ST_2 : Operation 243 [3/3] (1.45ns) (grouped into DSP with root node add_ln886_1)   --->   "%mul_ln886_2 = mul i16 %sext_ln886_3, i16 %Q_tile_V_3_load_cast_cast"   --->   Operation 243 'mul' 'mul_ln886_2' <Predicate = (!icmp_ln154)> <Delay = 1.45> <CoreInst = "DSP48">   --->   Core 119 'DSP48' <Latency = 3> <II = 1> <Delay = 2.15> <IPBlock> <Opcode : 'mul' 'add' 'sub' 'select'> <InPorts = 0> <OutPorts = 1> <Sync> <CReg>
ST_2 : Operation 244 [1/1] (0.00ns)   --->   "%K_tile_V_4_addr = getelementptr i8 %K_tile_V_4, i64 0, i64 %zext_ln146"   --->   Operation 244 'getelementptr' 'K_tile_V_4_addr' <Predicate = (!icmp_ln154)> <Delay = 0.00>
ST_2 : Operation 245 [2/2] (3.25ns)   --->   "%K_tile_V_4_load = load i7 %K_tile_V_4_addr"   --->   Operation 245 'load' 'K_tile_V_4_load' <Predicate = (!icmp_ln154)> <Delay = 3.25> <CoreInst = "RAM">   --->   Core 82 'RAM' <Latency = 1> <II = 1> <Delay = 3.25> <Storage> <Opcode : 'load' 'store'> <Ports = 2> <Width = 8> <Depth = 128> <RAM>
ST_2 : Operation 246 [1/2] (3.25ns)   --->   "%K_tile_V_5_load = load i7 %K_tile_V_5_addr"   --->   Operation 246 'load' 'K_tile_V_5_load' <Predicate = true> <Delay = 3.25> <CoreInst = "RAM">   --->   Core 82 'RAM' <Latency = 1> <II = 1> <Delay = 3.25> <Storage> <Opcode : 'load' 'store'> <Ports = 2> <Width = 8> <Depth = 128> <RAM>
ST_2 : Operation 247 [1/1] (0.00ns)   --->   "%sext_ln886_5 = sext i8 %K_tile_V_5_load"   --->   Operation 247 'sext' 'sext_ln886_5' <Predicate = (!icmp_ln154)> <Delay = 0.00>
ST_2 : Operation 248 [3/3] (1.45ns) (grouped into DSP with root node add_ln886_3)   --->   "%mul_ln886_4 = mul i16 %sext_ln886_5, i16 %Q_tile_V_5_load_cast_cast"   --->   Operation 248 'mul' 'mul_ln886_4' <Predicate = (!icmp_ln154)> <Delay = 1.45> <CoreInst = "DSP48">   --->   Core 119 'DSP48' <Latency = 3> <II = 1> <Delay = 2.15> <IPBlock> <Opcode : 'mul' 'add' 'sub' 'select'> <InPorts = 0> <OutPorts = 1> <Sync> <CReg>
ST_2 : Operation 249 [1/1] (0.00ns)   --->   "%K_tile_V_6_addr = getelementptr i8 %K_tile_V_6, i64 0, i64 %zext_ln146"   --->   Operation 249 'getelementptr' 'K_tile_V_6_addr' <Predicate = (!icmp_ln154)> <Delay = 0.00>
ST_2 : Operation 250 [2/2] (3.25ns)   --->   "%K_tile_V_6_load = load i7 %K_tile_V_6_addr"   --->   Operation 250 'load' 'K_tile_V_6_load' <Predicate = (!icmp_ln154)> <Delay = 3.25> <CoreInst = "RAM">   --->   Core 82 'RAM' <Latency = 1> <II = 1> <Delay = 3.25> <Storage> <Opcode : 'load' 'store'> <Ports = 2> <Width = 8> <Depth = 128> <RAM>
ST_2 : Operation 251 [1/2] (3.25ns)   --->   "%K_tile_V_7_load = load i7 %K_tile_V_7_addr"   --->   Operation 251 'load' 'K_tile_V_7_load' <Predicate = true> <Delay = 3.25> <CoreInst = "RAM">   --->   Core 82 'RAM' <Latency = 1> <II = 1> <Delay = 3.25> <Storage> <Opcode : 'load' 'store'> <Ports = 2> <Width = 8> <Depth = 128> <RAM>
ST_2 : Operation 252 [1/1] (0.00ns)   --->   "%sext_ln886_7 = sext i8 %K_tile_V_7_load"   --->   Operation 252 'sext' 'sext_ln886_7' <Predicate = (!icmp_ln154)> <Delay = 0.00>
ST_2 : Operation 253 [3/3] (1.45ns) (grouped into DSP with root node add_ln886_4)   --->   "%mul_ln886_6 = mul i16 %sext_ln886_7, i16 %Q_tile_V_7_load_cast_cast"   --->   Operation 253 'mul' 'mul_ln886_6' <Predicate = (!icmp_ln154)> <Delay = 1.45> <CoreInst = "DSP48">   --->   Core 119 'DSP48' <Latency = 3> <II = 1> <Delay = 2.15> <IPBlock> <Opcode : 'mul' 'add' 'sub' 'select'> <InPorts = 0> <OutPorts = 1> <Sync> <CReg>
ST_2 : Operation 254 [1/1] (0.00ns)   --->   "%K_tile_V_8_addr = getelementptr i8 %K_tile_V_8, i64 0, i64 %zext_ln146"   --->   Operation 254 'getelementptr' 'K_tile_V_8_addr' <Predicate = (!icmp_ln154)> <Delay = 0.00>
ST_2 : Operation 255 [2/2] (3.25ns)   --->   "%K_tile_V_8_load = load i7 %K_tile_V_8_addr"   --->   Operation 255 'load' 'K_tile_V_8_load' <Predicate = (!icmp_ln154)> <Delay = 3.25> <CoreInst = "RAM">   --->   Core 82 'RAM' <Latency = 1> <II = 1> <Delay = 3.25> <Storage> <Opcode : 'load' 'store'> <Ports = 2> <Width = 8> <Depth = 128> <RAM>
ST_2 : Operation 256 [1/2] (3.25ns)   --->   "%K_tile_V_9_load = load i7 %K_tile_V_9_addr"   --->   Operation 256 'load' 'K_tile_V_9_load' <Predicate = true> <Delay = 3.25> <CoreInst = "RAM">   --->   Core 82 'RAM' <Latency = 1> <II = 1> <Delay = 3.25> <Storage> <Opcode : 'load' 'store'> <Ports = 2> <Width = 8> <Depth = 128> <RAM>
ST_2 : Operation 257 [1/1] (0.00ns)   --->   "%sext_ln886_9 = sext i8 %K_tile_V_9_load"   --->   Operation 257 'sext' 'sext_ln886_9' <Predicate = (!icmp_ln154)> <Delay = 0.00>
ST_2 : Operation 258 [3/3] (1.45ns) (grouped into DSP with root node add_ln886_7)   --->   "%mul_ln886_8 = mul i16 %sext_ln886_9, i16 %Q_tile_V_9_load_cast_cast"   --->   Operation 258 'mul' 'mul_ln886_8' <Predicate = (!icmp_ln154)> <Delay = 1.45> <CoreInst = "DSP48">   --->   Core 119 'DSP48' <Latency = 3> <II = 1> <Delay = 2.15> <IPBlock> <Opcode : 'mul' 'add' 'sub' 'select'> <InPorts = 0> <OutPorts = 1> <Sync> <CReg>
ST_2 : Operation 259 [1/1] (0.00ns)   --->   "%K_tile_V_10_addr = getelementptr i8 %K_tile_V_10, i64 0, i64 %zext_ln146"   --->   Operation 259 'getelementptr' 'K_tile_V_10_addr' <Predicate = (!icmp_ln154)> <Delay = 0.00>
ST_2 : Operation 260 [2/2] (3.25ns)   --->   "%K_tile_V_10_load = load i7 %K_tile_V_10_addr"   --->   Operation 260 'load' 'K_tile_V_10_load' <Predicate = (!icmp_ln154)> <Delay = 3.25> <CoreInst = "RAM">   --->   Core 82 'RAM' <Latency = 1> <II = 1> <Delay = 3.25> <Storage> <Opcode : 'load' 'store'> <Ports = 2> <Width = 8> <Depth = 128> <RAM>
ST_2 : Operation 261 [1/2] (3.25ns)   --->   "%K_tile_V_11_load = load i7 %K_tile_V_11_addr"   --->   Operation 261 'load' 'K_tile_V_11_load' <Predicate = true> <Delay = 3.25> <CoreInst = "RAM">   --->   Core 82 'RAM' <Latency = 1> <II = 1> <Delay = 3.25> <Storage> <Opcode : 'load' 'store'> <Ports = 2> <Width = 8> <Depth = 128> <RAM>
ST_2 : Operation 262 [1/1] (0.00ns)   --->   "%sext_ln886_11 = sext i8 %K_tile_V_11_load"   --->   Operation 262 'sext' 'sext_ln886_11' <Predicate = (!icmp_ln154)> <Delay = 0.00>
ST_2 : Operation 263 [3/3] (1.45ns) (grouped into DSP with root node add_ln886_8)   --->   "%mul_ln886_10 = mul i16 %sext_ln886_11, i16 %Q_tile_V_11_load_cast_cast"   --->   Operation 263 'mul' 'mul_ln886_10' <Predicate = (!icmp_ln154)> <Delay = 1.45> <CoreInst = "DSP48">   --->   Core 119 'DSP48' <Latency = 3> <II = 1> <Delay = 2.15> <IPBlock> <Opcode : 'mul' 'add' 'sub' 'select'> <InPorts = 0> <OutPorts = 1> <Sync> <CReg>
ST_2 : Operation 264 [1/1] (0.00ns)   --->   "%K_tile_V_12_addr = getelementptr i8 %K_tile_V_12, i64 0, i64 %zext_ln146"   --->   Operation 264 'getelementptr' 'K_tile_V_12_addr' <Predicate = (!icmp_ln154)> <Delay = 0.00>
ST_2 : Operation 265 [2/2] (3.25ns)   --->   "%K_tile_V_12_load = load i7 %K_tile_V_12_addr"   --->   Operation 265 'load' 'K_tile_V_12_load' <Predicate = (!icmp_ln154)> <Delay = 3.25> <CoreInst = "RAM">   --->   Core 82 'RAM' <Latency = 1> <II = 1> <Delay = 3.25> <Storage> <Opcode : 'load' 'store'> <Ports = 2> <Width = 8> <Depth = 128> <RAM>
ST_2 : Operation 266 [1/2] (3.25ns)   --->   "%K_tile_V_13_load = load i7 %K_tile_V_13_addr"   --->   Operation 266 'load' 'K_tile_V_13_load' <Predicate = true> <Delay = 3.25> <CoreInst = "RAM">   --->   Core 82 'RAM' <Latency = 1> <II = 1> <Delay = 3.25> <Storage> <Opcode : 'load' 'store'> <Ports = 2> <Width = 8> <Depth = 128> <RAM>
ST_2 : Operation 267 [1/1] (0.00ns)   --->   "%sext_ln886_13 = sext i8 %K_tile_V_13_load"   --->   Operation 267 'sext' 'sext_ln886_13' <Predicate = (!icmp_ln154)> <Delay = 0.00>
ST_2 : Operation 268 [3/3] (1.45ns) (grouped into DSP with root node add_ln886_10)   --->   "%mul_ln886_12 = mul i16 %sext_ln886_13, i16 %Q_tile_V_13_load_cast_cast"   --->   Operation 268 'mul' 'mul_ln886_12' <Predicate = (!icmp_ln154)> <Delay = 1.45> <CoreInst = "DSP48">   --->   Core 119 'DSP48' <Latency = 3> <II = 1> <Delay = 2.15> <IPBlock> <Opcode : 'mul' 'add' 'sub' 'select'> <InPorts = 0> <OutPorts = 1> <Sync> <CReg>
ST_2 : Operation 269 [1/1] (0.00ns)   --->   "%K_tile_V_14_addr = getelementptr i8 %K_tile_V_14, i64 0, i64 %zext_ln146"   --->   Operation 269 'getelementptr' 'K_tile_V_14_addr' <Predicate = (!icmp_ln154)> <Delay = 0.00>
ST_2 : Operation 270 [2/2] (3.25ns)   --->   "%K_tile_V_14_load = load i7 %K_tile_V_14_addr"   --->   Operation 270 'load' 'K_tile_V_14_load' <Predicate = (!icmp_ln154)> <Delay = 3.25> <CoreInst = "RAM">   --->   Core 82 'RAM' <Latency = 1> <II = 1> <Delay = 3.25> <Storage> <Opcode : 'load' 'store'> <Ports = 2> <Width = 8> <Depth = 128> <RAM>
ST_2 : Operation 271 [1/2] (3.25ns)   --->   "%K_tile_V_15_load = load i7 %K_tile_V_15_addr"   --->   Operation 271 'load' 'K_tile_V_15_load' <Predicate = true> <Delay = 3.25> <CoreInst = "RAM">   --->   Core 82 'RAM' <Latency = 1> <II = 1> <Delay = 3.25> <Storage> <Opcode : 'load' 'store'> <Ports = 2> <Width = 8> <Depth = 128> <RAM>
ST_2 : Operation 272 [1/1] (0.00ns)   --->   "%sext_ln886_15 = sext i8 %K_tile_V_15_load"   --->   Operation 272 'sext' 'sext_ln886_15' <Predicate = (!icmp_ln154)> <Delay = 0.00>
ST_2 : Operation 273 [3/3] (1.45ns) (grouped into DSP with root node add_ln886_11)   --->   "%mul_ln886_14 = mul i16 %sext_ln886_15, i16 %Q_tile_V_15_load_cast_cast"   --->   Operation 273 'mul' 'mul_ln886_14' <Predicate = (!icmp_ln154)> <Delay = 1.45> <CoreInst = "DSP48">   --->   Core 119 'DSP48' <Latency = 3> <II = 1> <Delay = 2.15> <IPBlock> <Opcode : 'mul' 'add' 'sub' 'select'> <InPorts = 0> <OutPorts = 1> <Sync> <CReg>
ST_2 : Operation 274 [1/1] (0.00ns)   --->   "%K_tile_V_16_addr = getelementptr i8 %K_tile_V_16, i64 0, i64 %zext_ln146"   --->   Operation 274 'getelementptr' 'K_tile_V_16_addr' <Predicate = (!icmp_ln154)> <Delay = 0.00>
ST_2 : Operation 275 [2/2] (3.25ns)   --->   "%K_tile_V_16_load = load i7 %K_tile_V_16_addr"   --->   Operation 275 'load' 'K_tile_V_16_load' <Predicate = (!icmp_ln154)> <Delay = 3.25> <CoreInst = "RAM">   --->   Core 82 'RAM' <Latency = 1> <II = 1> <Delay = 3.25> <Storage> <Opcode : 'load' 'store'> <Ports = 2> <Width = 8> <Depth = 128> <RAM>
ST_2 : Operation 276 [1/2] (3.25ns)   --->   "%K_tile_V_17_load = load i7 %K_tile_V_17_addr"   --->   Operation 276 'load' 'K_tile_V_17_load' <Predicate = true> <Delay = 3.25> <CoreInst = "RAM">   --->   Core 82 'RAM' <Latency = 1> <II = 1> <Delay = 3.25> <Storage> <Opcode : 'load' 'store'> <Ports = 2> <Width = 8> <Depth = 128> <RAM>
ST_2 : Operation 277 [1/1] (0.00ns)   --->   "%sext_ln886_17 = sext i8 %K_tile_V_17_load"   --->   Operation 277 'sext' 'sext_ln886_17' <Predicate = (!icmp_ln154)> <Delay = 0.00>
ST_2 : Operation 278 [3/3] (1.45ns) (grouped into DSP with root node add_ln886_15)   --->   "%mul_ln886_16 = mul i16 %sext_ln886_17, i16 %Q_tile_V_17_load_cast_cast"   --->   Operation 278 'mul' 'mul_ln886_16' <Predicate = (!icmp_ln154)> <Delay = 1.45> <CoreInst = "DSP48">   --->   Core 119 'DSP48' <Latency = 3> <II = 1> <Delay = 2.15> <IPBlock> <Opcode : 'mul' 'add' 'sub' 'select'> <InPorts = 0> <OutPorts = 1> <Sync> <CReg>
ST_2 : Operation 279 [1/1] (0.00ns)   --->   "%K_tile_V_18_addr = getelementptr i8 %K_tile_V_18, i64 0, i64 %zext_ln146"   --->   Operation 279 'getelementptr' 'K_tile_V_18_addr' <Predicate = (!icmp_ln154)> <Delay = 0.00>
ST_2 : Operation 280 [2/2] (3.25ns)   --->   "%K_tile_V_18_load = load i7 %K_tile_V_18_addr"   --->   Operation 280 'load' 'K_tile_V_18_load' <Predicate = (!icmp_ln154)> <Delay = 3.25> <CoreInst = "RAM">   --->   Core 82 'RAM' <Latency = 1> <II = 1> <Delay = 3.25> <Storage> <Opcode : 'load' 'store'> <Ports = 2> <Width = 8> <Depth = 128> <RAM>
ST_2 : Operation 281 [1/2] (3.25ns)   --->   "%K_tile_V_19_load = load i7 %K_tile_V_19_addr"   --->   Operation 281 'load' 'K_tile_V_19_load' <Predicate = true> <Delay = 3.25> <CoreInst = "RAM">   --->   Core 82 'RAM' <Latency = 1> <II = 1> <Delay = 3.25> <Storage> <Opcode : 'load' 'store'> <Ports = 2> <Width = 8> <Depth = 128> <RAM>
ST_2 : Operation 282 [1/1] (0.00ns)   --->   "%sext_ln886_19 = sext i8 %K_tile_V_19_load"   --->   Operation 282 'sext' 'sext_ln886_19' <Predicate = (!icmp_ln154)> <Delay = 0.00>
ST_2 : Operation 283 [3/3] (1.45ns) (grouped into DSP with root node add_ln886_16)   --->   "%mul_ln886_18 = mul i16 %sext_ln886_19, i16 %Q_tile_V_19_load_cast_cast"   --->   Operation 283 'mul' 'mul_ln886_18' <Predicate = (!icmp_ln154)> <Delay = 1.45> <CoreInst = "DSP48">   --->   Core 119 'DSP48' <Latency = 3> <II = 1> <Delay = 2.15> <IPBlock> <Opcode : 'mul' 'add' 'sub' 'select'> <InPorts = 0> <OutPorts = 1> <Sync> <CReg>
ST_2 : Operation 284 [1/1] (0.00ns)   --->   "%K_tile_V_20_addr = getelementptr i8 %K_tile_V_20, i64 0, i64 %zext_ln146"   --->   Operation 284 'getelementptr' 'K_tile_V_20_addr' <Predicate = (!icmp_ln154)> <Delay = 0.00>
ST_2 : Operation 285 [2/2] (3.25ns)   --->   "%K_tile_V_20_load = load i7 %K_tile_V_20_addr"   --->   Operation 285 'load' 'K_tile_V_20_load' <Predicate = (!icmp_ln154)> <Delay = 3.25> <CoreInst = "RAM">   --->   Core 82 'RAM' <Latency = 1> <II = 1> <Delay = 3.25> <Storage> <Opcode : 'load' 'store'> <Ports = 2> <Width = 8> <Depth = 128> <RAM>
ST_2 : Operation 286 [1/2] (3.25ns)   --->   "%K_tile_V_21_load = load i7 %K_tile_V_21_addr"   --->   Operation 286 'load' 'K_tile_V_21_load' <Predicate = true> <Delay = 3.25> <CoreInst = "RAM">   --->   Core 82 'RAM' <Latency = 1> <II = 1> <Delay = 3.25> <Storage> <Opcode : 'load' 'store'> <Ports = 2> <Width = 8> <Depth = 128> <RAM>
ST_2 : Operation 287 [1/1] (0.00ns)   --->   "%sext_ln886_21 = sext i8 %K_tile_V_21_load"   --->   Operation 287 'sext' 'sext_ln886_21' <Predicate = (!icmp_ln154)> <Delay = 0.00>
ST_2 : Operation 288 [3/3] (1.45ns) (grouped into DSP with root node add_ln886_18)   --->   "%mul_ln886_20 = mul i16 %sext_ln886_21, i16 %Q_tile_V_21_load_cast_cast"   --->   Operation 288 'mul' 'mul_ln886_20' <Predicate = (!icmp_ln154)> <Delay = 1.45> <CoreInst = "DSP48">   --->   Core 119 'DSP48' <Latency = 3> <II = 1> <Delay = 2.15> <IPBlock> <Opcode : 'mul' 'add' 'sub' 'select'> <InPorts = 0> <OutPorts = 1> <Sync> <CReg>
ST_2 : Operation 289 [1/1] (0.00ns)   --->   "%K_tile_V_22_addr = getelementptr i8 %K_tile_V_22, i64 0, i64 %zext_ln146"   --->   Operation 289 'getelementptr' 'K_tile_V_22_addr' <Predicate = (!icmp_ln154)> <Delay = 0.00>
ST_2 : Operation 290 [2/2] (3.25ns)   --->   "%K_tile_V_22_load = load i7 %K_tile_V_22_addr"   --->   Operation 290 'load' 'K_tile_V_22_load' <Predicate = (!icmp_ln154)> <Delay = 3.25> <CoreInst = "RAM">   --->   Core 82 'RAM' <Latency = 1> <II = 1> <Delay = 3.25> <Storage> <Opcode : 'load' 'store'> <Ports = 2> <Width = 8> <Depth = 128> <RAM>
ST_2 : Operation 291 [1/2] (3.25ns)   --->   "%K_tile_V_23_load = load i7 %K_tile_V_23_addr"   --->   Operation 291 'load' 'K_tile_V_23_load' <Predicate = true> <Delay = 3.25> <CoreInst = "RAM">   --->   Core 82 'RAM' <Latency = 1> <II = 1> <Delay = 3.25> <Storage> <Opcode : 'load' 'store'> <Ports = 2> <Width = 8> <Depth = 128> <RAM>
ST_2 : Operation 292 [1/1] (0.00ns)   --->   "%sext_ln886_23 = sext i8 %K_tile_V_23_load"   --->   Operation 292 'sext' 'sext_ln886_23' <Predicate = (!icmp_ln154)> <Delay = 0.00>
ST_2 : Operation 293 [3/3] (1.45ns) (grouped into DSP with root node add_ln886_19)   --->   "%mul_ln886_22 = mul i16 %sext_ln886_23, i16 %Q_tile_V_23_load_cast_cast"   --->   Operation 293 'mul' 'mul_ln886_22' <Predicate = (!icmp_ln154)> <Delay = 1.45> <CoreInst = "DSP48">   --->   Core 119 'DSP48' <Latency = 3> <II = 1> <Delay = 2.15> <IPBlock> <Opcode : 'mul' 'add' 'sub' 'select'> <InPorts = 0> <OutPorts = 1> <Sync> <CReg>
ST_2 : Operation 294 [1/1] (0.00ns)   --->   "%K_tile_V_24_addr = getelementptr i8 %K_tile_V_24, i64 0, i64 %zext_ln146"   --->   Operation 294 'getelementptr' 'K_tile_V_24_addr' <Predicate = (!icmp_ln154)> <Delay = 0.00>
ST_2 : Operation 295 [2/2] (3.25ns)   --->   "%K_tile_V_24_load = load i7 %K_tile_V_24_addr"   --->   Operation 295 'load' 'K_tile_V_24_load' <Predicate = (!icmp_ln154)> <Delay = 3.25> <CoreInst = "RAM">   --->   Core 82 'RAM' <Latency = 1> <II = 1> <Delay = 3.25> <Storage> <Opcode : 'load' 'store'> <Ports = 2> <Width = 8> <Depth = 128> <RAM>
ST_2 : Operation 296 [1/2] (3.25ns)   --->   "%K_tile_V_25_load = load i7 %K_tile_V_25_addr"   --->   Operation 296 'load' 'K_tile_V_25_load' <Predicate = true> <Delay = 3.25> <CoreInst = "RAM">   --->   Core 82 'RAM' <Latency = 1> <II = 1> <Delay = 3.25> <Storage> <Opcode : 'load' 'store'> <Ports = 2> <Width = 8> <Depth = 128> <RAM>
ST_2 : Operation 297 [1/1] (0.00ns)   --->   "%sext_ln886_25 = sext i8 %K_tile_V_25_load"   --->   Operation 297 'sext' 'sext_ln886_25' <Predicate = (!icmp_ln154)> <Delay = 0.00>
ST_2 : Operation 298 [3/3] (1.45ns) (grouped into DSP with root node add_ln886_22)   --->   "%mul_ln886_24 = mul i16 %sext_ln886_25, i16 %Q_tile_V_25_load_cast_cast"   --->   Operation 298 'mul' 'mul_ln886_24' <Predicate = (!icmp_ln154)> <Delay = 1.45> <CoreInst = "DSP48">   --->   Core 119 'DSP48' <Latency = 3> <II = 1> <Delay = 2.15> <IPBlock> <Opcode : 'mul' 'add' 'sub' 'select'> <InPorts = 0> <OutPorts = 1> <Sync> <CReg>
ST_2 : Operation 299 [1/1] (0.00ns)   --->   "%K_tile_V_26_addr = getelementptr i8 %K_tile_V_26, i64 0, i64 %zext_ln146"   --->   Operation 299 'getelementptr' 'K_tile_V_26_addr' <Predicate = (!icmp_ln154)> <Delay = 0.00>
ST_2 : Operation 300 [2/2] (3.25ns)   --->   "%K_tile_V_26_load = load i7 %K_tile_V_26_addr"   --->   Operation 300 'load' 'K_tile_V_26_load' <Predicate = (!icmp_ln154)> <Delay = 3.25> <CoreInst = "RAM">   --->   Core 82 'RAM' <Latency = 1> <II = 1> <Delay = 3.25> <Storage> <Opcode : 'load' 'store'> <Ports = 2> <Width = 8> <Depth = 128> <RAM>
ST_2 : Operation 301 [1/2] (3.25ns)   --->   "%K_tile_V_27_load = load i7 %K_tile_V_27_addr"   --->   Operation 301 'load' 'K_tile_V_27_load' <Predicate = true> <Delay = 3.25> <CoreInst = "RAM">   --->   Core 82 'RAM' <Latency = 1> <II = 1> <Delay = 3.25> <Storage> <Opcode : 'load' 'store'> <Ports = 2> <Width = 8> <Depth = 128> <RAM>
ST_2 : Operation 302 [1/1] (0.00ns)   --->   "%sext_ln886_27 = sext i8 %K_tile_V_27_load"   --->   Operation 302 'sext' 'sext_ln886_27' <Predicate = (!icmp_ln154)> <Delay = 0.00>
ST_2 : Operation 303 [3/3] (1.45ns) (grouped into DSP with root node add_ln886_23)   --->   "%mul_ln886_26 = mul i16 %sext_ln886_27, i16 %Q_tile_V_27_load_cast_cast"   --->   Operation 303 'mul' 'mul_ln886_26' <Predicate = (!icmp_ln154)> <Delay = 1.45> <CoreInst = "DSP48">   --->   Core 119 'DSP48' <Latency = 3> <II = 1> <Delay = 2.15> <IPBlock> <Opcode : 'mul' 'add' 'sub' 'select'> <InPorts = 0> <OutPorts = 1> <Sync> <CReg>
ST_2 : Operation 304 [1/1] (0.00ns)   --->   "%K_tile_V_28_addr = getelementptr i8 %K_tile_V_28, i64 0, i64 %zext_ln146"   --->   Operation 304 'getelementptr' 'K_tile_V_28_addr' <Predicate = (!icmp_ln154)> <Delay = 0.00>
ST_2 : Operation 305 [2/2] (3.25ns)   --->   "%K_tile_V_28_load = load i7 %K_tile_V_28_addr"   --->   Operation 305 'load' 'K_tile_V_28_load' <Predicate = (!icmp_ln154)> <Delay = 3.25> <CoreInst = "RAM">   --->   Core 82 'RAM' <Latency = 1> <II = 1> <Delay = 3.25> <Storage> <Opcode : 'load' 'store'> <Ports = 2> <Width = 8> <Depth = 128> <RAM>
ST_2 : Operation 306 [1/2] (3.25ns)   --->   "%K_tile_V_29_load = load i7 %K_tile_V_29_addr"   --->   Operation 306 'load' 'K_tile_V_29_load' <Predicate = true> <Delay = 3.25> <CoreInst = "RAM">   --->   Core 82 'RAM' <Latency = 1> <II = 1> <Delay = 3.25> <Storage> <Opcode : 'load' 'store'> <Ports = 2> <Width = 8> <Depth = 128> <RAM>
ST_2 : Operation 307 [1/1] (0.00ns)   --->   "%sext_ln886_29 = sext i8 %K_tile_V_29_load"   --->   Operation 307 'sext' 'sext_ln886_29' <Predicate = (!icmp_ln154)> <Delay = 0.00>
ST_2 : Operation 308 [3/3] (1.45ns) (grouped into DSP with root node add_ln886_25)   --->   "%mul_ln886_28 = mul i16 %sext_ln886_29, i16 %Q_tile_V_29_load_cast_cast"   --->   Operation 308 'mul' 'mul_ln886_28' <Predicate = (!icmp_ln154)> <Delay = 1.45> <CoreInst = "DSP48">   --->   Core 119 'DSP48' <Latency = 3> <II = 1> <Delay = 2.15> <IPBlock> <Opcode : 'mul' 'add' 'sub' 'select'> <InPorts = 0> <OutPorts = 1> <Sync> <CReg>
ST_2 : Operation 309 [1/1] (0.00ns)   --->   "%K_tile_V_30_addr = getelementptr i8 %K_tile_V_30, i64 0, i64 %zext_ln146"   --->   Operation 309 'getelementptr' 'K_tile_V_30_addr' <Predicate = (!icmp_ln154)> <Delay = 0.00>
ST_2 : Operation 310 [2/2] (3.25ns)   --->   "%K_tile_V_30_load = load i7 %K_tile_V_30_addr"   --->   Operation 310 'load' 'K_tile_V_30_load' <Predicate = (!icmp_ln154)> <Delay = 3.25> <CoreInst = "RAM">   --->   Core 82 'RAM' <Latency = 1> <II = 1> <Delay = 3.25> <Storage> <Opcode : 'load' 'store'> <Ports = 2> <Width = 8> <Depth = 128> <RAM>
ST_2 : Operation 311 [1/2] (3.25ns)   --->   "%K_tile_V_31_load = load i7 %K_tile_V_31_addr"   --->   Operation 311 'load' 'K_tile_V_31_load' <Predicate = true> <Delay = 3.25> <CoreInst = "RAM">   --->   Core 82 'RAM' <Latency = 1> <II = 1> <Delay = 3.25> <Storage> <Opcode : 'load' 'store'> <Ports = 2> <Width = 8> <Depth = 128> <RAM>
ST_2 : Operation 312 [1/1] (0.00ns)   --->   "%sext_ln886_31 = sext i8 %K_tile_V_31_load"   --->   Operation 312 'sext' 'sext_ln886_31' <Predicate = (!icmp_ln154)> <Delay = 0.00>
ST_2 : Operation 313 [3/3] (1.45ns) (grouped into DSP with root node add_ln886_26)   --->   "%mul_ln886_30 = mul i16 %sext_ln886_31, i16 %Q_tile_V_31_load_cast_cast"   --->   Operation 313 'mul' 'mul_ln886_30' <Predicate = (!icmp_ln154)> <Delay = 1.45> <CoreInst = "DSP48">   --->   Core 119 'DSP48' <Latency = 3> <II = 1> <Delay = 2.15> <IPBlock> <Opcode : 'mul' 'add' 'sub' 'select'> <InPorts = 0> <OutPorts = 1> <Sync> <CReg>
ST_2 : Operation 314 [1/1] (0.00ns)   --->   "%K_tile_V_32_addr = getelementptr i8 %K_tile_V_32, i64 0, i64 %zext_ln146"   --->   Operation 314 'getelementptr' 'K_tile_V_32_addr' <Predicate = (!icmp_ln154)> <Delay = 0.00>
ST_2 : Operation 315 [2/2] (3.25ns)   --->   "%K_tile_V_32_load = load i7 %K_tile_V_32_addr"   --->   Operation 315 'load' 'K_tile_V_32_load' <Predicate = (!icmp_ln154)> <Delay = 3.25> <CoreInst = "RAM">   --->   Core 82 'RAM' <Latency = 1> <II = 1> <Delay = 3.25> <Storage> <Opcode : 'load' 'store'> <Ports = 2> <Width = 8> <Depth = 128> <RAM>
ST_2 : Operation 316 [1/2] (3.25ns)   --->   "%K_tile_V_33_load = load i7 %K_tile_V_33_addr"   --->   Operation 316 'load' 'K_tile_V_33_load' <Predicate = true> <Delay = 3.25> <CoreInst = "RAM">   --->   Core 82 'RAM' <Latency = 1> <II = 1> <Delay = 3.25> <Storage> <Opcode : 'load' 'store'> <Ports = 2> <Width = 8> <Depth = 128> <RAM>
ST_2 : Operation 317 [1/1] (0.00ns)   --->   "%sext_ln886_33 = sext i8 %K_tile_V_33_load"   --->   Operation 317 'sext' 'sext_ln886_33' <Predicate = (!icmp_ln154)> <Delay = 0.00>
ST_2 : Operation 318 [3/3] (1.45ns) (grouped into DSP with root node add_ln886_31)   --->   "%mul_ln886_32 = mul i16 %sext_ln886_33, i16 %Q_tile_V_33_load_cast_cast"   --->   Operation 318 'mul' 'mul_ln886_32' <Predicate = (!icmp_ln154)> <Delay = 1.45> <CoreInst = "DSP48">   --->   Core 119 'DSP48' <Latency = 3> <II = 1> <Delay = 2.15> <IPBlock> <Opcode : 'mul' 'add' 'sub' 'select'> <InPorts = 0> <OutPorts = 1> <Sync> <CReg>
ST_2 : Operation 319 [1/1] (0.00ns)   --->   "%K_tile_V_34_addr = getelementptr i8 %K_tile_V_34, i64 0, i64 %zext_ln146"   --->   Operation 319 'getelementptr' 'K_tile_V_34_addr' <Predicate = (!icmp_ln154)> <Delay = 0.00>
ST_2 : Operation 320 [2/2] (3.25ns)   --->   "%K_tile_V_34_load = load i7 %K_tile_V_34_addr"   --->   Operation 320 'load' 'K_tile_V_34_load' <Predicate = (!icmp_ln154)> <Delay = 3.25> <CoreInst = "RAM">   --->   Core 82 'RAM' <Latency = 1> <II = 1> <Delay = 3.25> <Storage> <Opcode : 'load' 'store'> <Ports = 2> <Width = 8> <Depth = 128> <RAM>
ST_2 : Operation 321 [1/2] (3.25ns)   --->   "%K_tile_V_35_load = load i7 %K_tile_V_35_addr"   --->   Operation 321 'load' 'K_tile_V_35_load' <Predicate = true> <Delay = 3.25> <CoreInst = "RAM">   --->   Core 82 'RAM' <Latency = 1> <II = 1> <Delay = 3.25> <Storage> <Opcode : 'load' 'store'> <Ports = 2> <Width = 8> <Depth = 128> <RAM>
ST_2 : Operation 322 [1/1] (0.00ns)   --->   "%sext_ln886_35 = sext i8 %K_tile_V_35_load"   --->   Operation 322 'sext' 'sext_ln886_35' <Predicate = (!icmp_ln154)> <Delay = 0.00>
ST_2 : Operation 323 [3/3] (1.45ns) (grouped into DSP with root node add_ln886_32)   --->   "%mul_ln886_34 = mul i16 %sext_ln886_35, i16 %Q_tile_V_35_load_cast_cast"   --->   Operation 323 'mul' 'mul_ln886_34' <Predicate = (!icmp_ln154)> <Delay = 1.45> <CoreInst = "DSP48">   --->   Core 119 'DSP48' <Latency = 3> <II = 1> <Delay = 2.15> <IPBlock> <Opcode : 'mul' 'add' 'sub' 'select'> <InPorts = 0> <OutPorts = 1> <Sync> <CReg>
ST_2 : Operation 324 [1/1] (0.00ns)   --->   "%K_tile_V_36_addr = getelementptr i8 %K_tile_V_36, i64 0, i64 %zext_ln146"   --->   Operation 324 'getelementptr' 'K_tile_V_36_addr' <Predicate = (!icmp_ln154)> <Delay = 0.00>
ST_2 : Operation 325 [2/2] (3.25ns)   --->   "%K_tile_V_36_load = load i7 %K_tile_V_36_addr"   --->   Operation 325 'load' 'K_tile_V_36_load' <Predicate = (!icmp_ln154)> <Delay = 3.25> <CoreInst = "RAM">   --->   Core 82 'RAM' <Latency = 1> <II = 1> <Delay = 3.25> <Storage> <Opcode : 'load' 'store'> <Ports = 2> <Width = 8> <Depth = 128> <RAM>
ST_2 : Operation 326 [1/2] (3.25ns)   --->   "%K_tile_V_37_load = load i7 %K_tile_V_37_addr"   --->   Operation 326 'load' 'K_tile_V_37_load' <Predicate = true> <Delay = 3.25> <CoreInst = "RAM">   --->   Core 82 'RAM' <Latency = 1> <II = 1> <Delay = 3.25> <Storage> <Opcode : 'load' 'store'> <Ports = 2> <Width = 8> <Depth = 128> <RAM>
ST_2 : Operation 327 [1/1] (0.00ns)   --->   "%sext_ln886_37 = sext i8 %K_tile_V_37_load"   --->   Operation 327 'sext' 'sext_ln886_37' <Predicate = (!icmp_ln154)> <Delay = 0.00>
ST_2 : Operation 328 [3/3] (1.45ns) (grouped into DSP with root node add_ln886_34)   --->   "%mul_ln886_36 = mul i16 %sext_ln886_37, i16 %Q_tile_V_37_load_cast_cast"   --->   Operation 328 'mul' 'mul_ln886_36' <Predicate = (!icmp_ln154)> <Delay = 1.45> <CoreInst = "DSP48">   --->   Core 119 'DSP48' <Latency = 3> <II = 1> <Delay = 2.15> <IPBlock> <Opcode : 'mul' 'add' 'sub' 'select'> <InPorts = 0> <OutPorts = 1> <Sync> <CReg>
ST_2 : Operation 329 [1/1] (0.00ns)   --->   "%K_tile_V_38_addr = getelementptr i8 %K_tile_V_38, i64 0, i64 %zext_ln146"   --->   Operation 329 'getelementptr' 'K_tile_V_38_addr' <Predicate = (!icmp_ln154)> <Delay = 0.00>
ST_2 : Operation 330 [2/2] (3.25ns)   --->   "%K_tile_V_38_load = load i7 %K_tile_V_38_addr"   --->   Operation 330 'load' 'K_tile_V_38_load' <Predicate = (!icmp_ln154)> <Delay = 3.25> <CoreInst = "RAM">   --->   Core 82 'RAM' <Latency = 1> <II = 1> <Delay = 3.25> <Storage> <Opcode : 'load' 'store'> <Ports = 2> <Width = 8> <Depth = 128> <RAM>
ST_2 : Operation 331 [1/2] (3.25ns)   --->   "%K_tile_V_39_load = load i7 %K_tile_V_39_addr"   --->   Operation 331 'load' 'K_tile_V_39_load' <Predicate = true> <Delay = 3.25> <CoreInst = "RAM">   --->   Core 82 'RAM' <Latency = 1> <II = 1> <Delay = 3.25> <Storage> <Opcode : 'load' 'store'> <Ports = 2> <Width = 8> <Depth = 128> <RAM>
ST_2 : Operation 332 [1/1] (0.00ns)   --->   "%sext_ln886_39 = sext i8 %K_tile_V_39_load"   --->   Operation 332 'sext' 'sext_ln886_39' <Predicate = (!icmp_ln154)> <Delay = 0.00>
ST_2 : Operation 333 [3/3] (1.45ns) (grouped into DSP with root node add_ln886_35)   --->   "%mul_ln886_38 = mul i16 %sext_ln886_39, i16 %Q_tile_V_39_load_cast_cast"   --->   Operation 333 'mul' 'mul_ln886_38' <Predicate = (!icmp_ln154)> <Delay = 1.45> <CoreInst = "DSP48">   --->   Core 119 'DSP48' <Latency = 3> <II = 1> <Delay = 2.15> <IPBlock> <Opcode : 'mul' 'add' 'sub' 'select'> <InPorts = 0> <OutPorts = 1> <Sync> <CReg>
ST_2 : Operation 334 [1/1] (0.00ns)   --->   "%K_tile_V_40_addr = getelementptr i8 %K_tile_V_40, i64 0, i64 %zext_ln146"   --->   Operation 334 'getelementptr' 'K_tile_V_40_addr' <Predicate = (!icmp_ln154)> <Delay = 0.00>
ST_2 : Operation 335 [2/2] (3.25ns)   --->   "%K_tile_V_40_load = load i7 %K_tile_V_40_addr"   --->   Operation 335 'load' 'K_tile_V_40_load' <Predicate = (!icmp_ln154)> <Delay = 3.25> <CoreInst = "RAM">   --->   Core 82 'RAM' <Latency = 1> <II = 1> <Delay = 3.25> <Storage> <Opcode : 'load' 'store'> <Ports = 2> <Width = 8> <Depth = 128> <RAM>
ST_2 : Operation 336 [1/2] (3.25ns)   --->   "%K_tile_V_41_load = load i7 %K_tile_V_41_addr"   --->   Operation 336 'load' 'K_tile_V_41_load' <Predicate = true> <Delay = 3.25> <CoreInst = "RAM">   --->   Core 82 'RAM' <Latency = 1> <II = 1> <Delay = 3.25> <Storage> <Opcode : 'load' 'store'> <Ports = 2> <Width = 8> <Depth = 128> <RAM>
ST_2 : Operation 337 [1/1] (0.00ns)   --->   "%sext_ln886_41 = sext i8 %K_tile_V_41_load"   --->   Operation 337 'sext' 'sext_ln886_41' <Predicate = (!icmp_ln154)> <Delay = 0.00>
ST_2 : Operation 338 [3/3] (1.45ns) (grouped into DSP with root node add_ln886_38)   --->   "%mul_ln886_40 = mul i16 %sext_ln886_41, i16 %Q_tile_V_41_load_cast_cast"   --->   Operation 338 'mul' 'mul_ln886_40' <Predicate = (!icmp_ln154)> <Delay = 1.45> <CoreInst = "DSP48">   --->   Core 119 'DSP48' <Latency = 3> <II = 1> <Delay = 2.15> <IPBlock> <Opcode : 'mul' 'add' 'sub' 'select'> <InPorts = 0> <OutPorts = 1> <Sync> <CReg>
ST_2 : Operation 339 [1/1] (0.00ns)   --->   "%K_tile_V_42_addr = getelementptr i8 %K_tile_V_42, i64 0, i64 %zext_ln146"   --->   Operation 339 'getelementptr' 'K_tile_V_42_addr' <Predicate = (!icmp_ln154)> <Delay = 0.00>
ST_2 : Operation 340 [2/2] (3.25ns)   --->   "%K_tile_V_42_load = load i7 %K_tile_V_42_addr"   --->   Operation 340 'load' 'K_tile_V_42_load' <Predicate = (!icmp_ln154)> <Delay = 3.25> <CoreInst = "RAM">   --->   Core 82 'RAM' <Latency = 1> <II = 1> <Delay = 3.25> <Storage> <Opcode : 'load' 'store'> <Ports = 2> <Width = 8> <Depth = 128> <RAM>
ST_2 : Operation 341 [1/2] (3.25ns)   --->   "%K_tile_V_43_load = load i7 %K_tile_V_43_addr"   --->   Operation 341 'load' 'K_tile_V_43_load' <Predicate = true> <Delay = 3.25> <CoreInst = "RAM">   --->   Core 82 'RAM' <Latency = 1> <II = 1> <Delay = 3.25> <Storage> <Opcode : 'load' 'store'> <Ports = 2> <Width = 8> <Depth = 128> <RAM>
ST_2 : Operation 342 [1/1] (0.00ns)   --->   "%sext_ln886_43 = sext i8 %K_tile_V_43_load"   --->   Operation 342 'sext' 'sext_ln886_43' <Predicate = (!icmp_ln154)> <Delay = 0.00>
ST_2 : Operation 343 [3/3] (1.45ns) (grouped into DSP with root node add_ln886_39)   --->   "%mul_ln886_42 = mul i16 %sext_ln886_43, i16 %Q_tile_V_43_load_cast_cast"   --->   Operation 343 'mul' 'mul_ln886_42' <Predicate = (!icmp_ln154)> <Delay = 1.45> <CoreInst = "DSP48">   --->   Core 119 'DSP48' <Latency = 3> <II = 1> <Delay = 2.15> <IPBlock> <Opcode : 'mul' 'add' 'sub' 'select'> <InPorts = 0> <OutPorts = 1> <Sync> <CReg>
ST_2 : Operation 344 [1/1] (0.00ns)   --->   "%K_tile_V_44_addr = getelementptr i8 %K_tile_V_44, i64 0, i64 %zext_ln146"   --->   Operation 344 'getelementptr' 'K_tile_V_44_addr' <Predicate = (!icmp_ln154)> <Delay = 0.00>
ST_2 : Operation 345 [2/2] (3.25ns)   --->   "%K_tile_V_44_load = load i7 %K_tile_V_44_addr"   --->   Operation 345 'load' 'K_tile_V_44_load' <Predicate = (!icmp_ln154)> <Delay = 3.25> <CoreInst = "RAM">   --->   Core 82 'RAM' <Latency = 1> <II = 1> <Delay = 3.25> <Storage> <Opcode : 'load' 'store'> <Ports = 2> <Width = 8> <Depth = 128> <RAM>
ST_2 : Operation 346 [1/2] (3.25ns)   --->   "%K_tile_V_45_load = load i7 %K_tile_V_45_addr"   --->   Operation 346 'load' 'K_tile_V_45_load' <Predicate = true> <Delay = 3.25> <CoreInst = "RAM">   --->   Core 82 'RAM' <Latency = 1> <II = 1> <Delay = 3.25> <Storage> <Opcode : 'load' 'store'> <Ports = 2> <Width = 8> <Depth = 128> <RAM>
ST_2 : Operation 347 [1/1] (0.00ns)   --->   "%sext_ln886_45 = sext i8 %K_tile_V_45_load"   --->   Operation 347 'sext' 'sext_ln886_45' <Predicate = (!icmp_ln154)> <Delay = 0.00>
ST_2 : Operation 348 [3/3] (1.45ns) (grouped into DSP with root node add_ln886_41)   --->   "%mul_ln886_44 = mul i16 %sext_ln886_45, i16 %Q_tile_V_45_load_cast_cast"   --->   Operation 348 'mul' 'mul_ln886_44' <Predicate = (!icmp_ln154)> <Delay = 1.45> <CoreInst = "DSP48">   --->   Core 119 'DSP48' <Latency = 3> <II = 1> <Delay = 2.15> <IPBlock> <Opcode : 'mul' 'add' 'sub' 'select'> <InPorts = 0> <OutPorts = 1> <Sync> <CReg>
ST_2 : Operation 349 [1/1] (0.00ns)   --->   "%K_tile_V_46_addr = getelementptr i8 %K_tile_V_46, i64 0, i64 %zext_ln146"   --->   Operation 349 'getelementptr' 'K_tile_V_46_addr' <Predicate = (!icmp_ln154)> <Delay = 0.00>
ST_2 : Operation 350 [2/2] (3.25ns)   --->   "%K_tile_V_46_load = load i7 %K_tile_V_46_addr"   --->   Operation 350 'load' 'K_tile_V_46_load' <Predicate = (!icmp_ln154)> <Delay = 3.25> <CoreInst = "RAM">   --->   Core 82 'RAM' <Latency = 1> <II = 1> <Delay = 3.25> <Storage> <Opcode : 'load' 'store'> <Ports = 2> <Width = 8> <Depth = 128> <RAM>
ST_2 : Operation 351 [1/2] (3.25ns)   --->   "%K_tile_V_47_load = load i7 %K_tile_V_47_addr"   --->   Operation 351 'load' 'K_tile_V_47_load' <Predicate = true> <Delay = 3.25> <CoreInst = "RAM">   --->   Core 82 'RAM' <Latency = 1> <II = 1> <Delay = 3.25> <Storage> <Opcode : 'load' 'store'> <Ports = 2> <Width = 8> <Depth = 128> <RAM>
ST_2 : Operation 352 [1/1] (0.00ns)   --->   "%sext_ln886_47 = sext i8 %K_tile_V_47_load"   --->   Operation 352 'sext' 'sext_ln886_47' <Predicate = (!icmp_ln154)> <Delay = 0.00>
ST_2 : Operation 353 [3/3] (1.45ns) (grouped into DSP with root node add_ln886_42)   --->   "%mul_ln886_46 = mul i16 %sext_ln886_47, i16 %Q_tile_V_47_load_cast_cast"   --->   Operation 353 'mul' 'mul_ln886_46' <Predicate = (!icmp_ln154)> <Delay = 1.45> <CoreInst = "DSP48">   --->   Core 119 'DSP48' <Latency = 3> <II = 1> <Delay = 2.15> <IPBlock> <Opcode : 'mul' 'add' 'sub' 'select'> <InPorts = 0> <OutPorts = 1> <Sync> <CReg>
ST_2 : Operation 354 [1/1] (0.00ns)   --->   "%K_tile_V_48_addr = getelementptr i8 %K_tile_V_48, i64 0, i64 %zext_ln146"   --->   Operation 354 'getelementptr' 'K_tile_V_48_addr' <Predicate = (!icmp_ln154)> <Delay = 0.00>
ST_2 : Operation 355 [2/2] (3.25ns)   --->   "%K_tile_V_48_load = load i7 %K_tile_V_48_addr"   --->   Operation 355 'load' 'K_tile_V_48_load' <Predicate = (!icmp_ln154)> <Delay = 3.25> <CoreInst = "RAM">   --->   Core 82 'RAM' <Latency = 1> <II = 1> <Delay = 3.25> <Storage> <Opcode : 'load' 'store'> <Ports = 2> <Width = 8> <Depth = 128> <RAM>
ST_2 : Operation 356 [1/2] (3.25ns)   --->   "%K_tile_V_49_load = load i7 %K_tile_V_49_addr"   --->   Operation 356 'load' 'K_tile_V_49_load' <Predicate = true> <Delay = 3.25> <CoreInst = "RAM">   --->   Core 82 'RAM' <Latency = 1> <II = 1> <Delay = 3.25> <Storage> <Opcode : 'load' 'store'> <Ports = 2> <Width = 8> <Depth = 128> <RAM>
ST_2 : Operation 357 [1/1] (0.00ns)   --->   "%sext_ln886_49 = sext i8 %K_tile_V_49_load"   --->   Operation 357 'sext' 'sext_ln886_49' <Predicate = (!icmp_ln154)> <Delay = 0.00>
ST_2 : Operation 358 [3/3] (1.45ns) (grouped into DSP with root node add_ln886_46)   --->   "%mul_ln886_48 = mul i16 %sext_ln886_49, i16 %Q_tile_V_49_load_cast_cast"   --->   Operation 358 'mul' 'mul_ln886_48' <Predicate = (!icmp_ln154)> <Delay = 1.45> <CoreInst = "DSP48">   --->   Core 119 'DSP48' <Latency = 3> <II = 1> <Delay = 2.15> <IPBlock> <Opcode : 'mul' 'add' 'sub' 'select'> <InPorts = 0> <OutPorts = 1> <Sync> <CReg>
ST_2 : Operation 359 [1/1] (0.00ns)   --->   "%K_tile_V_50_addr = getelementptr i8 %K_tile_V_50, i64 0, i64 %zext_ln146"   --->   Operation 359 'getelementptr' 'K_tile_V_50_addr' <Predicate = (!icmp_ln154)> <Delay = 0.00>
ST_2 : Operation 360 [2/2] (3.25ns)   --->   "%K_tile_V_50_load = load i7 %K_tile_V_50_addr"   --->   Operation 360 'load' 'K_tile_V_50_load' <Predicate = (!icmp_ln154)> <Delay = 3.25> <CoreInst = "RAM">   --->   Core 82 'RAM' <Latency = 1> <II = 1> <Delay = 3.25> <Storage> <Opcode : 'load' 'store'> <Ports = 2> <Width = 8> <Depth = 128> <RAM>
ST_2 : Operation 361 [1/2] (3.25ns)   --->   "%K_tile_V_51_load = load i7 %K_tile_V_51_addr"   --->   Operation 361 'load' 'K_tile_V_51_load' <Predicate = true> <Delay = 3.25> <CoreInst = "RAM">   --->   Core 82 'RAM' <Latency = 1> <II = 1> <Delay = 3.25> <Storage> <Opcode : 'load' 'store'> <Ports = 2> <Width = 8> <Depth = 128> <RAM>
ST_2 : Operation 362 [1/1] (0.00ns)   --->   "%sext_ln886_51 = sext i8 %K_tile_V_51_load"   --->   Operation 362 'sext' 'sext_ln886_51' <Predicate = (!icmp_ln154)> <Delay = 0.00>
ST_2 : Operation 363 [3/3] (1.45ns) (grouped into DSP with root node add_ln886_47)   --->   "%mul_ln886_50 = mul i16 %sext_ln886_51, i16 %Q_tile_V_51_load_cast_cast"   --->   Operation 363 'mul' 'mul_ln886_50' <Predicate = (!icmp_ln154)> <Delay = 1.45> <CoreInst = "DSP48">   --->   Core 119 'DSP48' <Latency = 3> <II = 1> <Delay = 2.15> <IPBlock> <Opcode : 'mul' 'add' 'sub' 'select'> <InPorts = 0> <OutPorts = 1> <Sync> <CReg>
ST_2 : Operation 364 [1/1] (0.00ns)   --->   "%K_tile_V_52_addr = getelementptr i8 %K_tile_V_52, i64 0, i64 %zext_ln146"   --->   Operation 364 'getelementptr' 'K_tile_V_52_addr' <Predicate = (!icmp_ln154)> <Delay = 0.00>
ST_2 : Operation 365 [2/2] (3.25ns)   --->   "%K_tile_V_52_load = load i7 %K_tile_V_52_addr"   --->   Operation 365 'load' 'K_tile_V_52_load' <Predicate = (!icmp_ln154)> <Delay = 3.25> <CoreInst = "RAM">   --->   Core 82 'RAM' <Latency = 1> <II = 1> <Delay = 3.25> <Storage> <Opcode : 'load' 'store'> <Ports = 2> <Width = 8> <Depth = 128> <RAM>
ST_2 : Operation 366 [1/2] (3.25ns)   --->   "%K_tile_V_53_load = load i7 %K_tile_V_53_addr"   --->   Operation 366 'load' 'K_tile_V_53_load' <Predicate = true> <Delay = 3.25> <CoreInst = "RAM">   --->   Core 82 'RAM' <Latency = 1> <II = 1> <Delay = 3.25> <Storage> <Opcode : 'load' 'store'> <Ports = 2> <Width = 8> <Depth = 128> <RAM>
ST_2 : Operation 367 [1/1] (0.00ns)   --->   "%sext_ln886_53 = sext i8 %K_tile_V_53_load"   --->   Operation 367 'sext' 'sext_ln886_53' <Predicate = (!icmp_ln154)> <Delay = 0.00>
ST_2 : Operation 368 [3/3] (1.45ns) (grouped into DSP with root node add_ln886_49)   --->   "%mul_ln886_52 = mul i16 %sext_ln886_53, i16 %Q_tile_V_53_load_cast_cast"   --->   Operation 368 'mul' 'mul_ln886_52' <Predicate = (!icmp_ln154)> <Delay = 1.45> <CoreInst = "DSP48">   --->   Core 119 'DSP48' <Latency = 3> <II = 1> <Delay = 2.15> <IPBlock> <Opcode : 'mul' 'add' 'sub' 'select'> <InPorts = 0> <OutPorts = 1> <Sync> <CReg>
ST_2 : Operation 369 [1/1] (0.00ns)   --->   "%K_tile_V_54_addr = getelementptr i8 %K_tile_V_54, i64 0, i64 %zext_ln146"   --->   Operation 369 'getelementptr' 'K_tile_V_54_addr' <Predicate = (!icmp_ln154)> <Delay = 0.00>
ST_2 : Operation 370 [2/2] (3.25ns)   --->   "%K_tile_V_54_load = load i7 %K_tile_V_54_addr"   --->   Operation 370 'load' 'K_tile_V_54_load' <Predicate = (!icmp_ln154)> <Delay = 3.25> <CoreInst = "RAM">   --->   Core 82 'RAM' <Latency = 1> <II = 1> <Delay = 3.25> <Storage> <Opcode : 'load' 'store'> <Ports = 2> <Width = 8> <Depth = 128> <RAM>
ST_2 : Operation 371 [1/2] (3.25ns)   --->   "%K_tile_V_55_load = load i7 %K_tile_V_55_addr"   --->   Operation 371 'load' 'K_tile_V_55_load' <Predicate = true> <Delay = 3.25> <CoreInst = "RAM">   --->   Core 82 'RAM' <Latency = 1> <II = 1> <Delay = 3.25> <Storage> <Opcode : 'load' 'store'> <Ports = 2> <Width = 8> <Depth = 128> <RAM>
ST_2 : Operation 372 [1/1] (0.00ns)   --->   "%sext_ln886_55 = sext i8 %K_tile_V_55_load"   --->   Operation 372 'sext' 'sext_ln886_55' <Predicate = (!icmp_ln154)> <Delay = 0.00>
ST_2 : Operation 373 [3/3] (1.45ns) (grouped into DSP with root node add_ln886_50)   --->   "%mul_ln886_54 = mul i16 %sext_ln886_55, i16 %Q_tile_V_55_load_cast_cast"   --->   Operation 373 'mul' 'mul_ln886_54' <Predicate = (!icmp_ln154)> <Delay = 1.45> <CoreInst = "DSP48">   --->   Core 119 'DSP48' <Latency = 3> <II = 1> <Delay = 2.15> <IPBlock> <Opcode : 'mul' 'add' 'sub' 'select'> <InPorts = 0> <OutPorts = 1> <Sync> <CReg>
ST_2 : Operation 374 [1/1] (0.00ns)   --->   "%K_tile_V_56_addr = getelementptr i8 %K_tile_V_56, i64 0, i64 %zext_ln146"   --->   Operation 374 'getelementptr' 'K_tile_V_56_addr' <Predicate = (!icmp_ln154)> <Delay = 0.00>
ST_2 : Operation 375 [2/2] (3.25ns)   --->   "%K_tile_V_56_load = load i7 %K_tile_V_56_addr"   --->   Operation 375 'load' 'K_tile_V_56_load' <Predicate = (!icmp_ln154)> <Delay = 3.25> <CoreInst = "RAM">   --->   Core 82 'RAM' <Latency = 1> <II = 1> <Delay = 3.25> <Storage> <Opcode : 'load' 'store'> <Ports = 2> <Width = 8> <Depth = 128> <RAM>
ST_2 : Operation 376 [1/2] (3.25ns)   --->   "%K_tile_V_57_load = load i7 %K_tile_V_57_addr"   --->   Operation 376 'load' 'K_tile_V_57_load' <Predicate = true> <Delay = 3.25> <CoreInst = "RAM">   --->   Core 82 'RAM' <Latency = 1> <II = 1> <Delay = 3.25> <Storage> <Opcode : 'load' 'store'> <Ports = 2> <Width = 8> <Depth = 128> <RAM>
ST_2 : Operation 377 [1/1] (0.00ns)   --->   "%sext_ln886_57 = sext i8 %K_tile_V_57_load"   --->   Operation 377 'sext' 'sext_ln886_57' <Predicate = (!icmp_ln154)> <Delay = 0.00>
ST_2 : Operation 378 [3/3] (1.45ns) (grouped into DSP with root node add_ln886_53)   --->   "%mul_ln886_56 = mul i16 %sext_ln886_57, i16 %Q_tile_V_57_load_cast_cast"   --->   Operation 378 'mul' 'mul_ln886_56' <Predicate = (!icmp_ln154)> <Delay = 1.45> <CoreInst = "DSP48">   --->   Core 119 'DSP48' <Latency = 3> <II = 1> <Delay = 2.15> <IPBlock> <Opcode : 'mul' 'add' 'sub' 'select'> <InPorts = 0> <OutPorts = 1> <Sync> <CReg>
ST_2 : Operation 379 [1/1] (0.00ns)   --->   "%K_tile_V_58_addr = getelementptr i8 %K_tile_V_58, i64 0, i64 %zext_ln146"   --->   Operation 379 'getelementptr' 'K_tile_V_58_addr' <Predicate = (!icmp_ln154)> <Delay = 0.00>
ST_2 : Operation 380 [2/2] (3.25ns)   --->   "%K_tile_V_58_load = load i7 %K_tile_V_58_addr"   --->   Operation 380 'load' 'K_tile_V_58_load' <Predicate = (!icmp_ln154)> <Delay = 3.25> <CoreInst = "RAM">   --->   Core 82 'RAM' <Latency = 1> <II = 1> <Delay = 3.25> <Storage> <Opcode : 'load' 'store'> <Ports = 2> <Width = 8> <Depth = 128> <RAM>
ST_2 : Operation 381 [1/2] (3.25ns)   --->   "%K_tile_V_59_load = load i7 %K_tile_V_59_addr"   --->   Operation 381 'load' 'K_tile_V_59_load' <Predicate = true> <Delay = 3.25> <CoreInst = "RAM">   --->   Core 82 'RAM' <Latency = 1> <II = 1> <Delay = 3.25> <Storage> <Opcode : 'load' 'store'> <Ports = 2> <Width = 8> <Depth = 128> <RAM>
ST_2 : Operation 382 [1/1] (0.00ns)   --->   "%sext_ln886_59 = sext i8 %K_tile_V_59_load"   --->   Operation 382 'sext' 'sext_ln886_59' <Predicate = (!icmp_ln154)> <Delay = 0.00>
ST_2 : Operation 383 [3/3] (1.45ns) (grouped into DSP with root node add_ln886_54)   --->   "%mul_ln886_58 = mul i16 %sext_ln886_59, i16 %Q_tile_V_59_load_cast_cast"   --->   Operation 383 'mul' 'mul_ln886_58' <Predicate = (!icmp_ln154)> <Delay = 1.45> <CoreInst = "DSP48">   --->   Core 119 'DSP48' <Latency = 3> <II = 1> <Delay = 2.15> <IPBlock> <Opcode : 'mul' 'add' 'sub' 'select'> <InPorts = 0> <OutPorts = 1> <Sync> <CReg>
ST_2 : Operation 384 [1/1] (0.00ns)   --->   "%K_tile_V_60_addr = getelementptr i8 %K_tile_V_60, i64 0, i64 %zext_ln146"   --->   Operation 384 'getelementptr' 'K_tile_V_60_addr' <Predicate = (!icmp_ln154)> <Delay = 0.00>
ST_2 : Operation 385 [2/2] (3.25ns)   --->   "%K_tile_V_60_load = load i7 %K_tile_V_60_addr"   --->   Operation 385 'load' 'K_tile_V_60_load' <Predicate = (!icmp_ln154)> <Delay = 3.25> <CoreInst = "RAM">   --->   Core 82 'RAM' <Latency = 1> <II = 1> <Delay = 3.25> <Storage> <Opcode : 'load' 'store'> <Ports = 2> <Width = 8> <Depth = 128> <RAM>
ST_2 : Operation 386 [1/2] (3.25ns)   --->   "%K_tile_V_61_load = load i7 %K_tile_V_61_addr"   --->   Operation 386 'load' 'K_tile_V_61_load' <Predicate = true> <Delay = 3.25> <CoreInst = "RAM">   --->   Core 82 'RAM' <Latency = 1> <II = 1> <Delay = 3.25> <Storage> <Opcode : 'load' 'store'> <Ports = 2> <Width = 8> <Depth = 128> <RAM>
ST_2 : Operation 387 [1/1] (0.00ns)   --->   "%sext_ln886_61 = sext i8 %K_tile_V_61_load"   --->   Operation 387 'sext' 'sext_ln886_61' <Predicate = (!icmp_ln154)> <Delay = 0.00>
ST_2 : Operation 388 [3/3] (1.45ns) (grouped into DSP with root node add_ln886_56)   --->   "%mul_ln886_60 = mul i16 %sext_ln886_61, i16 %Q_tile_V_61_load_cast_cast"   --->   Operation 388 'mul' 'mul_ln886_60' <Predicate = (!icmp_ln154)> <Delay = 1.45> <CoreInst = "DSP48">   --->   Core 119 'DSP48' <Latency = 3> <II = 1> <Delay = 2.15> <IPBlock> <Opcode : 'mul' 'add' 'sub' 'select'> <InPorts = 0> <OutPorts = 1> <Sync> <CReg>
ST_2 : Operation 389 [1/1] (0.00ns)   --->   "%K_tile_V_62_addr = getelementptr i8 %K_tile_V_62, i64 0, i64 %zext_ln146"   --->   Operation 389 'getelementptr' 'K_tile_V_62_addr' <Predicate = (!icmp_ln154)> <Delay = 0.00>
ST_2 : Operation 390 [2/2] (3.25ns)   --->   "%K_tile_V_62_load = load i7 %K_tile_V_62_addr"   --->   Operation 390 'load' 'K_tile_V_62_load' <Predicate = (!icmp_ln154)> <Delay = 3.25> <CoreInst = "RAM">   --->   Core 82 'RAM' <Latency = 1> <II = 1> <Delay = 3.25> <Storage> <Opcode : 'load' 'store'> <Ports = 2> <Width = 8> <Depth = 128> <RAM>
ST_2 : Operation 391 [1/2] (3.25ns)   --->   "%K_tile_V_63_load = load i7 %K_tile_V_63_addr"   --->   Operation 391 'load' 'K_tile_V_63_load' <Predicate = true> <Delay = 3.25> <CoreInst = "RAM">   --->   Core 82 'RAM' <Latency = 1> <II = 1> <Delay = 3.25> <Storage> <Opcode : 'load' 'store'> <Ports = 2> <Width = 8> <Depth = 128> <RAM>
ST_2 : Operation 392 [1/1] (0.00ns)   --->   "%sext_ln886_63 = sext i8 %K_tile_V_63_load"   --->   Operation 392 'sext' 'sext_ln886_63' <Predicate = (!icmp_ln154)> <Delay = 0.00>
ST_2 : Operation 393 [3/3] (1.45ns) (grouped into DSP with root node add_ln886_57)   --->   "%mul_ln886_62 = mul i16 %sext_ln886_63, i16 %sext_ln146_cast"   --->   Operation 393 'mul' 'mul_ln886_62' <Predicate = (!icmp_ln154)> <Delay = 1.45> <CoreInst = "DSP48">   --->   Core 119 'DSP48' <Latency = 3> <II = 1> <Delay = 2.15> <IPBlock> <Opcode : 'mul' 'add' 'sub' 'select'> <InPorts = 0> <OutPorts = 1> <Sync> <CReg>

State 3 <SV = 2> <Delay = 3.25>
ST_3 : Operation 394 [2/3] (1.45ns) (grouped into DSP with root node add_ln886)   --->   "%acc_V = mul i16 %sext_ln886, i16 %Q_tile_V_load_cast_cast"   --->   Operation 394 'mul' 'acc_V' <Predicate = (!icmp_ln154)> <Delay = 1.45> <CoreInst = "DSP48">   --->   Core 119 'DSP48' <Latency = 3> <II = 1> <Delay = 2.15> <IPBlock> <Opcode : 'mul' 'add' 'sub' 'select'> <InPorts = 0> <OutPorts = 1> <Sync> <CReg>
ST_3 : Operation 395 [1/2] (3.25ns)   --->   "%K_tile_V_1_load = load i7 %K_tile_V_1_addr"   --->   Operation 395 'load' 'K_tile_V_1_load' <Predicate = (!icmp_ln154)> <Delay = 3.25> <CoreInst = "RAM">   --->   Core 82 'RAM' <Latency = 1> <II = 1> <Delay = 3.25> <Storage> <Opcode : 'load' 'store'> <Ports = 2> <Width = 8> <Depth = 128> <RAM>
ST_3 : Operation 396 [1/2] (3.25ns)   --->   "%K_tile_V_2_load = load i7 %K_tile_V_2_addr"   --->   Operation 396 'load' 'K_tile_V_2_load' <Predicate = (!icmp_ln154)> <Delay = 3.25> <CoreInst = "RAM">   --->   Core 82 'RAM' <Latency = 1> <II = 1> <Delay = 3.25> <Storage> <Opcode : 'load' 'store'> <Ports = 2> <Width = 8> <Depth = 128> <RAM>
ST_3 : Operation 397 [2/3] (1.45ns) (grouped into DSP with root node add_ln886_1)   --->   "%mul_ln886_2 = mul i16 %sext_ln886_3, i16 %Q_tile_V_3_load_cast_cast"   --->   Operation 397 'mul' 'mul_ln886_2' <Predicate = (!icmp_ln154)> <Delay = 1.45> <CoreInst = "DSP48">   --->   Core 119 'DSP48' <Latency = 3> <II = 1> <Delay = 2.15> <IPBlock> <Opcode : 'mul' 'add' 'sub' 'select'> <InPorts = 0> <OutPorts = 1> <Sync> <CReg>
ST_3 : Operation 398 [1/2] (3.25ns)   --->   "%K_tile_V_4_load = load i7 %K_tile_V_4_addr"   --->   Operation 398 'load' 'K_tile_V_4_load' <Predicate = (!icmp_ln154)> <Delay = 3.25> <CoreInst = "RAM">   --->   Core 82 'RAM' <Latency = 1> <II = 1> <Delay = 3.25> <Storage> <Opcode : 'load' 'store'> <Ports = 2> <Width = 8> <Depth = 128> <RAM>
ST_3 : Operation 399 [2/3] (1.45ns) (grouped into DSP with root node add_ln886_3)   --->   "%mul_ln886_4 = mul i16 %sext_ln886_5, i16 %Q_tile_V_5_load_cast_cast"   --->   Operation 399 'mul' 'mul_ln886_4' <Predicate = (!icmp_ln154)> <Delay = 1.45> <CoreInst = "DSP48">   --->   Core 119 'DSP48' <Latency = 3> <II = 1> <Delay = 2.15> <IPBlock> <Opcode : 'mul' 'add' 'sub' 'select'> <InPorts = 0> <OutPorts = 1> <Sync> <CReg>
ST_3 : Operation 400 [1/2] (3.25ns)   --->   "%K_tile_V_6_load = load i7 %K_tile_V_6_addr"   --->   Operation 400 'load' 'K_tile_V_6_load' <Predicate = (!icmp_ln154)> <Delay = 3.25> <CoreInst = "RAM">   --->   Core 82 'RAM' <Latency = 1> <II = 1> <Delay = 3.25> <Storage> <Opcode : 'load' 'store'> <Ports = 2> <Width = 8> <Depth = 128> <RAM>
ST_3 : Operation 401 [2/3] (1.45ns) (grouped into DSP with root node add_ln886_4)   --->   "%mul_ln886_6 = mul i16 %sext_ln886_7, i16 %Q_tile_V_7_load_cast_cast"   --->   Operation 401 'mul' 'mul_ln886_6' <Predicate = (!icmp_ln154)> <Delay = 1.45> <CoreInst = "DSP48">   --->   Core 119 'DSP48' <Latency = 3> <II = 1> <Delay = 2.15> <IPBlock> <Opcode : 'mul' 'add' 'sub' 'select'> <InPorts = 0> <OutPorts = 1> <Sync> <CReg>
ST_3 : Operation 402 [1/2] (3.25ns)   --->   "%K_tile_V_8_load = load i7 %K_tile_V_8_addr"   --->   Operation 402 'load' 'K_tile_V_8_load' <Predicate = (!icmp_ln154)> <Delay = 3.25> <CoreInst = "RAM">   --->   Core 82 'RAM' <Latency = 1> <II = 1> <Delay = 3.25> <Storage> <Opcode : 'load' 'store'> <Ports = 2> <Width = 8> <Depth = 128> <RAM>
ST_3 : Operation 403 [2/3] (1.45ns) (grouped into DSP with root node add_ln886_7)   --->   "%mul_ln886_8 = mul i16 %sext_ln886_9, i16 %Q_tile_V_9_load_cast_cast"   --->   Operation 403 'mul' 'mul_ln886_8' <Predicate = (!icmp_ln154)> <Delay = 1.45> <CoreInst = "DSP48">   --->   Core 119 'DSP48' <Latency = 3> <II = 1> <Delay = 2.15> <IPBlock> <Opcode : 'mul' 'add' 'sub' 'select'> <InPorts = 0> <OutPorts = 1> <Sync> <CReg>
ST_3 : Operation 404 [1/2] (3.25ns)   --->   "%K_tile_V_10_load = load i7 %K_tile_V_10_addr"   --->   Operation 404 'load' 'K_tile_V_10_load' <Predicate = (!icmp_ln154)> <Delay = 3.25> <CoreInst = "RAM">   --->   Core 82 'RAM' <Latency = 1> <II = 1> <Delay = 3.25> <Storage> <Opcode : 'load' 'store'> <Ports = 2> <Width = 8> <Depth = 128> <RAM>
ST_3 : Operation 405 [2/3] (1.45ns) (grouped into DSP with root node add_ln886_8)   --->   "%mul_ln886_10 = mul i16 %sext_ln886_11, i16 %Q_tile_V_11_load_cast_cast"   --->   Operation 405 'mul' 'mul_ln886_10' <Predicate = (!icmp_ln154)> <Delay = 1.45> <CoreInst = "DSP48">   --->   Core 119 'DSP48' <Latency = 3> <II = 1> <Delay = 2.15> <IPBlock> <Opcode : 'mul' 'add' 'sub' 'select'> <InPorts = 0> <OutPorts = 1> <Sync> <CReg>
ST_3 : Operation 406 [1/2] (3.25ns)   --->   "%K_tile_V_12_load = load i7 %K_tile_V_12_addr"   --->   Operation 406 'load' 'K_tile_V_12_load' <Predicate = (!icmp_ln154)> <Delay = 3.25> <CoreInst = "RAM">   --->   Core 82 'RAM' <Latency = 1> <II = 1> <Delay = 3.25> <Storage> <Opcode : 'load' 'store'> <Ports = 2> <Width = 8> <Depth = 128> <RAM>
ST_3 : Operation 407 [2/3] (1.45ns) (grouped into DSP with root node add_ln886_10)   --->   "%mul_ln886_12 = mul i16 %sext_ln886_13, i16 %Q_tile_V_13_load_cast_cast"   --->   Operation 407 'mul' 'mul_ln886_12' <Predicate = (!icmp_ln154)> <Delay = 1.45> <CoreInst = "DSP48">   --->   Core 119 'DSP48' <Latency = 3> <II = 1> <Delay = 2.15> <IPBlock> <Opcode : 'mul' 'add' 'sub' 'select'> <InPorts = 0> <OutPorts = 1> <Sync> <CReg>
ST_3 : Operation 408 [1/2] (3.25ns)   --->   "%K_tile_V_14_load = load i7 %K_tile_V_14_addr"   --->   Operation 408 'load' 'K_tile_V_14_load' <Predicate = (!icmp_ln154)> <Delay = 3.25> <CoreInst = "RAM">   --->   Core 82 'RAM' <Latency = 1> <II = 1> <Delay = 3.25> <Storage> <Opcode : 'load' 'store'> <Ports = 2> <Width = 8> <Depth = 128> <RAM>
ST_3 : Operation 409 [2/3] (1.45ns) (grouped into DSP with root node add_ln886_11)   --->   "%mul_ln886_14 = mul i16 %sext_ln886_15, i16 %Q_tile_V_15_load_cast_cast"   --->   Operation 409 'mul' 'mul_ln886_14' <Predicate = (!icmp_ln154)> <Delay = 1.45> <CoreInst = "DSP48">   --->   Core 119 'DSP48' <Latency = 3> <II = 1> <Delay = 2.15> <IPBlock> <Opcode : 'mul' 'add' 'sub' 'select'> <InPorts = 0> <OutPorts = 1> <Sync> <CReg>
ST_3 : Operation 410 [1/2] (3.25ns)   --->   "%K_tile_V_16_load = load i7 %K_tile_V_16_addr"   --->   Operation 410 'load' 'K_tile_V_16_load' <Predicate = (!icmp_ln154)> <Delay = 3.25> <CoreInst = "RAM">   --->   Core 82 'RAM' <Latency = 1> <II = 1> <Delay = 3.25> <Storage> <Opcode : 'load' 'store'> <Ports = 2> <Width = 8> <Depth = 128> <RAM>
ST_3 : Operation 411 [2/3] (1.45ns) (grouped into DSP with root node add_ln886_15)   --->   "%mul_ln886_16 = mul i16 %sext_ln886_17, i16 %Q_tile_V_17_load_cast_cast"   --->   Operation 411 'mul' 'mul_ln886_16' <Predicate = (!icmp_ln154)> <Delay = 1.45> <CoreInst = "DSP48">   --->   Core 119 'DSP48' <Latency = 3> <II = 1> <Delay = 2.15> <IPBlock> <Opcode : 'mul' 'add' 'sub' 'select'> <InPorts = 0> <OutPorts = 1> <Sync> <CReg>
ST_3 : Operation 412 [1/2] (3.25ns)   --->   "%K_tile_V_18_load = load i7 %K_tile_V_18_addr"   --->   Operation 412 'load' 'K_tile_V_18_load' <Predicate = (!icmp_ln154)> <Delay = 3.25> <CoreInst = "RAM">   --->   Core 82 'RAM' <Latency = 1> <II = 1> <Delay = 3.25> <Storage> <Opcode : 'load' 'store'> <Ports = 2> <Width = 8> <Depth = 128> <RAM>
ST_3 : Operation 413 [2/3] (1.45ns) (grouped into DSP with root node add_ln886_16)   --->   "%mul_ln886_18 = mul i16 %sext_ln886_19, i16 %Q_tile_V_19_load_cast_cast"   --->   Operation 413 'mul' 'mul_ln886_18' <Predicate = (!icmp_ln154)> <Delay = 1.45> <CoreInst = "DSP48">   --->   Core 119 'DSP48' <Latency = 3> <II = 1> <Delay = 2.15> <IPBlock> <Opcode : 'mul' 'add' 'sub' 'select'> <InPorts = 0> <OutPorts = 1> <Sync> <CReg>
ST_3 : Operation 414 [1/2] (3.25ns)   --->   "%K_tile_V_20_load = load i7 %K_tile_V_20_addr"   --->   Operation 414 'load' 'K_tile_V_20_load' <Predicate = (!icmp_ln154)> <Delay = 3.25> <CoreInst = "RAM">   --->   Core 82 'RAM' <Latency = 1> <II = 1> <Delay = 3.25> <Storage> <Opcode : 'load' 'store'> <Ports = 2> <Width = 8> <Depth = 128> <RAM>
ST_3 : Operation 415 [2/3] (1.45ns) (grouped into DSP with root node add_ln886_18)   --->   "%mul_ln886_20 = mul i16 %sext_ln886_21, i16 %Q_tile_V_21_load_cast_cast"   --->   Operation 415 'mul' 'mul_ln886_20' <Predicate = (!icmp_ln154)> <Delay = 1.45> <CoreInst = "DSP48">   --->   Core 119 'DSP48' <Latency = 3> <II = 1> <Delay = 2.15> <IPBlock> <Opcode : 'mul' 'add' 'sub' 'select'> <InPorts = 0> <OutPorts = 1> <Sync> <CReg>
ST_3 : Operation 416 [1/2] (3.25ns)   --->   "%K_tile_V_22_load = load i7 %K_tile_V_22_addr"   --->   Operation 416 'load' 'K_tile_V_22_load' <Predicate = (!icmp_ln154)> <Delay = 3.25> <CoreInst = "RAM">   --->   Core 82 'RAM' <Latency = 1> <II = 1> <Delay = 3.25> <Storage> <Opcode : 'load' 'store'> <Ports = 2> <Width = 8> <Depth = 128> <RAM>
ST_3 : Operation 417 [2/3] (1.45ns) (grouped into DSP with root node add_ln886_19)   --->   "%mul_ln886_22 = mul i16 %sext_ln886_23, i16 %Q_tile_V_23_load_cast_cast"   --->   Operation 417 'mul' 'mul_ln886_22' <Predicate = (!icmp_ln154)> <Delay = 1.45> <CoreInst = "DSP48">   --->   Core 119 'DSP48' <Latency = 3> <II = 1> <Delay = 2.15> <IPBlock> <Opcode : 'mul' 'add' 'sub' 'select'> <InPorts = 0> <OutPorts = 1> <Sync> <CReg>
ST_3 : Operation 418 [1/2] (3.25ns)   --->   "%K_tile_V_24_load = load i7 %K_tile_V_24_addr"   --->   Operation 418 'load' 'K_tile_V_24_load' <Predicate = (!icmp_ln154)> <Delay = 3.25> <CoreInst = "RAM">   --->   Core 82 'RAM' <Latency = 1> <II = 1> <Delay = 3.25> <Storage> <Opcode : 'load' 'store'> <Ports = 2> <Width = 8> <Depth = 128> <RAM>
ST_3 : Operation 419 [2/3] (1.45ns) (grouped into DSP with root node add_ln886_22)   --->   "%mul_ln886_24 = mul i16 %sext_ln886_25, i16 %Q_tile_V_25_load_cast_cast"   --->   Operation 419 'mul' 'mul_ln886_24' <Predicate = (!icmp_ln154)> <Delay = 1.45> <CoreInst = "DSP48">   --->   Core 119 'DSP48' <Latency = 3> <II = 1> <Delay = 2.15> <IPBlock> <Opcode : 'mul' 'add' 'sub' 'select'> <InPorts = 0> <OutPorts = 1> <Sync> <CReg>
ST_3 : Operation 420 [1/2] (3.25ns)   --->   "%K_tile_V_26_load = load i7 %K_tile_V_26_addr"   --->   Operation 420 'load' 'K_tile_V_26_load' <Predicate = (!icmp_ln154)> <Delay = 3.25> <CoreInst = "RAM">   --->   Core 82 'RAM' <Latency = 1> <II = 1> <Delay = 3.25> <Storage> <Opcode : 'load' 'store'> <Ports = 2> <Width = 8> <Depth = 128> <RAM>
ST_3 : Operation 421 [2/3] (1.45ns) (grouped into DSP with root node add_ln886_23)   --->   "%mul_ln886_26 = mul i16 %sext_ln886_27, i16 %Q_tile_V_27_load_cast_cast"   --->   Operation 421 'mul' 'mul_ln886_26' <Predicate = (!icmp_ln154)> <Delay = 1.45> <CoreInst = "DSP48">   --->   Core 119 'DSP48' <Latency = 3> <II = 1> <Delay = 2.15> <IPBlock> <Opcode : 'mul' 'add' 'sub' 'select'> <InPorts = 0> <OutPorts = 1> <Sync> <CReg>
ST_3 : Operation 422 [1/2] (3.25ns)   --->   "%K_tile_V_28_load = load i7 %K_tile_V_28_addr"   --->   Operation 422 'load' 'K_tile_V_28_load' <Predicate = (!icmp_ln154)> <Delay = 3.25> <CoreInst = "RAM">   --->   Core 82 'RAM' <Latency = 1> <II = 1> <Delay = 3.25> <Storage> <Opcode : 'load' 'store'> <Ports = 2> <Width = 8> <Depth = 128> <RAM>
ST_3 : Operation 423 [2/3] (1.45ns) (grouped into DSP with root node add_ln886_25)   --->   "%mul_ln886_28 = mul i16 %sext_ln886_29, i16 %Q_tile_V_29_load_cast_cast"   --->   Operation 423 'mul' 'mul_ln886_28' <Predicate = (!icmp_ln154)> <Delay = 1.45> <CoreInst = "DSP48">   --->   Core 119 'DSP48' <Latency = 3> <II = 1> <Delay = 2.15> <IPBlock> <Opcode : 'mul' 'add' 'sub' 'select'> <InPorts = 0> <OutPorts = 1> <Sync> <CReg>
ST_3 : Operation 424 [1/2] (3.25ns)   --->   "%K_tile_V_30_load = load i7 %K_tile_V_30_addr"   --->   Operation 424 'load' 'K_tile_V_30_load' <Predicate = (!icmp_ln154)> <Delay = 3.25> <CoreInst = "RAM">   --->   Core 82 'RAM' <Latency = 1> <II = 1> <Delay = 3.25> <Storage> <Opcode : 'load' 'store'> <Ports = 2> <Width = 8> <Depth = 128> <RAM>
ST_3 : Operation 425 [2/3] (1.45ns) (grouped into DSP with root node add_ln886_26)   --->   "%mul_ln886_30 = mul i16 %sext_ln886_31, i16 %Q_tile_V_31_load_cast_cast"   --->   Operation 425 'mul' 'mul_ln886_30' <Predicate = (!icmp_ln154)> <Delay = 1.45> <CoreInst = "DSP48">   --->   Core 119 'DSP48' <Latency = 3> <II = 1> <Delay = 2.15> <IPBlock> <Opcode : 'mul' 'add' 'sub' 'select'> <InPorts = 0> <OutPorts = 1> <Sync> <CReg>
ST_3 : Operation 426 [1/2] (3.25ns)   --->   "%K_tile_V_32_load = load i7 %K_tile_V_32_addr"   --->   Operation 426 'load' 'K_tile_V_32_load' <Predicate = (!icmp_ln154)> <Delay = 3.25> <CoreInst = "RAM">   --->   Core 82 'RAM' <Latency = 1> <II = 1> <Delay = 3.25> <Storage> <Opcode : 'load' 'store'> <Ports = 2> <Width = 8> <Depth = 128> <RAM>
ST_3 : Operation 427 [2/3] (1.45ns) (grouped into DSP with root node add_ln886_31)   --->   "%mul_ln886_32 = mul i16 %sext_ln886_33, i16 %Q_tile_V_33_load_cast_cast"   --->   Operation 427 'mul' 'mul_ln886_32' <Predicate = (!icmp_ln154)> <Delay = 1.45> <CoreInst = "DSP48">   --->   Core 119 'DSP48' <Latency = 3> <II = 1> <Delay = 2.15> <IPBlock> <Opcode : 'mul' 'add' 'sub' 'select'> <InPorts = 0> <OutPorts = 1> <Sync> <CReg>
ST_3 : Operation 428 [1/2] (3.25ns)   --->   "%K_tile_V_34_load = load i7 %K_tile_V_34_addr"   --->   Operation 428 'load' 'K_tile_V_34_load' <Predicate = (!icmp_ln154)> <Delay = 3.25> <CoreInst = "RAM">   --->   Core 82 'RAM' <Latency = 1> <II = 1> <Delay = 3.25> <Storage> <Opcode : 'load' 'store'> <Ports = 2> <Width = 8> <Depth = 128> <RAM>
ST_3 : Operation 429 [2/3] (1.45ns) (grouped into DSP with root node add_ln886_32)   --->   "%mul_ln886_34 = mul i16 %sext_ln886_35, i16 %Q_tile_V_35_load_cast_cast"   --->   Operation 429 'mul' 'mul_ln886_34' <Predicate = (!icmp_ln154)> <Delay = 1.45> <CoreInst = "DSP48">   --->   Core 119 'DSP48' <Latency = 3> <II = 1> <Delay = 2.15> <IPBlock> <Opcode : 'mul' 'add' 'sub' 'select'> <InPorts = 0> <OutPorts = 1> <Sync> <CReg>
ST_3 : Operation 430 [1/2] (3.25ns)   --->   "%K_tile_V_36_load = load i7 %K_tile_V_36_addr"   --->   Operation 430 'load' 'K_tile_V_36_load' <Predicate = (!icmp_ln154)> <Delay = 3.25> <CoreInst = "RAM">   --->   Core 82 'RAM' <Latency = 1> <II = 1> <Delay = 3.25> <Storage> <Opcode : 'load' 'store'> <Ports = 2> <Width = 8> <Depth = 128> <RAM>
ST_3 : Operation 431 [2/3] (1.45ns) (grouped into DSP with root node add_ln886_34)   --->   "%mul_ln886_36 = mul i16 %sext_ln886_37, i16 %Q_tile_V_37_load_cast_cast"   --->   Operation 431 'mul' 'mul_ln886_36' <Predicate = (!icmp_ln154)> <Delay = 1.45> <CoreInst = "DSP48">   --->   Core 119 'DSP48' <Latency = 3> <II = 1> <Delay = 2.15> <IPBlock> <Opcode : 'mul' 'add' 'sub' 'select'> <InPorts = 0> <OutPorts = 1> <Sync> <CReg>
ST_3 : Operation 432 [1/2] (3.25ns)   --->   "%K_tile_V_38_load = load i7 %K_tile_V_38_addr"   --->   Operation 432 'load' 'K_tile_V_38_load' <Predicate = (!icmp_ln154)> <Delay = 3.25> <CoreInst = "RAM">   --->   Core 82 'RAM' <Latency = 1> <II = 1> <Delay = 3.25> <Storage> <Opcode : 'load' 'store'> <Ports = 2> <Width = 8> <Depth = 128> <RAM>
ST_3 : Operation 433 [2/3] (1.45ns) (grouped into DSP with root node add_ln886_35)   --->   "%mul_ln886_38 = mul i16 %sext_ln886_39, i16 %Q_tile_V_39_load_cast_cast"   --->   Operation 433 'mul' 'mul_ln886_38' <Predicate = (!icmp_ln154)> <Delay = 1.45> <CoreInst = "DSP48">   --->   Core 119 'DSP48' <Latency = 3> <II = 1> <Delay = 2.15> <IPBlock> <Opcode : 'mul' 'add' 'sub' 'select'> <InPorts = 0> <OutPorts = 1> <Sync> <CReg>
ST_3 : Operation 434 [1/2] (3.25ns)   --->   "%K_tile_V_40_load = load i7 %K_tile_V_40_addr"   --->   Operation 434 'load' 'K_tile_V_40_load' <Predicate = (!icmp_ln154)> <Delay = 3.25> <CoreInst = "RAM">   --->   Core 82 'RAM' <Latency = 1> <II = 1> <Delay = 3.25> <Storage> <Opcode : 'load' 'store'> <Ports = 2> <Width = 8> <Depth = 128> <RAM>
ST_3 : Operation 435 [2/3] (1.45ns) (grouped into DSP with root node add_ln886_38)   --->   "%mul_ln886_40 = mul i16 %sext_ln886_41, i16 %Q_tile_V_41_load_cast_cast"   --->   Operation 435 'mul' 'mul_ln886_40' <Predicate = (!icmp_ln154)> <Delay = 1.45> <CoreInst = "DSP48">   --->   Core 119 'DSP48' <Latency = 3> <II = 1> <Delay = 2.15> <IPBlock> <Opcode : 'mul' 'add' 'sub' 'select'> <InPorts = 0> <OutPorts = 1> <Sync> <CReg>
ST_3 : Operation 436 [1/2] (3.25ns)   --->   "%K_tile_V_42_load = load i7 %K_tile_V_42_addr"   --->   Operation 436 'load' 'K_tile_V_42_load' <Predicate = (!icmp_ln154)> <Delay = 3.25> <CoreInst = "RAM">   --->   Core 82 'RAM' <Latency = 1> <II = 1> <Delay = 3.25> <Storage> <Opcode : 'load' 'store'> <Ports = 2> <Width = 8> <Depth = 128> <RAM>
ST_3 : Operation 437 [2/3] (1.45ns) (grouped into DSP with root node add_ln886_39)   --->   "%mul_ln886_42 = mul i16 %sext_ln886_43, i16 %Q_tile_V_43_load_cast_cast"   --->   Operation 437 'mul' 'mul_ln886_42' <Predicate = (!icmp_ln154)> <Delay = 1.45> <CoreInst = "DSP48">   --->   Core 119 'DSP48' <Latency = 3> <II = 1> <Delay = 2.15> <IPBlock> <Opcode : 'mul' 'add' 'sub' 'select'> <InPorts = 0> <OutPorts = 1> <Sync> <CReg>
ST_3 : Operation 438 [1/2] (3.25ns)   --->   "%K_tile_V_44_load = load i7 %K_tile_V_44_addr"   --->   Operation 438 'load' 'K_tile_V_44_load' <Predicate = (!icmp_ln154)> <Delay = 3.25> <CoreInst = "RAM">   --->   Core 82 'RAM' <Latency = 1> <II = 1> <Delay = 3.25> <Storage> <Opcode : 'load' 'store'> <Ports = 2> <Width = 8> <Depth = 128> <RAM>
ST_3 : Operation 439 [2/3] (1.45ns) (grouped into DSP with root node add_ln886_41)   --->   "%mul_ln886_44 = mul i16 %sext_ln886_45, i16 %Q_tile_V_45_load_cast_cast"   --->   Operation 439 'mul' 'mul_ln886_44' <Predicate = (!icmp_ln154)> <Delay = 1.45> <CoreInst = "DSP48">   --->   Core 119 'DSP48' <Latency = 3> <II = 1> <Delay = 2.15> <IPBlock> <Opcode : 'mul' 'add' 'sub' 'select'> <InPorts = 0> <OutPorts = 1> <Sync> <CReg>
ST_3 : Operation 440 [1/2] (3.25ns)   --->   "%K_tile_V_46_load = load i7 %K_tile_V_46_addr"   --->   Operation 440 'load' 'K_tile_V_46_load' <Predicate = (!icmp_ln154)> <Delay = 3.25> <CoreInst = "RAM">   --->   Core 82 'RAM' <Latency = 1> <II = 1> <Delay = 3.25> <Storage> <Opcode : 'load' 'store'> <Ports = 2> <Width = 8> <Depth = 128> <RAM>
ST_3 : Operation 441 [2/3] (1.45ns) (grouped into DSP with root node add_ln886_42)   --->   "%mul_ln886_46 = mul i16 %sext_ln886_47, i16 %Q_tile_V_47_load_cast_cast"   --->   Operation 441 'mul' 'mul_ln886_46' <Predicate = (!icmp_ln154)> <Delay = 1.45> <CoreInst = "DSP48">   --->   Core 119 'DSP48' <Latency = 3> <II = 1> <Delay = 2.15> <IPBlock> <Opcode : 'mul' 'add' 'sub' 'select'> <InPorts = 0> <OutPorts = 1> <Sync> <CReg>
ST_3 : Operation 442 [1/2] (3.25ns)   --->   "%K_tile_V_48_load = load i7 %K_tile_V_48_addr"   --->   Operation 442 'load' 'K_tile_V_48_load' <Predicate = (!icmp_ln154)> <Delay = 3.25> <CoreInst = "RAM">   --->   Core 82 'RAM' <Latency = 1> <II = 1> <Delay = 3.25> <Storage> <Opcode : 'load' 'store'> <Ports = 2> <Width = 8> <Depth = 128> <RAM>
ST_3 : Operation 443 [2/3] (1.45ns) (grouped into DSP with root node add_ln886_46)   --->   "%mul_ln886_48 = mul i16 %sext_ln886_49, i16 %Q_tile_V_49_load_cast_cast"   --->   Operation 443 'mul' 'mul_ln886_48' <Predicate = (!icmp_ln154)> <Delay = 1.45> <CoreInst = "DSP48">   --->   Core 119 'DSP48' <Latency = 3> <II = 1> <Delay = 2.15> <IPBlock> <Opcode : 'mul' 'add' 'sub' 'select'> <InPorts = 0> <OutPorts = 1> <Sync> <CReg>
ST_3 : Operation 444 [1/2] (3.25ns)   --->   "%K_tile_V_50_load = load i7 %K_tile_V_50_addr"   --->   Operation 444 'load' 'K_tile_V_50_load' <Predicate = (!icmp_ln154)> <Delay = 3.25> <CoreInst = "RAM">   --->   Core 82 'RAM' <Latency = 1> <II = 1> <Delay = 3.25> <Storage> <Opcode : 'load' 'store'> <Ports = 2> <Width = 8> <Depth = 128> <RAM>
ST_3 : Operation 445 [2/3] (1.45ns) (grouped into DSP with root node add_ln886_47)   --->   "%mul_ln886_50 = mul i16 %sext_ln886_51, i16 %Q_tile_V_51_load_cast_cast"   --->   Operation 445 'mul' 'mul_ln886_50' <Predicate = (!icmp_ln154)> <Delay = 1.45> <CoreInst = "DSP48">   --->   Core 119 'DSP48' <Latency = 3> <II = 1> <Delay = 2.15> <IPBlock> <Opcode : 'mul' 'add' 'sub' 'select'> <InPorts = 0> <OutPorts = 1> <Sync> <CReg>
ST_3 : Operation 446 [1/2] (3.25ns)   --->   "%K_tile_V_52_load = load i7 %K_tile_V_52_addr"   --->   Operation 446 'load' 'K_tile_V_52_load' <Predicate = (!icmp_ln154)> <Delay = 3.25> <CoreInst = "RAM">   --->   Core 82 'RAM' <Latency = 1> <II = 1> <Delay = 3.25> <Storage> <Opcode : 'load' 'store'> <Ports = 2> <Width = 8> <Depth = 128> <RAM>
ST_3 : Operation 447 [2/3] (1.45ns) (grouped into DSP with root node add_ln886_49)   --->   "%mul_ln886_52 = mul i16 %sext_ln886_53, i16 %Q_tile_V_53_load_cast_cast"   --->   Operation 447 'mul' 'mul_ln886_52' <Predicate = (!icmp_ln154)> <Delay = 1.45> <CoreInst = "DSP48">   --->   Core 119 'DSP48' <Latency = 3> <II = 1> <Delay = 2.15> <IPBlock> <Opcode : 'mul' 'add' 'sub' 'select'> <InPorts = 0> <OutPorts = 1> <Sync> <CReg>
ST_3 : Operation 448 [1/2] (3.25ns)   --->   "%K_tile_V_54_load = load i7 %K_tile_V_54_addr"   --->   Operation 448 'load' 'K_tile_V_54_load' <Predicate = (!icmp_ln154)> <Delay = 3.25> <CoreInst = "RAM">   --->   Core 82 'RAM' <Latency = 1> <II = 1> <Delay = 3.25> <Storage> <Opcode : 'load' 'store'> <Ports = 2> <Width = 8> <Depth = 128> <RAM>
ST_3 : Operation 449 [2/3] (1.45ns) (grouped into DSP with root node add_ln886_50)   --->   "%mul_ln886_54 = mul i16 %sext_ln886_55, i16 %Q_tile_V_55_load_cast_cast"   --->   Operation 449 'mul' 'mul_ln886_54' <Predicate = (!icmp_ln154)> <Delay = 1.45> <CoreInst = "DSP48">   --->   Core 119 'DSP48' <Latency = 3> <II = 1> <Delay = 2.15> <IPBlock> <Opcode : 'mul' 'add' 'sub' 'select'> <InPorts = 0> <OutPorts = 1> <Sync> <CReg>
ST_3 : Operation 450 [1/2] (3.25ns)   --->   "%K_tile_V_56_load = load i7 %K_tile_V_56_addr"   --->   Operation 450 'load' 'K_tile_V_56_load' <Predicate = (!icmp_ln154)> <Delay = 3.25> <CoreInst = "RAM">   --->   Core 82 'RAM' <Latency = 1> <II = 1> <Delay = 3.25> <Storage> <Opcode : 'load' 'store'> <Ports = 2> <Width = 8> <Depth = 128> <RAM>
ST_3 : Operation 451 [2/3] (1.45ns) (grouped into DSP with root node add_ln886_53)   --->   "%mul_ln886_56 = mul i16 %sext_ln886_57, i16 %Q_tile_V_57_load_cast_cast"   --->   Operation 451 'mul' 'mul_ln886_56' <Predicate = (!icmp_ln154)> <Delay = 1.45> <CoreInst = "DSP48">   --->   Core 119 'DSP48' <Latency = 3> <II = 1> <Delay = 2.15> <IPBlock> <Opcode : 'mul' 'add' 'sub' 'select'> <InPorts = 0> <OutPorts = 1> <Sync> <CReg>
ST_3 : Operation 452 [1/2] (3.25ns)   --->   "%K_tile_V_58_load = load i7 %K_tile_V_58_addr"   --->   Operation 452 'load' 'K_tile_V_58_load' <Predicate = (!icmp_ln154)> <Delay = 3.25> <CoreInst = "RAM">   --->   Core 82 'RAM' <Latency = 1> <II = 1> <Delay = 3.25> <Storage> <Opcode : 'load' 'store'> <Ports = 2> <Width = 8> <Depth = 128> <RAM>
ST_3 : Operation 453 [2/3] (1.45ns) (grouped into DSP with root node add_ln886_54)   --->   "%mul_ln886_58 = mul i16 %sext_ln886_59, i16 %Q_tile_V_59_load_cast_cast"   --->   Operation 453 'mul' 'mul_ln886_58' <Predicate = (!icmp_ln154)> <Delay = 1.45> <CoreInst = "DSP48">   --->   Core 119 'DSP48' <Latency = 3> <II = 1> <Delay = 2.15> <IPBlock> <Opcode : 'mul' 'add' 'sub' 'select'> <InPorts = 0> <OutPorts = 1> <Sync> <CReg>
ST_3 : Operation 454 [1/2] (3.25ns)   --->   "%K_tile_V_60_load = load i7 %K_tile_V_60_addr"   --->   Operation 454 'load' 'K_tile_V_60_load' <Predicate = (!icmp_ln154)> <Delay = 3.25> <CoreInst = "RAM">   --->   Core 82 'RAM' <Latency = 1> <II = 1> <Delay = 3.25> <Storage> <Opcode : 'load' 'store'> <Ports = 2> <Width = 8> <Depth = 128> <RAM>
ST_3 : Operation 455 [2/3] (1.45ns) (grouped into DSP with root node add_ln886_56)   --->   "%mul_ln886_60 = mul i16 %sext_ln886_61, i16 %Q_tile_V_61_load_cast_cast"   --->   Operation 455 'mul' 'mul_ln886_60' <Predicate = (!icmp_ln154)> <Delay = 1.45> <CoreInst = "DSP48">   --->   Core 119 'DSP48' <Latency = 3> <II = 1> <Delay = 2.15> <IPBlock> <Opcode : 'mul' 'add' 'sub' 'select'> <InPorts = 0> <OutPorts = 1> <Sync> <CReg>
ST_3 : Operation 456 [1/2] (3.25ns)   --->   "%K_tile_V_62_load = load i7 %K_tile_V_62_addr"   --->   Operation 456 'load' 'K_tile_V_62_load' <Predicate = (!icmp_ln154)> <Delay = 3.25> <CoreInst = "RAM">   --->   Core 82 'RAM' <Latency = 1> <II = 1> <Delay = 3.25> <Storage> <Opcode : 'load' 'store'> <Ports = 2> <Width = 8> <Depth = 128> <RAM>
ST_3 : Operation 457 [2/3] (1.45ns) (grouped into DSP with root node add_ln886_57)   --->   "%mul_ln886_62 = mul i16 %sext_ln886_63, i16 %sext_ln146_cast"   --->   Operation 457 'mul' 'mul_ln886_62' <Predicate = (!icmp_ln154)> <Delay = 1.45> <CoreInst = "DSP48">   --->   Core 119 'DSP48' <Latency = 3> <II = 1> <Delay = 2.15> <IPBlock> <Opcode : 'mul' 'add' 'sub' 'select'> <InPorts = 0> <OutPorts = 1> <Sync> <CReg>

State 4 <SV = 3> <Delay = 6.47>
ST_4 : Operation 458 [1/3] (0.00ns) (grouped into DSP with root node add_ln886)   --->   "%acc_V = mul i16 %sext_ln886, i16 %Q_tile_V_load_cast_cast"   --->   Operation 458 'mul' 'acc_V' <Predicate = (!icmp_ln154)> <Delay = 0.00> <CoreInst = "DSP48">   --->   Core 119 'DSP48' <Latency = 3> <II = 1> <Delay = 2.15> <IPBlock> <Opcode : 'mul' 'add' 'sub' 'select'> <InPorts = 0> <OutPorts = 1> <Sync> <CReg>
ST_4 : Operation 459 [1/1] (0.00ns) (grouped into DSP with root node add_ln886)   --->   "%sext_ln148 = sext i16 %acc_V" [attention_int8.cpp:148]   --->   Operation 459 'sext' 'sext_ln148' <Predicate = (!icmp_ln154)> <Delay = 0.00>
ST_4 : Operation 460 [1/1] (0.00ns)   --->   "%sext_ln886_1 = sext i8 %K_tile_V_1_load"   --->   Operation 460 'sext' 'sext_ln886_1' <Predicate = (!icmp_ln154)> <Delay = 0.00>
ST_4 : Operation 461 [1/1] (4.37ns)   --->   "%mul_ln886 = mul i16 %sext_ln886_1, i16 %Q_tile_V_1_load_cast_cast"   --->   Operation 461 'mul' 'mul_ln886' <Predicate = (!icmp_ln154)> <Delay = 4.37> <CoreInst = "Multiplier">   --->   Core 3 'Multiplier' <Latency = 0> <II = 1> <Delay = 4.37> <FuncUnit> <Opcode : 'mul'> <InPorts = 2> <OutPorts = 1>
ST_4 : Operation 462 [1/1] (0.00ns)   --->   "%sext_ln75 = sext i16 %mul_ln886"   --->   Operation 462 'sext' 'sext_ln75' <Predicate = (!icmp_ln154)> <Delay = 0.00>
ST_4 : Operation 463 [1/1] (0.00ns)   --->   "%sext_ln886_2 = sext i8 %K_tile_V_2_load"   --->   Operation 463 'sext' 'sext_ln886_2' <Predicate = (!icmp_ln154)> <Delay = 0.00>
ST_4 : Operation 464 [1/1] (4.37ns)   --->   "%mul_ln886_1 = mul i16 %sext_ln886_2, i16 %Q_tile_V_2_load_cast_cast"   --->   Operation 464 'mul' 'mul_ln886_1' <Predicate = (!icmp_ln154)> <Delay = 4.37> <CoreInst = "Multiplier">   --->   Core 3 'Multiplier' <Latency = 0> <II = 1> <Delay = 4.37> <FuncUnit> <Opcode : 'mul'> <InPorts = 2> <OutPorts = 1>
ST_4 : Operation 465 [1/1] (0.00ns)   --->   "%sext_ln75_1 = sext i16 %mul_ln886_1"   --->   Operation 465 'sext' 'sext_ln75_1' <Predicate = (!icmp_ln154)> <Delay = 0.00>
ST_4 : Operation 466 [1/3] (0.00ns) (grouped into DSP with root node add_ln886_1)   --->   "%mul_ln886_2 = mul i16 %sext_ln886_3, i16 %Q_tile_V_3_load_cast_cast"   --->   Operation 466 'mul' 'mul_ln886_2' <Predicate = (!icmp_ln154)> <Delay = 0.00> <CoreInst = "DSP48">   --->   Core 119 'DSP48' <Latency = 3> <II = 1> <Delay = 2.15> <IPBlock> <Opcode : 'mul' 'add' 'sub' 'select'> <InPorts = 0> <OutPorts = 1> <Sync> <CReg>
ST_4 : Operation 467 [1/1] (0.00ns) (grouped into DSP with root node add_ln886_1)   --->   "%sext_ln75_2 = sext i16 %mul_ln886_2"   --->   Operation 467 'sext' 'sext_ln75_2' <Predicate = (!icmp_ln154)> <Delay = 0.00>
ST_4 : Operation 468 [1/1] (0.00ns)   --->   "%sext_ln886_4 = sext i8 %K_tile_V_4_load"   --->   Operation 468 'sext' 'sext_ln886_4' <Predicate = (!icmp_ln154)> <Delay = 0.00>
ST_4 : Operation 469 [1/1] (4.37ns)   --->   "%mul_ln886_3 = mul i16 %sext_ln886_4, i16 %Q_tile_V_4_load_cast_cast"   --->   Operation 469 'mul' 'mul_ln886_3' <Predicate = (!icmp_ln154)> <Delay = 4.37> <CoreInst = "Multiplier">   --->   Core 3 'Multiplier' <Latency = 0> <II = 1> <Delay = 4.37> <FuncUnit> <Opcode : 'mul'> <InPorts = 2> <OutPorts = 1>
ST_4 : Operation 470 [1/1] (0.00ns)   --->   "%sext_ln75_3 = sext i16 %mul_ln886_3"   --->   Operation 470 'sext' 'sext_ln75_3' <Predicate = (!icmp_ln154)> <Delay = 0.00>
ST_4 : Operation 471 [1/3] (0.00ns) (grouped into DSP with root node add_ln886_3)   --->   "%mul_ln886_4 = mul i16 %sext_ln886_5, i16 %Q_tile_V_5_load_cast_cast"   --->   Operation 471 'mul' 'mul_ln886_4' <Predicate = (!icmp_ln154)> <Delay = 0.00> <CoreInst = "DSP48">   --->   Core 119 'DSP48' <Latency = 3> <II = 1> <Delay = 2.15> <IPBlock> <Opcode : 'mul' 'add' 'sub' 'select'> <InPorts = 0> <OutPorts = 1> <Sync> <CReg>
ST_4 : Operation 472 [1/1] (0.00ns) (grouped into DSP with root node add_ln886_3)   --->   "%sext_ln75_4 = sext i16 %mul_ln886_4"   --->   Operation 472 'sext' 'sext_ln75_4' <Predicate = (!icmp_ln154)> <Delay = 0.00>
ST_4 : Operation 473 [1/1] (0.00ns)   --->   "%sext_ln886_6 = sext i8 %K_tile_V_6_load"   --->   Operation 473 'sext' 'sext_ln886_6' <Predicate = (!icmp_ln154)> <Delay = 0.00>
ST_4 : Operation 474 [1/1] (4.37ns)   --->   "%mul_ln886_5 = mul i16 %sext_ln886_6, i16 %Q_tile_V_6_load_cast_cast"   --->   Operation 474 'mul' 'mul_ln886_5' <Predicate = (!icmp_ln154)> <Delay = 4.37> <CoreInst = "Multiplier">   --->   Core 3 'Multiplier' <Latency = 0> <II = 1> <Delay = 4.37> <FuncUnit> <Opcode : 'mul'> <InPorts = 2> <OutPorts = 1>
ST_4 : Operation 475 [1/1] (0.00ns)   --->   "%sext_ln75_5 = sext i16 %mul_ln886_5"   --->   Operation 475 'sext' 'sext_ln75_5' <Predicate = (!icmp_ln154)> <Delay = 0.00>
ST_4 : Operation 476 [1/3] (0.00ns) (grouped into DSP with root node add_ln886_4)   --->   "%mul_ln886_6 = mul i16 %sext_ln886_7, i16 %Q_tile_V_7_load_cast_cast"   --->   Operation 476 'mul' 'mul_ln886_6' <Predicate = (!icmp_ln154)> <Delay = 0.00> <CoreInst = "DSP48">   --->   Core 119 'DSP48' <Latency = 3> <II = 1> <Delay = 2.15> <IPBlock> <Opcode : 'mul' 'add' 'sub' 'select'> <InPorts = 0> <OutPorts = 1> <Sync> <CReg>
ST_4 : Operation 477 [1/1] (0.00ns) (grouped into DSP with root node add_ln886_4)   --->   "%sext_ln75_6 = sext i16 %mul_ln886_6"   --->   Operation 477 'sext' 'sext_ln75_6' <Predicate = (!icmp_ln154)> <Delay = 0.00>
ST_4 : Operation 478 [1/1] (0.00ns)   --->   "%sext_ln886_8 = sext i8 %K_tile_V_8_load"   --->   Operation 478 'sext' 'sext_ln886_8' <Predicate = (!icmp_ln154)> <Delay = 0.00>
ST_4 : Operation 479 [1/1] (4.37ns)   --->   "%mul_ln886_7 = mul i16 %sext_ln886_8, i16 %Q_tile_V_8_load_cast_cast"   --->   Operation 479 'mul' 'mul_ln886_7' <Predicate = (!icmp_ln154)> <Delay = 4.37> <CoreInst = "Multiplier">   --->   Core 3 'Multiplier' <Latency = 0> <II = 1> <Delay = 4.37> <FuncUnit> <Opcode : 'mul'> <InPorts = 2> <OutPorts = 1>
ST_4 : Operation 480 [1/1] (0.00ns)   --->   "%sext_ln75_7 = sext i16 %mul_ln886_7"   --->   Operation 480 'sext' 'sext_ln75_7' <Predicate = (!icmp_ln154)> <Delay = 0.00>
ST_4 : Operation 481 [1/3] (0.00ns) (grouped into DSP with root node add_ln886_7)   --->   "%mul_ln886_8 = mul i16 %sext_ln886_9, i16 %Q_tile_V_9_load_cast_cast"   --->   Operation 481 'mul' 'mul_ln886_8' <Predicate = (!icmp_ln154)> <Delay = 0.00> <CoreInst = "DSP48">   --->   Core 119 'DSP48' <Latency = 3> <II = 1> <Delay = 2.15> <IPBlock> <Opcode : 'mul' 'add' 'sub' 'select'> <InPorts = 0> <OutPorts = 1> <Sync> <CReg>
ST_4 : Operation 482 [1/1] (0.00ns) (grouped into DSP with root node add_ln886_7)   --->   "%sext_ln75_8 = sext i16 %mul_ln886_8"   --->   Operation 482 'sext' 'sext_ln75_8' <Predicate = (!icmp_ln154)> <Delay = 0.00>
ST_4 : Operation 483 [1/1] (0.00ns)   --->   "%sext_ln886_10 = sext i8 %K_tile_V_10_load"   --->   Operation 483 'sext' 'sext_ln886_10' <Predicate = (!icmp_ln154)> <Delay = 0.00>
ST_4 : Operation 484 [1/1] (4.37ns)   --->   "%mul_ln886_9 = mul i16 %sext_ln886_10, i16 %Q_tile_V_10_load_cast_cast"   --->   Operation 484 'mul' 'mul_ln886_9' <Predicate = (!icmp_ln154)> <Delay = 4.37> <CoreInst = "Multiplier">   --->   Core 3 'Multiplier' <Latency = 0> <II = 1> <Delay = 4.37> <FuncUnit> <Opcode : 'mul'> <InPorts = 2> <OutPorts = 1>
ST_4 : Operation 485 [1/1] (0.00ns)   --->   "%sext_ln75_9 = sext i16 %mul_ln886_9"   --->   Operation 485 'sext' 'sext_ln75_9' <Predicate = (!icmp_ln154)> <Delay = 0.00>
ST_4 : Operation 486 [1/3] (0.00ns) (grouped into DSP with root node add_ln886_8)   --->   "%mul_ln886_10 = mul i16 %sext_ln886_11, i16 %Q_tile_V_11_load_cast_cast"   --->   Operation 486 'mul' 'mul_ln886_10' <Predicate = (!icmp_ln154)> <Delay = 0.00> <CoreInst = "DSP48">   --->   Core 119 'DSP48' <Latency = 3> <II = 1> <Delay = 2.15> <IPBlock> <Opcode : 'mul' 'add' 'sub' 'select'> <InPorts = 0> <OutPorts = 1> <Sync> <CReg>
ST_4 : Operation 487 [1/1] (0.00ns) (grouped into DSP with root node add_ln886_8)   --->   "%sext_ln75_10 = sext i16 %mul_ln886_10"   --->   Operation 487 'sext' 'sext_ln75_10' <Predicate = (!icmp_ln154)> <Delay = 0.00>
ST_4 : Operation 488 [1/1] (0.00ns)   --->   "%sext_ln886_12 = sext i8 %K_tile_V_12_load"   --->   Operation 488 'sext' 'sext_ln886_12' <Predicate = (!icmp_ln154)> <Delay = 0.00>
ST_4 : Operation 489 [1/1] (4.37ns)   --->   "%mul_ln886_11 = mul i16 %sext_ln886_12, i16 %Q_tile_V_12_load_cast_cast"   --->   Operation 489 'mul' 'mul_ln886_11' <Predicate = (!icmp_ln154)> <Delay = 4.37> <CoreInst = "Multiplier">   --->   Core 3 'Multiplier' <Latency = 0> <II = 1> <Delay = 4.37> <FuncUnit> <Opcode : 'mul'> <InPorts = 2> <OutPorts = 1>
ST_4 : Operation 490 [1/1] (0.00ns)   --->   "%sext_ln75_11 = sext i16 %mul_ln886_11"   --->   Operation 490 'sext' 'sext_ln75_11' <Predicate = (!icmp_ln154)> <Delay = 0.00>
ST_4 : Operation 491 [1/3] (0.00ns) (grouped into DSP with root node add_ln886_10)   --->   "%mul_ln886_12 = mul i16 %sext_ln886_13, i16 %Q_tile_V_13_load_cast_cast"   --->   Operation 491 'mul' 'mul_ln886_12' <Predicate = (!icmp_ln154)> <Delay = 0.00> <CoreInst = "DSP48">   --->   Core 119 'DSP48' <Latency = 3> <II = 1> <Delay = 2.15> <IPBlock> <Opcode : 'mul' 'add' 'sub' 'select'> <InPorts = 0> <OutPorts = 1> <Sync> <CReg>
ST_4 : Operation 492 [1/1] (0.00ns) (grouped into DSP with root node add_ln886_10)   --->   "%sext_ln75_12 = sext i16 %mul_ln886_12"   --->   Operation 492 'sext' 'sext_ln75_12' <Predicate = (!icmp_ln154)> <Delay = 0.00>
ST_4 : Operation 493 [1/1] (0.00ns)   --->   "%sext_ln886_14 = sext i8 %K_tile_V_14_load"   --->   Operation 493 'sext' 'sext_ln886_14' <Predicate = (!icmp_ln154)> <Delay = 0.00>
ST_4 : Operation 494 [1/1] (4.37ns)   --->   "%mul_ln886_13 = mul i16 %sext_ln886_14, i16 %Q_tile_V_14_load_cast_cast"   --->   Operation 494 'mul' 'mul_ln886_13' <Predicate = (!icmp_ln154)> <Delay = 4.37> <CoreInst = "Multiplier">   --->   Core 3 'Multiplier' <Latency = 0> <II = 1> <Delay = 4.37> <FuncUnit> <Opcode : 'mul'> <InPorts = 2> <OutPorts = 1>
ST_4 : Operation 495 [1/1] (0.00ns)   --->   "%sext_ln75_13 = sext i16 %mul_ln886_13"   --->   Operation 495 'sext' 'sext_ln75_13' <Predicate = (!icmp_ln154)> <Delay = 0.00>
ST_4 : Operation 496 [1/3] (0.00ns) (grouped into DSP with root node add_ln886_11)   --->   "%mul_ln886_14 = mul i16 %sext_ln886_15, i16 %Q_tile_V_15_load_cast_cast"   --->   Operation 496 'mul' 'mul_ln886_14' <Predicate = (!icmp_ln154)> <Delay = 0.00> <CoreInst = "DSP48">   --->   Core 119 'DSP48' <Latency = 3> <II = 1> <Delay = 2.15> <IPBlock> <Opcode : 'mul' 'add' 'sub' 'select'> <InPorts = 0> <OutPorts = 1> <Sync> <CReg>
ST_4 : Operation 497 [1/1] (0.00ns) (grouped into DSP with root node add_ln886_11)   --->   "%sext_ln75_14 = sext i16 %mul_ln886_14"   --->   Operation 497 'sext' 'sext_ln75_14' <Predicate = (!icmp_ln154)> <Delay = 0.00>
ST_4 : Operation 498 [1/1] (0.00ns)   --->   "%sext_ln886_16 = sext i8 %K_tile_V_16_load"   --->   Operation 498 'sext' 'sext_ln886_16' <Predicate = (!icmp_ln154)> <Delay = 0.00>
ST_4 : Operation 499 [1/1] (4.37ns)   --->   "%mul_ln886_15 = mul i16 %sext_ln886_16, i16 %Q_tile_V_16_load_cast_cast"   --->   Operation 499 'mul' 'mul_ln886_15' <Predicate = (!icmp_ln154)> <Delay = 4.37> <CoreInst = "Multiplier">   --->   Core 3 'Multiplier' <Latency = 0> <II = 1> <Delay = 4.37> <FuncUnit> <Opcode : 'mul'> <InPorts = 2> <OutPorts = 1>
ST_4 : Operation 500 [1/1] (0.00ns)   --->   "%sext_ln75_15 = sext i16 %mul_ln886_15"   --->   Operation 500 'sext' 'sext_ln75_15' <Predicate = (!icmp_ln154)> <Delay = 0.00>
ST_4 : Operation 501 [1/3] (0.00ns) (grouped into DSP with root node add_ln886_15)   --->   "%mul_ln886_16 = mul i16 %sext_ln886_17, i16 %Q_tile_V_17_load_cast_cast"   --->   Operation 501 'mul' 'mul_ln886_16' <Predicate = (!icmp_ln154)> <Delay = 0.00> <CoreInst = "DSP48">   --->   Core 119 'DSP48' <Latency = 3> <II = 1> <Delay = 2.15> <IPBlock> <Opcode : 'mul' 'add' 'sub' 'select'> <InPorts = 0> <OutPorts = 1> <Sync> <CReg>
ST_4 : Operation 502 [1/1] (0.00ns) (grouped into DSP with root node add_ln886_15)   --->   "%sext_ln75_16 = sext i16 %mul_ln886_16"   --->   Operation 502 'sext' 'sext_ln75_16' <Predicate = (!icmp_ln154)> <Delay = 0.00>
ST_4 : Operation 503 [1/1] (0.00ns)   --->   "%sext_ln886_18 = sext i8 %K_tile_V_18_load"   --->   Operation 503 'sext' 'sext_ln886_18' <Predicate = (!icmp_ln154)> <Delay = 0.00>
ST_4 : Operation 504 [1/1] (4.37ns)   --->   "%mul_ln886_17 = mul i16 %sext_ln886_18, i16 %Q_tile_V_18_load_cast_cast"   --->   Operation 504 'mul' 'mul_ln886_17' <Predicate = (!icmp_ln154)> <Delay = 4.37> <CoreInst = "Multiplier">   --->   Core 3 'Multiplier' <Latency = 0> <II = 1> <Delay = 4.37> <FuncUnit> <Opcode : 'mul'> <InPorts = 2> <OutPorts = 1>
ST_4 : Operation 505 [1/1] (0.00ns)   --->   "%sext_ln75_17 = sext i16 %mul_ln886_17"   --->   Operation 505 'sext' 'sext_ln75_17' <Predicate = (!icmp_ln154)> <Delay = 0.00>
ST_4 : Operation 506 [1/3] (0.00ns) (grouped into DSP with root node add_ln886_16)   --->   "%mul_ln886_18 = mul i16 %sext_ln886_19, i16 %Q_tile_V_19_load_cast_cast"   --->   Operation 506 'mul' 'mul_ln886_18' <Predicate = (!icmp_ln154)> <Delay = 0.00> <CoreInst = "DSP48">   --->   Core 119 'DSP48' <Latency = 3> <II = 1> <Delay = 2.15> <IPBlock> <Opcode : 'mul' 'add' 'sub' 'select'> <InPorts = 0> <OutPorts = 1> <Sync> <CReg>
ST_4 : Operation 507 [1/1] (0.00ns) (grouped into DSP with root node add_ln886_16)   --->   "%sext_ln75_18 = sext i16 %mul_ln886_18"   --->   Operation 507 'sext' 'sext_ln75_18' <Predicate = (!icmp_ln154)> <Delay = 0.00>
ST_4 : Operation 508 [1/1] (0.00ns)   --->   "%sext_ln886_20 = sext i8 %K_tile_V_20_load"   --->   Operation 508 'sext' 'sext_ln886_20' <Predicate = (!icmp_ln154)> <Delay = 0.00>
ST_4 : Operation 509 [1/1] (4.37ns)   --->   "%mul_ln886_19 = mul i16 %sext_ln886_20, i16 %Q_tile_V_20_load_cast_cast"   --->   Operation 509 'mul' 'mul_ln886_19' <Predicate = (!icmp_ln154)> <Delay = 4.37> <CoreInst = "Multiplier">   --->   Core 3 'Multiplier' <Latency = 0> <II = 1> <Delay = 4.37> <FuncUnit> <Opcode : 'mul'> <InPorts = 2> <OutPorts = 1>
ST_4 : Operation 510 [1/1] (0.00ns)   --->   "%sext_ln75_19 = sext i16 %mul_ln886_19"   --->   Operation 510 'sext' 'sext_ln75_19' <Predicate = (!icmp_ln154)> <Delay = 0.00>
ST_4 : Operation 511 [1/3] (0.00ns) (grouped into DSP with root node add_ln886_18)   --->   "%mul_ln886_20 = mul i16 %sext_ln886_21, i16 %Q_tile_V_21_load_cast_cast"   --->   Operation 511 'mul' 'mul_ln886_20' <Predicate = (!icmp_ln154)> <Delay = 0.00> <CoreInst = "DSP48">   --->   Core 119 'DSP48' <Latency = 3> <II = 1> <Delay = 2.15> <IPBlock> <Opcode : 'mul' 'add' 'sub' 'select'> <InPorts = 0> <OutPorts = 1> <Sync> <CReg>
ST_4 : Operation 512 [1/1] (0.00ns) (grouped into DSP with root node add_ln886_18)   --->   "%sext_ln75_20 = sext i16 %mul_ln886_20"   --->   Operation 512 'sext' 'sext_ln75_20' <Predicate = (!icmp_ln154)> <Delay = 0.00>
ST_4 : Operation 513 [1/1] (0.00ns)   --->   "%sext_ln886_22 = sext i8 %K_tile_V_22_load"   --->   Operation 513 'sext' 'sext_ln886_22' <Predicate = (!icmp_ln154)> <Delay = 0.00>
ST_4 : Operation 514 [1/1] (4.37ns)   --->   "%mul_ln886_21 = mul i16 %sext_ln886_22, i16 %Q_tile_V_22_load_cast_cast"   --->   Operation 514 'mul' 'mul_ln886_21' <Predicate = (!icmp_ln154)> <Delay = 4.37> <CoreInst = "Multiplier">   --->   Core 3 'Multiplier' <Latency = 0> <II = 1> <Delay = 4.37> <FuncUnit> <Opcode : 'mul'> <InPorts = 2> <OutPorts = 1>
ST_4 : Operation 515 [1/1] (0.00ns)   --->   "%sext_ln75_21 = sext i16 %mul_ln886_21"   --->   Operation 515 'sext' 'sext_ln75_21' <Predicate = (!icmp_ln154)> <Delay = 0.00>
ST_4 : Operation 516 [1/3] (0.00ns) (grouped into DSP with root node add_ln886_19)   --->   "%mul_ln886_22 = mul i16 %sext_ln886_23, i16 %Q_tile_V_23_load_cast_cast"   --->   Operation 516 'mul' 'mul_ln886_22' <Predicate = (!icmp_ln154)> <Delay = 0.00> <CoreInst = "DSP48">   --->   Core 119 'DSP48' <Latency = 3> <II = 1> <Delay = 2.15> <IPBlock> <Opcode : 'mul' 'add' 'sub' 'select'> <InPorts = 0> <OutPorts = 1> <Sync> <CReg>
ST_4 : Operation 517 [1/1] (0.00ns) (grouped into DSP with root node add_ln886_19)   --->   "%sext_ln75_22 = sext i16 %mul_ln886_22"   --->   Operation 517 'sext' 'sext_ln75_22' <Predicate = (!icmp_ln154)> <Delay = 0.00>
ST_4 : Operation 518 [1/1] (0.00ns)   --->   "%sext_ln886_24 = sext i8 %K_tile_V_24_load"   --->   Operation 518 'sext' 'sext_ln886_24' <Predicate = (!icmp_ln154)> <Delay = 0.00>
ST_4 : Operation 519 [1/1] (4.37ns)   --->   "%mul_ln886_23 = mul i16 %sext_ln886_24, i16 %Q_tile_V_24_load_cast_cast"   --->   Operation 519 'mul' 'mul_ln886_23' <Predicate = (!icmp_ln154)> <Delay = 4.37> <CoreInst = "Multiplier">   --->   Core 3 'Multiplier' <Latency = 0> <II = 1> <Delay = 4.37> <FuncUnit> <Opcode : 'mul'> <InPorts = 2> <OutPorts = 1>
ST_4 : Operation 520 [1/1] (0.00ns)   --->   "%sext_ln75_23 = sext i16 %mul_ln886_23"   --->   Operation 520 'sext' 'sext_ln75_23' <Predicate = (!icmp_ln154)> <Delay = 0.00>
ST_4 : Operation 521 [1/3] (0.00ns) (grouped into DSP with root node add_ln886_22)   --->   "%mul_ln886_24 = mul i16 %sext_ln886_25, i16 %Q_tile_V_25_load_cast_cast"   --->   Operation 521 'mul' 'mul_ln886_24' <Predicate = (!icmp_ln154)> <Delay = 0.00> <CoreInst = "DSP48">   --->   Core 119 'DSP48' <Latency = 3> <II = 1> <Delay = 2.15> <IPBlock> <Opcode : 'mul' 'add' 'sub' 'select'> <InPorts = 0> <OutPorts = 1> <Sync> <CReg>
ST_4 : Operation 522 [1/1] (0.00ns) (grouped into DSP with root node add_ln886_22)   --->   "%sext_ln75_24 = sext i16 %mul_ln886_24"   --->   Operation 522 'sext' 'sext_ln75_24' <Predicate = (!icmp_ln154)> <Delay = 0.00>
ST_4 : Operation 523 [1/1] (0.00ns)   --->   "%sext_ln886_26 = sext i8 %K_tile_V_26_load"   --->   Operation 523 'sext' 'sext_ln886_26' <Predicate = (!icmp_ln154)> <Delay = 0.00>
ST_4 : Operation 524 [1/1] (4.37ns)   --->   "%mul_ln886_25 = mul i16 %sext_ln886_26, i16 %Q_tile_V_26_load_cast_cast"   --->   Operation 524 'mul' 'mul_ln886_25' <Predicate = (!icmp_ln154)> <Delay = 4.37> <CoreInst = "Multiplier">   --->   Core 3 'Multiplier' <Latency = 0> <II = 1> <Delay = 4.37> <FuncUnit> <Opcode : 'mul'> <InPorts = 2> <OutPorts = 1>
ST_4 : Operation 525 [1/1] (0.00ns)   --->   "%sext_ln75_25 = sext i16 %mul_ln886_25"   --->   Operation 525 'sext' 'sext_ln75_25' <Predicate = (!icmp_ln154)> <Delay = 0.00>
ST_4 : Operation 526 [1/3] (0.00ns) (grouped into DSP with root node add_ln886_23)   --->   "%mul_ln886_26 = mul i16 %sext_ln886_27, i16 %Q_tile_V_27_load_cast_cast"   --->   Operation 526 'mul' 'mul_ln886_26' <Predicate = (!icmp_ln154)> <Delay = 0.00> <CoreInst = "DSP48">   --->   Core 119 'DSP48' <Latency = 3> <II = 1> <Delay = 2.15> <IPBlock> <Opcode : 'mul' 'add' 'sub' 'select'> <InPorts = 0> <OutPorts = 1> <Sync> <CReg>
ST_4 : Operation 527 [1/1] (0.00ns) (grouped into DSP with root node add_ln886_23)   --->   "%sext_ln75_26 = sext i16 %mul_ln886_26"   --->   Operation 527 'sext' 'sext_ln75_26' <Predicate = (!icmp_ln154)> <Delay = 0.00>
ST_4 : Operation 528 [1/1] (0.00ns)   --->   "%sext_ln886_28 = sext i8 %K_tile_V_28_load"   --->   Operation 528 'sext' 'sext_ln886_28' <Predicate = (!icmp_ln154)> <Delay = 0.00>
ST_4 : Operation 529 [1/1] (4.37ns)   --->   "%mul_ln886_27 = mul i16 %sext_ln886_28, i16 %Q_tile_V_28_load_cast_cast"   --->   Operation 529 'mul' 'mul_ln886_27' <Predicate = (!icmp_ln154)> <Delay = 4.37> <CoreInst = "Multiplier">   --->   Core 3 'Multiplier' <Latency = 0> <II = 1> <Delay = 4.37> <FuncUnit> <Opcode : 'mul'> <InPorts = 2> <OutPorts = 1>
ST_4 : Operation 530 [1/1] (0.00ns)   --->   "%sext_ln75_27 = sext i16 %mul_ln886_27"   --->   Operation 530 'sext' 'sext_ln75_27' <Predicate = (!icmp_ln154)> <Delay = 0.00>
ST_4 : Operation 531 [1/3] (0.00ns) (grouped into DSP with root node add_ln886_25)   --->   "%mul_ln886_28 = mul i16 %sext_ln886_29, i16 %Q_tile_V_29_load_cast_cast"   --->   Operation 531 'mul' 'mul_ln886_28' <Predicate = (!icmp_ln154)> <Delay = 0.00> <CoreInst = "DSP48">   --->   Core 119 'DSP48' <Latency = 3> <II = 1> <Delay = 2.15> <IPBlock> <Opcode : 'mul' 'add' 'sub' 'select'> <InPorts = 0> <OutPorts = 1> <Sync> <CReg>
ST_4 : Operation 532 [1/1] (0.00ns) (grouped into DSP with root node add_ln886_25)   --->   "%sext_ln75_28 = sext i16 %mul_ln886_28"   --->   Operation 532 'sext' 'sext_ln75_28' <Predicate = (!icmp_ln154)> <Delay = 0.00>
ST_4 : Operation 533 [1/1] (0.00ns)   --->   "%sext_ln886_30 = sext i8 %K_tile_V_30_load"   --->   Operation 533 'sext' 'sext_ln886_30' <Predicate = (!icmp_ln154)> <Delay = 0.00>
ST_4 : Operation 534 [1/1] (4.37ns)   --->   "%mul_ln886_29 = mul i16 %sext_ln886_30, i16 %Q_tile_V_30_load_cast_cast"   --->   Operation 534 'mul' 'mul_ln886_29' <Predicate = (!icmp_ln154)> <Delay = 4.37> <CoreInst = "Multiplier">   --->   Core 3 'Multiplier' <Latency = 0> <II = 1> <Delay = 4.37> <FuncUnit> <Opcode : 'mul'> <InPorts = 2> <OutPorts = 1>
ST_4 : Operation 535 [1/1] (0.00ns)   --->   "%sext_ln75_29 = sext i16 %mul_ln886_29"   --->   Operation 535 'sext' 'sext_ln75_29' <Predicate = (!icmp_ln154)> <Delay = 0.00>
ST_4 : Operation 536 [1/3] (0.00ns) (grouped into DSP with root node add_ln886_26)   --->   "%mul_ln886_30 = mul i16 %sext_ln886_31, i16 %Q_tile_V_31_load_cast_cast"   --->   Operation 536 'mul' 'mul_ln886_30' <Predicate = (!icmp_ln154)> <Delay = 0.00> <CoreInst = "DSP48">   --->   Core 119 'DSP48' <Latency = 3> <II = 1> <Delay = 2.15> <IPBlock> <Opcode : 'mul' 'add' 'sub' 'select'> <InPorts = 0> <OutPorts = 1> <Sync> <CReg>
ST_4 : Operation 537 [1/1] (0.00ns) (grouped into DSP with root node add_ln886_26)   --->   "%sext_ln75_30 = sext i16 %mul_ln886_30"   --->   Operation 537 'sext' 'sext_ln75_30' <Predicate = (!icmp_ln154)> <Delay = 0.00>
ST_4 : Operation 538 [1/1] (0.00ns)   --->   "%sext_ln886_32 = sext i8 %K_tile_V_32_load"   --->   Operation 538 'sext' 'sext_ln886_32' <Predicate = (!icmp_ln154)> <Delay = 0.00>
ST_4 : Operation 539 [1/1] (4.37ns)   --->   "%mul_ln886_31 = mul i16 %sext_ln886_32, i16 %Q_tile_V_32_load_cast_cast"   --->   Operation 539 'mul' 'mul_ln886_31' <Predicate = (!icmp_ln154)> <Delay = 4.37> <CoreInst = "Multiplier">   --->   Core 3 'Multiplier' <Latency = 0> <II = 1> <Delay = 4.37> <FuncUnit> <Opcode : 'mul'> <InPorts = 2> <OutPorts = 1>
ST_4 : Operation 540 [1/1] (0.00ns)   --->   "%sext_ln75_31 = sext i16 %mul_ln886_31"   --->   Operation 540 'sext' 'sext_ln75_31' <Predicate = (!icmp_ln154)> <Delay = 0.00>
ST_4 : Operation 541 [1/3] (0.00ns) (grouped into DSP with root node add_ln886_31)   --->   "%mul_ln886_32 = mul i16 %sext_ln886_33, i16 %Q_tile_V_33_load_cast_cast"   --->   Operation 541 'mul' 'mul_ln886_32' <Predicate = (!icmp_ln154)> <Delay = 0.00> <CoreInst = "DSP48">   --->   Core 119 'DSP48' <Latency = 3> <II = 1> <Delay = 2.15> <IPBlock> <Opcode : 'mul' 'add' 'sub' 'select'> <InPorts = 0> <OutPorts = 1> <Sync> <CReg>
ST_4 : Operation 542 [1/1] (0.00ns) (grouped into DSP with root node add_ln886_31)   --->   "%sext_ln75_32 = sext i16 %mul_ln886_32"   --->   Operation 542 'sext' 'sext_ln75_32' <Predicate = (!icmp_ln154)> <Delay = 0.00>
ST_4 : Operation 543 [1/1] (0.00ns)   --->   "%sext_ln886_34 = sext i8 %K_tile_V_34_load"   --->   Operation 543 'sext' 'sext_ln886_34' <Predicate = (!icmp_ln154)> <Delay = 0.00>
ST_4 : Operation 544 [1/1] (4.37ns)   --->   "%mul_ln886_33 = mul i16 %sext_ln886_34, i16 %Q_tile_V_34_load_cast_cast"   --->   Operation 544 'mul' 'mul_ln886_33' <Predicate = (!icmp_ln154)> <Delay = 4.37> <CoreInst = "Multiplier">   --->   Core 3 'Multiplier' <Latency = 0> <II = 1> <Delay = 4.37> <FuncUnit> <Opcode : 'mul'> <InPorts = 2> <OutPorts = 1>
ST_4 : Operation 545 [1/1] (0.00ns)   --->   "%sext_ln75_33 = sext i16 %mul_ln886_33"   --->   Operation 545 'sext' 'sext_ln75_33' <Predicate = (!icmp_ln154)> <Delay = 0.00>
ST_4 : Operation 546 [1/3] (0.00ns) (grouped into DSP with root node add_ln886_32)   --->   "%mul_ln886_34 = mul i16 %sext_ln886_35, i16 %Q_tile_V_35_load_cast_cast"   --->   Operation 546 'mul' 'mul_ln886_34' <Predicate = (!icmp_ln154)> <Delay = 0.00> <CoreInst = "DSP48">   --->   Core 119 'DSP48' <Latency = 3> <II = 1> <Delay = 2.15> <IPBlock> <Opcode : 'mul' 'add' 'sub' 'select'> <InPorts = 0> <OutPorts = 1> <Sync> <CReg>
ST_4 : Operation 547 [1/1] (0.00ns) (grouped into DSP with root node add_ln886_32)   --->   "%sext_ln75_34 = sext i16 %mul_ln886_34"   --->   Operation 547 'sext' 'sext_ln75_34' <Predicate = (!icmp_ln154)> <Delay = 0.00>
ST_4 : Operation 548 [1/1] (0.00ns)   --->   "%sext_ln886_36 = sext i8 %K_tile_V_36_load"   --->   Operation 548 'sext' 'sext_ln886_36' <Predicate = (!icmp_ln154)> <Delay = 0.00>
ST_4 : Operation 549 [1/1] (4.37ns)   --->   "%mul_ln886_35 = mul i16 %sext_ln886_36, i16 %Q_tile_V_36_load_cast_cast"   --->   Operation 549 'mul' 'mul_ln886_35' <Predicate = (!icmp_ln154)> <Delay = 4.37> <CoreInst = "Multiplier">   --->   Core 3 'Multiplier' <Latency = 0> <II = 1> <Delay = 4.37> <FuncUnit> <Opcode : 'mul'> <InPorts = 2> <OutPorts = 1>
ST_4 : Operation 550 [1/1] (0.00ns)   --->   "%sext_ln75_35 = sext i16 %mul_ln886_35"   --->   Operation 550 'sext' 'sext_ln75_35' <Predicate = (!icmp_ln154)> <Delay = 0.00>
ST_4 : Operation 551 [1/3] (0.00ns) (grouped into DSP with root node add_ln886_34)   --->   "%mul_ln886_36 = mul i16 %sext_ln886_37, i16 %Q_tile_V_37_load_cast_cast"   --->   Operation 551 'mul' 'mul_ln886_36' <Predicate = (!icmp_ln154)> <Delay = 0.00> <CoreInst = "DSP48">   --->   Core 119 'DSP48' <Latency = 3> <II = 1> <Delay = 2.15> <IPBlock> <Opcode : 'mul' 'add' 'sub' 'select'> <InPorts = 0> <OutPorts = 1> <Sync> <CReg>
ST_4 : Operation 552 [1/1] (0.00ns) (grouped into DSP with root node add_ln886_34)   --->   "%sext_ln75_36 = sext i16 %mul_ln886_36"   --->   Operation 552 'sext' 'sext_ln75_36' <Predicate = (!icmp_ln154)> <Delay = 0.00>
ST_4 : Operation 553 [1/1] (0.00ns)   --->   "%sext_ln886_38 = sext i8 %K_tile_V_38_load"   --->   Operation 553 'sext' 'sext_ln886_38' <Predicate = (!icmp_ln154)> <Delay = 0.00>
ST_4 : Operation 554 [1/1] (4.37ns)   --->   "%mul_ln886_37 = mul i16 %sext_ln886_38, i16 %Q_tile_V_38_load_cast_cast"   --->   Operation 554 'mul' 'mul_ln886_37' <Predicate = (!icmp_ln154)> <Delay = 4.37> <CoreInst = "Multiplier">   --->   Core 3 'Multiplier' <Latency = 0> <II = 1> <Delay = 4.37> <FuncUnit> <Opcode : 'mul'> <InPorts = 2> <OutPorts = 1>
ST_4 : Operation 555 [1/1] (0.00ns)   --->   "%sext_ln75_37 = sext i16 %mul_ln886_37"   --->   Operation 555 'sext' 'sext_ln75_37' <Predicate = (!icmp_ln154)> <Delay = 0.00>
ST_4 : Operation 556 [1/3] (0.00ns) (grouped into DSP with root node add_ln886_35)   --->   "%mul_ln886_38 = mul i16 %sext_ln886_39, i16 %Q_tile_V_39_load_cast_cast"   --->   Operation 556 'mul' 'mul_ln886_38' <Predicate = (!icmp_ln154)> <Delay = 0.00> <CoreInst = "DSP48">   --->   Core 119 'DSP48' <Latency = 3> <II = 1> <Delay = 2.15> <IPBlock> <Opcode : 'mul' 'add' 'sub' 'select'> <InPorts = 0> <OutPorts = 1> <Sync> <CReg>
ST_4 : Operation 557 [1/1] (0.00ns) (grouped into DSP with root node add_ln886_35)   --->   "%sext_ln75_38 = sext i16 %mul_ln886_38"   --->   Operation 557 'sext' 'sext_ln75_38' <Predicate = (!icmp_ln154)> <Delay = 0.00>
ST_4 : Operation 558 [1/1] (0.00ns)   --->   "%sext_ln886_40 = sext i8 %K_tile_V_40_load"   --->   Operation 558 'sext' 'sext_ln886_40' <Predicate = (!icmp_ln154)> <Delay = 0.00>
ST_4 : Operation 559 [1/1] (4.37ns)   --->   "%mul_ln886_39 = mul i16 %sext_ln886_40, i16 %Q_tile_V_40_load_cast_cast"   --->   Operation 559 'mul' 'mul_ln886_39' <Predicate = (!icmp_ln154)> <Delay = 4.37> <CoreInst = "Multiplier">   --->   Core 3 'Multiplier' <Latency = 0> <II = 1> <Delay = 4.37> <FuncUnit> <Opcode : 'mul'> <InPorts = 2> <OutPorts = 1>
ST_4 : Operation 560 [1/1] (0.00ns)   --->   "%sext_ln75_39 = sext i16 %mul_ln886_39"   --->   Operation 560 'sext' 'sext_ln75_39' <Predicate = (!icmp_ln154)> <Delay = 0.00>
ST_4 : Operation 561 [1/3] (0.00ns) (grouped into DSP with root node add_ln886_38)   --->   "%mul_ln886_40 = mul i16 %sext_ln886_41, i16 %Q_tile_V_41_load_cast_cast"   --->   Operation 561 'mul' 'mul_ln886_40' <Predicate = (!icmp_ln154)> <Delay = 0.00> <CoreInst = "DSP48">   --->   Core 119 'DSP48' <Latency = 3> <II = 1> <Delay = 2.15> <IPBlock> <Opcode : 'mul' 'add' 'sub' 'select'> <InPorts = 0> <OutPorts = 1> <Sync> <CReg>
ST_4 : Operation 562 [1/1] (0.00ns) (grouped into DSP with root node add_ln886_38)   --->   "%sext_ln75_40 = sext i16 %mul_ln886_40"   --->   Operation 562 'sext' 'sext_ln75_40' <Predicate = (!icmp_ln154)> <Delay = 0.00>
ST_4 : Operation 563 [1/1] (0.00ns)   --->   "%sext_ln886_42 = sext i8 %K_tile_V_42_load"   --->   Operation 563 'sext' 'sext_ln886_42' <Predicate = (!icmp_ln154)> <Delay = 0.00>
ST_4 : Operation 564 [1/1] (4.37ns)   --->   "%mul_ln886_41 = mul i16 %sext_ln886_42, i16 %Q_tile_V_42_load_cast_cast"   --->   Operation 564 'mul' 'mul_ln886_41' <Predicate = (!icmp_ln154)> <Delay = 4.37> <CoreInst = "Multiplier">   --->   Core 3 'Multiplier' <Latency = 0> <II = 1> <Delay = 4.37> <FuncUnit> <Opcode : 'mul'> <InPorts = 2> <OutPorts = 1>
ST_4 : Operation 565 [1/1] (0.00ns)   --->   "%sext_ln75_41 = sext i16 %mul_ln886_41"   --->   Operation 565 'sext' 'sext_ln75_41' <Predicate = (!icmp_ln154)> <Delay = 0.00>
ST_4 : Operation 566 [1/3] (0.00ns) (grouped into DSP with root node add_ln886_39)   --->   "%mul_ln886_42 = mul i16 %sext_ln886_43, i16 %Q_tile_V_43_load_cast_cast"   --->   Operation 566 'mul' 'mul_ln886_42' <Predicate = (!icmp_ln154)> <Delay = 0.00> <CoreInst = "DSP48">   --->   Core 119 'DSP48' <Latency = 3> <II = 1> <Delay = 2.15> <IPBlock> <Opcode : 'mul' 'add' 'sub' 'select'> <InPorts = 0> <OutPorts = 1> <Sync> <CReg>
ST_4 : Operation 567 [1/1] (0.00ns) (grouped into DSP with root node add_ln886_39)   --->   "%sext_ln75_42 = sext i16 %mul_ln886_42"   --->   Operation 567 'sext' 'sext_ln75_42' <Predicate = (!icmp_ln154)> <Delay = 0.00>
ST_4 : Operation 568 [1/1] (0.00ns)   --->   "%sext_ln886_44 = sext i8 %K_tile_V_44_load"   --->   Operation 568 'sext' 'sext_ln886_44' <Predicate = (!icmp_ln154)> <Delay = 0.00>
ST_4 : Operation 569 [1/1] (4.37ns)   --->   "%mul_ln886_43 = mul i16 %sext_ln886_44, i16 %Q_tile_V_44_load_cast_cast"   --->   Operation 569 'mul' 'mul_ln886_43' <Predicate = (!icmp_ln154)> <Delay = 4.37> <CoreInst = "Multiplier">   --->   Core 3 'Multiplier' <Latency = 0> <II = 1> <Delay = 4.37> <FuncUnit> <Opcode : 'mul'> <InPorts = 2> <OutPorts = 1>
ST_4 : Operation 570 [1/1] (0.00ns)   --->   "%sext_ln75_43 = sext i16 %mul_ln886_43"   --->   Operation 570 'sext' 'sext_ln75_43' <Predicate = (!icmp_ln154)> <Delay = 0.00>
ST_4 : Operation 571 [1/3] (0.00ns) (grouped into DSP with root node add_ln886_41)   --->   "%mul_ln886_44 = mul i16 %sext_ln886_45, i16 %Q_tile_V_45_load_cast_cast"   --->   Operation 571 'mul' 'mul_ln886_44' <Predicate = (!icmp_ln154)> <Delay = 0.00> <CoreInst = "DSP48">   --->   Core 119 'DSP48' <Latency = 3> <II = 1> <Delay = 2.15> <IPBlock> <Opcode : 'mul' 'add' 'sub' 'select'> <InPorts = 0> <OutPorts = 1> <Sync> <CReg>
ST_4 : Operation 572 [1/1] (0.00ns) (grouped into DSP with root node add_ln886_41)   --->   "%sext_ln75_44 = sext i16 %mul_ln886_44"   --->   Operation 572 'sext' 'sext_ln75_44' <Predicate = (!icmp_ln154)> <Delay = 0.00>
ST_4 : Operation 573 [1/1] (0.00ns)   --->   "%sext_ln886_46 = sext i8 %K_tile_V_46_load"   --->   Operation 573 'sext' 'sext_ln886_46' <Predicate = (!icmp_ln154)> <Delay = 0.00>
ST_4 : Operation 574 [1/1] (4.37ns)   --->   "%mul_ln886_45 = mul i16 %sext_ln886_46, i16 %Q_tile_V_46_load_cast_cast"   --->   Operation 574 'mul' 'mul_ln886_45' <Predicate = (!icmp_ln154)> <Delay = 4.37> <CoreInst = "Multiplier">   --->   Core 3 'Multiplier' <Latency = 0> <II = 1> <Delay = 4.37> <FuncUnit> <Opcode : 'mul'> <InPorts = 2> <OutPorts = 1>
ST_4 : Operation 575 [1/1] (0.00ns)   --->   "%sext_ln75_45 = sext i16 %mul_ln886_45"   --->   Operation 575 'sext' 'sext_ln75_45' <Predicate = (!icmp_ln154)> <Delay = 0.00>
ST_4 : Operation 576 [1/3] (0.00ns) (grouped into DSP with root node add_ln886_42)   --->   "%mul_ln886_46 = mul i16 %sext_ln886_47, i16 %Q_tile_V_47_load_cast_cast"   --->   Operation 576 'mul' 'mul_ln886_46' <Predicate = (!icmp_ln154)> <Delay = 0.00> <CoreInst = "DSP48">   --->   Core 119 'DSP48' <Latency = 3> <II = 1> <Delay = 2.15> <IPBlock> <Opcode : 'mul' 'add' 'sub' 'select'> <InPorts = 0> <OutPorts = 1> <Sync> <CReg>
ST_4 : Operation 577 [1/1] (0.00ns) (grouped into DSP with root node add_ln886_42)   --->   "%sext_ln75_46 = sext i16 %mul_ln886_46"   --->   Operation 577 'sext' 'sext_ln75_46' <Predicate = (!icmp_ln154)> <Delay = 0.00>
ST_4 : Operation 578 [1/1] (0.00ns)   --->   "%sext_ln886_48 = sext i8 %K_tile_V_48_load"   --->   Operation 578 'sext' 'sext_ln886_48' <Predicate = (!icmp_ln154)> <Delay = 0.00>
ST_4 : Operation 579 [1/1] (4.37ns)   --->   "%mul_ln886_47 = mul i16 %sext_ln886_48, i16 %Q_tile_V_48_load_cast_cast"   --->   Operation 579 'mul' 'mul_ln886_47' <Predicate = (!icmp_ln154)> <Delay = 4.37> <CoreInst = "Multiplier">   --->   Core 3 'Multiplier' <Latency = 0> <II = 1> <Delay = 4.37> <FuncUnit> <Opcode : 'mul'> <InPorts = 2> <OutPorts = 1>
ST_4 : Operation 580 [1/1] (0.00ns)   --->   "%sext_ln75_47 = sext i16 %mul_ln886_47"   --->   Operation 580 'sext' 'sext_ln75_47' <Predicate = (!icmp_ln154)> <Delay = 0.00>
ST_4 : Operation 581 [1/3] (0.00ns) (grouped into DSP with root node add_ln886_46)   --->   "%mul_ln886_48 = mul i16 %sext_ln886_49, i16 %Q_tile_V_49_load_cast_cast"   --->   Operation 581 'mul' 'mul_ln886_48' <Predicate = (!icmp_ln154)> <Delay = 0.00> <CoreInst = "DSP48">   --->   Core 119 'DSP48' <Latency = 3> <II = 1> <Delay = 2.15> <IPBlock> <Opcode : 'mul' 'add' 'sub' 'select'> <InPorts = 0> <OutPorts = 1> <Sync> <CReg>
ST_4 : Operation 582 [1/1] (0.00ns) (grouped into DSP with root node add_ln886_46)   --->   "%sext_ln75_48 = sext i16 %mul_ln886_48"   --->   Operation 582 'sext' 'sext_ln75_48' <Predicate = (!icmp_ln154)> <Delay = 0.00>
ST_4 : Operation 583 [1/1] (0.00ns)   --->   "%sext_ln886_50 = sext i8 %K_tile_V_50_load"   --->   Operation 583 'sext' 'sext_ln886_50' <Predicate = (!icmp_ln154)> <Delay = 0.00>
ST_4 : Operation 584 [1/1] (4.37ns)   --->   "%mul_ln886_49 = mul i16 %sext_ln886_50, i16 %Q_tile_V_50_load_cast_cast"   --->   Operation 584 'mul' 'mul_ln886_49' <Predicate = (!icmp_ln154)> <Delay = 4.37> <CoreInst = "Multiplier">   --->   Core 3 'Multiplier' <Latency = 0> <II = 1> <Delay = 4.37> <FuncUnit> <Opcode : 'mul'> <InPorts = 2> <OutPorts = 1>
ST_4 : Operation 585 [1/1] (0.00ns)   --->   "%sext_ln75_49 = sext i16 %mul_ln886_49"   --->   Operation 585 'sext' 'sext_ln75_49' <Predicate = (!icmp_ln154)> <Delay = 0.00>
ST_4 : Operation 586 [1/3] (0.00ns) (grouped into DSP with root node add_ln886_47)   --->   "%mul_ln886_50 = mul i16 %sext_ln886_51, i16 %Q_tile_V_51_load_cast_cast"   --->   Operation 586 'mul' 'mul_ln886_50' <Predicate = (!icmp_ln154)> <Delay = 0.00> <CoreInst = "DSP48">   --->   Core 119 'DSP48' <Latency = 3> <II = 1> <Delay = 2.15> <IPBlock> <Opcode : 'mul' 'add' 'sub' 'select'> <InPorts = 0> <OutPorts = 1> <Sync> <CReg>
ST_4 : Operation 587 [1/1] (0.00ns) (grouped into DSP with root node add_ln886_47)   --->   "%sext_ln75_50 = sext i16 %mul_ln886_50"   --->   Operation 587 'sext' 'sext_ln75_50' <Predicate = (!icmp_ln154)> <Delay = 0.00>
ST_4 : Operation 588 [1/1] (0.00ns)   --->   "%sext_ln886_52 = sext i8 %K_tile_V_52_load"   --->   Operation 588 'sext' 'sext_ln886_52' <Predicate = (!icmp_ln154)> <Delay = 0.00>
ST_4 : Operation 589 [1/1] (4.37ns)   --->   "%mul_ln886_51 = mul i16 %sext_ln886_52, i16 %Q_tile_V_52_load_cast_cast"   --->   Operation 589 'mul' 'mul_ln886_51' <Predicate = (!icmp_ln154)> <Delay = 4.37> <CoreInst = "Multiplier">   --->   Core 3 'Multiplier' <Latency = 0> <II = 1> <Delay = 4.37> <FuncUnit> <Opcode : 'mul'> <InPorts = 2> <OutPorts = 1>
ST_4 : Operation 590 [1/1] (0.00ns)   --->   "%sext_ln75_51 = sext i16 %mul_ln886_51"   --->   Operation 590 'sext' 'sext_ln75_51' <Predicate = (!icmp_ln154)> <Delay = 0.00>
ST_4 : Operation 591 [1/3] (0.00ns) (grouped into DSP with root node add_ln886_49)   --->   "%mul_ln886_52 = mul i16 %sext_ln886_53, i16 %Q_tile_V_53_load_cast_cast"   --->   Operation 591 'mul' 'mul_ln886_52' <Predicate = (!icmp_ln154)> <Delay = 0.00> <CoreInst = "DSP48">   --->   Core 119 'DSP48' <Latency = 3> <II = 1> <Delay = 2.15> <IPBlock> <Opcode : 'mul' 'add' 'sub' 'select'> <InPorts = 0> <OutPorts = 1> <Sync> <CReg>
ST_4 : Operation 592 [1/1] (0.00ns) (grouped into DSP with root node add_ln886_49)   --->   "%sext_ln75_52 = sext i16 %mul_ln886_52"   --->   Operation 592 'sext' 'sext_ln75_52' <Predicate = (!icmp_ln154)> <Delay = 0.00>
ST_4 : Operation 593 [1/1] (0.00ns)   --->   "%sext_ln886_54 = sext i8 %K_tile_V_54_load"   --->   Operation 593 'sext' 'sext_ln886_54' <Predicate = (!icmp_ln154)> <Delay = 0.00>
ST_4 : Operation 594 [1/1] (4.37ns)   --->   "%mul_ln886_53 = mul i16 %sext_ln886_54, i16 %Q_tile_V_54_load_cast_cast"   --->   Operation 594 'mul' 'mul_ln886_53' <Predicate = (!icmp_ln154)> <Delay = 4.37> <CoreInst = "Multiplier">   --->   Core 3 'Multiplier' <Latency = 0> <II = 1> <Delay = 4.37> <FuncUnit> <Opcode : 'mul'> <InPorts = 2> <OutPorts = 1>
ST_4 : Operation 595 [1/1] (0.00ns)   --->   "%sext_ln75_53 = sext i16 %mul_ln886_53"   --->   Operation 595 'sext' 'sext_ln75_53' <Predicate = (!icmp_ln154)> <Delay = 0.00>
ST_4 : Operation 596 [1/3] (0.00ns) (grouped into DSP with root node add_ln886_50)   --->   "%mul_ln886_54 = mul i16 %sext_ln886_55, i16 %Q_tile_V_55_load_cast_cast"   --->   Operation 596 'mul' 'mul_ln886_54' <Predicate = (!icmp_ln154)> <Delay = 0.00> <CoreInst = "DSP48">   --->   Core 119 'DSP48' <Latency = 3> <II = 1> <Delay = 2.15> <IPBlock> <Opcode : 'mul' 'add' 'sub' 'select'> <InPorts = 0> <OutPorts = 1> <Sync> <CReg>
ST_4 : Operation 597 [1/1] (0.00ns) (grouped into DSP with root node add_ln886_50)   --->   "%sext_ln75_54 = sext i16 %mul_ln886_54"   --->   Operation 597 'sext' 'sext_ln75_54' <Predicate = (!icmp_ln154)> <Delay = 0.00>
ST_4 : Operation 598 [1/1] (0.00ns)   --->   "%sext_ln886_56 = sext i8 %K_tile_V_56_load"   --->   Operation 598 'sext' 'sext_ln886_56' <Predicate = (!icmp_ln154)> <Delay = 0.00>
ST_4 : Operation 599 [1/1] (4.37ns)   --->   "%mul_ln886_55 = mul i16 %sext_ln886_56, i16 %Q_tile_V_56_load_cast_cast"   --->   Operation 599 'mul' 'mul_ln886_55' <Predicate = (!icmp_ln154)> <Delay = 4.37> <CoreInst = "Multiplier">   --->   Core 3 'Multiplier' <Latency = 0> <II = 1> <Delay = 4.37> <FuncUnit> <Opcode : 'mul'> <InPorts = 2> <OutPorts = 1>
ST_4 : Operation 600 [1/1] (0.00ns)   --->   "%sext_ln75_55 = sext i16 %mul_ln886_55"   --->   Operation 600 'sext' 'sext_ln75_55' <Predicate = (!icmp_ln154)> <Delay = 0.00>
ST_4 : Operation 601 [1/3] (0.00ns) (grouped into DSP with root node add_ln886_53)   --->   "%mul_ln886_56 = mul i16 %sext_ln886_57, i16 %Q_tile_V_57_load_cast_cast"   --->   Operation 601 'mul' 'mul_ln886_56' <Predicate = (!icmp_ln154)> <Delay = 0.00> <CoreInst = "DSP48">   --->   Core 119 'DSP48' <Latency = 3> <II = 1> <Delay = 2.15> <IPBlock> <Opcode : 'mul' 'add' 'sub' 'select'> <InPorts = 0> <OutPorts = 1> <Sync> <CReg>
ST_4 : Operation 602 [1/1] (0.00ns) (grouped into DSP with root node add_ln886_53)   --->   "%sext_ln75_56 = sext i16 %mul_ln886_56"   --->   Operation 602 'sext' 'sext_ln75_56' <Predicate = (!icmp_ln154)> <Delay = 0.00>
ST_4 : Operation 603 [1/1] (0.00ns)   --->   "%sext_ln886_58 = sext i8 %K_tile_V_58_load"   --->   Operation 603 'sext' 'sext_ln886_58' <Predicate = (!icmp_ln154)> <Delay = 0.00>
ST_4 : Operation 604 [1/1] (4.37ns)   --->   "%mul_ln886_57 = mul i16 %sext_ln886_58, i16 %Q_tile_V_58_load_cast_cast"   --->   Operation 604 'mul' 'mul_ln886_57' <Predicate = (!icmp_ln154)> <Delay = 4.37> <CoreInst = "Multiplier">   --->   Core 3 'Multiplier' <Latency = 0> <II = 1> <Delay = 4.37> <FuncUnit> <Opcode : 'mul'> <InPorts = 2> <OutPorts = 1>
ST_4 : Operation 605 [1/1] (0.00ns)   --->   "%sext_ln75_57 = sext i16 %mul_ln886_57"   --->   Operation 605 'sext' 'sext_ln75_57' <Predicate = (!icmp_ln154)> <Delay = 0.00>
ST_4 : Operation 606 [1/3] (0.00ns) (grouped into DSP with root node add_ln886_54)   --->   "%mul_ln886_58 = mul i16 %sext_ln886_59, i16 %Q_tile_V_59_load_cast_cast"   --->   Operation 606 'mul' 'mul_ln886_58' <Predicate = (!icmp_ln154)> <Delay = 0.00> <CoreInst = "DSP48">   --->   Core 119 'DSP48' <Latency = 3> <II = 1> <Delay = 2.15> <IPBlock> <Opcode : 'mul' 'add' 'sub' 'select'> <InPorts = 0> <OutPorts = 1> <Sync> <CReg>
ST_4 : Operation 607 [1/1] (0.00ns) (grouped into DSP with root node add_ln886_54)   --->   "%sext_ln75_58 = sext i16 %mul_ln886_58"   --->   Operation 607 'sext' 'sext_ln75_58' <Predicate = (!icmp_ln154)> <Delay = 0.00>
ST_4 : Operation 608 [1/1] (0.00ns)   --->   "%sext_ln886_60 = sext i8 %K_tile_V_60_load"   --->   Operation 608 'sext' 'sext_ln886_60' <Predicate = (!icmp_ln154)> <Delay = 0.00>
ST_4 : Operation 609 [1/1] (4.37ns)   --->   "%mul_ln886_59 = mul i16 %sext_ln886_60, i16 %Q_tile_V_60_load_cast_cast"   --->   Operation 609 'mul' 'mul_ln886_59' <Predicate = (!icmp_ln154)> <Delay = 4.37> <CoreInst = "Multiplier">   --->   Core 3 'Multiplier' <Latency = 0> <II = 1> <Delay = 4.37> <FuncUnit> <Opcode : 'mul'> <InPorts = 2> <OutPorts = 1>
ST_4 : Operation 610 [1/1] (0.00ns)   --->   "%sext_ln75_59 = sext i16 %mul_ln886_59"   --->   Operation 610 'sext' 'sext_ln75_59' <Predicate = (!icmp_ln154)> <Delay = 0.00>
ST_4 : Operation 611 [1/3] (0.00ns) (grouped into DSP with root node add_ln886_56)   --->   "%mul_ln886_60 = mul i16 %sext_ln886_61, i16 %Q_tile_V_61_load_cast_cast"   --->   Operation 611 'mul' 'mul_ln886_60' <Predicate = (!icmp_ln154)> <Delay = 0.00> <CoreInst = "DSP48">   --->   Core 119 'DSP48' <Latency = 3> <II = 1> <Delay = 2.15> <IPBlock> <Opcode : 'mul' 'add' 'sub' 'select'> <InPorts = 0> <OutPorts = 1> <Sync> <CReg>
ST_4 : Operation 612 [1/1] (0.00ns) (grouped into DSP with root node add_ln886_56)   --->   "%sext_ln75_60 = sext i16 %mul_ln886_60"   --->   Operation 612 'sext' 'sext_ln75_60' <Predicate = (!icmp_ln154)> <Delay = 0.00>
ST_4 : Operation 613 [1/1] (0.00ns)   --->   "%sext_ln886_62 = sext i8 %K_tile_V_62_load"   --->   Operation 613 'sext' 'sext_ln886_62' <Predicate = (!icmp_ln154)> <Delay = 0.00>
ST_4 : Operation 614 [1/1] (4.37ns)   --->   "%mul_ln886_61 = mul i16 %sext_ln886_62, i16 %Q_tile_V_62_load_cast_cast"   --->   Operation 614 'mul' 'mul_ln886_61' <Predicate = (!icmp_ln154)> <Delay = 4.37> <CoreInst = "Multiplier">   --->   Core 3 'Multiplier' <Latency = 0> <II = 1> <Delay = 4.37> <FuncUnit> <Opcode : 'mul'> <InPorts = 2> <OutPorts = 1>
ST_4 : Operation 615 [1/1] (0.00ns)   --->   "%sext_ln75_61 = sext i16 %mul_ln886_61"   --->   Operation 615 'sext' 'sext_ln75_61' <Predicate = (!icmp_ln154)> <Delay = 0.00>
ST_4 : Operation 616 [1/3] (0.00ns) (grouped into DSP with root node add_ln886_57)   --->   "%mul_ln886_62 = mul i16 %sext_ln886_63, i16 %sext_ln146_cast"   --->   Operation 616 'mul' 'mul_ln886_62' <Predicate = (!icmp_ln154)> <Delay = 0.00> <CoreInst = "DSP48">   --->   Core 119 'DSP48' <Latency = 3> <II = 1> <Delay = 2.15> <IPBlock> <Opcode : 'mul' 'add' 'sub' 'select'> <InPorts = 0> <OutPorts = 1> <Sync> <CReg>
ST_4 : Operation 617 [1/1] (0.00ns) (grouped into DSP with root node add_ln886_57)   --->   "%sext_ln886_64 = sext i16 %mul_ln886_62"   --->   Operation 617 'sext' 'sext_ln886_64' <Predicate = (!icmp_ln154)> <Delay = 0.00>
ST_4 : Operation 618 [2/2] (2.10ns) (root node of the DSP)   --->   "%add_ln886 = add i17 %sext_ln75, i17 %sext_ln148"   --->   Operation 618 'add' 'add_ln886' <Predicate = (!icmp_ln154)> <Delay = 2.10> <CoreInst = "DSP48">   --->   Core 119 'DSP48' <Latency = 3> <II = 1> <Delay = 2.15> <IPBlock> <Opcode : 'mul' 'add' 'sub' 'select'> <InPorts = 0> <OutPorts = 1> <Sync> <CReg>
ST_4 : Operation 619 [2/2] (2.10ns) (root node of the DSP)   --->   "%add_ln886_1 = add i17 %sext_ln75_1, i17 %sext_ln75_2"   --->   Operation 619 'add' 'add_ln886_1' <Predicate = (!icmp_ln154)> <Delay = 2.10> <CoreInst = "DSP48">   --->   Core 119 'DSP48' <Latency = 3> <II = 1> <Delay = 2.15> <IPBlock> <Opcode : 'mul' 'add' 'sub' 'select'> <InPorts = 0> <OutPorts = 1> <Sync> <CReg>
ST_4 : Operation 620 [2/2] (2.10ns) (root node of the DSP)   --->   "%add_ln886_3 = add i17 %sext_ln75_3, i17 %sext_ln75_4"   --->   Operation 620 'add' 'add_ln886_3' <Predicate = (!icmp_ln154)> <Delay = 2.10> <CoreInst = "DSP48">   --->   Core 119 'DSP48' <Latency = 3> <II = 1> <Delay = 2.15> <IPBlock> <Opcode : 'mul' 'add' 'sub' 'select'> <InPorts = 0> <OutPorts = 1> <Sync> <CReg>
ST_4 : Operation 621 [2/2] (2.10ns) (root node of the DSP)   --->   "%add_ln886_4 = add i17 %sext_ln75_5, i17 %sext_ln75_6"   --->   Operation 621 'add' 'add_ln886_4' <Predicate = (!icmp_ln154)> <Delay = 2.10> <CoreInst = "DSP48">   --->   Core 119 'DSP48' <Latency = 3> <II = 1> <Delay = 2.15> <IPBlock> <Opcode : 'mul' 'add' 'sub' 'select'> <InPorts = 0> <OutPorts = 1> <Sync> <CReg>
ST_4 : Operation 622 [2/2] (2.10ns) (root node of the DSP)   --->   "%add_ln886_7 = add i17 %sext_ln75_7, i17 %sext_ln75_8"   --->   Operation 622 'add' 'add_ln886_7' <Predicate = (!icmp_ln154)> <Delay = 2.10> <CoreInst = "DSP48">   --->   Core 119 'DSP48' <Latency = 3> <II = 1> <Delay = 2.15> <IPBlock> <Opcode : 'mul' 'add' 'sub' 'select'> <InPorts = 0> <OutPorts = 1> <Sync> <CReg>
ST_4 : Operation 623 [2/2] (2.10ns) (root node of the DSP)   --->   "%add_ln886_8 = add i17 %sext_ln75_9, i17 %sext_ln75_10"   --->   Operation 623 'add' 'add_ln886_8' <Predicate = (!icmp_ln154)> <Delay = 2.10> <CoreInst = "DSP48">   --->   Core 119 'DSP48' <Latency = 3> <II = 1> <Delay = 2.15> <IPBlock> <Opcode : 'mul' 'add' 'sub' 'select'> <InPorts = 0> <OutPorts = 1> <Sync> <CReg>
ST_4 : Operation 624 [2/2] (2.10ns) (root node of the DSP)   --->   "%add_ln886_10 = add i17 %sext_ln75_11, i17 %sext_ln75_12"   --->   Operation 624 'add' 'add_ln886_10' <Predicate = (!icmp_ln154)> <Delay = 2.10> <CoreInst = "DSP48">   --->   Core 119 'DSP48' <Latency = 3> <II = 1> <Delay = 2.15> <IPBlock> <Opcode : 'mul' 'add' 'sub' 'select'> <InPorts = 0> <OutPorts = 1> <Sync> <CReg>
ST_4 : Operation 625 [2/2] (2.10ns) (root node of the DSP)   --->   "%add_ln886_11 = add i17 %sext_ln75_13, i17 %sext_ln75_14"   --->   Operation 625 'add' 'add_ln886_11' <Predicate = (!icmp_ln154)> <Delay = 2.10> <CoreInst = "DSP48">   --->   Core 119 'DSP48' <Latency = 3> <II = 1> <Delay = 2.15> <IPBlock> <Opcode : 'mul' 'add' 'sub' 'select'> <InPorts = 0> <OutPorts = 1> <Sync> <CReg>
ST_4 : Operation 626 [2/2] (2.10ns) (root node of the DSP)   --->   "%add_ln886_15 = add i17 %sext_ln75_15, i17 %sext_ln75_16"   --->   Operation 626 'add' 'add_ln886_15' <Predicate = (!icmp_ln154)> <Delay = 2.10> <CoreInst = "DSP48">   --->   Core 119 'DSP48' <Latency = 3> <II = 1> <Delay = 2.15> <IPBlock> <Opcode : 'mul' 'add' 'sub' 'select'> <InPorts = 0> <OutPorts = 1> <Sync> <CReg>
ST_4 : Operation 627 [2/2] (2.10ns) (root node of the DSP)   --->   "%add_ln886_16 = add i17 %sext_ln75_17, i17 %sext_ln75_18"   --->   Operation 627 'add' 'add_ln886_16' <Predicate = (!icmp_ln154)> <Delay = 2.10> <CoreInst = "DSP48">   --->   Core 119 'DSP48' <Latency = 3> <II = 1> <Delay = 2.15> <IPBlock> <Opcode : 'mul' 'add' 'sub' 'select'> <InPorts = 0> <OutPorts = 1> <Sync> <CReg>
ST_4 : Operation 628 [2/2] (2.10ns) (root node of the DSP)   --->   "%add_ln886_18 = add i17 %sext_ln75_19, i17 %sext_ln75_20"   --->   Operation 628 'add' 'add_ln886_18' <Predicate = (!icmp_ln154)> <Delay = 2.10> <CoreInst = "DSP48">   --->   Core 119 'DSP48' <Latency = 3> <II = 1> <Delay = 2.15> <IPBlock> <Opcode : 'mul' 'add' 'sub' 'select'> <InPorts = 0> <OutPorts = 1> <Sync> <CReg>
ST_4 : Operation 629 [2/2] (2.10ns) (root node of the DSP)   --->   "%add_ln886_19 = add i17 %sext_ln75_21, i17 %sext_ln75_22"   --->   Operation 629 'add' 'add_ln886_19' <Predicate = (!icmp_ln154)> <Delay = 2.10> <CoreInst = "DSP48">   --->   Core 119 'DSP48' <Latency = 3> <II = 1> <Delay = 2.15> <IPBlock> <Opcode : 'mul' 'add' 'sub' 'select'> <InPorts = 0> <OutPorts = 1> <Sync> <CReg>
ST_4 : Operation 630 [2/2] (2.10ns) (root node of the DSP)   --->   "%add_ln886_22 = add i17 %sext_ln75_23, i17 %sext_ln75_24"   --->   Operation 630 'add' 'add_ln886_22' <Predicate = (!icmp_ln154)> <Delay = 2.10> <CoreInst = "DSP48">   --->   Core 119 'DSP48' <Latency = 3> <II = 1> <Delay = 2.15> <IPBlock> <Opcode : 'mul' 'add' 'sub' 'select'> <InPorts = 0> <OutPorts = 1> <Sync> <CReg>
ST_4 : Operation 631 [2/2] (2.10ns) (root node of the DSP)   --->   "%add_ln886_23 = add i17 %sext_ln75_25, i17 %sext_ln75_26"   --->   Operation 631 'add' 'add_ln886_23' <Predicate = (!icmp_ln154)> <Delay = 2.10> <CoreInst = "DSP48">   --->   Core 119 'DSP48' <Latency = 3> <II = 1> <Delay = 2.15> <IPBlock> <Opcode : 'mul' 'add' 'sub' 'select'> <InPorts = 0> <OutPorts = 1> <Sync> <CReg>
ST_4 : Operation 632 [2/2] (2.10ns) (root node of the DSP)   --->   "%add_ln886_25 = add i17 %sext_ln75_27, i17 %sext_ln75_28"   --->   Operation 632 'add' 'add_ln886_25' <Predicate = (!icmp_ln154)> <Delay = 2.10> <CoreInst = "DSP48">   --->   Core 119 'DSP48' <Latency = 3> <II = 1> <Delay = 2.15> <IPBlock> <Opcode : 'mul' 'add' 'sub' 'select'> <InPorts = 0> <OutPorts = 1> <Sync> <CReg>
ST_4 : Operation 633 [2/2] (2.10ns) (root node of the DSP)   --->   "%add_ln886_26 = add i17 %sext_ln75_29, i17 %sext_ln75_30"   --->   Operation 633 'add' 'add_ln886_26' <Predicate = (!icmp_ln154)> <Delay = 2.10> <CoreInst = "DSP48">   --->   Core 119 'DSP48' <Latency = 3> <II = 1> <Delay = 2.15> <IPBlock> <Opcode : 'mul' 'add' 'sub' 'select'> <InPorts = 0> <OutPorts = 1> <Sync> <CReg>
ST_4 : Operation 634 [2/2] (2.10ns) (root node of the DSP)   --->   "%add_ln886_31 = add i17 %sext_ln75_31, i17 %sext_ln75_32"   --->   Operation 634 'add' 'add_ln886_31' <Predicate = (!icmp_ln154)> <Delay = 2.10> <CoreInst = "DSP48">   --->   Core 119 'DSP48' <Latency = 3> <II = 1> <Delay = 2.15> <IPBlock> <Opcode : 'mul' 'add' 'sub' 'select'> <InPorts = 0> <OutPorts = 1> <Sync> <CReg>
ST_4 : Operation 635 [2/2] (2.10ns) (root node of the DSP)   --->   "%add_ln886_32 = add i17 %sext_ln75_33, i17 %sext_ln75_34"   --->   Operation 635 'add' 'add_ln886_32' <Predicate = (!icmp_ln154)> <Delay = 2.10> <CoreInst = "DSP48">   --->   Core 119 'DSP48' <Latency = 3> <II = 1> <Delay = 2.15> <IPBlock> <Opcode : 'mul' 'add' 'sub' 'select'> <InPorts = 0> <OutPorts = 1> <Sync> <CReg>
ST_4 : Operation 636 [2/2] (2.10ns) (root node of the DSP)   --->   "%add_ln886_34 = add i17 %sext_ln75_35, i17 %sext_ln75_36"   --->   Operation 636 'add' 'add_ln886_34' <Predicate = (!icmp_ln154)> <Delay = 2.10> <CoreInst = "DSP48">   --->   Core 119 'DSP48' <Latency = 3> <II = 1> <Delay = 2.15> <IPBlock> <Opcode : 'mul' 'add' 'sub' 'select'> <InPorts = 0> <OutPorts = 1> <Sync> <CReg>
ST_4 : Operation 637 [2/2] (2.10ns) (root node of the DSP)   --->   "%add_ln886_35 = add i17 %sext_ln75_37, i17 %sext_ln75_38"   --->   Operation 637 'add' 'add_ln886_35' <Predicate = (!icmp_ln154)> <Delay = 2.10> <CoreInst = "DSP48">   --->   Core 119 'DSP48' <Latency = 3> <II = 1> <Delay = 2.15> <IPBlock> <Opcode : 'mul' 'add' 'sub' 'select'> <InPorts = 0> <OutPorts = 1> <Sync> <CReg>
ST_4 : Operation 638 [2/2] (2.10ns) (root node of the DSP)   --->   "%add_ln886_38 = add i17 %sext_ln75_39, i17 %sext_ln75_40"   --->   Operation 638 'add' 'add_ln886_38' <Predicate = (!icmp_ln154)> <Delay = 2.10> <CoreInst = "DSP48">   --->   Core 119 'DSP48' <Latency = 3> <II = 1> <Delay = 2.15> <IPBlock> <Opcode : 'mul' 'add' 'sub' 'select'> <InPorts = 0> <OutPorts = 1> <Sync> <CReg>
ST_4 : Operation 639 [2/2] (2.10ns) (root node of the DSP)   --->   "%add_ln886_39 = add i17 %sext_ln75_41, i17 %sext_ln75_42"   --->   Operation 639 'add' 'add_ln886_39' <Predicate = (!icmp_ln154)> <Delay = 2.10> <CoreInst = "DSP48">   --->   Core 119 'DSP48' <Latency = 3> <II = 1> <Delay = 2.15> <IPBlock> <Opcode : 'mul' 'add' 'sub' 'select'> <InPorts = 0> <OutPorts = 1> <Sync> <CReg>
ST_4 : Operation 640 [2/2] (2.10ns) (root node of the DSP)   --->   "%add_ln886_41 = add i17 %sext_ln75_43, i17 %sext_ln75_44"   --->   Operation 640 'add' 'add_ln886_41' <Predicate = (!icmp_ln154)> <Delay = 2.10> <CoreInst = "DSP48">   --->   Core 119 'DSP48' <Latency = 3> <II = 1> <Delay = 2.15> <IPBlock> <Opcode : 'mul' 'add' 'sub' 'select'> <InPorts = 0> <OutPorts = 1> <Sync> <CReg>
ST_4 : Operation 641 [2/2] (2.10ns) (root node of the DSP)   --->   "%add_ln886_42 = add i17 %sext_ln75_45, i17 %sext_ln75_46"   --->   Operation 641 'add' 'add_ln886_42' <Predicate = (!icmp_ln154)> <Delay = 2.10> <CoreInst = "DSP48">   --->   Core 119 'DSP48' <Latency = 3> <II = 1> <Delay = 2.15> <IPBlock> <Opcode : 'mul' 'add' 'sub' 'select'> <InPorts = 0> <OutPorts = 1> <Sync> <CReg>
ST_4 : Operation 642 [2/2] (2.10ns) (root node of the DSP)   --->   "%add_ln886_46 = add i17 %sext_ln75_47, i17 %sext_ln75_48"   --->   Operation 642 'add' 'add_ln886_46' <Predicate = (!icmp_ln154)> <Delay = 2.10> <CoreInst = "DSP48">   --->   Core 119 'DSP48' <Latency = 3> <II = 1> <Delay = 2.15> <IPBlock> <Opcode : 'mul' 'add' 'sub' 'select'> <InPorts = 0> <OutPorts = 1> <Sync> <CReg>
ST_4 : Operation 643 [2/2] (2.10ns) (root node of the DSP)   --->   "%add_ln886_47 = add i17 %sext_ln75_49, i17 %sext_ln75_50"   --->   Operation 643 'add' 'add_ln886_47' <Predicate = (!icmp_ln154)> <Delay = 2.10> <CoreInst = "DSP48">   --->   Core 119 'DSP48' <Latency = 3> <II = 1> <Delay = 2.15> <IPBlock> <Opcode : 'mul' 'add' 'sub' 'select'> <InPorts = 0> <OutPorts = 1> <Sync> <CReg>
ST_4 : Operation 644 [2/2] (2.10ns) (root node of the DSP)   --->   "%add_ln886_49 = add i17 %sext_ln75_51, i17 %sext_ln75_52"   --->   Operation 644 'add' 'add_ln886_49' <Predicate = (!icmp_ln154)> <Delay = 2.10> <CoreInst = "DSP48">   --->   Core 119 'DSP48' <Latency = 3> <II = 1> <Delay = 2.15> <IPBlock> <Opcode : 'mul' 'add' 'sub' 'select'> <InPorts = 0> <OutPorts = 1> <Sync> <CReg>
ST_4 : Operation 645 [2/2] (2.10ns) (root node of the DSP)   --->   "%add_ln886_50 = add i17 %sext_ln75_53, i17 %sext_ln75_54"   --->   Operation 645 'add' 'add_ln886_50' <Predicate = (!icmp_ln154)> <Delay = 2.10> <CoreInst = "DSP48">   --->   Core 119 'DSP48' <Latency = 3> <II = 1> <Delay = 2.15> <IPBlock> <Opcode : 'mul' 'add' 'sub' 'select'> <InPorts = 0> <OutPorts = 1> <Sync> <CReg>
ST_4 : Operation 646 [2/2] (2.10ns) (root node of the DSP)   --->   "%add_ln886_53 = add i17 %sext_ln75_55, i17 %sext_ln75_56"   --->   Operation 646 'add' 'add_ln886_53' <Predicate = (!icmp_ln154)> <Delay = 2.10> <CoreInst = "DSP48">   --->   Core 119 'DSP48' <Latency = 3> <II = 1> <Delay = 2.15> <IPBlock> <Opcode : 'mul' 'add' 'sub' 'select'> <InPorts = 0> <OutPorts = 1> <Sync> <CReg>
ST_4 : Operation 647 [2/2] (2.10ns) (root node of the DSP)   --->   "%add_ln886_54 = add i17 %sext_ln75_57, i17 %sext_ln75_58"   --->   Operation 647 'add' 'add_ln886_54' <Predicate = (!icmp_ln154)> <Delay = 2.10> <CoreInst = "DSP48">   --->   Core 119 'DSP48' <Latency = 3> <II = 1> <Delay = 2.15> <IPBlock> <Opcode : 'mul' 'add' 'sub' 'select'> <InPorts = 0> <OutPorts = 1> <Sync> <CReg>
ST_4 : Operation 648 [2/2] (2.10ns) (root node of the DSP)   --->   "%add_ln886_56 = add i17 %sext_ln75_59, i17 %sext_ln75_60"   --->   Operation 648 'add' 'add_ln886_56' <Predicate = (!icmp_ln154)> <Delay = 2.10> <CoreInst = "DSP48">   --->   Core 119 'DSP48' <Latency = 3> <II = 1> <Delay = 2.15> <IPBlock> <Opcode : 'mul' 'add' 'sub' 'select'> <InPorts = 0> <OutPorts = 1> <Sync> <CReg>
ST_4 : Operation 649 [2/2] (2.10ns) (root node of the DSP)   --->   "%add_ln886_57 = add i17 %sext_ln75_61, i17 %sext_ln886_64"   --->   Operation 649 'add' 'add_ln886_57' <Predicate = (!icmp_ln154)> <Delay = 2.10> <CoreInst = "DSP48">   --->   Core 119 'DSP48' <Latency = 3> <II = 1> <Delay = 2.15> <IPBlock> <Opcode : 'mul' 'add' 'sub' 'select'> <InPorts = 0> <OutPorts = 1> <Sync> <CReg>

State 5 <SV = 4> <Delay = 6.49>
ST_5 : Operation 650 [1/2] (2.10ns) (root node of the DSP)   --->   "%add_ln886 = add i17 %sext_ln75, i17 %sext_ln148"   --->   Operation 650 'add' 'add_ln886' <Predicate = (!icmp_ln154)> <Delay = 2.10> <CoreInst = "DSP48">   --->   Core 119 'DSP48' <Latency = 3> <II = 1> <Delay = 2.15> <IPBlock> <Opcode : 'mul' 'add' 'sub' 'select'> <InPorts = 0> <OutPorts = 1> <Sync> <CReg>
ST_5 : Operation 651 [1/1] (0.00ns)   --->   "%sext_ln886_65 = sext i17 %add_ln886"   --->   Operation 651 'sext' 'sext_ln886_65' <Predicate = (!icmp_ln154)> <Delay = 0.00>
ST_5 : Operation 652 [1/2] (2.10ns) (root node of the DSP)   --->   "%add_ln886_1 = add i17 %sext_ln75_1, i17 %sext_ln75_2"   --->   Operation 652 'add' 'add_ln886_1' <Predicate = (!icmp_ln154)> <Delay = 2.10> <CoreInst = "DSP48">   --->   Core 119 'DSP48' <Latency = 3> <II = 1> <Delay = 2.15> <IPBlock> <Opcode : 'mul' 'add' 'sub' 'select'> <InPorts = 0> <OutPorts = 1> <Sync> <CReg>
ST_5 : Operation 653 [1/1] (0.00ns)   --->   "%sext_ln886_66 = sext i17 %add_ln886_1"   --->   Operation 653 'sext' 'sext_ln886_66' <Predicate = (!icmp_ln154)> <Delay = 0.00>
ST_5 : Operation 654 [1/1] (2.18ns)   --->   "%add_ln886_2 = add i18 %sext_ln886_66, i18 %sext_ln886_65"   --->   Operation 654 'add' 'add_ln886_2' <Predicate = (!icmp_ln154)> <Delay = 2.18> <CoreInst = "Adder">   --->   Core 1 'Adder' <Latency = 0> <II = 1> <Delay = 2.18> <FuncUnit> <Opcode : 'add' 'sub'> <InPorts = 2> <OutPorts = 1>
ST_5 : Operation 655 [1/1] (0.00ns)   --->   "%sext_ln886_67 = sext i18 %add_ln886_2"   --->   Operation 655 'sext' 'sext_ln886_67' <Predicate = (!icmp_ln154)> <Delay = 0.00>
ST_5 : Operation 656 [1/2] (2.10ns) (root node of the DSP)   --->   "%add_ln886_3 = add i17 %sext_ln75_3, i17 %sext_ln75_4"   --->   Operation 656 'add' 'add_ln886_3' <Predicate = (!icmp_ln154)> <Delay = 2.10> <CoreInst = "DSP48">   --->   Core 119 'DSP48' <Latency = 3> <II = 1> <Delay = 2.15> <IPBlock> <Opcode : 'mul' 'add' 'sub' 'select'> <InPorts = 0> <OutPorts = 1> <Sync> <CReg>
ST_5 : Operation 657 [1/1] (0.00ns)   --->   "%sext_ln886_68 = sext i17 %add_ln886_3"   --->   Operation 657 'sext' 'sext_ln886_68' <Predicate = (!icmp_ln154)> <Delay = 0.00>
ST_5 : Operation 658 [1/2] (2.10ns) (root node of the DSP)   --->   "%add_ln886_4 = add i17 %sext_ln75_5, i17 %sext_ln75_6"   --->   Operation 658 'add' 'add_ln886_4' <Predicate = (!icmp_ln154)> <Delay = 2.10> <CoreInst = "DSP48">   --->   Core 119 'DSP48' <Latency = 3> <II = 1> <Delay = 2.15> <IPBlock> <Opcode : 'mul' 'add' 'sub' 'select'> <InPorts = 0> <OutPorts = 1> <Sync> <CReg>
ST_5 : Operation 659 [1/1] (0.00ns)   --->   "%sext_ln886_69 = sext i17 %add_ln886_4"   --->   Operation 659 'sext' 'sext_ln886_69' <Predicate = (!icmp_ln154)> <Delay = 0.00>
ST_5 : Operation 660 [1/1] (2.18ns)   --->   "%add_ln886_5 = add i18 %sext_ln886_69, i18 %sext_ln886_68"   --->   Operation 660 'add' 'add_ln886_5' <Predicate = (!icmp_ln154)> <Delay = 2.18> <CoreInst = "Adder">   --->   Core 1 'Adder' <Latency = 0> <II = 1> <Delay = 2.18> <FuncUnit> <Opcode : 'add' 'sub'> <InPorts = 2> <OutPorts = 1>
ST_5 : Operation 661 [1/1] (0.00ns)   --->   "%sext_ln886_70 = sext i18 %add_ln886_5"   --->   Operation 661 'sext' 'sext_ln886_70' <Predicate = (!icmp_ln154)> <Delay = 0.00>
ST_5 : Operation 662 [1/1] (2.21ns)   --->   "%add_ln886_6 = add i19 %sext_ln886_70, i19 %sext_ln886_67"   --->   Operation 662 'add' 'add_ln886_6' <Predicate = (!icmp_ln154)> <Delay = 2.21> <CoreInst = "Adder">   --->   Core 1 'Adder' <Latency = 0> <II = 1> <Delay = 2.21> <FuncUnit> <Opcode : 'add' 'sub'> <InPorts = 2> <OutPorts = 1>
ST_5 : Operation 663 [1/2] (2.10ns) (root node of the DSP)   --->   "%add_ln886_7 = add i17 %sext_ln75_7, i17 %sext_ln75_8"   --->   Operation 663 'add' 'add_ln886_7' <Predicate = (!icmp_ln154)> <Delay = 2.10> <CoreInst = "DSP48">   --->   Core 119 'DSP48' <Latency = 3> <II = 1> <Delay = 2.15> <IPBlock> <Opcode : 'mul' 'add' 'sub' 'select'> <InPorts = 0> <OutPorts = 1> <Sync> <CReg>
ST_5 : Operation 664 [1/1] (0.00ns)   --->   "%sext_ln886_72 = sext i17 %add_ln886_7"   --->   Operation 664 'sext' 'sext_ln886_72' <Predicate = (!icmp_ln154)> <Delay = 0.00>
ST_5 : Operation 665 [1/2] (2.10ns) (root node of the DSP)   --->   "%add_ln886_8 = add i17 %sext_ln75_9, i17 %sext_ln75_10"   --->   Operation 665 'add' 'add_ln886_8' <Predicate = (!icmp_ln154)> <Delay = 2.10> <CoreInst = "DSP48">   --->   Core 119 'DSP48' <Latency = 3> <II = 1> <Delay = 2.15> <IPBlock> <Opcode : 'mul' 'add' 'sub' 'select'> <InPorts = 0> <OutPorts = 1> <Sync> <CReg>
ST_5 : Operation 666 [1/1] (0.00ns)   --->   "%sext_ln886_73 = sext i17 %add_ln886_8"   --->   Operation 666 'sext' 'sext_ln886_73' <Predicate = (!icmp_ln154)> <Delay = 0.00>
ST_5 : Operation 667 [1/1] (2.18ns)   --->   "%add_ln886_9 = add i18 %sext_ln886_73, i18 %sext_ln886_72"   --->   Operation 667 'add' 'add_ln886_9' <Predicate = (!icmp_ln154)> <Delay = 2.18> <CoreInst = "Adder">   --->   Core 1 'Adder' <Latency = 0> <II = 1> <Delay = 2.18> <FuncUnit> <Opcode : 'add' 'sub'> <InPorts = 2> <OutPorts = 1>
ST_5 : Operation 668 [1/1] (0.00ns)   --->   "%sext_ln886_74 = sext i18 %add_ln886_9"   --->   Operation 668 'sext' 'sext_ln886_74' <Predicate = (!icmp_ln154)> <Delay = 0.00>
ST_5 : Operation 669 [1/2] (2.10ns) (root node of the DSP)   --->   "%add_ln886_10 = add i17 %sext_ln75_11, i17 %sext_ln75_12"   --->   Operation 669 'add' 'add_ln886_10' <Predicate = (!icmp_ln154)> <Delay = 2.10> <CoreInst = "DSP48">   --->   Core 119 'DSP48' <Latency = 3> <II = 1> <Delay = 2.15> <IPBlock> <Opcode : 'mul' 'add' 'sub' 'select'> <InPorts = 0> <OutPorts = 1> <Sync> <CReg>
ST_5 : Operation 670 [1/1] (0.00ns)   --->   "%sext_ln886_75 = sext i17 %add_ln886_10"   --->   Operation 670 'sext' 'sext_ln886_75' <Predicate = (!icmp_ln154)> <Delay = 0.00>
ST_5 : Operation 671 [1/2] (2.10ns) (root node of the DSP)   --->   "%add_ln886_11 = add i17 %sext_ln75_13, i17 %sext_ln75_14"   --->   Operation 671 'add' 'add_ln886_11' <Predicate = (!icmp_ln154)> <Delay = 2.10> <CoreInst = "DSP48">   --->   Core 119 'DSP48' <Latency = 3> <II = 1> <Delay = 2.15> <IPBlock> <Opcode : 'mul' 'add' 'sub' 'select'> <InPorts = 0> <OutPorts = 1> <Sync> <CReg>
ST_5 : Operation 672 [1/1] (0.00ns)   --->   "%sext_ln886_76 = sext i17 %add_ln886_11"   --->   Operation 672 'sext' 'sext_ln886_76' <Predicate = (!icmp_ln154)> <Delay = 0.00>
ST_5 : Operation 673 [1/1] (2.18ns)   --->   "%add_ln886_12 = add i18 %sext_ln886_76, i18 %sext_ln886_75"   --->   Operation 673 'add' 'add_ln886_12' <Predicate = (!icmp_ln154)> <Delay = 2.18> <CoreInst = "Adder">   --->   Core 1 'Adder' <Latency = 0> <II = 1> <Delay = 2.18> <FuncUnit> <Opcode : 'add' 'sub'> <InPorts = 2> <OutPorts = 1>
ST_5 : Operation 674 [1/1] (0.00ns)   --->   "%sext_ln886_77 = sext i18 %add_ln886_12"   --->   Operation 674 'sext' 'sext_ln886_77' <Predicate = (!icmp_ln154)> <Delay = 0.00>
ST_5 : Operation 675 [1/1] (2.21ns)   --->   "%add_ln886_13 = add i19 %sext_ln886_77, i19 %sext_ln886_74"   --->   Operation 675 'add' 'add_ln886_13' <Predicate = (!icmp_ln154)> <Delay = 2.21> <CoreInst = "Adder">   --->   Core 1 'Adder' <Latency = 0> <II = 1> <Delay = 2.21> <FuncUnit> <Opcode : 'add' 'sub'> <InPorts = 2> <OutPorts = 1>
ST_5 : Operation 676 [1/2] (2.10ns) (root node of the DSP)   --->   "%add_ln886_15 = add i17 %sext_ln75_15, i17 %sext_ln75_16"   --->   Operation 676 'add' 'add_ln886_15' <Predicate = (!icmp_ln154)> <Delay = 2.10> <CoreInst = "DSP48">   --->   Core 119 'DSP48' <Latency = 3> <II = 1> <Delay = 2.15> <IPBlock> <Opcode : 'mul' 'add' 'sub' 'select'> <InPorts = 0> <OutPorts = 1> <Sync> <CReg>
ST_5 : Operation 677 [1/1] (0.00ns)   --->   "%sext_ln886_80 = sext i17 %add_ln886_15"   --->   Operation 677 'sext' 'sext_ln886_80' <Predicate = (!icmp_ln154)> <Delay = 0.00>
ST_5 : Operation 678 [1/2] (2.10ns) (root node of the DSP)   --->   "%add_ln886_16 = add i17 %sext_ln75_17, i17 %sext_ln75_18"   --->   Operation 678 'add' 'add_ln886_16' <Predicate = (!icmp_ln154)> <Delay = 2.10> <CoreInst = "DSP48">   --->   Core 119 'DSP48' <Latency = 3> <II = 1> <Delay = 2.15> <IPBlock> <Opcode : 'mul' 'add' 'sub' 'select'> <InPorts = 0> <OutPorts = 1> <Sync> <CReg>
ST_5 : Operation 679 [1/1] (0.00ns)   --->   "%sext_ln886_81 = sext i17 %add_ln886_16"   --->   Operation 679 'sext' 'sext_ln886_81' <Predicate = (!icmp_ln154)> <Delay = 0.00>
ST_5 : Operation 680 [1/1] (2.18ns)   --->   "%add_ln886_17 = add i18 %sext_ln886_81, i18 %sext_ln886_80"   --->   Operation 680 'add' 'add_ln886_17' <Predicate = (!icmp_ln154)> <Delay = 2.18> <CoreInst = "Adder">   --->   Core 1 'Adder' <Latency = 0> <II = 1> <Delay = 2.18> <FuncUnit> <Opcode : 'add' 'sub'> <InPorts = 2> <OutPorts = 1>
ST_5 : Operation 681 [1/1] (0.00ns)   --->   "%sext_ln886_82 = sext i18 %add_ln886_17"   --->   Operation 681 'sext' 'sext_ln886_82' <Predicate = (!icmp_ln154)> <Delay = 0.00>
ST_5 : Operation 682 [1/2] (2.10ns) (root node of the DSP)   --->   "%add_ln886_18 = add i17 %sext_ln75_19, i17 %sext_ln75_20"   --->   Operation 682 'add' 'add_ln886_18' <Predicate = (!icmp_ln154)> <Delay = 2.10> <CoreInst = "DSP48">   --->   Core 119 'DSP48' <Latency = 3> <II = 1> <Delay = 2.15> <IPBlock> <Opcode : 'mul' 'add' 'sub' 'select'> <InPorts = 0> <OutPorts = 1> <Sync> <CReg>
ST_5 : Operation 683 [1/1] (0.00ns)   --->   "%sext_ln886_83 = sext i17 %add_ln886_18"   --->   Operation 683 'sext' 'sext_ln886_83' <Predicate = (!icmp_ln154)> <Delay = 0.00>
ST_5 : Operation 684 [1/2] (2.10ns) (root node of the DSP)   --->   "%add_ln886_19 = add i17 %sext_ln75_21, i17 %sext_ln75_22"   --->   Operation 684 'add' 'add_ln886_19' <Predicate = (!icmp_ln154)> <Delay = 2.10> <CoreInst = "DSP48">   --->   Core 119 'DSP48' <Latency = 3> <II = 1> <Delay = 2.15> <IPBlock> <Opcode : 'mul' 'add' 'sub' 'select'> <InPorts = 0> <OutPorts = 1> <Sync> <CReg>
ST_5 : Operation 685 [1/1] (0.00ns)   --->   "%sext_ln886_84 = sext i17 %add_ln886_19"   --->   Operation 685 'sext' 'sext_ln886_84' <Predicate = (!icmp_ln154)> <Delay = 0.00>
ST_5 : Operation 686 [1/1] (2.18ns)   --->   "%add_ln886_20 = add i18 %sext_ln886_84, i18 %sext_ln886_83"   --->   Operation 686 'add' 'add_ln886_20' <Predicate = (!icmp_ln154)> <Delay = 2.18> <CoreInst = "Adder">   --->   Core 1 'Adder' <Latency = 0> <II = 1> <Delay = 2.18> <FuncUnit> <Opcode : 'add' 'sub'> <InPorts = 2> <OutPorts = 1>
ST_5 : Operation 687 [1/1] (0.00ns)   --->   "%sext_ln886_85 = sext i18 %add_ln886_20"   --->   Operation 687 'sext' 'sext_ln886_85' <Predicate = (!icmp_ln154)> <Delay = 0.00>
ST_5 : Operation 688 [1/1] (2.21ns)   --->   "%add_ln886_21 = add i19 %sext_ln886_85, i19 %sext_ln886_82"   --->   Operation 688 'add' 'add_ln886_21' <Predicate = (!icmp_ln154)> <Delay = 2.21> <CoreInst = "Adder">   --->   Core 1 'Adder' <Latency = 0> <II = 1> <Delay = 2.21> <FuncUnit> <Opcode : 'add' 'sub'> <InPorts = 2> <OutPorts = 1>
ST_5 : Operation 689 [1/2] (2.10ns) (root node of the DSP)   --->   "%add_ln886_22 = add i17 %sext_ln75_23, i17 %sext_ln75_24"   --->   Operation 689 'add' 'add_ln886_22' <Predicate = (!icmp_ln154)> <Delay = 2.10> <CoreInst = "DSP48">   --->   Core 119 'DSP48' <Latency = 3> <II = 1> <Delay = 2.15> <IPBlock> <Opcode : 'mul' 'add' 'sub' 'select'> <InPorts = 0> <OutPorts = 1> <Sync> <CReg>
ST_5 : Operation 690 [1/1] (0.00ns)   --->   "%sext_ln886_87 = sext i17 %add_ln886_22"   --->   Operation 690 'sext' 'sext_ln886_87' <Predicate = (!icmp_ln154)> <Delay = 0.00>
ST_5 : Operation 691 [1/2] (2.10ns) (root node of the DSP)   --->   "%add_ln886_23 = add i17 %sext_ln75_25, i17 %sext_ln75_26"   --->   Operation 691 'add' 'add_ln886_23' <Predicate = (!icmp_ln154)> <Delay = 2.10> <CoreInst = "DSP48">   --->   Core 119 'DSP48' <Latency = 3> <II = 1> <Delay = 2.15> <IPBlock> <Opcode : 'mul' 'add' 'sub' 'select'> <InPorts = 0> <OutPorts = 1> <Sync> <CReg>
ST_5 : Operation 692 [1/1] (0.00ns)   --->   "%sext_ln886_88 = sext i17 %add_ln886_23"   --->   Operation 692 'sext' 'sext_ln886_88' <Predicate = (!icmp_ln154)> <Delay = 0.00>
ST_5 : Operation 693 [1/1] (2.18ns)   --->   "%add_ln886_24 = add i18 %sext_ln886_88, i18 %sext_ln886_87"   --->   Operation 693 'add' 'add_ln886_24' <Predicate = (!icmp_ln154)> <Delay = 2.18> <CoreInst = "Adder">   --->   Core 1 'Adder' <Latency = 0> <II = 1> <Delay = 2.18> <FuncUnit> <Opcode : 'add' 'sub'> <InPorts = 2> <OutPorts = 1>
ST_5 : Operation 694 [1/1] (0.00ns)   --->   "%sext_ln886_89 = sext i18 %add_ln886_24"   --->   Operation 694 'sext' 'sext_ln886_89' <Predicate = (!icmp_ln154)> <Delay = 0.00>
ST_5 : Operation 695 [1/2] (2.10ns) (root node of the DSP)   --->   "%add_ln886_25 = add i17 %sext_ln75_27, i17 %sext_ln75_28"   --->   Operation 695 'add' 'add_ln886_25' <Predicate = (!icmp_ln154)> <Delay = 2.10> <CoreInst = "DSP48">   --->   Core 119 'DSP48' <Latency = 3> <II = 1> <Delay = 2.15> <IPBlock> <Opcode : 'mul' 'add' 'sub' 'select'> <InPorts = 0> <OutPorts = 1> <Sync> <CReg>
ST_5 : Operation 696 [1/1] (0.00ns)   --->   "%sext_ln886_90 = sext i17 %add_ln886_25"   --->   Operation 696 'sext' 'sext_ln886_90' <Predicate = (!icmp_ln154)> <Delay = 0.00>
ST_5 : Operation 697 [1/2] (2.10ns) (root node of the DSP)   --->   "%add_ln886_26 = add i17 %sext_ln75_29, i17 %sext_ln75_30"   --->   Operation 697 'add' 'add_ln886_26' <Predicate = (!icmp_ln154)> <Delay = 2.10> <CoreInst = "DSP48">   --->   Core 119 'DSP48' <Latency = 3> <II = 1> <Delay = 2.15> <IPBlock> <Opcode : 'mul' 'add' 'sub' 'select'> <InPorts = 0> <OutPorts = 1> <Sync> <CReg>
ST_5 : Operation 698 [1/1] (0.00ns)   --->   "%sext_ln886_91 = sext i17 %add_ln886_26"   --->   Operation 698 'sext' 'sext_ln886_91' <Predicate = (!icmp_ln154)> <Delay = 0.00>
ST_5 : Operation 699 [1/1] (2.18ns)   --->   "%add_ln886_27 = add i18 %sext_ln886_91, i18 %sext_ln886_90"   --->   Operation 699 'add' 'add_ln886_27' <Predicate = (!icmp_ln154)> <Delay = 2.18> <CoreInst = "Adder">   --->   Core 1 'Adder' <Latency = 0> <II = 1> <Delay = 2.18> <FuncUnit> <Opcode : 'add' 'sub'> <InPorts = 2> <OutPorts = 1>
ST_5 : Operation 700 [1/1] (0.00ns)   --->   "%sext_ln886_92 = sext i18 %add_ln886_27"   --->   Operation 700 'sext' 'sext_ln886_92' <Predicate = (!icmp_ln154)> <Delay = 0.00>
ST_5 : Operation 701 [1/1] (2.21ns)   --->   "%add_ln886_28 = add i19 %sext_ln886_92, i19 %sext_ln886_89"   --->   Operation 701 'add' 'add_ln886_28' <Predicate = (!icmp_ln154)> <Delay = 2.21> <CoreInst = "Adder">   --->   Core 1 'Adder' <Latency = 0> <II = 1> <Delay = 2.21> <FuncUnit> <Opcode : 'add' 'sub'> <InPorts = 2> <OutPorts = 1>
ST_5 : Operation 702 [1/2] (2.10ns) (root node of the DSP)   --->   "%add_ln886_31 = add i17 %sext_ln75_31, i17 %sext_ln75_32"   --->   Operation 702 'add' 'add_ln886_31' <Predicate = (!icmp_ln154)> <Delay = 2.10> <CoreInst = "DSP48">   --->   Core 119 'DSP48' <Latency = 3> <II = 1> <Delay = 2.15> <IPBlock> <Opcode : 'mul' 'add' 'sub' 'select'> <InPorts = 0> <OutPorts = 1> <Sync> <CReg>
ST_5 : Operation 703 [1/1] (0.00ns)   --->   "%sext_ln886_96 = sext i17 %add_ln886_31"   --->   Operation 703 'sext' 'sext_ln886_96' <Predicate = (!icmp_ln154)> <Delay = 0.00>
ST_5 : Operation 704 [1/2] (2.10ns) (root node of the DSP)   --->   "%add_ln886_32 = add i17 %sext_ln75_33, i17 %sext_ln75_34"   --->   Operation 704 'add' 'add_ln886_32' <Predicate = (!icmp_ln154)> <Delay = 2.10> <CoreInst = "DSP48">   --->   Core 119 'DSP48' <Latency = 3> <II = 1> <Delay = 2.15> <IPBlock> <Opcode : 'mul' 'add' 'sub' 'select'> <InPorts = 0> <OutPorts = 1> <Sync> <CReg>
ST_5 : Operation 705 [1/1] (0.00ns)   --->   "%sext_ln886_97 = sext i17 %add_ln886_32"   --->   Operation 705 'sext' 'sext_ln886_97' <Predicate = (!icmp_ln154)> <Delay = 0.00>
ST_5 : Operation 706 [1/1] (2.18ns)   --->   "%add_ln886_33 = add i18 %sext_ln886_97, i18 %sext_ln886_96"   --->   Operation 706 'add' 'add_ln886_33' <Predicate = (!icmp_ln154)> <Delay = 2.18> <CoreInst = "Adder">   --->   Core 1 'Adder' <Latency = 0> <II = 1> <Delay = 2.18> <FuncUnit> <Opcode : 'add' 'sub'> <InPorts = 2> <OutPorts = 1>
ST_5 : Operation 707 [1/1] (0.00ns)   --->   "%sext_ln886_98 = sext i18 %add_ln886_33"   --->   Operation 707 'sext' 'sext_ln886_98' <Predicate = (!icmp_ln154)> <Delay = 0.00>
ST_5 : Operation 708 [1/2] (2.10ns) (root node of the DSP)   --->   "%add_ln886_34 = add i17 %sext_ln75_35, i17 %sext_ln75_36"   --->   Operation 708 'add' 'add_ln886_34' <Predicate = (!icmp_ln154)> <Delay = 2.10> <CoreInst = "DSP48">   --->   Core 119 'DSP48' <Latency = 3> <II = 1> <Delay = 2.15> <IPBlock> <Opcode : 'mul' 'add' 'sub' 'select'> <InPorts = 0> <OutPorts = 1> <Sync> <CReg>
ST_5 : Operation 709 [1/1] (0.00ns)   --->   "%sext_ln886_99 = sext i17 %add_ln886_34"   --->   Operation 709 'sext' 'sext_ln886_99' <Predicate = (!icmp_ln154)> <Delay = 0.00>
ST_5 : Operation 710 [1/2] (2.10ns) (root node of the DSP)   --->   "%add_ln886_35 = add i17 %sext_ln75_37, i17 %sext_ln75_38"   --->   Operation 710 'add' 'add_ln886_35' <Predicate = (!icmp_ln154)> <Delay = 2.10> <CoreInst = "DSP48">   --->   Core 119 'DSP48' <Latency = 3> <II = 1> <Delay = 2.15> <IPBlock> <Opcode : 'mul' 'add' 'sub' 'select'> <InPorts = 0> <OutPorts = 1> <Sync> <CReg>
ST_5 : Operation 711 [1/1] (0.00ns)   --->   "%sext_ln886_100 = sext i17 %add_ln886_35"   --->   Operation 711 'sext' 'sext_ln886_100' <Predicate = (!icmp_ln154)> <Delay = 0.00>
ST_5 : Operation 712 [1/1] (2.18ns)   --->   "%add_ln886_36 = add i18 %sext_ln886_100, i18 %sext_ln886_99"   --->   Operation 712 'add' 'add_ln886_36' <Predicate = (!icmp_ln154)> <Delay = 2.18> <CoreInst = "Adder">   --->   Core 1 'Adder' <Latency = 0> <II = 1> <Delay = 2.18> <FuncUnit> <Opcode : 'add' 'sub'> <InPorts = 2> <OutPorts = 1>
ST_5 : Operation 713 [1/1] (0.00ns)   --->   "%sext_ln886_101 = sext i18 %add_ln886_36"   --->   Operation 713 'sext' 'sext_ln886_101' <Predicate = (!icmp_ln154)> <Delay = 0.00>
ST_5 : Operation 714 [1/1] (2.21ns)   --->   "%add_ln886_37 = add i19 %sext_ln886_101, i19 %sext_ln886_98"   --->   Operation 714 'add' 'add_ln886_37' <Predicate = (!icmp_ln154)> <Delay = 2.21> <CoreInst = "Adder">   --->   Core 1 'Adder' <Latency = 0> <II = 1> <Delay = 2.21> <FuncUnit> <Opcode : 'add' 'sub'> <InPorts = 2> <OutPorts = 1>
ST_5 : Operation 715 [1/2] (2.10ns) (root node of the DSP)   --->   "%add_ln886_38 = add i17 %sext_ln75_39, i17 %sext_ln75_40"   --->   Operation 715 'add' 'add_ln886_38' <Predicate = (!icmp_ln154)> <Delay = 2.10> <CoreInst = "DSP48">   --->   Core 119 'DSP48' <Latency = 3> <II = 1> <Delay = 2.15> <IPBlock> <Opcode : 'mul' 'add' 'sub' 'select'> <InPorts = 0> <OutPorts = 1> <Sync> <CReg>
ST_5 : Operation 716 [1/1] (0.00ns)   --->   "%sext_ln886_103 = sext i17 %add_ln886_38"   --->   Operation 716 'sext' 'sext_ln886_103' <Predicate = (!icmp_ln154)> <Delay = 0.00>
ST_5 : Operation 717 [1/2] (2.10ns) (root node of the DSP)   --->   "%add_ln886_39 = add i17 %sext_ln75_41, i17 %sext_ln75_42"   --->   Operation 717 'add' 'add_ln886_39' <Predicate = (!icmp_ln154)> <Delay = 2.10> <CoreInst = "DSP48">   --->   Core 119 'DSP48' <Latency = 3> <II = 1> <Delay = 2.15> <IPBlock> <Opcode : 'mul' 'add' 'sub' 'select'> <InPorts = 0> <OutPorts = 1> <Sync> <CReg>
ST_5 : Operation 718 [1/1] (0.00ns)   --->   "%sext_ln886_104 = sext i17 %add_ln886_39"   --->   Operation 718 'sext' 'sext_ln886_104' <Predicate = (!icmp_ln154)> <Delay = 0.00>
ST_5 : Operation 719 [1/1] (2.18ns)   --->   "%add_ln886_40 = add i18 %sext_ln886_104, i18 %sext_ln886_103"   --->   Operation 719 'add' 'add_ln886_40' <Predicate = (!icmp_ln154)> <Delay = 2.18> <CoreInst = "Adder">   --->   Core 1 'Adder' <Latency = 0> <II = 1> <Delay = 2.18> <FuncUnit> <Opcode : 'add' 'sub'> <InPorts = 2> <OutPorts = 1>
ST_5 : Operation 720 [1/1] (0.00ns)   --->   "%sext_ln886_105 = sext i18 %add_ln886_40"   --->   Operation 720 'sext' 'sext_ln886_105' <Predicate = (!icmp_ln154)> <Delay = 0.00>
ST_5 : Operation 721 [1/2] (2.10ns) (root node of the DSP)   --->   "%add_ln886_41 = add i17 %sext_ln75_43, i17 %sext_ln75_44"   --->   Operation 721 'add' 'add_ln886_41' <Predicate = (!icmp_ln154)> <Delay = 2.10> <CoreInst = "DSP48">   --->   Core 119 'DSP48' <Latency = 3> <II = 1> <Delay = 2.15> <IPBlock> <Opcode : 'mul' 'add' 'sub' 'select'> <InPorts = 0> <OutPorts = 1> <Sync> <CReg>
ST_5 : Operation 722 [1/1] (0.00ns)   --->   "%sext_ln886_106 = sext i17 %add_ln886_41"   --->   Operation 722 'sext' 'sext_ln886_106' <Predicate = (!icmp_ln154)> <Delay = 0.00>
ST_5 : Operation 723 [1/2] (2.10ns) (root node of the DSP)   --->   "%add_ln886_42 = add i17 %sext_ln75_45, i17 %sext_ln75_46"   --->   Operation 723 'add' 'add_ln886_42' <Predicate = (!icmp_ln154)> <Delay = 2.10> <CoreInst = "DSP48">   --->   Core 119 'DSP48' <Latency = 3> <II = 1> <Delay = 2.15> <IPBlock> <Opcode : 'mul' 'add' 'sub' 'select'> <InPorts = 0> <OutPorts = 1> <Sync> <CReg>
ST_5 : Operation 724 [1/1] (0.00ns)   --->   "%sext_ln886_107 = sext i17 %add_ln886_42"   --->   Operation 724 'sext' 'sext_ln886_107' <Predicate = (!icmp_ln154)> <Delay = 0.00>
ST_5 : Operation 725 [1/1] (2.18ns)   --->   "%add_ln886_43 = add i18 %sext_ln886_107, i18 %sext_ln886_106"   --->   Operation 725 'add' 'add_ln886_43' <Predicate = (!icmp_ln154)> <Delay = 2.18> <CoreInst = "Adder">   --->   Core 1 'Adder' <Latency = 0> <II = 1> <Delay = 2.18> <FuncUnit> <Opcode : 'add' 'sub'> <InPorts = 2> <OutPorts = 1>
ST_5 : Operation 726 [1/1] (0.00ns)   --->   "%sext_ln886_108 = sext i18 %add_ln886_43"   --->   Operation 726 'sext' 'sext_ln886_108' <Predicate = (!icmp_ln154)> <Delay = 0.00>
ST_5 : Operation 727 [1/1] (2.21ns)   --->   "%add_ln886_44 = add i19 %sext_ln886_108, i19 %sext_ln886_105"   --->   Operation 727 'add' 'add_ln886_44' <Predicate = (!icmp_ln154)> <Delay = 2.21> <CoreInst = "Adder">   --->   Core 1 'Adder' <Latency = 0> <II = 1> <Delay = 2.21> <FuncUnit> <Opcode : 'add' 'sub'> <InPorts = 2> <OutPorts = 1>
ST_5 : Operation 728 [1/2] (2.10ns) (root node of the DSP)   --->   "%add_ln886_46 = add i17 %sext_ln75_47, i17 %sext_ln75_48"   --->   Operation 728 'add' 'add_ln886_46' <Predicate = (!icmp_ln154)> <Delay = 2.10> <CoreInst = "DSP48">   --->   Core 119 'DSP48' <Latency = 3> <II = 1> <Delay = 2.15> <IPBlock> <Opcode : 'mul' 'add' 'sub' 'select'> <InPorts = 0> <OutPorts = 1> <Sync> <CReg>
ST_5 : Operation 729 [1/1] (0.00ns)   --->   "%sext_ln886_111 = sext i17 %add_ln886_46"   --->   Operation 729 'sext' 'sext_ln886_111' <Predicate = (!icmp_ln154)> <Delay = 0.00>
ST_5 : Operation 730 [1/2] (2.10ns) (root node of the DSP)   --->   "%add_ln886_47 = add i17 %sext_ln75_49, i17 %sext_ln75_50"   --->   Operation 730 'add' 'add_ln886_47' <Predicate = (!icmp_ln154)> <Delay = 2.10> <CoreInst = "DSP48">   --->   Core 119 'DSP48' <Latency = 3> <II = 1> <Delay = 2.15> <IPBlock> <Opcode : 'mul' 'add' 'sub' 'select'> <InPorts = 0> <OutPorts = 1> <Sync> <CReg>
ST_5 : Operation 731 [1/1] (0.00ns)   --->   "%sext_ln886_112 = sext i17 %add_ln886_47"   --->   Operation 731 'sext' 'sext_ln886_112' <Predicate = (!icmp_ln154)> <Delay = 0.00>
ST_5 : Operation 732 [1/1] (2.18ns)   --->   "%add_ln886_48 = add i18 %sext_ln886_112, i18 %sext_ln886_111"   --->   Operation 732 'add' 'add_ln886_48' <Predicate = (!icmp_ln154)> <Delay = 2.18> <CoreInst = "Adder">   --->   Core 1 'Adder' <Latency = 0> <II = 1> <Delay = 2.18> <FuncUnit> <Opcode : 'add' 'sub'> <InPorts = 2> <OutPorts = 1>
ST_5 : Operation 733 [1/1] (0.00ns)   --->   "%sext_ln886_113 = sext i18 %add_ln886_48"   --->   Operation 733 'sext' 'sext_ln886_113' <Predicate = (!icmp_ln154)> <Delay = 0.00>
ST_5 : Operation 734 [1/2] (2.10ns) (root node of the DSP)   --->   "%add_ln886_49 = add i17 %sext_ln75_51, i17 %sext_ln75_52"   --->   Operation 734 'add' 'add_ln886_49' <Predicate = (!icmp_ln154)> <Delay = 2.10> <CoreInst = "DSP48">   --->   Core 119 'DSP48' <Latency = 3> <II = 1> <Delay = 2.15> <IPBlock> <Opcode : 'mul' 'add' 'sub' 'select'> <InPorts = 0> <OutPorts = 1> <Sync> <CReg>
ST_5 : Operation 735 [1/1] (0.00ns)   --->   "%sext_ln886_114 = sext i17 %add_ln886_49"   --->   Operation 735 'sext' 'sext_ln886_114' <Predicate = (!icmp_ln154)> <Delay = 0.00>
ST_5 : Operation 736 [1/2] (2.10ns) (root node of the DSP)   --->   "%add_ln886_50 = add i17 %sext_ln75_53, i17 %sext_ln75_54"   --->   Operation 736 'add' 'add_ln886_50' <Predicate = (!icmp_ln154)> <Delay = 2.10> <CoreInst = "DSP48">   --->   Core 119 'DSP48' <Latency = 3> <II = 1> <Delay = 2.15> <IPBlock> <Opcode : 'mul' 'add' 'sub' 'select'> <InPorts = 0> <OutPorts = 1> <Sync> <CReg>
ST_5 : Operation 737 [1/1] (0.00ns)   --->   "%sext_ln886_115 = sext i17 %add_ln886_50"   --->   Operation 737 'sext' 'sext_ln886_115' <Predicate = (!icmp_ln154)> <Delay = 0.00>
ST_5 : Operation 738 [1/1] (2.18ns)   --->   "%add_ln886_51 = add i18 %sext_ln886_115, i18 %sext_ln886_114"   --->   Operation 738 'add' 'add_ln886_51' <Predicate = (!icmp_ln154)> <Delay = 2.18> <CoreInst = "Adder">   --->   Core 1 'Adder' <Latency = 0> <II = 1> <Delay = 2.18> <FuncUnit> <Opcode : 'add' 'sub'> <InPorts = 2> <OutPorts = 1>
ST_5 : Operation 739 [1/1] (0.00ns)   --->   "%sext_ln886_116 = sext i18 %add_ln886_51"   --->   Operation 739 'sext' 'sext_ln886_116' <Predicate = (!icmp_ln154)> <Delay = 0.00>
ST_5 : Operation 740 [1/1] (2.21ns)   --->   "%add_ln886_52 = add i19 %sext_ln886_116, i19 %sext_ln886_113"   --->   Operation 740 'add' 'add_ln886_52' <Predicate = (!icmp_ln154)> <Delay = 2.21> <CoreInst = "Adder">   --->   Core 1 'Adder' <Latency = 0> <II = 1> <Delay = 2.21> <FuncUnit> <Opcode : 'add' 'sub'> <InPorts = 2> <OutPorts = 1>
ST_5 : Operation 741 [1/2] (2.10ns) (root node of the DSP)   --->   "%add_ln886_53 = add i17 %sext_ln75_55, i17 %sext_ln75_56"   --->   Operation 741 'add' 'add_ln886_53' <Predicate = (!icmp_ln154)> <Delay = 2.10> <CoreInst = "DSP48">   --->   Core 119 'DSP48' <Latency = 3> <II = 1> <Delay = 2.15> <IPBlock> <Opcode : 'mul' 'add' 'sub' 'select'> <InPorts = 0> <OutPorts = 1> <Sync> <CReg>
ST_5 : Operation 742 [1/1] (0.00ns)   --->   "%sext_ln886_118 = sext i17 %add_ln886_53"   --->   Operation 742 'sext' 'sext_ln886_118' <Predicate = (!icmp_ln154)> <Delay = 0.00>
ST_5 : Operation 743 [1/2] (2.10ns) (root node of the DSP)   --->   "%add_ln886_54 = add i17 %sext_ln75_57, i17 %sext_ln75_58"   --->   Operation 743 'add' 'add_ln886_54' <Predicate = (!icmp_ln154)> <Delay = 2.10> <CoreInst = "DSP48">   --->   Core 119 'DSP48' <Latency = 3> <II = 1> <Delay = 2.15> <IPBlock> <Opcode : 'mul' 'add' 'sub' 'select'> <InPorts = 0> <OutPorts = 1> <Sync> <CReg>
ST_5 : Operation 744 [1/1] (0.00ns)   --->   "%sext_ln886_119 = sext i17 %add_ln886_54"   --->   Operation 744 'sext' 'sext_ln886_119' <Predicate = (!icmp_ln154)> <Delay = 0.00>
ST_5 : Operation 745 [1/1] (2.18ns)   --->   "%add_ln886_55 = add i18 %sext_ln886_119, i18 %sext_ln886_118"   --->   Operation 745 'add' 'add_ln886_55' <Predicate = (!icmp_ln154)> <Delay = 2.18> <CoreInst = "Adder">   --->   Core 1 'Adder' <Latency = 0> <II = 1> <Delay = 2.18> <FuncUnit> <Opcode : 'add' 'sub'> <InPorts = 2> <OutPorts = 1>
ST_5 : Operation 746 [1/1] (0.00ns)   --->   "%sext_ln886_120 = sext i18 %add_ln886_55"   --->   Operation 746 'sext' 'sext_ln886_120' <Predicate = (!icmp_ln154)> <Delay = 0.00>
ST_5 : Operation 747 [1/2] (2.10ns) (root node of the DSP)   --->   "%add_ln886_56 = add i17 %sext_ln75_59, i17 %sext_ln75_60"   --->   Operation 747 'add' 'add_ln886_56' <Predicate = (!icmp_ln154)> <Delay = 2.10> <CoreInst = "DSP48">   --->   Core 119 'DSP48' <Latency = 3> <II = 1> <Delay = 2.15> <IPBlock> <Opcode : 'mul' 'add' 'sub' 'select'> <InPorts = 0> <OutPorts = 1> <Sync> <CReg>
ST_5 : Operation 748 [1/1] (0.00ns)   --->   "%sext_ln886_121 = sext i17 %add_ln886_56"   --->   Operation 748 'sext' 'sext_ln886_121' <Predicate = (!icmp_ln154)> <Delay = 0.00>
ST_5 : Operation 749 [1/2] (2.10ns) (root node of the DSP)   --->   "%add_ln886_57 = add i17 %sext_ln75_61, i17 %sext_ln886_64"   --->   Operation 749 'add' 'add_ln886_57' <Predicate = (!icmp_ln154)> <Delay = 2.10> <CoreInst = "DSP48">   --->   Core 119 'DSP48' <Latency = 3> <II = 1> <Delay = 2.15> <IPBlock> <Opcode : 'mul' 'add' 'sub' 'select'> <InPorts = 0> <OutPorts = 1> <Sync> <CReg>
ST_5 : Operation 750 [1/1] (0.00ns)   --->   "%sext_ln886_122 = sext i17 %add_ln886_57"   --->   Operation 750 'sext' 'sext_ln886_122' <Predicate = (!icmp_ln154)> <Delay = 0.00>
ST_5 : Operation 751 [1/1] (2.18ns)   --->   "%add_ln886_58 = add i18 %sext_ln886_122, i18 %sext_ln886_121"   --->   Operation 751 'add' 'add_ln886_58' <Predicate = (!icmp_ln154)> <Delay = 2.18> <CoreInst = "Adder">   --->   Core 1 'Adder' <Latency = 0> <II = 1> <Delay = 2.18> <FuncUnit> <Opcode : 'add' 'sub'> <InPorts = 2> <OutPorts = 1>
ST_5 : Operation 752 [1/1] (0.00ns)   --->   "%sext_ln886_123 = sext i18 %add_ln886_58"   --->   Operation 752 'sext' 'sext_ln886_123' <Predicate = (!icmp_ln154)> <Delay = 0.00>
ST_5 : Operation 753 [1/1] (2.21ns)   --->   "%add_ln886_59 = add i19 %sext_ln886_123, i19 %sext_ln886_120"   --->   Operation 753 'add' 'add_ln886_59' <Predicate = (!icmp_ln154)> <Delay = 2.21> <CoreInst = "Adder">   --->   Core 1 'Adder' <Latency = 0> <II = 1> <Delay = 2.21> <FuncUnit> <Opcode : 'add' 'sub'> <InPorts = 2> <OutPorts = 1>

State 6 <SV = 5> <Delay = 6.85>
ST_6 : Operation 754 [1/1] (0.00ns)   --->   "%sext_ln886_71 = sext i19 %add_ln886_6"   --->   Operation 754 'sext' 'sext_ln886_71' <Predicate = (!icmp_ln154)> <Delay = 0.00>
ST_6 : Operation 755 [1/1] (0.00ns)   --->   "%sext_ln886_78 = sext i19 %add_ln886_13"   --->   Operation 755 'sext' 'sext_ln886_78' <Predicate = (!icmp_ln154)> <Delay = 0.00>
ST_6 : Operation 756 [1/1] (2.25ns)   --->   "%add_ln886_14 = add i20 %sext_ln886_78, i20 %sext_ln886_71"   --->   Operation 756 'add' 'add_ln886_14' <Predicate = (!icmp_ln154)> <Delay = 2.25> <CoreInst = "Adder">   --->   Core 1 'Adder' <Latency = 0> <II = 1> <Delay = 2.25> <FuncUnit> <Opcode : 'add' 'sub'> <InPorts = 2> <OutPorts = 1>
ST_6 : Operation 757 [1/1] (0.00ns)   --->   "%sext_ln886_79 = sext i20 %add_ln886_14"   --->   Operation 757 'sext' 'sext_ln886_79' <Predicate = (!icmp_ln154)> <Delay = 0.00>
ST_6 : Operation 758 [1/1] (0.00ns)   --->   "%sext_ln886_86 = sext i19 %add_ln886_21"   --->   Operation 758 'sext' 'sext_ln886_86' <Predicate = (!icmp_ln154)> <Delay = 0.00>
ST_6 : Operation 759 [1/1] (0.00ns)   --->   "%sext_ln886_93 = sext i19 %add_ln886_28"   --->   Operation 759 'sext' 'sext_ln886_93' <Predicate = (!icmp_ln154)> <Delay = 0.00>
ST_6 : Operation 760 [1/1] (2.25ns)   --->   "%add_ln886_29 = add i20 %sext_ln886_93, i20 %sext_ln886_86"   --->   Operation 760 'add' 'add_ln886_29' <Predicate = (!icmp_ln154)> <Delay = 2.25> <CoreInst = "Adder">   --->   Core 1 'Adder' <Latency = 0> <II = 1> <Delay = 2.25> <FuncUnit> <Opcode : 'add' 'sub'> <InPorts = 2> <OutPorts = 1>
ST_6 : Operation 761 [1/1] (0.00ns)   --->   "%sext_ln886_94 = sext i20 %add_ln886_29"   --->   Operation 761 'sext' 'sext_ln886_94' <Predicate = (!icmp_ln154)> <Delay = 0.00>
ST_6 : Operation 762 [1/1] (2.28ns)   --->   "%add_ln886_30 = add i21 %sext_ln886_94, i21 %sext_ln886_79"   --->   Operation 762 'add' 'add_ln886_30' <Predicate = (!icmp_ln154)> <Delay = 2.28> <CoreInst = "Adder">   --->   Core 1 'Adder' <Latency = 0> <II = 1> <Delay = 2.28> <FuncUnit> <Opcode : 'add' 'sub'> <InPorts = 2> <OutPorts = 1>
ST_6 : Operation 763 [1/1] (0.00ns)   --->   "%sext_ln886_95 = sext i21 %add_ln886_30"   --->   Operation 763 'sext' 'sext_ln886_95' <Predicate = (!icmp_ln154)> <Delay = 0.00>
ST_6 : Operation 764 [1/1] (0.00ns)   --->   "%sext_ln886_102 = sext i19 %add_ln886_37"   --->   Operation 764 'sext' 'sext_ln886_102' <Predicate = (!icmp_ln154)> <Delay = 0.00>
ST_6 : Operation 765 [1/1] (0.00ns)   --->   "%sext_ln886_109 = sext i19 %add_ln886_44"   --->   Operation 765 'sext' 'sext_ln886_109' <Predicate = (!icmp_ln154)> <Delay = 0.00>
ST_6 : Operation 766 [1/1] (2.25ns)   --->   "%add_ln886_45 = add i20 %sext_ln886_109, i20 %sext_ln886_102"   --->   Operation 766 'add' 'add_ln886_45' <Predicate = (!icmp_ln154)> <Delay = 2.25> <CoreInst = "Adder">   --->   Core 1 'Adder' <Latency = 0> <II = 1> <Delay = 2.25> <FuncUnit> <Opcode : 'add' 'sub'> <InPorts = 2> <OutPorts = 1>
ST_6 : Operation 767 [1/1] (0.00ns)   --->   "%sext_ln886_110 = sext i20 %add_ln886_45"   --->   Operation 767 'sext' 'sext_ln886_110' <Predicate = (!icmp_ln154)> <Delay = 0.00>
ST_6 : Operation 768 [1/1] (0.00ns)   --->   "%sext_ln886_117 = sext i19 %add_ln886_52"   --->   Operation 768 'sext' 'sext_ln886_117' <Predicate = (!icmp_ln154)> <Delay = 0.00>
ST_6 : Operation 769 [1/1] (0.00ns)   --->   "%sext_ln886_124 = sext i19 %add_ln886_59"   --->   Operation 769 'sext' 'sext_ln886_124' <Predicate = (!icmp_ln154)> <Delay = 0.00>
ST_6 : Operation 770 [1/1] (2.25ns)   --->   "%add_ln886_60 = add i20 %sext_ln886_124, i20 %sext_ln886_117"   --->   Operation 770 'add' 'add_ln886_60' <Predicate = (!icmp_ln154)> <Delay = 2.25> <CoreInst = "Adder">   --->   Core 1 'Adder' <Latency = 0> <II = 1> <Delay = 2.25> <FuncUnit> <Opcode : 'add' 'sub'> <InPorts = 2> <OutPorts = 1>
ST_6 : Operation 771 [1/1] (0.00ns)   --->   "%sext_ln886_125 = sext i20 %add_ln886_60"   --->   Operation 771 'sext' 'sext_ln886_125' <Predicate = (!icmp_ln154)> <Delay = 0.00>
ST_6 : Operation 772 [1/1] (2.28ns)   --->   "%add_ln886_61 = add i21 %sext_ln886_125, i21 %sext_ln886_110"   --->   Operation 772 'add' 'add_ln886_61' <Predicate = (!icmp_ln154)> <Delay = 2.28> <CoreInst = "Adder">   --->   Core 1 'Adder' <Latency = 0> <II = 1> <Delay = 2.28> <FuncUnit> <Opcode : 'add' 'sub'> <InPorts = 2> <OutPorts = 1>
ST_6 : Operation 773 [1/1] (0.00ns)   --->   "%sext_ln886_126 = sext i21 %add_ln886_61"   --->   Operation 773 'sext' 'sext_ln886_126' <Predicate = (!icmp_ln154)> <Delay = 0.00>
ST_6 : Operation 774 [1/1] (2.31ns)   --->   "%acc_V_1 = add i22 %sext_ln886_126, i22 %sext_ln886_95"   --->   Operation 774 'add' 'acc_V_1' <Predicate = (!icmp_ln154)> <Delay = 2.31> <CoreInst = "Adder">   --->   Core 1 'Adder' <Latency = 0> <II = 1> <Delay = 2.31> <FuncUnit> <Opcode : 'add' 'sub'> <InPorts = 2> <OutPorts = 1>

State 7 <SV = 6> <Delay = 6.18>
ST_7 : Operation 775 [1/1] (0.00ns)   --->   "%sext_ln153 = sext i22 %acc_V_1" [attention_int8.cpp:153]   --->   Operation 775 'sext' 'sext_ln153' <Predicate = (!icmp_ln154)> <Delay = 0.00>
ST_7 : Operation 776 [6/6] (6.18ns)   --->   "%conv = sitofp i32 %sext_ln153" [attention_int8.cpp:153]   --->   Operation 776 'sitofp' 'conv' <Predicate = (!icmp_ln154)> <Delay = 6.18> <CoreInst = "Int2Float">   --->   Core 62 'Int2Float' <Latency = 5> <II = 1> <Delay = 6.18> <FuncUnit> <Opcode : 'sitofp' 'uitofp'> <InPorts = 1> <OutPorts = 1>

State 8 <SV = 7> <Delay = 6.18>
ST_8 : Operation 777 [5/6] (6.18ns)   --->   "%conv = sitofp i32 %sext_ln153" [attention_int8.cpp:153]   --->   Operation 777 'sitofp' 'conv' <Predicate = (!icmp_ln154)> <Delay = 6.18> <CoreInst = "Int2Float">   --->   Core 62 'Int2Float' <Latency = 5> <II = 1> <Delay = 6.18> <FuncUnit> <Opcode : 'sitofp' 'uitofp'> <InPorts = 1> <OutPorts = 1>

State 9 <SV = 8> <Delay = 6.18>
ST_9 : Operation 778 [4/6] (6.18ns)   --->   "%conv = sitofp i32 %sext_ln153" [attention_int8.cpp:153]   --->   Operation 778 'sitofp' 'conv' <Predicate = (!icmp_ln154)> <Delay = 6.18> <CoreInst = "Int2Float">   --->   Core 62 'Int2Float' <Latency = 5> <II = 1> <Delay = 6.18> <FuncUnit> <Opcode : 'sitofp' 'uitofp'> <InPorts = 1> <OutPorts = 1>

State 10 <SV = 9> <Delay = 6.18>
ST_10 : Operation 779 [3/6] (6.18ns)   --->   "%conv = sitofp i32 %sext_ln153" [attention_int8.cpp:153]   --->   Operation 779 'sitofp' 'conv' <Predicate = (!icmp_ln154)> <Delay = 6.18> <CoreInst = "Int2Float">   --->   Core 62 'Int2Float' <Latency = 5> <II = 1> <Delay = 6.18> <FuncUnit> <Opcode : 'sitofp' 'uitofp'> <InPorts = 1> <OutPorts = 1>

State 11 <SV = 10> <Delay = 6.18>
ST_11 : Operation 780 [2/6] (6.18ns)   --->   "%conv = sitofp i32 %sext_ln153" [attention_int8.cpp:153]   --->   Operation 780 'sitofp' 'conv' <Predicate = (!icmp_ln154)> <Delay = 6.18> <CoreInst = "Int2Float">   --->   Core 62 'Int2Float' <Latency = 5> <II = 1> <Delay = 6.18> <FuncUnit> <Opcode : 'sitofp' 'uitofp'> <InPorts = 1> <OutPorts = 1>

State 12 <SV = 11> <Delay = 6.18>
ST_12 : Operation 781 [1/6] (6.18ns)   --->   "%conv = sitofp i32 %sext_ln153" [attention_int8.cpp:153]   --->   Operation 781 'sitofp' 'conv' <Predicate = (!icmp_ln154)> <Delay = 6.18> <CoreInst = "Int2Float">   --->   Core 62 'Int2Float' <Latency = 5> <II = 1> <Delay = 6.18> <FuncUnit> <Opcode : 'sitofp' 'uitofp'> <InPorts = 1> <OutPorts = 1>

State 13 <SV = 12> <Delay = 5.78>
ST_13 : Operation 782 [4/4] (5.78ns)   --->   "%s = fmul i32 %conv, i32 %q_scale_read" [attention_int8.cpp:153]   --->   Operation 782 'fmul' 's' <Predicate = (!icmp_ln154)> <Delay = 5.78> <CoreInst = "FMul_maxdsp">   --->   Core 30 'FMul_maxdsp' <Latency = 3> <II = 1> <Delay = 5.78> <FuncUnit> <Opcode : 'fmul'> <InPorts = 2> <OutPorts = 1>

State 14 <SV = 13> <Delay = 5.78>
ST_14 : Operation 783 [3/4] (5.78ns)   --->   "%s = fmul i32 %conv, i32 %q_scale_read" [attention_int8.cpp:153]   --->   Operation 783 'fmul' 's' <Predicate = (!icmp_ln154)> <Delay = 5.78> <CoreInst = "FMul_maxdsp">   --->   Core 30 'FMul_maxdsp' <Latency = 3> <II = 1> <Delay = 5.78> <FuncUnit> <Opcode : 'fmul'> <InPorts = 2> <OutPorts = 1>

State 15 <SV = 14> <Delay = 5.78>
ST_15 : Operation 784 [2/4] (5.78ns)   --->   "%s = fmul i32 %conv, i32 %q_scale_read" [attention_int8.cpp:153]   --->   Operation 784 'fmul' 's' <Predicate = (!icmp_ln154)> <Delay = 5.78> <CoreInst = "FMul_maxdsp">   --->   Core 30 'FMul_maxdsp' <Latency = 3> <II = 1> <Delay = 5.78> <FuncUnit> <Opcode : 'fmul'> <InPorts = 2> <OutPorts = 1>

State 16 <SV = 15> <Delay = 6.58>
ST_16 : Operation 785 [1/4] (5.78ns)   --->   "%s = fmul i32 %conv, i32 %q_scale_read" [attention_int8.cpp:153]   --->   Operation 785 'fmul' 's' <Predicate = (!icmp_ln154)> <Delay = 5.78> <CoreInst = "FMul_maxdsp">   --->   Core 30 'FMul_maxdsp' <Latency = 3> <II = 1> <Delay = 5.78> <FuncUnit> <Opcode : 'fmul'> <InPorts = 2> <OutPorts = 1>
ST_16 : Operation 786 [1/1] (0.79ns)   --->   "%rmax_1 = select i1 %icmp_ln154, i32 -1e+30, i32 %s" [attention_int8.cpp:154]   --->   Operation 786 'select' 'rmax_1' <Predicate = true> <Delay = 0.79> <CoreInst = "Sel">   --->   Core 73 'Sel' <Latency = 0> <II = 1> <Delay = 0.79> <FuncUnit> <Opcode : 'select'> <InPorts = 3> <OutPorts = 1>

State 17 <SV = 16> <Delay = 5.09>
ST_17 : Operation 787 [1/1] (0.00ns)   --->   "%specpipeline_ln147 = specpipeline void @_ssdm_op_SpecPipeline, i32 1, i32 0, i32 0, i32 0, void @empty_13" [attention_int8.cpp:147]   --->   Operation 787 'specpipeline' 'specpipeline_ln147' <Predicate = true> <Delay = 0.00>
ST_17 : Operation 788 [1/1] (0.00ns)   --->   "%specloopname_ln148 = specloopname void @_ssdm_op_SpecLoopName, void @empty_2" [attention_int8.cpp:148]   --->   Operation 788 'specloopname' 'specloopname_ln148' <Predicate = true> <Delay = 0.00>
ST_17 : Operation 789 [1/1] (0.00ns)   --->   "%tmp_s = bitconcatenate i7 @_ssdm_op_BitConcatenate.i7.i3.i4, i3 %trunc_ln155_1_read, i4 %lshr_ln1" [attention_int8.cpp:155]   --->   Operation 789 'bitconcatenate' 'tmp_s' <Predicate = true> <Delay = 0.00>
ST_17 : Operation 790 [1/1] (0.00ns)   --->   "%zext_ln155 = zext i7 %tmp_s" [attention_int8.cpp:155]   --->   Operation 790 'zext' 'zext_ln155' <Predicate = true> <Delay = 0.00>
ST_17 : Operation 791 [1/1] (0.00ns)   --->   "%scores_addr = getelementptr i32 %scores, i64 0, i64 %zext_ln155" [attention_int8.cpp:155]   --->   Operation 791 'getelementptr' 'scores_addr' <Predicate = true> <Delay = 0.00>
ST_17 : Operation 792 [1/1] (0.00ns)   --->   "%scores_1_addr = getelementptr i32 %scores_1, i64 0, i64 %zext_ln155" [attention_int8.cpp:155]   --->   Operation 792 'getelementptr' 'scores_1_addr' <Predicate = true> <Delay = 0.00>
ST_17 : Operation 793 [1/1] (0.00ns)   --->   "%scores_2_addr = getelementptr i32 %scores_2, i64 0, i64 %zext_ln155" [attention_int8.cpp:155]   --->   Operation 793 'getelementptr' 'scores_2_addr' <Predicate = true> <Delay = 0.00>
ST_17 : Operation 794 [1/1] (0.00ns)   --->   "%scores_3_addr = getelementptr i32 %scores_3, i64 0, i64 %zext_ln155" [attention_int8.cpp:155]   --->   Operation 794 'getelementptr' 'scores_3_addr' <Predicate = true> <Delay = 0.00>
ST_17 : Operation 795 [1/1] (0.00ns)   --->   "%scores_4_addr = getelementptr i32 %scores_4, i64 0, i64 %zext_ln155" [attention_int8.cpp:155]   --->   Operation 795 'getelementptr' 'scores_4_addr' <Predicate = true> <Delay = 0.00>
ST_17 : Operation 796 [1/1] (0.00ns)   --->   "%scores_5_addr = getelementptr i32 %scores_5, i64 0, i64 %zext_ln155" [attention_int8.cpp:155]   --->   Operation 796 'getelementptr' 'scores_5_addr' <Predicate = true> <Delay = 0.00>
ST_17 : Operation 797 [1/1] (0.00ns)   --->   "%scores_6_addr = getelementptr i32 %scores_6, i64 0, i64 %zext_ln155" [attention_int8.cpp:155]   --->   Operation 797 'getelementptr' 'scores_6_addr' <Predicate = true> <Delay = 0.00>
ST_17 : Operation 798 [1/1] (0.00ns)   --->   "%scores_7_addr = getelementptr i32 %scores_7, i64 0, i64 %zext_ln155" [attention_int8.cpp:155]   --->   Operation 798 'getelementptr' 'scores_7_addr' <Predicate = true> <Delay = 0.00>
ST_17 : Operation 799 [1/1] (3.25ns)   --->   "%store_ln155 = store i32 %rmax_1, i7 %scores_6_addr" [attention_int8.cpp:155]   --->   Operation 799 'store' 'store_ln155' <Predicate = (trunc_ln155 == 6)> <Delay = 3.25> <CoreInst = "RAM">   --->   Core 82 'RAM' <Latency = 1> <II = 1> <Delay = 3.25> <Storage> <Opcode : 'load' 'store'> <Ports = 2> <Width = 32> <Depth = 128> <RAM>
ST_17 : Operation 800 [1/1] (0.00ns)   --->   "%br_ln155 = br void %arrayidx1707.exit" [attention_int8.cpp:155]   --->   Operation 800 'br' 'br_ln155' <Predicate = (trunc_ln155 == 6)> <Delay = 0.00>
ST_17 : Operation 801 [1/1] (3.25ns)   --->   "%store_ln155 = store i32 %rmax_1, i7 %scores_5_addr" [attention_int8.cpp:155]   --->   Operation 801 'store' 'store_ln155' <Predicate = (trunc_ln155 == 5)> <Delay = 3.25> <CoreInst = "RAM">   --->   Core 82 'RAM' <Latency = 1> <II = 1> <Delay = 3.25> <Storage> <Opcode : 'load' 'store'> <Ports = 2> <Width = 32> <Depth = 128> <RAM>
ST_17 : Operation 802 [1/1] (0.00ns)   --->   "%br_ln155 = br void %arrayidx1707.exit" [attention_int8.cpp:155]   --->   Operation 802 'br' 'br_ln155' <Predicate = (trunc_ln155 == 5)> <Delay = 0.00>
ST_17 : Operation 803 [1/1] (3.25ns)   --->   "%store_ln155 = store i32 %rmax_1, i7 %scores_4_addr" [attention_int8.cpp:155]   --->   Operation 803 'store' 'store_ln155' <Predicate = (trunc_ln155 == 4)> <Delay = 3.25> <CoreInst = "RAM">   --->   Core 82 'RAM' <Latency = 1> <II = 1> <Delay = 3.25> <Storage> <Opcode : 'load' 'store'> <Ports = 2> <Width = 32> <Depth = 128> <RAM>
ST_17 : Operation 804 [1/1] (0.00ns)   --->   "%br_ln155 = br void %arrayidx1707.exit" [attention_int8.cpp:155]   --->   Operation 804 'br' 'br_ln155' <Predicate = (trunc_ln155 == 4)> <Delay = 0.00>
ST_17 : Operation 805 [1/1] (3.25ns)   --->   "%store_ln155 = store i32 %rmax_1, i7 %scores_3_addr" [attention_int8.cpp:155]   --->   Operation 805 'store' 'store_ln155' <Predicate = (trunc_ln155 == 3)> <Delay = 3.25> <CoreInst = "RAM">   --->   Core 82 'RAM' <Latency = 1> <II = 1> <Delay = 3.25> <Storage> <Opcode : 'load' 'store'> <Ports = 2> <Width = 32> <Depth = 128> <RAM>
ST_17 : Operation 806 [1/1] (0.00ns)   --->   "%br_ln155 = br void %arrayidx1707.exit" [attention_int8.cpp:155]   --->   Operation 806 'br' 'br_ln155' <Predicate = (trunc_ln155 == 3)> <Delay = 0.00>
ST_17 : Operation 807 [1/1] (3.25ns)   --->   "%store_ln155 = store i32 %rmax_1, i7 %scores_2_addr" [attention_int8.cpp:155]   --->   Operation 807 'store' 'store_ln155' <Predicate = (trunc_ln155 == 2)> <Delay = 3.25> <CoreInst = "RAM">   --->   Core 82 'RAM' <Latency = 1> <II = 1> <Delay = 3.25> <Storage> <Opcode : 'load' 'store'> <Ports = 2> <Width = 32> <Depth = 128> <RAM>
ST_17 : Operation 808 [1/1] (0.00ns)   --->   "%br_ln155 = br void %arrayidx1707.exit" [attention_int8.cpp:155]   --->   Operation 808 'br' 'br_ln155' <Predicate = (trunc_ln155 == 2)> <Delay = 0.00>
ST_17 : Operation 809 [1/1] (3.25ns)   --->   "%store_ln155 = store i32 %rmax_1, i7 %scores_1_addr" [attention_int8.cpp:155]   --->   Operation 809 'store' 'store_ln155' <Predicate = (trunc_ln155 == 1)> <Delay = 3.25> <CoreInst = "RAM">   --->   Core 82 'RAM' <Latency = 1> <II = 1> <Delay = 3.25> <Storage> <Opcode : 'load' 'store'> <Ports = 2> <Width = 32> <Depth = 128> <RAM>
ST_17 : Operation 810 [1/1] (0.00ns)   --->   "%br_ln155 = br void %arrayidx1707.exit" [attention_int8.cpp:155]   --->   Operation 810 'br' 'br_ln155' <Predicate = (trunc_ln155 == 1)> <Delay = 0.00>
ST_17 : Operation 811 [1/1] (3.25ns)   --->   "%store_ln155 = store i32 %rmax_1, i7 %scores_addr" [attention_int8.cpp:155]   --->   Operation 811 'store' 'store_ln155' <Predicate = (trunc_ln155 == 0)> <Delay = 3.25> <CoreInst = "RAM">   --->   Core 82 'RAM' <Latency = 1> <II = 1> <Delay = 3.25> <Storage> <Opcode : 'load' 'store'> <Ports = 2> <Width = 32> <Depth = 128> <RAM>
ST_17 : Operation 812 [1/1] (0.00ns)   --->   "%br_ln155 = br void %arrayidx1707.exit" [attention_int8.cpp:155]   --->   Operation 812 'br' 'br_ln155' <Predicate = (trunc_ln155 == 0)> <Delay = 0.00>
ST_17 : Operation 813 [1/1] (3.25ns)   --->   "%store_ln155 = store i32 %rmax_1, i7 %scores_7_addr" [attention_int8.cpp:155]   --->   Operation 813 'store' 'store_ln155' <Predicate = (trunc_ln155 == 7)> <Delay = 3.25> <CoreInst = "RAM">   --->   Core 82 'RAM' <Latency = 1> <II = 1> <Delay = 3.25> <Storage> <Opcode : 'load' 'store'> <Ports = 2> <Width = 32> <Depth = 128> <RAM>
ST_17 : Operation 814 [1/1] (0.00ns)   --->   "%br_ln155 = br void %arrayidx1707.exit" [attention_int8.cpp:155]   --->   Operation 814 'br' 'br_ln155' <Predicate = (trunc_ln155 == 7)> <Delay = 0.00>
ST_17 : Operation 815 [1/1] (0.00ns)   --->   "%rmax_load_1 = load i32 %rmax" [attention_int8.cpp:156]   --->   Operation 815 'load' 'rmax_load_1' <Predicate = true> <Delay = 0.00>
ST_17 : Operation 816 [1/1] (0.00ns)   --->   "%bitcast_ln156 = bitcast i32 %rmax_1" [attention_int8.cpp:156]   --->   Operation 816 'bitcast' 'bitcast_ln156' <Predicate = true> <Delay = 0.00>
ST_17 : Operation 817 [1/1] (0.00ns)   --->   "%tmp_138 = partselect i8 @_ssdm_op_PartSelect.i8.i32.i32.i32, i32 %bitcast_ln156, i32 23, i32 30" [attention_int8.cpp:156]   --->   Operation 817 'partselect' 'tmp_138' <Predicate = true> <Delay = 0.00>
ST_17 : Operation 818 [1/1] (0.00ns)   --->   "%trunc_ln156 = trunc i32 %bitcast_ln156" [attention_int8.cpp:156]   --->   Operation 818 'trunc' 'trunc_ln156' <Predicate = true> <Delay = 0.00>
ST_17 : Operation 819 [1/1] (0.00ns)   --->   "%bitcast_ln156_1 = bitcast i32 %rmax_load_1" [attention_int8.cpp:156]   --->   Operation 819 'bitcast' 'bitcast_ln156_1' <Predicate = true> <Delay = 0.00>
ST_17 : Operation 820 [1/1] (0.00ns)   --->   "%tmp_139 = partselect i8 @_ssdm_op_PartSelect.i8.i32.i32.i32, i32 %bitcast_ln156_1, i32 23, i32 30" [attention_int8.cpp:156]   --->   Operation 820 'partselect' 'tmp_139' <Predicate = true> <Delay = 0.00>
ST_17 : Operation 821 [1/1] (0.00ns)   --->   "%trunc_ln156_1 = trunc i32 %bitcast_ln156_1" [attention_int8.cpp:156]   --->   Operation 821 'trunc' 'trunc_ln156_1' <Predicate = true> <Delay = 0.00>
ST_17 : Operation 822 [1/1] (1.47ns)   --->   "%icmp_ln156 = icmp_ne  i8 %tmp_138, i8 255" [attention_int8.cpp:156]   --->   Operation 822 'icmp' 'icmp_ln156' <Predicate = true> <Delay = 1.47> <CoreInst = "Cmp">   --->   Core 9 'Cmp' <Latency = 0> <II = 1> <Delay = 1.47> <FuncUnit> <Opcode : 'icmp'> <InPorts = 2> <OutPorts = 1>
ST_17 : Operation 823 [1/1] (2.40ns)   --->   "%icmp_ln156_1 = icmp_eq  i23 %trunc_ln156, i23 0" [attention_int8.cpp:156]   --->   Operation 823 'icmp' 'icmp_ln156_1' <Predicate = true> <Delay = 2.40> <CoreInst = "Cmp">   --->   Core 9 'Cmp' <Latency = 0> <II = 1> <Delay = 2.40> <FuncUnit> <Opcode : 'icmp'> <InPorts = 2> <OutPorts = 1>
ST_17 : Operation 824 [1/1] (1.47ns)   --->   "%icmp_ln156_2 = icmp_ne  i8 %tmp_139, i8 255" [attention_int8.cpp:156]   --->   Operation 824 'icmp' 'icmp_ln156_2' <Predicate = true> <Delay = 1.47> <CoreInst = "Cmp">   --->   Core 9 'Cmp' <Latency = 0> <II = 1> <Delay = 1.47> <FuncUnit> <Opcode : 'icmp'> <InPorts = 2> <OutPorts = 1>
ST_17 : Operation 825 [1/1] (2.40ns)   --->   "%icmp_ln156_3 = icmp_eq  i23 %trunc_ln156_1, i23 0" [attention_int8.cpp:156]   --->   Operation 825 'icmp' 'icmp_ln156_3' <Predicate = true> <Delay = 2.40> <CoreInst = "Cmp">   --->   Core 9 'Cmp' <Latency = 0> <II = 1> <Delay = 2.40> <FuncUnit> <Opcode : 'icmp'> <InPorts = 2> <OutPorts = 1>
ST_17 : Operation 826 [2/2] (5.09ns)   --->   "%tmp_140 = fcmp_ogt  i32 %rmax_1, i32 %rmax_load_1" [attention_int8.cpp:156]   --->   Operation 826 'fcmp' 'tmp_140' <Predicate = true> <Delay = 5.09> <CoreInst = "FCompare">   --->   Core 19 'FCompare' <Latency = 1> <II = 1> <Delay = 5.09> <FuncUnit> <Opcode : 'fcmp'> <InPorts = 2> <OutPorts = 1>
ST_17 : Operation 835 [1/1] (0.00ns)   --->   "%rmax_load = load i32 %rmax"   --->   Operation 835 'load' 'rmax_load' <Predicate = (icmp_ln146)> <Delay = 0.00>
ST_17 : Operation 836 [1/1] (0.00ns)   --->   "%write_ln0 = write void @_ssdm_op_Write.ap_auto.floatP0A, i32 %rmax_out, i32 %rmax_load"   --->   Operation 836 'write' 'write_ln0' <Predicate = (icmp_ln146)> <Delay = 0.00>
ST_17 : Operation 837 [1/1] (0.00ns)   --->   "%ret_ln0 = ret"   --->   Operation 837 'ret' 'ret_ln0' <Predicate = (icmp_ln146)> <Delay = 0.00>

State 18 <SV = 17> <Delay = 8.47>
ST_18 : Operation 827 [1/1] (0.00ns) (grouped into LUT with out node and_ln156_1)   --->   "%or_ln156 = or i1 %icmp_ln156_1, i1 %icmp_ln156" [attention_int8.cpp:156]   --->   Operation 827 'or' 'or_ln156' <Predicate = true> <Delay = 0.00> <CoreInst = "LogicGate">   --->   Core 74 'LogicGate' <Latency = 0> <II = 1> <Delay = 0.97> <FuncUnit> <Opcode : 'and' 'or' 'xor'> <InPorts = 2> <OutPorts = 1>
ST_18 : Operation 828 [1/1] (0.00ns) (grouped into LUT with out node and_ln156_1)   --->   "%or_ln156_1 = or i1 %icmp_ln156_3, i1 %icmp_ln156_2" [attention_int8.cpp:156]   --->   Operation 828 'or' 'or_ln156_1' <Predicate = true> <Delay = 0.00> <CoreInst = "LogicGate">   --->   Core 74 'LogicGate' <Latency = 0> <II = 1> <Delay = 0.97> <FuncUnit> <Opcode : 'and' 'or' 'xor'> <InPorts = 2> <OutPorts = 1>
ST_18 : Operation 829 [1/2] (5.09ns)   --->   "%tmp_140 = fcmp_ogt  i32 %rmax_1, i32 %rmax_load_1" [attention_int8.cpp:156]   --->   Operation 829 'fcmp' 'tmp_140' <Predicate = true> <Delay = 5.09> <CoreInst = "FCompare">   --->   Core 19 'FCompare' <Latency = 1> <II = 1> <Delay = 5.09> <FuncUnit> <Opcode : 'fcmp'> <InPorts = 2> <OutPorts = 1>
ST_18 : Operation 830 [1/1] (0.00ns) (grouped into LUT with out node and_ln156_1)   --->   "%and_ln156 = and i1 %or_ln156, i1 %or_ln156_1" [attention_int8.cpp:156]   --->   Operation 830 'and' 'and_ln156' <Predicate = true> <Delay = 0.00> <CoreInst = "LogicGate">   --->   Core 74 'LogicGate' <Latency = 0> <II = 1> <Delay = 0.97> <FuncUnit> <Opcode : 'and' 'or' 'xor'> <InPorts = 2> <OutPorts = 1>
ST_18 : Operation 831 [1/1] (0.97ns) (out node of the LUT)   --->   "%and_ln156_1 = and i1 %and_ln156, i1 %tmp_140" [attention_int8.cpp:156]   --->   Operation 831 'and' 'and_ln156_1' <Predicate = true> <Delay = 0.97> <CoreInst = "LogicGate">   --->   Core 74 'LogicGate' <Latency = 0> <II = 1> <Delay = 0.97> <FuncUnit> <Opcode : 'and' 'or' 'xor'> <InPorts = 2> <OutPorts = 1>
ST_18 : Operation 832 [1/1] (0.79ns) (out node of the LUT)   --->   "%rmax_2 = select i1 %and_ln156_1, i32 %rmax_1, i32 %rmax_load_1" [attention_int8.cpp:156]   --->   Operation 832 'select' 'rmax_2' <Predicate = true> <Delay = 0.79> <CoreInst = "Sel">   --->   Core 73 'Sel' <Latency = 0> <II = 1> <Delay = 0.79> <FuncUnit> <Opcode : 'select'> <InPorts = 3> <OutPorts = 1>
ST_18 : Operation 833 [1/1] (1.61ns)   --->   "%store_ln146 = store i32 %rmax_2, i32 %rmax" [attention_int8.cpp:146]   --->   Operation 833 'store' 'store_ln146' <Predicate = true> <Delay = 1.61>
ST_18 : Operation 834 [1/1] (0.00ns)   --->   "%br_ln146 = br void %for.inc157" [attention_int8.cpp:146]   --->   Operation 834 'br' 'br_ln146' <Predicate = true> <Delay = 0.00>


============================================================
+ Verbose Summary: Timing violations
============================================================
Target clock period: 10ns, clock uncertainty: 2.7ns.

 <State 1>: 3.73ns
The critical path consists of the following:
	'alloca' operation ('j') [143]  (0 ns)
	'load' operation ('j', attention_int8.cpp:155) on local variable 'j' [280]  (0 ns)
	'add' operation ('add_ln146', attention_int8.cpp:146) [283]  (2.12 ns)
	'store' operation ('store_ln146', attention_int8.cpp:146) of variable 'add_ln146', attention_int8.cpp:146 on local variable 'j' [795]  (1.61 ns)

 <State 2>: 4.71ns
The critical path consists of the following:
	'load' operation ('K_tile_V_load') on array 'K_tile_V' [291]  (3.26 ns)
	'mul' operation of DSP[610] ('acc.V') [293]  (1.45 ns)

 <State 3>: 3.26ns
The critical path consists of the following:
	'load' operation ('K_tile_V_1_load') on array 'K_tile_V_1' [296]  (3.26 ns)

 <State 4>: 6.47ns
The critical path consists of the following:
	'mul' operation ('mul_ln886') [298]  (4.37 ns)
	'add' operation of DSP[610] ('add_ln886') [610]  (2.1 ns)

 <State 5>: 6.5ns
The critical path consists of the following:
	'add' operation of DSP[610] ('add_ln886') [610]  (2.1 ns)
	'add' operation ('add_ln886_2') [614]  (2.18 ns)
	'add' operation ('add_ln886_6') [622]  (2.22 ns)

 <State 6>: 6.85ns
The critical path consists of the following:
	'add' operation ('add_ln886_14') [638]  (2.25 ns)
	'add' operation ('add_ln886_30') [670]  (2.29 ns)
	'add' operation ('acc.V') [734]  (2.32 ns)

 <State 7>: 6.18ns
The critical path consists of the following:
	'sitofp' operation ('conv', attention_int8.cpp:153) [736]  (6.18 ns)

 <State 8>: 6.18ns
The critical path consists of the following:
	'sitofp' operation ('conv', attention_int8.cpp:153) [736]  (6.18 ns)

 <State 9>: 6.18ns
The critical path consists of the following:
	'sitofp' operation ('conv', attention_int8.cpp:153) [736]  (6.18 ns)

 <State 10>: 6.18ns
The critical path consists of the following:
	'sitofp' operation ('conv', attention_int8.cpp:153) [736]  (6.18 ns)

 <State 11>: 6.18ns
The critical path consists of the following:
	'sitofp' operation ('conv', attention_int8.cpp:153) [736]  (6.18 ns)

 <State 12>: 6.18ns
The critical path consists of the following:
	'sitofp' operation ('conv', attention_int8.cpp:153) [736]  (6.18 ns)

 <State 13>: 5.78ns
The critical path consists of the following:
	'fmul' operation ('s', attention_int8.cpp:153) [737]  (5.78 ns)

 <State 14>: 5.78ns
The critical path consists of the following:
	'fmul' operation ('s', attention_int8.cpp:153) [737]  (5.78 ns)

 <State 15>: 5.78ns
The critical path consists of the following:
	'fmul' operation ('s', attention_int8.cpp:153) [737]  (5.78 ns)

 <State 16>: 6.58ns
The critical path consists of the following:
	'fmul' operation ('s', attention_int8.cpp:153) [737]  (5.78 ns)
	'select' operation ('s', attention_int8.cpp:154) [739]  (0.796 ns)

 <State 17>: 5.09ns
The critical path consists of the following:
	'load' operation ('rmax_load_1', attention_int8.cpp:156) on local variable 'rmax' [778]  (0 ns)
	'fcmp' operation ('tmp_140', attention_int8.cpp:156) [791]  (5.09 ns)

 <State 18>: 8.48ns
The critical path consists of the following:
	'fcmp' operation ('tmp_140', attention_int8.cpp:156) [791]  (5.09 ns)
	'and' operation ('and_ln156_1', attention_int8.cpp:156) [793]  (0.978 ns)
	'select' operation ('rmax', attention_int8.cpp:156) [794]  (0.796 ns)
	'store' operation ('store_ln146', attention_int8.cpp:146) of variable 'rmax', attention_int8.cpp:156 on local variable 'rmax' [796]  (1.61 ns)


============================================================
+ Verbose Summary: Binding
============================================================
N/A
* FSMD analyzer results:
  - Output states:
 - Input state : 
  - Chain level:
	State 1
	State 2
	State 3
	State 4
	State 5
	State 6
	State 7
	State 8
	State 9
	State 10
	State 11
	State 12
	State 13
	State 14
	State 15
	State 16
	State 17
	State 18


============================================================
+ Verbose Summary: Datapath Resource usage 
============================================================
N/A
