

================================================================
== Vitis HLS Report for 'attention_int8_kernel_Pipeline_VITIS_LOOP_101_3_VITIS_LOOP_102_4'
================================================================
* Date:           Sat Apr 25 21:22:57 2026

* Version:        2022.1 (Build 3526262 on Mon Apr 18 15:47:01 MDT 2022)
* Project:        hls_cosim_project
* Solution:       solution_cosim (Vivado IP Flow Target)
* Product family: artix7
* Target device:  xc7a200t-sbg484-1


================================================================
== Performance Estimates
================================================================
+ Timing: 
    * Summary: 
    +--------+----------+----------+------------+
    |  Clock |  Target  | Estimated| Uncertainty|
    +--------+----------+----------+------------+
    |ap_clk  |  10.00 ns|  7.300 ns|     2.70 ns|
    +--------+----------+----------+------------+

+ Latency: 
    * Summary: 
    +---------+---------+----------+----------+-----+-----+---------+
    |  Latency (cycles) |  Latency (absolute) |  Interval | Pipeline|
    |   min   |   max   |    min   |    max   | min | max |   Type  |
    +---------+---------+----------+----------+-----+-----+---------+
    |      515|      515|  5.150 us|  5.150 us|  515|  515|       no|
    +---------+---------+----------+----------+-----+-----+---------+

    + Detail: 
        * Instance: 
        N/A

        * Loop: 
        +-------------------------------------+---------+---------+----------+-----------+-----------+------+----------+
        |                                     |  Latency (cycles) | Iteration|  Initiation Interval  | Trip |          |
        |              Loop Name              |   min   |   max   |  Latency |  achieved |   target  | Count| Pipelined|
        +-------------------------------------+---------+---------+----------+-----------+-----------+------+----------+
        |- VITIS_LOOP_101_3_VITIS_LOOP_102_4  |      513|      513|         3|          1|          1|   512|       yes|
        +-------------------------------------+---------+---------+----------+-----------+-----------+------+----------+



================================================================
== Utilization Estimates
================================================================
* Summary: 
+-----------------+---------+-----+--------+--------+-----+
|       Name      | BRAM_18K| DSP |   FF   |   LUT  | URAM|
+-----------------+---------+-----+--------+--------+-----+
|DSP              |        -|    -|       -|       -|    -|
|Expression       |        -|    -|       0|      81|    -|
|FIFO             |        -|    -|       -|       -|    -|
|Instance         |        -|    -|       -|       -|    -|
|Memory           |        -|    -|       -|       -|    -|
|Multiplexer      |        -|    -|       -|      63|    -|
|Register         |        -|    -|      34|       -|    -|
+-----------------+---------+-----+--------+--------+-----+
|Total            |        0|    0|      34|     144|    0|
+-----------------+---------+-----+--------+--------+-----+
|Available        |      730|  740|  269200|  134600|    0|
+-----------------+---------+-----+--------+--------+-----+
|Utilization (%)  |        0|    0|      ~0|      ~0|    0|
+-----------------+---------+-----+--------+--------+-----+

+ Detail: 
    * Instance: 
    N/A

    * DSP: 
    N/A

    * Memory: 
    N/A

    * FIFO: 
    N/A

    * Expression: 
    +---------------------------+----------+----+---+----+------------+------------+
    |       Variable Name       | Operation| DSP| FF| LUT| Bitwidth P0| Bitwidth P1|
    +---------------------------+----------+----+---+----+------------+------------+
    |add_ln101_1_fu_1199_p2     |         +|   0|  0|  17|          10|           1|
    |add_ln101_fu_1216_p2       |         +|   0|  0|  13|           4|           1|
    |add_ln102_fu_1316_p2       |         +|   0|  0|  14|           7|           1|
    |ap_block_pp0_stage0_11001  |       and|   0|  0|   2|           1|           1|
    |icmp_ln101_fu_1193_p2      |      icmp|   0|  0|  11|          10|          11|
    |icmp_ln102_fu_1222_p2      |      icmp|   0|  0|  11|           7|           8|
    |select_ln101_1_fu_1236_p3  |    select|   0|  0|   4|           1|           4|
    |select_ln101_fu_1228_p3    |    select|   0|  0|   7|           1|           1|
    |ap_enable_pp0              |       xor|   0|  0|   2|           1|           2|
    +---------------------------+----------+----+---+----+------------+------------+
    |Total                      |          |   0|  0|  81|          42|          30|
    +---------------------------+----------+----+---+----+------------+------------+

    * Multiplexer: 
    +--------------------------------------+----+-----------+-----+-----------+
    |                 Name                 | LUT| Input Size| Bits| Total Bits|
    +--------------------------------------+----+-----------+-----+-----------+
    |ap_done_int                           |   9|          2|    1|          2|
    |ap_enable_reg_pp0_iter1               |   9|          2|    1|          2|
    |ap_sig_allocacmp_indvar_flatten_load  |   9|          2|   10|         20|
    |d_fu_314                              |   9|          2|    7|         14|
    |gmem0_blk_n_R                         |   9|          2|    1|          2|
    |i_fu_318                              |   9|          2|    4|          8|
    |indvar_flatten_fu_322                 |   9|          2|   10|         20|
    +--------------------------------------+----+-----------+-----+-----------+
    |Total                                 |  63|         14|   34|         68|
    +--------------------------------------+----+-----------+-----+-----------+

    * Register: 
    +----------------------------------+----+----+-----+-----------+
    |               Name               | FF | LUT| Bits| Const Bits|
    +----------------------------------+----+----+-----+-----------+
    |ap_CS_fsm                         |   1|   0|    1|          0|
    |ap_done_reg                       |   1|   0|    1|          0|
    |ap_enable_reg_pp0_iter1           |   1|   0|    1|          0|
    |ap_enable_reg_pp0_iter2           |   1|   0|    1|          0|
    |ap_loop_exit_ready_pp0_iter1_reg  |   1|   0|    1|          0|
    |d_fu_314                          |   7|   0|    7|          0|
    |gmem0_addr_read_reg_1362          |   8|   0|    8|          0|
    |i_fu_318                          |   4|   0|    4|          0|
    |indvar_flatten_fu_322             |  10|   0|   10|          0|
    +----------------------------------+----+----+-----+-----------+
    |Total                             |  34|   0|   34|          0|
    +----------------------------------+----+----+-----+-----------+



================================================================
== Interface
================================================================
* Summary: 
+----------------------+-----+-----+------------+------------------------------------------------------------------+--------------+
|       RTL Ports      | Dir | Bits|  Protocol  |                           Source Object                          |    C Type    |
+----------------------+-----+-----+------------+------------------------------------------------------------------+--------------+
|ap_clk                |   in|    1|  ap_ctrl_hs|  attention_int8_kernel_Pipeline_VITIS_LOOP_101_3_VITIS_LOOP_102_4|  return value|
|ap_rst                |   in|    1|  ap_ctrl_hs|  attention_int8_kernel_Pipeline_VITIS_LOOP_101_3_VITIS_LOOP_102_4|  return value|
|ap_start              |   in|    1|  ap_ctrl_hs|  attention_int8_kernel_Pipeline_VITIS_LOOP_101_3_VITIS_LOOP_102_4|  return value|
|ap_done               |  out|    1|  ap_ctrl_hs|  attention_int8_kernel_Pipeline_VITIS_LOOP_101_3_VITIS_LOOP_102_4|  return value|
|ap_idle               |  out|    1|  ap_ctrl_hs|  attention_int8_kernel_Pipeline_VITIS_LOOP_101_3_VITIS_LOOP_102_4|  return value|
|ap_ready              |  out|    1|  ap_ctrl_hs|  attention_int8_kernel_Pipeline_VITIS_LOOP_101_3_VITIS_LOOP_102_4|  return value|
|m_axi_gmem0_AWVALID   |  out|    1|       m_axi|                                                             gmem0|       pointer|
|m_axi_gmem0_AWREADY   |   in|    1|       m_axi|                                                             gmem0|       pointer|
|m_axi_gmem0_AWADDR    |  out|   64|       m_axi|                                                             gmem0|       pointer|
|m_axi_gmem0_AWID      |  out|    1|       m_axi|                                                             gmem0|       pointer|
|m_axi_gmem0_AWLEN     |  out|   32|       m_axi|                                                             gmem0|       pointer|
|m_axi_gmem0_AWSIZE    |  out|    3|       m_axi|                                                             gmem0|       pointer|
|m_axi_gmem0_AWBURST   |  out|    2|       m_axi|                                                             gmem0|       pointer|
|m_axi_gmem0_AWLOCK    |  out|    2|       m_axi|                                                             gmem0|       pointer|
|m_axi_gmem0_AWCACHE   |  out|    4|       m_axi|                                                             gmem0|       pointer|
|m_axi_gmem0_AWPROT    |  out|    3|       m_axi|                                                             gmem0|       pointer|
|m_axi_gmem0_AWQOS     |  out|    4|       m_axi|                                                             gmem0|       pointer|
|m_axi_gmem0_AWREGION  |  out|    4|       m_axi|                                                             gmem0|       pointer|
|m_axi_gmem0_AWUSER    |  out|    1|       m_axi|                                                             gmem0|       pointer|
|m_axi_gmem0_WVALID    |  out|    1|       m_axi|                                                             gmem0|       pointer|
|m_axi_gmem0_WREADY    |   in|    1|       m_axi|                                                             gmem0|       pointer|
|m_axi_gmem0_WDATA     |  out|    8|       m_axi|                                                             gmem0|       pointer|
|m_axi_gmem0_WSTRB     |  out|    1|       m_axi|                                                             gmem0|       pointer|
|m_axi_gmem0_WLAST     |  out|    1|       m_axi|                                                             gmem0|       pointer|
|m_axi_gmem0_WID       |  out|    1|       m_axi|                                                             gmem0|       pointer|
|m_axi_gmem0_WUSER     |  out|    1|       m_axi|                                                             gmem0|       pointer|
|m_axi_gmem0_ARVALID   |  out|    1|       m_axi|                                                             gmem0|       pointer|
|m_axi_gmem0_ARREADY   |   in|    1|       m_axi|                                                             gmem0|       pointer|
|m_axi_gmem0_ARADDR    |  out|   64|       m_axi|                                                             gmem0|       pointer|
|m_axi_gmem0_ARID      |  out|    1|       m_axi|                                                             gmem0|       pointer|
|m_axi_gmem0_ARLEN     |  out|   32|       m_axi|                                                             gmem0|       pointer|
|m_axi_gmem0_ARSIZE    |  out|    3|       m_axi|                                                             gmem0|       pointer|
|m_axi_gmem0_ARBURST   |  out|    2|       m_axi|                                                             gmem0|       pointer|
|m_axi_gmem0_ARLOCK    |  out|    2|       m_axi|                                                             gmem0|       pointer|
|m_axi_gmem0_ARCACHE   |  out|    4|       m_axi|                                                             gmem0|       pointer|
|m_axi_gmem0_ARPROT    |  out|    3|       m_axi|                                                             gmem0|       pointer|
|m_axi_gmem0_ARQOS     |  out|    4|       m_axi|                                                             gmem0|       pointer|
|m_axi_gmem0_ARREGION  |  out|    4|       m_axi|                                                             gmem0|       pointer|
|m_axi_gmem0_ARUSER    |  out|    1|       m_axi|                                                             gmem0|       pointer|
|m_axi_gmem0_RVALID    |   in|    1|       m_axi|                                                             gmem0|       pointer|
|m_axi_gmem0_RREADY    |  out|    1|       m_axi|                                                             gmem0|       pointer|
|m_axi_gmem0_RDATA     |   in|    8|       m_axi|                                                             gmem0|       pointer|
|m_axi_gmem0_RLAST     |   in|    1|       m_axi|                                                             gmem0|       pointer|
|m_axi_gmem0_RID       |   in|    1|       m_axi|                                                             gmem0|       pointer|
|m_axi_gmem0_RFIFONUM  |   in|   11|       m_axi|                                                             gmem0|       pointer|
|m_axi_gmem0_RUSER     |   in|    1|       m_axi|                                                             gmem0|       pointer|
|m_axi_gmem0_RRESP     |   in|    2|       m_axi|                                                             gmem0|       pointer|
|m_axi_gmem0_BVALID    |   in|    1|       m_axi|                                                             gmem0|       pointer|
|m_axi_gmem0_BREADY    |  out|    1|       m_axi|                                                             gmem0|       pointer|
|m_axi_gmem0_BRESP     |   in|    2|       m_axi|                                                             gmem0|       pointer|
|m_axi_gmem0_BID       |   in|    1|       m_axi|                                                             gmem0|       pointer|
|m_axi_gmem0_BUSER     |   in|    1|       m_axi|                                                             gmem0|       pointer|
|add_ln91              |   in|   64|     ap_none|                                                          add_ln91|        scalar|
|Q_tile_V_address0     |  out|    3|   ap_memory|                                                          Q_tile_V|         array|
|Q_tile_V_ce0          |  out|    1|   ap_memory|                                                          Q_tile_V|         array|
|Q_tile_V_we0          |  out|    1|   ap_memory|                                                          Q_tile_V|         array|
|Q_tile_V_d0           |  out|    8|   ap_memory|                                                          Q_tile_V|         array|
|Q_tile_V_1_address0   |  out|    3|   ap_memory|                                                        Q_tile_V_1|         array|
|Q_tile_V_1_ce0        |  out|    1|   ap_memory|                                                        Q_tile_V_1|         array|
|Q_tile_V_1_we0        |  out|    1|   ap_memory|                                                        Q_tile_V_1|         array|
|Q_tile_V_1_d0         |  out|    8|   ap_memory|                                                        Q_tile_V_1|         array|
|Q_tile_V_2_address0   |  out|    3|   ap_memory|                                                        Q_tile_V_2|         array|
|Q_tile_V_2_ce0        |  out|    1|   ap_memory|                                                        Q_tile_V_2|         array|
|Q_tile_V_2_we0        |  out|    1|   ap_memory|                                                        Q_tile_V_2|         array|
|Q_tile_V_2_d0         |  out|    8|   ap_memory|                                                        Q_tile_V_2|         array|
|Q_tile_V_3_address0   |  out|    3|   ap_memory|                                                        Q_tile_V_3|         array|
|Q_tile_V_3_ce0        |  out|    1|   ap_memory|                                                        Q_tile_V_3|         array|
|Q_tile_V_3_we0        |  out|    1|   ap_memory|                                                        Q_tile_V_3|         array|
|Q_tile_V_3_d0         |  out|    8|   ap_memory|                                                        Q_tile_V_3|         array|
|Q_tile_V_4_address0   |  out|    3|   ap_memory|                                                        Q_tile_V_4|         array|
|Q_tile_V_4_ce0        |  out|    1|   ap_memory|                                                        Q_tile_V_4|         array|
|Q_tile_V_4_we0        |  out|    1|   ap_memory|                                                        Q_tile_V_4|         array|
|Q_tile_V_4_d0         |  out|    8|   ap_memory|                                                        Q_tile_V_4|         array|
|Q_tile_V_5_address0   |  out|    3|   ap_memory|                                                        Q_tile_V_5|         array|
|Q_tile_V_5_ce0        |  out|    1|   ap_memory|                                                        Q_tile_V_5|         array|
|Q_tile_V_5_we0        |  out|    1|   ap_memory|                                                        Q_tile_V_5|         array|
|Q_tile_V_5_d0         |  out|    8|   ap_memory|                                                        Q_tile_V_5|         array|
|Q_tile_V_6_address0   |  out|    3|   ap_memory|                                                        Q_tile_V_6|         array|
|Q_tile_V_6_ce0        |  out|    1|   ap_memory|                                                        Q_tile_V_6|         array|
|Q_tile_V_6_we0        |  out|    1|   ap_memory|                                                        Q_tile_V_6|         array|
|Q_tile_V_6_d0         |  out|    8|   ap_memory|                                                        Q_tile_V_6|         array|
|Q_tile_V_7_address0   |  out|    3|   ap_memory|                                                        Q_tile_V_7|         array|
|Q_tile_V_7_ce0        |  out|    1|   ap_memory|                                                        Q_tile_V_7|         array|
|Q_tile_V_7_we0        |  out|    1|   ap_memory|                                                        Q_tile_V_7|         array|
|Q_tile_V_7_d0         |  out|    8|   ap_memory|                                                        Q_tile_V_7|         array|
|Q_tile_V_8_address0   |  out|    3|   ap_memory|                                                        Q_tile_V_8|         array|
|Q_tile_V_8_ce0        |  out|    1|   ap_memory|                                                        Q_tile_V_8|         array|
|Q_tile_V_8_we0        |  out|    1|   ap_memory|                                                        Q_tile_V_8|         array|
|Q_tile_V_8_d0         |  out|    8|   ap_memory|                                                        Q_tile_V_8|         array|
|Q_tile_V_9_address0   |  out|    3|   ap_memory|                                                        Q_tile_V_9|         array|
|Q_tile_V_9_ce0        |  out|    1|   ap_memory|                                                        Q_tile_V_9|         array|
|Q_tile_V_9_we0        |  out|    1|   ap_memory|                                                        Q_tile_V_9|         array|
|Q_tile_V_9_d0         |  out|    8|   ap_memory|                                                        Q_tile_V_9|         array|
|Q_tile_V_10_address0  |  out|    3|   ap_memory|                                                       Q_tile_V_10|         array|
|Q_tile_V_10_ce0       |  out|    1|   ap_memory|                                                       Q_tile_V_10|         array|
|Q_tile_V_10_we0       |  out|    1|   ap_memory|                                                       Q_tile_V_10|         array|
|Q_tile_V_10_d0        |  out|    8|   ap_memory|                                                       Q_tile_V_10|         array|
|Q_tile_V_11_address0  |  out|    3|   ap_memory|                                                       Q_tile_V_11|         array|
|Q_tile_V_11_ce0       |  out|    1|   ap_memory|                                                       Q_tile_V_11|         array|
|Q_tile_V_11_we0       |  out|    1|   ap_memory|                                                       Q_tile_V_11|         array|
|Q_tile_V_11_d0        |  out|    8|   ap_memory|                                                       Q_tile_V_11|         array|
|Q_tile_V_12_address0  |  out|    3|   ap_memory|                                                       Q_tile_V_12|         array|
|Q_tile_V_12_ce0       |  out|    1|   ap_memory|                                                       Q_tile_V_12|         array|
|Q_tile_V_12_we0       |  out|    1|   ap_memory|                                                       Q_tile_V_12|         array|
|Q_tile_V_12_d0        |  out|    8|   ap_memory|                                                       Q_tile_V_12|         array|
|Q_tile_V_13_address0  |  out|    3|   ap_memory|                                                       Q_tile_V_13|         array|
|Q_tile_V_13_ce0       |  out|    1|   ap_memory|                                                       Q_tile_V_13|         array|
|Q_tile_V_13_we0       |  out|    1|   ap_memory|                                                       Q_tile_V_13|         array|
|Q_tile_V_13_d0        |  out|    8|   ap_memory|                                                       Q_tile_V_13|         array|
|Q_tile_V_14_address0  |  out|    3|   ap_memory|                                                       Q_tile_V_14|         array|
|Q_tile_V_14_ce0       |  out|    1|   ap_memory|                                                       Q_tile_V_14|         array|
|Q_tile_V_14_we0       |  out|    1|   ap_memory|                                                       Q_tile_V_14|         array|
|Q_tile_V_14_d0        |  out|    8|   ap_memory|                                                       Q_tile_V_14|         array|
|Q_tile_V_15_address0  |  out|    3|   ap_memory|                                                       Q_tile_V_15|         array|
|Q_tile_V_15_ce0       |  out|    1|   ap_memory|                                                       Q_tile_V_15|         array|
|Q_tile_V_15_we0       |  out|    1|   ap_memory|                                                       Q_tile_V_15|         array|
|Q_tile_V_15_d0        |  out|    8|   ap_memory|                                                       Q_tile_V_15|         array|
|Q_tile_V_16_address0  |  out|    3|   ap_memory|                                                       Q_tile_V_16|         array|
|Q_tile_V_16_ce0       |  out|    1|   ap_memory|                                                       Q_tile_V_16|         array|
|Q_tile_V_16_we0       |  out|    1|   ap_memory|                                                       Q_tile_V_16|         array|
|Q_tile_V_16_d0        |  out|    8|   ap_memory|                                                       Q_tile_V_16|         array|
|Q_tile_V_17_address0  |  out|    3|   ap_memory|                                                       Q_tile_V_17|         array|
|Q_tile_V_17_ce0       |  out|    1|   ap_memory|                                                       Q_tile_V_17|         array|
|Q_tile_V_17_we0       |  out|    1|   ap_memory|                                                       Q_tile_V_17|         array|
|Q_tile_V_17_d0        |  out|    8|   ap_memory|                                                       Q_tile_V_17|         array|
|Q_tile_V_18_address0  |  out|    3|   ap_memory|                                                       Q_tile_V_18|         array|
|Q_tile_V_18_ce0       |  out|    1|   ap_memory|                                                       Q_tile_V_18|         array|
|Q_tile_V_18_we0       |  out|    1|   ap_memory|                                                       Q_tile_V_18|         array|
|Q_tile_V_18_d0        |  out|    8|   ap_memory|                                                       Q_tile_V_18|         array|
|Q_tile_V_19_address0  |  out|    3|   ap_memory|                                                       Q_tile_V_19|         array|
|Q_tile_V_19_ce0       |  out|    1|   ap_memory|                                                       Q_tile_V_19|         array|
|Q_tile_V_19_we0       |  out|    1|   ap_memory|                                                       Q_tile_V_19|         array|
|Q_tile_V_19_d0        |  out|    8|   ap_memory|                                                       Q_tile_V_19|         array|
|Q_tile_V_20_address0  |  out|    3|   ap_memory|                                                       Q_tile_V_20|         array|
|Q_tile_V_20_ce0       |  out|    1|   ap_memory|                                                       Q_tile_V_20|         array|
|Q_tile_V_20_we0       |  out|    1|   ap_memory|                                                       Q_tile_V_20|         array|
|Q_tile_V_20_d0        |  out|    8|   ap_memory|                                                       Q_tile_V_20|         array|
|Q_tile_V_21_address0  |  out|    3|   ap_memory|                                                       Q_tile_V_21|         array|
|Q_tile_V_21_ce0       |  out|    1|   ap_memory|                                                       Q_tile_V_21|         array|
|Q_tile_V_21_we0       |  out|    1|   ap_memory|                                                       Q_tile_V_21|         array|
|Q_tile_V_21_d0        |  out|    8|   ap_memory|                                                       Q_tile_V_21|         array|
|Q_tile_V_22_address0  |  out|    3|   ap_memory|                                                       Q_tile_V_22|         array|
|Q_tile_V_22_ce0       |  out|    1|   ap_memory|                                                       Q_tile_V_22|         array|
|Q_tile_V_22_we0       |  out|    1|   ap_memory|                                                       Q_tile_V_22|         array|
|Q_tile_V_22_d0        |  out|    8|   ap_memory|                                                       Q_tile_V_22|         array|
|Q_tile_V_23_address0  |  out|    3|   ap_memory|                                                       Q_tile_V_23|         array|
|Q_tile_V_23_ce0       |  out|    1|   ap_memory|                                                       Q_tile_V_23|         array|
|Q_tile_V_23_we0       |  out|    1|   ap_memory|                                                       Q_tile_V_23|         array|
|Q_tile_V_23_d0        |  out|    8|   ap_memory|                                                       Q_tile_V_23|         array|
|Q_tile_V_24_address0  |  out|    3|   ap_memory|                                                       Q_tile_V_24|         array|
|Q_tile_V_24_ce0       |  out|    1|   ap_memory|                                                       Q_tile_V_24|         array|
|Q_tile_V_24_we0       |  out|    1|   ap_memory|                                                       Q_tile_V_24|         array|
|Q_tile_V_24_d0        |  out|    8|   ap_memory|                                                       Q_tile_V_24|         array|
|Q_tile_V_25_address0  |  out|    3|   ap_memory|                                                       Q_tile_V_25|         array|
|Q_tile_V_25_ce0       |  out|    1|   ap_memory|                                                       Q_tile_V_25|         array|
|Q_tile_V_25_we0       |  out|    1|   ap_memory|                                                       Q_tile_V_25|         array|
|Q_tile_V_25_d0        |  out|    8|   ap_memory|                                                       Q_tile_V_25|         array|
|Q_tile_V_26_address0  |  out|    3|   ap_memory|                                                       Q_tile_V_26|         array|
|Q_tile_V_26_ce0       |  out|    1|   ap_memory|                                                       Q_tile_V_26|         array|
|Q_tile_V_26_we0       |  out|    1|   ap_memory|                                                       Q_tile_V_26|         array|
|Q_tile_V_26_d0        |  out|    8|   ap_memory|                                                       Q_tile_V_26|         array|
|Q_tile_V_27_address0  |  out|    3|   ap_memory|                                                       Q_tile_V_27|         array|
|Q_tile_V_27_ce0       |  out|    1|   ap_memory|                                                       Q_tile_V_27|         array|
|Q_tile_V_27_we0       |  out|    1|   ap_memory|                                                       Q_tile_V_27|         array|
|Q_tile_V_27_d0        |  out|    8|   ap_memory|                                                       Q_tile_V_27|         array|
|Q_tile_V_28_address0  |  out|    3|   ap_memory|                                                       Q_tile_V_28|         array|
|Q_tile_V_28_ce0       |  out|    1|   ap_memory|                                                       Q_tile_V_28|         array|
|Q_tile_V_28_we0       |  out|    1|   ap_memory|                                                       Q_tile_V_28|         array|
|Q_tile_V_28_d0        |  out|    8|   ap_memory|                                                       Q_tile_V_28|         array|
|Q_tile_V_29_address0  |  out|    3|   ap_memory|                                                       Q_tile_V_29|         array|
|Q_tile_V_29_ce0       |  out|    1|   ap_memory|                                                       Q_tile_V_29|         array|
|Q_tile_V_29_we0       |  out|    1|   ap_memory|                                                       Q_tile_V_29|         array|
|Q_tile_V_29_d0        |  out|    8|   ap_memory|                                                       Q_tile_V_29|         array|
|Q_tile_V_30_address0  |  out|    3|   ap_memory|                                                       Q_tile_V_30|         array|
|Q_tile_V_30_ce0       |  out|    1|   ap_memory|                                                       Q_tile_V_30|         array|
|Q_tile_V_30_we0       |  out|    1|   ap_memory|                                                       Q_tile_V_30|         array|
|Q_tile_V_30_d0        |  out|    8|   ap_memory|                                                       Q_tile_V_30|         array|
|Q_tile_V_31_address0  |  out|    3|   ap_memory|                                                       Q_tile_V_31|         array|
|Q_tile_V_31_ce0       |  out|    1|   ap_memory|                                                       Q_tile_V_31|         array|
|Q_tile_V_31_we0       |  out|    1|   ap_memory|                                                       Q_tile_V_31|         array|
|Q_tile_V_31_d0        |  out|    8|   ap_memory|                                                       Q_tile_V_31|         array|
|Q_tile_V_32_address0  |  out|    3|   ap_memory|                                                       Q_tile_V_32|         array|
|Q_tile_V_32_ce0       |  out|    1|   ap_memory|                                                       Q_tile_V_32|         array|
|Q_tile_V_32_we0       |  out|    1|   ap_memory|                                                       Q_tile_V_32|         array|
|Q_tile_V_32_d0        |  out|    8|   ap_memory|                                                       Q_tile_V_32|         array|
|Q_tile_V_33_address0  |  out|    3|   ap_memory|                                                       Q_tile_V_33|         array|
|Q_tile_V_33_ce0       |  out|    1|   ap_memory|                                                       Q_tile_V_33|         array|
|Q_tile_V_33_we0       |  out|    1|   ap_memory|                                                       Q_tile_V_33|         array|
|Q_tile_V_33_d0        |  out|    8|   ap_memory|                                                       Q_tile_V_33|         array|
|Q_tile_V_34_address0  |  out|    3|   ap_memory|                                                       Q_tile_V_34|         array|
|Q_tile_V_34_ce0       |  out|    1|   ap_memory|                                                       Q_tile_V_34|         array|
|Q_tile_V_34_we0       |  out|    1|   ap_memory|                                                       Q_tile_V_34|         array|
|Q_tile_V_34_d0        |  out|    8|   ap_memory|                                                       Q_tile_V_34|         array|
|Q_tile_V_35_address0  |  out|    3|   ap_memory|                                                       Q_tile_V_35|         array|
|Q_tile_V_35_ce0       |  out|    1|   ap_memory|                                                       Q_tile_V_35|         array|
|Q_tile_V_35_we0       |  out|    1|   ap_memory|                                                       Q_tile_V_35|         array|
|Q_tile_V_35_d0        |  out|    8|   ap_memory|                                                       Q_tile_V_35|         array|
|Q_tile_V_36_address0  |  out|    3|   ap_memory|                                                       Q_tile_V_36|         array|
|Q_tile_V_36_ce0       |  out|    1|   ap_memory|                                                       Q_tile_V_36|         array|
|Q_tile_V_36_we0       |  out|    1|   ap_memory|                                                       Q_tile_V_36|         array|
|Q_tile_V_36_d0        |  out|    8|   ap_memory|                                                       Q_tile_V_36|         array|
|Q_tile_V_37_address0  |  out|    3|   ap_memory|                                                       Q_tile_V_37|         array|
|Q_tile_V_37_ce0       |  out|    1|   ap_memory|                                                       Q_tile_V_37|         array|
|Q_tile_V_37_we0       |  out|    1|   ap_memory|                                                       Q_tile_V_37|         array|
|Q_tile_V_37_d0        |  out|    8|   ap_memory|                                                       Q_tile_V_37|         array|
|Q_tile_V_38_address0  |  out|    3|   ap_memory|                                                       Q_tile_V_38|         array|
|Q_tile_V_38_ce0       |  out|    1|   ap_memory|                                                       Q_tile_V_38|         array|
|Q_tile_V_38_we0       |  out|    1|   ap_memory|                                                       Q_tile_V_38|         array|
|Q_tile_V_38_d0        |  out|    8|   ap_memory|                                                       Q_tile_V_38|         array|
|Q_tile_V_39_address0  |  out|    3|   ap_memory|                                                       Q_tile_V_39|         array|
|Q_tile_V_39_ce0       |  out|    1|   ap_memory|                                                       Q_tile_V_39|         array|
|Q_tile_V_39_we0       |  out|    1|   ap_memory|                                                       Q_tile_V_39|         array|
|Q_tile_V_39_d0        |  out|    8|   ap_memory|                                                       Q_tile_V_39|         array|
|Q_tile_V_40_address0  |  out|    3|   ap_memory|                                                       Q_tile_V_40|         array|
|Q_tile_V_40_ce0       |  out|    1|   ap_memory|                                                       Q_tile_V_40|         array|
|Q_tile_V_40_we0       |  out|    1|   ap_memory|                                                       Q_tile_V_40|         array|
|Q_tile_V_40_d0        |  out|    8|   ap_memory|                                                       Q_tile_V_40|         array|
|Q_tile_V_41_address0  |  out|    3|   ap_memory|                                                       Q_tile_V_41|         array|
|Q_tile_V_41_ce0       |  out|    1|   ap_memory|                                                       Q_tile_V_41|         array|
|Q_tile_V_41_we0       |  out|    1|   ap_memory|                                                       Q_tile_V_41|         array|
|Q_tile_V_41_d0        |  out|    8|   ap_memory|                                                       Q_tile_V_41|         array|
|Q_tile_V_42_address0  |  out|    3|   ap_memory|                                                       Q_tile_V_42|         array|
|Q_tile_V_42_ce0       |  out|    1|   ap_memory|                                                       Q_tile_V_42|         array|
|Q_tile_V_42_we0       |  out|    1|   ap_memory|                                                       Q_tile_V_42|         array|
|Q_tile_V_42_d0        |  out|    8|   ap_memory|                                                       Q_tile_V_42|         array|
|Q_tile_V_43_address0  |  out|    3|   ap_memory|                                                       Q_tile_V_43|         array|
|Q_tile_V_43_ce0       |  out|    1|   ap_memory|                                                       Q_tile_V_43|         array|
|Q_tile_V_43_we0       |  out|    1|   ap_memory|                                                       Q_tile_V_43|         array|
|Q_tile_V_43_d0        |  out|    8|   ap_memory|                                                       Q_tile_V_43|         array|
|Q_tile_V_44_address0  |  out|    3|   ap_memory|                                                       Q_tile_V_44|         array|
|Q_tile_V_44_ce0       |  out|    1|   ap_memory|                                                       Q_tile_V_44|         array|
|Q_tile_V_44_we0       |  out|    1|   ap_memory|                                                       Q_tile_V_44|         array|
|Q_tile_V_44_d0        |  out|    8|   ap_memory|                                                       Q_tile_V_44|         array|
|Q_tile_V_45_address0  |  out|    3|   ap_memory|                                                       Q_tile_V_45|         array|
|Q_tile_V_45_ce0       |  out|    1|   ap_memory|                                                       Q_tile_V_45|         array|
|Q_tile_V_45_we0       |  out|    1|   ap_memory|                                                       Q_tile_V_45|         array|
|Q_tile_V_45_d0        |  out|    8|   ap_memory|                                                       Q_tile_V_45|         array|
|Q_tile_V_46_address0  |  out|    3|   ap_memory|                                                       Q_tile_V_46|         array|
|Q_tile_V_46_ce0       |  out|    1|   ap_memory|                                                       Q_tile_V_46|         array|
|Q_tile_V_46_we0       |  out|    1|   ap_memory|                                                       Q_tile_V_46|         array|
|Q_tile_V_46_d0        |  out|    8|   ap_memory|                                                       Q_tile_V_46|         array|
|Q_tile_V_47_address0  |  out|    3|   ap_memory|                                                       Q_tile_V_47|         array|
|Q_tile_V_47_ce0       |  out|    1|   ap_memory|                                                       Q_tile_V_47|         array|
|Q_tile_V_47_we0       |  out|    1|   ap_memory|                                                       Q_tile_V_47|         array|
|Q_tile_V_47_d0        |  out|    8|   ap_memory|                                                       Q_tile_V_47|         array|
|Q_tile_V_48_address0  |  out|    3|   ap_memory|                                                       Q_tile_V_48|         array|
|Q_tile_V_48_ce0       |  out|    1|   ap_memory|                                                       Q_tile_V_48|         array|
|Q_tile_V_48_we0       |  out|    1|   ap_memory|                                                       Q_tile_V_48|         array|
|Q_tile_V_48_d0        |  out|    8|   ap_memory|                                                       Q_tile_V_48|         array|
|Q_tile_V_49_address0  |  out|    3|   ap_memory|                                                       Q_tile_V_49|         array|
|Q_tile_V_49_ce0       |  out|    1|   ap_memory|                                                       Q_tile_V_49|         array|
|Q_tile_V_49_we0       |  out|    1|   ap_memory|                                                       Q_tile_V_49|         array|
|Q_tile_V_49_d0        |  out|    8|   ap_memory|                                                       Q_tile_V_49|         array|
|Q_tile_V_50_address0  |  out|    3|   ap_memory|                                                       Q_tile_V_50|         array|
|Q_tile_V_50_ce0       |  out|    1|   ap_memory|                                                       Q_tile_V_50|         array|
|Q_tile_V_50_we0       |  out|    1|   ap_memory|                                                       Q_tile_V_50|         array|
|Q_tile_V_50_d0        |  out|    8|   ap_memory|                                                       Q_tile_V_50|         array|
|Q_tile_V_51_address0  |  out|    3|   ap_memory|                                                       Q_tile_V_51|         array|
|Q_tile_V_51_ce0       |  out|    1|   ap_memory|                                                       Q_tile_V_51|         array|
|Q_tile_V_51_we0       |  out|    1|   ap_memory|                                                       Q_tile_V_51|         array|
|Q_tile_V_51_d0        |  out|    8|   ap_memory|                                                       Q_tile_V_51|         array|
|Q_tile_V_52_address0  |  out|    3|   ap_memory|                                                       Q_tile_V_52|         array|
|Q_tile_V_52_ce0       |  out|    1|   ap_memory|                                                       Q_tile_V_52|         array|
|Q_tile_V_52_we0       |  out|    1|   ap_memory|                                                       Q_tile_V_52|         array|
|Q_tile_V_52_d0        |  out|    8|   ap_memory|                                                       Q_tile_V_52|         array|
|Q_tile_V_53_address0  |  out|    3|   ap_memory|                                                       Q_tile_V_53|         array|
|Q_tile_V_53_ce0       |  out|    1|   ap_memory|                                                       Q_tile_V_53|         array|
|Q_tile_V_53_we0       |  out|    1|   ap_memory|                                                       Q_tile_V_53|         array|
|Q_tile_V_53_d0        |  out|    8|   ap_memory|                                                       Q_tile_V_53|         array|
|Q_tile_V_54_address0  |  out|    3|   ap_memory|                                                       Q_tile_V_54|         array|
|Q_tile_V_54_ce0       |  out|    1|   ap_memory|                                                       Q_tile_V_54|         array|
|Q_tile_V_54_we0       |  out|    1|   ap_memory|                                                       Q_tile_V_54|         array|
|Q_tile_V_54_d0        |  out|    8|   ap_memory|                                                       Q_tile_V_54|         array|
|Q_tile_V_55_address0  |  out|    3|   ap_memory|                                                       Q_tile_V_55|         array|
|Q_tile_V_55_ce0       |  out|    1|   ap_memory|                                                       Q_tile_V_55|         array|
|Q_tile_V_55_we0       |  out|    1|   ap_memory|                                                       Q_tile_V_55|         array|
|Q_tile_V_55_d0        |  out|    8|   ap_memory|                                                       Q_tile_V_55|         array|
|Q_tile_V_56_address0  |  out|    3|   ap_memory|                                                       Q_tile_V_56|         array|
|Q_tile_V_56_ce0       |  out|    1|   ap_memory|                                                       Q_tile_V_56|         array|
|Q_tile_V_56_we0       |  out|    1|   ap_memory|                                                       Q_tile_V_56|         array|
|Q_tile_V_56_d0        |  out|    8|   ap_memory|                                                       Q_tile_V_56|         array|
|Q_tile_V_57_address0  |  out|    3|   ap_memory|                                                       Q_tile_V_57|         array|
|Q_tile_V_57_ce0       |  out|    1|   ap_memory|                                                       Q_tile_V_57|         array|
|Q_tile_V_57_we0       |  out|    1|   ap_memory|                                                       Q_tile_V_57|         array|
|Q_tile_V_57_d0        |  out|    8|   ap_memory|                                                       Q_tile_V_57|         array|
|Q_tile_V_58_address0  |  out|    3|   ap_memory|                                                       Q_tile_V_58|         array|
|Q_tile_V_58_ce0       |  out|    1|   ap_memory|                                                       Q_tile_V_58|         array|
|Q_tile_V_58_we0       |  out|    1|   ap_memory|                                                       Q_tile_V_58|         array|
|Q_tile_V_58_d0        |  out|    8|   ap_memory|                                                       Q_tile_V_58|         array|
|Q_tile_V_59_address0  |  out|    3|   ap_memory|                                                       Q_tile_V_59|         array|
|Q_tile_V_59_ce0       |  out|    1|   ap_memory|                                                       Q_tile_V_59|         array|
|Q_tile_V_59_we0       |  out|    1|   ap_memory|                                                       Q_tile_V_59|         array|
|Q_tile_V_59_d0        |  out|    8|   ap_memory|                                                       Q_tile_V_59|         array|
|Q_tile_V_60_address0  |  out|    3|   ap_memory|                                                       Q_tile_V_60|         array|
|Q_tile_V_60_ce0       |  out|    1|   ap_memory|                                                       Q_tile_V_60|         array|
|Q_tile_V_60_we0       |  out|    1|   ap_memory|                                                       Q_tile_V_60|         array|
|Q_tile_V_60_d0        |  out|    8|   ap_memory|                                                       Q_tile_V_60|         array|
|Q_tile_V_61_address0  |  out|    3|   ap_memory|                                                       Q_tile_V_61|         array|
|Q_tile_V_61_ce0       |  out|    1|   ap_memory|                                                       Q_tile_V_61|         array|
|Q_tile_V_61_we0       |  out|    1|   ap_memory|                                                       Q_tile_V_61|         array|
|Q_tile_V_61_d0        |  out|    8|   ap_memory|                                                       Q_tile_V_61|         array|
|Q_tile_V_62_address0  |  out|    3|   ap_memory|                                                       Q_tile_V_62|         array|
|Q_tile_V_62_ce0       |  out|    1|   ap_memory|                                                       Q_tile_V_62|         array|
|Q_tile_V_62_we0       |  out|    1|   ap_memory|                                                       Q_tile_V_62|         array|
|Q_tile_V_62_d0        |  out|    8|   ap_memory|                                                       Q_tile_V_62|         array|
|Q_tile_V_63_address0  |  out|    3|   ap_memory|                                                       Q_tile_V_63|         array|
|Q_tile_V_63_ce0       |  out|    1|   ap_memory|                                                       Q_tile_V_63|         array|
|Q_tile_V_63_we0       |  out|    1|   ap_memory|                                                       Q_tile_V_63|         array|
|Q_tile_V_63_d0        |  out|    8|   ap_memory|                                                       Q_tile_V_63|         array|
+----------------------+-----+-----+------------+------------------------------------------------------------------+--------------+

============================================================
+ Verbose Summary: Synthesis Manager
============================================================
InlineROM: 1
ExposeGlobal: 0
============================================================
+ Verbose Summary: CDFG Model
============================================================
IsTopModel: 0
ResetActiveHigh: 1
IsCombinational: 2
IsDatapathOnly: 2
HasWiredReturn: 1
HasMFsm: 2
HasVarLatency: 1
IsPipeline: 0
IsRtlPipelined: 0
IsInstanceOverlapped: 0
IsDontTouch: 0
HasImplIP: 0
IsGatedGlobalClock: 0

+ Individual pipeline summary: 
  * Pipeline-0: initiation interval (II) = 1, depth = 3


============================================================
+ Verbose Summary: Schedule
============================================================
* Number of FSM states : 3
* Pipeline : 1
  Pipeline-0 : II = 1, D = 3, States = { 1 2 3 }
* Dataflow Pipeline: 0

* FSM state transitions: 
1 --> 2 
2 --> 3 
3 --> 

* FSM state operations: 

State 1 <SV = 0> <Delay = 3.73>
ST_1 : Operation 6 [1/1] (0.00ns)   --->   "%d = alloca i32 1"   --->   Operation 6 'alloca' 'd' <Predicate = true> <Delay = 0.00>
ST_1 : Operation 7 [1/1] (0.00ns)   --->   "%i = alloca i32 1"   --->   Operation 7 'alloca' 'i' <Predicate = true> <Delay = 0.00>
ST_1 : Operation 8 [1/1] (0.00ns)   --->   "%indvar_flatten = alloca i32 1"   --->   Operation 8 'alloca' 'indvar_flatten' <Predicate = true> <Delay = 0.00>
ST_1 : Operation 9 [1/1] (0.00ns)   --->   "%specinterface_ln0 = specinterface void @_ssdm_op_SpecInterface, i8 %gmem0, void @empty_3, i32 0, i32 0, void @empty_13, i32 0, i32 8192, void @empty_1, void @empty_20, void @empty_13, i32 16, i32 16, i32 16, i32 16, void @empty_13, void @empty_13, i32 4294967295, i32 0"   --->   Operation 9 'specinterface' 'specinterface_ln0' <Predicate = true> <Delay = 0.00>
ST_1 : Operation 10 [1/1] (0.00ns)   --->   "%add_ln91_read = read i64 @_ssdm_op_Read.ap_auto.i64, i64 %add_ln91"   --->   Operation 10 'read' 'add_ln91_read' <Predicate = true> <Delay = 0.00>
ST_1 : Operation 11 [1/1] (1.61ns)   --->   "%store_ln0 = store i10 0, i10 %indvar_flatten"   --->   Operation 11 'store' 'store_ln0' <Predicate = true> <Delay = 1.61>
ST_1 : Operation 12 [1/1] (1.61ns)   --->   "%store_ln0 = store i4 0, i4 %i"   --->   Operation 12 'store' 'store_ln0' <Predicate = true> <Delay = 1.61>
ST_1 : Operation 13 [1/1] (1.61ns)   --->   "%store_ln0 = store i7 0, i7 %d"   --->   Operation 13 'store' 'store_ln0' <Predicate = true> <Delay = 1.61>
ST_1 : Operation 14 [1/1] (0.00ns)   --->   "%br_ln0 = br void %for.inc"   --->   Operation 14 'br' 'br_ln0' <Predicate = true> <Delay = 0.00>
ST_1 : Operation 15 [1/1] (0.00ns)   --->   "%indvar_flatten_load = load i10 %indvar_flatten" [attention_int8.cpp:101]   --->   Operation 15 'load' 'indvar_flatten_load' <Predicate = true> <Delay = 0.00>
ST_1 : Operation 16 [1/1] (0.00ns)   --->   "%specbitsmap_ln0 = specbitsmap void @_ssdm_op_SpecBitsMap, i8 %gmem0"   --->   Operation 16 'specbitsmap' 'specbitsmap_ln0' <Predicate = true> <Delay = 0.00>
ST_1 : Operation 17 [1/1] (0.00ns)   --->   "%gmem0_addr = getelementptr i8 %gmem0, i64 %add_ln91_read" [attention_int8.cpp:101]   --->   Operation 17 'getelementptr' 'gmem0_addr' <Predicate = true> <Delay = 0.00>
ST_1 : Operation 18 [1/1] (1.70ns)   --->   "%icmp_ln101 = icmp_eq  i10 %indvar_flatten_load, i10 512" [attention_int8.cpp:101]   --->   Operation 18 'icmp' 'icmp_ln101' <Predicate = true> <Delay = 1.70> <CoreInst = "Cmp">   --->   Core 9 'Cmp' <Latency = 0> <II = 1> <Delay = 1.81> <FuncUnit> <Opcode : 'icmp'> <InPorts = 2> <OutPorts = 1>
ST_1 : Operation 19 [1/1] (2.12ns)   --->   "%add_ln101_1 = add i10 %indvar_flatten_load, i10 1" [attention_int8.cpp:101]   --->   Operation 19 'add' 'add_ln101_1' <Predicate = true> <Delay = 2.12> <CoreInst = "Adder">   --->   Core 1 'Adder' <Latency = 0> <II = 1> <Delay = 2.12> <FuncUnit> <Opcode : 'add' 'sub'> <InPorts = 2> <OutPorts = 1>
ST_1 : Operation 20 [1/1] (0.00ns)   --->   "%br_ln101 = br i1 %icmp_ln101, void %for.inc40, void %for.inc61.preheader.exitStub" [attention_int8.cpp:101]   --->   Operation 20 'br' 'br_ln101' <Predicate = true> <Delay = 0.00>
ST_1 : Operation 21 [1/1] (1.61ns)   --->   "%store_ln102 = store i10 %add_ln101_1, i10 %indvar_flatten" [attention_int8.cpp:102]   --->   Operation 21 'store' 'store_ln102' <Predicate = (!icmp_ln101)> <Delay = 1.61>

State 2 <SV = 1> <Delay = 7.30>
ST_2 : Operation 22 [1/1] (7.30ns)   --->   "%gmem0_addr_read = read i8 @_ssdm_op_Read.m_axi.p1i8, i64 %gmem0_addr" [attention_int8.cpp:104]   --->   Operation 22 'read' 'gmem0_addr_read' <Predicate = true> <Delay = 7.30> <CoreInst = "m_axi">   --->   Core 113 'm_axi' <Latency = 0> <II = 1> <Delay = 1.00> <Adapter> <Opcode : 'read' 'write' 'readreq' 'writereq' 'writeresp'>
ST_2 : Operation 232 [1/1] (0.00ns)   --->   "%ret_ln0 = ret"   --->   Operation 232 'ret' 'ret_ln0' <Predicate = (icmp_ln101)> <Delay = 0.00>

State 3 <SV = 2> <Delay = 6.09>
ST_3 : Operation 23 [1/1] (0.00ns)   --->   "%d_load = load i7 %d" [attention_int8.cpp:102]   --->   Operation 23 'load' 'd_load' <Predicate = true> <Delay = 0.00>
ST_3 : Operation 24 [1/1] (0.00ns)   --->   "%i_load = load i4 %i" [attention_int8.cpp:101]   --->   Operation 24 'load' 'i_load' <Predicate = true> <Delay = 0.00>
ST_3 : Operation 25 [1/1] (1.77ns)   --->   "%add_ln101 = add i4 %i_load, i4 1" [attention_int8.cpp:101]   --->   Operation 25 'add' 'add_ln101' <Predicate = true> <Delay = 1.77> <CoreInst = "Adder">   --->   Core 1 'Adder' <Latency = 0> <II = 1> <Delay = 1.77> <FuncUnit> <Opcode : 'add' 'sub'> <InPorts = 2> <OutPorts = 1>
ST_3 : Operation 26 [1/1] (0.00ns)   --->   "%specloopname_ln0 = specloopname void @_ssdm_op_SpecLoopName, void @VITIS_LOOP_101_3_VITIS_LOOP_102_4_str"   --->   Operation 26 'specloopname' 'specloopname_ln0' <Predicate = true> <Delay = 0.00>
ST_3 : Operation 27 [1/1] (0.00ns)   --->   "%empty = speclooptripcount i32 @_ssdm_op_SpecLoopTripCount, i64 512, i64 512, i64 512"   --->   Operation 27 'speclooptripcount' 'empty' <Predicate = true> <Delay = 0.00>
ST_3 : Operation 28 [1/1] (1.46ns)   --->   "%icmp_ln102 = icmp_eq  i7 %d_load, i7 64" [attention_int8.cpp:102]   --->   Operation 28 'icmp' 'icmp_ln102' <Predicate = true> <Delay = 1.46> <CoreInst = "Cmp">   --->   Core 9 'Cmp' <Latency = 0> <II = 1> <Delay = 1.47> <FuncUnit> <Opcode : 'icmp'> <InPorts = 2> <OutPorts = 1>
ST_3 : Operation 29 [1/1] (0.99ns)   --->   "%select_ln101 = select i1 %icmp_ln102, i7 0, i7 %d_load" [attention_int8.cpp:101]   --->   Operation 29 'select' 'select_ln101' <Predicate = true> <Delay = 0.99> <CoreInst = "Sel">   --->   Core 73 'Sel' <Latency = 0> <II = 1> <Delay = 0.99> <FuncUnit> <Opcode : 'select'> <InPorts = 3> <OutPorts = 1>
ST_3 : Operation 30 [1/1] (0.99ns)   --->   "%select_ln101_1 = select i1 %icmp_ln102, i4 %add_ln101, i4 %i_load" [attention_int8.cpp:101]   --->   Operation 30 'select' 'select_ln101_1' <Predicate = true> <Delay = 0.99> <CoreInst = "Sel">   --->   Core 73 'Sel' <Latency = 0> <II = 1> <Delay = 0.99> <FuncUnit> <Opcode : 'select'> <InPorts = 3> <OutPorts = 1>
ST_3 : Operation 31 [1/1] (0.00ns)   --->   "%zext_ln101 = zext i4 %select_ln101_1" [attention_int8.cpp:101]   --->   Operation 31 'zext' 'zext_ln101' <Predicate = true> <Delay = 0.00>
ST_3 : Operation 32 [1/1] (0.00ns)   --->   "%specpipeline_ln103 = specpipeline void @_ssdm_op_SpecPipeline, i32 1, i32 0, i32 0, i32 0, void @empty_13" [attention_int8.cpp:103]   --->   Operation 32 'specpipeline' 'specpipeline_ln103' <Predicate = true> <Delay = 0.00>
ST_3 : Operation 33 [1/1] (0.00ns)   --->   "%specloopname_ln102 = specloopname void @_ssdm_op_SpecLoopName, void @empty_23" [attention_int8.cpp:102]   --->   Operation 33 'specloopname' 'specloopname_ln102' <Predicate = true> <Delay = 0.00>
ST_3 : Operation 34 [1/1] (0.00ns)   --->   "%trunc_ln104 = trunc i7 %select_ln101" [attention_int8.cpp:104]   --->   Operation 34 'trunc' 'trunc_ln104' <Predicate = true> <Delay = 0.00>
ST_3 : Operation 35 [1/1] (0.93ns)   --->   "%switch_ln104 = switch i6 %trunc_ln104, void %arrayidx3916.case.63, i6 0, void %arrayidx3916.case.0, i6 1, void %arrayidx3916.case.1, i6 2, void %arrayidx3916.case.2, i6 3, void %arrayidx3916.case.3, i6 4, void %arrayidx3916.case.4, i6 5, void %arrayidx3916.case.5, i6 6, void %arrayidx3916.case.6, i6 7, void %arrayidx3916.case.7, i6 8, void %arrayidx3916.case.8, i6 9, void %arrayidx3916.case.9, i6 10, void %arrayidx3916.case.10, i6 11, void %arrayidx3916.case.11, i6 12, void %arrayidx3916.case.12, i6 13, void %arrayidx3916.case.13, i6 14, void %arrayidx3916.case.14, i6 15, void %arrayidx3916.case.15, i6 16, void %arrayidx3916.case.16, i6 17, void %arrayidx3916.case.17, i6 18, void %arrayidx3916.case.18, i6 19, void %arrayidx3916.case.19, i6 20, void %arrayidx3916.case.20, i6 21, void %arrayidx3916.case.21, i6 22, void %arrayidx3916.case.22, i6 23, void %arrayidx3916.case.23, i6 24, void %arrayidx3916.case.24, i6 25, void %arrayidx3916.case.25, i6 26, void %arrayidx3916.case.26, i6 27, void %arrayidx3916.case.27, i6 28, void %arrayidx3916.case.28, i6 29, void %arrayidx3916.case.29, i6 30, void %arrayidx3916.case.30, i6 31, void %arrayidx3916.case.31, i6 32, void %arrayidx3916.case.32, i6 33, void %arrayidx3916.case.33, i6 34, void %arrayidx3916.case.34, i6 35, void %arrayidx3916.case.35, i6 36, void %arrayidx3916.case.36, i6 37, void %arrayidx3916.case.37, i6 38, void %arrayidx3916.case.38, i6 39, void %arrayidx3916.case.39, i6 40, void %arrayidx3916.case.40, i6 41, void %arrayidx3916.case.41, i6 42, void %arrayidx3916.case.42, i6 43, void %arrayidx3916.case.43, i6 44, void %arrayidx3916.case.44, i6 45, void %arrayidx3916.case.45, i6 46, void %arrayidx3916.case.46, i6 47, void %arrayidx3916.case.47, i6 48, void %arrayidx3916.case.48, i6 49, void %arrayidx3916.case.49, i6 50, void %arrayidx3916.case.50, i6 51, void %arrayidx3916.case.51, i6 52, void %arrayidx3916.case.52, i6 53, void %arrayidx3916.case.53, i6 54, void %arrayidx3916.case.54, i6 55, void %arrayidx3916.case.55, i6 56, void %arrayidx3916.case.56, i6 57, void %arrayidx3916.case.57, i6 58, void %arrayidx3916.case.58, i6 59, void %arrayidx3916.case.59, i6 60, void %arrayidx3916.case.60, i6 61, void %arrayidx3916.case.61, i6 62, void %arrayidx3916.case.62" [attention_int8.cpp:104]   --->   Operation 35 'switch' 'switch_ln104' <Predicate = true> <Delay = 0.93>
ST_3 : Operation 36 [1/1] (0.00ns)   --->   "%Q_tile_V_62_addr = getelementptr i8 %Q_tile_V_62, i64 0, i64 %zext_ln101" [attention_int8.cpp:101]   --->   Operation 36 'getelementptr' 'Q_tile_V_62_addr' <Predicate = (trunc_ln104 == 62)> <Delay = 0.00>
ST_3 : Operation 37 [1/1] (2.15ns)   --->   "%store_ln104 = store i8 %gmem0_addr_read, i3 %Q_tile_V_62_addr" [attention_int8.cpp:104]   --->   Operation 37 'store' 'store_ln104' <Predicate = (trunc_ln104 == 62)> <Delay = 2.15> <CoreInst = "RAM">   --->   Core 82 'RAM' <Latency = 1> <II = 1> <Delay = 2.15> <Storage> <Opcode : 'load' 'store'> <Ports = 2> <Width = 8> <Depth = 8> <RAM>
ST_3 : Operation 38 [1/1] (0.00ns)   --->   "%br_ln104 = br void %arrayidx3916.exit" [attention_int8.cpp:104]   --->   Operation 38 'br' 'br_ln104' <Predicate = (trunc_ln104 == 62)> <Delay = 0.00>
ST_3 : Operation 39 [1/1] (0.00ns)   --->   "%Q_tile_V_61_addr = getelementptr i8 %Q_tile_V_61, i64 0, i64 %zext_ln101" [attention_int8.cpp:101]   --->   Operation 39 'getelementptr' 'Q_tile_V_61_addr' <Predicate = (trunc_ln104 == 61)> <Delay = 0.00>
ST_3 : Operation 40 [1/1] (2.15ns)   --->   "%store_ln104 = store i8 %gmem0_addr_read, i3 %Q_tile_V_61_addr" [attention_int8.cpp:104]   --->   Operation 40 'store' 'store_ln104' <Predicate = (trunc_ln104 == 61)> <Delay = 2.15> <CoreInst = "RAM">   --->   Core 82 'RAM' <Latency = 1> <II = 1> <Delay = 2.15> <Storage> <Opcode : 'load' 'store'> <Ports = 2> <Width = 8> <Depth = 8> <RAM>
ST_3 : Operation 41 [1/1] (0.00ns)   --->   "%br_ln104 = br void %arrayidx3916.exit" [attention_int8.cpp:104]   --->   Operation 41 'br' 'br_ln104' <Predicate = (trunc_ln104 == 61)> <Delay = 0.00>
ST_3 : Operation 42 [1/1] (0.00ns)   --->   "%Q_tile_V_60_addr = getelementptr i8 %Q_tile_V_60, i64 0, i64 %zext_ln101" [attention_int8.cpp:101]   --->   Operation 42 'getelementptr' 'Q_tile_V_60_addr' <Predicate = (trunc_ln104 == 60)> <Delay = 0.00>
ST_3 : Operation 43 [1/1] (2.15ns)   --->   "%store_ln104 = store i8 %gmem0_addr_read, i3 %Q_tile_V_60_addr" [attention_int8.cpp:104]   --->   Operation 43 'store' 'store_ln104' <Predicate = (trunc_ln104 == 60)> <Delay = 2.15> <CoreInst = "RAM">   --->   Core 82 'RAM' <Latency = 1> <II = 1> <Delay = 2.15> <Storage> <Opcode : 'load' 'store'> <Ports = 2> <Width = 8> <Depth = 8> <RAM>
ST_3 : Operation 44 [1/1] (0.00ns)   --->   "%br_ln104 = br void %arrayidx3916.exit" [attention_int8.cpp:104]   --->   Operation 44 'br' 'br_ln104' <Predicate = (trunc_ln104 == 60)> <Delay = 0.00>
ST_3 : Operation 45 [1/1] (0.00ns)   --->   "%Q_tile_V_59_addr = getelementptr i8 %Q_tile_V_59, i64 0, i64 %zext_ln101" [attention_int8.cpp:101]   --->   Operation 45 'getelementptr' 'Q_tile_V_59_addr' <Predicate = (trunc_ln104 == 59)> <Delay = 0.00>
ST_3 : Operation 46 [1/1] (2.15ns)   --->   "%store_ln104 = store i8 %gmem0_addr_read, i3 %Q_tile_V_59_addr" [attention_int8.cpp:104]   --->   Operation 46 'store' 'store_ln104' <Predicate = (trunc_ln104 == 59)> <Delay = 2.15> <CoreInst = "RAM">   --->   Core 82 'RAM' <Latency = 1> <II = 1> <Delay = 2.15> <Storage> <Opcode : 'load' 'store'> <Ports = 2> <Width = 8> <Depth = 8> <RAM>
ST_3 : Operation 47 [1/1] (0.00ns)   --->   "%br_ln104 = br void %arrayidx3916.exit" [attention_int8.cpp:104]   --->   Operation 47 'br' 'br_ln104' <Predicate = (trunc_ln104 == 59)> <Delay = 0.00>
ST_3 : Operation 48 [1/1] (0.00ns)   --->   "%Q_tile_V_58_addr = getelementptr i8 %Q_tile_V_58, i64 0, i64 %zext_ln101" [attention_int8.cpp:101]   --->   Operation 48 'getelementptr' 'Q_tile_V_58_addr' <Predicate = (trunc_ln104 == 58)> <Delay = 0.00>
ST_3 : Operation 49 [1/1] (2.15ns)   --->   "%store_ln104 = store i8 %gmem0_addr_read, i3 %Q_tile_V_58_addr" [attention_int8.cpp:104]   --->   Operation 49 'store' 'store_ln104' <Predicate = (trunc_ln104 == 58)> <Delay = 2.15> <CoreInst = "RAM">   --->   Core 82 'RAM' <Latency = 1> <II = 1> <Delay = 2.15> <Storage> <Opcode : 'load' 'store'> <Ports = 2> <Width = 8> <Depth = 8> <RAM>
ST_3 : Operation 50 [1/1] (0.00ns)   --->   "%br_ln104 = br void %arrayidx3916.exit" [attention_int8.cpp:104]   --->   Operation 50 'br' 'br_ln104' <Predicate = (trunc_ln104 == 58)> <Delay = 0.00>
ST_3 : Operation 51 [1/1] (0.00ns)   --->   "%Q_tile_V_57_addr = getelementptr i8 %Q_tile_V_57, i64 0, i64 %zext_ln101" [attention_int8.cpp:101]   --->   Operation 51 'getelementptr' 'Q_tile_V_57_addr' <Predicate = (trunc_ln104 == 57)> <Delay = 0.00>
ST_3 : Operation 52 [1/1] (2.15ns)   --->   "%store_ln104 = store i8 %gmem0_addr_read, i3 %Q_tile_V_57_addr" [attention_int8.cpp:104]   --->   Operation 52 'store' 'store_ln104' <Predicate = (trunc_ln104 == 57)> <Delay = 2.15> <CoreInst = "RAM">   --->   Core 82 'RAM' <Latency = 1> <II = 1> <Delay = 2.15> <Storage> <Opcode : 'load' 'store'> <Ports = 2> <Width = 8> <Depth = 8> <RAM>
ST_3 : Operation 53 [1/1] (0.00ns)   --->   "%br_ln104 = br void %arrayidx3916.exit" [attention_int8.cpp:104]   --->   Operation 53 'br' 'br_ln104' <Predicate = (trunc_ln104 == 57)> <Delay = 0.00>
ST_3 : Operation 54 [1/1] (0.00ns)   --->   "%Q_tile_V_56_addr = getelementptr i8 %Q_tile_V_56, i64 0, i64 %zext_ln101" [attention_int8.cpp:101]   --->   Operation 54 'getelementptr' 'Q_tile_V_56_addr' <Predicate = (trunc_ln104 == 56)> <Delay = 0.00>
ST_3 : Operation 55 [1/1] (2.15ns)   --->   "%store_ln104 = store i8 %gmem0_addr_read, i3 %Q_tile_V_56_addr" [attention_int8.cpp:104]   --->   Operation 55 'store' 'store_ln104' <Predicate = (trunc_ln104 == 56)> <Delay = 2.15> <CoreInst = "RAM">   --->   Core 82 'RAM' <Latency = 1> <II = 1> <Delay = 2.15> <Storage> <Opcode : 'load' 'store'> <Ports = 2> <Width = 8> <Depth = 8> <RAM>
ST_3 : Operation 56 [1/1] (0.00ns)   --->   "%br_ln104 = br void %arrayidx3916.exit" [attention_int8.cpp:104]   --->   Operation 56 'br' 'br_ln104' <Predicate = (trunc_ln104 == 56)> <Delay = 0.00>
ST_3 : Operation 57 [1/1] (0.00ns)   --->   "%Q_tile_V_55_addr = getelementptr i8 %Q_tile_V_55, i64 0, i64 %zext_ln101" [attention_int8.cpp:101]   --->   Operation 57 'getelementptr' 'Q_tile_V_55_addr' <Predicate = (trunc_ln104 == 55)> <Delay = 0.00>
ST_3 : Operation 58 [1/1] (2.15ns)   --->   "%store_ln104 = store i8 %gmem0_addr_read, i3 %Q_tile_V_55_addr" [attention_int8.cpp:104]   --->   Operation 58 'store' 'store_ln104' <Predicate = (trunc_ln104 == 55)> <Delay = 2.15> <CoreInst = "RAM">   --->   Core 82 'RAM' <Latency = 1> <II = 1> <Delay = 2.15> <Storage> <Opcode : 'load' 'store'> <Ports = 2> <Width = 8> <Depth = 8> <RAM>
ST_3 : Operation 59 [1/1] (0.00ns)   --->   "%br_ln104 = br void %arrayidx3916.exit" [attention_int8.cpp:104]   --->   Operation 59 'br' 'br_ln104' <Predicate = (trunc_ln104 == 55)> <Delay = 0.00>
ST_3 : Operation 60 [1/1] (0.00ns)   --->   "%Q_tile_V_54_addr = getelementptr i8 %Q_tile_V_54, i64 0, i64 %zext_ln101" [attention_int8.cpp:101]   --->   Operation 60 'getelementptr' 'Q_tile_V_54_addr' <Predicate = (trunc_ln104 == 54)> <Delay = 0.00>
ST_3 : Operation 61 [1/1] (2.15ns)   --->   "%store_ln104 = store i8 %gmem0_addr_read, i3 %Q_tile_V_54_addr" [attention_int8.cpp:104]   --->   Operation 61 'store' 'store_ln104' <Predicate = (trunc_ln104 == 54)> <Delay = 2.15> <CoreInst = "RAM">   --->   Core 82 'RAM' <Latency = 1> <II = 1> <Delay = 2.15> <Storage> <Opcode : 'load' 'store'> <Ports = 2> <Width = 8> <Depth = 8> <RAM>
ST_3 : Operation 62 [1/1] (0.00ns)   --->   "%br_ln104 = br void %arrayidx3916.exit" [attention_int8.cpp:104]   --->   Operation 62 'br' 'br_ln104' <Predicate = (trunc_ln104 == 54)> <Delay = 0.00>
ST_3 : Operation 63 [1/1] (0.00ns)   --->   "%Q_tile_V_53_addr = getelementptr i8 %Q_tile_V_53, i64 0, i64 %zext_ln101" [attention_int8.cpp:101]   --->   Operation 63 'getelementptr' 'Q_tile_V_53_addr' <Predicate = (trunc_ln104 == 53)> <Delay = 0.00>
ST_3 : Operation 64 [1/1] (2.15ns)   --->   "%store_ln104 = store i8 %gmem0_addr_read, i3 %Q_tile_V_53_addr" [attention_int8.cpp:104]   --->   Operation 64 'store' 'store_ln104' <Predicate = (trunc_ln104 == 53)> <Delay = 2.15> <CoreInst = "RAM">   --->   Core 82 'RAM' <Latency = 1> <II = 1> <Delay = 2.15> <Storage> <Opcode : 'load' 'store'> <Ports = 2> <Width = 8> <Depth = 8> <RAM>
ST_3 : Operation 65 [1/1] (0.00ns)   --->   "%br_ln104 = br void %arrayidx3916.exit" [attention_int8.cpp:104]   --->   Operation 65 'br' 'br_ln104' <Predicate = (trunc_ln104 == 53)> <Delay = 0.00>
ST_3 : Operation 66 [1/1] (0.00ns)   --->   "%Q_tile_V_52_addr = getelementptr i8 %Q_tile_V_52, i64 0, i64 %zext_ln101" [attention_int8.cpp:101]   --->   Operation 66 'getelementptr' 'Q_tile_V_52_addr' <Predicate = (trunc_ln104 == 52)> <Delay = 0.00>
ST_3 : Operation 67 [1/1] (2.15ns)   --->   "%store_ln104 = store i8 %gmem0_addr_read, i3 %Q_tile_V_52_addr" [attention_int8.cpp:104]   --->   Operation 67 'store' 'store_ln104' <Predicate = (trunc_ln104 == 52)> <Delay = 2.15> <CoreInst = "RAM">   --->   Core 82 'RAM' <Latency = 1> <II = 1> <Delay = 2.15> <Storage> <Opcode : 'load' 'store'> <Ports = 2> <Width = 8> <Depth = 8> <RAM>
ST_3 : Operation 68 [1/1] (0.00ns)   --->   "%br_ln104 = br void %arrayidx3916.exit" [attention_int8.cpp:104]   --->   Operation 68 'br' 'br_ln104' <Predicate = (trunc_ln104 == 52)> <Delay = 0.00>
ST_3 : Operation 69 [1/1] (0.00ns)   --->   "%Q_tile_V_51_addr = getelementptr i8 %Q_tile_V_51, i64 0, i64 %zext_ln101" [attention_int8.cpp:101]   --->   Operation 69 'getelementptr' 'Q_tile_V_51_addr' <Predicate = (trunc_ln104 == 51)> <Delay = 0.00>
ST_3 : Operation 70 [1/1] (2.15ns)   --->   "%store_ln104 = store i8 %gmem0_addr_read, i3 %Q_tile_V_51_addr" [attention_int8.cpp:104]   --->   Operation 70 'store' 'store_ln104' <Predicate = (trunc_ln104 == 51)> <Delay = 2.15> <CoreInst = "RAM">   --->   Core 82 'RAM' <Latency = 1> <II = 1> <Delay = 2.15> <Storage> <Opcode : 'load' 'store'> <Ports = 2> <Width = 8> <Depth = 8> <RAM>
ST_3 : Operation 71 [1/1] (0.00ns)   --->   "%br_ln104 = br void %arrayidx3916.exit" [attention_int8.cpp:104]   --->   Operation 71 'br' 'br_ln104' <Predicate = (trunc_ln104 == 51)> <Delay = 0.00>
ST_3 : Operation 72 [1/1] (0.00ns)   --->   "%Q_tile_V_50_addr = getelementptr i8 %Q_tile_V_50, i64 0, i64 %zext_ln101" [attention_int8.cpp:101]   --->   Operation 72 'getelementptr' 'Q_tile_V_50_addr' <Predicate = (trunc_ln104 == 50)> <Delay = 0.00>
ST_3 : Operation 73 [1/1] (2.15ns)   --->   "%store_ln104 = store i8 %gmem0_addr_read, i3 %Q_tile_V_50_addr" [attention_int8.cpp:104]   --->   Operation 73 'store' 'store_ln104' <Predicate = (trunc_ln104 == 50)> <Delay = 2.15> <CoreInst = "RAM">   --->   Core 82 'RAM' <Latency = 1> <II = 1> <Delay = 2.15> <Storage> <Opcode : 'load' 'store'> <Ports = 2> <Width = 8> <Depth = 8> <RAM>
ST_3 : Operation 74 [1/1] (0.00ns)   --->   "%br_ln104 = br void %arrayidx3916.exit" [attention_int8.cpp:104]   --->   Operation 74 'br' 'br_ln104' <Predicate = (trunc_ln104 == 50)> <Delay = 0.00>
ST_3 : Operation 75 [1/1] (0.00ns)   --->   "%Q_tile_V_49_addr = getelementptr i8 %Q_tile_V_49, i64 0, i64 %zext_ln101" [attention_int8.cpp:101]   --->   Operation 75 'getelementptr' 'Q_tile_V_49_addr' <Predicate = (trunc_ln104 == 49)> <Delay = 0.00>
ST_3 : Operation 76 [1/1] (2.15ns)   --->   "%store_ln104 = store i8 %gmem0_addr_read, i3 %Q_tile_V_49_addr" [attention_int8.cpp:104]   --->   Operation 76 'store' 'store_ln104' <Predicate = (trunc_ln104 == 49)> <Delay = 2.15> <CoreInst = "RAM">   --->   Core 82 'RAM' <Latency = 1> <II = 1> <Delay = 2.15> <Storage> <Opcode : 'load' 'store'> <Ports = 2> <Width = 8> <Depth = 8> <RAM>
ST_3 : Operation 77 [1/1] (0.00ns)   --->   "%br_ln104 = br void %arrayidx3916.exit" [attention_int8.cpp:104]   --->   Operation 77 'br' 'br_ln104' <Predicate = (trunc_ln104 == 49)> <Delay = 0.00>
ST_3 : Operation 78 [1/1] (0.00ns)   --->   "%Q_tile_V_48_addr = getelementptr i8 %Q_tile_V_48, i64 0, i64 %zext_ln101" [attention_int8.cpp:101]   --->   Operation 78 'getelementptr' 'Q_tile_V_48_addr' <Predicate = (trunc_ln104 == 48)> <Delay = 0.00>
ST_3 : Operation 79 [1/1] (2.15ns)   --->   "%store_ln104 = store i8 %gmem0_addr_read, i3 %Q_tile_V_48_addr" [attention_int8.cpp:104]   --->   Operation 79 'store' 'store_ln104' <Predicate = (trunc_ln104 == 48)> <Delay = 2.15> <CoreInst = "RAM">   --->   Core 82 'RAM' <Latency = 1> <II = 1> <Delay = 2.15> <Storage> <Opcode : 'load' 'store'> <Ports = 2> <Width = 8> <Depth = 8> <RAM>
ST_3 : Operation 80 [1/1] (0.00ns)   --->   "%br_ln104 = br void %arrayidx3916.exit" [attention_int8.cpp:104]   --->   Operation 80 'br' 'br_ln104' <Predicate = (trunc_ln104 == 48)> <Delay = 0.00>
ST_3 : Operation 81 [1/1] (0.00ns)   --->   "%Q_tile_V_47_addr = getelementptr i8 %Q_tile_V_47, i64 0, i64 %zext_ln101" [attention_int8.cpp:101]   --->   Operation 81 'getelementptr' 'Q_tile_V_47_addr' <Predicate = (trunc_ln104 == 47)> <Delay = 0.00>
ST_3 : Operation 82 [1/1] (2.15ns)   --->   "%store_ln104 = store i8 %gmem0_addr_read, i3 %Q_tile_V_47_addr" [attention_int8.cpp:104]   --->   Operation 82 'store' 'store_ln104' <Predicate = (trunc_ln104 == 47)> <Delay = 2.15> <CoreInst = "RAM">   --->   Core 82 'RAM' <Latency = 1> <II = 1> <Delay = 2.15> <Storage> <Opcode : 'load' 'store'> <Ports = 2> <Width = 8> <Depth = 8> <RAM>
ST_3 : Operation 83 [1/1] (0.00ns)   --->   "%br_ln104 = br void %arrayidx3916.exit" [attention_int8.cpp:104]   --->   Operation 83 'br' 'br_ln104' <Predicate = (trunc_ln104 == 47)> <Delay = 0.00>
ST_3 : Operation 84 [1/1] (0.00ns)   --->   "%Q_tile_V_46_addr = getelementptr i8 %Q_tile_V_46, i64 0, i64 %zext_ln101" [attention_int8.cpp:101]   --->   Operation 84 'getelementptr' 'Q_tile_V_46_addr' <Predicate = (trunc_ln104 == 46)> <Delay = 0.00>
ST_3 : Operation 85 [1/1] (2.15ns)   --->   "%store_ln104 = store i8 %gmem0_addr_read, i3 %Q_tile_V_46_addr" [attention_int8.cpp:104]   --->   Operation 85 'store' 'store_ln104' <Predicate = (trunc_ln104 == 46)> <Delay = 2.15> <CoreInst = "RAM">   --->   Core 82 'RAM' <Latency = 1> <II = 1> <Delay = 2.15> <Storage> <Opcode : 'load' 'store'> <Ports = 2> <Width = 8> <Depth = 8> <RAM>
ST_3 : Operation 86 [1/1] (0.00ns)   --->   "%br_ln104 = br void %arrayidx3916.exit" [attention_int8.cpp:104]   --->   Operation 86 'br' 'br_ln104' <Predicate = (trunc_ln104 == 46)> <Delay = 0.00>
ST_3 : Operation 87 [1/1] (0.00ns)   --->   "%Q_tile_V_45_addr = getelementptr i8 %Q_tile_V_45, i64 0, i64 %zext_ln101" [attention_int8.cpp:101]   --->   Operation 87 'getelementptr' 'Q_tile_V_45_addr' <Predicate = (trunc_ln104 == 45)> <Delay = 0.00>
ST_3 : Operation 88 [1/1] (2.15ns)   --->   "%store_ln104 = store i8 %gmem0_addr_read, i3 %Q_tile_V_45_addr" [attention_int8.cpp:104]   --->   Operation 88 'store' 'store_ln104' <Predicate = (trunc_ln104 == 45)> <Delay = 2.15> <CoreInst = "RAM">   --->   Core 82 'RAM' <Latency = 1> <II = 1> <Delay = 2.15> <Storage> <Opcode : 'load' 'store'> <Ports = 2> <Width = 8> <Depth = 8> <RAM>
ST_3 : Operation 89 [1/1] (0.00ns)   --->   "%br_ln104 = br void %arrayidx3916.exit" [attention_int8.cpp:104]   --->   Operation 89 'br' 'br_ln104' <Predicate = (trunc_ln104 == 45)> <Delay = 0.00>
ST_3 : Operation 90 [1/1] (0.00ns)   --->   "%Q_tile_V_44_addr = getelementptr i8 %Q_tile_V_44, i64 0, i64 %zext_ln101" [attention_int8.cpp:101]   --->   Operation 90 'getelementptr' 'Q_tile_V_44_addr' <Predicate = (trunc_ln104 == 44)> <Delay = 0.00>
ST_3 : Operation 91 [1/1] (2.15ns)   --->   "%store_ln104 = store i8 %gmem0_addr_read, i3 %Q_tile_V_44_addr" [attention_int8.cpp:104]   --->   Operation 91 'store' 'store_ln104' <Predicate = (trunc_ln104 == 44)> <Delay = 2.15> <CoreInst = "RAM">   --->   Core 82 'RAM' <Latency = 1> <II = 1> <Delay = 2.15> <Storage> <Opcode : 'load' 'store'> <Ports = 2> <Width = 8> <Depth = 8> <RAM>
ST_3 : Operation 92 [1/1] (0.00ns)   --->   "%br_ln104 = br void %arrayidx3916.exit" [attention_int8.cpp:104]   --->   Operation 92 'br' 'br_ln104' <Predicate = (trunc_ln104 == 44)> <Delay = 0.00>
ST_3 : Operation 93 [1/1] (0.00ns)   --->   "%Q_tile_V_43_addr = getelementptr i8 %Q_tile_V_43, i64 0, i64 %zext_ln101" [attention_int8.cpp:101]   --->   Operation 93 'getelementptr' 'Q_tile_V_43_addr' <Predicate = (trunc_ln104 == 43)> <Delay = 0.00>
ST_3 : Operation 94 [1/1] (2.15ns)   --->   "%store_ln104 = store i8 %gmem0_addr_read, i3 %Q_tile_V_43_addr" [attention_int8.cpp:104]   --->   Operation 94 'store' 'store_ln104' <Predicate = (trunc_ln104 == 43)> <Delay = 2.15> <CoreInst = "RAM">   --->   Core 82 'RAM' <Latency = 1> <II = 1> <Delay = 2.15> <Storage> <Opcode : 'load' 'store'> <Ports = 2> <Width = 8> <Depth = 8> <RAM>
ST_3 : Operation 95 [1/1] (0.00ns)   --->   "%br_ln104 = br void %arrayidx3916.exit" [attention_int8.cpp:104]   --->   Operation 95 'br' 'br_ln104' <Predicate = (trunc_ln104 == 43)> <Delay = 0.00>
ST_3 : Operation 96 [1/1] (0.00ns)   --->   "%Q_tile_V_42_addr = getelementptr i8 %Q_tile_V_42, i64 0, i64 %zext_ln101" [attention_int8.cpp:101]   --->   Operation 96 'getelementptr' 'Q_tile_V_42_addr' <Predicate = (trunc_ln104 == 42)> <Delay = 0.00>
ST_3 : Operation 97 [1/1] (2.15ns)   --->   "%store_ln104 = store i8 %gmem0_addr_read, i3 %Q_tile_V_42_addr" [attention_int8.cpp:104]   --->   Operation 97 'store' 'store_ln104' <Predicate = (trunc_ln104 == 42)> <Delay = 2.15> <CoreInst = "RAM">   --->   Core 82 'RAM' <Latency = 1> <II = 1> <Delay = 2.15> <Storage> <Opcode : 'load' 'store'> <Ports = 2> <Width = 8> <Depth = 8> <RAM>
ST_3 : Operation 98 [1/1] (0.00ns)   --->   "%br_ln104 = br void %arrayidx3916.exit" [attention_int8.cpp:104]   --->   Operation 98 'br' 'br_ln104' <Predicate = (trunc_ln104 == 42)> <Delay = 0.00>
ST_3 : Operation 99 [1/1] (0.00ns)   --->   "%Q_tile_V_41_addr = getelementptr i8 %Q_tile_V_41, i64 0, i64 %zext_ln101" [attention_int8.cpp:101]   --->   Operation 99 'getelementptr' 'Q_tile_V_41_addr' <Predicate = (trunc_ln104 == 41)> <Delay = 0.00>
ST_3 : Operation 100 [1/1] (2.15ns)   --->   "%store_ln104 = store i8 %gmem0_addr_read, i3 %Q_tile_V_41_addr" [attention_int8.cpp:104]   --->   Operation 100 'store' 'store_ln104' <Predicate = (trunc_ln104 == 41)> <Delay = 2.15> <CoreInst = "RAM">   --->   Core 82 'RAM' <Latency = 1> <II = 1> <Delay = 2.15> <Storage> <Opcode : 'load' 'store'> <Ports = 2> <Width = 8> <Depth = 8> <RAM>
ST_3 : Operation 101 [1/1] (0.00ns)   --->   "%br_ln104 = br void %arrayidx3916.exit" [attention_int8.cpp:104]   --->   Operation 101 'br' 'br_ln104' <Predicate = (trunc_ln104 == 41)> <Delay = 0.00>
ST_3 : Operation 102 [1/1] (0.00ns)   --->   "%Q_tile_V_40_addr = getelementptr i8 %Q_tile_V_40, i64 0, i64 %zext_ln101" [attention_int8.cpp:101]   --->   Operation 102 'getelementptr' 'Q_tile_V_40_addr' <Predicate = (trunc_ln104 == 40)> <Delay = 0.00>
ST_3 : Operation 103 [1/1] (2.15ns)   --->   "%store_ln104 = store i8 %gmem0_addr_read, i3 %Q_tile_V_40_addr" [attention_int8.cpp:104]   --->   Operation 103 'store' 'store_ln104' <Predicate = (trunc_ln104 == 40)> <Delay = 2.15> <CoreInst = "RAM">   --->   Core 82 'RAM' <Latency = 1> <II = 1> <Delay = 2.15> <Storage> <Opcode : 'load' 'store'> <Ports = 2> <Width = 8> <Depth = 8> <RAM>
ST_3 : Operation 104 [1/1] (0.00ns)   --->   "%br_ln104 = br void %arrayidx3916.exit" [attention_int8.cpp:104]   --->   Operation 104 'br' 'br_ln104' <Predicate = (trunc_ln104 == 40)> <Delay = 0.00>
ST_3 : Operation 105 [1/1] (0.00ns)   --->   "%Q_tile_V_39_addr = getelementptr i8 %Q_tile_V_39, i64 0, i64 %zext_ln101" [attention_int8.cpp:101]   --->   Operation 105 'getelementptr' 'Q_tile_V_39_addr' <Predicate = (trunc_ln104 == 39)> <Delay = 0.00>
ST_3 : Operation 106 [1/1] (2.15ns)   --->   "%store_ln104 = store i8 %gmem0_addr_read, i3 %Q_tile_V_39_addr" [attention_int8.cpp:104]   --->   Operation 106 'store' 'store_ln104' <Predicate = (trunc_ln104 == 39)> <Delay = 2.15> <CoreInst = "RAM">   --->   Core 82 'RAM' <Latency = 1> <II = 1> <Delay = 2.15> <Storage> <Opcode : 'load' 'store'> <Ports = 2> <Width = 8> <Depth = 8> <RAM>
ST_3 : Operation 107 [1/1] (0.00ns)   --->   "%br_ln104 = br void %arrayidx3916.exit" [attention_int8.cpp:104]   --->   Operation 107 'br' 'br_ln104' <Predicate = (trunc_ln104 == 39)> <Delay = 0.00>
ST_3 : Operation 108 [1/1] (0.00ns)   --->   "%Q_tile_V_38_addr = getelementptr i8 %Q_tile_V_38, i64 0, i64 %zext_ln101" [attention_int8.cpp:101]   --->   Operation 108 'getelementptr' 'Q_tile_V_38_addr' <Predicate = (trunc_ln104 == 38)> <Delay = 0.00>
ST_3 : Operation 109 [1/1] (2.15ns)   --->   "%store_ln104 = store i8 %gmem0_addr_read, i3 %Q_tile_V_38_addr" [attention_int8.cpp:104]   --->   Operation 109 'store' 'store_ln104' <Predicate = (trunc_ln104 == 38)> <Delay = 2.15> <CoreInst = "RAM">   --->   Core 82 'RAM' <Latency = 1> <II = 1> <Delay = 2.15> <Storage> <Opcode : 'load' 'store'> <Ports = 2> <Width = 8> <Depth = 8> <RAM>
ST_3 : Operation 110 [1/1] (0.00ns)   --->   "%br_ln104 = br void %arrayidx3916.exit" [attention_int8.cpp:104]   --->   Operation 110 'br' 'br_ln104' <Predicate = (trunc_ln104 == 38)> <Delay = 0.00>
ST_3 : Operation 111 [1/1] (0.00ns)   --->   "%Q_tile_V_37_addr = getelementptr i8 %Q_tile_V_37, i64 0, i64 %zext_ln101" [attention_int8.cpp:101]   --->   Operation 111 'getelementptr' 'Q_tile_V_37_addr' <Predicate = (trunc_ln104 == 37)> <Delay = 0.00>
ST_3 : Operation 112 [1/1] (2.15ns)   --->   "%store_ln104 = store i8 %gmem0_addr_read, i3 %Q_tile_V_37_addr" [attention_int8.cpp:104]   --->   Operation 112 'store' 'store_ln104' <Predicate = (trunc_ln104 == 37)> <Delay = 2.15> <CoreInst = "RAM">   --->   Core 82 'RAM' <Latency = 1> <II = 1> <Delay = 2.15> <Storage> <Opcode : 'load' 'store'> <Ports = 2> <Width = 8> <Depth = 8> <RAM>
ST_3 : Operation 113 [1/1] (0.00ns)   --->   "%br_ln104 = br void %arrayidx3916.exit" [attention_int8.cpp:104]   --->   Operation 113 'br' 'br_ln104' <Predicate = (trunc_ln104 == 37)> <Delay = 0.00>
ST_3 : Operation 114 [1/1] (0.00ns)   --->   "%Q_tile_V_36_addr = getelementptr i8 %Q_tile_V_36, i64 0, i64 %zext_ln101" [attention_int8.cpp:101]   --->   Operation 114 'getelementptr' 'Q_tile_V_36_addr' <Predicate = (trunc_ln104 == 36)> <Delay = 0.00>
ST_3 : Operation 115 [1/1] (2.15ns)   --->   "%store_ln104 = store i8 %gmem0_addr_read, i3 %Q_tile_V_36_addr" [attention_int8.cpp:104]   --->   Operation 115 'store' 'store_ln104' <Predicate = (trunc_ln104 == 36)> <Delay = 2.15> <CoreInst = "RAM">   --->   Core 82 'RAM' <Latency = 1> <II = 1> <Delay = 2.15> <Storage> <Opcode : 'load' 'store'> <Ports = 2> <Width = 8> <Depth = 8> <RAM>
ST_3 : Operation 116 [1/1] (0.00ns)   --->   "%br_ln104 = br void %arrayidx3916.exit" [attention_int8.cpp:104]   --->   Operation 116 'br' 'br_ln104' <Predicate = (trunc_ln104 == 36)> <Delay = 0.00>
ST_3 : Operation 117 [1/1] (0.00ns)   --->   "%Q_tile_V_35_addr = getelementptr i8 %Q_tile_V_35, i64 0, i64 %zext_ln101" [attention_int8.cpp:101]   --->   Operation 117 'getelementptr' 'Q_tile_V_35_addr' <Predicate = (trunc_ln104 == 35)> <Delay = 0.00>
ST_3 : Operation 118 [1/1] (2.15ns)   --->   "%store_ln104 = store i8 %gmem0_addr_read, i3 %Q_tile_V_35_addr" [attention_int8.cpp:104]   --->   Operation 118 'store' 'store_ln104' <Predicate = (trunc_ln104 == 35)> <Delay = 2.15> <CoreInst = "RAM">   --->   Core 82 'RAM' <Latency = 1> <II = 1> <Delay = 2.15> <Storage> <Opcode : 'load' 'store'> <Ports = 2> <Width = 8> <Depth = 8> <RAM>
ST_3 : Operation 119 [1/1] (0.00ns)   --->   "%br_ln104 = br void %arrayidx3916.exit" [attention_int8.cpp:104]   --->   Operation 119 'br' 'br_ln104' <Predicate = (trunc_ln104 == 35)> <Delay = 0.00>
ST_3 : Operation 120 [1/1] (0.00ns)   --->   "%Q_tile_V_34_addr = getelementptr i8 %Q_tile_V_34, i64 0, i64 %zext_ln101" [attention_int8.cpp:101]   --->   Operation 120 'getelementptr' 'Q_tile_V_34_addr' <Predicate = (trunc_ln104 == 34)> <Delay = 0.00>
ST_3 : Operation 121 [1/1] (2.15ns)   --->   "%store_ln104 = store i8 %gmem0_addr_read, i3 %Q_tile_V_34_addr" [attention_int8.cpp:104]   --->   Operation 121 'store' 'store_ln104' <Predicate = (trunc_ln104 == 34)> <Delay = 2.15> <CoreInst = "RAM">   --->   Core 82 'RAM' <Latency = 1> <II = 1> <Delay = 2.15> <Storage> <Opcode : 'load' 'store'> <Ports = 2> <Width = 8> <Depth = 8> <RAM>
ST_3 : Operation 122 [1/1] (0.00ns)   --->   "%br_ln104 = br void %arrayidx3916.exit" [attention_int8.cpp:104]   --->   Operation 122 'br' 'br_ln104' <Predicate = (trunc_ln104 == 34)> <Delay = 0.00>
ST_3 : Operation 123 [1/1] (0.00ns)   --->   "%Q_tile_V_33_addr = getelementptr i8 %Q_tile_V_33, i64 0, i64 %zext_ln101" [attention_int8.cpp:101]   --->   Operation 123 'getelementptr' 'Q_tile_V_33_addr' <Predicate = (trunc_ln104 == 33)> <Delay = 0.00>
ST_3 : Operation 124 [1/1] (2.15ns)   --->   "%store_ln104 = store i8 %gmem0_addr_read, i3 %Q_tile_V_33_addr" [attention_int8.cpp:104]   --->   Operation 124 'store' 'store_ln104' <Predicate = (trunc_ln104 == 33)> <Delay = 2.15> <CoreInst = "RAM">   --->   Core 82 'RAM' <Latency = 1> <II = 1> <Delay = 2.15> <Storage> <Opcode : 'load' 'store'> <Ports = 2> <Width = 8> <Depth = 8> <RAM>
ST_3 : Operation 125 [1/1] (0.00ns)   --->   "%br_ln104 = br void %arrayidx3916.exit" [attention_int8.cpp:104]   --->   Operation 125 'br' 'br_ln104' <Predicate = (trunc_ln104 == 33)> <Delay = 0.00>
ST_3 : Operation 126 [1/1] (0.00ns)   --->   "%Q_tile_V_32_addr = getelementptr i8 %Q_tile_V_32, i64 0, i64 %zext_ln101" [attention_int8.cpp:101]   --->   Operation 126 'getelementptr' 'Q_tile_V_32_addr' <Predicate = (trunc_ln104 == 32)> <Delay = 0.00>
ST_3 : Operation 127 [1/1] (2.15ns)   --->   "%store_ln104 = store i8 %gmem0_addr_read, i3 %Q_tile_V_32_addr" [attention_int8.cpp:104]   --->   Operation 127 'store' 'store_ln104' <Predicate = (trunc_ln104 == 32)> <Delay = 2.15> <CoreInst = "RAM">   --->   Core 82 'RAM' <Latency = 1> <II = 1> <Delay = 2.15> <Storage> <Opcode : 'load' 'store'> <Ports = 2> <Width = 8> <Depth = 8> <RAM>
ST_3 : Operation 128 [1/1] (0.00ns)   --->   "%br_ln104 = br void %arrayidx3916.exit" [attention_int8.cpp:104]   --->   Operation 128 'br' 'br_ln104' <Predicate = (trunc_ln104 == 32)> <Delay = 0.00>
ST_3 : Operation 129 [1/1] (0.00ns)   --->   "%Q_tile_V_31_addr = getelementptr i8 %Q_tile_V_31, i64 0, i64 %zext_ln101" [attention_int8.cpp:101]   --->   Operation 129 'getelementptr' 'Q_tile_V_31_addr' <Predicate = (trunc_ln104 == 31)> <Delay = 0.00>
ST_3 : Operation 130 [1/1] (2.15ns)   --->   "%store_ln104 = store i8 %gmem0_addr_read, i3 %Q_tile_V_31_addr" [attention_int8.cpp:104]   --->   Operation 130 'store' 'store_ln104' <Predicate = (trunc_ln104 == 31)> <Delay = 2.15> <CoreInst = "RAM">   --->   Core 82 'RAM' <Latency = 1> <II = 1> <Delay = 2.15> <Storage> <Opcode : 'load' 'store'> <Ports = 2> <Width = 8> <Depth = 8> <RAM>
ST_3 : Operation 131 [1/1] (0.00ns)   --->   "%br_ln104 = br void %arrayidx3916.exit" [attention_int8.cpp:104]   --->   Operation 131 'br' 'br_ln104' <Predicate = (trunc_ln104 == 31)> <Delay = 0.00>
ST_3 : Operation 132 [1/1] (0.00ns)   --->   "%Q_tile_V_30_addr = getelementptr i8 %Q_tile_V_30, i64 0, i64 %zext_ln101" [attention_int8.cpp:101]   --->   Operation 132 'getelementptr' 'Q_tile_V_30_addr' <Predicate = (trunc_ln104 == 30)> <Delay = 0.00>
ST_3 : Operation 133 [1/1] (2.15ns)   --->   "%store_ln104 = store i8 %gmem0_addr_read, i3 %Q_tile_V_30_addr" [attention_int8.cpp:104]   --->   Operation 133 'store' 'store_ln104' <Predicate = (trunc_ln104 == 30)> <Delay = 2.15> <CoreInst = "RAM">   --->   Core 82 'RAM' <Latency = 1> <II = 1> <Delay = 2.15> <Storage> <Opcode : 'load' 'store'> <Ports = 2> <Width = 8> <Depth = 8> <RAM>
ST_3 : Operation 134 [1/1] (0.00ns)   --->   "%br_ln104 = br void %arrayidx3916.exit" [attention_int8.cpp:104]   --->   Operation 134 'br' 'br_ln104' <Predicate = (trunc_ln104 == 30)> <Delay = 0.00>
ST_3 : Operation 135 [1/1] (0.00ns)   --->   "%Q_tile_V_29_addr = getelementptr i8 %Q_tile_V_29, i64 0, i64 %zext_ln101" [attention_int8.cpp:101]   --->   Operation 135 'getelementptr' 'Q_tile_V_29_addr' <Predicate = (trunc_ln104 == 29)> <Delay = 0.00>
ST_3 : Operation 136 [1/1] (2.15ns)   --->   "%store_ln104 = store i8 %gmem0_addr_read, i3 %Q_tile_V_29_addr" [attention_int8.cpp:104]   --->   Operation 136 'store' 'store_ln104' <Predicate = (trunc_ln104 == 29)> <Delay = 2.15> <CoreInst = "RAM">   --->   Core 82 'RAM' <Latency = 1> <II = 1> <Delay = 2.15> <Storage> <Opcode : 'load' 'store'> <Ports = 2> <Width = 8> <Depth = 8> <RAM>
ST_3 : Operation 137 [1/1] (0.00ns)   --->   "%br_ln104 = br void %arrayidx3916.exit" [attention_int8.cpp:104]   --->   Operation 137 'br' 'br_ln104' <Predicate = (trunc_ln104 == 29)> <Delay = 0.00>
ST_3 : Operation 138 [1/1] (0.00ns)   --->   "%Q_tile_V_28_addr = getelementptr i8 %Q_tile_V_28, i64 0, i64 %zext_ln101" [attention_int8.cpp:101]   --->   Operation 138 'getelementptr' 'Q_tile_V_28_addr' <Predicate = (trunc_ln104 == 28)> <Delay = 0.00>
ST_3 : Operation 139 [1/1] (2.15ns)   --->   "%store_ln104 = store i8 %gmem0_addr_read, i3 %Q_tile_V_28_addr" [attention_int8.cpp:104]   --->   Operation 139 'store' 'store_ln104' <Predicate = (trunc_ln104 == 28)> <Delay = 2.15> <CoreInst = "RAM">   --->   Core 82 'RAM' <Latency = 1> <II = 1> <Delay = 2.15> <Storage> <Opcode : 'load' 'store'> <Ports = 2> <Width = 8> <Depth = 8> <RAM>
ST_3 : Operation 140 [1/1] (0.00ns)   --->   "%br_ln104 = br void %arrayidx3916.exit" [attention_int8.cpp:104]   --->   Operation 140 'br' 'br_ln104' <Predicate = (trunc_ln104 == 28)> <Delay = 0.00>
ST_3 : Operation 141 [1/1] (0.00ns)   --->   "%Q_tile_V_27_addr = getelementptr i8 %Q_tile_V_27, i64 0, i64 %zext_ln101" [attention_int8.cpp:101]   --->   Operation 141 'getelementptr' 'Q_tile_V_27_addr' <Predicate = (trunc_ln104 == 27)> <Delay = 0.00>
ST_3 : Operation 142 [1/1] (2.15ns)   --->   "%store_ln104 = store i8 %gmem0_addr_read, i3 %Q_tile_V_27_addr" [attention_int8.cpp:104]   --->   Operation 142 'store' 'store_ln104' <Predicate = (trunc_ln104 == 27)> <Delay = 2.15> <CoreInst = "RAM">   --->   Core 82 'RAM' <Latency = 1> <II = 1> <Delay = 2.15> <Storage> <Opcode : 'load' 'store'> <Ports = 2> <Width = 8> <Depth = 8> <RAM>
ST_3 : Operation 143 [1/1] (0.00ns)   --->   "%br_ln104 = br void %arrayidx3916.exit" [attention_int8.cpp:104]   --->   Operation 143 'br' 'br_ln104' <Predicate = (trunc_ln104 == 27)> <Delay = 0.00>
ST_3 : Operation 144 [1/1] (0.00ns)   --->   "%Q_tile_V_26_addr = getelementptr i8 %Q_tile_V_26, i64 0, i64 %zext_ln101" [attention_int8.cpp:101]   --->   Operation 144 'getelementptr' 'Q_tile_V_26_addr' <Predicate = (trunc_ln104 == 26)> <Delay = 0.00>
ST_3 : Operation 145 [1/1] (2.15ns)   --->   "%store_ln104 = store i8 %gmem0_addr_read, i3 %Q_tile_V_26_addr" [attention_int8.cpp:104]   --->   Operation 145 'store' 'store_ln104' <Predicate = (trunc_ln104 == 26)> <Delay = 2.15> <CoreInst = "RAM">   --->   Core 82 'RAM' <Latency = 1> <II = 1> <Delay = 2.15> <Storage> <Opcode : 'load' 'store'> <Ports = 2> <Width = 8> <Depth = 8> <RAM>
ST_3 : Operation 146 [1/1] (0.00ns)   --->   "%br_ln104 = br void %arrayidx3916.exit" [attention_int8.cpp:104]   --->   Operation 146 'br' 'br_ln104' <Predicate = (trunc_ln104 == 26)> <Delay = 0.00>
ST_3 : Operation 147 [1/1] (0.00ns)   --->   "%Q_tile_V_25_addr = getelementptr i8 %Q_tile_V_25, i64 0, i64 %zext_ln101" [attention_int8.cpp:101]   --->   Operation 147 'getelementptr' 'Q_tile_V_25_addr' <Predicate = (trunc_ln104 == 25)> <Delay = 0.00>
ST_3 : Operation 148 [1/1] (2.15ns)   --->   "%store_ln104 = store i8 %gmem0_addr_read, i3 %Q_tile_V_25_addr" [attention_int8.cpp:104]   --->   Operation 148 'store' 'store_ln104' <Predicate = (trunc_ln104 == 25)> <Delay = 2.15> <CoreInst = "RAM">   --->   Core 82 'RAM' <Latency = 1> <II = 1> <Delay = 2.15> <Storage> <Opcode : 'load' 'store'> <Ports = 2> <Width = 8> <Depth = 8> <RAM>
ST_3 : Operation 149 [1/1] (0.00ns)   --->   "%br_ln104 = br void %arrayidx3916.exit" [attention_int8.cpp:104]   --->   Operation 149 'br' 'br_ln104' <Predicate = (trunc_ln104 == 25)> <Delay = 0.00>
ST_3 : Operation 150 [1/1] (0.00ns)   --->   "%Q_tile_V_24_addr = getelementptr i8 %Q_tile_V_24, i64 0, i64 %zext_ln101" [attention_int8.cpp:101]   --->   Operation 150 'getelementptr' 'Q_tile_V_24_addr' <Predicate = (trunc_ln104 == 24)> <Delay = 0.00>
ST_3 : Operation 151 [1/1] (2.15ns)   --->   "%store_ln104 = store i8 %gmem0_addr_read, i3 %Q_tile_V_24_addr" [attention_int8.cpp:104]   --->   Operation 151 'store' 'store_ln104' <Predicate = (trunc_ln104 == 24)> <Delay = 2.15> <CoreInst = "RAM">   --->   Core 82 'RAM' <Latency = 1> <II = 1> <Delay = 2.15> <Storage> <Opcode : 'load' 'store'> <Ports = 2> <Width = 8> <Depth = 8> <RAM>
ST_3 : Operation 152 [1/1] (0.00ns)   --->   "%br_ln104 = br void %arrayidx3916.exit" [attention_int8.cpp:104]   --->   Operation 152 'br' 'br_ln104' <Predicate = (trunc_ln104 == 24)> <Delay = 0.00>
ST_3 : Operation 153 [1/1] (0.00ns)   --->   "%Q_tile_V_23_addr = getelementptr i8 %Q_tile_V_23, i64 0, i64 %zext_ln101" [attention_int8.cpp:101]   --->   Operation 153 'getelementptr' 'Q_tile_V_23_addr' <Predicate = (trunc_ln104 == 23)> <Delay = 0.00>
ST_3 : Operation 154 [1/1] (2.15ns)   --->   "%store_ln104 = store i8 %gmem0_addr_read, i3 %Q_tile_V_23_addr" [attention_int8.cpp:104]   --->   Operation 154 'store' 'store_ln104' <Predicate = (trunc_ln104 == 23)> <Delay = 2.15> <CoreInst = "RAM">   --->   Core 82 'RAM' <Latency = 1> <II = 1> <Delay = 2.15> <Storage> <Opcode : 'load' 'store'> <Ports = 2> <Width = 8> <Depth = 8> <RAM>
ST_3 : Operation 155 [1/1] (0.00ns)   --->   "%br_ln104 = br void %arrayidx3916.exit" [attention_int8.cpp:104]   --->   Operation 155 'br' 'br_ln104' <Predicate = (trunc_ln104 == 23)> <Delay = 0.00>
ST_3 : Operation 156 [1/1] (0.00ns)   --->   "%Q_tile_V_22_addr = getelementptr i8 %Q_tile_V_22, i64 0, i64 %zext_ln101" [attention_int8.cpp:101]   --->   Operation 156 'getelementptr' 'Q_tile_V_22_addr' <Predicate = (trunc_ln104 == 22)> <Delay = 0.00>
ST_3 : Operation 157 [1/1] (2.15ns)   --->   "%store_ln104 = store i8 %gmem0_addr_read, i3 %Q_tile_V_22_addr" [attention_int8.cpp:104]   --->   Operation 157 'store' 'store_ln104' <Predicate = (trunc_ln104 == 22)> <Delay = 2.15> <CoreInst = "RAM">   --->   Core 82 'RAM' <Latency = 1> <II = 1> <Delay = 2.15> <Storage> <Opcode : 'load' 'store'> <Ports = 2> <Width = 8> <Depth = 8> <RAM>
ST_3 : Operation 158 [1/1] (0.00ns)   --->   "%br_ln104 = br void %arrayidx3916.exit" [attention_int8.cpp:104]   --->   Operation 158 'br' 'br_ln104' <Predicate = (trunc_ln104 == 22)> <Delay = 0.00>
ST_3 : Operation 159 [1/1] (0.00ns)   --->   "%Q_tile_V_21_addr = getelementptr i8 %Q_tile_V_21, i64 0, i64 %zext_ln101" [attention_int8.cpp:101]   --->   Operation 159 'getelementptr' 'Q_tile_V_21_addr' <Predicate = (trunc_ln104 == 21)> <Delay = 0.00>
ST_3 : Operation 160 [1/1] (2.15ns)   --->   "%store_ln104 = store i8 %gmem0_addr_read, i3 %Q_tile_V_21_addr" [attention_int8.cpp:104]   --->   Operation 160 'store' 'store_ln104' <Predicate = (trunc_ln104 == 21)> <Delay = 2.15> <CoreInst = "RAM">   --->   Core 82 'RAM' <Latency = 1> <II = 1> <Delay = 2.15> <Storage> <Opcode : 'load' 'store'> <Ports = 2> <Width = 8> <Depth = 8> <RAM>
ST_3 : Operation 161 [1/1] (0.00ns)   --->   "%br_ln104 = br void %arrayidx3916.exit" [attention_int8.cpp:104]   --->   Operation 161 'br' 'br_ln104' <Predicate = (trunc_ln104 == 21)> <Delay = 0.00>
ST_3 : Operation 162 [1/1] (0.00ns)   --->   "%Q_tile_V_20_addr = getelementptr i8 %Q_tile_V_20, i64 0, i64 %zext_ln101" [attention_int8.cpp:101]   --->   Operation 162 'getelementptr' 'Q_tile_V_20_addr' <Predicate = (trunc_ln104 == 20)> <Delay = 0.00>
ST_3 : Operation 163 [1/1] (2.15ns)   --->   "%store_ln104 = store i8 %gmem0_addr_read, i3 %Q_tile_V_20_addr" [attention_int8.cpp:104]   --->   Operation 163 'store' 'store_ln104' <Predicate = (trunc_ln104 == 20)> <Delay = 2.15> <CoreInst = "RAM">   --->   Core 82 'RAM' <Latency = 1> <II = 1> <Delay = 2.15> <Storage> <Opcode : 'load' 'store'> <Ports = 2> <Width = 8> <Depth = 8> <RAM>
ST_3 : Operation 164 [1/1] (0.00ns)   --->   "%br_ln104 = br void %arrayidx3916.exit" [attention_int8.cpp:104]   --->   Operation 164 'br' 'br_ln104' <Predicate = (trunc_ln104 == 20)> <Delay = 0.00>
ST_3 : Operation 165 [1/1] (0.00ns)   --->   "%Q_tile_V_19_addr = getelementptr i8 %Q_tile_V_19, i64 0, i64 %zext_ln101" [attention_int8.cpp:101]   --->   Operation 165 'getelementptr' 'Q_tile_V_19_addr' <Predicate = (trunc_ln104 == 19)> <Delay = 0.00>
ST_3 : Operation 166 [1/1] (2.15ns)   --->   "%store_ln104 = store i8 %gmem0_addr_read, i3 %Q_tile_V_19_addr" [attention_int8.cpp:104]   --->   Operation 166 'store' 'store_ln104' <Predicate = (trunc_ln104 == 19)> <Delay = 2.15> <CoreInst = "RAM">   --->   Core 82 'RAM' <Latency = 1> <II = 1> <Delay = 2.15> <Storage> <Opcode : 'load' 'store'> <Ports = 2> <Width = 8> <Depth = 8> <RAM>
ST_3 : Operation 167 [1/1] (0.00ns)   --->   "%br_ln104 = br void %arrayidx3916.exit" [attention_int8.cpp:104]   --->   Operation 167 'br' 'br_ln104' <Predicate = (trunc_ln104 == 19)> <Delay = 0.00>
ST_3 : Operation 168 [1/1] (0.00ns)   --->   "%Q_tile_V_18_addr = getelementptr i8 %Q_tile_V_18, i64 0, i64 %zext_ln101" [attention_int8.cpp:101]   --->   Operation 168 'getelementptr' 'Q_tile_V_18_addr' <Predicate = (trunc_ln104 == 18)> <Delay = 0.00>
ST_3 : Operation 169 [1/1] (2.15ns)   --->   "%store_ln104 = store i8 %gmem0_addr_read, i3 %Q_tile_V_18_addr" [attention_int8.cpp:104]   --->   Operation 169 'store' 'store_ln104' <Predicate = (trunc_ln104 == 18)> <Delay = 2.15> <CoreInst = "RAM">   --->   Core 82 'RAM' <Latency = 1> <II = 1> <Delay = 2.15> <Storage> <Opcode : 'load' 'store'> <Ports = 2> <Width = 8> <Depth = 8> <RAM>
ST_3 : Operation 170 [1/1] (0.00ns)   --->   "%br_ln104 = br void %arrayidx3916.exit" [attention_int8.cpp:104]   --->   Operation 170 'br' 'br_ln104' <Predicate = (trunc_ln104 == 18)> <Delay = 0.00>
ST_3 : Operation 171 [1/1] (0.00ns)   --->   "%Q_tile_V_17_addr = getelementptr i8 %Q_tile_V_17, i64 0, i64 %zext_ln101" [attention_int8.cpp:101]   --->   Operation 171 'getelementptr' 'Q_tile_V_17_addr' <Predicate = (trunc_ln104 == 17)> <Delay = 0.00>
ST_3 : Operation 172 [1/1] (2.15ns)   --->   "%store_ln104 = store i8 %gmem0_addr_read, i3 %Q_tile_V_17_addr" [attention_int8.cpp:104]   --->   Operation 172 'store' 'store_ln104' <Predicate = (trunc_ln104 == 17)> <Delay = 2.15> <CoreInst = "RAM">   --->   Core 82 'RAM' <Latency = 1> <II = 1> <Delay = 2.15> <Storage> <Opcode : 'load' 'store'> <Ports = 2> <Width = 8> <Depth = 8> <RAM>
ST_3 : Operation 173 [1/1] (0.00ns)   --->   "%br_ln104 = br void %arrayidx3916.exit" [attention_int8.cpp:104]   --->   Operation 173 'br' 'br_ln104' <Predicate = (trunc_ln104 == 17)> <Delay = 0.00>
ST_3 : Operation 174 [1/1] (0.00ns)   --->   "%Q_tile_V_16_addr = getelementptr i8 %Q_tile_V_16, i64 0, i64 %zext_ln101" [attention_int8.cpp:101]   --->   Operation 174 'getelementptr' 'Q_tile_V_16_addr' <Predicate = (trunc_ln104 == 16)> <Delay = 0.00>
ST_3 : Operation 175 [1/1] (2.15ns)   --->   "%store_ln104 = store i8 %gmem0_addr_read, i3 %Q_tile_V_16_addr" [attention_int8.cpp:104]   --->   Operation 175 'store' 'store_ln104' <Predicate = (trunc_ln104 == 16)> <Delay = 2.15> <CoreInst = "RAM">   --->   Core 82 'RAM' <Latency = 1> <II = 1> <Delay = 2.15> <Storage> <Opcode : 'load' 'store'> <Ports = 2> <Width = 8> <Depth = 8> <RAM>
ST_3 : Operation 176 [1/1] (0.00ns)   --->   "%br_ln104 = br void %arrayidx3916.exit" [attention_int8.cpp:104]   --->   Operation 176 'br' 'br_ln104' <Predicate = (trunc_ln104 == 16)> <Delay = 0.00>
ST_3 : Operation 177 [1/1] (0.00ns)   --->   "%Q_tile_V_15_addr = getelementptr i8 %Q_tile_V_15, i64 0, i64 %zext_ln101" [attention_int8.cpp:101]   --->   Operation 177 'getelementptr' 'Q_tile_V_15_addr' <Predicate = (trunc_ln104 == 15)> <Delay = 0.00>
ST_3 : Operation 178 [1/1] (2.15ns)   --->   "%store_ln104 = store i8 %gmem0_addr_read, i3 %Q_tile_V_15_addr" [attention_int8.cpp:104]   --->   Operation 178 'store' 'store_ln104' <Predicate = (trunc_ln104 == 15)> <Delay = 2.15> <CoreInst = "RAM">   --->   Core 82 'RAM' <Latency = 1> <II = 1> <Delay = 2.15> <Storage> <Opcode : 'load' 'store'> <Ports = 2> <Width = 8> <Depth = 8> <RAM>
ST_3 : Operation 179 [1/1] (0.00ns)   --->   "%br_ln104 = br void %arrayidx3916.exit" [attention_int8.cpp:104]   --->   Operation 179 'br' 'br_ln104' <Predicate = (trunc_ln104 == 15)> <Delay = 0.00>
ST_3 : Operation 180 [1/1] (0.00ns)   --->   "%Q_tile_V_14_addr = getelementptr i8 %Q_tile_V_14, i64 0, i64 %zext_ln101" [attention_int8.cpp:101]   --->   Operation 180 'getelementptr' 'Q_tile_V_14_addr' <Predicate = (trunc_ln104 == 14)> <Delay = 0.00>
ST_3 : Operation 181 [1/1] (2.15ns)   --->   "%store_ln104 = store i8 %gmem0_addr_read, i3 %Q_tile_V_14_addr" [attention_int8.cpp:104]   --->   Operation 181 'store' 'store_ln104' <Predicate = (trunc_ln104 == 14)> <Delay = 2.15> <CoreInst = "RAM">   --->   Core 82 'RAM' <Latency = 1> <II = 1> <Delay = 2.15> <Storage> <Opcode : 'load' 'store'> <Ports = 2> <Width = 8> <Depth = 8> <RAM>
ST_3 : Operation 182 [1/1] (0.00ns)   --->   "%br_ln104 = br void %arrayidx3916.exit" [attention_int8.cpp:104]   --->   Operation 182 'br' 'br_ln104' <Predicate = (trunc_ln104 == 14)> <Delay = 0.00>
ST_3 : Operation 183 [1/1] (0.00ns)   --->   "%Q_tile_V_13_addr = getelementptr i8 %Q_tile_V_13, i64 0, i64 %zext_ln101" [attention_int8.cpp:101]   --->   Operation 183 'getelementptr' 'Q_tile_V_13_addr' <Predicate = (trunc_ln104 == 13)> <Delay = 0.00>
ST_3 : Operation 184 [1/1] (2.15ns)   --->   "%store_ln104 = store i8 %gmem0_addr_read, i3 %Q_tile_V_13_addr" [attention_int8.cpp:104]   --->   Operation 184 'store' 'store_ln104' <Predicate = (trunc_ln104 == 13)> <Delay = 2.15> <CoreInst = "RAM">   --->   Core 82 'RAM' <Latency = 1> <II = 1> <Delay = 2.15> <Storage> <Opcode : 'load' 'store'> <Ports = 2> <Width = 8> <Depth = 8> <RAM>
ST_3 : Operation 185 [1/1] (0.00ns)   --->   "%br_ln104 = br void %arrayidx3916.exit" [attention_int8.cpp:104]   --->   Operation 185 'br' 'br_ln104' <Predicate = (trunc_ln104 == 13)> <Delay = 0.00>
ST_3 : Operation 186 [1/1] (0.00ns)   --->   "%Q_tile_V_12_addr = getelementptr i8 %Q_tile_V_12, i64 0, i64 %zext_ln101" [attention_int8.cpp:101]   --->   Operation 186 'getelementptr' 'Q_tile_V_12_addr' <Predicate = (trunc_ln104 == 12)> <Delay = 0.00>
ST_3 : Operation 187 [1/1] (2.15ns)   --->   "%store_ln104 = store i8 %gmem0_addr_read, i3 %Q_tile_V_12_addr" [attention_int8.cpp:104]   --->   Operation 187 'store' 'store_ln104' <Predicate = (trunc_ln104 == 12)> <Delay = 2.15> <CoreInst = "RAM">   --->   Core 82 'RAM' <Latency = 1> <II = 1> <Delay = 2.15> <Storage> <Opcode : 'load' 'store'> <Ports = 2> <Width = 8> <Depth = 8> <RAM>
ST_3 : Operation 188 [1/1] (0.00ns)   --->   "%br_ln104 = br void %arrayidx3916.exit" [attention_int8.cpp:104]   --->   Operation 188 'br' 'br_ln104' <Predicate = (trunc_ln104 == 12)> <Delay = 0.00>
ST_3 : Operation 189 [1/1] (0.00ns)   --->   "%Q_tile_V_11_addr = getelementptr i8 %Q_tile_V_11, i64 0, i64 %zext_ln101" [attention_int8.cpp:101]   --->   Operation 189 'getelementptr' 'Q_tile_V_11_addr' <Predicate = (trunc_ln104 == 11)> <Delay = 0.00>
ST_3 : Operation 190 [1/1] (2.15ns)   --->   "%store_ln104 = store i8 %gmem0_addr_read, i3 %Q_tile_V_11_addr" [attention_int8.cpp:104]   --->   Operation 190 'store' 'store_ln104' <Predicate = (trunc_ln104 == 11)> <Delay = 2.15> <CoreInst = "RAM">   --->   Core 82 'RAM' <Latency = 1> <II = 1> <Delay = 2.15> <Storage> <Opcode : 'load' 'store'> <Ports = 2> <Width = 8> <Depth = 8> <RAM>
ST_3 : Operation 191 [1/1] (0.00ns)   --->   "%br_ln104 = br void %arrayidx3916.exit" [attention_int8.cpp:104]   --->   Operation 191 'br' 'br_ln104' <Predicate = (trunc_ln104 == 11)> <Delay = 0.00>
ST_3 : Operation 192 [1/1] (0.00ns)   --->   "%Q_tile_V_10_addr = getelementptr i8 %Q_tile_V_10, i64 0, i64 %zext_ln101" [attention_int8.cpp:101]   --->   Operation 192 'getelementptr' 'Q_tile_V_10_addr' <Predicate = (trunc_ln104 == 10)> <Delay = 0.00>
ST_3 : Operation 193 [1/1] (2.15ns)   --->   "%store_ln104 = store i8 %gmem0_addr_read, i3 %Q_tile_V_10_addr" [attention_int8.cpp:104]   --->   Operation 193 'store' 'store_ln104' <Predicate = (trunc_ln104 == 10)> <Delay = 2.15> <CoreInst = "RAM">   --->   Core 82 'RAM' <Latency = 1> <II = 1> <Delay = 2.15> <Storage> <Opcode : 'load' 'store'> <Ports = 2> <Width = 8> <Depth = 8> <RAM>
ST_3 : Operation 194 [1/1] (0.00ns)   --->   "%br_ln104 = br void %arrayidx3916.exit" [attention_int8.cpp:104]   --->   Operation 194 'br' 'br_ln104' <Predicate = (trunc_ln104 == 10)> <Delay = 0.00>
ST_3 : Operation 195 [1/1] (0.00ns)   --->   "%Q_tile_V_9_addr = getelementptr i8 %Q_tile_V_9, i64 0, i64 %zext_ln101" [attention_int8.cpp:101]   --->   Operation 195 'getelementptr' 'Q_tile_V_9_addr' <Predicate = (trunc_ln104 == 9)> <Delay = 0.00>
ST_3 : Operation 196 [1/1] (2.15ns)   --->   "%store_ln104 = store i8 %gmem0_addr_read, i3 %Q_tile_V_9_addr" [attention_int8.cpp:104]   --->   Operation 196 'store' 'store_ln104' <Predicate = (trunc_ln104 == 9)> <Delay = 2.15> <CoreInst = "RAM">   --->   Core 82 'RAM' <Latency = 1> <II = 1> <Delay = 2.15> <Storage> <Opcode : 'load' 'store'> <Ports = 2> <Width = 8> <Depth = 8> <RAM>
ST_3 : Operation 197 [1/1] (0.00ns)   --->   "%br_ln104 = br void %arrayidx3916.exit" [attention_int8.cpp:104]   --->   Operation 197 'br' 'br_ln104' <Predicate = (trunc_ln104 == 9)> <Delay = 0.00>
ST_3 : Operation 198 [1/1] (0.00ns)   --->   "%Q_tile_V_8_addr = getelementptr i8 %Q_tile_V_8, i64 0, i64 %zext_ln101" [attention_int8.cpp:101]   --->   Operation 198 'getelementptr' 'Q_tile_V_8_addr' <Predicate = (trunc_ln104 == 8)> <Delay = 0.00>
ST_3 : Operation 199 [1/1] (2.15ns)   --->   "%store_ln104 = store i8 %gmem0_addr_read, i3 %Q_tile_V_8_addr" [attention_int8.cpp:104]   --->   Operation 199 'store' 'store_ln104' <Predicate = (trunc_ln104 == 8)> <Delay = 2.15> <CoreInst = "RAM">   --->   Core 82 'RAM' <Latency = 1> <II = 1> <Delay = 2.15> <Storage> <Opcode : 'load' 'store'> <Ports = 2> <Width = 8> <Depth = 8> <RAM>
ST_3 : Operation 200 [1/1] (0.00ns)   --->   "%br_ln104 = br void %arrayidx3916.exit" [attention_int8.cpp:104]   --->   Operation 200 'br' 'br_ln104' <Predicate = (trunc_ln104 == 8)> <Delay = 0.00>
ST_3 : Operation 201 [1/1] (0.00ns)   --->   "%Q_tile_V_7_addr = getelementptr i8 %Q_tile_V_7, i64 0, i64 %zext_ln101" [attention_int8.cpp:101]   --->   Operation 201 'getelementptr' 'Q_tile_V_7_addr' <Predicate = (trunc_ln104 == 7)> <Delay = 0.00>
ST_3 : Operation 202 [1/1] (2.15ns)   --->   "%store_ln104 = store i8 %gmem0_addr_read, i3 %Q_tile_V_7_addr" [attention_int8.cpp:104]   --->   Operation 202 'store' 'store_ln104' <Predicate = (trunc_ln104 == 7)> <Delay = 2.15> <CoreInst = "RAM">   --->   Core 82 'RAM' <Latency = 1> <II = 1> <Delay = 2.15> <Storage> <Opcode : 'load' 'store'> <Ports = 2> <Width = 8> <Depth = 8> <RAM>
ST_3 : Operation 203 [1/1] (0.00ns)   --->   "%br_ln104 = br void %arrayidx3916.exit" [attention_int8.cpp:104]   --->   Operation 203 'br' 'br_ln104' <Predicate = (trunc_ln104 == 7)> <Delay = 0.00>
ST_3 : Operation 204 [1/1] (0.00ns)   --->   "%Q_tile_V_6_addr = getelementptr i8 %Q_tile_V_6, i64 0, i64 %zext_ln101" [attention_int8.cpp:101]   --->   Operation 204 'getelementptr' 'Q_tile_V_6_addr' <Predicate = (trunc_ln104 == 6)> <Delay = 0.00>
ST_3 : Operation 205 [1/1] (2.15ns)   --->   "%store_ln104 = store i8 %gmem0_addr_read, i3 %Q_tile_V_6_addr" [attention_int8.cpp:104]   --->   Operation 205 'store' 'store_ln104' <Predicate = (trunc_ln104 == 6)> <Delay = 2.15> <CoreInst = "RAM">   --->   Core 82 'RAM' <Latency = 1> <II = 1> <Delay = 2.15> <Storage> <Opcode : 'load' 'store'> <Ports = 2> <Width = 8> <Depth = 8> <RAM>
ST_3 : Operation 206 [1/1] (0.00ns)   --->   "%br_ln104 = br void %arrayidx3916.exit" [attention_int8.cpp:104]   --->   Operation 206 'br' 'br_ln104' <Predicate = (trunc_ln104 == 6)> <Delay = 0.00>
ST_3 : Operation 207 [1/1] (0.00ns)   --->   "%Q_tile_V_5_addr = getelementptr i8 %Q_tile_V_5, i64 0, i64 %zext_ln101" [attention_int8.cpp:101]   --->   Operation 207 'getelementptr' 'Q_tile_V_5_addr' <Predicate = (trunc_ln104 == 5)> <Delay = 0.00>
ST_3 : Operation 208 [1/1] (2.15ns)   --->   "%store_ln104 = store i8 %gmem0_addr_read, i3 %Q_tile_V_5_addr" [attention_int8.cpp:104]   --->   Operation 208 'store' 'store_ln104' <Predicate = (trunc_ln104 == 5)> <Delay = 2.15> <CoreInst = "RAM">   --->   Core 82 'RAM' <Latency = 1> <II = 1> <Delay = 2.15> <Storage> <Opcode : 'load' 'store'> <Ports = 2> <Width = 8> <Depth = 8> <RAM>
ST_3 : Operation 209 [1/1] (0.00ns)   --->   "%br_ln104 = br void %arrayidx3916.exit" [attention_int8.cpp:104]   --->   Operation 209 'br' 'br_ln104' <Predicate = (trunc_ln104 == 5)> <Delay = 0.00>
ST_3 : Operation 210 [1/1] (0.00ns)   --->   "%Q_tile_V_4_addr = getelementptr i8 %Q_tile_V_4, i64 0, i64 %zext_ln101" [attention_int8.cpp:101]   --->   Operation 210 'getelementptr' 'Q_tile_V_4_addr' <Predicate = (trunc_ln104 == 4)> <Delay = 0.00>
ST_3 : Operation 211 [1/1] (2.15ns)   --->   "%store_ln104 = store i8 %gmem0_addr_read, i3 %Q_tile_V_4_addr" [attention_int8.cpp:104]   --->   Operation 211 'store' 'store_ln104' <Predicate = (trunc_ln104 == 4)> <Delay = 2.15> <CoreInst = "RAM">   --->   Core 82 'RAM' <Latency = 1> <II = 1> <Delay = 2.15> <Storage> <Opcode : 'load' 'store'> <Ports = 2> <Width = 8> <Depth = 8> <RAM>
ST_3 : Operation 212 [1/1] (0.00ns)   --->   "%br_ln104 = br void %arrayidx3916.exit" [attention_int8.cpp:104]   --->   Operation 212 'br' 'br_ln104' <Predicate = (trunc_ln104 == 4)> <Delay = 0.00>
ST_3 : Operation 213 [1/1] (0.00ns)   --->   "%Q_tile_V_3_addr = getelementptr i8 %Q_tile_V_3, i64 0, i64 %zext_ln101" [attention_int8.cpp:101]   --->   Operation 213 'getelementptr' 'Q_tile_V_3_addr' <Predicate = (trunc_ln104 == 3)> <Delay = 0.00>
ST_3 : Operation 214 [1/1] (2.15ns)   --->   "%store_ln104 = store i8 %gmem0_addr_read, i3 %Q_tile_V_3_addr" [attention_int8.cpp:104]   --->   Operation 214 'store' 'store_ln104' <Predicate = (trunc_ln104 == 3)> <Delay = 2.15> <CoreInst = "RAM">   --->   Core 82 'RAM' <Latency = 1> <II = 1> <Delay = 2.15> <Storage> <Opcode : 'load' 'store'> <Ports = 2> <Width = 8> <Depth = 8> <RAM>
ST_3 : Operation 215 [1/1] (0.00ns)   --->   "%br_ln104 = br void %arrayidx3916.exit" [attention_int8.cpp:104]   --->   Operation 215 'br' 'br_ln104' <Predicate = (trunc_ln104 == 3)> <Delay = 0.00>
ST_3 : Operation 216 [1/1] (0.00ns)   --->   "%Q_tile_V_2_addr = getelementptr i8 %Q_tile_V_2, i64 0, i64 %zext_ln101" [attention_int8.cpp:101]   --->   Operation 216 'getelementptr' 'Q_tile_V_2_addr' <Predicate = (trunc_ln104 == 2)> <Delay = 0.00>
ST_3 : Operation 217 [1/1] (2.15ns)   --->   "%store_ln104 = store i8 %gmem0_addr_read, i3 %Q_tile_V_2_addr" [attention_int8.cpp:104]   --->   Operation 217 'store' 'store_ln104' <Predicate = (trunc_ln104 == 2)> <Delay = 2.15> <CoreInst = "RAM">   --->   Core 82 'RAM' <Latency = 1> <II = 1> <Delay = 2.15> <Storage> <Opcode : 'load' 'store'> <Ports = 2> <Width = 8> <Depth = 8> <RAM>
ST_3 : Operation 218 [1/1] (0.00ns)   --->   "%br_ln104 = br void %arrayidx3916.exit" [attention_int8.cpp:104]   --->   Operation 218 'br' 'br_ln104' <Predicate = (trunc_ln104 == 2)> <Delay = 0.00>
ST_3 : Operation 219 [1/1] (0.00ns)   --->   "%Q_tile_V_1_addr = getelementptr i8 %Q_tile_V_1, i64 0, i64 %zext_ln101" [attention_int8.cpp:101]   --->   Operation 219 'getelementptr' 'Q_tile_V_1_addr' <Predicate = (trunc_ln104 == 1)> <Delay = 0.00>
ST_3 : Operation 220 [1/1] (2.15ns)   --->   "%store_ln104 = store i8 %gmem0_addr_read, i3 %Q_tile_V_1_addr" [attention_int8.cpp:104]   --->   Operation 220 'store' 'store_ln104' <Predicate = (trunc_ln104 == 1)> <Delay = 2.15> <CoreInst = "RAM">   --->   Core 82 'RAM' <Latency = 1> <II = 1> <Delay = 2.15> <Storage> <Opcode : 'load' 'store'> <Ports = 2> <Width = 8> <Depth = 8> <RAM>
ST_3 : Operation 221 [1/1] (0.00ns)   --->   "%br_ln104 = br void %arrayidx3916.exit" [attention_int8.cpp:104]   --->   Operation 221 'br' 'br_ln104' <Predicate = (trunc_ln104 == 1)> <Delay = 0.00>
ST_3 : Operation 222 [1/1] (0.00ns)   --->   "%Q_tile_V_addr = getelementptr i8 %Q_tile_V, i64 0, i64 %zext_ln101" [attention_int8.cpp:101]   --->   Operation 222 'getelementptr' 'Q_tile_V_addr' <Predicate = (trunc_ln104 == 0)> <Delay = 0.00>
ST_3 : Operation 223 [1/1] (2.15ns)   --->   "%store_ln104 = store i8 %gmem0_addr_read, i3 %Q_tile_V_addr" [attention_int8.cpp:104]   --->   Operation 223 'store' 'store_ln104' <Predicate = (trunc_ln104 == 0)> <Delay = 2.15> <CoreInst = "RAM">   --->   Core 82 'RAM' <Latency = 1> <II = 1> <Delay = 2.15> <Storage> <Opcode : 'load' 'store'> <Ports = 2> <Width = 8> <Depth = 8> <RAM>
ST_3 : Operation 224 [1/1] (0.00ns)   --->   "%br_ln104 = br void %arrayidx3916.exit" [attention_int8.cpp:104]   --->   Operation 224 'br' 'br_ln104' <Predicate = (trunc_ln104 == 0)> <Delay = 0.00>
ST_3 : Operation 225 [1/1] (0.00ns)   --->   "%Q_tile_V_63_addr = getelementptr i8 %Q_tile_V_63, i64 0, i64 %zext_ln101" [attention_int8.cpp:101]   --->   Operation 225 'getelementptr' 'Q_tile_V_63_addr' <Predicate = (trunc_ln104 == 63)> <Delay = 0.00>
ST_3 : Operation 226 [1/1] (2.15ns)   --->   "%store_ln104 = store i8 %gmem0_addr_read, i3 %Q_tile_V_63_addr" [attention_int8.cpp:104]   --->   Operation 226 'store' 'store_ln104' <Predicate = (trunc_ln104 == 63)> <Delay = 2.15> <CoreInst = "RAM">   --->   Core 82 'RAM' <Latency = 1> <II = 1> <Delay = 2.15> <Storage> <Opcode : 'load' 'store'> <Ports = 2> <Width = 8> <Depth = 8> <RAM>
ST_3 : Operation 227 [1/1] (0.00ns)   --->   "%br_ln104 = br void %arrayidx3916.exit" [attention_int8.cpp:104]   --->   Operation 227 'br' 'br_ln104' <Predicate = (trunc_ln104 == 63)> <Delay = 0.00>
ST_3 : Operation 228 [1/1] (2.03ns)   --->   "%add_ln102 = add i7 %select_ln101, i7 1" [attention_int8.cpp:102]   --->   Operation 228 'add' 'add_ln102' <Predicate = true> <Delay = 2.03> <CoreInst = "Adder">   --->   Core 1 'Adder' <Latency = 0> <II = 1> <Delay = 2.03> <FuncUnit> <Opcode : 'add' 'sub'> <InPorts = 2> <OutPorts = 1>
ST_3 : Operation 229 [1/1] (1.61ns)   --->   "%store_ln102 = store i4 %select_ln101_1, i4 %i" [attention_int8.cpp:102]   --->   Operation 229 'store' 'store_ln102' <Predicate = true> <Delay = 1.61>
ST_3 : Operation 230 [1/1] (1.61ns)   --->   "%store_ln102 = store i7 %add_ln102, i7 %d" [attention_int8.cpp:102]   --->   Operation 230 'store' 'store_ln102' <Predicate = true> <Delay = 1.61>
ST_3 : Operation 231 [1/1] (0.00ns)   --->   "%br_ln102 = br void %for.inc" [attention_int8.cpp:102]   --->   Operation 231 'br' 'br_ln102' <Predicate = true> <Delay = 0.00>


============================================================
+ Verbose Summary: Binding
============================================================
STG Binding: 
---------------- STG Properties BEGIN ----------------
- Is combinational: 0
- Is one-state seq: 0
- Is datapath-only: 0
- Is pipelined: 0
- Is top level: 0
Port [ Return ] is wired: 1; IO mode=ap_ctrl_hs:ce=0
Port [ gmem0]:  wired=1; compound=1; hidden=0; nouse=0; global=0; static=0; extern=0; dir=0; type=4; pingpong=0; private_global=0; IO mode=m_axi:ce=0
Port [ add_ln91]:  wired=1; compound=0; hidden=0; nouse=0; global=0; static=0; extern=0; dir=0; type=0; pingpong=0; private_global=0; IO mode=ap_none:ce=0
Port [ Q_tile_V]:  wired=1; compound=1; hidden=0; nouse=0; global=0; static=0; extern=0; dir=1; type=1; pingpong=0; private_global=0; MemPort=[03]; IO mode=ap_memory:ce=0
Port [ Q_tile_V_1]:  wired=1; compound=1; hidden=0; nouse=0; global=0; static=0; extern=0; dir=1; type=1; pingpong=0; private_global=0; MemPort=[03]; IO mode=ap_memory:ce=0
Port [ Q_tile_V_2]:  wired=1; compound=1; hidden=0; nouse=0; global=0; static=0; extern=0; dir=1; type=1; pingpong=0; private_global=0; MemPort=[03]; IO mode=ap_memory:ce=0
Port [ Q_tile_V_3]:  wired=1; compound=1; hidden=0; nouse=0; global=0; static=0; extern=0; dir=1; type=1; pingpong=0; private_global=0; MemPort=[03]; IO mode=ap_memory:ce=0
Port [ Q_tile_V_4]:  wired=1; compound=1; hidden=0; nouse=0; global=0; static=0; extern=0; dir=1; type=1; pingpong=0; private_global=0; MemPort=[03]; IO mode=ap_memory:ce=0
Port [ Q_tile_V_5]:  wired=1; compound=1; hidden=0; nouse=0; global=0; static=0; extern=0; dir=1; type=1; pingpong=0; private_global=0; MemPort=[03]; IO mode=ap_memory:ce=0
Port [ Q_tile_V_6]:  wired=1; compound=1; hidden=0; nouse=0; global=0; static=0; extern=0; dir=1; type=1; pingpong=0; private_global=0; MemPort=[03]; IO mode=ap_memory:ce=0
Port [ Q_tile_V_7]:  wired=1; compound=1; hidden=0; nouse=0; global=0; static=0; extern=0; dir=1; type=1; pingpong=0; private_global=0; MemPort=[03]; IO mode=ap_memory:ce=0
Port [ Q_tile_V_8]:  wired=1; compound=1; hidden=0; nouse=0; global=0; static=0; extern=0; dir=1; type=1; pingpong=0; private_global=0; MemPort=[03]; IO mode=ap_memory:ce=0
Port [ Q_tile_V_9]:  wired=1; compound=1; hidden=0; nouse=0; global=0; static=0; extern=0; dir=1; type=1; pingpong=0; private_global=0; MemPort=[03]; IO mode=ap_memory:ce=0
Port [ Q_tile_V_10]:  wired=1; compound=1; hidden=0; nouse=0; global=0; static=0; extern=0; dir=1; type=1; pingpong=0; private_global=0; MemPort=[03]; IO mode=ap_memory:ce=0
Port [ Q_tile_V_11]:  wired=1; compound=1; hidden=0; nouse=0; global=0; static=0; extern=0; dir=1; type=1; pingpong=0; private_global=0; MemPort=[03]; IO mode=ap_memory:ce=0
Port [ Q_tile_V_12]:  wired=1; compound=1; hidden=0; nouse=0; global=0; static=0; extern=0; dir=1; type=1; pingpong=0; private_global=0; MemPort=[03]; IO mode=ap_memory:ce=0
Port [ Q_tile_V_13]:  wired=1; compound=1; hidden=0; nouse=0; global=0; static=0; extern=0; dir=1; type=1; pingpong=0; private_global=0; MemPort=[03]; IO mode=ap_memory:ce=0
Port [ Q_tile_V_14]:  wired=1; compound=1; hidden=0; nouse=0; global=0; static=0; extern=0; dir=1; type=1; pingpong=0; private_global=0; MemPort=[03]; IO mode=ap_memory:ce=0
Port [ Q_tile_V_15]:  wired=1; compound=1; hidden=0; nouse=0; global=0; static=0; extern=0; dir=1; type=1; pingpong=0; private_global=0; MemPort=[03]; IO mode=ap_memory:ce=0
Port [ Q_tile_V_16]:  wired=1; compound=1; hidden=0; nouse=0; global=0; static=0; extern=0; dir=1; type=1; pingpong=0; private_global=0; MemPort=[03]; IO mode=ap_memory:ce=0
Port [ Q_tile_V_17]:  wired=1; compound=1; hidden=0; nouse=0; global=0; static=0; extern=0; dir=1; type=1; pingpong=0; private_global=0; MemPort=[03]; IO mode=ap_memory:ce=0
Port [ Q_tile_V_18]:  wired=1; compound=1; hidden=0; nouse=0; global=0; static=0; extern=0; dir=1; type=1; pingpong=0; private_global=0; MemPort=[03]; IO mode=ap_memory:ce=0
Port [ Q_tile_V_19]:  wired=1; compound=1; hidden=0; nouse=0; global=0; static=0; extern=0; dir=1; type=1; pingpong=0; private_global=0; MemPort=[03]; IO mode=ap_memory:ce=0
Port [ Q_tile_V_20]:  wired=1; compound=1; hidden=0; nouse=0; global=0; static=0; extern=0; dir=1; type=1; pingpong=0; private_global=0; MemPort=[03]; IO mode=ap_memory:ce=0
Port [ Q_tile_V_21]:  wired=1; compound=1; hidden=0; nouse=0; global=0; static=0; extern=0; dir=1; type=1; pingpong=0; private_global=0; MemPort=[03]; IO mode=ap_memory:ce=0
Port [ Q_tile_V_22]:  wired=1; compound=1; hidden=0; nouse=0; global=0; static=0; extern=0; dir=1; type=1; pingpong=0; private_global=0; MemPort=[03]; IO mode=ap_memory:ce=0
Port [ Q_tile_V_23]:  wired=1; compound=1; hidden=0; nouse=0; global=0; static=0; extern=0; dir=1; type=1; pingpong=0; private_global=0; MemPort=[03]; IO mode=ap_memory:ce=0
Port [ Q_tile_V_24]:  wired=1; compound=1; hidden=0; nouse=0; global=0; static=0; extern=0; dir=1; type=1; pingpong=0; private_global=0; MemPort=[03]; IO mode=ap_memory:ce=0
Port [ Q_tile_V_25]:  wired=1; compound=1; hidden=0; nouse=0; global=0; static=0; extern=0; dir=1; type=1; pingpong=0; private_global=0; MemPort=[03]; IO mode=ap_memory:ce=0
Port [ Q_tile_V_26]:  wired=1; compound=1; hidden=0; nouse=0; global=0; static=0; extern=0; dir=1; type=1; pingpong=0; private_global=0; MemPort=[03]; IO mode=ap_memory:ce=0
Port [ Q_tile_V_27]:  wired=1; compound=1; hidden=0; nouse=0; global=0; static=0; extern=0; dir=1; type=1; pingpong=0; private_global=0; MemPort=[03]; IO mode=ap_memory:ce=0
Port [ Q_tile_V_28]:  wired=1; compound=1; hidden=0; nouse=0; global=0; static=0; extern=0; dir=1; type=1; pingpong=0; private_global=0; MemPort=[03]; IO mode=ap_memory:ce=0
Port [ Q_tile_V_29]:  wired=1; compound=1; hidden=0; nouse=0; global=0; static=0; extern=0; dir=1; type=1; pingpong=0; private_global=0; MemPort=[03]; IO mode=ap_memory:ce=0
Port [ Q_tile_V_30]:  wired=1; compound=1; hidden=0; nouse=0; global=0; static=0; extern=0; dir=1; type=1; pingpong=0; private_global=0; MemPort=[03]; IO mode=ap_memory:ce=0
Port [ Q_tile_V_31]:  wired=1; compound=1; hidden=0; nouse=0; global=0; static=0; extern=0; dir=1; type=1; pingpong=0; private_global=0; MemPort=[03]; IO mode=ap_memory:ce=0
Port [ Q_tile_V_32]:  wired=1; compound=1; hidden=0; nouse=0; global=0; static=0; extern=0; dir=1; type=1; pingpong=0; private_global=0; MemPort=[03]; IO mode=ap_memory:ce=0
Port [ Q_tile_V_33]:  wired=1; compound=1; hidden=0; nouse=0; global=0; static=0; extern=0; dir=1; type=1; pingpong=0; private_global=0; MemPort=[03]; IO mode=ap_memory:ce=0
Port [ Q_tile_V_34]:  wired=1; compound=1; hidden=0; nouse=0; global=0; static=0; extern=0; dir=1; type=1; pingpong=0; private_global=0; MemPort=[03]; IO mode=ap_memory:ce=0
Port [ Q_tile_V_35]:  wired=1; compound=1; hidden=0; nouse=0; global=0; static=0; extern=0; dir=1; type=1; pingpong=0; private_global=0; MemPort=[03]; IO mode=ap_memory:ce=0
Port [ Q_tile_V_36]:  wired=1; compound=1; hidden=0; nouse=0; global=0; static=0; extern=0; dir=1; type=1; pingpong=0; private_global=0; MemPort=[03]; IO mode=ap_memory:ce=0
Port [ Q_tile_V_37]:  wired=1; compound=1; hidden=0; nouse=0; global=0; static=0; extern=0; dir=1; type=1; pingpong=0; private_global=0; MemPort=[03]; IO mode=ap_memory:ce=0
Port [ Q_tile_V_38]:  wired=1; compound=1; hidden=0; nouse=0; global=0; static=0; extern=0; dir=1; type=1; pingpong=0; private_global=0; MemPort=[03]; IO mode=ap_memory:ce=0
Port [ Q_tile_V_39]:  wired=1; compound=1; hidden=0; nouse=0; global=0; static=0; extern=0; dir=1; type=1; pingpong=0; private_global=0; MemPort=[03]; IO mode=ap_memory:ce=0
Port [ Q_tile_V_40]:  wired=1; compound=1; hidden=0; nouse=0; global=0; static=0; extern=0; dir=1; type=1; pingpong=0; private_global=0; MemPort=[03]; IO mode=ap_memory:ce=0
Port [ Q_tile_V_41]:  wired=1; compound=1; hidden=0; nouse=0; global=0; static=0; extern=0; dir=1; type=1; pingpong=0; private_global=0; MemPort=[03]; IO mode=ap_memory:ce=0
Port [ Q_tile_V_42]:  wired=1; compound=1; hidden=0; nouse=0; global=0; static=0; extern=0; dir=1; type=1; pingpong=0; private_global=0; MemPort=[03]; IO mode=ap_memory:ce=0
Port [ Q_tile_V_43]:  wired=1; compound=1; hidden=0; nouse=0; global=0; static=0; extern=0; dir=1; type=1; pingpong=0; private_global=0; MemPort=[03]; IO mode=ap_memory:ce=0
Port [ Q_tile_V_44]:  wired=1; compound=1; hidden=0; nouse=0; global=0; static=0; extern=0; dir=1; type=1; pingpong=0; private_global=0; MemPort=[03]; IO mode=ap_memory:ce=0
Port [ Q_tile_V_45]:  wired=1; compound=1; hidden=0; nouse=0; global=0; static=0; extern=0; dir=1; type=1; pingpong=0; private_global=0; MemPort=[03]; IO mode=ap_memory:ce=0
Port [ Q_tile_V_46]:  wired=1; compound=1; hidden=0; nouse=0; global=0; static=0; extern=0; dir=1; type=1; pingpong=0; private_global=0; MemPort=[03]; IO mode=ap_memory:ce=0
Port [ Q_tile_V_47]:  wired=1; compound=1; hidden=0; nouse=0; global=0; static=0; extern=0; dir=1; type=1; pingpong=0; private_global=0; MemPort=[03]; IO mode=ap_memory:ce=0
Port [ Q_tile_V_48]:  wired=1; compound=1; hidden=0; nouse=0; global=0; static=0; extern=0; dir=1; type=1; pingpong=0; private_global=0; MemPort=[03]; IO mode=ap_memory:ce=0
Port [ Q_tile_V_49]:  wired=1; compound=1; hidden=0; nouse=0; global=0; static=0; extern=0; dir=1; type=1; pingpong=0; private_global=0; MemPort=[03]; IO mode=ap_memory:ce=0
Port [ Q_tile_V_50]:  wired=1; compound=1; hidden=0; nouse=0; global=0; static=0; extern=0; dir=1; type=1; pingpong=0; private_global=0; MemPort=[03]; IO mode=ap_memory:ce=0
Port [ Q_tile_V_51]:  wired=1; compound=1; hidden=0; nouse=0; global=0; static=0; extern=0; dir=1; type=1; pingpong=0; private_global=0; MemPort=[03]; IO mode=ap_memory:ce=0
Port [ Q_tile_V_52]:  wired=1; compound=1; hidden=0; nouse=0; global=0; static=0; extern=0; dir=1; type=1; pingpong=0; private_global=0; MemPort=[03]; IO mode=ap_memory:ce=0
Port [ Q_tile_V_53]:  wired=1; compound=1; hidden=0; nouse=0; global=0; static=0; extern=0; dir=1; type=1; pingpong=0; private_global=0; MemPort=[03]; IO mode=ap_memory:ce=0
Port [ Q_tile_V_54]:  wired=1; compound=1; hidden=0; nouse=0; global=0; static=0; extern=0; dir=1; type=1; pingpong=0; private_global=0; MemPort=[03]; IO mode=ap_memory:ce=0
Port [ Q_tile_V_55]:  wired=1; compound=1; hidden=0; nouse=0; global=0; static=0; extern=0; dir=1; type=1; pingpong=0; private_global=0; MemPort=[03]; IO mode=ap_memory:ce=0
Port [ Q_tile_V_56]:  wired=1; compound=1; hidden=0; nouse=0; global=0; static=0; extern=0; dir=1; type=1; pingpong=0; private_global=0; MemPort=[03]; IO mode=ap_memory:ce=0
Port [ Q_tile_V_57]:  wired=1; compound=1; hidden=0; nouse=0; global=0; static=0; extern=0; dir=1; type=1; pingpong=0; private_global=0; MemPort=[03]; IO mode=ap_memory:ce=0
Port [ Q_tile_V_58]:  wired=1; compound=1; hidden=0; nouse=0; global=0; static=0; extern=0; dir=1; type=1; pingpong=0; private_global=0; MemPort=[03]; IO mode=ap_memory:ce=0
Port [ Q_tile_V_59]:  wired=1; compound=1; hidden=0; nouse=0; global=0; static=0; extern=0; dir=1; type=1; pingpong=0; private_global=0; MemPort=[03]; IO mode=ap_memory:ce=0
Port [ Q_tile_V_60]:  wired=1; compound=1; hidden=0; nouse=0; global=0; static=0; extern=0; dir=1; type=1; pingpong=0; private_global=0; MemPort=[03]; IO mode=ap_memory:ce=0
Port [ Q_tile_V_61]:  wired=1; compound=1; hidden=0; nouse=0; global=0; static=0; extern=0; dir=1; type=1; pingpong=0; private_global=0; MemPort=[03]; IO mode=ap_memory:ce=0
Port [ Q_tile_V_62]:  wired=1; compound=1; hidden=0; nouse=0; global=0; static=0; extern=0; dir=1; type=1; pingpong=0; private_global=0; MemPort=[03]; IO mode=ap_memory:ce=0
Port [ Q_tile_V_63]:  wired=1; compound=1; hidden=0; nouse=0; global=0; static=0; extern=0; dir=1; type=1; pingpong=0; private_global=0; MemPort=[03]; IO mode=ap_memory:ce=0
---------------- STG Properties END ------------------

---------------- Datapath Model BEGIN ----------------

<LifeTime>
<method=bitvector/>
d                   (alloca           ) [ 0111]
i                   (alloca           ) [ 0111]
indvar_flatten      (alloca           ) [ 0100]
specinterface_ln0   (specinterface    ) [ 0000]
add_ln91_read       (read             ) [ 0000]
store_ln0           (store            ) [ 0000]
store_ln0           (store            ) [ 0000]
store_ln0           (store            ) [ 0000]
br_ln0              (br               ) [ 0000]
indvar_flatten_load (load             ) [ 0000]
specbitsmap_ln0     (specbitsmap      ) [ 0000]
gmem0_addr          (getelementptr    ) [ 0110]
icmp_ln101          (icmp             ) [ 0110]
add_ln101_1         (add              ) [ 0000]
br_ln101            (br               ) [ 0000]
store_ln102         (store            ) [ 0000]
gmem0_addr_read     (read             ) [ 0101]
d_load              (load             ) [ 0000]
i_load              (load             ) [ 0000]
add_ln101           (add              ) [ 0000]
specloopname_ln0    (specloopname     ) [ 0000]
empty               (speclooptripcount) [ 0000]
icmp_ln102          (icmp             ) [ 0000]
select_ln101        (select           ) [ 0000]
select_ln101_1      (select           ) [ 0000]
zext_ln101          (zext             ) [ 0000]
specpipeline_ln103  (specpipeline     ) [ 0000]
specloopname_ln102  (specloopname     ) [ 0000]
trunc_ln104         (trunc            ) [ 0101]
switch_ln104        (switch           ) [ 0000]
Q_tile_V_62_addr    (getelementptr    ) [ 0000]
store_ln104         (store            ) [ 0000]
br_ln104            (br               ) [ 0000]
Q_tile_V_61_addr    (getelementptr    ) [ 0000]
store_ln104         (store            ) [ 0000]
br_ln104            (br               ) [ 0000]
Q_tile_V_60_addr    (getelementptr    ) [ 0000]
store_ln104         (store            ) [ 0000]
br_ln104            (br               ) [ 0000]
Q_tile_V_59_addr    (getelementptr    ) [ 0000]
store_ln104         (store            ) [ 0000]
br_ln104            (br               ) [ 0000]
Q_tile_V_58_addr    (getelementptr    ) [ 0000]
store_ln104         (store            ) [ 0000]
br_ln104            (br               ) [ 0000]
Q_tile_V_57_addr    (getelementptr    ) [ 0000]
store_ln104         (store            ) [ 0000]
br_ln104            (br               ) [ 0000]
Q_tile_V_56_addr    (getelementptr    ) [ 0000]
store_ln104         (store            ) [ 0000]
br_ln104            (br               ) [ 0000]
Q_tile_V_55_addr    (getelementptr    ) [ 0000]
store_ln104         (store            ) [ 0000]
br_ln104            (br               ) [ 0000]
Q_tile_V_54_addr    (getelementptr    ) [ 0000]
store_ln104         (store            ) [ 0000]
br_ln104            (br               ) [ 0000]
Q_tile_V_53_addr    (getelementptr    ) [ 0000]
store_ln104         (store            ) [ 0000]
br_ln104            (br               ) [ 0000]
Q_tile_V_52_addr    (getelementptr    ) [ 0000]
store_ln104         (store            ) [ 0000]
br_ln104            (br               ) [ 0000]
Q_tile_V_51_addr    (getelementptr    ) [ 0000]
store_ln104         (store            ) [ 0000]
br_ln104            (br               ) [ 0000]
Q_tile_V_50_addr    (getelementptr    ) [ 0000]
store_ln104         (store            ) [ 0000]
br_ln104            (br               ) [ 0000]
Q_tile_V_49_addr    (getelementptr    ) [ 0000]
store_ln104         (store            ) [ 0000]
br_ln104            (br               ) [ 0000]
Q_tile_V_48_addr    (getelementptr    ) [ 0000]
store_ln104         (store            ) [ 0000]
br_ln104            (br               ) [ 0000]
Q_tile_V_47_addr    (getelementptr    ) [ 0000]
store_ln104         (store            ) [ 0000]
br_ln104            (br               ) [ 0000]
Q_tile_V_46_addr    (getelementptr    ) [ 0000]
store_ln104         (store            ) [ 0000]
br_ln104            (br               ) [ 0000]
Q_tile_V_45_addr    (getelementptr    ) [ 0000]
store_ln104         (store            ) [ 0000]
br_ln104            (br               ) [ 0000]
Q_tile_V_44_addr    (getelementptr    ) [ 0000]
store_ln104         (store            ) [ 0000]
br_ln104            (br               ) [ 0000]
Q_tile_V_43_addr    (getelementptr    ) [ 0000]
store_ln104         (store            ) [ 0000]
br_ln104            (br               ) [ 0000]
Q_tile_V_42_addr    (getelementptr    ) [ 0000]
store_ln104         (store            ) [ 0000]
br_ln104            (br               ) [ 0000]
Q_tile_V_41_addr    (getelementptr    ) [ 0000]
store_ln104         (store            ) [ 0000]
br_ln104            (br               ) [ 0000]
Q_tile_V_40_addr    (getelementptr    ) [ 0000]
store_ln104         (store            ) [ 0000]
br_ln104            (br               ) [ 0000]
Q_tile_V_39_addr    (getelementptr    ) [ 0000]
store_ln104         (store            ) [ 0000]
br_ln104            (br               ) [ 0000]
Q_tile_V_38_addr    (getelementptr    ) [ 0000]
store_ln104         (store            ) [ 0000]
br_ln104            (br               ) [ 0000]
Q_tile_V_37_addr    (getelementptr    ) [ 0000]
store_ln104         (store            ) [ 0000]
br_ln104            (br               ) [ 0000]
Q_tile_V_36_addr    (getelementptr    ) [ 0000]
store_ln104         (store            ) [ 0000]
br_ln104            (br               ) [ 0000]
Q_tile_V_35_addr    (getelementptr    ) [ 0000]
store_ln104         (store            ) [ 0000]
br_ln104            (br               ) [ 0000]
Q_tile_V_34_addr    (getelementptr    ) [ 0000]
store_ln104         (store            ) [ 0000]
br_ln104            (br               ) [ 0000]
Q_tile_V_33_addr    (getelementptr    ) [ 0000]
store_ln104         (store            ) [ 0000]
br_ln104            (br               ) [ 0000]
Q_tile_V_32_addr    (getelementptr    ) [ 0000]
store_ln104         (store            ) [ 0000]
br_ln104            (br               ) [ 0000]
Q_tile_V_31_addr    (getelementptr    ) [ 0000]
store_ln104         (store            ) [ 0000]
br_ln104            (br               ) [ 0000]
Q_tile_V_30_addr    (getelementptr    ) [ 0000]
store_ln104         (store            ) [ 0000]
br_ln104            (br               ) [ 0000]
Q_tile_V_29_addr    (getelementptr    ) [ 0000]
store_ln104         (store            ) [ 0000]
br_ln104            (br               ) [ 0000]
Q_tile_V_28_addr    (getelementptr    ) [ 0000]
store_ln104         (store            ) [ 0000]
br_ln104            (br               ) [ 0000]
Q_tile_V_27_addr    (getelementptr    ) [ 0000]
store_ln104         (store            ) [ 0000]
br_ln104            (br               ) [ 0000]
Q_tile_V_26_addr    (getelementptr    ) [ 0000]
store_ln104         (store            ) [ 0000]
br_ln104            (br               ) [ 0000]
Q_tile_V_25_addr    (getelementptr    ) [ 0000]
store_ln104         (store            ) [ 0000]
br_ln104            (br               ) [ 0000]
Q_tile_V_24_addr    (getelementptr    ) [ 0000]
store_ln104         (store            ) [ 0000]
br_ln104            (br               ) [ 0000]
Q_tile_V_23_addr    (getelementptr    ) [ 0000]
store_ln104         (store            ) [ 0000]
br_ln104            (br               ) [ 0000]
Q_tile_V_22_addr    (getelementptr    ) [ 0000]
store_ln104         (store            ) [ 0000]
br_ln104            (br               ) [ 0000]
Q_tile_V_21_addr    (getelementptr    ) [ 0000]
store_ln104         (store            ) [ 0000]
br_ln104            (br               ) [ 0000]
Q_tile_V_20_addr    (getelementptr    ) [ 0000]
store_ln104         (store            ) [ 0000]
br_ln104            (br               ) [ 0000]
Q_tile_V_19_addr    (getelementptr    ) [ 0000]
store_ln104         (store            ) [ 0000]
br_ln104            (br               ) [ 0000]
Q_tile_V_18_addr    (getelementptr    ) [ 0000]
store_ln104         (store            ) [ 0000]
br_ln104            (br               ) [ 0000]
Q_tile_V_17_addr    (getelementptr    ) [ 0000]
store_ln104         (store            ) [ 0000]
br_ln104            (br               ) [ 0000]
Q_tile_V_16_addr    (getelementptr    ) [ 0000]
store_ln104         (store            ) [ 0000]
br_ln104            (br               ) [ 0000]
Q_tile_V_15_addr    (getelementptr    ) [ 0000]
store_ln104         (store            ) [ 0000]
br_ln104            (br               ) [ 0000]
Q_tile_V_14_addr    (getelementptr    ) [ 0000]
store_ln104         (store            ) [ 0000]
br_ln104            (br               ) [ 0000]
Q_tile_V_13_addr    (getelementptr    ) [ 0000]
store_ln104         (store            ) [ 0000]
br_ln104            (br               ) [ 0000]
Q_tile_V_12_addr    (getelementptr    ) [ 0000]
store_ln104         (store            ) [ 0000]
br_ln104            (br               ) [ 0000]
Q_tile_V_11_addr    (getelementptr    ) [ 0000]
store_ln104         (store            ) [ 0000]
br_ln104            (br               ) [ 0000]
Q_tile_V_10_addr    (getelementptr    ) [ 0000]
store_ln104         (store            ) [ 0000]
br_ln104            (br               ) [ 0000]
Q_tile_V_9_addr     (getelementptr    ) [ 0000]
store_ln104         (store            ) [ 0000]
br_ln104            (br               ) [ 0000]
Q_tile_V_8_addr     (getelementptr    ) [ 0000]
store_ln104         (store            ) [ 0000]
br_ln104            (br               ) [ 0000]
Q_tile_V_7_addr     (getelementptr    ) [ 0000]
store_ln104         (store            ) [ 0000]
br_ln104            (br               ) [ 0000]
Q_tile_V_6_addr     (getelementptr    ) [ 0000]
store_ln104         (store            ) [ 0000]
br_ln104            (br               ) [ 0000]
Q_tile_V_5_addr     (getelementptr    ) [ 0000]
store_ln104         (store            ) [ 0000]
br_ln104            (br               ) [ 0000]
Q_tile_V_4_addr     (getelementptr    ) [ 0000]
store_ln104         (store            ) [ 0000]
br_ln104            (br               ) [ 0000]
Q_tile_V_3_addr     (getelementptr    ) [ 0000]
store_ln104         (store            ) [ 0000]
br_ln104            (br               ) [ 0000]
Q_tile_V_2_addr     (getelementptr    ) [ 0000]
store_ln104         (store            ) [ 0000]
br_ln104            (br               ) [ 0000]
Q_tile_V_1_addr     (getelementptr    ) [ 0000]
store_ln104         (store            ) [ 0000]
br_ln104            (br               ) [ 0000]
Q_tile_V_addr       (getelementptr    ) [ 0000]
store_ln104         (store            ) [ 0000]
br_ln104            (br               ) [ 0000]
Q_tile_V_63_addr    (getelementptr    ) [ 0000]
store_ln104         (store            ) [ 0000]
br_ln104            (br               ) [ 0000]
add_ln102           (add              ) [ 0000]
store_ln102         (store            ) [ 0000]
store_ln102         (store            ) [ 0000]
br_ln102            (br               ) [ 0000]
ret_ln0             (ret              ) [ 0000]
</LifeTime>

<model>

<comp_list>
<comp id="0" class="1000" name="gmem0">
<pin_list>
<pin id="1" dir="1" index="0" bw="1" slack="0"/>
</pin_list>
<bind>
<StgValue><ssdm name="gmem0"/></StgValue>
</bind>
</comp>

<comp id="2" class="1000" name="add_ln91">
<pin_list>
<pin id="3" dir="1" index="0" bw="1" slack="0"/>
</pin_list>
<bind>
<StgValue><ssdm name="add_ln91"/></StgValue>
</bind>
</comp>

<comp id="4" class="1000" name="Q_tile_V">
<pin_list>
<pin id="5" dir="1" index="0" bw="1" slack="0"/>
</pin_list>
<bind>
<StgValue><ssdm name="Q_tile_V"/><MemPortTyVec>0 3 </MemPortTyVec>
</StgValue>
</bind>
</comp>

<comp id="6" class="1000" name="Q_tile_V_1">
<pin_list>
<pin id="7" dir="1" index="0" bw="1" slack="0"/>
</pin_list>
<bind>
<StgValue><ssdm name="Q_tile_V_1"/><MemPortTyVec>0 3 </MemPortTyVec>
</StgValue>
</bind>
</comp>

<comp id="8" class="1000" name="Q_tile_V_2">
<pin_list>
<pin id="9" dir="1" index="0" bw="1" slack="0"/>
</pin_list>
<bind>
<StgValue><ssdm name="Q_tile_V_2"/><MemPortTyVec>0 3 </MemPortTyVec>
</StgValue>
</bind>
</comp>

<comp id="10" class="1000" name="Q_tile_V_3">
<pin_list>
<pin id="11" dir="1" index="0" bw="1" slack="0"/>
</pin_list>
<bind>
<StgValue><ssdm name="Q_tile_V_3"/><MemPortTyVec>0 3 </MemPortTyVec>
</StgValue>
</bind>
</comp>

<comp id="12" class="1000" name="Q_tile_V_4">
<pin_list>
<pin id="13" dir="1" index="0" bw="1" slack="0"/>
</pin_list>
<bind>
<StgValue><ssdm name="Q_tile_V_4"/><MemPortTyVec>0 3 </MemPortTyVec>
</StgValue>
</bind>
</comp>

<comp id="14" class="1000" name="Q_tile_V_5">
<pin_list>
<pin id="15" dir="1" index="0" bw="1" slack="0"/>
</pin_list>
<bind>
<StgValue><ssdm name="Q_tile_V_5"/><MemPortTyVec>0 3 </MemPortTyVec>
</StgValue>
</bind>
</comp>

<comp id="16" class="1000" name="Q_tile_V_6">
<pin_list>
<pin id="17" dir="1" index="0" bw="1" slack="0"/>
</pin_list>
<bind>
<StgValue><ssdm name="Q_tile_V_6"/><MemPortTyVec>0 3 </MemPortTyVec>
</StgValue>
</bind>
</comp>

<comp id="18" class="1000" name="Q_tile_V_7">
<pin_list>
<pin id="19" dir="1" index="0" bw="1" slack="0"/>
</pin_list>
<bind>
<StgValue><ssdm name="Q_tile_V_7"/><MemPortTyVec>0 3 </MemPortTyVec>
</StgValue>
</bind>
</comp>

<comp id="20" class="1000" name="Q_tile_V_8">
<pin_list>
<pin id="21" dir="1" index="0" bw="1" slack="0"/>
</pin_list>
<bind>
<StgValue><ssdm name="Q_tile_V_8"/><MemPortTyVec>0 3 </MemPortTyVec>
</StgValue>
</bind>
</comp>

<comp id="22" class="1000" name="Q_tile_V_9">
<pin_list>
<pin id="23" dir="1" index="0" bw="1" slack="0"/>
</pin_list>
<bind>
<StgValue><ssdm name="Q_tile_V_9"/><MemPortTyVec>0 3 </MemPortTyVec>
</StgValue>
</bind>
</comp>

<comp id="24" class="1000" name="Q_tile_V_10">
<pin_list>
<pin id="25" dir="1" index="0" bw="1" slack="0"/>
</pin_list>
<bind>
<StgValue><ssdm name="Q_tile_V_10"/><MemPortTyVec>0 3 </MemPortTyVec>
</StgValue>
</bind>
</comp>

<comp id="26" class="1000" name="Q_tile_V_11">
<pin_list>
<pin id="27" dir="1" index="0" bw="1" slack="0"/>
</pin_list>
<bind>
<StgValue><ssdm name="Q_tile_V_11"/><MemPortTyVec>0 3 </MemPortTyVec>
</StgValue>
</bind>
</comp>

<comp id="28" class="1000" name="Q_tile_V_12">
<pin_list>
<pin id="29" dir="1" index="0" bw="1" slack="0"/>
</pin_list>
<bind>
<StgValue><ssdm name="Q_tile_V_12"/><MemPortTyVec>0 3 </MemPortTyVec>
</StgValue>
</bind>
</comp>

<comp id="30" class="1000" name="Q_tile_V_13">
<pin_list>
<pin id="31" dir="1" index="0" bw="1" slack="0"/>
</pin_list>
<bind>
<StgValue><ssdm name="Q_tile_V_13"/><MemPortTyVec>0 3 </MemPortTyVec>
</StgValue>
</bind>
</comp>

<comp id="32" class="1000" name="Q_tile_V_14">
<pin_list>
<pin id="33" dir="1" index="0" bw="1" slack="0"/>
</pin_list>
<bind>
<StgValue><ssdm name="Q_tile_V_14"/><MemPortTyVec>0 3 </MemPortTyVec>
</StgValue>
</bind>
</comp>

<comp id="34" class="1000" name="Q_tile_V_15">
<pin_list>
<pin id="35" dir="1" index="0" bw="1" slack="0"/>
</pin_list>
<bind>
<StgValue><ssdm name="Q_tile_V_15"/><MemPortTyVec>0 3 </MemPortTyVec>
</StgValue>
</bind>
</comp>

<comp id="36" class="1000" name="Q_tile_V_16">
<pin_list>
<pin id="37" dir="1" index="0" bw="1" slack="0"/>
</pin_list>
<bind>
<StgValue><ssdm name="Q_tile_V_16"/><MemPortTyVec>0 3 </MemPortTyVec>
</StgValue>
</bind>
</comp>

<comp id="38" class="1000" name="Q_tile_V_17">
<pin_list>
<pin id="39" dir="1" index="0" bw="1" slack="0"/>
</pin_list>
<bind>
<StgValue><ssdm name="Q_tile_V_17"/><MemPortTyVec>0 3 </MemPortTyVec>
</StgValue>
</bind>
</comp>

<comp id="40" class="1000" name="Q_tile_V_18">
<pin_list>
<pin id="41" dir="1" index="0" bw="1" slack="0"/>
</pin_list>
<bind>
<StgValue><ssdm name="Q_tile_V_18"/><MemPortTyVec>0 3 </MemPortTyVec>
</StgValue>
</bind>
</comp>

<comp id="42" class="1000" name="Q_tile_V_19">
<pin_list>
<pin id="43" dir="1" index="0" bw="1" slack="0"/>
</pin_list>
<bind>
<StgValue><ssdm name="Q_tile_V_19"/><MemPortTyVec>0 3 </MemPortTyVec>
</StgValue>
</bind>
</comp>

<comp id="44" class="1000" name="Q_tile_V_20">
<pin_list>
<pin id="45" dir="1" index="0" bw="1" slack="0"/>
</pin_list>
<bind>
<StgValue><ssdm name="Q_tile_V_20"/><MemPortTyVec>0 3 </MemPortTyVec>
</StgValue>
</bind>
</comp>

<comp id="46" class="1000" name="Q_tile_V_21">
<pin_list>
<pin id="47" dir="1" index="0" bw="1" slack="0"/>
</pin_list>
<bind>
<StgValue><ssdm name="Q_tile_V_21"/><MemPortTyVec>0 3 </MemPortTyVec>
</StgValue>
</bind>
</comp>

<comp id="48" class="1000" name="Q_tile_V_22">
<pin_list>
<pin id="49" dir="1" index="0" bw="1" slack="0"/>
</pin_list>
<bind>
<StgValue><ssdm name="Q_tile_V_22"/><MemPortTyVec>0 3 </MemPortTyVec>
</StgValue>
</bind>
</comp>

<comp id="50" class="1000" name="Q_tile_V_23">
<pin_list>
<pin id="51" dir="1" index="0" bw="1" slack="0"/>
</pin_list>
<bind>
<StgValue><ssdm name="Q_tile_V_23"/><MemPortTyVec>0 3 </MemPortTyVec>
</StgValue>
</bind>
</comp>

<comp id="52" class="1000" name="Q_tile_V_24">
<pin_list>
<pin id="53" dir="1" index="0" bw="1" slack="0"/>
</pin_list>
<bind>
<StgValue><ssdm name="Q_tile_V_24"/><MemPortTyVec>0 3 </MemPortTyVec>
</StgValue>
</bind>
</comp>

<comp id="54" class="1000" name="Q_tile_V_25">
<pin_list>
<pin id="55" dir="1" index="0" bw="1" slack="0"/>
</pin_list>
<bind>
<StgValue><ssdm name="Q_tile_V_25"/><MemPortTyVec>0 3 </MemPortTyVec>
</StgValue>
</bind>
</comp>

<comp id="56" class="1000" name="Q_tile_V_26">
<pin_list>
<pin id="57" dir="1" index="0" bw="1" slack="0"/>
</pin_list>
<bind>
<StgValue><ssdm name="Q_tile_V_26"/><MemPortTyVec>0 3 </MemPortTyVec>
</StgValue>
</bind>
</comp>

<comp id="58" class="1000" name="Q_tile_V_27">
<pin_list>
<pin id="59" dir="1" index="0" bw="1" slack="0"/>
</pin_list>
<bind>
<StgValue><ssdm name="Q_tile_V_27"/><MemPortTyVec>0 3 </MemPortTyVec>
</StgValue>
</bind>
</comp>

<comp id="60" class="1000" name="Q_tile_V_28">
<pin_list>
<pin id="61" dir="1" index="0" bw="1" slack="0"/>
</pin_list>
<bind>
<StgValue><ssdm name="Q_tile_V_28"/><MemPortTyVec>0 3 </MemPortTyVec>
</StgValue>
</bind>
</comp>

<comp id="62" class="1000" name="Q_tile_V_29">
<pin_list>
<pin id="63" dir="1" index="0" bw="1" slack="0"/>
</pin_list>
<bind>
<StgValue><ssdm name="Q_tile_V_29"/><MemPortTyVec>0 3 </MemPortTyVec>
</StgValue>
</bind>
</comp>

<comp id="64" class="1000" name="Q_tile_V_30">
<pin_list>
<pin id="65" dir="1" index="0" bw="1" slack="0"/>
</pin_list>
<bind>
<StgValue><ssdm name="Q_tile_V_30"/><MemPortTyVec>0 3 </MemPortTyVec>
</StgValue>
</bind>
</comp>

<comp id="66" class="1000" name="Q_tile_V_31">
<pin_list>
<pin id="67" dir="1" index="0" bw="1" slack="0"/>
</pin_list>
<bind>
<StgValue><ssdm name="Q_tile_V_31"/><MemPortTyVec>0 3 </MemPortTyVec>
</StgValue>
</bind>
</comp>

<comp id="68" class="1000" name="Q_tile_V_32">
<pin_list>
<pin id="69" dir="1" index="0" bw="1" slack="0"/>
</pin_list>
<bind>
<StgValue><ssdm name="Q_tile_V_32"/><MemPortTyVec>0 3 </MemPortTyVec>
</StgValue>
</bind>
</comp>

<comp id="70" class="1000" name="Q_tile_V_33">
<pin_list>
<pin id="71" dir="1" index="0" bw="1" slack="0"/>
</pin_list>
<bind>
<StgValue><ssdm name="Q_tile_V_33"/><MemPortTyVec>0 3 </MemPortTyVec>
</StgValue>
</bind>
</comp>

<comp id="72" class="1000" name="Q_tile_V_34">
<pin_list>
<pin id="73" dir="1" index="0" bw="1" slack="0"/>
</pin_list>
<bind>
<StgValue><ssdm name="Q_tile_V_34"/><MemPortTyVec>0 3 </MemPortTyVec>
</StgValue>
</bind>
</comp>

<comp id="74" class="1000" name="Q_tile_V_35">
<pin_list>
<pin id="75" dir="1" index="0" bw="1" slack="0"/>
</pin_list>
<bind>
<StgValue><ssdm name="Q_tile_V_35"/><MemPortTyVec>0 3 </MemPortTyVec>
</StgValue>
</bind>
</comp>

<comp id="76" class="1000" name="Q_tile_V_36">
<pin_list>
<pin id="77" dir="1" index="0" bw="1" slack="0"/>
</pin_list>
<bind>
<StgValue><ssdm name="Q_tile_V_36"/><MemPortTyVec>0 3 </MemPortTyVec>
</StgValue>
</bind>
</comp>

<comp id="78" class="1000" name="Q_tile_V_37">
<pin_list>
<pin id="79" dir="1" index="0" bw="1" slack="0"/>
</pin_list>
<bind>
<StgValue><ssdm name="Q_tile_V_37"/><MemPortTyVec>0 3 </MemPortTyVec>
</StgValue>
</bind>
</comp>

<comp id="80" class="1000" name="Q_tile_V_38">
<pin_list>
<pin id="81" dir="1" index="0" bw="1" slack="0"/>
</pin_list>
<bind>
<StgValue><ssdm name="Q_tile_V_38"/><MemPortTyVec>0 3 </MemPortTyVec>
</StgValue>
</bind>
</comp>

<comp id="82" class="1000" name="Q_tile_V_39">
<pin_list>
<pin id="83" dir="1" index="0" bw="1" slack="0"/>
</pin_list>
<bind>
<StgValue><ssdm name="Q_tile_V_39"/><MemPortTyVec>0 3 </MemPortTyVec>
</StgValue>
</bind>
</comp>

<comp id="84" class="1000" name="Q_tile_V_40">
<pin_list>
<pin id="85" dir="1" index="0" bw="1" slack="0"/>
</pin_list>
<bind>
<StgValue><ssdm name="Q_tile_V_40"/><MemPortTyVec>0 3 </MemPortTyVec>
</StgValue>
</bind>
</comp>

<comp id="86" class="1000" name="Q_tile_V_41">
<pin_list>
<pin id="87" dir="1" index="0" bw="1" slack="0"/>
</pin_list>
<bind>
<StgValue><ssdm name="Q_tile_V_41"/><MemPortTyVec>0 3 </MemPortTyVec>
</StgValue>
</bind>
</comp>

<comp id="88" class="1000" name="Q_tile_V_42">
<pin_list>
<pin id="89" dir="1" index="0" bw="1" slack="0"/>
</pin_list>
<bind>
<StgValue><ssdm name="Q_tile_V_42"/><MemPortTyVec>0 3 </MemPortTyVec>
</StgValue>
</bind>
</comp>

<comp id="90" class="1000" name="Q_tile_V_43">
<pin_list>
<pin id="91" dir="1" index="0" bw="1" slack="0"/>
</pin_list>
<bind>
<StgValue><ssdm name="Q_tile_V_43"/><MemPortTyVec>0 3 </MemPortTyVec>
</StgValue>
</bind>
</comp>

<comp id="92" class="1000" name="Q_tile_V_44">
<pin_list>
<pin id="93" dir="1" index="0" bw="1" slack="0"/>
</pin_list>
<bind>
<StgValue><ssdm name="Q_tile_V_44"/><MemPortTyVec>0 3 </MemPortTyVec>
</StgValue>
</bind>
</comp>

<comp id="94" class="1000" name="Q_tile_V_45">
<pin_list>
<pin id="95" dir="1" index="0" bw="1" slack="0"/>
</pin_list>
<bind>
<StgValue><ssdm name="Q_tile_V_45"/><MemPortTyVec>0 3 </MemPortTyVec>
</StgValue>
</bind>
</comp>

<comp id="96" class="1000" name="Q_tile_V_46">
<pin_list>
<pin id="97" dir="1" index="0" bw="1" slack="0"/>
</pin_list>
<bind>
<StgValue><ssdm name="Q_tile_V_46"/><MemPortTyVec>0 3 </MemPortTyVec>
</StgValue>
</bind>
</comp>

<comp id="98" class="1000" name="Q_tile_V_47">
<pin_list>
<pin id="99" dir="1" index="0" bw="1" slack="0"/>
</pin_list>
<bind>
<StgValue><ssdm name="Q_tile_V_47"/><MemPortTyVec>0 3 </MemPortTyVec>
</StgValue>
</bind>
</comp>

<comp id="100" class="1000" name="Q_tile_V_48">
<pin_list>
<pin id="101" dir="1" index="0" bw="1" slack="0"/>
</pin_list>
<bind>
<StgValue><ssdm name="Q_tile_V_48"/><MemPortTyVec>0 3 </MemPortTyVec>
</StgValue>
</bind>
</comp>

<comp id="102" class="1000" name="Q_tile_V_49">
<pin_list>
<pin id="103" dir="1" index="0" bw="1" slack="0"/>
</pin_list>
<bind>
<StgValue><ssdm name="Q_tile_V_49"/><MemPortTyVec>0 3 </MemPortTyVec>
</StgValue>
</bind>
</comp>

<comp id="104" class="1000" name="Q_tile_V_50">
<pin_list>
<pin id="105" dir="1" index="0" bw="1" slack="0"/>
</pin_list>
<bind>
<StgValue><ssdm name="Q_tile_V_50"/><MemPortTyVec>0 3 </MemPortTyVec>
</StgValue>
</bind>
</comp>

<comp id="106" class="1000" name="Q_tile_V_51">
<pin_list>
<pin id="107" dir="1" index="0" bw="1" slack="0"/>
</pin_list>
<bind>
<StgValue><ssdm name="Q_tile_V_51"/><MemPortTyVec>0 3 </MemPortTyVec>
</StgValue>
</bind>
</comp>

<comp id="108" class="1000" name="Q_tile_V_52">
<pin_list>
<pin id="109" dir="1" index="0" bw="1" slack="0"/>
</pin_list>
<bind>
<StgValue><ssdm name="Q_tile_V_52"/><MemPortTyVec>0 3 </MemPortTyVec>
</StgValue>
</bind>
</comp>

<comp id="110" class="1000" name="Q_tile_V_53">
<pin_list>
<pin id="111" dir="1" index="0" bw="1" slack="0"/>
</pin_list>
<bind>
<StgValue><ssdm name="Q_tile_V_53"/><MemPortTyVec>0 3 </MemPortTyVec>
</StgValue>
</bind>
</comp>

<comp id="112" class="1000" name="Q_tile_V_54">
<pin_list>
<pin id="113" dir="1" index="0" bw="1" slack="0"/>
</pin_list>
<bind>
<StgValue><ssdm name="Q_tile_V_54"/><MemPortTyVec>0 3 </MemPortTyVec>
</StgValue>
</bind>
</comp>

<comp id="114" class="1000" name="Q_tile_V_55">
<pin_list>
<pin id="115" dir="1" index="0" bw="1" slack="0"/>
</pin_list>
<bind>
<StgValue><ssdm name="Q_tile_V_55"/><MemPortTyVec>0 3 </MemPortTyVec>
</StgValue>
</bind>
</comp>

<comp id="116" class="1000" name="Q_tile_V_56">
<pin_list>
<pin id="117" dir="1" index="0" bw="1" slack="0"/>
</pin_list>
<bind>
<StgValue><ssdm name="Q_tile_V_56"/><MemPortTyVec>0 3 </MemPortTyVec>
</StgValue>
</bind>
</comp>

<comp id="118" class="1000" name="Q_tile_V_57">
<pin_list>
<pin id="119" dir="1" index="0" bw="1" slack="0"/>
</pin_list>
<bind>
<StgValue><ssdm name="Q_tile_V_57"/><MemPortTyVec>0 3 </MemPortTyVec>
</StgValue>
</bind>
</comp>

<comp id="120" class="1000" name="Q_tile_V_58">
<pin_list>
<pin id="121" dir="1" index="0" bw="1" slack="0"/>
</pin_list>
<bind>
<StgValue><ssdm name="Q_tile_V_58"/><MemPortTyVec>0 3 </MemPortTyVec>
</StgValue>
</bind>
</comp>

<comp id="122" class="1000" name="Q_tile_V_59">
<pin_list>
<pin id="123" dir="1" index="0" bw="1" slack="0"/>
</pin_list>
<bind>
<StgValue><ssdm name="Q_tile_V_59"/><MemPortTyVec>0 3 </MemPortTyVec>
</StgValue>
</bind>
</comp>

<comp id="124" class="1000" name="Q_tile_V_60">
<pin_list>
<pin id="125" dir="1" index="0" bw="1" slack="0"/>
</pin_list>
<bind>
<StgValue><ssdm name="Q_tile_V_60"/><MemPortTyVec>0 3 </MemPortTyVec>
</StgValue>
</bind>
</comp>

<comp id="126" class="1000" name="Q_tile_V_61">
<pin_list>
<pin id="127" dir="1" index="0" bw="1" slack="0"/>
</pin_list>
<bind>
<StgValue><ssdm name="Q_tile_V_61"/><MemPortTyVec>0 3 </MemPortTyVec>
</StgValue>
</bind>
</comp>

<comp id="128" class="1000" name="Q_tile_V_62">
<pin_list>
<pin id="129" dir="1" index="0" bw="1" slack="0"/>
</pin_list>
<bind>
<StgValue><ssdm name="Q_tile_V_62"/><MemPortTyVec>0 3 </MemPortTyVec>
</StgValue>
</bind>
</comp>

<comp id="130" class="1000" name="Q_tile_V_63">
<pin_list>
<pin id="131" dir="1" index="0" bw="1" slack="0"/>
</pin_list>
<bind>
<StgValue><ssdm name="Q_tile_V_63"/><MemPortTyVec>0 3 </MemPortTyVec>
</StgValue>
</bind>
</comp>

<comp id="132" class="1001" name="const_132">
<pin_list>
<pin id="133" dir="1" index="0" bw="1" slack="0"/>
</pin_list>
<bind>
<StgValue><ssdm name=""/></StgValue>
</bind>
</comp>

<comp id="134" class="1001" name="const_134">
<pin_list>
<pin id="135" dir="1" index="0" bw="1" slack="2147483647"/>
</pin_list>
<bind>
<StgValue><ssdm name="_ssdm_op_SpecInterface"/></StgValue>
</bind>
</comp>

<comp id="136" class="1001" name="const_136">
<pin_list>
<pin id="137" dir="1" index="0" bw="1" slack="2147483647"/>
</pin_list>
<bind>
<StgValue><ssdm name="empty_3"/></StgValue>
</bind>
</comp>

<comp id="138" class="1001" name="const_138">
<pin_list>
<pin id="139" dir="1" index="0" bw="1" slack="2147483647"/>
</pin_list>
<bind>
<StgValue><ssdm name=""/></StgValue>
</bind>
</comp>

<comp id="140" class="1001" name="const_140">
<pin_list>
<pin id="141" dir="1" index="0" bw="1" slack="2147483647"/>
</pin_list>
<bind>
<StgValue><ssdm name="empty_13"/></StgValue>
</bind>
</comp>

<comp id="142" class="1001" name="const_142">
<pin_list>
<pin id="143" dir="1" index="0" bw="1" slack="2147483647"/>
</pin_list>
<bind>
<StgValue><ssdm name=""/></StgValue>
</bind>
</comp>

<comp id="144" class="1001" name="const_144">
<pin_list>
<pin id="145" dir="1" index="0" bw="1" slack="2147483647"/>
</pin_list>
<bind>
<StgValue><ssdm name="empty_1"/></StgValue>
</bind>
</comp>

<comp id="146" class="1001" name="const_146">
<pin_list>
<pin id="147" dir="1" index="0" bw="1" slack="2147483647"/>
</pin_list>
<bind>
<StgValue><ssdm name="empty_20"/></StgValue>
</bind>
</comp>

<comp id="148" class="1001" name="const_148">
<pin_list>
<pin id="149" dir="1" index="0" bw="1" slack="2147483647"/>
</pin_list>
<bind>
<StgValue><ssdm name=""/></StgValue>
</bind>
</comp>

<comp id="150" class="1001" name="const_150">
<pin_list>
<pin id="151" dir="1" index="0" bw="1" slack="2147483647"/>
</pin_list>
<bind>
<StgValue><ssdm name=""/></StgValue>
</bind>
</comp>

<comp id="152" class="1001" name="const_152">
<pin_list>
<pin id="153" dir="1" index="0" bw="1" slack="0"/>
</pin_list>
<bind>
<StgValue><ssdm name="_ssdm_op_Read.ap_auto.i64"/></StgValue>
</bind>
</comp>

<comp id="154" class="1001" name="const_154">
<pin_list>
<pin id="155" dir="1" index="0" bw="1" slack="0"/>
</pin_list>
<bind>
<StgValue><ssdm name=""/></StgValue>
</bind>
</comp>

<comp id="156" class="1001" name="const_156">
<pin_list>
<pin id="157" dir="1" index="0" bw="1" slack="0"/>
</pin_list>
<bind>
<StgValue><ssdm name=""/></StgValue>
</bind>
</comp>

<comp id="158" class="1001" name="const_158">
<pin_list>
<pin id="159" dir="1" index="0" bw="1" slack="0"/>
</pin_list>
<bind>
<StgValue><ssdm name=""/></StgValue>
</bind>
</comp>

<comp id="160" class="1001" name="const_160">
<pin_list>
<pin id="161" dir="1" index="0" bw="1" slack="2147483647"/>
</pin_list>
<bind>
<StgValue><ssdm name="_ssdm_op_SpecBitsMap"/></StgValue>
</bind>
</comp>

<comp id="162" class="1001" name="const_162">
<pin_list>
<pin id="163" dir="1" index="0" bw="1" slack="0"/>
</pin_list>
<bind>
<StgValue><ssdm name=""/></StgValue>
</bind>
</comp>

<comp id="164" class="1001" name="const_164">
<pin_list>
<pin id="165" dir="1" index="0" bw="1" slack="0"/>
</pin_list>
<bind>
<StgValue><ssdm name=""/></StgValue>
</bind>
</comp>

<comp id="166" class="1001" name="const_166">
<pin_list>
<pin id="167" dir="1" index="0" bw="1" slack="0"/>
</pin_list>
<bind>
<StgValue><ssdm name="_ssdm_op_Read.m_axi.p1i8"/></StgValue>
</bind>
</comp>

<comp id="168" class="1001" name="const_168">
<pin_list>
<pin id="169" dir="1" index="0" bw="1" slack="0"/>
</pin_list>
<bind>
<StgValue><ssdm name=""/></StgValue>
</bind>
</comp>

<comp id="170" class="1001" name="const_170">
<pin_list>
<pin id="171" dir="1" index="0" bw="1" slack="2147483647"/>
</pin_list>
<bind>
<StgValue><ssdm name="_ssdm_op_SpecLoopName"/></StgValue>
</bind>
</comp>

<comp id="172" class="1001" name="const_172">
<pin_list>
<pin id="173" dir="1" index="0" bw="1" slack="2147483647"/>
</pin_list>
<bind>
<StgValue><ssdm name="VITIS_LOOP_101_3_VITIS_LOOP_102_4_str"/></StgValue>
</bind>
</comp>

<comp id="174" class="1001" name="const_174">
<pin_list>
<pin id="175" dir="1" index="0" bw="1" slack="2147483647"/>
</pin_list>
<bind>
<StgValue><ssdm name="_ssdm_op_SpecLoopTripCount"/></StgValue>
</bind>
</comp>

<comp id="176" class="1001" name="const_176">
<pin_list>
<pin id="177" dir="1" index="0" bw="1" slack="2147483647"/>
</pin_list>
<bind>
<StgValue><ssdm name=""/></StgValue>
</bind>
</comp>

<comp id="178" class="1001" name="const_178">
<pin_list>
<pin id="179" dir="1" index="0" bw="1" slack="0"/>
</pin_list>
<bind>
<StgValue><ssdm name=""/></StgValue>
</bind>
</comp>

<comp id="180" class="1001" name="const_180">
<pin_list>
<pin id="181" dir="1" index="0" bw="1" slack="2147483647"/>
</pin_list>
<bind>
<StgValue><ssdm name="_ssdm_op_SpecPipeline"/></StgValue>
</bind>
</comp>

<comp id="182" class="1001" name="const_182">
<pin_list>
<pin id="183" dir="1" index="0" bw="1" slack="2147483647"/>
</pin_list>
<bind>
<StgValue><ssdm name="empty_23"/></StgValue>
</bind>
</comp>

<comp id="184" class="1001" name="const_184">
<pin_list>
<pin id="185" dir="1" index="0" bw="1" slack="2147483647"/>
</pin_list>
<bind>
<StgValue><ssdm name=""/></StgValue>
</bind>
</comp>

<comp id="186" class="1001" name="const_186">
<pin_list>
<pin id="187" dir="1" index="0" bw="1" slack="2147483647"/>
</pin_list>
<bind>
<StgValue><ssdm name=""/></StgValue>
</bind>
</comp>

<comp id="188" class="1001" name="const_188">
<pin_list>
<pin id="189" dir="1" index="0" bw="1" slack="2147483647"/>
</pin_list>
<bind>
<StgValue><ssdm name=""/></StgValue>
</bind>
</comp>

<comp id="190" class="1001" name="const_190">
<pin_list>
<pin id="191" dir="1" index="0" bw="1" slack="2147483647"/>
</pin_list>
<bind>
<StgValue><ssdm name=""/></StgValue>
</bind>
</comp>

<comp id="192" class="1001" name="const_192">
<pin_list>
<pin id="193" dir="1" index="0" bw="1" slack="2147483647"/>
</pin_list>
<bind>
<StgValue><ssdm name=""/></StgValue>
</bind>
</comp>

<comp id="194" class="1001" name="const_194">
<pin_list>
<pin id="195" dir="1" index="0" bw="1" slack="2147483647"/>
</pin_list>
<bind>
<StgValue><ssdm name=""/></StgValue>
</bind>
</comp>

<comp id="196" class="1001" name="const_196">
<pin_list>
<pin id="197" dir="1" index="0" bw="1" slack="2147483647"/>
</pin_list>
<bind>
<StgValue><ssdm name=""/></StgValue>
</bind>
</comp>

<comp id="198" class="1001" name="const_198">
<pin_list>
<pin id="199" dir="1" index="0" bw="1" slack="2147483647"/>
</pin_list>
<bind>
<StgValue><ssdm name=""/></StgValue>
</bind>
</comp>

<comp id="200" class="1001" name="const_200">
<pin_list>
<pin id="201" dir="1" index="0" bw="1" slack="2147483647"/>
</pin_list>
<bind>
<StgValue><ssdm name=""/></StgValue>
</bind>
</comp>

<comp id="202" class="1001" name="const_202">
<pin_list>
<pin id="203" dir="1" index="0" bw="1" slack="2147483647"/>
</pin_list>
<bind>
<StgValue><ssdm name=""/></StgValue>
</bind>
</comp>

<comp id="204" class="1001" name="const_204">
<pin_list>
<pin id="205" dir="1" index="0" bw="1" slack="2147483647"/>
</pin_list>
<bind>
<StgValue><ssdm name=""/></StgValue>
</bind>
</comp>

<comp id="206" class="1001" name="const_206">
<pin_list>
<pin id="207" dir="1" index="0" bw="1" slack="2147483647"/>
</pin_list>
<bind>
<StgValue><ssdm name=""/></StgValue>
</bind>
</comp>

<comp id="208" class="1001" name="const_208">
<pin_list>
<pin id="209" dir="1" index="0" bw="1" slack="2147483647"/>
</pin_list>
<bind>
<StgValue><ssdm name=""/></StgValue>
</bind>
</comp>

<comp id="210" class="1001" name="const_210">
<pin_list>
<pin id="211" dir="1" index="0" bw="1" slack="2147483647"/>
</pin_list>
<bind>
<StgValue><ssdm name=""/></StgValue>
</bind>
</comp>

<comp id="212" class="1001" name="const_212">
<pin_list>
<pin id="213" dir="1" index="0" bw="1" slack="2147483647"/>
</pin_list>
<bind>
<StgValue><ssdm name=""/></StgValue>
</bind>
</comp>

<comp id="214" class="1001" name="const_214">
<pin_list>
<pin id="215" dir="1" index="0" bw="1" slack="2147483647"/>
</pin_list>
<bind>
<StgValue><ssdm name=""/></StgValue>
</bind>
</comp>

<comp id="216" class="1001" name="const_216">
<pin_list>
<pin id="217" dir="1" index="0" bw="1" slack="2147483647"/>
</pin_list>
<bind>
<StgValue><ssdm name=""/></StgValue>
</bind>
</comp>

<comp id="218" class="1001" name="const_218">
<pin_list>
<pin id="219" dir="1" index="0" bw="1" slack="2147483647"/>
</pin_list>
<bind>
<StgValue><ssdm name=""/></StgValue>
</bind>
</comp>

<comp id="220" class="1001" name="const_220">
<pin_list>
<pin id="221" dir="1" index="0" bw="1" slack="2147483647"/>
</pin_list>
<bind>
<StgValue><ssdm name=""/></StgValue>
</bind>
</comp>

<comp id="222" class="1001" name="const_222">
<pin_list>
<pin id="223" dir="1" index="0" bw="1" slack="2147483647"/>
</pin_list>
<bind>
<StgValue><ssdm name=""/></StgValue>
</bind>
</comp>

<comp id="224" class="1001" name="const_224">
<pin_list>
<pin id="225" dir="1" index="0" bw="1" slack="2147483647"/>
</pin_list>
<bind>
<StgValue><ssdm name=""/></StgValue>
</bind>
</comp>

<comp id="226" class="1001" name="const_226">
<pin_list>
<pin id="227" dir="1" index="0" bw="1" slack="2147483647"/>
</pin_list>
<bind>
<StgValue><ssdm name=""/></StgValue>
</bind>
</comp>

<comp id="228" class="1001" name="const_228">
<pin_list>
<pin id="229" dir="1" index="0" bw="1" slack="2147483647"/>
</pin_list>
<bind>
<StgValue><ssdm name=""/></StgValue>
</bind>
</comp>

<comp id="230" class="1001" name="const_230">
<pin_list>
<pin id="231" dir="1" index="0" bw="1" slack="2147483647"/>
</pin_list>
<bind>
<StgValue><ssdm name=""/></StgValue>
</bind>
</comp>

<comp id="232" class="1001" name="const_232">
<pin_list>
<pin id="233" dir="1" index="0" bw="1" slack="2147483647"/>
</pin_list>
<bind>
<StgValue><ssdm name=""/></StgValue>
</bind>
</comp>

<comp id="234" class="1001" name="const_234">
<pin_list>
<pin id="235" dir="1" index="0" bw="1" slack="2147483647"/>
</pin_list>
<bind>
<StgValue><ssdm name=""/></StgValue>
</bind>
</comp>

<comp id="236" class="1001" name="const_236">
<pin_list>
<pin id="237" dir="1" index="0" bw="1" slack="2147483647"/>
</pin_list>
<bind>
<StgValue><ssdm name=""/></StgValue>
</bind>
</comp>

<comp id="238" class="1001" name="const_238">
<pin_list>
<pin id="239" dir="1" index="0" bw="1" slack="2147483647"/>
</pin_list>
<bind>
<StgValue><ssdm name=""/></StgValue>
</bind>
</comp>

<comp id="240" class="1001" name="const_240">
<pin_list>
<pin id="241" dir="1" index="0" bw="1" slack="2147483647"/>
</pin_list>
<bind>
<StgValue><ssdm name=""/></StgValue>
</bind>
</comp>

<comp id="242" class="1001" name="const_242">
<pin_list>
<pin id="243" dir="1" index="0" bw="1" slack="2147483647"/>
</pin_list>
<bind>
<StgValue><ssdm name=""/></StgValue>
</bind>
</comp>

<comp id="244" class="1001" name="const_244">
<pin_list>
<pin id="245" dir="1" index="0" bw="1" slack="2147483647"/>
</pin_list>
<bind>
<StgValue><ssdm name=""/></StgValue>
</bind>
</comp>

<comp id="246" class="1001" name="const_246">
<pin_list>
<pin id="247" dir="1" index="0" bw="1" slack="2147483647"/>
</pin_list>
<bind>
<StgValue><ssdm name=""/></StgValue>
</bind>
</comp>

<comp id="248" class="1001" name="const_248">
<pin_list>
<pin id="249" dir="1" index="0" bw="1" slack="2147483647"/>
</pin_list>
<bind>
<StgValue><ssdm name=""/></StgValue>
</bind>
</comp>

<comp id="250" class="1001" name="const_250">
<pin_list>
<pin id="251" dir="1" index="0" bw="1" slack="2147483647"/>
</pin_list>
<bind>
<StgValue><ssdm name=""/></StgValue>
</bind>
</comp>

<comp id="252" class="1001" name="const_252">
<pin_list>
<pin id="253" dir="1" index="0" bw="1" slack="2147483647"/>
</pin_list>
<bind>
<StgValue><ssdm name=""/></StgValue>
</bind>
</comp>

<comp id="254" class="1001" name="const_254">
<pin_list>
<pin id="255" dir="1" index="0" bw="1" slack="2147483647"/>
</pin_list>
<bind>
<StgValue><ssdm name=""/></StgValue>
</bind>
</comp>

<comp id="256" class="1001" name="const_256">
<pin_list>
<pin id="257" dir="1" index="0" bw="1" slack="2147483647"/>
</pin_list>
<bind>
<StgValue><ssdm name=""/></StgValue>
</bind>
</comp>

<comp id="258" class="1001" name="const_258">
<pin_list>
<pin id="259" dir="1" index="0" bw="1" slack="2147483647"/>
</pin_list>
<bind>
<StgValue><ssdm name=""/></StgValue>
</bind>
</comp>

<comp id="260" class="1001" name="const_260">
<pin_list>
<pin id="261" dir="1" index="0" bw="1" slack="2147483647"/>
</pin_list>
<bind>
<StgValue><ssdm name=""/></StgValue>
</bind>
</comp>

<comp id="262" class="1001" name="const_262">
<pin_list>
<pin id="263" dir="1" index="0" bw="1" slack="2147483647"/>
</pin_list>
<bind>
<StgValue><ssdm name=""/></StgValue>
</bind>
</comp>

<comp id="264" class="1001" name="const_264">
<pin_list>
<pin id="265" dir="1" index="0" bw="1" slack="2147483647"/>
</pin_list>
<bind>
<StgValue><ssdm name=""/></StgValue>
</bind>
</comp>

<comp id="266" class="1001" name="const_266">
<pin_list>
<pin id="267" dir="1" index="0" bw="1" slack="2147483647"/>
</pin_list>
<bind>
<StgValue><ssdm name=""/></StgValue>
</bind>
</comp>

<comp id="268" class="1001" name="const_268">
<pin_list>
<pin id="269" dir="1" index="0" bw="1" slack="2147483647"/>
</pin_list>
<bind>
<StgValue><ssdm name=""/></StgValue>
</bind>
</comp>

<comp id="270" class="1001" name="const_270">
<pin_list>
<pin id="271" dir="1" index="0" bw="1" slack="2147483647"/>
</pin_list>
<bind>
<StgValue><ssdm name=""/></StgValue>
</bind>
</comp>

<comp id="272" class="1001" name="const_272">
<pin_list>
<pin id="273" dir="1" index="0" bw="1" slack="2147483647"/>
</pin_list>
<bind>
<StgValue><ssdm name=""/></StgValue>
</bind>
</comp>

<comp id="274" class="1001" name="const_274">
<pin_list>
<pin id="275" dir="1" index="0" bw="1" slack="2147483647"/>
</pin_list>
<bind>
<StgValue><ssdm name=""/></StgValue>
</bind>
</comp>

<comp id="276" class="1001" name="const_276">
<pin_list>
<pin id="277" dir="1" index="0" bw="1" slack="2147483647"/>
</pin_list>
<bind>
<StgValue><ssdm name=""/></StgValue>
</bind>
</comp>

<comp id="278" class="1001" name="const_278">
<pin_list>
<pin id="279" dir="1" index="0" bw="1" slack="2147483647"/>
</pin_list>
<bind>
<StgValue><ssdm name=""/></StgValue>
</bind>
</comp>

<comp id="280" class="1001" name="const_280">
<pin_list>
<pin id="281" dir="1" index="0" bw="1" slack="2147483647"/>
</pin_list>
<bind>
<StgValue><ssdm name=""/></StgValue>
</bind>
</comp>

<comp id="282" class="1001" name="const_282">
<pin_list>
<pin id="283" dir="1" index="0" bw="1" slack="2147483647"/>
</pin_list>
<bind>
<StgValue><ssdm name=""/></StgValue>
</bind>
</comp>

<comp id="284" class="1001" name="const_284">
<pin_list>
<pin id="285" dir="1" index="0" bw="1" slack="2147483647"/>
</pin_list>
<bind>
<StgValue><ssdm name=""/></StgValue>
</bind>
</comp>

<comp id="286" class="1001" name="const_286">
<pin_list>
<pin id="287" dir="1" index="0" bw="1" slack="2147483647"/>
</pin_list>
<bind>
<StgValue><ssdm name=""/></StgValue>
</bind>
</comp>

<comp id="288" class="1001" name="const_288">
<pin_list>
<pin id="289" dir="1" index="0" bw="1" slack="2147483647"/>
</pin_list>
<bind>
<StgValue><ssdm name=""/></StgValue>
</bind>
</comp>

<comp id="290" class="1001" name="const_290">
<pin_list>
<pin id="291" dir="1" index="0" bw="1" slack="2147483647"/>
</pin_list>
<bind>
<StgValue><ssdm name=""/></StgValue>
</bind>
</comp>

<comp id="292" class="1001" name="const_292">
<pin_list>
<pin id="293" dir="1" index="0" bw="1" slack="2147483647"/>
</pin_list>
<bind>
<StgValue><ssdm name=""/></StgValue>
</bind>
</comp>

<comp id="294" class="1001" name="const_294">
<pin_list>
<pin id="295" dir="1" index="0" bw="1" slack="2147483647"/>
</pin_list>
<bind>
<StgValue><ssdm name=""/></StgValue>
</bind>
</comp>

<comp id="296" class="1001" name="const_296">
<pin_list>
<pin id="297" dir="1" index="0" bw="1" slack="2147483647"/>
</pin_list>
<bind>
<StgValue><ssdm name=""/></StgValue>
</bind>
</comp>

<comp id="298" class="1001" name="const_298">
<pin_list>
<pin id="299" dir="1" index="0" bw="1" slack="2147483647"/>
</pin_list>
<bind>
<StgValue><ssdm name=""/></StgValue>
</bind>
</comp>

<comp id="300" class="1001" name="const_300">
<pin_list>
<pin id="301" dir="1" index="0" bw="1" slack="2147483647"/>
</pin_list>
<bind>
<StgValue><ssdm name=""/></StgValue>
</bind>
</comp>

<comp id="302" class="1001" name="const_302">
<pin_list>
<pin id="303" dir="1" index="0" bw="1" slack="2147483647"/>
</pin_list>
<bind>
<StgValue><ssdm name=""/></StgValue>
</bind>
</comp>

<comp id="304" class="1001" name="const_304">
<pin_list>
<pin id="305" dir="1" index="0" bw="1" slack="2147483647"/>
</pin_list>
<bind>
<StgValue><ssdm name=""/></StgValue>
</bind>
</comp>

<comp id="306" class="1001" name="const_306">
<pin_list>
<pin id="307" dir="1" index="0" bw="1" slack="2147483647"/>
</pin_list>
<bind>
<StgValue><ssdm name=""/></StgValue>
</bind>
</comp>

<comp id="308" class="1001" name="const_308">
<pin_list>
<pin id="309" dir="1" index="0" bw="1" slack="2147483647"/>
</pin_list>
<bind>
<StgValue><ssdm name=""/></StgValue>
</bind>
</comp>

<comp id="310" class="1001" name="const_310">
<pin_list>
<pin id="311" dir="1" index="0" bw="1" slack="0"/>
</pin_list>
<bind>
<StgValue><ssdm name=""/></StgValue>
</bind>
</comp>

<comp id="312" class="1001" name="const_312">
<pin_list>
<pin id="313" dir="1" index="0" bw="1" slack="0"/>
</pin_list>
<bind>
<StgValue><ssdm name=""/></StgValue>
</bind>
</comp>

<comp id="314" class="1004" name="d_fu_314">
<pin_list>
<pin id="315" dir="0" index="0" bw="1" slack="0"/>
<pin id="316" dir="1" index="1" bw="7" slack="0"/>
</pin_list>
<bind>
<opcode="alloca(26) " fcode="alloca"/>
<opset="d/1 "/>
</bind>
</comp>

<comp id="318" class="1004" name="i_fu_318">
<pin_list>
<pin id="319" dir="0" index="0" bw="1" slack="0"/>
<pin id="320" dir="1" index="1" bw="4" slack="0"/>
</pin_list>
<bind>
<opcode="alloca(26) " fcode="alloca"/>
<opset="i/1 "/>
</bind>
</comp>

<comp id="322" class="1004" name="indvar_flatten_fu_322">
<pin_list>
<pin id="323" dir="0" index="0" bw="1" slack="0"/>
<pin id="324" dir="1" index="1" bw="10" slack="0"/>
</pin_list>
<bind>
<opcode="alloca(26) " fcode="alloca"/>
<opset="indvar_flatten/1 "/>
</bind>
</comp>

<comp id="326" class="1004" name="add_ln91_read_read_fu_326">
<pin_list>
<pin id="327" dir="0" index="0" bw="64" slack="0"/>
<pin id="328" dir="0" index="1" bw="64" slack="0"/>
<pin id="329" dir="1" index="2" bw="64" slack="0"/>
</pin_list>
<bind>
<opcode="read(1150) " fcode="read"/>
<opset="add_ln91_read/1 "/>
</bind>
</comp>

<comp id="332" class="1004" name="gmem0_addr_read_read_fu_332">
<pin_list>
<pin id="333" dir="0" index="0" bw="8" slack="0"/>
<pin id="334" dir="0" index="1" bw="8" slack="1"/>
<pin id="335" dir="1" index="2" bw="8" slack="1"/>
</pin_list>
<bind>
<opcode="read(1150) " fcode="read"/>
<opset="gmem0_addr_read/2 "/>
</bind>
</comp>

<comp id="337" class="1004" name="Q_tile_V_62_addr_gep_fu_337">
<pin_list>
<pin id="338" dir="0" index="0" bw="8" slack="0"/>
<pin id="339" dir="0" index="1" bw="1" slack="0"/>
<pin id="340" dir="0" index="2" bw="4" slack="0"/>
<pin id="341" dir="1" index="3" bw="3" slack="0"/>
</pin_list>
<bind>
<opcode="getelementptr(29) " fcode="getelementptr"/>
<opset="Q_tile_V_62_addr/3 "/>
</bind>
</comp>

<comp id="344" class="1004" name="store_ln104_access_fu_344">
<pin_list>
<pin id="345" dir="0" index="0" bw="3" slack="0"/>
<pin id="346" dir="0" index="1" bw="8" slack="1"/>
<pin id="347" dir="0" index="2" bw="0" slack="2147483647"/>
<pin id="348" dir="1" index="3" bw="8" slack="2147483647"/>
</pin_list>
<bind>
<opcode="store(28) " fcode="store"/>
<opset="store_ln104/3 "/>
</bind>
</comp>

<comp id="350" class="1004" name="Q_tile_V_61_addr_gep_fu_350">
<pin_list>
<pin id="351" dir="0" index="0" bw="8" slack="0"/>
<pin id="352" dir="0" index="1" bw="1" slack="0"/>
<pin id="353" dir="0" index="2" bw="4" slack="0"/>
<pin id="354" dir="1" index="3" bw="3" slack="0"/>
</pin_list>
<bind>
<opcode="getelementptr(29) " fcode="getelementptr"/>
<opset="Q_tile_V_61_addr/3 "/>
</bind>
</comp>

<comp id="357" class="1004" name="store_ln104_access_fu_357">
<pin_list>
<pin id="358" dir="0" index="0" bw="3" slack="0"/>
<pin id="359" dir="0" index="1" bw="8" slack="1"/>
<pin id="360" dir="0" index="2" bw="0" slack="2147483647"/>
<pin id="361" dir="1" index="3" bw="8" slack="2147483647"/>
</pin_list>
<bind>
<opcode="store(28) " fcode="store"/>
<opset="store_ln104/3 "/>
</bind>
</comp>

<comp id="363" class="1004" name="Q_tile_V_60_addr_gep_fu_363">
<pin_list>
<pin id="364" dir="0" index="0" bw="8" slack="0"/>
<pin id="365" dir="0" index="1" bw="1" slack="0"/>
<pin id="366" dir="0" index="2" bw="4" slack="0"/>
<pin id="367" dir="1" index="3" bw="3" slack="0"/>
</pin_list>
<bind>
<opcode="getelementptr(29) " fcode="getelementptr"/>
<opset="Q_tile_V_60_addr/3 "/>
</bind>
</comp>

<comp id="370" class="1004" name="store_ln104_access_fu_370">
<pin_list>
<pin id="371" dir="0" index="0" bw="3" slack="0"/>
<pin id="372" dir="0" index="1" bw="8" slack="1"/>
<pin id="373" dir="0" index="2" bw="0" slack="2147483647"/>
<pin id="374" dir="1" index="3" bw="8" slack="2147483647"/>
</pin_list>
<bind>
<opcode="store(28) " fcode="store"/>
<opset="store_ln104/3 "/>
</bind>
</comp>

<comp id="376" class="1004" name="Q_tile_V_59_addr_gep_fu_376">
<pin_list>
<pin id="377" dir="0" index="0" bw="8" slack="0"/>
<pin id="378" dir="0" index="1" bw="1" slack="0"/>
<pin id="379" dir="0" index="2" bw="4" slack="0"/>
<pin id="380" dir="1" index="3" bw="3" slack="0"/>
</pin_list>
<bind>
<opcode="getelementptr(29) " fcode="getelementptr"/>
<opset="Q_tile_V_59_addr/3 "/>
</bind>
</comp>

<comp id="383" class="1004" name="store_ln104_access_fu_383">
<pin_list>
<pin id="384" dir="0" index="0" bw="3" slack="0"/>
<pin id="385" dir="0" index="1" bw="8" slack="1"/>
<pin id="386" dir="0" index="2" bw="0" slack="2147483647"/>
<pin id="387" dir="1" index="3" bw="8" slack="2147483647"/>
</pin_list>
<bind>
<opcode="store(28) " fcode="store"/>
<opset="store_ln104/3 "/>
</bind>
</comp>

<comp id="389" class="1004" name="Q_tile_V_58_addr_gep_fu_389">
<pin_list>
<pin id="390" dir="0" index="0" bw="8" slack="0"/>
<pin id="391" dir="0" index="1" bw="1" slack="0"/>
<pin id="392" dir="0" index="2" bw="4" slack="0"/>
<pin id="393" dir="1" index="3" bw="3" slack="0"/>
</pin_list>
<bind>
<opcode="getelementptr(29) " fcode="getelementptr"/>
<opset="Q_tile_V_58_addr/3 "/>
</bind>
</comp>

<comp id="396" class="1004" name="store_ln104_access_fu_396">
<pin_list>
<pin id="397" dir="0" index="0" bw="3" slack="0"/>
<pin id="398" dir="0" index="1" bw="8" slack="1"/>
<pin id="399" dir="0" index="2" bw="0" slack="2147483647"/>
<pin id="400" dir="1" index="3" bw="8" slack="2147483647"/>
</pin_list>
<bind>
<opcode="store(28) " fcode="store"/>
<opset="store_ln104/3 "/>
</bind>
</comp>

<comp id="402" class="1004" name="Q_tile_V_57_addr_gep_fu_402">
<pin_list>
<pin id="403" dir="0" index="0" bw="8" slack="0"/>
<pin id="404" dir="0" index="1" bw="1" slack="0"/>
<pin id="405" dir="0" index="2" bw="4" slack="0"/>
<pin id="406" dir="1" index="3" bw="3" slack="0"/>
</pin_list>
<bind>
<opcode="getelementptr(29) " fcode="getelementptr"/>
<opset="Q_tile_V_57_addr/3 "/>
</bind>
</comp>

<comp id="409" class="1004" name="store_ln104_access_fu_409">
<pin_list>
<pin id="410" dir="0" index="0" bw="3" slack="0"/>
<pin id="411" dir="0" index="1" bw="8" slack="1"/>
<pin id="412" dir="0" index="2" bw="0" slack="2147483647"/>
<pin id="413" dir="1" index="3" bw="8" slack="2147483647"/>
</pin_list>
<bind>
<opcode="store(28) " fcode="store"/>
<opset="store_ln104/3 "/>
</bind>
</comp>

<comp id="415" class="1004" name="Q_tile_V_56_addr_gep_fu_415">
<pin_list>
<pin id="416" dir="0" index="0" bw="8" slack="0"/>
<pin id="417" dir="0" index="1" bw="1" slack="0"/>
<pin id="418" dir="0" index="2" bw="4" slack="0"/>
<pin id="419" dir="1" index="3" bw="3" slack="0"/>
</pin_list>
<bind>
<opcode="getelementptr(29) " fcode="getelementptr"/>
<opset="Q_tile_V_56_addr/3 "/>
</bind>
</comp>

<comp id="422" class="1004" name="store_ln104_access_fu_422">
<pin_list>
<pin id="423" dir="0" index="0" bw="3" slack="0"/>
<pin id="424" dir="0" index="1" bw="8" slack="1"/>
<pin id="425" dir="0" index="2" bw="0" slack="2147483647"/>
<pin id="426" dir="1" index="3" bw="8" slack="2147483647"/>
</pin_list>
<bind>
<opcode="store(28) " fcode="store"/>
<opset="store_ln104/3 "/>
</bind>
</comp>

<comp id="428" class="1004" name="Q_tile_V_55_addr_gep_fu_428">
<pin_list>
<pin id="429" dir="0" index="0" bw="8" slack="0"/>
<pin id="430" dir="0" index="1" bw="1" slack="0"/>
<pin id="431" dir="0" index="2" bw="4" slack="0"/>
<pin id="432" dir="1" index="3" bw="3" slack="0"/>
</pin_list>
<bind>
<opcode="getelementptr(29) " fcode="getelementptr"/>
<opset="Q_tile_V_55_addr/3 "/>
</bind>
</comp>

<comp id="435" class="1004" name="store_ln104_access_fu_435">
<pin_list>
<pin id="436" dir="0" index="0" bw="3" slack="0"/>
<pin id="437" dir="0" index="1" bw="8" slack="1"/>
<pin id="438" dir="0" index="2" bw="0" slack="2147483647"/>
<pin id="439" dir="1" index="3" bw="8" slack="2147483647"/>
</pin_list>
<bind>
<opcode="store(28) " fcode="store"/>
<opset="store_ln104/3 "/>
</bind>
</comp>

<comp id="441" class="1004" name="Q_tile_V_54_addr_gep_fu_441">
<pin_list>
<pin id="442" dir="0" index="0" bw="8" slack="0"/>
<pin id="443" dir="0" index="1" bw="1" slack="0"/>
<pin id="444" dir="0" index="2" bw="4" slack="0"/>
<pin id="445" dir="1" index="3" bw="3" slack="0"/>
</pin_list>
<bind>
<opcode="getelementptr(29) " fcode="getelementptr"/>
<opset="Q_tile_V_54_addr/3 "/>
</bind>
</comp>

<comp id="448" class="1004" name="store_ln104_access_fu_448">
<pin_list>
<pin id="449" dir="0" index="0" bw="3" slack="0"/>
<pin id="450" dir="0" index="1" bw="8" slack="1"/>
<pin id="451" dir="0" index="2" bw="0" slack="2147483647"/>
<pin id="452" dir="1" index="3" bw="8" slack="2147483647"/>
</pin_list>
<bind>
<opcode="store(28) " fcode="store"/>
<opset="store_ln104/3 "/>
</bind>
</comp>

<comp id="454" class="1004" name="Q_tile_V_53_addr_gep_fu_454">
<pin_list>
<pin id="455" dir="0" index="0" bw="8" slack="0"/>
<pin id="456" dir="0" index="1" bw="1" slack="0"/>
<pin id="457" dir="0" index="2" bw="4" slack="0"/>
<pin id="458" dir="1" index="3" bw="3" slack="0"/>
</pin_list>
<bind>
<opcode="getelementptr(29) " fcode="getelementptr"/>
<opset="Q_tile_V_53_addr/3 "/>
</bind>
</comp>

<comp id="461" class="1004" name="store_ln104_access_fu_461">
<pin_list>
<pin id="462" dir="0" index="0" bw="3" slack="0"/>
<pin id="463" dir="0" index="1" bw="8" slack="1"/>
<pin id="464" dir="0" index="2" bw="0" slack="2147483647"/>
<pin id="465" dir="1" index="3" bw="8" slack="2147483647"/>
</pin_list>
<bind>
<opcode="store(28) " fcode="store"/>
<opset="store_ln104/3 "/>
</bind>
</comp>

<comp id="467" class="1004" name="Q_tile_V_52_addr_gep_fu_467">
<pin_list>
<pin id="468" dir="0" index="0" bw="8" slack="0"/>
<pin id="469" dir="0" index="1" bw="1" slack="0"/>
<pin id="470" dir="0" index="2" bw="4" slack="0"/>
<pin id="471" dir="1" index="3" bw="3" slack="0"/>
</pin_list>
<bind>
<opcode="getelementptr(29) " fcode="getelementptr"/>
<opset="Q_tile_V_52_addr/3 "/>
</bind>
</comp>

<comp id="474" class="1004" name="store_ln104_access_fu_474">
<pin_list>
<pin id="475" dir="0" index="0" bw="3" slack="0"/>
<pin id="476" dir="0" index="1" bw="8" slack="1"/>
<pin id="477" dir="0" index="2" bw="0" slack="2147483647"/>
<pin id="478" dir="1" index="3" bw="8" slack="2147483647"/>
</pin_list>
<bind>
<opcode="store(28) " fcode="store"/>
<opset="store_ln104/3 "/>
</bind>
</comp>

<comp id="480" class="1004" name="Q_tile_V_51_addr_gep_fu_480">
<pin_list>
<pin id="481" dir="0" index="0" bw="8" slack="0"/>
<pin id="482" dir="0" index="1" bw="1" slack="0"/>
<pin id="483" dir="0" index="2" bw="4" slack="0"/>
<pin id="484" dir="1" index="3" bw="3" slack="0"/>
</pin_list>
<bind>
<opcode="getelementptr(29) " fcode="getelementptr"/>
<opset="Q_tile_V_51_addr/3 "/>
</bind>
</comp>

<comp id="487" class="1004" name="store_ln104_access_fu_487">
<pin_list>
<pin id="488" dir="0" index="0" bw="3" slack="0"/>
<pin id="489" dir="0" index="1" bw="8" slack="1"/>
<pin id="490" dir="0" index="2" bw="0" slack="2147483647"/>
<pin id="491" dir="1" index="3" bw="8" slack="2147483647"/>
</pin_list>
<bind>
<opcode="store(28) " fcode="store"/>
<opset="store_ln104/3 "/>
</bind>
</comp>

<comp id="493" class="1004" name="Q_tile_V_50_addr_gep_fu_493">
<pin_list>
<pin id="494" dir="0" index="0" bw="8" slack="0"/>
<pin id="495" dir="0" index="1" bw="1" slack="0"/>
<pin id="496" dir="0" index="2" bw="4" slack="0"/>
<pin id="497" dir="1" index="3" bw="3" slack="0"/>
</pin_list>
<bind>
<opcode="getelementptr(29) " fcode="getelementptr"/>
<opset="Q_tile_V_50_addr/3 "/>
</bind>
</comp>

<comp id="500" class="1004" name="store_ln104_access_fu_500">
<pin_list>
<pin id="501" dir="0" index="0" bw="3" slack="0"/>
<pin id="502" dir="0" index="1" bw="8" slack="1"/>
<pin id="503" dir="0" index="2" bw="0" slack="2147483647"/>
<pin id="504" dir="1" index="3" bw="8" slack="2147483647"/>
</pin_list>
<bind>
<opcode="store(28) " fcode="store"/>
<opset="store_ln104/3 "/>
</bind>
</comp>

<comp id="506" class="1004" name="Q_tile_V_49_addr_gep_fu_506">
<pin_list>
<pin id="507" dir="0" index="0" bw="8" slack="0"/>
<pin id="508" dir="0" index="1" bw="1" slack="0"/>
<pin id="509" dir="0" index="2" bw="4" slack="0"/>
<pin id="510" dir="1" index="3" bw="3" slack="0"/>
</pin_list>
<bind>
<opcode="getelementptr(29) " fcode="getelementptr"/>
<opset="Q_tile_V_49_addr/3 "/>
</bind>
</comp>

<comp id="513" class="1004" name="store_ln104_access_fu_513">
<pin_list>
<pin id="514" dir="0" index="0" bw="3" slack="0"/>
<pin id="515" dir="0" index="1" bw="8" slack="1"/>
<pin id="516" dir="0" index="2" bw="0" slack="2147483647"/>
<pin id="517" dir="1" index="3" bw="8" slack="2147483647"/>
</pin_list>
<bind>
<opcode="store(28) " fcode="store"/>
<opset="store_ln104/3 "/>
</bind>
</comp>

<comp id="519" class="1004" name="Q_tile_V_48_addr_gep_fu_519">
<pin_list>
<pin id="520" dir="0" index="0" bw="8" slack="0"/>
<pin id="521" dir="0" index="1" bw="1" slack="0"/>
<pin id="522" dir="0" index="2" bw="4" slack="0"/>
<pin id="523" dir="1" index="3" bw="3" slack="0"/>
</pin_list>
<bind>
<opcode="getelementptr(29) " fcode="getelementptr"/>
<opset="Q_tile_V_48_addr/3 "/>
</bind>
</comp>

<comp id="526" class="1004" name="store_ln104_access_fu_526">
<pin_list>
<pin id="527" dir="0" index="0" bw="3" slack="0"/>
<pin id="528" dir="0" index="1" bw="8" slack="1"/>
<pin id="529" dir="0" index="2" bw="0" slack="2147483647"/>
<pin id="530" dir="1" index="3" bw="8" slack="2147483647"/>
</pin_list>
<bind>
<opcode="store(28) " fcode="store"/>
<opset="store_ln104/3 "/>
</bind>
</comp>

<comp id="532" class="1004" name="Q_tile_V_47_addr_gep_fu_532">
<pin_list>
<pin id="533" dir="0" index="0" bw="8" slack="0"/>
<pin id="534" dir="0" index="1" bw="1" slack="0"/>
<pin id="535" dir="0" index="2" bw="4" slack="0"/>
<pin id="536" dir="1" index="3" bw="3" slack="0"/>
</pin_list>
<bind>
<opcode="getelementptr(29) " fcode="getelementptr"/>
<opset="Q_tile_V_47_addr/3 "/>
</bind>
</comp>

<comp id="539" class="1004" name="store_ln104_access_fu_539">
<pin_list>
<pin id="540" dir="0" index="0" bw="3" slack="0"/>
<pin id="541" dir="0" index="1" bw="8" slack="1"/>
<pin id="542" dir="0" index="2" bw="0" slack="2147483647"/>
<pin id="543" dir="1" index="3" bw="8" slack="2147483647"/>
</pin_list>
<bind>
<opcode="store(28) " fcode="store"/>
<opset="store_ln104/3 "/>
</bind>
</comp>

<comp id="545" class="1004" name="Q_tile_V_46_addr_gep_fu_545">
<pin_list>
<pin id="546" dir="0" index="0" bw="8" slack="0"/>
<pin id="547" dir="0" index="1" bw="1" slack="0"/>
<pin id="548" dir="0" index="2" bw="4" slack="0"/>
<pin id="549" dir="1" index="3" bw="3" slack="0"/>
</pin_list>
<bind>
<opcode="getelementptr(29) " fcode="getelementptr"/>
<opset="Q_tile_V_46_addr/3 "/>
</bind>
</comp>

<comp id="552" class="1004" name="store_ln104_access_fu_552">
<pin_list>
<pin id="553" dir="0" index="0" bw="3" slack="0"/>
<pin id="554" dir="0" index="1" bw="8" slack="1"/>
<pin id="555" dir="0" index="2" bw="0" slack="2147483647"/>
<pin id="556" dir="1" index="3" bw="8" slack="2147483647"/>
</pin_list>
<bind>
<opcode="store(28) " fcode="store"/>
<opset="store_ln104/3 "/>
</bind>
</comp>

<comp id="558" class="1004" name="Q_tile_V_45_addr_gep_fu_558">
<pin_list>
<pin id="559" dir="0" index="0" bw="8" slack="0"/>
<pin id="560" dir="0" index="1" bw="1" slack="0"/>
<pin id="561" dir="0" index="2" bw="4" slack="0"/>
<pin id="562" dir="1" index="3" bw="3" slack="0"/>
</pin_list>
<bind>
<opcode="getelementptr(29) " fcode="getelementptr"/>
<opset="Q_tile_V_45_addr/3 "/>
</bind>
</comp>

<comp id="565" class="1004" name="store_ln104_access_fu_565">
<pin_list>
<pin id="566" dir="0" index="0" bw="3" slack="0"/>
<pin id="567" dir="0" index="1" bw="8" slack="1"/>
<pin id="568" dir="0" index="2" bw="0" slack="2147483647"/>
<pin id="569" dir="1" index="3" bw="8" slack="2147483647"/>
</pin_list>
<bind>
<opcode="store(28) " fcode="store"/>
<opset="store_ln104/3 "/>
</bind>
</comp>

<comp id="571" class="1004" name="Q_tile_V_44_addr_gep_fu_571">
<pin_list>
<pin id="572" dir="0" index="0" bw="8" slack="0"/>
<pin id="573" dir="0" index="1" bw="1" slack="0"/>
<pin id="574" dir="0" index="2" bw="4" slack="0"/>
<pin id="575" dir="1" index="3" bw="3" slack="0"/>
</pin_list>
<bind>
<opcode="getelementptr(29) " fcode="getelementptr"/>
<opset="Q_tile_V_44_addr/3 "/>
</bind>
</comp>

<comp id="578" class="1004" name="store_ln104_access_fu_578">
<pin_list>
<pin id="579" dir="0" index="0" bw="3" slack="0"/>
<pin id="580" dir="0" index="1" bw="8" slack="1"/>
<pin id="581" dir="0" index="2" bw="0" slack="2147483647"/>
<pin id="582" dir="1" index="3" bw="8" slack="2147483647"/>
</pin_list>
<bind>
<opcode="store(28) " fcode="store"/>
<opset="store_ln104/3 "/>
</bind>
</comp>

<comp id="584" class="1004" name="Q_tile_V_43_addr_gep_fu_584">
<pin_list>
<pin id="585" dir="0" index="0" bw="8" slack="0"/>
<pin id="586" dir="0" index="1" bw="1" slack="0"/>
<pin id="587" dir="0" index="2" bw="4" slack="0"/>
<pin id="588" dir="1" index="3" bw="3" slack="0"/>
</pin_list>
<bind>
<opcode="getelementptr(29) " fcode="getelementptr"/>
<opset="Q_tile_V_43_addr/3 "/>
</bind>
</comp>

<comp id="591" class="1004" name="store_ln104_access_fu_591">
<pin_list>
<pin id="592" dir="0" index="0" bw="3" slack="0"/>
<pin id="593" dir="0" index="1" bw="8" slack="1"/>
<pin id="594" dir="0" index="2" bw="0" slack="2147483647"/>
<pin id="595" dir="1" index="3" bw="8" slack="2147483647"/>
</pin_list>
<bind>
<opcode="store(28) " fcode="store"/>
<opset="store_ln104/3 "/>
</bind>
</comp>

<comp id="597" class="1004" name="Q_tile_V_42_addr_gep_fu_597">
<pin_list>
<pin id="598" dir="0" index="0" bw="8" slack="0"/>
<pin id="599" dir="0" index="1" bw="1" slack="0"/>
<pin id="600" dir="0" index="2" bw="4" slack="0"/>
<pin id="601" dir="1" index="3" bw="3" slack="0"/>
</pin_list>
<bind>
<opcode="getelementptr(29) " fcode="getelementptr"/>
<opset="Q_tile_V_42_addr/3 "/>
</bind>
</comp>

<comp id="604" class="1004" name="store_ln104_access_fu_604">
<pin_list>
<pin id="605" dir="0" index="0" bw="3" slack="0"/>
<pin id="606" dir="0" index="1" bw="8" slack="1"/>
<pin id="607" dir="0" index="2" bw="0" slack="2147483647"/>
<pin id="608" dir="1" index="3" bw="8" slack="2147483647"/>
</pin_list>
<bind>
<opcode="store(28) " fcode="store"/>
<opset="store_ln104/3 "/>
</bind>
</comp>

<comp id="610" class="1004" name="Q_tile_V_41_addr_gep_fu_610">
<pin_list>
<pin id="611" dir="0" index="0" bw="8" slack="0"/>
<pin id="612" dir="0" index="1" bw="1" slack="0"/>
<pin id="613" dir="0" index="2" bw="4" slack="0"/>
<pin id="614" dir="1" index="3" bw="3" slack="0"/>
</pin_list>
<bind>
<opcode="getelementptr(29) " fcode="getelementptr"/>
<opset="Q_tile_V_41_addr/3 "/>
</bind>
</comp>

<comp id="617" class="1004" name="store_ln104_access_fu_617">
<pin_list>
<pin id="618" dir="0" index="0" bw="3" slack="0"/>
<pin id="619" dir="0" index="1" bw="8" slack="1"/>
<pin id="620" dir="0" index="2" bw="0" slack="2147483647"/>
<pin id="621" dir="1" index="3" bw="8" slack="2147483647"/>
</pin_list>
<bind>
<opcode="store(28) " fcode="store"/>
<opset="store_ln104/3 "/>
</bind>
</comp>

<comp id="623" class="1004" name="Q_tile_V_40_addr_gep_fu_623">
<pin_list>
<pin id="624" dir="0" index="0" bw="8" slack="0"/>
<pin id="625" dir="0" index="1" bw="1" slack="0"/>
<pin id="626" dir="0" index="2" bw="4" slack="0"/>
<pin id="627" dir="1" index="3" bw="3" slack="0"/>
</pin_list>
<bind>
<opcode="getelementptr(29) " fcode="getelementptr"/>
<opset="Q_tile_V_40_addr/3 "/>
</bind>
</comp>

<comp id="630" class="1004" name="store_ln104_access_fu_630">
<pin_list>
<pin id="631" dir="0" index="0" bw="3" slack="0"/>
<pin id="632" dir="0" index="1" bw="8" slack="1"/>
<pin id="633" dir="0" index="2" bw="0" slack="2147483647"/>
<pin id="634" dir="1" index="3" bw="8" slack="2147483647"/>
</pin_list>
<bind>
<opcode="store(28) " fcode="store"/>
<opset="store_ln104/3 "/>
</bind>
</comp>

<comp id="636" class="1004" name="Q_tile_V_39_addr_gep_fu_636">
<pin_list>
<pin id="637" dir="0" index="0" bw="8" slack="0"/>
<pin id="638" dir="0" index="1" bw="1" slack="0"/>
<pin id="639" dir="0" index="2" bw="4" slack="0"/>
<pin id="640" dir="1" index="3" bw="3" slack="0"/>
</pin_list>
<bind>
<opcode="getelementptr(29) " fcode="getelementptr"/>
<opset="Q_tile_V_39_addr/3 "/>
</bind>
</comp>

<comp id="643" class="1004" name="store_ln104_access_fu_643">
<pin_list>
<pin id="644" dir="0" index="0" bw="3" slack="0"/>
<pin id="645" dir="0" index="1" bw="8" slack="1"/>
<pin id="646" dir="0" index="2" bw="0" slack="2147483647"/>
<pin id="647" dir="1" index="3" bw="8" slack="2147483647"/>
</pin_list>
<bind>
<opcode="store(28) " fcode="store"/>
<opset="store_ln104/3 "/>
</bind>
</comp>

<comp id="649" class="1004" name="Q_tile_V_38_addr_gep_fu_649">
<pin_list>
<pin id="650" dir="0" index="0" bw="8" slack="0"/>
<pin id="651" dir="0" index="1" bw="1" slack="0"/>
<pin id="652" dir="0" index="2" bw="4" slack="0"/>
<pin id="653" dir="1" index="3" bw="3" slack="0"/>
</pin_list>
<bind>
<opcode="getelementptr(29) " fcode="getelementptr"/>
<opset="Q_tile_V_38_addr/3 "/>
</bind>
</comp>

<comp id="656" class="1004" name="store_ln104_access_fu_656">
<pin_list>
<pin id="657" dir="0" index="0" bw="3" slack="0"/>
<pin id="658" dir="0" index="1" bw="8" slack="1"/>
<pin id="659" dir="0" index="2" bw="0" slack="2147483647"/>
<pin id="660" dir="1" index="3" bw="8" slack="2147483647"/>
</pin_list>
<bind>
<opcode="store(28) " fcode="store"/>
<opset="store_ln104/3 "/>
</bind>
</comp>

<comp id="662" class="1004" name="Q_tile_V_37_addr_gep_fu_662">
<pin_list>
<pin id="663" dir="0" index="0" bw="8" slack="0"/>
<pin id="664" dir="0" index="1" bw="1" slack="0"/>
<pin id="665" dir="0" index="2" bw="4" slack="0"/>
<pin id="666" dir="1" index="3" bw="3" slack="0"/>
</pin_list>
<bind>
<opcode="getelementptr(29) " fcode="getelementptr"/>
<opset="Q_tile_V_37_addr/3 "/>
</bind>
</comp>

<comp id="669" class="1004" name="store_ln104_access_fu_669">
<pin_list>
<pin id="670" dir="0" index="0" bw="3" slack="0"/>
<pin id="671" dir="0" index="1" bw="8" slack="1"/>
<pin id="672" dir="0" index="2" bw="0" slack="2147483647"/>
<pin id="673" dir="1" index="3" bw="8" slack="2147483647"/>
</pin_list>
<bind>
<opcode="store(28) " fcode="store"/>
<opset="store_ln104/3 "/>
</bind>
</comp>

<comp id="675" class="1004" name="Q_tile_V_36_addr_gep_fu_675">
<pin_list>
<pin id="676" dir="0" index="0" bw="8" slack="0"/>
<pin id="677" dir="0" index="1" bw="1" slack="0"/>
<pin id="678" dir="0" index="2" bw="4" slack="0"/>
<pin id="679" dir="1" index="3" bw="3" slack="0"/>
</pin_list>
<bind>
<opcode="getelementptr(29) " fcode="getelementptr"/>
<opset="Q_tile_V_36_addr/3 "/>
</bind>
</comp>

<comp id="682" class="1004" name="store_ln104_access_fu_682">
<pin_list>
<pin id="683" dir="0" index="0" bw="3" slack="0"/>
<pin id="684" dir="0" index="1" bw="8" slack="1"/>
<pin id="685" dir="0" index="2" bw="0" slack="2147483647"/>
<pin id="686" dir="1" index="3" bw="8" slack="2147483647"/>
</pin_list>
<bind>
<opcode="store(28) " fcode="store"/>
<opset="store_ln104/3 "/>
</bind>
</comp>

<comp id="688" class="1004" name="Q_tile_V_35_addr_gep_fu_688">
<pin_list>
<pin id="689" dir="0" index="0" bw="8" slack="0"/>
<pin id="690" dir="0" index="1" bw="1" slack="0"/>
<pin id="691" dir="0" index="2" bw="4" slack="0"/>
<pin id="692" dir="1" index="3" bw="3" slack="0"/>
</pin_list>
<bind>
<opcode="getelementptr(29) " fcode="getelementptr"/>
<opset="Q_tile_V_35_addr/3 "/>
</bind>
</comp>

<comp id="695" class="1004" name="store_ln104_access_fu_695">
<pin_list>
<pin id="696" dir="0" index="0" bw="3" slack="0"/>
<pin id="697" dir="0" index="1" bw="8" slack="1"/>
<pin id="698" dir="0" index="2" bw="0" slack="2147483647"/>
<pin id="699" dir="1" index="3" bw="8" slack="2147483647"/>
</pin_list>
<bind>
<opcode="store(28) " fcode="store"/>
<opset="store_ln104/3 "/>
</bind>
</comp>

<comp id="701" class="1004" name="Q_tile_V_34_addr_gep_fu_701">
<pin_list>
<pin id="702" dir="0" index="0" bw="8" slack="0"/>
<pin id="703" dir="0" index="1" bw="1" slack="0"/>
<pin id="704" dir="0" index="2" bw="4" slack="0"/>
<pin id="705" dir="1" index="3" bw="3" slack="0"/>
</pin_list>
<bind>
<opcode="getelementptr(29) " fcode="getelementptr"/>
<opset="Q_tile_V_34_addr/3 "/>
</bind>
</comp>

<comp id="708" class="1004" name="store_ln104_access_fu_708">
<pin_list>
<pin id="709" dir="0" index="0" bw="3" slack="0"/>
<pin id="710" dir="0" index="1" bw="8" slack="1"/>
<pin id="711" dir="0" index="2" bw="0" slack="2147483647"/>
<pin id="712" dir="1" index="3" bw="8" slack="2147483647"/>
</pin_list>
<bind>
<opcode="store(28) " fcode="store"/>
<opset="store_ln104/3 "/>
</bind>
</comp>

<comp id="714" class="1004" name="Q_tile_V_33_addr_gep_fu_714">
<pin_list>
<pin id="715" dir="0" index="0" bw="8" slack="0"/>
<pin id="716" dir="0" index="1" bw="1" slack="0"/>
<pin id="717" dir="0" index="2" bw="4" slack="0"/>
<pin id="718" dir="1" index="3" bw="3" slack="0"/>
</pin_list>
<bind>
<opcode="getelementptr(29) " fcode="getelementptr"/>
<opset="Q_tile_V_33_addr/3 "/>
</bind>
</comp>

<comp id="721" class="1004" name="store_ln104_access_fu_721">
<pin_list>
<pin id="722" dir="0" index="0" bw="3" slack="0"/>
<pin id="723" dir="0" index="1" bw="8" slack="1"/>
<pin id="724" dir="0" index="2" bw="0" slack="2147483647"/>
<pin id="725" dir="1" index="3" bw="8" slack="2147483647"/>
</pin_list>
<bind>
<opcode="store(28) " fcode="store"/>
<opset="store_ln104/3 "/>
</bind>
</comp>

<comp id="727" class="1004" name="Q_tile_V_32_addr_gep_fu_727">
<pin_list>
<pin id="728" dir="0" index="0" bw="8" slack="0"/>
<pin id="729" dir="0" index="1" bw="1" slack="0"/>
<pin id="730" dir="0" index="2" bw="4" slack="0"/>
<pin id="731" dir="1" index="3" bw="3" slack="0"/>
</pin_list>
<bind>
<opcode="getelementptr(29) " fcode="getelementptr"/>
<opset="Q_tile_V_32_addr/3 "/>
</bind>
</comp>

<comp id="734" class="1004" name="store_ln104_access_fu_734">
<pin_list>
<pin id="735" dir="0" index="0" bw="3" slack="0"/>
<pin id="736" dir="0" index="1" bw="8" slack="1"/>
<pin id="737" dir="0" index="2" bw="0" slack="2147483647"/>
<pin id="738" dir="1" index="3" bw="8" slack="2147483647"/>
</pin_list>
<bind>
<opcode="store(28) " fcode="store"/>
<opset="store_ln104/3 "/>
</bind>
</comp>

<comp id="740" class="1004" name="Q_tile_V_31_addr_gep_fu_740">
<pin_list>
<pin id="741" dir="0" index="0" bw="8" slack="0"/>
<pin id="742" dir="0" index="1" bw="1" slack="0"/>
<pin id="743" dir="0" index="2" bw="4" slack="0"/>
<pin id="744" dir="1" index="3" bw="3" slack="0"/>
</pin_list>
<bind>
<opcode="getelementptr(29) " fcode="getelementptr"/>
<opset="Q_tile_V_31_addr/3 "/>
</bind>
</comp>

<comp id="747" class="1004" name="store_ln104_access_fu_747">
<pin_list>
<pin id="748" dir="0" index="0" bw="3" slack="0"/>
<pin id="749" dir="0" index="1" bw="8" slack="1"/>
<pin id="750" dir="0" index="2" bw="0" slack="2147483647"/>
<pin id="751" dir="1" index="3" bw="8" slack="2147483647"/>
</pin_list>
<bind>
<opcode="store(28) " fcode="store"/>
<opset="store_ln104/3 "/>
</bind>
</comp>

<comp id="753" class="1004" name="Q_tile_V_30_addr_gep_fu_753">
<pin_list>
<pin id="754" dir="0" index="0" bw="8" slack="0"/>
<pin id="755" dir="0" index="1" bw="1" slack="0"/>
<pin id="756" dir="0" index="2" bw="4" slack="0"/>
<pin id="757" dir="1" index="3" bw="3" slack="0"/>
</pin_list>
<bind>
<opcode="getelementptr(29) " fcode="getelementptr"/>
<opset="Q_tile_V_30_addr/3 "/>
</bind>
</comp>

<comp id="760" class="1004" name="store_ln104_access_fu_760">
<pin_list>
<pin id="761" dir="0" index="0" bw="3" slack="0"/>
<pin id="762" dir="0" index="1" bw="8" slack="1"/>
<pin id="763" dir="0" index="2" bw="0" slack="2147483647"/>
<pin id="764" dir="1" index="3" bw="8" slack="2147483647"/>
</pin_list>
<bind>
<opcode="store(28) " fcode="store"/>
<opset="store_ln104/3 "/>
</bind>
</comp>

<comp id="766" class="1004" name="Q_tile_V_29_addr_gep_fu_766">
<pin_list>
<pin id="767" dir="0" index="0" bw="8" slack="0"/>
<pin id="768" dir="0" index="1" bw="1" slack="0"/>
<pin id="769" dir="0" index="2" bw="4" slack="0"/>
<pin id="770" dir="1" index="3" bw="3" slack="0"/>
</pin_list>
<bind>
<opcode="getelementptr(29) " fcode="getelementptr"/>
<opset="Q_tile_V_29_addr/3 "/>
</bind>
</comp>

<comp id="773" class="1004" name="store_ln104_access_fu_773">
<pin_list>
<pin id="774" dir="0" index="0" bw="3" slack="0"/>
<pin id="775" dir="0" index="1" bw="8" slack="1"/>
<pin id="776" dir="0" index="2" bw="0" slack="2147483647"/>
<pin id="777" dir="1" index="3" bw="8" slack="2147483647"/>
</pin_list>
<bind>
<opcode="store(28) " fcode="store"/>
<opset="store_ln104/3 "/>
</bind>
</comp>

<comp id="779" class="1004" name="Q_tile_V_28_addr_gep_fu_779">
<pin_list>
<pin id="780" dir="0" index="0" bw="8" slack="0"/>
<pin id="781" dir="0" index="1" bw="1" slack="0"/>
<pin id="782" dir="0" index="2" bw="4" slack="0"/>
<pin id="783" dir="1" index="3" bw="3" slack="0"/>
</pin_list>
<bind>
<opcode="getelementptr(29) " fcode="getelementptr"/>
<opset="Q_tile_V_28_addr/3 "/>
</bind>
</comp>

<comp id="786" class="1004" name="store_ln104_access_fu_786">
<pin_list>
<pin id="787" dir="0" index="0" bw="3" slack="0"/>
<pin id="788" dir="0" index="1" bw="8" slack="1"/>
<pin id="789" dir="0" index="2" bw="0" slack="2147483647"/>
<pin id="790" dir="1" index="3" bw="8" slack="2147483647"/>
</pin_list>
<bind>
<opcode="store(28) " fcode="store"/>
<opset="store_ln104/3 "/>
</bind>
</comp>

<comp id="792" class="1004" name="Q_tile_V_27_addr_gep_fu_792">
<pin_list>
<pin id="793" dir="0" index="0" bw="8" slack="0"/>
<pin id="794" dir="0" index="1" bw="1" slack="0"/>
<pin id="795" dir="0" index="2" bw="4" slack="0"/>
<pin id="796" dir="1" index="3" bw="3" slack="0"/>
</pin_list>
<bind>
<opcode="getelementptr(29) " fcode="getelementptr"/>
<opset="Q_tile_V_27_addr/3 "/>
</bind>
</comp>

<comp id="799" class="1004" name="store_ln104_access_fu_799">
<pin_list>
<pin id="800" dir="0" index="0" bw="3" slack="0"/>
<pin id="801" dir="0" index="1" bw="8" slack="1"/>
<pin id="802" dir="0" index="2" bw="0" slack="2147483647"/>
<pin id="803" dir="1" index="3" bw="8" slack="2147483647"/>
</pin_list>
<bind>
<opcode="store(28) " fcode="store"/>
<opset="store_ln104/3 "/>
</bind>
</comp>

<comp id="805" class="1004" name="Q_tile_V_26_addr_gep_fu_805">
<pin_list>
<pin id="806" dir="0" index="0" bw="8" slack="0"/>
<pin id="807" dir="0" index="1" bw="1" slack="0"/>
<pin id="808" dir="0" index="2" bw="4" slack="0"/>
<pin id="809" dir="1" index="3" bw="3" slack="0"/>
</pin_list>
<bind>
<opcode="getelementptr(29) " fcode="getelementptr"/>
<opset="Q_tile_V_26_addr/3 "/>
</bind>
</comp>

<comp id="812" class="1004" name="store_ln104_access_fu_812">
<pin_list>
<pin id="813" dir="0" index="0" bw="3" slack="0"/>
<pin id="814" dir="0" index="1" bw="8" slack="1"/>
<pin id="815" dir="0" index="2" bw="0" slack="2147483647"/>
<pin id="816" dir="1" index="3" bw="8" slack="2147483647"/>
</pin_list>
<bind>
<opcode="store(28) " fcode="store"/>
<opset="store_ln104/3 "/>
</bind>
</comp>

<comp id="818" class="1004" name="Q_tile_V_25_addr_gep_fu_818">
<pin_list>
<pin id="819" dir="0" index="0" bw="8" slack="0"/>
<pin id="820" dir="0" index="1" bw="1" slack="0"/>
<pin id="821" dir="0" index="2" bw="4" slack="0"/>
<pin id="822" dir="1" index="3" bw="3" slack="0"/>
</pin_list>
<bind>
<opcode="getelementptr(29) " fcode="getelementptr"/>
<opset="Q_tile_V_25_addr/3 "/>
</bind>
</comp>

<comp id="825" class="1004" name="store_ln104_access_fu_825">
<pin_list>
<pin id="826" dir="0" index="0" bw="3" slack="0"/>
<pin id="827" dir="0" index="1" bw="8" slack="1"/>
<pin id="828" dir="0" index="2" bw="0" slack="2147483647"/>
<pin id="829" dir="1" index="3" bw="8" slack="2147483647"/>
</pin_list>
<bind>
<opcode="store(28) " fcode="store"/>
<opset="store_ln104/3 "/>
</bind>
</comp>

<comp id="831" class="1004" name="Q_tile_V_24_addr_gep_fu_831">
<pin_list>
<pin id="832" dir="0" index="0" bw="8" slack="0"/>
<pin id="833" dir="0" index="1" bw="1" slack="0"/>
<pin id="834" dir="0" index="2" bw="4" slack="0"/>
<pin id="835" dir="1" index="3" bw="3" slack="0"/>
</pin_list>
<bind>
<opcode="getelementptr(29) " fcode="getelementptr"/>
<opset="Q_tile_V_24_addr/3 "/>
</bind>
</comp>

<comp id="838" class="1004" name="store_ln104_access_fu_838">
<pin_list>
<pin id="839" dir="0" index="0" bw="3" slack="0"/>
<pin id="840" dir="0" index="1" bw="8" slack="1"/>
<pin id="841" dir="0" index="2" bw="0" slack="2147483647"/>
<pin id="842" dir="1" index="3" bw="8" slack="2147483647"/>
</pin_list>
<bind>
<opcode="store(28) " fcode="store"/>
<opset="store_ln104/3 "/>
</bind>
</comp>

<comp id="844" class="1004" name="Q_tile_V_23_addr_gep_fu_844">
<pin_list>
<pin id="845" dir="0" index="0" bw="8" slack="0"/>
<pin id="846" dir="0" index="1" bw="1" slack="0"/>
<pin id="847" dir="0" index="2" bw="4" slack="0"/>
<pin id="848" dir="1" index="3" bw="3" slack="0"/>
</pin_list>
<bind>
<opcode="getelementptr(29) " fcode="getelementptr"/>
<opset="Q_tile_V_23_addr/3 "/>
</bind>
</comp>

<comp id="851" class="1004" name="store_ln104_access_fu_851">
<pin_list>
<pin id="852" dir="0" index="0" bw="3" slack="0"/>
<pin id="853" dir="0" index="1" bw="8" slack="1"/>
<pin id="854" dir="0" index="2" bw="0" slack="2147483647"/>
<pin id="855" dir="1" index="3" bw="8" slack="2147483647"/>
</pin_list>
<bind>
<opcode="store(28) " fcode="store"/>
<opset="store_ln104/3 "/>
</bind>
</comp>

<comp id="857" class="1004" name="Q_tile_V_22_addr_gep_fu_857">
<pin_list>
<pin id="858" dir="0" index="0" bw="8" slack="0"/>
<pin id="859" dir="0" index="1" bw="1" slack="0"/>
<pin id="860" dir="0" index="2" bw="4" slack="0"/>
<pin id="861" dir="1" index="3" bw="3" slack="0"/>
</pin_list>
<bind>
<opcode="getelementptr(29) " fcode="getelementptr"/>
<opset="Q_tile_V_22_addr/3 "/>
</bind>
</comp>

<comp id="864" class="1004" name="store_ln104_access_fu_864">
<pin_list>
<pin id="865" dir="0" index="0" bw="3" slack="0"/>
<pin id="866" dir="0" index="1" bw="8" slack="1"/>
<pin id="867" dir="0" index="2" bw="0" slack="2147483647"/>
<pin id="868" dir="1" index="3" bw="8" slack="2147483647"/>
</pin_list>
<bind>
<opcode="store(28) " fcode="store"/>
<opset="store_ln104/3 "/>
</bind>
</comp>

<comp id="870" class="1004" name="Q_tile_V_21_addr_gep_fu_870">
<pin_list>
<pin id="871" dir="0" index="0" bw="8" slack="0"/>
<pin id="872" dir="0" index="1" bw="1" slack="0"/>
<pin id="873" dir="0" index="2" bw="4" slack="0"/>
<pin id="874" dir="1" index="3" bw="3" slack="0"/>
</pin_list>
<bind>
<opcode="getelementptr(29) " fcode="getelementptr"/>
<opset="Q_tile_V_21_addr/3 "/>
</bind>
</comp>

<comp id="877" class="1004" name="store_ln104_access_fu_877">
<pin_list>
<pin id="878" dir="0" index="0" bw="3" slack="0"/>
<pin id="879" dir="0" index="1" bw="8" slack="1"/>
<pin id="880" dir="0" index="2" bw="0" slack="2147483647"/>
<pin id="881" dir="1" index="3" bw="8" slack="2147483647"/>
</pin_list>
<bind>
<opcode="store(28) " fcode="store"/>
<opset="store_ln104/3 "/>
</bind>
</comp>

<comp id="883" class="1004" name="Q_tile_V_20_addr_gep_fu_883">
<pin_list>
<pin id="884" dir="0" index="0" bw="8" slack="0"/>
<pin id="885" dir="0" index="1" bw="1" slack="0"/>
<pin id="886" dir="0" index="2" bw="4" slack="0"/>
<pin id="887" dir="1" index="3" bw="3" slack="0"/>
</pin_list>
<bind>
<opcode="getelementptr(29) " fcode="getelementptr"/>
<opset="Q_tile_V_20_addr/3 "/>
</bind>
</comp>

<comp id="890" class="1004" name="store_ln104_access_fu_890">
<pin_list>
<pin id="891" dir="0" index="0" bw="3" slack="0"/>
<pin id="892" dir="0" index="1" bw="8" slack="1"/>
<pin id="893" dir="0" index="2" bw="0" slack="2147483647"/>
<pin id="894" dir="1" index="3" bw="8" slack="2147483647"/>
</pin_list>
<bind>
<opcode="store(28) " fcode="store"/>
<opset="store_ln104/3 "/>
</bind>
</comp>

<comp id="896" class="1004" name="Q_tile_V_19_addr_gep_fu_896">
<pin_list>
<pin id="897" dir="0" index="0" bw="8" slack="0"/>
<pin id="898" dir="0" index="1" bw="1" slack="0"/>
<pin id="899" dir="0" index="2" bw="4" slack="0"/>
<pin id="900" dir="1" index="3" bw="3" slack="0"/>
</pin_list>
<bind>
<opcode="getelementptr(29) " fcode="getelementptr"/>
<opset="Q_tile_V_19_addr/3 "/>
</bind>
</comp>

<comp id="903" class="1004" name="store_ln104_access_fu_903">
<pin_list>
<pin id="904" dir="0" index="0" bw="3" slack="0"/>
<pin id="905" dir="0" index="1" bw="8" slack="1"/>
<pin id="906" dir="0" index="2" bw="0" slack="2147483647"/>
<pin id="907" dir="1" index="3" bw="8" slack="2147483647"/>
</pin_list>
<bind>
<opcode="store(28) " fcode="store"/>
<opset="store_ln104/3 "/>
</bind>
</comp>

<comp id="909" class="1004" name="Q_tile_V_18_addr_gep_fu_909">
<pin_list>
<pin id="910" dir="0" index="0" bw="8" slack="0"/>
<pin id="911" dir="0" index="1" bw="1" slack="0"/>
<pin id="912" dir="0" index="2" bw="4" slack="0"/>
<pin id="913" dir="1" index="3" bw="3" slack="0"/>
</pin_list>
<bind>
<opcode="getelementptr(29) " fcode="getelementptr"/>
<opset="Q_tile_V_18_addr/3 "/>
</bind>
</comp>

<comp id="916" class="1004" name="store_ln104_access_fu_916">
<pin_list>
<pin id="917" dir="0" index="0" bw="3" slack="0"/>
<pin id="918" dir="0" index="1" bw="8" slack="1"/>
<pin id="919" dir="0" index="2" bw="0" slack="2147483647"/>
<pin id="920" dir="1" index="3" bw="8" slack="2147483647"/>
</pin_list>
<bind>
<opcode="store(28) " fcode="store"/>
<opset="store_ln104/3 "/>
</bind>
</comp>

<comp id="922" class="1004" name="Q_tile_V_17_addr_gep_fu_922">
<pin_list>
<pin id="923" dir="0" index="0" bw="8" slack="0"/>
<pin id="924" dir="0" index="1" bw="1" slack="0"/>
<pin id="925" dir="0" index="2" bw="4" slack="0"/>
<pin id="926" dir="1" index="3" bw="3" slack="0"/>
</pin_list>
<bind>
<opcode="getelementptr(29) " fcode="getelementptr"/>
<opset="Q_tile_V_17_addr/3 "/>
</bind>
</comp>

<comp id="929" class="1004" name="store_ln104_access_fu_929">
<pin_list>
<pin id="930" dir="0" index="0" bw="3" slack="0"/>
<pin id="931" dir="0" index="1" bw="8" slack="1"/>
<pin id="932" dir="0" index="2" bw="0" slack="2147483647"/>
<pin id="933" dir="1" index="3" bw="8" slack="2147483647"/>
</pin_list>
<bind>
<opcode="store(28) " fcode="store"/>
<opset="store_ln104/3 "/>
</bind>
</comp>

<comp id="935" class="1004" name="Q_tile_V_16_addr_gep_fu_935">
<pin_list>
<pin id="936" dir="0" index="0" bw="8" slack="0"/>
<pin id="937" dir="0" index="1" bw="1" slack="0"/>
<pin id="938" dir="0" index="2" bw="4" slack="0"/>
<pin id="939" dir="1" index="3" bw="3" slack="0"/>
</pin_list>
<bind>
<opcode="getelementptr(29) " fcode="getelementptr"/>
<opset="Q_tile_V_16_addr/3 "/>
</bind>
</comp>

<comp id="942" class="1004" name="store_ln104_access_fu_942">
<pin_list>
<pin id="943" dir="0" index="0" bw="3" slack="0"/>
<pin id="944" dir="0" index="1" bw="8" slack="1"/>
<pin id="945" dir="0" index="2" bw="0" slack="2147483647"/>
<pin id="946" dir="1" index="3" bw="8" slack="2147483647"/>
</pin_list>
<bind>
<opcode="store(28) " fcode="store"/>
<opset="store_ln104/3 "/>
</bind>
</comp>

<comp id="948" class="1004" name="Q_tile_V_15_addr_gep_fu_948">
<pin_list>
<pin id="949" dir="0" index="0" bw="8" slack="0"/>
<pin id="950" dir="0" index="1" bw="1" slack="0"/>
<pin id="951" dir="0" index="2" bw="4" slack="0"/>
<pin id="952" dir="1" index="3" bw="3" slack="0"/>
</pin_list>
<bind>
<opcode="getelementptr(29) " fcode="getelementptr"/>
<opset="Q_tile_V_15_addr/3 "/>
</bind>
</comp>

<comp id="955" class="1004" name="store_ln104_access_fu_955">
<pin_list>
<pin id="956" dir="0" index="0" bw="3" slack="0"/>
<pin id="957" dir="0" index="1" bw="8" slack="1"/>
<pin id="958" dir="0" index="2" bw="0" slack="2147483647"/>
<pin id="959" dir="1" index="3" bw="8" slack="2147483647"/>
</pin_list>
<bind>
<opcode="store(28) " fcode="store"/>
<opset="store_ln104/3 "/>
</bind>
</comp>

<comp id="961" class="1004" name="Q_tile_V_14_addr_gep_fu_961">
<pin_list>
<pin id="962" dir="0" index="0" bw="8" slack="0"/>
<pin id="963" dir="0" index="1" bw="1" slack="0"/>
<pin id="964" dir="0" index="2" bw="4" slack="0"/>
<pin id="965" dir="1" index="3" bw="3" slack="0"/>
</pin_list>
<bind>
<opcode="getelementptr(29) " fcode="getelementptr"/>
<opset="Q_tile_V_14_addr/3 "/>
</bind>
</comp>

<comp id="968" class="1004" name="store_ln104_access_fu_968">
<pin_list>
<pin id="969" dir="0" index="0" bw="3" slack="0"/>
<pin id="970" dir="0" index="1" bw="8" slack="1"/>
<pin id="971" dir="0" index="2" bw="0" slack="2147483647"/>
<pin id="972" dir="1" index="3" bw="8" slack="2147483647"/>
</pin_list>
<bind>
<opcode="store(28) " fcode="store"/>
<opset="store_ln104/3 "/>
</bind>
</comp>

<comp id="974" class="1004" name="Q_tile_V_13_addr_gep_fu_974">
<pin_list>
<pin id="975" dir="0" index="0" bw="8" slack="0"/>
<pin id="976" dir="0" index="1" bw="1" slack="0"/>
<pin id="977" dir="0" index="2" bw="4" slack="0"/>
<pin id="978" dir="1" index="3" bw="3" slack="0"/>
</pin_list>
<bind>
<opcode="getelementptr(29) " fcode="getelementptr"/>
<opset="Q_tile_V_13_addr/3 "/>
</bind>
</comp>

<comp id="981" class="1004" name="store_ln104_access_fu_981">
<pin_list>
<pin id="982" dir="0" index="0" bw="3" slack="0"/>
<pin id="983" dir="0" index="1" bw="8" slack="1"/>
<pin id="984" dir="0" index="2" bw="0" slack="2147483647"/>
<pin id="985" dir="1" index="3" bw="8" slack="2147483647"/>
</pin_list>
<bind>
<opcode="store(28) " fcode="store"/>
<opset="store_ln104/3 "/>
</bind>
</comp>

<comp id="987" class="1004" name="Q_tile_V_12_addr_gep_fu_987">
<pin_list>
<pin id="988" dir="0" index="0" bw="8" slack="0"/>
<pin id="989" dir="0" index="1" bw="1" slack="0"/>
<pin id="990" dir="0" index="2" bw="4" slack="0"/>
<pin id="991" dir="1" index="3" bw="3" slack="0"/>
</pin_list>
<bind>
<opcode="getelementptr(29) " fcode="getelementptr"/>
<opset="Q_tile_V_12_addr/3 "/>
</bind>
</comp>

<comp id="994" class="1004" name="store_ln104_access_fu_994">
<pin_list>
<pin id="995" dir="0" index="0" bw="3" slack="0"/>
<pin id="996" dir="0" index="1" bw="8" slack="1"/>
<pin id="997" dir="0" index="2" bw="0" slack="2147483647"/>
<pin id="998" dir="1" index="3" bw="8" slack="2147483647"/>
</pin_list>
<bind>
<opcode="store(28) " fcode="store"/>
<opset="store_ln104/3 "/>
</bind>
</comp>

<comp id="1000" class="1004" name="Q_tile_V_11_addr_gep_fu_1000">
<pin_list>
<pin id="1001" dir="0" index="0" bw="8" slack="0"/>
<pin id="1002" dir="0" index="1" bw="1" slack="0"/>
<pin id="1003" dir="0" index="2" bw="4" slack="0"/>
<pin id="1004" dir="1" index="3" bw="3" slack="0"/>
</pin_list>
<bind>
<opcode="getelementptr(29) " fcode="getelementptr"/>
<opset="Q_tile_V_11_addr/3 "/>
</bind>
</comp>

<comp id="1007" class="1004" name="store_ln104_access_fu_1007">
<pin_list>
<pin id="1008" dir="0" index="0" bw="3" slack="0"/>
<pin id="1009" dir="0" index="1" bw="8" slack="1"/>
<pin id="1010" dir="0" index="2" bw="0" slack="2147483647"/>
<pin id="1011" dir="1" index="3" bw="8" slack="2147483647"/>
</pin_list>
<bind>
<opcode="store(28) " fcode="store"/>
<opset="store_ln104/3 "/>
</bind>
</comp>

<comp id="1013" class="1004" name="Q_tile_V_10_addr_gep_fu_1013">
<pin_list>
<pin id="1014" dir="0" index="0" bw="8" slack="0"/>
<pin id="1015" dir="0" index="1" bw="1" slack="0"/>
<pin id="1016" dir="0" index="2" bw="4" slack="0"/>
<pin id="1017" dir="1" index="3" bw="3" slack="0"/>
</pin_list>
<bind>
<opcode="getelementptr(29) " fcode="getelementptr"/>
<opset="Q_tile_V_10_addr/3 "/>
</bind>
</comp>

<comp id="1020" class="1004" name="store_ln104_access_fu_1020">
<pin_list>
<pin id="1021" dir="0" index="0" bw="3" slack="0"/>
<pin id="1022" dir="0" index="1" bw="8" slack="1"/>
<pin id="1023" dir="0" index="2" bw="0" slack="2147483647"/>
<pin id="1024" dir="1" index="3" bw="8" slack="2147483647"/>
</pin_list>
<bind>
<opcode="store(28) " fcode="store"/>
<opset="store_ln104/3 "/>
</bind>
</comp>

<comp id="1026" class="1004" name="Q_tile_V_9_addr_gep_fu_1026">
<pin_list>
<pin id="1027" dir="0" index="0" bw="8" slack="0"/>
<pin id="1028" dir="0" index="1" bw="1" slack="0"/>
<pin id="1029" dir="0" index="2" bw="4" slack="0"/>
<pin id="1030" dir="1" index="3" bw="3" slack="0"/>
</pin_list>
<bind>
<opcode="getelementptr(29) " fcode="getelementptr"/>
<opset="Q_tile_V_9_addr/3 "/>
</bind>
</comp>

<comp id="1033" class="1004" name="store_ln104_access_fu_1033">
<pin_list>
<pin id="1034" dir="0" index="0" bw="3" slack="0"/>
<pin id="1035" dir="0" index="1" bw="8" slack="1"/>
<pin id="1036" dir="0" index="2" bw="0" slack="2147483647"/>
<pin id="1037" dir="1" index="3" bw="8" slack="2147483647"/>
</pin_list>
<bind>
<opcode="store(28) " fcode="store"/>
<opset="store_ln104/3 "/>
</bind>
</comp>

<comp id="1039" class="1004" name="Q_tile_V_8_addr_gep_fu_1039">
<pin_list>
<pin id="1040" dir="0" index="0" bw="8" slack="0"/>
<pin id="1041" dir="0" index="1" bw="1" slack="0"/>
<pin id="1042" dir="0" index="2" bw="4" slack="0"/>
<pin id="1043" dir="1" index="3" bw="3" slack="0"/>
</pin_list>
<bind>
<opcode="getelementptr(29) " fcode="getelementptr"/>
<opset="Q_tile_V_8_addr/3 "/>
</bind>
</comp>

<comp id="1046" class="1004" name="store_ln104_access_fu_1046">
<pin_list>
<pin id="1047" dir="0" index="0" bw="3" slack="0"/>
<pin id="1048" dir="0" index="1" bw="8" slack="1"/>
<pin id="1049" dir="0" index="2" bw="0" slack="2147483647"/>
<pin id="1050" dir="1" index="3" bw="8" slack="2147483647"/>
</pin_list>
<bind>
<opcode="store(28) " fcode="store"/>
<opset="store_ln104/3 "/>
</bind>
</comp>

<comp id="1052" class="1004" name="Q_tile_V_7_addr_gep_fu_1052">
<pin_list>
<pin id="1053" dir="0" index="0" bw="8" slack="0"/>
<pin id="1054" dir="0" index="1" bw="1" slack="0"/>
<pin id="1055" dir="0" index="2" bw="4" slack="0"/>
<pin id="1056" dir="1" index="3" bw="3" slack="0"/>
</pin_list>
<bind>
<opcode="getelementptr(29) " fcode="getelementptr"/>
<opset="Q_tile_V_7_addr/3 "/>
</bind>
</comp>

<comp id="1059" class="1004" name="store_ln104_access_fu_1059">
<pin_list>
<pin id="1060" dir="0" index="0" bw="3" slack="0"/>
<pin id="1061" dir="0" index="1" bw="8" slack="1"/>
<pin id="1062" dir="0" index="2" bw="0" slack="2147483647"/>
<pin id="1063" dir="1" index="3" bw="8" slack="2147483647"/>
</pin_list>
<bind>
<opcode="store(28) " fcode="store"/>
<opset="store_ln104/3 "/>
</bind>
</comp>

<comp id="1065" class="1004" name="Q_tile_V_6_addr_gep_fu_1065">
<pin_list>
<pin id="1066" dir="0" index="0" bw="8" slack="0"/>
<pin id="1067" dir="0" index="1" bw="1" slack="0"/>
<pin id="1068" dir="0" index="2" bw="4" slack="0"/>
<pin id="1069" dir="1" index="3" bw="3" slack="0"/>
</pin_list>
<bind>
<opcode="getelementptr(29) " fcode="getelementptr"/>
<opset="Q_tile_V_6_addr/3 "/>
</bind>
</comp>

<comp id="1072" class="1004" name="store_ln104_access_fu_1072">
<pin_list>
<pin id="1073" dir="0" index="0" bw="3" slack="0"/>
<pin id="1074" dir="0" index="1" bw="8" slack="1"/>
<pin id="1075" dir="0" index="2" bw="0" slack="2147483647"/>
<pin id="1076" dir="1" index="3" bw="8" slack="2147483647"/>
</pin_list>
<bind>
<opcode="store(28) " fcode="store"/>
<opset="store_ln104/3 "/>
</bind>
</comp>

<comp id="1078" class="1004" name="Q_tile_V_5_addr_gep_fu_1078">
<pin_list>
<pin id="1079" dir="0" index="0" bw="8" slack="0"/>
<pin id="1080" dir="0" index="1" bw="1" slack="0"/>
<pin id="1081" dir="0" index="2" bw="4" slack="0"/>
<pin id="1082" dir="1" index="3" bw="3" slack="0"/>
</pin_list>
<bind>
<opcode="getelementptr(29) " fcode="getelementptr"/>
<opset="Q_tile_V_5_addr/3 "/>
</bind>
</comp>

<comp id="1085" class="1004" name="store_ln104_access_fu_1085">
<pin_list>
<pin id="1086" dir="0" index="0" bw="3" slack="0"/>
<pin id="1087" dir="0" index="1" bw="8" slack="1"/>
<pin id="1088" dir="0" index="2" bw="0" slack="2147483647"/>
<pin id="1089" dir="1" index="3" bw="8" slack="2147483647"/>
</pin_list>
<bind>
<opcode="store(28) " fcode="store"/>
<opset="store_ln104/3 "/>
</bind>
</comp>

<comp id="1091" class="1004" name="Q_tile_V_4_addr_gep_fu_1091">
<pin_list>
<pin id="1092" dir="0" index="0" bw="8" slack="0"/>
<pin id="1093" dir="0" index="1" bw="1" slack="0"/>
<pin id="1094" dir="0" index="2" bw="4" slack="0"/>
<pin id="1095" dir="1" index="3" bw="3" slack="0"/>
</pin_list>
<bind>
<opcode="getelementptr(29) " fcode="getelementptr"/>
<opset="Q_tile_V_4_addr/3 "/>
</bind>
</comp>

<comp id="1098" class="1004" name="store_ln104_access_fu_1098">
<pin_list>
<pin id="1099" dir="0" index="0" bw="3" slack="0"/>
<pin id="1100" dir="0" index="1" bw="8" slack="1"/>
<pin id="1101" dir="0" index="2" bw="0" slack="2147483647"/>
<pin id="1102" dir="1" index="3" bw="8" slack="2147483647"/>
</pin_list>
<bind>
<opcode="store(28) " fcode="store"/>
<opset="store_ln104/3 "/>
</bind>
</comp>

<comp id="1104" class="1004" name="Q_tile_V_3_addr_gep_fu_1104">
<pin_list>
<pin id="1105" dir="0" index="0" bw="8" slack="0"/>
<pin id="1106" dir="0" index="1" bw="1" slack="0"/>
<pin id="1107" dir="0" index="2" bw="4" slack="0"/>
<pin id="1108" dir="1" index="3" bw="3" slack="0"/>
</pin_list>
<bind>
<opcode="getelementptr(29) " fcode="getelementptr"/>
<opset="Q_tile_V_3_addr/3 "/>
</bind>
</comp>

<comp id="1111" class="1004" name="store_ln104_access_fu_1111">
<pin_list>
<pin id="1112" dir="0" index="0" bw="3" slack="0"/>
<pin id="1113" dir="0" index="1" bw="8" slack="1"/>
<pin id="1114" dir="0" index="2" bw="0" slack="2147483647"/>
<pin id="1115" dir="1" index="3" bw="8" slack="2147483647"/>
</pin_list>
<bind>
<opcode="store(28) " fcode="store"/>
<opset="store_ln104/3 "/>
</bind>
</comp>

<comp id="1117" class="1004" name="Q_tile_V_2_addr_gep_fu_1117">
<pin_list>
<pin id="1118" dir="0" index="0" bw="8" slack="0"/>
<pin id="1119" dir="0" index="1" bw="1" slack="0"/>
<pin id="1120" dir="0" index="2" bw="4" slack="0"/>
<pin id="1121" dir="1" index="3" bw="3" slack="0"/>
</pin_list>
<bind>
<opcode="getelementptr(29) " fcode="getelementptr"/>
<opset="Q_tile_V_2_addr/3 "/>
</bind>
</comp>

<comp id="1124" class="1004" name="store_ln104_access_fu_1124">
<pin_list>
<pin id="1125" dir="0" index="0" bw="3" slack="0"/>
<pin id="1126" dir="0" index="1" bw="8" slack="1"/>
<pin id="1127" dir="0" index="2" bw="0" slack="2147483647"/>
<pin id="1128" dir="1" index="3" bw="8" slack="2147483647"/>
</pin_list>
<bind>
<opcode="store(28) " fcode="store"/>
<opset="store_ln104/3 "/>
</bind>
</comp>

<comp id="1130" class="1004" name="Q_tile_V_1_addr_gep_fu_1130">
<pin_list>
<pin id="1131" dir="0" index="0" bw="8" slack="0"/>
<pin id="1132" dir="0" index="1" bw="1" slack="0"/>
<pin id="1133" dir="0" index="2" bw="4" slack="0"/>
<pin id="1134" dir="1" index="3" bw="3" slack="0"/>
</pin_list>
<bind>
<opcode="getelementptr(29) " fcode="getelementptr"/>
<opset="Q_tile_V_1_addr/3 "/>
</bind>
</comp>

<comp id="1137" class="1004" name="store_ln104_access_fu_1137">
<pin_list>
<pin id="1138" dir="0" index="0" bw="3" slack="0"/>
<pin id="1139" dir="0" index="1" bw="8" slack="1"/>
<pin id="1140" dir="0" index="2" bw="0" slack="2147483647"/>
<pin id="1141" dir="1" index="3" bw="8" slack="2147483647"/>
</pin_list>
<bind>
<opcode="store(28) " fcode="store"/>
<opset="store_ln104/3 "/>
</bind>
</comp>

<comp id="1143" class="1004" name="Q_tile_V_addr_gep_fu_1143">
<pin_list>
<pin id="1144" dir="0" index="0" bw="8" slack="0"/>
<pin id="1145" dir="0" index="1" bw="1" slack="0"/>
<pin id="1146" dir="0" index="2" bw="4" slack="0"/>
<pin id="1147" dir="1" index="3" bw="3" slack="0"/>
</pin_list>
<bind>
<opcode="getelementptr(29) " fcode="getelementptr"/>
<opset="Q_tile_V_addr/3 "/>
</bind>
</comp>

<comp id="1150" class="1004" name="store_ln104_access_fu_1150">
<pin_list>
<pin id="1151" dir="0" index="0" bw="3" slack="0"/>
<pin id="1152" dir="0" index="1" bw="8" slack="1"/>
<pin id="1153" dir="0" index="2" bw="0" slack="2147483647"/>
<pin id="1154" dir="1" index="3" bw="8" slack="2147483647"/>
</pin_list>
<bind>
<opcode="store(28) " fcode="store"/>
<opset="store_ln104/3 "/>
</bind>
</comp>

<comp id="1156" class="1004" name="Q_tile_V_63_addr_gep_fu_1156">
<pin_list>
<pin id="1157" dir="0" index="0" bw="8" slack="0"/>
<pin id="1158" dir="0" index="1" bw="1" slack="0"/>
<pin id="1159" dir="0" index="2" bw="4" slack="0"/>
<pin id="1160" dir="1" index="3" bw="3" slack="0"/>
</pin_list>
<bind>
<opcode="getelementptr(29) " fcode="getelementptr"/>
<opset="Q_tile_V_63_addr/3 "/>
</bind>
</comp>

<comp id="1163" class="1004" name="store_ln104_access_fu_1163">
<pin_list>
<pin id="1164" dir="0" index="0" bw="3" slack="0"/>
<pin id="1165" dir="0" index="1" bw="8" slack="1"/>
<pin id="1166" dir="0" index="2" bw="0" slack="2147483647"/>
<pin id="1167" dir="1" index="3" bw="8" slack="2147483647"/>
</pin_list>
<bind>
<opcode="store(28) " fcode="store"/>
<opset="store_ln104/3 "/>
</bind>
</comp>

<comp id="1169" class="1004" name="store_ln0_store_fu_1169">
<pin_list>
<pin id="1170" dir="0" index="0" bw="1" slack="0"/>
<pin id="1171" dir="0" index="1" bw="10" slack="0"/>
<pin id="1172" dir="1" index="2" bw="0" slack="2147483647"/>
</pin_list>
<bind>
<opcode="store(28) " fcode="store"/>
<opset="store_ln0/1 "/>
</bind>
</comp>

<comp id="1174" class="1004" name="store_ln0_store_fu_1174">
<pin_list>
<pin id="1175" dir="0" index="0" bw="1" slack="0"/>
<pin id="1176" dir="0" index="1" bw="4" slack="0"/>
<pin id="1177" dir="1" index="2" bw="0" slack="2147483647"/>
</pin_list>
<bind>
<opcode="store(28) " fcode="store"/>
<opset="store_ln0/1 "/>
</bind>
</comp>

<comp id="1179" class="1004" name="store_ln0_store_fu_1179">
<pin_list>
<pin id="1180" dir="0" index="0" bw="1" slack="0"/>
<pin id="1181" dir="0" index="1" bw="7" slack="0"/>
<pin id="1182" dir="1" index="2" bw="0" slack="2147483647"/>
</pin_list>
<bind>
<opcode="store(28) " fcode="store"/>
<opset="store_ln0/1 "/>
</bind>
</comp>

<comp id="1184" class="1004" name="indvar_flatten_load_load_fu_1184">
<pin_list>
<pin id="1185" dir="0" index="0" bw="10" slack="0"/>
<pin id="1186" dir="1" index="1" bw="10" slack="0"/>
</pin_list>
<bind>
<opcode="load(27) " fcode="load"/>
<opset="indvar_flatten_load/1 "/>
</bind>
</comp>

<comp id="1187" class="1004" name="gmem0_addr_fu_1187">
<pin_list>
<pin id="1188" dir="0" index="0" bw="64" slack="0"/>
<pin id="1189" dir="0" index="1" bw="64" slack="0"/>
<pin id="1190" dir="1" index="2" bw="64" slack="1"/>
</pin_list>
<bind>
<opcode="getelementptr(29) " fcode="getelementptr"/>
<opset="gmem0_addr/1 "/>
</bind>
</comp>

<comp id="1193" class="1004" name="icmp_ln101_fu_1193">
<pin_list>
<pin id="1194" dir="0" index="0" bw="10" slack="0"/>
<pin id="1195" dir="0" index="1" bw="10" slack="0"/>
<pin id="1196" dir="1" index="2" bw="1" slack="1"/>
</pin_list>
<bind>
<opcode="icmp(45) " fcode="icmp"/>
<opset="icmp_ln101/1 "/>
</bind>
</comp>

<comp id="1199" class="1004" name="add_ln101_1_fu_1199">
<pin_list>
<pin id="1200" dir="0" index="0" bw="10" slack="0"/>
<pin id="1201" dir="0" index="1" bw="1" slack="0"/>
<pin id="1202" dir="1" index="2" bw="10" slack="0"/>
</pin_list>
<bind>
<opcode="add(8) " fcode="add"/>
<opset="add_ln101_1/1 "/>
</bind>
</comp>

<comp id="1205" class="1004" name="store_ln102_store_fu_1205">
<pin_list>
<pin id="1206" dir="0" index="0" bw="10" slack="0"/>
<pin id="1207" dir="0" index="1" bw="10" slack="0"/>
<pin id="1208" dir="1" index="2" bw="0" slack="2147483647"/>
</pin_list>
<bind>
<opcode="store(28) " fcode="store"/>
<opset="store_ln102/1 "/>
</bind>
</comp>

<comp id="1210" class="1004" name="d_load_load_fu_1210">
<pin_list>
<pin id="1211" dir="0" index="0" bw="7" slack="2"/>
<pin id="1212" dir="1" index="1" bw="7" slack="0"/>
</pin_list>
<bind>
<opcode="load(27) " fcode="load"/>
<opset="d_load/3 "/>
</bind>
</comp>

<comp id="1213" class="1004" name="i_load_load_fu_1213">
<pin_list>
<pin id="1214" dir="0" index="0" bw="4" slack="2"/>
<pin id="1215" dir="1" index="1" bw="4" slack="0"/>
</pin_list>
<bind>
<opcode="load(27) " fcode="load"/>
<opset="i_load/3 "/>
</bind>
</comp>

<comp id="1216" class="1004" name="add_ln101_fu_1216">
<pin_list>
<pin id="1217" dir="0" index="0" bw="4" slack="0"/>
<pin id="1218" dir="0" index="1" bw="1" slack="0"/>
<pin id="1219" dir="1" index="2" bw="4" slack="0"/>
</pin_list>
<bind>
<opcode="add(8) " fcode="add"/>
<opset="add_ln101/3 "/>
</bind>
</comp>

<comp id="1222" class="1004" name="icmp_ln102_fu_1222">
<pin_list>
<pin id="1223" dir="0" index="0" bw="7" slack="0"/>
<pin id="1224" dir="0" index="1" bw="7" slack="0"/>
<pin id="1225" dir="1" index="2" bw="1" slack="0"/>
</pin_list>
<bind>
<opcode="icmp(45) " fcode="icmp"/>
<opset="icmp_ln102/3 "/>
</bind>
</comp>

<comp id="1228" class="1004" name="select_ln101_fu_1228">
<pin_list>
<pin id="1229" dir="0" index="0" bw="1" slack="0"/>
<pin id="1230" dir="0" index="1" bw="7" slack="0"/>
<pin id="1231" dir="0" index="2" bw="7" slack="0"/>
<pin id="1232" dir="1" index="3" bw="7" slack="0"/>
</pin_list>
<bind>
<opcode="select(49) " fcode="select"/>
<opset="select_ln101/3 "/>
</bind>
</comp>

<comp id="1236" class="1004" name="select_ln101_1_fu_1236">
<pin_list>
<pin id="1237" dir="0" index="0" bw="1" slack="0"/>
<pin id="1238" dir="0" index="1" bw="4" slack="0"/>
<pin id="1239" dir="0" index="2" bw="4" slack="0"/>
<pin id="1240" dir="1" index="3" bw="4" slack="0"/>
</pin_list>
<bind>
<opcode="select(49) " fcode="select"/>
<opset="select_ln101_1/3 "/>
</bind>
</comp>

<comp id="1244" class="1004" name="zext_ln101_fu_1244">
<pin_list>
<pin id="1245" dir="0" index="0" bw="4" slack="0"/>
<pin id="1246" dir="1" index="1" bw="64" slack="0"/>
</pin_list>
<bind>
<opcode="zext(34) " fcode="zext"/>
<opset="zext_ln101/3 "/>
</bind>
</comp>

<comp id="1312" class="1004" name="trunc_ln104_fu_1312">
<pin_list>
<pin id="1313" dir="0" index="0" bw="7" slack="0"/>
<pin id="1314" dir="1" index="1" bw="6" slack="2147483647"/>
</pin_list>
<bind>
<opcode="trunc(33) " fcode="trunc"/>
<opset="trunc_ln104/3 "/>
</bind>
</comp>

<comp id="1316" class="1004" name="add_ln102_fu_1316">
<pin_list>
<pin id="1317" dir="0" index="0" bw="7" slack="0"/>
<pin id="1318" dir="0" index="1" bw="1" slack="0"/>
<pin id="1319" dir="1" index="2" bw="7" slack="0"/>
</pin_list>
<bind>
<opcode="add(8) " fcode="add"/>
<opset="add_ln102/3 "/>
</bind>
</comp>

<comp id="1322" class="1004" name="store_ln102_store_fu_1322">
<pin_list>
<pin id="1323" dir="0" index="0" bw="4" slack="0"/>
<pin id="1324" dir="0" index="1" bw="4" slack="2"/>
<pin id="1325" dir="1" index="2" bw="0" slack="2147483647"/>
</pin_list>
<bind>
<opcode="store(28) " fcode="store"/>
<opset="store_ln102/3 "/>
</bind>
</comp>

<comp id="1327" class="1004" name="store_ln102_store_fu_1327">
<pin_list>
<pin id="1328" dir="0" index="0" bw="7" slack="0"/>
<pin id="1329" dir="0" index="1" bw="7" slack="2"/>
<pin id="1330" dir="1" index="2" bw="0" slack="2147483647"/>
</pin_list>
<bind>
<opcode="store(28) " fcode="store"/>
<opset="store_ln102/3 "/>
</bind>
</comp>

<comp id="1332" class="1005" name="d_reg_1332">
<pin_list>
<pin id="1333" dir="0" index="0" bw="7" slack="0"/>
<pin id="1334" dir="1" index="1" bw="7" slack="0"/>
</pin_list>
<bind>
<opset="d "/>
</bind>
</comp>

<comp id="1339" class="1005" name="i_reg_1339">
<pin_list>
<pin id="1340" dir="0" index="0" bw="4" slack="0"/>
<pin id="1341" dir="1" index="1" bw="4" slack="0"/>
</pin_list>
<bind>
<opset="i "/>
</bind>
</comp>

<comp id="1346" class="1005" name="indvar_flatten_reg_1346">
<pin_list>
<pin id="1347" dir="0" index="0" bw="10" slack="0"/>
<pin id="1348" dir="1" index="1" bw="10" slack="0"/>
</pin_list>
<bind>
<opset="indvar_flatten "/>
</bind>
</comp>

<comp id="1353" class="1005" name="gmem0_addr_reg_1353">
<pin_list>
<pin id="1354" dir="0" index="0" bw="8" slack="1"/>
<pin id="1355" dir="1" index="1" bw="8" slack="1"/>
</pin_list>
<bind>
<opset="gmem0_addr "/>
</bind>
</comp>

<comp id="1358" class="1005" name="icmp_ln101_reg_1358">
<pin_list>
<pin id="1359" dir="0" index="0" bw="1" slack="1"/>
<pin id="1360" dir="1" index="1" bw="1" slack="2147483647"/>
</pin_list>
<bind>
<opset="icmp_ln101 "/>
</bind>
</comp>

<comp id="1362" class="1005" name="gmem0_addr_read_reg_1362">
<pin_list>
<pin id="1363" dir="0" index="0" bw="8" slack="1"/>
<pin id="1364" dir="1" index="1" bw="8" slack="1"/>
</pin_list>
<bind>
<opset="gmem0_addr_read "/>
</bind>
</comp>

</comp_list>

<net_list>
<net id="317"><net_src comp="132" pin="0"/><net_sink comp="314" pin=0"/></net>

<net id="321"><net_src comp="132" pin="0"/><net_sink comp="318" pin=0"/></net>

<net id="325"><net_src comp="132" pin="0"/><net_sink comp="322" pin=0"/></net>

<net id="330"><net_src comp="152" pin="0"/><net_sink comp="326" pin=0"/></net>

<net id="331"><net_src comp="2" pin="0"/><net_sink comp="326" pin=1"/></net>

<net id="336"><net_src comp="166" pin="0"/><net_sink comp="332" pin=0"/></net>

<net id="342"><net_src comp="128" pin="0"/><net_sink comp="337" pin=0"/></net>

<net id="343"><net_src comp="310" pin="0"/><net_sink comp="337" pin=1"/></net>

<net id="349"><net_src comp="337" pin="3"/><net_sink comp="344" pin=0"/></net>

<net id="355"><net_src comp="126" pin="0"/><net_sink comp="350" pin=0"/></net>

<net id="356"><net_src comp="310" pin="0"/><net_sink comp="350" pin=1"/></net>

<net id="362"><net_src comp="350" pin="3"/><net_sink comp="357" pin=0"/></net>

<net id="368"><net_src comp="124" pin="0"/><net_sink comp="363" pin=0"/></net>

<net id="369"><net_src comp="310" pin="0"/><net_sink comp="363" pin=1"/></net>

<net id="375"><net_src comp="363" pin="3"/><net_sink comp="370" pin=0"/></net>

<net id="381"><net_src comp="122" pin="0"/><net_sink comp="376" pin=0"/></net>

<net id="382"><net_src comp="310" pin="0"/><net_sink comp="376" pin=1"/></net>

<net id="388"><net_src comp="376" pin="3"/><net_sink comp="383" pin=0"/></net>

<net id="394"><net_src comp="120" pin="0"/><net_sink comp="389" pin=0"/></net>

<net id="395"><net_src comp="310" pin="0"/><net_sink comp="389" pin=1"/></net>

<net id="401"><net_src comp="389" pin="3"/><net_sink comp="396" pin=0"/></net>

<net id="407"><net_src comp="118" pin="0"/><net_sink comp="402" pin=0"/></net>

<net id="408"><net_src comp="310" pin="0"/><net_sink comp="402" pin=1"/></net>

<net id="414"><net_src comp="402" pin="3"/><net_sink comp="409" pin=0"/></net>

<net id="420"><net_src comp="116" pin="0"/><net_sink comp="415" pin=0"/></net>

<net id="421"><net_src comp="310" pin="0"/><net_sink comp="415" pin=1"/></net>

<net id="427"><net_src comp="415" pin="3"/><net_sink comp="422" pin=0"/></net>

<net id="433"><net_src comp="114" pin="0"/><net_sink comp="428" pin=0"/></net>

<net id="434"><net_src comp="310" pin="0"/><net_sink comp="428" pin=1"/></net>

<net id="440"><net_src comp="428" pin="3"/><net_sink comp="435" pin=0"/></net>

<net id="446"><net_src comp="112" pin="0"/><net_sink comp="441" pin=0"/></net>

<net id="447"><net_src comp="310" pin="0"/><net_sink comp="441" pin=1"/></net>

<net id="453"><net_src comp="441" pin="3"/><net_sink comp="448" pin=0"/></net>

<net id="459"><net_src comp="110" pin="0"/><net_sink comp="454" pin=0"/></net>

<net id="460"><net_src comp="310" pin="0"/><net_sink comp="454" pin=1"/></net>

<net id="466"><net_src comp="454" pin="3"/><net_sink comp="461" pin=0"/></net>

<net id="472"><net_src comp="108" pin="0"/><net_sink comp="467" pin=0"/></net>

<net id="473"><net_src comp="310" pin="0"/><net_sink comp="467" pin=1"/></net>

<net id="479"><net_src comp="467" pin="3"/><net_sink comp="474" pin=0"/></net>

<net id="485"><net_src comp="106" pin="0"/><net_sink comp="480" pin=0"/></net>

<net id="486"><net_src comp="310" pin="0"/><net_sink comp="480" pin=1"/></net>

<net id="492"><net_src comp="480" pin="3"/><net_sink comp="487" pin=0"/></net>

<net id="498"><net_src comp="104" pin="0"/><net_sink comp="493" pin=0"/></net>

<net id="499"><net_src comp="310" pin="0"/><net_sink comp="493" pin=1"/></net>

<net id="505"><net_src comp="493" pin="3"/><net_sink comp="500" pin=0"/></net>

<net id="511"><net_src comp="102" pin="0"/><net_sink comp="506" pin=0"/></net>

<net id="512"><net_src comp="310" pin="0"/><net_sink comp="506" pin=1"/></net>

<net id="518"><net_src comp="506" pin="3"/><net_sink comp="513" pin=0"/></net>

<net id="524"><net_src comp="100" pin="0"/><net_sink comp="519" pin=0"/></net>

<net id="525"><net_src comp="310" pin="0"/><net_sink comp="519" pin=1"/></net>

<net id="531"><net_src comp="519" pin="3"/><net_sink comp="526" pin=0"/></net>

<net id="537"><net_src comp="98" pin="0"/><net_sink comp="532" pin=0"/></net>

<net id="538"><net_src comp="310" pin="0"/><net_sink comp="532" pin=1"/></net>

<net id="544"><net_src comp="532" pin="3"/><net_sink comp="539" pin=0"/></net>

<net id="550"><net_src comp="96" pin="0"/><net_sink comp="545" pin=0"/></net>

<net id="551"><net_src comp="310" pin="0"/><net_sink comp="545" pin=1"/></net>

<net id="557"><net_src comp="545" pin="3"/><net_sink comp="552" pin=0"/></net>

<net id="563"><net_src comp="94" pin="0"/><net_sink comp="558" pin=0"/></net>

<net id="564"><net_src comp="310" pin="0"/><net_sink comp="558" pin=1"/></net>

<net id="570"><net_src comp="558" pin="3"/><net_sink comp="565" pin=0"/></net>

<net id="576"><net_src comp="92" pin="0"/><net_sink comp="571" pin=0"/></net>

<net id="577"><net_src comp="310" pin="0"/><net_sink comp="571" pin=1"/></net>

<net id="583"><net_src comp="571" pin="3"/><net_sink comp="578" pin=0"/></net>

<net id="589"><net_src comp="90" pin="0"/><net_sink comp="584" pin=0"/></net>

<net id="590"><net_src comp="310" pin="0"/><net_sink comp="584" pin=1"/></net>

<net id="596"><net_src comp="584" pin="3"/><net_sink comp="591" pin=0"/></net>

<net id="602"><net_src comp="88" pin="0"/><net_sink comp="597" pin=0"/></net>

<net id="603"><net_src comp="310" pin="0"/><net_sink comp="597" pin=1"/></net>

<net id="609"><net_src comp="597" pin="3"/><net_sink comp="604" pin=0"/></net>

<net id="615"><net_src comp="86" pin="0"/><net_sink comp="610" pin=0"/></net>

<net id="616"><net_src comp="310" pin="0"/><net_sink comp="610" pin=1"/></net>

<net id="622"><net_src comp="610" pin="3"/><net_sink comp="617" pin=0"/></net>

<net id="628"><net_src comp="84" pin="0"/><net_sink comp="623" pin=0"/></net>

<net id="629"><net_src comp="310" pin="0"/><net_sink comp="623" pin=1"/></net>

<net id="635"><net_src comp="623" pin="3"/><net_sink comp="630" pin=0"/></net>

<net id="641"><net_src comp="82" pin="0"/><net_sink comp="636" pin=0"/></net>

<net id="642"><net_src comp="310" pin="0"/><net_sink comp="636" pin=1"/></net>

<net id="648"><net_src comp="636" pin="3"/><net_sink comp="643" pin=0"/></net>

<net id="654"><net_src comp="80" pin="0"/><net_sink comp="649" pin=0"/></net>

<net id="655"><net_src comp="310" pin="0"/><net_sink comp="649" pin=1"/></net>

<net id="661"><net_src comp="649" pin="3"/><net_sink comp="656" pin=0"/></net>

<net id="667"><net_src comp="78" pin="0"/><net_sink comp="662" pin=0"/></net>

<net id="668"><net_src comp="310" pin="0"/><net_sink comp="662" pin=1"/></net>

<net id="674"><net_src comp="662" pin="3"/><net_sink comp="669" pin=0"/></net>

<net id="680"><net_src comp="76" pin="0"/><net_sink comp="675" pin=0"/></net>

<net id="681"><net_src comp="310" pin="0"/><net_sink comp="675" pin=1"/></net>

<net id="687"><net_src comp="675" pin="3"/><net_sink comp="682" pin=0"/></net>

<net id="693"><net_src comp="74" pin="0"/><net_sink comp="688" pin=0"/></net>

<net id="694"><net_src comp="310" pin="0"/><net_sink comp="688" pin=1"/></net>

<net id="700"><net_src comp="688" pin="3"/><net_sink comp="695" pin=0"/></net>

<net id="706"><net_src comp="72" pin="0"/><net_sink comp="701" pin=0"/></net>

<net id="707"><net_src comp="310" pin="0"/><net_sink comp="701" pin=1"/></net>

<net id="713"><net_src comp="701" pin="3"/><net_sink comp="708" pin=0"/></net>

<net id="719"><net_src comp="70" pin="0"/><net_sink comp="714" pin=0"/></net>

<net id="720"><net_src comp="310" pin="0"/><net_sink comp="714" pin=1"/></net>

<net id="726"><net_src comp="714" pin="3"/><net_sink comp="721" pin=0"/></net>

<net id="732"><net_src comp="68" pin="0"/><net_sink comp="727" pin=0"/></net>

<net id="733"><net_src comp="310" pin="0"/><net_sink comp="727" pin=1"/></net>

<net id="739"><net_src comp="727" pin="3"/><net_sink comp="734" pin=0"/></net>

<net id="745"><net_src comp="66" pin="0"/><net_sink comp="740" pin=0"/></net>

<net id="746"><net_src comp="310" pin="0"/><net_sink comp="740" pin=1"/></net>

<net id="752"><net_src comp="740" pin="3"/><net_sink comp="747" pin=0"/></net>

<net id="758"><net_src comp="64" pin="0"/><net_sink comp="753" pin=0"/></net>

<net id="759"><net_src comp="310" pin="0"/><net_sink comp="753" pin=1"/></net>

<net id="765"><net_src comp="753" pin="3"/><net_sink comp="760" pin=0"/></net>

<net id="771"><net_src comp="62" pin="0"/><net_sink comp="766" pin=0"/></net>

<net id="772"><net_src comp="310" pin="0"/><net_sink comp="766" pin=1"/></net>

<net id="778"><net_src comp="766" pin="3"/><net_sink comp="773" pin=0"/></net>

<net id="784"><net_src comp="60" pin="0"/><net_sink comp="779" pin=0"/></net>

<net id="785"><net_src comp="310" pin="0"/><net_sink comp="779" pin=1"/></net>

<net id="791"><net_src comp="779" pin="3"/><net_sink comp="786" pin=0"/></net>

<net id="797"><net_src comp="58" pin="0"/><net_sink comp="792" pin=0"/></net>

<net id="798"><net_src comp="310" pin="0"/><net_sink comp="792" pin=1"/></net>

<net id="804"><net_src comp="792" pin="3"/><net_sink comp="799" pin=0"/></net>

<net id="810"><net_src comp="56" pin="0"/><net_sink comp="805" pin=0"/></net>

<net id="811"><net_src comp="310" pin="0"/><net_sink comp="805" pin=1"/></net>

<net id="817"><net_src comp="805" pin="3"/><net_sink comp="812" pin=0"/></net>

<net id="823"><net_src comp="54" pin="0"/><net_sink comp="818" pin=0"/></net>

<net id="824"><net_src comp="310" pin="0"/><net_sink comp="818" pin=1"/></net>

<net id="830"><net_src comp="818" pin="3"/><net_sink comp="825" pin=0"/></net>

<net id="836"><net_src comp="52" pin="0"/><net_sink comp="831" pin=0"/></net>

<net id="837"><net_src comp="310" pin="0"/><net_sink comp="831" pin=1"/></net>

<net id="843"><net_src comp="831" pin="3"/><net_sink comp="838" pin=0"/></net>

<net id="849"><net_src comp="50" pin="0"/><net_sink comp="844" pin=0"/></net>

<net id="850"><net_src comp="310" pin="0"/><net_sink comp="844" pin=1"/></net>

<net id="856"><net_src comp="844" pin="3"/><net_sink comp="851" pin=0"/></net>

<net id="862"><net_src comp="48" pin="0"/><net_sink comp="857" pin=0"/></net>

<net id="863"><net_src comp="310" pin="0"/><net_sink comp="857" pin=1"/></net>

<net id="869"><net_src comp="857" pin="3"/><net_sink comp="864" pin=0"/></net>

<net id="875"><net_src comp="46" pin="0"/><net_sink comp="870" pin=0"/></net>

<net id="876"><net_src comp="310" pin="0"/><net_sink comp="870" pin=1"/></net>

<net id="882"><net_src comp="870" pin="3"/><net_sink comp="877" pin=0"/></net>

<net id="888"><net_src comp="44" pin="0"/><net_sink comp="883" pin=0"/></net>

<net id="889"><net_src comp="310" pin="0"/><net_sink comp="883" pin=1"/></net>

<net id="895"><net_src comp="883" pin="3"/><net_sink comp="890" pin=0"/></net>

<net id="901"><net_src comp="42" pin="0"/><net_sink comp="896" pin=0"/></net>

<net id="902"><net_src comp="310" pin="0"/><net_sink comp="896" pin=1"/></net>

<net id="908"><net_src comp="896" pin="3"/><net_sink comp="903" pin=0"/></net>

<net id="914"><net_src comp="40" pin="0"/><net_sink comp="909" pin=0"/></net>

<net id="915"><net_src comp="310" pin="0"/><net_sink comp="909" pin=1"/></net>

<net id="921"><net_src comp="909" pin="3"/><net_sink comp="916" pin=0"/></net>

<net id="927"><net_src comp="38" pin="0"/><net_sink comp="922" pin=0"/></net>

<net id="928"><net_src comp="310" pin="0"/><net_sink comp="922" pin=1"/></net>

<net id="934"><net_src comp="922" pin="3"/><net_sink comp="929" pin=0"/></net>

<net id="940"><net_src comp="36" pin="0"/><net_sink comp="935" pin=0"/></net>

<net id="941"><net_src comp="310" pin="0"/><net_sink comp="935" pin=1"/></net>

<net id="947"><net_src comp="935" pin="3"/><net_sink comp="942" pin=0"/></net>

<net id="953"><net_src comp="34" pin="0"/><net_sink comp="948" pin=0"/></net>

<net id="954"><net_src comp="310" pin="0"/><net_sink comp="948" pin=1"/></net>

<net id="960"><net_src comp="948" pin="3"/><net_sink comp="955" pin=0"/></net>

<net id="966"><net_src comp="32" pin="0"/><net_sink comp="961" pin=0"/></net>

<net id="967"><net_src comp="310" pin="0"/><net_sink comp="961" pin=1"/></net>

<net id="973"><net_src comp="961" pin="3"/><net_sink comp="968" pin=0"/></net>

<net id="979"><net_src comp="30" pin="0"/><net_sink comp="974" pin=0"/></net>

<net id="980"><net_src comp="310" pin="0"/><net_sink comp="974" pin=1"/></net>

<net id="986"><net_src comp="974" pin="3"/><net_sink comp="981" pin=0"/></net>

<net id="992"><net_src comp="28" pin="0"/><net_sink comp="987" pin=0"/></net>

<net id="993"><net_src comp="310" pin="0"/><net_sink comp="987" pin=1"/></net>

<net id="999"><net_src comp="987" pin="3"/><net_sink comp="994" pin=0"/></net>

<net id="1005"><net_src comp="26" pin="0"/><net_sink comp="1000" pin=0"/></net>

<net id="1006"><net_src comp="310" pin="0"/><net_sink comp="1000" pin=1"/></net>

<net id="1012"><net_src comp="1000" pin="3"/><net_sink comp="1007" pin=0"/></net>

<net id="1018"><net_src comp="24" pin="0"/><net_sink comp="1013" pin=0"/></net>

<net id="1019"><net_src comp="310" pin="0"/><net_sink comp="1013" pin=1"/></net>

<net id="1025"><net_src comp="1013" pin="3"/><net_sink comp="1020" pin=0"/></net>

<net id="1031"><net_src comp="22" pin="0"/><net_sink comp="1026" pin=0"/></net>

<net id="1032"><net_src comp="310" pin="0"/><net_sink comp="1026" pin=1"/></net>

<net id="1038"><net_src comp="1026" pin="3"/><net_sink comp="1033" pin=0"/></net>

<net id="1044"><net_src comp="20" pin="0"/><net_sink comp="1039" pin=0"/></net>

<net id="1045"><net_src comp="310" pin="0"/><net_sink comp="1039" pin=1"/></net>

<net id="1051"><net_src comp="1039" pin="3"/><net_sink comp="1046" pin=0"/></net>

<net id="1057"><net_src comp="18" pin="0"/><net_sink comp="1052" pin=0"/></net>

<net id="1058"><net_src comp="310" pin="0"/><net_sink comp="1052" pin=1"/></net>

<net id="1064"><net_src comp="1052" pin="3"/><net_sink comp="1059" pin=0"/></net>

<net id="1070"><net_src comp="16" pin="0"/><net_sink comp="1065" pin=0"/></net>

<net id="1071"><net_src comp="310" pin="0"/><net_sink comp="1065" pin=1"/></net>

<net id="1077"><net_src comp="1065" pin="3"/><net_sink comp="1072" pin=0"/></net>

<net id="1083"><net_src comp="14" pin="0"/><net_sink comp="1078" pin=0"/></net>

<net id="1084"><net_src comp="310" pin="0"/><net_sink comp="1078" pin=1"/></net>

<net id="1090"><net_src comp="1078" pin="3"/><net_sink comp="1085" pin=0"/></net>

<net id="1096"><net_src comp="12" pin="0"/><net_sink comp="1091" pin=0"/></net>

<net id="1097"><net_src comp="310" pin="0"/><net_sink comp="1091" pin=1"/></net>

<net id="1103"><net_src comp="1091" pin="3"/><net_sink comp="1098" pin=0"/></net>

<net id="1109"><net_src comp="10" pin="0"/><net_sink comp="1104" pin=0"/></net>

<net id="1110"><net_src comp="310" pin="0"/><net_sink comp="1104" pin=1"/></net>

<net id="1116"><net_src comp="1104" pin="3"/><net_sink comp="1111" pin=0"/></net>

<net id="1122"><net_src comp="8" pin="0"/><net_sink comp="1117" pin=0"/></net>

<net id="1123"><net_src comp="310" pin="0"/><net_sink comp="1117" pin=1"/></net>

<net id="1129"><net_src comp="1117" pin="3"/><net_sink comp="1124" pin=0"/></net>

<net id="1135"><net_src comp="6" pin="0"/><net_sink comp="1130" pin=0"/></net>

<net id="1136"><net_src comp="310" pin="0"/><net_sink comp="1130" pin=1"/></net>

<net id="1142"><net_src comp="1130" pin="3"/><net_sink comp="1137" pin=0"/></net>

<net id="1148"><net_src comp="4" pin="0"/><net_sink comp="1143" pin=0"/></net>

<net id="1149"><net_src comp="310" pin="0"/><net_sink comp="1143" pin=1"/></net>

<net id="1155"><net_src comp="1143" pin="3"/><net_sink comp="1150" pin=0"/></net>

<net id="1161"><net_src comp="130" pin="0"/><net_sink comp="1156" pin=0"/></net>

<net id="1162"><net_src comp="310" pin="0"/><net_sink comp="1156" pin=1"/></net>

<net id="1168"><net_src comp="1156" pin="3"/><net_sink comp="1163" pin=0"/></net>

<net id="1173"><net_src comp="154" pin="0"/><net_sink comp="1169" pin=0"/></net>

<net id="1178"><net_src comp="156" pin="0"/><net_sink comp="1174" pin=0"/></net>

<net id="1183"><net_src comp="158" pin="0"/><net_sink comp="1179" pin=0"/></net>

<net id="1191"><net_src comp="0" pin="0"/><net_sink comp="1187" pin=0"/></net>

<net id="1192"><net_src comp="326" pin="2"/><net_sink comp="1187" pin=1"/></net>

<net id="1197"><net_src comp="1184" pin="1"/><net_sink comp="1193" pin=0"/></net>

<net id="1198"><net_src comp="162" pin="0"/><net_sink comp="1193" pin=1"/></net>

<net id="1203"><net_src comp="1184" pin="1"/><net_sink comp="1199" pin=0"/></net>

<net id="1204"><net_src comp="164" pin="0"/><net_sink comp="1199" pin=1"/></net>

<net id="1209"><net_src comp="1199" pin="2"/><net_sink comp="1205" pin=0"/></net>

<net id="1220"><net_src comp="1213" pin="1"/><net_sink comp="1216" pin=0"/></net>

<net id="1221"><net_src comp="168" pin="0"/><net_sink comp="1216" pin=1"/></net>

<net id="1226"><net_src comp="1210" pin="1"/><net_sink comp="1222" pin=0"/></net>

<net id="1227"><net_src comp="178" pin="0"/><net_sink comp="1222" pin=1"/></net>

<net id="1233"><net_src comp="1222" pin="2"/><net_sink comp="1228" pin=0"/></net>

<net id="1234"><net_src comp="158" pin="0"/><net_sink comp="1228" pin=1"/></net>

<net id="1235"><net_src comp="1210" pin="1"/><net_sink comp="1228" pin=2"/></net>

<net id="1241"><net_src comp="1222" pin="2"/><net_sink comp="1236" pin=0"/></net>

<net id="1242"><net_src comp="1216" pin="2"/><net_sink comp="1236" pin=1"/></net>

<net id="1243"><net_src comp="1213" pin="1"/><net_sink comp="1236" pin=2"/></net>

<net id="1247"><net_src comp="1236" pin="3"/><net_sink comp="1244" pin=0"/></net>

<net id="1248"><net_src comp="1244" pin="1"/><net_sink comp="337" pin=2"/></net>

<net id="1249"><net_src comp="1244" pin="1"/><net_sink comp="350" pin=2"/></net>

<net id="1250"><net_src comp="1244" pin="1"/><net_sink comp="363" pin=2"/></net>

<net id="1251"><net_src comp="1244" pin="1"/><net_sink comp="376" pin=2"/></net>

<net id="1252"><net_src comp="1244" pin="1"/><net_sink comp="389" pin=2"/></net>

<net id="1253"><net_src comp="1244" pin="1"/><net_sink comp="402" pin=2"/></net>

<net id="1254"><net_src comp="1244" pin="1"/><net_sink comp="415" pin=2"/></net>

<net id="1255"><net_src comp="1244" pin="1"/><net_sink comp="428" pin=2"/></net>

<net id="1256"><net_src comp="1244" pin="1"/><net_sink comp="441" pin=2"/></net>

<net id="1257"><net_src comp="1244" pin="1"/><net_sink comp="454" pin=2"/></net>

<net id="1258"><net_src comp="1244" pin="1"/><net_sink comp="467" pin=2"/></net>

<net id="1259"><net_src comp="1244" pin="1"/><net_sink comp="480" pin=2"/></net>

<net id="1260"><net_src comp="1244" pin="1"/><net_sink comp="493" pin=2"/></net>

<net id="1261"><net_src comp="1244" pin="1"/><net_sink comp="506" pin=2"/></net>

<net id="1262"><net_src comp="1244" pin="1"/><net_sink comp="519" pin=2"/></net>

<net id="1263"><net_src comp="1244" pin="1"/><net_sink comp="532" pin=2"/></net>

<net id="1264"><net_src comp="1244" pin="1"/><net_sink comp="545" pin=2"/></net>

<net id="1265"><net_src comp="1244" pin="1"/><net_sink comp="558" pin=2"/></net>

<net id="1266"><net_src comp="1244" pin="1"/><net_sink comp="571" pin=2"/></net>

<net id="1267"><net_src comp="1244" pin="1"/><net_sink comp="584" pin=2"/></net>

<net id="1268"><net_src comp="1244" pin="1"/><net_sink comp="597" pin=2"/></net>

<net id="1269"><net_src comp="1244" pin="1"/><net_sink comp="610" pin=2"/></net>

<net id="1270"><net_src comp="1244" pin="1"/><net_sink comp="623" pin=2"/></net>

<net id="1271"><net_src comp="1244" pin="1"/><net_sink comp="636" pin=2"/></net>

<net id="1272"><net_src comp="1244" pin="1"/><net_sink comp="649" pin=2"/></net>

<net id="1273"><net_src comp="1244" pin="1"/><net_sink comp="662" pin=2"/></net>

<net id="1274"><net_src comp="1244" pin="1"/><net_sink comp="675" pin=2"/></net>

<net id="1275"><net_src comp="1244" pin="1"/><net_sink comp="688" pin=2"/></net>

<net id="1276"><net_src comp="1244" pin="1"/><net_sink comp="701" pin=2"/></net>

<net id="1277"><net_src comp="1244" pin="1"/><net_sink comp="714" pin=2"/></net>

<net id="1278"><net_src comp="1244" pin="1"/><net_sink comp="727" pin=2"/></net>

<net id="1279"><net_src comp="1244" pin="1"/><net_sink comp="740" pin=2"/></net>

<net id="1280"><net_src comp="1244" pin="1"/><net_sink comp="753" pin=2"/></net>

<net id="1281"><net_src comp="1244" pin="1"/><net_sink comp="766" pin=2"/></net>

<net id="1282"><net_src comp="1244" pin="1"/><net_sink comp="779" pin=2"/></net>

<net id="1283"><net_src comp="1244" pin="1"/><net_sink comp="792" pin=2"/></net>

<net id="1284"><net_src comp="1244" pin="1"/><net_sink comp="805" pin=2"/></net>

<net id="1285"><net_src comp="1244" pin="1"/><net_sink comp="818" pin=2"/></net>

<net id="1286"><net_src comp="1244" pin="1"/><net_sink comp="831" pin=2"/></net>

<net id="1287"><net_src comp="1244" pin="1"/><net_sink comp="844" pin=2"/></net>

<net id="1288"><net_src comp="1244" pin="1"/><net_sink comp="857" pin=2"/></net>

<net id="1289"><net_src comp="1244" pin="1"/><net_sink comp="870" pin=2"/></net>

<net id="1290"><net_src comp="1244" pin="1"/><net_sink comp="883" pin=2"/></net>

<net id="1291"><net_src comp="1244" pin="1"/><net_sink comp="896" pin=2"/></net>

<net id="1292"><net_src comp="1244" pin="1"/><net_sink comp="909" pin=2"/></net>

<net id="1293"><net_src comp="1244" pin="1"/><net_sink comp="922" pin=2"/></net>

<net id="1294"><net_src comp="1244" pin="1"/><net_sink comp="935" pin=2"/></net>

<net id="1295"><net_src comp="1244" pin="1"/><net_sink comp="948" pin=2"/></net>

<net id="1296"><net_src comp="1244" pin="1"/><net_sink comp="961" pin=2"/></net>

<net id="1297"><net_src comp="1244" pin="1"/><net_sink comp="974" pin=2"/></net>

<net id="1298"><net_src comp="1244" pin="1"/><net_sink comp="987" pin=2"/></net>

<net id="1299"><net_src comp="1244" pin="1"/><net_sink comp="1000" pin=2"/></net>

<net id="1300"><net_src comp="1244" pin="1"/><net_sink comp="1013" pin=2"/></net>

<net id="1301"><net_src comp="1244" pin="1"/><net_sink comp="1026" pin=2"/></net>

<net id="1302"><net_src comp="1244" pin="1"/><net_sink comp="1039" pin=2"/></net>

<net id="1303"><net_src comp="1244" pin="1"/><net_sink comp="1052" pin=2"/></net>

<net id="1304"><net_src comp="1244" pin="1"/><net_sink comp="1065" pin=2"/></net>

<net id="1305"><net_src comp="1244" pin="1"/><net_sink comp="1078" pin=2"/></net>

<net id="1306"><net_src comp="1244" pin="1"/><net_sink comp="1091" pin=2"/></net>

<net id="1307"><net_src comp="1244" pin="1"/><net_sink comp="1104" pin=2"/></net>

<net id="1308"><net_src comp="1244" pin="1"/><net_sink comp="1117" pin=2"/></net>

<net id="1309"><net_src comp="1244" pin="1"/><net_sink comp="1130" pin=2"/></net>

<net id="1310"><net_src comp="1244" pin="1"/><net_sink comp="1143" pin=2"/></net>

<net id="1311"><net_src comp="1244" pin="1"/><net_sink comp="1156" pin=2"/></net>

<net id="1315"><net_src comp="1228" pin="3"/><net_sink comp="1312" pin=0"/></net>

<net id="1320"><net_src comp="1228" pin="3"/><net_sink comp="1316" pin=0"/></net>

<net id="1321"><net_src comp="312" pin="0"/><net_sink comp="1316" pin=1"/></net>

<net id="1326"><net_src comp="1236" pin="3"/><net_sink comp="1322" pin=0"/></net>

<net id="1331"><net_src comp="1316" pin="2"/><net_sink comp="1327" pin=0"/></net>

<net id="1335"><net_src comp="314" pin="1"/><net_sink comp="1332" pin=0"/></net>

<net id="1336"><net_src comp="1332" pin="1"/><net_sink comp="1179" pin=1"/></net>

<net id="1337"><net_src comp="1332" pin="1"/><net_sink comp="1210" pin=0"/></net>

<net id="1338"><net_src comp="1332" pin="1"/><net_sink comp="1327" pin=1"/></net>

<net id="1342"><net_src comp="318" pin="1"/><net_sink comp="1339" pin=0"/></net>

<net id="1343"><net_src comp="1339" pin="1"/><net_sink comp="1174" pin=1"/></net>

<net id="1344"><net_src comp="1339" pin="1"/><net_sink comp="1213" pin=0"/></net>

<net id="1345"><net_src comp="1339" pin="1"/><net_sink comp="1322" pin=1"/></net>

<net id="1349"><net_src comp="322" pin="1"/><net_sink comp="1346" pin=0"/></net>

<net id="1350"><net_src comp="1346" pin="1"/><net_sink comp="1169" pin=1"/></net>

<net id="1351"><net_src comp="1346" pin="1"/><net_sink comp="1184" pin=0"/></net>

<net id="1352"><net_src comp="1346" pin="1"/><net_sink comp="1205" pin=1"/></net>

<net id="1356"><net_src comp="1187" pin="2"/><net_sink comp="1353" pin=0"/></net>

<net id="1357"><net_src comp="1353" pin="1"/><net_sink comp="332" pin=1"/></net>

<net id="1361"><net_src comp="1193" pin="2"/><net_sink comp="1358" pin=0"/></net>

<net id="1365"><net_src comp="332" pin="2"/><net_sink comp="1362" pin=0"/></net>

<net id="1366"><net_src comp="1362" pin="1"/><net_sink comp="344" pin=1"/></net>

<net id="1367"><net_src comp="1362" pin="1"/><net_sink comp="357" pin=1"/></net>

<net id="1368"><net_src comp="1362" pin="1"/><net_sink comp="370" pin=1"/></net>

<net id="1369"><net_src comp="1362" pin="1"/><net_sink comp="383" pin=1"/></net>

<net id="1370"><net_src comp="1362" pin="1"/><net_sink comp="396" pin=1"/></net>

<net id="1371"><net_src comp="1362" pin="1"/><net_sink comp="409" pin=1"/></net>

<net id="1372"><net_src comp="1362" pin="1"/><net_sink comp="422" pin=1"/></net>

<net id="1373"><net_src comp="1362" pin="1"/><net_sink comp="435" pin=1"/></net>

<net id="1374"><net_src comp="1362" pin="1"/><net_sink comp="448" pin=1"/></net>

<net id="1375"><net_src comp="1362" pin="1"/><net_sink comp="461" pin=1"/></net>

<net id="1376"><net_src comp="1362" pin="1"/><net_sink comp="474" pin=1"/></net>

<net id="1377"><net_src comp="1362" pin="1"/><net_sink comp="487" pin=1"/></net>

<net id="1378"><net_src comp="1362" pin="1"/><net_sink comp="500" pin=1"/></net>

<net id="1379"><net_src comp="1362" pin="1"/><net_sink comp="513" pin=1"/></net>

<net id="1380"><net_src comp="1362" pin="1"/><net_sink comp="526" pin=1"/></net>

<net id="1381"><net_src comp="1362" pin="1"/><net_sink comp="539" pin=1"/></net>

<net id="1382"><net_src comp="1362" pin="1"/><net_sink comp="552" pin=1"/></net>

<net id="1383"><net_src comp="1362" pin="1"/><net_sink comp="565" pin=1"/></net>

<net id="1384"><net_src comp="1362" pin="1"/><net_sink comp="578" pin=1"/></net>

<net id="1385"><net_src comp="1362" pin="1"/><net_sink comp="591" pin=1"/></net>

<net id="1386"><net_src comp="1362" pin="1"/><net_sink comp="604" pin=1"/></net>

<net id="1387"><net_src comp="1362" pin="1"/><net_sink comp="617" pin=1"/></net>

<net id="1388"><net_src comp="1362" pin="1"/><net_sink comp="630" pin=1"/></net>

<net id="1389"><net_src comp="1362" pin="1"/><net_sink comp="643" pin=1"/></net>

<net id="1390"><net_src comp="1362" pin="1"/><net_sink comp="656" pin=1"/></net>

<net id="1391"><net_src comp="1362" pin="1"/><net_sink comp="669" pin=1"/></net>

<net id="1392"><net_src comp="1362" pin="1"/><net_sink comp="682" pin=1"/></net>

<net id="1393"><net_src comp="1362" pin="1"/><net_sink comp="695" pin=1"/></net>

<net id="1394"><net_src comp="1362" pin="1"/><net_sink comp="708" pin=1"/></net>

<net id="1395"><net_src comp="1362" pin="1"/><net_sink comp="721" pin=1"/></net>

<net id="1396"><net_src comp="1362" pin="1"/><net_sink comp="734" pin=1"/></net>

<net id="1397"><net_src comp="1362" pin="1"/><net_sink comp="747" pin=1"/></net>

<net id="1398"><net_src comp="1362" pin="1"/><net_sink comp="760" pin=1"/></net>

<net id="1399"><net_src comp="1362" pin="1"/><net_sink comp="773" pin=1"/></net>

<net id="1400"><net_src comp="1362" pin="1"/><net_sink comp="786" pin=1"/></net>

<net id="1401"><net_src comp="1362" pin="1"/><net_sink comp="799" pin=1"/></net>

<net id="1402"><net_src comp="1362" pin="1"/><net_sink comp="812" pin=1"/></net>

<net id="1403"><net_src comp="1362" pin="1"/><net_sink comp="825" pin=1"/></net>

<net id="1404"><net_src comp="1362" pin="1"/><net_sink comp="838" pin=1"/></net>

<net id="1405"><net_src comp="1362" pin="1"/><net_sink comp="851" pin=1"/></net>

<net id="1406"><net_src comp="1362" pin="1"/><net_sink comp="864" pin=1"/></net>

<net id="1407"><net_src comp="1362" pin="1"/><net_sink comp="877" pin=1"/></net>

<net id="1408"><net_src comp="1362" pin="1"/><net_sink comp="890" pin=1"/></net>

<net id="1409"><net_src comp="1362" pin="1"/><net_sink comp="903" pin=1"/></net>

<net id="1410"><net_src comp="1362" pin="1"/><net_sink comp="916" pin=1"/></net>

<net id="1411"><net_src comp="1362" pin="1"/><net_sink comp="929" pin=1"/></net>

<net id="1412"><net_src comp="1362" pin="1"/><net_sink comp="942" pin=1"/></net>

<net id="1413"><net_src comp="1362" pin="1"/><net_sink comp="955" pin=1"/></net>

<net id="1414"><net_src comp="1362" pin="1"/><net_sink comp="968" pin=1"/></net>

<net id="1415"><net_src comp="1362" pin="1"/><net_sink comp="981" pin=1"/></net>

<net id="1416"><net_src comp="1362" pin="1"/><net_sink comp="994" pin=1"/></net>

<net id="1417"><net_src comp="1362" pin="1"/><net_sink comp="1007" pin=1"/></net>

<net id="1418"><net_src comp="1362" pin="1"/><net_sink comp="1020" pin=1"/></net>

<net id="1419"><net_src comp="1362" pin="1"/><net_sink comp="1033" pin=1"/></net>

<net id="1420"><net_src comp="1362" pin="1"/><net_sink comp="1046" pin=1"/></net>

<net id="1421"><net_src comp="1362" pin="1"/><net_sink comp="1059" pin=1"/></net>

<net id="1422"><net_src comp="1362" pin="1"/><net_sink comp="1072" pin=1"/></net>

<net id="1423"><net_src comp="1362" pin="1"/><net_sink comp="1085" pin=1"/></net>

<net id="1424"><net_src comp="1362" pin="1"/><net_sink comp="1098" pin=1"/></net>

<net id="1425"><net_src comp="1362" pin="1"/><net_sink comp="1111" pin=1"/></net>

<net id="1426"><net_src comp="1362" pin="1"/><net_sink comp="1124" pin=1"/></net>

<net id="1427"><net_src comp="1362" pin="1"/><net_sink comp="1137" pin=1"/></net>

<net id="1428"><net_src comp="1362" pin="1"/><net_sink comp="1150" pin=1"/></net>

<net id="1429"><net_src comp="1362" pin="1"/><net_sink comp="1163" pin=1"/></net>

</net_list>

</model> 
---------------- Datapath Model END ------------------

* FSMD analyzer results:
  - Output states:
	Port: gmem0 | {}
	Port: Q_tile_V | {3 }
	Port: Q_tile_V_1 | {3 }
	Port: Q_tile_V_2 | {3 }
	Port: Q_tile_V_3 | {3 }
	Port: Q_tile_V_4 | {3 }
	Port: Q_tile_V_5 | {3 }
	Port: Q_tile_V_6 | {3 }
	Port: Q_tile_V_7 | {3 }
	Port: Q_tile_V_8 | {3 }
	Port: Q_tile_V_9 | {3 }
	Port: Q_tile_V_10 | {3 }
	Port: Q_tile_V_11 | {3 }
	Port: Q_tile_V_12 | {3 }
	Port: Q_tile_V_13 | {3 }
	Port: Q_tile_V_14 | {3 }
	Port: Q_tile_V_15 | {3 }
	Port: Q_tile_V_16 | {3 }
	Port: Q_tile_V_17 | {3 }
	Port: Q_tile_V_18 | {3 }
	Port: Q_tile_V_19 | {3 }
	Port: Q_tile_V_20 | {3 }
	Port: Q_tile_V_21 | {3 }
	Port: Q_tile_V_22 | {3 }
	Port: Q_tile_V_23 | {3 }
	Port: Q_tile_V_24 | {3 }
	Port: Q_tile_V_25 | {3 }
	Port: Q_tile_V_26 | {3 }
	Port: Q_tile_V_27 | {3 }
	Port: Q_tile_V_28 | {3 }
	Port: Q_tile_V_29 | {3 }
	Port: Q_tile_V_30 | {3 }
	Port: Q_tile_V_31 | {3 }
	Port: Q_tile_V_32 | {3 }
	Port: Q_tile_V_33 | {3 }
	Port: Q_tile_V_34 | {3 }
	Port: Q_tile_V_35 | {3 }
	Port: Q_tile_V_36 | {3 }
	Port: Q_tile_V_37 | {3 }
	Port: Q_tile_V_38 | {3 }
	Port: Q_tile_V_39 | {3 }
	Port: Q_tile_V_40 | {3 }
	Port: Q_tile_V_41 | {3 }
	Port: Q_tile_V_42 | {3 }
	Port: Q_tile_V_43 | {3 }
	Port: Q_tile_V_44 | {3 }
	Port: Q_tile_V_45 | {3 }
	Port: Q_tile_V_46 | {3 }
	Port: Q_tile_V_47 | {3 }
	Port: Q_tile_V_48 | {3 }
	Port: Q_tile_V_49 | {3 }
	Port: Q_tile_V_50 | {3 }
	Port: Q_tile_V_51 | {3 }
	Port: Q_tile_V_52 | {3 }
	Port: Q_tile_V_53 | {3 }
	Port: Q_tile_V_54 | {3 }
	Port: Q_tile_V_55 | {3 }
	Port: Q_tile_V_56 | {3 }
	Port: Q_tile_V_57 | {3 }
	Port: Q_tile_V_58 | {3 }
	Port: Q_tile_V_59 | {3 }
	Port: Q_tile_V_60 | {3 }
	Port: Q_tile_V_61 | {3 }
	Port: Q_tile_V_62 | {3 }
	Port: Q_tile_V_63 | {3 }
 - Input state : 
	Port: attention_int8_kernel_Pipeline_VITIS_LOOP_101_3_VITIS_LOOP_102_4 : gmem0 | {2 }
	Port: attention_int8_kernel_Pipeline_VITIS_LOOP_101_3_VITIS_LOOP_102_4 : add_ln91 | {1 }
  - Chain level:
	State 1
		store_ln0 : 1
		store_ln0 : 1
		store_ln0 : 1
		indvar_flatten_load : 1
		icmp_ln101 : 2
		add_ln101_1 : 2
		br_ln101 : 3
		store_ln102 : 3
	State 2
	State 3
		add_ln101 : 1
		icmp_ln102 : 1
		select_ln101 : 2
		select_ln101_1 : 2
		zext_ln101 : 3
		trunc_ln104 : 3
		switch_ln104 : 4
		Q_tile_V_62_addr : 4
		store_ln104 : 5
		Q_tile_V_61_addr : 4
		store_ln104 : 5
		Q_tile_V_60_addr : 4
		store_ln104 : 5
		Q_tile_V_59_addr : 4
		store_ln104 : 5
		Q_tile_V_58_addr : 4
		store_ln104 : 5
		Q_tile_V_57_addr : 4
		store_ln104 : 5
		Q_tile_V_56_addr : 4
		store_ln104 : 5
		Q_tile_V_55_addr : 4
		store_ln104 : 5
		Q_tile_V_54_addr : 4
		store_ln104 : 5
		Q_tile_V_53_addr : 4
		store_ln104 : 5
		Q_tile_V_52_addr : 4
		store_ln104 : 5
		Q_tile_V_51_addr : 4
		store_ln104 : 5
		Q_tile_V_50_addr : 4
		store_ln104 : 5
		Q_tile_V_49_addr : 4
		store_ln104 : 5
		Q_tile_V_48_addr : 4
		store_ln104 : 5
		Q_tile_V_47_addr : 4
		store_ln104 : 5
		Q_tile_V_46_addr : 4
		store_ln104 : 5
		Q_tile_V_45_addr : 4
		store_ln104 : 5
		Q_tile_V_44_addr : 4
		store_ln104 : 5
		Q_tile_V_43_addr : 4
		store_ln104 : 5
		Q_tile_V_42_addr : 4
		store_ln104 : 5
		Q_tile_V_41_addr : 4
		store_ln104 : 5
		Q_tile_V_40_addr : 4
		store_ln104 : 5
		Q_tile_V_39_addr : 4
		store_ln104 : 5
		Q_tile_V_38_addr : 4
		store_ln104 : 5
		Q_tile_V_37_addr : 4
		store_ln104 : 5
		Q_tile_V_36_addr : 4
		store_ln104 : 5
		Q_tile_V_35_addr : 4
		store_ln104 : 5
		Q_tile_V_34_addr : 4
		store_ln104 : 5
		Q_tile_V_33_addr : 4
		store_ln104 : 5
		Q_tile_V_32_addr : 4
		store_ln104 : 5
		Q_tile_V_31_addr : 4
		store_ln104 : 5
		Q_tile_V_30_addr : 4
		store_ln104 : 5
		Q_tile_V_29_addr : 4
		store_ln104 : 5
		Q_tile_V_28_addr : 4
		store_ln104 : 5
		Q_tile_V_27_addr : 4
		store_ln104 : 5
		Q_tile_V_26_addr : 4
		store_ln104 : 5
		Q_tile_V_25_addr : 4
		store_ln104 : 5
		Q_tile_V_24_addr : 4
		store_ln104 : 5
		Q_tile_V_23_addr : 4
		store_ln104 : 5
		Q_tile_V_22_addr : 4
		store_ln104 : 5
		Q_tile_V_21_addr : 4
		store_ln104 : 5
		Q_tile_V_20_addr : 4
		store_ln104 : 5
		Q_tile_V_19_addr : 4
		store_ln104 : 5
		Q_tile_V_18_addr : 4
		store_ln104 : 5
		Q_tile_V_17_addr : 4
		store_ln104 : 5
		Q_tile_V_16_addr : 4
		store_ln104 : 5
		Q_tile_V_15_addr : 4
		store_ln104 : 5
		Q_tile_V_14_addr : 4
		store_ln104 : 5
		Q_tile_V_13_addr : 4
		store_ln104 : 5
		Q_tile_V_12_addr : 4
		store_ln104 : 5
		Q_tile_V_11_addr : 4
		store_ln104 : 5
		Q_tile_V_10_addr : 4
		store_ln104 : 5
		Q_tile_V_9_addr : 4
		store_ln104 : 5
		Q_tile_V_8_addr : 4
		store_ln104 : 5
		Q_tile_V_7_addr : 4
		store_ln104 : 5
		Q_tile_V_6_addr : 4
		store_ln104 : 5
		Q_tile_V_5_addr : 4
		store_ln104 : 5
		Q_tile_V_4_addr : 4
		store_ln104 : 5
		Q_tile_V_3_addr : 4
		store_ln104 : 5
		Q_tile_V_2_addr : 4
		store_ln104 : 5
		Q_tile_V_1_addr : 4
		store_ln104 : 5
		Q_tile_V_addr : 4
		store_ln104 : 5
		Q_tile_V_63_addr : 4
		store_ln104 : 5
		add_ln102 : 3
		store_ln102 : 3
		store_ln102 : 4


============================================================
+ Verbose Summary: Datapath Resource usage 
============================================================

* Functional unit list:
|----------|-----------------------------|---------|---------|
| Operation|       Functional Unit       |    FF   |   LUT   |
|----------|-----------------------------|---------|---------|
|          |     add_ln101_1_fu_1199     |    0    |    17   |
|    add   |      add_ln101_fu_1216      |    0    |    13   |
|          |      add_ln102_fu_1316      |    0    |    14   |
|----------|-----------------------------|---------|---------|
|   icmp   |      icmp_ln101_fu_1193     |    0    |    11   |
|          |      icmp_ln102_fu_1222     |    0    |    10   |
|----------|-----------------------------|---------|---------|
|  select  |     select_ln101_fu_1228    |    0    |    7    |
|          |    select_ln101_1_fu_1236   |    0    |    4    |
|----------|-----------------------------|---------|---------|
|   read   |  add_ln91_read_read_fu_326  |    0    |    0    |
|          | gmem0_addr_read_read_fu_332 |    0    |    0    |
|----------|-----------------------------|---------|---------|
|   zext   |      zext_ln101_fu_1244     |    0    |    0    |
|----------|-----------------------------|---------|---------|
|   trunc  |     trunc_ln104_fu_1312     |    0    |    0    |
|----------|-----------------------------|---------|---------|
|   Total  |                             |    0    |    76   |
|----------|-----------------------------|---------|---------|

Memories:
N/A

* Register list:
+------------------------+--------+
|                        |   FF   |
+------------------------+--------+
|       d_reg_1332       |    7   |
|gmem0_addr_read_reg_1362|    8   |
|   gmem0_addr_reg_1353  |    8   |
|       i_reg_1339       |    4   |
|   icmp_ln101_reg_1358  |    1   |
| indvar_flatten_reg_1346|   10   |
+------------------------+--------+
|          Total         |   38   |
+------------------------+--------+

* Multiplexer (MUX) list: 
|--------|------|------|------|--------|
|  Comp  |  Pin | Size |  BW  | S x BW |
|--------|------|------|------|--------|
|  Total |      |      |      |    0   |
|--------|------|------|------|--------|



* Summary:
+-----------+--------+--------+
|           |   FF   |   LUT  |
+-----------+--------+--------+
|  Function |    0   |   76   |
|   Memory  |    -   |    -   |
|Multiplexer|    -   |    -   |
|  Register |   38   |    -   |
+-----------+--------+--------+
|   Total   |   38   |   76   |
+-----------+--------+--------+
