

================================================================
== Vitis HLS Report for 'attention_int8_kernel_Pipeline_VITIS_LOOP_108_5'
================================================================
* Date:           Sat Apr 25 21:22:57 2026

* Version:        2022.1 (Build 3526262 on Mon Apr 18 15:47:01 MDT 2022)
* Project:        hls_cosim_project
* Solution:       solution_cosim (Vivado IP Flow Target)
* Product family: artix7
* Target device:  xc7a200t-sbg484-1


================================================================
== Performance Estimates
================================================================
+ Timing: 
    * Summary: 
    +--------+----------+----------+------------+
    |  Clock |  Target  | Estimated| Uncertainty|
    +--------+----------+----------+------------+
    |ap_clk  |  10.00 ns|  4.697 ns|     2.70 ns|
    +--------+----------+----------+------------+

+ Latency: 
    * Summary: 
    +---------+---------+----------+----------+-----+-----+---------+
    |  Latency (cycles) |  Latency (absolute) |  Interval | Pipeline|
    |   min   |   max   |    min   |    max   | min | max |   Type  |
    +---------+---------+----------+----------+-----+-----+---------+
    |       34|       34|  0.340 us|  0.340 us|   34|   34|       no|
    +---------+---------+----------+----------+-----+-----+---------+

    + Detail: 
        * Instance: 
        N/A

        * Loop: 
        +--------------------+---------+---------+----------+-----------+-----------+------+----------+
        |                    |  Latency (cycles) | Iteration|  Initiation Interval  | Trip |          |
        |      Loop Name     |   min   |   max   |  Latency |  achieved |   target  | Count| Pipelined|
        +--------------------+---------+---------+----------+-----------+-----------+------+----------+
        |- VITIS_LOOP_108_5  |       32|       32|         4|          4|          1|     8|       yes|
        +--------------------+---------+---------+----------+-----------+-----------+------+----------+



================================================================
== Utilization Estimates
================================================================
* Summary: 
+-----------------+---------+-----+--------+--------+-----+
|       Name      | BRAM_18K| DSP |   FF   |   LUT  | URAM|
+-----------------+---------+-----+--------+--------+-----+
|DSP              |        -|    -|       -|       -|    -|
|Expression       |        -|    -|       0|      64|    -|
|FIFO             |        -|    -|       -|       -|    -|
|Instance         |        -|    -|       -|       -|    -|
|Memory           |        -|    -|       -|       -|    -|
|Multiplexer      |        -|    -|       -|     384|    -|
|Register         |        -|    -|     153|       -|    -|
+-----------------+---------+-----+--------+--------+-----+
|Total            |        0|    0|     153|     448|    0|
+-----------------+---------+-----+--------+--------+-----+
|Available        |      730|  740|  269200|  134600|    0|
+-----------------+---------+-----+--------+--------+-----+
|Utilization (%)  |        0|    0|      ~0|      ~0|    0|
+-----------------+---------+-----+--------+--------+-----+

+ Detail: 
    * Instance: 
    N/A

    * DSP: 
    N/A

    * Memory: 
    N/A

    * FIFO: 
    N/A

    * Expression: 
    +----------------------+----------+----+---+----+------------+------------+
    |     Variable Name    | Operation| DSP| FF| LUT| Bitwidth P0| Bitwidth P1|
    +----------------------+----------+----+---+----+------------+------------+
    |add_ln108_fu_858_p2   |         +|   0|  0|  13|           4|           1|
    |icmp_ln108_fu_852_p2  |      icmp|   0|  0|   9|           4|           5|
    |or_ln114_1_fu_902_p2  |        or|   0|  0|   6|           6|           2|
    |or_ln114_2_fu_920_p2  |        or|   0|  0|   6|           6|           2|
    |or_ln114_3_fu_938_p2  |        or|   0|  0|   6|           6|           3|
    |or_ln114_4_fu_956_p2  |        or|   0|  0|   6|           6|           3|
    |or_ln114_5_fu_974_p2  |        or|   0|  0|   6|           6|           3|
    |or_ln114_6_fu_992_p2  |        or|   0|  0|   6|           6|           3|
    |or_ln114_fu_884_p2    |        or|   0|  0|   6|           6|           1|
    +----------------------+----------+----+---+----+------------+------------+
    |Total                 |          |   0|  0|  64|          50|          23|
    +----------------------+----------+----+---+----+------------+------------+

    * Multiplexer: 
    +--------------------+----+-----------+-----+-----------+
    |        Name        | LUT| Input Size| Bits| Total Bits|
    +--------------------+----+-----------+-----+-----------+
    |O_tile_1_address0   |  21|          5|    6|         30|
    |O_tile_1_address1   |  21|          5|    6|         30|
    |O_tile_2_address0   |  21|          5|    6|         30|
    |O_tile_2_address1   |  21|          5|    6|         30|
    |O_tile_3_address0   |  21|          5|    6|         30|
    |O_tile_3_address1   |  21|          5|    6|         30|
    |O_tile_4_address0   |  21|          5|    6|         30|
    |O_tile_4_address1   |  21|          5|    6|         30|
    |O_tile_5_address0   |  21|          5|    6|         30|
    |O_tile_5_address1   |  21|          5|    6|         30|
    |O_tile_6_address0   |  21|          5|    6|         30|
    |O_tile_6_address1   |  21|          5|    6|         30|
    |O_tile_7_address0   |  21|          5|    6|         30|
    |O_tile_7_address1   |  21|          5|    6|         30|
    |O_tile_address0     |  21|          5|    6|         30|
    |O_tile_address1     |  21|          5|    6|         30|
    |ap_NS_fsm           |  21|          5|    1|          5|
    |ap_done_int         |   9|          2|    1|          2|
    |ap_sig_allocacmp_i  |   9|          2|    4|          8|
    |i_1_fu_108          |   9|          2|    4|          8|
    +--------------------+----+-----------+-----+-----------+
    |Total               | 384|         91|  106|        503|
    +--------------------+----+-----------+-----+-----------+

    * Register: 
    +--------------------------+---+----+-----+-----------+
    |           Name           | FF| LUT| Bits| Const Bits|
    +--------------------------+---+----+-----+-----------+
    |O_tile_1_addr_2_reg_1298  |  3|   0|    6|          3|
    |O_tile_1_addr_3_reg_1303  |  3|   0|    6|          3|
    |O_tile_1_addr_4_reg_1308  |  3|   0|    6|          3|
    |O_tile_1_addr_5_reg_1313  |  3|   0|    6|          3|
    |O_tile_1_addr_6_reg_1318  |  3|   0|    6|          3|
    |O_tile_1_addr_7_reg_1323  |  3|   0|    6|          3|
    |O_tile_2_addr_2_reg_1328  |  3|   0|    6|          3|
    |O_tile_2_addr_3_reg_1333  |  3|   0|    6|          3|
    |O_tile_2_addr_4_reg_1338  |  3|   0|    6|          3|
    |O_tile_2_addr_5_reg_1343  |  3|   0|    6|          3|
    |O_tile_2_addr_6_reg_1348  |  3|   0|    6|          3|
    |O_tile_2_addr_7_reg_1353  |  3|   0|    6|          3|
    |O_tile_3_addr_2_reg_1358  |  3|   0|    6|          3|
    |O_tile_3_addr_3_reg_1363  |  3|   0|    6|          3|
    |O_tile_3_addr_4_reg_1368  |  3|   0|    6|          3|
    |O_tile_3_addr_5_reg_1373  |  3|   0|    6|          3|
    |O_tile_3_addr_6_reg_1378  |  3|   0|    6|          3|
    |O_tile_3_addr_7_reg_1383  |  3|   0|    6|          3|
    |O_tile_4_addr_2_reg_1388  |  3|   0|    6|          3|
    |O_tile_4_addr_3_reg_1393  |  3|   0|    6|          3|
    |O_tile_4_addr_4_reg_1398  |  3|   0|    6|          3|
    |O_tile_4_addr_5_reg_1403  |  3|   0|    6|          3|
    |O_tile_4_addr_6_reg_1408  |  3|   0|    6|          3|
    |O_tile_4_addr_7_reg_1413  |  3|   0|    6|          3|
    |O_tile_5_addr_2_reg_1418  |  3|   0|    6|          3|
    |O_tile_5_addr_3_reg_1423  |  3|   0|    6|          3|
    |O_tile_5_addr_4_reg_1428  |  3|   0|    6|          3|
    |O_tile_5_addr_5_reg_1433  |  3|   0|    6|          3|
    |O_tile_5_addr_6_reg_1438  |  3|   0|    6|          3|
    |O_tile_5_addr_7_reg_1443  |  3|   0|    6|          3|
    |O_tile_6_addr_2_reg_1448  |  3|   0|    6|          3|
    |O_tile_6_addr_3_reg_1453  |  3|   0|    6|          3|
    |O_tile_6_addr_4_reg_1458  |  3|   0|    6|          3|
    |O_tile_6_addr_5_reg_1463  |  3|   0|    6|          3|
    |O_tile_6_addr_6_reg_1468  |  3|   0|    6|          3|
    |O_tile_6_addr_7_reg_1473  |  3|   0|    6|          3|
    |O_tile_7_addr_2_reg_1478  |  3|   0|    6|          3|
    |O_tile_7_addr_3_reg_1483  |  3|   0|    6|          3|
    |O_tile_7_addr_4_reg_1488  |  3|   0|    6|          3|
    |O_tile_7_addr_5_reg_1493  |  3|   0|    6|          3|
    |O_tile_7_addr_6_reg_1498  |  3|   0|    6|          3|
    |O_tile_7_addr_7_reg_1503  |  3|   0|    6|          3|
    |O_tile_addr_2_reg_1268    |  3|   0|    6|          3|
    |O_tile_addr_3_reg_1273    |  3|   0|    6|          3|
    |O_tile_addr_4_reg_1278    |  3|   0|    6|          3|
    |O_tile_addr_5_reg_1283    |  3|   0|    6|          3|
    |O_tile_addr_6_reg_1288    |  3|   0|    6|          3|
    |O_tile_addr_7_reg_1293    |  3|   0|    6|          3|
    |ap_CS_fsm                 |  4|   0|    4|          0|
    |ap_done_reg               |  1|   0|    1|          0|
    |i_1_fu_108                |  4|   0|    4|          0|
    +--------------------------+---+----+-----+-----------+
    |Total                     |153|   0|  297|        144|
    +--------------------------+---+----+-----+-----------+



================================================================
== Interface
================================================================
* Summary: 
+----------------------+-----+-----+------------+-------------------------------------------------+--------------+
|       RTL Ports      | Dir | Bits|  Protocol  |                  Source Object                  |    C Type    |
+----------------------+-----+-----+------------+-------------------------------------------------+--------------+
|ap_clk                |   in|    1|  ap_ctrl_hs|  attention_int8_kernel_Pipeline_VITIS_LOOP_108_5|  return value|
|ap_rst                |   in|    1|  ap_ctrl_hs|  attention_int8_kernel_Pipeline_VITIS_LOOP_108_5|  return value|
|ap_start              |   in|    1|  ap_ctrl_hs|  attention_int8_kernel_Pipeline_VITIS_LOOP_108_5|  return value|
|ap_done               |  out|    1|  ap_ctrl_hs|  attention_int8_kernel_Pipeline_VITIS_LOOP_108_5|  return value|
|ap_idle               |  out|    1|  ap_ctrl_hs|  attention_int8_kernel_Pipeline_VITIS_LOOP_108_5|  return value|
|ap_ready              |  out|    1|  ap_ctrl_hs|  attention_int8_kernel_Pipeline_VITIS_LOOP_108_5|  return value|
|O_tile_address0       |  out|    6|   ap_memory|                                           O_tile|         array|
|O_tile_ce0            |  out|    1|   ap_memory|                                           O_tile|         array|
|O_tile_we0            |  out|    1|   ap_memory|                                           O_tile|         array|
|O_tile_d0             |  out|   32|   ap_memory|                                           O_tile|         array|
|O_tile_address1       |  out|    6|   ap_memory|                                           O_tile|         array|
|O_tile_ce1            |  out|    1|   ap_memory|                                           O_tile|         array|
|O_tile_we1            |  out|    1|   ap_memory|                                           O_tile|         array|
|O_tile_d1             |  out|   32|   ap_memory|                                           O_tile|         array|
|O_tile_1_address0     |  out|    6|   ap_memory|                                         O_tile_1|         array|
|O_tile_1_ce0          |  out|    1|   ap_memory|                                         O_tile_1|         array|
|O_tile_1_we0          |  out|    1|   ap_memory|                                         O_tile_1|         array|
|O_tile_1_d0           |  out|   32|   ap_memory|                                         O_tile_1|         array|
|O_tile_1_address1     |  out|    6|   ap_memory|                                         O_tile_1|         array|
|O_tile_1_ce1          |  out|    1|   ap_memory|                                         O_tile_1|         array|
|O_tile_1_we1          |  out|    1|   ap_memory|                                         O_tile_1|         array|
|O_tile_1_d1           |  out|   32|   ap_memory|                                         O_tile_1|         array|
|O_tile_2_address0     |  out|    6|   ap_memory|                                         O_tile_2|         array|
|O_tile_2_ce0          |  out|    1|   ap_memory|                                         O_tile_2|         array|
|O_tile_2_we0          |  out|    1|   ap_memory|                                         O_tile_2|         array|
|O_tile_2_d0           |  out|   32|   ap_memory|                                         O_tile_2|         array|
|O_tile_2_address1     |  out|    6|   ap_memory|                                         O_tile_2|         array|
|O_tile_2_ce1          |  out|    1|   ap_memory|                                         O_tile_2|         array|
|O_tile_2_we1          |  out|    1|   ap_memory|                                         O_tile_2|         array|
|O_tile_2_d1           |  out|   32|   ap_memory|                                         O_tile_2|         array|
|O_tile_3_address0     |  out|    6|   ap_memory|                                         O_tile_3|         array|
|O_tile_3_ce0          |  out|    1|   ap_memory|                                         O_tile_3|         array|
|O_tile_3_we0          |  out|    1|   ap_memory|                                         O_tile_3|         array|
|O_tile_3_d0           |  out|   32|   ap_memory|                                         O_tile_3|         array|
|O_tile_3_address1     |  out|    6|   ap_memory|                                         O_tile_3|         array|
|O_tile_3_ce1          |  out|    1|   ap_memory|                                         O_tile_3|         array|
|O_tile_3_we1          |  out|    1|   ap_memory|                                         O_tile_3|         array|
|O_tile_3_d1           |  out|   32|   ap_memory|                                         O_tile_3|         array|
|O_tile_4_address0     |  out|    6|   ap_memory|                                         O_tile_4|         array|
|O_tile_4_ce0          |  out|    1|   ap_memory|                                         O_tile_4|         array|
|O_tile_4_we0          |  out|    1|   ap_memory|                                         O_tile_4|         array|
|O_tile_4_d0           |  out|   32|   ap_memory|                                         O_tile_4|         array|
|O_tile_4_address1     |  out|    6|   ap_memory|                                         O_tile_4|         array|
|O_tile_4_ce1          |  out|    1|   ap_memory|                                         O_tile_4|         array|
|O_tile_4_we1          |  out|    1|   ap_memory|                                         O_tile_4|         array|
|O_tile_4_d1           |  out|   32|   ap_memory|                                         O_tile_4|         array|
|O_tile_5_address0     |  out|    6|   ap_memory|                                         O_tile_5|         array|
|O_tile_5_ce0          |  out|    1|   ap_memory|                                         O_tile_5|         array|
|O_tile_5_we0          |  out|    1|   ap_memory|                                         O_tile_5|         array|
|O_tile_5_d0           |  out|   32|   ap_memory|                                         O_tile_5|         array|
|O_tile_5_address1     |  out|    6|   ap_memory|                                         O_tile_5|         array|
|O_tile_5_ce1          |  out|    1|   ap_memory|                                         O_tile_5|         array|
|O_tile_5_we1          |  out|    1|   ap_memory|                                         O_tile_5|         array|
|O_tile_5_d1           |  out|   32|   ap_memory|                                         O_tile_5|         array|
|O_tile_6_address0     |  out|    6|   ap_memory|                                         O_tile_6|         array|
|O_tile_6_ce0          |  out|    1|   ap_memory|                                         O_tile_6|         array|
|O_tile_6_we0          |  out|    1|   ap_memory|                                         O_tile_6|         array|
|O_tile_6_d0           |  out|   32|   ap_memory|                                         O_tile_6|         array|
|O_tile_6_address1     |  out|    6|   ap_memory|                                         O_tile_6|         array|
|O_tile_6_ce1          |  out|    1|   ap_memory|                                         O_tile_6|         array|
|O_tile_6_we1          |  out|    1|   ap_memory|                                         O_tile_6|         array|
|O_tile_6_d1           |  out|   32|   ap_memory|                                         O_tile_6|         array|
|O_tile_7_address0     |  out|    6|   ap_memory|                                         O_tile_7|         array|
|O_tile_7_ce0          |  out|    1|   ap_memory|                                         O_tile_7|         array|
|O_tile_7_we0          |  out|    1|   ap_memory|                                         O_tile_7|         array|
|O_tile_7_d0           |  out|   32|   ap_memory|                                         O_tile_7|         array|
|O_tile_7_address1     |  out|    6|   ap_memory|                                         O_tile_7|         array|
|O_tile_7_ce1          |  out|    1|   ap_memory|                                         O_tile_7|         array|
|O_tile_7_we1          |  out|    1|   ap_memory|                                         O_tile_7|         array|
|O_tile_7_d1           |  out|   32|   ap_memory|                                         O_tile_7|         array|
|l_state_7_out         |  out|   32|      ap_vld|                                    l_state_7_out|       pointer|
|l_state_7_out_ap_vld  |  out|    1|      ap_vld|                                    l_state_7_out|       pointer|
|l_state_6_out         |  out|   32|      ap_vld|                                    l_state_6_out|       pointer|
|l_state_6_out_ap_vld  |  out|    1|      ap_vld|                                    l_state_6_out|       pointer|
|l_state_5_out         |  out|   32|      ap_vld|                                    l_state_5_out|       pointer|
|l_state_5_out_ap_vld  |  out|    1|      ap_vld|                                    l_state_5_out|       pointer|
|l_state_4_out         |  out|   32|      ap_vld|                                    l_state_4_out|       pointer|
|l_state_4_out_ap_vld  |  out|    1|      ap_vld|                                    l_state_4_out|       pointer|
|l_state_3_out         |  out|   32|      ap_vld|                                    l_state_3_out|       pointer|
|l_state_3_out_ap_vld  |  out|    1|      ap_vld|                                    l_state_3_out|       pointer|
|l_state_2_out         |  out|   32|      ap_vld|                                    l_state_2_out|       pointer|
|l_state_2_out_ap_vld  |  out|    1|      ap_vld|                                    l_state_2_out|       pointer|
|l_state_1_out         |  out|   32|      ap_vld|                                    l_state_1_out|       pointer|
|l_state_1_out_ap_vld  |  out|    1|      ap_vld|                                    l_state_1_out|       pointer|
|l_state_out           |  out|   32|      ap_vld|                                      l_state_out|       pointer|
|l_state_out_ap_vld    |  out|    1|      ap_vld|                                      l_state_out|       pointer|
|m_state_7_out         |  out|   32|      ap_vld|                                    m_state_7_out|       pointer|
|m_state_7_out_ap_vld  |  out|    1|      ap_vld|                                    m_state_7_out|       pointer|
|m_state_6_out         |  out|   32|      ap_vld|                                    m_state_6_out|       pointer|
|m_state_6_out_ap_vld  |  out|    1|      ap_vld|                                    m_state_6_out|       pointer|
|m_state_5_out         |  out|   32|      ap_vld|                                    m_state_5_out|       pointer|
|m_state_5_out_ap_vld  |  out|    1|      ap_vld|                                    m_state_5_out|       pointer|
|m_state_4_out         |  out|   32|      ap_vld|                                    m_state_4_out|       pointer|
|m_state_4_out_ap_vld  |  out|    1|      ap_vld|                                    m_state_4_out|       pointer|
|m_state_3_out         |  out|   32|      ap_vld|                                    m_state_3_out|       pointer|
|m_state_3_out_ap_vld  |  out|    1|      ap_vld|                                    m_state_3_out|       pointer|
|m_state_2_out         |  out|   32|      ap_vld|                                    m_state_2_out|       pointer|
|m_state_2_out_ap_vld  |  out|    1|      ap_vld|                                    m_state_2_out|       pointer|
|m_state_1_out         |  out|   32|      ap_vld|                                    m_state_1_out|       pointer|
|m_state_1_out_ap_vld  |  out|    1|      ap_vld|                                    m_state_1_out|       pointer|
|m_state_out           |  out|   32|      ap_vld|                                      m_state_out|       pointer|
|m_state_out_ap_vld    |  out|    1|      ap_vld|                                      m_state_out|       pointer|
+----------------------+-----+-----+------------+-------------------------------------------------+--------------+

============================================================
+ Verbose Summary: Synthesis Manager
============================================================
InlineROM: 1
ExposeGlobal: 0
============================================================
+ Verbose Summary: CDFG Model
============================================================
IsTopModel: 0
ResetActiveHigh: 1
IsCombinational: 2
IsDatapathOnly: 2
HasWiredReturn: 1
HasMFsm: 2
HasVarLatency: 1
IsPipeline: 0
IsRtlPipelined: 0
IsInstanceOverlapped: 0
IsDontTouch: 0
HasImplIP: 0
IsGatedGlobalClock: 0

+ Individual pipeline summary: 
  * Pipeline-0: initiation interval (II) = 4, depth = 4


============================================================
+ Verbose Summary: Schedule
============================================================
* Number of FSM states : 4
* Pipeline : 1
  Pipeline-0 : II = 4, D = 4, States = { 1 2 3 4 }
* Dataflow Pipeline: 0

* FSM state transitions: 
1 --> 2 
2 --> 3 
3 --> 4 
4 --> 

* FSM state operations: 

State 1 <SV = 0> <Delay = 4.69>
ST_1 : Operation 7 [1/1] (0.00ns)   --->   "%i_1 = alloca i32 1"   --->   Operation 7 'alloca' 'i_1' <Predicate = true> <Delay = 0.00>
ST_1 : Operation 8 [1/1] (0.00ns)   --->   "%m_state = alloca i32 1"   --->   Operation 8 'alloca' 'm_state' <Predicate = true> <Delay = 0.00>
ST_1 : Operation 9 [1/1] (0.00ns)   --->   "%m_state_1 = alloca i32 1"   --->   Operation 9 'alloca' 'm_state_1' <Predicate = true> <Delay = 0.00>
ST_1 : Operation 10 [1/1] (0.00ns)   --->   "%m_state_2 = alloca i32 1"   --->   Operation 10 'alloca' 'm_state_2' <Predicate = true> <Delay = 0.00>
ST_1 : Operation 11 [1/1] (0.00ns)   --->   "%m_state_3 = alloca i32 1"   --->   Operation 11 'alloca' 'm_state_3' <Predicate = true> <Delay = 0.00>
ST_1 : Operation 12 [1/1] (0.00ns)   --->   "%m_state_4 = alloca i32 1"   --->   Operation 12 'alloca' 'm_state_4' <Predicate = true> <Delay = 0.00>
ST_1 : Operation 13 [1/1] (0.00ns)   --->   "%m_state_5 = alloca i32 1"   --->   Operation 13 'alloca' 'm_state_5' <Predicate = true> <Delay = 0.00>
ST_1 : Operation 14 [1/1] (0.00ns)   --->   "%m_state_6 = alloca i32 1"   --->   Operation 14 'alloca' 'm_state_6' <Predicate = true> <Delay = 0.00>
ST_1 : Operation 15 [1/1] (0.00ns)   --->   "%m_state_7 = alloca i32 1"   --->   Operation 15 'alloca' 'm_state_7' <Predicate = true> <Delay = 0.00>
ST_1 : Operation 16 [1/1] (0.00ns)   --->   "%l_state = alloca i32 1"   --->   Operation 16 'alloca' 'l_state' <Predicate = true> <Delay = 0.00>
ST_1 : Operation 17 [1/1] (0.00ns)   --->   "%l_state_1 = alloca i32 1"   --->   Operation 17 'alloca' 'l_state_1' <Predicate = true> <Delay = 0.00>
ST_1 : Operation 18 [1/1] (0.00ns)   --->   "%l_state_2 = alloca i32 1"   --->   Operation 18 'alloca' 'l_state_2' <Predicate = true> <Delay = 0.00>
ST_1 : Operation 19 [1/1] (0.00ns)   --->   "%l_state_3 = alloca i32 1"   --->   Operation 19 'alloca' 'l_state_3' <Predicate = true> <Delay = 0.00>
ST_1 : Operation 20 [1/1] (0.00ns)   --->   "%l_state_4 = alloca i32 1"   --->   Operation 20 'alloca' 'l_state_4' <Predicate = true> <Delay = 0.00>
ST_1 : Operation 21 [1/1] (0.00ns)   --->   "%l_state_5 = alloca i32 1"   --->   Operation 21 'alloca' 'l_state_5' <Predicate = true> <Delay = 0.00>
ST_1 : Operation 22 [1/1] (0.00ns)   --->   "%l_state_6 = alloca i32 1"   --->   Operation 22 'alloca' 'l_state_6' <Predicate = true> <Delay = 0.00>
ST_1 : Operation 23 [1/1] (0.00ns)   --->   "%l_state_7 = alloca i32 1"   --->   Operation 23 'alloca' 'l_state_7' <Predicate = true> <Delay = 0.00>
ST_1 : Operation 24 [1/1] (1.61ns)   --->   "%store_ln0 = store i4 0, i4 %i_1"   --->   Operation 24 'store' 'store_ln0' <Predicate = true> <Delay = 1.61>
ST_1 : Operation 25 [1/1] (0.00ns)   --->   "%br_ln0 = br void %for.inc61"   --->   Operation 25 'br' 'br_ln0' <Predicate = true> <Delay = 0.00>
ST_1 : Operation 26 [1/1] (0.00ns)   --->   "%i = load i4 %i_1" [attention_int8.cpp:108]   --->   Operation 26 'load' 'i' <Predicate = true> <Delay = 0.00>
ST_1 : Operation 27 [1/1] (0.00ns)   --->   "%trunc_ln108 = trunc i4 %i" [attention_int8.cpp:108]   --->   Operation 27 'trunc' 'trunc_ln108' <Predicate = true> <Delay = 0.00>
ST_1 : Operation 28 [1/1] (1.44ns)   --->   "%icmp_ln108 = icmp_eq  i4 %i, i4 8" [attention_int8.cpp:108]   --->   Operation 28 'icmp' 'icmp_ln108' <Predicate = true> <Delay = 1.44> <CoreInst = "Cmp">   --->   Core 9 'Cmp' <Latency = 0> <II = 1> <Delay = 1.44> <FuncUnit> <Opcode : 'icmp'> <InPorts = 2> <OutPorts = 1>
ST_1 : Operation 29 [1/1] (0.00ns)   --->   "%empty = speclooptripcount i32 @_ssdm_op_SpecLoopTripCount, i64 8, i64 8, i64 8"   --->   Operation 29 'speclooptripcount' 'empty' <Predicate = true> <Delay = 0.00>
ST_1 : Operation 30 [1/1] (1.77ns)   --->   "%add_ln108 = add i4 %i, i4 1" [attention_int8.cpp:108]   --->   Operation 30 'add' 'add_ln108' <Predicate = true> <Delay = 1.77> <CoreInst = "Adder">   --->   Core 1 'Adder' <Latency = 0> <II = 1> <Delay = 1.77> <FuncUnit> <Opcode : 'add' 'sub'> <InPorts = 2> <OutPorts = 1>
ST_1 : Operation 31 [1/1] (0.00ns)   --->   "%br_ln108 = br i1 %icmp_ln108, void %for.inc61.split, void %if.end.exitStub" [attention_int8.cpp:108]   --->   Operation 31 'br' 'br_ln108' <Predicate = true> <Delay = 0.00>
ST_1 : Operation 32 [1/1] (0.00ns)   --->   "%tmp_s = bitconcatenate i6 @_ssdm_op_BitConcatenate.i6.i3.i3, i3 %trunc_ln108, i3 0" [attention_int8.cpp:114]   --->   Operation 32 'bitconcatenate' 'tmp_s' <Predicate = (!icmp_ln108)> <Delay = 0.00>
ST_1 : Operation 33 [1/1] (0.00ns)   --->   "%zext_ln114 = zext i6 %tmp_s" [attention_int8.cpp:114]   --->   Operation 33 'zext' 'zext_ln114' <Predicate = (!icmp_ln108)> <Delay = 0.00>
ST_1 : Operation 34 [1/1] (0.00ns)   --->   "%O_tile_addr = getelementptr i32 %O_tile, i64 0, i64 %zext_ln114" [attention_int8.cpp:114]   --->   Operation 34 'getelementptr' 'O_tile_addr' <Predicate = (!icmp_ln108)> <Delay = 0.00>
ST_1 : Operation 35 [1/1] (0.00ns)   --->   "%or_ln114 = or i6 %tmp_s, i6 1" [attention_int8.cpp:114]   --->   Operation 35 'or' 'or_ln114' <Predicate = (!icmp_ln108)> <Delay = 0.00>
ST_1 : Operation 36 [1/1] (0.00ns)   --->   "%zext_ln114_1 = zext i6 %or_ln114" [attention_int8.cpp:114]   --->   Operation 36 'zext' 'zext_ln114_1' <Predicate = (!icmp_ln108)> <Delay = 0.00>
ST_1 : Operation 37 [1/1] (0.00ns)   --->   "%O_tile_addr_1 = getelementptr i32 %O_tile, i64 0, i64 %zext_ln114_1" [attention_int8.cpp:114]   --->   Operation 37 'getelementptr' 'O_tile_addr_1' <Predicate = (!icmp_ln108)> <Delay = 0.00>
ST_1 : Operation 38 [1/1] (0.00ns)   --->   "%or_ln114_1 = or i6 %tmp_s, i6 2" [attention_int8.cpp:114]   --->   Operation 38 'or' 'or_ln114_1' <Predicate = (!icmp_ln108)> <Delay = 0.00>
ST_1 : Operation 39 [1/1] (0.00ns)   --->   "%zext_ln114_2 = zext i6 %or_ln114_1" [attention_int8.cpp:114]   --->   Operation 39 'zext' 'zext_ln114_2' <Predicate = (!icmp_ln108)> <Delay = 0.00>
ST_1 : Operation 40 [1/1] (0.00ns)   --->   "%O_tile_addr_2 = getelementptr i32 %O_tile, i64 0, i64 %zext_ln114_2" [attention_int8.cpp:114]   --->   Operation 40 'getelementptr' 'O_tile_addr_2' <Predicate = (!icmp_ln108)> <Delay = 0.00>
ST_1 : Operation 41 [1/1] (0.00ns)   --->   "%or_ln114_2 = or i6 %tmp_s, i6 3" [attention_int8.cpp:114]   --->   Operation 41 'or' 'or_ln114_2' <Predicate = (!icmp_ln108)> <Delay = 0.00>
ST_1 : Operation 42 [1/1] (0.00ns)   --->   "%zext_ln114_3 = zext i6 %or_ln114_2" [attention_int8.cpp:114]   --->   Operation 42 'zext' 'zext_ln114_3' <Predicate = (!icmp_ln108)> <Delay = 0.00>
ST_1 : Operation 43 [1/1] (0.00ns)   --->   "%O_tile_addr_3 = getelementptr i32 %O_tile, i64 0, i64 %zext_ln114_3" [attention_int8.cpp:114]   --->   Operation 43 'getelementptr' 'O_tile_addr_3' <Predicate = (!icmp_ln108)> <Delay = 0.00>
ST_1 : Operation 44 [1/1] (0.00ns)   --->   "%or_ln114_3 = or i6 %tmp_s, i6 4" [attention_int8.cpp:114]   --->   Operation 44 'or' 'or_ln114_3' <Predicate = (!icmp_ln108)> <Delay = 0.00>
ST_1 : Operation 45 [1/1] (0.00ns)   --->   "%zext_ln114_4 = zext i6 %or_ln114_3" [attention_int8.cpp:114]   --->   Operation 45 'zext' 'zext_ln114_4' <Predicate = (!icmp_ln108)> <Delay = 0.00>
ST_1 : Operation 46 [1/1] (0.00ns)   --->   "%O_tile_addr_4 = getelementptr i32 %O_tile, i64 0, i64 %zext_ln114_4" [attention_int8.cpp:114]   --->   Operation 46 'getelementptr' 'O_tile_addr_4' <Predicate = (!icmp_ln108)> <Delay = 0.00>
ST_1 : Operation 47 [1/1] (0.00ns)   --->   "%or_ln114_4 = or i6 %tmp_s, i6 5" [attention_int8.cpp:114]   --->   Operation 47 'or' 'or_ln114_4' <Predicate = (!icmp_ln108)> <Delay = 0.00>
ST_1 : Operation 48 [1/1] (0.00ns)   --->   "%zext_ln114_5 = zext i6 %or_ln114_4" [attention_int8.cpp:114]   --->   Operation 48 'zext' 'zext_ln114_5' <Predicate = (!icmp_ln108)> <Delay = 0.00>
ST_1 : Operation 49 [1/1] (0.00ns)   --->   "%O_tile_addr_5 = getelementptr i32 %O_tile, i64 0, i64 %zext_ln114_5" [attention_int8.cpp:114]   --->   Operation 49 'getelementptr' 'O_tile_addr_5' <Predicate = (!icmp_ln108)> <Delay = 0.00>
ST_1 : Operation 50 [1/1] (0.00ns)   --->   "%or_ln114_5 = or i6 %tmp_s, i6 6" [attention_int8.cpp:114]   --->   Operation 50 'or' 'or_ln114_5' <Predicate = (!icmp_ln108)> <Delay = 0.00>
ST_1 : Operation 51 [1/1] (0.00ns)   --->   "%zext_ln114_6 = zext i6 %or_ln114_5" [attention_int8.cpp:114]   --->   Operation 51 'zext' 'zext_ln114_6' <Predicate = (!icmp_ln108)> <Delay = 0.00>
ST_1 : Operation 52 [1/1] (0.00ns)   --->   "%O_tile_addr_6 = getelementptr i32 %O_tile, i64 0, i64 %zext_ln114_6" [attention_int8.cpp:114]   --->   Operation 52 'getelementptr' 'O_tile_addr_6' <Predicate = (!icmp_ln108)> <Delay = 0.00>
ST_1 : Operation 53 [1/1] (0.00ns)   --->   "%or_ln114_6 = or i6 %tmp_s, i6 7" [attention_int8.cpp:114]   --->   Operation 53 'or' 'or_ln114_6' <Predicate = (!icmp_ln108)> <Delay = 0.00>
ST_1 : Operation 54 [1/1] (0.00ns)   --->   "%zext_ln114_7 = zext i6 %or_ln114_6" [attention_int8.cpp:114]   --->   Operation 54 'zext' 'zext_ln114_7' <Predicate = (!icmp_ln108)> <Delay = 0.00>
ST_1 : Operation 55 [1/1] (0.00ns)   --->   "%O_tile_addr_7 = getelementptr i32 %O_tile, i64 0, i64 %zext_ln114_7" [attention_int8.cpp:114]   --->   Operation 55 'getelementptr' 'O_tile_addr_7' <Predicate = (!icmp_ln108)> <Delay = 0.00>
ST_1 : Operation 56 [1/1] (0.00ns)   --->   "%O_tile_1_addr = getelementptr i32 %O_tile_1, i64 0, i64 %zext_ln114" [attention_int8.cpp:114]   --->   Operation 56 'getelementptr' 'O_tile_1_addr' <Predicate = (!icmp_ln108)> <Delay = 0.00>
ST_1 : Operation 57 [1/1] (0.00ns)   --->   "%O_tile_1_addr_1 = getelementptr i32 %O_tile_1, i64 0, i64 %zext_ln114_1" [attention_int8.cpp:114]   --->   Operation 57 'getelementptr' 'O_tile_1_addr_1' <Predicate = (!icmp_ln108)> <Delay = 0.00>
ST_1 : Operation 58 [1/1] (0.00ns)   --->   "%O_tile_1_addr_2 = getelementptr i32 %O_tile_1, i64 0, i64 %zext_ln114_2" [attention_int8.cpp:114]   --->   Operation 58 'getelementptr' 'O_tile_1_addr_2' <Predicate = (!icmp_ln108)> <Delay = 0.00>
ST_1 : Operation 59 [1/1] (0.00ns)   --->   "%O_tile_1_addr_3 = getelementptr i32 %O_tile_1, i64 0, i64 %zext_ln114_3" [attention_int8.cpp:114]   --->   Operation 59 'getelementptr' 'O_tile_1_addr_3' <Predicate = (!icmp_ln108)> <Delay = 0.00>
ST_1 : Operation 60 [1/1] (0.00ns)   --->   "%O_tile_1_addr_4 = getelementptr i32 %O_tile_1, i64 0, i64 %zext_ln114_4" [attention_int8.cpp:114]   --->   Operation 60 'getelementptr' 'O_tile_1_addr_4' <Predicate = (!icmp_ln108)> <Delay = 0.00>
ST_1 : Operation 61 [1/1] (0.00ns)   --->   "%O_tile_1_addr_5 = getelementptr i32 %O_tile_1, i64 0, i64 %zext_ln114_5" [attention_int8.cpp:114]   --->   Operation 61 'getelementptr' 'O_tile_1_addr_5' <Predicate = (!icmp_ln108)> <Delay = 0.00>
ST_1 : Operation 62 [1/1] (0.00ns)   --->   "%O_tile_1_addr_6 = getelementptr i32 %O_tile_1, i64 0, i64 %zext_ln114_6" [attention_int8.cpp:114]   --->   Operation 62 'getelementptr' 'O_tile_1_addr_6' <Predicate = (!icmp_ln108)> <Delay = 0.00>
ST_1 : Operation 63 [1/1] (0.00ns)   --->   "%O_tile_1_addr_7 = getelementptr i32 %O_tile_1, i64 0, i64 %zext_ln114_7" [attention_int8.cpp:114]   --->   Operation 63 'getelementptr' 'O_tile_1_addr_7' <Predicate = (!icmp_ln108)> <Delay = 0.00>
ST_1 : Operation 64 [1/1] (0.00ns)   --->   "%O_tile_2_addr = getelementptr i32 %O_tile_2, i64 0, i64 %zext_ln114" [attention_int8.cpp:114]   --->   Operation 64 'getelementptr' 'O_tile_2_addr' <Predicate = (!icmp_ln108)> <Delay = 0.00>
ST_1 : Operation 65 [1/1] (0.00ns)   --->   "%O_tile_2_addr_1 = getelementptr i32 %O_tile_2, i64 0, i64 %zext_ln114_1" [attention_int8.cpp:114]   --->   Operation 65 'getelementptr' 'O_tile_2_addr_1' <Predicate = (!icmp_ln108)> <Delay = 0.00>
ST_1 : Operation 66 [1/1] (0.00ns)   --->   "%O_tile_2_addr_2 = getelementptr i32 %O_tile_2, i64 0, i64 %zext_ln114_2" [attention_int8.cpp:114]   --->   Operation 66 'getelementptr' 'O_tile_2_addr_2' <Predicate = (!icmp_ln108)> <Delay = 0.00>
ST_1 : Operation 67 [1/1] (0.00ns)   --->   "%O_tile_2_addr_3 = getelementptr i32 %O_tile_2, i64 0, i64 %zext_ln114_3" [attention_int8.cpp:114]   --->   Operation 67 'getelementptr' 'O_tile_2_addr_3' <Predicate = (!icmp_ln108)> <Delay = 0.00>
ST_1 : Operation 68 [1/1] (0.00ns)   --->   "%O_tile_2_addr_4 = getelementptr i32 %O_tile_2, i64 0, i64 %zext_ln114_4" [attention_int8.cpp:114]   --->   Operation 68 'getelementptr' 'O_tile_2_addr_4' <Predicate = (!icmp_ln108)> <Delay = 0.00>
ST_1 : Operation 69 [1/1] (0.00ns)   --->   "%O_tile_2_addr_5 = getelementptr i32 %O_tile_2, i64 0, i64 %zext_ln114_5" [attention_int8.cpp:114]   --->   Operation 69 'getelementptr' 'O_tile_2_addr_5' <Predicate = (!icmp_ln108)> <Delay = 0.00>
ST_1 : Operation 70 [1/1] (0.00ns)   --->   "%O_tile_2_addr_6 = getelementptr i32 %O_tile_2, i64 0, i64 %zext_ln114_6" [attention_int8.cpp:114]   --->   Operation 70 'getelementptr' 'O_tile_2_addr_6' <Predicate = (!icmp_ln108)> <Delay = 0.00>
ST_1 : Operation 71 [1/1] (0.00ns)   --->   "%O_tile_2_addr_7 = getelementptr i32 %O_tile_2, i64 0, i64 %zext_ln114_7" [attention_int8.cpp:114]   --->   Operation 71 'getelementptr' 'O_tile_2_addr_7' <Predicate = (!icmp_ln108)> <Delay = 0.00>
ST_1 : Operation 72 [1/1] (0.00ns)   --->   "%O_tile_3_addr = getelementptr i32 %O_tile_3, i64 0, i64 %zext_ln114" [attention_int8.cpp:114]   --->   Operation 72 'getelementptr' 'O_tile_3_addr' <Predicate = (!icmp_ln108)> <Delay = 0.00>
ST_1 : Operation 73 [1/1] (0.00ns)   --->   "%O_tile_3_addr_1 = getelementptr i32 %O_tile_3, i64 0, i64 %zext_ln114_1" [attention_int8.cpp:114]   --->   Operation 73 'getelementptr' 'O_tile_3_addr_1' <Predicate = (!icmp_ln108)> <Delay = 0.00>
ST_1 : Operation 74 [1/1] (0.00ns)   --->   "%O_tile_3_addr_2 = getelementptr i32 %O_tile_3, i64 0, i64 %zext_ln114_2" [attention_int8.cpp:114]   --->   Operation 74 'getelementptr' 'O_tile_3_addr_2' <Predicate = (!icmp_ln108)> <Delay = 0.00>
ST_1 : Operation 75 [1/1] (0.00ns)   --->   "%O_tile_3_addr_3 = getelementptr i32 %O_tile_3, i64 0, i64 %zext_ln114_3" [attention_int8.cpp:114]   --->   Operation 75 'getelementptr' 'O_tile_3_addr_3' <Predicate = (!icmp_ln108)> <Delay = 0.00>
ST_1 : Operation 76 [1/1] (0.00ns)   --->   "%O_tile_3_addr_4 = getelementptr i32 %O_tile_3, i64 0, i64 %zext_ln114_4" [attention_int8.cpp:114]   --->   Operation 76 'getelementptr' 'O_tile_3_addr_4' <Predicate = (!icmp_ln108)> <Delay = 0.00>
ST_1 : Operation 77 [1/1] (0.00ns)   --->   "%O_tile_3_addr_5 = getelementptr i32 %O_tile_3, i64 0, i64 %zext_ln114_5" [attention_int8.cpp:114]   --->   Operation 77 'getelementptr' 'O_tile_3_addr_5' <Predicate = (!icmp_ln108)> <Delay = 0.00>
ST_1 : Operation 78 [1/1] (0.00ns)   --->   "%O_tile_3_addr_6 = getelementptr i32 %O_tile_3, i64 0, i64 %zext_ln114_6" [attention_int8.cpp:114]   --->   Operation 78 'getelementptr' 'O_tile_3_addr_6' <Predicate = (!icmp_ln108)> <Delay = 0.00>
ST_1 : Operation 79 [1/1] (0.00ns)   --->   "%O_tile_3_addr_7 = getelementptr i32 %O_tile_3, i64 0, i64 %zext_ln114_7" [attention_int8.cpp:114]   --->   Operation 79 'getelementptr' 'O_tile_3_addr_7' <Predicate = (!icmp_ln108)> <Delay = 0.00>
ST_1 : Operation 80 [1/1] (0.00ns)   --->   "%O_tile_4_addr = getelementptr i32 %O_tile_4, i64 0, i64 %zext_ln114" [attention_int8.cpp:114]   --->   Operation 80 'getelementptr' 'O_tile_4_addr' <Predicate = (!icmp_ln108)> <Delay = 0.00>
ST_1 : Operation 81 [1/1] (0.00ns)   --->   "%O_tile_4_addr_1 = getelementptr i32 %O_tile_4, i64 0, i64 %zext_ln114_1" [attention_int8.cpp:114]   --->   Operation 81 'getelementptr' 'O_tile_4_addr_1' <Predicate = (!icmp_ln108)> <Delay = 0.00>
ST_1 : Operation 82 [1/1] (0.00ns)   --->   "%O_tile_4_addr_2 = getelementptr i32 %O_tile_4, i64 0, i64 %zext_ln114_2" [attention_int8.cpp:114]   --->   Operation 82 'getelementptr' 'O_tile_4_addr_2' <Predicate = (!icmp_ln108)> <Delay = 0.00>
ST_1 : Operation 83 [1/1] (0.00ns)   --->   "%O_tile_4_addr_3 = getelementptr i32 %O_tile_4, i64 0, i64 %zext_ln114_3" [attention_int8.cpp:114]   --->   Operation 83 'getelementptr' 'O_tile_4_addr_3' <Predicate = (!icmp_ln108)> <Delay = 0.00>
ST_1 : Operation 84 [1/1] (0.00ns)   --->   "%O_tile_4_addr_4 = getelementptr i32 %O_tile_4, i64 0, i64 %zext_ln114_4" [attention_int8.cpp:114]   --->   Operation 84 'getelementptr' 'O_tile_4_addr_4' <Predicate = (!icmp_ln108)> <Delay = 0.00>
ST_1 : Operation 85 [1/1] (0.00ns)   --->   "%O_tile_4_addr_5 = getelementptr i32 %O_tile_4, i64 0, i64 %zext_ln114_5" [attention_int8.cpp:114]   --->   Operation 85 'getelementptr' 'O_tile_4_addr_5' <Predicate = (!icmp_ln108)> <Delay = 0.00>
ST_1 : Operation 86 [1/1] (0.00ns)   --->   "%O_tile_4_addr_6 = getelementptr i32 %O_tile_4, i64 0, i64 %zext_ln114_6" [attention_int8.cpp:114]   --->   Operation 86 'getelementptr' 'O_tile_4_addr_6' <Predicate = (!icmp_ln108)> <Delay = 0.00>
ST_1 : Operation 87 [1/1] (0.00ns)   --->   "%O_tile_4_addr_7 = getelementptr i32 %O_tile_4, i64 0, i64 %zext_ln114_7" [attention_int8.cpp:114]   --->   Operation 87 'getelementptr' 'O_tile_4_addr_7' <Predicate = (!icmp_ln108)> <Delay = 0.00>
ST_1 : Operation 88 [1/1] (0.00ns)   --->   "%O_tile_5_addr = getelementptr i32 %O_tile_5, i64 0, i64 %zext_ln114" [attention_int8.cpp:114]   --->   Operation 88 'getelementptr' 'O_tile_5_addr' <Predicate = (!icmp_ln108)> <Delay = 0.00>
ST_1 : Operation 89 [1/1] (0.00ns)   --->   "%O_tile_5_addr_1 = getelementptr i32 %O_tile_5, i64 0, i64 %zext_ln114_1" [attention_int8.cpp:114]   --->   Operation 89 'getelementptr' 'O_tile_5_addr_1' <Predicate = (!icmp_ln108)> <Delay = 0.00>
ST_1 : Operation 90 [1/1] (0.00ns)   --->   "%O_tile_5_addr_2 = getelementptr i32 %O_tile_5, i64 0, i64 %zext_ln114_2" [attention_int8.cpp:114]   --->   Operation 90 'getelementptr' 'O_tile_5_addr_2' <Predicate = (!icmp_ln108)> <Delay = 0.00>
ST_1 : Operation 91 [1/1] (0.00ns)   --->   "%O_tile_5_addr_3 = getelementptr i32 %O_tile_5, i64 0, i64 %zext_ln114_3" [attention_int8.cpp:114]   --->   Operation 91 'getelementptr' 'O_tile_5_addr_3' <Predicate = (!icmp_ln108)> <Delay = 0.00>
ST_1 : Operation 92 [1/1] (0.00ns)   --->   "%O_tile_5_addr_4 = getelementptr i32 %O_tile_5, i64 0, i64 %zext_ln114_4" [attention_int8.cpp:114]   --->   Operation 92 'getelementptr' 'O_tile_5_addr_4' <Predicate = (!icmp_ln108)> <Delay = 0.00>
ST_1 : Operation 93 [1/1] (0.00ns)   --->   "%O_tile_5_addr_5 = getelementptr i32 %O_tile_5, i64 0, i64 %zext_ln114_5" [attention_int8.cpp:114]   --->   Operation 93 'getelementptr' 'O_tile_5_addr_5' <Predicate = (!icmp_ln108)> <Delay = 0.00>
ST_1 : Operation 94 [1/1] (0.00ns)   --->   "%O_tile_5_addr_6 = getelementptr i32 %O_tile_5, i64 0, i64 %zext_ln114_6" [attention_int8.cpp:114]   --->   Operation 94 'getelementptr' 'O_tile_5_addr_6' <Predicate = (!icmp_ln108)> <Delay = 0.00>
ST_1 : Operation 95 [1/1] (0.00ns)   --->   "%O_tile_5_addr_7 = getelementptr i32 %O_tile_5, i64 0, i64 %zext_ln114_7" [attention_int8.cpp:114]   --->   Operation 95 'getelementptr' 'O_tile_5_addr_7' <Predicate = (!icmp_ln108)> <Delay = 0.00>
ST_1 : Operation 96 [1/1] (0.00ns)   --->   "%O_tile_6_addr = getelementptr i32 %O_tile_6, i64 0, i64 %zext_ln114" [attention_int8.cpp:114]   --->   Operation 96 'getelementptr' 'O_tile_6_addr' <Predicate = (!icmp_ln108)> <Delay = 0.00>
ST_1 : Operation 97 [1/1] (0.00ns)   --->   "%O_tile_6_addr_1 = getelementptr i32 %O_tile_6, i64 0, i64 %zext_ln114_1" [attention_int8.cpp:114]   --->   Operation 97 'getelementptr' 'O_tile_6_addr_1' <Predicate = (!icmp_ln108)> <Delay = 0.00>
ST_1 : Operation 98 [1/1] (0.00ns)   --->   "%O_tile_6_addr_2 = getelementptr i32 %O_tile_6, i64 0, i64 %zext_ln114_2" [attention_int8.cpp:114]   --->   Operation 98 'getelementptr' 'O_tile_6_addr_2' <Predicate = (!icmp_ln108)> <Delay = 0.00>
ST_1 : Operation 99 [1/1] (0.00ns)   --->   "%O_tile_6_addr_3 = getelementptr i32 %O_tile_6, i64 0, i64 %zext_ln114_3" [attention_int8.cpp:114]   --->   Operation 99 'getelementptr' 'O_tile_6_addr_3' <Predicate = (!icmp_ln108)> <Delay = 0.00>
ST_1 : Operation 100 [1/1] (0.00ns)   --->   "%O_tile_6_addr_4 = getelementptr i32 %O_tile_6, i64 0, i64 %zext_ln114_4" [attention_int8.cpp:114]   --->   Operation 100 'getelementptr' 'O_tile_6_addr_4' <Predicate = (!icmp_ln108)> <Delay = 0.00>
ST_1 : Operation 101 [1/1] (0.00ns)   --->   "%O_tile_6_addr_5 = getelementptr i32 %O_tile_6, i64 0, i64 %zext_ln114_5" [attention_int8.cpp:114]   --->   Operation 101 'getelementptr' 'O_tile_6_addr_5' <Predicate = (!icmp_ln108)> <Delay = 0.00>
ST_1 : Operation 102 [1/1] (0.00ns)   --->   "%O_tile_6_addr_6 = getelementptr i32 %O_tile_6, i64 0, i64 %zext_ln114_6" [attention_int8.cpp:114]   --->   Operation 102 'getelementptr' 'O_tile_6_addr_6' <Predicate = (!icmp_ln108)> <Delay = 0.00>
ST_1 : Operation 103 [1/1] (0.00ns)   --->   "%O_tile_6_addr_7 = getelementptr i32 %O_tile_6, i64 0, i64 %zext_ln114_7" [attention_int8.cpp:114]   --->   Operation 103 'getelementptr' 'O_tile_6_addr_7' <Predicate = (!icmp_ln108)> <Delay = 0.00>
ST_1 : Operation 104 [1/1] (0.00ns)   --->   "%O_tile_7_addr = getelementptr i32 %O_tile_7, i64 0, i64 %zext_ln114" [attention_int8.cpp:114]   --->   Operation 104 'getelementptr' 'O_tile_7_addr' <Predicate = (!icmp_ln108)> <Delay = 0.00>
ST_1 : Operation 105 [1/1] (0.00ns)   --->   "%O_tile_7_addr_1 = getelementptr i32 %O_tile_7, i64 0, i64 %zext_ln114_1" [attention_int8.cpp:114]   --->   Operation 105 'getelementptr' 'O_tile_7_addr_1' <Predicate = (!icmp_ln108)> <Delay = 0.00>
ST_1 : Operation 106 [1/1] (0.00ns)   --->   "%O_tile_7_addr_2 = getelementptr i32 %O_tile_7, i64 0, i64 %zext_ln114_2" [attention_int8.cpp:114]   --->   Operation 106 'getelementptr' 'O_tile_7_addr_2' <Predicate = (!icmp_ln108)> <Delay = 0.00>
ST_1 : Operation 107 [1/1] (0.00ns)   --->   "%O_tile_7_addr_3 = getelementptr i32 %O_tile_7, i64 0, i64 %zext_ln114_3" [attention_int8.cpp:114]   --->   Operation 107 'getelementptr' 'O_tile_7_addr_3' <Predicate = (!icmp_ln108)> <Delay = 0.00>
ST_1 : Operation 108 [1/1] (0.00ns)   --->   "%O_tile_7_addr_4 = getelementptr i32 %O_tile_7, i64 0, i64 %zext_ln114_4" [attention_int8.cpp:114]   --->   Operation 108 'getelementptr' 'O_tile_7_addr_4' <Predicate = (!icmp_ln108)> <Delay = 0.00>
ST_1 : Operation 109 [1/1] (0.00ns)   --->   "%O_tile_7_addr_5 = getelementptr i32 %O_tile_7, i64 0, i64 %zext_ln114_5" [attention_int8.cpp:114]   --->   Operation 109 'getelementptr' 'O_tile_7_addr_5' <Predicate = (!icmp_ln108)> <Delay = 0.00>
ST_1 : Operation 110 [1/1] (0.00ns)   --->   "%O_tile_7_addr_6 = getelementptr i32 %O_tile_7, i64 0, i64 %zext_ln114_6" [attention_int8.cpp:114]   --->   Operation 110 'getelementptr' 'O_tile_7_addr_6' <Predicate = (!icmp_ln108)> <Delay = 0.00>
ST_1 : Operation 111 [1/1] (0.00ns)   --->   "%O_tile_7_addr_7 = getelementptr i32 %O_tile_7, i64 0, i64 %zext_ln114_7" [attention_int8.cpp:114]   --->   Operation 111 'getelementptr' 'O_tile_7_addr_7' <Predicate = (!icmp_ln108)> <Delay = 0.00>
ST_1 : Operation 112 [1/1] (0.00ns)   --->   "%specpipeline_ln109 = specpipeline void @_ssdm_op_SpecPipeline, i32 1, i32 0, i32 0, i32 0, void @empty_13" [attention_int8.cpp:109]   --->   Operation 112 'specpipeline' 'specpipeline_ln109' <Predicate = (!icmp_ln108)> <Delay = 0.00>
ST_1 : Operation 113 [1/1] (0.00ns)   --->   "%specloopname_ln93 = specloopname void @_ssdm_op_SpecLoopName, void @empty_22" [attention_int8.cpp:93]   --->   Operation 113 'specloopname' 'specloopname_ln93' <Predicate = (!icmp_ln108)> <Delay = 0.00>
ST_1 : Operation 114 [1/1] (0.93ns)   --->   "%switch_ln110 = switch i3 %trunc_ln108, void %arrayidx51.case.7, i3 0, void %for.inc61.split.arrayidx51.exit_crit_edge, i3 1, void %for.inc61.split.arrayidx51.exit_crit_edge8, i3 2, void %arrayidx51.case.2, i3 3, void %arrayidx51.case.3, i3 4, void %arrayidx51.case.4, i3 5, void %arrayidx51.case.5, i3 6, void %arrayidx51.case.6" [attention_int8.cpp:110]   --->   Operation 114 'switch' 'switch_ln110' <Predicate = (!icmp_ln108)> <Delay = 0.93>
ST_1 : Operation 115 [1/1] (0.00ns)   --->   "%store_ln111 = store i32 0, i32 %l_state_6" [attention_int8.cpp:111]   --->   Operation 115 'store' 'store_ln111' <Predicate = (!icmp_ln108 & trunc_ln108 == 6)> <Delay = 0.00>
ST_1 : Operation 116 [1/1] (0.00ns)   --->   "%store_ln111 = store i32 -1e+30, i32 %m_state_6" [attention_int8.cpp:111]   --->   Operation 116 'store' 'store_ln111' <Predicate = (!icmp_ln108 & trunc_ln108 == 6)> <Delay = 0.00>
ST_1 : Operation 117 [1/1] (0.00ns)   --->   "%br_ln111 = br void %arrayidx51.exit" [attention_int8.cpp:111]   --->   Operation 117 'br' 'br_ln111' <Predicate = (!icmp_ln108 & trunc_ln108 == 6)> <Delay = 0.00>
ST_1 : Operation 118 [1/1] (0.00ns)   --->   "%store_ln111 = store i32 0, i32 %l_state_5" [attention_int8.cpp:111]   --->   Operation 118 'store' 'store_ln111' <Predicate = (!icmp_ln108 & trunc_ln108 == 5)> <Delay = 0.00>
ST_1 : Operation 119 [1/1] (0.00ns)   --->   "%store_ln111 = store i32 -1e+30, i32 %m_state_5" [attention_int8.cpp:111]   --->   Operation 119 'store' 'store_ln111' <Predicate = (!icmp_ln108 & trunc_ln108 == 5)> <Delay = 0.00>
ST_1 : Operation 120 [1/1] (0.00ns)   --->   "%br_ln111 = br void %arrayidx51.exit" [attention_int8.cpp:111]   --->   Operation 120 'br' 'br_ln111' <Predicate = (!icmp_ln108 & trunc_ln108 == 5)> <Delay = 0.00>
ST_1 : Operation 121 [1/1] (0.00ns)   --->   "%store_ln111 = store i32 0, i32 %l_state_4" [attention_int8.cpp:111]   --->   Operation 121 'store' 'store_ln111' <Predicate = (!icmp_ln108 & trunc_ln108 == 4)> <Delay = 0.00>
ST_1 : Operation 122 [1/1] (0.00ns)   --->   "%store_ln111 = store i32 -1e+30, i32 %m_state_4" [attention_int8.cpp:111]   --->   Operation 122 'store' 'store_ln111' <Predicate = (!icmp_ln108 & trunc_ln108 == 4)> <Delay = 0.00>
ST_1 : Operation 123 [1/1] (0.00ns)   --->   "%br_ln111 = br void %arrayidx51.exit" [attention_int8.cpp:111]   --->   Operation 123 'br' 'br_ln111' <Predicate = (!icmp_ln108 & trunc_ln108 == 4)> <Delay = 0.00>
ST_1 : Operation 124 [1/1] (0.00ns)   --->   "%store_ln111 = store i32 0, i32 %l_state_3" [attention_int8.cpp:111]   --->   Operation 124 'store' 'store_ln111' <Predicate = (!icmp_ln108 & trunc_ln108 == 3)> <Delay = 0.00>
ST_1 : Operation 125 [1/1] (0.00ns)   --->   "%store_ln111 = store i32 -1e+30, i32 %m_state_3" [attention_int8.cpp:111]   --->   Operation 125 'store' 'store_ln111' <Predicate = (!icmp_ln108 & trunc_ln108 == 3)> <Delay = 0.00>
ST_1 : Operation 126 [1/1] (0.00ns)   --->   "%br_ln111 = br void %arrayidx51.exit" [attention_int8.cpp:111]   --->   Operation 126 'br' 'br_ln111' <Predicate = (!icmp_ln108 & trunc_ln108 == 3)> <Delay = 0.00>
ST_1 : Operation 127 [1/1] (0.00ns)   --->   "%store_ln111 = store i32 0, i32 %l_state_2" [attention_int8.cpp:111]   --->   Operation 127 'store' 'store_ln111' <Predicate = (!icmp_ln108 & trunc_ln108 == 2)> <Delay = 0.00>
ST_1 : Operation 128 [1/1] (0.00ns)   --->   "%store_ln111 = store i32 -1e+30, i32 %m_state_2" [attention_int8.cpp:111]   --->   Operation 128 'store' 'store_ln111' <Predicate = (!icmp_ln108 & trunc_ln108 == 2)> <Delay = 0.00>
ST_1 : Operation 129 [1/1] (0.00ns)   --->   "%br_ln111 = br void %arrayidx51.exit" [attention_int8.cpp:111]   --->   Operation 129 'br' 'br_ln111' <Predicate = (!icmp_ln108 & trunc_ln108 == 2)> <Delay = 0.00>
ST_1 : Operation 130 [1/1] (0.00ns)   --->   "%store_ln110 = store i32 0, i32 %l_state_1" [attention_int8.cpp:110]   --->   Operation 130 'store' 'store_ln110' <Predicate = (!icmp_ln108 & trunc_ln108 == 1)> <Delay = 0.00>
ST_1 : Operation 131 [1/1] (0.00ns)   --->   "%store_ln110 = store i32 -1e+30, i32 %m_state_1" [attention_int8.cpp:110]   --->   Operation 131 'store' 'store_ln110' <Predicate = (!icmp_ln108 & trunc_ln108 == 1)> <Delay = 0.00>
ST_1 : Operation 132 [1/1] (0.00ns)   --->   "%br_ln110 = br void %arrayidx51.exit" [attention_int8.cpp:110]   --->   Operation 132 'br' 'br_ln110' <Predicate = (!icmp_ln108 & trunc_ln108 == 1)> <Delay = 0.00>
ST_1 : Operation 133 [1/1] (0.00ns)   --->   "%store_ln110 = store i32 0, i32 %l_state" [attention_int8.cpp:110]   --->   Operation 133 'store' 'store_ln110' <Predicate = (!icmp_ln108 & trunc_ln108 == 0)> <Delay = 0.00>
ST_1 : Operation 134 [1/1] (0.00ns)   --->   "%store_ln110 = store i32 -1e+30, i32 %m_state" [attention_int8.cpp:110]   --->   Operation 134 'store' 'store_ln110' <Predicate = (!icmp_ln108 & trunc_ln108 == 0)> <Delay = 0.00>
ST_1 : Operation 135 [1/1] (0.00ns)   --->   "%br_ln110 = br void %arrayidx51.exit" [attention_int8.cpp:110]   --->   Operation 135 'br' 'br_ln110' <Predicate = (!icmp_ln108 & trunc_ln108 == 0)> <Delay = 0.00>
ST_1 : Operation 136 [1/1] (0.00ns)   --->   "%store_ln111 = store i32 0, i32 %l_state_7" [attention_int8.cpp:111]   --->   Operation 136 'store' 'store_ln111' <Predicate = (!icmp_ln108 & trunc_ln108 == 7)> <Delay = 0.00>
ST_1 : Operation 137 [1/1] (0.00ns)   --->   "%store_ln111 = store i32 -1e+30, i32 %m_state_7" [attention_int8.cpp:111]   --->   Operation 137 'store' 'store_ln111' <Predicate = (!icmp_ln108 & trunc_ln108 == 7)> <Delay = 0.00>
ST_1 : Operation 138 [1/1] (0.00ns)   --->   "%br_ln111 = br void %arrayidx51.exit" [attention_int8.cpp:111]   --->   Operation 138 'br' 'br_ln111' <Predicate = (!icmp_ln108 & trunc_ln108 == 7)> <Delay = 0.00>
ST_1 : Operation 139 [1/1] (3.25ns)   --->   "%store_ln114 = store i32 0, i6 %O_tile_addr" [attention_int8.cpp:114]   --->   Operation 139 'store' 'store_ln114' <Predicate = (!icmp_ln108)> <Delay = 3.25> <CoreInst = "RAM">   --->   Core 82 'RAM' <Latency = 1> <II = 1> <Delay = 3.25> <Storage> <Opcode : 'load' 'store'> <Ports = 2> <Width = 32> <Depth = 64> <RAM>
ST_1 : Operation 140 [1/1] (3.25ns)   --->   "%store_ln114 = store i32 0, i6 %O_tile_1_addr" [attention_int8.cpp:114]   --->   Operation 140 'store' 'store_ln114' <Predicate = (!icmp_ln108)> <Delay = 3.25> <CoreInst = "RAM">   --->   Core 82 'RAM' <Latency = 1> <II = 1> <Delay = 3.25> <Storage> <Opcode : 'load' 'store'> <Ports = 2> <Width = 32> <Depth = 64> <RAM>
ST_1 : Operation 141 [1/1] (3.25ns)   --->   "%store_ln114 = store i32 0, i6 %O_tile_2_addr" [attention_int8.cpp:114]   --->   Operation 141 'store' 'store_ln114' <Predicate = (!icmp_ln108)> <Delay = 3.25> <CoreInst = "RAM">   --->   Core 82 'RAM' <Latency = 1> <II = 1> <Delay = 3.25> <Storage> <Opcode : 'load' 'store'> <Ports = 2> <Width = 32> <Depth = 64> <RAM>
ST_1 : Operation 142 [1/1] (3.25ns)   --->   "%store_ln114 = store i32 0, i6 %O_tile_3_addr" [attention_int8.cpp:114]   --->   Operation 142 'store' 'store_ln114' <Predicate = (!icmp_ln108)> <Delay = 3.25> <CoreInst = "RAM">   --->   Core 82 'RAM' <Latency = 1> <II = 1> <Delay = 3.25> <Storage> <Opcode : 'load' 'store'> <Ports = 2> <Width = 32> <Depth = 64> <RAM>
ST_1 : Operation 143 [1/1] (3.25ns)   --->   "%store_ln114 = store i32 0, i6 %O_tile_4_addr" [attention_int8.cpp:114]   --->   Operation 143 'store' 'store_ln114' <Predicate = (!icmp_ln108)> <Delay = 3.25> <CoreInst = "RAM">   --->   Core 82 'RAM' <Latency = 1> <II = 1> <Delay = 3.25> <Storage> <Opcode : 'load' 'store'> <Ports = 2> <Width = 32> <Depth = 64> <RAM>
ST_1 : Operation 144 [1/1] (3.25ns)   --->   "%store_ln114 = store i32 0, i6 %O_tile_5_addr" [attention_int8.cpp:114]   --->   Operation 144 'store' 'store_ln114' <Predicate = (!icmp_ln108)> <Delay = 3.25> <CoreInst = "RAM">   --->   Core 82 'RAM' <Latency = 1> <II = 1> <Delay = 3.25> <Storage> <Opcode : 'load' 'store'> <Ports = 2> <Width = 32> <Depth = 64> <RAM>
ST_1 : Operation 145 [1/1] (3.25ns)   --->   "%store_ln114 = store i32 0, i6 %O_tile_6_addr" [attention_int8.cpp:114]   --->   Operation 145 'store' 'store_ln114' <Predicate = (!icmp_ln108)> <Delay = 3.25> <CoreInst = "RAM">   --->   Core 82 'RAM' <Latency = 1> <II = 1> <Delay = 3.25> <Storage> <Opcode : 'load' 'store'> <Ports = 2> <Width = 32> <Depth = 64> <RAM>
ST_1 : Operation 146 [1/1] (3.25ns)   --->   "%store_ln114 = store i32 0, i6 %O_tile_7_addr" [attention_int8.cpp:114]   --->   Operation 146 'store' 'store_ln114' <Predicate = (!icmp_ln108)> <Delay = 3.25> <CoreInst = "RAM">   --->   Core 82 'RAM' <Latency = 1> <II = 1> <Delay = 3.25> <Storage> <Opcode : 'load' 'store'> <Ports = 2> <Width = 32> <Depth = 64> <RAM>
ST_1 : Operation 147 [1/1] (3.25ns)   --->   "%store_ln114 = store i32 0, i6 %O_tile_addr_1" [attention_int8.cpp:114]   --->   Operation 147 'store' 'store_ln114' <Predicate = (!icmp_ln108)> <Delay = 3.25> <CoreInst = "RAM">   --->   Core 82 'RAM' <Latency = 1> <II = 1> <Delay = 3.25> <Storage> <Opcode : 'load' 'store'> <Ports = 2> <Width = 32> <Depth = 64> <RAM>
ST_1 : Operation 148 [1/1] (3.25ns)   --->   "%store_ln114 = store i32 0, i6 %O_tile_1_addr_1" [attention_int8.cpp:114]   --->   Operation 148 'store' 'store_ln114' <Predicate = (!icmp_ln108)> <Delay = 3.25> <CoreInst = "RAM">   --->   Core 82 'RAM' <Latency = 1> <II = 1> <Delay = 3.25> <Storage> <Opcode : 'load' 'store'> <Ports = 2> <Width = 32> <Depth = 64> <RAM>
ST_1 : Operation 149 [1/1] (3.25ns)   --->   "%store_ln114 = store i32 0, i6 %O_tile_2_addr_1" [attention_int8.cpp:114]   --->   Operation 149 'store' 'store_ln114' <Predicate = (!icmp_ln108)> <Delay = 3.25> <CoreInst = "RAM">   --->   Core 82 'RAM' <Latency = 1> <II = 1> <Delay = 3.25> <Storage> <Opcode : 'load' 'store'> <Ports = 2> <Width = 32> <Depth = 64> <RAM>
ST_1 : Operation 150 [1/1] (3.25ns)   --->   "%store_ln114 = store i32 0, i6 %O_tile_3_addr_1" [attention_int8.cpp:114]   --->   Operation 150 'store' 'store_ln114' <Predicate = (!icmp_ln108)> <Delay = 3.25> <CoreInst = "RAM">   --->   Core 82 'RAM' <Latency = 1> <II = 1> <Delay = 3.25> <Storage> <Opcode : 'load' 'store'> <Ports = 2> <Width = 32> <Depth = 64> <RAM>
ST_1 : Operation 151 [1/1] (3.25ns)   --->   "%store_ln114 = store i32 0, i6 %O_tile_4_addr_1" [attention_int8.cpp:114]   --->   Operation 151 'store' 'store_ln114' <Predicate = (!icmp_ln108)> <Delay = 3.25> <CoreInst = "RAM">   --->   Core 82 'RAM' <Latency = 1> <II = 1> <Delay = 3.25> <Storage> <Opcode : 'load' 'store'> <Ports = 2> <Width = 32> <Depth = 64> <RAM>
ST_1 : Operation 152 [1/1] (3.25ns)   --->   "%store_ln114 = store i32 0, i6 %O_tile_5_addr_1" [attention_int8.cpp:114]   --->   Operation 152 'store' 'store_ln114' <Predicate = (!icmp_ln108)> <Delay = 3.25> <CoreInst = "RAM">   --->   Core 82 'RAM' <Latency = 1> <II = 1> <Delay = 3.25> <Storage> <Opcode : 'load' 'store'> <Ports = 2> <Width = 32> <Depth = 64> <RAM>
ST_1 : Operation 153 [1/1] (3.25ns)   --->   "%store_ln114 = store i32 0, i6 %O_tile_6_addr_1" [attention_int8.cpp:114]   --->   Operation 153 'store' 'store_ln114' <Predicate = (!icmp_ln108)> <Delay = 3.25> <CoreInst = "RAM">   --->   Core 82 'RAM' <Latency = 1> <II = 1> <Delay = 3.25> <Storage> <Opcode : 'load' 'store'> <Ports = 2> <Width = 32> <Depth = 64> <RAM>
ST_1 : Operation 154 [1/1] (3.25ns)   --->   "%store_ln114 = store i32 0, i6 %O_tile_7_addr_1" [attention_int8.cpp:114]   --->   Operation 154 'store' 'store_ln114' <Predicate = (!icmp_ln108)> <Delay = 3.25> <CoreInst = "RAM">   --->   Core 82 'RAM' <Latency = 1> <II = 1> <Delay = 3.25> <Storage> <Opcode : 'load' 'store'> <Ports = 2> <Width = 32> <Depth = 64> <RAM>
ST_1 : Operation 155 [1/1] (1.61ns)   --->   "%store_ln108 = store i4 %add_ln108, i4 %i_1" [attention_int8.cpp:108]   --->   Operation 155 'store' 'store_ln108' <Predicate = (!icmp_ln108)> <Delay = 1.61>
ST_1 : Operation 205 [1/1] (0.00ns)   --->   "%m_state_load = load i32 %m_state"   --->   Operation 205 'load' 'm_state_load' <Predicate = (icmp_ln108)> <Delay = 0.00>
ST_1 : Operation 206 [1/1] (0.00ns)   --->   "%m_state_1_load = load i32 %m_state_1"   --->   Operation 206 'load' 'm_state_1_load' <Predicate = (icmp_ln108)> <Delay = 0.00>
ST_1 : Operation 207 [1/1] (0.00ns)   --->   "%m_state_2_load = load i32 %m_state_2"   --->   Operation 207 'load' 'm_state_2_load' <Predicate = (icmp_ln108)> <Delay = 0.00>
ST_1 : Operation 208 [1/1] (0.00ns)   --->   "%m_state_3_load = load i32 %m_state_3"   --->   Operation 208 'load' 'm_state_3_load' <Predicate = (icmp_ln108)> <Delay = 0.00>
ST_1 : Operation 209 [1/1] (0.00ns)   --->   "%m_state_4_load = load i32 %m_state_4"   --->   Operation 209 'load' 'm_state_4_load' <Predicate = (icmp_ln108)> <Delay = 0.00>
ST_1 : Operation 210 [1/1] (0.00ns)   --->   "%m_state_5_load = load i32 %m_state_5"   --->   Operation 210 'load' 'm_state_5_load' <Predicate = (icmp_ln108)> <Delay = 0.00>
ST_1 : Operation 211 [1/1] (0.00ns)   --->   "%m_state_6_load = load i32 %m_state_6"   --->   Operation 211 'load' 'm_state_6_load' <Predicate = (icmp_ln108)> <Delay = 0.00>
ST_1 : Operation 212 [1/1] (0.00ns)   --->   "%m_state_7_load = load i32 %m_state_7"   --->   Operation 212 'load' 'm_state_7_load' <Predicate = (icmp_ln108)> <Delay = 0.00>
ST_1 : Operation 213 [1/1] (0.00ns)   --->   "%l_state_load = load i32 %l_state"   --->   Operation 213 'load' 'l_state_load' <Predicate = (icmp_ln108)> <Delay = 0.00>
ST_1 : Operation 214 [1/1] (0.00ns)   --->   "%l_state_1_load = load i32 %l_state_1"   --->   Operation 214 'load' 'l_state_1_load' <Predicate = (icmp_ln108)> <Delay = 0.00>
ST_1 : Operation 215 [1/1] (0.00ns)   --->   "%l_state_2_load = load i32 %l_state_2"   --->   Operation 215 'load' 'l_state_2_load' <Predicate = (icmp_ln108)> <Delay = 0.00>
ST_1 : Operation 216 [1/1] (0.00ns)   --->   "%l_state_3_load = load i32 %l_state_3"   --->   Operation 216 'load' 'l_state_3_load' <Predicate = (icmp_ln108)> <Delay = 0.00>
ST_1 : Operation 217 [1/1] (0.00ns)   --->   "%l_state_4_load = load i32 %l_state_4"   --->   Operation 217 'load' 'l_state_4_load' <Predicate = (icmp_ln108)> <Delay = 0.00>
ST_1 : Operation 218 [1/1] (0.00ns)   --->   "%l_state_5_load = load i32 %l_state_5"   --->   Operation 218 'load' 'l_state_5_load' <Predicate = (icmp_ln108)> <Delay = 0.00>
ST_1 : Operation 219 [1/1] (0.00ns)   --->   "%l_state_6_load = load i32 %l_state_6"   --->   Operation 219 'load' 'l_state_6_load' <Predicate = (icmp_ln108)> <Delay = 0.00>
ST_1 : Operation 220 [1/1] (0.00ns)   --->   "%l_state_7_load = load i32 %l_state_7"   --->   Operation 220 'load' 'l_state_7_load' <Predicate = (icmp_ln108)> <Delay = 0.00>
ST_1 : Operation 221 [1/1] (0.00ns)   --->   "%write_ln0 = write void @_ssdm_op_Write.ap_auto.floatP0A, i32 %l_state_7_out, i32 %l_state_7_load"   --->   Operation 221 'write' 'write_ln0' <Predicate = (icmp_ln108)> <Delay = 0.00>
ST_1 : Operation 222 [1/1] (0.00ns)   --->   "%write_ln0 = write void @_ssdm_op_Write.ap_auto.floatP0A, i32 %l_state_6_out, i32 %l_state_6_load"   --->   Operation 222 'write' 'write_ln0' <Predicate = (icmp_ln108)> <Delay = 0.00>
ST_1 : Operation 223 [1/1] (0.00ns)   --->   "%write_ln0 = write void @_ssdm_op_Write.ap_auto.floatP0A, i32 %l_state_5_out, i32 %l_state_5_load"   --->   Operation 223 'write' 'write_ln0' <Predicate = (icmp_ln108)> <Delay = 0.00>
ST_1 : Operation 224 [1/1] (0.00ns)   --->   "%write_ln0 = write void @_ssdm_op_Write.ap_auto.floatP0A, i32 %l_state_4_out, i32 %l_state_4_load"   --->   Operation 224 'write' 'write_ln0' <Predicate = (icmp_ln108)> <Delay = 0.00>
ST_1 : Operation 225 [1/1] (0.00ns)   --->   "%write_ln0 = write void @_ssdm_op_Write.ap_auto.floatP0A, i32 %l_state_3_out, i32 %l_state_3_load"   --->   Operation 225 'write' 'write_ln0' <Predicate = (icmp_ln108)> <Delay = 0.00>
ST_1 : Operation 226 [1/1] (0.00ns)   --->   "%write_ln0 = write void @_ssdm_op_Write.ap_auto.floatP0A, i32 %l_state_2_out, i32 %l_state_2_load"   --->   Operation 226 'write' 'write_ln0' <Predicate = (icmp_ln108)> <Delay = 0.00>
ST_1 : Operation 227 [1/1] (0.00ns)   --->   "%write_ln0 = write void @_ssdm_op_Write.ap_auto.floatP0A, i32 %l_state_1_out, i32 %l_state_1_load"   --->   Operation 227 'write' 'write_ln0' <Predicate = (icmp_ln108)> <Delay = 0.00>
ST_1 : Operation 228 [1/1] (0.00ns)   --->   "%write_ln0 = write void @_ssdm_op_Write.ap_auto.floatP0A, i32 %l_state_out, i32 %l_state_load"   --->   Operation 228 'write' 'write_ln0' <Predicate = (icmp_ln108)> <Delay = 0.00>
ST_1 : Operation 229 [1/1] (0.00ns)   --->   "%write_ln0 = write void @_ssdm_op_Write.ap_auto.floatP0A, i32 %m_state_7_out, i32 %m_state_7_load"   --->   Operation 229 'write' 'write_ln0' <Predicate = (icmp_ln108)> <Delay = 0.00>
ST_1 : Operation 230 [1/1] (0.00ns)   --->   "%write_ln0 = write void @_ssdm_op_Write.ap_auto.floatP0A, i32 %m_state_6_out, i32 %m_state_6_load"   --->   Operation 230 'write' 'write_ln0' <Predicate = (icmp_ln108)> <Delay = 0.00>
ST_1 : Operation 231 [1/1] (0.00ns)   --->   "%write_ln0 = write void @_ssdm_op_Write.ap_auto.floatP0A, i32 %m_state_5_out, i32 %m_state_5_load"   --->   Operation 231 'write' 'write_ln0' <Predicate = (icmp_ln108)> <Delay = 0.00>
ST_1 : Operation 232 [1/1] (0.00ns)   --->   "%write_ln0 = write void @_ssdm_op_Write.ap_auto.floatP0A, i32 %m_state_4_out, i32 %m_state_4_load"   --->   Operation 232 'write' 'write_ln0' <Predicate = (icmp_ln108)> <Delay = 0.00>
ST_1 : Operation 233 [1/1] (0.00ns)   --->   "%write_ln0 = write void @_ssdm_op_Write.ap_auto.floatP0A, i32 %m_state_3_out, i32 %m_state_3_load"   --->   Operation 233 'write' 'write_ln0' <Predicate = (icmp_ln108)> <Delay = 0.00>
ST_1 : Operation 234 [1/1] (0.00ns)   --->   "%write_ln0 = write void @_ssdm_op_Write.ap_auto.floatP0A, i32 %m_state_2_out, i32 %m_state_2_load"   --->   Operation 234 'write' 'write_ln0' <Predicate = (icmp_ln108)> <Delay = 0.00>
ST_1 : Operation 235 [1/1] (0.00ns)   --->   "%write_ln0 = write void @_ssdm_op_Write.ap_auto.floatP0A, i32 %m_state_1_out, i32 %m_state_1_load"   --->   Operation 235 'write' 'write_ln0' <Predicate = (icmp_ln108)> <Delay = 0.00>
ST_1 : Operation 236 [1/1] (0.00ns)   --->   "%write_ln0 = write void @_ssdm_op_Write.ap_auto.floatP0A, i32 %m_state_out, i32 %m_state_load"   --->   Operation 236 'write' 'write_ln0' <Predicate = (icmp_ln108)> <Delay = 0.00>
ST_1 : Operation 237 [1/1] (0.00ns)   --->   "%ret_ln0 = ret"   --->   Operation 237 'ret' 'ret_ln0' <Predicate = (icmp_ln108)> <Delay = 0.00>

State 2 <SV = 1> <Delay = 3.25>
ST_2 : Operation 156 [1/1] (3.25ns)   --->   "%store_ln114 = store i32 0, i6 %O_tile_addr_2" [attention_int8.cpp:114]   --->   Operation 156 'store' 'store_ln114' <Predicate = true> <Delay = 3.25> <CoreInst = "RAM">   --->   Core 82 'RAM' <Latency = 1> <II = 1> <Delay = 3.25> <Storage> <Opcode : 'load' 'store'> <Ports = 2> <Width = 32> <Depth = 64> <RAM>
ST_2 : Operation 157 [1/1] (3.25ns)   --->   "%store_ln114 = store i32 0, i6 %O_tile_1_addr_2" [attention_int8.cpp:114]   --->   Operation 157 'store' 'store_ln114' <Predicate = true> <Delay = 3.25> <CoreInst = "RAM">   --->   Core 82 'RAM' <Latency = 1> <II = 1> <Delay = 3.25> <Storage> <Opcode : 'load' 'store'> <Ports = 2> <Width = 32> <Depth = 64> <RAM>
ST_2 : Operation 158 [1/1] (3.25ns)   --->   "%store_ln114 = store i32 0, i6 %O_tile_2_addr_2" [attention_int8.cpp:114]   --->   Operation 158 'store' 'store_ln114' <Predicate = true> <Delay = 3.25> <CoreInst = "RAM">   --->   Core 82 'RAM' <Latency = 1> <II = 1> <Delay = 3.25> <Storage> <Opcode : 'load' 'store'> <Ports = 2> <Width = 32> <Depth = 64> <RAM>
ST_2 : Operation 159 [1/1] (3.25ns)   --->   "%store_ln114 = store i32 0, i6 %O_tile_3_addr_2" [attention_int8.cpp:114]   --->   Operation 159 'store' 'store_ln114' <Predicate = true> <Delay = 3.25> <CoreInst = "RAM">   --->   Core 82 'RAM' <Latency = 1> <II = 1> <Delay = 3.25> <Storage> <Opcode : 'load' 'store'> <Ports = 2> <Width = 32> <Depth = 64> <RAM>
ST_2 : Operation 160 [1/1] (3.25ns)   --->   "%store_ln114 = store i32 0, i6 %O_tile_4_addr_2" [attention_int8.cpp:114]   --->   Operation 160 'store' 'store_ln114' <Predicate = true> <Delay = 3.25> <CoreInst = "RAM">   --->   Core 82 'RAM' <Latency = 1> <II = 1> <Delay = 3.25> <Storage> <Opcode : 'load' 'store'> <Ports = 2> <Width = 32> <Depth = 64> <RAM>
ST_2 : Operation 161 [1/1] (3.25ns)   --->   "%store_ln114 = store i32 0, i6 %O_tile_5_addr_2" [attention_int8.cpp:114]   --->   Operation 161 'store' 'store_ln114' <Predicate = true> <Delay = 3.25> <CoreInst = "RAM">   --->   Core 82 'RAM' <Latency = 1> <II = 1> <Delay = 3.25> <Storage> <Opcode : 'load' 'store'> <Ports = 2> <Width = 32> <Depth = 64> <RAM>
ST_2 : Operation 162 [1/1] (3.25ns)   --->   "%store_ln114 = store i32 0, i6 %O_tile_6_addr_2" [attention_int8.cpp:114]   --->   Operation 162 'store' 'store_ln114' <Predicate = true> <Delay = 3.25> <CoreInst = "RAM">   --->   Core 82 'RAM' <Latency = 1> <II = 1> <Delay = 3.25> <Storage> <Opcode : 'load' 'store'> <Ports = 2> <Width = 32> <Depth = 64> <RAM>
ST_2 : Operation 163 [1/1] (3.25ns)   --->   "%store_ln114 = store i32 0, i6 %O_tile_7_addr_2" [attention_int8.cpp:114]   --->   Operation 163 'store' 'store_ln114' <Predicate = true> <Delay = 3.25> <CoreInst = "RAM">   --->   Core 82 'RAM' <Latency = 1> <II = 1> <Delay = 3.25> <Storage> <Opcode : 'load' 'store'> <Ports = 2> <Width = 32> <Depth = 64> <RAM>
ST_2 : Operation 164 [1/1] (3.25ns)   --->   "%store_ln114 = store i32 0, i6 %O_tile_addr_3" [attention_int8.cpp:114]   --->   Operation 164 'store' 'store_ln114' <Predicate = true> <Delay = 3.25> <CoreInst = "RAM">   --->   Core 82 'RAM' <Latency = 1> <II = 1> <Delay = 3.25> <Storage> <Opcode : 'load' 'store'> <Ports = 2> <Width = 32> <Depth = 64> <RAM>
ST_2 : Operation 165 [1/1] (3.25ns)   --->   "%store_ln114 = store i32 0, i6 %O_tile_1_addr_3" [attention_int8.cpp:114]   --->   Operation 165 'store' 'store_ln114' <Predicate = true> <Delay = 3.25> <CoreInst = "RAM">   --->   Core 82 'RAM' <Latency = 1> <II = 1> <Delay = 3.25> <Storage> <Opcode : 'load' 'store'> <Ports = 2> <Width = 32> <Depth = 64> <RAM>
ST_2 : Operation 166 [1/1] (3.25ns)   --->   "%store_ln114 = store i32 0, i6 %O_tile_2_addr_3" [attention_int8.cpp:114]   --->   Operation 166 'store' 'store_ln114' <Predicate = true> <Delay = 3.25> <CoreInst = "RAM">   --->   Core 82 'RAM' <Latency = 1> <II = 1> <Delay = 3.25> <Storage> <Opcode : 'load' 'store'> <Ports = 2> <Width = 32> <Depth = 64> <RAM>
ST_2 : Operation 167 [1/1] (3.25ns)   --->   "%store_ln114 = store i32 0, i6 %O_tile_3_addr_3" [attention_int8.cpp:114]   --->   Operation 167 'store' 'store_ln114' <Predicate = true> <Delay = 3.25> <CoreInst = "RAM">   --->   Core 82 'RAM' <Latency = 1> <II = 1> <Delay = 3.25> <Storage> <Opcode : 'load' 'store'> <Ports = 2> <Width = 32> <Depth = 64> <RAM>
ST_2 : Operation 168 [1/1] (3.25ns)   --->   "%store_ln114 = store i32 0, i6 %O_tile_4_addr_3" [attention_int8.cpp:114]   --->   Operation 168 'store' 'store_ln114' <Predicate = true> <Delay = 3.25> <CoreInst = "RAM">   --->   Core 82 'RAM' <Latency = 1> <II = 1> <Delay = 3.25> <Storage> <Opcode : 'load' 'store'> <Ports = 2> <Width = 32> <Depth = 64> <RAM>
ST_2 : Operation 169 [1/1] (3.25ns)   --->   "%store_ln114 = store i32 0, i6 %O_tile_5_addr_3" [attention_int8.cpp:114]   --->   Operation 169 'store' 'store_ln114' <Predicate = true> <Delay = 3.25> <CoreInst = "RAM">   --->   Core 82 'RAM' <Latency = 1> <II = 1> <Delay = 3.25> <Storage> <Opcode : 'load' 'store'> <Ports = 2> <Width = 32> <Depth = 64> <RAM>
ST_2 : Operation 170 [1/1] (3.25ns)   --->   "%store_ln114 = store i32 0, i6 %O_tile_6_addr_3" [attention_int8.cpp:114]   --->   Operation 170 'store' 'store_ln114' <Predicate = true> <Delay = 3.25> <CoreInst = "RAM">   --->   Core 82 'RAM' <Latency = 1> <II = 1> <Delay = 3.25> <Storage> <Opcode : 'load' 'store'> <Ports = 2> <Width = 32> <Depth = 64> <RAM>
ST_2 : Operation 171 [1/1] (3.25ns)   --->   "%store_ln114 = store i32 0, i6 %O_tile_7_addr_3" [attention_int8.cpp:114]   --->   Operation 171 'store' 'store_ln114' <Predicate = true> <Delay = 3.25> <CoreInst = "RAM">   --->   Core 82 'RAM' <Latency = 1> <II = 1> <Delay = 3.25> <Storage> <Opcode : 'load' 'store'> <Ports = 2> <Width = 32> <Depth = 64> <RAM>

State 3 <SV = 2> <Delay = 3.25>
ST_3 : Operation 172 [1/1] (3.25ns)   --->   "%store_ln114 = store i32 0, i6 %O_tile_addr_4" [attention_int8.cpp:114]   --->   Operation 172 'store' 'store_ln114' <Predicate = true> <Delay = 3.25> <CoreInst = "RAM">   --->   Core 82 'RAM' <Latency = 1> <II = 1> <Delay = 3.25> <Storage> <Opcode : 'load' 'store'> <Ports = 2> <Width = 32> <Depth = 64> <RAM>
ST_3 : Operation 173 [1/1] (3.25ns)   --->   "%store_ln114 = store i32 0, i6 %O_tile_1_addr_4" [attention_int8.cpp:114]   --->   Operation 173 'store' 'store_ln114' <Predicate = true> <Delay = 3.25> <CoreInst = "RAM">   --->   Core 82 'RAM' <Latency = 1> <II = 1> <Delay = 3.25> <Storage> <Opcode : 'load' 'store'> <Ports = 2> <Width = 32> <Depth = 64> <RAM>
ST_3 : Operation 174 [1/1] (3.25ns)   --->   "%store_ln114 = store i32 0, i6 %O_tile_2_addr_4" [attention_int8.cpp:114]   --->   Operation 174 'store' 'store_ln114' <Predicate = true> <Delay = 3.25> <CoreInst = "RAM">   --->   Core 82 'RAM' <Latency = 1> <II = 1> <Delay = 3.25> <Storage> <Opcode : 'load' 'store'> <Ports = 2> <Width = 32> <Depth = 64> <RAM>
ST_3 : Operation 175 [1/1] (3.25ns)   --->   "%store_ln114 = store i32 0, i6 %O_tile_3_addr_4" [attention_int8.cpp:114]   --->   Operation 175 'store' 'store_ln114' <Predicate = true> <Delay = 3.25> <CoreInst = "RAM">   --->   Core 82 'RAM' <Latency = 1> <II = 1> <Delay = 3.25> <Storage> <Opcode : 'load' 'store'> <Ports = 2> <Width = 32> <Depth = 64> <RAM>
ST_3 : Operation 176 [1/1] (3.25ns)   --->   "%store_ln114 = store i32 0, i6 %O_tile_4_addr_4" [attention_int8.cpp:114]   --->   Operation 176 'store' 'store_ln114' <Predicate = true> <Delay = 3.25> <CoreInst = "RAM">   --->   Core 82 'RAM' <Latency = 1> <II = 1> <Delay = 3.25> <Storage> <Opcode : 'load' 'store'> <Ports = 2> <Width = 32> <Depth = 64> <RAM>
ST_3 : Operation 177 [1/1] (3.25ns)   --->   "%store_ln114 = store i32 0, i6 %O_tile_5_addr_4" [attention_int8.cpp:114]   --->   Operation 177 'store' 'store_ln114' <Predicate = true> <Delay = 3.25> <CoreInst = "RAM">   --->   Core 82 'RAM' <Latency = 1> <II = 1> <Delay = 3.25> <Storage> <Opcode : 'load' 'store'> <Ports = 2> <Width = 32> <Depth = 64> <RAM>
ST_3 : Operation 178 [1/1] (3.25ns)   --->   "%store_ln114 = store i32 0, i6 %O_tile_6_addr_4" [attention_int8.cpp:114]   --->   Operation 178 'store' 'store_ln114' <Predicate = true> <Delay = 3.25> <CoreInst = "RAM">   --->   Core 82 'RAM' <Latency = 1> <II = 1> <Delay = 3.25> <Storage> <Opcode : 'load' 'store'> <Ports = 2> <Width = 32> <Depth = 64> <RAM>
ST_3 : Operation 179 [1/1] (3.25ns)   --->   "%store_ln114 = store i32 0, i6 %O_tile_7_addr_4" [attention_int8.cpp:114]   --->   Operation 179 'store' 'store_ln114' <Predicate = true> <Delay = 3.25> <CoreInst = "RAM">   --->   Core 82 'RAM' <Latency = 1> <II = 1> <Delay = 3.25> <Storage> <Opcode : 'load' 'store'> <Ports = 2> <Width = 32> <Depth = 64> <RAM>
ST_3 : Operation 180 [1/1] (3.25ns)   --->   "%store_ln114 = store i32 0, i6 %O_tile_addr_5" [attention_int8.cpp:114]   --->   Operation 180 'store' 'store_ln114' <Predicate = true> <Delay = 3.25> <CoreInst = "RAM">   --->   Core 82 'RAM' <Latency = 1> <II = 1> <Delay = 3.25> <Storage> <Opcode : 'load' 'store'> <Ports = 2> <Width = 32> <Depth = 64> <RAM>
ST_3 : Operation 181 [1/1] (3.25ns)   --->   "%store_ln114 = store i32 0, i6 %O_tile_1_addr_5" [attention_int8.cpp:114]   --->   Operation 181 'store' 'store_ln114' <Predicate = true> <Delay = 3.25> <CoreInst = "RAM">   --->   Core 82 'RAM' <Latency = 1> <II = 1> <Delay = 3.25> <Storage> <Opcode : 'load' 'store'> <Ports = 2> <Width = 32> <Depth = 64> <RAM>
ST_3 : Operation 182 [1/1] (3.25ns)   --->   "%store_ln114 = store i32 0, i6 %O_tile_2_addr_5" [attention_int8.cpp:114]   --->   Operation 182 'store' 'store_ln114' <Predicate = true> <Delay = 3.25> <CoreInst = "RAM">   --->   Core 82 'RAM' <Latency = 1> <II = 1> <Delay = 3.25> <Storage> <Opcode : 'load' 'store'> <Ports = 2> <Width = 32> <Depth = 64> <RAM>
ST_3 : Operation 183 [1/1] (3.25ns)   --->   "%store_ln114 = store i32 0, i6 %O_tile_3_addr_5" [attention_int8.cpp:114]   --->   Operation 183 'store' 'store_ln114' <Predicate = true> <Delay = 3.25> <CoreInst = "RAM">   --->   Core 82 'RAM' <Latency = 1> <II = 1> <Delay = 3.25> <Storage> <Opcode : 'load' 'store'> <Ports = 2> <Width = 32> <Depth = 64> <RAM>
ST_3 : Operation 184 [1/1] (3.25ns)   --->   "%store_ln114 = store i32 0, i6 %O_tile_4_addr_5" [attention_int8.cpp:114]   --->   Operation 184 'store' 'store_ln114' <Predicate = true> <Delay = 3.25> <CoreInst = "RAM">   --->   Core 82 'RAM' <Latency = 1> <II = 1> <Delay = 3.25> <Storage> <Opcode : 'load' 'store'> <Ports = 2> <Width = 32> <Depth = 64> <RAM>
ST_3 : Operation 185 [1/1] (3.25ns)   --->   "%store_ln114 = store i32 0, i6 %O_tile_5_addr_5" [attention_int8.cpp:114]   --->   Operation 185 'store' 'store_ln114' <Predicate = true> <Delay = 3.25> <CoreInst = "RAM">   --->   Core 82 'RAM' <Latency = 1> <II = 1> <Delay = 3.25> <Storage> <Opcode : 'load' 'store'> <Ports = 2> <Width = 32> <Depth = 64> <RAM>
ST_3 : Operation 186 [1/1] (3.25ns)   --->   "%store_ln114 = store i32 0, i6 %O_tile_6_addr_5" [attention_int8.cpp:114]   --->   Operation 186 'store' 'store_ln114' <Predicate = true> <Delay = 3.25> <CoreInst = "RAM">   --->   Core 82 'RAM' <Latency = 1> <II = 1> <Delay = 3.25> <Storage> <Opcode : 'load' 'store'> <Ports = 2> <Width = 32> <Depth = 64> <RAM>
ST_3 : Operation 187 [1/1] (3.25ns)   --->   "%store_ln114 = store i32 0, i6 %O_tile_7_addr_5" [attention_int8.cpp:114]   --->   Operation 187 'store' 'store_ln114' <Predicate = true> <Delay = 3.25> <CoreInst = "RAM">   --->   Core 82 'RAM' <Latency = 1> <II = 1> <Delay = 3.25> <Storage> <Opcode : 'load' 'store'> <Ports = 2> <Width = 32> <Depth = 64> <RAM>

State 4 <SV = 3> <Delay = 3.25>
ST_4 : Operation 188 [1/1] (3.25ns)   --->   "%store_ln114 = store i32 0, i6 %O_tile_addr_6" [attention_int8.cpp:114]   --->   Operation 188 'store' 'store_ln114' <Predicate = true> <Delay = 3.25> <CoreInst = "RAM">   --->   Core 82 'RAM' <Latency = 1> <II = 1> <Delay = 3.25> <Storage> <Opcode : 'load' 'store'> <Ports = 2> <Width = 32> <Depth = 64> <RAM>
ST_4 : Operation 189 [1/1] (3.25ns)   --->   "%store_ln114 = store i32 0, i6 %O_tile_1_addr_6" [attention_int8.cpp:114]   --->   Operation 189 'store' 'store_ln114' <Predicate = true> <Delay = 3.25> <CoreInst = "RAM">   --->   Core 82 'RAM' <Latency = 1> <II = 1> <Delay = 3.25> <Storage> <Opcode : 'load' 'store'> <Ports = 2> <Width = 32> <Depth = 64> <RAM>
ST_4 : Operation 190 [1/1] (3.25ns)   --->   "%store_ln114 = store i32 0, i6 %O_tile_2_addr_6" [attention_int8.cpp:114]   --->   Operation 190 'store' 'store_ln114' <Predicate = true> <Delay = 3.25> <CoreInst = "RAM">   --->   Core 82 'RAM' <Latency = 1> <II = 1> <Delay = 3.25> <Storage> <Opcode : 'load' 'store'> <Ports = 2> <Width = 32> <Depth = 64> <RAM>
ST_4 : Operation 191 [1/1] (3.25ns)   --->   "%store_ln114 = store i32 0, i6 %O_tile_3_addr_6" [attention_int8.cpp:114]   --->   Operation 191 'store' 'store_ln114' <Predicate = true> <Delay = 3.25> <CoreInst = "RAM">   --->   Core 82 'RAM' <Latency = 1> <II = 1> <Delay = 3.25> <Storage> <Opcode : 'load' 'store'> <Ports = 2> <Width = 32> <Depth = 64> <RAM>
ST_4 : Operation 192 [1/1] (3.25ns)   --->   "%store_ln114 = store i32 0, i6 %O_tile_4_addr_6" [attention_int8.cpp:114]   --->   Operation 192 'store' 'store_ln114' <Predicate = true> <Delay = 3.25> <CoreInst = "RAM">   --->   Core 82 'RAM' <Latency = 1> <II = 1> <Delay = 3.25> <Storage> <Opcode : 'load' 'store'> <Ports = 2> <Width = 32> <Depth = 64> <RAM>
ST_4 : Operation 193 [1/1] (3.25ns)   --->   "%store_ln114 = store i32 0, i6 %O_tile_5_addr_6" [attention_int8.cpp:114]   --->   Operation 193 'store' 'store_ln114' <Predicate = true> <Delay = 3.25> <CoreInst = "RAM">   --->   Core 82 'RAM' <Latency = 1> <II = 1> <Delay = 3.25> <Storage> <Opcode : 'load' 'store'> <Ports = 2> <Width = 32> <Depth = 64> <RAM>
ST_4 : Operation 194 [1/1] (3.25ns)   --->   "%store_ln114 = store i32 0, i6 %O_tile_6_addr_6" [attention_int8.cpp:114]   --->   Operation 194 'store' 'store_ln114' <Predicate = true> <Delay = 3.25> <CoreInst = "RAM">   --->   Core 82 'RAM' <Latency = 1> <II = 1> <Delay = 3.25> <Storage> <Opcode : 'load' 'store'> <Ports = 2> <Width = 32> <Depth = 64> <RAM>
ST_4 : Operation 195 [1/1] (3.25ns)   --->   "%store_ln114 = store i32 0, i6 %O_tile_7_addr_6" [attention_int8.cpp:114]   --->   Operation 195 'store' 'store_ln114' <Predicate = true> <Delay = 3.25> <CoreInst = "RAM">   --->   Core 82 'RAM' <Latency = 1> <II = 1> <Delay = 3.25> <Storage> <Opcode : 'load' 'store'> <Ports = 2> <Width = 32> <Depth = 64> <RAM>
ST_4 : Operation 196 [1/1] (3.25ns)   --->   "%store_ln114 = store i32 0, i6 %O_tile_addr_7" [attention_int8.cpp:114]   --->   Operation 196 'store' 'store_ln114' <Predicate = true> <Delay = 3.25> <CoreInst = "RAM">   --->   Core 82 'RAM' <Latency = 1> <II = 1> <Delay = 3.25> <Storage> <Opcode : 'load' 'store'> <Ports = 2> <Width = 32> <Depth = 64> <RAM>
ST_4 : Operation 197 [1/1] (3.25ns)   --->   "%store_ln114 = store i32 0, i6 %O_tile_1_addr_7" [attention_int8.cpp:114]   --->   Operation 197 'store' 'store_ln114' <Predicate = true> <Delay = 3.25> <CoreInst = "RAM">   --->   Core 82 'RAM' <Latency = 1> <II = 1> <Delay = 3.25> <Storage> <Opcode : 'load' 'store'> <Ports = 2> <Width = 32> <Depth = 64> <RAM>
ST_4 : Operation 198 [1/1] (3.25ns)   --->   "%store_ln114 = store i32 0, i6 %O_tile_2_addr_7" [attention_int8.cpp:114]   --->   Operation 198 'store' 'store_ln114' <Predicate = true> <Delay = 3.25> <CoreInst = "RAM">   --->   Core 82 'RAM' <Latency = 1> <II = 1> <Delay = 3.25> <Storage> <Opcode : 'load' 'store'> <Ports = 2> <Width = 32> <Depth = 64> <RAM>
ST_4 : Operation 199 [1/1] (3.25ns)   --->   "%store_ln114 = store i32 0, i6 %O_tile_3_addr_7" [attention_int8.cpp:114]   --->   Operation 199 'store' 'store_ln114' <Predicate = true> <Delay = 3.25> <CoreInst = "RAM">   --->   Core 82 'RAM' <Latency = 1> <II = 1> <Delay = 3.25> <Storage> <Opcode : 'load' 'store'> <Ports = 2> <Width = 32> <Depth = 64> <RAM>
ST_4 : Operation 200 [1/1] (3.25ns)   --->   "%store_ln114 = store i32 0, i6 %O_tile_4_addr_7" [attention_int8.cpp:114]   --->   Operation 200 'store' 'store_ln114' <Predicate = true> <Delay = 3.25> <CoreInst = "RAM">   --->   Core 82 'RAM' <Latency = 1> <II = 1> <Delay = 3.25> <Storage> <Opcode : 'load' 'store'> <Ports = 2> <Width = 32> <Depth = 64> <RAM>
ST_4 : Operation 201 [1/1] (3.25ns)   --->   "%store_ln114 = store i32 0, i6 %O_tile_5_addr_7" [attention_int8.cpp:114]   --->   Operation 201 'store' 'store_ln114' <Predicate = true> <Delay = 3.25> <CoreInst = "RAM">   --->   Core 82 'RAM' <Latency = 1> <II = 1> <Delay = 3.25> <Storage> <Opcode : 'load' 'store'> <Ports = 2> <Width = 32> <Depth = 64> <RAM>
ST_4 : Operation 202 [1/1] (3.25ns)   --->   "%store_ln114 = store i32 0, i6 %O_tile_6_addr_7" [attention_int8.cpp:114]   --->   Operation 202 'store' 'store_ln114' <Predicate = true> <Delay = 3.25> <CoreInst = "RAM">   --->   Core 82 'RAM' <Latency = 1> <II = 1> <Delay = 3.25> <Storage> <Opcode : 'load' 'store'> <Ports = 2> <Width = 32> <Depth = 64> <RAM>
ST_4 : Operation 203 [1/1] (3.25ns)   --->   "%store_ln114 = store i32 0, i6 %O_tile_7_addr_7" [attention_int8.cpp:114]   --->   Operation 203 'store' 'store_ln114' <Predicate = true> <Delay = 3.25> <CoreInst = "RAM">   --->   Core 82 'RAM' <Latency = 1> <II = 1> <Delay = 3.25> <Storage> <Opcode : 'load' 'store'> <Ports = 2> <Width = 32> <Depth = 64> <RAM>
ST_4 : Operation 204 [1/1] (0.00ns)   --->   "%br_ln108 = br void %for.inc61" [attention_int8.cpp:108]   --->   Operation 204 'br' 'br_ln108' <Predicate = true> <Delay = 0.00>


============================================================
+ Verbose Summary: Binding
============================================================
STG Binding: 
---------------- STG Properties BEGIN ----------------
- Is combinational: 0
- Is one-state seq: 0
- Is datapath-only: 0
- Is pipelined: 0
- Is top level: 0
Port [ Return ] is wired: 1; IO mode=ap_ctrl_hs:ce=0
Port [ O_tile]:  wired=1; compound=1; hidden=0; nouse=0; global=0; static=0; extern=0; dir=1; type=1; pingpong=0; private_global=0; MemPort=[00]; IO mode=ap_memory:ce=0
Port [ O_tile_1]:  wired=1; compound=1; hidden=0; nouse=0; global=0; static=0; extern=0; dir=1; type=1; pingpong=0; private_global=0; MemPort=[00]; IO mode=ap_memory:ce=0
Port [ O_tile_2]:  wired=1; compound=1; hidden=0; nouse=0; global=0; static=0; extern=0; dir=1; type=1; pingpong=0; private_global=0; MemPort=[00]; IO mode=ap_memory:ce=0
Port [ O_tile_3]:  wired=1; compound=1; hidden=0; nouse=0; global=0; static=0; extern=0; dir=1; type=1; pingpong=0; private_global=0; MemPort=[00]; IO mode=ap_memory:ce=0
Port [ O_tile_4]:  wired=1; compound=1; hidden=0; nouse=0; global=0; static=0; extern=0; dir=1; type=1; pingpong=0; private_global=0; MemPort=[00]; IO mode=ap_memory:ce=0
Port [ O_tile_5]:  wired=1; compound=1; hidden=0; nouse=0; global=0; static=0; extern=0; dir=1; type=1; pingpong=0; private_global=0; MemPort=[00]; IO mode=ap_memory:ce=0
Port [ O_tile_6]:  wired=1; compound=1; hidden=0; nouse=0; global=0; static=0; extern=0; dir=1; type=1; pingpong=0; private_global=0; MemPort=[00]; IO mode=ap_memory:ce=0
Port [ O_tile_7]:  wired=1; compound=1; hidden=0; nouse=0; global=0; static=0; extern=0; dir=1; type=1; pingpong=0; private_global=0; MemPort=[00]; IO mode=ap_memory:ce=0
Port [ l_state_7_out]:  wired=1; compound=0; hidden=0; nouse=0; global=0; static=0; extern=0; dir=1; type=0; pingpong=0; private_global=0; IO mode=ap_vld:ce=0
Port [ l_state_6_out]:  wired=1; compound=0; hidden=0; nouse=0; global=0; static=0; extern=0; dir=1; type=0; pingpong=0; private_global=0; IO mode=ap_vld:ce=0
Port [ l_state_5_out]:  wired=1; compound=0; hidden=0; nouse=0; global=0; static=0; extern=0; dir=1; type=0; pingpong=0; private_global=0; IO mode=ap_vld:ce=0
Port [ l_state_4_out]:  wired=1; compound=0; hidden=0; nouse=0; global=0; static=0; extern=0; dir=1; type=0; pingpong=0; private_global=0; IO mode=ap_vld:ce=0
Port [ l_state_3_out]:  wired=1; compound=0; hidden=0; nouse=0; global=0; static=0; extern=0; dir=1; type=0; pingpong=0; private_global=0; IO mode=ap_vld:ce=0
Port [ l_state_2_out]:  wired=1; compound=0; hidden=0; nouse=0; global=0; static=0; extern=0; dir=1; type=0; pingpong=0; private_global=0; IO mode=ap_vld:ce=0
Port [ l_state_1_out]:  wired=1; compound=0; hidden=0; nouse=0; global=0; static=0; extern=0; dir=1; type=0; pingpong=0; private_global=0; IO mode=ap_vld:ce=0
Port [ l_state_out]:  wired=1; compound=0; hidden=0; nouse=0; global=0; static=0; extern=0; dir=1; type=0; pingpong=0; private_global=0; IO mode=ap_vld:ce=0
Port [ m_state_7_out]:  wired=1; compound=0; hidden=0; nouse=0; global=0; static=0; extern=0; dir=1; type=0; pingpong=0; private_global=0; IO mode=ap_vld:ce=0
Port [ m_state_6_out]:  wired=1; compound=0; hidden=0; nouse=0; global=0; static=0; extern=0; dir=1; type=0; pingpong=0; private_global=0; IO mode=ap_vld:ce=0
Port [ m_state_5_out]:  wired=1; compound=0; hidden=0; nouse=0; global=0; static=0; extern=0; dir=1; type=0; pingpong=0; private_global=0; IO mode=ap_vld:ce=0
Port [ m_state_4_out]:  wired=1; compound=0; hidden=0; nouse=0; global=0; static=0; extern=0; dir=1; type=0; pingpong=0; private_global=0; IO mode=ap_vld:ce=0
Port [ m_state_3_out]:  wired=1; compound=0; hidden=0; nouse=0; global=0; static=0; extern=0; dir=1; type=0; pingpong=0; private_global=0; IO mode=ap_vld:ce=0
Port [ m_state_2_out]:  wired=1; compound=0; hidden=0; nouse=0; global=0; static=0; extern=0; dir=1; type=0; pingpong=0; private_global=0; IO mode=ap_vld:ce=0
Port [ m_state_1_out]:  wired=1; compound=0; hidden=0; nouse=0; global=0; static=0; extern=0; dir=1; type=0; pingpong=0; private_global=0; IO mode=ap_vld:ce=0
Port [ m_state_out]:  wired=1; compound=0; hidden=0; nouse=0; global=0; static=0; extern=0; dir=1; type=0; pingpong=0; private_global=0; IO mode=ap_vld:ce=0
---------------- STG Properties END ------------------

---------------- Datapath Model BEGIN ----------------

<LifeTime>
<method=bitvector/>
i_1                (alloca           ) [ 01000]
m_state            (alloca           ) [ 01000]
m_state_1          (alloca           ) [ 01000]
m_state_2          (alloca           ) [ 01000]
m_state_3          (alloca           ) [ 01000]
m_state_4          (alloca           ) [ 01000]
m_state_5          (alloca           ) [ 01000]
m_state_6          (alloca           ) [ 01000]
m_state_7          (alloca           ) [ 01000]
l_state            (alloca           ) [ 01000]
l_state_1          (alloca           ) [ 01000]
l_state_2          (alloca           ) [ 01000]
l_state_3          (alloca           ) [ 01000]
l_state_4          (alloca           ) [ 01000]
l_state_5          (alloca           ) [ 01000]
l_state_6          (alloca           ) [ 01000]
l_state_7          (alloca           ) [ 01000]
store_ln0          (store            ) [ 00000]
br_ln0             (br               ) [ 00000]
i                  (load             ) [ 00000]
trunc_ln108        (trunc            ) [ 01000]
icmp_ln108         (icmp             ) [ 01000]
empty              (speclooptripcount) [ 00000]
add_ln108          (add              ) [ 00000]
br_ln108           (br               ) [ 00000]
tmp_s              (bitconcatenate   ) [ 00000]
zext_ln114         (zext             ) [ 00000]
O_tile_addr        (getelementptr    ) [ 00000]
or_ln114           (or               ) [ 00000]
zext_ln114_1       (zext             ) [ 00000]
O_tile_addr_1      (getelementptr    ) [ 00000]
or_ln114_1         (or               ) [ 00000]
zext_ln114_2       (zext             ) [ 00000]
O_tile_addr_2      (getelementptr    ) [ 00100]
or_ln114_2         (or               ) [ 00000]
zext_ln114_3       (zext             ) [ 00000]
O_tile_addr_3      (getelementptr    ) [ 00100]
or_ln114_3         (or               ) [ 00000]
zext_ln114_4       (zext             ) [ 00000]
O_tile_addr_4      (getelementptr    ) [ 00110]
or_ln114_4         (or               ) [ 00000]
zext_ln114_5       (zext             ) [ 00000]
O_tile_addr_5      (getelementptr    ) [ 00110]
or_ln114_5         (or               ) [ 00000]
zext_ln114_6       (zext             ) [ 00000]
O_tile_addr_6      (getelementptr    ) [ 00111]
or_ln114_6         (or               ) [ 00000]
zext_ln114_7       (zext             ) [ 00000]
O_tile_addr_7      (getelementptr    ) [ 00111]
O_tile_1_addr      (getelementptr    ) [ 00000]
O_tile_1_addr_1    (getelementptr    ) [ 00000]
O_tile_1_addr_2    (getelementptr    ) [ 00100]
O_tile_1_addr_3    (getelementptr    ) [ 00100]
O_tile_1_addr_4    (getelementptr    ) [ 00110]
O_tile_1_addr_5    (getelementptr    ) [ 00110]
O_tile_1_addr_6    (getelementptr    ) [ 00111]
O_tile_1_addr_7    (getelementptr    ) [ 00111]
O_tile_2_addr      (getelementptr    ) [ 00000]
O_tile_2_addr_1    (getelementptr    ) [ 00000]
O_tile_2_addr_2    (getelementptr    ) [ 00100]
O_tile_2_addr_3    (getelementptr    ) [ 00100]
O_tile_2_addr_4    (getelementptr    ) [ 00110]
O_tile_2_addr_5    (getelementptr    ) [ 00110]
O_tile_2_addr_6    (getelementptr    ) [ 00111]
O_tile_2_addr_7    (getelementptr    ) [ 00111]
O_tile_3_addr      (getelementptr    ) [ 00000]
O_tile_3_addr_1    (getelementptr    ) [ 00000]
O_tile_3_addr_2    (getelementptr    ) [ 00100]
O_tile_3_addr_3    (getelementptr    ) [ 00100]
O_tile_3_addr_4    (getelementptr    ) [ 00110]
O_tile_3_addr_5    (getelementptr    ) [ 00110]
O_tile_3_addr_6    (getelementptr    ) [ 00111]
O_tile_3_addr_7    (getelementptr    ) [ 00111]
O_tile_4_addr      (getelementptr    ) [ 00000]
O_tile_4_addr_1    (getelementptr    ) [ 00000]
O_tile_4_addr_2    (getelementptr    ) [ 00100]
O_tile_4_addr_3    (getelementptr    ) [ 00100]
O_tile_4_addr_4    (getelementptr    ) [ 00110]
O_tile_4_addr_5    (getelementptr    ) [ 00110]
O_tile_4_addr_6    (getelementptr    ) [ 00111]
O_tile_4_addr_7    (getelementptr    ) [ 00111]
O_tile_5_addr      (getelementptr    ) [ 00000]
O_tile_5_addr_1    (getelementptr    ) [ 00000]
O_tile_5_addr_2    (getelementptr    ) [ 00100]
O_tile_5_addr_3    (getelementptr    ) [ 00100]
O_tile_5_addr_4    (getelementptr    ) [ 00110]
O_tile_5_addr_5    (getelementptr    ) [ 00110]
O_tile_5_addr_6    (getelementptr    ) [ 00111]
O_tile_5_addr_7    (getelementptr    ) [ 00111]
O_tile_6_addr      (getelementptr    ) [ 00000]
O_tile_6_addr_1    (getelementptr    ) [ 00000]
O_tile_6_addr_2    (getelementptr    ) [ 00100]
O_tile_6_addr_3    (getelementptr    ) [ 00100]
O_tile_6_addr_4    (getelementptr    ) [ 00110]
O_tile_6_addr_5    (getelementptr    ) [ 00110]
O_tile_6_addr_6    (getelementptr    ) [ 00111]
O_tile_6_addr_7    (getelementptr    ) [ 00111]
O_tile_7_addr      (getelementptr    ) [ 00000]
O_tile_7_addr_1    (getelementptr    ) [ 00000]
O_tile_7_addr_2    (getelementptr    ) [ 00100]
O_tile_7_addr_3    (getelementptr    ) [ 00100]
O_tile_7_addr_4    (getelementptr    ) [ 00110]
O_tile_7_addr_5    (getelementptr    ) [ 00110]
O_tile_7_addr_6    (getelementptr    ) [ 00111]
O_tile_7_addr_7    (getelementptr    ) [ 00111]
specpipeline_ln109 (specpipeline     ) [ 00000]
specloopname_ln93  (specloopname     ) [ 00000]
switch_ln110       (switch           ) [ 00000]
store_ln111        (store            ) [ 00000]
store_ln111        (store            ) [ 00000]
br_ln111           (br               ) [ 00000]
store_ln111        (store            ) [ 00000]
store_ln111        (store            ) [ 00000]
br_ln111           (br               ) [ 00000]
store_ln111        (store            ) [ 00000]
store_ln111        (store            ) [ 00000]
br_ln111           (br               ) [ 00000]
store_ln111        (store            ) [ 00000]
store_ln111        (store            ) [ 00000]
br_ln111           (br               ) [ 00000]
store_ln111        (store            ) [ 00000]
store_ln111        (store            ) [ 00000]
br_ln111           (br               ) [ 00000]
store_ln110        (store            ) [ 00000]
store_ln110        (store            ) [ 00000]
br_ln110           (br               ) [ 00000]
store_ln110        (store            ) [ 00000]
store_ln110        (store            ) [ 00000]
br_ln110           (br               ) [ 00000]
store_ln111        (store            ) [ 00000]
store_ln111        (store            ) [ 00000]
br_ln111           (br               ) [ 00000]
store_ln114        (store            ) [ 00000]
store_ln114        (store            ) [ 00000]
store_ln114        (store            ) [ 00000]
store_ln114        (store            ) [ 00000]
store_ln114        (store            ) [ 00000]
store_ln114        (store            ) [ 00000]
store_ln114        (store            ) [ 00000]
store_ln114        (store            ) [ 00000]
store_ln114        (store            ) [ 00000]
store_ln114        (store            ) [ 00000]
store_ln114        (store            ) [ 00000]
store_ln114        (store            ) [ 00000]
store_ln114        (store            ) [ 00000]
store_ln114        (store            ) [ 00000]
store_ln114        (store            ) [ 00000]
store_ln114        (store            ) [ 00000]
store_ln108        (store            ) [ 00000]
store_ln114        (store            ) [ 00000]
store_ln114        (store            ) [ 00000]
store_ln114        (store            ) [ 00000]
store_ln114        (store            ) [ 00000]
store_ln114        (store            ) [ 00000]
store_ln114        (store            ) [ 00000]
store_ln114        (store            ) [ 00000]
store_ln114        (store            ) [ 00000]
store_ln114        (store            ) [ 00000]
store_ln114        (store            ) [ 00000]
store_ln114        (store            ) [ 00000]
store_ln114        (store            ) [ 00000]
store_ln114        (store            ) [ 00000]
store_ln114        (store            ) [ 00000]
store_ln114        (store            ) [ 00000]
store_ln114        (store            ) [ 00000]
store_ln114        (store            ) [ 00000]
store_ln114        (store            ) [ 00000]
store_ln114        (store            ) [ 00000]
store_ln114        (store            ) [ 00000]
store_ln114        (store            ) [ 00000]
store_ln114        (store            ) [ 00000]
store_ln114        (store            ) [ 00000]
store_ln114        (store            ) [ 00000]
store_ln114        (store            ) [ 00000]
store_ln114        (store            ) [ 00000]
store_ln114        (store            ) [ 00000]
store_ln114        (store            ) [ 00000]
store_ln114        (store            ) [ 00000]
store_ln114        (store            ) [ 00000]
store_ln114        (store            ) [ 00000]
store_ln114        (store            ) [ 00000]
store_ln114        (store            ) [ 00000]
store_ln114        (store            ) [ 00000]
store_ln114        (store            ) [ 00000]
store_ln114        (store            ) [ 00000]
store_ln114        (store            ) [ 00000]
store_ln114        (store            ) [ 00000]
store_ln114        (store            ) [ 00000]
store_ln114        (store            ) [ 00000]
store_ln114        (store            ) [ 00000]
store_ln114        (store            ) [ 00000]
store_ln114        (store            ) [ 00000]
store_ln114        (store            ) [ 00000]
store_ln114        (store            ) [ 00000]
store_ln114        (store            ) [ 00000]
store_ln114        (store            ) [ 00000]
store_ln114        (store            ) [ 00000]
br_ln108           (br               ) [ 00000]
m_state_load       (load             ) [ 00000]
m_state_1_load     (load             ) [ 00000]
m_state_2_load     (load             ) [ 00000]
m_state_3_load     (load             ) [ 00000]
m_state_4_load     (load             ) [ 00000]
m_state_5_load     (load             ) [ 00000]
m_state_6_load     (load             ) [ 00000]
m_state_7_load     (load             ) [ 00000]
l_state_load       (load             ) [ 00000]
l_state_1_load     (load             ) [ 00000]
l_state_2_load     (load             ) [ 00000]
l_state_3_load     (load             ) [ 00000]
l_state_4_load     (load             ) [ 00000]
l_state_5_load     (load             ) [ 00000]
l_state_6_load     (load             ) [ 00000]
l_state_7_load     (load             ) [ 00000]
write_ln0          (write            ) [ 00000]
write_ln0          (write            ) [ 00000]
write_ln0          (write            ) [ 00000]
write_ln0          (write            ) [ 00000]
write_ln0          (write            ) [ 00000]
write_ln0          (write            ) [ 00000]
write_ln0          (write            ) [ 00000]
write_ln0          (write            ) [ 00000]
write_ln0          (write            ) [ 00000]
write_ln0          (write            ) [ 00000]
write_ln0          (write            ) [ 00000]
write_ln0          (write            ) [ 00000]
write_ln0          (write            ) [ 00000]
write_ln0          (write            ) [ 00000]
write_ln0          (write            ) [ 00000]
write_ln0          (write            ) [ 00000]
ret_ln0            (ret              ) [ 00000]
</LifeTime>

<model>

<comp_list>
<comp id="0" class="1000" name="O_tile">
<pin_list>
<pin id="1" dir="1" index="0" bw="1" slack="0"/>
</pin_list>
<bind>
<StgValue><ssdm name="O_tile"/><MemPortTyVec>0 0 </MemPortTyVec>
</StgValue>
</bind>
</comp>

<comp id="2" class="1000" name="O_tile_1">
<pin_list>
<pin id="3" dir="1" index="0" bw="1" slack="0"/>
</pin_list>
<bind>
<StgValue><ssdm name="O_tile_1"/><MemPortTyVec>0 0 </MemPortTyVec>
</StgValue>
</bind>
</comp>

<comp id="4" class="1000" name="O_tile_2">
<pin_list>
<pin id="5" dir="1" index="0" bw="1" slack="0"/>
</pin_list>
<bind>
<StgValue><ssdm name="O_tile_2"/><MemPortTyVec>0 0 </MemPortTyVec>
</StgValue>
</bind>
</comp>

<comp id="6" class="1000" name="O_tile_3">
<pin_list>
<pin id="7" dir="1" index="0" bw="1" slack="0"/>
</pin_list>
<bind>
<StgValue><ssdm name="O_tile_3"/><MemPortTyVec>0 0 </MemPortTyVec>
</StgValue>
</bind>
</comp>

<comp id="8" class="1000" name="O_tile_4">
<pin_list>
<pin id="9" dir="1" index="0" bw="1" slack="0"/>
</pin_list>
<bind>
<StgValue><ssdm name="O_tile_4"/><MemPortTyVec>0 0 </MemPortTyVec>
</StgValue>
</bind>
</comp>

<comp id="10" class="1000" name="O_tile_5">
<pin_list>
<pin id="11" dir="1" index="0" bw="1" slack="0"/>
</pin_list>
<bind>
<StgValue><ssdm name="O_tile_5"/><MemPortTyVec>0 0 </MemPortTyVec>
</StgValue>
</bind>
</comp>

<comp id="12" class="1000" name="O_tile_6">
<pin_list>
<pin id="13" dir="1" index="0" bw="1" slack="0"/>
</pin_list>
<bind>
<StgValue><ssdm name="O_tile_6"/><MemPortTyVec>0 0 </MemPortTyVec>
</StgValue>
</bind>
</comp>

<comp id="14" class="1000" name="O_tile_7">
<pin_list>
<pin id="15" dir="1" index="0" bw="1" slack="0"/>
</pin_list>
<bind>
<StgValue><ssdm name="O_tile_7"/><MemPortTyVec>0 0 </MemPortTyVec>
</StgValue>
</bind>
</comp>

<comp id="16" class="1000" name="l_state_7_out">
<pin_list>
<pin id="17" dir="1" index="0" bw="1" slack="0"/>
</pin_list>
<bind>
<StgValue><ssdm name="l_state_7_out"/></StgValue>
</bind>
</comp>

<comp id="18" class="1000" name="l_state_6_out">
<pin_list>
<pin id="19" dir="1" index="0" bw="1" slack="0"/>
</pin_list>
<bind>
<StgValue><ssdm name="l_state_6_out"/></StgValue>
</bind>
</comp>

<comp id="20" class="1000" name="l_state_5_out">
<pin_list>
<pin id="21" dir="1" index="0" bw="1" slack="0"/>
</pin_list>
<bind>
<StgValue><ssdm name="l_state_5_out"/></StgValue>
</bind>
</comp>

<comp id="22" class="1000" name="l_state_4_out">
<pin_list>
<pin id="23" dir="1" index="0" bw="1" slack="0"/>
</pin_list>
<bind>
<StgValue><ssdm name="l_state_4_out"/></StgValue>
</bind>
</comp>

<comp id="24" class="1000" name="l_state_3_out">
<pin_list>
<pin id="25" dir="1" index="0" bw="1" slack="0"/>
</pin_list>
<bind>
<StgValue><ssdm name="l_state_3_out"/></StgValue>
</bind>
</comp>

<comp id="26" class="1000" name="l_state_2_out">
<pin_list>
<pin id="27" dir="1" index="0" bw="1" slack="0"/>
</pin_list>
<bind>
<StgValue><ssdm name="l_state_2_out"/></StgValue>
</bind>
</comp>

<comp id="28" class="1000" name="l_state_1_out">
<pin_list>
<pin id="29" dir="1" index="0" bw="1" slack="0"/>
</pin_list>
<bind>
<StgValue><ssdm name="l_state_1_out"/></StgValue>
</bind>
</comp>

<comp id="30" class="1000" name="l_state_out">
<pin_list>
<pin id="31" dir="1" index="0" bw="1" slack="0"/>
</pin_list>
<bind>
<StgValue><ssdm name="l_state_out"/></StgValue>
</bind>
</comp>

<comp id="32" class="1000" name="m_state_7_out">
<pin_list>
<pin id="33" dir="1" index="0" bw="1" slack="0"/>
</pin_list>
<bind>
<StgValue><ssdm name="m_state_7_out"/></StgValue>
</bind>
</comp>

<comp id="34" class="1000" name="m_state_6_out">
<pin_list>
<pin id="35" dir="1" index="0" bw="1" slack="0"/>
</pin_list>
<bind>
<StgValue><ssdm name="m_state_6_out"/></StgValue>
</bind>
</comp>

<comp id="36" class="1000" name="m_state_5_out">
<pin_list>
<pin id="37" dir="1" index="0" bw="1" slack="0"/>
</pin_list>
<bind>
<StgValue><ssdm name="m_state_5_out"/></StgValue>
</bind>
</comp>

<comp id="38" class="1000" name="m_state_4_out">
<pin_list>
<pin id="39" dir="1" index="0" bw="1" slack="0"/>
</pin_list>
<bind>
<StgValue><ssdm name="m_state_4_out"/></StgValue>
</bind>
</comp>

<comp id="40" class="1000" name="m_state_3_out">
<pin_list>
<pin id="41" dir="1" index="0" bw="1" slack="0"/>
</pin_list>
<bind>
<StgValue><ssdm name="m_state_3_out"/></StgValue>
</bind>
</comp>

<comp id="42" class="1000" name="m_state_2_out">
<pin_list>
<pin id="43" dir="1" index="0" bw="1" slack="0"/>
</pin_list>
<bind>
<StgValue><ssdm name="m_state_2_out"/></StgValue>
</bind>
</comp>

<comp id="44" class="1000" name="m_state_1_out">
<pin_list>
<pin id="45" dir="1" index="0" bw="1" slack="0"/>
</pin_list>
<bind>
<StgValue><ssdm name="m_state_1_out"/></StgValue>
</bind>
</comp>

<comp id="46" class="1000" name="m_state_out">
<pin_list>
<pin id="47" dir="1" index="0" bw="1" slack="0"/>
</pin_list>
<bind>
<StgValue><ssdm name="m_state_out"/></StgValue>
</bind>
</comp>

<comp id="48" class="1001" name="const_48">
<pin_list>
<pin id="49" dir="1" index="0" bw="1" slack="0"/>
</pin_list>
<bind>
<StgValue><ssdm name=""/></StgValue>
</bind>
</comp>

<comp id="50" class="1001" name="const_50">
<pin_list>
<pin id="51" dir="1" index="0" bw="1" slack="0"/>
</pin_list>
<bind>
<StgValue><ssdm name=""/></StgValue>
</bind>
</comp>

<comp id="52" class="1001" name="const_52">
<pin_list>
<pin id="53" dir="1" index="0" bw="1" slack="0"/>
</pin_list>
<bind>
<StgValue><ssdm name=""/></StgValue>
</bind>
</comp>

<comp id="54" class="1001" name="const_54">
<pin_list>
<pin id="55" dir="1" index="0" bw="1" slack="2147483647"/>
</pin_list>
<bind>
<StgValue><ssdm name="_ssdm_op_SpecLoopTripCount"/></StgValue>
</bind>
</comp>

<comp id="56" class="1001" name="const_56">
<pin_list>
<pin id="57" dir="1" index="0" bw="1" slack="2147483647"/>
</pin_list>
<bind>
<StgValue><ssdm name=""/></StgValue>
</bind>
</comp>

<comp id="58" class="1001" name="const_58">
<pin_list>
<pin id="59" dir="1" index="0" bw="1" slack="0"/>
</pin_list>
<bind>
<StgValue><ssdm name=""/></StgValue>
</bind>
</comp>

<comp id="60" class="1001" name="const_60">
<pin_list>
<pin id="61" dir="1" index="0" bw="1" slack="0"/>
</pin_list>
<bind>
<StgValue><ssdm name="_ssdm_op_BitConcatenate.i6.i3.i3"/></StgValue>
</bind>
</comp>

<comp id="62" class="1001" name="const_62">
<pin_list>
<pin id="63" dir="1" index="0" bw="1" slack="0"/>
</pin_list>
<bind>
<StgValue><ssdm name=""/></StgValue>
</bind>
</comp>

<comp id="64" class="1001" name="const_64">
<pin_list>
<pin id="65" dir="1" index="0" bw="1" slack="0"/>
</pin_list>
<bind>
<StgValue><ssdm name=""/></StgValue>
</bind>
</comp>

<comp id="66" class="1001" name="const_66">
<pin_list>
<pin id="67" dir="1" index="0" bw="1" slack="0"/>
</pin_list>
<bind>
<StgValue><ssdm name=""/></StgValue>
</bind>
</comp>

<comp id="68" class="1001" name="const_68">
<pin_list>
<pin id="69" dir="1" index="0" bw="1" slack="0"/>
</pin_list>
<bind>
<StgValue><ssdm name=""/></StgValue>
</bind>
</comp>

<comp id="70" class="1001" name="const_70">
<pin_list>
<pin id="71" dir="1" index="0" bw="1" slack="0"/>
</pin_list>
<bind>
<StgValue><ssdm name=""/></StgValue>
</bind>
</comp>

<comp id="72" class="1001" name="const_72">
<pin_list>
<pin id="73" dir="1" index="0" bw="1" slack="0"/>
</pin_list>
<bind>
<StgValue><ssdm name=""/></StgValue>
</bind>
</comp>

<comp id="74" class="1001" name="const_74">
<pin_list>
<pin id="75" dir="1" index="0" bw="1" slack="0"/>
</pin_list>
<bind>
<StgValue><ssdm name=""/></StgValue>
</bind>
</comp>

<comp id="76" class="1001" name="const_76">
<pin_list>
<pin id="77" dir="1" index="0" bw="1" slack="0"/>
</pin_list>
<bind>
<StgValue><ssdm name=""/></StgValue>
</bind>
</comp>

<comp id="78" class="1001" name="const_78">
<pin_list>
<pin id="79" dir="1" index="0" bw="1" slack="0"/>
</pin_list>
<bind>
<StgValue><ssdm name=""/></StgValue>
</bind>
</comp>

<comp id="80" class="1001" name="const_80">
<pin_list>
<pin id="81" dir="1" index="0" bw="1" slack="2147483647"/>
</pin_list>
<bind>
<StgValue><ssdm name="_ssdm_op_SpecPipeline"/></StgValue>
</bind>
</comp>

<comp id="82" class="1001" name="const_82">
<pin_list>
<pin id="83" dir="1" index="0" bw="1" slack="2147483647"/>
</pin_list>
<bind>
<StgValue><ssdm name=""/></StgValue>
</bind>
</comp>

<comp id="84" class="1001" name="const_84">
<pin_list>
<pin id="85" dir="1" index="0" bw="1" slack="2147483647"/>
</pin_list>
<bind>
<StgValue><ssdm name="empty_13"/></StgValue>
</bind>
</comp>

<comp id="86" class="1001" name="const_86">
<pin_list>
<pin id="87" dir="1" index="0" bw="1" slack="2147483647"/>
</pin_list>
<bind>
<StgValue><ssdm name="_ssdm_op_SpecLoopName"/></StgValue>
</bind>
</comp>

<comp id="88" class="1001" name="const_88">
<pin_list>
<pin id="89" dir="1" index="0" bw="1" slack="2147483647"/>
</pin_list>
<bind>
<StgValue><ssdm name="empty_22"/></StgValue>
</bind>
</comp>

<comp id="90" class="1001" name="const_90">
<pin_list>
<pin id="91" dir="1" index="0" bw="1" slack="2147483647"/>
</pin_list>
<bind>
<StgValue><ssdm name=""/></StgValue>
</bind>
</comp>

<comp id="92" class="1001" name="const_92">
<pin_list>
<pin id="93" dir="1" index="0" bw="1" slack="2147483647"/>
</pin_list>
<bind>
<StgValue><ssdm name=""/></StgValue>
</bind>
</comp>

<comp id="94" class="1001" name="const_94">
<pin_list>
<pin id="95" dir="1" index="0" bw="1" slack="2147483647"/>
</pin_list>
<bind>
<StgValue><ssdm name=""/></StgValue>
</bind>
</comp>

<comp id="96" class="1001" name="const_96">
<pin_list>
<pin id="97" dir="1" index="0" bw="1" slack="2147483647"/>
</pin_list>
<bind>
<StgValue><ssdm name=""/></StgValue>
</bind>
</comp>

<comp id="98" class="1001" name="const_98">
<pin_list>
<pin id="99" dir="1" index="0" bw="1" slack="2147483647"/>
</pin_list>
<bind>
<StgValue><ssdm name=""/></StgValue>
</bind>
</comp>

<comp id="100" class="1001" name="const_100">
<pin_list>
<pin id="101" dir="1" index="0" bw="1" slack="2147483647"/>
</pin_list>
<bind>
<StgValue><ssdm name=""/></StgValue>
</bind>
</comp>

<comp id="102" class="1001" name="const_102">
<pin_list>
<pin id="103" dir="1" index="0" bw="1" slack="0"/>
</pin_list>
<bind>
<StgValue><ssdm name=""/></StgValue>
</bind>
</comp>

<comp id="104" class="1001" name="const_104">
<pin_list>
<pin id="105" dir="1" index="0" bw="1" slack="0"/>
</pin_list>
<bind>
<StgValue><ssdm name=""/></StgValue>
</bind>
</comp>

<comp id="106" class="1001" name="const_106">
<pin_list>
<pin id="107" dir="1" index="0" bw="1" slack="0"/>
</pin_list>
<bind>
<StgValue><ssdm name="_ssdm_op_Write.ap_auto.floatP0A"/></StgValue>
</bind>
</comp>

<comp id="108" class="1004" name="i_1_fu_108">
<pin_list>
<pin id="109" dir="0" index="0" bw="1" slack="0"/>
<pin id="110" dir="1" index="1" bw="4" slack="0"/>
</pin_list>
<bind>
<opcode="alloca(26) " fcode="alloca"/>
<opset="i_1/1 "/>
</bind>
</comp>

<comp id="112" class="1004" name="m_state_fu_112">
<pin_list>
<pin id="113" dir="0" index="0" bw="1" slack="0"/>
<pin id="114" dir="1" index="1" bw="32" slack="0"/>
</pin_list>
<bind>
<opcode="alloca(26) " fcode="alloca"/>
<opset="m_state/1 "/>
</bind>
</comp>

<comp id="116" class="1004" name="m_state_1_fu_116">
<pin_list>
<pin id="117" dir="0" index="0" bw="1" slack="0"/>
<pin id="118" dir="1" index="1" bw="32" slack="0"/>
</pin_list>
<bind>
<opcode="alloca(26) " fcode="alloca"/>
<opset="m_state_1/1 "/>
</bind>
</comp>

<comp id="120" class="1004" name="m_state_2_fu_120">
<pin_list>
<pin id="121" dir="0" index="0" bw="1" slack="0"/>
<pin id="122" dir="1" index="1" bw="32" slack="0"/>
</pin_list>
<bind>
<opcode="alloca(26) " fcode="alloca"/>
<opset="m_state_2/1 "/>
</bind>
</comp>

<comp id="124" class="1004" name="m_state_3_fu_124">
<pin_list>
<pin id="125" dir="0" index="0" bw="1" slack="0"/>
<pin id="126" dir="1" index="1" bw="32" slack="0"/>
</pin_list>
<bind>
<opcode="alloca(26) " fcode="alloca"/>
<opset="m_state_3/1 "/>
</bind>
</comp>

<comp id="128" class="1004" name="m_state_4_fu_128">
<pin_list>
<pin id="129" dir="0" index="0" bw="1" slack="0"/>
<pin id="130" dir="1" index="1" bw="32" slack="0"/>
</pin_list>
<bind>
<opcode="alloca(26) " fcode="alloca"/>
<opset="m_state_4/1 "/>
</bind>
</comp>

<comp id="132" class="1004" name="m_state_5_fu_132">
<pin_list>
<pin id="133" dir="0" index="0" bw="1" slack="0"/>
<pin id="134" dir="1" index="1" bw="32" slack="0"/>
</pin_list>
<bind>
<opcode="alloca(26) " fcode="alloca"/>
<opset="m_state_5/1 "/>
</bind>
</comp>

<comp id="136" class="1004" name="m_state_6_fu_136">
<pin_list>
<pin id="137" dir="0" index="0" bw="1" slack="0"/>
<pin id="138" dir="1" index="1" bw="32" slack="0"/>
</pin_list>
<bind>
<opcode="alloca(26) " fcode="alloca"/>
<opset="m_state_6/1 "/>
</bind>
</comp>

<comp id="140" class="1004" name="m_state_7_fu_140">
<pin_list>
<pin id="141" dir="0" index="0" bw="1" slack="0"/>
<pin id="142" dir="1" index="1" bw="32" slack="0"/>
</pin_list>
<bind>
<opcode="alloca(26) " fcode="alloca"/>
<opset="m_state_7/1 "/>
</bind>
</comp>

<comp id="144" class="1004" name="l_state_fu_144">
<pin_list>
<pin id="145" dir="0" index="0" bw="1" slack="0"/>
<pin id="146" dir="1" index="1" bw="32" slack="0"/>
</pin_list>
<bind>
<opcode="alloca(26) " fcode="alloca"/>
<opset="l_state/1 "/>
</bind>
</comp>

<comp id="148" class="1004" name="l_state_1_fu_148">
<pin_list>
<pin id="149" dir="0" index="0" bw="1" slack="0"/>
<pin id="150" dir="1" index="1" bw="32" slack="0"/>
</pin_list>
<bind>
<opcode="alloca(26) " fcode="alloca"/>
<opset="l_state_1/1 "/>
</bind>
</comp>

<comp id="152" class="1004" name="l_state_2_fu_152">
<pin_list>
<pin id="153" dir="0" index="0" bw="1" slack="0"/>
<pin id="154" dir="1" index="1" bw="32" slack="0"/>
</pin_list>
<bind>
<opcode="alloca(26) " fcode="alloca"/>
<opset="l_state_2/1 "/>
</bind>
</comp>

<comp id="156" class="1004" name="l_state_3_fu_156">
<pin_list>
<pin id="157" dir="0" index="0" bw="1" slack="0"/>
<pin id="158" dir="1" index="1" bw="32" slack="0"/>
</pin_list>
<bind>
<opcode="alloca(26) " fcode="alloca"/>
<opset="l_state_3/1 "/>
</bind>
</comp>

<comp id="160" class="1004" name="l_state_4_fu_160">
<pin_list>
<pin id="161" dir="0" index="0" bw="1" slack="0"/>
<pin id="162" dir="1" index="1" bw="32" slack="0"/>
</pin_list>
<bind>
<opcode="alloca(26) " fcode="alloca"/>
<opset="l_state_4/1 "/>
</bind>
</comp>

<comp id="164" class="1004" name="l_state_5_fu_164">
<pin_list>
<pin id="165" dir="0" index="0" bw="1" slack="0"/>
<pin id="166" dir="1" index="1" bw="32" slack="0"/>
</pin_list>
<bind>
<opcode="alloca(26) " fcode="alloca"/>
<opset="l_state_5/1 "/>
</bind>
</comp>

<comp id="168" class="1004" name="l_state_6_fu_168">
<pin_list>
<pin id="169" dir="0" index="0" bw="1" slack="0"/>
<pin id="170" dir="1" index="1" bw="32" slack="0"/>
</pin_list>
<bind>
<opcode="alloca(26) " fcode="alloca"/>
<opset="l_state_6/1 "/>
</bind>
</comp>

<comp id="172" class="1004" name="l_state_7_fu_172">
<pin_list>
<pin id="173" dir="0" index="0" bw="1" slack="0"/>
<pin id="174" dir="1" index="1" bw="32" slack="0"/>
</pin_list>
<bind>
<opcode="alloca(26) " fcode="alloca"/>
<opset="l_state_7/1 "/>
</bind>
</comp>

<comp id="176" class="1004" name="write_ln0_write_fu_176">
<pin_list>
<pin id="177" dir="0" index="0" bw="0" slack="0"/>
<pin id="178" dir="0" index="1" bw="32" slack="0"/>
<pin id="179" dir="0" index="2" bw="32" slack="0"/>
<pin id="180" dir="1" index="3" bw="0" slack="2147483647"/>
</pin_list>
<bind>
<opcode="write(1151) " fcode="write"/>
<opset="write_ln0/1 "/>
</bind>
</comp>

<comp id="183" class="1004" name="write_ln0_write_fu_183">
<pin_list>
<pin id="184" dir="0" index="0" bw="0" slack="0"/>
<pin id="185" dir="0" index="1" bw="32" slack="0"/>
<pin id="186" dir="0" index="2" bw="32" slack="0"/>
<pin id="187" dir="1" index="3" bw="0" slack="2147483647"/>
</pin_list>
<bind>
<opcode="write(1151) " fcode="write"/>
<opset="write_ln0/1 "/>
</bind>
</comp>

<comp id="190" class="1004" name="write_ln0_write_fu_190">
<pin_list>
<pin id="191" dir="0" index="0" bw="0" slack="0"/>
<pin id="192" dir="0" index="1" bw="32" slack="0"/>
<pin id="193" dir="0" index="2" bw="32" slack="0"/>
<pin id="194" dir="1" index="3" bw="0" slack="2147483647"/>
</pin_list>
<bind>
<opcode="write(1151) " fcode="write"/>
<opset="write_ln0/1 "/>
</bind>
</comp>

<comp id="197" class="1004" name="write_ln0_write_fu_197">
<pin_list>
<pin id="198" dir="0" index="0" bw="0" slack="0"/>
<pin id="199" dir="0" index="1" bw="32" slack="0"/>
<pin id="200" dir="0" index="2" bw="32" slack="0"/>
<pin id="201" dir="1" index="3" bw="0" slack="2147483647"/>
</pin_list>
<bind>
<opcode="write(1151) " fcode="write"/>
<opset="write_ln0/1 "/>
</bind>
</comp>

<comp id="204" class="1004" name="write_ln0_write_fu_204">
<pin_list>
<pin id="205" dir="0" index="0" bw="0" slack="0"/>
<pin id="206" dir="0" index="1" bw="32" slack="0"/>
<pin id="207" dir="0" index="2" bw="32" slack="0"/>
<pin id="208" dir="1" index="3" bw="0" slack="2147483647"/>
</pin_list>
<bind>
<opcode="write(1151) " fcode="write"/>
<opset="write_ln0/1 "/>
</bind>
</comp>

<comp id="211" class="1004" name="write_ln0_write_fu_211">
<pin_list>
<pin id="212" dir="0" index="0" bw="0" slack="0"/>
<pin id="213" dir="0" index="1" bw="32" slack="0"/>
<pin id="214" dir="0" index="2" bw="32" slack="0"/>
<pin id="215" dir="1" index="3" bw="0" slack="2147483647"/>
</pin_list>
<bind>
<opcode="write(1151) " fcode="write"/>
<opset="write_ln0/1 "/>
</bind>
</comp>

<comp id="218" class="1004" name="write_ln0_write_fu_218">
<pin_list>
<pin id="219" dir="0" index="0" bw="0" slack="0"/>
<pin id="220" dir="0" index="1" bw="32" slack="0"/>
<pin id="221" dir="0" index="2" bw="32" slack="0"/>
<pin id="222" dir="1" index="3" bw="0" slack="2147483647"/>
</pin_list>
<bind>
<opcode="write(1151) " fcode="write"/>
<opset="write_ln0/1 "/>
</bind>
</comp>

<comp id="225" class="1004" name="write_ln0_write_fu_225">
<pin_list>
<pin id="226" dir="0" index="0" bw="0" slack="0"/>
<pin id="227" dir="0" index="1" bw="32" slack="0"/>
<pin id="228" dir="0" index="2" bw="32" slack="0"/>
<pin id="229" dir="1" index="3" bw="0" slack="2147483647"/>
</pin_list>
<bind>
<opcode="write(1151) " fcode="write"/>
<opset="write_ln0/1 "/>
</bind>
</comp>

<comp id="232" class="1004" name="write_ln0_write_fu_232">
<pin_list>
<pin id="233" dir="0" index="0" bw="0" slack="0"/>
<pin id="234" dir="0" index="1" bw="32" slack="0"/>
<pin id="235" dir="0" index="2" bw="32" slack="0"/>
<pin id="236" dir="1" index="3" bw="0" slack="2147483647"/>
</pin_list>
<bind>
<opcode="write(1151) " fcode="write"/>
<opset="write_ln0/1 "/>
</bind>
</comp>

<comp id="239" class="1004" name="write_ln0_write_fu_239">
<pin_list>
<pin id="240" dir="0" index="0" bw="0" slack="0"/>
<pin id="241" dir="0" index="1" bw="32" slack="0"/>
<pin id="242" dir="0" index="2" bw="32" slack="0"/>
<pin id="243" dir="1" index="3" bw="0" slack="2147483647"/>
</pin_list>
<bind>
<opcode="write(1151) " fcode="write"/>
<opset="write_ln0/1 "/>
</bind>
</comp>

<comp id="246" class="1004" name="write_ln0_write_fu_246">
<pin_list>
<pin id="247" dir="0" index="0" bw="0" slack="0"/>
<pin id="248" dir="0" index="1" bw="32" slack="0"/>
<pin id="249" dir="0" index="2" bw="32" slack="0"/>
<pin id="250" dir="1" index="3" bw="0" slack="2147483647"/>
</pin_list>
<bind>
<opcode="write(1151) " fcode="write"/>
<opset="write_ln0/1 "/>
</bind>
</comp>

<comp id="253" class="1004" name="write_ln0_write_fu_253">
<pin_list>
<pin id="254" dir="0" index="0" bw="0" slack="0"/>
<pin id="255" dir="0" index="1" bw="32" slack="0"/>
<pin id="256" dir="0" index="2" bw="32" slack="0"/>
<pin id="257" dir="1" index="3" bw="0" slack="2147483647"/>
</pin_list>
<bind>
<opcode="write(1151) " fcode="write"/>
<opset="write_ln0/1 "/>
</bind>
</comp>

<comp id="260" class="1004" name="write_ln0_write_fu_260">
<pin_list>
<pin id="261" dir="0" index="0" bw="0" slack="0"/>
<pin id="262" dir="0" index="1" bw="32" slack="0"/>
<pin id="263" dir="0" index="2" bw="32" slack="0"/>
<pin id="264" dir="1" index="3" bw="0" slack="2147483647"/>
</pin_list>
<bind>
<opcode="write(1151) " fcode="write"/>
<opset="write_ln0/1 "/>
</bind>
</comp>

<comp id="267" class="1004" name="write_ln0_write_fu_267">
<pin_list>
<pin id="268" dir="0" index="0" bw="0" slack="0"/>
<pin id="269" dir="0" index="1" bw="32" slack="0"/>
<pin id="270" dir="0" index="2" bw="32" slack="0"/>
<pin id="271" dir="1" index="3" bw="0" slack="2147483647"/>
</pin_list>
<bind>
<opcode="write(1151) " fcode="write"/>
<opset="write_ln0/1 "/>
</bind>
</comp>

<comp id="274" class="1004" name="write_ln0_write_fu_274">
<pin_list>
<pin id="275" dir="0" index="0" bw="0" slack="0"/>
<pin id="276" dir="0" index="1" bw="32" slack="0"/>
<pin id="277" dir="0" index="2" bw="32" slack="0"/>
<pin id="278" dir="1" index="3" bw="0" slack="2147483647"/>
</pin_list>
<bind>
<opcode="write(1151) " fcode="write"/>
<opset="write_ln0/1 "/>
</bind>
</comp>

<comp id="281" class="1004" name="write_ln0_write_fu_281">
<pin_list>
<pin id="282" dir="0" index="0" bw="0" slack="0"/>
<pin id="283" dir="0" index="1" bw="32" slack="0"/>
<pin id="284" dir="0" index="2" bw="32" slack="0"/>
<pin id="285" dir="1" index="3" bw="0" slack="2147483647"/>
</pin_list>
<bind>
<opcode="write(1151) " fcode="write"/>
<opset="write_ln0/1 "/>
</bind>
</comp>

<comp id="288" class="1004" name="O_tile_addr_gep_fu_288">
<pin_list>
<pin id="289" dir="0" index="0" bw="32" slack="0"/>
<pin id="290" dir="0" index="1" bw="1" slack="0"/>
<pin id="291" dir="0" index="2" bw="6" slack="0"/>
<pin id="292" dir="1" index="3" bw="6" slack="0"/>
</pin_list>
<bind>
<opcode="getelementptr(29) " fcode="getelementptr"/>
<opset="O_tile_addr/1 "/>
</bind>
</comp>

<comp id="295" class="1004" name="O_tile_addr_1_gep_fu_295">
<pin_list>
<pin id="296" dir="0" index="0" bw="32" slack="0"/>
<pin id="297" dir="0" index="1" bw="1" slack="0"/>
<pin id="298" dir="0" index="2" bw="6" slack="0"/>
<pin id="299" dir="1" index="3" bw="6" slack="0"/>
</pin_list>
<bind>
<opcode="getelementptr(29) " fcode="getelementptr"/>
<opset="O_tile_addr_1/1 "/>
</bind>
</comp>

<comp id="302" class="1004" name="O_tile_addr_2_gep_fu_302">
<pin_list>
<pin id="303" dir="0" index="0" bw="32" slack="0"/>
<pin id="304" dir="0" index="1" bw="1" slack="0"/>
<pin id="305" dir="0" index="2" bw="6" slack="0"/>
<pin id="306" dir="1" index="3" bw="6" slack="1"/>
</pin_list>
<bind>
<opcode="getelementptr(29) " fcode="getelementptr"/>
<opset="O_tile_addr_2/1 "/>
</bind>
</comp>

<comp id="309" class="1004" name="O_tile_addr_3_gep_fu_309">
<pin_list>
<pin id="310" dir="0" index="0" bw="32" slack="0"/>
<pin id="311" dir="0" index="1" bw="1" slack="0"/>
<pin id="312" dir="0" index="2" bw="6" slack="0"/>
<pin id="313" dir="1" index="3" bw="6" slack="1"/>
</pin_list>
<bind>
<opcode="getelementptr(29) " fcode="getelementptr"/>
<opset="O_tile_addr_3/1 "/>
</bind>
</comp>

<comp id="316" class="1004" name="O_tile_addr_4_gep_fu_316">
<pin_list>
<pin id="317" dir="0" index="0" bw="32" slack="0"/>
<pin id="318" dir="0" index="1" bw="1" slack="0"/>
<pin id="319" dir="0" index="2" bw="6" slack="0"/>
<pin id="320" dir="1" index="3" bw="6" slack="2"/>
</pin_list>
<bind>
<opcode="getelementptr(29) " fcode="getelementptr"/>
<opset="O_tile_addr_4/1 "/>
</bind>
</comp>

<comp id="323" class="1004" name="O_tile_addr_5_gep_fu_323">
<pin_list>
<pin id="324" dir="0" index="0" bw="32" slack="0"/>
<pin id="325" dir="0" index="1" bw="1" slack="0"/>
<pin id="326" dir="0" index="2" bw="6" slack="0"/>
<pin id="327" dir="1" index="3" bw="6" slack="2"/>
</pin_list>
<bind>
<opcode="getelementptr(29) " fcode="getelementptr"/>
<opset="O_tile_addr_5/1 "/>
</bind>
</comp>

<comp id="330" class="1004" name="O_tile_addr_6_gep_fu_330">
<pin_list>
<pin id="331" dir="0" index="0" bw="32" slack="0"/>
<pin id="332" dir="0" index="1" bw="1" slack="0"/>
<pin id="333" dir="0" index="2" bw="6" slack="0"/>
<pin id="334" dir="1" index="3" bw="6" slack="3"/>
</pin_list>
<bind>
<opcode="getelementptr(29) " fcode="getelementptr"/>
<opset="O_tile_addr_6/1 "/>
</bind>
</comp>

<comp id="337" class="1004" name="O_tile_addr_7_gep_fu_337">
<pin_list>
<pin id="338" dir="0" index="0" bw="32" slack="0"/>
<pin id="339" dir="0" index="1" bw="1" slack="0"/>
<pin id="340" dir="0" index="2" bw="6" slack="0"/>
<pin id="341" dir="1" index="3" bw="6" slack="3"/>
</pin_list>
<bind>
<opcode="getelementptr(29) " fcode="getelementptr"/>
<opset="O_tile_addr_7/1 "/>
</bind>
</comp>

<comp id="344" class="1004" name="O_tile_1_addr_gep_fu_344">
<pin_list>
<pin id="345" dir="0" index="0" bw="32" slack="0"/>
<pin id="346" dir="0" index="1" bw="1" slack="0"/>
<pin id="347" dir="0" index="2" bw="6" slack="0"/>
<pin id="348" dir="1" index="3" bw="6" slack="0"/>
</pin_list>
<bind>
<opcode="getelementptr(29) " fcode="getelementptr"/>
<opset="O_tile_1_addr/1 "/>
</bind>
</comp>

<comp id="351" class="1004" name="O_tile_1_addr_1_gep_fu_351">
<pin_list>
<pin id="352" dir="0" index="0" bw="32" slack="0"/>
<pin id="353" dir="0" index="1" bw="1" slack="0"/>
<pin id="354" dir="0" index="2" bw="6" slack="0"/>
<pin id="355" dir="1" index="3" bw="6" slack="0"/>
</pin_list>
<bind>
<opcode="getelementptr(29) " fcode="getelementptr"/>
<opset="O_tile_1_addr_1/1 "/>
</bind>
</comp>

<comp id="358" class="1004" name="O_tile_1_addr_2_gep_fu_358">
<pin_list>
<pin id="359" dir="0" index="0" bw="32" slack="0"/>
<pin id="360" dir="0" index="1" bw="1" slack="0"/>
<pin id="361" dir="0" index="2" bw="6" slack="0"/>
<pin id="362" dir="1" index="3" bw="6" slack="1"/>
</pin_list>
<bind>
<opcode="getelementptr(29) " fcode="getelementptr"/>
<opset="O_tile_1_addr_2/1 "/>
</bind>
</comp>

<comp id="365" class="1004" name="O_tile_1_addr_3_gep_fu_365">
<pin_list>
<pin id="366" dir="0" index="0" bw="32" slack="0"/>
<pin id="367" dir="0" index="1" bw="1" slack="0"/>
<pin id="368" dir="0" index="2" bw="6" slack="0"/>
<pin id="369" dir="1" index="3" bw="6" slack="1"/>
</pin_list>
<bind>
<opcode="getelementptr(29) " fcode="getelementptr"/>
<opset="O_tile_1_addr_3/1 "/>
</bind>
</comp>

<comp id="372" class="1004" name="O_tile_1_addr_4_gep_fu_372">
<pin_list>
<pin id="373" dir="0" index="0" bw="32" slack="0"/>
<pin id="374" dir="0" index="1" bw="1" slack="0"/>
<pin id="375" dir="0" index="2" bw="6" slack="0"/>
<pin id="376" dir="1" index="3" bw="6" slack="2"/>
</pin_list>
<bind>
<opcode="getelementptr(29) " fcode="getelementptr"/>
<opset="O_tile_1_addr_4/1 "/>
</bind>
</comp>

<comp id="379" class="1004" name="O_tile_1_addr_5_gep_fu_379">
<pin_list>
<pin id="380" dir="0" index="0" bw="32" slack="0"/>
<pin id="381" dir="0" index="1" bw="1" slack="0"/>
<pin id="382" dir="0" index="2" bw="6" slack="0"/>
<pin id="383" dir="1" index="3" bw="6" slack="2"/>
</pin_list>
<bind>
<opcode="getelementptr(29) " fcode="getelementptr"/>
<opset="O_tile_1_addr_5/1 "/>
</bind>
</comp>

<comp id="386" class="1004" name="O_tile_1_addr_6_gep_fu_386">
<pin_list>
<pin id="387" dir="0" index="0" bw="32" slack="0"/>
<pin id="388" dir="0" index="1" bw="1" slack="0"/>
<pin id="389" dir="0" index="2" bw="6" slack="0"/>
<pin id="390" dir="1" index="3" bw="6" slack="3"/>
</pin_list>
<bind>
<opcode="getelementptr(29) " fcode="getelementptr"/>
<opset="O_tile_1_addr_6/1 "/>
</bind>
</comp>

<comp id="393" class="1004" name="O_tile_1_addr_7_gep_fu_393">
<pin_list>
<pin id="394" dir="0" index="0" bw="32" slack="0"/>
<pin id="395" dir="0" index="1" bw="1" slack="0"/>
<pin id="396" dir="0" index="2" bw="6" slack="0"/>
<pin id="397" dir="1" index="3" bw="6" slack="3"/>
</pin_list>
<bind>
<opcode="getelementptr(29) " fcode="getelementptr"/>
<opset="O_tile_1_addr_7/1 "/>
</bind>
</comp>

<comp id="400" class="1004" name="O_tile_2_addr_gep_fu_400">
<pin_list>
<pin id="401" dir="0" index="0" bw="32" slack="0"/>
<pin id="402" dir="0" index="1" bw="1" slack="0"/>
<pin id="403" dir="0" index="2" bw="6" slack="0"/>
<pin id="404" dir="1" index="3" bw="6" slack="0"/>
</pin_list>
<bind>
<opcode="getelementptr(29) " fcode="getelementptr"/>
<opset="O_tile_2_addr/1 "/>
</bind>
</comp>

<comp id="407" class="1004" name="O_tile_2_addr_1_gep_fu_407">
<pin_list>
<pin id="408" dir="0" index="0" bw="32" slack="0"/>
<pin id="409" dir="0" index="1" bw="1" slack="0"/>
<pin id="410" dir="0" index="2" bw="6" slack="0"/>
<pin id="411" dir="1" index="3" bw="6" slack="0"/>
</pin_list>
<bind>
<opcode="getelementptr(29) " fcode="getelementptr"/>
<opset="O_tile_2_addr_1/1 "/>
</bind>
</comp>

<comp id="414" class="1004" name="O_tile_2_addr_2_gep_fu_414">
<pin_list>
<pin id="415" dir="0" index="0" bw="32" slack="0"/>
<pin id="416" dir="0" index="1" bw="1" slack="0"/>
<pin id="417" dir="0" index="2" bw="6" slack="0"/>
<pin id="418" dir="1" index="3" bw="6" slack="1"/>
</pin_list>
<bind>
<opcode="getelementptr(29) " fcode="getelementptr"/>
<opset="O_tile_2_addr_2/1 "/>
</bind>
</comp>

<comp id="421" class="1004" name="O_tile_2_addr_3_gep_fu_421">
<pin_list>
<pin id="422" dir="0" index="0" bw="32" slack="0"/>
<pin id="423" dir="0" index="1" bw="1" slack="0"/>
<pin id="424" dir="0" index="2" bw="6" slack="0"/>
<pin id="425" dir="1" index="3" bw="6" slack="1"/>
</pin_list>
<bind>
<opcode="getelementptr(29) " fcode="getelementptr"/>
<opset="O_tile_2_addr_3/1 "/>
</bind>
</comp>

<comp id="428" class="1004" name="O_tile_2_addr_4_gep_fu_428">
<pin_list>
<pin id="429" dir="0" index="0" bw="32" slack="0"/>
<pin id="430" dir="0" index="1" bw="1" slack="0"/>
<pin id="431" dir="0" index="2" bw="6" slack="0"/>
<pin id="432" dir="1" index="3" bw="6" slack="2"/>
</pin_list>
<bind>
<opcode="getelementptr(29) " fcode="getelementptr"/>
<opset="O_tile_2_addr_4/1 "/>
</bind>
</comp>

<comp id="435" class="1004" name="O_tile_2_addr_5_gep_fu_435">
<pin_list>
<pin id="436" dir="0" index="0" bw="32" slack="0"/>
<pin id="437" dir="0" index="1" bw="1" slack="0"/>
<pin id="438" dir="0" index="2" bw="6" slack="0"/>
<pin id="439" dir="1" index="3" bw="6" slack="2"/>
</pin_list>
<bind>
<opcode="getelementptr(29) " fcode="getelementptr"/>
<opset="O_tile_2_addr_5/1 "/>
</bind>
</comp>

<comp id="442" class="1004" name="O_tile_2_addr_6_gep_fu_442">
<pin_list>
<pin id="443" dir="0" index="0" bw="32" slack="0"/>
<pin id="444" dir="0" index="1" bw="1" slack="0"/>
<pin id="445" dir="0" index="2" bw="6" slack="0"/>
<pin id="446" dir="1" index="3" bw="6" slack="3"/>
</pin_list>
<bind>
<opcode="getelementptr(29) " fcode="getelementptr"/>
<opset="O_tile_2_addr_6/1 "/>
</bind>
</comp>

<comp id="449" class="1004" name="O_tile_2_addr_7_gep_fu_449">
<pin_list>
<pin id="450" dir="0" index="0" bw="32" slack="0"/>
<pin id="451" dir="0" index="1" bw="1" slack="0"/>
<pin id="452" dir="0" index="2" bw="6" slack="0"/>
<pin id="453" dir="1" index="3" bw="6" slack="3"/>
</pin_list>
<bind>
<opcode="getelementptr(29) " fcode="getelementptr"/>
<opset="O_tile_2_addr_7/1 "/>
</bind>
</comp>

<comp id="456" class="1004" name="O_tile_3_addr_gep_fu_456">
<pin_list>
<pin id="457" dir="0" index="0" bw="32" slack="0"/>
<pin id="458" dir="0" index="1" bw="1" slack="0"/>
<pin id="459" dir="0" index="2" bw="6" slack="0"/>
<pin id="460" dir="1" index="3" bw="6" slack="0"/>
</pin_list>
<bind>
<opcode="getelementptr(29) " fcode="getelementptr"/>
<opset="O_tile_3_addr/1 "/>
</bind>
</comp>

<comp id="463" class="1004" name="O_tile_3_addr_1_gep_fu_463">
<pin_list>
<pin id="464" dir="0" index="0" bw="32" slack="0"/>
<pin id="465" dir="0" index="1" bw="1" slack="0"/>
<pin id="466" dir="0" index="2" bw="6" slack="0"/>
<pin id="467" dir="1" index="3" bw="6" slack="0"/>
</pin_list>
<bind>
<opcode="getelementptr(29) " fcode="getelementptr"/>
<opset="O_tile_3_addr_1/1 "/>
</bind>
</comp>

<comp id="470" class="1004" name="O_tile_3_addr_2_gep_fu_470">
<pin_list>
<pin id="471" dir="0" index="0" bw="32" slack="0"/>
<pin id="472" dir="0" index="1" bw="1" slack="0"/>
<pin id="473" dir="0" index="2" bw="6" slack="0"/>
<pin id="474" dir="1" index="3" bw="6" slack="1"/>
</pin_list>
<bind>
<opcode="getelementptr(29) " fcode="getelementptr"/>
<opset="O_tile_3_addr_2/1 "/>
</bind>
</comp>

<comp id="477" class="1004" name="O_tile_3_addr_3_gep_fu_477">
<pin_list>
<pin id="478" dir="0" index="0" bw="32" slack="0"/>
<pin id="479" dir="0" index="1" bw="1" slack="0"/>
<pin id="480" dir="0" index="2" bw="6" slack="0"/>
<pin id="481" dir="1" index="3" bw="6" slack="1"/>
</pin_list>
<bind>
<opcode="getelementptr(29) " fcode="getelementptr"/>
<opset="O_tile_3_addr_3/1 "/>
</bind>
</comp>

<comp id="484" class="1004" name="O_tile_3_addr_4_gep_fu_484">
<pin_list>
<pin id="485" dir="0" index="0" bw="32" slack="0"/>
<pin id="486" dir="0" index="1" bw="1" slack="0"/>
<pin id="487" dir="0" index="2" bw="6" slack="0"/>
<pin id="488" dir="1" index="3" bw="6" slack="2"/>
</pin_list>
<bind>
<opcode="getelementptr(29) " fcode="getelementptr"/>
<opset="O_tile_3_addr_4/1 "/>
</bind>
</comp>

<comp id="491" class="1004" name="O_tile_3_addr_5_gep_fu_491">
<pin_list>
<pin id="492" dir="0" index="0" bw="32" slack="0"/>
<pin id="493" dir="0" index="1" bw="1" slack="0"/>
<pin id="494" dir="0" index="2" bw="6" slack="0"/>
<pin id="495" dir="1" index="3" bw="6" slack="2"/>
</pin_list>
<bind>
<opcode="getelementptr(29) " fcode="getelementptr"/>
<opset="O_tile_3_addr_5/1 "/>
</bind>
</comp>

<comp id="498" class="1004" name="O_tile_3_addr_6_gep_fu_498">
<pin_list>
<pin id="499" dir="0" index="0" bw="32" slack="0"/>
<pin id="500" dir="0" index="1" bw="1" slack="0"/>
<pin id="501" dir="0" index="2" bw="6" slack="0"/>
<pin id="502" dir="1" index="3" bw="6" slack="3"/>
</pin_list>
<bind>
<opcode="getelementptr(29) " fcode="getelementptr"/>
<opset="O_tile_3_addr_6/1 "/>
</bind>
</comp>

<comp id="505" class="1004" name="O_tile_3_addr_7_gep_fu_505">
<pin_list>
<pin id="506" dir="0" index="0" bw="32" slack="0"/>
<pin id="507" dir="0" index="1" bw="1" slack="0"/>
<pin id="508" dir="0" index="2" bw="6" slack="0"/>
<pin id="509" dir="1" index="3" bw="6" slack="3"/>
</pin_list>
<bind>
<opcode="getelementptr(29) " fcode="getelementptr"/>
<opset="O_tile_3_addr_7/1 "/>
</bind>
</comp>

<comp id="512" class="1004" name="O_tile_4_addr_gep_fu_512">
<pin_list>
<pin id="513" dir="0" index="0" bw="32" slack="0"/>
<pin id="514" dir="0" index="1" bw="1" slack="0"/>
<pin id="515" dir="0" index="2" bw="6" slack="0"/>
<pin id="516" dir="1" index="3" bw="6" slack="0"/>
</pin_list>
<bind>
<opcode="getelementptr(29) " fcode="getelementptr"/>
<opset="O_tile_4_addr/1 "/>
</bind>
</comp>

<comp id="519" class="1004" name="O_tile_4_addr_1_gep_fu_519">
<pin_list>
<pin id="520" dir="0" index="0" bw="32" slack="0"/>
<pin id="521" dir="0" index="1" bw="1" slack="0"/>
<pin id="522" dir="0" index="2" bw="6" slack="0"/>
<pin id="523" dir="1" index="3" bw="6" slack="0"/>
</pin_list>
<bind>
<opcode="getelementptr(29) " fcode="getelementptr"/>
<opset="O_tile_4_addr_1/1 "/>
</bind>
</comp>

<comp id="526" class="1004" name="O_tile_4_addr_2_gep_fu_526">
<pin_list>
<pin id="527" dir="0" index="0" bw="32" slack="0"/>
<pin id="528" dir="0" index="1" bw="1" slack="0"/>
<pin id="529" dir="0" index="2" bw="6" slack="0"/>
<pin id="530" dir="1" index="3" bw="6" slack="1"/>
</pin_list>
<bind>
<opcode="getelementptr(29) " fcode="getelementptr"/>
<opset="O_tile_4_addr_2/1 "/>
</bind>
</comp>

<comp id="533" class="1004" name="O_tile_4_addr_3_gep_fu_533">
<pin_list>
<pin id="534" dir="0" index="0" bw="32" slack="0"/>
<pin id="535" dir="0" index="1" bw="1" slack="0"/>
<pin id="536" dir="0" index="2" bw="6" slack="0"/>
<pin id="537" dir="1" index="3" bw="6" slack="1"/>
</pin_list>
<bind>
<opcode="getelementptr(29) " fcode="getelementptr"/>
<opset="O_tile_4_addr_3/1 "/>
</bind>
</comp>

<comp id="540" class="1004" name="O_tile_4_addr_4_gep_fu_540">
<pin_list>
<pin id="541" dir="0" index="0" bw="32" slack="0"/>
<pin id="542" dir="0" index="1" bw="1" slack="0"/>
<pin id="543" dir="0" index="2" bw="6" slack="0"/>
<pin id="544" dir="1" index="3" bw="6" slack="2"/>
</pin_list>
<bind>
<opcode="getelementptr(29) " fcode="getelementptr"/>
<opset="O_tile_4_addr_4/1 "/>
</bind>
</comp>

<comp id="547" class="1004" name="O_tile_4_addr_5_gep_fu_547">
<pin_list>
<pin id="548" dir="0" index="0" bw="32" slack="0"/>
<pin id="549" dir="0" index="1" bw="1" slack="0"/>
<pin id="550" dir="0" index="2" bw="6" slack="0"/>
<pin id="551" dir="1" index="3" bw="6" slack="2"/>
</pin_list>
<bind>
<opcode="getelementptr(29) " fcode="getelementptr"/>
<opset="O_tile_4_addr_5/1 "/>
</bind>
</comp>

<comp id="554" class="1004" name="O_tile_4_addr_6_gep_fu_554">
<pin_list>
<pin id="555" dir="0" index="0" bw="32" slack="0"/>
<pin id="556" dir="0" index="1" bw="1" slack="0"/>
<pin id="557" dir="0" index="2" bw="6" slack="0"/>
<pin id="558" dir="1" index="3" bw="6" slack="3"/>
</pin_list>
<bind>
<opcode="getelementptr(29) " fcode="getelementptr"/>
<opset="O_tile_4_addr_6/1 "/>
</bind>
</comp>

<comp id="561" class="1004" name="O_tile_4_addr_7_gep_fu_561">
<pin_list>
<pin id="562" dir="0" index="0" bw="32" slack="0"/>
<pin id="563" dir="0" index="1" bw="1" slack="0"/>
<pin id="564" dir="0" index="2" bw="6" slack="0"/>
<pin id="565" dir="1" index="3" bw="6" slack="3"/>
</pin_list>
<bind>
<opcode="getelementptr(29) " fcode="getelementptr"/>
<opset="O_tile_4_addr_7/1 "/>
</bind>
</comp>

<comp id="568" class="1004" name="O_tile_5_addr_gep_fu_568">
<pin_list>
<pin id="569" dir="0" index="0" bw="32" slack="0"/>
<pin id="570" dir="0" index="1" bw="1" slack="0"/>
<pin id="571" dir="0" index="2" bw="6" slack="0"/>
<pin id="572" dir="1" index="3" bw="6" slack="0"/>
</pin_list>
<bind>
<opcode="getelementptr(29) " fcode="getelementptr"/>
<opset="O_tile_5_addr/1 "/>
</bind>
</comp>

<comp id="575" class="1004" name="O_tile_5_addr_1_gep_fu_575">
<pin_list>
<pin id="576" dir="0" index="0" bw="32" slack="0"/>
<pin id="577" dir="0" index="1" bw="1" slack="0"/>
<pin id="578" dir="0" index="2" bw="6" slack="0"/>
<pin id="579" dir="1" index="3" bw="6" slack="0"/>
</pin_list>
<bind>
<opcode="getelementptr(29) " fcode="getelementptr"/>
<opset="O_tile_5_addr_1/1 "/>
</bind>
</comp>

<comp id="582" class="1004" name="O_tile_5_addr_2_gep_fu_582">
<pin_list>
<pin id="583" dir="0" index="0" bw="32" slack="0"/>
<pin id="584" dir="0" index="1" bw="1" slack="0"/>
<pin id="585" dir="0" index="2" bw="6" slack="0"/>
<pin id="586" dir="1" index="3" bw="6" slack="1"/>
</pin_list>
<bind>
<opcode="getelementptr(29) " fcode="getelementptr"/>
<opset="O_tile_5_addr_2/1 "/>
</bind>
</comp>

<comp id="589" class="1004" name="O_tile_5_addr_3_gep_fu_589">
<pin_list>
<pin id="590" dir="0" index="0" bw="32" slack="0"/>
<pin id="591" dir="0" index="1" bw="1" slack="0"/>
<pin id="592" dir="0" index="2" bw="6" slack="0"/>
<pin id="593" dir="1" index="3" bw="6" slack="1"/>
</pin_list>
<bind>
<opcode="getelementptr(29) " fcode="getelementptr"/>
<opset="O_tile_5_addr_3/1 "/>
</bind>
</comp>

<comp id="596" class="1004" name="O_tile_5_addr_4_gep_fu_596">
<pin_list>
<pin id="597" dir="0" index="0" bw="32" slack="0"/>
<pin id="598" dir="0" index="1" bw="1" slack="0"/>
<pin id="599" dir="0" index="2" bw="6" slack="0"/>
<pin id="600" dir="1" index="3" bw="6" slack="2"/>
</pin_list>
<bind>
<opcode="getelementptr(29) " fcode="getelementptr"/>
<opset="O_tile_5_addr_4/1 "/>
</bind>
</comp>

<comp id="603" class="1004" name="O_tile_5_addr_5_gep_fu_603">
<pin_list>
<pin id="604" dir="0" index="0" bw="32" slack="0"/>
<pin id="605" dir="0" index="1" bw="1" slack="0"/>
<pin id="606" dir="0" index="2" bw="6" slack="0"/>
<pin id="607" dir="1" index="3" bw="6" slack="2"/>
</pin_list>
<bind>
<opcode="getelementptr(29) " fcode="getelementptr"/>
<opset="O_tile_5_addr_5/1 "/>
</bind>
</comp>

<comp id="610" class="1004" name="O_tile_5_addr_6_gep_fu_610">
<pin_list>
<pin id="611" dir="0" index="0" bw="32" slack="0"/>
<pin id="612" dir="0" index="1" bw="1" slack="0"/>
<pin id="613" dir="0" index="2" bw="6" slack="0"/>
<pin id="614" dir="1" index="3" bw="6" slack="3"/>
</pin_list>
<bind>
<opcode="getelementptr(29) " fcode="getelementptr"/>
<opset="O_tile_5_addr_6/1 "/>
</bind>
</comp>

<comp id="617" class="1004" name="O_tile_5_addr_7_gep_fu_617">
<pin_list>
<pin id="618" dir="0" index="0" bw="32" slack="0"/>
<pin id="619" dir="0" index="1" bw="1" slack="0"/>
<pin id="620" dir="0" index="2" bw="6" slack="0"/>
<pin id="621" dir="1" index="3" bw="6" slack="3"/>
</pin_list>
<bind>
<opcode="getelementptr(29) " fcode="getelementptr"/>
<opset="O_tile_5_addr_7/1 "/>
</bind>
</comp>

<comp id="624" class="1004" name="O_tile_6_addr_gep_fu_624">
<pin_list>
<pin id="625" dir="0" index="0" bw="32" slack="0"/>
<pin id="626" dir="0" index="1" bw="1" slack="0"/>
<pin id="627" dir="0" index="2" bw="6" slack="0"/>
<pin id="628" dir="1" index="3" bw="6" slack="0"/>
</pin_list>
<bind>
<opcode="getelementptr(29) " fcode="getelementptr"/>
<opset="O_tile_6_addr/1 "/>
</bind>
</comp>

<comp id="631" class="1004" name="O_tile_6_addr_1_gep_fu_631">
<pin_list>
<pin id="632" dir="0" index="0" bw="32" slack="0"/>
<pin id="633" dir="0" index="1" bw="1" slack="0"/>
<pin id="634" dir="0" index="2" bw="6" slack="0"/>
<pin id="635" dir="1" index="3" bw="6" slack="0"/>
</pin_list>
<bind>
<opcode="getelementptr(29) " fcode="getelementptr"/>
<opset="O_tile_6_addr_1/1 "/>
</bind>
</comp>

<comp id="638" class="1004" name="O_tile_6_addr_2_gep_fu_638">
<pin_list>
<pin id="639" dir="0" index="0" bw="32" slack="0"/>
<pin id="640" dir="0" index="1" bw="1" slack="0"/>
<pin id="641" dir="0" index="2" bw="6" slack="0"/>
<pin id="642" dir="1" index="3" bw="6" slack="1"/>
</pin_list>
<bind>
<opcode="getelementptr(29) " fcode="getelementptr"/>
<opset="O_tile_6_addr_2/1 "/>
</bind>
</comp>

<comp id="645" class="1004" name="O_tile_6_addr_3_gep_fu_645">
<pin_list>
<pin id="646" dir="0" index="0" bw="32" slack="0"/>
<pin id="647" dir="0" index="1" bw="1" slack="0"/>
<pin id="648" dir="0" index="2" bw="6" slack="0"/>
<pin id="649" dir="1" index="3" bw="6" slack="1"/>
</pin_list>
<bind>
<opcode="getelementptr(29) " fcode="getelementptr"/>
<opset="O_tile_6_addr_3/1 "/>
</bind>
</comp>

<comp id="652" class="1004" name="O_tile_6_addr_4_gep_fu_652">
<pin_list>
<pin id="653" dir="0" index="0" bw="32" slack="0"/>
<pin id="654" dir="0" index="1" bw="1" slack="0"/>
<pin id="655" dir="0" index="2" bw="6" slack="0"/>
<pin id="656" dir="1" index="3" bw="6" slack="2"/>
</pin_list>
<bind>
<opcode="getelementptr(29) " fcode="getelementptr"/>
<opset="O_tile_6_addr_4/1 "/>
</bind>
</comp>

<comp id="659" class="1004" name="O_tile_6_addr_5_gep_fu_659">
<pin_list>
<pin id="660" dir="0" index="0" bw="32" slack="0"/>
<pin id="661" dir="0" index="1" bw="1" slack="0"/>
<pin id="662" dir="0" index="2" bw="6" slack="0"/>
<pin id="663" dir="1" index="3" bw="6" slack="2"/>
</pin_list>
<bind>
<opcode="getelementptr(29) " fcode="getelementptr"/>
<opset="O_tile_6_addr_5/1 "/>
</bind>
</comp>

<comp id="666" class="1004" name="O_tile_6_addr_6_gep_fu_666">
<pin_list>
<pin id="667" dir="0" index="0" bw="32" slack="0"/>
<pin id="668" dir="0" index="1" bw="1" slack="0"/>
<pin id="669" dir="0" index="2" bw="6" slack="0"/>
<pin id="670" dir="1" index="3" bw="6" slack="3"/>
</pin_list>
<bind>
<opcode="getelementptr(29) " fcode="getelementptr"/>
<opset="O_tile_6_addr_6/1 "/>
</bind>
</comp>

<comp id="673" class="1004" name="O_tile_6_addr_7_gep_fu_673">
<pin_list>
<pin id="674" dir="0" index="0" bw="32" slack="0"/>
<pin id="675" dir="0" index="1" bw="1" slack="0"/>
<pin id="676" dir="0" index="2" bw="6" slack="0"/>
<pin id="677" dir="1" index="3" bw="6" slack="3"/>
</pin_list>
<bind>
<opcode="getelementptr(29) " fcode="getelementptr"/>
<opset="O_tile_6_addr_7/1 "/>
</bind>
</comp>

<comp id="680" class="1004" name="O_tile_7_addr_gep_fu_680">
<pin_list>
<pin id="681" dir="0" index="0" bw="32" slack="0"/>
<pin id="682" dir="0" index="1" bw="1" slack="0"/>
<pin id="683" dir="0" index="2" bw="6" slack="0"/>
<pin id="684" dir="1" index="3" bw="6" slack="0"/>
</pin_list>
<bind>
<opcode="getelementptr(29) " fcode="getelementptr"/>
<opset="O_tile_7_addr/1 "/>
</bind>
</comp>

<comp id="687" class="1004" name="O_tile_7_addr_1_gep_fu_687">
<pin_list>
<pin id="688" dir="0" index="0" bw="32" slack="0"/>
<pin id="689" dir="0" index="1" bw="1" slack="0"/>
<pin id="690" dir="0" index="2" bw="6" slack="0"/>
<pin id="691" dir="1" index="3" bw="6" slack="0"/>
</pin_list>
<bind>
<opcode="getelementptr(29) " fcode="getelementptr"/>
<opset="O_tile_7_addr_1/1 "/>
</bind>
</comp>

<comp id="694" class="1004" name="O_tile_7_addr_2_gep_fu_694">
<pin_list>
<pin id="695" dir="0" index="0" bw="32" slack="0"/>
<pin id="696" dir="0" index="1" bw="1" slack="0"/>
<pin id="697" dir="0" index="2" bw="6" slack="0"/>
<pin id="698" dir="1" index="3" bw="6" slack="1"/>
</pin_list>
<bind>
<opcode="getelementptr(29) " fcode="getelementptr"/>
<opset="O_tile_7_addr_2/1 "/>
</bind>
</comp>

<comp id="701" class="1004" name="O_tile_7_addr_3_gep_fu_701">
<pin_list>
<pin id="702" dir="0" index="0" bw="32" slack="0"/>
<pin id="703" dir="0" index="1" bw="1" slack="0"/>
<pin id="704" dir="0" index="2" bw="6" slack="0"/>
<pin id="705" dir="1" index="3" bw="6" slack="1"/>
</pin_list>
<bind>
<opcode="getelementptr(29) " fcode="getelementptr"/>
<opset="O_tile_7_addr_3/1 "/>
</bind>
</comp>

<comp id="708" class="1004" name="O_tile_7_addr_4_gep_fu_708">
<pin_list>
<pin id="709" dir="0" index="0" bw="32" slack="0"/>
<pin id="710" dir="0" index="1" bw="1" slack="0"/>
<pin id="711" dir="0" index="2" bw="6" slack="0"/>
<pin id="712" dir="1" index="3" bw="6" slack="2"/>
</pin_list>
<bind>
<opcode="getelementptr(29) " fcode="getelementptr"/>
<opset="O_tile_7_addr_4/1 "/>
</bind>
</comp>

<comp id="715" class="1004" name="O_tile_7_addr_5_gep_fu_715">
<pin_list>
<pin id="716" dir="0" index="0" bw="32" slack="0"/>
<pin id="717" dir="0" index="1" bw="1" slack="0"/>
<pin id="718" dir="0" index="2" bw="6" slack="0"/>
<pin id="719" dir="1" index="3" bw="6" slack="2"/>
</pin_list>
<bind>
<opcode="getelementptr(29) " fcode="getelementptr"/>
<opset="O_tile_7_addr_5/1 "/>
</bind>
</comp>

<comp id="722" class="1004" name="O_tile_7_addr_6_gep_fu_722">
<pin_list>
<pin id="723" dir="0" index="0" bw="32" slack="0"/>
<pin id="724" dir="0" index="1" bw="1" slack="0"/>
<pin id="725" dir="0" index="2" bw="6" slack="0"/>
<pin id="726" dir="1" index="3" bw="6" slack="3"/>
</pin_list>
<bind>
<opcode="getelementptr(29) " fcode="getelementptr"/>
<opset="O_tile_7_addr_6/1 "/>
</bind>
</comp>

<comp id="729" class="1004" name="O_tile_7_addr_7_gep_fu_729">
<pin_list>
<pin id="730" dir="0" index="0" bw="32" slack="0"/>
<pin id="731" dir="0" index="1" bw="1" slack="0"/>
<pin id="732" dir="0" index="2" bw="6" slack="0"/>
<pin id="733" dir="1" index="3" bw="6" slack="3"/>
</pin_list>
<bind>
<opcode="getelementptr(29) " fcode="getelementptr"/>
<opset="O_tile_7_addr_7/1 "/>
</bind>
</comp>

<comp id="736" class="1004" name="grp_access_fu_736">
<pin_list>
<pin id="737" dir="0" index="0" bw="6" slack="0"/>
<pin id="738" dir="0" index="1" bw="32" slack="0"/>
<pin id="739" dir="0" index="2" bw="0" slack="0"/>
<pin id="741" dir="0" index="4" bw="6" slack="0"/>
<pin id="742" dir="0" index="5" bw="32" slack="2147483647"/>
<pin id="743" dir="0" index="6" bw="0" slack="2147483647"/>
<pin id="740" dir="1" index="3" bw="32" slack="2147483647"/>
<pin id="744" dir="1" index="7" bw="32" slack="2147483647"/>
</pin_list>
<bind>
<opcode="store(28) " fcode="store"/>
<opset="store_ln114/1 store_ln114/1 store_ln114/2 store_ln114/2 store_ln114/3 store_ln114/3 store_ln114/4 store_ln114/4 "/>
</bind>
</comp>

<comp id="747" class="1004" name="grp_access_fu_747">
<pin_list>
<pin id="748" dir="0" index="0" bw="6" slack="0"/>
<pin id="749" dir="0" index="1" bw="32" slack="0"/>
<pin id="750" dir="0" index="2" bw="0" slack="0"/>
<pin id="752" dir="0" index="4" bw="6" slack="0"/>
<pin id="753" dir="0" index="5" bw="32" slack="2147483647"/>
<pin id="754" dir="0" index="6" bw="0" slack="2147483647"/>
<pin id="751" dir="1" index="3" bw="32" slack="2147483647"/>
<pin id="755" dir="1" index="7" bw="32" slack="2147483647"/>
</pin_list>
<bind>
<opcode="store(28) " fcode="store"/>
<opset="store_ln114/1 store_ln114/1 store_ln114/2 store_ln114/2 store_ln114/3 store_ln114/3 store_ln114/4 store_ln114/4 "/>
</bind>
</comp>

<comp id="758" class="1004" name="grp_access_fu_758">
<pin_list>
<pin id="759" dir="0" index="0" bw="6" slack="0"/>
<pin id="760" dir="0" index="1" bw="32" slack="0"/>
<pin id="761" dir="0" index="2" bw="0" slack="0"/>
<pin id="763" dir="0" index="4" bw="6" slack="0"/>
<pin id="764" dir="0" index="5" bw="32" slack="2147483647"/>
<pin id="765" dir="0" index="6" bw="0" slack="2147483647"/>
<pin id="762" dir="1" index="3" bw="32" slack="2147483647"/>
<pin id="766" dir="1" index="7" bw="32" slack="2147483647"/>
</pin_list>
<bind>
<opcode="store(28) " fcode="store"/>
<opset="store_ln114/1 store_ln114/1 store_ln114/2 store_ln114/2 store_ln114/3 store_ln114/3 store_ln114/4 store_ln114/4 "/>
</bind>
</comp>

<comp id="769" class="1004" name="grp_access_fu_769">
<pin_list>
<pin id="770" dir="0" index="0" bw="6" slack="0"/>
<pin id="771" dir="0" index="1" bw="32" slack="0"/>
<pin id="772" dir="0" index="2" bw="0" slack="0"/>
<pin id="774" dir="0" index="4" bw="6" slack="0"/>
<pin id="775" dir="0" index="5" bw="32" slack="2147483647"/>
<pin id="776" dir="0" index="6" bw="0" slack="2147483647"/>
<pin id="773" dir="1" index="3" bw="32" slack="2147483647"/>
<pin id="777" dir="1" index="7" bw="32" slack="2147483647"/>
</pin_list>
<bind>
<opcode="store(28) " fcode="store"/>
<opset="store_ln114/1 store_ln114/1 store_ln114/2 store_ln114/2 store_ln114/3 store_ln114/3 store_ln114/4 store_ln114/4 "/>
</bind>
</comp>

<comp id="780" class="1004" name="grp_access_fu_780">
<pin_list>
<pin id="781" dir="0" index="0" bw="6" slack="0"/>
<pin id="782" dir="0" index="1" bw="32" slack="0"/>
<pin id="783" dir="0" index="2" bw="0" slack="0"/>
<pin id="785" dir="0" index="4" bw="6" slack="0"/>
<pin id="786" dir="0" index="5" bw="32" slack="2147483647"/>
<pin id="787" dir="0" index="6" bw="0" slack="2147483647"/>
<pin id="784" dir="1" index="3" bw="32" slack="2147483647"/>
<pin id="788" dir="1" index="7" bw="32" slack="2147483647"/>
</pin_list>
<bind>
<opcode="store(28) " fcode="store"/>
<opset="store_ln114/1 store_ln114/1 store_ln114/2 store_ln114/2 store_ln114/3 store_ln114/3 store_ln114/4 store_ln114/4 "/>
</bind>
</comp>

<comp id="791" class="1004" name="grp_access_fu_791">
<pin_list>
<pin id="792" dir="0" index="0" bw="6" slack="0"/>
<pin id="793" dir="0" index="1" bw="32" slack="0"/>
<pin id="794" dir="0" index="2" bw="0" slack="0"/>
<pin id="796" dir="0" index="4" bw="6" slack="0"/>
<pin id="797" dir="0" index="5" bw="32" slack="2147483647"/>
<pin id="798" dir="0" index="6" bw="0" slack="2147483647"/>
<pin id="795" dir="1" index="3" bw="32" slack="2147483647"/>
<pin id="799" dir="1" index="7" bw="32" slack="2147483647"/>
</pin_list>
<bind>
<opcode="store(28) " fcode="store"/>
<opset="store_ln114/1 store_ln114/1 store_ln114/2 store_ln114/2 store_ln114/3 store_ln114/3 store_ln114/4 store_ln114/4 "/>
</bind>
</comp>

<comp id="802" class="1004" name="grp_access_fu_802">
<pin_list>
<pin id="803" dir="0" index="0" bw="6" slack="0"/>
<pin id="804" dir="0" index="1" bw="32" slack="0"/>
<pin id="805" dir="0" index="2" bw="0" slack="0"/>
<pin id="807" dir="0" index="4" bw="6" slack="0"/>
<pin id="808" dir="0" index="5" bw="32" slack="2147483647"/>
<pin id="809" dir="0" index="6" bw="0" slack="2147483647"/>
<pin id="806" dir="1" index="3" bw="32" slack="2147483647"/>
<pin id="810" dir="1" index="7" bw="32" slack="2147483647"/>
</pin_list>
<bind>
<opcode="store(28) " fcode="store"/>
<opset="store_ln114/1 store_ln114/1 store_ln114/2 store_ln114/2 store_ln114/3 store_ln114/3 store_ln114/4 store_ln114/4 "/>
</bind>
</comp>

<comp id="813" class="1004" name="grp_access_fu_813">
<pin_list>
<pin id="814" dir="0" index="0" bw="6" slack="0"/>
<pin id="815" dir="0" index="1" bw="32" slack="0"/>
<pin id="816" dir="0" index="2" bw="0" slack="0"/>
<pin id="818" dir="0" index="4" bw="6" slack="0"/>
<pin id="819" dir="0" index="5" bw="32" slack="2147483647"/>
<pin id="820" dir="0" index="6" bw="0" slack="2147483647"/>
<pin id="817" dir="1" index="3" bw="32" slack="2147483647"/>
<pin id="821" dir="1" index="7" bw="32" slack="2147483647"/>
</pin_list>
<bind>
<opcode="store(28) " fcode="store"/>
<opset="store_ln114/1 store_ln114/1 store_ln114/2 store_ln114/2 store_ln114/3 store_ln114/3 store_ln114/4 store_ln114/4 "/>
</bind>
</comp>

<comp id="840" class="1004" name="store_ln0_store_fu_840">
<pin_list>
<pin id="841" dir="0" index="0" bw="1" slack="0"/>
<pin id="842" dir="0" index="1" bw="4" slack="0"/>
<pin id="843" dir="1" index="2" bw="0" slack="2147483647"/>
</pin_list>
<bind>
<opcode="store(28) " fcode="store"/>
<opset="store_ln0/1 "/>
</bind>
</comp>

<comp id="845" class="1004" name="i_load_fu_845">
<pin_list>
<pin id="846" dir="0" index="0" bw="4" slack="0"/>
<pin id="847" dir="1" index="1" bw="4" slack="0"/>
</pin_list>
<bind>
<opcode="load(27) " fcode="load"/>
<opset="i/1 "/>
</bind>
</comp>

<comp id="848" class="1004" name="trunc_ln108_fu_848">
<pin_list>
<pin id="849" dir="0" index="0" bw="4" slack="0"/>
<pin id="850" dir="1" index="1" bw="3" slack="0"/>
</pin_list>
<bind>
<opcode="trunc(33) " fcode="trunc"/>
<opset="trunc_ln108/1 "/>
</bind>
</comp>

<comp id="852" class="1004" name="icmp_ln108_fu_852">
<pin_list>
<pin id="853" dir="0" index="0" bw="4" slack="0"/>
<pin id="854" dir="0" index="1" bw="4" slack="0"/>
<pin id="855" dir="1" index="2" bw="1" slack="2147483647"/>
</pin_list>
<bind>
<opcode="icmp(45) " fcode="icmp"/>
<opset="icmp_ln108/1 "/>
</bind>
</comp>

<comp id="858" class="1004" name="add_ln108_fu_858">
<pin_list>
<pin id="859" dir="0" index="0" bw="4" slack="0"/>
<pin id="860" dir="0" index="1" bw="1" slack="0"/>
<pin id="861" dir="1" index="2" bw="4" slack="0"/>
</pin_list>
<bind>
<opcode="add(8) " fcode="add"/>
<opset="add_ln108/1 "/>
</bind>
</comp>

<comp id="864" class="1004" name="tmp_s_fu_864">
<pin_list>
<pin id="865" dir="0" index="0" bw="6" slack="0"/>
<pin id="866" dir="0" index="1" bw="3" slack="0"/>
<pin id="867" dir="0" index="2" bw="1" slack="0"/>
<pin id="868" dir="1" index="3" bw="6" slack="0"/>
</pin_list>
<bind>
<opcode="bitconcatenate(1004) " fcode="bitconcatenate"/>
<opset="tmp_s/1 "/>
</bind>
</comp>

<comp id="872" class="1004" name="zext_ln114_fu_872">
<pin_list>
<pin id="873" dir="0" index="0" bw="6" slack="0"/>
<pin id="874" dir="1" index="1" bw="64" slack="0"/>
</pin_list>
<bind>
<opcode="zext(34) " fcode="zext"/>
<opset="zext_ln114/1 "/>
</bind>
</comp>

<comp id="884" class="1004" name="or_ln114_fu_884">
<pin_list>
<pin id="885" dir="0" index="0" bw="6" slack="0"/>
<pin id="886" dir="0" index="1" bw="6" slack="0"/>
<pin id="887" dir="1" index="2" bw="6" slack="0"/>
</pin_list>
<bind>
<opcode="or(24) " fcode="or"/>
<opset="or_ln114/1 "/>
</bind>
</comp>

<comp id="890" class="1004" name="zext_ln114_1_fu_890">
<pin_list>
<pin id="891" dir="0" index="0" bw="6" slack="0"/>
<pin id="892" dir="1" index="1" bw="64" slack="0"/>
</pin_list>
<bind>
<opcode="zext(34) " fcode="zext"/>
<opset="zext_ln114_1/1 "/>
</bind>
</comp>

<comp id="902" class="1004" name="or_ln114_1_fu_902">
<pin_list>
<pin id="903" dir="0" index="0" bw="6" slack="0"/>
<pin id="904" dir="0" index="1" bw="6" slack="0"/>
<pin id="905" dir="1" index="2" bw="6" slack="0"/>
</pin_list>
<bind>
<opcode="or(24) " fcode="or"/>
<opset="or_ln114_1/1 "/>
</bind>
</comp>

<comp id="908" class="1004" name="zext_ln114_2_fu_908">
<pin_list>
<pin id="909" dir="0" index="0" bw="6" slack="0"/>
<pin id="910" dir="1" index="1" bw="64" slack="0"/>
</pin_list>
<bind>
<opcode="zext(34) " fcode="zext"/>
<opset="zext_ln114_2/1 "/>
</bind>
</comp>

<comp id="920" class="1004" name="or_ln114_2_fu_920">
<pin_list>
<pin id="921" dir="0" index="0" bw="6" slack="0"/>
<pin id="922" dir="0" index="1" bw="6" slack="0"/>
<pin id="923" dir="1" index="2" bw="6" slack="0"/>
</pin_list>
<bind>
<opcode="or(24) " fcode="or"/>
<opset="or_ln114_2/1 "/>
</bind>
</comp>

<comp id="926" class="1004" name="zext_ln114_3_fu_926">
<pin_list>
<pin id="927" dir="0" index="0" bw="6" slack="0"/>
<pin id="928" dir="1" index="1" bw="64" slack="0"/>
</pin_list>
<bind>
<opcode="zext(34) " fcode="zext"/>
<opset="zext_ln114_3/1 "/>
</bind>
</comp>

<comp id="938" class="1004" name="or_ln114_3_fu_938">
<pin_list>
<pin id="939" dir="0" index="0" bw="6" slack="0"/>
<pin id="940" dir="0" index="1" bw="6" slack="0"/>
<pin id="941" dir="1" index="2" bw="6" slack="0"/>
</pin_list>
<bind>
<opcode="or(24) " fcode="or"/>
<opset="or_ln114_3/1 "/>
</bind>
</comp>

<comp id="944" class="1004" name="zext_ln114_4_fu_944">
<pin_list>
<pin id="945" dir="0" index="0" bw="6" slack="0"/>
<pin id="946" dir="1" index="1" bw="64" slack="0"/>
</pin_list>
<bind>
<opcode="zext(34) " fcode="zext"/>
<opset="zext_ln114_4/1 "/>
</bind>
</comp>

<comp id="956" class="1004" name="or_ln114_4_fu_956">
<pin_list>
<pin id="957" dir="0" index="0" bw="6" slack="0"/>
<pin id="958" dir="0" index="1" bw="6" slack="0"/>
<pin id="959" dir="1" index="2" bw="6" slack="0"/>
</pin_list>
<bind>
<opcode="or(24) " fcode="or"/>
<opset="or_ln114_4/1 "/>
</bind>
</comp>

<comp id="962" class="1004" name="zext_ln114_5_fu_962">
<pin_list>
<pin id="963" dir="0" index="0" bw="6" slack="0"/>
<pin id="964" dir="1" index="1" bw="64" slack="0"/>
</pin_list>
<bind>
<opcode="zext(34) " fcode="zext"/>
<opset="zext_ln114_5/1 "/>
</bind>
</comp>

<comp id="974" class="1004" name="or_ln114_5_fu_974">
<pin_list>
<pin id="975" dir="0" index="0" bw="6" slack="0"/>
<pin id="976" dir="0" index="1" bw="6" slack="0"/>
<pin id="977" dir="1" index="2" bw="6" slack="0"/>
</pin_list>
<bind>
<opcode="or(24) " fcode="or"/>
<opset="or_ln114_5/1 "/>
</bind>
</comp>

<comp id="980" class="1004" name="zext_ln114_6_fu_980">
<pin_list>
<pin id="981" dir="0" index="0" bw="6" slack="0"/>
<pin id="982" dir="1" index="1" bw="64" slack="0"/>
</pin_list>
<bind>
<opcode="zext(34) " fcode="zext"/>
<opset="zext_ln114_6/1 "/>
</bind>
</comp>

<comp id="992" class="1004" name="or_ln114_6_fu_992">
<pin_list>
<pin id="993" dir="0" index="0" bw="6" slack="0"/>
<pin id="994" dir="0" index="1" bw="6" slack="0"/>
<pin id="995" dir="1" index="2" bw="6" slack="0"/>
</pin_list>
<bind>
<opcode="or(24) " fcode="or"/>
<opset="or_ln114_6/1 "/>
</bind>
</comp>

<comp id="998" class="1004" name="zext_ln114_7_fu_998">
<pin_list>
<pin id="999" dir="0" index="0" bw="6" slack="0"/>
<pin id="1000" dir="1" index="1" bw="64" slack="0"/>
</pin_list>
<bind>
<opcode="zext(34) " fcode="zext"/>
<opset="zext_ln114_7/1 "/>
</bind>
</comp>

<comp id="1010" class="1004" name="store_ln111_store_fu_1010">
<pin_list>
<pin id="1011" dir="0" index="0" bw="32" slack="0"/>
<pin id="1012" dir="0" index="1" bw="32" slack="0"/>
<pin id="1013" dir="1" index="2" bw="0" slack="2147483647"/>
</pin_list>
<bind>
<opcode="store(28) " fcode="store"/>
<opset="store_ln111/1 "/>
</bind>
</comp>

<comp id="1015" class="1004" name="store_ln111_store_fu_1015">
<pin_list>
<pin id="1016" dir="0" index="0" bw="32" slack="0"/>
<pin id="1017" dir="0" index="1" bw="32" slack="0"/>
<pin id="1018" dir="1" index="2" bw="0" slack="2147483647"/>
</pin_list>
<bind>
<opcode="store(28) " fcode="store"/>
<opset="store_ln111/1 "/>
</bind>
</comp>

<comp id="1020" class="1004" name="store_ln111_store_fu_1020">
<pin_list>
<pin id="1021" dir="0" index="0" bw="32" slack="0"/>
<pin id="1022" dir="0" index="1" bw="32" slack="0"/>
<pin id="1023" dir="1" index="2" bw="0" slack="2147483647"/>
</pin_list>
<bind>
<opcode="store(28) " fcode="store"/>
<opset="store_ln111/1 "/>
</bind>
</comp>

<comp id="1025" class="1004" name="store_ln111_store_fu_1025">
<pin_list>
<pin id="1026" dir="0" index="0" bw="32" slack="0"/>
<pin id="1027" dir="0" index="1" bw="32" slack="0"/>
<pin id="1028" dir="1" index="2" bw="0" slack="2147483647"/>
</pin_list>
<bind>
<opcode="store(28) " fcode="store"/>
<opset="store_ln111/1 "/>
</bind>
</comp>

<comp id="1030" class="1004" name="store_ln111_store_fu_1030">
<pin_list>
<pin id="1031" dir="0" index="0" bw="32" slack="0"/>
<pin id="1032" dir="0" index="1" bw="32" slack="0"/>
<pin id="1033" dir="1" index="2" bw="0" slack="2147483647"/>
</pin_list>
<bind>
<opcode="store(28) " fcode="store"/>
<opset="store_ln111/1 "/>
</bind>
</comp>

<comp id="1035" class="1004" name="store_ln111_store_fu_1035">
<pin_list>
<pin id="1036" dir="0" index="0" bw="32" slack="0"/>
<pin id="1037" dir="0" index="1" bw="32" slack="0"/>
<pin id="1038" dir="1" index="2" bw="0" slack="2147483647"/>
</pin_list>
<bind>
<opcode="store(28) " fcode="store"/>
<opset="store_ln111/1 "/>
</bind>
</comp>

<comp id="1040" class="1004" name="store_ln111_store_fu_1040">
<pin_list>
<pin id="1041" dir="0" index="0" bw="32" slack="0"/>
<pin id="1042" dir="0" index="1" bw="32" slack="0"/>
<pin id="1043" dir="1" index="2" bw="0" slack="2147483647"/>
</pin_list>
<bind>
<opcode="store(28) " fcode="store"/>
<opset="store_ln111/1 "/>
</bind>
</comp>

<comp id="1045" class="1004" name="store_ln111_store_fu_1045">
<pin_list>
<pin id="1046" dir="0" index="0" bw="32" slack="0"/>
<pin id="1047" dir="0" index="1" bw="32" slack="0"/>
<pin id="1048" dir="1" index="2" bw="0" slack="2147483647"/>
</pin_list>
<bind>
<opcode="store(28) " fcode="store"/>
<opset="store_ln111/1 "/>
</bind>
</comp>

<comp id="1050" class="1004" name="store_ln111_store_fu_1050">
<pin_list>
<pin id="1051" dir="0" index="0" bw="32" slack="0"/>
<pin id="1052" dir="0" index="1" bw="32" slack="0"/>
<pin id="1053" dir="1" index="2" bw="0" slack="2147483647"/>
</pin_list>
<bind>
<opcode="store(28) " fcode="store"/>
<opset="store_ln111/1 "/>
</bind>
</comp>

<comp id="1055" class="1004" name="store_ln111_store_fu_1055">
<pin_list>
<pin id="1056" dir="0" index="0" bw="32" slack="0"/>
<pin id="1057" dir="0" index="1" bw="32" slack="0"/>
<pin id="1058" dir="1" index="2" bw="0" slack="2147483647"/>
</pin_list>
<bind>
<opcode="store(28) " fcode="store"/>
<opset="store_ln111/1 "/>
</bind>
</comp>

<comp id="1060" class="1004" name="store_ln110_store_fu_1060">
<pin_list>
<pin id="1061" dir="0" index="0" bw="32" slack="0"/>
<pin id="1062" dir="0" index="1" bw="32" slack="0"/>
<pin id="1063" dir="1" index="2" bw="0" slack="2147483647"/>
</pin_list>
<bind>
<opcode="store(28) " fcode="store"/>
<opset="store_ln110/1 "/>
</bind>
</comp>

<comp id="1065" class="1004" name="store_ln110_store_fu_1065">
<pin_list>
<pin id="1066" dir="0" index="0" bw="32" slack="0"/>
<pin id="1067" dir="0" index="1" bw="32" slack="0"/>
<pin id="1068" dir="1" index="2" bw="0" slack="2147483647"/>
</pin_list>
<bind>
<opcode="store(28) " fcode="store"/>
<opset="store_ln110/1 "/>
</bind>
</comp>

<comp id="1070" class="1004" name="store_ln110_store_fu_1070">
<pin_list>
<pin id="1071" dir="0" index="0" bw="32" slack="0"/>
<pin id="1072" dir="0" index="1" bw="32" slack="0"/>
<pin id="1073" dir="1" index="2" bw="0" slack="2147483647"/>
</pin_list>
<bind>
<opcode="store(28) " fcode="store"/>
<opset="store_ln110/1 "/>
</bind>
</comp>

<comp id="1075" class="1004" name="store_ln110_store_fu_1075">
<pin_list>
<pin id="1076" dir="0" index="0" bw="32" slack="0"/>
<pin id="1077" dir="0" index="1" bw="32" slack="0"/>
<pin id="1078" dir="1" index="2" bw="0" slack="2147483647"/>
</pin_list>
<bind>
<opcode="store(28) " fcode="store"/>
<opset="store_ln110/1 "/>
</bind>
</comp>

<comp id="1080" class="1004" name="store_ln111_store_fu_1080">
<pin_list>
<pin id="1081" dir="0" index="0" bw="32" slack="0"/>
<pin id="1082" dir="0" index="1" bw="32" slack="0"/>
<pin id="1083" dir="1" index="2" bw="0" slack="2147483647"/>
</pin_list>
<bind>
<opcode="store(28) " fcode="store"/>
<opset="store_ln111/1 "/>
</bind>
</comp>

<comp id="1085" class="1004" name="store_ln111_store_fu_1085">
<pin_list>
<pin id="1086" dir="0" index="0" bw="32" slack="0"/>
<pin id="1087" dir="0" index="1" bw="32" slack="0"/>
<pin id="1088" dir="1" index="2" bw="0" slack="2147483647"/>
</pin_list>
<bind>
<opcode="store(28) " fcode="store"/>
<opset="store_ln111/1 "/>
</bind>
</comp>

<comp id="1090" class="1004" name="store_ln108_store_fu_1090">
<pin_list>
<pin id="1091" dir="0" index="0" bw="4" slack="0"/>
<pin id="1092" dir="0" index="1" bw="4" slack="0"/>
<pin id="1093" dir="1" index="2" bw="0" slack="2147483647"/>
</pin_list>
<bind>
<opcode="store(28) " fcode="store"/>
<opset="store_ln108/1 "/>
</bind>
</comp>

<comp id="1095" class="1004" name="m_state_load_load_fu_1095">
<pin_list>
<pin id="1096" dir="0" index="0" bw="32" slack="0"/>
<pin id="1097" dir="1" index="1" bw="32" slack="0"/>
</pin_list>
<bind>
<opcode="load(27) " fcode="load"/>
<opset="m_state_load/1 "/>
</bind>
</comp>

<comp id="1099" class="1004" name="m_state_1_load_load_fu_1099">
<pin_list>
<pin id="1100" dir="0" index="0" bw="32" slack="0"/>
<pin id="1101" dir="1" index="1" bw="32" slack="0"/>
</pin_list>
<bind>
<opcode="load(27) " fcode="load"/>
<opset="m_state_1_load/1 "/>
</bind>
</comp>

<comp id="1103" class="1004" name="m_state_2_load_load_fu_1103">
<pin_list>
<pin id="1104" dir="0" index="0" bw="32" slack="0"/>
<pin id="1105" dir="1" index="1" bw="32" slack="0"/>
</pin_list>
<bind>
<opcode="load(27) " fcode="load"/>
<opset="m_state_2_load/1 "/>
</bind>
</comp>

<comp id="1107" class="1004" name="m_state_3_load_load_fu_1107">
<pin_list>
<pin id="1108" dir="0" index="0" bw="32" slack="0"/>
<pin id="1109" dir="1" index="1" bw="32" slack="0"/>
</pin_list>
<bind>
<opcode="load(27) " fcode="load"/>
<opset="m_state_3_load/1 "/>
</bind>
</comp>

<comp id="1111" class="1004" name="m_state_4_load_load_fu_1111">
<pin_list>
<pin id="1112" dir="0" index="0" bw="32" slack="0"/>
<pin id="1113" dir="1" index="1" bw="32" slack="0"/>
</pin_list>
<bind>
<opcode="load(27) " fcode="load"/>
<opset="m_state_4_load/1 "/>
</bind>
</comp>

<comp id="1115" class="1004" name="m_state_5_load_load_fu_1115">
<pin_list>
<pin id="1116" dir="0" index="0" bw="32" slack="0"/>
<pin id="1117" dir="1" index="1" bw="32" slack="0"/>
</pin_list>
<bind>
<opcode="load(27) " fcode="load"/>
<opset="m_state_5_load/1 "/>
</bind>
</comp>

<comp id="1119" class="1004" name="m_state_6_load_load_fu_1119">
<pin_list>
<pin id="1120" dir="0" index="0" bw="32" slack="0"/>
<pin id="1121" dir="1" index="1" bw="32" slack="0"/>
</pin_list>
<bind>
<opcode="load(27) " fcode="load"/>
<opset="m_state_6_load/1 "/>
</bind>
</comp>

<comp id="1123" class="1004" name="m_state_7_load_load_fu_1123">
<pin_list>
<pin id="1124" dir="0" index="0" bw="32" slack="0"/>
<pin id="1125" dir="1" index="1" bw="32" slack="0"/>
</pin_list>
<bind>
<opcode="load(27) " fcode="load"/>
<opset="m_state_7_load/1 "/>
</bind>
</comp>

<comp id="1127" class="1004" name="l_state_load_load_fu_1127">
<pin_list>
<pin id="1128" dir="0" index="0" bw="32" slack="0"/>
<pin id="1129" dir="1" index="1" bw="32" slack="0"/>
</pin_list>
<bind>
<opcode="load(27) " fcode="load"/>
<opset="l_state_load/1 "/>
</bind>
</comp>

<comp id="1131" class="1004" name="l_state_1_load_load_fu_1131">
<pin_list>
<pin id="1132" dir="0" index="0" bw="32" slack="0"/>
<pin id="1133" dir="1" index="1" bw="32" slack="0"/>
</pin_list>
<bind>
<opcode="load(27) " fcode="load"/>
<opset="l_state_1_load/1 "/>
</bind>
</comp>

<comp id="1135" class="1004" name="l_state_2_load_load_fu_1135">
<pin_list>
<pin id="1136" dir="0" index="0" bw="32" slack="0"/>
<pin id="1137" dir="1" index="1" bw="32" slack="0"/>
</pin_list>
<bind>
<opcode="load(27) " fcode="load"/>
<opset="l_state_2_load/1 "/>
</bind>
</comp>

<comp id="1139" class="1004" name="l_state_3_load_load_fu_1139">
<pin_list>
<pin id="1140" dir="0" index="0" bw="32" slack="0"/>
<pin id="1141" dir="1" index="1" bw="32" slack="0"/>
</pin_list>
<bind>
<opcode="load(27) " fcode="load"/>
<opset="l_state_3_load/1 "/>
</bind>
</comp>

<comp id="1143" class="1004" name="l_state_4_load_load_fu_1143">
<pin_list>
<pin id="1144" dir="0" index="0" bw="32" slack="0"/>
<pin id="1145" dir="1" index="1" bw="32" slack="0"/>
</pin_list>
<bind>
<opcode="load(27) " fcode="load"/>
<opset="l_state_4_load/1 "/>
</bind>
</comp>

<comp id="1147" class="1004" name="l_state_5_load_load_fu_1147">
<pin_list>
<pin id="1148" dir="0" index="0" bw="32" slack="0"/>
<pin id="1149" dir="1" index="1" bw="32" slack="0"/>
</pin_list>
<bind>
<opcode="load(27) " fcode="load"/>
<opset="l_state_5_load/1 "/>
</bind>
</comp>

<comp id="1151" class="1004" name="l_state_6_load_load_fu_1151">
<pin_list>
<pin id="1152" dir="0" index="0" bw="32" slack="0"/>
<pin id="1153" dir="1" index="1" bw="32" slack="0"/>
</pin_list>
<bind>
<opcode="load(27) " fcode="load"/>
<opset="l_state_6_load/1 "/>
</bind>
</comp>

<comp id="1155" class="1004" name="l_state_7_load_load_fu_1155">
<pin_list>
<pin id="1156" dir="0" index="0" bw="32" slack="0"/>
<pin id="1157" dir="1" index="1" bw="32" slack="0"/>
</pin_list>
<bind>
<opcode="load(27) " fcode="load"/>
<opset="l_state_7_load/1 "/>
</bind>
</comp>

<comp id="1159" class="1005" name="i_1_reg_1159">
<pin_list>
<pin id="1160" dir="0" index="0" bw="4" slack="0"/>
<pin id="1161" dir="1" index="1" bw="4" slack="0"/>
</pin_list>
<bind>
<opset="i_1 "/>
</bind>
</comp>

<comp id="1166" class="1005" name="m_state_reg_1166">
<pin_list>
<pin id="1167" dir="0" index="0" bw="32" slack="0"/>
<pin id="1168" dir="1" index="1" bw="32" slack="0"/>
</pin_list>
<bind>
<opset="m_state "/>
</bind>
</comp>

<comp id="1172" class="1005" name="m_state_1_reg_1172">
<pin_list>
<pin id="1173" dir="0" index="0" bw="32" slack="0"/>
<pin id="1174" dir="1" index="1" bw="32" slack="0"/>
</pin_list>
<bind>
<opset="m_state_1 "/>
</bind>
</comp>

<comp id="1178" class="1005" name="m_state_2_reg_1178">
<pin_list>
<pin id="1179" dir="0" index="0" bw="32" slack="0"/>
<pin id="1180" dir="1" index="1" bw="32" slack="0"/>
</pin_list>
<bind>
<opset="m_state_2 "/>
</bind>
</comp>

<comp id="1184" class="1005" name="m_state_3_reg_1184">
<pin_list>
<pin id="1185" dir="0" index="0" bw="32" slack="0"/>
<pin id="1186" dir="1" index="1" bw="32" slack="0"/>
</pin_list>
<bind>
<opset="m_state_3 "/>
</bind>
</comp>

<comp id="1190" class="1005" name="m_state_4_reg_1190">
<pin_list>
<pin id="1191" dir="0" index="0" bw="32" slack="0"/>
<pin id="1192" dir="1" index="1" bw="32" slack="0"/>
</pin_list>
<bind>
<opset="m_state_4 "/>
</bind>
</comp>

<comp id="1196" class="1005" name="m_state_5_reg_1196">
<pin_list>
<pin id="1197" dir="0" index="0" bw="32" slack="0"/>
<pin id="1198" dir="1" index="1" bw="32" slack="0"/>
</pin_list>
<bind>
<opset="m_state_5 "/>
</bind>
</comp>

<comp id="1202" class="1005" name="m_state_6_reg_1202">
<pin_list>
<pin id="1203" dir="0" index="0" bw="32" slack="0"/>
<pin id="1204" dir="1" index="1" bw="32" slack="0"/>
</pin_list>
<bind>
<opset="m_state_6 "/>
</bind>
</comp>

<comp id="1208" class="1005" name="m_state_7_reg_1208">
<pin_list>
<pin id="1209" dir="0" index="0" bw="32" slack="0"/>
<pin id="1210" dir="1" index="1" bw="32" slack="0"/>
</pin_list>
<bind>
<opset="m_state_7 "/>
</bind>
</comp>

<comp id="1214" class="1005" name="l_state_reg_1214">
<pin_list>
<pin id="1215" dir="0" index="0" bw="32" slack="0"/>
<pin id="1216" dir="1" index="1" bw="32" slack="0"/>
</pin_list>
<bind>
<opset="l_state "/>
</bind>
</comp>

<comp id="1220" class="1005" name="l_state_1_reg_1220">
<pin_list>
<pin id="1221" dir="0" index="0" bw="32" slack="0"/>
<pin id="1222" dir="1" index="1" bw="32" slack="0"/>
</pin_list>
<bind>
<opset="l_state_1 "/>
</bind>
</comp>

<comp id="1226" class="1005" name="l_state_2_reg_1226">
<pin_list>
<pin id="1227" dir="0" index="0" bw="32" slack="0"/>
<pin id="1228" dir="1" index="1" bw="32" slack="0"/>
</pin_list>
<bind>
<opset="l_state_2 "/>
</bind>
</comp>

<comp id="1232" class="1005" name="l_state_3_reg_1232">
<pin_list>
<pin id="1233" dir="0" index="0" bw="32" slack="0"/>
<pin id="1234" dir="1" index="1" bw="32" slack="0"/>
</pin_list>
<bind>
<opset="l_state_3 "/>
</bind>
</comp>

<comp id="1238" class="1005" name="l_state_4_reg_1238">
<pin_list>
<pin id="1239" dir="0" index="0" bw="32" slack="0"/>
<pin id="1240" dir="1" index="1" bw="32" slack="0"/>
</pin_list>
<bind>
<opset="l_state_4 "/>
</bind>
</comp>

<comp id="1244" class="1005" name="l_state_5_reg_1244">
<pin_list>
<pin id="1245" dir="0" index="0" bw="32" slack="0"/>
<pin id="1246" dir="1" index="1" bw="32" slack="0"/>
</pin_list>
<bind>
<opset="l_state_5 "/>
</bind>
</comp>

<comp id="1250" class="1005" name="l_state_6_reg_1250">
<pin_list>
<pin id="1251" dir="0" index="0" bw="32" slack="0"/>
<pin id="1252" dir="1" index="1" bw="32" slack="0"/>
</pin_list>
<bind>
<opset="l_state_6 "/>
</bind>
</comp>

<comp id="1256" class="1005" name="l_state_7_reg_1256">
<pin_list>
<pin id="1257" dir="0" index="0" bw="32" slack="0"/>
<pin id="1258" dir="1" index="1" bw="32" slack="0"/>
</pin_list>
<bind>
<opset="l_state_7 "/>
</bind>
</comp>

<comp id="1268" class="1005" name="O_tile_addr_2_reg_1268">
<pin_list>
<pin id="1269" dir="0" index="0" bw="6" slack="1"/>
<pin id="1270" dir="1" index="1" bw="6" slack="1"/>
</pin_list>
<bind>
<opset="O_tile_addr_2 "/>
</bind>
</comp>

<comp id="1273" class="1005" name="O_tile_addr_3_reg_1273">
<pin_list>
<pin id="1274" dir="0" index="0" bw="6" slack="1"/>
<pin id="1275" dir="1" index="1" bw="6" slack="1"/>
</pin_list>
<bind>
<opset="O_tile_addr_3 "/>
</bind>
</comp>

<comp id="1278" class="1005" name="O_tile_addr_4_reg_1278">
<pin_list>
<pin id="1279" dir="0" index="0" bw="6" slack="2"/>
<pin id="1280" dir="1" index="1" bw="6" slack="2"/>
</pin_list>
<bind>
<opset="O_tile_addr_4 "/>
</bind>
</comp>

<comp id="1283" class="1005" name="O_tile_addr_5_reg_1283">
<pin_list>
<pin id="1284" dir="0" index="0" bw="6" slack="2"/>
<pin id="1285" dir="1" index="1" bw="6" slack="2"/>
</pin_list>
<bind>
<opset="O_tile_addr_5 "/>
</bind>
</comp>

<comp id="1288" class="1005" name="O_tile_addr_6_reg_1288">
<pin_list>
<pin id="1289" dir="0" index="0" bw="6" slack="3"/>
<pin id="1290" dir="1" index="1" bw="6" slack="3"/>
</pin_list>
<bind>
<opset="O_tile_addr_6 "/>
</bind>
</comp>

<comp id="1293" class="1005" name="O_tile_addr_7_reg_1293">
<pin_list>
<pin id="1294" dir="0" index="0" bw="6" slack="3"/>
<pin id="1295" dir="1" index="1" bw="6" slack="3"/>
</pin_list>
<bind>
<opset="O_tile_addr_7 "/>
</bind>
</comp>

<comp id="1298" class="1005" name="O_tile_1_addr_2_reg_1298">
<pin_list>
<pin id="1299" dir="0" index="0" bw="6" slack="1"/>
<pin id="1300" dir="1" index="1" bw="6" slack="1"/>
</pin_list>
<bind>
<opset="O_tile_1_addr_2 "/>
</bind>
</comp>

<comp id="1303" class="1005" name="O_tile_1_addr_3_reg_1303">
<pin_list>
<pin id="1304" dir="0" index="0" bw="6" slack="1"/>
<pin id="1305" dir="1" index="1" bw="6" slack="1"/>
</pin_list>
<bind>
<opset="O_tile_1_addr_3 "/>
</bind>
</comp>

<comp id="1308" class="1005" name="O_tile_1_addr_4_reg_1308">
<pin_list>
<pin id="1309" dir="0" index="0" bw="6" slack="2"/>
<pin id="1310" dir="1" index="1" bw="6" slack="2"/>
</pin_list>
<bind>
<opset="O_tile_1_addr_4 "/>
</bind>
</comp>

<comp id="1313" class="1005" name="O_tile_1_addr_5_reg_1313">
<pin_list>
<pin id="1314" dir="0" index="0" bw="6" slack="2"/>
<pin id="1315" dir="1" index="1" bw="6" slack="2"/>
</pin_list>
<bind>
<opset="O_tile_1_addr_5 "/>
</bind>
</comp>

<comp id="1318" class="1005" name="O_tile_1_addr_6_reg_1318">
<pin_list>
<pin id="1319" dir="0" index="0" bw="6" slack="3"/>
<pin id="1320" dir="1" index="1" bw="6" slack="3"/>
</pin_list>
<bind>
<opset="O_tile_1_addr_6 "/>
</bind>
</comp>

<comp id="1323" class="1005" name="O_tile_1_addr_7_reg_1323">
<pin_list>
<pin id="1324" dir="0" index="0" bw="6" slack="3"/>
<pin id="1325" dir="1" index="1" bw="6" slack="3"/>
</pin_list>
<bind>
<opset="O_tile_1_addr_7 "/>
</bind>
</comp>

<comp id="1328" class="1005" name="O_tile_2_addr_2_reg_1328">
<pin_list>
<pin id="1329" dir="0" index="0" bw="6" slack="1"/>
<pin id="1330" dir="1" index="1" bw="6" slack="1"/>
</pin_list>
<bind>
<opset="O_tile_2_addr_2 "/>
</bind>
</comp>

<comp id="1333" class="1005" name="O_tile_2_addr_3_reg_1333">
<pin_list>
<pin id="1334" dir="0" index="0" bw="6" slack="1"/>
<pin id="1335" dir="1" index="1" bw="6" slack="1"/>
</pin_list>
<bind>
<opset="O_tile_2_addr_3 "/>
</bind>
</comp>

<comp id="1338" class="1005" name="O_tile_2_addr_4_reg_1338">
<pin_list>
<pin id="1339" dir="0" index="0" bw="6" slack="2"/>
<pin id="1340" dir="1" index="1" bw="6" slack="2"/>
</pin_list>
<bind>
<opset="O_tile_2_addr_4 "/>
</bind>
</comp>

<comp id="1343" class="1005" name="O_tile_2_addr_5_reg_1343">
<pin_list>
<pin id="1344" dir="0" index="0" bw="6" slack="2"/>
<pin id="1345" dir="1" index="1" bw="6" slack="2"/>
</pin_list>
<bind>
<opset="O_tile_2_addr_5 "/>
</bind>
</comp>

<comp id="1348" class="1005" name="O_tile_2_addr_6_reg_1348">
<pin_list>
<pin id="1349" dir="0" index="0" bw="6" slack="3"/>
<pin id="1350" dir="1" index="1" bw="6" slack="3"/>
</pin_list>
<bind>
<opset="O_tile_2_addr_6 "/>
</bind>
</comp>

<comp id="1353" class="1005" name="O_tile_2_addr_7_reg_1353">
<pin_list>
<pin id="1354" dir="0" index="0" bw="6" slack="3"/>
<pin id="1355" dir="1" index="1" bw="6" slack="3"/>
</pin_list>
<bind>
<opset="O_tile_2_addr_7 "/>
</bind>
</comp>

<comp id="1358" class="1005" name="O_tile_3_addr_2_reg_1358">
<pin_list>
<pin id="1359" dir="0" index="0" bw="6" slack="1"/>
<pin id="1360" dir="1" index="1" bw="6" slack="1"/>
</pin_list>
<bind>
<opset="O_tile_3_addr_2 "/>
</bind>
</comp>

<comp id="1363" class="1005" name="O_tile_3_addr_3_reg_1363">
<pin_list>
<pin id="1364" dir="0" index="0" bw="6" slack="1"/>
<pin id="1365" dir="1" index="1" bw="6" slack="1"/>
</pin_list>
<bind>
<opset="O_tile_3_addr_3 "/>
</bind>
</comp>

<comp id="1368" class="1005" name="O_tile_3_addr_4_reg_1368">
<pin_list>
<pin id="1369" dir="0" index="0" bw="6" slack="2"/>
<pin id="1370" dir="1" index="1" bw="6" slack="2"/>
</pin_list>
<bind>
<opset="O_tile_3_addr_4 "/>
</bind>
</comp>

<comp id="1373" class="1005" name="O_tile_3_addr_5_reg_1373">
<pin_list>
<pin id="1374" dir="0" index="0" bw="6" slack="2"/>
<pin id="1375" dir="1" index="1" bw="6" slack="2"/>
</pin_list>
<bind>
<opset="O_tile_3_addr_5 "/>
</bind>
</comp>

<comp id="1378" class="1005" name="O_tile_3_addr_6_reg_1378">
<pin_list>
<pin id="1379" dir="0" index="0" bw="6" slack="3"/>
<pin id="1380" dir="1" index="1" bw="6" slack="3"/>
</pin_list>
<bind>
<opset="O_tile_3_addr_6 "/>
</bind>
</comp>

<comp id="1383" class="1005" name="O_tile_3_addr_7_reg_1383">
<pin_list>
<pin id="1384" dir="0" index="0" bw="6" slack="3"/>
<pin id="1385" dir="1" index="1" bw="6" slack="3"/>
</pin_list>
<bind>
<opset="O_tile_3_addr_7 "/>
</bind>
</comp>

<comp id="1388" class="1005" name="O_tile_4_addr_2_reg_1388">
<pin_list>
<pin id="1389" dir="0" index="0" bw="6" slack="1"/>
<pin id="1390" dir="1" index="1" bw="6" slack="1"/>
</pin_list>
<bind>
<opset="O_tile_4_addr_2 "/>
</bind>
</comp>

<comp id="1393" class="1005" name="O_tile_4_addr_3_reg_1393">
<pin_list>
<pin id="1394" dir="0" index="0" bw="6" slack="1"/>
<pin id="1395" dir="1" index="1" bw="6" slack="1"/>
</pin_list>
<bind>
<opset="O_tile_4_addr_3 "/>
</bind>
</comp>

<comp id="1398" class="1005" name="O_tile_4_addr_4_reg_1398">
<pin_list>
<pin id="1399" dir="0" index="0" bw="6" slack="2"/>
<pin id="1400" dir="1" index="1" bw="6" slack="2"/>
</pin_list>
<bind>
<opset="O_tile_4_addr_4 "/>
</bind>
</comp>

<comp id="1403" class="1005" name="O_tile_4_addr_5_reg_1403">
<pin_list>
<pin id="1404" dir="0" index="0" bw="6" slack="2"/>
<pin id="1405" dir="1" index="1" bw="6" slack="2"/>
</pin_list>
<bind>
<opset="O_tile_4_addr_5 "/>
</bind>
</comp>

<comp id="1408" class="1005" name="O_tile_4_addr_6_reg_1408">
<pin_list>
<pin id="1409" dir="0" index="0" bw="6" slack="3"/>
<pin id="1410" dir="1" index="1" bw="6" slack="3"/>
</pin_list>
<bind>
<opset="O_tile_4_addr_6 "/>
</bind>
</comp>

<comp id="1413" class="1005" name="O_tile_4_addr_7_reg_1413">
<pin_list>
<pin id="1414" dir="0" index="0" bw="6" slack="3"/>
<pin id="1415" dir="1" index="1" bw="6" slack="3"/>
</pin_list>
<bind>
<opset="O_tile_4_addr_7 "/>
</bind>
</comp>

<comp id="1418" class="1005" name="O_tile_5_addr_2_reg_1418">
<pin_list>
<pin id="1419" dir="0" index="0" bw="6" slack="1"/>
<pin id="1420" dir="1" index="1" bw="6" slack="1"/>
</pin_list>
<bind>
<opset="O_tile_5_addr_2 "/>
</bind>
</comp>

<comp id="1423" class="1005" name="O_tile_5_addr_3_reg_1423">
<pin_list>
<pin id="1424" dir="0" index="0" bw="6" slack="1"/>
<pin id="1425" dir="1" index="1" bw="6" slack="1"/>
</pin_list>
<bind>
<opset="O_tile_5_addr_3 "/>
</bind>
</comp>

<comp id="1428" class="1005" name="O_tile_5_addr_4_reg_1428">
<pin_list>
<pin id="1429" dir="0" index="0" bw="6" slack="2"/>
<pin id="1430" dir="1" index="1" bw="6" slack="2"/>
</pin_list>
<bind>
<opset="O_tile_5_addr_4 "/>
</bind>
</comp>

<comp id="1433" class="1005" name="O_tile_5_addr_5_reg_1433">
<pin_list>
<pin id="1434" dir="0" index="0" bw="6" slack="2"/>
<pin id="1435" dir="1" index="1" bw="6" slack="2"/>
</pin_list>
<bind>
<opset="O_tile_5_addr_5 "/>
</bind>
</comp>

<comp id="1438" class="1005" name="O_tile_5_addr_6_reg_1438">
<pin_list>
<pin id="1439" dir="0" index="0" bw="6" slack="3"/>
<pin id="1440" dir="1" index="1" bw="6" slack="3"/>
</pin_list>
<bind>
<opset="O_tile_5_addr_6 "/>
</bind>
</comp>

<comp id="1443" class="1005" name="O_tile_5_addr_7_reg_1443">
<pin_list>
<pin id="1444" dir="0" index="0" bw="6" slack="3"/>
<pin id="1445" dir="1" index="1" bw="6" slack="3"/>
</pin_list>
<bind>
<opset="O_tile_5_addr_7 "/>
</bind>
</comp>

<comp id="1448" class="1005" name="O_tile_6_addr_2_reg_1448">
<pin_list>
<pin id="1449" dir="0" index="0" bw="6" slack="1"/>
<pin id="1450" dir="1" index="1" bw="6" slack="1"/>
</pin_list>
<bind>
<opset="O_tile_6_addr_2 "/>
</bind>
</comp>

<comp id="1453" class="1005" name="O_tile_6_addr_3_reg_1453">
<pin_list>
<pin id="1454" dir="0" index="0" bw="6" slack="1"/>
<pin id="1455" dir="1" index="1" bw="6" slack="1"/>
</pin_list>
<bind>
<opset="O_tile_6_addr_3 "/>
</bind>
</comp>

<comp id="1458" class="1005" name="O_tile_6_addr_4_reg_1458">
<pin_list>
<pin id="1459" dir="0" index="0" bw="6" slack="2"/>
<pin id="1460" dir="1" index="1" bw="6" slack="2"/>
</pin_list>
<bind>
<opset="O_tile_6_addr_4 "/>
</bind>
</comp>

<comp id="1463" class="1005" name="O_tile_6_addr_5_reg_1463">
<pin_list>
<pin id="1464" dir="0" index="0" bw="6" slack="2"/>
<pin id="1465" dir="1" index="1" bw="6" slack="2"/>
</pin_list>
<bind>
<opset="O_tile_6_addr_5 "/>
</bind>
</comp>

<comp id="1468" class="1005" name="O_tile_6_addr_6_reg_1468">
<pin_list>
<pin id="1469" dir="0" index="0" bw="6" slack="3"/>
<pin id="1470" dir="1" index="1" bw="6" slack="3"/>
</pin_list>
<bind>
<opset="O_tile_6_addr_6 "/>
</bind>
</comp>

<comp id="1473" class="1005" name="O_tile_6_addr_7_reg_1473">
<pin_list>
<pin id="1474" dir="0" index="0" bw="6" slack="3"/>
<pin id="1475" dir="1" index="1" bw="6" slack="3"/>
</pin_list>
<bind>
<opset="O_tile_6_addr_7 "/>
</bind>
</comp>

<comp id="1478" class="1005" name="O_tile_7_addr_2_reg_1478">
<pin_list>
<pin id="1479" dir="0" index="0" bw="6" slack="1"/>
<pin id="1480" dir="1" index="1" bw="6" slack="1"/>
</pin_list>
<bind>
<opset="O_tile_7_addr_2 "/>
</bind>
</comp>

<comp id="1483" class="1005" name="O_tile_7_addr_3_reg_1483">
<pin_list>
<pin id="1484" dir="0" index="0" bw="6" slack="1"/>
<pin id="1485" dir="1" index="1" bw="6" slack="1"/>
</pin_list>
<bind>
<opset="O_tile_7_addr_3 "/>
</bind>
</comp>

<comp id="1488" class="1005" name="O_tile_7_addr_4_reg_1488">
<pin_list>
<pin id="1489" dir="0" index="0" bw="6" slack="2"/>
<pin id="1490" dir="1" index="1" bw="6" slack="2"/>
</pin_list>
<bind>
<opset="O_tile_7_addr_4 "/>
</bind>
</comp>

<comp id="1493" class="1005" name="O_tile_7_addr_5_reg_1493">
<pin_list>
<pin id="1494" dir="0" index="0" bw="6" slack="2"/>
<pin id="1495" dir="1" index="1" bw="6" slack="2"/>
</pin_list>
<bind>
<opset="O_tile_7_addr_5 "/>
</bind>
</comp>

<comp id="1498" class="1005" name="O_tile_7_addr_6_reg_1498">
<pin_list>
<pin id="1499" dir="0" index="0" bw="6" slack="3"/>
<pin id="1500" dir="1" index="1" bw="6" slack="3"/>
</pin_list>
<bind>
<opset="O_tile_7_addr_6 "/>
</bind>
</comp>

<comp id="1503" class="1005" name="O_tile_7_addr_7_reg_1503">
<pin_list>
<pin id="1504" dir="0" index="0" bw="6" slack="3"/>
<pin id="1505" dir="1" index="1" bw="6" slack="3"/>
</pin_list>
<bind>
<opset="O_tile_7_addr_7 "/>
</bind>
</comp>

</comp_list>

<net_list>
<net id="111"><net_src comp="48" pin="0"/><net_sink comp="108" pin=0"/></net>

<net id="115"><net_src comp="48" pin="0"/><net_sink comp="112" pin=0"/></net>

<net id="119"><net_src comp="48" pin="0"/><net_sink comp="116" pin=0"/></net>

<net id="123"><net_src comp="48" pin="0"/><net_sink comp="120" pin=0"/></net>

<net id="127"><net_src comp="48" pin="0"/><net_sink comp="124" pin=0"/></net>

<net id="131"><net_src comp="48" pin="0"/><net_sink comp="128" pin=0"/></net>

<net id="135"><net_src comp="48" pin="0"/><net_sink comp="132" pin=0"/></net>

<net id="139"><net_src comp="48" pin="0"/><net_sink comp="136" pin=0"/></net>

<net id="143"><net_src comp="48" pin="0"/><net_sink comp="140" pin=0"/></net>

<net id="147"><net_src comp="48" pin="0"/><net_sink comp="144" pin=0"/></net>

<net id="151"><net_src comp="48" pin="0"/><net_sink comp="148" pin=0"/></net>

<net id="155"><net_src comp="48" pin="0"/><net_sink comp="152" pin=0"/></net>

<net id="159"><net_src comp="48" pin="0"/><net_sink comp="156" pin=0"/></net>

<net id="163"><net_src comp="48" pin="0"/><net_sink comp="160" pin=0"/></net>

<net id="167"><net_src comp="48" pin="0"/><net_sink comp="164" pin=0"/></net>

<net id="171"><net_src comp="48" pin="0"/><net_sink comp="168" pin=0"/></net>

<net id="175"><net_src comp="48" pin="0"/><net_sink comp="172" pin=0"/></net>

<net id="181"><net_src comp="106" pin="0"/><net_sink comp="176" pin=0"/></net>

<net id="182"><net_src comp="16" pin="0"/><net_sink comp="176" pin=1"/></net>

<net id="188"><net_src comp="106" pin="0"/><net_sink comp="183" pin=0"/></net>

<net id="189"><net_src comp="18" pin="0"/><net_sink comp="183" pin=1"/></net>

<net id="195"><net_src comp="106" pin="0"/><net_sink comp="190" pin=0"/></net>

<net id="196"><net_src comp="20" pin="0"/><net_sink comp="190" pin=1"/></net>

<net id="202"><net_src comp="106" pin="0"/><net_sink comp="197" pin=0"/></net>

<net id="203"><net_src comp="22" pin="0"/><net_sink comp="197" pin=1"/></net>

<net id="209"><net_src comp="106" pin="0"/><net_sink comp="204" pin=0"/></net>

<net id="210"><net_src comp="24" pin="0"/><net_sink comp="204" pin=1"/></net>

<net id="216"><net_src comp="106" pin="0"/><net_sink comp="211" pin=0"/></net>

<net id="217"><net_src comp="26" pin="0"/><net_sink comp="211" pin=1"/></net>

<net id="223"><net_src comp="106" pin="0"/><net_sink comp="218" pin=0"/></net>

<net id="224"><net_src comp="28" pin="0"/><net_sink comp="218" pin=1"/></net>

<net id="230"><net_src comp="106" pin="0"/><net_sink comp="225" pin=0"/></net>

<net id="231"><net_src comp="30" pin="0"/><net_sink comp="225" pin=1"/></net>

<net id="237"><net_src comp="106" pin="0"/><net_sink comp="232" pin=0"/></net>

<net id="238"><net_src comp="32" pin="0"/><net_sink comp="232" pin=1"/></net>

<net id="244"><net_src comp="106" pin="0"/><net_sink comp="239" pin=0"/></net>

<net id="245"><net_src comp="34" pin="0"/><net_sink comp="239" pin=1"/></net>

<net id="251"><net_src comp="106" pin="0"/><net_sink comp="246" pin=0"/></net>

<net id="252"><net_src comp="36" pin="0"/><net_sink comp="246" pin=1"/></net>

<net id="258"><net_src comp="106" pin="0"/><net_sink comp="253" pin=0"/></net>

<net id="259"><net_src comp="38" pin="0"/><net_sink comp="253" pin=1"/></net>

<net id="265"><net_src comp="106" pin="0"/><net_sink comp="260" pin=0"/></net>

<net id="266"><net_src comp="40" pin="0"/><net_sink comp="260" pin=1"/></net>

<net id="272"><net_src comp="106" pin="0"/><net_sink comp="267" pin=0"/></net>

<net id="273"><net_src comp="42" pin="0"/><net_sink comp="267" pin=1"/></net>

<net id="279"><net_src comp="106" pin="0"/><net_sink comp="274" pin=0"/></net>

<net id="280"><net_src comp="44" pin="0"/><net_sink comp="274" pin=1"/></net>

<net id="286"><net_src comp="106" pin="0"/><net_sink comp="281" pin=0"/></net>

<net id="287"><net_src comp="46" pin="0"/><net_sink comp="281" pin=1"/></net>

<net id="293"><net_src comp="0" pin="0"/><net_sink comp="288" pin=0"/></net>

<net id="294"><net_src comp="64" pin="0"/><net_sink comp="288" pin=1"/></net>

<net id="300"><net_src comp="0" pin="0"/><net_sink comp="295" pin=0"/></net>

<net id="301"><net_src comp="64" pin="0"/><net_sink comp="295" pin=1"/></net>

<net id="307"><net_src comp="0" pin="0"/><net_sink comp="302" pin=0"/></net>

<net id="308"><net_src comp="64" pin="0"/><net_sink comp="302" pin=1"/></net>

<net id="314"><net_src comp="0" pin="0"/><net_sink comp="309" pin=0"/></net>

<net id="315"><net_src comp="64" pin="0"/><net_sink comp="309" pin=1"/></net>

<net id="321"><net_src comp="0" pin="0"/><net_sink comp="316" pin=0"/></net>

<net id="322"><net_src comp="64" pin="0"/><net_sink comp="316" pin=1"/></net>

<net id="328"><net_src comp="0" pin="0"/><net_sink comp="323" pin=0"/></net>

<net id="329"><net_src comp="64" pin="0"/><net_sink comp="323" pin=1"/></net>

<net id="335"><net_src comp="0" pin="0"/><net_sink comp="330" pin=0"/></net>

<net id="336"><net_src comp="64" pin="0"/><net_sink comp="330" pin=1"/></net>

<net id="342"><net_src comp="0" pin="0"/><net_sink comp="337" pin=0"/></net>

<net id="343"><net_src comp="64" pin="0"/><net_sink comp="337" pin=1"/></net>

<net id="349"><net_src comp="2" pin="0"/><net_sink comp="344" pin=0"/></net>

<net id="350"><net_src comp="64" pin="0"/><net_sink comp="344" pin=1"/></net>

<net id="356"><net_src comp="2" pin="0"/><net_sink comp="351" pin=0"/></net>

<net id="357"><net_src comp="64" pin="0"/><net_sink comp="351" pin=1"/></net>

<net id="363"><net_src comp="2" pin="0"/><net_sink comp="358" pin=0"/></net>

<net id="364"><net_src comp="64" pin="0"/><net_sink comp="358" pin=1"/></net>

<net id="370"><net_src comp="2" pin="0"/><net_sink comp="365" pin=0"/></net>

<net id="371"><net_src comp="64" pin="0"/><net_sink comp="365" pin=1"/></net>

<net id="377"><net_src comp="2" pin="0"/><net_sink comp="372" pin=0"/></net>

<net id="378"><net_src comp="64" pin="0"/><net_sink comp="372" pin=1"/></net>

<net id="384"><net_src comp="2" pin="0"/><net_sink comp="379" pin=0"/></net>

<net id="385"><net_src comp="64" pin="0"/><net_sink comp="379" pin=1"/></net>

<net id="391"><net_src comp="2" pin="0"/><net_sink comp="386" pin=0"/></net>

<net id="392"><net_src comp="64" pin="0"/><net_sink comp="386" pin=1"/></net>

<net id="398"><net_src comp="2" pin="0"/><net_sink comp="393" pin=0"/></net>

<net id="399"><net_src comp="64" pin="0"/><net_sink comp="393" pin=1"/></net>

<net id="405"><net_src comp="4" pin="0"/><net_sink comp="400" pin=0"/></net>

<net id="406"><net_src comp="64" pin="0"/><net_sink comp="400" pin=1"/></net>

<net id="412"><net_src comp="4" pin="0"/><net_sink comp="407" pin=0"/></net>

<net id="413"><net_src comp="64" pin="0"/><net_sink comp="407" pin=1"/></net>

<net id="419"><net_src comp="4" pin="0"/><net_sink comp="414" pin=0"/></net>

<net id="420"><net_src comp="64" pin="0"/><net_sink comp="414" pin=1"/></net>

<net id="426"><net_src comp="4" pin="0"/><net_sink comp="421" pin=0"/></net>

<net id="427"><net_src comp="64" pin="0"/><net_sink comp="421" pin=1"/></net>

<net id="433"><net_src comp="4" pin="0"/><net_sink comp="428" pin=0"/></net>

<net id="434"><net_src comp="64" pin="0"/><net_sink comp="428" pin=1"/></net>

<net id="440"><net_src comp="4" pin="0"/><net_sink comp="435" pin=0"/></net>

<net id="441"><net_src comp="64" pin="0"/><net_sink comp="435" pin=1"/></net>

<net id="447"><net_src comp="4" pin="0"/><net_sink comp="442" pin=0"/></net>

<net id="448"><net_src comp="64" pin="0"/><net_sink comp="442" pin=1"/></net>

<net id="454"><net_src comp="4" pin="0"/><net_sink comp="449" pin=0"/></net>

<net id="455"><net_src comp="64" pin="0"/><net_sink comp="449" pin=1"/></net>

<net id="461"><net_src comp="6" pin="0"/><net_sink comp="456" pin=0"/></net>

<net id="462"><net_src comp="64" pin="0"/><net_sink comp="456" pin=1"/></net>

<net id="468"><net_src comp="6" pin="0"/><net_sink comp="463" pin=0"/></net>

<net id="469"><net_src comp="64" pin="0"/><net_sink comp="463" pin=1"/></net>

<net id="475"><net_src comp="6" pin="0"/><net_sink comp="470" pin=0"/></net>

<net id="476"><net_src comp="64" pin="0"/><net_sink comp="470" pin=1"/></net>

<net id="482"><net_src comp="6" pin="0"/><net_sink comp="477" pin=0"/></net>

<net id="483"><net_src comp="64" pin="0"/><net_sink comp="477" pin=1"/></net>

<net id="489"><net_src comp="6" pin="0"/><net_sink comp="484" pin=0"/></net>

<net id="490"><net_src comp="64" pin="0"/><net_sink comp="484" pin=1"/></net>

<net id="496"><net_src comp="6" pin="0"/><net_sink comp="491" pin=0"/></net>

<net id="497"><net_src comp="64" pin="0"/><net_sink comp="491" pin=1"/></net>

<net id="503"><net_src comp="6" pin="0"/><net_sink comp="498" pin=0"/></net>

<net id="504"><net_src comp="64" pin="0"/><net_sink comp="498" pin=1"/></net>

<net id="510"><net_src comp="6" pin="0"/><net_sink comp="505" pin=0"/></net>

<net id="511"><net_src comp="64" pin="0"/><net_sink comp="505" pin=1"/></net>

<net id="517"><net_src comp="8" pin="0"/><net_sink comp="512" pin=0"/></net>

<net id="518"><net_src comp="64" pin="0"/><net_sink comp="512" pin=1"/></net>

<net id="524"><net_src comp="8" pin="0"/><net_sink comp="519" pin=0"/></net>

<net id="525"><net_src comp="64" pin="0"/><net_sink comp="519" pin=1"/></net>

<net id="531"><net_src comp="8" pin="0"/><net_sink comp="526" pin=0"/></net>

<net id="532"><net_src comp="64" pin="0"/><net_sink comp="526" pin=1"/></net>

<net id="538"><net_src comp="8" pin="0"/><net_sink comp="533" pin=0"/></net>

<net id="539"><net_src comp="64" pin="0"/><net_sink comp="533" pin=1"/></net>

<net id="545"><net_src comp="8" pin="0"/><net_sink comp="540" pin=0"/></net>

<net id="546"><net_src comp="64" pin="0"/><net_sink comp="540" pin=1"/></net>

<net id="552"><net_src comp="8" pin="0"/><net_sink comp="547" pin=0"/></net>

<net id="553"><net_src comp="64" pin="0"/><net_sink comp="547" pin=1"/></net>

<net id="559"><net_src comp="8" pin="0"/><net_sink comp="554" pin=0"/></net>

<net id="560"><net_src comp="64" pin="0"/><net_sink comp="554" pin=1"/></net>

<net id="566"><net_src comp="8" pin="0"/><net_sink comp="561" pin=0"/></net>

<net id="567"><net_src comp="64" pin="0"/><net_sink comp="561" pin=1"/></net>

<net id="573"><net_src comp="10" pin="0"/><net_sink comp="568" pin=0"/></net>

<net id="574"><net_src comp="64" pin="0"/><net_sink comp="568" pin=1"/></net>

<net id="580"><net_src comp="10" pin="0"/><net_sink comp="575" pin=0"/></net>

<net id="581"><net_src comp="64" pin="0"/><net_sink comp="575" pin=1"/></net>

<net id="587"><net_src comp="10" pin="0"/><net_sink comp="582" pin=0"/></net>

<net id="588"><net_src comp="64" pin="0"/><net_sink comp="582" pin=1"/></net>

<net id="594"><net_src comp="10" pin="0"/><net_sink comp="589" pin=0"/></net>

<net id="595"><net_src comp="64" pin="0"/><net_sink comp="589" pin=1"/></net>

<net id="601"><net_src comp="10" pin="0"/><net_sink comp="596" pin=0"/></net>

<net id="602"><net_src comp="64" pin="0"/><net_sink comp="596" pin=1"/></net>

<net id="608"><net_src comp="10" pin="0"/><net_sink comp="603" pin=0"/></net>

<net id="609"><net_src comp="64" pin="0"/><net_sink comp="603" pin=1"/></net>

<net id="615"><net_src comp="10" pin="0"/><net_sink comp="610" pin=0"/></net>

<net id="616"><net_src comp="64" pin="0"/><net_sink comp="610" pin=1"/></net>

<net id="622"><net_src comp="10" pin="0"/><net_sink comp="617" pin=0"/></net>

<net id="623"><net_src comp="64" pin="0"/><net_sink comp="617" pin=1"/></net>

<net id="629"><net_src comp="12" pin="0"/><net_sink comp="624" pin=0"/></net>

<net id="630"><net_src comp="64" pin="0"/><net_sink comp="624" pin=1"/></net>

<net id="636"><net_src comp="12" pin="0"/><net_sink comp="631" pin=0"/></net>

<net id="637"><net_src comp="64" pin="0"/><net_sink comp="631" pin=1"/></net>

<net id="643"><net_src comp="12" pin="0"/><net_sink comp="638" pin=0"/></net>

<net id="644"><net_src comp="64" pin="0"/><net_sink comp="638" pin=1"/></net>

<net id="650"><net_src comp="12" pin="0"/><net_sink comp="645" pin=0"/></net>

<net id="651"><net_src comp="64" pin="0"/><net_sink comp="645" pin=1"/></net>

<net id="657"><net_src comp="12" pin="0"/><net_sink comp="652" pin=0"/></net>

<net id="658"><net_src comp="64" pin="0"/><net_sink comp="652" pin=1"/></net>

<net id="664"><net_src comp="12" pin="0"/><net_sink comp="659" pin=0"/></net>

<net id="665"><net_src comp="64" pin="0"/><net_sink comp="659" pin=1"/></net>

<net id="671"><net_src comp="12" pin="0"/><net_sink comp="666" pin=0"/></net>

<net id="672"><net_src comp="64" pin="0"/><net_sink comp="666" pin=1"/></net>

<net id="678"><net_src comp="12" pin="0"/><net_sink comp="673" pin=0"/></net>

<net id="679"><net_src comp="64" pin="0"/><net_sink comp="673" pin=1"/></net>

<net id="685"><net_src comp="14" pin="0"/><net_sink comp="680" pin=0"/></net>

<net id="686"><net_src comp="64" pin="0"/><net_sink comp="680" pin=1"/></net>

<net id="692"><net_src comp="14" pin="0"/><net_sink comp="687" pin=0"/></net>

<net id="693"><net_src comp="64" pin="0"/><net_sink comp="687" pin=1"/></net>

<net id="699"><net_src comp="14" pin="0"/><net_sink comp="694" pin=0"/></net>

<net id="700"><net_src comp="64" pin="0"/><net_sink comp="694" pin=1"/></net>

<net id="706"><net_src comp="14" pin="0"/><net_sink comp="701" pin=0"/></net>

<net id="707"><net_src comp="64" pin="0"/><net_sink comp="701" pin=1"/></net>

<net id="713"><net_src comp="14" pin="0"/><net_sink comp="708" pin=0"/></net>

<net id="714"><net_src comp="64" pin="0"/><net_sink comp="708" pin=1"/></net>

<net id="720"><net_src comp="14" pin="0"/><net_sink comp="715" pin=0"/></net>

<net id="721"><net_src comp="64" pin="0"/><net_sink comp="715" pin=1"/></net>

<net id="727"><net_src comp="14" pin="0"/><net_sink comp="722" pin=0"/></net>

<net id="728"><net_src comp="64" pin="0"/><net_sink comp="722" pin=1"/></net>

<net id="734"><net_src comp="14" pin="0"/><net_sink comp="729" pin=0"/></net>

<net id="735"><net_src comp="64" pin="0"/><net_sink comp="729" pin=1"/></net>

<net id="745"><net_src comp="102" pin="0"/><net_sink comp="736" pin=4"/></net>

<net id="746"><net_src comp="288" pin="3"/><net_sink comp="736" pin=2"/></net>

<net id="756"><net_src comp="102" pin="0"/><net_sink comp="747" pin=4"/></net>

<net id="757"><net_src comp="344" pin="3"/><net_sink comp="747" pin=2"/></net>

<net id="767"><net_src comp="102" pin="0"/><net_sink comp="758" pin=4"/></net>

<net id="768"><net_src comp="400" pin="3"/><net_sink comp="758" pin=2"/></net>

<net id="778"><net_src comp="102" pin="0"/><net_sink comp="769" pin=4"/></net>

<net id="779"><net_src comp="456" pin="3"/><net_sink comp="769" pin=2"/></net>

<net id="789"><net_src comp="102" pin="0"/><net_sink comp="780" pin=4"/></net>

<net id="790"><net_src comp="512" pin="3"/><net_sink comp="780" pin=2"/></net>

<net id="800"><net_src comp="102" pin="0"/><net_sink comp="791" pin=4"/></net>

<net id="801"><net_src comp="568" pin="3"/><net_sink comp="791" pin=2"/></net>

<net id="811"><net_src comp="102" pin="0"/><net_sink comp="802" pin=4"/></net>

<net id="812"><net_src comp="624" pin="3"/><net_sink comp="802" pin=2"/></net>

<net id="822"><net_src comp="102" pin="0"/><net_sink comp="813" pin=4"/></net>

<net id="823"><net_src comp="680" pin="3"/><net_sink comp="813" pin=2"/></net>

<net id="824"><net_src comp="102" pin="0"/><net_sink comp="736" pin=1"/></net>

<net id="825"><net_src comp="295" pin="3"/><net_sink comp="736" pin=0"/></net>

<net id="826"><net_src comp="102" pin="0"/><net_sink comp="747" pin=1"/></net>

<net id="827"><net_src comp="351" pin="3"/><net_sink comp="747" pin=0"/></net>

<net id="828"><net_src comp="102" pin="0"/><net_sink comp="758" pin=1"/></net>

<net id="829"><net_src comp="407" pin="3"/><net_sink comp="758" pin=0"/></net>

<net id="830"><net_src comp="102" pin="0"/><net_sink comp="769" pin=1"/></net>

<net id="831"><net_src comp="463" pin="3"/><net_sink comp="769" pin=0"/></net>

<net id="832"><net_src comp="102" pin="0"/><net_sink comp="780" pin=1"/></net>

<net id="833"><net_src comp="519" pin="3"/><net_sink comp="780" pin=0"/></net>

<net id="834"><net_src comp="102" pin="0"/><net_sink comp="791" pin=1"/></net>

<net id="835"><net_src comp="575" pin="3"/><net_sink comp="791" pin=0"/></net>

<net id="836"><net_src comp="102" pin="0"/><net_sink comp="802" pin=1"/></net>

<net id="837"><net_src comp="631" pin="3"/><net_sink comp="802" pin=0"/></net>

<net id="838"><net_src comp="102" pin="0"/><net_sink comp="813" pin=1"/></net>

<net id="839"><net_src comp="687" pin="3"/><net_sink comp="813" pin=0"/></net>

<net id="844"><net_src comp="50" pin="0"/><net_sink comp="840" pin=0"/></net>

<net id="851"><net_src comp="845" pin="1"/><net_sink comp="848" pin=0"/></net>

<net id="856"><net_src comp="845" pin="1"/><net_sink comp="852" pin=0"/></net>

<net id="857"><net_src comp="52" pin="0"/><net_sink comp="852" pin=1"/></net>

<net id="862"><net_src comp="845" pin="1"/><net_sink comp="858" pin=0"/></net>

<net id="863"><net_src comp="58" pin="0"/><net_sink comp="858" pin=1"/></net>

<net id="869"><net_src comp="60" pin="0"/><net_sink comp="864" pin=0"/></net>

<net id="870"><net_src comp="848" pin="1"/><net_sink comp="864" pin=1"/></net>

<net id="871"><net_src comp="62" pin="0"/><net_sink comp="864" pin=2"/></net>

<net id="875"><net_src comp="864" pin="3"/><net_sink comp="872" pin=0"/></net>

<net id="876"><net_src comp="872" pin="1"/><net_sink comp="288" pin=2"/></net>

<net id="877"><net_src comp="872" pin="1"/><net_sink comp="344" pin=2"/></net>

<net id="878"><net_src comp="872" pin="1"/><net_sink comp="400" pin=2"/></net>

<net id="879"><net_src comp="872" pin="1"/><net_sink comp="456" pin=2"/></net>

<net id="880"><net_src comp="872" pin="1"/><net_sink comp="512" pin=2"/></net>

<net id="881"><net_src comp="872" pin="1"/><net_sink comp="568" pin=2"/></net>

<net id="882"><net_src comp="872" pin="1"/><net_sink comp="624" pin=2"/></net>

<net id="883"><net_src comp="872" pin="1"/><net_sink comp="680" pin=2"/></net>

<net id="888"><net_src comp="864" pin="3"/><net_sink comp="884" pin=0"/></net>

<net id="889"><net_src comp="66" pin="0"/><net_sink comp="884" pin=1"/></net>

<net id="893"><net_src comp="884" pin="2"/><net_sink comp="890" pin=0"/></net>

<net id="894"><net_src comp="890" pin="1"/><net_sink comp="295" pin=2"/></net>

<net id="895"><net_src comp="890" pin="1"/><net_sink comp="351" pin=2"/></net>

<net id="896"><net_src comp="890" pin="1"/><net_sink comp="407" pin=2"/></net>

<net id="897"><net_src comp="890" pin="1"/><net_sink comp="463" pin=2"/></net>

<net id="898"><net_src comp="890" pin="1"/><net_sink comp="519" pin=2"/></net>

<net id="899"><net_src comp="890" pin="1"/><net_sink comp="575" pin=2"/></net>

<net id="900"><net_src comp="890" pin="1"/><net_sink comp="631" pin=2"/></net>

<net id="901"><net_src comp="890" pin="1"/><net_sink comp="687" pin=2"/></net>

<net id="906"><net_src comp="864" pin="3"/><net_sink comp="902" pin=0"/></net>

<net id="907"><net_src comp="68" pin="0"/><net_sink comp="902" pin=1"/></net>

<net id="911"><net_src comp="902" pin="2"/><net_sink comp="908" pin=0"/></net>

<net id="912"><net_src comp="908" pin="1"/><net_sink comp="302" pin=2"/></net>

<net id="913"><net_src comp="908" pin="1"/><net_sink comp="358" pin=2"/></net>

<net id="914"><net_src comp="908" pin="1"/><net_sink comp="414" pin=2"/></net>

<net id="915"><net_src comp="908" pin="1"/><net_sink comp="470" pin=2"/></net>

<net id="916"><net_src comp="908" pin="1"/><net_sink comp="526" pin=2"/></net>

<net id="917"><net_src comp="908" pin="1"/><net_sink comp="582" pin=2"/></net>

<net id="918"><net_src comp="908" pin="1"/><net_sink comp="638" pin=2"/></net>

<net id="919"><net_src comp="908" pin="1"/><net_sink comp="694" pin=2"/></net>

<net id="924"><net_src comp="864" pin="3"/><net_sink comp="920" pin=0"/></net>

<net id="925"><net_src comp="70" pin="0"/><net_sink comp="920" pin=1"/></net>

<net id="929"><net_src comp="920" pin="2"/><net_sink comp="926" pin=0"/></net>

<net id="930"><net_src comp="926" pin="1"/><net_sink comp="309" pin=2"/></net>

<net id="931"><net_src comp="926" pin="1"/><net_sink comp="365" pin=2"/></net>

<net id="932"><net_src comp="926" pin="1"/><net_sink comp="421" pin=2"/></net>

<net id="933"><net_src comp="926" pin="1"/><net_sink comp="477" pin=2"/></net>

<net id="934"><net_src comp="926" pin="1"/><net_sink comp="533" pin=2"/></net>

<net id="935"><net_src comp="926" pin="1"/><net_sink comp="589" pin=2"/></net>

<net id="936"><net_src comp="926" pin="1"/><net_sink comp="645" pin=2"/></net>

<net id="937"><net_src comp="926" pin="1"/><net_sink comp="701" pin=2"/></net>

<net id="942"><net_src comp="864" pin="3"/><net_sink comp="938" pin=0"/></net>

<net id="943"><net_src comp="72" pin="0"/><net_sink comp="938" pin=1"/></net>

<net id="947"><net_src comp="938" pin="2"/><net_sink comp="944" pin=0"/></net>

<net id="948"><net_src comp="944" pin="1"/><net_sink comp="316" pin=2"/></net>

<net id="949"><net_src comp="944" pin="1"/><net_sink comp="372" pin=2"/></net>

<net id="950"><net_src comp="944" pin="1"/><net_sink comp="428" pin=2"/></net>

<net id="951"><net_src comp="944" pin="1"/><net_sink comp="484" pin=2"/></net>

<net id="952"><net_src comp="944" pin="1"/><net_sink comp="540" pin=2"/></net>

<net id="953"><net_src comp="944" pin="1"/><net_sink comp="596" pin=2"/></net>

<net id="954"><net_src comp="944" pin="1"/><net_sink comp="652" pin=2"/></net>

<net id="955"><net_src comp="944" pin="1"/><net_sink comp="708" pin=2"/></net>

<net id="960"><net_src comp="864" pin="3"/><net_sink comp="956" pin=0"/></net>

<net id="961"><net_src comp="74" pin="0"/><net_sink comp="956" pin=1"/></net>

<net id="965"><net_src comp="956" pin="2"/><net_sink comp="962" pin=0"/></net>

<net id="966"><net_src comp="962" pin="1"/><net_sink comp="323" pin=2"/></net>

<net id="967"><net_src comp="962" pin="1"/><net_sink comp="379" pin=2"/></net>

<net id="968"><net_src comp="962" pin="1"/><net_sink comp="435" pin=2"/></net>

<net id="969"><net_src comp="962" pin="1"/><net_sink comp="491" pin=2"/></net>

<net id="970"><net_src comp="962" pin="1"/><net_sink comp="547" pin=2"/></net>

<net id="971"><net_src comp="962" pin="1"/><net_sink comp="603" pin=2"/></net>

<net id="972"><net_src comp="962" pin="1"/><net_sink comp="659" pin=2"/></net>

<net id="973"><net_src comp="962" pin="1"/><net_sink comp="715" pin=2"/></net>

<net id="978"><net_src comp="864" pin="3"/><net_sink comp="974" pin=0"/></net>

<net id="979"><net_src comp="76" pin="0"/><net_sink comp="974" pin=1"/></net>

<net id="983"><net_src comp="974" pin="2"/><net_sink comp="980" pin=0"/></net>

<net id="984"><net_src comp="980" pin="1"/><net_sink comp="330" pin=2"/></net>

<net id="985"><net_src comp="980" pin="1"/><net_sink comp="386" pin=2"/></net>

<net id="986"><net_src comp="980" pin="1"/><net_sink comp="442" pin=2"/></net>

<net id="987"><net_src comp="980" pin="1"/><net_sink comp="498" pin=2"/></net>

<net id="988"><net_src comp="980" pin="1"/><net_sink comp="554" pin=2"/></net>

<net id="989"><net_src comp="980" pin="1"/><net_sink comp="610" pin=2"/></net>

<net id="990"><net_src comp="980" pin="1"/><net_sink comp="666" pin=2"/></net>

<net id="991"><net_src comp="980" pin="1"/><net_sink comp="722" pin=2"/></net>

<net id="996"><net_src comp="864" pin="3"/><net_sink comp="992" pin=0"/></net>

<net id="997"><net_src comp="78" pin="0"/><net_sink comp="992" pin=1"/></net>

<net id="1001"><net_src comp="992" pin="2"/><net_sink comp="998" pin=0"/></net>

<net id="1002"><net_src comp="998" pin="1"/><net_sink comp="337" pin=2"/></net>

<net id="1003"><net_src comp="998" pin="1"/><net_sink comp="393" pin=2"/></net>

<net id="1004"><net_src comp="998" pin="1"/><net_sink comp="449" pin=2"/></net>

<net id="1005"><net_src comp="998" pin="1"/><net_sink comp="505" pin=2"/></net>

<net id="1006"><net_src comp="998" pin="1"/><net_sink comp="561" pin=2"/></net>

<net id="1007"><net_src comp="998" pin="1"/><net_sink comp="617" pin=2"/></net>

<net id="1008"><net_src comp="998" pin="1"/><net_sink comp="673" pin=2"/></net>

<net id="1009"><net_src comp="998" pin="1"/><net_sink comp="729" pin=2"/></net>

<net id="1014"><net_src comp="102" pin="0"/><net_sink comp="1010" pin=0"/></net>

<net id="1019"><net_src comp="104" pin="0"/><net_sink comp="1015" pin=0"/></net>

<net id="1024"><net_src comp="102" pin="0"/><net_sink comp="1020" pin=0"/></net>

<net id="1029"><net_src comp="104" pin="0"/><net_sink comp="1025" pin=0"/></net>

<net id="1034"><net_src comp="102" pin="0"/><net_sink comp="1030" pin=0"/></net>

<net id="1039"><net_src comp="104" pin="0"/><net_sink comp="1035" pin=0"/></net>

<net id="1044"><net_src comp="102" pin="0"/><net_sink comp="1040" pin=0"/></net>

<net id="1049"><net_src comp="104" pin="0"/><net_sink comp="1045" pin=0"/></net>

<net id="1054"><net_src comp="102" pin="0"/><net_sink comp="1050" pin=0"/></net>

<net id="1059"><net_src comp="104" pin="0"/><net_sink comp="1055" pin=0"/></net>

<net id="1064"><net_src comp="102" pin="0"/><net_sink comp="1060" pin=0"/></net>

<net id="1069"><net_src comp="104" pin="0"/><net_sink comp="1065" pin=0"/></net>

<net id="1074"><net_src comp="102" pin="0"/><net_sink comp="1070" pin=0"/></net>

<net id="1079"><net_src comp="104" pin="0"/><net_sink comp="1075" pin=0"/></net>

<net id="1084"><net_src comp="102" pin="0"/><net_sink comp="1080" pin=0"/></net>

<net id="1089"><net_src comp="104" pin="0"/><net_sink comp="1085" pin=0"/></net>

<net id="1094"><net_src comp="858" pin="2"/><net_sink comp="1090" pin=0"/></net>

<net id="1098"><net_src comp="1095" pin="1"/><net_sink comp="281" pin=2"/></net>

<net id="1102"><net_src comp="1099" pin="1"/><net_sink comp="274" pin=2"/></net>

<net id="1106"><net_src comp="1103" pin="1"/><net_sink comp="267" pin=2"/></net>

<net id="1110"><net_src comp="1107" pin="1"/><net_sink comp="260" pin=2"/></net>

<net id="1114"><net_src comp="1111" pin="1"/><net_sink comp="253" pin=2"/></net>

<net id="1118"><net_src comp="1115" pin="1"/><net_sink comp="246" pin=2"/></net>

<net id="1122"><net_src comp="1119" pin="1"/><net_sink comp="239" pin=2"/></net>

<net id="1126"><net_src comp="1123" pin="1"/><net_sink comp="232" pin=2"/></net>

<net id="1130"><net_src comp="1127" pin="1"/><net_sink comp="225" pin=2"/></net>

<net id="1134"><net_src comp="1131" pin="1"/><net_sink comp="218" pin=2"/></net>

<net id="1138"><net_src comp="1135" pin="1"/><net_sink comp="211" pin=2"/></net>

<net id="1142"><net_src comp="1139" pin="1"/><net_sink comp="204" pin=2"/></net>

<net id="1146"><net_src comp="1143" pin="1"/><net_sink comp="197" pin=2"/></net>

<net id="1150"><net_src comp="1147" pin="1"/><net_sink comp="190" pin=2"/></net>

<net id="1154"><net_src comp="1151" pin="1"/><net_sink comp="183" pin=2"/></net>

<net id="1158"><net_src comp="1155" pin="1"/><net_sink comp="176" pin=2"/></net>

<net id="1162"><net_src comp="108" pin="1"/><net_sink comp="1159" pin=0"/></net>

<net id="1163"><net_src comp="1159" pin="1"/><net_sink comp="840" pin=1"/></net>

<net id="1164"><net_src comp="1159" pin="1"/><net_sink comp="845" pin=0"/></net>

<net id="1165"><net_src comp="1159" pin="1"/><net_sink comp="1090" pin=1"/></net>

<net id="1169"><net_src comp="112" pin="1"/><net_sink comp="1166" pin=0"/></net>

<net id="1170"><net_src comp="1166" pin="1"/><net_sink comp="1075" pin=1"/></net>

<net id="1171"><net_src comp="1166" pin="1"/><net_sink comp="1095" pin=0"/></net>

<net id="1175"><net_src comp="116" pin="1"/><net_sink comp="1172" pin=0"/></net>

<net id="1176"><net_src comp="1172" pin="1"/><net_sink comp="1065" pin=1"/></net>

<net id="1177"><net_src comp="1172" pin="1"/><net_sink comp="1099" pin=0"/></net>

<net id="1181"><net_src comp="120" pin="1"/><net_sink comp="1178" pin=0"/></net>

<net id="1182"><net_src comp="1178" pin="1"/><net_sink comp="1055" pin=1"/></net>

<net id="1183"><net_src comp="1178" pin="1"/><net_sink comp="1103" pin=0"/></net>

<net id="1187"><net_src comp="124" pin="1"/><net_sink comp="1184" pin=0"/></net>

<net id="1188"><net_src comp="1184" pin="1"/><net_sink comp="1045" pin=1"/></net>

<net id="1189"><net_src comp="1184" pin="1"/><net_sink comp="1107" pin=0"/></net>

<net id="1193"><net_src comp="128" pin="1"/><net_sink comp="1190" pin=0"/></net>

<net id="1194"><net_src comp="1190" pin="1"/><net_sink comp="1035" pin=1"/></net>

<net id="1195"><net_src comp="1190" pin="1"/><net_sink comp="1111" pin=0"/></net>

<net id="1199"><net_src comp="132" pin="1"/><net_sink comp="1196" pin=0"/></net>

<net id="1200"><net_src comp="1196" pin="1"/><net_sink comp="1025" pin=1"/></net>

<net id="1201"><net_src comp="1196" pin="1"/><net_sink comp="1115" pin=0"/></net>

<net id="1205"><net_src comp="136" pin="1"/><net_sink comp="1202" pin=0"/></net>

<net id="1206"><net_src comp="1202" pin="1"/><net_sink comp="1015" pin=1"/></net>

<net id="1207"><net_src comp="1202" pin="1"/><net_sink comp="1119" pin=0"/></net>

<net id="1211"><net_src comp="140" pin="1"/><net_sink comp="1208" pin=0"/></net>

<net id="1212"><net_src comp="1208" pin="1"/><net_sink comp="1085" pin=1"/></net>

<net id="1213"><net_src comp="1208" pin="1"/><net_sink comp="1123" pin=0"/></net>

<net id="1217"><net_src comp="144" pin="1"/><net_sink comp="1214" pin=0"/></net>

<net id="1218"><net_src comp="1214" pin="1"/><net_sink comp="1070" pin=1"/></net>

<net id="1219"><net_src comp="1214" pin="1"/><net_sink comp="1127" pin=0"/></net>

<net id="1223"><net_src comp="148" pin="1"/><net_sink comp="1220" pin=0"/></net>

<net id="1224"><net_src comp="1220" pin="1"/><net_sink comp="1060" pin=1"/></net>

<net id="1225"><net_src comp="1220" pin="1"/><net_sink comp="1131" pin=0"/></net>

<net id="1229"><net_src comp="152" pin="1"/><net_sink comp="1226" pin=0"/></net>

<net id="1230"><net_src comp="1226" pin="1"/><net_sink comp="1050" pin=1"/></net>

<net id="1231"><net_src comp="1226" pin="1"/><net_sink comp="1135" pin=0"/></net>

<net id="1235"><net_src comp="156" pin="1"/><net_sink comp="1232" pin=0"/></net>

<net id="1236"><net_src comp="1232" pin="1"/><net_sink comp="1040" pin=1"/></net>

<net id="1237"><net_src comp="1232" pin="1"/><net_sink comp="1139" pin=0"/></net>

<net id="1241"><net_src comp="160" pin="1"/><net_sink comp="1238" pin=0"/></net>

<net id="1242"><net_src comp="1238" pin="1"/><net_sink comp="1030" pin=1"/></net>

<net id="1243"><net_src comp="1238" pin="1"/><net_sink comp="1143" pin=0"/></net>

<net id="1247"><net_src comp="164" pin="1"/><net_sink comp="1244" pin=0"/></net>

<net id="1248"><net_src comp="1244" pin="1"/><net_sink comp="1020" pin=1"/></net>

<net id="1249"><net_src comp="1244" pin="1"/><net_sink comp="1147" pin=0"/></net>

<net id="1253"><net_src comp="168" pin="1"/><net_sink comp="1250" pin=0"/></net>

<net id="1254"><net_src comp="1250" pin="1"/><net_sink comp="1010" pin=1"/></net>

<net id="1255"><net_src comp="1250" pin="1"/><net_sink comp="1151" pin=0"/></net>

<net id="1259"><net_src comp="172" pin="1"/><net_sink comp="1256" pin=0"/></net>

<net id="1260"><net_src comp="1256" pin="1"/><net_sink comp="1080" pin=1"/></net>

<net id="1261"><net_src comp="1256" pin="1"/><net_sink comp="1155" pin=0"/></net>

<net id="1271"><net_src comp="302" pin="3"/><net_sink comp="1268" pin=0"/></net>

<net id="1272"><net_src comp="1268" pin="1"/><net_sink comp="736" pin=2"/></net>

<net id="1276"><net_src comp="309" pin="3"/><net_sink comp="1273" pin=0"/></net>

<net id="1277"><net_src comp="1273" pin="1"/><net_sink comp="736" pin=0"/></net>

<net id="1281"><net_src comp="316" pin="3"/><net_sink comp="1278" pin=0"/></net>

<net id="1282"><net_src comp="1278" pin="1"/><net_sink comp="736" pin=2"/></net>

<net id="1286"><net_src comp="323" pin="3"/><net_sink comp="1283" pin=0"/></net>

<net id="1287"><net_src comp="1283" pin="1"/><net_sink comp="736" pin=0"/></net>

<net id="1291"><net_src comp="330" pin="3"/><net_sink comp="1288" pin=0"/></net>

<net id="1292"><net_src comp="1288" pin="1"/><net_sink comp="736" pin=2"/></net>

<net id="1296"><net_src comp="337" pin="3"/><net_sink comp="1293" pin=0"/></net>

<net id="1297"><net_src comp="1293" pin="1"/><net_sink comp="736" pin=0"/></net>

<net id="1301"><net_src comp="358" pin="3"/><net_sink comp="1298" pin=0"/></net>

<net id="1302"><net_src comp="1298" pin="1"/><net_sink comp="747" pin=2"/></net>

<net id="1306"><net_src comp="365" pin="3"/><net_sink comp="1303" pin=0"/></net>

<net id="1307"><net_src comp="1303" pin="1"/><net_sink comp="747" pin=0"/></net>

<net id="1311"><net_src comp="372" pin="3"/><net_sink comp="1308" pin=0"/></net>

<net id="1312"><net_src comp="1308" pin="1"/><net_sink comp="747" pin=2"/></net>

<net id="1316"><net_src comp="379" pin="3"/><net_sink comp="1313" pin=0"/></net>

<net id="1317"><net_src comp="1313" pin="1"/><net_sink comp="747" pin=0"/></net>

<net id="1321"><net_src comp="386" pin="3"/><net_sink comp="1318" pin=0"/></net>

<net id="1322"><net_src comp="1318" pin="1"/><net_sink comp="747" pin=2"/></net>

<net id="1326"><net_src comp="393" pin="3"/><net_sink comp="1323" pin=0"/></net>

<net id="1327"><net_src comp="1323" pin="1"/><net_sink comp="747" pin=0"/></net>

<net id="1331"><net_src comp="414" pin="3"/><net_sink comp="1328" pin=0"/></net>

<net id="1332"><net_src comp="1328" pin="1"/><net_sink comp="758" pin=2"/></net>

<net id="1336"><net_src comp="421" pin="3"/><net_sink comp="1333" pin=0"/></net>

<net id="1337"><net_src comp="1333" pin="1"/><net_sink comp="758" pin=0"/></net>

<net id="1341"><net_src comp="428" pin="3"/><net_sink comp="1338" pin=0"/></net>

<net id="1342"><net_src comp="1338" pin="1"/><net_sink comp="758" pin=2"/></net>

<net id="1346"><net_src comp="435" pin="3"/><net_sink comp="1343" pin=0"/></net>

<net id="1347"><net_src comp="1343" pin="1"/><net_sink comp="758" pin=0"/></net>

<net id="1351"><net_src comp="442" pin="3"/><net_sink comp="1348" pin=0"/></net>

<net id="1352"><net_src comp="1348" pin="1"/><net_sink comp="758" pin=2"/></net>

<net id="1356"><net_src comp="449" pin="3"/><net_sink comp="1353" pin=0"/></net>

<net id="1357"><net_src comp="1353" pin="1"/><net_sink comp="758" pin=0"/></net>

<net id="1361"><net_src comp="470" pin="3"/><net_sink comp="1358" pin=0"/></net>

<net id="1362"><net_src comp="1358" pin="1"/><net_sink comp="769" pin=2"/></net>

<net id="1366"><net_src comp="477" pin="3"/><net_sink comp="1363" pin=0"/></net>

<net id="1367"><net_src comp="1363" pin="1"/><net_sink comp="769" pin=0"/></net>

<net id="1371"><net_src comp="484" pin="3"/><net_sink comp="1368" pin=0"/></net>

<net id="1372"><net_src comp="1368" pin="1"/><net_sink comp="769" pin=2"/></net>

<net id="1376"><net_src comp="491" pin="3"/><net_sink comp="1373" pin=0"/></net>

<net id="1377"><net_src comp="1373" pin="1"/><net_sink comp="769" pin=0"/></net>

<net id="1381"><net_src comp="498" pin="3"/><net_sink comp="1378" pin=0"/></net>

<net id="1382"><net_src comp="1378" pin="1"/><net_sink comp="769" pin=2"/></net>

<net id="1386"><net_src comp="505" pin="3"/><net_sink comp="1383" pin=0"/></net>

<net id="1387"><net_src comp="1383" pin="1"/><net_sink comp="769" pin=0"/></net>

<net id="1391"><net_src comp="526" pin="3"/><net_sink comp="1388" pin=0"/></net>

<net id="1392"><net_src comp="1388" pin="1"/><net_sink comp="780" pin=2"/></net>

<net id="1396"><net_src comp="533" pin="3"/><net_sink comp="1393" pin=0"/></net>

<net id="1397"><net_src comp="1393" pin="1"/><net_sink comp="780" pin=0"/></net>

<net id="1401"><net_src comp="540" pin="3"/><net_sink comp="1398" pin=0"/></net>

<net id="1402"><net_src comp="1398" pin="1"/><net_sink comp="780" pin=2"/></net>

<net id="1406"><net_src comp="547" pin="3"/><net_sink comp="1403" pin=0"/></net>

<net id="1407"><net_src comp="1403" pin="1"/><net_sink comp="780" pin=0"/></net>

<net id="1411"><net_src comp="554" pin="3"/><net_sink comp="1408" pin=0"/></net>

<net id="1412"><net_src comp="1408" pin="1"/><net_sink comp="780" pin=2"/></net>

<net id="1416"><net_src comp="561" pin="3"/><net_sink comp="1413" pin=0"/></net>

<net id="1417"><net_src comp="1413" pin="1"/><net_sink comp="780" pin=0"/></net>

<net id="1421"><net_src comp="582" pin="3"/><net_sink comp="1418" pin=0"/></net>

<net id="1422"><net_src comp="1418" pin="1"/><net_sink comp="791" pin=2"/></net>

<net id="1426"><net_src comp="589" pin="3"/><net_sink comp="1423" pin=0"/></net>

<net id="1427"><net_src comp="1423" pin="1"/><net_sink comp="791" pin=0"/></net>

<net id="1431"><net_src comp="596" pin="3"/><net_sink comp="1428" pin=0"/></net>

<net id="1432"><net_src comp="1428" pin="1"/><net_sink comp="791" pin=2"/></net>

<net id="1436"><net_src comp="603" pin="3"/><net_sink comp="1433" pin=0"/></net>

<net id="1437"><net_src comp="1433" pin="1"/><net_sink comp="791" pin=0"/></net>

<net id="1441"><net_src comp="610" pin="3"/><net_sink comp="1438" pin=0"/></net>

<net id="1442"><net_src comp="1438" pin="1"/><net_sink comp="791" pin=2"/></net>

<net id="1446"><net_src comp="617" pin="3"/><net_sink comp="1443" pin=0"/></net>

<net id="1447"><net_src comp="1443" pin="1"/><net_sink comp="791" pin=0"/></net>

<net id="1451"><net_src comp="638" pin="3"/><net_sink comp="1448" pin=0"/></net>

<net id="1452"><net_src comp="1448" pin="1"/><net_sink comp="802" pin=2"/></net>

<net id="1456"><net_src comp="645" pin="3"/><net_sink comp="1453" pin=0"/></net>

<net id="1457"><net_src comp="1453" pin="1"/><net_sink comp="802" pin=0"/></net>

<net id="1461"><net_src comp="652" pin="3"/><net_sink comp="1458" pin=0"/></net>

<net id="1462"><net_src comp="1458" pin="1"/><net_sink comp="802" pin=2"/></net>

<net id="1466"><net_src comp="659" pin="3"/><net_sink comp="1463" pin=0"/></net>

<net id="1467"><net_src comp="1463" pin="1"/><net_sink comp="802" pin=0"/></net>

<net id="1471"><net_src comp="666" pin="3"/><net_sink comp="1468" pin=0"/></net>

<net id="1472"><net_src comp="1468" pin="1"/><net_sink comp="802" pin=2"/></net>

<net id="1476"><net_src comp="673" pin="3"/><net_sink comp="1473" pin=0"/></net>

<net id="1477"><net_src comp="1473" pin="1"/><net_sink comp="802" pin=0"/></net>

<net id="1481"><net_src comp="694" pin="3"/><net_sink comp="1478" pin=0"/></net>

<net id="1482"><net_src comp="1478" pin="1"/><net_sink comp="813" pin=2"/></net>

<net id="1486"><net_src comp="701" pin="3"/><net_sink comp="1483" pin=0"/></net>

<net id="1487"><net_src comp="1483" pin="1"/><net_sink comp="813" pin=0"/></net>

<net id="1491"><net_src comp="708" pin="3"/><net_sink comp="1488" pin=0"/></net>

<net id="1492"><net_src comp="1488" pin="1"/><net_sink comp="813" pin=2"/></net>

<net id="1496"><net_src comp="715" pin="3"/><net_sink comp="1493" pin=0"/></net>

<net id="1497"><net_src comp="1493" pin="1"/><net_sink comp="813" pin=0"/></net>

<net id="1501"><net_src comp="722" pin="3"/><net_sink comp="1498" pin=0"/></net>

<net id="1502"><net_src comp="1498" pin="1"/><net_sink comp="813" pin=2"/></net>

<net id="1506"><net_src comp="729" pin="3"/><net_sink comp="1503" pin=0"/></net>

<net id="1507"><net_src comp="1503" pin="1"/><net_sink comp="813" pin=0"/></net>

</net_list>

</model> 
---------------- Datapath Model END ------------------

* FSMD analyzer results:
  - Output states:
	Port: O_tile | {1 2 3 4 }
	Port: O_tile_1 | {1 2 3 4 }
	Port: O_tile_2 | {1 2 3 4 }
	Port: O_tile_3 | {1 2 3 4 }
	Port: O_tile_4 | {1 2 3 4 }
	Port: O_tile_5 | {1 2 3 4 }
	Port: O_tile_6 | {1 2 3 4 }
	Port: O_tile_7 | {1 2 3 4 }
	Port: l_state_7_out | {1 }
	Port: l_state_6_out | {1 }
	Port: l_state_5_out | {1 }
	Port: l_state_4_out | {1 }
	Port: l_state_3_out | {1 }
	Port: l_state_2_out | {1 }
	Port: l_state_1_out | {1 }
	Port: l_state_out | {1 }
	Port: m_state_7_out | {1 }
	Port: m_state_6_out | {1 }
	Port: m_state_5_out | {1 }
	Port: m_state_4_out | {1 }
	Port: m_state_3_out | {1 }
	Port: m_state_2_out | {1 }
	Port: m_state_1_out | {1 }
	Port: m_state_out | {1 }
 - Input state : 
  - Chain level:
	State 1
		store_ln0 : 1
		i : 1
		trunc_ln108 : 2
		icmp_ln108 : 2
		add_ln108 : 2
		br_ln108 : 3
		tmp_s : 3
		zext_ln114 : 4
		O_tile_addr : 5
		or_ln114 : 4
		zext_ln114_1 : 4
		O_tile_addr_1 : 5
		or_ln114_1 : 4
		zext_ln114_2 : 4
		O_tile_addr_2 : 5
		or_ln114_2 : 4
		zext_ln114_3 : 4
		O_tile_addr_3 : 5
		or_ln114_3 : 4
		zext_ln114_4 : 4
		O_tile_addr_4 : 5
		or_ln114_4 : 4
		zext_ln114_5 : 4
		O_tile_addr_5 : 5
		or_ln114_5 : 4
		zext_ln114_6 : 4
		O_tile_addr_6 : 5
		or_ln114_6 : 4
		zext_ln114_7 : 4
		O_tile_addr_7 : 5
		O_tile_1_addr : 5
		O_tile_1_addr_1 : 5
		O_tile_1_addr_2 : 5
		O_tile_1_addr_3 : 5
		O_tile_1_addr_4 : 5
		O_tile_1_addr_5 : 5
		O_tile_1_addr_6 : 5
		O_tile_1_addr_7 : 5
		O_tile_2_addr : 5
		O_tile_2_addr_1 : 5
		O_tile_2_addr_2 : 5
		O_tile_2_addr_3 : 5
		O_tile_2_addr_4 : 5
		O_tile_2_addr_5 : 5
		O_tile_2_addr_6 : 5
		O_tile_2_addr_7 : 5
		O_tile_3_addr : 5
		O_tile_3_addr_1 : 5
		O_tile_3_addr_2 : 5
		O_tile_3_addr_3 : 5
		O_tile_3_addr_4 : 5
		O_tile_3_addr_5 : 5
		O_tile_3_addr_6 : 5
		O_tile_3_addr_7 : 5
		O_tile_4_addr : 5
		O_tile_4_addr_1 : 5
		O_tile_4_addr_2 : 5
		O_tile_4_addr_3 : 5
		O_tile_4_addr_4 : 5
		O_tile_4_addr_5 : 5
		O_tile_4_addr_6 : 5
		O_tile_4_addr_7 : 5
		O_tile_5_addr : 5
		O_tile_5_addr_1 : 5
		O_tile_5_addr_2 : 5
		O_tile_5_addr_3 : 5
		O_tile_5_addr_4 : 5
		O_tile_5_addr_5 : 5
		O_tile_5_addr_6 : 5
		O_tile_5_addr_7 : 5
		O_tile_6_addr : 5
		O_tile_6_addr_1 : 5
		O_tile_6_addr_2 : 5
		O_tile_6_addr_3 : 5
		O_tile_6_addr_4 : 5
		O_tile_6_addr_5 : 5
		O_tile_6_addr_6 : 5
		O_tile_6_addr_7 : 5
		O_tile_7_addr : 5
		O_tile_7_addr_1 : 5
		O_tile_7_addr_2 : 5
		O_tile_7_addr_3 : 5
		O_tile_7_addr_4 : 5
		O_tile_7_addr_5 : 5
		O_tile_7_addr_6 : 5
		O_tile_7_addr_7 : 5
		switch_ln110 : 3
		store_ln111 : 1
		store_ln111 : 1
		store_ln111 : 1
		store_ln111 : 1
		store_ln111 : 1
		store_ln111 : 1
		store_ln111 : 1
		store_ln111 : 1
		store_ln111 : 1
		store_ln111 : 1
		store_ln110 : 1
		store_ln110 : 1
		store_ln110 : 1
		store_ln110 : 1
		store_ln111 : 1
		store_ln111 : 1
		store_ln114 : 6
		store_ln114 : 6
		store_ln114 : 6
		store_ln114 : 6
		store_ln114 : 6
		store_ln114 : 6
		store_ln114 : 6
		store_ln114 : 6
		store_ln114 : 6
		store_ln114 : 6
		store_ln114 : 6
		store_ln114 : 6
		store_ln114 : 6
		store_ln114 : 6
		store_ln114 : 6
		store_ln114 : 6
		store_ln108 : 3
		m_state_load : 1
		m_state_1_load : 1
		m_state_2_load : 1
		m_state_3_load : 1
		m_state_4_load : 1
		m_state_5_load : 1
		m_state_6_load : 1
		m_state_7_load : 1
		l_state_load : 1
		l_state_1_load : 1
		l_state_2_load : 1
		l_state_3_load : 1
		l_state_4_load : 1
		l_state_5_load : 1
		l_state_6_load : 1
		l_state_7_load : 1
		write_ln0 : 2
		write_ln0 : 2
		write_ln0 : 2
		write_ln0 : 2
		write_ln0 : 2
		write_ln0 : 2
		write_ln0 : 2
		write_ln0 : 2
		write_ln0 : 2
		write_ln0 : 2
		write_ln0 : 2
		write_ln0 : 2
		write_ln0 : 2
		write_ln0 : 2
		write_ln0 : 2
		write_ln0 : 2
	State 2
	State 3
	State 4


============================================================
+ Verbose Summary: Datapath Resource usage 
============================================================

* Functional unit list:
|----------|------------------------|---------|---------|
| Operation|     Functional Unit    |    FF   |   LUT   |
|----------|------------------------|---------|---------|
|    add   |    add_ln108_fu_858    |    0    |    13   |
|----------|------------------------|---------|---------|
|   icmp   |    icmp_ln108_fu_852   |    0    |    9    |
|----------|------------------------|---------|---------|
|          | write_ln0_write_fu_176 |    0    |    0    |
|          | write_ln0_write_fu_183 |    0    |    0    |
|          | write_ln0_write_fu_190 |    0    |    0    |
|          | write_ln0_write_fu_197 |    0    |    0    |
|          | write_ln0_write_fu_204 |    0    |    0    |
|          | write_ln0_write_fu_211 |    0    |    0    |
|          | write_ln0_write_fu_218 |    0    |    0    |
|   write  | write_ln0_write_fu_225 |    0    |    0    |
|          | write_ln0_write_fu_232 |    0    |    0    |
|          | write_ln0_write_fu_239 |    0    |    0    |
|          | write_ln0_write_fu_246 |    0    |    0    |
|          | write_ln0_write_fu_253 |    0    |    0    |
|          | write_ln0_write_fu_260 |    0    |    0    |
|          | write_ln0_write_fu_267 |    0    |    0    |
|          | write_ln0_write_fu_274 |    0    |    0    |
|          | write_ln0_write_fu_281 |    0    |    0    |
|----------|------------------------|---------|---------|
|   trunc  |   trunc_ln108_fu_848   |    0    |    0    |
|----------|------------------------|---------|---------|
|bitconcatenate|      tmp_s_fu_864      |    0    |    0    |
|----------|------------------------|---------|---------|
|          |    zext_ln114_fu_872   |    0    |    0    |
|          |   zext_ln114_1_fu_890  |    0    |    0    |
|          |   zext_ln114_2_fu_908  |    0    |    0    |
|   zext   |   zext_ln114_3_fu_926  |    0    |    0    |
|          |   zext_ln114_4_fu_944  |    0    |    0    |
|          |   zext_ln114_5_fu_962  |    0    |    0    |
|          |   zext_ln114_6_fu_980  |    0    |    0    |
|          |   zext_ln114_7_fu_998  |    0    |    0    |
|----------|------------------------|---------|---------|
|          |     or_ln114_fu_884    |    0    |    0    |
|          |    or_ln114_1_fu_902   |    0    |    0    |
|          |    or_ln114_2_fu_920   |    0    |    0    |
|    or    |    or_ln114_3_fu_938   |    0    |    0    |
|          |    or_ln114_4_fu_956   |    0    |    0    |
|          |    or_ln114_5_fu_974   |    0    |    0    |
|          |    or_ln114_6_fu_992   |    0    |    0    |
|----------|------------------------|---------|---------|
|   Total  |                        |    0    |    22   |
|----------|------------------------|---------|---------|

Memories:
N/A

* Register list:
+------------------------+--------+
|                        |   FF   |
+------------------------+--------+
|O_tile_1_addr_2_reg_1298|    6   |
|O_tile_1_addr_3_reg_1303|    6   |
|O_tile_1_addr_4_reg_1308|    6   |
|O_tile_1_addr_5_reg_1313|    6   |
|O_tile_1_addr_6_reg_1318|    6   |
|O_tile_1_addr_7_reg_1323|    6   |
|O_tile_2_addr_2_reg_1328|    6   |
|O_tile_2_addr_3_reg_1333|    6   |
|O_tile_2_addr_4_reg_1338|    6   |
|O_tile_2_addr_5_reg_1343|    6   |
|O_tile_2_addr_6_reg_1348|    6   |
|O_tile_2_addr_7_reg_1353|    6   |
|O_tile_3_addr_2_reg_1358|    6   |
|O_tile_3_addr_3_reg_1363|    6   |
|O_tile_3_addr_4_reg_1368|    6   |
|O_tile_3_addr_5_reg_1373|    6   |
|O_tile_3_addr_6_reg_1378|    6   |
|O_tile_3_addr_7_reg_1383|    6   |
|O_tile_4_addr_2_reg_1388|    6   |
|O_tile_4_addr_3_reg_1393|    6   |
|O_tile_4_addr_4_reg_1398|    6   |
|O_tile_4_addr_5_reg_1403|    6   |
|O_tile_4_addr_6_reg_1408|    6   |
|O_tile_4_addr_7_reg_1413|    6   |
|O_tile_5_addr_2_reg_1418|    6   |
|O_tile_5_addr_3_reg_1423|    6   |
|O_tile_5_addr_4_reg_1428|    6   |
|O_tile_5_addr_5_reg_1433|    6   |
|O_tile_5_addr_6_reg_1438|    6   |
|O_tile_5_addr_7_reg_1443|    6   |
|O_tile_6_addr_2_reg_1448|    6   |
|O_tile_6_addr_3_reg_1453|    6   |
|O_tile_6_addr_4_reg_1458|    6   |
|O_tile_6_addr_5_reg_1463|    6   |
|O_tile_6_addr_6_reg_1468|    6   |
|O_tile_6_addr_7_reg_1473|    6   |
|O_tile_7_addr_2_reg_1478|    6   |
|O_tile_7_addr_3_reg_1483|    6   |
|O_tile_7_addr_4_reg_1488|    6   |
|O_tile_7_addr_5_reg_1493|    6   |
|O_tile_7_addr_6_reg_1498|    6   |
|O_tile_7_addr_7_reg_1503|    6   |
| O_tile_addr_2_reg_1268 |    6   |
| O_tile_addr_3_reg_1273 |    6   |
| O_tile_addr_4_reg_1278 |    6   |
| O_tile_addr_5_reg_1283 |    6   |
| O_tile_addr_6_reg_1288 |    6   |
| O_tile_addr_7_reg_1293 |    6   |
|      i_1_reg_1159      |    4   |
|   l_state_1_reg_1220   |   32   |
|   l_state_2_reg_1226   |   32   |
|   l_state_3_reg_1232   |   32   |
|   l_state_4_reg_1238   |   32   |
|   l_state_5_reg_1244   |   32   |
|   l_state_6_reg_1250   |   32   |
|   l_state_7_reg_1256   |   32   |
|    l_state_reg_1214    |   32   |
|   m_state_1_reg_1172   |   32   |
|   m_state_2_reg_1178   |   32   |
|   m_state_3_reg_1184   |   32   |
|   m_state_4_reg_1190   |   32   |
|   m_state_5_reg_1196   |   32   |
|   m_state_6_reg_1202   |   32   |
|   m_state_7_reg_1208   |   32   |
|    m_state_reg_1166    |   32   |
+------------------------+--------+
|          Total         |   804  |
+------------------------+--------+

* Multiplexer (MUX) list: 
|-------------------|------|------|------|--------||---------||---------|
|        Comp       |  Pin | Size |  BW  | S x BW ||  Delay  ||   LUT   |
|-------------------|------|------|------|--------||---------||---------|
| grp_access_fu_736 |  p0  |   4  |   6  |   24   ||    17   |
| grp_access_fu_736 |  p2  |   4  |   0  |    0   ||    17   |
| grp_access_fu_747 |  p0  |   4  |   6  |   24   ||    17   |
| grp_access_fu_747 |  p2  |   4  |   0  |    0   ||    17   |
| grp_access_fu_758 |  p0  |   4  |   6  |   24   ||    17   |
| grp_access_fu_758 |  p2  |   4  |   0  |    0   ||    17   |
| grp_access_fu_769 |  p0  |   4  |   6  |   24   ||    17   |
| grp_access_fu_769 |  p2  |   4  |   0  |    0   ||    17   |
| grp_access_fu_780 |  p0  |   4  |   6  |   24   ||    17   |
| grp_access_fu_780 |  p2  |   4  |   0  |    0   ||    17   |
| grp_access_fu_791 |  p0  |   4  |   6  |   24   ||    17   |
| grp_access_fu_791 |  p2  |   4  |   0  |    0   ||    17   |
| grp_access_fu_802 |  p0  |   4  |   6  |   24   ||    17   |
| grp_access_fu_802 |  p2  |   4  |   0  |    0   ||    17   |
| grp_access_fu_813 |  p0  |   4  |   6  |   24   ||    17   |
| grp_access_fu_813 |  p2  |   4  |   0  |    0   ||    17   |
|-------------------|------|------|------|--------||---------||---------|
|       Total       |      |      |      |   192  || 26.7977 ||   272   |
|-------------------|------|------|------|--------||---------||---------|



* Summary:
+-----------+--------+--------+--------+
|           |  Delay |   FF   |   LUT  |
+-----------+--------+--------+--------+
|  Function |    -   |    0   |   22   |
|   Memory  |    -   |    -   |    -   |
|Multiplexer|   26   |    -   |   272  |
|  Register |    -   |   804  |    -   |
+-----------+--------+--------+--------+
|   Total   |   26   |   804  |   294  |
+-----------+--------+--------+--------+
