INFO-FLOW: Workspace /home/siyenga7/FPGA/hls_cosim_project/solution_cosim opened at Sat Apr 25 21:20:34 MST 2026
Execute       send_msg_by_id INFO @200-1505@%s%s default  vivado 
INFO: [HLS 200-1505] Using default flow_target 'vivado'
Execute       get_config_interface -m_axi_latency 
Execute       send_msg_by_id INFO @200-435@%s%s 'open_solution -flow_target vivado' config_interface -m_axi_latency=0 
INFO: [HLS 200-435] Setting 'open_solution -flow_target vivado' configuration: config_interface -m_axi_latency=0
Execute       config_interface -m_axi_latency=0 
Execute       get_config_interface -m_axi_alignment_byte_size 
Execute       get_config_interface -m_axi_max_widen_bitwidth 
Execute       get_config_interface -default_interface 
Execute       get_config_rtl -register_reset_num 
Execute     set_part xc7a200t-sbg484-1 
INFO: [HLS 200-1510] Running: set_part xc7a200t-sbg484-1 
Execute       create_platform xc7a200t-sbg484-1 -board  
DBG:HLSDevice: Trying to load device library: /packages/apps/fpga/Vitis_HLS/2022.1/lib/lnx64.o/librdi_hlsvwrap.so
DBG:HLSDevice: first parts/arch.xml in RDI_DATADIR: /packages/apps/fpga/Vivado/2022.1/data/parts/arch.xml
DBG:HLSDevice: init success
INFO: [HLS 200-1611] Setting target device to 'xc7a200t-sbg484-1'
Command       create_platform done; 4.28 sec.
Execute       source /packages/apps/fpga/Vitis_HLS/2022.1/common/technology/xilinx/common/xilinx.gen 
Execute         source /packages/apps/fpga/Vitis_HLS/2022.1/common/technology/xilinx/interface/plb46.gen 
Execute         source /packages/apps/fpga/Vitis_HLS/2022.1/common/technology/xilinx/interface/axi4.gen 
Execute         source /packages/apps/fpga/Vitis_HLS/2022.1/common/technology/xilinx/interface/nativeAXI4.gen 
Execute           source /packages/apps/fpga/Vitis_HLS/2022.1/common/technology/xilinx/interface/saxilite.gen 
Execute         source /packages/apps/fpga/Vitis_HLS/2022.1/common/technology/xilinx/scripts/xilinxcoregen.gen 
Execute         source /packages/apps/fpga/Vitis_HLS/2022.1/common/technology/xilinx/interface/XilEDKCoreGen.gen 
Execute         source /packages/apps/fpga/Vitis_HLS/2022.1/common/technology/xilinx/ip/xfir.gen 
Execute         source /packages/apps/fpga/Vitis_HLS/2022.1/common/technology/xilinx/ip/util.gen 
Execute         source /packages/apps/fpga/Vitis_HLS/2022.1/common/technology/xilinx/ip/dds_compiler.gen 
Execute         source /packages/apps/fpga/Vitis_HLS/2022.1/common/technology/xilinx/ip/xfft.gen 
Execute         source /packages/apps/fpga/Vitis_HLS/2022.1/common/technology/xilinx/DSP48/dsp48.gen 
Command       ap_source done; 0.14 sec.
Execute       ap_part_info -name xc7a200t-sbg484-1 -data info 
Execute       config_compile -quiet -complex-mul-dsp=0 
Command     set_part done; 4.46 sec.
Execute     create_clock -period 10 -name default 
INFO: [HLS 200-1510] Running: create_clock -period 10 -name default 
Execute       ap_set_clock -name default -period 10 -default=false 
INFO: [SYN 201-201] Setting up clock 'default' with a period of 10ns.
Execute     csim_design -clean -ldflags -fno-lto -fno-use-linker-plugin -argv /home/siyenga7/FPGA/testvectors/int8 
INFO: [HLS 200-1510] Running: csim_design -clean -ldflags -fno-lto -fno-use-linker-plugin -argv /home/siyenga7/FPGA/testvectors/int8 
INFO: [SIM 211-2] *************** CSIM start ***************
INFO: [SIM 211-4] CSIM will launch GCC as the compiler.
Execute       ap_part_info -name xc7a200t-sbg484-1 -data info 
Execute       source run_sim.tcl 
Command       ap_source done; 0.53 sec.
INFO: [SIM 211-1] CSim done with 0 errors.
INFO: [SIM 211-3] *************** CSIM finish ***************
Command     csim_design done; 9.38 sec.
INFO: [HLS 200-111] Finished Command csim_design CPU user time: 7.34 seconds. CPU system time: 1.07 seconds. Elapsed time: 9.38 seconds; current allocated memory: 0.500 MB.
Execute     csynth_design 
INFO: [HLS 200-1510] Running: csynth_design 
Execute       get_config_compile -effort 
Execute       get_config_compile -enable_clang39 
Execute       get_config_compile -g 
Execute       get_config_compile -hw_syn 
Execute       get_config_compile -ng 
Execute       get_config_compile -opt_fp 
Execute       get_config_compile -skip_cdt 
Execute       get_config_compile -skip_syncheck 
Execute       get_config_compile -skip_transform 
Execute       get_config_compile -pre_tcl 
Execute       get_config_compile -keep_printf 
Execute       elaborate -effort=medium -skip_syncheck=0 -keep_printf=0 -skip_cdt=0 -skip_transform=0 -ng=0 -g=0 -opt_fp=0 -from_csynth_design=1 
INFO: [HLS 200-111] Finished File checks and directory preparation: CPU user time: 0 seconds. CPU system time: 0.01 seconds. Elapsed time: 0.02 seconds; current allocated memory: 454.180 MB.
INFO: [HLS 200-10] Analyzing design file 'attention_int8.cpp' ... 
INFO-FLOW: Compiling one TU...
Execute         get_config_compile -pragma_strict_mode 
INFO-FLOW: Handling attention_int8.cpp as C++
Execute         ap_part_info -name xc7a200t-sbg484-1 -data info 
INFO-FLOW: Running: GCC PP 39
INFO-FLOW: Source preprocessing
Execute         ap_eval exec -ignorestderr /packages/apps/fpga/Vitis_HLS/2022.1/lnx64/tools/clang-3.9-csynth/bin/clang attention_int8.cpp -foptimization-record-file=/home/siyenga7/FPGA/hls_cosim_project/solution_cosim/.autopilot/db/attention_int8.cpp.clang.diag.yml -mllvm -pass-remarks-missed=reflow|pasta|unroll -mllvm -pass-remarks=reflow|pasta|unroll|inline -fno-limit-debug-info -gcc-toolchain /packages/apps/fpga/Vitis_HLS/2022.1/tps/lnx64/gcc-8.3.0 -fhls -fno-exceptions -E -fno-math-errno -c -emit-llvm -mllvm -disable-llvm-optzns -Werror=implicit-function-declaration -Werror=implicit-hls-streams -Werror=return-type -Wpragmas -Wunused-parameter -Wdump-hls-pragmas -fno-threadsafe-statics -fno-use-cxa-atexit -std=gnu++14 -target fpga64-xilinx-linux-gnu -fno-threadsafe-statics -fno-use-cxa-atexit -D__VITIS_HLS__ -DAESL_SYN -D__SYNTHESIS__ -D__HLS_SYN__ -I /packages/apps/fpga/Vitis_HLS/2022.1/common/technology/autopilot -I /packages/apps/fpga/Vitis_HLS/2022.1/common/technology/autopilot/ap_sysc -include etc/autopilot_ssdm_op.h -D__DSP48E1__ -I /usr/include/x86_64-linux-gnu -o /home/siyenga7/FPGA/hls_cosim_project/solution_cosim/.autopilot/db/attention_int8.pp.0.cpp -hls-platform-db-name=/packages/apps/fpga/Vitis_HLS/2022.1/common/technology/xilinx/common/platform.db -hls-platform-name=artix7_slow -device-resource-info=BRAM_730.000000_DSP_740.000000_FF_269200.000000_LUT_134600.000000_SLICE_33650.000000_URAM_0.000000 > /home/siyenga7/FPGA/hls_cosim_project/solution_cosim/.autopilot/db/attention_int8.cpp.clang.out.log 2> /home/siyenga7/FPGA/hls_cosim_project/solution_cosim/.autopilot/db/attention_int8.cpp.clang.err.log 
Command         ap_eval done; 0.55 sec.
INFO-FLOW: Done: GCC PP 39 time: 0.6 seconds per iteration
Execute         set_directive_top attention_int8_kernel -name=attention_int8_kernel 
Execute         source /packages/apps/fpga/Vitis_HLS/2022.1/tps/tcl/tcllib1.11.1/yaml/huddle.tcl 
Execute         source /packages/apps/fpga/Vitis_HLS/2022.1/tps/tcl/tcllib1.11.1/yaml/json2huddle.tcl 
INFO-FLOW: Source syntax check for synthesis
Execute         ap_eval exec -ignorestderr /packages/apps/fpga/Vitis_HLS/2022.1/lnx64/tools/clang-3.9-csynth/bin/clang -foptimization-record-file=/home/siyenga7/FPGA/hls_cosim_project/solution_cosim/.autopilot/db/clang.diag.yml -mllvm -pass-remarks-missed=reflow|pasta|unroll -mllvm -pass-remarks=reflow|pasta|unroll|inline -fsyntax-only -fhls -target fpga64-xilinx-linux-gnu /home/siyenga7/FPGA/hls_cosim_project/solution_cosim/.autopilot/db/attention_int8.pp.0.cpp -hls-platform-db-name=/packages/apps/fpga/Vitis_HLS/2022.1/common/technology/xilinx/common/platform.db -hls-platform-name=artix7_slow -device-resource-info=BRAM_730.000000_DSP_740.000000_FF_269200.000000_LUT_134600.000000_SLICE_33650.000000_URAM_0.000000 > /home/siyenga7/FPGA/hls_cosim_project/solution_cosim/.autopilot/db/clang.out.log 2> /home/siyenga7/FPGA/hls_cosim_project/solution_cosim/.autopilot/db/clang.err.log 
Command         ap_eval done; 3.2 sec.
Execute         clang_tidy xilinx-systemc-detector -desc systemc-detector /home/siyenga7/FPGA/hls_cosim_project/solution_cosim/.autopilot/db/attention_int8.pp.0.cpp std=gnu++14 -target fpga  -directive=/home/siyenga7/FPGA/hls_cosim_project/solution_cosim/.autopilot/db/.systemc_flag 
INFO-FLOW: exec /packages/apps/fpga/Vitis_HLS/2022.1/lnx64/tools/clang-3.9-csynth/bin/clang-tidy -header-filter=.* --checks=-*,xilinx-systemc-detector -import-directive=/home/siyenga7/FPGA/hls_cosim_project/solution_cosim/.autopilot/db/.systemc_flag -fix-errors /home/siyenga7/FPGA/hls_cosim_project/solution_cosim/.autopilot/db/attention_int8.pp.0.cpp -- -std=gnu++14 -target fpga -fhls -ferror-limit=0
Command         clang_tidy done; 3.53 sec.
INFO-FLOW: Running: clang-tidy CDT preprocess 39
Execute         clang_tidy xilinx-directive2pragma -desc directive2pragma /home/siyenga7/FPGA/hls_cosim_project/solution_cosim/.autopilot/db/attention_int8.pp.0.cpp std=gnu++14 -target fpga  -directive=/home/siyenga7/FPGA/hls_cosim_project/solution_cosim/.autopilot/db/all.directive.json 
INFO-FLOW: exec /packages/apps/fpga/Vitis_HLS/2022.1/lnx64/tools/clang-3.9-csynth/bin/clang-tidy -header-filter=.* --checks=-*,xilinx-directive2pragma -import-directive=/home/siyenga7/FPGA/hls_cosim_project/solution_cosim/.autopilot/db/all.directive.json -fix-errors /home/siyenga7/FPGA/hls_cosim_project/solution_cosim/.autopilot/db/attention_int8.pp.0.cpp -- -std=gnu++14 -target fpga -fhls -ferror-limit=0
Command         clang_tidy done; 3.4 sec.
Execute         clang_tidy xilinx-remove-assert -desc remove-assert /home/siyenga7/FPGA/hls_cosim_project/solution_cosim/.autopilot/db/attention_int8.pp.0.cpp std=gnu++14 -target fpga  
INFO-FLOW: exec /packages/apps/fpga/Vitis_HLS/2022.1/lnx64/tools/clang-3.9-csynth/bin/clang-tidy -header-filter=.* --checks=-*,xilinx-remove-assert -fix-errors /home/siyenga7/FPGA/hls_cosim_project/solution_cosim/.autopilot/db/attention_int8.pp.0.cpp -- -std=gnu++14 -target fpga -fhls -ferror-limit=0
Command         clang_tidy done; 6.35 sec.
INFO-FLOW: Done: clang-tidy CDT preprocess 39 time: 9.7 seconds per iteration
INFO-FLOW: Calling xilinx-label-all-loops ... 
INFO-FLOW: Calling xilinx-aggregate-on-hls-vector ... 
Execute         clang_tidy -errorcheck -desc loop-label xilinx-label-all-loops,xilinx-aggregate-on-hls-vector,,xilinx-warn-mayneed-no-ctor-attribute /home/siyenga7/FPGA/hls_cosim_project/solution_cosim/.autopilot/db/attention_int8.pp.0.cpp std=gnu++14 -target fpga  
Execute           ap_eval exec -ignorestderr /packages/apps/fpga/Vitis_HLS/2022.1/lnx64/tools/clang-3.9-csynth/bin/clang-tidy -export-fixes=/home/siyenga7/FPGA/hls_cosim_project/solution_cosim/.autopilot/db/attention_int8.pp.0.cpp.clang-tidy.loop-label.diag.yml -header-filter=.* --checks=-*,xilinx-label-all-loops,xilinx-aggregate-on-hls-vector,,xilinx-warn-mayneed-no-ctor-attribute -fix-errors /home/siyenga7/FPGA/hls_cosim_project/solution_cosim/.autopilot/db/attention_int8.pp.0.cpp -- -std=gnu++14 -target fpga -fhls -ferror-limit=0 > /home/siyenga7/FPGA/hls_cosim_project/solution_cosim/.autopilot/db/attention_int8.pp.0.cpp.clang-tidy.loop-label.out.log 2> /home/siyenga7/FPGA/hls_cosim_project/solution_cosim/.autopilot/db/attention_int8.pp.0.cpp.clang-tidy.loop-label.err.log 
Command           ap_eval done; 6.96 sec.
Execute           source /packages/apps/fpga/Vitis_HLS/2022.1/tps/tcl/tcllib1.11.1/yaml/yaml.tcl 
Command         clang_tidy done; 7.61 sec.
Execute         get_config_dataflow -strict_mode 
Execute         ap_eval exec -ignorestderr /packages/apps/fpga/Vitis_HLS/2022.1/lnx64/tools/clang-3.9-csynth/bin/xilinx-dataflow-lawyer -export-fixes=/home/siyenga7/FPGA/hls_cosim_project/solution_cosim/.autopilot/db/attention_int8.pp.0.cpp.xilinx-dataflow-lawyer.diag.yml /home/siyenga7/FPGA/hls_cosim_project/solution_cosim/.autopilot/db/attention_int8.pp.0.cpp -- -std=gnu++14 -target fpga -fhls -ferror-limit=0 -fstrict-dataflow > /home/siyenga7/FPGA/hls_cosim_project/solution_cosim/.autopilot/db/attention_int8.pp.0.cpp.xilinx-dataflow-lawyer.out.log 2> /home/siyenga7/FPGA/hls_cosim_project/solution_cosim/.autopilot/db/attention_int8.pp.0.cpp.xilinx-dataflow-lawyer.err.log 
Command         ap_eval done; 3.21 sec.
Execute         ap_part_info -name xc7a200t-sbg484-1 -data info 
INFO-FLOW: compiling source code to llvm bc
Execute         ap_eval exec -ignorestderr /packages/apps/fpga/Vitis_HLS/2022.1/lnx64/tools/clang-3.9-csynth/bin/clang -foptimization-record-file=/home/siyenga7/FPGA/hls_cosim_project/solution_cosim/.autopilot/db/attention_int8.pp.0.cpp.clang.diag.yml -mllvm -pass-remarks-missed=reflow|pasta|unroll -mllvm -pass-remarks=reflow|pasta|unroll|inline -fno-limit-debug-info -fhls -flto -fno-exceptions -Wno-error=c++11-narrowing /home/siyenga7/FPGA/hls_cosim_project/solution_cosim/.autopilot/db/attention_int8.pp.0.cpp -fno-math-errno -c -emit-llvm -mllvm -disable-llvm-optzns -Werror=implicit-function-declaration -Werror=implicit-hls-streams -Werror=return-type -Wpragmas -Wunused-parameter -Wdump-hls-pragmas -fno-threadsafe-statics -fno-use-cxa-atexit -std=gnu++14 -target fpga64-xilinx-linux-gnu -D__VITIS_HLS__ -DAESL_SYN -D__SYNTHESIS__ -D__HLS_SYN__ -I /packages/apps/fpga/Vitis_HLS/2022.1/common/technology/autopilot -I /packages/apps/fpga/Vitis_HLS/2022.1/common/technology/autopilot/ap_sysc -include etc/autopilot_ssdm_op.h -D__DSP48E1__ -g -o /home/siyenga7/FPGA/hls_cosim_project/solution_cosim/.autopilot/db/attention_int8.bc -hls-platform-db-name=/packages/apps/fpga/Vitis_HLS/2022.1/common/technology/xilinx/common/platform.db -hls-platform-name=artix7_slow -device-resource-info=BRAM_730.000000_DSP_740.000000_FF_269200.000000_LUT_134600.000000_SLICE_33650.000000_URAM_0.000000 > /home/siyenga7/FPGA/hls_cosim_project/solution_cosim/.autopilot/db/attention_int8.pp.0.cpp.clang.out.log 2> /home/siyenga7/FPGA/hls_cosim_project/solution_cosim/.autopilot/db/attention_int8.pp.0.cpp.clang.err.log 
Command         ap_eval done; 6.19 sec.
INFO: [HLS 200-111] Finished Source Code Analysis and Preprocessing: CPU user time: 31.29 seconds. CPU system time: 2.27 seconds. Elapsed time: 34.56 seconds; current allocated memory: 460.867 MB.
INFO-FLOW: Linking Debug ...
INFO-FLOW: Linking dut bc code.
Execute         run_link_or_opt -out /home/siyenga7/FPGA/hls_cosim_project/solution_cosim/.autopilot/db/a.g.ld.0.bc -args  "/home/siyenga7/FPGA/hls_cosim_project/solution_cosim/.autopilot/db/attention_int8.g.bc"  
Execute           ap_eval exec -ignorestderr /packages/apps/fpga/Vitis_HLS/2022.1/lnx64/tools/clang-3.9-csynth/bin/llvm-link /home/siyenga7/FPGA/hls_cosim_project/solution_cosim/.autopilot/db/attention_int8.g.bc -o /home/siyenga7/FPGA/hls_cosim_project/solution_cosim/.autopilot/db/a.g.ld.0.bc > /home/siyenga7/FPGA/hls_cosim_project/solution_cosim/.autopilot/db/a.g.ld.0.bc.llvm-link.out.log 2> /home/siyenga7/FPGA/hls_cosim_project/solution_cosim/.autopilot/db/a.g.ld.0.bc.llvm-link.err.log 
INFO-FLOW: 
Execute         run_link_or_opt -opt -out /home/siyenga7/FPGA/hls_cosim_project/solution_cosim/.autopilot/db/a.g.ld.1.lower.bc -args /home/siyenga7/FPGA/hls_cosim_project/solution_cosim/.autopilot/db/a.g.ld.0.bc -reflow-lower-math-intrinsics 
Execute           ap_eval exec -ignorestderr /packages/apps/fpga/Vitis_HLS/2022.1/lnx64/tools/clang-3.9-csynth/bin/opt -pass-remarks-missed=reflow|pasta|unroll -pass-remarks=reflow|pasta|unroll|inline -pass-remarks-output=/home/siyenga7/FPGA/hls_cosim_project/solution_cosim/.autopilot/db/a.g.ld.1.lower.bc.opt.diag.yml /home/siyenga7/FPGA/hls_cosim_project/solution_cosim/.autopilot/db/a.g.ld.0.bc -reflow-lower-math-intrinsics -o /home/siyenga7/FPGA/hls_cosim_project/solution_cosim/.autopilot/db/a.g.ld.1.lower.bc > /home/siyenga7/FPGA/hls_cosim_project/solution_cosim/.autopilot/db/a.g.ld.1.lower.bc.opt.out.log 2> /home/siyenga7/FPGA/hls_cosim_project/solution_cosim/.autopilot/db/a.g.ld.1.lower.bc.opt.err.log 
INFO-FLOW: 
INFO-FLOW: Linking math bc lib
Execute         run_link_or_opt -out /home/siyenga7/FPGA/hls_cosim_project/solution_cosim/.autopilot/db/a.g.ld.2.m1.bc -args /home/siyenga7/FPGA/hls_cosim_project/solution_cosim/.autopilot/db/a.g.ld.1.lower.bc -only-needed /packages/apps/fpga/Vitis_HLS/2022.1/lnx64/lib/libhlsm_39.bc /packages/apps/fpga/Vitis_HLS/2022.1/lnx64/lib/libhlsmc++_39.bc 
Execute           ap_eval exec -ignorestderr /packages/apps/fpga/Vitis_HLS/2022.1/lnx64/tools/clang-3.9-csynth/bin/llvm-link /home/siyenga7/FPGA/hls_cosim_project/solution_cosim/.autopilot/db/a.g.ld.1.lower.bc -only-needed /packages/apps/fpga/Vitis_HLS/2022.1/lnx64/lib/libhlsm_39.bc /packages/apps/fpga/Vitis_HLS/2022.1/lnx64/lib/libhlsmc++_39.bc -o /home/siyenga7/FPGA/hls_cosim_project/solution_cosim/.autopilot/db/a.g.ld.2.m1.bc > /home/siyenga7/FPGA/hls_cosim_project/solution_cosim/.autopilot/db/a.g.ld.2.m1.bc.llvm-link.out.log 2> /home/siyenga7/FPGA/hls_cosim_project/solution_cosim/.autopilot/db/a.g.ld.2.m1.bc.llvm-link.err.log 
Command           ap_eval done; 3.85 sec.
INFO-FLOW: 
Command         run_link_or_opt done; 3.88 sec.
Execute         run_link_or_opt -opt -out /home/siyenga7/FPGA/hls_cosim_project/solution_cosim/.autopilot/db/a.g.ld.3.fpc.bc -args /home/siyenga7/FPGA/hls_cosim_project/solution_cosim/.autopilot/db/a.g.ld.2.m1.bc -reflow-globaldce -hls-top-function-name=attention_int8_kernel -reflow-float-conversion 
Execute           ap_eval exec -ignorestderr /packages/apps/fpga/Vitis_HLS/2022.1/lnx64/tools/clang-3.9-csynth/bin/opt -pass-remarks-missed=reflow|pasta|unroll -pass-remarks=reflow|pasta|unroll|inline -pass-remarks-output=/home/siyenga7/FPGA/hls_cosim_project/solution_cosim/.autopilot/db/a.g.ld.3.fpc.bc.opt.diag.yml /home/siyenga7/FPGA/hls_cosim_project/solution_cosim/.autopilot/db/a.g.ld.2.m1.bc -reflow-globaldce -hls-top-function-name=attention_int8_kernel -reflow-float-conversion -o /home/siyenga7/FPGA/hls_cosim_project/solution_cosim/.autopilot/db/a.g.ld.3.fpc.bc > /home/siyenga7/FPGA/hls_cosim_project/solution_cosim/.autopilot/db/a.g.ld.3.fpc.bc.opt.out.log 2> /home/siyenga7/FPGA/hls_cosim_project/solution_cosim/.autopilot/db/a.g.ld.3.fpc.bc.opt.err.log 
Command           ap_eval done; 1.01 sec.
INFO-FLOW: 
Command         run_link_or_opt done; 1.03 sec.
Execute         run_link_or_opt -out /home/siyenga7/FPGA/hls_cosim_project/solution_cosim/.autopilot/db/a.g.ld.4.m2.bc -args /home/siyenga7/FPGA/hls_cosim_project/solution_cosim/.autopilot/db/a.g.ld.3.fpc.bc -only-needed /packages/apps/fpga/Vitis_HLS/2022.1/lnx64/lib/libfloatconversion_39.bc 
Execute           ap_eval exec -ignorestderr /packages/apps/fpga/Vitis_HLS/2022.1/lnx64/tools/clang-3.9-csynth/bin/llvm-link /home/siyenga7/FPGA/hls_cosim_project/solution_cosim/.autopilot/db/a.g.ld.3.fpc.bc -only-needed /packages/apps/fpga/Vitis_HLS/2022.1/lnx64/lib/libfloatconversion_39.bc -o /home/siyenga7/FPGA/hls_cosim_project/solution_cosim/.autopilot/db/a.g.ld.4.m2.bc > /home/siyenga7/FPGA/hls_cosim_project/solution_cosim/.autopilot/db/a.g.ld.4.m2.bc.llvm-link.out.log 2> /home/siyenga7/FPGA/hls_cosim_project/solution_cosim/.autopilot/db/a.g.ld.4.m2.bc.llvm-link.err.log 
Command           ap_eval done; 0.19 sec.
INFO-FLOW: 
Command         run_link_or_opt done; 0.2 sec.
Execute         run_link_or_opt -opt -out /home/siyenga7/FPGA/hls_cosim_project/solution_cosim/.autopilot/db/a.g.ld.5.gdce.bc -args /home/siyenga7/FPGA/hls_cosim_project/solution_cosim/.autopilot/db/a.g.ld.4.m2.bc -reflow-globaldce -hls-top-function-name=attention_int8_kernel 
Execute           ap_eval exec -ignorestderr /packages/apps/fpga/Vitis_HLS/2022.1/lnx64/tools/clang-3.9-csynth/bin/opt -pass-remarks-missed=reflow|pasta|unroll -pass-remarks=reflow|pasta|unroll|inline -pass-remarks-output=/home/siyenga7/FPGA/hls_cosim_project/solution_cosim/.autopilot/db/a.g.ld.5.gdce.bc.opt.diag.yml /home/siyenga7/FPGA/hls_cosim_project/solution_cosim/.autopilot/db/a.g.ld.4.m2.bc -reflow-globaldce -hls-top-function-name=attention_int8_kernel -o /home/siyenga7/FPGA/hls_cosim_project/solution_cosim/.autopilot/db/a.g.ld.5.gdce.bc > /home/siyenga7/FPGA/hls_cosim_project/solution_cosim/.autopilot/db/a.g.ld.5.gdce.bc.opt.out.log 2> /home/siyenga7/FPGA/hls_cosim_project/solution_cosim/.autopilot/db/a.g.ld.5.gdce.bc.opt.err.log 
Command           ap_eval done; 0.13 sec.
INFO-FLOW: 
Command         run_link_or_opt done; 0.13 sec.
Execute         get_solution -flow_target 
Execute         get_config_export -xo 
Execute         get_config_export -format 
Execute         get_config_rtl -module_prefix 
Execute         get_config_interface -default_slave_interface 
Execute         get_solution -flow_target 
Execute         get_config_export -xo 
Execute         get_config_export -format 
Execute         get_config_interface -m_axi_offset 
Execute         get_config_interface -m_axi_latency 
Execute         get_config_interface -m_axi_alignment_byte_size 
Execute         get_config_interface -m_axi_min_bitwidth 
Execute         get_config_interface -m_axi_max_bitwidth 
Execute         get_config_interface -m_axi_max_widen_bitwidth 
Execute         get_config_interface -m_axi_num_read_outstanding 
Execute         get_config_interface -m_axi_num_write_outstanding 
Execute         get_config_interface -m_axi_max_read_burst_length 
Execute         get_config_interface -m_axi_max_write_burst_length 
Execute         get_config_interface -m_axi_min_bitwidth 
Execute         get_config_interface -m_axi_max_bitwidth 
Execute         get_config_interface -m_axi_latency 
Execute         get_config_interface -m_axi_min_bitwidth 
Execute         get_config_interface -m_axi_max_bitwidth 
Execute         get_config_interface -m_axi_max_widen_bitwidth 
Execute         get_config_interface -m_axi_auto_max_ports 
Execute         get_config_interface -m_axi_num_read_outstanding 
Execute         get_config_interface -m_axi_num_write_outstanding 
Execute         get_config_interface -m_axi_max_read_burst_length 
Execute         get_config_interface -m_axi_max_write_burst_length 
Execute         get_config_interface -s_axilite_data64 
Execute         get_config_compile -instruction_warning_threshold 
Execute         get_config_compile -pipeline_loops 
Execute         get_config_interface -m_axi_alignment_byte_size 
Execute         get_config_compile -pragma_strict_mode 
Execute         get_config_compile -pipeline_style 
Execute         get_config_dataflow -strict_mode 
Execute         get_config_array_partition -throughput_driven 
Execute         send_msg_by_id INFO @200-777@%s Vivado 
INFO: [HLS 200-777] Using interface defaults for 'Vivado' flow target.
Execute         is_m_axi_addr64 
Execute         get_clock_period -ns -default 
INFO-FLOW: Doing LTO.
Execute         ap_eval exec -ignorestderr /packages/apps/fpga/Vitis_HLS/2022.1/lnx64/tools/clang-3.9-csynth/bin/clang -foptimization-record-file=/home/siyenga7/FPGA/hls_cosim_project/solution_cosim/.autopilot/db/a.g.ld.0.bc.clang.diag.yml -mllvm -pass-remarks-missed=reflow|pasta|unroll -mllvm -pass-remarks=reflow|pasta|unroll|inline -fhls -mllvm -hls-top-function-name=attention_int8_kernel -mllvm -hls-db-dir -mllvm /home/siyenga7/FPGA/hls_cosim_project/solution_cosim/.autopilot/db -emit-llvm -c -target fpga64-xilinx-none -mllvm -xcl-xmlinfo=/home/siyenga7/FPGA/hls_cosim_project/solution_cosim/.autopilot/db/kernel.internal.xml -mllvm -top-io-mapping-info=/home/siyenga7/FPGA/hls_cosim_project/solution_cosim/.autopilot/db/top-io-fe.xml -mllvm -hls-bitcode-version=3.1 -mllvm -reflow-enable-slave-interface-default-setting=true -mllvm -gen-kernel-xml=false -mllvm -default-maxi-offset=slave -mllvm -maxi-latency=0 -mllvm -hls-maxi-data-size-in-bits=8 -mllvm -hls-maxi-max-data-size-in-bits=1024 -mllvm -hls-max-widen-size-in-bits=0 -mllvm -xcl-kernel-max-mem-ports=0 -mllvm -maxi-read-trans=16 -mllvm -maxi-write-trans=16 -mllvm -maxi-read-burst-len=16 -mllvm -maxi-write-burst-len=16 -mllvm -reflow-enable-saxi-64bits=0 -mllvm -reflow-basic-block-instr-threshold=200000 -mllvm -reflow-auto-pipeline-threshold=64 -mllvm -assume-maxi-align=0 -mllvm -no-unaligned-maxi-accesses -mllvm -reflow-pipeline-style-llvm-setting=2 -mllvm -reflow-enable-dataflow-strict-mode-checking=1 -mllvm -reflow-auto-array-partition-mode=default -mllvm -reflow-enable-auto-array-partition=true -mllvm -reflow-enable-auto-parallel-performance-driven=true -mllvm -reflow-enable-partition-for-automation=true -mllvm -reflow-aggregate-bitwidth-threshold=4096 -mllvm -hls -mllvm -disable-inlined-alloca-merging=true -x ir /home/siyenga7/FPGA/hls_cosim_project/solution_cosim/.autopilot/db/a.g.ld.5.gdce.bc -o /home/siyenga7/FPGA/hls_cosim_project/solution_cosim/.autopilot/db/a.g.lto.bc -hls-platform-db-name=/packages/apps/fpga/Vitis_HLS/2022.1/common/technology/xilinx/common/platform.db -hls-platform-name=artix7_slow -device-resource-info=BRAM_730.000000_DSP_740.000000_FF_269200.000000_LUT_134600.000000_SLICE_33650.000000_URAM_0.000000 > /home/siyenga7/FPGA/hls_cosim_project/solution_cosim/.autopilot/db/a.g.ld.0.bc.clang.out.log 2> /home/siyenga7/FPGA/hls_cosim_project/solution_cosim/.autopilot/db/a.g.ld.0.bc.clang.err.log 
Command         ap_eval done; 5.21 sec.
INFO: [HLS 214-131] Inlining function 'fast_expf(float)' into 'attention_int8_kernel' (attention_int8.cpp:170:13)
INFO: [HLS 214-131] Inlining function 'fast_expf(float)' into 'attention_int8_kernel' (attention_int8.cpp:163:47)
INFO: [HLS 214-291] Loop 'VITIS_LOOP_112_6' is marked as complete unroll implied by the pipeline pragma (attention_int8.cpp:112:35)
INFO: [HLS 214-291] Loop 'VITIS_LOOP_149_12' is marked as complete unroll implied by the pipeline pragma (attention_int8.cpp:149:44)
INFO: [HLS 214-291] Loop 'VITIS_LOOP_183_17' is marked as complete unroll implied by the pipeline pragma (attention_int8.cpp:183:44)
INFO: [HLS 214-186] Unrolling loop 'VITIS_LOOP_112_6' (attention_int8.cpp:112:35) in function 'attention_int8_kernel' completely with a factor of 64 (attention_int8.cpp:64:0)
INFO: [HLS 214-186] Unrolling loop 'VITIS_LOOP_149_12' (attention_int8.cpp:149:44) in function 'attention_int8_kernel' completely with a factor of 64 (attention_int8.cpp:64:0)
INFO: [HLS 214-186] Unrolling loop 'VITIS_LOOP_174_15' (attention_int8.cpp:174:40) in function 'attention_int8_kernel' completely with a factor of 128 (attention_int8.cpp:64:0)
INFO: [HLS 214-186] Unrolling loop 'VITIS_LOOP_183_17' (attention_int8.cpp:183:44) in function 'attention_int8_kernel' completely with a factor of 128 (attention_int8.cpp:64:0)
INFO: [HLS 214-178] Inlining function 'fp_struct<float>::fp_struct(float)' into 'int generic_cast_IEEE754<int, (ap_q_mode)6, float>(float, bool, hls::enable_if<std::numeric_limits<int>::is_signed, bool>::type)' (/wrk/ci/prod/2022.1/rdi_builds/continuous/2022_04_18_3526262/src/shared/hls/clib/hlsmath/include/FloatingPoint/hls_case_IEEE754.h:12:0)
INFO: [HLS 214-178] Inlining function 'fp_struct<float>::mantissa() const' into 'int generic_cast_IEEE754<int, (ap_q_mode)6, float>(float, bool, hls::enable_if<std::numeric_limits<int>::is_signed, bool>::type)' (/wrk/ci/prod/2022.1/rdi_builds/continuous/2022_04_18_3526262/src/shared/hls/clib/hlsmath/include/FloatingPoint/hls_case_IEEE754.h:12:0)
INFO: [HLS 214-178] Inlining function 'fp_struct<float>::expv() const' into 'int generic_cast_IEEE754<int, (ap_q_mode)6, float>(float, bool, hls::enable_if<std::numeric_limits<int>::is_signed, bool>::type)' (/wrk/ci/prod/2022.1/rdi_builds/continuous/2022_04_18_3526262/src/shared/hls/clib/hlsmath/include/FloatingPoint/hls_case_IEEE754.h:12:0)
INFO: [HLS 214-178] Inlining function 'fp_struct<float>::__signbit() const' into 'int generic_cast_IEEE754<int, (ap_q_mode)6, float>(float, bool, hls::enable_if<std::numeric_limits<int>::is_signed, bool>::type)' (/wrk/ci/prod/2022.1/rdi_builds/continuous/2022_04_18_3526262/src/shared/hls/clib/hlsmath/include/FloatingPoint/hls_case_IEEE754.h:12:0)
INFO: [HLS 214-178] Inlining function 'int generic_cast_IEEE754<int, (ap_q_mode)6, float>(float, bool, hls::enable_if<std::numeric_limits<int>::is_signed, bool>::type)' into 'int generic_cast_IEEE754<int, float>(float, bool)' (/wrk/ci/prod/2022.1/rdi_builds/continuous/2022_04_18_3526262/src/shared/hls/clib/hlsmath/include/FloatingPoint/hls_case_IEEE754.h:116:0)
INFO: [HLS 214-178] Inlining function 'int generic_cast_IEEE754<int, float>(float, bool)' into '__hls_fptosi_float_i32' (/wrk/ci/prod/2022.1/rdi_builds/continuous/2022_04_18_3526262/src/shared/hls/clib/hlsmath/src/lib_floatconversion.cpp:51:0)
INFO: [HLS 214-178] Inlining function '__hls_fptosi_float_i32' into 'attention_int8_kernel' (attention_int8.cpp:64:0)
INFO: [HLS 214-248] Applying array_partition to '_ZZL9fast_expffE3lut': Complete partitioning on dimension 1. (attention_int8.cpp:37:0)
INFO: [HLS 214-248] Applying array_partition to 'Q_tile': Complete partitioning on dimension 2. (attention_int8.cpp:91:17)
INFO: [HLS 214-248] Applying array_partition to 'O_tile': Cyclic partitioning with factor 8 on dimension 2. (attention_int8.cpp:92:19)
INFO: [HLS 214-248] Applying array_partition to 'm_state': Complete partitioning on dimension 1. (attention_int8.cpp:93:19)
INFO: [HLS 214-248] Applying array_partition to 'l_state': Complete partitioning on dimension 1. (attention_int8.cpp:94:19)
INFO: [HLS 214-248] Applying array_partition to 'K_tile': Complete partitioning on dimension 2. (attention_int8.cpp:121:21)
INFO: [HLS 214-248] Applying array_partition to 'V_tile': Cyclic partitioning with factor 8 on dimension 2. (attention_int8.cpp:122:21)
INFO: [HLS 214-248] Applying array_partition to 'scores': Cyclic partitioning with factor 8 on dimension 2. (attention_int8.cpp:138:23)
INFO: [HLS 214-248] Applying array_partition to 'row_max': Complete partitioning on dimension 1. (attention_int8.cpp:139:23)
INFO: [HLS 214-248] Applying array_partition to 'P_row': Complete partitioning on dimension 1. (attention_int8.cpp:165:27)
INFO: [HLS 214-241] Aggregating maxi variable 'O_out' with compact=none mode in 16-bits
INFO: [HLS 214-241] Aggregating maxi variable 'V_in' with compact=none mode in 8-bits
INFO: [HLS 214-241] Aggregating maxi variable 'K_in' with compact=none mode in 8-bits
INFO: [HLS 214-241] Aggregating maxi variable 'Q_in' with compact=none mode in 8-bits
INFO: [HLS 214-115] Multiple burst writes of length 8192 and bit width 16 in loop 'VITIS_LOOP_89_2'(attention_int8.cpp:89:26) has been inferred on bundle 'gmem3'. These burst requests might be further partitioned into multiple requests during RTL generation, based on max_read_burst_length or max_write_burst_length settings. (attention_int8.cpp:89:26)
INFO: [HLS 214-115] Multiple burst reads of length 512 and bit width 8 in loop 'VITIS_LOOP_101_3'(attention_int8.cpp:101:20) has been inferred on bundle 'gmem0'. These burst requests might be further partitioned into multiple requests during RTL generation, based on max_read_burst_length or max_write_burst_length settings. (attention_int8.cpp:101:20)
INFO: [HLS 214-115] Multiple burst reads of length 8192 and bit width 8 in loop 'VITIS_LOOP_130_8'(attention_int8.cpp:130:20) has been inferred on bundle 'gmem1'. These burst requests might be further partitioned into multiple requests during RTL generation, based on max_read_burst_length or max_write_burst_length settings. (attention_int8.cpp:130:20)
INFO: [HLS 214-115] Multiple burst reads of length 8192 and bit width 8 in loop 'VITIS_LOOP_130_8'(attention_int8.cpp:130:20) has been inferred on bundle 'gmem2'. These burst requests might be further partitioned into multiple requests during RTL generation, based on max_read_burst_length or max_write_burst_length settings. (attention_int8.cpp:130:20)
INFO-FLOW: DBG:PUTS: copy_raw_kernel_xml ap_link_39: kernel.xml not generated: /home/siyenga7/FPGA/hls_cosim_project/solution_cosim/.autopilot/db/kernel.internal.xml
INFO: [HLS 200-111] Finished Compiling Optimization and Transform: CPU user time: 9.46 seconds. CPU system time: 1.14 seconds. Elapsed time: 11.27 seconds; current allocated memory: 461.133 MB.
INFO: [HLS 200-111] Finished Checking Pragmas: CPU user time: 0 seconds. CPU system time: 0 seconds. Elapsed time: 0.01 seconds; current allocated memory: 461.133 MB.
Execute         opt_and_import_c a -opt_level=2 -skip_syncheck=0 -ng=0 -keep_printf=0 
Execute           cleanup_all_models 
INFO: [HLS 200-10] Starting code transformations ...
INFO-FLOW: Running Standard Transforms...
Execute           transform -hls -share-std-xform -demangle-name -inline-byval-memcpy -always-inline -promote-dbg-pointer -interface-preproc -mem2reg -scalarrepl -mem2reg -keep-read-access -instcombine -dce -promote-dbg-pointer -bitop-raise -loop-simplify -indvarspre -indvars -loop-simplify -xunroll -constprop -instcombine -simplifycfg -indvars -simplifycfg -dce -globaldce -basicaa -simplifycfg -mem2reg -globalopt -global-constprop -deadargelim -instcombine -simplifycfg -scalarrepl -instcombine -reassociate -licm -simplifycfg -loop-simplify -indvars -instcombine -simplifycfg -mem2reg -loop-simplify -indvars -instcombine -gvn -gvn -instcombine -adce -break-crit-edges -simplifycfg -loop-delete -global-array-opt -dce -dse -adce -find-syn-modules -top attention_int8_kernel -deadargelim -mem2reg -instcombine -dce -presyn-prepare -auto-rom-infer -interface-preproc -syn-check -check-rec-only -find-region -simplifycfg -func-extr -function-inline -globaldce -mem2reg -instcombine -dce -gvn -globaldce -adce -adse -constprop -instcombine -bit-constprop -instcombine -dce -simplifycfg -bitop-raise -simplifycfg -dce -loop-delete -reassociate -globalopt -global-privatize -mem2reg -dce -global-constprop -pointer-simplify -constprop -dce -func-inst -deadargelim -auto-shift-reg-idiom -promote-dbg-pointer -norm-name /home/siyenga7/FPGA/hls_cosim_project/solution_cosim/.autopilot/db/a.g.0.bc -o /home/siyenga7/FPGA/hls_cosim_project/solution_cosim/.autopilot/db/a.g.1.bc -f -phase std-opt 
Command           transform done; 1.34 sec.
INFO: [HLS 200-111] Finished Standard Transforms: CPU user time: 1.29 seconds. CPU system time: 0.04 seconds. Elapsed time: 1.41 seconds; current allocated memory: 496.238 MB.
INFO: [HLS 200-10] Checking synthesizability ...
INFO-FLOW: Checking Synthesizability 1/2..
Execute           transform -hls -syn-check -check-rec-only -scalarrepl -norm-name -dce -mem2reg -instcombine -function-uniquify -directive-preproc -mem2reg -dse -dce -auto-rom-infer -dce -pag -array-normalize -instcombine -dce -array-seg-normalize -instcombine -dce -data-pack -instcombine -dce -inst-simplify -array-flatten -instcombine -dce -array-burst -dce -deadargelim -promote-global-argument -simplifycfg -mem2reg -globaldce -dce -deadargelim -dce -instcombine -function-inline -globaldce -dce -doublePtrSimplify -doublePtrElim -dce -doublePtrSimplify -promote-dbg-pointer -dce -scalarrepl -dse -adse -instcombine -ptrLegalization -simplifycfg -dce -instcombine -pointer-simplify -ptrArgReplace -dce -instcombine -resolve-double-ptr -scalarrepl -norm-name -dce -mem2reg -instcombine -ptrLegalization -simplifycfg -deadargelim -instcombine -dce -inst-simplify -function-uniquify -directive-preproc -mem2reg -dse -dce -globaldce /home/siyenga7/FPGA/hls_cosim_project/solution_cosim/.autopilot/db/a.g.1.bc -o /home/siyenga7/FPGA/hls_cosim_project/solution_cosim/.autopilot/db/a.g.2.prechk.bc -f 
Command           transform done; 0.83 sec.
INFO-FLOW: Checking Synthesizability 2/2..
Execute           transform -syn-check /home/siyenga7/FPGA/hls_cosim_project/solution_cosim/.autopilot/db/a.g.2.prechk.bc -o /home/siyenga7/FPGA/hls_cosim_project/solution_cosim/.autopilot/db/a.g.2.bc -f -phase syn-check 
Command           transform done; 0.18 sec.
INFO: [HLS 200-111] Finished Checking Synthesizability: CPU user time: 0.96 seconds. CPU system time: 0.03 seconds. Elapsed time: 1.03 seconds; current allocated memory: 531.352 MB.
INFO-FLOW: Compiler optimizing ...
INFO-FLOW: Share syncheck's 1.bc for syn flow: copy /home/siyenga7/FPGA/hls_cosim_project/solution_cosim/.autopilot/db/a.g.1.bc to /home/siyenga7/FPGA/hls_cosim_project/solution_cosim/.autopilot/db/a.o.1.bc
INFO-FLOW: Presyn 1...
Execute           transform -hls -tmp /home/siyenga7/FPGA/hls_cosim_project/solution_cosim/.autopilot/db -interface-port-rename -function-uniquify -directive-preproc -mem2reg -dse -dce -scalarrepl -norm-name -deadargelim -mem2reg -instcombine -dce -simplifycfg -auto-rom-infer -dce -function-uniquify -resource-proc -clib-intrinsic-prepare -dce -func-buffer -dce -pag -array-normalize -func-legal -instcombine -gvn -constprop -dce -simplifycfg -mem2reg -globaldce -resolve-double-ptr -dce -deadargelim -dce -instcombine -ptrArgReplace -mem2reg -dce -array-seg-normalize -deadargelim -instcombine -dce -function-uniquify -directive-preproc -mem2reg -dse -dce -pointer-simplify -dce -port-alignment -dce -interface-preproc -data-pack -instcombine -dce -basicaa -aggr-aa -aggrmodref-aa -aggr-aa -gvn -gvn -basicaa -aggr-aa -aggrmodref-aa -aggr-aa -dse -adse -adce -loop-simplify -indvars -instcombine -gvn -loop-simplify -mem2reg -dce -find-region -instcombine -auto-loop-pipeline -inst-simplify -interface-preproc -cfgopt -instcombine -indvars -auto-loop-unroll -loop-simplify -loop-bound -xunroll -constprop -instcombine -simplifycfg -indvars -simplifycfg -dce -globaldce -clean-region -attach-range -gvn -inst-simplify -constprop -simplifycfg -dce -pointer-simplify -dce -globalopt -constprop -dce -array-promote -scalar-auto-dep-elim -constprop -dce -ptrArgReplace -mem2reg -simplifycfg -dce -instcombine -dce -array-transform-check -array-reshape -instcombine -simplifycfg -dce -ptrArgReplace -deadargelim -mem2reg -instcombine -simplifycfg -dce -indvars -loop-simplify -loop-bound -xunroll -constprop -instcombine -simplifycfg -indvars -simplifycfg -dce -globaldce -basicaa -aggr-aa -aggrmodref-aa -aggr-aa -dse -duplicate-dataflow-processes -globaldce -instcombine -array-partition -prepare-dynamic-array-partition -instcombine -simplifycfg -dce -ptrArgReplace -global-constprop -deadargelim -mem2reg -func-legal -dce -global-constprop -deadargelim -mem2reg -simplifycfg -dce -merge-param -deadargelim -globalopt -constprop -dce -array-promote -scalar-auto-dep-elim -constprop -dce -ptrArgReplace -mem2reg -simplifycfg -dce -mem-intrinsic-preproc -dce -global-internalize -global-privatize -mem2reg -globaldce -promote-global-argument -ptrArgReplace -mem2reg -dce -globalopt -mergereturn -simplify-global-access -mem2reg -dce -pointer-simplify -dce -functionattrs -basicaa -aggr-aa -aggrmodref-aa -aggr-aa -gvn -gvn -basicaa -aggr-aa -aggrmodref-aa -aggr-aa -dse -adse -adce -dce -norm-name -basicaa -aggr-aa -aggrmodref-aa -aggr-aa -accesses-merge -function-inline -complex-op-raise -inst-simplify -globaldce -func-inst -constprop -instcombine -simplifycfg -dce -func-legal -dce -loop-bound -arraycheck -bitwidthmin2 -bitwidthmin2 -on-by-dataflow -loop-delete -instcombine -simplifycfg -globaldce -dce -gvn -deadargelim -dce -loop-simplify -clean-region -simplifycfg -propagate-stable-arguments -loop-stream -instcombine -simplifycfg -dce -globaldce -duplicate-dataflow-processes -stream-intrinsic-preproc -dce -check-ap-stream -loop-simplify -eliminate-keepreads -extract-dataflow-in-loop -loop-simplify -dce -gvn -deadargelim -dse -duplicate-dataflow-processes -check-dataflow-syntax -legalize-stream-variable -legalize-global -extract-subproc -dce -dead-channel-elimination -canonicalize-gep -globaldce -dce -gvn -hls-dead-arg-elim -deadargelim -directive-preproc -annotate-dataflow-channels -canonicalize-dataflow -dce -globaldce -scalar-preprocessing -scalar-propagation2 -deadargelim -globaldce -mem2reg -check-dataflow-channels -function-stream -dce -globaldce -prop-fifo-spec -internal-stream-gen -canonicalize-gep -globaldce -dce -gvn -deadargelim -mergereturn -indvars -loop-simplify -instcombine -array-stream -array-seg-normalize -array-partition -func-legal -instcombine -simplifycfg -dce -bundle-memfifo-ops -deadargelim -function-uniquify -directive-preproc -mem2reg -dse -dce -group-axi-access -licm -simplifycfg -dce -loop-delete -hls-display -norm-name /home/siyenga7/FPGA/hls_cosim_project/solution_cosim/.autopilot/db/a.o.1.bc -o /home/siyenga7/FPGA/hls_cosim_project/solution_cosim/.autopilot/db/a.o.1.tmp.bc -f 
Command           transform done; 3.58 sec.
INFO-FLOW: Presyn 2...
Execute           transform -hls -keep-callgraph -scalarrepl -mem2reg -port-alignment -attach-range -dce -pipe-mux-gen -indvars -loop-bound -inst-simplify -instcombine -dce -merge-array-access -mem2reg -dce -clean-region -mergereturn -if-conv -instcombine -dce -constprop -basicaa -aggr-aa -aggrmodref-aa -aggr-aa -gvn -gvn -basicaa -aggr-aa -aggrmodref-aa -aggr-aa -dse -adse -adce -scalarrepl -mem2reg -global-constprop -deadargelim -deadargelim -instcombine -dce -simplifycfg -ptrArgReplace -mem2reg -function-inline -globaldce -mem2reg -instcombine -dce -expr-balance -instcombine -dce -bitwidthmin2 -bitwidthmin2 -interface-preproc -directive-preproc -inst-rectify -instcombine -dce -functionattrs -constprop -instcombine -bit-constprop -simplify-global-access -globalopt -globaldce -inst-simplify -instcombine -elimdeaddata -dce -loop-delete -simplifycfg -loop-simplify -auto-burst -barrier -norm-name /home/siyenga7/FPGA/hls_cosim_project/solution_cosim/.autopilot/db/a.o.1.tmp.bc -o /home/siyenga7/FPGA/hls_cosim_project/solution_cosim/.autopilot/db/a.o.2.bc -f -phase presyn 
INFO: [XFORM 203-401] Performing if-conversion on hyperblock from (attention_int8.cpp:176:8) to (attention_int8.cpp:180:40) in function 'attention_int8_kernel'... converting 9 basic blocks.
INFO: [XFORM 203-401] Performing if-conversion on hyperblock from (attention_int8.cpp:189:32) to (attention_int8.cpp:161:36) in function 'attention_int8_kernel'... converting 9 basic blocks.
INFO: [XFORM 203-11] Balancing expressions in function 'attention_int8_kernel' (attention_int8.cpp:32:40)...74 expression(s) balanced.
Command           transform done; 0.86 sec.
INFO: [HLS 200-111] Finished Loop, function and other optimizations: CPU user time: 4.31 seconds. CPU system time: 0.07 seconds. Elapsed time: 4.46 seconds; current allocated memory: 606.574 MB.
Execute           get_config_compile -enable_auto_rewind 
Execute           get_config_compile -enable_loop_extract 
INFO-FLOW: Building ssdm...
Execute           transform -hls -function-uniquify -auto-function-inline -globaldce -ptrArgReplace -mem2reg -dce -reset-lda -loop-simplify -indvars -aggr-aa -licm -loop-dep -loop-bound -licm -loop-simplify -loop-sink-hoist -flattenloopnest -array-flatten -gvn -instcombine -dce -array-map -dce -func-legal -gvn -adce -instcombine -cfgopt -simplifycfg -loop-simplify -array-burst -promote-global-argument -dce -array-seg-normalize -basicaa -aggrmodref-aa -globalsmodref-aa -aggr-aa -gvn -gvn -basicaa -aggrmodref-aa -globalsmodref-aa -aggr-aa -dse -adse -adce -licm -inst-simplify -dce -globaldce -instcombine -array-stream -eliminate-keepreads -instcombine -dce -deadargelim -doublePtrSimplify -doublePtrElim -dce -doublePtrSimplify -promote-dbg-pointer -dce -scalarrepl -mem2reg -norm-name -mem2reg -instcombine -dse -adse -adce -ptrLegalization -dce -auto-rom-infer -array-flatten -dce -instcombine -check-doubleptr -loop-rot -constprop -cfgopt -simplifycfg -loop-simplify -indvars -pointer-simplify -dce -loop-bound -loop-simplify -loop-preproc -constprop -global-constprop -gvn -mem2reg -instcombine -dce -loop-bound -loop-merge -dce -deadargelim -dce -canonicalize-dataflow -dce -deadargelim -globaldce -mem2reg -bram-byte-enable -load-elim -read-loop-dep -loop-simplify -loop-extract-inner -directive-preproc -bitwidthmin2 -bitwidthmin2 -read-loop-dep -interface-preproc -directive-preproc -interface-gen -bram-byte-enable-spec-prop -deadargelim -inst-simplify -dce -gvn -mem2reg -instcombine -dce -adse -loop-bound -instcombine -cfgopt -simplifycfg -loop-simplify -clean-region -io-protocol -find-region -mem2reg -bitop-raise -complex-op-raise -inst-simplify -inst-rectify -instcombine -adce -deadargelim -float-op-raise -loop-simplify -phi-opt -bitop-raise -cfgopt -simplifycfg -strip-dead-prototypes -interface-lower -bitop-lower -intrinsic-lower -auto-function-inline -basicaa -aggrmodref-aa -globalsmodref-aa -aggr-aa -inst-simplify -simplifycfg -loop-simplify -mergereturn -inst-simplify -inst-rectify -dce -load-elim -bitop-lower -float-op-raise -fma-raise -loop-rewind -pointer-simplify -dce -cfgopt -dce -loop-bound -loop-dep -read-loop-dep -dce -dyn-mem-reuse -dce -recurrence-min -dce -share-scalar-alloca -deadargelim -dce -check-stream -norm-name -legalize -validate-dataflow -inst-clarity -bitwidth -dump-loop-dep-to-ir -check-all-ssdm -cdfg-build /home/siyenga7/FPGA/hls_cosim_project/solution_cosim/.autopilot/db/a.o.2.bc -o /home/siyenga7/FPGA/hls_cosim_project/solution_cosim/.autopilot/db/a.o.3.bc -f -phase build-ssdm 
INFO: [XFORM 203-541] Flattening a loop nest 'VITIS_LOOP_101_3' (attention_int8.cpp:101:29) in function 'attention_int8_kernel'.
INFO: [XFORM 203-541] Flattening a loop nest 'VITIS_LOOP_130_8' (attention_int8.cpp:130:29) in function 'attention_int8_kernel'.
WARNING: [HLS 200-960] Cannot flatten loop 'VITIS_LOOP_144_10' (attention_int8.cpp:139:23) in function 'attention_int8_kernel' the outer loop is not a perfect loop because there is nontrivial logic before entering the inner loop.
WARNING: [HLS 200-960] Cannot flatten loop 'VITIS_LOOP_161_13' (attention_int8.cpp:93:19) in function 'attention_int8_kernel' more than one sub loop.
INFO: [XFORM 203-541] Flattening a loop nest 'VITIS_LOOP_193_18' (attention_int8.cpp:193:41) in function 'attention_int8_kernel'.
WARNING: [HLS 200-960] Cannot flatten loop 'VITIS_LOOP_89_2' (attention_int8.cpp:91:13) in function 'attention_int8_kernel' more than one sub loop.
INFO: [HLS 200-472] Inferring partial write operation for 'Q_tile.V' (attention_int8.cpp:104:15)
INFO: [HLS 200-472] Inferring partial write operation for 'O_tile' (attention_int8.cpp:114:15)
INFO: [HLS 200-472] Inferring partial write operation for 'K_tile.V' (attention_int8.cpp:133:15)
INFO: [HLS 200-472] Inferring partial write operation for 'V_tile.V' (attention_int8.cpp:134:38)
INFO: [HLS 200-472] Inferring partial write operation for 'scores' (attention_int8.cpp:155:38)
INFO: [HLS 200-472] Inferring partial write operation for 'O_tile' (attention_int8.cpp:187:38)
Command           transform done; 3.52 sec.
INFO: [HLS 200-111] Finished Architecture Synthesis: CPU user time: 3.35 seconds. CPU system time: 0.06 seconds. Elapsed time: 3.52 seconds; current allocated memory: 705.227 MB.
INFO-FLOW: Finish building internal data model.
Command         opt_and_import_c done; 10.45 sec.
Command       elaborate done; 56.32 sec.
Execute       ap_eval exec zip -j /home/siyenga7/FPGA/hls_cosim_project/solution_cosim/.autopilot/db/dut.hcp $dbDir/a.o.3.bc $dbDir/${topname}.rtl_wrap.cfg.tcl $dbDir/apatb_${topname}.cpp $dbDir/apatb_${topname}_util.cpp $dbDir/apatb_${topname}_ir.ll $dbDir/mapper_${topname}.cpp $dbDir/top-io-fe.xml $dbDir/kernel.internal.xml $workdir/../hls.app 
Command       ap_eval done; 0.17 sec.
Execute       autosyn -from_csynth_design=1 
INFO: [HLS 200-10] Starting hardware synthesis ...
INFO-FLOW: Synthesizing C/C++ design ...
INFO: [HLS 200-10] Synthesizing 'attention_int8_kernel' ...
Execute         ap_set_top_model attention_int8_kernel 
Execute         get_model_list attention_int8_kernel -filter all-wo-channel -topdown 
Execute         preproc_iomode -model attention_int8_kernel 
Execute         preproc_iomode -model attention_int8_kernel_Pipeline_VITIS_LOOP_193_18_VITIS_LOOP_195_19 
Execute         preproc_iomode -model attention_int8_kernel_Pipeline_VITIS_LOOP_180_16 
Execute         preproc_iomode -model attention_int8_kernel_Pipeline_VITIS_LOOP_168_14 
Execute         preproc_iomode -model attention_int8_kernel_Pipeline_VITIS_LOOP_146_11 
Execute         preproc_iomode -model attention_int8_kernel_Pipeline_VITIS_LOOP_130_8_VITIS_LOOP_131_9 
Execute         preproc_iomode -model attention_int8_kernel_Pipeline_VITIS_LOOP_108_5 
Execute         preproc_iomode -model attention_int8_kernel_Pipeline_VITIS_LOOP_101_3_VITIS_LOOP_102_4 
Execute         get_model_list attention_int8_kernel -filter all-wo-channel 
INFO-FLOW: Model list for configure: attention_int8_kernel_Pipeline_VITIS_LOOP_101_3_VITIS_LOOP_102_4 attention_int8_kernel_Pipeline_VITIS_LOOP_108_5 attention_int8_kernel_Pipeline_VITIS_LOOP_130_8_VITIS_LOOP_131_9 attention_int8_kernel_Pipeline_VITIS_LOOP_146_11 attention_int8_kernel_Pipeline_VITIS_LOOP_168_14 attention_int8_kernel_Pipeline_VITIS_LOOP_180_16 attention_int8_kernel_Pipeline_VITIS_LOOP_193_18_VITIS_LOOP_195_19 attention_int8_kernel
INFO-FLOW: Configuring Module : attention_int8_kernel_Pipeline_VITIS_LOOP_101_3_VITIS_LOOP_102_4 ...
Execute         set_default_model attention_int8_kernel_Pipeline_VITIS_LOOP_101_3_VITIS_LOOP_102_4 
Execute         apply_spec_resource_limit attention_int8_kernel_Pipeline_VITIS_LOOP_101_3_VITIS_LOOP_102_4 
INFO-FLOW: Configuring Module : attention_int8_kernel_Pipeline_VITIS_LOOP_108_5 ...
Execute         set_default_model attention_int8_kernel_Pipeline_VITIS_LOOP_108_5 
Execute         apply_spec_resource_limit attention_int8_kernel_Pipeline_VITIS_LOOP_108_5 
INFO-FLOW: Configuring Module : attention_int8_kernel_Pipeline_VITIS_LOOP_130_8_VITIS_LOOP_131_9 ...
Execute         set_default_model attention_int8_kernel_Pipeline_VITIS_LOOP_130_8_VITIS_LOOP_131_9 
Execute         apply_spec_resource_limit attention_int8_kernel_Pipeline_VITIS_LOOP_130_8_VITIS_LOOP_131_9 
INFO-FLOW: Configuring Module : attention_int8_kernel_Pipeline_VITIS_LOOP_146_11 ...
Execute         set_default_model attention_int8_kernel_Pipeline_VITIS_LOOP_146_11 
Execute         apply_spec_resource_limit attention_int8_kernel_Pipeline_VITIS_LOOP_146_11 
INFO-FLOW: Configuring Module : attention_int8_kernel_Pipeline_VITIS_LOOP_168_14 ...
Execute         set_default_model attention_int8_kernel_Pipeline_VITIS_LOOP_168_14 
Execute         apply_spec_resource_limit attention_int8_kernel_Pipeline_VITIS_LOOP_168_14 
INFO-FLOW: Configuring Module : attention_int8_kernel_Pipeline_VITIS_LOOP_180_16 ...
Execute         set_default_model attention_int8_kernel_Pipeline_VITIS_LOOP_180_16 
Execute         apply_spec_resource_limit attention_int8_kernel_Pipeline_VITIS_LOOP_180_16 
INFO-FLOW: Configuring Module : attention_int8_kernel_Pipeline_VITIS_LOOP_193_18_VITIS_LOOP_195_19 ...
Execute         set_default_model attention_int8_kernel_Pipeline_VITIS_LOOP_193_18_VITIS_LOOP_195_19 
Execute         apply_spec_resource_limit attention_int8_kernel_Pipeline_VITIS_LOOP_193_18_VITIS_LOOP_195_19 
INFO-FLOW: Configuring Module : attention_int8_kernel ...
Execute         set_default_model attention_int8_kernel 
Execute         apply_spec_resource_limit attention_int8_kernel 
INFO-FLOW: Model list for preprocess: attention_int8_kernel_Pipeline_VITIS_LOOP_101_3_VITIS_LOOP_102_4 attention_int8_kernel_Pipeline_VITIS_LOOP_108_5 attention_int8_kernel_Pipeline_VITIS_LOOP_130_8_VITIS_LOOP_131_9 attention_int8_kernel_Pipeline_VITIS_LOOP_146_11 attention_int8_kernel_Pipeline_VITIS_LOOP_168_14 attention_int8_kernel_Pipeline_VITIS_LOOP_180_16 attention_int8_kernel_Pipeline_VITIS_LOOP_193_18_VITIS_LOOP_195_19 attention_int8_kernel
INFO-FLOW: Preprocessing Module: attention_int8_kernel_Pipeline_VITIS_LOOP_101_3_VITIS_LOOP_102_4 ...
Execute         set_default_model attention_int8_kernel_Pipeline_VITIS_LOOP_101_3_VITIS_LOOP_102_4 
Execute         cdfg_preprocess -model attention_int8_kernel_Pipeline_VITIS_LOOP_101_3_VITIS_LOOP_102_4 
Execute         rtl_gen_preprocess attention_int8_kernel_Pipeline_VITIS_LOOP_101_3_VITIS_LOOP_102_4 
INFO-FLOW: Preprocessing Module: attention_int8_kernel_Pipeline_VITIS_LOOP_108_5 ...
Execute         set_default_model attention_int8_kernel_Pipeline_VITIS_LOOP_108_5 
Execute         cdfg_preprocess -model attention_int8_kernel_Pipeline_VITIS_LOOP_108_5 
Execute         rtl_gen_preprocess attention_int8_kernel_Pipeline_VITIS_LOOP_108_5 
INFO-FLOW: Preprocessing Module: attention_int8_kernel_Pipeline_VITIS_LOOP_130_8_VITIS_LOOP_131_9 ...
Execute         set_default_model attention_int8_kernel_Pipeline_VITIS_LOOP_130_8_VITIS_LOOP_131_9 
Execute         cdfg_preprocess -model attention_int8_kernel_Pipeline_VITIS_LOOP_130_8_VITIS_LOOP_131_9 
Execute         rtl_gen_preprocess attention_int8_kernel_Pipeline_VITIS_LOOP_130_8_VITIS_LOOP_131_9 
INFO-FLOW: Preprocessing Module: attention_int8_kernel_Pipeline_VITIS_LOOP_146_11 ...
Execute         set_default_model attention_int8_kernel_Pipeline_VITIS_LOOP_146_11 
Execute         cdfg_preprocess -model attention_int8_kernel_Pipeline_VITIS_LOOP_146_11 
Execute         rtl_gen_preprocess attention_int8_kernel_Pipeline_VITIS_LOOP_146_11 
INFO-FLOW: Preprocessing Module: attention_int8_kernel_Pipeline_VITIS_LOOP_168_14 ...
Execute         set_default_model attention_int8_kernel_Pipeline_VITIS_LOOP_168_14 
Execute         cdfg_preprocess -model attention_int8_kernel_Pipeline_VITIS_LOOP_168_14 
Execute         rtl_gen_preprocess attention_int8_kernel_Pipeline_VITIS_LOOP_168_14 
INFO-FLOW: Preprocessing Module: attention_int8_kernel_Pipeline_VITIS_LOOP_180_16 ...
Execute         set_default_model attention_int8_kernel_Pipeline_VITIS_LOOP_180_16 
Execute         cdfg_preprocess -model attention_int8_kernel_Pipeline_VITIS_LOOP_180_16 
Command         cdfg_preprocess done; 0.23 sec.
Execute         rtl_gen_preprocess attention_int8_kernel_Pipeline_VITIS_LOOP_180_16 
INFO-FLOW: Preprocessing Module: attention_int8_kernel_Pipeline_VITIS_LOOP_193_18_VITIS_LOOP_195_19 ...
Execute         set_default_model attention_int8_kernel_Pipeline_VITIS_LOOP_193_18_VITIS_LOOP_195_19 
Execute         cdfg_preprocess -model attention_int8_kernel_Pipeline_VITIS_LOOP_193_18_VITIS_LOOP_195_19 
Execute         rtl_gen_preprocess attention_int8_kernel_Pipeline_VITIS_LOOP_193_18_VITIS_LOOP_195_19 
INFO-FLOW: Preprocessing Module: attention_int8_kernel ...
Execute         set_default_model attention_int8_kernel 
Execute         cdfg_preprocess -model attention_int8_kernel 
Execute         rtl_gen_preprocess attention_int8_kernel 
INFO-FLOW: Model list for synthesis: attention_int8_kernel_Pipeline_VITIS_LOOP_101_3_VITIS_LOOP_102_4 attention_int8_kernel_Pipeline_VITIS_LOOP_108_5 attention_int8_kernel_Pipeline_VITIS_LOOP_130_8_VITIS_LOOP_131_9 attention_int8_kernel_Pipeline_VITIS_LOOP_146_11 attention_int8_kernel_Pipeline_VITIS_LOOP_168_14 attention_int8_kernel_Pipeline_VITIS_LOOP_180_16 attention_int8_kernel_Pipeline_VITIS_LOOP_193_18_VITIS_LOOP_195_19 attention_int8_kernel
INFO: [HLS 200-10] ----------------------------------------------------------------
INFO: [HLS 200-42] -- Implementing module 'attention_int8_kernel_Pipeline_VITIS_LOOP_101_3_VITIS_LOOP_102_4' 
INFO: [HLS 200-10] ----------------------------------------------------------------
Execute         set_default_model attention_int8_kernel_Pipeline_VITIS_LOOP_101_3_VITIS_LOOP_102_4 
Execute         schedule -model attention_int8_kernel_Pipeline_VITIS_LOOP_101_3_VITIS_LOOP_102_4 
INFO: [SCHED 204-11] Starting scheduling ...
INFO: [SCHED 204-61] Pipelining loop 'VITIS_LOOP_101_3_VITIS_LOOP_102_4'.
INFO: [HLS 200-1470] Pipelining result : Target II = 1, Final II = 1, Depth = 3, loop 'VITIS_LOOP_101_3_VITIS_LOOP_102_4'
INFO: [SCHED 204-11] Finished scheduling.
Command         schedule done; 0.15 sec.
INFO: [HLS 200-111] Finished Scheduling: CPU user time: 0.59 seconds. CPU system time: 0.08 seconds. Elapsed time: 0.73 seconds; current allocated memory: 710.379 MB.
Execute         syn_report -verbosereport -o /home/siyenga7/FPGA/hls_cosim_project/solution_cosim/.autopilot/db/attention_int8_kernel_Pipeline_VITIS_LOOP_101_3_VITIS_LOOP_102_4.verbose.sched.rpt 
Execute           AP::get_flow_target_display_name
Execute             get_solution -flow_target 
Execute         db_write -o /home/siyenga7/FPGA/hls_cosim_project/solution_cosim/.autopilot/db/attention_int8_kernel_Pipeline_VITIS_LOOP_101_3_VITIS_LOOP_102_4.sched.adb -f 
INFO-FLOW: Finish scheduling attention_int8_kernel_Pipeline_VITIS_LOOP_101_3_VITIS_LOOP_102_4.
Execute         set_default_model attention_int8_kernel_Pipeline_VITIS_LOOP_101_3_VITIS_LOOP_102_4 
Execute         bind -model attention_int8_kernel_Pipeline_VITIS_LOOP_101_3_VITIS_LOOP_102_4 
INFO: [BIND 205-100] Starting micro-architecture generation ...
INFO: [BIND 205-101] Performing variable lifetime analysis.
INFO: [BIND 205-101] Exploring resource sharing.
INFO: [BIND 205-101] Binding ...
INFO: [BIND 205-100] Finished micro-architecture generation.
INFO: [HLS 200-111] Finished Binding: CPU user time: 0.08 seconds. CPU system time: 0.01 seconds. Elapsed time: 0.11 seconds; current allocated memory: 710.379 MB.
Execute         syn_report -verbosereport -o /home/siyenga7/FPGA/hls_cosim_project/solution_cosim/.autopilot/db/attention_int8_kernel_Pipeline_VITIS_LOOP_101_3_VITIS_LOOP_102_4.verbose.bind.rpt 
Execute           AP::get_flow_target_display_name
Execute             get_solution -flow_target 
Execute         db_write -o /home/siyenga7/FPGA/hls_cosim_project/solution_cosim/.autopilot/db/attention_int8_kernel_Pipeline_VITIS_LOOP_101_3_VITIS_LOOP_102_4.bind.adb -f 
INFO-FLOW: Finish binding attention_int8_kernel_Pipeline_VITIS_LOOP_101_3_VITIS_LOOP_102_4.
INFO: [HLS 200-10] ----------------------------------------------------------------
INFO: [HLS 200-42] -- Implementing module 'attention_int8_kernel_Pipeline_VITIS_LOOP_108_5' 
INFO: [HLS 200-10] ----------------------------------------------------------------
Execute         set_default_model attention_int8_kernel_Pipeline_VITIS_LOOP_108_5 
Execute         schedule -model attention_int8_kernel_Pipeline_VITIS_LOOP_108_5 
INFO: [SCHED 204-11] Starting scheduling ...
INFO: [SCHED 204-61] Pipelining loop 'VITIS_LOOP_108_5'.
WARNING: [HLS 200-885] The II Violation in module 'attention_int8_kernel_Pipeline_VITIS_LOOP_108_5' (loop 'VITIS_LOOP_108_5'): Unable to schedule 'store' operation ('O_tile_addr_1_write_ln114', attention_int8.cpp:114) of constant 0 on array 'O_tile' due to limited memory ports (II = 1). Please consider using a memory core with more ports or partitioning the array 'O_tile'.
WARNING: [HLS 200-885] The II Violation in module 'attention_int8_kernel_Pipeline_VITIS_LOOP_108_5' (loop 'VITIS_LOOP_108_5'): Unable to schedule 'store' operation ('O_tile_addr_3_write_ln114', attention_int8.cpp:114) of constant 0 on array 'O_tile' due to limited memory ports (II = 2). Please consider using a memory core with more ports or partitioning the array 'O_tile'.
WARNING: [HLS 200-885] The II Violation in module 'attention_int8_kernel_Pipeline_VITIS_LOOP_108_5' (loop 'VITIS_LOOP_108_5'): Unable to schedule 'store' operation ('O_tile_addr_5_write_ln114', attention_int8.cpp:114) of constant 0 on array 'O_tile' due to limited memory ports (II = 3). Please consider using a memory core with more ports or partitioning the array 'O_tile'.
INFO: [HLS 200-1470] Pipelining result : Target II = 1, Final II = 4, Depth = 4, loop 'VITIS_LOOP_108_5'
INFO: [SCHED 204-11] Finished scheduling.
Command         schedule done; 0.19 sec.
INFO: [HLS 200-111] Finished Scheduling: CPU user time: 0.22 seconds. CPU system time: 0 seconds. Elapsed time: 0.28 seconds; current allocated memory: 711.262 MB.
Execute         syn_report -verbosereport -o /home/siyenga7/FPGA/hls_cosim_project/solution_cosim/.autopilot/db/attention_int8_kernel_Pipeline_VITIS_LOOP_108_5.verbose.sched.rpt 
Execute           AP::get_flow_target_display_name
Execute             get_solution -flow_target 
Execute         db_write -o /home/siyenga7/FPGA/hls_cosim_project/solution_cosim/.autopilot/db/attention_int8_kernel_Pipeline_VITIS_LOOP_108_5.sched.adb -f 
INFO-FLOW: Finish scheduling attention_int8_kernel_Pipeline_VITIS_LOOP_108_5.
Execute         set_default_model attention_int8_kernel_Pipeline_VITIS_LOOP_108_5 
Execute         bind -model attention_int8_kernel_Pipeline_VITIS_LOOP_108_5 
INFO: [BIND 205-100] Starting micro-architecture generation ...
INFO: [BIND 205-101] Performing variable lifetime analysis.
INFO: [BIND 205-101] Exploring resource sharing.
INFO: [BIND 205-101] Binding ...
INFO: [BIND 205-100] Finished micro-architecture generation.
INFO: [HLS 200-111] Finished Binding: CPU user time: 0.07 seconds. CPU system time: 0.01 seconds. Elapsed time: 0.11 seconds; current allocated memory: 711.262 MB.
Execute         syn_report -verbosereport -o /home/siyenga7/FPGA/hls_cosim_project/solution_cosim/.autopilot/db/attention_int8_kernel_Pipeline_VITIS_LOOP_108_5.verbose.bind.rpt 
Execute           AP::get_flow_target_display_name
Execute             get_solution -flow_target 
Execute         db_write -o /home/siyenga7/FPGA/hls_cosim_project/solution_cosim/.autopilot/db/attention_int8_kernel_Pipeline_VITIS_LOOP_108_5.bind.adb -f 
INFO-FLOW: Finish binding attention_int8_kernel_Pipeline_VITIS_LOOP_108_5.
INFO: [HLS 200-10] ----------------------------------------------------------------
INFO: [HLS 200-42] -- Implementing module 'attention_int8_kernel_Pipeline_VITIS_LOOP_130_8_VITIS_LOOP_131_9' 
INFO: [HLS 200-10] ----------------------------------------------------------------
Execute         set_default_model attention_int8_kernel_Pipeline_VITIS_LOOP_130_8_VITIS_LOOP_131_9 
Execute         schedule -model attention_int8_kernel_Pipeline_VITIS_LOOP_130_8_VITIS_LOOP_131_9 
INFO: [SCHED 204-11] Starting scheduling ...
INFO: [HLS 200-1457] Automatically inferring inferring RAM_1WNR storage type for array 'V_tile_V_7'. Use bind_storage pragma to override this type.
INFO: [HLS 200-1457] Automatically inferring inferring RAM_1WNR storage type for array 'V_tile_V'. Use bind_storage pragma to override this type.
INFO: [HLS 200-1457] Automatically inferring inferring RAM_1WNR storage type for array 'V_tile_V_1'. Use bind_storage pragma to override this type.
INFO: [HLS 200-1457] Automatically inferring inferring RAM_1WNR storage type for array 'V_tile_V_2'. Use bind_storage pragma to override this type.
INFO: [HLS 200-1457] Automatically inferring inferring RAM_1WNR storage type for array 'V_tile_V_3'. Use bind_storage pragma to override this type.
INFO: [HLS 200-1457] Automatically inferring inferring RAM_1WNR storage type for array 'V_tile_V_4'. Use bind_storage pragma to override this type.
INFO: [HLS 200-1457] Automatically inferring inferring RAM_1WNR storage type for array 'V_tile_V_5'. Use bind_storage pragma to override this type.
INFO: [HLS 200-1457] Automatically inferring inferring RAM_1WNR storage type for array 'V_tile_V_6'. Use bind_storage pragma to override this type.
INFO: [SCHED 204-61] Pipelining loop 'VITIS_LOOP_130_8_VITIS_LOOP_131_9'.
INFO: [HLS 200-1470] Pipelining result : Target II = 1, Final II = 1, Depth = 3, loop 'VITIS_LOOP_130_8_VITIS_LOOP_131_9'
INFO: [SCHED 204-11] Finished scheduling.
Command         schedule done; 0.27 sec.
INFO: [HLS 200-111] Finished Scheduling: CPU user time: 0.26 seconds. CPU system time: 0.01 seconds. Elapsed time: 0.35 seconds; current allocated memory: 714.969 MB.
Execute         syn_report -verbosereport -o /home/siyenga7/FPGA/hls_cosim_project/solution_cosim/.autopilot/db/attention_int8_kernel_Pipeline_VITIS_LOOP_130_8_VITIS_LOOP_131_9.verbose.sched.rpt 
Execute           AP::get_flow_target_display_name
Execute             get_solution -flow_target 
Execute         db_write -o /home/siyenga7/FPGA/hls_cosim_project/solution_cosim/.autopilot/db/attention_int8_kernel_Pipeline_VITIS_LOOP_130_8_VITIS_LOOP_131_9.sched.adb -f 
INFO-FLOW: Finish scheduling attention_int8_kernel_Pipeline_VITIS_LOOP_130_8_VITIS_LOOP_131_9.
Execute         set_default_model attention_int8_kernel_Pipeline_VITIS_LOOP_130_8_VITIS_LOOP_131_9 
Execute         bind -model attention_int8_kernel_Pipeline_VITIS_LOOP_130_8_VITIS_LOOP_131_9 
INFO: [BIND 205-100] Starting micro-architecture generation ...
INFO: [BIND 205-101] Performing variable lifetime analysis.
INFO: [BIND 205-101] Exploring resource sharing.
INFO: [BIND 205-101] Binding ...
INFO: [BIND 205-100] Finished micro-architecture generation.
INFO: [HLS 200-111] Finished Binding: CPU user time: 0.1 seconds. CPU system time: 0 seconds. Elapsed time: 0.17 seconds; current allocated memory: 714.969 MB.
Execute         syn_report -verbosereport -o /home/siyenga7/FPGA/hls_cosim_project/solution_cosim/.autopilot/db/attention_int8_kernel_Pipeline_VITIS_LOOP_130_8_VITIS_LOOP_131_9.verbose.bind.rpt 
Execute           AP::get_flow_target_display_name
Execute             get_solution -flow_target 
Execute         db_write -o /home/siyenga7/FPGA/hls_cosim_project/solution_cosim/.autopilot/db/attention_int8_kernel_Pipeline_VITIS_LOOP_130_8_VITIS_LOOP_131_9.bind.adb -f 
INFO-FLOW: Finish binding attention_int8_kernel_Pipeline_VITIS_LOOP_130_8_VITIS_LOOP_131_9.
INFO: [HLS 200-10] ----------------------------------------------------------------
INFO: [HLS 200-42] -- Implementing module 'attention_int8_kernel_Pipeline_VITIS_LOOP_146_11' 
INFO: [HLS 200-10] ----------------------------------------------------------------
Execute         set_default_model attention_int8_kernel_Pipeline_VITIS_LOOP_146_11 
Execute         schedule -model attention_int8_kernel_Pipeline_VITIS_LOOP_146_11 
INFO: [SCHED 204-11] Starting scheduling ...
INFO: [HLS 200-486] Changing DSP latency (root=mul_ln886_62) to 3 in order to utilize available DSP registers.
INFO: [HLS 200-486] Changing DSP latency (root=mul_ln886_60) to 3 in order to utilize available DSP registers.
INFO: [HLS 200-486] Changing DSP latency (root=mul_ln886_58) to 3 in order to utilize available DSP registers.
INFO: [HLS 200-486] Changing DSP latency (root=mul_ln886_56) to 3 in order to utilize available DSP registers.
INFO: [HLS 200-486] Changing DSP latency (root=mul_ln886_54) to 3 in order to utilize available DSP registers.
INFO: [HLS 200-486] Changing DSP latency (root=mul_ln886_52) to 3 in order to utilize available DSP registers.
INFO: [HLS 200-486] Changing DSP latency (root=mul_ln886_50) to 3 in order to utilize available DSP registers.
INFO: [HLS 200-486] Changing DSP latency (root=mul_ln886_48) to 3 in order to utilize available DSP registers.
INFO: [HLS 200-486] Changing DSP latency (root=mul_ln886_46) to 3 in order to utilize available DSP registers.
INFO: [HLS 200-486] Changing DSP latency (root=mul_ln886_44) to 3 in order to utilize available DSP registers.
INFO: [HLS 200-486] Changing DSP latency (root=mul_ln886_42) to 3 in order to utilize available DSP registers.
INFO: [HLS 200-486] Changing DSP latency (root=mul_ln886_40) to 3 in order to utilize available DSP registers.
INFO: [HLS 200-486] Changing DSP latency (root=mul_ln886_38) to 3 in order to utilize available DSP registers.
INFO: [HLS 200-486] Changing DSP latency (root=mul_ln886_36) to 3 in order to utilize available DSP registers.
INFO: [HLS 200-486] Changing DSP latency (root=mul_ln886_34) to 3 in order to utilize available DSP registers.
INFO: [HLS 200-486] Changing DSP latency (root=mul_ln886_32) to 3 in order to utilize available DSP registers.
INFO: [HLS 200-486] Changing DSP latency (root=mul_ln886_30) to 3 in order to utilize available DSP registers.
INFO: [HLS 200-486] Changing DSP latency (root=mul_ln886_28) to 3 in order to utilize available DSP registers.
INFO: [HLS 200-486] Changing DSP latency (root=mul_ln886_26) to 3 in order to utilize available DSP registers.
INFO: [HLS 200-486] Changing DSP latency (root=mul_ln886_24) to 3 in order to utilize available DSP registers.
INFO: [HLS 200-486] Changing DSP latency (root=mul_ln886_22) to 3 in order to utilize available DSP registers.
INFO: [HLS 200-486] Changing DSP latency (root=mul_ln886_20) to 3 in order to utilize available DSP registers.
INFO: [HLS 200-486] Changing DSP latency (root=mul_ln886_18) to 3 in order to utilize available DSP registers.
INFO: [HLS 200-486] Changing DSP latency (root=mul_ln886_16) to 3 in order to utilize available DSP registers.
INFO: [HLS 200-486] Changing DSP latency (root=mul_ln886_14) to 3 in order to utilize available DSP registers.
INFO: [HLS 200-486] Changing DSP latency (root=mul_ln886_12) to 3 in order to utilize available DSP registers.
INFO: [HLS 200-486] Changing DSP latency (root=mul_ln886_10) to 3 in order to utilize available DSP registers.
INFO: [HLS 200-486] Changing DSP latency (root=mul_ln886_8) to 3 in order to utilize available DSP registers.
INFO: [HLS 200-486] Changing DSP latency (root=mul_ln886_6) to 3 in order to utilize available DSP registers.
INFO: [HLS 200-486] Changing DSP latency (root=mul_ln886_4) to 3 in order to utilize available DSP registers.
INFO: [HLS 200-486] Changing DSP latency (root=mul_ln886_2) to 3 in order to utilize available DSP registers.
INFO: [HLS 200-486] Changing DSP latency (root=acc_V) to 3 in order to utilize available DSP registers.
INFO: [SCHED 204-61] Pipelining loop 'VITIS_LOOP_146_11'.
INFO: [HLS 200-1470] Pipelining result : Target II = 1, Final II = 1, Depth = 18, loop 'VITIS_LOOP_146_11'
WARNING: [HLS 200-871] Estimated clock period (8.479ns) exceeds the target (target clock period: 10ns, clock uncertainty: 2.7ns, effective delay budget: 7.3ns).
WARNING: [HLS 200-1016] The critical path in module 'attention_int8_kernel_Pipeline_VITIS_LOOP_146_11' consists of the following:	'fcmp' operation ('tmp_140', attention_int8.cpp:156) [791]  (5.09 ns)
	'and' operation ('and_ln156_1', attention_int8.cpp:156) [793]  (0.978 ns)
	'select' operation ('rmax', attention_int8.cpp:156) [794]  (0.796 ns)
	'store' operation ('rmax_write_ln146', attention_int8.cpp:146) of variable 'rmax', attention_int8.cpp:156 on local variable 'rmax' [796]  (1.61 ns)

INFO: [SCHED 204-11] Finished scheduling.
Command         schedule done; 1.01 sec.
INFO: [HLS 200-111] Finished Scheduling: CPU user time: 0.88 seconds. CPU system time: 0.01 seconds. Elapsed time: 1.14 seconds; current allocated memory: 718.102 MB.
Execute         syn_report -verbosereport -o /home/siyenga7/FPGA/hls_cosim_project/solution_cosim/.autopilot/db/attention_int8_kernel_Pipeline_VITIS_LOOP_146_11.verbose.sched.rpt 
Execute           AP::get_flow_target_display_name
Execute             get_solution -flow_target 
Command         syn_report done; 0.21 sec.
Execute         db_write -o /home/siyenga7/FPGA/hls_cosim_project/solution_cosim/.autopilot/db/attention_int8_kernel_Pipeline_VITIS_LOOP_146_11.sched.adb -f 
INFO-FLOW: Finish scheduling attention_int8_kernel_Pipeline_VITIS_LOOP_146_11.
Execute         set_default_model attention_int8_kernel_Pipeline_VITIS_LOOP_146_11 
Execute         bind -model attention_int8_kernel_Pipeline_VITIS_LOOP_146_11 
INFO: [BIND 205-100] Starting micro-architecture generation ...
INFO: [BIND 205-101] Performing variable lifetime analysis.
INFO: [BIND 205-101] Exploring resource sharing.
INFO: [BIND 205-101] Binding ...
INFO: [BIND 205-100] Finished micro-architecture generation.
Command         bind done; 0.22 sec.
INFO: [HLS 200-111] Finished Binding: CPU user time: 0.42 seconds. CPU system time: 0.01 seconds. Elapsed time: 0.5 seconds; current allocated memory: 718.102 MB.
Execute         syn_report -verbosereport -o /home/siyenga7/FPGA/hls_cosim_project/solution_cosim/.autopilot/db/attention_int8_kernel_Pipeline_VITIS_LOOP_146_11.verbose.bind.rpt 
Execute           AP::get_flow_target_display_name
Execute             get_solution -flow_target 
Command         syn_report done; 0.47 sec.
Execute         db_write -o /home/siyenga7/FPGA/hls_cosim_project/solution_cosim/.autopilot/db/attention_int8_kernel_Pipeline_VITIS_LOOP_146_11.bind.adb -f 
INFO-FLOW: Finish binding attention_int8_kernel_Pipeline_VITIS_LOOP_146_11.
INFO: [HLS 200-10] ----------------------------------------------------------------
INFO: [HLS 200-42] -- Implementing module 'attention_int8_kernel_Pipeline_VITIS_LOOP_168_14' 
INFO: [HLS 200-10] ----------------------------------------------------------------
Execute         set_default_model attention_int8_kernel_Pipeline_VITIS_LOOP_168_14 
Execute         schedule -model attention_int8_kernel_Pipeline_VITIS_LOOP_168_14 
INFO: [SCHED 204-11] Starting scheduling ...
INFO: [SCHED 204-61] Pipelining loop 'VITIS_LOOP_168_14'.
INFO: [HLS 200-1470] Pipelining result : Target II = 1, Final II = 1, Depth = 62, loop 'VITIS_LOOP_168_14'
INFO: [SCHED 204-11] Finished scheduling.
Command         schedule done; 0.47 sec.
INFO: [HLS 200-111] Finished Scheduling: CPU user time: 0.95 seconds. CPU system time: 0.01 seconds. Elapsed time: 1.03 seconds; current allocated memory: 724.359 MB.
Execute         syn_report -verbosereport -o /home/siyenga7/FPGA/hls_cosim_project/solution_cosim/.autopilot/db/attention_int8_kernel_Pipeline_VITIS_LOOP_168_14.verbose.sched.rpt 
Execute           AP::get_flow_target_display_name
Execute             get_solution -flow_target 
Command         syn_report done; 0.3 sec.
Execute         db_write -o /home/siyenga7/FPGA/hls_cosim_project/solution_cosim/.autopilot/db/attention_int8_kernel_Pipeline_VITIS_LOOP_168_14.sched.adb -f 
INFO-FLOW: Finish scheduling attention_int8_kernel_Pipeline_VITIS_LOOP_168_14.
Execute         set_default_model attention_int8_kernel_Pipeline_VITIS_LOOP_168_14 
Execute         bind -model attention_int8_kernel_Pipeline_VITIS_LOOP_168_14 
INFO: [BIND 205-100] Starting micro-architecture generation ...
INFO: [BIND 205-101] Performing variable lifetime analysis.
INFO: [BIND 205-101] Exploring resource sharing.
INFO: [BIND 205-101] Binding ...
INFO: [BIND 205-100] Finished micro-architecture generation.
Command         bind done; 0.16 sec.
INFO: [HLS 200-111] Finished Binding: CPU user time: 0.46 seconds. CPU system time: 0.01 seconds. Elapsed time: 0.52 seconds; current allocated memory: 739.148 MB.
Execute         syn_report -verbosereport -o /home/siyenga7/FPGA/hls_cosim_project/solution_cosim/.autopilot/db/attention_int8_kernel_Pipeline_VITIS_LOOP_168_14.verbose.bind.rpt 
Execute           AP::get_flow_target_display_name
Execute             get_solution -flow_target 
Command         syn_report done; 0.21 sec.
Execute         db_write -o /home/siyenga7/FPGA/hls_cosim_project/solution_cosim/.autopilot/db/attention_int8_kernel_Pipeline_VITIS_LOOP_168_14.bind.adb -f 
INFO-FLOW: Finish binding attention_int8_kernel_Pipeline_VITIS_LOOP_168_14.
INFO: [HLS 200-10] ----------------------------------------------------------------
INFO: [HLS 200-42] -- Implementing module 'attention_int8_kernel_Pipeline_VITIS_LOOP_180_16' 
INFO: [HLS 200-10] ----------------------------------------------------------------
Execute         set_default_model attention_int8_kernel_Pipeline_VITIS_LOOP_180_16 
Execute         schedule -model attention_int8_kernel_Pipeline_VITIS_LOOP_180_16 
INFO: [SCHED 204-11] Starting scheduling ...
INFO: [HLS 200-1457] Automatically inferring inferring RAM_1WNR storage type for array 'V_tile_V_7'. Use bind_storage pragma to override this type.
INFO: [HLS 200-1457] Automatically inferring inferring RAM_1WNR storage type for array 'V_tile_V_6'. Use bind_storage pragma to override this type.
INFO: [HLS 200-1457] Automatically inferring inferring RAM_1WNR storage type for array 'V_tile_V_5'. Use bind_storage pragma to override this type.
INFO: [HLS 200-1457] Automatically inferring inferring RAM_1WNR storage type for array 'V_tile_V_4'. Use bind_storage pragma to override this type.
INFO: [HLS 200-1457] Automatically inferring inferring RAM_1WNR storage type for array 'V_tile_V_3'. Use bind_storage pragma to override this type.
INFO: [HLS 200-1457] Automatically inferring inferring RAM_1WNR storage type for array 'V_tile_V_2'. Use bind_storage pragma to override this type.
INFO: [HLS 200-1457] Automatically inferring inferring RAM_1WNR storage type for array 'V_tile_V_1'. Use bind_storage pragma to override this type.
INFO: [HLS 200-1457] Automatically inferring inferring RAM_1WNR storage type for array 'V_tile_V'. Use bind_storage pragma to override this type.
INFO: [SCHED 204-61] Pipelining loop 'VITIS_LOOP_180_16'.
WARNING: [HLS 200-880] The II Violation in module 'attention_int8_kernel_Pipeline_VITIS_LOOP_180_16' (loop 'VITIS_LOOP_180_16'): Unable to enforce a carried dependence constraint (II = 1, distance = 1, offset = 1) between 'store' operation ('O_tile_addr_write_ln187', attention_int8.cpp:187) of variable 'add', attention_int8.cpp:187 on array 'O_tile' and 'load' operation ('O_tile_load', attention_int8.cpp:187) on array 'O_tile'.
WARNING: [HLS 200-880] The II Violation in module 'attention_int8_kernel_Pipeline_VITIS_LOOP_180_16' (loop 'VITIS_LOOP_180_16'): Unable to enforce a carried dependence constraint (II = 2, distance = 1, offset = 1) between 'store' operation ('O_tile_addr_write_ln187', attention_int8.cpp:187) of variable 'add', attention_int8.cpp:187 on array 'O_tile' and 'load' operation ('O_tile_load', attention_int8.cpp:187) on array 'O_tile'.
WARNING: [HLS 200-880] The II Violation in module 'attention_int8_kernel_Pipeline_VITIS_LOOP_180_16' (loop 'VITIS_LOOP_180_16'): Unable to enforce a carried dependence constraint (II = 3, distance = 1, offset = 1) between 'store' operation ('O_tile_addr_write_ln187', attention_int8.cpp:187) of variable 'add', attention_int8.cpp:187 on array 'O_tile' and 'load' operation ('O_tile_load', attention_int8.cpp:187) on array 'O_tile'.
WARNING: [HLS 200-880] The II Violation in module 'attention_int8_kernel_Pipeline_VITIS_LOOP_180_16' (loop 'VITIS_LOOP_180_16'): Unable to enforce a carried dependence constraint (II = 4, distance = 1, offset = 1) between 'store' operation ('O_tile_addr_write_ln187', attention_int8.cpp:187) of variable 'add', attention_int8.cpp:187 on array 'O_tile' and 'load' operation ('O_tile_load', attention_int8.cpp:187) on array 'O_tile'.
WARNING: [HLS 200-880] The II Violation in module 'attention_int8_kernel_Pipeline_VITIS_LOOP_180_16' (loop 'VITIS_LOOP_180_16'): Unable to enforce a carried dependence constraint (II = 7, distance = 1, offset = 1) between 'store' operation ('O_tile_addr_write_ln187', attention_int8.cpp:187) of variable 'add', attention_int8.cpp:187 on array 'O_tile' and 'load' operation ('O_tile_load', attention_int8.cpp:187) on array 'O_tile'.
WARNING: [HLS 200-880] The II Violation in module 'attention_int8_kernel_Pipeline_VITIS_LOOP_180_16' (loop 'VITIS_LOOP_180_16'): Unable to enforce a carried dependence constraint (II = 9, distance = 1, offset = 1) between 'store' operation ('O_tile_addr_write_ln187', attention_int8.cpp:187) of variable 'add', attention_int8.cpp:187 on array 'O_tile' and 'load' operation ('O_tile_load', attention_int8.cpp:187) on array 'O_tile'.
INFO: [HLS 200-1470] Pipelining result : Target II = 1, Final II = 10, Depth = 917, loop 'VITIS_LOOP_180_16'
WARNING: [HLS 200-871] Estimated clock period (11.321ns) exceeds the target (target clock period: 10ns, clock uncertainty: 2.7ns, effective delay budget: 7.3ns).
WARNING: [HLS 200-1016] The critical path in module 'attention_int8_kernel_Pipeline_VITIS_LOOP_180_16' consists of the following:	'fmul' operation ('mul3', attention_int8.cpp:187) [3386]  (5.78 ns)
	'fadd' operation ('add', attention_int8.cpp:187) [3387]  (5.54 ns)

INFO: [SCHED 204-11] Finished scheduling.
Command         schedule done; 35.99 sec.
INFO: [HLS 200-111] Finished Scheduling: CPU user time: 35.91 seconds. CPU system time: 0.02 seconds. Elapsed time: 36.29 seconds; current allocated memory: 769.238 MB.
Execute         syn_report -verbosereport -o /home/siyenga7/FPGA/hls_cosim_project/solution_cosim/.autopilot/db/attention_int8_kernel_Pipeline_VITIS_LOOP_180_16.verbose.sched.rpt 
Execute           AP::get_flow_target_display_name
Execute             get_solution -flow_target 
Command         syn_report done; 8.9 sec.
Execute         db_write -o /home/siyenga7/FPGA/hls_cosim_project/solution_cosim/.autopilot/db/attention_int8_kernel_Pipeline_VITIS_LOOP_180_16.sched.adb -f 
Command         db_write done; 0.31 sec.
INFO-FLOW: Finish scheduling attention_int8_kernel_Pipeline_VITIS_LOOP_180_16.
Execute         set_default_model attention_int8_kernel_Pipeline_VITIS_LOOP_180_16 
Execute         bind -model attention_int8_kernel_Pipeline_VITIS_LOOP_180_16 
INFO: [BIND 205-100] Starting micro-architecture generation ...
INFO: [BIND 205-101] Performing variable lifetime analysis.
INFO: [BIND 205-101] Exploring resource sharing.
INFO: [BIND 205-101] Binding ...
INFO: [BIND 205-100] Finished micro-architecture generation.
Command         bind done; 4.21 sec.
INFO: [HLS 200-111] Finished Binding: CPU user time: 13.24 seconds. CPU system time: 0.03 seconds. Elapsed time: 13.42 seconds; current allocated memory: 770.641 MB.
Execute         syn_report -verbosereport -o /home/siyenga7/FPGA/hls_cosim_project/solution_cosim/.autopilot/db/attention_int8_kernel_Pipeline_VITIS_LOOP_180_16.verbose.bind.rpt 
Execute           AP::get_flow_target_display_name
Execute             get_solution -flow_target 
Command         syn_report done; 3.93 sec.
Execute         db_write -o /home/siyenga7/FPGA/hls_cosim_project/solution_cosim/.autopilot/db/attention_int8_kernel_Pipeline_VITIS_LOOP_180_16.bind.adb -f 
Command         db_write done; 0.23 sec.
INFO-FLOW: Finish binding attention_int8_kernel_Pipeline_VITIS_LOOP_180_16.
INFO: [HLS 200-10] ----------------------------------------------------------------
INFO: [HLS 200-42] -- Implementing module 'attention_int8_kernel_Pipeline_VITIS_LOOP_193_18_VITIS_LOOP_195_19' 
INFO: [HLS 200-10] ----------------------------------------------------------------
Execute         set_default_model attention_int8_kernel_Pipeline_VITIS_LOOP_193_18_VITIS_LOOP_195_19 
Execute         schedule -model attention_int8_kernel_Pipeline_VITIS_LOOP_193_18_VITIS_LOOP_195_19 
INFO: [SCHED 204-11] Starting scheduling ...
INFO: [SCHED 204-61] Pipelining loop 'VITIS_LOOP_193_18_VITIS_LOOP_195_19'.
INFO: [HLS 200-1470] Pipelining result : Target II = 1, Final II = 1, Depth = 24, loop 'VITIS_LOOP_193_18_VITIS_LOOP_195_19'
INFO: [SCHED 204-11] Finished scheduling.
Command         schedule done; 0.13 sec.
INFO: [HLS 200-111] Finished Scheduling: CPU user time: 4.12 seconds. CPU system time: 0.03 seconds. Elapsed time: 4.31 seconds; current allocated memory: 772.816 MB.
Execute         syn_report -verbosereport -o /home/siyenga7/FPGA/hls_cosim_project/solution_cosim/.autopilot/db/attention_int8_kernel_Pipeline_VITIS_LOOP_193_18_VITIS_LOOP_195_19.verbose.sched.rpt 
Execute           AP::get_flow_target_display_name
Execute             get_solution -flow_target 
Execute         db_write -o /home/siyenga7/FPGA/hls_cosim_project/solution_cosim/.autopilot/db/attention_int8_kernel_Pipeline_VITIS_LOOP_193_18_VITIS_LOOP_195_19.sched.adb -f 
INFO-FLOW: Finish scheduling attention_int8_kernel_Pipeline_VITIS_LOOP_193_18_VITIS_LOOP_195_19.
Execute         set_default_model attention_int8_kernel_Pipeline_VITIS_LOOP_193_18_VITIS_LOOP_195_19 
Execute         bind -model attention_int8_kernel_Pipeline_VITIS_LOOP_193_18_VITIS_LOOP_195_19 
INFO: [BIND 205-100] Starting micro-architecture generation ...
INFO: [BIND 205-101] Performing variable lifetime analysis.
INFO: [BIND 205-101] Exploring resource sharing.
INFO: [BIND 205-101] Binding ...
INFO: [BIND 205-100] Finished micro-architecture generation.
INFO: [HLS 200-111] Finished Binding: CPU user time: 0.15 seconds. CPU system time: 0.01 seconds. Elapsed time: 0.21 seconds; current allocated memory: 772.816 MB.
Execute         syn_report -verbosereport -o /home/siyenga7/FPGA/hls_cosim_project/solution_cosim/.autopilot/db/attention_int8_kernel_Pipeline_VITIS_LOOP_193_18_VITIS_LOOP_195_19.verbose.bind.rpt 
Execute           AP::get_flow_target_display_name
Execute             get_solution -flow_target 
Command         syn_report done; 0.13 sec.
Execute         db_write -o /home/siyenga7/FPGA/hls_cosim_project/solution_cosim/.autopilot/db/attention_int8_kernel_Pipeline_VITIS_LOOP_193_18_VITIS_LOOP_195_19.bind.adb -f 
INFO-FLOW: Finish binding attention_int8_kernel_Pipeline_VITIS_LOOP_193_18_VITIS_LOOP_195_19.
INFO: [HLS 200-10] ----------------------------------------------------------------
INFO: [HLS 200-42] -- Implementing module 'attention_int8_kernel' 
INFO: [HLS 200-10] ----------------------------------------------------------------
Execute         set_default_model attention_int8_kernel 
Execute         schedule -model attention_int8_kernel 
INFO: [SCHED 204-11] Starting scheduling ...
INFO: [SCHED 204-11] Finished scheduling.
Command         schedule done; 2.02 sec.
INFO: [HLS 200-111] Finished Scheduling: CPU user time: 2.09 seconds. CPU system time: 0.01 seconds. Elapsed time: 2.26 seconds; current allocated memory: 782.035 MB.
Execute         syn_report -verbosereport -o /home/siyenga7/FPGA/hls_cosim_project/solution_cosim/.autopilot/db/attention_int8_kernel.verbose.sched.rpt 
Execute           AP::get_flow_target_display_name
Execute             get_solution -flow_target 
Command         syn_report done; 2.84 sec.
Execute         db_write -o /home/siyenga7/FPGA/hls_cosim_project/solution_cosim/.autopilot/db/attention_int8_kernel.sched.adb -f 
INFO-FLOW: Finish scheduling attention_int8_kernel.
Execute         set_default_model attention_int8_kernel 
Execute         bind -model attention_int8_kernel 
INFO: [BIND 205-100] Starting micro-architecture generation ...
INFO: [BIND 205-101] Performing variable lifetime analysis.
INFO: [BIND 205-101] Exploring resource sharing.
INFO: [BIND 205-101] Binding ...
INFO: [BIND 205-100] Starting global binding ...
INFO: [BIND 205-100] Starting global binding ...
INFO: [BIND 205-100] Starting global binding ...
INFO: [BIND 205-100] Finished micro-architecture generation.
Command         bind done; 2.88 sec.
INFO: [HLS 200-111] Finished Binding: CPU user time: 5.63 seconds. CPU system time: 0.01 seconds. Elapsed time: 5.79 seconds; current allocated memory: 788.465 MB.
Execute         syn_report -verbosereport -o /home/siyenga7/FPGA/hls_cosim_project/solution_cosim/.autopilot/db/attention_int8_kernel.verbose.bind.rpt 
Execute           AP::get_flow_target_display_name
Execute             get_solution -flow_target 
Command         syn_report done; 4.57 sec.
Execute         db_write -o /home/siyenga7/FPGA/hls_cosim_project/solution_cosim/.autopilot/db/attention_int8_kernel.bind.adb -f 
Command         db_write done; 0.12 sec.
INFO-FLOW: Finish binding attention_int8_kernel.
Execute         get_model_list attention_int8_kernel -filter all-wo-channel 
INFO-FLOW: Preprocessing for RTLGen ...
Execute         rtl_gen_preprocess attention_int8_kernel_Pipeline_VITIS_LOOP_101_3_VITIS_LOOP_102_4 
Execute         rtl_gen_preprocess attention_int8_kernel_Pipeline_VITIS_LOOP_108_5 
Execute         rtl_gen_preprocess attention_int8_kernel_Pipeline_VITIS_LOOP_130_8_VITIS_LOOP_131_9 
Execute         rtl_gen_preprocess attention_int8_kernel_Pipeline_VITIS_LOOP_146_11 
Execute         rtl_gen_preprocess attention_int8_kernel_Pipeline_VITIS_LOOP_168_14 
Execute         rtl_gen_preprocess attention_int8_kernel_Pipeline_VITIS_LOOP_180_16 
Execute         rtl_gen_preprocess attention_int8_kernel_Pipeline_VITIS_LOOP_193_18_VITIS_LOOP_195_19 
Execute         rtl_gen_preprocess attention_int8_kernel 
INFO-FLOW: Model list for RTL generation: attention_int8_kernel_Pipeline_VITIS_LOOP_101_3_VITIS_LOOP_102_4 attention_int8_kernel_Pipeline_VITIS_LOOP_108_5 attention_int8_kernel_Pipeline_VITIS_LOOP_130_8_VITIS_LOOP_131_9 attention_int8_kernel_Pipeline_VITIS_LOOP_146_11 attention_int8_kernel_Pipeline_VITIS_LOOP_168_14 attention_int8_kernel_Pipeline_VITIS_LOOP_180_16 attention_int8_kernel_Pipeline_VITIS_LOOP_193_18_VITIS_LOOP_195_19 attention_int8_kernel
INFO: [HLS 200-10] ----------------------------------------------------------------
INFO: [HLS 200-10] -- Generating RTL for module 'attention_int8_kernel_Pipeline_VITIS_LOOP_101_3_VITIS_LOOP_102_4' 
INFO: [HLS 200-10] ----------------------------------------------------------------
Execute         get_config_rtl -module_prefix 
Execute         get_config_rtl -module_auto_prefix 
Execute         get_config_rtl -module_prefix 
Execute         get_config_rtl -module_auto_prefix 
Execute         create_rtl_model attention_int8_kernel_Pipeline_VITIS_LOOP_101_3_VITIS_LOOP_102_4 -top_prefix attention_int8_kernel_ -sub_prefix attention_int8_kernel_ -mg_file /home/siyenga7/FPGA/hls_cosim_project/solution_cosim/.autopilot/db/attention_int8_kernel_Pipeline_VITIS_LOOP_101_3_VITIS_LOOP_102_4.compgen.tcl 
INFO: [HLS 200-1030] Apply Unified Pipeline Control on module 'attention_int8_kernel_Pipeline_VITIS_LOOP_101_3_VITIS_LOOP_102_4' pipeline 'VITIS_LOOP_101_3_VITIS_LOOP_102_4' pipeline type 'loop pipeline'
WARNING: [RTGEN 206-101] Setting dangling out port 'attention_int8_kernel_Pipeline_VITIS_LOOP_101_3_VITIS_LOOP_102_4/m_axi_gmem0_ARVALID' to 0.
WARNING: [RTGEN 206-101] Setting dangling out port 'attention_int8_kernel_Pipeline_VITIS_LOOP_101_3_VITIS_LOOP_102_4/m_axi_gmem0_ARADDR' to 0.
WARNING: [RTGEN 206-101] Setting dangling out port 'attention_int8_kernel_Pipeline_VITIS_LOOP_101_3_VITIS_LOOP_102_4/m_axi_gmem0_ARID' to 0.
WARNING: [RTGEN 206-101] Setting dangling out port 'attention_int8_kernel_Pipeline_VITIS_LOOP_101_3_VITIS_LOOP_102_4/m_axi_gmem0_ARLEN' to 0.
WARNING: [RTGEN 206-101] Setting dangling out port 'attention_int8_kernel_Pipeline_VITIS_LOOP_101_3_VITIS_LOOP_102_4/m_axi_gmem0_ARSIZE' to 0.
WARNING: [RTGEN 206-101] Setting dangling out port 'attention_int8_kernel_Pipeline_VITIS_LOOP_101_3_VITIS_LOOP_102_4/m_axi_gmem0_ARBURST' to 0.
WARNING: [RTGEN 206-101] Setting dangling out port 'attention_int8_kernel_Pipeline_VITIS_LOOP_101_3_VITIS_LOOP_102_4/m_axi_gmem0_ARLOCK' to 0.
WARNING: [RTGEN 206-101] Setting dangling out port 'attention_int8_kernel_Pipeline_VITIS_LOOP_101_3_VITIS_LOOP_102_4/m_axi_gmem0_ARCACHE' to 0.
WARNING: [RTGEN 206-101] Setting dangling out port 'attention_int8_kernel_Pipeline_VITIS_LOOP_101_3_VITIS_LOOP_102_4/m_axi_gmem0_ARPROT' to 0.
WARNING: [RTGEN 206-101] Setting dangling out port 'attention_int8_kernel_Pipeline_VITIS_LOOP_101_3_VITIS_LOOP_102_4/m_axi_gmem0_ARQOS' to 0.
WARNING: [RTGEN 206-101] Setting dangling out port 'attention_int8_kernel_Pipeline_VITIS_LOOP_101_3_VITIS_LOOP_102_4/m_axi_gmem0_ARREGION' to 0.
WARNING: [RTGEN 206-101] Setting dangling out port 'attention_int8_kernel_Pipeline_VITIS_LOOP_101_3_VITIS_LOOP_102_4/m_axi_gmem0_ARUSER' to 0.
INFO: [RTGEN 206-100] Finished creating RTL model for 'attention_int8_kernel_Pipeline_VITIS_LOOP_101_3_VITIS_LOOP_102_4'.
Command         create_rtl_model done; 0.16 sec.
INFO: [HLS 200-111] Finished Creating RTL model: CPU user time: 4.69 seconds. CPU system time: 0.03 seconds. Elapsed time: 4.89 seconds; current allocated memory: 790.652 MB.
Execute         source /home/siyenga7/FPGA/hls_cosim_project/solution_cosim/.autopilot/db/attention_int8_kernel.rtl_wrap.cfg.tcl 
Execute         gen_rtl attention_int8_kernel_Pipeline_VITIS_LOOP_101_3_VITIS_LOOP_102_4 -style xilinx -f -lang vhdl -o /home/siyenga7/FPGA/hls_cosim_project/solution_cosim/syn/vhdl/attention_int8_kernel_attention_int8_kernel_Pipeline_VITIS_LOOP_101_3_VITIS_LOOP_102_4 
Execute         gen_rtl attention_int8_kernel_Pipeline_VITIS_LOOP_101_3_VITIS_LOOP_102_4 -style xilinx -f -lang vlog -o /home/siyenga7/FPGA/hls_cosim_project/solution_cosim/syn/verilog/attention_int8_kernel_attention_int8_kernel_Pipeline_VITIS_LOOP_101_3_VITIS_LOOP_102_4 
Execute         syn_report -csynth -model attention_int8_kernel_Pipeline_VITIS_LOOP_101_3_VITIS_LOOP_102_4 -o /home/siyenga7/FPGA/hls_cosim_project/solution_cosim/syn/report/attention_int8_kernel_Pipeline_VITIS_LOOP_101_3_VITIS_LOOP_102_4_csynth.rpt 
Execute           AP::get_flow_target_display_name
Execute             get_solution -flow_target 
Execute         syn_report -rtlxml -model attention_int8_kernel_Pipeline_VITIS_LOOP_101_3_VITIS_LOOP_102_4 -o /home/siyenga7/FPGA/hls_cosim_project/solution_cosim/syn/report/attention_int8_kernel_Pipeline_VITIS_LOOP_101_3_VITIS_LOOP_102_4_csynth.xml 
Execute           get_solution -flow_target
Execute             get_solution -flow_target 
Execute         syn_report -verbosereport -model attention_int8_kernel_Pipeline_VITIS_LOOP_101_3_VITIS_LOOP_102_4 -o /home/siyenga7/FPGA/hls_cosim_project/solution_cosim/.autopilot/db/attention_int8_kernel_Pipeline_VITIS_LOOP_101_3_VITIS_LOOP_102_4.verbose.rpt 
Execute           AP::get_flow_target_display_name
Execute             get_solution -flow_target 
Execute         db_write -model attention_int8_kernel_Pipeline_VITIS_LOOP_101_3_VITIS_LOOP_102_4 -f -o /home/siyenga7/FPGA/hls_cosim_project/solution_cosim/.autopilot/db/attention_int8_kernel_Pipeline_VITIS_LOOP_101_3_VITIS_LOOP_102_4.adb 
Execute         db_write -model attention_int8_kernel_Pipeline_VITIS_LOOP_101_3_VITIS_LOOP_102_4 -bindview -o /home/siyenga7/FPGA/hls_cosim_project/solution_cosim/.autopilot/db/design.bindinfo.xml 
Execute         gen_tb_info attention_int8_kernel_Pipeline_VITIS_LOOP_101_3_VITIS_LOOP_102_4 -p /home/siyenga7/FPGA/hls_cosim_project/solution_cosim/.autopilot/db -o /home/siyenga7/FPGA/hls_cosim_project/solution_cosim/.autopilot/db/attention_int8_kernel_Pipeline_VITIS_LOOP_101_3_VITIS_LOOP_102_4 
INFO: [HLS 200-10] ----------------------------------------------------------------
INFO: [HLS 200-10] -- Generating RTL for module 'attention_int8_kernel_Pipeline_VITIS_LOOP_108_5' 
INFO: [HLS 200-10] ----------------------------------------------------------------
Execute         get_config_rtl -module_prefix 
Execute         get_config_rtl -module_auto_prefix 
Execute         get_config_rtl -module_prefix 
Execute         get_config_rtl -module_auto_prefix 
Execute         create_rtl_model attention_int8_kernel_Pipeline_VITIS_LOOP_108_5 -top_prefix attention_int8_kernel_ -sub_prefix attention_int8_kernel_ -mg_file /home/siyenga7/FPGA/hls_cosim_project/solution_cosim/.autopilot/db/attention_int8_kernel_Pipeline_VITIS_LOOP_108_5.compgen.tcl 
INFO: [RTGEN 206-100] Finished creating RTL model for 'attention_int8_kernel_Pipeline_VITIS_LOOP_108_5'.
INFO: [HLS 200-111] Finished Creating RTL model: CPU user time: 0.24 seconds. CPU system time: 0.01 seconds. Elapsed time: 0.43 seconds; current allocated memory: 795.699 MB.
Execute         source /home/siyenga7/FPGA/hls_cosim_project/solution_cosim/.autopilot/db/attention_int8_kernel.rtl_wrap.cfg.tcl 
Execute         gen_rtl attention_int8_kernel_Pipeline_VITIS_LOOP_108_5 -style xilinx -f -lang vhdl -o /home/siyenga7/FPGA/hls_cosim_project/solution_cosim/syn/vhdl/attention_int8_kernel_attention_int8_kernel_Pipeline_VITIS_LOOP_108_5 
Execute         gen_rtl attention_int8_kernel_Pipeline_VITIS_LOOP_108_5 -style xilinx -f -lang vlog -o /home/siyenga7/FPGA/hls_cosim_project/solution_cosim/syn/verilog/attention_int8_kernel_attention_int8_kernel_Pipeline_VITIS_LOOP_108_5 
Execute         syn_report -csynth -model attention_int8_kernel_Pipeline_VITIS_LOOP_108_5 -o /home/siyenga7/FPGA/hls_cosim_project/solution_cosim/syn/report/attention_int8_kernel_Pipeline_VITIS_LOOP_108_5_csynth.rpt 
Execute           AP::get_flow_target_display_name
Execute             get_solution -flow_target 
Execute         syn_report -rtlxml -model attention_int8_kernel_Pipeline_VITIS_LOOP_108_5 -o /home/siyenga7/FPGA/hls_cosim_project/solution_cosim/syn/report/attention_int8_kernel_Pipeline_VITIS_LOOP_108_5_csynth.xml 
Execute           get_solution -flow_target
Execute             get_solution -flow_target 
Execute         syn_report -verbosereport -model attention_int8_kernel_Pipeline_VITIS_LOOP_108_5 -o /home/siyenga7/FPGA/hls_cosim_project/solution_cosim/.autopilot/db/attention_int8_kernel_Pipeline_VITIS_LOOP_108_5.verbose.rpt 
Execute           AP::get_flow_target_display_name
Execute             get_solution -flow_target 
Execute         db_write -model attention_int8_kernel_Pipeline_VITIS_LOOP_108_5 -f -o /home/siyenga7/FPGA/hls_cosim_project/solution_cosim/.autopilot/db/attention_int8_kernel_Pipeline_VITIS_LOOP_108_5.adb 
Execute         db_write -model attention_int8_kernel_Pipeline_VITIS_LOOP_108_5 -bindview -o /home/siyenga7/FPGA/hls_cosim_project/solution_cosim/.autopilot/db/design.bindinfo.xml 
Execute         gen_tb_info attention_int8_kernel_Pipeline_VITIS_LOOP_108_5 -p /home/siyenga7/FPGA/hls_cosim_project/solution_cosim/.autopilot/db -o /home/siyenga7/FPGA/hls_cosim_project/solution_cosim/.autopilot/db/attention_int8_kernel_Pipeline_VITIS_LOOP_108_5 
INFO: [HLS 200-10] ----------------------------------------------------------------
INFO: [HLS 200-10] -- Generating RTL for module 'attention_int8_kernel_Pipeline_VITIS_LOOP_130_8_VITIS_LOOP_131_9' 
INFO: [HLS 200-10] ----------------------------------------------------------------
Execute         get_config_rtl -module_prefix 
Execute         get_config_rtl -module_auto_prefix 
Execute         get_config_rtl -module_prefix 
Execute         get_config_rtl -module_auto_prefix 
Execute         create_rtl_model attention_int8_kernel_Pipeline_VITIS_LOOP_130_8_VITIS_LOOP_131_9 -top_prefix attention_int8_kernel_ -sub_prefix attention_int8_kernel_ -mg_file /home/siyenga7/FPGA/hls_cosim_project/solution_cosim/.autopilot/db/attention_int8_kernel_Pipeline_VITIS_LOOP_130_8_VITIS_LOOP_131_9.compgen.tcl 
INFO: [HLS 200-1030] Apply Unified Pipeline Control on module 'attention_int8_kernel_Pipeline_VITIS_LOOP_130_8_VITIS_LOOP_131_9' pipeline 'VITIS_LOOP_130_8_VITIS_LOOP_131_9' pipeline type 'loop pipeline'
WARNING: [RTGEN 206-101] Setting dangling out port 'attention_int8_kernel_Pipeline_VITIS_LOOP_130_8_VITIS_LOOP_131_9/m_axi_gmem1_ARVALID' to 0.
WARNING: [RTGEN 206-101] Setting dangling out port 'attention_int8_kernel_Pipeline_VITIS_LOOP_130_8_VITIS_LOOP_131_9/m_axi_gmem1_ARADDR' to 0.
WARNING: [RTGEN 206-101] Setting dangling out port 'attention_int8_kernel_Pipeline_VITIS_LOOP_130_8_VITIS_LOOP_131_9/m_axi_gmem1_ARID' to 0.
WARNING: [RTGEN 206-101] Setting dangling out port 'attention_int8_kernel_Pipeline_VITIS_LOOP_130_8_VITIS_LOOP_131_9/m_axi_gmem1_ARLEN' to 0.
WARNING: [RTGEN 206-101] Setting dangling out port 'attention_int8_kernel_Pipeline_VITIS_LOOP_130_8_VITIS_LOOP_131_9/m_axi_gmem1_ARSIZE' to 0.
WARNING: [RTGEN 206-101] Setting dangling out port 'attention_int8_kernel_Pipeline_VITIS_LOOP_130_8_VITIS_LOOP_131_9/m_axi_gmem1_ARBURST' to 0.
WARNING: [RTGEN 206-101] Setting dangling out port 'attention_int8_kernel_Pipeline_VITIS_LOOP_130_8_VITIS_LOOP_131_9/m_axi_gmem1_ARLOCK' to 0.
WARNING: [RTGEN 206-101] Setting dangling out port 'attention_int8_kernel_Pipeline_VITIS_LOOP_130_8_VITIS_LOOP_131_9/m_axi_gmem1_ARCACHE' to 0.
WARNING: [RTGEN 206-101] Setting dangling out port 'attention_int8_kernel_Pipeline_VITIS_LOOP_130_8_VITIS_LOOP_131_9/m_axi_gmem1_ARPROT' to 0.
WARNING: [RTGEN 206-101] Setting dangling out port 'attention_int8_kernel_Pipeline_VITIS_LOOP_130_8_VITIS_LOOP_131_9/m_axi_gmem1_ARQOS' to 0.
WARNING: [RTGEN 206-101] Setting dangling out port 'attention_int8_kernel_Pipeline_VITIS_LOOP_130_8_VITIS_LOOP_131_9/m_axi_gmem1_ARREGION' to 0.
WARNING: [RTGEN 206-101] Setting dangling out port 'attention_int8_kernel_Pipeline_VITIS_LOOP_130_8_VITIS_LOOP_131_9/m_axi_gmem1_ARUSER' to 0.
WARNING: [RTGEN 206-101] Setting dangling out port 'attention_int8_kernel_Pipeline_VITIS_LOOP_130_8_VITIS_LOOP_131_9/m_axi_gmem2_ARVALID' to 0.
WARNING: [RTGEN 206-101] Setting dangling out port 'attention_int8_kernel_Pipeline_VITIS_LOOP_130_8_VITIS_LOOP_131_9/m_axi_gmem2_ARADDR' to 0.
WARNING: [RTGEN 206-101] Setting dangling out port 'attention_int8_kernel_Pipeline_VITIS_LOOP_130_8_VITIS_LOOP_131_9/m_axi_gmem2_ARID' to 0.
WARNING: [RTGEN 206-101] Setting dangling out port 'attention_int8_kernel_Pipeline_VITIS_LOOP_130_8_VITIS_LOOP_131_9/m_axi_gmem2_ARLEN' to 0.
WARNING: [RTGEN 206-101] Setting dangling out port 'attention_int8_kernel_Pipeline_VITIS_LOOP_130_8_VITIS_LOOP_131_9/m_axi_gmem2_ARSIZE' to 0.
WARNING: [RTGEN 206-101] Setting dangling out port 'attention_int8_kernel_Pipeline_VITIS_LOOP_130_8_VITIS_LOOP_131_9/m_axi_gmem2_ARBURST' to 0.
WARNING: [RTGEN 206-101] Setting dangling out port 'attention_int8_kernel_Pipeline_VITIS_LOOP_130_8_VITIS_LOOP_131_9/m_axi_gmem2_ARLOCK' to 0.
WARNING: [RTGEN 206-101] Setting dangling out port 'attention_int8_kernel_Pipeline_VITIS_LOOP_130_8_VITIS_LOOP_131_9/m_axi_gmem2_ARCACHE' to 0.
WARNING: [RTGEN 206-101] Setting dangling out port 'attention_int8_kernel_Pipeline_VITIS_LOOP_130_8_VITIS_LOOP_131_9/m_axi_gmem2_ARPROT' to 0.
WARNING: [RTGEN 206-101] Setting dangling out port 'attention_int8_kernel_Pipeline_VITIS_LOOP_130_8_VITIS_LOOP_131_9/m_axi_gmem2_ARQOS' to 0.
WARNING: [RTGEN 206-101] Setting dangling out port 'attention_int8_kernel_Pipeline_VITIS_LOOP_130_8_VITIS_LOOP_131_9/m_axi_gmem2_ARREGION' to 0.
WARNING: [RTGEN 206-101] Setting dangling out port 'attention_int8_kernel_Pipeline_VITIS_LOOP_130_8_VITIS_LOOP_131_9/m_axi_gmem2_ARUSER' to 0.
INFO: [RTGEN 206-100] Finished creating RTL model for 'attention_int8_kernel_Pipeline_VITIS_LOOP_130_8_VITIS_LOOP_131_9'.
Command         create_rtl_model done; 0.31 sec.
INFO: [HLS 200-111] Finished Creating RTL model: CPU user time: 0.28 seconds. CPU system time: 0.02 seconds. Elapsed time: 0.6 seconds; current allocated memory: 801.137 MB.
Execute         source /home/siyenga7/FPGA/hls_cosim_project/solution_cosim/.autopilot/db/attention_int8_kernel.rtl_wrap.cfg.tcl 
Execute         gen_rtl attention_int8_kernel_Pipeline_VITIS_LOOP_130_8_VITIS_LOOP_131_9 -style xilinx -f -lang vhdl -o /home/siyenga7/FPGA/hls_cosim_project/solution_cosim/syn/vhdl/attention_int8_kernel_attention_int8_kernel_Pipeline_VITIS_LOOP_130_8_VITIS_LOOP_131_9 
Execute         gen_rtl attention_int8_kernel_Pipeline_VITIS_LOOP_130_8_VITIS_LOOP_131_9 -style xilinx -f -lang vlog -o /home/siyenga7/FPGA/hls_cosim_project/solution_cosim/syn/verilog/attention_int8_kernel_attention_int8_kernel_Pipeline_VITIS_LOOP_130_8_VITIS_LOOP_131_9 
Execute         syn_report -csynth -model attention_int8_kernel_Pipeline_VITIS_LOOP_130_8_VITIS_LOOP_131_9 -o /home/siyenga7/FPGA/hls_cosim_project/solution_cosim/syn/report/attention_int8_kernel_Pipeline_VITIS_LOOP_130_8_VITIS_LOOP_131_9_csynth.rpt 
Execute           AP::get_flow_target_display_name
Execute             get_solution -flow_target 
Execute         syn_report -rtlxml -model attention_int8_kernel_Pipeline_VITIS_LOOP_130_8_VITIS_LOOP_131_9 -o /home/siyenga7/FPGA/hls_cosim_project/solution_cosim/syn/report/attention_int8_kernel_Pipeline_VITIS_LOOP_130_8_VITIS_LOOP_131_9_csynth.xml 
Execute           get_solution -flow_target
Execute             get_solution -flow_target 
Execute         syn_report -verbosereport -model attention_int8_kernel_Pipeline_VITIS_LOOP_130_8_VITIS_LOOP_131_9 -o /home/siyenga7/FPGA/hls_cosim_project/solution_cosim/.autopilot/db/attention_int8_kernel_Pipeline_VITIS_LOOP_130_8_VITIS_LOOP_131_9.verbose.rpt 
Execute           AP::get_flow_target_display_name
Execute             get_solution -flow_target 
Execute         db_write -model attention_int8_kernel_Pipeline_VITIS_LOOP_130_8_VITIS_LOOP_131_9 -f -o /home/siyenga7/FPGA/hls_cosim_project/solution_cosim/.autopilot/db/attention_int8_kernel_Pipeline_VITIS_LOOP_130_8_VITIS_LOOP_131_9.adb 
Execute         db_write -model attention_int8_kernel_Pipeline_VITIS_LOOP_130_8_VITIS_LOOP_131_9 -bindview -o /home/siyenga7/FPGA/hls_cosim_project/solution_cosim/.autopilot/db/design.bindinfo.xml 
Execute         gen_tb_info attention_int8_kernel_Pipeline_VITIS_LOOP_130_8_VITIS_LOOP_131_9 -p /home/siyenga7/FPGA/hls_cosim_project/solution_cosim/.autopilot/db -o /home/siyenga7/FPGA/hls_cosim_project/solution_cosim/.autopilot/db/attention_int8_kernel_Pipeline_VITIS_LOOP_130_8_VITIS_LOOP_131_9 
INFO: [HLS 200-10] ----------------------------------------------------------------
INFO: [HLS 200-10] -- Generating RTL for module 'attention_int8_kernel_Pipeline_VITIS_LOOP_146_11' 
INFO: [HLS 200-10] ----------------------------------------------------------------
Execute         get_config_rtl -module_prefix 
Execute         get_config_rtl -module_auto_prefix 
Execute         get_config_rtl -module_prefix 
Execute         get_config_rtl -module_auto_prefix 
Execute         create_rtl_model attention_int8_kernel_Pipeline_VITIS_LOOP_146_11 -top_prefix attention_int8_kernel_ -sub_prefix attention_int8_kernel_ -mg_file /home/siyenga7/FPGA/hls_cosim_project/solution_cosim/.autopilot/db/attention_int8_kernel_Pipeline_VITIS_LOOP_146_11.compgen.tcl 
INFO: [HLS 200-1030] Apply Unified Pipeline Control on module 'attention_int8_kernel_Pipeline_VITIS_LOOP_146_11' pipeline 'VITIS_LOOP_146_11' pipeline type 'loop pipeline'
INFO: [RTGEN 206-100] Generating core module 'fcmp_32ns_32ns_1_2_no_dsp_1': 1 instance(s).
INFO: [RTGEN 206-100] Generating core module 'fmul_32ns_32ns_32_4_max_dsp_1': 1 instance(s).
INFO: [RTGEN 206-100] Generating core module 'mac_muladd_8s_8s_16s_17_4_1': 32 instance(s).
INFO: [RTGEN 206-100] Generating core module 'mul_8s_8s_16_1_1': 32 instance(s).
INFO: [RTGEN 206-100] Generating core module 'sitofp_32s_32_6_no_dsp_1': 1 instance(s).
INFO: [RTGEN 206-100] Finished creating RTL model for 'attention_int8_kernel_Pipeline_VITIS_LOOP_146_11'.
Command         create_rtl_model done; 0.24 sec.
INFO: [HLS 200-111] Finished Creating RTL model: CPU user time: 0.35 seconds. CPU system time: 0.01 seconds. Elapsed time: 0.58 seconds; current allocated memory: 810.891 MB.
Execute         source /home/siyenga7/FPGA/hls_cosim_project/solution_cosim/.autopilot/db/attention_int8_kernel.rtl_wrap.cfg.tcl 
Execute         gen_rtl attention_int8_kernel_Pipeline_VITIS_LOOP_146_11 -style xilinx -f -lang vhdl -o /home/siyenga7/FPGA/hls_cosim_project/solution_cosim/syn/vhdl/attention_int8_kernel_attention_int8_kernel_Pipeline_VITIS_LOOP_146_11 
Execute         gen_rtl attention_int8_kernel_Pipeline_VITIS_LOOP_146_11 -style xilinx -f -lang vlog -o /home/siyenga7/FPGA/hls_cosim_project/solution_cosim/syn/verilog/attention_int8_kernel_attention_int8_kernel_Pipeline_VITIS_LOOP_146_11 
Execute         syn_report -csynth -model attention_int8_kernel_Pipeline_VITIS_LOOP_146_11 -o /home/siyenga7/FPGA/hls_cosim_project/solution_cosim/syn/report/attention_int8_kernel_Pipeline_VITIS_LOOP_146_11_csynth.rpt 
Execute           AP::get_flow_target_display_name
Execute             get_solution -flow_target 
Command         syn_report done; 0.2 sec.
Execute         syn_report -rtlxml -model attention_int8_kernel_Pipeline_VITIS_LOOP_146_11 -o /home/siyenga7/FPGA/hls_cosim_project/solution_cosim/syn/report/attention_int8_kernel_Pipeline_VITIS_LOOP_146_11_csynth.xml 
Execute           get_solution -flow_target
Execute             get_solution -flow_target 
Execute         syn_report -verbosereport -model attention_int8_kernel_Pipeline_VITIS_LOOP_146_11 -o /home/siyenga7/FPGA/hls_cosim_project/solution_cosim/.autopilot/db/attention_int8_kernel_Pipeline_VITIS_LOOP_146_11.verbose.rpt 
Execute           AP::get_flow_target_display_name
Execute             get_solution -flow_target 
Command         syn_report done; 0.43 sec.
Execute         db_write -model attention_int8_kernel_Pipeline_VITIS_LOOP_146_11 -f -o /home/siyenga7/FPGA/hls_cosim_project/solution_cosim/.autopilot/db/attention_int8_kernel_Pipeline_VITIS_LOOP_146_11.adb 
Command         db_write done; 0.14 sec.
Execute         db_write -model attention_int8_kernel_Pipeline_VITIS_LOOP_146_11 -bindview -o /home/siyenga7/FPGA/hls_cosim_project/solution_cosim/.autopilot/db/design.bindinfo.xml 
Execute         gen_tb_info attention_int8_kernel_Pipeline_VITIS_LOOP_146_11 -p /home/siyenga7/FPGA/hls_cosim_project/solution_cosim/.autopilot/db -o /home/siyenga7/FPGA/hls_cosim_project/solution_cosim/.autopilot/db/attention_int8_kernel_Pipeline_VITIS_LOOP_146_11 
INFO: [HLS 200-10] ----------------------------------------------------------------
INFO: [HLS 200-10] -- Generating RTL for module 'attention_int8_kernel_Pipeline_VITIS_LOOP_168_14' 
INFO: [HLS 200-10] ----------------------------------------------------------------
Execute         get_config_rtl -module_prefix 
Execute         get_config_rtl -module_auto_prefix 
Execute         get_config_rtl -module_prefix 
Execute         get_config_rtl -module_auto_prefix 
Execute         create_rtl_model attention_int8_kernel_Pipeline_VITIS_LOOP_168_14 -top_prefix attention_int8_kernel_ -sub_prefix attention_int8_kernel_ -mg_file /home/siyenga7/FPGA/hls_cosim_project/solution_cosim/.autopilot/db/attention_int8_kernel_Pipeline_VITIS_LOOP_168_14.compgen.tcl 
INFO: [HLS 200-1030] Apply Unified Pipeline Control on module 'attention_int8_kernel_Pipeline_VITIS_LOOP_168_14' pipeline 'VITIS_LOOP_168_14' pipeline type 'loop pipeline'
INFO: [RTGEN 206-100] Generating core module 'fadd_32ns_32ns_32_7_full_dsp_1': 1 instance(s).
INFO: [RTGEN 206-100] Generating core module 'faddfsub_32ns_32ns_32_7_full_dsp_1': 3 instance(s).
INFO: [RTGEN 206-100] Generating core module 'fcmp_32ns_32ns_1_2_no_dsp_1': 2 instance(s).
INFO: [RTGEN 206-100] Generating core module 'fdiv_32ns_32ns_32_16_no_dsp_1': 1 instance(s).
INFO: [RTGEN 206-100] Generating core module 'fmul_32ns_32ns_32_4_max_dsp_1': 2 instance(s).
INFO: [RTGEN 206-100] Generating core module 'mux_1287_32_1_1': 1 instance(s).
INFO: [RTGEN 206-100] Generating core module 'mux_6432_32_1_1': 1 instance(s).
INFO: [RTGEN 206-100] Generating core module 'mux_83_32_1_1': 1 instance(s).
INFO: [RTGEN 206-100] Generating core module 'sitofp_32ns_32_6_no_dsp_1': 1 instance(s).
INFO: [RTGEN 206-100] Finished creating RTL model for 'attention_int8_kernel_Pipeline_VITIS_LOOP_168_14'.
Command         create_rtl_model done; 0.57 sec.
INFO: [HLS 200-111] Finished Creating RTL model: CPU user time: 1.47 seconds. CPU system time: 0.04 seconds. Elapsed time: 1.76 seconds; current allocated memory: 840.789 MB.
Execute         source /home/siyenga7/FPGA/hls_cosim_project/solution_cosim/.autopilot/db/attention_int8_kernel.rtl_wrap.cfg.tcl 
Execute         gen_rtl attention_int8_kernel_Pipeline_VITIS_LOOP_168_14 -style xilinx -f -lang vhdl -o /home/siyenga7/FPGA/hls_cosim_project/solution_cosim/syn/vhdl/attention_int8_kernel_attention_int8_kernel_Pipeline_VITIS_LOOP_168_14 
Execute         gen_rtl attention_int8_kernel_Pipeline_VITIS_LOOP_168_14 -style xilinx -f -lang vlog -o /home/siyenga7/FPGA/hls_cosim_project/solution_cosim/syn/verilog/attention_int8_kernel_attention_int8_kernel_Pipeline_VITIS_LOOP_168_14 
Execute         syn_report -csynth -model attention_int8_kernel_Pipeline_VITIS_LOOP_168_14 -o /home/siyenga7/FPGA/hls_cosim_project/solution_cosim/syn/report/attention_int8_kernel_Pipeline_VITIS_LOOP_168_14_csynth.rpt 
Execute           AP::get_flow_target_display_name
Execute             get_solution -flow_target 
Command         syn_report done; 0.11 sec.
Execute         syn_report -rtlxml -model attention_int8_kernel_Pipeline_VITIS_LOOP_168_14 -o /home/siyenga7/FPGA/hls_cosim_project/solution_cosim/syn/report/attention_int8_kernel_Pipeline_VITIS_LOOP_168_14_csynth.xml 
Execute           get_solution -flow_target
Execute             get_solution -flow_target 
Execute         syn_report -verbosereport -model attention_int8_kernel_Pipeline_VITIS_LOOP_168_14 -o /home/siyenga7/FPGA/hls_cosim_project/solution_cosim/.autopilot/db/attention_int8_kernel_Pipeline_VITIS_LOOP_168_14.verbose.rpt 
Execute           AP::get_flow_target_display_name
Execute             get_solution -flow_target 
Command         syn_report done; 0.42 sec.
Execute         db_write -model attention_int8_kernel_Pipeline_VITIS_LOOP_168_14 -f -o /home/siyenga7/FPGA/hls_cosim_project/solution_cosim/.autopilot/db/attention_int8_kernel_Pipeline_VITIS_LOOP_168_14.adb 
Command         db_write done; 0.18 sec.
Execute         db_write -model attention_int8_kernel_Pipeline_VITIS_LOOP_168_14 -bindview -o /home/siyenga7/FPGA/hls_cosim_project/solution_cosim/.autopilot/db/design.bindinfo.xml 
Execute         gen_tb_info attention_int8_kernel_Pipeline_VITIS_LOOP_168_14 -p /home/siyenga7/FPGA/hls_cosim_project/solution_cosim/.autopilot/db -o /home/siyenga7/FPGA/hls_cosim_project/solution_cosim/.autopilot/db/attention_int8_kernel_Pipeline_VITIS_LOOP_168_14 
INFO: [HLS 200-10] ----------------------------------------------------------------
INFO: [HLS 200-10] -- Generating RTL for module 'attention_int8_kernel_Pipeline_VITIS_LOOP_180_16' 
INFO: [HLS 200-10] ----------------------------------------------------------------
Execute         get_config_rtl -module_prefix 
Execute         get_config_rtl -module_auto_prefix 
Execute         get_config_rtl -module_prefix 
Execute         get_config_rtl -module_auto_prefix 
Execute         create_rtl_model attention_int8_kernel_Pipeline_VITIS_LOOP_180_16 -top_prefix attention_int8_kernel_ -sub_prefix attention_int8_kernel_ -mg_file /home/siyenga7/FPGA/hls_cosim_project/solution_cosim/.autopilot/db/attention_int8_kernel_Pipeline_VITIS_LOOP_180_16.compgen.tcl 
INFO: [HLS 200-1030] Apply Unified Pipeline Control on module 'attention_int8_kernel_Pipeline_VITIS_LOOP_180_16' pipeline 'VITIS_LOOP_180_16' pipeline type 'loop pipeline'
INFO: [RTGEN 206-104] Estimated max fanout for 'attention_int8_kernel_Pipeline_VITIS_LOOP_180_16' is 31520 from HDL expression: ((1'b0 == ap_block_pp0_stage2_11001) & (1'b1 == ap_CS_fsm_pp0_stage2))
INFO: [RTGEN 206-100] Generating core module 'fadd_32ns_32ns_32_6_no_dsp_1': 1 instance(s).
INFO: [RTGEN 206-100] Generating core module 'fadd_32ns_32ns_32_7_full_dsp_1': 10 instance(s).
INFO: [RTGEN 206-100] Generating core module 'faddfsub_32ns_32ns_32_7_full_dsp_1': 3 instance(s).
INFO: [RTGEN 206-100] Generating core module 'fmul_32ns_32ns_32_4_max_dsp_1': 27 instance(s).
INFO: [RTGEN 206-100] Generating core module 'mux_83_32_1_1': 1 instance(s).
INFO: [RTGEN 206-100] Generating core module 'mux_83_8_1_1': 13 instance(s).
INFO: [RTGEN 206-100] Generating core module 'sitofp_32s_32_6_no_dsp_1': 13 instance(s).
INFO: [RTGEN 206-100] Finished creating RTL model for 'attention_int8_kernel_Pipeline_VITIS_LOOP_180_16'.
Command         create_rtl_model done; 2.25 sec.
INFO: [HLS 200-111] Finished Creating RTL model: CPU user time: 3.1 seconds. CPU system time: 0.06 seconds. Elapsed time: 3.37 seconds; current allocated memory: 879.785 MB.
Execute         source /home/siyenga7/FPGA/hls_cosim_project/solution_cosim/.autopilot/db/attention_int8_kernel.rtl_wrap.cfg.tcl 
Execute         gen_rtl attention_int8_kernel_Pipeline_VITIS_LOOP_180_16 -style xilinx -f -lang vhdl -o /home/siyenga7/FPGA/hls_cosim_project/solution_cosim/syn/vhdl/attention_int8_kernel_attention_int8_kernel_Pipeline_VITIS_LOOP_180_16 
Command         gen_rtl done; 0.11 sec.
Execute         gen_rtl attention_int8_kernel_Pipeline_VITIS_LOOP_180_16 -style xilinx -f -lang vlog -o /home/siyenga7/FPGA/hls_cosim_project/solution_cosim/syn/verilog/attention_int8_kernel_attention_int8_kernel_Pipeline_VITIS_LOOP_180_16 
Command         gen_rtl done; 0.14 sec.
Execute         syn_report -csynth -model attention_int8_kernel_Pipeline_VITIS_LOOP_180_16 -o /home/siyenga7/FPGA/hls_cosim_project/solution_cosim/syn/report/attention_int8_kernel_Pipeline_VITIS_LOOP_180_16_csynth.rpt 
Execute           AP::get_flow_target_display_name
Execute             get_solution -flow_target 
Command         syn_report done; 0.95 sec.
Execute         syn_report -rtlxml -model attention_int8_kernel_Pipeline_VITIS_LOOP_180_16 -o /home/siyenga7/FPGA/hls_cosim_project/solution_cosim/syn/report/attention_int8_kernel_Pipeline_VITIS_LOOP_180_16_csynth.xml 
Execute           get_solution -flow_target
Execute             get_solution -flow_target 
Command         syn_report done; 0.44 sec.
Execute         syn_report -verbosereport -model attention_int8_kernel_Pipeline_VITIS_LOOP_180_16 -o /home/siyenga7/FPGA/hls_cosim_project/solution_cosim/.autopilot/db/attention_int8_kernel_Pipeline_VITIS_LOOP_180_16.verbose.rpt 
Execute           AP::get_flow_target_display_name
Execute             get_solution -flow_target 
Command         syn_report done; 7.65 sec.
Execute         db_write -model attention_int8_kernel_Pipeline_VITIS_LOOP_180_16 -f -o /home/siyenga7/FPGA/hls_cosim_project/solution_cosim/.autopilot/db/attention_int8_kernel_Pipeline_VITIS_LOOP_180_16.adb 
Command         db_write done; 0.79 sec.
Execute         db_write -model attention_int8_kernel_Pipeline_VITIS_LOOP_180_16 -bindview -o /home/siyenga7/FPGA/hls_cosim_project/solution_cosim/.autopilot/db/design.bindinfo.xml 
Command         db_write done; 0.85 sec.
Execute         gen_tb_info attention_int8_kernel_Pipeline_VITIS_LOOP_180_16 -p /home/siyenga7/FPGA/hls_cosim_project/solution_cosim/.autopilot/db -o /home/siyenga7/FPGA/hls_cosim_project/solution_cosim/.autopilot/db/attention_int8_kernel_Pipeline_VITIS_LOOP_180_16 
INFO: [HLS 200-10] ----------------------------------------------------------------
INFO: [HLS 200-10] -- Generating RTL for module 'attention_int8_kernel_Pipeline_VITIS_LOOP_193_18_VITIS_LOOP_195_19' 
INFO: [HLS 200-10] ----------------------------------------------------------------
Execute         get_config_rtl -module_prefix 
Execute         get_config_rtl -module_auto_prefix 
Execute         get_config_rtl -module_prefix 
Execute         get_config_rtl -module_auto_prefix 
Execute         create_rtl_model attention_int8_kernel_Pipeline_VITIS_LOOP_193_18_VITIS_LOOP_195_19 -top_prefix attention_int8_kernel_ -sub_prefix attention_int8_kernel_ -mg_file /home/siyenga7/FPGA/hls_cosim_project/solution_cosim/.autopilot/db/attention_int8_kernel_Pipeline_VITIS_LOOP_193_18_VITIS_LOOP_195_19.compgen.tcl 
INFO: [HLS 200-1030] Apply Unified Pipeline Control on module 'attention_int8_kernel_Pipeline_VITIS_LOOP_193_18_VITIS_LOOP_195_19' pipeline 'VITIS_LOOP_193_18_VITIS_LOOP_195_19' pipeline type 'loop pipeline'
WARNING: [RTGEN 206-101] Setting dangling out port 'attention_int8_kernel_Pipeline_VITIS_LOOP_193_18_VITIS_LOOP_195_19/m_axi_gmem3_AWVALID' to 0.
WARNING: [RTGEN 206-101] Setting dangling out port 'attention_int8_kernel_Pipeline_VITIS_LOOP_193_18_VITIS_LOOP_195_19/m_axi_gmem3_AWADDR' to 0.
WARNING: [RTGEN 206-101] Setting dangling out port 'attention_int8_kernel_Pipeline_VITIS_LOOP_193_18_VITIS_LOOP_195_19/m_axi_gmem3_AWID' to 0.
WARNING: [RTGEN 206-101] Setting dangling out port 'attention_int8_kernel_Pipeline_VITIS_LOOP_193_18_VITIS_LOOP_195_19/m_axi_gmem3_AWLEN' to 0.
WARNING: [RTGEN 206-101] Setting dangling out port 'attention_int8_kernel_Pipeline_VITIS_LOOP_193_18_VITIS_LOOP_195_19/m_axi_gmem3_AWSIZE' to 0.
WARNING: [RTGEN 206-101] Setting dangling out port 'attention_int8_kernel_Pipeline_VITIS_LOOP_193_18_VITIS_LOOP_195_19/m_axi_gmem3_AWBURST' to 0.
WARNING: [RTGEN 206-101] Setting dangling out port 'attention_int8_kernel_Pipeline_VITIS_LOOP_193_18_VITIS_LOOP_195_19/m_axi_gmem3_AWLOCK' to 0.
WARNING: [RTGEN 206-101] Setting dangling out port 'attention_int8_kernel_Pipeline_VITIS_LOOP_193_18_VITIS_LOOP_195_19/m_axi_gmem3_AWCACHE' to 0.
WARNING: [RTGEN 206-101] Setting dangling out port 'attention_int8_kernel_Pipeline_VITIS_LOOP_193_18_VITIS_LOOP_195_19/m_axi_gmem3_AWPROT' to 0.
WARNING: [RTGEN 206-101] Setting dangling out port 'attention_int8_kernel_Pipeline_VITIS_LOOP_193_18_VITIS_LOOP_195_19/m_axi_gmem3_AWQOS' to 0.
WARNING: [RTGEN 206-101] Setting dangling out port 'attention_int8_kernel_Pipeline_VITIS_LOOP_193_18_VITIS_LOOP_195_19/m_axi_gmem3_AWREGION' to 0.
WARNING: [RTGEN 206-101] Setting dangling out port 'attention_int8_kernel_Pipeline_VITIS_LOOP_193_18_VITIS_LOOP_195_19/m_axi_gmem3_AWUSER' to 0.
WARNING: [RTGEN 206-101] Setting dangling out port 'attention_int8_kernel_Pipeline_VITIS_LOOP_193_18_VITIS_LOOP_195_19/m_axi_gmem3_BREADY' to 0.
INFO: [RTGEN 206-100] Generating core module 'fcmp_32ns_32ns_1_2_no_dsp_1': 1 instance(s).
INFO: [RTGEN 206-100] Generating core module 'fdiv_32ns_32ns_32_16_no_dsp_1': 1 instance(s).
INFO: [RTGEN 206-100] Generating core module 'fmul_32ns_32ns_32_4_max_dsp_1': 1 instance(s).
INFO: [RTGEN 206-100] Generating core module 'mux_83_32_1_1': 1 instance(s).
INFO: [RTGEN 206-100] Generating core module 'mux_84_32_1_1': 2 instance(s).
INFO: [RTGEN 206-100] Generating core module 'sptohp_32ns_16_2_no_dsp_1': 1 instance(s).
INFO: [RTGEN 206-100] Finished creating RTL model for 'attention_int8_kernel_Pipeline_VITIS_LOOP_193_18_VITIS_LOOP_195_19'.
Command         create_rtl_model done; 0.25 sec.
INFO: [HLS 200-111] Finished Creating RTL model: CPU user time: 11.54 seconds. CPU system time: 0.16 seconds. Elapsed time: 12.11 seconds; current allocated memory: 942.602 MB.
Execute         source /home/siyenga7/FPGA/hls_cosim_project/solution_cosim/.autopilot/db/attention_int8_kernel.rtl_wrap.cfg.tcl 
Execute         gen_rtl attention_int8_kernel_Pipeline_VITIS_LOOP_193_18_VITIS_LOOP_195_19 -style xilinx -f -lang vhdl -o /home/siyenga7/FPGA/hls_cosim_project/solution_cosim/syn/vhdl/attention_int8_kernel_attention_int8_kernel_Pipeline_VITIS_LOOP_193_18_VITIS_LOOP_195_19 
Execute         gen_rtl attention_int8_kernel_Pipeline_VITIS_LOOP_193_18_VITIS_LOOP_195_19 -style xilinx -f -lang vlog -o /home/siyenga7/FPGA/hls_cosim_project/solution_cosim/syn/verilog/attention_int8_kernel_attention_int8_kernel_Pipeline_VITIS_LOOP_193_18_VITIS_LOOP_195_19 
Execute         syn_report -csynth -model attention_int8_kernel_Pipeline_VITIS_LOOP_193_18_VITIS_LOOP_195_19 -o /home/siyenga7/FPGA/hls_cosim_project/solution_cosim/syn/report/attention_int8_kernel_Pipeline_VITIS_LOOP_193_18_VITIS_LOOP_195_19_csynth.rpt 
Execute           AP::get_flow_target_display_name
Execute             get_solution -flow_target 
Command         syn_report done; 0.11 sec.
Execute         syn_report -rtlxml -model attention_int8_kernel_Pipeline_VITIS_LOOP_193_18_VITIS_LOOP_195_19 -o /home/siyenga7/FPGA/hls_cosim_project/solution_cosim/syn/report/attention_int8_kernel_Pipeline_VITIS_LOOP_193_18_VITIS_LOOP_195_19_csynth.xml 
Execute           get_solution -flow_target
Execute             get_solution -flow_target 
Execute         syn_report -verbosereport -model attention_int8_kernel_Pipeline_VITIS_LOOP_193_18_VITIS_LOOP_195_19 -o /home/siyenga7/FPGA/hls_cosim_project/solution_cosim/.autopilot/db/attention_int8_kernel_Pipeline_VITIS_LOOP_193_18_VITIS_LOOP_195_19.verbose.rpt 
Execute           AP::get_flow_target_display_name
Execute             get_solution -flow_target 
Command         syn_report done; 0.26 sec.
Execute         db_write -model attention_int8_kernel_Pipeline_VITIS_LOOP_193_18_VITIS_LOOP_195_19 -f -o /home/siyenga7/FPGA/hls_cosim_project/solution_cosim/.autopilot/db/attention_int8_kernel_Pipeline_VITIS_LOOP_193_18_VITIS_LOOP_195_19.adb 
Execute         db_write -model attention_int8_kernel_Pipeline_VITIS_LOOP_193_18_VITIS_LOOP_195_19 -bindview -o /home/siyenga7/FPGA/hls_cosim_project/solution_cosim/.autopilot/db/design.bindinfo.xml 
Execute         gen_tb_info attention_int8_kernel_Pipeline_VITIS_LOOP_193_18_VITIS_LOOP_195_19 -p /home/siyenga7/FPGA/hls_cosim_project/solution_cosim/.autopilot/db -o /home/siyenga7/FPGA/hls_cosim_project/solution_cosim/.autopilot/db/attention_int8_kernel_Pipeline_VITIS_LOOP_193_18_VITIS_LOOP_195_19 
INFO: [HLS 200-10] ----------------------------------------------------------------
INFO: [HLS 200-10] -- Generating RTL for module 'attention_int8_kernel' 
INFO: [HLS 200-10] ----------------------------------------------------------------
Execute         get_config_rtl -module_prefix 
Execute         get_config_rtl -module_prefix 
Execute         get_config_rtl -module_auto_prefix 
Execute         create_rtl_model attention_int8_kernel -top_prefix  -sub_prefix attention_int8_kernel_ -mg_file /home/siyenga7/FPGA/hls_cosim_project/solution_cosim/.autopilot/db/attention_int8_kernel.compgen.tcl 
WARNING: [RTGEN 206-101] Design contains AXI ports. Reset is fixed to synchronous and active low.
INFO: [RTGEN 206-500] Setting interface mode on port 'attention_int8_kernel/gmem0' to 'm_axi'.
INFO: [RTGEN 206-500] Setting interface mode on port 'attention_int8_kernel/gmem1' to 'm_axi'.
INFO: [RTGEN 206-500] Setting interface mode on port 'attention_int8_kernel/gmem2' to 'm_axi'.
INFO: [RTGEN 206-500] Setting interface mode on port 'attention_int8_kernel/gmem3' to 'm_axi'.
INFO: [RTGEN 206-500] Setting interface mode on port 'attention_int8_kernel/Q_in' to 's_axilite & ap_none'.
INFO: [RTGEN 206-500] Setting interface mode on port 'attention_int8_kernel/K_in' to 's_axilite & ap_none'.
INFO: [RTGEN 206-500] Setting interface mode on port 'attention_int8_kernel/V_in' to 's_axilite & ap_none'.
INFO: [RTGEN 206-500] Setting interface mode on port 'attention_int8_kernel/O_out' to 's_axilite & ap_none'.
INFO: [RTGEN 206-500] Setting interface mode on port 'attention_int8_kernel/q_scale' to 's_axilite & ap_none'.
INFO: [RTGEN 206-500] Setting interface mode on port 'attention_int8_kernel/v_scale' to 's_axilite & ap_none'.
INFO: [RTGEN 206-500] Setting interface mode on function 'attention_int8_kernel' to 's_axilite & ap_ctrl_hs'.
INFO: [RTGEN 206-100] Bundling port 'Q_in', 'K_in', 'V_in', 'O_out', 'q_scale', 'v_scale' to AXI-Lite port control.
INFO: [RTGEN 206-100] Generating core module 'fadd_32ns_32ns_32_7_full_dsp_1': 29 instance(s).
INFO: [RTGEN 206-100] Generating core module 'faddfsub_32ns_32ns_32_7_full_dsp_1': 3 instance(s).
INFO: [RTGEN 206-100] Generating core module 'fcmp_32ns_32ns_1_2_no_dsp_1': 2 instance(s).
INFO: [RTGEN 206-100] Generating core module 'fdiv_32ns_32ns_32_16_no_dsp_1': 1 instance(s).
INFO: [RTGEN 206-100] Generating core module 'fmul_32ns_32ns_32_4_max_dsp_1': 3 instance(s).
INFO: [RTGEN 206-100] Generating core module 'fsub_32ns_32ns_32_7_full_dsp_1': 1 instance(s).
INFO: [RTGEN 206-100] Generating core module 'mux_1287_32_1_1': 1 instance(s).
INFO: [RTGEN 206-100] Generating core module 'mux_6432_32_1_1': 1 instance(s).
INFO: [RTGEN 206-100] Generating core module 'mux_84_32_1_1': 3 instance(s).
INFO: [RTGEN 206-100] Generating core module 'sitofp_32ns_32_6_no_dsp_1': 1 instance(s).
INFO: [RTGEN 206-100] Finished creating RTL model for 'attention_int8_kernel'.
Command         create_rtl_model done; 1.45 sec.
INFO: [HLS 200-111] Finished Creating RTL model: CPU user time: 1.56 seconds. CPU system time: 0.05 seconds. Elapsed time: 2.06 seconds; current allocated memory: 962.215 MB.
Execute         source /home/siyenga7/FPGA/hls_cosim_project/solution_cosim/.autopilot/db/attention_int8_kernel.rtl_wrap.cfg.tcl 
Execute         gen_rtl attention_int8_kernel -istop -style xilinx -f -lang vhdl -o /home/siyenga7/FPGA/hls_cosim_project/solution_cosim/syn/vhdl/attention_int8_kernel 
Command         gen_rtl done; 0.9 sec.
Execute         gen_rtl attention_int8_kernel -istop -style xilinx -f -lang vlog -o /home/siyenga7/FPGA/hls_cosim_project/solution_cosim/syn/verilog/attention_int8_kernel 
Command         gen_rtl done; 0.48 sec.
Execute         syn_report -csynth -model attention_int8_kernel -o /home/siyenga7/FPGA/hls_cosim_project/solution_cosim/syn/report/attention_int8_kernel_csynth.rpt 
Execute           AP::get_flow_target_display_name
Execute             get_solution -flow_target 
Command         syn_report done; 0.39 sec.
Execute         syn_report -rtlxml -model attention_int8_kernel -o /home/siyenga7/FPGA/hls_cosim_project/solution_cosim/syn/report/attention_int8_kernel_csynth.xml 
Execute           get_solution -flow_target
Execute             get_solution -flow_target 
Command         syn_report done; 0.36 sec.
Execute         syn_report -verbosereport -model attention_int8_kernel -o /home/siyenga7/FPGA/hls_cosim_project/solution_cosim/.autopilot/db/attention_int8_kernel.verbose.rpt 
Execute           AP::get_flow_target_display_name
Execute             get_solution -flow_target 
Command         syn_report done; 6.38 sec.
Execute         db_write -model attention_int8_kernel -f -o /home/siyenga7/FPGA/hls_cosim_project/solution_cosim/.autopilot/db/attention_int8_kernel.adb 
Command         db_write done; 0.61 sec.
Execute         db_write -model attention_int8_kernel -bindview -o /home/siyenga7/FPGA/hls_cosim_project/solution_cosim/.autopilot/db/design.bindinfo.xml 
Command         db_write done; 0.77 sec.
Execute         gen_tb_info attention_int8_kernel -p /home/siyenga7/FPGA/hls_cosim_project/solution_cosim/.autopilot/db -o /home/siyenga7/FPGA/hls_cosim_project/solution_cosim/.autopilot/db/attention_int8_kernel 
Execute         export_constraint_db -f -tool general -o /home/siyenga7/FPGA/hls_cosim_project/solution_cosim/.autopilot/db/attention_int8_kernel.constraint.tcl 
Execute         syn_report -designview -model attention_int8_kernel -o /home/siyenga7/FPGA/hls_cosim_project/solution_cosim/.autopilot/db/attention_int8_kernel.design.xml 
Command         syn_report done; 1.95 sec.
Execute         syn_report -csynthDesign -model attention_int8_kernel -o /home/siyenga7/FPGA/hls_cosim_project/solution_cosim/syn/report/csynth.rpt 
Execute           AP::get_flow_target_display_name
Execute             get_solution -flow_target 
Execute         get_config_rtl -disable_wave_debug 
Execute         syn_report -wcfg -model attention_int8_kernel -o /home/siyenga7/FPGA/hls_cosim_project/solution_cosim/.autopilot/db/attention_int8_kernel_dataflow_ana.wcfg 
Execute         syn_report -protoinst -model attention_int8_kernel -o /home/siyenga7/FPGA/hls_cosim_project/solution_cosim/.autopilot/db/attention_int8_kernel.protoinst 
Execute         get_config_debug -directory 
Execute         sc_get_clocks attention_int8_kernel 
Execute         get_config_export -vivado_clock 
Execute         get_config_rtl -module_prefix 
Execute         get_config_rtl -module_prefix 
Execute         get_config_rtl -module_auto_prefix 
Execute         sc_get_portdomain attention_int8_kernel 
INFO-FLOW: Model list for RTL component generation: attention_int8_kernel_Pipeline_VITIS_LOOP_101_3_VITIS_LOOP_102_4 attention_int8_kernel_Pipeline_VITIS_LOOP_108_5 attention_int8_kernel_Pipeline_VITIS_LOOP_130_8_VITIS_LOOP_131_9 attention_int8_kernel_Pipeline_VITIS_LOOP_146_11 attention_int8_kernel_Pipeline_VITIS_LOOP_168_14 attention_int8_kernel_Pipeline_VITIS_LOOP_180_16 attention_int8_kernel_Pipeline_VITIS_LOOP_193_18_VITIS_LOOP_195_19 attention_int8_kernel
INFO-FLOW: Handling components in module [attention_int8_kernel_Pipeline_VITIS_LOOP_101_3_VITIS_LOOP_102_4] ... 
Execute         source /home/siyenga7/FPGA/hls_cosim_project/solution_cosim/.autopilot/db/attention_int8_kernel_Pipeline_VITIS_LOOP_101_3_VITIS_LOOP_102_4.compgen.tcl 
INFO-FLOW: Found component attention_int8_kernel_flow_control_loop_pipe_sequential_init.
INFO-FLOW: Append model attention_int8_kernel_flow_control_loop_pipe_sequential_init
INFO-FLOW: Handling components in module [attention_int8_kernel_Pipeline_VITIS_LOOP_108_5] ... 
Execute         source /home/siyenga7/FPGA/hls_cosim_project/solution_cosim/.autopilot/db/attention_int8_kernel_Pipeline_VITIS_LOOP_108_5.compgen.tcl 
INFO-FLOW: Found component attention_int8_kernel_flow_control_loop_pipe_sequential_init.
INFO-FLOW: Append model attention_int8_kernel_flow_control_loop_pipe_sequential_init
INFO-FLOW: Handling components in module [attention_int8_kernel_Pipeline_VITIS_LOOP_130_8_VITIS_LOOP_131_9] ... 
Execute         source /home/siyenga7/FPGA/hls_cosim_project/solution_cosim/.autopilot/db/attention_int8_kernel_Pipeline_VITIS_LOOP_130_8_VITIS_LOOP_131_9.compgen.tcl 
INFO-FLOW: Found component attention_int8_kernel_flow_control_loop_pipe_sequential_init.
INFO-FLOW: Append model attention_int8_kernel_flow_control_loop_pipe_sequential_init
INFO-FLOW: Handling components in module [attention_int8_kernel_Pipeline_VITIS_LOOP_146_11] ... 
Execute         source /home/siyenga7/FPGA/hls_cosim_project/solution_cosim/.autopilot/db/attention_int8_kernel_Pipeline_VITIS_LOOP_146_11.compgen.tcl 
INFO-FLOW: Found component attention_int8_kernel_sitofp_32s_32_6_no_dsp_1.
INFO-FLOW: Append model attention_int8_kernel_sitofp_32s_32_6_no_dsp_1
INFO-FLOW: Found component attention_int8_kernel_mul_8s_8s_16_1_1.
INFO-FLOW: Append model attention_int8_kernel_mul_8s_8s_16_1_1
INFO-FLOW: Found component attention_int8_kernel_mac_muladd_8s_8s_16s_17_4_1.
INFO-FLOW: Append model attention_int8_kernel_mac_muladd_8s_8s_16s_17_4_1
INFO-FLOW: Found component attention_int8_kernel_flow_control_loop_pipe_sequential_init.
INFO-FLOW: Append model attention_int8_kernel_flow_control_loop_pipe_sequential_init
INFO-FLOW: Handling components in module [attention_int8_kernel_Pipeline_VITIS_LOOP_168_14] ... 
Execute         source /home/siyenga7/FPGA/hls_cosim_project/solution_cosim/.autopilot/db/attention_int8_kernel_Pipeline_VITIS_LOOP_168_14.compgen.tcl 
INFO-FLOW: Found component attention_int8_kernel_mux_83_32_1_1.
INFO-FLOW: Append model attention_int8_kernel_mux_83_32_1_1
INFO-FLOW: Found component attention_int8_kernel_mux_1287_32_1_1.
INFO-FLOW: Append model attention_int8_kernel_mux_1287_32_1_1
INFO-FLOW: Found component attention_int8_kernel_mux_6432_32_1_1.
INFO-FLOW: Append model attention_int8_kernel_mux_6432_32_1_1
INFO-FLOW: Found component attention_int8_kernel_flow_control_loop_pipe_sequential_init.
INFO-FLOW: Append model attention_int8_kernel_flow_control_loop_pipe_sequential_init
INFO-FLOW: Handling components in module [attention_int8_kernel_Pipeline_VITIS_LOOP_180_16] ... 
Execute         source /home/siyenga7/FPGA/hls_cosim_project/solution_cosim/.autopilot/db/attention_int8_kernel_Pipeline_VITIS_LOOP_180_16.compgen.tcl 
INFO-FLOW: Found component attention_int8_kernel_fadd_32ns_32ns_32_6_no_dsp_1.
INFO-FLOW: Append model attention_int8_kernel_fadd_32ns_32ns_32_6_no_dsp_1
INFO-FLOW: Found component attention_int8_kernel_mux_83_8_1_1.
INFO-FLOW: Append model attention_int8_kernel_mux_83_8_1_1
INFO-FLOW: Found component attention_int8_kernel_flow_control_loop_pipe_sequential_init.
INFO-FLOW: Append model attention_int8_kernel_flow_control_loop_pipe_sequential_init
INFO-FLOW: Handling components in module [attention_int8_kernel_Pipeline_VITIS_LOOP_193_18_VITIS_LOOP_195_19] ... 
Execute         source /home/siyenga7/FPGA/hls_cosim_project/solution_cosim/.autopilot/db/attention_int8_kernel_Pipeline_VITIS_LOOP_193_18_VITIS_LOOP_195_19.compgen.tcl 
INFO-FLOW: Found component attention_int8_kernel_sptohp_32ns_16_2_no_dsp_1.
INFO-FLOW: Append model attention_int8_kernel_sptohp_32ns_16_2_no_dsp_1
INFO-FLOW: Found component attention_int8_kernel_mux_84_32_1_1.
INFO-FLOW: Append model attention_int8_kernel_mux_84_32_1_1
INFO-FLOW: Found component attention_int8_kernel_flow_control_loop_pipe_sequential_init.
INFO-FLOW: Append model attention_int8_kernel_flow_control_loop_pipe_sequential_init
INFO-FLOW: Handling components in module [attention_int8_kernel] ... 
Execute         source /home/siyenga7/FPGA/hls_cosim_project/solution_cosim/.autopilot/db/attention_int8_kernel.compgen.tcl 
INFO-FLOW: Found component attention_int8_kernel_faddfsub_32ns_32ns_32_7_full_dsp_1.
INFO-FLOW: Append model attention_int8_kernel_faddfsub_32ns_32ns_32_7_full_dsp_1
INFO-FLOW: Found component attention_int8_kernel_faddfsub_32ns_32ns_32_7_full_dsp_1.
INFO-FLOW: Append model attention_int8_kernel_faddfsub_32ns_32ns_32_7_full_dsp_1
INFO-FLOW: Found component attention_int8_kernel_faddfsub_32ns_32ns_32_7_full_dsp_1.
INFO-FLOW: Append model attention_int8_kernel_faddfsub_32ns_32ns_32_7_full_dsp_1
INFO-FLOW: Found component attention_int8_kernel_fadd_32ns_32ns_32_7_full_dsp_1.
INFO-FLOW: Append model attention_int8_kernel_fadd_32ns_32ns_32_7_full_dsp_1
INFO-FLOW: Found component attention_int8_kernel_fmul_32ns_32ns_32_4_max_dsp_1.
INFO-FLOW: Append model attention_int8_kernel_fmul_32ns_32ns_32_4_max_dsp_1
INFO-FLOW: Found component attention_int8_kernel_fsub_32ns_32ns_32_7_full_dsp_1.
INFO-FLOW: Append model attention_int8_kernel_fsub_32ns_32ns_32_7_full_dsp_1
INFO-FLOW: Found component attention_int8_kernel_fdiv_32ns_32ns_32_16_no_dsp_1.
INFO-FLOW: Append model attention_int8_kernel_fdiv_32ns_32ns_32_16_no_dsp_1
INFO-FLOW: Found component attention_int8_kernel_sitofp_32ns_32_6_no_dsp_1.
INFO-FLOW: Append model attention_int8_kernel_sitofp_32ns_32_6_no_dsp_1
INFO-FLOW: Found component attention_int8_kernel_fcmp_32ns_32ns_1_2_no_dsp_1.
INFO-FLOW: Append model attention_int8_kernel_fcmp_32ns_32ns_1_2_no_dsp_1
INFO-FLOW: Found component attention_int8_kernel_Q_tile_V_RAM_AUTO_1R1W.
INFO-FLOW: Append model attention_int8_kernel_Q_tile_V_RAM_AUTO_1R1W
INFO-FLOW: Found component attention_int8_kernel_O_tile_RAM_AUTO_1R1W.
INFO-FLOW: Append model attention_int8_kernel_O_tile_RAM_AUTO_1R1W
INFO-FLOW: Found component attention_int8_kernel_K_tile_V_RAM_AUTO_1R1W.
INFO-FLOW: Append model attention_int8_kernel_K_tile_V_RAM_AUTO_1R1W
INFO-FLOW: Found component attention_int8_kernel_V_tile_V_RAM_1WNR_AUTO_1R1W.
INFO-FLOW: Append model attention_int8_kernel_V_tile_V_RAM_1WNR_AUTO_1R1W
INFO-FLOW: Found component attention_int8_kernel_scores_RAM_AUTO_1R1W.
INFO-FLOW: Append model attention_int8_kernel_scores_RAM_AUTO_1R1W
INFO-FLOW: Found component attention_int8_kernel_gmem0_m_axi.
INFO-FLOW: Append model attention_int8_kernel_gmem0_m_axi
INFO-FLOW: Found component attention_int8_kernel_gmem1_m_axi.
INFO-FLOW: Append model attention_int8_kernel_gmem1_m_axi
INFO-FLOW: Found component attention_int8_kernel_gmem2_m_axi.
INFO-FLOW: Append model attention_int8_kernel_gmem2_m_axi
INFO-FLOW: Found component attention_int8_kernel_gmem3_m_axi.
INFO-FLOW: Append model attention_int8_kernel_gmem3_m_axi
INFO-FLOW: Found component attention_int8_kernel_control_s_axi.
INFO-FLOW: Append model attention_int8_kernel_control_s_axi
INFO-FLOW: Append model attention_int8_kernel_Pipeline_VITIS_LOOP_101_3_VITIS_LOOP_102_4
INFO-FLOW: Append model attention_int8_kernel_Pipeline_VITIS_LOOP_108_5
INFO-FLOW: Append model attention_int8_kernel_Pipeline_VITIS_LOOP_130_8_VITIS_LOOP_131_9
INFO-FLOW: Append model attention_int8_kernel_Pipeline_VITIS_LOOP_146_11
INFO-FLOW: Append model attention_int8_kernel_Pipeline_VITIS_LOOP_168_14
INFO-FLOW: Append model attention_int8_kernel_Pipeline_VITIS_LOOP_180_16
INFO-FLOW: Append model attention_int8_kernel_Pipeline_VITIS_LOOP_193_18_VITIS_LOOP_195_19
INFO-FLOW: Append model attention_int8_kernel
INFO-FLOW: Generating RTL model list ...
INFO-FLOW: All models in this session: attention_int8_kernel_flow_control_loop_pipe_sequential_init attention_int8_kernel_flow_control_loop_pipe_sequential_init attention_int8_kernel_flow_control_loop_pipe_sequential_init attention_int8_kernel_sitofp_32s_32_6_no_dsp_1 attention_int8_kernel_mul_8s_8s_16_1_1 attention_int8_kernel_mac_muladd_8s_8s_16s_17_4_1 attention_int8_kernel_flow_control_loop_pipe_sequential_init attention_int8_kernel_mux_83_32_1_1 attention_int8_kernel_mux_1287_32_1_1 attention_int8_kernel_mux_6432_32_1_1 attention_int8_kernel_flow_control_loop_pipe_sequential_init attention_int8_kernel_fadd_32ns_32ns_32_6_no_dsp_1 attention_int8_kernel_mux_83_8_1_1 attention_int8_kernel_flow_control_loop_pipe_sequential_init attention_int8_kernel_sptohp_32ns_16_2_no_dsp_1 attention_int8_kernel_mux_84_32_1_1 attention_int8_kernel_flow_control_loop_pipe_sequential_init attention_int8_kernel_faddfsub_32ns_32ns_32_7_full_dsp_1 attention_int8_kernel_faddfsub_32ns_32ns_32_7_full_dsp_1 attention_int8_kernel_faddfsub_32ns_32ns_32_7_full_dsp_1 attention_int8_kernel_fadd_32ns_32ns_32_7_full_dsp_1 attention_int8_kernel_fmul_32ns_32ns_32_4_max_dsp_1 attention_int8_kernel_fsub_32ns_32ns_32_7_full_dsp_1 attention_int8_kernel_fdiv_32ns_32ns_32_16_no_dsp_1 attention_int8_kernel_sitofp_32ns_32_6_no_dsp_1 attention_int8_kernel_fcmp_32ns_32ns_1_2_no_dsp_1 attention_int8_kernel_Q_tile_V_RAM_AUTO_1R1W attention_int8_kernel_O_tile_RAM_AUTO_1R1W attention_int8_kernel_K_tile_V_RAM_AUTO_1R1W attention_int8_kernel_V_tile_V_RAM_1WNR_AUTO_1R1W attention_int8_kernel_scores_RAM_AUTO_1R1W attention_int8_kernel_gmem0_m_axi attention_int8_kernel_gmem1_m_axi attention_int8_kernel_gmem2_m_axi attention_int8_kernel_gmem3_m_axi attention_int8_kernel_control_s_axi attention_int8_kernel_Pipeline_VITIS_LOOP_101_3_VITIS_LOOP_102_4 attention_int8_kernel_Pipeline_VITIS_LOOP_108_5 attention_int8_kernel_Pipeline_VITIS_LOOP_130_8_VITIS_LOOP_131_9 attention_int8_kernel_Pipeline_VITIS_LOOP_146_11 attention_int8_kernel_Pipeline_VITIS_LOOP_168_14 attention_int8_kernel_Pipeline_VITIS_LOOP_180_16 attention_int8_kernel_Pipeline_VITIS_LOOP_193_18_VITIS_LOOP_195_19 attention_int8_kernel
INFO-FLOW: Generating /home/siyenga7/FPGA/hls_cosim_project/solution_cosim/.autopilot/db/autopilot.rtl.models.txt file...
INFO-FLOW: To file: write model attention_int8_kernel_flow_control_loop_pipe_sequential_init
INFO-FLOW: To file: write model attention_int8_kernel_flow_control_loop_pipe_sequential_init
INFO-FLOW: To file: write model attention_int8_kernel_flow_control_loop_pipe_sequential_init
INFO-FLOW: To file: write model attention_int8_kernel_sitofp_32s_32_6_no_dsp_1
INFO-FLOW: To file: write model attention_int8_kernel_mul_8s_8s_16_1_1
INFO-FLOW: To file: write model attention_int8_kernel_mac_muladd_8s_8s_16s_17_4_1
INFO-FLOW: To file: write model attention_int8_kernel_flow_control_loop_pipe_sequential_init
INFO-FLOW: To file: write model attention_int8_kernel_mux_83_32_1_1
INFO-FLOW: To file: write model attention_int8_kernel_mux_1287_32_1_1
INFO-FLOW: To file: write model attention_int8_kernel_mux_6432_32_1_1
INFO-FLOW: To file: write model attention_int8_kernel_flow_control_loop_pipe_sequential_init
INFO-FLOW: To file: write model attention_int8_kernel_fadd_32ns_32ns_32_6_no_dsp_1
INFO-FLOW: To file: write model attention_int8_kernel_mux_83_8_1_1
INFO-FLOW: To file: write model attention_int8_kernel_flow_control_loop_pipe_sequential_init
INFO-FLOW: To file: write model attention_int8_kernel_sptohp_32ns_16_2_no_dsp_1
INFO-FLOW: To file: write model attention_int8_kernel_mux_84_32_1_1
INFO-FLOW: To file: write model attention_int8_kernel_flow_control_loop_pipe_sequential_init
INFO-FLOW: To file: write model attention_int8_kernel_faddfsub_32ns_32ns_32_7_full_dsp_1
INFO-FLOW: To file: write model attention_int8_kernel_faddfsub_32ns_32ns_32_7_full_dsp_1
INFO-FLOW: To file: write model attention_int8_kernel_faddfsub_32ns_32ns_32_7_full_dsp_1
INFO-FLOW: To file: write model attention_int8_kernel_fadd_32ns_32ns_32_7_full_dsp_1
INFO-FLOW: To file: write model attention_int8_kernel_fmul_32ns_32ns_32_4_max_dsp_1
INFO-FLOW: To file: write model attention_int8_kernel_fsub_32ns_32ns_32_7_full_dsp_1
INFO-FLOW: To file: write model attention_int8_kernel_fdiv_32ns_32ns_32_16_no_dsp_1
INFO-FLOW: To file: write model attention_int8_kernel_sitofp_32ns_32_6_no_dsp_1
INFO-FLOW: To file: write model attention_int8_kernel_fcmp_32ns_32ns_1_2_no_dsp_1
INFO-FLOW: To file: write model attention_int8_kernel_Q_tile_V_RAM_AUTO_1R1W
INFO-FLOW: To file: write model attention_int8_kernel_O_tile_RAM_AUTO_1R1W
INFO-FLOW: To file: write model attention_int8_kernel_K_tile_V_RAM_AUTO_1R1W
INFO-FLOW: To file: write model attention_int8_kernel_V_tile_V_RAM_1WNR_AUTO_1R1W
INFO-FLOW: To file: write model attention_int8_kernel_scores_RAM_AUTO_1R1W
INFO-FLOW: To file: write model attention_int8_kernel_gmem0_m_axi
INFO-FLOW: To file: write model attention_int8_kernel_gmem1_m_axi
INFO-FLOW: To file: write model attention_int8_kernel_gmem2_m_axi
INFO-FLOW: To file: write model attention_int8_kernel_gmem3_m_axi
INFO-FLOW: To file: write model attention_int8_kernel_control_s_axi
INFO-FLOW: To file: write model attention_int8_kernel_Pipeline_VITIS_LOOP_101_3_VITIS_LOOP_102_4
INFO-FLOW: To file: write model attention_int8_kernel_Pipeline_VITIS_LOOP_108_5
INFO-FLOW: To file: write model attention_int8_kernel_Pipeline_VITIS_LOOP_130_8_VITIS_LOOP_131_9
INFO-FLOW: To file: write model attention_int8_kernel_Pipeline_VITIS_LOOP_146_11
INFO-FLOW: To file: write model attention_int8_kernel_Pipeline_VITIS_LOOP_168_14
INFO-FLOW: To file: write model attention_int8_kernel_Pipeline_VITIS_LOOP_180_16
INFO-FLOW: To file: write model attention_int8_kernel_Pipeline_VITIS_LOOP_193_18_VITIS_LOOP_195_19
INFO-FLOW: To file: write model attention_int8_kernel
INFO-FLOW: Generating /home/siyenga7/FPGA/hls_cosim_project/solution_cosim/.autopilot/db/autopilot.rtl.models.tcl file...
INFO-FLOW: Finished generating RTL model list.


INFO-FLOW: RTL Generation done.
INFO-FLOW: CAS Generation done.
INFO-FLOW: CBC Generation done.
INFO-FLOW: DBG:PROC: ::AESL_AUTOMG::auto_generate_csynth_design
Execute         get_top 
Execute         get_config_export -ipname 
Execute         get_config_export -xo 
Execute         get_config_export -format 
Execute         get_config_rtl -module_auto_prefix 
INFO-FLOW: DBG:PUTS: read_platform_lib /home/siyenga7/FPGA/hls_cosim_project/solution_cosim/.autopilot/db/global.setting.tcl
Execute         source /packages/apps/fpga/Vitis_HLS/2022.1/common/technology/generic/autopilot/common.gen 
Execute           source /packages/apps/fpga/Vitis_HLS/2022.1/common/technology/generic/autopilot/APCoreGen.gen 
Execute         source /packages/apps/fpga/Vitis_HLS/2022.1/common/technology/generic/autopilot/op.gen 
Execute         source /packages/apps/fpga/Vitis_HLS/2022.1/common/technology/generic/autopilot/op_simcore.gen 
Execute         source /packages/apps/fpga/Vitis_HLS/2022.1/common/technology/generic/autopilot/interface.gen 
Execute         source /home/siyenga7/FPGA/hls_cosim_project/solution_cosim/.autopilot/db/global.setting.tcl 
Execute         ap_family_info -name artix7 -data parts 
Execute         ap_part_info -name xc7a12ticsg325-1L -data info 
Execute         source /packages/apps/fpga/Vitis_HLS/2022.1/common/technology/xilinx/common/xilinx.gen 
Execute           source /packages/apps/fpga/Vitis_HLS/2022.1/common/technology/xilinx/interface/plb46.gen 
Execute           source /packages/apps/fpga/Vitis_HLS/2022.1/common/technology/xilinx/interface/axi4.gen 
Execute           source /packages/apps/fpga/Vitis_HLS/2022.1/common/technology/xilinx/interface/nativeAXI4.gen 
Execute             source /packages/apps/fpga/Vitis_HLS/2022.1/common/technology/xilinx/interface/saxilite.gen 
Execute           source /packages/apps/fpga/Vitis_HLS/2022.1/common/technology/xilinx/scripts/xilinxcoregen.gen 
Execute           source /packages/apps/fpga/Vitis_HLS/2022.1/common/technology/xilinx/interface/XilEDKCoreGen.gen 
Execute           source /packages/apps/fpga/Vitis_HLS/2022.1/common/technology/xilinx/ip/xfir.gen 
Execute           source /packages/apps/fpga/Vitis_HLS/2022.1/common/technology/xilinx/ip/util.gen 
Execute           source /packages/apps/fpga/Vitis_HLS/2022.1/common/technology/xilinx/ip/dds_compiler.gen 
Execute           source /packages/apps/fpga/Vitis_HLS/2022.1/common/technology/xilinx/ip/xfft.gen 
Execute           source /packages/apps/fpga/Vitis_HLS/2022.1/common/technology/xilinx/DSP48/dsp48.gen 
Command         ap_source done; 0.15 sec.
INFO-FLOW: DBG:PUTS:   using AESL_AUTOCG::g_clock_period=10.000 (was NA)
INFO-FLOW: DBG:PROC: ::AESL_AUTOMG::generate_ip_cores gen_sim_model='1' gen_fp_models='0' gen_for_export='0' dstSCDir='' dstVhdlDir='/home/siyenga7/FPGA/hls_cosim_project/solution_cosim/.autopilot/db/vhdl' dstVlogDir='/home/siyenga7/FPGA/hls_cosim_project/solution_cosim/.autopilot/db/vlog' tclDir='/home/siyenga7/FPGA/hls_cosim_project/solution_cosim/.autopilot/db' modelList='attention_int8_kernel_flow_control_loop_pipe_sequential_init
attention_int8_kernel_flow_control_loop_pipe_sequential_init
attention_int8_kernel_flow_control_loop_pipe_sequential_init
attention_int8_kernel_sitofp_32s_32_6_no_dsp_1
attention_int8_kernel_mul_8s_8s_16_1_1
attention_int8_kernel_mac_muladd_8s_8s_16s_17_4_1
attention_int8_kernel_flow_control_loop_pipe_sequential_init
attention_int8_kernel_mux_83_32_1_1
attention_int8_kernel_mux_1287_32_1_1
attention_int8_kernel_mux_6432_32_1_1
attention_int8_kernel_flow_control_loop_pipe_sequential_init
attention_int8_kernel_fadd_32ns_32ns_32_6_no_dsp_1
attention_int8_kernel_mux_83_8_1_1
attention_int8_kernel_flow_control_loop_pipe_sequential_init
attention_int8_kernel_sptohp_32ns_16_2_no_dsp_1
attention_int8_kernel_mux_84_32_1_1
attention_int8_kernel_flow_control_loop_pipe_sequential_init
attention_int8_kernel_faddfsub_32ns_32ns_32_7_full_dsp_1
attention_int8_kernel_faddfsub_32ns_32ns_32_7_full_dsp_1
attention_int8_kernel_faddfsub_32ns_32ns_32_7_full_dsp_1
attention_int8_kernel_fadd_32ns_32ns_32_7_full_dsp_1
attention_int8_kernel_fmul_32ns_32ns_32_4_max_dsp_1
attention_int8_kernel_fsub_32ns_32ns_32_7_full_dsp_1
attention_int8_kernel_fdiv_32ns_32ns_32_16_no_dsp_1
attention_int8_kernel_sitofp_32ns_32_6_no_dsp_1
attention_int8_kernel_fcmp_32ns_32ns_1_2_no_dsp_1
attention_int8_kernel_Q_tile_V_RAM_AUTO_1R1W
attention_int8_kernel_O_tile_RAM_AUTO_1R1W
attention_int8_kernel_K_tile_V_RAM_AUTO_1R1W
attention_int8_kernel_V_tile_V_RAM_1WNR_AUTO_1R1W
attention_int8_kernel_scores_RAM_AUTO_1R1W
attention_int8_kernel_gmem0_m_axi
attention_int8_kernel_gmem1_m_axi
attention_int8_kernel_gmem2_m_axi
attention_int8_kernel_gmem3_m_axi
attention_int8_kernel_control_s_axi
attention_int8_kernel_Pipeline_VITIS_LOOP_101_3_VITIS_LOOP_102_4
attention_int8_kernel_Pipeline_VITIS_LOOP_108_5
attention_int8_kernel_Pipeline_VITIS_LOOP_130_8_VITIS_LOOP_131_9
attention_int8_kernel_Pipeline_VITIS_LOOP_146_11
attention_int8_kernel_Pipeline_VITIS_LOOP_168_14
attention_int8_kernel_Pipeline_VITIS_LOOP_180_16
attention_int8_kernel_Pipeline_VITIS_LOOP_193_18_VITIS_LOOP_195_19
attention_int8_kernel
' expOnly='0'
Execute         source /home/siyenga7/FPGA/hls_cosim_project/solution_cosim/.autopilot/db/global.setting.tcl 
Execute         ap_part_info -name xc7a200t-sbg484-1 -data names -quiet 
Execute         ap_part_info -name xc7a200t-sbg484-1 -data info -quiet 
Execute         source /home/siyenga7/FPGA/hls_cosim_project/solution_cosim/.autopilot/db/global.setting.tcl 
Execute         source /home/siyenga7/FPGA/hls_cosim_project/solution_cosim/.autopilot/db/global.setting.tcl 
Execute         source /home/siyenga7/FPGA/hls_cosim_project/solution_cosim/.autopilot/db/attention_int8_kernel_Pipeline_VITIS_LOOP_101_3_VITIS_LOOP_102_4.compgen.tcl 
Execute         source /home/siyenga7/FPGA/hls_cosim_project/solution_cosim/.autopilot/db/attention_int8_kernel_Pipeline_VITIS_LOOP_108_5.compgen.tcl 
Execute         source /home/siyenga7/FPGA/hls_cosim_project/solution_cosim/.autopilot/db/attention_int8_kernel_Pipeline_VITIS_LOOP_130_8_VITIS_LOOP_131_9.compgen.tcl 
Execute         source /home/siyenga7/FPGA/hls_cosim_project/solution_cosim/.autopilot/db/attention_int8_kernel_Pipeline_VITIS_LOOP_146_11.compgen.tcl 
Execute           ap_part_info -name xc7a200t-sbg484-1 -data names -quiet 
Execute           ap_part_info -name xc7a200t-sbg484-1 -data info -quiet 
Execute           ap_part_info -name xc7a200t-sbg484-1 -data info 
Execute         source /home/siyenga7/FPGA/hls_cosim_project/solution_cosim/.autopilot/db/attention_int8_kernel_Pipeline_VITIS_LOOP_168_14.compgen.tcl 
Execute           ap_part_info -name xc7a200t-sbg484-1 -data names -quiet 
Execute           ap_part_info -name xc7a200t-sbg484-1 -data info -quiet 
Execute           ap_part_info -name xc7a200t-sbg484-1 -data names -quiet 
Execute           ap_part_info -name xc7a200t-sbg484-1 -data info -quiet 
Execute           ap_part_info -name xc7a200t-sbg484-1 -data names -quiet 
Execute           ap_part_info -name xc7a200t-sbg484-1 -data info -quiet 
Command         ap_source done; 0.15 sec.
Execute         source /home/siyenga7/FPGA/hls_cosim_project/solution_cosim/.autopilot/db/attention_int8_kernel_Pipeline_VITIS_LOOP_180_16.compgen.tcl 
Execute           ap_part_info -name xc7a200t-sbg484-1 -data names -quiet 
Execute           ap_part_info -name xc7a200t-sbg484-1 -data info -quiet 
Execute         source /home/siyenga7/FPGA/hls_cosim_project/solution_cosim/.autopilot/db/attention_int8_kernel_Pipeline_VITIS_LOOP_193_18_VITIS_LOOP_195_19.compgen.tcl 
Execute           ap_part_info -name xc7a200t-sbg484-1 -data names -quiet 
Execute           ap_part_info -name xc7a200t-sbg484-1 -data info -quiet 
Execute         source /home/siyenga7/FPGA/hls_cosim_project/solution_cosim/.autopilot/db/attention_int8_kernel.compgen.tcl 
INFO: [RTMG 210-278] Implementing memory 'attention_int8_kernel_Q_tile_V_RAM_AUTO_1R1W_ram (RAM)' using auto RAMs.
Execute           ap_part_info -name xc7a200t-sbg484-1 -data names -quiet 
Execute           ap_part_info -name xc7a200t-sbg484-1 -data info -quiet 
INFO: [RTMG 210-278] Implementing memory 'attention_int8_kernel_O_tile_RAM_AUTO_1R1W_ram (RAM)' using auto RAMs.
Execute           ap_part_info -name xc7a200t-sbg484-1 -data names -quiet 
Execute           ap_part_info -name xc7a200t-sbg484-1 -data info -quiet 
INFO: [RTMG 210-278] Implementing memory 'attention_int8_kernel_K_tile_V_RAM_AUTO_1R1W_ram (RAM)' using auto RAMs.
Execute           ap_part_info -name xc7a200t-sbg484-1 -data names -quiet 
Execute           ap_part_info -name xc7a200t-sbg484-1 -data info -quiet 
INFO: [RTMG 210-278] Implementing memory 'attention_int8_kernel_V_tile_V_RAM_1WNR_AUTO_1R1W_ram (RAM_1WnR)' using auto RAMs.
Execute           ap_part_info -name xc7a200t-sbg484-1 -data names -quiet 
Execute           ap_part_info -name xc7a200t-sbg484-1 -data info -quiet 
INFO: [RTMG 210-278] Implementing memory 'attention_int8_kernel_scores_RAM_AUTO_1R1W_ram (RAM)' using auto RAMs.
Execute           ap_part_info -name xc7a200t-sbg484-1 -data names -quiet 
Execute           ap_part_info -name xc7a200t-sbg484-1 -data info -quiet 
Execute           source ./control.slave.tcl 
Command         ap_source done; 0.44 sec.
INFO: [HLS 200-111] Finished Generating all RTL models: CPU user time: 12.74 seconds. CPU system time: 0.22 seconds. Elapsed time: 14.96 seconds; current allocated memory: 984.141 MB.
INFO-FLOW: DBG:PROC: ::HLSREPORTS::create_csynth_xml bind_info_var='bind_info' RtlSubPrefix='attention_int8_kernel_' outfile=''
INFO-FLOW: Running: create_csynth_xml read xml data
INFO-FLOW: Done: create_csynth_xml read xml data time: 0 seconds per iteration
INFO-FLOW: Running: create_csynth_xml bind info
INFO-FLOW: Done: create_csynth_xml bind info time: 0.2 seconds per iteration
INFO-FLOW: Running: create_csynth_xml config info
Execute         get_config_op mul -impl 
Execute         get_config_op mul -latency 
Execute         get_config_op mul -precision 
Execute         get_config_op add -impl 
Execute         get_config_op add -latency 
Execute         get_config_op add -precision 
Execute         get_config_op sub -impl 
Execute         get_config_op sub -latency 
Execute         get_config_op sub -precision 
Execute         get_config_op fadd -impl 
Execute         get_config_op fadd -latency 
Execute         get_config_op fadd -precision 
Execute         get_config_op fsub -impl 
Execute         get_config_op fsub -latency 
Execute         get_config_op fsub -precision 
Execute         get_config_op fdiv -impl 
Execute         get_config_op fdiv -latency 
Execute         get_config_op fdiv -precision 
Execute         get_config_op fexp -impl 
Execute         get_config_op fexp -latency 
Execute         get_config_op fexp -precision 
Execute         get_config_op flog -impl 
Execute         get_config_op flog -latency 
Execute         get_config_op flog -precision 
Execute         get_config_op fmul -impl 
Execute         get_config_op fmul -latency 
Execute         get_config_op fmul -precision 
Execute         get_config_op frsqrt -impl 
Execute         get_config_op frsqrt -latency 
Execute         get_config_op frsqrt -precision 
Execute         get_config_op frecip -impl 
Execute         get_config_op frecip -latency 
Execute         get_config_op frecip -precision 
Execute         get_config_op fsqrt -impl 
Execute         get_config_op fsqrt -latency 
Execute         get_config_op fsqrt -precision 
Execute         get_config_op dadd -impl 
Execute         get_config_op dadd -latency 
Execute         get_config_op dadd -precision 
Execute         get_config_op dsub -impl 
Execute         get_config_op dsub -latency 
Execute         get_config_op dsub -precision 
Execute         get_config_op ddiv -impl 
Execute         get_config_op ddiv -latency 
Execute         get_config_op ddiv -precision 
Execute         get_config_op dexp -impl 
Execute         get_config_op dexp -latency 
Execute         get_config_op dexp -precision 
Execute         get_config_op dlog -impl 
Execute         get_config_op dlog -latency 
Execute         get_config_op dlog -precision 
Execute         get_config_op dmul -impl 
Execute         get_config_op dmul -latency 
Execute         get_config_op dmul -precision 
Execute         get_config_op drsqrt -impl 
Execute         get_config_op drsqrt -latency 
Execute         get_config_op drsqrt -precision 
Execute         get_config_op drecip -impl 
Execute         get_config_op drecip -latency 
Execute         get_config_op drecip -precision 
Execute         get_config_op dsqrt -impl 
Execute         get_config_op dsqrt -latency 
Execute         get_config_op dsqrt -precision 
Execute         get_config_op hadd -impl 
Execute         get_config_op hadd -latency 
Execute         get_config_op hadd -precision 
Execute         get_config_op hsub -impl 
Execute         get_config_op hsub -latency 
Execute         get_config_op hsub -precision 
Execute         get_config_op hdiv -impl 
Execute         get_config_op hdiv -latency 
Execute         get_config_op hdiv -precision 
Execute         get_config_op hmul -impl 
Execute         get_config_op hmul -latency 
Execute         get_config_op hmul -precision 
Execute         get_config_op hsqrt -impl 
Execute         get_config_op hsqrt -latency 
Execute         get_config_op hsqrt -precision 
Execute         get_config_op facc -impl 
Execute         get_config_op facc -latency 
Execute         get_config_op facc -precision 
Execute         get_config_op fmacc -impl 
Execute         get_config_op fmacc -latency 
Execute         get_config_op fmacc -precision 
Execute         get_config_op fmadd -impl 
Execute         get_config_op fmadd -latency 
Execute         get_config_op fmadd -precision 
Execute         get_config_storage fifo -auto_srl_max_bits 
Execute         get_config_storage fifo -auto_srl_max_depth 
Execute         get_config_storage fifo -impl 
Execute         get_solution -flow_target 
Execute         get_config_array_partition -complete_threshold 
Execute         get_config_array_partition -throughput_driven 
Execute         get_config_compile -enable_auto_rewind 
Execute         get_config_compile -ignore_long_run_time 
Execute         get_config_compile -name_max_length 
Execute         get_config_compile -no_signed_zeros 
Execute         get_config_compile -pipeline_loops 
Execute         get_config_compile -pipeline_style 
Execute         get_config_compile -pragma_strict_mode 
Execute         get_config_compile -pre_tcl 
Execute         get_config_compile -unsafe_math_optimizations 
Execute         get_config_dataflow -default_channel 
Execute         get_config_dataflow -disable_fifo_sizing_opt 
Execute         get_config_dataflow -fifo_depth 
Execute         get_config_dataflow -override_user_fifo_depth 
Execute         get_config_dataflow -scalar_fifo_depth 
Execute         get_config_dataflow -start_fifo_depth 
Execute         get_config_dataflow -strict_mode 
Execute         get_config_dataflow -strict_stable_sync 
Execute         get_config_dataflow -task_level_fifo_depth 
Execute         get_config_debug -directory 
Execute         get_config_debug -enable 
Execute         get_config_export -description 
Execute         get_config_export -display_name 
Execute         get_config_export -format 
Execute         get_config_export -ip_xdc_file 
Execute         get_config_export -ip_xdc_ooc_file 
Execute         get_config_export -ipname 
Execute         get_config_export -library 
Execute         get_config_export -output 
Execute         get_config_export -rtl 
Execute         get_config_export -taxonomy 
Execute         get_config_export -vendor 
Execute         get_config_export -version 
Execute         get_config_export -vivado_clock 
Execute         get_config_export -vivado_impl_strategy 
Execute         get_config_export -vivado_max_timing_paths 
Execute         get_config_export -vivado_optimization_level 
Execute         get_config_export -vivado_pblock 
Execute         get_config_export -vivado_phys_opt 
Execute         get_config_export -vivado_report_level 
Execute         get_config_export -vivado_synth_design_args 
Execute         get_config_export -vivado_synth_strategy 
Execute         get_config_interface -clock_enable 
Execute         get_config_interface -default_slave_interface 
Execute         get_config_interface -m_axi_addr64 
Execute         get_config_interface -m_axi_alignment_byte_size 
Execute         get_config_interface -m_axi_auto_max_ports 
Execute         get_config_interface -m_axi_buffer_impl 
Execute         get_config_interface -m_axi_conservative_mode 
Execute         get_config_interface -m_axi_flush_mode 
Execute         get_config_interface -m_axi_latency 
Execute         get_config_interface -m_axi_max_bitwidth 
Execute         get_config_interface -m_axi_max_read_burst_length 
Execute         get_config_interface -m_axi_max_widen_bitwidth 
Execute         get_config_interface -m_axi_max_write_burst_length 
Execute         get_config_interface -m_axi_min_bitwidth 
Execute         get_config_interface -m_axi_num_read_outstanding 
Execute         get_config_interface -m_axi_num_write_outstanding 
Execute         get_config_interface -m_axi_offset 
Execute         get_config_interface -register_io 
Execute         get_config_interface -s_axilite_auto_restart_counter 
Execute         get_config_interface -s_axilite_data64 
Execute         get_config_interface -s_axilite_interrupt_mode 
Execute         get_config_interface -s_axilite_mailbox 
Execute         get_config_interface -s_axilite_status_regs 
Execute         get_config_interface -s_axilite_sw_reset 
Execute         get_config_rtl -deadlock_detection 
Execute         get_config_rtl -header 
Execute         get_config_rtl -kernel_profile 
Execute         get_config_rtl -module_auto_prefix 
Execute         get_config_rtl -module_prefix 
Execute         get_config_rtl -mult_keep_attribute 
Execute         get_config_rtl -register_all_io 
Execute         get_config_rtl -register_reset_num 
Execute         get_config_rtl -reset 
Execute         get_config_rtl -reset_async 
Execute         get_config_rtl -reset_level 
Execute         get_config_schedule -enable_dsp_full_reg 
Execute         get_config_unroll -tripcount_threshold 
INFO-FLOW: Done: create_csynth_xml config info time: 0.1 seconds per iteration
INFO-FLOW: Running: create_csynth_xml write xml
INFO-FLOW: Done: create_csynth_xml write xml time: 0 seconds per iteration
INFO-FLOW: DBG:PUTS:      create_csynth_xml wrote csynth_xml=/home/siyenga7/FPGA/hls_cosim_project/solution_cosim/syn/report/csynth.xml
INFO-FLOW: DBG:PROC: ::AP::DESIGN_DATA::generate_json generate_bd_files='0' generate_xo_files='0' modelList='attention_int8_kernel_flow_control_loop_pipe_sequential_init
attention_int8_kernel_flow_control_loop_pipe_sequential_init
attention_int8_kernel_flow_control_loop_pipe_sequential_init
attention_int8_kernel_sitofp_32s_32_6_no_dsp_1
attention_int8_kernel_mul_8s_8s_16_1_1
attention_int8_kernel_mac_muladd_8s_8s_16s_17_4_1
attention_int8_kernel_flow_control_loop_pipe_sequential_init
attention_int8_kernel_mux_83_32_1_1
attention_int8_kernel_mux_1287_32_1_1
attention_int8_kernel_mux_6432_32_1_1
attention_int8_kernel_flow_control_loop_pipe_sequential_init
attention_int8_kernel_fadd_32ns_32ns_32_6_no_dsp_1
attention_int8_kernel_mux_83_8_1_1
attention_int8_kernel_flow_control_loop_pipe_sequential_init
attention_int8_kernel_sptohp_32ns_16_2_no_dsp_1
attention_int8_kernel_mux_84_32_1_1
attention_int8_kernel_flow_control_loop_pipe_sequential_init
attention_int8_kernel_faddfsub_32ns_32ns_32_7_full_dsp_1
attention_int8_kernel_faddfsub_32ns_32ns_32_7_full_dsp_1
attention_int8_kernel_faddfsub_32ns_32ns_32_7_full_dsp_1
attention_int8_kernel_fadd_32ns_32ns_32_7_full_dsp_1
attention_int8_kernel_fmul_32ns_32ns_32_4_max_dsp_1
attention_int8_kernel_fsub_32ns_32ns_32_7_full_dsp_1
attention_int8_kernel_fdiv_32ns_32ns_32_16_no_dsp_1
attention_int8_kernel_sitofp_32ns_32_6_no_dsp_1
attention_int8_kernel_fcmp_32ns_32ns_1_2_no_dsp_1
attention_int8_kernel_Q_tile_V_RAM_AUTO_1R1W
attention_int8_kernel_O_tile_RAM_AUTO_1R1W
attention_int8_kernel_K_tile_V_RAM_AUTO_1R1W
attention_int8_kernel_V_tile_V_RAM_1WNR_AUTO_1R1W
attention_int8_kernel_scores_RAM_AUTO_1R1W
attention_int8_kernel_gmem0_m_axi
attention_int8_kernel_gmem1_m_axi
attention_int8_kernel_gmem2_m_axi
attention_int8_kernel_gmem3_m_axi
attention_int8_kernel_control_s_axi
attention_int8_kernel_Pipeline_VITIS_LOOP_101_3_VITIS_LOOP_102_4
attention_int8_kernel_Pipeline_VITIS_LOOP_108_5
attention_int8_kernel_Pipeline_VITIS_LOOP_130_8_VITIS_LOOP_131_9
attention_int8_kernel_Pipeline_VITIS_LOOP_146_11
attention_int8_kernel_Pipeline_VITIS_LOOP_168_14
attention_int8_kernel_Pipeline_VITIS_LOOP_180_16
attention_int8_kernel_Pipeline_VITIS_LOOP_193_18_VITIS_LOOP_195_19
attention_int8_kernel
' rtl_lang='both' bootstrap_tcl='false' outdir='' outfilename=''
Execute         source /home/siyenga7/FPGA/hls_cosim_project/solution_cosim/.autopilot/db/global.setting.tcl 
Execute         source /home/siyenga7/FPGA/hls_cosim_project/solution_cosim/.autopilot/db/global.setting.tcl 
Execute         get_solution -flow_target 
Execute         get_config_export -xo 
Execute         get_config_export -format 
Execute         source /home/siyenga7/FPGA/hls_cosim_project/solution_cosim/.autopilot/db/top-io-be.tcl 
Execute         source /home/siyenga7/FPGA/hls_cosim_project/solution_cosim/.autopilot/db/attention_int8_kernel.tbgen.tcl 
Execute         source /home/siyenga7/FPGA/hls_cosim_project/solution_cosim/.autopilot/db/attention_int8_kernel.compgen.dataonly.tcl 
Execute         get_config_interface -s_axilite_interrupt_mode 
Execute         source /home/siyenga7/FPGA/hls_cosim_project/solution_cosim/.autopilot/db/attention_int8_kernel.compgen.dataonly.tcl 
Execute         source /home/siyenga7/FPGA/hls_cosim_project/solution_cosim/.autopilot/db/attention_int8_kernel.rtl_wrap.cfg.tcl 
Execute         source /home/siyenga7/FPGA/hls_cosim_project/solution_cosim/.autopilot/db/attention_int8_kernel.compgen.dataonly.tcl 
Execute         get_config_export -format 
Execute         get_config_export -vendor 
Execute         get_config_export -library 
Execute         get_config_export -version 
Execute         get_config_export -ipname 
Execute         get_config_export -taxonomy 
Execute         get_config_export -description 
Execute         get_config_export -display_name 
Execute         source /home/siyenga7/FPGA/hls_cosim_project/solution_cosim/.autopilot/db/attention_int8_kernel_Pipeline_VITIS_LOOP_101_3_VITIS_LOOP_102_4.tbgen.tcl 
Execute         source /home/siyenga7/FPGA/hls_cosim_project/solution_cosim/.autopilot/db/attention_int8_kernel_Pipeline_VITIS_LOOP_108_5.tbgen.tcl 
Execute         source /home/siyenga7/FPGA/hls_cosim_project/solution_cosim/.autopilot/db/attention_int8_kernel_Pipeline_VITIS_LOOP_130_8_VITIS_LOOP_131_9.tbgen.tcl 
Execute         source /home/siyenga7/FPGA/hls_cosim_project/solution_cosim/.autopilot/db/attention_int8_kernel_Pipeline_VITIS_LOOP_146_11.tbgen.tcl 
Execute         source /home/siyenga7/FPGA/hls_cosim_project/solution_cosim/.autopilot/db/attention_int8_kernel_Pipeline_VITIS_LOOP_168_14.tbgen.tcl 
Execute         source /home/siyenga7/FPGA/hls_cosim_project/solution_cosim/.autopilot/db/attention_int8_kernel_Pipeline_VITIS_LOOP_180_16.tbgen.tcl 
Execute         source /home/siyenga7/FPGA/hls_cosim_project/solution_cosim/.autopilot/db/attention_int8_kernel_Pipeline_VITIS_LOOP_193_18_VITIS_LOOP_195_19.tbgen.tcl 
Execute         source /home/siyenga7/FPGA/hls_cosim_project/solution_cosim/.autopilot/db/attention_int8_kernel.tbgen.tcl 
Execute         source /home/siyenga7/FPGA/hls_cosim_project/solution_cosim/.autopilot/db/global.setting.tcl 
Execute         ap_part_info -name xc7a200t-sbg484-1 -data names -quiet 
Execute         ap_part_info -name xc7a200t-sbg484-1 -data info -quiet 
Execute         get_solution -flow_target 
Execute         get_config_rtl -kernel_profile 
Execute         get_config_rtl -kernel_profile 
Execute         get_config_rtl -stall_sig_gen 
Execute         get_config_rtl -profile 
Execute         source /home/siyenga7/FPGA/hls_cosim_project/solution_cosim/.autopilot/db/attention_int8_kernel.constraint.tcl 
Execute         sc_get_clocks attention_int8_kernel 
Execute         source /home/siyenga7/FPGA/hls_cosim_project/solution_cosim/.autopilot/db/global.setting.tcl 
Execute         get_config_export -ip_xdc_file 
Execute         get_config_export -ip_xdc_ooc_file 
Execute         get_config_debug -directory 
Execute         source /home/siyenga7/FPGA/hls_cosim_project/solution_cosim/impl/misc/attention_int8_kernel_fadd_32ns_32ns_32_6_no_dsp_1_ip.tcl 
Execute         source /home/siyenga7/FPGA/hls_cosim_project/solution_cosim/impl/misc/attention_int8_kernel_fadd_32ns_32ns_32_7_full_dsp_1_ip.tcl 
Execute         source /home/siyenga7/FPGA/hls_cosim_project/solution_cosim/impl/misc/attention_int8_kernel_faddfsub_32ns_32ns_32_7_full_dsp_1_ip.tcl 
Execute         source /home/siyenga7/FPGA/hls_cosim_project/solution_cosim/impl/misc/attention_int8_kernel_fcmp_32ns_32ns_1_2_no_dsp_1_ip.tcl 
Execute         source /home/siyenga7/FPGA/hls_cosim_project/solution_cosim/impl/misc/attention_int8_kernel_fdiv_32ns_32ns_32_16_no_dsp_1_ip.tcl 
Execute         source /home/siyenga7/FPGA/hls_cosim_project/solution_cosim/impl/misc/attention_int8_kernel_fmul_32ns_32ns_32_4_max_dsp_1_ip.tcl 
Execute         source /home/siyenga7/FPGA/hls_cosim_project/solution_cosim/impl/misc/attention_int8_kernel_fsub_32ns_32ns_32_7_full_dsp_1_ip.tcl 
Execute         source /home/siyenga7/FPGA/hls_cosim_project/solution_cosim/impl/misc/attention_int8_kernel_sitofp_32ns_32_6_no_dsp_1_ip.tcl 
Execute         source /home/siyenga7/FPGA/hls_cosim_project/solution_cosim/impl/misc/attention_int8_kernel_sitofp_32s_32_6_no_dsp_1_ip.tcl 
Execute         source /home/siyenga7/FPGA/hls_cosim_project/solution_cosim/impl/misc/attention_int8_kernel_sptohp_32ns_16_2_no_dsp_1_ip.tcl 
INFO-FLOW: DBG:PROC: ::HLSREPORTS::add_csynth_report_sections bind_info_dict='adapter_nodes {{BINDTYPE adapter DISPLAY {bind_adapter axilite} ID {} IMPL {} LATENCY {} OPTYPE {} PRAGMA yes RTLNAME control_s_axi_U SOURCE {} VARIABLE {} MODULE attention_int8_kernel LOOP {} BUNDLEDNAME control DSP 0 BRAM 0 URAM 0} {BINDTYPE adapter DISPLAY {bind_adapter axi_master} ID {} IMPL {} LATENCY {} OPTYPE {} PRAGMA yes RTLNAME gmem0_m_axi_U SOURCE {} VARIABLE {} MODULE attention_int8_kernel LOOP {} BUNDLEDNAME gmem0 DSP 0 BRAM 0 URAM 0} {BINDTYPE adapter DISPLAY {bind_adapter axi_master} ID {} IMPL {} LATENCY {} OPTYPE {} PRAGMA yes RTLNAME gmem1_m_axi_U SOURCE {} VARIABLE {} MODULE attention_int8_kernel LOOP {} BUNDLEDNAME gmem1 DSP 0 BRAM 0 URAM 0} {BINDTYPE adapter DISPLAY {bind_adapter axi_master} ID {} IMPL {} LATENCY {} OPTYPE {} PRAGMA yes RTLNAME gmem2_m_axi_U SOURCE {} VARIABLE {} MODULE attention_int8_kernel LOOP {} BUNDLEDNAME gmem2 DSP 0 BRAM 0 URAM 0} {BINDTYPE adapter DISPLAY {bind_adapter axi_master} ID {} IMPL {} LATENCY {} OPTYPE {} PRAGMA yes RTLNAME gmem3_m_axi_U SOURCE {} VARIABLE {} MODULE attention_int8_kernel LOOP {} BUNDLEDNAME gmem3 DSP 0 BRAM 0 URAM 0}} report_dict {TOPINST attention_int8_kernel MODULE2INSTS {attention_int8_kernel attention_int8_kernel attention_int8_kernel_Pipeline_VITIS_LOOP_101_3_VITIS_LOOP_102_4 grp_attention_int8_kernel_Pipeline_VITIS_LOOP_101_3_VITIS_LOOP_102_4_fu_6465 attention_int8_kernel_Pipeline_VITIS_LOOP_108_5 grp_attention_int8_kernel_Pipeline_VITIS_LOOP_108_5_fu_6536 attention_int8_kernel_Pipeline_VITIS_LOOP_130_8_VITIS_LOOP_131_9 grp_attention_int8_kernel_Pipeline_VITIS_LOOP_130_8_VITIS_LOOP_131_9_fu_6564 attention_int8_kernel_Pipeline_VITIS_LOOP_146_11 grp_attention_int8_kernel_Pipeline_VITIS_LOOP_146_11_fu_6646 attention_int8_kernel_Pipeline_VITIS_LOOP_193_18_VITIS_LOOP_195_19 grp_attention_int8_kernel_Pipeline_VITIS_LOOP_193_18_VITIS_LOOP_195_19_fu_6855 attention_int8_kernel_Pipeline_VITIS_LOOP_168_14 grp_attention_int8_kernel_Pipeline_VITIS_LOOP_168_14_fu_6886 attention_int8_kernel_Pipeline_VITIS_LOOP_180_16 grp_attention_int8_kernel_Pipeline_VITIS_LOOP_180_16_fu_7029} INST2MODULE {attention_int8_kernel attention_int8_kernel grp_attention_int8_kernel_Pipeline_VITIS_LOOP_101_3_VITIS_LOOP_102_4_fu_6465 attention_int8_kernel_Pipeline_VITIS_LOOP_101_3_VITIS_LOOP_102_4 grp_attention_int8_kernel_Pipeline_VITIS_LOOP_108_5_fu_6536 attention_int8_kernel_Pipeline_VITIS_LOOP_108_5 grp_attention_int8_kernel_Pipeline_VITIS_LOOP_130_8_VITIS_LOOP_131_9_fu_6564 attention_int8_kernel_Pipeline_VITIS_LOOP_130_8_VITIS_LOOP_131_9 grp_attention_int8_kernel_Pipeline_VITIS_LOOP_146_11_fu_6646 attention_int8_kernel_Pipeline_VITIS_LOOP_146_11 grp_attention_int8_kernel_Pipeline_VITIS_LOOP_193_18_VITIS_LOOP_195_19_fu_6855 attention_int8_kernel_Pipeline_VITIS_LOOP_193_18_VITIS_LOOP_195_19 grp_attention_int8_kernel_Pipeline_VITIS_LOOP_168_14_fu_6886 attention_int8_kernel_Pipeline_VITIS_LOOP_168_14 grp_attention_int8_kernel_Pipeline_VITIS_LOOP_180_16_fu_7029 attention_int8_kernel_Pipeline_VITIS_LOOP_180_16} INSTDATA {attention_int8_kernel {DEPTH 1 CHILDREN {grp_attention_int8_kernel_Pipeline_VITIS_LOOP_101_3_VITIS_LOOP_102_4_fu_6465 grp_attention_int8_kernel_Pipeline_VITIS_LOOP_108_5_fu_6536 grp_attention_int8_kernel_Pipeline_VITIS_LOOP_130_8_VITIS_LOOP_131_9_fu_6564 grp_attention_int8_kernel_Pipeline_VITIS_LOOP_146_11_fu_6646 grp_attention_int8_kernel_Pipeline_VITIS_LOOP_193_18_VITIS_LOOP_195_19_fu_6855 grp_attention_int8_kernel_Pipeline_VITIS_LOOP_168_14_fu_6886 grp_attention_int8_kernel_Pipeline_VITIS_LOOP_180_16_fu_7029}} grp_attention_int8_kernel_Pipeline_VITIS_LOOP_101_3_VITIS_LOOP_102_4_fu_6465 {DEPTH 2 CHILDREN {}} grp_attention_int8_kernel_Pipeline_VITIS_LOOP_108_5_fu_6536 {DEPTH 2 CHILDREN {}} grp_attention_int8_kernel_Pipeline_VITIS_LOOP_130_8_VITIS_LOOP_131_9_fu_6564 {DEPTH 2 CHILDREN {}} grp_attention_int8_kernel_Pipeline_VITIS_LOOP_146_11_fu_6646 {DEPTH 2 CHILDREN {}} grp_attention_int8_kernel_Pipeline_VITIS_LOOP_193_18_VITIS_LOOP_195_19_fu_6855 {DEPTH 2 CHILDREN {}} grp_attention_int8_kernel_Pipeline_VITIS_LOOP_168_14_fu_6886 {DEPTH 2 CHILDREN {}} grp_attention_int8_kernel_Pipeline_VITIS_LOOP_180_16_fu_7029 {DEPTH 2 CHILDREN {}}} MODULEDATA {attention_int8_kernel_Pipeline_VITIS_LOOP_101_3_VITIS_LOOP_102_4 {BINDINFO {{BINDTYPE op ID {} IMPL fabric LATENCY 0 OPTYPE add PRAGMA {} RTLNAME add_ln101_1_fu_1199_p2 SOURCE attention_int8.cpp:101 VARIABLE add_ln101_1 LOOP VITIS_LOOP_101_3_VITIS_LOOP_102_4 BUNDLEDNAME {} DSP 0 BRAM 0 URAM 0 DISPNAME {bind_op add}} {BINDTYPE op ID {} IMPL fabric LATENCY 0 OPTYPE add PRAGMA {} RTLNAME add_ln101_fu_1216_p2 SOURCE attention_int8.cpp:101 VARIABLE add_ln101 LOOP VITIS_LOOP_101_3_VITIS_LOOP_102_4 BUNDLEDNAME {} DSP 0 BRAM 0 URAM 0 DISPNAME {bind_op add}} {BINDTYPE op ID {} IMPL fabric LATENCY 0 OPTYPE add PRAGMA {} RTLNAME add_ln102_fu_1316_p2 SOURCE attention_int8.cpp:102 VARIABLE add_ln102 LOOP VITIS_LOOP_101_3_VITIS_LOOP_102_4 BUNDLEDNAME {} DSP 0 BRAM 0 URAM 0 DISPNAME {bind_op add}}} AREA {DSP 0 BRAM 0 URAM 0}} attention_int8_kernel_Pipeline_VITIS_LOOP_108_5 {BINDINFO {{BINDTYPE op ID {} IMPL fabric LATENCY 0 OPTYPE add PRAGMA {} RTLNAME add_ln108_fu_858_p2 SOURCE attention_int8.cpp:108 VARIABLE add_ln108 LOOP VITIS_LOOP_108_5 BUNDLEDNAME {} DSP 0 BRAM 0 URAM 0 DISPNAME {bind_op add}}} AREA {DSP 0 BRAM 0 URAM 0}} attention_int8_kernel_Pipeline_VITIS_LOOP_130_8_VITIS_LOOP_131_9 {BINDINFO {{BINDTYPE op ID {} IMPL fabric LATENCY 0 OPTYPE add PRAGMA {} RTLNAME add_ln130_1_fu_1364_p2 SOURCE attention_int8.cpp:130 VARIABLE add_ln130_1 LOOP VITIS_LOOP_130_8_VITIS_LOOP_131_9 BUNDLEDNAME {} DSP 0 BRAM 0 URAM 0 DISPNAME {bind_op add}} {BINDTYPE op ID {} IMPL fabric LATENCY 0 OPTYPE add PRAGMA {} RTLNAME add_ln130_fu_1422_p2 SOURCE attention_int8.cpp:130 VARIABLE add_ln130 LOOP VITIS_LOOP_130_8_VITIS_LOOP_131_9 BUNDLEDNAME {} DSP 0 BRAM 0 URAM 0 DISPNAME {bind_op add}} {BINDTYPE op ID {} IMPL fabric LATENCY 0 OPTYPE add PRAGMA {} RTLNAME add_ln131_fu_1391_p2 SOURCE attention_int8.cpp:131 VARIABLE add_ln131 LOOP VITIS_LOOP_130_8_VITIS_LOOP_131_9 BUNDLEDNAME {} DSP 0 BRAM 0 URAM 0 DISPNAME {bind_op add}}} AREA {DSP 0 BRAM 0 URAM 0}} attention_int8_kernel_Pipeline_VITIS_LOOP_146_11 {BINDINFO {{BINDTYPE op ID {} IMPL fabric LATENCY 0 OPTYPE add PRAGMA {} RTLNAME add_ln146_fu_1995_p2 SOURCE attention_int8.cpp:146 VARIABLE add_ln146 LOOP VITIS_LOOP_146_11 BUNDLEDNAME {} DSP 0 BRAM 0 URAM 0 DISPNAME {bind_op add}} {BINDTYPE op ID {} IMPL dsp48 LATENCY 3 OPTYPE mul PRAGMA {} RTLNAME mac_muladd_8s_8s_16s_17_4_1_U202 SOURCE /packages/apps/fpga/Vitis_HLS/2022.1/common/technology/autopilot/ap_int_base.h:886 VARIABLE acc_V LOOP VITIS_LOOP_146_11 BUNDLEDNAME {} DSP 1 BRAM 0 URAM 0 DISPNAME {bind_op mul}} {BINDTYPE op ID {} IMPL auto LATENCY 0 OPTYPE mul PRAGMA {} RTLNAME mul_8s_8s_16_1_1_U170 SOURCE /packages/apps/fpga/Vitis_HLS/2022.1/common/technology/autopilot/ap_int_base.h:886 VARIABLE mul_ln886 LOOP VITIS_LOOP_146_11 BUNDLEDNAME {} DSP 0 BRAM 0 URAM 0 DISPNAME {bind_op mul}} {BINDTYPE op ID {} IMPL auto LATENCY 0 OPTYPE mul PRAGMA {} RTLNAME mul_8s_8s_16_1_1_U171 SOURCE /packages/apps/fpga/Vitis_HLS/2022.1/common/technology/autopilot/ap_int_base.h:886 VARIABLE mul_ln886_1 LOOP VITIS_LOOP_146_11 BUNDLEDNAME {} DSP 0 BRAM 0 URAM 0 DISPNAME {bind_op mul}} {BINDTYPE op ID {} IMPL dsp48 LATENCY 3 OPTYPE mul PRAGMA {} RTLNAME mac_muladd_8s_8s_16s_17_4_1_U203 SOURCE /packages/apps/fpga/Vitis_HLS/2022.1/common/technology/autopilot/ap_int_base.h:886 VARIABLE mul_ln886_2 LOOP VITIS_LOOP_146_11 BUNDLEDNAME {} DSP 1 BRAM 0 URAM 0 DISPNAME {bind_op mul}} {BINDTYPE op ID {} IMPL auto LATENCY 0 OPTYPE mul PRAGMA {} RTLNAME mul_8s_8s_16_1_1_U172 SOURCE /packages/apps/fpga/Vitis_HLS/2022.1/common/technology/autopilot/ap_int_base.h:886 VARIABLE mul_ln886_3 LOOP VITIS_LOOP_146_11 BUNDLEDNAME {} DSP 0 BRAM 0 URAM 0 DISPNAME {bind_op mul}} {BINDTYPE op ID {} IMPL dsp48 LATENCY 3 OPTYPE mul PRAGMA {} RTLNAME mac_muladd_8s_8s_16s_17_4_1_U204 SOURCE /packages/apps/fpga/Vitis_HLS/2022.1/common/technology/autopilot/ap_int_base.h:886 VARIABLE mul_ln886_4 LOOP VITIS_LOOP_146_11 BUNDLEDNAME {} DSP 1 BRAM 0 URAM 0 DISPNAME {bind_op mul}} {BINDTYPE op ID {} IMPL auto LATENCY 0 OPTYPE mul PRAGMA {} RTLNAME mul_8s_8s_16_1_1_U173 SOURCE /packages/apps/fpga/Vitis_HLS/2022.1/common/technology/autopilot/ap_int_base.h:886 VARIABLE mul_ln886_5 LOOP VITIS_LOOP_146_11 BUNDLEDNAME {} DSP 0 BRAM 0 URAM 0 DISPNAME {bind_op mul}} {BINDTYPE op ID {} IMPL dsp48 LATENCY 3 OPTYPE mul PRAGMA {} RTLNAME mac_muladd_8s_8s_16s_17_4_1_U205 SOURCE /packages/apps/fpga/Vitis_HLS/2022.1/common/technology/autopilot/ap_int_base.h:886 VARIABLE mul_ln886_6 LOOP VITIS_LOOP_146_11 BUNDLEDNAME {} DSP 1 BRAM 0 URAM 0 DISPNAME {bind_op mul}} {BINDTYPE op ID {} IMPL auto LATENCY 0 OPTYPE mul PRAGMA {} RTLNAME mul_8s_8s_16_1_1_U174 SOURCE /packages/apps/fpga/Vitis_HLS/2022.1/common/technology/autopilot/ap_int_base.h:886 VARIABLE mul_ln886_7 LOOP VITIS_LOOP_146_11 BUNDLEDNAME {} DSP 0 BRAM 0 URAM 0 DISPNAME {bind_op mul}} {BINDTYPE op ID {} IMPL dsp48 LATENCY 3 OPTYPE mul PRAGMA {} RTLNAME mac_muladd_8s_8s_16s_17_4_1_U206 SOURCE /packages/apps/fpga/Vitis_HLS/2022.1/common/technology/autopilot/ap_int_base.h:886 VARIABLE mul_ln886_8 LOOP VITIS_LOOP_146_11 BUNDLEDNAME {} DSP 1 BRAM 0 URAM 0 DISPNAME {bind_op mul}} {BINDTYPE op ID {} IMPL auto LATENCY 0 OPTYPE mul PRAGMA {} RTLNAME mul_8s_8s_16_1_1_U175 SOURCE /packages/apps/fpga/Vitis_HLS/2022.1/common/technology/autopilot/ap_int_base.h:886 VARIABLE mul_ln886_9 LOOP VITIS_LOOP_146_11 BUNDLEDNAME {} DSP 0 BRAM 0 URAM 0 DISPNAME {bind_op mul}} {BINDTYPE op ID {} IMPL dsp48 LATENCY 3 OPTYPE mul PRAGMA {} RTLNAME mac_muladd_8s_8s_16s_17_4_1_U207 SOURCE /packages/apps/fpga/Vitis_HLS/2022.1/common/technology/autopilot/ap_int_base.h:886 VARIABLE mul_ln886_10 LOOP VITIS_LOOP_146_11 BUNDLEDNAME {} DSP 1 BRAM 0 URAM 0 DISPNAME {bind_op mul}} {BINDTYPE op ID {} IMPL auto LATENCY 0 OPTYPE mul PRAGMA {} RTLNAME mul_8s_8s_16_1_1_U176 SOURCE /packages/apps/fpga/Vitis_HLS/2022.1/common/technology/autopilot/ap_int_base.h:886 VARIABLE mul_ln886_11 LOOP VITIS_LOOP_146_11 BUNDLEDNAME {} DSP 0 BRAM 0 URAM 0 DISPNAME {bind_op mul}} {BINDTYPE op ID {} IMPL dsp48 LATENCY 3 OPTYPE mul PRAGMA {} RTLNAME mac_muladd_8s_8s_16s_17_4_1_U208 SOURCE /packages/apps/fpga/Vitis_HLS/2022.1/common/technology/autopilot/ap_int_base.h:886 VARIABLE mul_ln886_12 LOOP VITIS_LOOP_146_11 BUNDLEDNAME {} DSP 1 BRAM 0 URAM 0 DISPNAME {bind_op mul}} {BINDTYPE op ID {} IMPL auto LATENCY 0 OPTYPE mul PRAGMA {} RTLNAME mul_8s_8s_16_1_1_U177 SOURCE /packages/apps/fpga/Vitis_HLS/2022.1/common/technology/autopilot/ap_int_base.h:886 VARIABLE mul_ln886_13 LOOP VITIS_LOOP_146_11 BUNDLEDNAME {} DSP 0 BRAM 0 URAM 0 DISPNAME {bind_op mul}} {BINDTYPE op ID {} IMPL dsp48 LATENCY 3 OPTYPE mul PRAGMA {} RTLNAME mac_muladd_8s_8s_16s_17_4_1_U209 SOURCE /packages/apps/fpga/Vitis_HLS/2022.1/common/technology/autopilot/ap_int_base.h:886 VARIABLE mul_ln886_14 LOOP VITIS_LOOP_146_11 BUNDLEDNAME {} DSP 1 BRAM 0 URAM 0 DISPNAME {bind_op mul}} {BINDTYPE op ID {} IMPL auto LATENCY 0 OPTYPE mul PRAGMA {} RTLNAME mul_8s_8s_16_1_1_U178 SOURCE /packages/apps/fpga/Vitis_HLS/2022.1/common/technology/autopilot/ap_int_base.h:886 VARIABLE mul_ln886_15 LOOP VITIS_LOOP_146_11 BUNDLEDNAME {} DSP 0 BRAM 0 URAM 0 DISPNAME {bind_op mul}} {BINDTYPE op ID {} IMPL dsp48 LATENCY 3 OPTYPE mul PRAGMA {} RTLNAME mac_muladd_8s_8s_16s_17_4_1_U210 SOURCE /packages/apps/fpga/Vitis_HLS/2022.1/common/technology/autopilot/ap_int_base.h:886 VARIABLE mul_ln886_16 LOOP VITIS_LOOP_146_11 BUNDLEDNAME {} DSP 1 BRAM 0 URAM 0 DISPNAME {bind_op mul}} {BINDTYPE op ID {} IMPL auto LATENCY 0 OPTYPE mul PRAGMA {} RTLNAME mul_8s_8s_16_1_1_U179 SOURCE /packages/apps/fpga/Vitis_HLS/2022.1/common/technology/autopilot/ap_int_base.h:886 VARIABLE mul_ln886_17 LOOP VITIS_LOOP_146_11 BUNDLEDNAME {} DSP 0 BRAM 0 URAM 0 DISPNAME {bind_op mul}} {BINDTYPE op ID {} IMPL dsp48 LATENCY 3 OPTYPE mul PRAGMA {} RTLNAME mac_muladd_8s_8s_16s_17_4_1_U211 SOURCE /packages/apps/fpga/Vitis_HLS/2022.1/common/technology/autopilot/ap_int_base.h:886 VARIABLE mul_ln886_18 LOOP VITIS_LOOP_146_11 BUNDLEDNAME {} DSP 1 BRAM 0 URAM 0 DISPNAME {bind_op mul}} {BINDTYPE op ID {} IMPL auto LATENCY 0 OPTYPE mul PRAGMA {} RTLNAME mul_8s_8s_16_1_1_U180 SOURCE /packages/apps/fpga/Vitis_HLS/2022.1/common/technology/autopilot/ap_int_base.h:886 VARIABLE mul_ln886_19 LOOP VITIS_LOOP_146_11 BUNDLEDNAME {} DSP 0 BRAM 0 URAM 0 DISPNAME {bind_op mul}} {BINDTYPE op ID {} IMPL dsp48 LATENCY 3 OPTYPE mul PRAGMA {} RTLNAME mac_muladd_8s_8s_16s_17_4_1_U212 SOURCE /packages/apps/fpga/Vitis_HLS/2022.1/common/technology/autopilot/ap_int_base.h:886 VARIABLE mul_ln886_20 LOOP VITIS_LOOP_146_11 BUNDLEDNAME {} DSP 1 BRAM 0 URAM 0 DISPNAME {bind_op mul}} {BINDTYPE op ID {} IMPL auto LATENCY 0 OPTYPE mul PRAGMA {} RTLNAME mul_8s_8s_16_1_1_U181 SOURCE /packages/apps/fpga/Vitis_HLS/2022.1/common/technology/autopilot/ap_int_base.h:886 VARIABLE mul_ln886_21 LOOP VITIS_LOOP_146_11 BUNDLEDNAME {} DSP 0 BRAM 0 URAM 0 DISPNAME {bind_op mul}} {BINDTYPE op ID {} IMPL dsp48 LATENCY 3 OPTYPE mul PRAGMA {} RTLNAME mac_muladd_8s_8s_16s_17_4_1_U213 SOURCE /packages/apps/fpga/Vitis_HLS/2022.1/common/technology/autopilot/ap_int_base.h:886 VARIABLE mul_ln886_22 LOOP VITIS_LOOP_146_11 BUNDLEDNAME {} DSP 1 BRAM 0 URAM 0 DISPNAME {bind_op mul}} {BINDTYPE op ID {} IMPL auto LATENCY 0 OPTYPE mul PRAGMA {} RTLNAME mul_8s_8s_16_1_1_U182 SOURCE /packages/apps/fpga/Vitis_HLS/2022.1/common/technology/autopilot/ap_int_base.h:886 VARIABLE mul_ln886_23 LOOP VITIS_LOOP_146_11 BUNDLEDNAME {} DSP 0 BRAM 0 URAM 0 DISPNAME {bind_op mul}} {BINDTYPE op ID {} IMPL dsp48 LATENCY 3 OPTYPE mul PRAGMA {} RTLNAME mac_muladd_8s_8s_16s_17_4_1_U214 SOURCE /packages/apps/fpga/Vitis_HLS/2022.1/common/technology/autopilot/ap_int_base.h:886 VARIABLE mul_ln886_24 LOOP VITIS_LOOP_146_11 BUNDLEDNAME {} DSP 1 BRAM 0 URAM 0 DISPNAME {bind_op mul}} {BINDTYPE op ID {} IMPL auto LATENCY 0 OPTYPE mul PRAGMA {} RTLNAME mul_8s_8s_16_1_1_U183 SOURCE /packages/apps/fpga/Vitis_HLS/2022.1/common/technology/autopilot/ap_int_base.h:886 VARIABLE mul_ln886_25 LOOP VITIS_LOOP_146_11 BUNDLEDNAME {} DSP 0 BRAM 0 URAM 0 DISPNAME {bind_op mul}} {BINDTYPE op ID {} IMPL dsp48 LATENCY 3 OPTYPE mul PRAGMA {} RTLNAME mac_muladd_8s_8s_16s_17_4_1_U215 SOURCE /packages/apps/fpga/Vitis_HLS/2022.1/common/technology/autopilot/ap_int_base.h:886 VARIABLE mul_ln886_26 LOOP VITIS_LOOP_146_11 BUNDLEDNAME {} DSP 1 BRAM 0 URAM 0 DISPNAME {bind_op mul}} {BINDTYPE op ID {} IMPL auto LATENCY 0 OPTYPE mul PRAGMA {} RTLNAME mul_8s_8s_16_1_1_U184 SOURCE /packages/apps/fpga/Vitis_HLS/2022.1/common/technology/autopilot/ap_int_base.h:886 VARIABLE mul_ln886_27 LOOP VITIS_LOOP_146_11 BUNDLEDNAME {} DSP 0 BRAM 0 URAM 0 DISPNAME {bind_op mul}} {BINDTYPE op ID {} IMPL dsp48 LATENCY 3 OPTYPE mul PRAGMA {} RTLNAME mac_muladd_8s_8s_16s_17_4_1_U216 SOURCE /packages/apps/fpga/Vitis_HLS/2022.1/common/technology/autopilot/ap_int_base.h:886 VARIABLE mul_ln886_28 LOOP VITIS_LOOP_146_11 BUNDLEDNAME {} DSP 1 BRAM 0 URAM 0 DISPNAME {bind_op mul}} {BINDTYPE op ID {} IMPL auto LATENCY 0 OPTYPE mul PRAGMA {} RTLNAME mul_8s_8s_16_1_1_U185 SOURCE /packages/apps/fpga/Vitis_HLS/2022.1/common/technology/autopilot/ap_int_base.h:886 VARIABLE mul_ln886_29 LOOP VITIS_LOOP_146_11 BUNDLEDNAME {} DSP 0 BRAM 0 URAM 0 DISPNAME {bind_op mul}} {BINDTYPE op ID {} IMPL dsp48 LATENCY 3 OPTYPE mul PRAGMA {} RTLNAME mac_muladd_8s_8s_16s_17_4_1_U217 SOURCE /packages/apps/fpga/Vitis_HLS/2022.1/common/technology/autopilot/ap_int_base.h:886 VARIABLE mul_ln886_30 LOOP VITIS_LOOP_146_11 BUNDLEDNAME {} DSP 1 BRAM 0 URAM 0 DISPNAME {bind_op mul}} {BINDTYPE op ID {} IMPL auto LATENCY 0 OPTYPE mul PRAGMA {} RTLNAME mul_8s_8s_16_1_1_U186 SOURCE /packages/apps/fpga/Vitis_HLS/2022.1/common/technology/autopilot/ap_int_base.h:886 VARIABLE mul_ln886_31 LOOP VITIS_LOOP_146_11 BUNDLEDNAME {} DSP 0 BRAM 0 URAM 0 DISPNAME {bind_op mul}} {BINDTYPE op ID {} IMPL dsp48 LATENCY 3 OPTYPE mul PRAGMA {} RTLNAME mac_muladd_8s_8s_16s_17_4_1_U218 SOURCE /packages/apps/fpga/Vitis_HLS/2022.1/common/technology/autopilot/ap_int_base.h:886 VARIABLE mul_ln886_32 LOOP VITIS_LOOP_146_11 BUNDLEDNAME {} DSP 1 BRAM 0 URAM 0 DISPNAME {bind_op mul}} {BINDTYPE op ID {} IMPL auto LATENCY 0 OPTYPE mul PRAGMA {} RTLNAME mul_8s_8s_16_1_1_U187 SOURCE /packages/apps/fpga/Vitis_HLS/2022.1/common/technology/autopilot/ap_int_base.h:886 VARIABLE mul_ln886_33 LOOP VITIS_LOOP_146_11 BUNDLEDNAME {} DSP 0 BRAM 0 URAM 0 DISPNAME {bind_op mul}} {BINDTYPE op ID {} IMPL dsp48 LATENCY 3 OPTYPE mul PRAGMA {} RTLNAME mac_muladd_8s_8s_16s_17_4_1_U219 SOURCE /packages/apps/fpga/Vitis_HLS/2022.1/common/technology/autopilot/ap_int_base.h:886 VARIABLE mul_ln886_34 LOOP VITIS_LOOP_146_11 BUNDLEDNAME {} DSP 1 BRAM 0 URAM 0 DISPNAME {bind_op mul}} {BINDTYPE op ID {} IMPL auto LATENCY 0 OPTYPE mul PRAGMA {} RTLNAME mul_8s_8s_16_1_1_U188 SOURCE /packages/apps/fpga/Vitis_HLS/2022.1/common/technology/autopilot/ap_int_base.h:886 VARIABLE mul_ln886_35 LOOP VITIS_LOOP_146_11 BUNDLEDNAME {} DSP 0 BRAM 0 URAM 0 DISPNAME {bind_op mul}} {BINDTYPE op ID {} IMPL dsp48 LATENCY 3 OPTYPE mul PRAGMA {} RTLNAME mac_muladd_8s_8s_16s_17_4_1_U220 SOURCE /packages/apps/fpga/Vitis_HLS/2022.1/common/technology/autopilot/ap_int_base.h:886 VARIABLE mul_ln886_36 LOOP VITIS_LOOP_146_11 BUNDLEDNAME {} DSP 1 BRAM 0 URAM 0 DISPNAME {bind_op mul}} {BINDTYPE op ID {} IMPL auto LATENCY 0 OPTYPE mul PRAGMA {} RTLNAME mul_8s_8s_16_1_1_U189 SOURCE /packages/apps/fpga/Vitis_HLS/2022.1/common/technology/autopilot/ap_int_base.h:886 VARIABLE mul_ln886_37 LOOP VITIS_LOOP_146_11 BUNDLEDNAME {} DSP 0 BRAM 0 URAM 0 DISPNAME {bind_op mul}} {BINDTYPE op ID {} IMPL dsp48 LATENCY 3 OPTYPE mul PRAGMA {} RTLNAME mac_muladd_8s_8s_16s_17_4_1_U221 SOURCE /packages/apps/fpga/Vitis_HLS/2022.1/common/technology/autopilot/ap_int_base.h:886 VARIABLE mul_ln886_38 LOOP VITIS_LOOP_146_11 BUNDLEDNAME {} DSP 1 BRAM 0 URAM 0 DISPNAME {bind_op mul}} {BINDTYPE op ID {} IMPL auto LATENCY 0 OPTYPE mul PRAGMA {} RTLNAME mul_8s_8s_16_1_1_U190 SOURCE /packages/apps/fpga/Vitis_HLS/2022.1/common/technology/autopilot/ap_int_base.h:886 VARIABLE mul_ln886_39 LOOP VITIS_LOOP_146_11 BUNDLEDNAME {} DSP 0 BRAM 0 URAM 0 DISPNAME {bind_op mul}} {BINDTYPE op ID {} IMPL dsp48 LATENCY 3 OPTYPE mul PRAGMA {} RTLNAME mac_muladd_8s_8s_16s_17_4_1_U222 SOURCE /packages/apps/fpga/Vitis_HLS/2022.1/common/technology/autopilot/ap_int_base.h:886 VARIABLE mul_ln886_40 LOOP VITIS_LOOP_146_11 BUNDLEDNAME {} DSP 1 BRAM 0 URAM 0 DISPNAME {bind_op mul}} {BINDTYPE op ID {} IMPL auto LATENCY 0 OPTYPE mul PRAGMA {} RTLNAME mul_8s_8s_16_1_1_U191 SOURCE /packages/apps/fpga/Vitis_HLS/2022.1/common/technology/autopilot/ap_int_base.h:886 VARIABLE mul_ln886_41 LOOP VITIS_LOOP_146_11 BUNDLEDNAME {} DSP 0 BRAM 0 URAM 0 DISPNAME {bind_op mul}} {BINDTYPE op ID {} IMPL dsp48 LATENCY 3 OPTYPE mul PRAGMA {} RTLNAME mac_muladd_8s_8s_16s_17_4_1_U223 SOURCE /packages/apps/fpga/Vitis_HLS/2022.1/common/technology/autopilot/ap_int_base.h:886 VARIABLE mul_ln886_42 LOOP VITIS_LOOP_146_11 BUNDLEDNAME {} DSP 1 BRAM 0 URAM 0 DISPNAME {bind_op mul}} {BINDTYPE op ID {} IMPL auto LATENCY 0 OPTYPE mul PRAGMA {} RTLNAME mul_8s_8s_16_1_1_U192 SOURCE /packages/apps/fpga/Vitis_HLS/2022.1/common/technology/autopilot/ap_int_base.h:886 VARIABLE mul_ln886_43 LOOP VITIS_LOOP_146_11 BUNDLEDNAME {} DSP 0 BRAM 0 URAM 0 DISPNAME {bind_op mul}} {BINDTYPE op ID {} IMPL dsp48 LATENCY 3 OPTYPE mul PRAGMA {} RTLNAME mac_muladd_8s_8s_16s_17_4_1_U224 SOURCE /packages/apps/fpga/Vitis_HLS/2022.1/common/technology/autopilot/ap_int_base.h:886 VARIABLE mul_ln886_44 LOOP VITIS_LOOP_146_11 BUNDLEDNAME {} DSP 1 BRAM 0 URAM 0 DISPNAME {bind_op mul}} {BINDTYPE op ID {} IMPL auto LATENCY 0 OPTYPE mul PRAGMA {} RTLNAME mul_8s_8s_16_1_1_U193 SOURCE /packages/apps/fpga/Vitis_HLS/2022.1/common/technology/autopilot/ap_int_base.h:886 VARIABLE mul_ln886_45 LOOP VITIS_LOOP_146_11 BUNDLEDNAME {} DSP 0 BRAM 0 URAM 0 DISPNAME {bind_op mul}} {BINDTYPE op ID {} IMPL dsp48 LATENCY 3 OPTYPE mul PRAGMA {} RTLNAME mac_muladd_8s_8s_16s_17_4_1_U225 SOURCE /packages/apps/fpga/Vitis_HLS/2022.1/common/technology/autopilot/ap_int_base.h:886 VARIABLE mul_ln886_46 LOOP VITIS_LOOP_146_11 BUNDLEDNAME {} DSP 1 BRAM 0 URAM 0 DISPNAME {bind_op mul}} {BINDTYPE op ID {} IMPL auto LATENCY 0 OPTYPE mul PRAGMA {} RTLNAME mul_8s_8s_16_1_1_U194 SOURCE /packages/apps/fpga/Vitis_HLS/2022.1/common/technology/autopilot/ap_int_base.h:886 VARIABLE mul_ln886_47 LOOP VITIS_LOOP_146_11 BUNDLEDNAME {} DSP 0 BRAM 0 URAM 0 DISPNAME {bind_op mul}} {BINDTYPE op ID {} IMPL dsp48 LATENCY 3 OPTYPE mul PRAGMA {} RTLNAME mac_muladd_8s_8s_16s_17_4_1_U226 SOURCE /packages/apps/fpga/Vitis_HLS/2022.1/common/technology/autopilot/ap_int_base.h:886 VARIABLE mul_ln886_48 LOOP VITIS_LOOP_146_11 BUNDLEDNAME {} DSP 1 BRAM 0 URAM 0 DISPNAME {bind_op mul}} {BINDTYPE op ID {} IMPL auto LATENCY 0 OPTYPE mul PRAGMA {} RTLNAME mul_8s_8s_16_1_1_U195 SOURCE /packages/apps/fpga/Vitis_HLS/2022.1/common/technology/autopilot/ap_int_base.h:886 VARIABLE mul_ln886_49 LOOP VITIS_LOOP_146_11 BUNDLEDNAME {} DSP 0 BRAM 0 URAM 0 DISPNAME {bind_op mul}} {BINDTYPE op ID {} IMPL dsp48 LATENCY 3 OPTYPE mul PRAGMA {} RTLNAME mac_muladd_8s_8s_16s_17_4_1_U227 SOURCE /packages/apps/fpga/Vitis_HLS/2022.1/common/technology/autopilot/ap_int_base.h:886 VARIABLE mul_ln886_50 LOOP VITIS_LOOP_146_11 BUNDLEDNAME {} DSP 1 BRAM 0 URAM 0 DISPNAME {bind_op mul}} {BINDTYPE op ID {} IMPL auto LATENCY 0 OPTYPE mul PRAGMA {} RTLNAME mul_8s_8s_16_1_1_U196 SOURCE /packages/apps/fpga/Vitis_HLS/2022.1/common/technology/autopilot/ap_int_base.h:886 VARIABLE mul_ln886_51 LOOP VITIS_LOOP_146_11 BUNDLEDNAME {} DSP 0 BRAM 0 URAM 0 DISPNAME {bind_op mul}} {BINDTYPE op ID {} IMPL dsp48 LATENCY 3 OPTYPE mul PRAGMA {} RTLNAME mac_muladd_8s_8s_16s_17_4_1_U228 SOURCE /packages/apps/fpga/Vitis_HLS/2022.1/common/technology/autopilot/ap_int_base.h:886 VARIABLE mul_ln886_52 LOOP VITIS_LOOP_146_11 BUNDLEDNAME {} DSP 1 BRAM 0 URAM 0 DISPNAME {bind_op mul}} {BINDTYPE op ID {} IMPL auto LATENCY 0 OPTYPE mul PRAGMA {} RTLNAME mul_8s_8s_16_1_1_U197 SOURCE /packages/apps/fpga/Vitis_HLS/2022.1/common/technology/autopilot/ap_int_base.h:886 VARIABLE mul_ln886_53 LOOP VITIS_LOOP_146_11 BUNDLEDNAME {} DSP 0 BRAM 0 URAM 0 DISPNAME {bind_op mul}} {BINDTYPE op ID {} IMPL dsp48 LATENCY 3 OPTYPE mul PRAGMA {} RTLNAME mac_muladd_8s_8s_16s_17_4_1_U229 SOURCE /packages/apps/fpga/Vitis_HLS/2022.1/common/technology/autopilot/ap_int_base.h:886 VARIABLE mul_ln886_54 LOOP VITIS_LOOP_146_11 BUNDLEDNAME {} DSP 1 BRAM 0 URAM 0 DISPNAME {bind_op mul}} {BINDTYPE op ID {} IMPL auto LATENCY 0 OPTYPE mul PRAGMA {} RTLNAME mul_8s_8s_16_1_1_U198 SOURCE /packages/apps/fpga/Vitis_HLS/2022.1/common/technology/autopilot/ap_int_base.h:886 VARIABLE mul_ln886_55 LOOP VITIS_LOOP_146_11 BUNDLEDNAME {} DSP 0 BRAM 0 URAM 0 DISPNAME {bind_op mul}} {BINDTYPE op ID {} IMPL dsp48 LATENCY 3 OPTYPE mul PRAGMA {} RTLNAME mac_muladd_8s_8s_16s_17_4_1_U230 SOURCE /packages/apps/fpga/Vitis_HLS/2022.1/common/technology/autopilot/ap_int_base.h:886 VARIABLE mul_ln886_56 LOOP VITIS_LOOP_146_11 BUNDLEDNAME {} DSP 1 BRAM 0 URAM 0 DISPNAME {bind_op mul}} {BINDTYPE op ID {} IMPL auto LATENCY 0 OPTYPE mul PRAGMA {} RTLNAME mul_8s_8s_16_1_1_U199 SOURCE /packages/apps/fpga/Vitis_HLS/2022.1/common/technology/autopilot/ap_int_base.h:886 VARIABLE mul_ln886_57 LOOP VITIS_LOOP_146_11 BUNDLEDNAME {} DSP 0 BRAM 0 URAM 0 DISPNAME {bind_op mul}} {BINDTYPE op ID {} IMPL dsp48 LATENCY 3 OPTYPE mul PRAGMA {} RTLNAME mac_muladd_8s_8s_16s_17_4_1_U231 SOURCE /packages/apps/fpga/Vitis_HLS/2022.1/common/technology/autopilot/ap_int_base.h:886 VARIABLE mul_ln886_58 LOOP VITIS_LOOP_146_11 BUNDLEDNAME {} DSP 1 BRAM 0 URAM 0 DISPNAME {bind_op mul}} {BINDTYPE op ID {} IMPL auto LATENCY 0 OPTYPE mul PRAGMA {} RTLNAME mul_8s_8s_16_1_1_U200 SOURCE /packages/apps/fpga/Vitis_HLS/2022.1/common/technology/autopilot/ap_int_base.h:886 VARIABLE mul_ln886_59 LOOP VITIS_LOOP_146_11 BUNDLEDNAME {} DSP 0 BRAM 0 URAM 0 DISPNAME {bind_op mul}} {BINDTYPE op ID {} IMPL dsp48 LATENCY 3 OPTYPE mul PRAGMA {} RTLNAME mac_muladd_8s_8s_16s_17_4_1_U232 SOURCE /packages/apps/fpga/Vitis_HLS/2022.1/common/technology/autopilot/ap_int_base.h:886 VARIABLE mul_ln886_60 LOOP VITIS_LOOP_146_11 BUNDLEDNAME {} DSP 1 BRAM 0 URAM 0 DISPNAME {bind_op mul}} {BINDTYPE op ID {} IMPL auto LATENCY 0 OPTYPE mul PRAGMA {} RTLNAME mul_8s_8s_16_1_1_U201 SOURCE /packages/apps/fpga/Vitis_HLS/2022.1/common/technology/autopilot/ap_int_base.h:886 VARIABLE mul_ln886_61 LOOP VITIS_LOOP_146_11 BUNDLEDNAME {} DSP 0 BRAM 0 URAM 0 DISPNAME {bind_op mul}} {BINDTYPE op ID {} IMPL dsp48 LATENCY 3 OPTYPE mul PRAGMA {} RTLNAME mac_muladd_8s_8s_16s_17_4_1_U233 SOURCE /packages/apps/fpga/Vitis_HLS/2022.1/common/technology/autopilot/ap_int_base.h:886 VARIABLE mul_ln886_62 LOOP VITIS_LOOP_146_11 BUNDLEDNAME {} DSP 1 BRAM 0 URAM 0 DISPNAME {bind_op mul}} {BINDTYPE op ID {} IMPL dsp48 LATENCY 3 OPTYPE add PRAGMA {} RTLNAME mac_muladd_8s_8s_16s_17_4_1_U202 SOURCE /packages/apps/fpga/Vitis_HLS/2022.1/common/technology/autopilot/ap_int_base.h:886 VARIABLE add_ln886 LOOP VITIS_LOOP_146_11 BUNDLEDNAME {} DSP 1 BRAM 0 URAM 0 DISPNAME {bind_op add}} {BINDTYPE op ID {} IMPL dsp48 LATENCY 3 OPTYPE add PRAGMA {} RTLNAME mac_muladd_8s_8s_16s_17_4_1_U203 SOURCE /packages/apps/fpga/Vitis_HLS/2022.1/common/technology/autopilot/ap_int_base.h:886 VARIABLE add_ln886_1 LOOP VITIS_LOOP_146_11 BUNDLEDNAME {} DSP 1 BRAM 0 URAM 0 DISPNAME {bind_op add}} {BINDTYPE op ID {} IMPL fabric LATENCY 0 OPTYPE add PRAGMA {} RTLNAME add_ln886_2_fu_2584_p2 SOURCE /packages/apps/fpga/Vitis_HLS/2022.1/common/technology/autopilot/ap_int_base.h:886 VARIABLE add_ln886_2 LOOP VITIS_LOOP_146_11 BUNDLEDNAME {} DSP 0 BRAM 0 URAM 0 DISPNAME {bind_op add}} {BINDTYPE op ID {} IMPL dsp48 LATENCY 3 OPTYPE add PRAGMA {} RTLNAME mac_muladd_8s_8s_16s_17_4_1_U204 SOURCE /packages/apps/fpga/Vitis_HLS/2022.1/common/technology/autopilot/ap_int_base.h:886 VARIABLE add_ln886_3 LOOP VITIS_LOOP_146_11 BUNDLEDNAME {} DSP 1 BRAM 0 URAM 0 DISPNAME {bind_op add}} {BINDTYPE op ID {} IMPL dsp48 LATENCY 3 OPTYPE add PRAGMA {} RTLNAME mac_muladd_8s_8s_16s_17_4_1_U205 SOURCE /packages/apps/fpga/Vitis_HLS/2022.1/common/technology/autopilot/ap_int_base.h:886 VARIABLE add_ln886_4 LOOP VITIS_LOOP_146_11 BUNDLEDNAME {} DSP 1 BRAM 0 URAM 0 DISPNAME {bind_op add}} {BINDTYPE op ID {} IMPL fabric LATENCY 0 OPTYPE add PRAGMA {} RTLNAME add_ln886_5_fu_2600_p2 SOURCE /packages/apps/fpga/Vitis_HLS/2022.1/common/technology/autopilot/ap_int_base.h:886 VARIABLE add_ln886_5 LOOP VITIS_LOOP_146_11 BUNDLEDNAME {} DSP 0 BRAM 0 URAM 0 DISPNAME {bind_op add}} {BINDTYPE op ID {} IMPL fabric LATENCY 0 OPTYPE add PRAGMA {} RTLNAME add_ln886_6_fu_2610_p2 SOURCE /packages/apps/fpga/Vitis_HLS/2022.1/common/technology/autopilot/ap_int_base.h:886 VARIABLE add_ln886_6 LOOP VITIS_LOOP_146_11 BUNDLEDNAME {} DSP 0 BRAM 0 URAM 0 DISPNAME {bind_op add}} {BINDTYPE op ID {} IMPL dsp48 LATENCY 3 OPTYPE add PRAGMA {} RTLNAME mac_muladd_8s_8s_16s_17_4_1_U206 SOURCE /packages/apps/fpga/Vitis_HLS/2022.1/common/technology/autopilot/ap_int_base.h:886 VARIABLE add_ln886_7 LOOP VITIS_LOOP_146_11 BUNDLEDNAME {} DSP 1 BRAM 0 URAM 0 DISPNAME {bind_op add}} {BINDTYPE op ID {} IMPL dsp48 LATENCY 3 OPTYPE add PRAGMA {} RTLNAME mac_muladd_8s_8s_16s_17_4_1_U207 SOURCE /packages/apps/fpga/Vitis_HLS/2022.1/common/technology/autopilot/ap_int_base.h:886 VARIABLE add_ln886_8 LOOP VITIS_LOOP_146_11 BUNDLEDNAME {} DSP 1 BRAM 0 URAM 0 DISPNAME {bind_op add}} {BINDTYPE op ID {} IMPL fabric LATENCY 0 OPTYPE add PRAGMA {} RTLNAME add_ln886_9_fu_2622_p2 SOURCE /packages/apps/fpga/Vitis_HLS/2022.1/common/technology/autopilot/ap_int_base.h:886 VARIABLE add_ln886_9 LOOP VITIS_LOOP_146_11 BUNDLEDNAME {} DSP 0 BRAM 0 URAM 0 DISPNAME {bind_op add}} {BINDTYPE op ID {} IMPL dsp48 LATENCY 3 OPTYPE add PRAGMA {} RTLNAME mac_muladd_8s_8s_16s_17_4_1_U208 SOURCE /packages/apps/fpga/Vitis_HLS/2022.1/common/technology/autopilot/ap_int_base.h:886 VARIABLE add_ln886_10 LOOP VITIS_LOOP_146_11 BUNDLEDNAME {} DSP 1 BRAM 0 URAM 0 DISPNAME {bind_op add}} {BINDTYPE op ID {} IMPL dsp48 LATENCY 3 OPTYPE add PRAGMA {} RTLNAME mac_muladd_8s_8s_16s_17_4_1_U209 SOURCE /packages/apps/fpga/Vitis_HLS/2022.1/common/technology/autopilot/ap_int_base.h:886 VARIABLE add_ln886_11 LOOP VITIS_LOOP_146_11 BUNDLEDNAME {} DSP 1 BRAM 0 URAM 0 DISPNAME {bind_op add}} {BINDTYPE op ID {} IMPL fabric LATENCY 0 OPTYPE add PRAGMA {} RTLNAME add_ln886_12_fu_2638_p2 SOURCE /packages/apps/fpga/Vitis_HLS/2022.1/common/technology/autopilot/ap_int_base.h:886 VARIABLE add_ln886_12 LOOP VITIS_LOOP_146_11 BUNDLEDNAME {} DSP 0 BRAM 0 URAM 0 DISPNAME {bind_op add}} {BINDTYPE op ID {} IMPL fabric LATENCY 0 OPTYPE add PRAGMA {} RTLNAME add_ln886_13_fu_2648_p2 SOURCE /packages/apps/fpga/Vitis_HLS/2022.1/common/technology/autopilot/ap_int_base.h:886 VARIABLE add_ln886_13 LOOP VITIS_LOOP_146_11 BUNDLEDNAME {} DSP 0 BRAM 0 URAM 0 DISPNAME {bind_op add}} {BINDTYPE op ID {} IMPL fabric LATENCY 0 OPTYPE add PRAGMA {} RTLNAME add_ln886_14_fu_2888_p2 SOURCE /packages/apps/fpga/Vitis_HLS/2022.1/common/technology/autopilot/ap_int_base.h:886 VARIABLE add_ln886_14 LOOP VITIS_LOOP_146_11 BUNDLEDNAME {} DSP 0 BRAM 0 URAM 0 DISPNAME {bind_op add}} {BINDTYPE op ID {} IMPL dsp48 LATENCY 3 OPTYPE add PRAGMA {} RTLNAME mac_muladd_8s_8s_16s_17_4_1_U210 SOURCE /packages/apps/fpga/Vitis_HLS/2022.1/common/technology/autopilot/ap_int_base.h:886 VARIABLE add_ln886_15 LOOP VITIS_LOOP_146_11 BUNDLEDNAME {} DSP 1 BRAM 0 URAM 0 DISPNAME {bind_op add}} {BINDTYPE op ID {} IMPL dsp48 LATENCY 3 OPTYPE add PRAGMA {} RTLNAME mac_muladd_8s_8s_16s_17_4_1_U211 SOURCE /packages/apps/fpga/Vitis_HLS/2022.1/common/technology/autopilot/ap_int_base.h:886 VARIABLE add_ln886_16 LOOP VITIS_LOOP_146_11 BUNDLEDNAME {} DSP 1 BRAM 0 URAM 0 DISPNAME {bind_op add}} {BINDTYPE op ID {} IMPL fabric LATENCY 0 OPTYPE add PRAGMA {} RTLNAME add_ln886_17_fu_2660_p2 SOURCE /packages/apps/fpga/Vitis_HLS/2022.1/common/technology/autopilot/ap_int_base.h:886 VARIABLE add_ln886_17 LOOP VITIS_LOOP_146_11 BUNDLEDNAME {} DSP 0 BRAM 0 URAM 0 DISPNAME {bind_op add}} {BINDTYPE op ID {} IMPL dsp48 LATENCY 3 OPTYPE add PRAGMA {} RTLNAME mac_muladd_8s_8s_16s_17_4_1_U212 SOURCE /packages/apps/fpga/Vitis_HLS/2022.1/common/technology/autopilot/ap_int_base.h:886 VARIABLE add_ln886_18 LOOP VITIS_LOOP_146_11 BUNDLEDNAME {} DSP 1 BRAM 0 URAM 0 DISPNAME {bind_op add}} {BINDTYPE op ID {} IMPL dsp48 LATENCY 3 OPTYPE add PRAGMA {} RTLNAME mac_muladd_8s_8s_16s_17_4_1_U213 SOURCE /packages/apps/fpga/Vitis_HLS/2022.1/common/technology/autopilot/ap_int_base.h:886 VARIABLE add_ln886_19 LOOP VITIS_LOOP_146_11 BUNDLEDNAME {} DSP 1 BRAM 0 URAM 0 DISPNAME {bind_op add}} {BINDTYPE op ID {} IMPL fabric LATENCY 0 OPTYPE add PRAGMA {} RTLNAME add_ln886_20_fu_2676_p2 SOURCE /packages/apps/fpga/Vitis_HLS/2022.1/common/technology/autopilot/ap_int_base.h:886 VARIABLE add_ln886_20 LOOP VITIS_LOOP_146_11 BUNDLEDNAME {} DSP 0 BRAM 0 URAM 0 DISPNAME {bind_op add}} {BINDTYPE op ID {} IMPL fabric LATENCY 0 OPTYPE add PRAGMA {} RTLNAME add_ln886_21_fu_2686_p2 SOURCE /packages/apps/fpga/Vitis_HLS/2022.1/common/technology/autopilot/ap_int_base.h:886 VARIABLE add_ln886_21 LOOP VITIS_LOOP_146_11 BUNDLEDNAME {} DSP 0 BRAM 0 URAM 0 DISPNAME {bind_op add}} {BINDTYPE op ID {} IMPL dsp48 LATENCY 3 OPTYPE add PRAGMA {} RTLNAME mac_muladd_8s_8s_16s_17_4_1_U214 SOURCE /packages/apps/fpga/Vitis_HLS/2022.1/common/technology/autopilot/ap_int_base.h:886 VARIABLE add_ln886_22 LOOP VITIS_LOOP_146_11 BUNDLEDNAME {} DSP 1 BRAM 0 URAM 0 DISPNAME {bind_op add}} {BINDTYPE op ID {} IMPL dsp48 LATENCY 3 OPTYPE add PRAGMA {} RTLNAME mac_muladd_8s_8s_16s_17_4_1_U215 SOURCE /packages/apps/fpga/Vitis_HLS/2022.1/common/technology/autopilot/ap_int_base.h:886 VARIABLE add_ln886_23 LOOP VITIS_LOOP_146_11 BUNDLEDNAME {} DSP 1 BRAM 0 URAM 0 DISPNAME {bind_op add}} {BINDTYPE op ID {} IMPL fabric LATENCY 0 OPTYPE add PRAGMA {} RTLNAME add_ln886_24_fu_2698_p2 SOURCE /packages/apps/fpga/Vitis_HLS/2022.1/common/technology/autopilot/ap_int_base.h:886 VARIABLE add_ln886_24 LOOP VITIS_LOOP_146_11 BUNDLEDNAME {} DSP 0 BRAM 0 URAM 0 DISPNAME {bind_op add}} {BINDTYPE op ID {} IMPL dsp48 LATENCY 3 OPTYPE add PRAGMA {} RTLNAME mac_muladd_8s_8s_16s_17_4_1_U216 SOURCE /packages/apps/fpga/Vitis_HLS/2022.1/common/technology/autopilot/ap_int_base.h:886 VARIABLE add_ln886_25 LOOP VITIS_LOOP_146_11 BUNDLEDNAME {} DSP 1 BRAM 0 URAM 0 DISPNAME {bind_op add}} {BINDTYPE op ID {} IMPL dsp48 LATENCY 3 OPTYPE add PRAGMA {} RTLNAME mac_muladd_8s_8s_16s_17_4_1_U217 SOURCE /packages/apps/fpga/Vitis_HLS/2022.1/common/technology/autopilot/ap_int_base.h:886 VARIABLE add_ln886_26 LOOP VITIS_LOOP_146_11 BUNDLEDNAME {} DSP 1 BRAM 0 URAM 0 DISPNAME {bind_op add}} {BINDTYPE op ID {} IMPL fabric LATENCY 0 OPTYPE add PRAGMA {} RTLNAME add_ln886_27_fu_2714_p2 SOURCE /packages/apps/fpga/Vitis_HLS/2022.1/common/technology/autopilot/ap_int_base.h:886 VARIABLE add_ln886_27 LOOP VITIS_LOOP_146_11 BUNDLEDNAME {} DSP 0 BRAM 0 URAM 0 DISPNAME {bind_op add}} {BINDTYPE op ID {} IMPL fabric LATENCY 0 OPTYPE add PRAGMA {} RTLNAME add_ln886_28_fu_2724_p2 SOURCE /packages/apps/fpga/Vitis_HLS/2022.1/common/technology/autopilot/ap_int_base.h:886 VARIABLE add_ln886_28 LOOP VITIS_LOOP_146_11 BUNDLEDNAME {} DSP 0 BRAM 0 URAM 0 DISPNAME {bind_op add}} {BINDTYPE op ID {} IMPL fabric LATENCY 0 OPTYPE add PRAGMA {} RTLNAME add_ln886_29_fu_2904_p2 SOURCE /packages/apps/fpga/Vitis_HLS/2022.1/common/technology/autopilot/ap_int_base.h:886 VARIABLE add_ln886_29 LOOP VITIS_LOOP_146_11 BUNDLEDNAME {} DSP 0 BRAM 0 URAM 0 DISPNAME {bind_op add}} {BINDTYPE op ID {} IMPL fabric LATENCY 0 OPTYPE add PRAGMA {} RTLNAME add_ln886_30_fu_2914_p2 SOURCE /packages/apps/fpga/Vitis_HLS/2022.1/common/technology/autopilot/ap_int_base.h:886 VARIABLE add_ln886_30 LOOP VITIS_LOOP_146_11 BUNDLEDNAME {} DSP 0 BRAM 0 URAM 0 DISPNAME {bind_op add}} {BINDTYPE op ID {} IMPL dsp48 LATENCY 3 OPTYPE add PRAGMA {} RTLNAME mac_muladd_8s_8s_16s_17_4_1_U218 SOURCE /packages/apps/fpga/Vitis_HLS/2022.1/common/technology/autopilot/ap_int_base.h:886 VARIABLE add_ln886_31 LOOP VITIS_LOOP_146_11 BUNDLEDNAME {} DSP 1 BRAM 0 URAM 0 DISPNAME {bind_op add}} {BINDTYPE op ID {} IMPL dsp48 LATENCY 3 OPTYPE add PRAGMA {} RTLNAME mac_muladd_8s_8s_16s_17_4_1_U219 SOURCE /packages/apps/fpga/Vitis_HLS/2022.1/common/technology/autopilot/ap_int_base.h:886 VARIABLE add_ln886_32 LOOP VITIS_LOOP_146_11 BUNDLEDNAME {} DSP 1 BRAM 0 URAM 0 DISPNAME {bind_op add}} {BINDTYPE op ID {} IMPL fabric LATENCY 0 OPTYPE add PRAGMA {} RTLNAME add_ln886_33_fu_2736_p2 SOURCE /packages/apps/fpga/Vitis_HLS/2022.1/common/technology/autopilot/ap_int_base.h:886 VARIABLE add_ln886_33 LOOP VITIS_LOOP_146_11 BUNDLEDNAME {} DSP 0 BRAM 0 URAM 0 DISPNAME {bind_op add}} {BINDTYPE op ID {} IMPL dsp48 LATENCY 3 OPTYPE add PRAGMA {} RTLNAME mac_muladd_8s_8s_16s_17_4_1_U220 SOURCE /packages/apps/fpga/Vitis_HLS/2022.1/common/technology/autopilot/ap_int_base.h:886 VARIABLE add_ln886_34 LOOP VITIS_LOOP_146_11 BUNDLEDNAME {} DSP 1 BRAM 0 URAM 0 DISPNAME {bind_op add}} {BINDTYPE op ID {} IMPL dsp48 LATENCY 3 OPTYPE add PRAGMA {} RTLNAME mac_muladd_8s_8s_16s_17_4_1_U221 SOURCE /packages/apps/fpga/Vitis_HLS/2022.1/common/technology/autopilot/ap_int_base.h:886 VARIABLE add_ln886_35 LOOP VITIS_LOOP_146_11 BUNDLEDNAME {} DSP 1 BRAM 0 URAM 0 DISPNAME {bind_op add}} {BINDTYPE op ID {} IMPL fabric LATENCY 0 OPTYPE add PRAGMA {} RTLNAME add_ln886_36_fu_2752_p2 SOURCE /packages/apps/fpga/Vitis_HLS/2022.1/common/technology/autopilot/ap_int_base.h:886 VARIABLE add_ln886_36 LOOP VITIS_LOOP_146_11 BUNDLEDNAME {} DSP 0 BRAM 0 URAM 0 DISPNAME {bind_op add}} {BINDTYPE op ID {} IMPL fabric LATENCY 0 OPTYPE add PRAGMA {} RTLNAME add_ln886_37_fu_2762_p2 SOURCE /packages/apps/fpga/Vitis_HLS/2022.1/common/technology/autopilot/ap_int_base.h:886 VARIABLE add_ln886_37 LOOP VITIS_LOOP_146_11 BUNDLEDNAME {} DSP 0 BRAM 0 URAM 0 DISPNAME {bind_op add}} {BINDTYPE op ID {} IMPL dsp48 LATENCY 3 OPTYPE add PRAGMA {} RTLNAME mac_muladd_8s_8s_16s_17_4_1_U222 SOURCE /packages/apps/fpga/Vitis_HLS/2022.1/common/technology/autopilot/ap_int_base.h:886 VARIABLE add_ln886_38 LOOP VITIS_LOOP_146_11 BUNDLEDNAME {} DSP 1 BRAM 0 URAM 0 DISPNAME {bind_op add}} {BINDTYPE op ID {} IMPL dsp48 LATENCY 3 OPTYPE add PRAGMA {} RTLNAME mac_muladd_8s_8s_16s_17_4_1_U223 SOURCE /packages/apps/fpga/Vitis_HLS/2022.1/common/technology/autopilot/ap_int_base.h:886 VARIABLE add_ln886_39 LOOP VITIS_LOOP_146_11 BUNDLEDNAME {} DSP 1 BRAM 0 URAM 0 DISPNAME {bind_op add}} {BINDTYPE op ID {} IMPL fabric LATENCY 0 OPTYPE add PRAGMA {} RTLNAME add_ln886_40_fu_2774_p2 SOURCE /packages/apps/fpga/Vitis_HLS/2022.1/common/technology/autopilot/ap_int_base.h:886 VARIABLE add_ln886_40 LOOP VITIS_LOOP_146_11 BUNDLEDNAME {} DSP 0 BRAM 0 URAM 0 DISPNAME {bind_op add}} {BINDTYPE op ID {} IMPL dsp48 LATENCY 3 OPTYPE add PRAGMA {} RTLNAME mac_muladd_8s_8s_16s_17_4_1_U224 SOURCE /packages/apps/fpga/Vitis_HLS/2022.1/common/technology/autopilot/ap_int_base.h:886 VARIABLE add_ln886_41 LOOP VITIS_LOOP_146_11 BUNDLEDNAME {} DSP 1 BRAM 0 URAM 0 DISPNAME {bind_op add}} {BINDTYPE op ID {} IMPL dsp48 LATENCY 3 OPTYPE add PRAGMA {} RTLNAME mac_muladd_8s_8s_16s_17_4_1_U225 SOURCE /packages/apps/fpga/Vitis_HLS/2022.1/common/technology/autopilot/ap_int_base.h:886 VARIABLE add_ln886_42 LOOP VITIS_LOOP_146_11 BUNDLEDNAME {} DSP 1 BRAM 0 URAM 0 DISPNAME {bind_op add}} {BINDTYPE op ID {} IMPL fabric LATENCY 0 OPTYPE add PRAGMA {} RTLNAME add_ln886_43_fu_2790_p2 SOURCE /packages/apps/fpga/Vitis_HLS/2022.1/common/technology/autopilot/ap_int_base.h:886 VARIABLE add_ln886_43 LOOP VITIS_LOOP_146_11 BUNDLEDNAME {} DSP 0 BRAM 0 URAM 0 DISPNAME {bind_op add}} {BINDTYPE op ID {} IMPL fabric LATENCY 0 OPTYPE add PRAGMA {} RTLNAME add_ln886_44_fu_2800_p2 SOURCE /packages/apps/fpga/Vitis_HLS/2022.1/common/technology/autopilot/ap_int_base.h:886 VARIABLE add_ln886_44 LOOP VITIS_LOOP_146_11 BUNDLEDNAME {} DSP 0 BRAM 0 URAM 0 DISPNAME {bind_op add}} {BINDTYPE op ID {} IMPL fabric LATENCY 0 OPTYPE add PRAGMA {} RTLNAME add_ln886_45_fu_2930_p2 SOURCE /packages/apps/fpga/Vitis_HLS/2022.1/common/technology/autopilot/ap_int_base.h:886 VARIABLE add_ln886_45 LOOP VITIS_LOOP_146_11 BUNDLEDNAME {} DSP 0 BRAM 0 URAM 0 DISPNAME {bind_op add}} {BINDTYPE op ID {} IMPL dsp48 LATENCY 3 OPTYPE add PRAGMA {} RTLNAME mac_muladd_8s_8s_16s_17_4_1_U226 SOURCE /packages/apps/fpga/Vitis_HLS/2022.1/common/technology/autopilot/ap_int_base.h:886 VARIABLE add_ln886_46 LOOP VITIS_LOOP_146_11 BUNDLEDNAME {} DSP 1 BRAM 0 URAM 0 DISPNAME {bind_op add}} {BINDTYPE op ID {} IMPL dsp48 LATENCY 3 OPTYPE add PRAGMA {} RTLNAME mac_muladd_8s_8s_16s_17_4_1_U227 SOURCE /packages/apps/fpga/Vitis_HLS/2022.1/common/technology/autopilot/ap_int_base.h:886 VARIABLE add_ln886_47 LOOP VITIS_LOOP_146_11 BUNDLEDNAME {} DSP 1 BRAM 0 URAM 0 DISPNAME {bind_op add}} {BINDTYPE op ID {} IMPL fabric LATENCY 0 OPTYPE add PRAGMA {} RTLNAME add_ln886_48_fu_2812_p2 SOURCE /packages/apps/fpga/Vitis_HLS/2022.1/common/technology/autopilot/ap_int_base.h:886 VARIABLE add_ln886_48 LOOP VITIS_LOOP_146_11 BUNDLEDNAME {} DSP 0 BRAM 0 URAM 0 DISPNAME {bind_op add}} {BINDTYPE op ID {} IMPL dsp48 LATENCY 3 OPTYPE add PRAGMA {} RTLNAME mac_muladd_8s_8s_16s_17_4_1_U228 SOURCE /packages/apps/fpga/Vitis_HLS/2022.1/common/technology/autopilot/ap_int_base.h:886 VARIABLE add_ln886_49 LOOP VITIS_LOOP_146_11 BUNDLEDNAME {} DSP 1 BRAM 0 URAM 0 DISPNAME {bind_op add}} {BINDTYPE op ID {} IMPL dsp48 LATENCY 3 OPTYPE add PRAGMA {} RTLNAME mac_muladd_8s_8s_16s_17_4_1_U229 SOURCE /packages/apps/fpga/Vitis_HLS/2022.1/common/technology/autopilot/ap_int_base.h:886 VARIABLE add_ln886_50 LOOP VITIS_LOOP_146_11 BUNDLEDNAME {} DSP 1 BRAM 0 URAM 0 DISPNAME {bind_op add}} {BINDTYPE op ID {} IMPL fabric LATENCY 0 OPTYPE add PRAGMA {} RTLNAME add_ln886_51_fu_2828_p2 SOURCE /packages/apps/fpga/Vitis_HLS/2022.1/common/technology/autopilot/ap_int_base.h:886 VARIABLE add_ln886_51 LOOP VITIS_LOOP_146_11 BUNDLEDNAME {} DSP 0 BRAM 0 URAM 0 DISPNAME {bind_op add}} {BINDTYPE op ID {} IMPL fabric LATENCY 0 OPTYPE add PRAGMA {} RTLNAME add_ln886_52_fu_2838_p2 SOURCE /packages/apps/fpga/Vitis_HLS/2022.1/common/technology/autopilot/ap_int_base.h:886 VARIABLE add_ln886_52 LOOP VITIS_LOOP_146_11 BUNDLEDNAME {} DSP 0 BRAM 0 URAM 0 DISPNAME {bind_op add}} {BINDTYPE op ID {} IMPL dsp48 LATENCY 3 OPTYPE add PRAGMA {} RTLNAME mac_muladd_8s_8s_16s_17_4_1_U230 SOURCE /packages/apps/fpga/Vitis_HLS/2022.1/common/technology/autopilot/ap_int_base.h:886 VARIABLE add_ln886_53 LOOP VITIS_LOOP_146_11 BUNDLEDNAME {} DSP 1 BRAM 0 URAM 0 DISPNAME {bind_op add}} {BINDTYPE op ID {} IMPL dsp48 LATENCY 3 OPTYPE add PRAGMA {} RTLNAME mac_muladd_8s_8s_16s_17_4_1_U231 SOURCE /packages/apps/fpga/Vitis_HLS/2022.1/common/technology/autopilot/ap_int_base.h:886 VARIABLE add_ln886_54 LOOP VITIS_LOOP_146_11 BUNDLEDNAME {} DSP 1 BRAM 0 URAM 0 DISPNAME {bind_op add}} {BINDTYPE op ID {} IMPL fabric LATENCY 0 OPTYPE add PRAGMA {} RTLNAME add_ln886_55_fu_2850_p2 SOURCE /packages/apps/fpga/Vitis_HLS/2022.1/common/technology/autopilot/ap_int_base.h:886 VARIABLE add_ln886_55 LOOP VITIS_LOOP_146_11 BUNDLEDNAME {} DSP 0 BRAM 0 URAM 0 DISPNAME {bind_op add}} {BINDTYPE op ID {} IMPL dsp48 LATENCY 3 OPTYPE add PRAGMA {} RTLNAME mac_muladd_8s_8s_16s_17_4_1_U232 SOURCE /packages/apps/fpga/Vitis_HLS/2022.1/common/technology/autopilot/ap_int_base.h:886 VARIABLE add_ln886_56 LOOP VITIS_LOOP_146_11 BUNDLEDNAME {} DSP 1 BRAM 0 URAM 0 DISPNAME {bind_op add}} {BINDTYPE op ID {} IMPL dsp48 LATENCY 3 OPTYPE add PRAGMA {} RTLNAME mac_muladd_8s_8s_16s_17_4_1_U233 SOURCE /packages/apps/fpga/Vitis_HLS/2022.1/common/technology/autopilot/ap_int_base.h:886 VARIABLE add_ln886_57 LOOP VITIS_LOOP_146_11 BUNDLEDNAME {} DSP 1 BRAM 0 URAM 0 DISPNAME {bind_op add}} {BINDTYPE op ID {} IMPL fabric LATENCY 0 OPTYPE add PRAGMA {} RTLNAME add_ln886_58_fu_2866_p2 SOURCE /packages/apps/fpga/Vitis_HLS/2022.1/common/technology/autopilot/ap_int_base.h:886 VARIABLE add_ln886_58 LOOP VITIS_LOOP_146_11 BUNDLEDNAME {} DSP 0 BRAM 0 URAM 0 DISPNAME {bind_op add}} {BINDTYPE op ID {} IMPL fabric LATENCY 0 OPTYPE add PRAGMA {} RTLNAME add_ln886_59_fu_2876_p2 SOURCE /packages/apps/fpga/Vitis_HLS/2022.1/common/technology/autopilot/ap_int_base.h:886 VARIABLE add_ln886_59 LOOP VITIS_LOOP_146_11 BUNDLEDNAME {} DSP 0 BRAM 0 URAM 0 DISPNAME {bind_op add}} {BINDTYPE op ID {} IMPL fabric LATENCY 0 OPTYPE add PRAGMA {} RTLNAME add_ln886_60_fu_2946_p2 SOURCE /packages/apps/fpga/Vitis_HLS/2022.1/common/technology/autopilot/ap_int_base.h:886 VARIABLE add_ln886_60 LOOP VITIS_LOOP_146_11 BUNDLEDNAME {} DSP 0 BRAM 0 URAM 0 DISPNAME {bind_op add}} {BINDTYPE op ID {} IMPL fabric LATENCY 0 OPTYPE add PRAGMA {} RTLNAME add_ln886_61_fu_2956_p2 SOURCE /packages/apps/fpga/Vitis_HLS/2022.1/common/technology/autopilot/ap_int_base.h:886 VARIABLE add_ln886_61 LOOP VITIS_LOOP_146_11 BUNDLEDNAME {} DSP 0 BRAM 0 URAM 0 DISPNAME {bind_op add}} {BINDTYPE op ID {} IMPL fabric LATENCY 0 OPTYPE add PRAGMA {} RTLNAME acc_V_1_fu_2966_p2 SOURCE /packages/apps/fpga/Vitis_HLS/2022.1/common/technology/autopilot/ap_int_base.h:886 VARIABLE acc_V_1 LOOP VITIS_LOOP_146_11 BUNDLEDNAME {} DSP 0 BRAM 0 URAM 0 DISPNAME {bind_op add}}} AREA {DSP 32 BRAM 0 URAM 0}} attention_int8_kernel_Pipeline_VITIS_LOOP_168_14 {BINDINFO {{BINDTYPE op ID {} IMPL fabric LATENCY 0 OPTYPE add PRAGMA {} RTLNAME add_ln168_fu_2362_p2 SOURCE attention_int8.cpp:168 VARIABLE add_ln168 LOOP VITIS_LOOP_168_14 BUNDLEDNAME {} DSP 0 BRAM 0 URAM 0 DISPNAME {bind_op add}} {BINDTYPE op ID {} IMPL fabric LATENCY 0 OPTYPE add PRAGMA {} RTLNAME add_ln346_fu_2538_p2 SOURCE /wrk/ci/prod/2022.1/rdi_builds/continuous/2022_04_18_3526262/src/shared/hls/clib/src/hls/utils/x_hls_utils.h:346 VARIABLE add_ln346 LOOP VITIS_LOOP_168_14 BUNDLEDNAME {} DSP 0 BRAM 0 URAM 0 DISPNAME {bind_op add}} {BINDTYPE op ID {} IMPL fabric LATENCY 0 OPTYPE sub PRAGMA {} RTLNAME sub_ln1512_fu_2552_p2 SOURCE /wrk/ci/prod/2022.1/rdi_builds/continuous/2022_04_18_3526262/src/shared/hls/clib/include/header_files/ap_fixed_base.h:1512 VARIABLE sub_ln1512 LOOP VITIS_LOOP_168_14 BUNDLEDNAME {} DSP 0 BRAM 0 URAM 0 DISPNAME {bind_op sub}} {BINDTYPE op ID {} IMPL fabric LATENCY 0 OPTYPE sub PRAGMA {} RTLNAME result_V_2_fu_2620_p2 SOURCE /wrk/ci/prod/2022.1/rdi_builds/continuous/2022_04_18_3526262/src/shared/hls/clib/include/header_files/ap_fixed_base.h:813 VARIABLE result_V_2 LOOP VITIS_LOOP_168_14 BUNDLEDNAME {} DSP 0 BRAM 0 URAM 0 DISPNAME {bind_op sub}}} AREA {DSP 0 BRAM 0 URAM 0}} attention_int8_kernel_Pipeline_VITIS_LOOP_180_16 {BINDINFO {{BINDTYPE op ID {} IMPL fabric LATENCY 0 OPTYPE add PRAGMA {} RTLNAME add_ln180_fu_10954_p2 SOURCE attention_int8.cpp:180 VARIABLE add_ln180 LOOP VITIS_LOOP_180_16 BUNDLEDNAME {} DSP 0 BRAM 0 URAM 0 DISPNAME {bind_op add}} {BINDTYPE op ID {} IMPL maxdsp LATENCY 3 OPTYPE fmul PRAGMA {} RTLNAME fmul_32ns_32ns_32_4_max_dsp_1_U549 SOURCE attention_int8.cpp:185 VARIABLE mul251_2 LOOP VITIS_LOOP_180_16 BUNDLEDNAME {} DSP 3 BRAM 0 URAM 0 DISPNAME {bind_op fmul}} {BINDTYPE op ID {} IMPL maxdsp LATENCY 3 OPTYPE fmul PRAGMA {} RTLNAME fmul_32ns_32ns_32_4_max_dsp_1_U549 SOURCE attention_int8.cpp:185 VARIABLE mul252_2 LOOP VITIS_LOOP_180_16 BUNDLEDNAME {} DSP 3 BRAM 0 URAM 0 DISPNAME {bind_op fmul}} {BINDTYPE op ID {} IMPL maxdsp LATENCY 3 OPTYPE fmul PRAGMA {} RTLNAME fmul_32ns_32ns_32_4_max_dsp_1_U550 SOURCE attention_int8.cpp:185 VARIABLE mul251_3 LOOP VITIS_LOOP_180_16 BUNDLEDNAME {} DSP 3 BRAM 0 URAM 0 DISPNAME {bind_op fmul}} {BINDTYPE op ID {} IMPL maxdsp LATENCY 3 OPTYPE fmul PRAGMA {} RTLNAME fmul_32ns_32ns_32_4_max_dsp_1_U550 SOURCE attention_int8.cpp:185 VARIABLE mul252_3 LOOP VITIS_LOOP_180_16 BUNDLEDNAME {} DSP 3 BRAM 0 URAM 0 DISPNAME {bind_op fmul}} {BINDTYPE op ID {} IMPL maxdsp LATENCY 3 OPTYPE fmul PRAGMA {} RTLNAME fmul_32ns_32ns_32_4_max_dsp_1_U551 SOURCE attention_int8.cpp:185 VARIABLE mul251_4 LOOP VITIS_LOOP_180_16 BUNDLEDNAME {} DSP 3 BRAM 0 URAM 0 DISPNAME {bind_op fmul}} {BINDTYPE op ID {} IMPL maxdsp LATENCY 3 OPTYPE fmul PRAGMA {} RTLNAME fmul_32ns_32ns_32_4_max_dsp_1_U551 SOURCE attention_int8.cpp:185 VARIABLE mul252_4 LOOP VITIS_LOOP_180_16 BUNDLEDNAME {} DSP 3 BRAM 0 URAM 0 DISPNAME {bind_op fmul}} {BINDTYPE op ID {} IMPL maxdsp LATENCY 3 OPTYPE fmul PRAGMA {} RTLNAME fmul_32ns_32ns_32_4_max_dsp_1_U552 SOURCE attention_int8.cpp:185 VARIABLE mul251_5 LOOP VITIS_LOOP_180_16 BUNDLEDNAME {} DSP 3 BRAM 0 URAM 0 DISPNAME {bind_op fmul}} {BINDTYPE op ID {} IMPL maxdsp LATENCY 3 OPTYPE fmul PRAGMA {} RTLNAME fmul_32ns_32ns_32_4_max_dsp_1_U552 SOURCE attention_int8.cpp:185 VARIABLE mul252_5 LOOP VITIS_LOOP_180_16 BUNDLEDNAME {} DSP 3 BRAM 0 URAM 0 DISPNAME {bind_op fmul}} {BINDTYPE op ID {} IMPL maxdsp LATENCY 3 OPTYPE fmul PRAGMA {} RTLNAME fmul_32ns_32ns_32_4_max_dsp_1_U553 SOURCE attention_int8.cpp:185 VARIABLE mul251_6 LOOP VITIS_LOOP_180_16 BUNDLEDNAME {} DSP 3 BRAM 0 URAM 0 DISPNAME {bind_op fmul}} {BINDTYPE op ID {} IMPL maxdsp LATENCY 3 OPTYPE fmul PRAGMA {} RTLNAME fmul_32ns_32ns_32_4_max_dsp_1_U553 SOURCE attention_int8.cpp:185 VARIABLE mul252_6 LOOP VITIS_LOOP_180_16 BUNDLEDNAME {} DSP 3 BRAM 0 URAM 0 DISPNAME {bind_op fmul}} {BINDTYPE op ID {} IMPL maxdsp LATENCY 3 OPTYPE fmul PRAGMA {} RTLNAME fmul_32ns_32ns_32_4_max_dsp_1_U554 SOURCE attention_int8.cpp:185 VARIABLE mul251_7 LOOP VITIS_LOOP_180_16 BUNDLEDNAME {} DSP 3 BRAM 0 URAM 0 DISPNAME {bind_op fmul}} {BINDTYPE op ID {} IMPL maxdsp LATENCY 3 OPTYPE fmul PRAGMA {} RTLNAME fmul_32ns_32ns_32_4_max_dsp_1_U554 SOURCE attention_int8.cpp:185 VARIABLE mul252_7 LOOP VITIS_LOOP_180_16 BUNDLEDNAME {} DSP 3 BRAM 0 URAM 0 DISPNAME {bind_op fmul}} {BINDTYPE op ID {} IMPL maxdsp LATENCY 3 OPTYPE fmul PRAGMA {} RTLNAME fmul_32ns_32ns_32_4_max_dsp_1_U555 SOURCE attention_int8.cpp:185 VARIABLE mul251_8 LOOP VITIS_LOOP_180_16 BUNDLEDNAME {} DSP 3 BRAM 0 URAM 0 DISPNAME {bind_op fmul}} {BINDTYPE op ID {} IMPL maxdsp LATENCY 3 OPTYPE fmul PRAGMA {} RTLNAME fmul_32ns_32ns_32_4_max_dsp_1_U555 SOURCE attention_int8.cpp:185 VARIABLE mul252_8 LOOP VITIS_LOOP_180_16 BUNDLEDNAME {} DSP 3 BRAM 0 URAM 0 DISPNAME {bind_op fmul}} {BINDTYPE op ID {} IMPL maxdsp LATENCY 3 OPTYPE fmul PRAGMA {} RTLNAME fmul_32ns_32ns_32_4_max_dsp_1_U556 SOURCE attention_int8.cpp:185 VARIABLE mul251_9 LOOP VITIS_LOOP_180_16 BUNDLEDNAME {} DSP 3 BRAM 0 URAM 0 DISPNAME {bind_op fmul}} {BINDTYPE op ID {} IMPL maxdsp LATENCY 3 OPTYPE fmul PRAGMA {} RTLNAME fmul_32ns_32ns_32_4_max_dsp_1_U556 SOURCE attention_int8.cpp:185 VARIABLE mul252_9 LOOP VITIS_LOOP_180_16 BUNDLEDNAME {} DSP 3 BRAM 0 URAM 0 DISPNAME {bind_op fmul}} {BINDTYPE op ID {} IMPL maxdsp LATENCY 3 OPTYPE fmul PRAGMA {} RTLNAME fmul_32ns_32ns_32_4_max_dsp_1_U557 SOURCE attention_int8.cpp:185 VARIABLE mul251_s LOOP VITIS_LOOP_180_16 BUNDLEDNAME {} DSP 3 BRAM 0 URAM 0 DISPNAME {bind_op fmul}} {BINDTYPE op ID {} IMPL maxdsp LATENCY 3 OPTYPE fmul PRAGMA {} RTLNAME fmul_32ns_32ns_32_4_max_dsp_1_U557 SOURCE attention_int8.cpp:185 VARIABLE mul252_s LOOP VITIS_LOOP_180_16 BUNDLEDNAME {} DSP 3 BRAM 0 URAM 0 DISPNAME {bind_op fmul}} {BINDTYPE op ID {} IMPL maxdsp LATENCY 3 OPTYPE fmul PRAGMA {} RTLNAME fmul_32ns_32ns_32_4_max_dsp_1_U558 SOURCE attention_int8.cpp:185 VARIABLE mul251_10 LOOP VITIS_LOOP_180_16 BUNDLEDNAME {} DSP 3 BRAM 0 URAM 0 DISPNAME {bind_op fmul}} {BINDTYPE op ID {} IMPL maxdsp LATENCY 3 OPTYPE fmul PRAGMA {} RTLNAME fmul_32ns_32ns_32_4_max_dsp_1_U558 SOURCE attention_int8.cpp:185 VARIABLE mul252_10 LOOP VITIS_LOOP_180_16 BUNDLEDNAME {} DSP 3 BRAM 0 URAM 0 DISPNAME {bind_op fmul}} {BINDTYPE op ID {} IMPL maxdsp LATENCY 3 OPTYPE fmul PRAGMA {} RTLNAME fmul_32ns_32ns_32_4_max_dsp_1_U559 SOURCE attention_int8.cpp:185 VARIABLE mul251_11 LOOP VITIS_LOOP_180_16 BUNDLEDNAME {} DSP 3 BRAM 0 URAM 0 DISPNAME {bind_op fmul}} {BINDTYPE op ID {} IMPL maxdsp LATENCY 3 OPTYPE fmul PRAGMA {} RTLNAME fmul_32ns_32ns_32_4_max_dsp_1_U559 SOURCE attention_int8.cpp:185 VARIABLE mul252_11 LOOP VITIS_LOOP_180_16 BUNDLEDNAME {} DSP 3 BRAM 0 URAM 0 DISPNAME {bind_op fmul}} {BINDTYPE op ID {} IMPL maxdsp LATENCY 3 OPTYPE fmul PRAGMA {} RTLNAME fmul_32ns_32ns_32_4_max_dsp_1_U549 SOURCE attention_int8.cpp:185 VARIABLE mul251_14 LOOP VITIS_LOOP_180_16 BUNDLEDNAME {} DSP 3 BRAM 0 URAM 0 DISPNAME {bind_op fmul}} {BINDTYPE op ID {} IMPL maxdsp LATENCY 3 OPTYPE fmul PRAGMA {} RTLNAME fmul_32ns_32ns_32_4_max_dsp_1_U549 SOURCE attention_int8.cpp:185 VARIABLE mul252_14 LOOP VITIS_LOOP_180_16 BUNDLEDNAME {} DSP 3 BRAM 0 URAM 0 DISPNAME {bind_op fmul}} {BINDTYPE op ID {} IMPL maxdsp LATENCY 3 OPTYPE fmul PRAGMA {} RTLNAME fmul_32ns_32ns_32_4_max_dsp_1_U550 SOURCE attention_int8.cpp:185 VARIABLE mul251_15 LOOP VITIS_LOOP_180_16 BUNDLEDNAME {} DSP 3 BRAM 0 URAM 0 DISPNAME {bind_op fmul}} {BINDTYPE op ID {} IMPL maxdsp LATENCY 3 OPTYPE fmul PRAGMA {} RTLNAME fmul_32ns_32ns_32_4_max_dsp_1_U550 SOURCE attention_int8.cpp:185 VARIABLE mul252_15 LOOP VITIS_LOOP_180_16 BUNDLEDNAME {} DSP 3 BRAM 0 URAM 0 DISPNAME {bind_op fmul}} {BINDTYPE op ID {} IMPL maxdsp LATENCY 3 OPTYPE fmul PRAGMA {} RTLNAME fmul_32ns_32ns_32_4_max_dsp_1_U551 SOURCE attention_int8.cpp:185 VARIABLE mul251_16 LOOP VITIS_LOOP_180_16 BUNDLEDNAME {} DSP 3 BRAM 0 URAM 0 DISPNAME {bind_op fmul}} {BINDTYPE op ID {} IMPL maxdsp LATENCY 3 OPTYPE fmul PRAGMA {} RTLNAME fmul_32ns_32ns_32_4_max_dsp_1_U551 SOURCE attention_int8.cpp:185 VARIABLE mul252_16 LOOP VITIS_LOOP_180_16 BUNDLEDNAME {} DSP 3 BRAM 0 URAM 0 DISPNAME {bind_op fmul}} {BINDTYPE op ID {} IMPL maxdsp LATENCY 3 OPTYPE fmul PRAGMA {} RTLNAME fmul_32ns_32ns_32_4_max_dsp_1_U552 SOURCE attention_int8.cpp:185 VARIABLE mul251_17 LOOP VITIS_LOOP_180_16 BUNDLEDNAME {} DSP 3 BRAM 0 URAM 0 DISPNAME {bind_op fmul}} {BINDTYPE op ID {} IMPL maxdsp LATENCY 3 OPTYPE fmul PRAGMA {} RTLNAME fmul_32ns_32ns_32_4_max_dsp_1_U552 SOURCE attention_int8.cpp:185 VARIABLE mul252_17 LOOP VITIS_LOOP_180_16 BUNDLEDNAME {} DSP 3 BRAM 0 URAM 0 DISPNAME {bind_op fmul}} {BINDTYPE op ID {} IMPL maxdsp LATENCY 3 OPTYPE fmul PRAGMA {} RTLNAME fmul_32ns_32ns_32_4_max_dsp_1_U553 SOURCE attention_int8.cpp:185 VARIABLE mul251_18 LOOP VITIS_LOOP_180_16 BUNDLEDNAME {} DSP 3 BRAM 0 URAM 0 DISPNAME {bind_op fmul}} {BINDTYPE op ID {} IMPL maxdsp LATENCY 3 OPTYPE fmul PRAGMA {} RTLNAME fmul_32ns_32ns_32_4_max_dsp_1_U553 SOURCE attention_int8.cpp:185 VARIABLE mul252_18 LOOP VITIS_LOOP_180_16 BUNDLEDNAME {} DSP 3 BRAM 0 URAM 0 DISPNAME {bind_op fmul}} {BINDTYPE op ID {} IMPL maxdsp LATENCY 3 OPTYPE fmul PRAGMA {} RTLNAME fmul_32ns_32ns_32_4_max_dsp_1_U554 SOURCE attention_int8.cpp:185 VARIABLE mul251_19 LOOP VITIS_LOOP_180_16 BUNDLEDNAME {} DSP 3 BRAM 0 URAM 0 DISPNAME {bind_op fmul}} {BINDTYPE op ID {} IMPL maxdsp LATENCY 3 OPTYPE fmul PRAGMA {} RTLNAME fmul_32ns_32ns_32_4_max_dsp_1_U554 SOURCE attention_int8.cpp:185 VARIABLE mul252_19 LOOP VITIS_LOOP_180_16 BUNDLEDNAME {} DSP 3 BRAM 0 URAM 0 DISPNAME {bind_op fmul}} {BINDTYPE op ID {} IMPL maxdsp LATENCY 3 OPTYPE fmul PRAGMA {} RTLNAME fmul_32ns_32ns_32_4_max_dsp_1_U555 SOURCE attention_int8.cpp:185 VARIABLE mul251_20 LOOP VITIS_LOOP_180_16 BUNDLEDNAME {} DSP 3 BRAM 0 URAM 0 DISPNAME {bind_op fmul}} {BINDTYPE op ID {} IMPL maxdsp LATENCY 3 OPTYPE fmul PRAGMA {} RTLNAME fmul_32ns_32ns_32_4_max_dsp_1_U555 SOURCE attention_int8.cpp:185 VARIABLE mul252_20 LOOP VITIS_LOOP_180_16 BUNDLEDNAME {} DSP 3 BRAM 0 URAM 0 DISPNAME {bind_op fmul}} {BINDTYPE op ID {} IMPL maxdsp LATENCY 3 OPTYPE fmul PRAGMA {} RTLNAME fmul_32ns_32ns_32_4_max_dsp_1_U556 SOURCE attention_int8.cpp:185 VARIABLE mul251_21 LOOP VITIS_LOOP_180_16 BUNDLEDNAME {} DSP 3 BRAM 0 URAM 0 DISPNAME {bind_op fmul}} {BINDTYPE op ID {} IMPL maxdsp LATENCY 3 OPTYPE fmul PRAGMA {} RTLNAME fmul_32ns_32ns_32_4_max_dsp_1_U556 SOURCE attention_int8.cpp:185 VARIABLE mul252_21 LOOP VITIS_LOOP_180_16 BUNDLEDNAME {} DSP 3 BRAM 0 URAM 0 DISPNAME {bind_op fmul}} {BINDTYPE op ID {} IMPL maxdsp LATENCY 3 OPTYPE fmul PRAGMA {} RTLNAME fmul_32ns_32ns_32_4_max_dsp_1_U557 SOURCE attention_int8.cpp:185 VARIABLE mul251_22 LOOP VITIS_LOOP_180_16 BUNDLEDNAME {} DSP 3 BRAM 0 URAM 0 DISPNAME {bind_op fmul}} {BINDTYPE op ID {} IMPL maxdsp LATENCY 3 OPTYPE fmul PRAGMA {} RTLNAME fmul_32ns_32ns_32_4_max_dsp_1_U557 SOURCE attention_int8.cpp:185 VARIABLE mul252_22 LOOP VITIS_LOOP_180_16 BUNDLEDNAME {} DSP 3 BRAM 0 URAM 0 DISPNAME {bind_op fmul}} {BINDTYPE op ID {} IMPL maxdsp LATENCY 3 OPTYPE fmul PRAGMA {} RTLNAME fmul_32ns_32ns_32_4_max_dsp_1_U558 SOURCE attention_int8.cpp:185 VARIABLE mul251_23 LOOP VITIS_LOOP_180_16 BUNDLEDNAME {} DSP 3 BRAM 0 URAM 0 DISPNAME {bind_op fmul}} {BINDTYPE op ID {} IMPL maxdsp LATENCY 3 OPTYPE fmul PRAGMA {} RTLNAME fmul_32ns_32ns_32_4_max_dsp_1_U558 SOURCE attention_int8.cpp:185 VARIABLE mul252_23 LOOP VITIS_LOOP_180_16 BUNDLEDNAME {} DSP 3 BRAM 0 URAM 0 DISPNAME {bind_op fmul}} {BINDTYPE op ID {} IMPL maxdsp LATENCY 3 OPTYPE fmul PRAGMA {} RTLNAME fmul_32ns_32ns_32_4_max_dsp_1_U559 SOURCE attention_int8.cpp:185 VARIABLE mul251_24 LOOP VITIS_LOOP_180_16 BUNDLEDNAME {} DSP 3 BRAM 0 URAM 0 DISPNAME {bind_op fmul}} {BINDTYPE op ID {} IMPL maxdsp LATENCY 3 OPTYPE fmul PRAGMA {} RTLNAME fmul_32ns_32ns_32_4_max_dsp_1_U559 SOURCE attention_int8.cpp:185 VARIABLE mul252_24 LOOP VITIS_LOOP_180_16 BUNDLEDNAME {} DSP 3 BRAM 0 URAM 0 DISPNAME {bind_op fmul}} {BINDTYPE op ID {} IMPL maxdsp LATENCY 3 OPTYPE fmul PRAGMA {} RTLNAME fmul_32ns_32ns_32_4_max_dsp_1_U549 SOURCE attention_int8.cpp:185 VARIABLE mul251_27 LOOP VITIS_LOOP_180_16 BUNDLEDNAME {} DSP 3 BRAM 0 URAM 0 DISPNAME {bind_op fmul}} {BINDTYPE op ID {} IMPL maxdsp LATENCY 3 OPTYPE fmul PRAGMA {} RTLNAME fmul_32ns_32ns_32_4_max_dsp_1_U549 SOURCE attention_int8.cpp:185 VARIABLE mul252_27 LOOP VITIS_LOOP_180_16 BUNDLEDNAME {} DSP 3 BRAM 0 URAM 0 DISPNAME {bind_op fmul}} {BINDTYPE op ID {} IMPL maxdsp LATENCY 3 OPTYPE fmul PRAGMA {} RTLNAME fmul_32ns_32ns_32_4_max_dsp_1_U550 SOURCE attention_int8.cpp:185 VARIABLE mul251_28 LOOP VITIS_LOOP_180_16 BUNDLEDNAME {} DSP 3 BRAM 0 URAM 0 DISPNAME {bind_op fmul}} {BINDTYPE op ID {} IMPL maxdsp LATENCY 3 OPTYPE fmul PRAGMA {} RTLNAME fmul_32ns_32ns_32_4_max_dsp_1_U550 SOURCE attention_int8.cpp:185 VARIABLE mul252_28 LOOP VITIS_LOOP_180_16 BUNDLEDNAME {} DSP 3 BRAM 0 URAM 0 DISPNAME {bind_op fmul}} {BINDTYPE op ID {} IMPL maxdsp LATENCY 3 OPTYPE fmul PRAGMA {} RTLNAME fmul_32ns_32ns_32_4_max_dsp_1_U551 SOURCE attention_int8.cpp:185 VARIABLE mul251_29 LOOP VITIS_LOOP_180_16 BUNDLEDNAME {} DSP 3 BRAM 0 URAM 0 DISPNAME {bind_op fmul}} {BINDTYPE op ID {} IMPL maxdsp LATENCY 3 OPTYPE fmul PRAGMA {} RTLNAME fmul_32ns_32ns_32_4_max_dsp_1_U551 SOURCE attention_int8.cpp:185 VARIABLE mul252_29 LOOP VITIS_LOOP_180_16 BUNDLEDNAME {} DSP 3 BRAM 0 URAM 0 DISPNAME {bind_op fmul}} {BINDTYPE op ID {} IMPL maxdsp LATENCY 3 OPTYPE fmul PRAGMA {} RTLNAME fmul_32ns_32ns_32_4_max_dsp_1_U552 SOURCE attention_int8.cpp:185 VARIABLE mul251_30 LOOP VITIS_LOOP_180_16 BUNDLEDNAME {} DSP 3 BRAM 0 URAM 0 DISPNAME {bind_op fmul}} {BINDTYPE op ID {} IMPL maxdsp LATENCY 3 OPTYPE fmul PRAGMA {} RTLNAME fmul_32ns_32ns_32_4_max_dsp_1_U552 SOURCE attention_int8.cpp:185 VARIABLE mul252_30 LOOP VITIS_LOOP_180_16 BUNDLEDNAME {} DSP 3 BRAM 0 URAM 0 DISPNAME {bind_op fmul}} {BINDTYPE op ID {} IMPL maxdsp LATENCY 3 OPTYPE fmul PRAGMA {} RTLNAME fmul_32ns_32ns_32_4_max_dsp_1_U553 SOURCE attention_int8.cpp:185 VARIABLE mul251_31 LOOP VITIS_LOOP_180_16 BUNDLEDNAME {} DSP 3 BRAM 0 URAM 0 DISPNAME {bind_op fmul}} {BINDTYPE op ID {} IMPL maxdsp LATENCY 3 OPTYPE fmul PRAGMA {} RTLNAME fmul_32ns_32ns_32_4_max_dsp_1_U553 SOURCE attention_int8.cpp:185 VARIABLE mul252_31 LOOP VITIS_LOOP_180_16 BUNDLEDNAME {} DSP 3 BRAM 0 URAM 0 DISPNAME {bind_op fmul}} {BINDTYPE op ID {} IMPL maxdsp LATENCY 3 OPTYPE fmul PRAGMA {} RTLNAME fmul_32ns_32ns_32_4_max_dsp_1_U554 SOURCE attention_int8.cpp:185 VARIABLE mul251_32 LOOP VITIS_LOOP_180_16 BUNDLEDNAME {} DSP 3 BRAM 0 URAM 0 DISPNAME {bind_op fmul}} {BINDTYPE op ID {} IMPL maxdsp LATENCY 3 OPTYPE fmul PRAGMA {} RTLNAME fmul_32ns_32ns_32_4_max_dsp_1_U554 SOURCE attention_int8.cpp:185 VARIABLE mul252_32 LOOP VITIS_LOOP_180_16 BUNDLEDNAME {} DSP 3 BRAM 0 URAM 0 DISPNAME {bind_op fmul}} {BINDTYPE op ID {} IMPL maxdsp LATENCY 3 OPTYPE fmul PRAGMA {} RTLNAME fmul_32ns_32ns_32_4_max_dsp_1_U555 SOURCE attention_int8.cpp:185 VARIABLE mul251_33 LOOP VITIS_LOOP_180_16 BUNDLEDNAME {} DSP 3 BRAM 0 URAM 0 DISPNAME {bind_op fmul}} {BINDTYPE op ID {} IMPL maxdsp LATENCY 3 OPTYPE fmul PRAGMA {} RTLNAME fmul_32ns_32ns_32_4_max_dsp_1_U555 SOURCE attention_int8.cpp:185 VARIABLE mul252_33 LOOP VITIS_LOOP_180_16 BUNDLEDNAME {} DSP 3 BRAM 0 URAM 0 DISPNAME {bind_op fmul}} {BINDTYPE op ID {} IMPL maxdsp LATENCY 3 OPTYPE fmul PRAGMA {} RTLNAME fmul_32ns_32ns_32_4_max_dsp_1_U556 SOURCE attention_int8.cpp:185 VARIABLE mul251_34 LOOP VITIS_LOOP_180_16 BUNDLEDNAME {} DSP 3 BRAM 0 URAM 0 DISPNAME {bind_op fmul}} {BINDTYPE op ID {} IMPL maxdsp LATENCY 3 OPTYPE fmul PRAGMA {} RTLNAME fmul_32ns_32ns_32_4_max_dsp_1_U556 SOURCE attention_int8.cpp:185 VARIABLE mul252_34 LOOP VITIS_LOOP_180_16 BUNDLEDNAME {} DSP 3 BRAM 0 URAM 0 DISPNAME {bind_op fmul}} {BINDTYPE op ID {} IMPL maxdsp LATENCY 3 OPTYPE fmul PRAGMA {} RTLNAME fmul_32ns_32ns_32_4_max_dsp_1_U557 SOURCE attention_int8.cpp:185 VARIABLE mul251_35 LOOP VITIS_LOOP_180_16 BUNDLEDNAME {} DSP 3 BRAM 0 URAM 0 DISPNAME {bind_op fmul}} {BINDTYPE op ID {} IMPL maxdsp LATENCY 3 OPTYPE fmul PRAGMA {} RTLNAME fmul_32ns_32ns_32_4_max_dsp_1_U557 SOURCE attention_int8.cpp:185 VARIABLE mul252_35 LOOP VITIS_LOOP_180_16 BUNDLEDNAME {} DSP 3 BRAM 0 URAM 0 DISPNAME {bind_op fmul}} {BINDTYPE op ID {} IMPL maxdsp LATENCY 3 OPTYPE fmul PRAGMA {} RTLNAME fmul_32ns_32ns_32_4_max_dsp_1_U558 SOURCE attention_int8.cpp:185 VARIABLE mul251_36 LOOP VITIS_LOOP_180_16 BUNDLEDNAME {} DSP 3 BRAM 0 URAM 0 DISPNAME {bind_op fmul}} {BINDTYPE op ID {} IMPL maxdsp LATENCY 3 OPTYPE fmul PRAGMA {} RTLNAME fmul_32ns_32ns_32_4_max_dsp_1_U558 SOURCE attention_int8.cpp:185 VARIABLE mul252_36 LOOP VITIS_LOOP_180_16 BUNDLEDNAME {} DSP 3 BRAM 0 URAM 0 DISPNAME {bind_op fmul}} {BINDTYPE op ID {} IMPL maxdsp LATENCY 3 OPTYPE fmul PRAGMA {} RTLNAME fmul_32ns_32ns_32_4_max_dsp_1_U559 SOURCE attention_int8.cpp:185 VARIABLE mul251_37 LOOP VITIS_LOOP_180_16 BUNDLEDNAME {} DSP 3 BRAM 0 URAM 0 DISPNAME {bind_op fmul}} {BINDTYPE op ID {} IMPL maxdsp LATENCY 3 OPTYPE fmul PRAGMA {} RTLNAME fmul_32ns_32ns_32_4_max_dsp_1_U559 SOURCE attention_int8.cpp:185 VARIABLE mul252_37 LOOP VITIS_LOOP_180_16 BUNDLEDNAME {} DSP 3 BRAM 0 URAM 0 DISPNAME {bind_op fmul}} {BINDTYPE op ID {} IMPL maxdsp LATENCY 3 OPTYPE fmul PRAGMA {} RTLNAME fmul_32ns_32ns_32_4_max_dsp_1_U549 SOURCE attention_int8.cpp:185 VARIABLE mul251_40 LOOP VITIS_LOOP_180_16 BUNDLEDNAME {} DSP 3 BRAM 0 URAM 0 DISPNAME {bind_op fmul}} {BINDTYPE op ID {} IMPL maxdsp LATENCY 3 OPTYPE fmul PRAGMA {} RTLNAME fmul_32ns_32ns_32_4_max_dsp_1_U549 SOURCE attention_int8.cpp:185 VARIABLE mul252_40 LOOP VITIS_LOOP_180_16 BUNDLEDNAME {} DSP 3 BRAM 0 URAM 0 DISPNAME {bind_op fmul}} {BINDTYPE op ID {} IMPL maxdsp LATENCY 3 OPTYPE fmul PRAGMA {} RTLNAME fmul_32ns_32ns_32_4_max_dsp_1_U550 SOURCE attention_int8.cpp:185 VARIABLE mul251_41 LOOP VITIS_LOOP_180_16 BUNDLEDNAME {} DSP 3 BRAM 0 URAM 0 DISPNAME {bind_op fmul}} {BINDTYPE op ID {} IMPL maxdsp LATENCY 3 OPTYPE fmul PRAGMA {} RTLNAME fmul_32ns_32ns_32_4_max_dsp_1_U550 SOURCE attention_int8.cpp:185 VARIABLE mul252_41 LOOP VITIS_LOOP_180_16 BUNDLEDNAME {} DSP 3 BRAM 0 URAM 0 DISPNAME {bind_op fmul}} {BINDTYPE op ID {} IMPL maxdsp LATENCY 3 OPTYPE fmul PRAGMA {} RTLNAME fmul_32ns_32ns_32_4_max_dsp_1_U551 SOURCE attention_int8.cpp:185 VARIABLE mul251_42 LOOP VITIS_LOOP_180_16 BUNDLEDNAME {} DSP 3 BRAM 0 URAM 0 DISPNAME {bind_op fmul}} {BINDTYPE op ID {} IMPL maxdsp LATENCY 3 OPTYPE fmul PRAGMA {} RTLNAME fmul_32ns_32ns_32_4_max_dsp_1_U551 SOURCE attention_int8.cpp:185 VARIABLE mul252_42 LOOP VITIS_LOOP_180_16 BUNDLEDNAME {} DSP 3 BRAM 0 URAM 0 DISPNAME {bind_op fmul}} {BINDTYPE op ID {} IMPL maxdsp LATENCY 3 OPTYPE fmul PRAGMA {} RTLNAME fmul_32ns_32ns_32_4_max_dsp_1_U552 SOURCE attention_int8.cpp:185 VARIABLE mul251_43 LOOP VITIS_LOOP_180_16 BUNDLEDNAME {} DSP 3 BRAM 0 URAM 0 DISPNAME {bind_op fmul}} {BINDTYPE op ID {} IMPL maxdsp LATENCY 3 OPTYPE fmul PRAGMA {} RTLNAME fmul_32ns_32ns_32_4_max_dsp_1_U552 SOURCE attention_int8.cpp:185 VARIABLE mul252_43 LOOP VITIS_LOOP_180_16 BUNDLEDNAME {} DSP 3 BRAM 0 URAM 0 DISPNAME {bind_op fmul}} {BINDTYPE op ID {} IMPL maxdsp LATENCY 3 OPTYPE fmul PRAGMA {} RTLNAME fmul_32ns_32ns_32_4_max_dsp_1_U553 SOURCE attention_int8.cpp:185 VARIABLE mul251_44 LOOP VITIS_LOOP_180_16 BUNDLEDNAME {} DSP 3 BRAM 0 URAM 0 DISPNAME {bind_op fmul}} {BINDTYPE op ID {} IMPL maxdsp LATENCY 3 OPTYPE fmul PRAGMA {} RTLNAME fmul_32ns_32ns_32_4_max_dsp_1_U553 SOURCE attention_int8.cpp:185 VARIABLE mul252_44 LOOP VITIS_LOOP_180_16 BUNDLEDNAME {} DSP 3 BRAM 0 URAM 0 DISPNAME {bind_op fmul}} {BINDTYPE op ID {} IMPL maxdsp LATENCY 3 OPTYPE fmul PRAGMA {} RTLNAME fmul_32ns_32ns_32_4_max_dsp_1_U554 SOURCE attention_int8.cpp:185 VARIABLE mul251_45 LOOP VITIS_LOOP_180_16 BUNDLEDNAME {} DSP 3 BRAM 0 URAM 0 DISPNAME {bind_op fmul}} {BINDTYPE op ID {} IMPL maxdsp LATENCY 3 OPTYPE fmul PRAGMA {} RTLNAME fmul_32ns_32ns_32_4_max_dsp_1_U554 SOURCE attention_int8.cpp:185 VARIABLE mul252_45 LOOP VITIS_LOOP_180_16 BUNDLEDNAME {} DSP 3 BRAM 0 URAM 0 DISPNAME {bind_op fmul}} {BINDTYPE op ID {} IMPL maxdsp LATENCY 3 OPTYPE fmul PRAGMA {} RTLNAME fmul_32ns_32ns_32_4_max_dsp_1_U555 SOURCE attention_int8.cpp:185 VARIABLE mul251_46 LOOP VITIS_LOOP_180_16 BUNDLEDNAME {} DSP 3 BRAM 0 URAM 0 DISPNAME {bind_op fmul}} {BINDTYPE op ID {} IMPL maxdsp LATENCY 3 OPTYPE fmul PRAGMA {} RTLNAME fmul_32ns_32ns_32_4_max_dsp_1_U555 SOURCE attention_int8.cpp:185 VARIABLE mul252_46 LOOP VITIS_LOOP_180_16 BUNDLEDNAME {} DSP 3 BRAM 0 URAM 0 DISPNAME {bind_op fmul}} {BINDTYPE op ID {} IMPL maxdsp LATENCY 3 OPTYPE fmul PRAGMA {} RTLNAME fmul_32ns_32ns_32_4_max_dsp_1_U556 SOURCE attention_int8.cpp:185 VARIABLE mul251_47 LOOP VITIS_LOOP_180_16 BUNDLEDNAME {} DSP 3 BRAM 0 URAM 0 DISPNAME {bind_op fmul}} {BINDTYPE op ID {} IMPL maxdsp LATENCY 3 OPTYPE fmul PRAGMA {} RTLNAME fmul_32ns_32ns_32_4_max_dsp_1_U556 SOURCE attention_int8.cpp:185 VARIABLE mul252_47 LOOP VITIS_LOOP_180_16 BUNDLEDNAME {} DSP 3 BRAM 0 URAM 0 DISPNAME {bind_op fmul}} {BINDTYPE op ID {} IMPL maxdsp LATENCY 3 OPTYPE fmul PRAGMA {} RTLNAME fmul_32ns_32ns_32_4_max_dsp_1_U557 SOURCE attention_int8.cpp:185 VARIABLE mul251_48 LOOP VITIS_LOOP_180_16 BUNDLEDNAME {} DSP 3 BRAM 0 URAM 0 DISPNAME {bind_op fmul}} {BINDTYPE op ID {} IMPL maxdsp LATENCY 3 OPTYPE fmul PRAGMA {} RTLNAME fmul_32ns_32ns_32_4_max_dsp_1_U557 SOURCE attention_int8.cpp:185 VARIABLE mul252_48 LOOP VITIS_LOOP_180_16 BUNDLEDNAME {} DSP 3 BRAM 0 URAM 0 DISPNAME {bind_op fmul}} {BINDTYPE op ID {} IMPL maxdsp LATENCY 3 OPTYPE fmul PRAGMA {} RTLNAME fmul_32ns_32ns_32_4_max_dsp_1_U558 SOURCE attention_int8.cpp:185 VARIABLE mul251_49 LOOP VITIS_LOOP_180_16 BUNDLEDNAME {} DSP 3 BRAM 0 URAM 0 DISPNAME {bind_op fmul}} {BINDTYPE op ID {} IMPL maxdsp LATENCY 3 OPTYPE fmul PRAGMA {} RTLNAME fmul_32ns_32ns_32_4_max_dsp_1_U558 SOURCE attention_int8.cpp:185 VARIABLE mul252_49 LOOP VITIS_LOOP_180_16 BUNDLEDNAME {} DSP 3 BRAM 0 URAM 0 DISPNAME {bind_op fmul}} {BINDTYPE op ID {} IMPL maxdsp LATENCY 3 OPTYPE fmul PRAGMA {} RTLNAME fmul_32ns_32ns_32_4_max_dsp_1_U559 SOURCE attention_int8.cpp:185 VARIABLE mul251_50 LOOP VITIS_LOOP_180_16 BUNDLEDNAME {} DSP 3 BRAM 0 URAM 0 DISPNAME {bind_op fmul}} {BINDTYPE op ID {} IMPL maxdsp LATENCY 3 OPTYPE fmul PRAGMA {} RTLNAME fmul_32ns_32ns_32_4_max_dsp_1_U559 SOURCE attention_int8.cpp:185 VARIABLE mul252_50 LOOP VITIS_LOOP_180_16 BUNDLEDNAME {} DSP 3 BRAM 0 URAM 0 DISPNAME {bind_op fmul}} {BINDTYPE op ID {} IMPL maxdsp LATENCY 3 OPTYPE fmul PRAGMA {} RTLNAME fmul_32ns_32ns_32_4_max_dsp_1_U560 SOURCE attention_int8.cpp:185 VARIABLE mul251_51 LOOP VITIS_LOOP_180_16 BUNDLEDNAME {} DSP 3 BRAM 0 URAM 0 DISPNAME {bind_op fmul}} {BINDTYPE op ID {} IMPL maxdsp LATENCY 3 OPTYPE fmul PRAGMA {} RTLNAME fmul_32ns_32ns_32_4_max_dsp_1_U561 SOURCE attention_int8.cpp:185 VARIABLE mul251_52 LOOP VITIS_LOOP_180_16 BUNDLEDNAME {} DSP 3 BRAM 0 URAM 0 DISPNAME {bind_op fmul}} {BINDTYPE op ID {} IMPL maxdsp LATENCY 3 OPTYPE fmul PRAGMA {} RTLNAME fmul_32ns_32ns_32_4_max_dsp_1_U562 SOURCE attention_int8.cpp:185 VARIABLE mul251_53 LOOP VITIS_LOOP_180_16 BUNDLEDNAME {} DSP 3 BRAM 0 URAM 0 DISPNAME {bind_op fmul}} {BINDTYPE op ID {} IMPL maxdsp LATENCY 3 OPTYPE fmul PRAGMA {} RTLNAME fmul_32ns_32ns_32_4_max_dsp_1_U549 SOURCE attention_int8.cpp:185 VARIABLE mul252_53 LOOP VITIS_LOOP_180_16 BUNDLEDNAME {} DSP 3 BRAM 0 URAM 0 DISPNAME {bind_op fmul}} {BINDTYPE op ID {} IMPL maxdsp LATENCY 3 OPTYPE fmul PRAGMA {} RTLNAME fmul_32ns_32ns_32_4_max_dsp_1_U563 SOURCE attention_int8.cpp:185 VARIABLE mul251_54 LOOP VITIS_LOOP_180_16 BUNDLEDNAME {} DSP 3 BRAM 0 URAM 0 DISPNAME {bind_op fmul}} {BINDTYPE op ID {} IMPL maxdsp LATENCY 3 OPTYPE fmul PRAGMA {} RTLNAME fmul_32ns_32ns_32_4_max_dsp_1_U550 SOURCE attention_int8.cpp:185 VARIABLE mul252_54 LOOP VITIS_LOOP_180_16 BUNDLEDNAME {} DSP 3 BRAM 0 URAM 0 DISPNAME {bind_op fmul}} {BINDTYPE op ID {} IMPL maxdsp LATENCY 3 OPTYPE fmul PRAGMA {} RTLNAME fmul_32ns_32ns_32_4_max_dsp_1_U564 SOURCE attention_int8.cpp:185 VARIABLE mul251_55 LOOP VITIS_LOOP_180_16 BUNDLEDNAME {} DSP 3 BRAM 0 URAM 0 DISPNAME {bind_op fmul}} {BINDTYPE op ID {} IMPL maxdsp LATENCY 3 OPTYPE fmul PRAGMA {} RTLNAME fmul_32ns_32ns_32_4_max_dsp_1_U551 SOURCE attention_int8.cpp:185 VARIABLE mul252_55 LOOP VITIS_LOOP_180_16 BUNDLEDNAME {} DSP 3 BRAM 0 URAM 0 DISPNAME {bind_op fmul}} {BINDTYPE op ID {} IMPL maxdsp LATENCY 3 OPTYPE fmul PRAGMA {} RTLNAME fmul_32ns_32ns_32_4_max_dsp_1_U565 SOURCE attention_int8.cpp:185 VARIABLE mul251_56 LOOP VITIS_LOOP_180_16 BUNDLEDNAME {} DSP 3 BRAM 0 URAM 0 DISPNAME {bind_op fmul}} {BINDTYPE op ID {} IMPL maxdsp LATENCY 3 OPTYPE fmul PRAGMA {} RTLNAME fmul_32ns_32ns_32_4_max_dsp_1_U552 SOURCE attention_int8.cpp:185 VARIABLE mul252_56 LOOP VITIS_LOOP_180_16 BUNDLEDNAME {} DSP 3 BRAM 0 URAM 0 DISPNAME {bind_op fmul}} {BINDTYPE op ID {} IMPL maxdsp LATENCY 3 OPTYPE fmul PRAGMA {} RTLNAME fmul_32ns_32ns_32_4_max_dsp_1_U566 SOURCE attention_int8.cpp:185 VARIABLE mul251_57 LOOP VITIS_LOOP_180_16 BUNDLEDNAME {} DSP 3 BRAM 0 URAM 0 DISPNAME {bind_op fmul}} {BINDTYPE op ID {} IMPL maxdsp LATENCY 3 OPTYPE fmul PRAGMA {} RTLNAME fmul_32ns_32ns_32_4_max_dsp_1_U553 SOURCE attention_int8.cpp:185 VARIABLE mul252_57 LOOP VITIS_LOOP_180_16 BUNDLEDNAME {} DSP 3 BRAM 0 URAM 0 DISPNAME {bind_op fmul}} {BINDTYPE op ID {} IMPL maxdsp LATENCY 3 OPTYPE fmul PRAGMA {} RTLNAME fmul_32ns_32ns_32_4_max_dsp_1_U567 SOURCE attention_int8.cpp:185 VARIABLE mul251_58 LOOP VITIS_LOOP_180_16 BUNDLEDNAME {} DSP 3 BRAM 0 URAM 0 DISPNAME {bind_op fmul}} {BINDTYPE op ID {} IMPL maxdsp LATENCY 3 OPTYPE fmul PRAGMA {} RTLNAME fmul_32ns_32ns_32_4_max_dsp_1_U554 SOURCE attention_int8.cpp:185 VARIABLE mul252_58 LOOP VITIS_LOOP_180_16 BUNDLEDNAME {} DSP 3 BRAM 0 URAM 0 DISPNAME {bind_op fmul}} {BINDTYPE op ID {} IMPL maxdsp LATENCY 3 OPTYPE fmul PRAGMA {} RTLNAME fmul_32ns_32ns_32_4_max_dsp_1_U568 SOURCE attention_int8.cpp:185 VARIABLE mul251_59 LOOP VITIS_LOOP_180_16 BUNDLEDNAME {} DSP 3 BRAM 0 URAM 0 DISPNAME {bind_op fmul}} {BINDTYPE op ID {} IMPL maxdsp LATENCY 3 OPTYPE fmul PRAGMA {} RTLNAME fmul_32ns_32ns_32_4_max_dsp_1_U555 SOURCE attention_int8.cpp:185 VARIABLE mul252_59 LOOP VITIS_LOOP_180_16 BUNDLEDNAME {} DSP 3 BRAM 0 URAM 0 DISPNAME {bind_op fmul}} {BINDTYPE op ID {} IMPL maxdsp LATENCY 3 OPTYPE fmul PRAGMA {} RTLNAME fmul_32ns_32ns_32_4_max_dsp_1_U569 SOURCE attention_int8.cpp:185 VARIABLE mul251_60 LOOP VITIS_LOOP_180_16 BUNDLEDNAME {} DSP 3 BRAM 0 URAM 0 DISPNAME {bind_op fmul}} {BINDTYPE op ID {} IMPL maxdsp LATENCY 3 OPTYPE fmul PRAGMA {} RTLNAME fmul_32ns_32ns_32_4_max_dsp_1_U556 SOURCE attention_int8.cpp:185 VARIABLE mul252_60 LOOP VITIS_LOOP_180_16 BUNDLEDNAME {} DSP 3 BRAM 0 URAM 0 DISPNAME {bind_op fmul}} {BINDTYPE op ID {} IMPL maxdsp LATENCY 3 OPTYPE fmul PRAGMA {} RTLNAME fmul_32ns_32ns_32_4_max_dsp_1_U570 SOURCE attention_int8.cpp:185 VARIABLE mul251_61 LOOP VITIS_LOOP_180_16 BUNDLEDNAME {} DSP 3 BRAM 0 URAM 0 DISPNAME {bind_op fmul}} {BINDTYPE op ID {} IMPL maxdsp LATENCY 3 OPTYPE fmul PRAGMA {} RTLNAME fmul_32ns_32ns_32_4_max_dsp_1_U557 SOURCE attention_int8.cpp:185 VARIABLE mul252_61 LOOP VITIS_LOOP_180_16 BUNDLEDNAME {} DSP 3 BRAM 0 URAM 0 DISPNAME {bind_op fmul}} {BINDTYPE op ID {} IMPL maxdsp LATENCY 3 OPTYPE fmul PRAGMA {} RTLNAME fmul_32ns_32ns_32_4_max_dsp_1_U571 SOURCE attention_int8.cpp:185 VARIABLE mul251_62 LOOP VITIS_LOOP_180_16 BUNDLEDNAME {} DSP 3 BRAM 0 URAM 0 DISPNAME {bind_op fmul}} {BINDTYPE op ID {} IMPL maxdsp LATENCY 3 OPTYPE fmul PRAGMA {} RTLNAME fmul_32ns_32ns_32_4_max_dsp_1_U558 SOURCE attention_int8.cpp:185 VARIABLE mul252_62 LOOP VITIS_LOOP_180_16 BUNDLEDNAME {} DSP 3 BRAM 0 URAM 0 DISPNAME {bind_op fmul}} {BINDTYPE op ID {} IMPL maxdsp LATENCY 3 OPTYPE fmul PRAGMA {} RTLNAME fmul_32ns_32ns_32_4_max_dsp_1_U572 SOURCE attention_int8.cpp:185 VARIABLE mul251_63 LOOP VITIS_LOOP_180_16 BUNDLEDNAME {} DSP 3 BRAM 0 URAM 0 DISPNAME {bind_op fmul}} {BINDTYPE op ID {} IMPL maxdsp LATENCY 3 OPTYPE fmul PRAGMA {} RTLNAME fmul_32ns_32ns_32_4_max_dsp_1_U559 SOURCE attention_int8.cpp:185 VARIABLE mul252_63 LOOP VITIS_LOOP_180_16 BUNDLEDNAME {} DSP 3 BRAM 0 URAM 0 DISPNAME {bind_op fmul}} {BINDTYPE op ID {} IMPL maxdsp LATENCY 3 OPTYPE fmul PRAGMA {} RTLNAME fmul_32ns_32ns_32_4_max_dsp_1_U560 SOURCE attention_int8.cpp:185 VARIABLE mul251_64 LOOP VITIS_LOOP_180_16 BUNDLEDNAME {} DSP 3 BRAM 0 URAM 0 DISPNAME {bind_op fmul}} {BINDTYPE op ID {} IMPL maxdsp LATENCY 3 OPTYPE fmul PRAGMA {} RTLNAME fmul_32ns_32ns_32_4_max_dsp_1_U561 SOURCE attention_int8.cpp:185 VARIABLE mul251_65 LOOP VITIS_LOOP_180_16 BUNDLEDNAME {} DSP 3 BRAM 0 URAM 0 DISPNAME {bind_op fmul}} {BINDTYPE op ID {} IMPL maxdsp LATENCY 3 OPTYPE fmul PRAGMA {} RTLNAME fmul_32ns_32ns_32_4_max_dsp_1_U562 SOURCE attention_int8.cpp:185 VARIABLE mul251_66 LOOP VITIS_LOOP_180_16 BUNDLEDNAME {} DSP 3 BRAM 0 URAM 0 DISPNAME {bind_op fmul}} {BINDTYPE op ID {} IMPL maxdsp LATENCY 3 OPTYPE fmul PRAGMA {} RTLNAME fmul_32ns_32ns_32_4_max_dsp_1_U549 SOURCE attention_int8.cpp:185 VARIABLE mul252_66 LOOP VITIS_LOOP_180_16 BUNDLEDNAME {} DSP 3 BRAM 0 URAM 0 DISPNAME {bind_op fmul}} {BINDTYPE op ID {} IMPL maxdsp LATENCY 3 OPTYPE fmul PRAGMA {} RTLNAME fmul_32ns_32ns_32_4_max_dsp_1_U563 SOURCE attention_int8.cpp:185 VARIABLE mul251_67 LOOP VITIS_LOOP_180_16 BUNDLEDNAME {} DSP 3 BRAM 0 URAM 0 DISPNAME {bind_op fmul}} {BINDTYPE op ID {} IMPL maxdsp LATENCY 3 OPTYPE fmul PRAGMA {} RTLNAME fmul_32ns_32ns_32_4_max_dsp_1_U550 SOURCE attention_int8.cpp:185 VARIABLE mul252_67 LOOP VITIS_LOOP_180_16 BUNDLEDNAME {} DSP 3 BRAM 0 URAM 0 DISPNAME {bind_op fmul}} {BINDTYPE op ID {} IMPL maxdsp LATENCY 3 OPTYPE fmul PRAGMA {} RTLNAME fmul_32ns_32ns_32_4_max_dsp_1_U564 SOURCE attention_int8.cpp:185 VARIABLE mul251_68 LOOP VITIS_LOOP_180_16 BUNDLEDNAME {} DSP 3 BRAM 0 URAM 0 DISPNAME {bind_op fmul}} {BINDTYPE op ID {} IMPL maxdsp LATENCY 3 OPTYPE fmul PRAGMA {} RTLNAME fmul_32ns_32ns_32_4_max_dsp_1_U551 SOURCE attention_int8.cpp:185 VARIABLE mul252_68 LOOP VITIS_LOOP_180_16 BUNDLEDNAME {} DSP 3 BRAM 0 URAM 0 DISPNAME {bind_op fmul}} {BINDTYPE op ID {} IMPL maxdsp LATENCY 3 OPTYPE fmul PRAGMA {} RTLNAME fmul_32ns_32ns_32_4_max_dsp_1_U565 SOURCE attention_int8.cpp:185 VARIABLE mul251_69 LOOP VITIS_LOOP_180_16 BUNDLEDNAME {} DSP 3 BRAM 0 URAM 0 DISPNAME {bind_op fmul}} {BINDTYPE op ID {} IMPL maxdsp LATENCY 3 OPTYPE fmul PRAGMA {} RTLNAME fmul_32ns_32ns_32_4_max_dsp_1_U552 SOURCE attention_int8.cpp:185 VARIABLE mul252_69 LOOP VITIS_LOOP_180_16 BUNDLEDNAME {} DSP 3 BRAM 0 URAM 0 DISPNAME {bind_op fmul}} {BINDTYPE op ID {} IMPL maxdsp LATENCY 3 OPTYPE fmul PRAGMA {} RTLNAME fmul_32ns_32ns_32_4_max_dsp_1_U566 SOURCE attention_int8.cpp:185 VARIABLE mul251_70 LOOP VITIS_LOOP_180_16 BUNDLEDNAME {} DSP 3 BRAM 0 URAM 0 DISPNAME {bind_op fmul}} {BINDTYPE op ID {} IMPL maxdsp LATENCY 3 OPTYPE fmul PRAGMA {} RTLNAME fmul_32ns_32ns_32_4_max_dsp_1_U553 SOURCE attention_int8.cpp:185 VARIABLE mul252_70 LOOP VITIS_LOOP_180_16 BUNDLEDNAME {} DSP 3 BRAM 0 URAM 0 DISPNAME {bind_op fmul}} {BINDTYPE op ID {} IMPL maxdsp LATENCY 3 OPTYPE fmul PRAGMA {} RTLNAME fmul_32ns_32ns_32_4_max_dsp_1_U567 SOURCE attention_int8.cpp:185 VARIABLE mul251_71 LOOP VITIS_LOOP_180_16 BUNDLEDNAME {} DSP 3 BRAM 0 URAM 0 DISPNAME {bind_op fmul}} {BINDTYPE op ID {} IMPL maxdsp LATENCY 3 OPTYPE fmul PRAGMA {} RTLNAME fmul_32ns_32ns_32_4_max_dsp_1_U554 SOURCE attention_int8.cpp:185 VARIABLE mul252_71 LOOP VITIS_LOOP_180_16 BUNDLEDNAME {} DSP 3 BRAM 0 URAM 0 DISPNAME {bind_op fmul}} {BINDTYPE op ID {} IMPL maxdsp LATENCY 3 OPTYPE fmul PRAGMA {} RTLNAME fmul_32ns_32ns_32_4_max_dsp_1_U568 SOURCE attention_int8.cpp:185 VARIABLE mul251_72 LOOP VITIS_LOOP_180_16 BUNDLEDNAME {} DSP 3 BRAM 0 URAM 0 DISPNAME {bind_op fmul}} {BINDTYPE op ID {} IMPL maxdsp LATENCY 3 OPTYPE fmul PRAGMA {} RTLNAME fmul_32ns_32ns_32_4_max_dsp_1_U555 SOURCE attention_int8.cpp:185 VARIABLE mul252_72 LOOP VITIS_LOOP_180_16 BUNDLEDNAME {} DSP 3 BRAM 0 URAM 0 DISPNAME {bind_op fmul}} {BINDTYPE op ID {} IMPL maxdsp LATENCY 3 OPTYPE fmul PRAGMA {} RTLNAME fmul_32ns_32ns_32_4_max_dsp_1_U569 SOURCE attention_int8.cpp:185 VARIABLE mul251_73 LOOP VITIS_LOOP_180_16 BUNDLEDNAME {} DSP 3 BRAM 0 URAM 0 DISPNAME {bind_op fmul}} {BINDTYPE op ID {} IMPL maxdsp LATENCY 3 OPTYPE fmul PRAGMA {} RTLNAME fmul_32ns_32ns_32_4_max_dsp_1_U556 SOURCE attention_int8.cpp:185 VARIABLE mul252_73 LOOP VITIS_LOOP_180_16 BUNDLEDNAME {} DSP 3 BRAM 0 URAM 0 DISPNAME {bind_op fmul}} {BINDTYPE op ID {} IMPL maxdsp LATENCY 3 OPTYPE fmul PRAGMA {} RTLNAME fmul_32ns_32ns_32_4_max_dsp_1_U570 SOURCE attention_int8.cpp:185 VARIABLE mul251_74 LOOP VITIS_LOOP_180_16 BUNDLEDNAME {} DSP 3 BRAM 0 URAM 0 DISPNAME {bind_op fmul}} {BINDTYPE op ID {} IMPL maxdsp LATENCY 3 OPTYPE fmul PRAGMA {} RTLNAME fmul_32ns_32ns_32_4_max_dsp_1_U557 SOURCE attention_int8.cpp:185 VARIABLE mul252_74 LOOP VITIS_LOOP_180_16 BUNDLEDNAME {} DSP 3 BRAM 0 URAM 0 DISPNAME {bind_op fmul}} {BINDTYPE op ID {} IMPL maxdsp LATENCY 3 OPTYPE fmul PRAGMA {} RTLNAME fmul_32ns_32ns_32_4_max_dsp_1_U571 SOURCE attention_int8.cpp:185 VARIABLE mul251_75 LOOP VITIS_LOOP_180_16 BUNDLEDNAME {} DSP 3 BRAM 0 URAM 0 DISPNAME {bind_op fmul}} {BINDTYPE op ID {} IMPL maxdsp LATENCY 3 OPTYPE fmul PRAGMA {} RTLNAME fmul_32ns_32ns_32_4_max_dsp_1_U558 SOURCE attention_int8.cpp:185 VARIABLE mul252_75 LOOP VITIS_LOOP_180_16 BUNDLEDNAME {} DSP 3 BRAM 0 URAM 0 DISPNAME {bind_op fmul}} {BINDTYPE op ID {} IMPL maxdsp LATENCY 3 OPTYPE fmul PRAGMA {} RTLNAME fmul_32ns_32ns_32_4_max_dsp_1_U572 SOURCE attention_int8.cpp:185 VARIABLE mul251_76 LOOP VITIS_LOOP_180_16 BUNDLEDNAME {} DSP 3 BRAM 0 URAM 0 DISPNAME {bind_op fmul}} {BINDTYPE op ID {} IMPL maxdsp LATENCY 3 OPTYPE fmul PRAGMA {} RTLNAME fmul_32ns_32ns_32_4_max_dsp_1_U559 SOURCE attention_int8.cpp:185 VARIABLE mul252_76 LOOP VITIS_LOOP_180_16 BUNDLEDNAME {} DSP 3 BRAM 0 URAM 0 DISPNAME {bind_op fmul}} {BINDTYPE op ID {} IMPL maxdsp LATENCY 3 OPTYPE fmul PRAGMA {} RTLNAME fmul_32ns_32ns_32_4_max_dsp_1_U560 SOURCE attention_int8.cpp:185 VARIABLE mul251_77 LOOP VITIS_LOOP_180_16 BUNDLEDNAME {} DSP 3 BRAM 0 URAM 0 DISPNAME {bind_op fmul}} {BINDTYPE op ID {} IMPL maxdsp LATENCY 3 OPTYPE fmul PRAGMA {} RTLNAME fmul_32ns_32ns_32_4_max_dsp_1_U560 SOURCE attention_int8.cpp:185 VARIABLE mul252_77 LOOP VITIS_LOOP_180_16 BUNDLEDNAME {} DSP 3 BRAM 0 URAM 0 DISPNAME {bind_op fmul}} {BINDTYPE op ID {} IMPL maxdsp LATENCY 3 OPTYPE fmul PRAGMA {} RTLNAME fmul_32ns_32ns_32_4_max_dsp_1_U561 SOURCE attention_int8.cpp:185 VARIABLE mul251_78 LOOP VITIS_LOOP_180_16 BUNDLEDNAME {} DSP 3 BRAM 0 URAM 0 DISPNAME {bind_op fmul}} {BINDTYPE op ID {} IMPL maxdsp LATENCY 3 OPTYPE fmul PRAGMA {} RTLNAME fmul_32ns_32ns_32_4_max_dsp_1_U561 SOURCE attention_int8.cpp:185 VARIABLE mul252_78 LOOP VITIS_LOOP_180_16 BUNDLEDNAME {} DSP 3 BRAM 0 URAM 0 DISPNAME {bind_op fmul}} {BINDTYPE op ID {} IMPL maxdsp LATENCY 3 OPTYPE fmul PRAGMA {} RTLNAME fmul_32ns_32ns_32_4_max_dsp_1_U562 SOURCE attention_int8.cpp:185 VARIABLE mul251_79 LOOP VITIS_LOOP_180_16 BUNDLEDNAME {} DSP 3 BRAM 0 URAM 0 DISPNAME {bind_op fmul}} {BINDTYPE op ID {} IMPL maxdsp LATENCY 3 OPTYPE fmul PRAGMA {} RTLNAME fmul_32ns_32ns_32_4_max_dsp_1_U562 SOURCE attention_int8.cpp:185 VARIABLE mul252_79 LOOP VITIS_LOOP_180_16 BUNDLEDNAME {} DSP 3 BRAM 0 URAM 0 DISPNAME {bind_op fmul}} {BINDTYPE op ID {} IMPL maxdsp LATENCY 3 OPTYPE fmul PRAGMA {} RTLNAME fmul_32ns_32ns_32_4_max_dsp_1_U563 SOURCE attention_int8.cpp:185 VARIABLE mul251_80 LOOP VITIS_LOOP_180_16 BUNDLEDNAME {} DSP 3 BRAM 0 URAM 0 DISPNAME {bind_op fmul}} {BINDTYPE op ID {} IMPL maxdsp LATENCY 3 OPTYPE fmul PRAGMA {} RTLNAME fmul_32ns_32ns_32_4_max_dsp_1_U563 SOURCE attention_int8.cpp:185 VARIABLE mul252_80 LOOP VITIS_LOOP_180_16 BUNDLEDNAME {} DSP 3 BRAM 0 URAM 0 DISPNAME {bind_op fmul}} {BINDTYPE op ID {} IMPL maxdsp LATENCY 3 OPTYPE fmul PRAGMA {} RTLNAME fmul_32ns_32ns_32_4_max_dsp_1_U564 SOURCE attention_int8.cpp:185 VARIABLE mul251_81 LOOP VITIS_LOOP_180_16 BUNDLEDNAME {} DSP 3 BRAM 0 URAM 0 DISPNAME {bind_op fmul}} {BINDTYPE op ID {} IMPL maxdsp LATENCY 3 OPTYPE fmul PRAGMA {} RTLNAME fmul_32ns_32ns_32_4_max_dsp_1_U564 SOURCE attention_int8.cpp:185 VARIABLE mul252_81 LOOP VITIS_LOOP_180_16 BUNDLEDNAME {} DSP 3 BRAM 0 URAM 0 DISPNAME {bind_op fmul}} {BINDTYPE op ID {} IMPL maxdsp LATENCY 3 OPTYPE fmul PRAGMA {} RTLNAME fmul_32ns_32ns_32_4_max_dsp_1_U565 SOURCE attention_int8.cpp:185 VARIABLE mul251_82 LOOP VITIS_LOOP_180_16 BUNDLEDNAME {} DSP 3 BRAM 0 URAM 0 DISPNAME {bind_op fmul}} {BINDTYPE op ID {} IMPL maxdsp LATENCY 3 OPTYPE fmul PRAGMA {} RTLNAME fmul_32ns_32ns_32_4_max_dsp_1_U565 SOURCE attention_int8.cpp:185 VARIABLE mul252_82 LOOP VITIS_LOOP_180_16 BUNDLEDNAME {} DSP 3 BRAM 0 URAM 0 DISPNAME {bind_op fmul}} {BINDTYPE op ID {} IMPL maxdsp LATENCY 3 OPTYPE fmul PRAGMA {} RTLNAME fmul_32ns_32ns_32_4_max_dsp_1_U566 SOURCE attention_int8.cpp:185 VARIABLE mul251_83 LOOP VITIS_LOOP_180_16 BUNDLEDNAME {} DSP 3 BRAM 0 URAM 0 DISPNAME {bind_op fmul}} {BINDTYPE op ID {} IMPL maxdsp LATENCY 3 OPTYPE fmul PRAGMA {} RTLNAME fmul_32ns_32ns_32_4_max_dsp_1_U566 SOURCE attention_int8.cpp:185 VARIABLE mul252_83 LOOP VITIS_LOOP_180_16 BUNDLEDNAME {} DSP 3 BRAM 0 URAM 0 DISPNAME {bind_op fmul}} {BINDTYPE op ID {} IMPL maxdsp LATENCY 3 OPTYPE fmul PRAGMA {} RTLNAME fmul_32ns_32ns_32_4_max_dsp_1_U567 SOURCE attention_int8.cpp:185 VARIABLE mul251_84 LOOP VITIS_LOOP_180_16 BUNDLEDNAME {} DSP 3 BRAM 0 URAM 0 DISPNAME {bind_op fmul}} {BINDTYPE op ID {} IMPL maxdsp LATENCY 3 OPTYPE fmul PRAGMA {} RTLNAME fmul_32ns_32ns_32_4_max_dsp_1_U567 SOURCE attention_int8.cpp:185 VARIABLE mul252_84 LOOP VITIS_LOOP_180_16 BUNDLEDNAME {} DSP 3 BRAM 0 URAM 0 DISPNAME {bind_op fmul}} {BINDTYPE op ID {} IMPL maxdsp LATENCY 3 OPTYPE fmul PRAGMA {} RTLNAME fmul_32ns_32ns_32_4_max_dsp_1_U568 SOURCE attention_int8.cpp:185 VARIABLE mul251_85 LOOP VITIS_LOOP_180_16 BUNDLEDNAME {} DSP 3 BRAM 0 URAM 0 DISPNAME {bind_op fmul}} {BINDTYPE op ID {} IMPL maxdsp LATENCY 3 OPTYPE fmul PRAGMA {} RTLNAME fmul_32ns_32ns_32_4_max_dsp_1_U568 SOURCE attention_int8.cpp:185 VARIABLE mul252_85 LOOP VITIS_LOOP_180_16 BUNDLEDNAME {} DSP 3 BRAM 0 URAM 0 DISPNAME {bind_op fmul}} {BINDTYPE op ID {} IMPL maxdsp LATENCY 3 OPTYPE fmul PRAGMA {} RTLNAME fmul_32ns_32ns_32_4_max_dsp_1_U569 SOURCE attention_int8.cpp:185 VARIABLE mul251_86 LOOP VITIS_LOOP_180_16 BUNDLEDNAME {} DSP 3 BRAM 0 URAM 0 DISPNAME {bind_op fmul}} {BINDTYPE op ID {} IMPL maxdsp LATENCY 3 OPTYPE fmul PRAGMA {} RTLNAME fmul_32ns_32ns_32_4_max_dsp_1_U569 SOURCE attention_int8.cpp:185 VARIABLE mul252_86 LOOP VITIS_LOOP_180_16 BUNDLEDNAME {} DSP 3 BRAM 0 URAM 0 DISPNAME {bind_op fmul}} {BINDTYPE op ID {} IMPL maxdsp LATENCY 3 OPTYPE fmul PRAGMA {} RTLNAME fmul_32ns_32ns_32_4_max_dsp_1_U570 SOURCE attention_int8.cpp:185 VARIABLE mul251_87 LOOP VITIS_LOOP_180_16 BUNDLEDNAME {} DSP 3 BRAM 0 URAM 0 DISPNAME {bind_op fmul}} {BINDTYPE op ID {} IMPL maxdsp LATENCY 3 OPTYPE fmul PRAGMA {} RTLNAME fmul_32ns_32ns_32_4_max_dsp_1_U570 SOURCE attention_int8.cpp:185 VARIABLE mul252_87 LOOP VITIS_LOOP_180_16 BUNDLEDNAME {} DSP 3 BRAM 0 URAM 0 DISPNAME {bind_op fmul}} {BINDTYPE op ID {} IMPL maxdsp LATENCY 3 OPTYPE fmul PRAGMA {} RTLNAME fmul_32ns_32ns_32_4_max_dsp_1_U571 SOURCE attention_int8.cpp:185 VARIABLE mul251_88 LOOP VITIS_LOOP_180_16 BUNDLEDNAME {} DSP 3 BRAM 0 URAM 0 DISPNAME {bind_op fmul}} {BINDTYPE op ID {} IMPL maxdsp LATENCY 3 OPTYPE fmul PRAGMA {} RTLNAME fmul_32ns_32ns_32_4_max_dsp_1_U571 SOURCE attention_int8.cpp:185 VARIABLE mul252_88 LOOP VITIS_LOOP_180_16 BUNDLEDNAME {} DSP 3 BRAM 0 URAM 0 DISPNAME {bind_op fmul}} {BINDTYPE op ID {} IMPL maxdsp LATENCY 3 OPTYPE fmul PRAGMA {} RTLNAME fmul_32ns_32ns_32_4_max_dsp_1_U572 SOURCE attention_int8.cpp:185 VARIABLE mul251_89 LOOP VITIS_LOOP_180_16 BUNDLEDNAME {} DSP 3 BRAM 0 URAM 0 DISPNAME {bind_op fmul}} {BINDTYPE op ID {} IMPL maxdsp LATENCY 3 OPTYPE fmul PRAGMA {} RTLNAME fmul_32ns_32ns_32_4_max_dsp_1_U572 SOURCE attention_int8.cpp:185 VARIABLE mul252_89 LOOP VITIS_LOOP_180_16 BUNDLEDNAME {} DSP 3 BRAM 0 URAM 0 DISPNAME {bind_op fmul}} {BINDTYPE op ID {} IMPL maxdsp LATENCY 3 OPTYPE fmul PRAGMA {} RTLNAME fmul_32ns_32ns_32_4_max_dsp_1_U560 SOURCE attention_int8.cpp:185 VARIABLE mul251_90 LOOP VITIS_LOOP_180_16 BUNDLEDNAME {} DSP 3 BRAM 0 URAM 0 DISPNAME {bind_op fmul}} {BINDTYPE op ID {} IMPL maxdsp LATENCY 3 OPTYPE fmul PRAGMA {} RTLNAME fmul_32ns_32ns_32_4_max_dsp_1_U560 SOURCE attention_int8.cpp:185 VARIABLE mul252_90 LOOP VITIS_LOOP_180_16 BUNDLEDNAME {} DSP 3 BRAM 0 URAM 0 DISPNAME {bind_op fmul}} {BINDTYPE op ID {} IMPL maxdsp LATENCY 3 OPTYPE fmul PRAGMA {} RTLNAME fmul_32ns_32ns_32_4_max_dsp_1_U561 SOURCE attention_int8.cpp:185 VARIABLE mul251_91 LOOP VITIS_LOOP_180_16 BUNDLEDNAME {} DSP 3 BRAM 0 URAM 0 DISPNAME {bind_op fmul}} {BINDTYPE op ID {} IMPL maxdsp LATENCY 3 OPTYPE fmul PRAGMA {} RTLNAME fmul_32ns_32ns_32_4_max_dsp_1_U561 SOURCE attention_int8.cpp:185 VARIABLE mul252_91 LOOP VITIS_LOOP_180_16 BUNDLEDNAME {} DSP 3 BRAM 0 URAM 0 DISPNAME {bind_op fmul}} {BINDTYPE op ID {} IMPL maxdsp LATENCY 3 OPTYPE fmul PRAGMA {} RTLNAME fmul_32ns_32ns_32_4_max_dsp_1_U562 SOURCE attention_int8.cpp:185 VARIABLE mul251_92 LOOP VITIS_LOOP_180_16 BUNDLEDNAME {} DSP 3 BRAM 0 URAM 0 DISPNAME {bind_op fmul}} {BINDTYPE op ID {} IMPL maxdsp LATENCY 3 OPTYPE fmul PRAGMA {} RTLNAME fmul_32ns_32ns_32_4_max_dsp_1_U562 SOURCE attention_int8.cpp:185 VARIABLE mul252_92 LOOP VITIS_LOOP_180_16 BUNDLEDNAME {} DSP 3 BRAM 0 URAM 0 DISPNAME {bind_op fmul}} {BINDTYPE op ID {} IMPL maxdsp LATENCY 3 OPTYPE fmul PRAGMA {} RTLNAME fmul_32ns_32ns_32_4_max_dsp_1_U563 SOURCE attention_int8.cpp:185 VARIABLE mul251_93 LOOP VITIS_LOOP_180_16 BUNDLEDNAME {} DSP 3 BRAM 0 URAM 0 DISPNAME {bind_op fmul}} {BINDTYPE op ID {} IMPL maxdsp LATENCY 3 OPTYPE fmul PRAGMA {} RTLNAME fmul_32ns_32ns_32_4_max_dsp_1_U563 SOURCE attention_int8.cpp:185 VARIABLE mul252_93 LOOP VITIS_LOOP_180_16 BUNDLEDNAME {} DSP 3 BRAM 0 URAM 0 DISPNAME {bind_op fmul}} {BINDTYPE op ID {} IMPL maxdsp LATENCY 3 OPTYPE fmul PRAGMA {} RTLNAME fmul_32ns_32ns_32_4_max_dsp_1_U564 SOURCE attention_int8.cpp:185 VARIABLE mul251_94 LOOP VITIS_LOOP_180_16 BUNDLEDNAME {} DSP 3 BRAM 0 URAM 0 DISPNAME {bind_op fmul}} {BINDTYPE op ID {} IMPL maxdsp LATENCY 3 OPTYPE fmul PRAGMA {} RTLNAME fmul_32ns_32ns_32_4_max_dsp_1_U564 SOURCE attention_int8.cpp:185 VARIABLE mul252_94 LOOP VITIS_LOOP_180_16 BUNDLEDNAME {} DSP 3 BRAM 0 URAM 0 DISPNAME {bind_op fmul}} {BINDTYPE op ID {} IMPL maxdsp LATENCY 3 OPTYPE fmul PRAGMA {} RTLNAME fmul_32ns_32ns_32_4_max_dsp_1_U565 SOURCE attention_int8.cpp:185 VARIABLE mul251_95 LOOP VITIS_LOOP_180_16 BUNDLEDNAME {} DSP 3 BRAM 0 URAM 0 DISPNAME {bind_op fmul}} {BINDTYPE op ID {} IMPL maxdsp LATENCY 3 OPTYPE fmul PRAGMA {} RTLNAME fmul_32ns_32ns_32_4_max_dsp_1_U565 SOURCE attention_int8.cpp:185 VARIABLE mul252_95 LOOP VITIS_LOOP_180_16 BUNDLEDNAME {} DSP 3 BRAM 0 URAM 0 DISPNAME {bind_op fmul}} {BINDTYPE op ID {} IMPL maxdsp LATENCY 3 OPTYPE fmul PRAGMA {} RTLNAME fmul_32ns_32ns_32_4_max_dsp_1_U566 SOURCE attention_int8.cpp:185 VARIABLE mul251_96 LOOP VITIS_LOOP_180_16 BUNDLEDNAME {} DSP 3 BRAM 0 URAM 0 DISPNAME {bind_op fmul}} {BINDTYPE op ID {} IMPL maxdsp LATENCY 3 OPTYPE fmul PRAGMA {} RTLNAME fmul_32ns_32ns_32_4_max_dsp_1_U566 SOURCE attention_int8.cpp:185 VARIABLE mul252_96 LOOP VITIS_LOOP_180_16 BUNDLEDNAME {} DSP 3 BRAM 0 URAM 0 DISPNAME {bind_op fmul}} {BINDTYPE op ID {} IMPL maxdsp LATENCY 3 OPTYPE fmul PRAGMA {} RTLNAME fmul_32ns_32ns_32_4_max_dsp_1_U567 SOURCE attention_int8.cpp:185 VARIABLE mul251_97 LOOP VITIS_LOOP_180_16 BUNDLEDNAME {} DSP 3 BRAM 0 URAM 0 DISPNAME {bind_op fmul}} {BINDTYPE op ID {} IMPL maxdsp LATENCY 3 OPTYPE fmul PRAGMA {} RTLNAME fmul_32ns_32ns_32_4_max_dsp_1_U567 SOURCE attention_int8.cpp:185 VARIABLE mul252_97 LOOP VITIS_LOOP_180_16 BUNDLEDNAME {} DSP 3 BRAM 0 URAM 0 DISPNAME {bind_op fmul}} {BINDTYPE op ID {} IMPL maxdsp LATENCY 3 OPTYPE fmul PRAGMA {} RTLNAME fmul_32ns_32ns_32_4_max_dsp_1_U568 SOURCE attention_int8.cpp:185 VARIABLE mul251_98 LOOP VITIS_LOOP_180_16 BUNDLEDNAME {} DSP 3 BRAM 0 URAM 0 DISPNAME {bind_op fmul}} {BINDTYPE op ID {} IMPL maxdsp LATENCY 3 OPTYPE fmul PRAGMA {} RTLNAME fmul_32ns_32ns_32_4_max_dsp_1_U568 SOURCE attention_int8.cpp:185 VARIABLE mul252_98 LOOP VITIS_LOOP_180_16 BUNDLEDNAME {} DSP 3 BRAM 0 URAM 0 DISPNAME {bind_op fmul}} {BINDTYPE op ID {} IMPL maxdsp LATENCY 3 OPTYPE fmul PRAGMA {} RTLNAME fmul_32ns_32ns_32_4_max_dsp_1_U569 SOURCE attention_int8.cpp:185 VARIABLE mul251_99 LOOP VITIS_LOOP_180_16 BUNDLEDNAME {} DSP 3 BRAM 0 URAM 0 DISPNAME {bind_op fmul}} {BINDTYPE op ID {} IMPL maxdsp LATENCY 3 OPTYPE fmul PRAGMA {} RTLNAME fmul_32ns_32ns_32_4_max_dsp_1_U569 SOURCE attention_int8.cpp:185 VARIABLE mul252_99 LOOP VITIS_LOOP_180_16 BUNDLEDNAME {} DSP 3 BRAM 0 URAM 0 DISPNAME {bind_op fmul}} {BINDTYPE op ID {} IMPL maxdsp LATENCY 3 OPTYPE fmul PRAGMA {} RTLNAME fmul_32ns_32ns_32_4_max_dsp_1_U570 SOURCE attention_int8.cpp:185 VARIABLE mul251_100 LOOP VITIS_LOOP_180_16 BUNDLEDNAME {} DSP 3 BRAM 0 URAM 0 DISPNAME {bind_op fmul}} {BINDTYPE op ID {} IMPL maxdsp LATENCY 3 OPTYPE fmul PRAGMA {} RTLNAME fmul_32ns_32ns_32_4_max_dsp_1_U570 SOURCE attention_int8.cpp:185 VARIABLE mul252_100 LOOP VITIS_LOOP_180_16 BUNDLEDNAME {} DSP 3 BRAM 0 URAM 0 DISPNAME {bind_op fmul}} {BINDTYPE op ID {} IMPL maxdsp LATENCY 3 OPTYPE fmul PRAGMA {} RTLNAME fmul_32ns_32ns_32_4_max_dsp_1_U571 SOURCE attention_int8.cpp:185 VARIABLE mul251_101 LOOP VITIS_LOOP_180_16 BUNDLEDNAME {} DSP 3 BRAM 0 URAM 0 DISPNAME {bind_op fmul}} {BINDTYPE op ID {} IMPL maxdsp LATENCY 3 OPTYPE fmul PRAGMA {} RTLNAME fmul_32ns_32ns_32_4_max_dsp_1_U571 SOURCE attention_int8.cpp:185 VARIABLE mul252_101 LOOP VITIS_LOOP_180_16 BUNDLEDNAME {} DSP 3 BRAM 0 URAM 0 DISPNAME {bind_op fmul}} {BINDTYPE op ID {} IMPL maxdsp LATENCY 3 OPTYPE fmul PRAGMA {} RTLNAME fmul_32ns_32ns_32_4_max_dsp_1_U572 SOURCE attention_int8.cpp:185 VARIABLE mul251_102 LOOP VITIS_LOOP_180_16 BUNDLEDNAME {} DSP 3 BRAM 0 URAM 0 DISPNAME {bind_op fmul}} {BINDTYPE op ID {} IMPL maxdsp LATENCY 3 OPTYPE fmul PRAGMA {} RTLNAME fmul_32ns_32ns_32_4_max_dsp_1_U572 SOURCE attention_int8.cpp:185 VARIABLE mul252_102 LOOP VITIS_LOOP_180_16 BUNDLEDNAME {} DSP 3 BRAM 0 URAM 0 DISPNAME {bind_op fmul}} {BINDTYPE op ID {} IMPL maxdsp LATENCY 3 OPTYPE fmul PRAGMA {} RTLNAME fmul_32ns_32ns_32_4_max_dsp_1_U560 SOURCE attention_int8.cpp:185 VARIABLE mul251_103 LOOP VITIS_LOOP_180_16 BUNDLEDNAME {} DSP 3 BRAM 0 URAM 0 DISPNAME {bind_op fmul}} {BINDTYPE op ID {} IMPL maxdsp LATENCY 3 OPTYPE fmul PRAGMA {} RTLNAME fmul_32ns_32ns_32_4_max_dsp_1_U560 SOURCE attention_int8.cpp:185 VARIABLE mul252_103 LOOP VITIS_LOOP_180_16 BUNDLEDNAME {} DSP 3 BRAM 0 URAM 0 DISPNAME {bind_op fmul}} {BINDTYPE op ID {} IMPL maxdsp LATENCY 3 OPTYPE fmul PRAGMA {} RTLNAME fmul_32ns_32ns_32_4_max_dsp_1_U561 SOURCE attention_int8.cpp:185 VARIABLE mul251_104 LOOP VITIS_LOOP_180_16 BUNDLEDNAME {} DSP 3 BRAM 0 URAM 0 DISPNAME {bind_op fmul}} {BINDTYPE op ID {} IMPL maxdsp LATENCY 3 OPTYPE fmul PRAGMA {} RTLNAME fmul_32ns_32ns_32_4_max_dsp_1_U561 SOURCE attention_int8.cpp:185 VARIABLE mul252_104 LOOP VITIS_LOOP_180_16 BUNDLEDNAME {} DSP 3 BRAM 0 URAM 0 DISPNAME {bind_op fmul}} {BINDTYPE op ID {} IMPL maxdsp LATENCY 3 OPTYPE fmul PRAGMA {} RTLNAME fmul_32ns_32ns_32_4_max_dsp_1_U562 SOURCE attention_int8.cpp:185 VARIABLE mul251_105 LOOP VITIS_LOOP_180_16 BUNDLEDNAME {} DSP 3 BRAM 0 URAM 0 DISPNAME {bind_op fmul}} {BINDTYPE op ID {} IMPL maxdsp LATENCY 3 OPTYPE fmul PRAGMA {} RTLNAME fmul_32ns_32ns_32_4_max_dsp_1_U562 SOURCE attention_int8.cpp:185 VARIABLE mul252_105 LOOP VITIS_LOOP_180_16 BUNDLEDNAME {} DSP 3 BRAM 0 URAM 0 DISPNAME {bind_op fmul}} {BINDTYPE op ID {} IMPL maxdsp LATENCY 3 OPTYPE fmul PRAGMA {} RTLNAME fmul_32ns_32ns_32_4_max_dsp_1_U563 SOURCE attention_int8.cpp:185 VARIABLE mul251_106 LOOP VITIS_LOOP_180_16 BUNDLEDNAME {} DSP 3 BRAM 0 URAM 0 DISPNAME {bind_op fmul}} {BINDTYPE op ID {} IMPL maxdsp LATENCY 3 OPTYPE fmul PRAGMA {} RTLNAME fmul_32ns_32ns_32_4_max_dsp_1_U563 SOURCE attention_int8.cpp:185 VARIABLE mul252_106 LOOP VITIS_LOOP_180_16 BUNDLEDNAME {} DSP 3 BRAM 0 URAM 0 DISPNAME {bind_op fmul}} {BINDTYPE op ID {} IMPL maxdsp LATENCY 3 OPTYPE fmul PRAGMA {} RTLNAME fmul_32ns_32ns_32_4_max_dsp_1_U564 SOURCE attention_int8.cpp:185 VARIABLE mul251_107 LOOP VITIS_LOOP_180_16 BUNDLEDNAME {} DSP 3 BRAM 0 URAM 0 DISPNAME {bind_op fmul}} {BINDTYPE op ID {} IMPL maxdsp LATENCY 3 OPTYPE fmul PRAGMA {} RTLNAME fmul_32ns_32ns_32_4_max_dsp_1_U564 SOURCE attention_int8.cpp:185 VARIABLE mul252_107 LOOP VITIS_LOOP_180_16 BUNDLEDNAME {} DSP 3 BRAM 0 URAM 0 DISPNAME {bind_op fmul}} {BINDTYPE op ID {} IMPL maxdsp LATENCY 3 OPTYPE fmul PRAGMA {} RTLNAME fmul_32ns_32ns_32_4_max_dsp_1_U565 SOURCE attention_int8.cpp:185 VARIABLE mul251_108 LOOP VITIS_LOOP_180_16 BUNDLEDNAME {} DSP 3 BRAM 0 URAM 0 DISPNAME {bind_op fmul}} {BINDTYPE op ID {} IMPL maxdsp LATENCY 3 OPTYPE fmul PRAGMA {} RTLNAME fmul_32ns_32ns_32_4_max_dsp_1_U565 SOURCE attention_int8.cpp:185 VARIABLE mul252_108 LOOP VITIS_LOOP_180_16 BUNDLEDNAME {} DSP 3 BRAM 0 URAM 0 DISPNAME {bind_op fmul}} {BINDTYPE op ID {} IMPL maxdsp LATENCY 3 OPTYPE fmul PRAGMA {} RTLNAME fmul_32ns_32ns_32_4_max_dsp_1_U566 SOURCE attention_int8.cpp:185 VARIABLE mul251_109 LOOP VITIS_LOOP_180_16 BUNDLEDNAME {} DSP 3 BRAM 0 URAM 0 DISPNAME {bind_op fmul}} {BINDTYPE op ID {} IMPL maxdsp LATENCY 3 OPTYPE fmul PRAGMA {} RTLNAME fmul_32ns_32ns_32_4_max_dsp_1_U566 SOURCE attention_int8.cpp:185 VARIABLE mul252_109 LOOP VITIS_LOOP_180_16 BUNDLEDNAME {} DSP 3 BRAM 0 URAM 0 DISPNAME {bind_op fmul}} {BINDTYPE op ID {} IMPL maxdsp LATENCY 3 OPTYPE fmul PRAGMA {} RTLNAME fmul_32ns_32ns_32_4_max_dsp_1_U567 SOURCE attention_int8.cpp:185 VARIABLE mul251_110 LOOP VITIS_LOOP_180_16 BUNDLEDNAME {} DSP 3 BRAM 0 URAM 0 DISPNAME {bind_op fmul}} {BINDTYPE op ID {} IMPL maxdsp LATENCY 3 OPTYPE fmul PRAGMA {} RTLNAME fmul_32ns_32ns_32_4_max_dsp_1_U567 SOURCE attention_int8.cpp:185 VARIABLE mul252_110 LOOP VITIS_LOOP_180_16 BUNDLEDNAME {} DSP 3 BRAM 0 URAM 0 DISPNAME {bind_op fmul}} {BINDTYPE op ID {} IMPL maxdsp LATENCY 3 OPTYPE fmul PRAGMA {} RTLNAME fmul_32ns_32ns_32_4_max_dsp_1_U568 SOURCE attention_int8.cpp:185 VARIABLE mul251_111 LOOP VITIS_LOOP_180_16 BUNDLEDNAME {} DSP 3 BRAM 0 URAM 0 DISPNAME {bind_op fmul}} {BINDTYPE op ID {} IMPL maxdsp LATENCY 3 OPTYPE fmul PRAGMA {} RTLNAME fmul_32ns_32ns_32_4_max_dsp_1_U568 SOURCE attention_int8.cpp:185 VARIABLE mul252_111 LOOP VITIS_LOOP_180_16 BUNDLEDNAME {} DSP 3 BRAM 0 URAM 0 DISPNAME {bind_op fmul}} {BINDTYPE op ID {} IMPL maxdsp LATENCY 3 OPTYPE fmul PRAGMA {} RTLNAME fmul_32ns_32ns_32_4_max_dsp_1_U569 SOURCE attention_int8.cpp:185 VARIABLE mul251_112 LOOP VITIS_LOOP_180_16 BUNDLEDNAME {} DSP 3 BRAM 0 URAM 0 DISPNAME {bind_op fmul}} {BINDTYPE op ID {} IMPL maxdsp LATENCY 3 OPTYPE fmul PRAGMA {} RTLNAME fmul_32ns_32ns_32_4_max_dsp_1_U569 SOURCE attention_int8.cpp:185 VARIABLE mul252_112 LOOP VITIS_LOOP_180_16 BUNDLEDNAME {} DSP 3 BRAM 0 URAM 0 DISPNAME {bind_op fmul}} {BINDTYPE op ID {} IMPL maxdsp LATENCY 3 OPTYPE fmul PRAGMA {} RTLNAME fmul_32ns_32ns_32_4_max_dsp_1_U570 SOURCE attention_int8.cpp:185 VARIABLE mul251_113 LOOP VITIS_LOOP_180_16 BUNDLEDNAME {} DSP 3 BRAM 0 URAM 0 DISPNAME {bind_op fmul}} {BINDTYPE op ID {} IMPL maxdsp LATENCY 3 OPTYPE fmul PRAGMA {} RTLNAME fmul_32ns_32ns_32_4_max_dsp_1_U570 SOURCE attention_int8.cpp:185 VARIABLE mul252_113 LOOP VITIS_LOOP_180_16 BUNDLEDNAME {} DSP 3 BRAM 0 URAM 0 DISPNAME {bind_op fmul}} {BINDTYPE op ID {} IMPL maxdsp LATENCY 3 OPTYPE fmul PRAGMA {} RTLNAME fmul_32ns_32ns_32_4_max_dsp_1_U571 SOURCE attention_int8.cpp:185 VARIABLE mul251_114 LOOP VITIS_LOOP_180_16 BUNDLEDNAME {} DSP 3 BRAM 0 URAM 0 DISPNAME {bind_op fmul}} {BINDTYPE op ID {} IMPL maxdsp LATENCY 3 OPTYPE fmul PRAGMA {} RTLNAME fmul_32ns_32ns_32_4_max_dsp_1_U571 SOURCE attention_int8.cpp:185 VARIABLE mul252_114 LOOP VITIS_LOOP_180_16 BUNDLEDNAME {} DSP 3 BRAM 0 URAM 0 DISPNAME {bind_op fmul}} {BINDTYPE op ID {} IMPL maxdsp LATENCY 3 OPTYPE fmul PRAGMA {} RTLNAME fmul_32ns_32ns_32_4_max_dsp_1_U572 SOURCE attention_int8.cpp:185 VARIABLE mul251_115 LOOP VITIS_LOOP_180_16 BUNDLEDNAME {} DSP 3 BRAM 0 URAM 0 DISPNAME {bind_op fmul}} {BINDTYPE op ID {} IMPL maxdsp LATENCY 3 OPTYPE fmul PRAGMA {} RTLNAME fmul_32ns_32ns_32_4_max_dsp_1_U572 SOURCE attention_int8.cpp:185 VARIABLE mul252_115 LOOP VITIS_LOOP_180_16 BUNDLEDNAME {} DSP 3 BRAM 0 URAM 0 DISPNAME {bind_op fmul}} {BINDTYPE op ID {} IMPL maxdsp LATENCY 3 OPTYPE fmul PRAGMA {} RTLNAME fmul_32ns_32ns_32_4_max_dsp_1_U560 SOURCE attention_int8.cpp:185 VARIABLE mul251_116 LOOP VITIS_LOOP_180_16 BUNDLEDNAME {} DSP 3 BRAM 0 URAM 0 DISPNAME {bind_op fmul}} {BINDTYPE op ID {} IMPL maxdsp LATENCY 3 OPTYPE fmul PRAGMA {} RTLNAME fmul_32ns_32ns_32_4_max_dsp_1_U560 SOURCE attention_int8.cpp:185 VARIABLE mul252_116 LOOP VITIS_LOOP_180_16 BUNDLEDNAME {} DSP 3 BRAM 0 URAM 0 DISPNAME {bind_op fmul}} {BINDTYPE op ID {} IMPL maxdsp LATENCY 3 OPTYPE fmul PRAGMA {} RTLNAME fmul_32ns_32ns_32_4_max_dsp_1_U561 SOURCE attention_int8.cpp:185 VARIABLE mul251_117 LOOP VITIS_LOOP_180_16 BUNDLEDNAME {} DSP 3 BRAM 0 URAM 0 DISPNAME {bind_op fmul}} {BINDTYPE op ID {} IMPL maxdsp LATENCY 3 OPTYPE fmul PRAGMA {} RTLNAME fmul_32ns_32ns_32_4_max_dsp_1_U561 SOURCE attention_int8.cpp:185 VARIABLE mul252_117 LOOP VITIS_LOOP_180_16 BUNDLEDNAME {} DSP 3 BRAM 0 URAM 0 DISPNAME {bind_op fmul}} {BINDTYPE op ID {} IMPL maxdsp LATENCY 3 OPTYPE fmul PRAGMA {} RTLNAME fmul_32ns_32ns_32_4_max_dsp_1_U562 SOURCE attention_int8.cpp:185 VARIABLE mul251_118 LOOP VITIS_LOOP_180_16 BUNDLEDNAME {} DSP 3 BRAM 0 URAM 0 DISPNAME {bind_op fmul}} {BINDTYPE op ID {} IMPL maxdsp LATENCY 3 OPTYPE fmul PRAGMA {} RTLNAME fmul_32ns_32ns_32_4_max_dsp_1_U562 SOURCE attention_int8.cpp:185 VARIABLE mul252_118 LOOP VITIS_LOOP_180_16 BUNDLEDNAME {} DSP 3 BRAM 0 URAM 0 DISPNAME {bind_op fmul}} {BINDTYPE op ID {} IMPL maxdsp LATENCY 3 OPTYPE fmul PRAGMA {} RTLNAME fmul_32ns_32ns_32_4_max_dsp_1_U563 SOURCE attention_int8.cpp:185 VARIABLE mul251_119 LOOP VITIS_LOOP_180_16 BUNDLEDNAME {} DSP 3 BRAM 0 URAM 0 DISPNAME {bind_op fmul}} {BINDTYPE op ID {} IMPL maxdsp LATENCY 3 OPTYPE fmul PRAGMA {} RTLNAME fmul_32ns_32ns_32_4_max_dsp_1_U563 SOURCE attention_int8.cpp:185 VARIABLE mul252_119 LOOP VITIS_LOOP_180_16 BUNDLEDNAME {} DSP 3 BRAM 0 URAM 0 DISPNAME {bind_op fmul}} {BINDTYPE op ID {} IMPL maxdsp LATENCY 3 OPTYPE fmul PRAGMA {} RTLNAME fmul_32ns_32ns_32_4_max_dsp_1_U564 SOURCE attention_int8.cpp:185 VARIABLE mul251_120 LOOP VITIS_LOOP_180_16 BUNDLEDNAME {} DSP 3 BRAM 0 URAM 0 DISPNAME {bind_op fmul}} {BINDTYPE op ID {} IMPL maxdsp LATENCY 3 OPTYPE fmul PRAGMA {} RTLNAME fmul_32ns_32ns_32_4_max_dsp_1_U564 SOURCE attention_int8.cpp:185 VARIABLE mul252_120 LOOP VITIS_LOOP_180_16 BUNDLEDNAME {} DSP 3 BRAM 0 URAM 0 DISPNAME {bind_op fmul}} {BINDTYPE op ID {} IMPL maxdsp LATENCY 3 OPTYPE fmul PRAGMA {} RTLNAME fmul_32ns_32ns_32_4_max_dsp_1_U565 SOURCE attention_int8.cpp:185 VARIABLE mul251_121 LOOP VITIS_LOOP_180_16 BUNDLEDNAME {} DSP 3 BRAM 0 URAM 0 DISPNAME {bind_op fmul}} {BINDTYPE op ID {} IMPL maxdsp LATENCY 3 OPTYPE fmul PRAGMA {} RTLNAME fmul_32ns_32ns_32_4_max_dsp_1_U565 SOURCE attention_int8.cpp:185 VARIABLE mul252_121 LOOP VITIS_LOOP_180_16 BUNDLEDNAME {} DSP 3 BRAM 0 URAM 0 DISPNAME {bind_op fmul}} {BINDTYPE op ID {} IMPL maxdsp LATENCY 3 OPTYPE fmul PRAGMA {} RTLNAME fmul_32ns_32ns_32_4_max_dsp_1_U566 SOURCE attention_int8.cpp:185 VARIABLE mul251_122 LOOP VITIS_LOOP_180_16 BUNDLEDNAME {} DSP 3 BRAM 0 URAM 0 DISPNAME {bind_op fmul}} {BINDTYPE op ID {} IMPL maxdsp LATENCY 3 OPTYPE fmul PRAGMA {} RTLNAME fmul_32ns_32ns_32_4_max_dsp_1_U566 SOURCE attention_int8.cpp:185 VARIABLE mul252_122 LOOP VITIS_LOOP_180_16 BUNDLEDNAME {} DSP 3 BRAM 0 URAM 0 DISPNAME {bind_op fmul}} {BINDTYPE op ID {} IMPL maxdsp LATENCY 3 OPTYPE fmul PRAGMA {} RTLNAME fmul_32ns_32ns_32_4_max_dsp_1_U567 SOURCE attention_int8.cpp:185 VARIABLE mul251_123 LOOP VITIS_LOOP_180_16 BUNDLEDNAME {} DSP 3 BRAM 0 URAM 0 DISPNAME {bind_op fmul}} {BINDTYPE op ID {} IMPL maxdsp LATENCY 3 OPTYPE fmul PRAGMA {} RTLNAME fmul_32ns_32ns_32_4_max_dsp_1_U567 SOURCE attention_int8.cpp:185 VARIABLE mul252_123 LOOP VITIS_LOOP_180_16 BUNDLEDNAME {} DSP 3 BRAM 0 URAM 0 DISPNAME {bind_op fmul}} {BINDTYPE op ID {} IMPL maxdsp LATENCY 3 OPTYPE fmul PRAGMA {} RTLNAME fmul_32ns_32ns_32_4_max_dsp_1_U568 SOURCE attention_int8.cpp:185 VARIABLE mul251_124 LOOP VITIS_LOOP_180_16 BUNDLEDNAME {} DSP 3 BRAM 0 URAM 0 DISPNAME {bind_op fmul}} {BINDTYPE op ID {} IMPL maxdsp LATENCY 3 OPTYPE fmul PRAGMA {} RTLNAME fmul_32ns_32ns_32_4_max_dsp_1_U568 SOURCE attention_int8.cpp:185 VARIABLE mul252_124 LOOP VITIS_LOOP_180_16 BUNDLEDNAME {} DSP 3 BRAM 0 URAM 0 DISPNAME {bind_op fmul}} {BINDTYPE op ID {} IMPL maxdsp LATENCY 3 OPTYPE fmul PRAGMA {} RTLNAME fmul_32ns_32ns_32_4_max_dsp_1_U569 SOURCE attention_int8.cpp:185 VARIABLE mul251_125 LOOP VITIS_LOOP_180_16 BUNDLEDNAME {} DSP 3 BRAM 0 URAM 0 DISPNAME {bind_op fmul}} {BINDTYPE op ID {} IMPL maxdsp LATENCY 3 OPTYPE fmul PRAGMA {} RTLNAME fmul_32ns_32ns_32_4_max_dsp_1_U569 SOURCE attention_int8.cpp:185 VARIABLE mul252_125 LOOP VITIS_LOOP_180_16 BUNDLEDNAME {} DSP 3 BRAM 0 URAM 0 DISPNAME {bind_op fmul}} {BINDTYPE op ID {} IMPL maxdsp LATENCY 3 OPTYPE fmul PRAGMA {} RTLNAME fmul_32ns_32ns_32_4_max_dsp_1_U570 SOURCE attention_int8.cpp:185 VARIABLE mul251_126 LOOP VITIS_LOOP_180_16 BUNDLEDNAME {} DSP 3 BRAM 0 URAM 0 DISPNAME {bind_op fmul}} {BINDTYPE op ID {} IMPL maxdsp LATENCY 3 OPTYPE fmul PRAGMA {} RTLNAME fmul_32ns_32ns_32_4_max_dsp_1_U570 SOURCE attention_int8.cpp:185 VARIABLE mul252_126 LOOP VITIS_LOOP_180_16 BUNDLEDNAME {} DSP 3 BRAM 0 URAM 0 DISPNAME {bind_op fmul}} {BINDTYPE op ID {} IMPL maxdsp LATENCY 3 OPTYPE fmul PRAGMA {} RTLNAME fmul_32ns_32ns_32_4_max_dsp_1_U573 SOURCE attention_int8.cpp:187 VARIABLE mul3 LOOP VITIS_LOOP_180_16 BUNDLEDNAME {} DSP 3 BRAM 0 URAM 0 DISPNAME {bind_op fmul}} {BINDTYPE op ID {} IMPL fabric LATENCY 5 OPTYPE fadd PRAGMA {} RTLNAME fadd_32ns_32ns_32_6_no_dsp_1_U546 SOURCE attention_int8.cpp:187 VARIABLE add LOOP VITIS_LOOP_180_16 BUNDLEDNAME {} DSP 0 BRAM 0 URAM 0 DISPNAME {bind_op fadd}}} AREA {DSP 75 BRAM 0 URAM 0}} attention_int8_kernel_Pipeline_VITIS_LOOP_193_18_VITIS_LOOP_195_19 {BINDINFO {{BINDTYPE op ID {} IMPL fabric LATENCY 0 OPTYPE add PRAGMA {} RTLNAME add_ln193_1_fu_370_p2 SOURCE attention_int8.cpp:193 VARIABLE add_ln193_1 LOOP VITIS_LOOP_193_18_VITIS_LOOP_195_19 BUNDLEDNAME {} DSP 0 BRAM 0 URAM 0 DISPNAME {bind_op add}} {BINDTYPE op ID {} IMPL fabric LATENCY 0 OPTYPE add PRAGMA {} RTLNAME add_ln193_fu_379_p2 SOURCE attention_int8.cpp:193 VARIABLE add_ln193 LOOP VITIS_LOOP_193_18_VITIS_LOOP_195_19 BUNDLEDNAME {} DSP 0 BRAM 0 URAM 0 DISPNAME {bind_op add}} {BINDTYPE op ID {} IMPL fabric LATENCY 0 OPTYPE add PRAGMA {} RTLNAME add_ln195_fu_447_p2 SOURCE attention_int8.cpp:195 VARIABLE add_ln195 LOOP VITIS_LOOP_193_18_VITIS_LOOP_195_19 BUNDLEDNAME {} DSP 0 BRAM 0 URAM 0 DISPNAME {bind_op add}}} AREA {DSP 0 BRAM 0 URAM 0}} attention_int8_kernel {BINDINFO {{BINDTYPE storage ID {} IMPL auto LATENCY 1 OPTYPE ram_1p PRAGMA {} RTLNAME Q_tile_V_U SOURCE attention_int8.cpp:91 VARIABLE Q_tile_V LOOP {} BUNDLEDNAME {} DSP 0 BRAM 0 URAM 0 DISPNAME {bind_storage ram_1p}} {BINDTYPE storage ID {} IMPL auto LATENCY 1 OPTYPE ram_1p PRAGMA {} RTLNAME Q_tile_V_1_U SOURCE attention_int8.cpp:91 VARIABLE Q_tile_V_1 LOOP {} BUNDLEDNAME {} DSP 0 BRAM 0 URAM 0 DISPNAME {bind_storage ram_1p}} {BINDTYPE storage ID {} IMPL auto LATENCY 1 OPTYPE ram_1p PRAGMA {} RTLNAME Q_tile_V_2_U SOURCE attention_int8.cpp:91 VARIABLE Q_tile_V_2 LOOP {} BUNDLEDNAME {} DSP 0 BRAM 0 URAM 0 DISPNAME {bind_storage ram_1p}} {BINDTYPE storage ID {} IMPL auto LATENCY 1 OPTYPE ram_1p PRAGMA {} RTLNAME Q_tile_V_3_U SOURCE attention_int8.cpp:91 VARIABLE Q_tile_V_3 LOOP {} BUNDLEDNAME {} DSP 0 BRAM 0 URAM 0 DISPNAME {bind_storage ram_1p}} {BINDTYPE storage ID {} IMPL auto LATENCY 1 OPTYPE ram_1p PRAGMA {} RTLNAME Q_tile_V_4_U SOURCE attention_int8.cpp:91 VARIABLE Q_tile_V_4 LOOP {} BUNDLEDNAME {} DSP 0 BRAM 0 URAM 0 DISPNAME {bind_storage ram_1p}} {BINDTYPE storage ID {} IMPL auto LATENCY 1 OPTYPE ram_1p PRAGMA {} RTLNAME Q_tile_V_5_U SOURCE attention_int8.cpp:91 VARIABLE Q_tile_V_5 LOOP {} BUNDLEDNAME {} DSP 0 BRAM 0 URAM 0 DISPNAME {bind_storage ram_1p}} {BINDTYPE storage ID {} IMPL auto LATENCY 1 OPTYPE ram_1p PRAGMA {} RTLNAME Q_tile_V_6_U SOURCE attention_int8.cpp:91 VARIABLE Q_tile_V_6 LOOP {} BUNDLEDNAME {} DSP 0 BRAM 0 URAM 0 DISPNAME {bind_storage ram_1p}} {BINDTYPE storage ID {} IMPL auto LATENCY 1 OPTYPE ram_1p PRAGMA {} RTLNAME Q_tile_V_7_U SOURCE attention_int8.cpp:91 VARIABLE Q_tile_V_7 LOOP {} BUNDLEDNAME {} DSP 0 BRAM 0 URAM 0 DISPNAME {bind_storage ram_1p}} {BINDTYPE storage ID {} IMPL auto LATENCY 1 OPTYPE ram_1p PRAGMA {} RTLNAME Q_tile_V_8_U SOURCE attention_int8.cpp:91 VARIABLE Q_tile_V_8 LOOP {} BUNDLEDNAME {} DSP 0 BRAM 0 URAM 0 DISPNAME {bind_storage ram_1p}} {BINDTYPE storage ID {} IMPL auto LATENCY 1 OPTYPE ram_1p PRAGMA {} RTLNAME Q_tile_V_9_U SOURCE attention_int8.cpp:91 VARIABLE Q_tile_V_9 LOOP {} BUNDLEDNAME {} DSP 0 BRAM 0 URAM 0 DISPNAME {bind_storage ram_1p}} {BINDTYPE storage ID {} IMPL auto LATENCY 1 OPTYPE ram_1p PRAGMA {} RTLNAME Q_tile_V_10_U SOURCE attention_int8.cpp:91 VARIABLE Q_tile_V_10 LOOP {} BUNDLEDNAME {} DSP 0 BRAM 0 URAM 0 DISPNAME {bind_storage ram_1p}} {BINDTYPE storage ID {} IMPL auto LATENCY 1 OPTYPE ram_1p PRAGMA {} RTLNAME Q_tile_V_11_U SOURCE attention_int8.cpp:91 VARIABLE Q_tile_V_11 LOOP {} BUNDLEDNAME {} DSP 0 BRAM 0 URAM 0 DISPNAME {bind_storage ram_1p}} {BINDTYPE storage ID {} IMPL auto LATENCY 1 OPTYPE ram_1p PRAGMA {} RTLNAME Q_tile_V_12_U SOURCE attention_int8.cpp:91 VARIABLE Q_tile_V_12 LOOP {} BUNDLEDNAME {} DSP 0 BRAM 0 URAM 0 DISPNAME {bind_storage ram_1p}} {BINDTYPE storage ID {} IMPL auto LATENCY 1 OPTYPE ram_1p PRAGMA {} RTLNAME Q_tile_V_13_U SOURCE attention_int8.cpp:91 VARIABLE Q_tile_V_13 LOOP {} BUNDLEDNAME {} DSP 0 BRAM 0 URAM 0 DISPNAME {bind_storage ram_1p}} {BINDTYPE storage ID {} IMPL auto LATENCY 1 OPTYPE ram_1p PRAGMA {} RTLNAME Q_tile_V_14_U SOURCE attention_int8.cpp:91 VARIABLE Q_tile_V_14 LOOP {} BUNDLEDNAME {} DSP 0 BRAM 0 URAM 0 DISPNAME {bind_storage ram_1p}} {BINDTYPE storage ID {} IMPL auto LATENCY 1 OPTYPE ram_1p PRAGMA {} RTLNAME Q_tile_V_15_U SOURCE attention_int8.cpp:91 VARIABLE Q_tile_V_15 LOOP {} BUNDLEDNAME {} DSP 0 BRAM 0 URAM 0 DISPNAME {bind_storage ram_1p}} {BINDTYPE storage ID {} IMPL auto LATENCY 1 OPTYPE ram_1p PRAGMA {} RTLNAME Q_tile_V_16_U SOURCE attention_int8.cpp:91 VARIABLE Q_tile_V_16 LOOP {} BUNDLEDNAME {} DSP 0 BRAM 0 URAM 0 DISPNAME {bind_storage ram_1p}} {BINDTYPE storage ID {} IMPL auto LATENCY 1 OPTYPE ram_1p PRAGMA {} RTLNAME Q_tile_V_17_U SOURCE attention_int8.cpp:91 VARIABLE Q_tile_V_17 LOOP {} BUNDLEDNAME {} DSP 0 BRAM 0 URAM 0 DISPNAME {bind_storage ram_1p}} {BINDTYPE storage ID {} IMPL auto LATENCY 1 OPTYPE ram_1p PRAGMA {} RTLNAME Q_tile_V_18_U SOURCE attention_int8.cpp:91 VARIABLE Q_tile_V_18 LOOP {} BUNDLEDNAME {} DSP 0 BRAM 0 URAM 0 DISPNAME {bind_storage ram_1p}} {BINDTYPE storage ID {} IMPL auto LATENCY 1 OPTYPE ram_1p PRAGMA {} RTLNAME Q_tile_V_19_U SOURCE attention_int8.cpp:91 VARIABLE Q_tile_V_19 LOOP {} BUNDLEDNAME {} DSP 0 BRAM 0 URAM 0 DISPNAME {bind_storage ram_1p}} {BINDTYPE storage ID {} IMPL auto LATENCY 1 OPTYPE ram_1p PRAGMA {} RTLNAME Q_tile_V_20_U SOURCE attention_int8.cpp:91 VARIABLE Q_tile_V_20 LOOP {} BUNDLEDNAME {} DSP 0 BRAM 0 URAM 0 DISPNAME {bind_storage ram_1p}} {BINDTYPE storage ID {} IMPL auto LATENCY 1 OPTYPE ram_1p PRAGMA {} RTLNAME Q_tile_V_21_U SOURCE attention_int8.cpp:91 VARIABLE Q_tile_V_21 LOOP {} BUNDLEDNAME {} DSP 0 BRAM 0 URAM 0 DISPNAME {bind_storage ram_1p}} {BINDTYPE storage ID {} IMPL auto LATENCY 1 OPTYPE ram_1p PRAGMA {} RTLNAME Q_tile_V_22_U SOURCE attention_int8.cpp:91 VARIABLE Q_tile_V_22 LOOP {} BUNDLEDNAME {} DSP 0 BRAM 0 URAM 0 DISPNAME {bind_storage ram_1p}} {BINDTYPE storage ID {} IMPL auto LATENCY 1 OPTYPE ram_1p PRAGMA {} RTLNAME Q_tile_V_23_U SOURCE attention_int8.cpp:91 VARIABLE Q_tile_V_23 LOOP {} BUNDLEDNAME {} DSP 0 BRAM 0 URAM 0 DISPNAME {bind_storage ram_1p}} {BINDTYPE storage ID {} IMPL auto LATENCY 1 OPTYPE ram_1p PRAGMA {} RTLNAME Q_tile_V_24_U SOURCE attention_int8.cpp:91 VARIABLE Q_tile_V_24 LOOP {} BUNDLEDNAME {} DSP 0 BRAM 0 URAM 0 DISPNAME {bind_storage ram_1p}} {BINDTYPE storage ID {} IMPL auto LATENCY 1 OPTYPE ram_1p PRAGMA {} RTLNAME Q_tile_V_25_U SOURCE attention_int8.cpp:91 VARIABLE Q_tile_V_25 LOOP {} BUNDLEDNAME {} DSP 0 BRAM 0 URAM 0 DISPNAME {bind_storage ram_1p}} {BINDTYPE storage ID {} IMPL auto LATENCY 1 OPTYPE ram_1p PRAGMA {} RTLNAME Q_tile_V_26_U SOURCE attention_int8.cpp:91 VARIABLE Q_tile_V_26 LOOP {} BUNDLEDNAME {} DSP 0 BRAM 0 URAM 0 DISPNAME {bind_storage ram_1p}} {BINDTYPE storage ID {} IMPL auto LATENCY 1 OPTYPE ram_1p PRAGMA {} RTLNAME Q_tile_V_27_U SOURCE attention_int8.cpp:91 VARIABLE Q_tile_V_27 LOOP {} BUNDLEDNAME {} DSP 0 BRAM 0 URAM 0 DISPNAME {bind_storage ram_1p}} {BINDTYPE storage ID {} IMPL auto LATENCY 1 OPTYPE ram_1p PRAGMA {} RTLNAME Q_tile_V_28_U SOURCE attention_int8.cpp:91 VARIABLE Q_tile_V_28 LOOP {} BUNDLEDNAME {} DSP 0 BRAM 0 URAM 0 DISPNAME {bind_storage ram_1p}} {BINDTYPE storage ID {} IMPL auto LATENCY 1 OPTYPE ram_1p PRAGMA {} RTLNAME Q_tile_V_29_U SOURCE attention_int8.cpp:91 VARIABLE Q_tile_V_29 LOOP {} BUNDLEDNAME {} DSP 0 BRAM 0 URAM 0 DISPNAME {bind_storage ram_1p}} {BINDTYPE storage ID {} IMPL auto LATENCY 1 OPTYPE ram_1p PRAGMA {} RTLNAME Q_tile_V_30_U SOURCE attention_int8.cpp:91 VARIABLE Q_tile_V_30 LOOP {} BUNDLEDNAME {} DSP 0 BRAM 0 URAM 0 DISPNAME {bind_storage ram_1p}} {BINDTYPE storage ID {} IMPL auto LATENCY 1 OPTYPE ram_1p PRAGMA {} RTLNAME Q_tile_V_31_U SOURCE attention_int8.cpp:91 VARIABLE Q_tile_V_31 LOOP {} BUNDLEDNAME {} DSP 0 BRAM 0 URAM 0 DISPNAME {bind_storage ram_1p}} {BINDTYPE storage ID {} IMPL auto LATENCY 1 OPTYPE ram_1p PRAGMA {} RTLNAME Q_tile_V_32_U SOURCE attention_int8.cpp:91 VARIABLE Q_tile_V_32 LOOP {} BUNDLEDNAME {} DSP 0 BRAM 0 URAM 0 DISPNAME {bind_storage ram_1p}} {BINDTYPE storage ID {} IMPL auto LATENCY 1 OPTYPE ram_1p PRAGMA {} RTLNAME Q_tile_V_33_U SOURCE attention_int8.cpp:91 VARIABLE Q_tile_V_33 LOOP {} BUNDLEDNAME {} DSP 0 BRAM 0 URAM 0 DISPNAME {bind_storage ram_1p}} {BINDTYPE storage ID {} IMPL auto LATENCY 1 OPTYPE ram_1p PRAGMA {} RTLNAME Q_tile_V_34_U SOURCE attention_int8.cpp:91 VARIABLE Q_tile_V_34 LOOP {} BUNDLEDNAME {} DSP 0 BRAM 0 URAM 0 DISPNAME {bind_storage ram_1p}} {BINDTYPE storage ID {} IMPL auto LATENCY 1 OPTYPE ram_1p PRAGMA {} RTLNAME Q_tile_V_35_U SOURCE attention_int8.cpp:91 VARIABLE Q_tile_V_35 LOOP {} BUNDLEDNAME {} DSP 0 BRAM 0 URAM 0 DISPNAME {bind_storage ram_1p}} {BINDTYPE storage ID {} IMPL auto LATENCY 1 OPTYPE ram_1p PRAGMA {} RTLNAME Q_tile_V_36_U SOURCE attention_int8.cpp:91 VARIABLE Q_tile_V_36 LOOP {} BUNDLEDNAME {} DSP 0 BRAM 0 URAM 0 DISPNAME {bind_storage ram_1p}} {BINDTYPE storage ID {} IMPL auto LATENCY 1 OPTYPE ram_1p PRAGMA {} RTLNAME Q_tile_V_37_U SOURCE attention_int8.cpp:91 VARIABLE Q_tile_V_37 LOOP {} BUNDLEDNAME {} DSP 0 BRAM 0 URAM 0 DISPNAME {bind_storage ram_1p}} {BINDTYPE storage ID {} IMPL auto LATENCY 1 OPTYPE ram_1p PRAGMA {} RTLNAME Q_tile_V_38_U SOURCE attention_int8.cpp:91 VARIABLE Q_tile_V_38 LOOP {} BUNDLEDNAME {} DSP 0 BRAM 0 URAM 0 DISPNAME {bind_storage ram_1p}} {BINDTYPE storage ID {} IMPL auto LATENCY 1 OPTYPE ram_1p PRAGMA {} RTLNAME Q_tile_V_39_U SOURCE attention_int8.cpp:91 VARIABLE Q_tile_V_39 LOOP {} BUNDLEDNAME {} DSP 0 BRAM 0 URAM 0 DISPNAME {bind_storage ram_1p}} {BINDTYPE storage ID {} IMPL auto LATENCY 1 OPTYPE ram_1p PRAGMA {} RTLNAME Q_tile_V_40_U SOURCE attention_int8.cpp:91 VARIABLE Q_tile_V_40 LOOP {} BUNDLEDNAME {} DSP 0 BRAM 0 URAM 0 DISPNAME {bind_storage ram_1p}} {BINDTYPE storage ID {} IMPL auto LATENCY 1 OPTYPE ram_1p PRAGMA {} RTLNAME Q_tile_V_41_U SOURCE attention_int8.cpp:91 VARIABLE Q_tile_V_41 LOOP {} BUNDLEDNAME {} DSP 0 BRAM 0 URAM 0 DISPNAME {bind_storage ram_1p}} {BINDTYPE storage ID {} IMPL auto LATENCY 1 OPTYPE ram_1p PRAGMA {} RTLNAME Q_tile_V_42_U SOURCE attention_int8.cpp:91 VARIABLE Q_tile_V_42 LOOP {} BUNDLEDNAME {} DSP 0 BRAM 0 URAM 0 DISPNAME {bind_storage ram_1p}} {BINDTYPE storage ID {} IMPL auto LATENCY 1 OPTYPE ram_1p PRAGMA {} RTLNAME Q_tile_V_43_U SOURCE attention_int8.cpp:91 VARIABLE Q_tile_V_43 LOOP {} BUNDLEDNAME {} DSP 0 BRAM 0 URAM 0 DISPNAME {bind_storage ram_1p}} {BINDTYPE storage ID {} IMPL auto LATENCY 1 OPTYPE ram_1p PRAGMA {} RTLNAME Q_tile_V_44_U SOURCE attention_int8.cpp:91 VARIABLE Q_tile_V_44 LOOP {} BUNDLEDNAME {} DSP 0 BRAM 0 URAM 0 DISPNAME {bind_storage ram_1p}} {BINDTYPE storage ID {} IMPL auto LATENCY 1 OPTYPE ram_1p PRAGMA {} RTLNAME Q_tile_V_45_U SOURCE attention_int8.cpp:91 VARIABLE Q_tile_V_45 LOOP {} BUNDLEDNAME {} DSP 0 BRAM 0 URAM 0 DISPNAME {bind_storage ram_1p}} {BINDTYPE storage ID {} IMPL auto LATENCY 1 OPTYPE ram_1p PRAGMA {} RTLNAME Q_tile_V_46_U SOURCE attention_int8.cpp:91 VARIABLE Q_tile_V_46 LOOP {} BUNDLEDNAME {} DSP 0 BRAM 0 URAM 0 DISPNAME {bind_storage ram_1p}} {BINDTYPE storage ID {} IMPL auto LATENCY 1 OPTYPE ram_1p PRAGMA {} RTLNAME Q_tile_V_47_U SOURCE attention_int8.cpp:91 VARIABLE Q_tile_V_47 LOOP {} BUNDLEDNAME {} DSP 0 BRAM 0 URAM 0 DISPNAME {bind_storage ram_1p}} {BINDTYPE storage ID {} IMPL auto LATENCY 1 OPTYPE ram_1p PRAGMA {} RTLNAME Q_tile_V_48_U SOURCE attention_int8.cpp:91 VARIABLE Q_tile_V_48 LOOP {} BUNDLEDNAME {} DSP 0 BRAM 0 URAM 0 DISPNAME {bind_storage ram_1p}} {BINDTYPE storage ID {} IMPL auto LATENCY 1 OPTYPE ram_1p PRAGMA {} RTLNAME Q_tile_V_49_U SOURCE attention_int8.cpp:91 VARIABLE Q_tile_V_49 LOOP {} BUNDLEDNAME {} DSP 0 BRAM 0 URAM 0 DISPNAME {bind_storage ram_1p}} {BINDTYPE storage ID {} IMPL auto LATENCY 1 OPTYPE ram_1p PRAGMA {} RTLNAME Q_tile_V_50_U SOURCE attention_int8.cpp:91 VARIABLE Q_tile_V_50 LOOP {} BUNDLEDNAME {} DSP 0 BRAM 0 URAM 0 DISPNAME {bind_storage ram_1p}} {BINDTYPE storage ID {} IMPL auto LATENCY 1 OPTYPE ram_1p PRAGMA {} RTLNAME Q_tile_V_51_U SOURCE attention_int8.cpp:91 VARIABLE Q_tile_V_51 LOOP {} BUNDLEDNAME {} DSP 0 BRAM 0 URAM 0 DISPNAME {bind_storage ram_1p}} {BINDTYPE storage ID {} IMPL auto LATENCY 1 OPTYPE ram_1p PRAGMA {} RTLNAME Q_tile_V_52_U SOURCE attention_int8.cpp:91 VARIABLE Q_tile_V_52 LOOP {} BUNDLEDNAME {} DSP 0 BRAM 0 URAM 0 DISPNAME {bind_storage ram_1p}} {BINDTYPE storage ID {} IMPL auto LATENCY 1 OPTYPE ram_1p PRAGMA {} RTLNAME Q_tile_V_53_U SOURCE attention_int8.cpp:91 VARIABLE Q_tile_V_53 LOOP {} BUNDLEDNAME {} DSP 0 BRAM 0 URAM 0 DISPNAME {bind_storage ram_1p}} {BINDTYPE storage ID {} IMPL auto LATENCY 1 OPTYPE ram_1p PRAGMA {} RTLNAME Q_tile_V_54_U SOURCE attention_int8.cpp:91 VARIABLE Q_tile_V_54 LOOP {} BUNDLEDNAME {} DSP 0 BRAM 0 URAM 0 DISPNAME {bind_storage ram_1p}} {BINDTYPE storage ID {} IMPL auto LATENCY 1 OPTYPE ram_1p PRAGMA {} RTLNAME Q_tile_V_55_U SOURCE attention_int8.cpp:91 VARIABLE Q_tile_V_55 LOOP {} BUNDLEDNAME {} DSP 0 BRAM 0 URAM 0 DISPNAME {bind_storage ram_1p}} {BINDTYPE storage ID {} IMPL auto LATENCY 1 OPTYPE ram_1p PRAGMA {} RTLNAME Q_tile_V_56_U SOURCE attention_int8.cpp:91 VARIABLE Q_tile_V_56 LOOP {} BUNDLEDNAME {} DSP 0 BRAM 0 URAM 0 DISPNAME {bind_storage ram_1p}} {BINDTYPE storage ID {} IMPL auto LATENCY 1 OPTYPE ram_1p PRAGMA {} RTLNAME Q_tile_V_57_U SOURCE attention_int8.cpp:91 VARIABLE Q_tile_V_57 LOOP {} BUNDLEDNAME {} DSP 0 BRAM 0 URAM 0 DISPNAME {bind_storage ram_1p}} {BINDTYPE storage ID {} IMPL auto LATENCY 1 OPTYPE ram_1p PRAGMA {} RTLNAME Q_tile_V_58_U SOURCE attention_int8.cpp:91 VARIABLE Q_tile_V_58 LOOP {} BUNDLEDNAME {} DSP 0 BRAM 0 URAM 0 DISPNAME {bind_storage ram_1p}} {BINDTYPE storage ID {} IMPL auto LATENCY 1 OPTYPE ram_1p PRAGMA {} RTLNAME Q_tile_V_59_U SOURCE attention_int8.cpp:91 VARIABLE Q_tile_V_59 LOOP {} BUNDLEDNAME {} DSP 0 BRAM 0 URAM 0 DISPNAME {bind_storage ram_1p}} {BINDTYPE storage ID {} IMPL auto LATENCY 1 OPTYPE ram_1p PRAGMA {} RTLNAME Q_tile_V_60_U SOURCE attention_int8.cpp:91 VARIABLE Q_tile_V_60 LOOP {} BUNDLEDNAME {} DSP 0 BRAM 0 URAM 0 DISPNAME {bind_storage ram_1p}} {BINDTYPE storage ID {} IMPL auto LATENCY 1 OPTYPE ram_1p PRAGMA {} RTLNAME Q_tile_V_61_U SOURCE attention_int8.cpp:91 VARIABLE Q_tile_V_61 LOOP {} BUNDLEDNAME {} DSP 0 BRAM 0 URAM 0 DISPNAME {bind_storage ram_1p}} {BINDTYPE storage ID {} IMPL auto LATENCY 1 OPTYPE ram_1p PRAGMA {} RTLNAME Q_tile_V_62_U SOURCE attention_int8.cpp:91 VARIABLE Q_tile_V_62 LOOP {} BUNDLEDNAME {} DSP 0 BRAM 0 URAM 0 DISPNAME {bind_storage ram_1p}} {BINDTYPE storage ID {} IMPL auto LATENCY 1 OPTYPE ram_1p PRAGMA {} RTLNAME Q_tile_V_63_U SOURCE attention_int8.cpp:91 VARIABLE Q_tile_V_63 LOOP {} BUNDLEDNAME {} DSP 0 BRAM 0 URAM 0 DISPNAME {bind_storage ram_1p}} {BINDTYPE storage ID {} IMPL auto LATENCY 1 OPTYPE ram_t2p PRAGMA {} RTLNAME O_tile_U SOURCE attention_int8.cpp:92 VARIABLE O_tile LOOP {} BUNDLEDNAME {} DSP 0 BRAM 2 URAM 0 DISPNAME {bind_storage ram_t2p}} {BINDTYPE storage ID {} IMPL auto LATENCY 1 OPTYPE ram_t2p PRAGMA {} RTLNAME O_tile_1_U SOURCE attention_int8.cpp:92 VARIABLE O_tile_1 LOOP {} BUNDLEDNAME {} DSP 0 BRAM 2 URAM 0 DISPNAME {bind_storage ram_t2p}} {BINDTYPE storage ID {} IMPL auto LATENCY 1 OPTYPE ram_t2p PRAGMA {} RTLNAME O_tile_2_U SOURCE attention_int8.cpp:92 VARIABLE O_tile_2 LOOP {} BUNDLEDNAME {} DSP 0 BRAM 2 URAM 0 DISPNAME {bind_storage ram_t2p}} {BINDTYPE storage ID {} IMPL auto LATENCY 1 OPTYPE ram_t2p PRAGMA {} RTLNAME O_tile_3_U SOURCE attention_int8.cpp:92 VARIABLE O_tile_3 LOOP {} BUNDLEDNAME {} DSP 0 BRAM 2 URAM 0 DISPNAME {bind_storage ram_t2p}} {BINDTYPE storage ID {} IMPL auto LATENCY 1 OPTYPE ram_t2p PRAGMA {} RTLNAME O_tile_4_U SOURCE attention_int8.cpp:92 VARIABLE O_tile_4 LOOP {} BUNDLEDNAME {} DSP 0 BRAM 2 URAM 0 DISPNAME {bind_storage ram_t2p}} {BINDTYPE storage ID {} IMPL auto LATENCY 1 OPTYPE ram_t2p PRAGMA {} RTLNAME O_tile_5_U SOURCE attention_int8.cpp:92 VARIABLE O_tile_5 LOOP {} BUNDLEDNAME {} DSP 0 BRAM 2 URAM 0 DISPNAME {bind_storage ram_t2p}} {BINDTYPE storage ID {} IMPL auto LATENCY 1 OPTYPE ram_t2p PRAGMA {} RTLNAME O_tile_6_U SOURCE attention_int8.cpp:92 VARIABLE O_tile_6 LOOP {} BUNDLEDNAME {} DSP 0 BRAM 2 URAM 0 DISPNAME {bind_storage ram_t2p}} {BINDTYPE storage ID {} IMPL auto LATENCY 1 OPTYPE ram_t2p PRAGMA {} RTLNAME O_tile_7_U SOURCE attention_int8.cpp:92 VARIABLE O_tile_7 LOOP {} BUNDLEDNAME {} DSP 0 BRAM 2 URAM 0 DISPNAME {bind_storage ram_t2p}} {BINDTYPE storage ID {} IMPL auto LATENCY 1 OPTYPE ram_1p PRAGMA {} RTLNAME K_tile_V_U SOURCE attention_int8.cpp:121 VARIABLE K_tile_V LOOP {} BUNDLEDNAME {} DSP 0 BRAM 1 URAM 0 DISPNAME {bind_storage ram_1p}} {BINDTYPE storage ID {} IMPL auto LATENCY 1 OPTYPE ram_1p PRAGMA {} RTLNAME K_tile_V_1_U SOURCE attention_int8.cpp:121 VARIABLE K_tile_V_1 LOOP {} BUNDLEDNAME {} DSP 0 BRAM 1 URAM 0 DISPNAME {bind_storage ram_1p}} {BINDTYPE storage ID {} IMPL auto LATENCY 1 OPTYPE ram_1p PRAGMA {} RTLNAME K_tile_V_2_U SOURCE attention_int8.cpp:121 VARIABLE K_tile_V_2 LOOP {} BUNDLEDNAME {} DSP 0 BRAM 1 URAM 0 DISPNAME {bind_storage ram_1p}} {BINDTYPE storage ID {} IMPL auto LATENCY 1 OPTYPE ram_1p PRAGMA {} RTLNAME K_tile_V_3_U SOURCE attention_int8.cpp:121 VARIABLE K_tile_V_3 LOOP {} BUNDLEDNAME {} DSP 0 BRAM 1 URAM 0 DISPNAME {bind_storage ram_1p}} {BINDTYPE storage ID {} IMPL auto LATENCY 1 OPTYPE ram_1p PRAGMA {} RTLNAME K_tile_V_4_U SOURCE attention_int8.cpp:121 VARIABLE K_tile_V_4 LOOP {} BUNDLEDNAME {} DSP 0 BRAM 1 URAM 0 DISPNAME {bind_storage ram_1p}} {BINDTYPE storage ID {} IMPL auto LATENCY 1 OPTYPE ram_1p PRAGMA {} RTLNAME K_tile_V_5_U SOURCE attention_int8.cpp:121 VARIABLE K_tile_V_5 LOOP {} BUNDLEDNAME {} DSP 0 BRAM 1 URAM 0 DISPNAME {bind_storage ram_1p}} {BINDTYPE storage ID {} IMPL auto LATENCY 1 OPTYPE ram_1p PRAGMA {} RTLNAME K_tile_V_6_U SOURCE attention_int8.cpp:121 VARIABLE K_tile_V_6 LOOP {} BUNDLEDNAME {} DSP 0 BRAM 1 URAM 0 DISPNAME {bind_storage ram_1p}} {BINDTYPE storage ID {} IMPL auto LATENCY 1 OPTYPE ram_1p PRAGMA {} RTLNAME K_tile_V_7_U SOURCE attention_int8.cpp:121 VARIABLE K_tile_V_7 LOOP {} BUNDLEDNAME {} DSP 0 BRAM 1 URAM 0 DISPNAME {bind_storage ram_1p}} {BINDTYPE storage ID {} IMPL auto LATENCY 1 OPTYPE ram_1p PRAGMA {} RTLNAME K_tile_V_8_U SOURCE attention_int8.cpp:121 VARIABLE K_tile_V_8 LOOP {} BUNDLEDNAME {} DSP 0 BRAM 1 URAM 0 DISPNAME {bind_storage ram_1p}} {BINDTYPE storage ID {} IMPL auto LATENCY 1 OPTYPE ram_1p PRAGMA {} RTLNAME K_tile_V_9_U SOURCE attention_int8.cpp:121 VARIABLE K_tile_V_9 LOOP {} BUNDLEDNAME {} DSP 0 BRAM 1 URAM 0 DISPNAME {bind_storage ram_1p}} {BINDTYPE storage ID {} IMPL auto LATENCY 1 OPTYPE ram_1p PRAGMA {} RTLNAME K_tile_V_10_U SOURCE attention_int8.cpp:121 VARIABLE K_tile_V_10 LOOP {} BUNDLEDNAME {} DSP 0 BRAM 1 URAM 0 DISPNAME {bind_storage ram_1p}} {BINDTYPE storage ID {} IMPL auto LATENCY 1 OPTYPE ram_1p PRAGMA {} RTLNAME K_tile_V_11_U SOURCE attention_int8.cpp:121 VARIABLE K_tile_V_11 LOOP {} BUNDLEDNAME {} DSP 0 BRAM 1 URAM 0 DISPNAME {bind_storage ram_1p}} {BINDTYPE storage ID {} IMPL auto LATENCY 1 OPTYPE ram_1p PRAGMA {} RTLNAME K_tile_V_12_U SOURCE attention_int8.cpp:121 VARIABLE K_tile_V_12 LOOP {} BUNDLEDNAME {} DSP 0 BRAM 1 URAM 0 DISPNAME {bind_storage ram_1p}} {BINDTYPE storage ID {} IMPL auto LATENCY 1 OPTYPE ram_1p PRAGMA {} RTLNAME K_tile_V_13_U SOURCE attention_int8.cpp:121 VARIABLE K_tile_V_13 LOOP {} BUNDLEDNAME {} DSP 0 BRAM 1 URAM 0 DISPNAME {bind_storage ram_1p}} {BINDTYPE storage ID {} IMPL auto LATENCY 1 OPTYPE ram_1p PRAGMA {} RTLNAME K_tile_V_14_U SOURCE attention_int8.cpp:121 VARIABLE K_tile_V_14 LOOP {} BUNDLEDNAME {} DSP 0 BRAM 1 URAM 0 DISPNAME {bind_storage ram_1p}} {BINDTYPE storage ID {} IMPL auto LATENCY 1 OPTYPE ram_1p PRAGMA {} RTLNAME K_tile_V_15_U SOURCE attention_int8.cpp:121 VARIABLE K_tile_V_15 LOOP {} BUNDLEDNAME {} DSP 0 BRAM 1 URAM 0 DISPNAME {bind_storage ram_1p}} {BINDTYPE storage ID {} IMPL auto LATENCY 1 OPTYPE ram_1p PRAGMA {} RTLNAME K_tile_V_16_U SOURCE attention_int8.cpp:121 VARIABLE K_tile_V_16 LOOP {} BUNDLEDNAME {} DSP 0 BRAM 1 URAM 0 DISPNAME {bind_storage ram_1p}} {BINDTYPE storage ID {} IMPL auto LATENCY 1 OPTYPE ram_1p PRAGMA {} RTLNAME K_tile_V_17_U SOURCE attention_int8.cpp:121 VARIABLE K_tile_V_17 LOOP {} BUNDLEDNAME {} DSP 0 BRAM 1 URAM 0 DISPNAME {bind_storage ram_1p}} {BINDTYPE storage ID {} IMPL auto LATENCY 1 OPTYPE ram_1p PRAGMA {} RTLNAME K_tile_V_18_U SOURCE attention_int8.cpp:121 VARIABLE K_tile_V_18 LOOP {} BUNDLEDNAME {} DSP 0 BRAM 1 URAM 0 DISPNAME {bind_storage ram_1p}} {BINDTYPE storage ID {} IMPL auto LATENCY 1 OPTYPE ram_1p PRAGMA {} RTLNAME K_tile_V_19_U SOURCE attention_int8.cpp:121 VARIABLE K_tile_V_19 LOOP {} BUNDLEDNAME {} DSP 0 BRAM 1 URAM 0 DISPNAME {bind_storage ram_1p}} {BINDTYPE storage ID {} IMPL auto LATENCY 1 OPTYPE ram_1p PRAGMA {} RTLNAME K_tile_V_20_U SOURCE attention_int8.cpp:121 VARIABLE K_tile_V_20 LOOP {} BUNDLEDNAME {} DSP 0 BRAM 1 URAM 0 DISPNAME {bind_storage ram_1p}} {BINDTYPE storage ID {} IMPL auto LATENCY 1 OPTYPE ram_1p PRAGMA {} RTLNAME K_tile_V_21_U SOURCE attention_int8.cpp:121 VARIABLE K_tile_V_21 LOOP {} BUNDLEDNAME {} DSP 0 BRAM 1 URAM 0 DISPNAME {bind_storage ram_1p}} {BINDTYPE storage ID {} IMPL auto LATENCY 1 OPTYPE ram_1p PRAGMA {} RTLNAME K_tile_V_22_U SOURCE attention_int8.cpp:121 VARIABLE K_tile_V_22 LOOP {} BUNDLEDNAME {} DSP 0 BRAM 1 URAM 0 DISPNAME {bind_storage ram_1p}} {BINDTYPE storage ID {} IMPL auto LATENCY 1 OPTYPE ram_1p PRAGMA {} RTLNAME K_tile_V_23_U SOURCE attention_int8.cpp:121 VARIABLE K_tile_V_23 LOOP {} BUNDLEDNAME {} DSP 0 BRAM 1 URAM 0 DISPNAME {bind_storage ram_1p}} {BINDTYPE storage ID {} IMPL auto LATENCY 1 OPTYPE ram_1p PRAGMA {} RTLNAME K_tile_V_24_U SOURCE attention_int8.cpp:121 VARIABLE K_tile_V_24 LOOP {} BUNDLEDNAME {} DSP 0 BRAM 1 URAM 0 DISPNAME {bind_storage ram_1p}} {BINDTYPE storage ID {} IMPL auto LATENCY 1 OPTYPE ram_1p PRAGMA {} RTLNAME K_tile_V_25_U SOURCE attention_int8.cpp:121 VARIABLE K_tile_V_25 LOOP {} BUNDLEDNAME {} DSP 0 BRAM 1 URAM 0 DISPNAME {bind_storage ram_1p}} {BINDTYPE storage ID {} IMPL auto LATENCY 1 OPTYPE ram_1p PRAGMA {} RTLNAME K_tile_V_26_U SOURCE attention_int8.cpp:121 VARIABLE K_tile_V_26 LOOP {} BUNDLEDNAME {} DSP 0 BRAM 1 URAM 0 DISPNAME {bind_storage ram_1p}} {BINDTYPE storage ID {} IMPL auto LATENCY 1 OPTYPE ram_1p PRAGMA {} RTLNAME K_tile_V_27_U SOURCE attention_int8.cpp:121 VARIABLE K_tile_V_27 LOOP {} BUNDLEDNAME {} DSP 0 BRAM 1 URAM 0 DISPNAME {bind_storage ram_1p}} {BINDTYPE storage ID {} IMPL auto LATENCY 1 OPTYPE ram_1p PRAGMA {} RTLNAME K_tile_V_28_U SOURCE attention_int8.cpp:121 VARIABLE K_tile_V_28 LOOP {} BUNDLEDNAME {} DSP 0 BRAM 1 URAM 0 DISPNAME {bind_storage ram_1p}} {BINDTYPE storage ID {} IMPL auto LATENCY 1 OPTYPE ram_1p PRAGMA {} RTLNAME K_tile_V_29_U SOURCE attention_int8.cpp:121 VARIABLE K_tile_V_29 LOOP {} BUNDLEDNAME {} DSP 0 BRAM 1 URAM 0 DISPNAME {bind_storage ram_1p}} {BINDTYPE storage ID {} IMPL auto LATENCY 1 OPTYPE ram_1p PRAGMA {} RTLNAME K_tile_V_30_U SOURCE attention_int8.cpp:121 VARIABLE K_tile_V_30 LOOP {} BUNDLEDNAME {} DSP 0 BRAM 1 URAM 0 DISPNAME {bind_storage ram_1p}} {BINDTYPE storage ID {} IMPL auto LATENCY 1 OPTYPE ram_1p PRAGMA {} RTLNAME K_tile_V_31_U SOURCE attention_int8.cpp:121 VARIABLE K_tile_V_31 LOOP {} BUNDLEDNAME {} DSP 0 BRAM 1 URAM 0 DISPNAME {bind_storage ram_1p}} {BINDTYPE storage ID {} IMPL auto LATENCY 1 OPTYPE ram_1p PRAGMA {} RTLNAME K_tile_V_32_U SOURCE attention_int8.cpp:121 VARIABLE K_tile_V_32 LOOP {} BUNDLEDNAME {} DSP 0 BRAM 1 URAM 0 DISPNAME {bind_storage ram_1p}} {BINDTYPE storage ID {} IMPL auto LATENCY 1 OPTYPE ram_1p PRAGMA {} RTLNAME K_tile_V_33_U SOURCE attention_int8.cpp:121 VARIABLE K_tile_V_33 LOOP {} BUNDLEDNAME {} DSP 0 BRAM 1 URAM 0 DISPNAME {bind_storage ram_1p}} {BINDTYPE storage ID {} IMPL auto LATENCY 1 OPTYPE ram_1p PRAGMA {} RTLNAME K_tile_V_34_U SOURCE attention_int8.cpp:121 VARIABLE K_tile_V_34 LOOP {} BUNDLEDNAME {} DSP 0 BRAM 1 URAM 0 DISPNAME {bind_storage ram_1p}} {BINDTYPE storage ID {} IMPL auto LATENCY 1 OPTYPE ram_1p PRAGMA {} RTLNAME K_tile_V_35_U SOURCE attention_int8.cpp:121 VARIABLE K_tile_V_35 LOOP {} BUNDLEDNAME {} DSP 0 BRAM 1 URAM 0 DISPNAME {bind_storage ram_1p}} {BINDTYPE storage ID {} IMPL auto LATENCY 1 OPTYPE ram_1p PRAGMA {} RTLNAME K_tile_V_36_U SOURCE attention_int8.cpp:121 VARIABLE K_tile_V_36 LOOP {} BUNDLEDNAME {} DSP 0 BRAM 1 URAM 0 DISPNAME {bind_storage ram_1p}} {BINDTYPE storage ID {} IMPL auto LATENCY 1 OPTYPE ram_1p PRAGMA {} RTLNAME K_tile_V_37_U SOURCE attention_int8.cpp:121 VARIABLE K_tile_V_37 LOOP {} BUNDLEDNAME {} DSP 0 BRAM 1 URAM 0 DISPNAME {bind_storage ram_1p}} {BINDTYPE storage ID {} IMPL auto LATENCY 1 OPTYPE ram_1p PRAGMA {} RTLNAME K_tile_V_38_U SOURCE attention_int8.cpp:121 VARIABLE K_tile_V_38 LOOP {} BUNDLEDNAME {} DSP 0 BRAM 1 URAM 0 DISPNAME {bind_storage ram_1p}} {BINDTYPE storage ID {} IMPL auto LATENCY 1 OPTYPE ram_1p PRAGMA {} RTLNAME K_tile_V_39_U SOURCE attention_int8.cpp:121 VARIABLE K_tile_V_39 LOOP {} BUNDLEDNAME {} DSP 0 BRAM 1 URAM 0 DISPNAME {bind_storage ram_1p}} {BINDTYPE storage ID {} IMPL auto LATENCY 1 OPTYPE ram_1p PRAGMA {} RTLNAME K_tile_V_40_U SOURCE attention_int8.cpp:121 VARIABLE K_tile_V_40 LOOP {} BUNDLEDNAME {} DSP 0 BRAM 1 URAM 0 DISPNAME {bind_storage ram_1p}} {BINDTYPE storage ID {} IMPL auto LATENCY 1 OPTYPE ram_1p PRAGMA {} RTLNAME K_tile_V_41_U SOURCE attention_int8.cpp:121 VARIABLE K_tile_V_41 LOOP {} BUNDLEDNAME {} DSP 0 BRAM 1 URAM 0 DISPNAME {bind_storage ram_1p}} {BINDTYPE storage ID {} IMPL auto LATENCY 1 OPTYPE ram_1p PRAGMA {} RTLNAME K_tile_V_42_U SOURCE attention_int8.cpp:121 VARIABLE K_tile_V_42 LOOP {} BUNDLEDNAME {} DSP 0 BRAM 1 URAM 0 DISPNAME {bind_storage ram_1p}} {BINDTYPE storage ID {} IMPL auto LATENCY 1 OPTYPE ram_1p PRAGMA {} RTLNAME K_tile_V_43_U SOURCE attention_int8.cpp:121 VARIABLE K_tile_V_43 LOOP {} BUNDLEDNAME {} DSP 0 BRAM 1 URAM 0 DISPNAME {bind_storage ram_1p}} {BINDTYPE storage ID {} IMPL auto LATENCY 1 OPTYPE ram_1p PRAGMA {} RTLNAME K_tile_V_44_U SOURCE attention_int8.cpp:121 VARIABLE K_tile_V_44 LOOP {} BUNDLEDNAME {} DSP 0 BRAM 1 URAM 0 DISPNAME {bind_storage ram_1p}} {BINDTYPE storage ID {} IMPL auto LATENCY 1 OPTYPE ram_1p PRAGMA {} RTLNAME faddfsub_32ns_32ns_32_7_full_dsp_1_U778 SOURCE attention_int8.cpp:121 VARIABLE K_tile_V_45 LOOP {} BUNDLEDNAME {} DSP 0 BRAM 1 URAM 0 DISPNAME {bind_storage ram_1p}} {BINDTYPE storage ID {} IMPL auto LATENCY 1 OPTYPE ram_1p PRAGMA {} RTLNAME K_tile_V_46_U SOURCE attention_int8.cpp:121 VARIABLE K_tile_V_46 LOOP {} BUNDLEDNAME {} DSP 0 BRAM 1 URAM 0 DISPNAME {bind_storage ram_1p}} {BINDTYPE storage ID {} IMPL auto LATENCY 1 OPTYPE ram_1p PRAGMA {} RTLNAME K_tile_V_47_U SOURCE attention_int8.cpp:121 VARIABLE K_tile_V_47 LOOP {} BUNDLEDNAME {} DSP 0 BRAM 1 URAM 0 DISPNAME {bind_storage ram_1p}} {BINDTYPE storage ID {} IMPL auto LATENCY 1 OPTYPE ram_1p PRAGMA {} RTLNAME K_tile_V_48_U SOURCE attention_int8.cpp:121 VARIABLE K_tile_V_48 LOOP {} BUNDLEDNAME {} DSP 0 BRAM 1 URAM 0 DISPNAME {bind_storage ram_1p}} {BINDTYPE storage ID {} IMPL auto LATENCY 1 OPTYPE ram_1p PRAGMA {} RTLNAME K_tile_V_49_U SOURCE attention_int8.cpp:121 VARIABLE K_tile_V_49 LOOP {} BUNDLEDNAME {} DSP 0 BRAM 1 URAM 0 DISPNAME {bind_storage ram_1p}} {BINDTYPE storage ID {} IMPL auto LATENCY 1 OPTYPE ram_1p PRAGMA {} RTLNAME K_tile_V_50_U SOURCE attention_int8.cpp:121 VARIABLE K_tile_V_50 LOOP {} BUNDLEDNAME {} DSP 0 BRAM 1 URAM 0 DISPNAME {bind_storage ram_1p}} {BINDTYPE storage ID {} IMPL auto LATENCY 1 OPTYPE ram_1p PRAGMA {} RTLNAME K_tile_V_51_U SOURCE attention_int8.cpp:121 VARIABLE K_tile_V_51 LOOP {} BUNDLEDNAME {} DSP 0 BRAM 1 URAM 0 DISPNAME {bind_storage ram_1p}} {BINDTYPE storage ID {} IMPL auto LATENCY 1 OPTYPE ram_1p PRAGMA {} RTLNAME fcmp_32ns_32ns_1_2_no_dsp_1_U822 SOURCE attention_int8.cpp:121 VARIABLE K_tile_V_52 LOOP {} BUNDLEDNAME {} DSP 0 BRAM 1 URAM 0 DISPNAME {bind_storage ram_1p}} {BINDTYPE storage ID {} IMPL auto LATENCY 1 OPTYPE ram_1p PRAGMA {} RTLNAME K_tile_V_53_U SOURCE attention_int8.cpp:121 VARIABLE K_tile_V_53 LOOP {} BUNDLEDNAME {} DSP 0 BRAM 1 URAM 0 DISPNAME {bind_storage ram_1p}} {BINDTYPE storage ID {} IMPL auto LATENCY 1 OPTYPE ram_1p PRAGMA {} RTLNAME K_tile_V_54_U SOURCE attention_int8.cpp:121 VARIABLE K_tile_V_54 LOOP {} BUNDLEDNAME {} DSP 0 BRAM 1 URAM 0 DISPNAME {bind_storage ram_1p}} {BINDTYPE storage ID {} IMPL auto LATENCY 1 OPTYPE ram_1p PRAGMA {} RTLNAME K_tile_V_55_U SOURCE attention_int8.cpp:121 VARIABLE K_tile_V_55 LOOP {} BUNDLEDNAME {} DSP 0 BRAM 1 URAM 0 DISPNAME {bind_storage ram_1p}} {BINDTYPE storage ID {} IMPL auto LATENCY 1 OPTYPE ram_1p PRAGMA {} RTLNAME fcmp_32ns_32ns_1_2_no_dsp_1_U816 SOURCE attention_int8.cpp:121 VARIABLE K_tile_V_56 LOOP {} BUNDLEDNAME {} DSP 0 BRAM 1 URAM 0 DISPNAME {bind_storage ram_1p}} {BINDTYPE storage ID {} IMPL auto LATENCY 1 OPTYPE ram_1p PRAGMA {} RTLNAME K_tile_V_57_U SOURCE attention_int8.cpp:121 VARIABLE K_tile_V_57 LOOP {} BUNDLEDNAME {} DSP 0 BRAM 1 URAM 0 DISPNAME {bind_storage ram_1p}} {BINDTYPE storage ID {} IMPL auto LATENCY 1 OPTYPE ram_1p PRAGMA {} RTLNAME K_tile_V_58_U SOURCE attention_int8.cpp:121 VARIABLE K_tile_V_58 LOOP {} BUNDLEDNAME {} DSP 0 BRAM 1 URAM 0 DISPNAME {bind_storage ram_1p}} {BINDTYPE storage ID {} IMPL auto LATENCY 1 OPTYPE ram_1p PRAGMA {} RTLNAME K_tile_V_59_U SOURCE attention_int8.cpp:121 VARIABLE K_tile_V_59 LOOP {} BUNDLEDNAME {} DSP 0 BRAM 1 URAM 0 DISPNAME {bind_storage ram_1p}} {BINDTYPE storage ID {} IMPL auto LATENCY 1 OPTYPE ram_1p PRAGMA {} RTLNAME K_tile_V_60_U SOURCE attention_int8.cpp:121 VARIABLE K_tile_V_60 LOOP {} BUNDLEDNAME {} DSP 0 BRAM 1 URAM 0 DISPNAME {bind_storage ram_1p}} {BINDTYPE storage ID {} IMPL auto LATENCY 1 OPTYPE ram_1p PRAGMA {} RTLNAME fdiv_32ns_32ns_32_16_no_dsp_1_U814 SOURCE attention_int8.cpp:121 VARIABLE K_tile_V_61 LOOP {} BUNDLEDNAME {} DSP 0 BRAM 1 URAM 0 DISPNAME {bind_storage ram_1p}} {BINDTYPE storage ID {} IMPL auto LATENCY 1 OPTYPE ram_1p PRAGMA {} RTLNAME K_tile_V_62_U SOURCE attention_int8.cpp:121 VARIABLE K_tile_V_62 LOOP {} BUNDLEDNAME {} DSP 0 BRAM 1 URAM 0 DISPNAME {bind_storage ram_1p}} {BINDTYPE storage ID {} IMPL auto LATENCY 1 OPTYPE ram_1p PRAGMA {} RTLNAME K_tile_V_63_U SOURCE attention_int8.cpp:121 VARIABLE K_tile_V_63 LOOP {} BUNDLEDNAME {} DSP 0 BRAM 1 URAM 0 DISPNAME {bind_storage ram_1p}} {BINDTYPE storage ID {} IMPL auto LATENCY 1 OPTYPE rom_np PRAGMA {} RTLNAME V_tile_V_U SOURCE attention_int8.cpp:122 VARIABLE V_tile_V LOOP {} BUNDLEDNAME {} DSP 0 BRAM 1 URAM 0 DISPNAME {bind_storage rom_np}} {BINDTYPE storage ID {} IMPL auto LATENCY 1 OPTYPE rom_np PRAGMA {} RTLNAME V_tile_V_1_U SOURCE attention_int8.cpp:122 VARIABLE V_tile_V_1 LOOP {} BUNDLEDNAME {} DSP 0 BRAM 1 URAM 0 DISPNAME {bind_storage rom_np}} {BINDTYPE storage ID {} IMPL auto LATENCY 1 OPTYPE rom_np PRAGMA {} RTLNAME V_tile_V_2_U SOURCE attention_int8.cpp:122 VARIABLE V_tile_V_2 LOOP {} BUNDLEDNAME {} DSP 0 BRAM 1 URAM 0 DISPNAME {bind_storage rom_np}} {BINDTYPE storage ID {} IMPL auto LATENCY 1 OPTYPE rom_np PRAGMA {} RTLNAME V_tile_V_3_U SOURCE attention_int8.cpp:122 VARIABLE V_tile_V_3 LOOP {} BUNDLEDNAME {} DSP 0 BRAM 1 URAM 0 DISPNAME {bind_storage rom_np}} {BINDTYPE storage ID {} IMPL auto LATENCY 1 OPTYPE rom_np PRAGMA {} RTLNAME V_tile_V_4_U SOURCE attention_int8.cpp:122 VARIABLE V_tile_V_4 LOOP {} BUNDLEDNAME {} DSP 0 BRAM 1 URAM 0 DISPNAME {bind_storage rom_np}} {BINDTYPE storage ID {} IMPL auto LATENCY 1 OPTYPE rom_np PRAGMA {} RTLNAME V_tile_V_5_U SOURCE attention_int8.cpp:122 VARIABLE V_tile_V_5 LOOP {} BUNDLEDNAME {} DSP 0 BRAM 1 URAM 0 DISPNAME {bind_storage rom_np}} {BINDTYPE storage ID {} IMPL auto LATENCY 1 OPTYPE rom_np PRAGMA {} RTLNAME V_tile_V_6_U SOURCE attention_int8.cpp:122 VARIABLE V_tile_V_6 LOOP {} BUNDLEDNAME {} DSP 0 BRAM 1 URAM 0 DISPNAME {bind_storage rom_np}} {BINDTYPE storage ID {} IMPL auto LATENCY 1 OPTYPE rom_np PRAGMA {} RTLNAME V_tile_V_7_U SOURCE attention_int8.cpp:122 VARIABLE V_tile_V_7 LOOP {} BUNDLEDNAME {} DSP 0 BRAM 1 URAM 0 DISPNAME {bind_storage rom_np}} {BINDTYPE storage ID {} IMPL auto LATENCY 1 OPTYPE ram_1p PRAGMA {} RTLNAME scores_U SOURCE attention_int8.cpp:138 VARIABLE scores LOOP {} BUNDLEDNAME {} DSP 0 BRAM 2 URAM 0 DISPNAME {bind_storage ram_1p}} {BINDTYPE storage ID {} IMPL auto LATENCY 1 OPTYPE ram_1p PRAGMA {} RTLNAME scores_1_U SOURCE attention_int8.cpp:138 VARIABLE scores_1 LOOP {} BUNDLEDNAME {} DSP 0 BRAM 2 URAM 0 DISPNAME {bind_storage ram_1p}} {BINDTYPE storage ID {} IMPL auto LATENCY 1 OPTYPE ram_1p PRAGMA {} RTLNAME scores_2_U SOURCE attention_int8.cpp:138 VARIABLE scores_2 LOOP {} BUNDLEDNAME {} DSP 0 BRAM 2 URAM 0 DISPNAME {bind_storage ram_1p}} {BINDTYPE storage ID {} IMPL auto LATENCY 1 OPTYPE ram_1p PRAGMA {} RTLNAME scores_3_U SOURCE attention_int8.cpp:138 VARIABLE scores_3 LOOP {} BUNDLEDNAME {} DSP 0 BRAM 2 URAM 0 DISPNAME {bind_storage ram_1p}} {BINDTYPE storage ID {} IMPL auto LATENCY 1 OPTYPE ram_1p PRAGMA {} RTLNAME scores_4_U SOURCE attention_int8.cpp:138 VARIABLE scores_4 LOOP {} BUNDLEDNAME {} DSP 0 BRAM 2 URAM 0 DISPNAME {bind_storage ram_1p}} {BINDTYPE storage ID {} IMPL auto LATENCY 1 OPTYPE ram_1p PRAGMA {} RTLNAME scores_5_U SOURCE attention_int8.cpp:138 VARIABLE scores_5 LOOP {} BUNDLEDNAME {} DSP 0 BRAM 2 URAM 0 DISPNAME {bind_storage ram_1p}} {BINDTYPE storage ID {} IMPL auto LATENCY 1 OPTYPE ram_1p PRAGMA {} RTLNAME scores_6_U SOURCE attention_int8.cpp:138 VARIABLE scores_6 LOOP {} BUNDLEDNAME {} DSP 0 BRAM 2 URAM 0 DISPNAME {bind_storage ram_1p}} {BINDTYPE storage ID {} IMPL auto LATENCY 1 OPTYPE ram_1p PRAGMA {} RTLNAME scores_7_U SOURCE attention_int8.cpp:138 VARIABLE scores_7 LOOP {} BUNDLEDNAME {} DSP 0 BRAM 2 URAM 0 DISPNAME {bind_storage ram_1p}} {BINDTYPE op ID {} IMPL fabric LATENCY 0 OPTYPE add PRAGMA {} RTLNAME fadd_32ns_32ns_32_7_full_dsp_1_U781 SOURCE attention_int8.cpp:89 VARIABLE add_ln89_1 LOOP VITIS_LOOP_89_2 BUNDLEDNAME {} DSP 0 BRAM 0 URAM 0 DISPNAME {bind_op add}} {BINDTYPE op ID {} IMPL fabric LATENCY 0 OPTYPE add PRAGMA {} RTLNAME add_ln91_fu_7439_p2 SOURCE attention_int8.cpp:91 VARIABLE add_ln91 LOOP VITIS_LOOP_89_2 BUNDLEDNAME {} DSP 0 BRAM 0 URAM 0 DISPNAME {bind_op add}} {BINDTYPE op ID {} IMPL fabric LATENCY 0 OPTYPE add PRAGMA {} RTLNAME add_ln144_fu_7512_p2 SOURCE attention_int8.cpp:144 VARIABLE add_ln144 LOOP VITIS_LOOP_144_10 BUNDLEDNAME {} DSP 0 BRAM 0 URAM 0 DISPNAME {bind_op add}} {BINDTYPE op ID {} IMPL fabric LATENCY 0 OPTYPE add PRAGMA {} RTLNAME empty_47_fu_7590_p2 SOURCE attention_int8.cpp:144 VARIABLE empty_47 LOOP VITIS_LOOP_144_10 BUNDLEDNAME {} DSP 0 BRAM 0 URAM 0 DISPNAME {bind_op add}} {BINDTYPE op ID {} IMPL fabric LATENCY 0 OPTYPE add PRAGMA {} RTLNAME add_ln161_fu_7608_p2 SOURCE attention_int8.cpp:161 VARIABLE add_ln161 LOOP VITIS_LOOP_161_13 BUNDLEDNAME {} DSP 0 BRAM 0 URAM 0 DISPNAME {bind_op add}} {BINDTYPE op ID {} IMPL fulldsp LATENCY 6 OPTYPE fsub PRAGMA {} RTLNAME fsub_32ns_32ns_32_7_full_dsp_1_U811 SOURCE attention_int8.cpp:163 VARIABLE x_assign LOOP VITIS_LOOP_161_13 BUNDLEDNAME {} DSP 2 BRAM 0 URAM 0 DISPNAME {bind_op fsub}} {BINDTYPE op ID {} IMPL fabric LATENCY 15 OPTYPE fdiv PRAGMA {} RTLNAME fdiv_32ns_32ns_32_16_no_dsp_1_U814 SOURCE attention_int8.cpp:35 VARIABLE dc LOOP VITIS_LOOP_161_13 BUNDLEDNAME {} DSP 0 BRAM 0 URAM 0 DISPNAME {bind_op fdiv}} {BINDTYPE op ID {} IMPL fabric LATENCY 0 OPTYPE add PRAGMA {} RTLNAME add_ln346_fu_7858_p2 SOURCE /wrk/ci/prod/2022.1/rdi_builds/continuous/2022_04_18_3526262/src/shared/hls/clib/src/hls/utils/x_hls_utils.h:346 VARIABLE add_ln346 LOOP VITIS_LOOP_161_13 BUNDLEDNAME {} DSP 0 BRAM 0 URAM 0 DISPNAME {bind_op add}} {BINDTYPE op ID {} IMPL fabric LATENCY 0 OPTYPE sub PRAGMA {} RTLNAME sub_ln1512_fu_7872_p2 SOURCE /wrk/ci/prod/2022.1/rdi_builds/continuous/2022_04_18_3526262/src/shared/hls/clib/include/header_files/ap_fixed_base.h:1512 VARIABLE sub_ln1512 LOOP VITIS_LOOP_161_13 BUNDLEDNAME {} DSP 0 BRAM 0 URAM 0 DISPNAME {bind_op sub}} {BINDTYPE op ID {} IMPL fabric LATENCY 0 OPTYPE sub PRAGMA {} RTLNAME result_V_3_fu_7940_p2 SOURCE /wrk/ci/prod/2022.1/rdi_builds/continuous/2022_04_18_3526262/src/shared/hls/clib/include/header_files/ap_fixed_base.h:813 VARIABLE result_V_3 LOOP VITIS_LOOP_161_13 BUNDLEDNAME {} DSP 0 BRAM 0 URAM 0 DISPNAME {bind_op sub}} {BINDTYPE op ID {} IMPL fulldsp LATENCY 6 OPTYPE fsub PRAGMA {} RTLNAME fsub_32ns_32ns_32_7_full_dsp_1_U811 SOURCE attention_int8.cpp:52 VARIABLE frac LOOP VITIS_LOOP_161_13 BUNDLEDNAME {} DSP 2 BRAM 0 URAM 0 DISPNAME {bind_op fsub}} {BINDTYPE op ID {} IMPL fulldsp LATENCY 6 OPTYPE fsub PRAGMA {} RTLNAME fsub_32ns_32ns_32_7_full_dsp_1_U811 SOURCE attention_int8.cpp:53 VARIABLE sub11_i1 LOOP VITIS_LOOP_161_13 BUNDLEDNAME {} DSP 2 BRAM 0 URAM 0 DISPNAME {bind_op fsub}} {BINDTYPE op ID {} IMPL maxdsp LATENCY 3 OPTYPE fmul PRAGMA {} RTLNAME fmul_32ns_32ns_32_4_max_dsp_1_U810 SOURCE attention_int8.cpp:53 VARIABLE mul_i1 LOOP VITIS_LOOP_161_13 BUNDLEDNAME {} DSP 3 BRAM 0 URAM 0 DISPNAME {bind_op fmul}} {BINDTYPE op ID {} IMPL maxdsp LATENCY 3 OPTYPE fmul PRAGMA {} RTLNAME fmul_32ns_32ns_32_4_max_dsp_1_U812 SOURCE attention_int8.cpp:53 VARIABLE mul14_i1 LOOP VITIS_LOOP_161_13 BUNDLEDNAME {} DSP 3 BRAM 0 URAM 0 DISPNAME {bind_op fmul}} {BINDTYPE op ID {} IMPL fulldsp LATENCY 6 OPTYPE fadd PRAGMA {} RTLNAME fadd_32ns_32ns_32_7_full_dsp_1_U791 SOURCE attention_int8.cpp:53 VARIABLE add15_i1 LOOP VITIS_LOOP_161_13 BUNDLEDNAME {} DSP 2 BRAM 0 URAM 0 DISPNAME {bind_op fadd}} {BINDTYPE op ID {} IMPL fulldsp LATENCY 6 OPTYPE fadd PRAGMA {} RTLNAME fadd_32ns_32ns_32_7_full_dsp_1_U782 SOURCE attention_int8.cpp:176 VARIABLE l_new LOOP VITIS_LOOP_161_13 BUNDLEDNAME {} DSP 2 BRAM 0 URAM 0 DISPNAME {bind_op fadd}} {BINDTYPE op ID {} IMPL fulldsp LATENCY 6 OPTYPE fadd PRAGMA {} RTLNAME fadd_32ns_32ns_32_7_full_dsp_1_U795 SOURCE attention_int8.cpp:176 VARIABLE l_new_1 LOOP VITIS_LOOP_161_13 BUNDLEDNAME {} DSP 2 BRAM 0 URAM 0 DISPNAME {bind_op fadd}} {BINDTYPE op ID {} IMPL fulldsp LATENCY 6 OPTYPE fadd PRAGMA {} RTLNAME fadd_32ns_32ns_32_7_full_dsp_1_U801 SOURCE attention_int8.cpp:176 VARIABLE l_new_2 LOOP VITIS_LOOP_161_13 BUNDLEDNAME {} DSP 2 BRAM 0 URAM 0 DISPNAME {bind_op fadd}} {BINDTYPE op ID {} IMPL fulldsp LATENCY 6 OPTYPE fadd PRAGMA {} RTLNAME fadd_32ns_32ns_32_7_full_dsp_1_U789 SOURCE attention_int8.cpp:176 VARIABLE l_new_3 LOOP VITIS_LOOP_161_13 BUNDLEDNAME {} DSP 2 BRAM 0 URAM 0 DISPNAME {bind_op fadd}} {BINDTYPE op ID {} IMPL fulldsp LATENCY 6 OPTYPE fadd PRAGMA {} RTLNAME fadd_32ns_32ns_32_7_full_dsp_1_U783 SOURCE attention_int8.cpp:176 VARIABLE l_new_4 LOOP VITIS_LOOP_161_13 BUNDLEDNAME {} DSP 2 BRAM 0 URAM 0 DISPNAME {bind_op fadd}} {BINDTYPE op ID {} IMPL fulldsp LATENCY 6 OPTYPE fadd PRAGMA {} RTLNAME fadd_32ns_32ns_32_7_full_dsp_1_U790 SOURCE attention_int8.cpp:176 VARIABLE l_new_5 LOOP VITIS_LOOP_161_13 BUNDLEDNAME {} DSP 2 BRAM 0 URAM 0 DISPNAME {bind_op fadd}} {BINDTYPE op ID {} IMPL fulldsp LATENCY 6 OPTYPE fadd PRAGMA {} RTLNAME fadd_32ns_32ns_32_7_full_dsp_1_U802 SOURCE attention_int8.cpp:176 VARIABLE l_new_6 LOOP VITIS_LOOP_161_13 BUNDLEDNAME {} DSP 2 BRAM 0 URAM 0 DISPNAME {bind_op fadd}} {BINDTYPE op ID {} IMPL fulldsp LATENCY 6 OPTYPE fadd PRAGMA {} RTLNAME fadd_32ns_32ns_32_7_full_dsp_1_U796 SOURCE attention_int8.cpp:176 VARIABLE l_new_7 LOOP VITIS_LOOP_161_13 BUNDLEDNAME {} DSP 2 BRAM 0 URAM 0 DISPNAME {bind_op fadd}} {BINDTYPE op ID {} IMPL fulldsp LATENCY 6 OPTYPE fadd PRAGMA {} RTLNAME fadd_32ns_32ns_32_7_full_dsp_1_U807 SOURCE attention_int8.cpp:176 VARIABLE l_new_8 LOOP VITIS_LOOP_161_13 BUNDLEDNAME {} DSP 2 BRAM 0 URAM 0 DISPNAME {bind_op fadd}} {BINDTYPE op ID {} IMPL fulldsp LATENCY 6 OPTYPE fadd PRAGMA {} RTLNAME faddfsub_32ns_32ns_32_7_full_dsp_1_U780 SOURCE attention_int8.cpp:176 VARIABLE l_new_9 LOOP VITIS_LOOP_161_13 BUNDLEDNAME {} DSP 2 BRAM 0 URAM 0 DISPNAME {bind_op fadd}} {BINDTYPE op ID {} IMPL fulldsp LATENCY 6 OPTYPE fadd PRAGMA {} RTLNAME fadd_32ns_32ns_32_7_full_dsp_1_U787 SOURCE attention_int8.cpp:176 VARIABLE l_new_10 LOOP VITIS_LOOP_161_13 BUNDLEDNAME {} DSP 2 BRAM 0 URAM 0 DISPNAME {bind_op fadd}} {BINDTYPE op ID {} IMPL fulldsp LATENCY 6 OPTYPE fadd PRAGMA {} RTLNAME fadd_32ns_32ns_32_7_full_dsp_1_U803 SOURCE attention_int8.cpp:176 VARIABLE l_new_11 LOOP VITIS_LOOP_161_13 BUNDLEDNAME {} DSP 2 BRAM 0 URAM 0 DISPNAME {bind_op fadd}} {BINDTYPE op ID {} IMPL fulldsp LATENCY 6 OPTYPE fadd PRAGMA {} RTLNAME fadd_32ns_32ns_32_7_full_dsp_1_U797 SOURCE attention_int8.cpp:176 VARIABLE l_new_12 LOOP VITIS_LOOP_161_13 BUNDLEDNAME {} DSP 2 BRAM 0 URAM 0 DISPNAME {bind_op fadd}} {BINDTYPE op ID {} IMPL fulldsp LATENCY 6 OPTYPE fadd PRAGMA {} RTLNAME fadd_32ns_32ns_32_7_full_dsp_1_U808 SOURCE attention_int8.cpp:176 VARIABLE l_new_13 LOOP VITIS_LOOP_161_13 BUNDLEDNAME {} DSP 2 BRAM 0 URAM 0 DISPNAME {bind_op fadd}} {BINDTYPE op ID {} IMPL fulldsp LATENCY 6 OPTYPE fadd PRAGMA {} RTLNAME fadd_32ns_32ns_32_7_full_dsp_1_U809 SOURCE attention_int8.cpp:176 VARIABLE l_new_14 LOOP VITIS_LOOP_161_13 BUNDLEDNAME {} DSP 2 BRAM 0 URAM 0 DISPNAME {bind_op fadd}} {BINDTYPE op ID {} IMPL fulldsp LATENCY 6 OPTYPE fadd PRAGMA {} RTLNAME fadd_32ns_32ns_32_7_full_dsp_1_U798 SOURCE attention_int8.cpp:176 VARIABLE l_new_15 LOOP VITIS_LOOP_161_13 BUNDLEDNAME {} DSP 2 BRAM 0 URAM 0 DISPNAME {bind_op fadd}} {BINDTYPE op ID {} IMPL fulldsp LATENCY 6 OPTYPE fadd PRAGMA {} RTLNAME fadd_32ns_32ns_32_7_full_dsp_1_U781 SOURCE attention_int8.cpp:176 VARIABLE l_new_16 LOOP VITIS_LOOP_161_13 BUNDLEDNAME {} DSP 2 BRAM 0 URAM 0 DISPNAME {bind_op fadd}} {BINDTYPE op ID {} IMPL fulldsp LATENCY 6 OPTYPE fadd PRAGMA {} RTLNAME faddfsub_32ns_32ns_32_7_full_dsp_1_U779 SOURCE attention_int8.cpp:176 VARIABLE l_new_17 LOOP VITIS_LOOP_161_13 BUNDLEDNAME {} DSP 2 BRAM 0 URAM 0 DISPNAME {bind_op fadd}} {BINDTYPE op ID {} IMPL fulldsp LATENCY 6 OPTYPE fadd PRAGMA {} RTLNAME faddfsub_32ns_32ns_32_7_full_dsp_1_U778 SOURCE attention_int8.cpp:176 VARIABLE l_new_18 LOOP VITIS_LOOP_161_13 BUNDLEDNAME {} DSP 2 BRAM 0 URAM 0 DISPNAME {bind_op fadd}} {BINDTYPE op ID {} IMPL fulldsp LATENCY 6 OPTYPE fadd PRAGMA {} RTLNAME fadd_32ns_32ns_32_7_full_dsp_1_U786 SOURCE attention_int8.cpp:176 VARIABLE l_new_19 LOOP VITIS_LOOP_161_13 BUNDLEDNAME {} DSP 2 BRAM 0 URAM 0 DISPNAME {bind_op fadd}} {BINDTYPE op ID {} IMPL fulldsp LATENCY 6 OPTYPE fadd PRAGMA {} RTLNAME fadd_32ns_32ns_32_7_full_dsp_1_U804 SOURCE attention_int8.cpp:176 VARIABLE l_new_20 LOOP VITIS_LOOP_161_13 BUNDLEDNAME {} DSP 2 BRAM 0 URAM 0 DISPNAME {bind_op fadd}} {BINDTYPE op ID {} IMPL fulldsp LATENCY 6 OPTYPE fadd PRAGMA {} RTLNAME fadd_32ns_32ns_32_7_full_dsp_1_U805 SOURCE attention_int8.cpp:176 VARIABLE l_new_21 LOOP VITIS_LOOP_161_13 BUNDLEDNAME {} DSP 2 BRAM 0 URAM 0 DISPNAME {bind_op fadd}} {BINDTYPE op ID {} IMPL fulldsp LATENCY 6 OPTYPE fadd PRAGMA {} RTLNAME fadd_32ns_32ns_32_7_full_dsp_1_U785 SOURCE attention_int8.cpp:176 VARIABLE l_new_22 LOOP VITIS_LOOP_161_13 BUNDLEDNAME {} DSP 2 BRAM 0 URAM 0 DISPNAME {bind_op fadd}} {BINDTYPE op ID {} IMPL fulldsp LATENCY 6 OPTYPE fadd PRAGMA {} RTLNAME fadd_32ns_32ns_32_7_full_dsp_1_U793 SOURCE attention_int8.cpp:176 VARIABLE l_new_23 LOOP VITIS_LOOP_161_13 BUNDLEDNAME {} DSP 2 BRAM 0 URAM 0 DISPNAME {bind_op fadd}} {BINDTYPE op ID {} IMPL fulldsp LATENCY 6 OPTYPE fadd PRAGMA {} RTLNAME fadd_32ns_32ns_32_7_full_dsp_1_U794 SOURCE attention_int8.cpp:176 VARIABLE l_new_24 LOOP VITIS_LOOP_161_13 BUNDLEDNAME {} DSP 2 BRAM 0 URAM 0 DISPNAME {bind_op fadd}} {BINDTYPE op ID {} IMPL fulldsp LATENCY 6 OPTYPE fadd PRAGMA {} RTLNAME fadd_32ns_32ns_32_7_full_dsp_1_U792 SOURCE attention_int8.cpp:176 VARIABLE l_new_25 LOOP VITIS_LOOP_161_13 BUNDLEDNAME {} DSP 2 BRAM 0 URAM 0 DISPNAME {bind_op fadd}} {BINDTYPE op ID {} IMPL fulldsp LATENCY 6 OPTYPE fadd PRAGMA {} RTLNAME fadd_32ns_32ns_32_7_full_dsp_1_U799 SOURCE attention_int8.cpp:176 VARIABLE l_new_26 LOOP VITIS_LOOP_161_13 BUNDLEDNAME {} DSP 2 BRAM 0 URAM 0 DISPNAME {bind_op fadd}} {BINDTYPE op ID {} IMPL fulldsp LATENCY 6 OPTYPE fadd PRAGMA {} RTLNAME fadd_32ns_32ns_32_7_full_dsp_1_U800 SOURCE attention_int8.cpp:176 VARIABLE l_new_27 LOOP VITIS_LOOP_161_13 BUNDLEDNAME {} DSP 2 BRAM 0 URAM 0 DISPNAME {bind_op fadd}} {BINDTYPE op ID {} IMPL fulldsp LATENCY 6 OPTYPE fadd PRAGMA {} RTLNAME fadd_32ns_32ns_32_7_full_dsp_1_U784 SOURCE attention_int8.cpp:176 VARIABLE l_new_28 LOOP VITIS_LOOP_161_13 BUNDLEDNAME {} DSP 2 BRAM 0 URAM 0 DISPNAME {bind_op fadd}} {BINDTYPE op ID {} IMPL fulldsp LATENCY 6 OPTYPE fadd PRAGMA {} RTLNAME fadd_32ns_32ns_32_7_full_dsp_1_U806 SOURCE attention_int8.cpp:176 VARIABLE l_new_29 LOOP VITIS_LOOP_161_13 BUNDLEDNAME {} DSP 2 BRAM 0 URAM 0 DISPNAME {bind_op fadd}} {BINDTYPE op ID {} IMPL fulldsp LATENCY 6 OPTYPE fadd PRAGMA {} RTLNAME fadd_32ns_32ns_32_7_full_dsp_1_U788 SOURCE attention_int8.cpp:176 VARIABLE l_new_30 LOOP VITIS_LOOP_161_13 BUNDLEDNAME {} DSP 2 BRAM 0 URAM 0 DISPNAME {bind_op fadd}} {BINDTYPE op ID {} IMPL fulldsp LATENCY 6 OPTYPE fadd PRAGMA {} RTLNAME fadd_32ns_32ns_32_7_full_dsp_1_U791 SOURCE attention_int8.cpp:176 VARIABLE l_new_31 LOOP VITIS_LOOP_161_13 BUNDLEDNAME {} DSP 2 BRAM 0 URAM 0 DISPNAME {bind_op fadd}} {BINDTYPE op ID {} IMPL fulldsp LATENCY 6 OPTYPE fadd PRAGMA {} RTLNAME fadd_32ns_32ns_32_7_full_dsp_1_U782 SOURCE attention_int8.cpp:176 VARIABLE l_new_32 LOOP VITIS_LOOP_161_13 BUNDLEDNAME {} DSP 2 BRAM 0 URAM 0 DISPNAME {bind_op fadd}} {BINDTYPE op ID {} IMPL fulldsp LATENCY 6 OPTYPE fadd PRAGMA {} RTLNAME fadd_32ns_32ns_32_7_full_dsp_1_U795 SOURCE attention_int8.cpp:176 VARIABLE l_new_33 LOOP VITIS_LOOP_161_13 BUNDLEDNAME {} DSP 2 BRAM 0 URAM 0 DISPNAME {bind_op fadd}} {BINDTYPE op ID {} IMPL fulldsp LATENCY 6 OPTYPE fadd PRAGMA {} RTLNAME fadd_32ns_32ns_32_7_full_dsp_1_U801 SOURCE attention_int8.cpp:176 VARIABLE l_new_34 LOOP VITIS_LOOP_161_13 BUNDLEDNAME {} DSP 2 BRAM 0 URAM 0 DISPNAME {bind_op fadd}} {BINDTYPE op ID {} IMPL fulldsp LATENCY 6 OPTYPE fadd PRAGMA {} RTLNAME fadd_32ns_32ns_32_7_full_dsp_1_U789 SOURCE attention_int8.cpp:176 VARIABLE l_new_35 LOOP VITIS_LOOP_161_13 BUNDLEDNAME {} DSP 2 BRAM 0 URAM 0 DISPNAME {bind_op fadd}} {BINDTYPE op ID {} IMPL fulldsp LATENCY 6 OPTYPE fadd PRAGMA {} RTLNAME fadd_32ns_32ns_32_7_full_dsp_1_U783 SOURCE attention_int8.cpp:176 VARIABLE l_new_36 LOOP VITIS_LOOP_161_13 BUNDLEDNAME {} DSP 2 BRAM 0 URAM 0 DISPNAME {bind_op fadd}} {BINDTYPE op ID {} IMPL fulldsp LATENCY 6 OPTYPE fadd PRAGMA {} RTLNAME fadd_32ns_32ns_32_7_full_dsp_1_U790 SOURCE attention_int8.cpp:176 VARIABLE l_new_37 LOOP VITIS_LOOP_161_13 BUNDLEDNAME {} DSP 2 BRAM 0 URAM 0 DISPNAME {bind_op fadd}} {BINDTYPE op ID {} IMPL fulldsp LATENCY 6 OPTYPE fadd PRAGMA {} RTLNAME fadd_32ns_32ns_32_7_full_dsp_1_U802 SOURCE attention_int8.cpp:176 VARIABLE l_new_38 LOOP VITIS_LOOP_161_13 BUNDLEDNAME {} DSP 2 BRAM 0 URAM 0 DISPNAME {bind_op fadd}} {BINDTYPE op ID {} IMPL fulldsp LATENCY 6 OPTYPE fadd PRAGMA {} RTLNAME fadd_32ns_32ns_32_7_full_dsp_1_U796 SOURCE attention_int8.cpp:176 VARIABLE l_new_39 LOOP VITIS_LOOP_161_13 BUNDLEDNAME {} DSP 2 BRAM 0 URAM 0 DISPNAME {bind_op fadd}} {BINDTYPE op ID {} IMPL fulldsp LATENCY 6 OPTYPE fadd PRAGMA {} RTLNAME fadd_32ns_32ns_32_7_full_dsp_1_U807 SOURCE attention_int8.cpp:176 VARIABLE l_new_40 LOOP VITIS_LOOP_161_13 BUNDLEDNAME {} DSP 2 BRAM 0 URAM 0 DISPNAME {bind_op fadd}} {BINDTYPE op ID {} IMPL fulldsp LATENCY 6 OPTYPE fadd PRAGMA {} RTLNAME faddfsub_32ns_32ns_32_7_full_dsp_1_U780 SOURCE attention_int8.cpp:176 VARIABLE l_new_41 LOOP VITIS_LOOP_161_13 BUNDLEDNAME {} DSP 2 BRAM 0 URAM 0 DISPNAME {bind_op fadd}} {BINDTYPE op ID {} IMPL fulldsp LATENCY 6 OPTYPE fadd PRAGMA {} RTLNAME fadd_32ns_32ns_32_7_full_dsp_1_U787 SOURCE attention_int8.cpp:176 VARIABLE l_new_42 LOOP VITIS_LOOP_161_13 BUNDLEDNAME {} DSP 2 BRAM 0 URAM 0 DISPNAME {bind_op fadd}} {BINDTYPE op ID {} IMPL fulldsp LATENCY 6 OPTYPE fadd PRAGMA {} RTLNAME fadd_32ns_32ns_32_7_full_dsp_1_U803 SOURCE attention_int8.cpp:176 VARIABLE l_new_43 LOOP VITIS_LOOP_161_13 BUNDLEDNAME {} DSP 2 BRAM 0 URAM 0 DISPNAME {bind_op fadd}} {BINDTYPE op ID {} IMPL fulldsp LATENCY 6 OPTYPE fadd PRAGMA {} RTLNAME fadd_32ns_32ns_32_7_full_dsp_1_U797 SOURCE attention_int8.cpp:176 VARIABLE l_new_44 LOOP VITIS_LOOP_161_13 BUNDLEDNAME {} DSP 2 BRAM 0 URAM 0 DISPNAME {bind_op fadd}} {BINDTYPE op ID {} IMPL fulldsp LATENCY 6 OPTYPE fadd PRAGMA {} RTLNAME fadd_32ns_32ns_32_7_full_dsp_1_U808 SOURCE attention_int8.cpp:176 VARIABLE l_new_45 LOOP VITIS_LOOP_161_13 BUNDLEDNAME {} DSP 2 BRAM 0 URAM 0 DISPNAME {bind_op fadd}} {BINDTYPE op ID {} IMPL fulldsp LATENCY 6 OPTYPE fadd PRAGMA {} RTLNAME fadd_32ns_32ns_32_7_full_dsp_1_U809 SOURCE attention_int8.cpp:176 VARIABLE l_new_46 LOOP VITIS_LOOP_161_13 BUNDLEDNAME {} DSP 2 BRAM 0 URAM 0 DISPNAME {bind_op fadd}} {BINDTYPE op ID {} IMPL fulldsp LATENCY 6 OPTYPE fadd PRAGMA {} RTLNAME fadd_32ns_32ns_32_7_full_dsp_1_U798 SOURCE attention_int8.cpp:176 VARIABLE l_new_47 LOOP VITIS_LOOP_161_13 BUNDLEDNAME {} DSP 2 BRAM 0 URAM 0 DISPNAME {bind_op fadd}} {BINDTYPE op ID {} IMPL fulldsp LATENCY 6 OPTYPE fadd PRAGMA {} RTLNAME fadd_32ns_32ns_32_7_full_dsp_1_U781 SOURCE attention_int8.cpp:176 VARIABLE l_new_48 LOOP VITIS_LOOP_161_13 BUNDLEDNAME {} DSP 2 BRAM 0 URAM 0 DISPNAME {bind_op fadd}} {BINDTYPE op ID {} IMPL fulldsp LATENCY 6 OPTYPE fadd PRAGMA {} RTLNAME faddfsub_32ns_32ns_32_7_full_dsp_1_U779 SOURCE attention_int8.cpp:176 VARIABLE l_new_49 LOOP VITIS_LOOP_161_13 BUNDLEDNAME {} DSP 2 BRAM 0 URAM 0 DISPNAME {bind_op fadd}} {BINDTYPE op ID {} IMPL fulldsp LATENCY 6 OPTYPE fadd PRAGMA {} RTLNAME faddfsub_32ns_32ns_32_7_full_dsp_1_U778 SOURCE attention_int8.cpp:176 VARIABLE l_new_50 LOOP VITIS_LOOP_161_13 BUNDLEDNAME {} DSP 2 BRAM 0 URAM 0 DISPNAME {bind_op fadd}} {BINDTYPE op ID {} IMPL fulldsp LATENCY 6 OPTYPE fadd PRAGMA {} RTLNAME fadd_32ns_32ns_32_7_full_dsp_1_U786 SOURCE attention_int8.cpp:176 VARIABLE l_new_51 LOOP VITIS_LOOP_161_13 BUNDLEDNAME {} DSP 2 BRAM 0 URAM 0 DISPNAME {bind_op fadd}} {BINDTYPE op ID {} IMPL fulldsp LATENCY 6 OPTYPE fadd PRAGMA {} RTLNAME fadd_32ns_32ns_32_7_full_dsp_1_U804 SOURCE attention_int8.cpp:176 VARIABLE l_new_52 LOOP VITIS_LOOP_161_13 BUNDLEDNAME {} DSP 2 BRAM 0 URAM 0 DISPNAME {bind_op fadd}} {BINDTYPE op ID {} IMPL fulldsp LATENCY 6 OPTYPE fadd PRAGMA {} RTLNAME fadd_32ns_32ns_32_7_full_dsp_1_U805 SOURCE attention_int8.cpp:176 VARIABLE l_new_53 LOOP VITIS_LOOP_161_13 BUNDLEDNAME {} DSP 2 BRAM 0 URAM 0 DISPNAME {bind_op fadd}} {BINDTYPE op ID {} IMPL fulldsp LATENCY 6 OPTYPE fadd PRAGMA {} RTLNAME fadd_32ns_32ns_32_7_full_dsp_1_U785 SOURCE attention_int8.cpp:176 VARIABLE l_new_54 LOOP VITIS_LOOP_161_13 BUNDLEDNAME {} DSP 2 BRAM 0 URAM 0 DISPNAME {bind_op fadd}} {BINDTYPE op ID {} IMPL fulldsp LATENCY 6 OPTYPE fadd PRAGMA {} RTLNAME fadd_32ns_32ns_32_7_full_dsp_1_U793 SOURCE attention_int8.cpp:176 VARIABLE l_new_55 LOOP VITIS_LOOP_161_13 BUNDLEDNAME {} DSP 2 BRAM 0 URAM 0 DISPNAME {bind_op fadd}} {BINDTYPE op ID {} IMPL fulldsp LATENCY 6 OPTYPE fadd PRAGMA {} RTLNAME fadd_32ns_32ns_32_7_full_dsp_1_U794 SOURCE attention_int8.cpp:176 VARIABLE l_new_56 LOOP VITIS_LOOP_161_13 BUNDLEDNAME {} DSP 2 BRAM 0 URAM 0 DISPNAME {bind_op fadd}} {BINDTYPE op ID {} IMPL fulldsp LATENCY 6 OPTYPE fadd PRAGMA {} RTLNAME fadd_32ns_32ns_32_7_full_dsp_1_U792 SOURCE attention_int8.cpp:176 VARIABLE l_new_57 LOOP VITIS_LOOP_161_13 BUNDLEDNAME {} DSP 2 BRAM 0 URAM 0 DISPNAME {bind_op fadd}} {BINDTYPE op ID {} IMPL fulldsp LATENCY 6 OPTYPE fadd PRAGMA {} RTLNAME fadd_32ns_32ns_32_7_full_dsp_1_U799 SOURCE attention_int8.cpp:176 VARIABLE l_new_58 LOOP VITIS_LOOP_161_13 BUNDLEDNAME {} DSP 2 BRAM 0 URAM 0 DISPNAME {bind_op fadd}} {BINDTYPE op ID {} IMPL fulldsp LATENCY 6 OPTYPE fadd PRAGMA {} RTLNAME fadd_32ns_32ns_32_7_full_dsp_1_U800 SOURCE attention_int8.cpp:176 VARIABLE l_new_59 LOOP VITIS_LOOP_161_13 BUNDLEDNAME {} DSP 2 BRAM 0 URAM 0 DISPNAME {bind_op fadd}} {BINDTYPE op ID {} IMPL fulldsp LATENCY 6 OPTYPE fadd PRAGMA {} RTLNAME fadd_32ns_32ns_32_7_full_dsp_1_U784 SOURCE attention_int8.cpp:176 VARIABLE l_new_60 LOOP VITIS_LOOP_161_13 BUNDLEDNAME {} DSP 2 BRAM 0 URAM 0 DISPNAME {bind_op fadd}} {BINDTYPE op ID {} IMPL fulldsp LATENCY 6 OPTYPE fadd PRAGMA {} RTLNAME fadd_32ns_32ns_32_7_full_dsp_1_U806 SOURCE attention_int8.cpp:176 VARIABLE l_new_61 LOOP VITIS_LOOP_161_13 BUNDLEDNAME {} DSP 2 BRAM 0 URAM 0 DISPNAME {bind_op fadd}} {BINDTYPE op ID {} IMPL fulldsp LATENCY 6 OPTYPE fadd PRAGMA {} RTLNAME fadd_32ns_32ns_32_7_full_dsp_1_U788 SOURCE attention_int8.cpp:176 VARIABLE l_new_62 LOOP VITIS_LOOP_161_13 BUNDLEDNAME {} DSP 2 BRAM 0 URAM 0 DISPNAME {bind_op fadd}} {BINDTYPE op ID {} IMPL fulldsp LATENCY 6 OPTYPE fadd PRAGMA {} RTLNAME fadd_32ns_32ns_32_7_full_dsp_1_U791 SOURCE attention_int8.cpp:176 VARIABLE l_new_63 LOOP VITIS_LOOP_161_13 BUNDLEDNAME {} DSP 2 BRAM 0 URAM 0 DISPNAME {bind_op fadd}} {BINDTYPE op ID {} IMPL fulldsp LATENCY 6 OPTYPE fadd PRAGMA {} RTLNAME fadd_32ns_32ns_32_7_full_dsp_1_U782 SOURCE attention_int8.cpp:176 VARIABLE l_new_64 LOOP VITIS_LOOP_161_13 BUNDLEDNAME {} DSP 2 BRAM 0 URAM 0 DISPNAME {bind_op fadd}} {BINDTYPE op ID {} IMPL fulldsp LATENCY 6 OPTYPE fadd PRAGMA {} RTLNAME fadd_32ns_32ns_32_7_full_dsp_1_U795 SOURCE attention_int8.cpp:176 VARIABLE l_new_65 LOOP VITIS_LOOP_161_13 BUNDLEDNAME {} DSP 2 BRAM 0 URAM 0 DISPNAME {bind_op fadd}} {BINDTYPE op ID {} IMPL fulldsp LATENCY 6 OPTYPE fadd PRAGMA {} RTLNAME fadd_32ns_32ns_32_7_full_dsp_1_U801 SOURCE attention_int8.cpp:176 VARIABLE l_new_66 LOOP VITIS_LOOP_161_13 BUNDLEDNAME {} DSP 2 BRAM 0 URAM 0 DISPNAME {bind_op fadd}} {BINDTYPE op ID {} IMPL fulldsp LATENCY 6 OPTYPE fadd PRAGMA {} RTLNAME fadd_32ns_32ns_32_7_full_dsp_1_U789 SOURCE attention_int8.cpp:176 VARIABLE l_new_67 LOOP VITIS_LOOP_161_13 BUNDLEDNAME {} DSP 2 BRAM 0 URAM 0 DISPNAME {bind_op fadd}} {BINDTYPE op ID {} IMPL fulldsp LATENCY 6 OPTYPE fadd PRAGMA {} RTLNAME fadd_32ns_32ns_32_7_full_dsp_1_U783 SOURCE attention_int8.cpp:176 VARIABLE l_new_68 LOOP VITIS_LOOP_161_13 BUNDLEDNAME {} DSP 2 BRAM 0 URAM 0 DISPNAME {bind_op fadd}} {BINDTYPE op ID {} IMPL fulldsp LATENCY 6 OPTYPE fadd PRAGMA {} RTLNAME fadd_32ns_32ns_32_7_full_dsp_1_U790 SOURCE attention_int8.cpp:176 VARIABLE l_new_69 LOOP VITIS_LOOP_161_13 BUNDLEDNAME {} DSP 2 BRAM 0 URAM 0 DISPNAME {bind_op fadd}} {BINDTYPE op ID {} IMPL fulldsp LATENCY 6 OPTYPE fadd PRAGMA {} RTLNAME fadd_32ns_32ns_32_7_full_dsp_1_U802 SOURCE attention_int8.cpp:176 VARIABLE l_new_70 LOOP VITIS_LOOP_161_13 BUNDLEDNAME {} DSP 2 BRAM 0 URAM 0 DISPNAME {bind_op fadd}} {BINDTYPE op ID {} IMPL fulldsp LATENCY 6 OPTYPE fadd PRAGMA {} RTLNAME fadd_32ns_32ns_32_7_full_dsp_1_U796 SOURCE attention_int8.cpp:176 VARIABLE l_new_71 LOOP VITIS_LOOP_161_13 BUNDLEDNAME {} DSP 2 BRAM 0 URAM 0 DISPNAME {bind_op fadd}} {BINDTYPE op ID {} IMPL fulldsp LATENCY 6 OPTYPE fadd PRAGMA {} RTLNAME fadd_32ns_32ns_32_7_full_dsp_1_U807 SOURCE attention_int8.cpp:176 VARIABLE l_new_72 LOOP VITIS_LOOP_161_13 BUNDLEDNAME {} DSP 2 BRAM 0 URAM 0 DISPNAME {bind_op fadd}} {BINDTYPE op ID {} IMPL fulldsp LATENCY 6 OPTYPE fadd PRAGMA {} RTLNAME faddfsub_32ns_32ns_32_7_full_dsp_1_U780 SOURCE attention_int8.cpp:176 VARIABLE l_new_73 LOOP VITIS_LOOP_161_13 BUNDLEDNAME {} DSP 2 BRAM 0 URAM 0 DISPNAME {bind_op fadd}} {BINDTYPE op ID {} IMPL fulldsp LATENCY 6 OPTYPE fadd PRAGMA {} RTLNAME fadd_32ns_32ns_32_7_full_dsp_1_U787 SOURCE attention_int8.cpp:176 VARIABLE l_new_74 LOOP VITIS_LOOP_161_13 BUNDLEDNAME {} DSP 2 BRAM 0 URAM 0 DISPNAME {bind_op fadd}} {BINDTYPE op ID {} IMPL fulldsp LATENCY 6 OPTYPE fadd PRAGMA {} RTLNAME fadd_32ns_32ns_32_7_full_dsp_1_U803 SOURCE attention_int8.cpp:176 VARIABLE l_new_75 LOOP VITIS_LOOP_161_13 BUNDLEDNAME {} DSP 2 BRAM 0 URAM 0 DISPNAME {bind_op fadd}} {BINDTYPE op ID {} IMPL fulldsp LATENCY 6 OPTYPE fadd PRAGMA {} RTLNAME fadd_32ns_32ns_32_7_full_dsp_1_U797 SOURCE attention_int8.cpp:176 VARIABLE l_new_76 LOOP VITIS_LOOP_161_13 BUNDLEDNAME {} DSP 2 BRAM 0 URAM 0 DISPNAME {bind_op fadd}} {BINDTYPE op ID {} IMPL fulldsp LATENCY 6 OPTYPE fadd PRAGMA {} RTLNAME fadd_32ns_32ns_32_7_full_dsp_1_U808 SOURCE attention_int8.cpp:176 VARIABLE l_new_77 LOOP VITIS_LOOP_161_13 BUNDLEDNAME {} DSP 2 BRAM 0 URAM 0 DISPNAME {bind_op fadd}} {BINDTYPE op ID {} IMPL fulldsp LATENCY 6 OPTYPE fadd PRAGMA {} RTLNAME fadd_32ns_32ns_32_7_full_dsp_1_U809 SOURCE attention_int8.cpp:176 VARIABLE l_new_78 LOOP VITIS_LOOP_161_13 BUNDLEDNAME {} DSP 2 BRAM 0 URAM 0 DISPNAME {bind_op fadd}} {BINDTYPE op ID {} IMPL fulldsp LATENCY 6 OPTYPE fadd PRAGMA {} RTLNAME fadd_32ns_32ns_32_7_full_dsp_1_U798 SOURCE attention_int8.cpp:176 VARIABLE l_new_79 LOOP VITIS_LOOP_161_13 BUNDLEDNAME {} DSP 2 BRAM 0 URAM 0 DISPNAME {bind_op fadd}} {BINDTYPE op ID {} IMPL fulldsp LATENCY 6 OPTYPE fadd PRAGMA {} RTLNAME fadd_32ns_32ns_32_7_full_dsp_1_U781 SOURCE attention_int8.cpp:176 VARIABLE l_new_80 LOOP VITIS_LOOP_161_13 BUNDLEDNAME {} DSP 2 BRAM 0 URAM 0 DISPNAME {bind_op fadd}} {BINDTYPE op ID {} IMPL fulldsp LATENCY 6 OPTYPE fadd PRAGMA {} RTLNAME faddfsub_32ns_32ns_32_7_full_dsp_1_U779 SOURCE attention_int8.cpp:176 VARIABLE l_new_81 LOOP VITIS_LOOP_161_13 BUNDLEDNAME {} DSP 2 BRAM 0 URAM 0 DISPNAME {bind_op fadd}} {BINDTYPE op ID {} IMPL fulldsp LATENCY 6 OPTYPE fadd PRAGMA {} RTLNAME faddfsub_32ns_32ns_32_7_full_dsp_1_U778 SOURCE attention_int8.cpp:176 VARIABLE l_new_82 LOOP VITIS_LOOP_161_13 BUNDLEDNAME {} DSP 2 BRAM 0 URAM 0 DISPNAME {bind_op fadd}} {BINDTYPE op ID {} IMPL fulldsp LATENCY 6 OPTYPE fadd PRAGMA {} RTLNAME fadd_32ns_32ns_32_7_full_dsp_1_U786 SOURCE attention_int8.cpp:176 VARIABLE l_new_83 LOOP VITIS_LOOP_161_13 BUNDLEDNAME {} DSP 2 BRAM 0 URAM 0 DISPNAME {bind_op fadd}} {BINDTYPE op ID {} IMPL fulldsp LATENCY 6 OPTYPE fadd PRAGMA {} RTLNAME fadd_32ns_32ns_32_7_full_dsp_1_U804 SOURCE attention_int8.cpp:176 VARIABLE l_new_84 LOOP VITIS_LOOP_161_13 BUNDLEDNAME {} DSP 2 BRAM 0 URAM 0 DISPNAME {bind_op fadd}} {BINDTYPE op ID {} IMPL fulldsp LATENCY 6 OPTYPE fadd PRAGMA {} RTLNAME fadd_32ns_32ns_32_7_full_dsp_1_U805 SOURCE attention_int8.cpp:176 VARIABLE l_new_85 LOOP VITIS_LOOP_161_13 BUNDLEDNAME {} DSP 2 BRAM 0 URAM 0 DISPNAME {bind_op fadd}} {BINDTYPE op ID {} IMPL fulldsp LATENCY 6 OPTYPE fadd PRAGMA {} RTLNAME fadd_32ns_32ns_32_7_full_dsp_1_U785 SOURCE attention_int8.cpp:176 VARIABLE l_new_86 LOOP VITIS_LOOP_161_13 BUNDLEDNAME {} DSP 2 BRAM 0 URAM 0 DISPNAME {bind_op fadd}} {BINDTYPE op ID {} IMPL fulldsp LATENCY 6 OPTYPE fadd PRAGMA {} RTLNAME fadd_32ns_32ns_32_7_full_dsp_1_U793 SOURCE attention_int8.cpp:176 VARIABLE l_new_87 LOOP VITIS_LOOP_161_13 BUNDLEDNAME {} DSP 2 BRAM 0 URAM 0 DISPNAME {bind_op fadd}} {BINDTYPE op ID {} IMPL fulldsp LATENCY 6 OPTYPE fadd PRAGMA {} RTLNAME fadd_32ns_32ns_32_7_full_dsp_1_U794 SOURCE attention_int8.cpp:176 VARIABLE l_new_88 LOOP VITIS_LOOP_161_13 BUNDLEDNAME {} DSP 2 BRAM 0 URAM 0 DISPNAME {bind_op fadd}} {BINDTYPE op ID {} IMPL fulldsp LATENCY 6 OPTYPE fadd PRAGMA {} RTLNAME fadd_32ns_32ns_32_7_full_dsp_1_U792 SOURCE attention_int8.cpp:176 VARIABLE l_new_89 LOOP VITIS_LOOP_161_13 BUNDLEDNAME {} DSP 2 BRAM 0 URAM 0 DISPNAME {bind_op fadd}} {BINDTYPE op ID {} IMPL fulldsp LATENCY 6 OPTYPE fadd PRAGMA {} RTLNAME fadd_32ns_32ns_32_7_full_dsp_1_U799 SOURCE attention_int8.cpp:176 VARIABLE l_new_90 LOOP VITIS_LOOP_161_13 BUNDLEDNAME {} DSP 2 BRAM 0 URAM 0 DISPNAME {bind_op fadd}} {BINDTYPE op ID {} IMPL fulldsp LATENCY 6 OPTYPE fadd PRAGMA {} RTLNAME fadd_32ns_32ns_32_7_full_dsp_1_U800 SOURCE attention_int8.cpp:176 VARIABLE l_new_91 LOOP VITIS_LOOP_161_13 BUNDLEDNAME {} DSP 2 BRAM 0 URAM 0 DISPNAME {bind_op fadd}} {BINDTYPE op ID {} IMPL fulldsp LATENCY 6 OPTYPE fadd PRAGMA {} RTLNAME fadd_32ns_32ns_32_7_full_dsp_1_U784 SOURCE attention_int8.cpp:176 VARIABLE l_new_92 LOOP VITIS_LOOP_161_13 BUNDLEDNAME {} DSP 2 BRAM 0 URAM 0 DISPNAME {bind_op fadd}} {BINDTYPE op ID {} IMPL fulldsp LATENCY 6 OPTYPE fadd PRAGMA {} RTLNAME fadd_32ns_32ns_32_7_full_dsp_1_U806 SOURCE attention_int8.cpp:176 VARIABLE l_new_93 LOOP VITIS_LOOP_161_13 BUNDLEDNAME {} DSP 2 BRAM 0 URAM 0 DISPNAME {bind_op fadd}} {BINDTYPE op ID {} IMPL fulldsp LATENCY 6 OPTYPE fadd PRAGMA {} RTLNAME fadd_32ns_32ns_32_7_full_dsp_1_U788 SOURCE attention_int8.cpp:176 VARIABLE l_new_94 LOOP VITIS_LOOP_161_13 BUNDLEDNAME {} DSP 2 BRAM 0 URAM 0 DISPNAME {bind_op fadd}} {BINDTYPE op ID {} IMPL fulldsp LATENCY 6 OPTYPE fadd PRAGMA {} RTLNAME fadd_32ns_32ns_32_7_full_dsp_1_U791 SOURCE attention_int8.cpp:176 VARIABLE l_new_95 LOOP VITIS_LOOP_161_13 BUNDLEDNAME {} DSP 2 BRAM 0 URAM 0 DISPNAME {bind_op fadd}} {BINDTYPE op ID {} IMPL fulldsp LATENCY 6 OPTYPE fadd PRAGMA {} RTLNAME fadd_32ns_32ns_32_7_full_dsp_1_U782 SOURCE attention_int8.cpp:176 VARIABLE l_new_96 LOOP VITIS_LOOP_161_13 BUNDLEDNAME {} DSP 2 BRAM 0 URAM 0 DISPNAME {bind_op fadd}} {BINDTYPE op ID {} IMPL fulldsp LATENCY 6 OPTYPE fadd PRAGMA {} RTLNAME fadd_32ns_32ns_32_7_full_dsp_1_U795 SOURCE attention_int8.cpp:176 VARIABLE l_new_97 LOOP VITIS_LOOP_161_13 BUNDLEDNAME {} DSP 2 BRAM 0 URAM 0 DISPNAME {bind_op fadd}} {BINDTYPE op ID {} IMPL fulldsp LATENCY 6 OPTYPE fadd PRAGMA {} RTLNAME fadd_32ns_32ns_32_7_full_dsp_1_U801 SOURCE attention_int8.cpp:176 VARIABLE l_new_98 LOOP VITIS_LOOP_161_13 BUNDLEDNAME {} DSP 2 BRAM 0 URAM 0 DISPNAME {bind_op fadd}} {BINDTYPE op ID {} IMPL fulldsp LATENCY 6 OPTYPE fadd PRAGMA {} RTLNAME fadd_32ns_32ns_32_7_full_dsp_1_U789 SOURCE attention_int8.cpp:176 VARIABLE l_new_99 LOOP VITIS_LOOP_161_13 BUNDLEDNAME {} DSP 2 BRAM 0 URAM 0 DISPNAME {bind_op fadd}} {BINDTYPE op ID {} IMPL fulldsp LATENCY 6 OPTYPE fadd PRAGMA {} RTLNAME fadd_32ns_32ns_32_7_full_dsp_1_U783 SOURCE attention_int8.cpp:176 VARIABLE l_new_100 LOOP VITIS_LOOP_161_13 BUNDLEDNAME {} DSP 2 BRAM 0 URAM 0 DISPNAME {bind_op fadd}} {BINDTYPE op ID {} IMPL fulldsp LATENCY 6 OPTYPE fadd PRAGMA {} RTLNAME fadd_32ns_32ns_32_7_full_dsp_1_U790 SOURCE attention_int8.cpp:176 VARIABLE l_new_101 LOOP VITIS_LOOP_161_13 BUNDLEDNAME {} DSP 2 BRAM 0 URAM 0 DISPNAME {bind_op fadd}} {BINDTYPE op ID {} IMPL fulldsp LATENCY 6 OPTYPE fadd PRAGMA {} RTLNAME fadd_32ns_32ns_32_7_full_dsp_1_U802 SOURCE attention_int8.cpp:176 VARIABLE l_new_102 LOOP VITIS_LOOP_161_13 BUNDLEDNAME {} DSP 2 BRAM 0 URAM 0 DISPNAME {bind_op fadd}} {BINDTYPE op ID {} IMPL fulldsp LATENCY 6 OPTYPE fadd PRAGMA {} RTLNAME fadd_32ns_32ns_32_7_full_dsp_1_U796 SOURCE attention_int8.cpp:176 VARIABLE l_new_103 LOOP VITIS_LOOP_161_13 BUNDLEDNAME {} DSP 2 BRAM 0 URAM 0 DISPNAME {bind_op fadd}} {BINDTYPE op ID {} IMPL fulldsp LATENCY 6 OPTYPE fadd PRAGMA {} RTLNAME fadd_32ns_32ns_32_7_full_dsp_1_U807 SOURCE attention_int8.cpp:176 VARIABLE l_new_104 LOOP VITIS_LOOP_161_13 BUNDLEDNAME {} DSP 2 BRAM 0 URAM 0 DISPNAME {bind_op fadd}} {BINDTYPE op ID {} IMPL fulldsp LATENCY 6 OPTYPE fadd PRAGMA {} RTLNAME faddfsub_32ns_32ns_32_7_full_dsp_1_U780 SOURCE attention_int8.cpp:176 VARIABLE l_new_105 LOOP VITIS_LOOP_161_13 BUNDLEDNAME {} DSP 2 BRAM 0 URAM 0 DISPNAME {bind_op fadd}} {BINDTYPE op ID {} IMPL fulldsp LATENCY 6 OPTYPE fadd PRAGMA {} RTLNAME fadd_32ns_32ns_32_7_full_dsp_1_U787 SOURCE attention_int8.cpp:176 VARIABLE l_new_106 LOOP VITIS_LOOP_161_13 BUNDLEDNAME {} DSP 2 BRAM 0 URAM 0 DISPNAME {bind_op fadd}} {BINDTYPE op ID {} IMPL fulldsp LATENCY 6 OPTYPE fadd PRAGMA {} RTLNAME fadd_32ns_32ns_32_7_full_dsp_1_U803 SOURCE attention_int8.cpp:176 VARIABLE l_new_107 LOOP VITIS_LOOP_161_13 BUNDLEDNAME {} DSP 2 BRAM 0 URAM 0 DISPNAME {bind_op fadd}} {BINDTYPE op ID {} IMPL fulldsp LATENCY 6 OPTYPE fadd PRAGMA {} RTLNAME fadd_32ns_32ns_32_7_full_dsp_1_U797 SOURCE attention_int8.cpp:176 VARIABLE l_new_108 LOOP VITIS_LOOP_161_13 BUNDLEDNAME {} DSP 2 BRAM 0 URAM 0 DISPNAME {bind_op fadd}} {BINDTYPE op ID {} IMPL fulldsp LATENCY 6 OPTYPE fadd PRAGMA {} RTLNAME fadd_32ns_32ns_32_7_full_dsp_1_U808 SOURCE attention_int8.cpp:176 VARIABLE l_new_109 LOOP VITIS_LOOP_161_13 BUNDLEDNAME {} DSP 2 BRAM 0 URAM 0 DISPNAME {bind_op fadd}} {BINDTYPE op ID {} IMPL fulldsp LATENCY 6 OPTYPE fadd PRAGMA {} RTLNAME fadd_32ns_32ns_32_7_full_dsp_1_U809 SOURCE attention_int8.cpp:176 VARIABLE l_new_110 LOOP VITIS_LOOP_161_13 BUNDLEDNAME {} DSP 2 BRAM 0 URAM 0 DISPNAME {bind_op fadd}} {BINDTYPE op ID {} IMPL fulldsp LATENCY 6 OPTYPE fadd PRAGMA {} RTLNAME fadd_32ns_32ns_32_7_full_dsp_1_U798 SOURCE attention_int8.cpp:176 VARIABLE l_new_111 LOOP VITIS_LOOP_161_13 BUNDLEDNAME {} DSP 2 BRAM 0 URAM 0 DISPNAME {bind_op fadd}} {BINDTYPE op ID {} IMPL fulldsp LATENCY 6 OPTYPE fadd PRAGMA {} RTLNAME fadd_32ns_32ns_32_7_full_dsp_1_U781 SOURCE attention_int8.cpp:176 VARIABLE l_new_112 LOOP VITIS_LOOP_161_13 BUNDLEDNAME {} DSP 2 BRAM 0 URAM 0 DISPNAME {bind_op fadd}} {BINDTYPE op ID {} IMPL fulldsp LATENCY 6 OPTYPE fadd PRAGMA {} RTLNAME faddfsub_32ns_32ns_32_7_full_dsp_1_U779 SOURCE attention_int8.cpp:176 VARIABLE l_new_113 LOOP VITIS_LOOP_161_13 BUNDLEDNAME {} DSP 2 BRAM 0 URAM 0 DISPNAME {bind_op fadd}} {BINDTYPE op ID {} IMPL fulldsp LATENCY 6 OPTYPE fadd PRAGMA {} RTLNAME faddfsub_32ns_32ns_32_7_full_dsp_1_U778 SOURCE attention_int8.cpp:176 VARIABLE l_new_114 LOOP VITIS_LOOP_161_13 BUNDLEDNAME {} DSP 2 BRAM 0 URAM 0 DISPNAME {bind_op fadd}} {BINDTYPE op ID {} IMPL fulldsp LATENCY 6 OPTYPE fadd PRAGMA {} RTLNAME fadd_32ns_32ns_32_7_full_dsp_1_U786 SOURCE attention_int8.cpp:176 VARIABLE l_new_115 LOOP VITIS_LOOP_161_13 BUNDLEDNAME {} DSP 2 BRAM 0 URAM 0 DISPNAME {bind_op fadd}} {BINDTYPE op ID {} IMPL fulldsp LATENCY 6 OPTYPE fadd PRAGMA {} RTLNAME fadd_32ns_32ns_32_7_full_dsp_1_U804 SOURCE attention_int8.cpp:176 VARIABLE l_new_116 LOOP VITIS_LOOP_161_13 BUNDLEDNAME {} DSP 2 BRAM 0 URAM 0 DISPNAME {bind_op fadd}} {BINDTYPE op ID {} IMPL fulldsp LATENCY 6 OPTYPE fadd PRAGMA {} RTLNAME fadd_32ns_32ns_32_7_full_dsp_1_U805 SOURCE attention_int8.cpp:176 VARIABLE l_new_117 LOOP VITIS_LOOP_161_13 BUNDLEDNAME {} DSP 2 BRAM 0 URAM 0 DISPNAME {bind_op fadd}} {BINDTYPE op ID {} IMPL fulldsp LATENCY 6 OPTYPE fadd PRAGMA {} RTLNAME fadd_32ns_32ns_32_7_full_dsp_1_U785 SOURCE attention_int8.cpp:176 VARIABLE l_new_118 LOOP VITIS_LOOP_161_13 BUNDLEDNAME {} DSP 2 BRAM 0 URAM 0 DISPNAME {bind_op fadd}} {BINDTYPE op ID {} IMPL fulldsp LATENCY 6 OPTYPE fadd PRAGMA {} RTLNAME fadd_32ns_32ns_32_7_full_dsp_1_U793 SOURCE attention_int8.cpp:176 VARIABLE l_new_119 LOOP VITIS_LOOP_161_13 BUNDLEDNAME {} DSP 2 BRAM 0 URAM 0 DISPNAME {bind_op fadd}} {BINDTYPE op ID {} IMPL fulldsp LATENCY 6 OPTYPE fadd PRAGMA {} RTLNAME fadd_32ns_32ns_32_7_full_dsp_1_U794 SOURCE attention_int8.cpp:176 VARIABLE l_new_120 LOOP VITIS_LOOP_161_13 BUNDLEDNAME {} DSP 2 BRAM 0 URAM 0 DISPNAME {bind_op fadd}} {BINDTYPE op ID {} IMPL fulldsp LATENCY 6 OPTYPE fadd PRAGMA {} RTLNAME fadd_32ns_32ns_32_7_full_dsp_1_U792 SOURCE attention_int8.cpp:176 VARIABLE l_new_121 LOOP VITIS_LOOP_161_13 BUNDLEDNAME {} DSP 2 BRAM 0 URAM 0 DISPNAME {bind_op fadd}} {BINDTYPE op ID {} IMPL fulldsp LATENCY 6 OPTYPE fadd PRAGMA {} RTLNAME fadd_32ns_32ns_32_7_full_dsp_1_U799 SOURCE attention_int8.cpp:176 VARIABLE l_new_122 LOOP VITIS_LOOP_161_13 BUNDLEDNAME {} DSP 2 BRAM 0 URAM 0 DISPNAME {bind_op fadd}} {BINDTYPE op ID {} IMPL fulldsp LATENCY 6 OPTYPE fadd PRAGMA {} RTLNAME fadd_32ns_32ns_32_7_full_dsp_1_U800 SOURCE attention_int8.cpp:176 VARIABLE l_new_123 LOOP VITIS_LOOP_161_13 BUNDLEDNAME {} DSP 2 BRAM 0 URAM 0 DISPNAME {bind_op fadd}} {BINDTYPE op ID {} IMPL fulldsp LATENCY 6 OPTYPE fadd PRAGMA {} RTLNAME fadd_32ns_32ns_32_7_full_dsp_1_U784 SOURCE attention_int8.cpp:176 VARIABLE l_new_124 LOOP VITIS_LOOP_161_13 BUNDLEDNAME {} DSP 2 BRAM 0 URAM 0 DISPNAME {bind_op fadd}} {BINDTYPE op ID {} IMPL fulldsp LATENCY 6 OPTYPE fadd PRAGMA {} RTLNAME fadd_32ns_32ns_32_7_full_dsp_1_U806 SOURCE attention_int8.cpp:176 VARIABLE l_new_125 LOOP VITIS_LOOP_161_13 BUNDLEDNAME {} DSP 2 BRAM 0 URAM 0 DISPNAME {bind_op fadd}} {BINDTYPE op ID {} IMPL fulldsp LATENCY 6 OPTYPE fadd PRAGMA {} RTLNAME fadd_32ns_32ns_32_7_full_dsp_1_U788 SOURCE attention_int8.cpp:176 VARIABLE l_new_126 LOOP VITIS_LOOP_161_13 BUNDLEDNAME {} DSP 2 BRAM 0 URAM 0 DISPNAME {bind_op fadd}} {BINDTYPE op ID {} IMPL fulldsp LATENCY 6 OPTYPE fadd PRAGMA {} RTLNAME fadd_32ns_32ns_32_7_full_dsp_1_U791 SOURCE attention_int8.cpp:176 VARIABLE l_new_127 LOOP VITIS_LOOP_161_13 BUNDLEDNAME {} DSP 2 BRAM 0 URAM 0 DISPNAME {bind_op fadd}} {BINDTYPE op ID {} IMPL maxdsp LATENCY 3 OPTYPE fmul PRAGMA {} RTLNAME fmul_32ns_32ns_32_4_max_dsp_1_U813 SOURCE attention_int8.cpp:178 VARIABLE mul LOOP VITIS_LOOP_161_13 BUNDLEDNAME {} DSP 3 BRAM 0 URAM 0 DISPNAME {bind_op fmul}} {BINDTYPE op ID {} IMPL fulldsp LATENCY 6 OPTYPE fadd PRAGMA {} RTLNAME fadd_32ns_32ns_32_7_full_dsp_1_U782 SOURCE attention_int8.cpp:178 VARIABLE l_state_15 LOOP VITIS_LOOP_161_13 BUNDLEDNAME {} DSP 2 BRAM 0 URAM 0 DISPNAME {bind_op fadd}} {BINDTYPE op ID {} IMPL fabric LATENCY 0 OPTYPE add PRAGMA {} RTLNAME add_ln89_fu_9090_p2 SOURCE attention_int8.cpp:89 VARIABLE add_ln89 LOOP VITIS_LOOP_89_2 BUNDLEDNAME {} DSP 0 BRAM 0 URAM 0 DISPNAME {bind_op add}}} AREA {DSP 182 BRAM 184 URAM 0}}}}'
INFO-FLOW: DBG:PUTS:      update_csynth_reports json2rpt_hw_sw_interfaces
Execute         send_msg_by_id INFO @200-1603@%s  and missed bursts 
INFO: [HLS 200-1603] Design has inferred MAXI bursts and missed bursts, see Vitis HLS GUI synthesis summary report for detailed information.
INFO-FLOW: Running: gen_csynth_sec_pragma
INFO-FLOW: Done: gen_csynth_sec_pragma time: 0.1 seconds per iteration
INFO-FLOW: DBG:PUTS:      update_csynth_reports wrote xml
INFO-FLOW: DBG:PUTS:      update_csynth_reports appended to csynth rpt file
INFO: [HLS 200-111] Finished Updating report files: CPU user time: 6.62 seconds. CPU system time: 0.09 seconds. Elapsed time: 7.05 seconds; current allocated memory: 1006.914 MB.
INFO: [VHDL 208-304] Generating VHDL RTL for attention_int8_kernel.
INFO: [VLOG 209-307] Generating Verilog RTL for attention_int8_kernel.
Execute         syn_report -model attention_int8_kernel -printsummary 
INFO: [HLS 200-790] **** Loop Constraint Status: All loop constraints were NOT satisfied.
INFO: [HLS 200-789] **** Estimated Fmax: 88.33 MHz
Command       autosyn done; 115.09 sec.
Command     csynth_design done; 171.59 sec.
INFO: [HLS 200-111] Finished Command csynth_design CPU user time: 158.5 seconds. CPU system time: 4.58 seconds. Elapsed time: 171.59 seconds; current allocated memory: 552.734 MB.
Execute     cosim_design -ldflags -fno-lto -fno-use-linker-plugin -argv /home/siyenga7/FPGA/testvectors/int8 -tool xsim -trace_level none 
INFO: [HLS 200-1510] Running: cosim_design -ldflags -fno-lto -fno-use-linker-plugin -argv /home/siyenga7/FPGA/testvectors/int8 -tool xsim -trace_level none 
Execute       source /home/siyenga7/FPGA/hls_cosim_project/solution_cosim/.autopilot/db/global.setting.tcl 
Execute       source /home/siyenga7/FPGA/hls_cosim_project/solution_cosim/.autopilot/db/global.setting.tcl 
Execute       source /home/siyenga7/FPGA/hls_cosim_project/solution_cosim/.autopilot/db/global.setting.tcl 
INFO-FLOW: DBG:PUTS: read_platform_lib /home/siyenga7/FPGA/hls_cosim_project/solution_cosim/.autopilot/db/global.setting.tcl
Execute       source /packages/apps/fpga/Vitis_HLS/2022.1/common/technology/generic/autopilot/common.gen 
Execute         source /packages/apps/fpga/Vitis_HLS/2022.1/common/technology/generic/autopilot/APCoreGen.gen 
Execute       source /packages/apps/fpga/Vitis_HLS/2022.1/common/technology/generic/autopilot/op.gen 
Execute       source /packages/apps/fpga/Vitis_HLS/2022.1/common/technology/generic/autopilot/op_simcore.gen 
Execute       source /packages/apps/fpga/Vitis_HLS/2022.1/common/technology/generic/autopilot/interface.gen 
Execute       source /home/siyenga7/FPGA/hls_cosim_project/solution_cosim/.autopilot/db/global.setting.tcl 
Execute       ap_family_info -name artix7 -data parts 
Execute       ap_part_info -name xc7a12ticsg325-1L -data info 
Execute       source /packages/apps/fpga/Vitis_HLS/2022.1/common/technology/xilinx/common/xilinx.gen 
Execute         source /packages/apps/fpga/Vitis_HLS/2022.1/common/technology/xilinx/interface/plb46.gen 
Execute         source /packages/apps/fpga/Vitis_HLS/2022.1/common/technology/xilinx/interface/axi4.gen 
Execute         source /packages/apps/fpga/Vitis_HLS/2022.1/common/technology/xilinx/interface/nativeAXI4.gen 
Execute           source /packages/apps/fpga/Vitis_HLS/2022.1/common/technology/xilinx/interface/saxilite.gen 
Execute         source /packages/apps/fpga/Vitis_HLS/2022.1/common/technology/xilinx/scripts/xilinxcoregen.gen 
Execute         source /packages/apps/fpga/Vitis_HLS/2022.1/common/technology/xilinx/interface/XilEDKCoreGen.gen 
Execute         source /packages/apps/fpga/Vitis_HLS/2022.1/common/technology/xilinx/ip/xfir.gen 
Execute         source /packages/apps/fpga/Vitis_HLS/2022.1/common/technology/xilinx/ip/util.gen 
Execute         source /packages/apps/fpga/Vitis_HLS/2022.1/common/technology/xilinx/ip/dds_compiler.gen 
Execute         source /packages/apps/fpga/Vitis_HLS/2022.1/common/technology/xilinx/ip/xfft.gen 
Execute         source /packages/apps/fpga/Vitis_HLS/2022.1/common/technology/xilinx/DSP48/dsp48.gen 
Command       ap_source done; 0.14 sec.
Execute       ap_part_info -name xc7a200t-sbg484-1 -data names -quiet 
Execute       ap_part_info -name xc7a200t-sbg484-1 -data info -quiet 
Execute       source /home/siyenga7/FPGA/hls_cosim_project/solution_cosim/.autopilot/db/global.setting.tcl 
Execute       source /home/siyenga7/FPGA/hls_cosim_project/solution_cosim/.autopilot/db/attention_int8_kernel.rtl_wrap.cfg.tcl 
Execute       source /home/siyenga7/FPGA/hls_cosim_project/solution_cosim/.autopilot/db/attention_int8_kernel.tbgen.tcl 
Execute       source /home/siyenga7/FPGA/hls_cosim_project/solution_cosim/.autopilot/db/attention_int8_kernel.tbgen.tcl 
Execute       source /home/siyenga7/FPGA/hls_cosim_project/solution_cosim/.autopilot/db/attention_int8_kernel.tbgen.tcl 
Execute       source /home/siyenga7/FPGA/hls_cosim_project/solution_cosim/.autopilot/db/attention_int8_kernel.tbgen.tcl 
INFO: [COSIM 212-47] Using XSIM for RTL simulation.
INFO: [COSIM 212-14] Instrumenting C test bench ...
Execute       ap_part_info -name xc7a200t-sbg484-1 -data info 
INFO-FLOW: TB processing: /home/siyenga7/FPGA/tb_attention_int8.cpp /home/siyenga7/FPGA/hls_cosim_project/solution_cosim/./sim/autowrap/testbench/tb_attention_int8.cpp_pre.cpp
Execute       clang_tidy xilinx-tb-process -desc tb-process /home/siyenga7/FPGA/hls_cosim_project/solution_cosim/./sim/autowrap/testbench/tb_attention_int8.cpp_pre.cpp.tb.cpp std=c++14 
INFO-FLOW: exec /packages/apps/fpga/Vitis_HLS/2022.1/lnx64/tools/clang-3.9-csynth/bin/clang-tidy -header-filter=.* --checks=-*,xilinx-tb-process -fix-errors /home/siyenga7/FPGA/hls_cosim_project/solution_cosim/./sim/autowrap/testbench/tb_attention_int8.cpp_pre.cpp.tb.cpp -- -std=c++14 -fhls -ferror-limit=0
Command       clang_tidy done; 2.16 sec.
Execute       ap_part_info -name xc7a200t-sbg484-1 -data info 
INFO-FLOW: TB processing: /home/siyenga7/FPGA/attention_int8.cpp /home/siyenga7/FPGA/hls_cosim_project/solution_cosim/./sim/autowrap/testbench/attention_int8.cpp_pre.cpp
Execute       clang_tidy xilinx-tb-process -desc tb-process /home/siyenga7/FPGA/hls_cosim_project/solution_cosim/./sim/autowrap/testbench/attention_int8.cpp_pre.cpp.tb.cpp std=c++14 
INFO-FLOW: exec /packages/apps/fpga/Vitis_HLS/2022.1/lnx64/tools/clang-3.9-csynth/bin/clang-tidy -header-filter=.* --checks=-*,xilinx-tb-process -fix-errors /home/siyenga7/FPGA/hls_cosim_project/solution_cosim/./sim/autowrap/testbench/attention_int8.cpp_pre.cpp.tb.cpp -- -std=c++14 -fhls -ferror-limit=0
Command       clang_tidy done; 5.35 sec.
Execute       source /home/siyenga7/FPGA/hls_cosim_project/solution_cosim/./sim/autowrap/testbench/tb.status.tcl 
Execute       source /home/siyenga7/FPGA/hls_cosim_project/solution_cosim/.autopilot/db/global.setting.tcl 
Execute       source /home/siyenga7/FPGA/hls_cosim_project/solution_cosim/.autopilot/db/attention_int8_kernel.rtl_wrap.cfg.tcl 
Execute       source /home/siyenga7/FPGA/hls_cosim_project/solution_cosim/.autopilot/db/attention_int8_kernel.rtl_wrap.cfg.tcl 
Execute       source /home/siyenga7/FPGA/hls_cosim_project/solution_cosim/.autopilot/db/attention_int8_kernel.rtl_wrap.cfg.tcl 
Execute       source /home/siyenga7/FPGA/hls_cosim_project/solution_cosim/.autopilot/db/attention_int8_kernel.tbgen.tcl 
Execute       source /home/siyenga7/FPGA/hls_cosim_project/solution_cosim/.autopilot/db/attention_int8_kernel.tbgen.tcl 
Execute       ap_part_info -name xc7a200t-sbg484-1 -data info 
Execute       source .run_sim.tcl 
INFO: [COSIM 212-302] Starting C TB testing ... 
Command       ap_source done; 0.83 sec.
INFO: [COSIM 212-333] Generating C post check test bench ...
Execute       ap_part_info -name xc7a200t-sbg484-1 -data info 
INFO: [COSIM 212-12] Generating RTL test bench ...
Execute       source ../tv/cdatafile/ref.tcl 
Execute       source /home/siyenga7/FPGA/hls_cosim_project/solution_cosim/.autopilot/db/attention_int8_kernel.tbgen.tcl 
Execute       source /home/siyenga7/FPGA/hls_cosim_project/solution_cosim/.autopilot/db/attention_int8_kernel.tbgen.tcl 
Execute       source /home/siyenga7/FPGA/hls_cosim_project/solution_cosim/.autopilot/db/attention_int8_kernel.tbgen.tcl 
Execute       source /home/siyenga7/FPGA/hls_cosim_project/solution_cosim/.autopilot/db/attention_int8_kernel.tbgen.tcl 
Execute       source ../tv/cdatafile/ref.tcl 
Execute       source /home/siyenga7/FPGA/hls_cosim_project/solution_cosim/.autopilot/db/attention_int8_kernel.tbgen.tcl 
Execute       source /home/siyenga7/FPGA/hls_cosim_project/solution_cosim/.autopilot/db/attention_int8_kernel.tbgen.tcl 
Execute       source /home/siyenga7/FPGA/hls_cosim_project/solution_cosim/.autopilot/db/attention_int8_kernel.tbgen.tcl 
Execute       source /home/siyenga7/FPGA/hls_cosim_project/solution_cosim/.autopilot/db/attention_int8_kernel.tbgen.tcl 
Execute       source /home/siyenga7/FPGA/hls_cosim_project/solution_cosim/.autopilot/db/attention_int8_kernel.tbgen.tcl 
Execute       source /home/siyenga7/FPGA/hls_cosim_project/solution_cosim/.autopilot/db/attention_int8_kernel.tbgen.tcl 
Execute       source /home/siyenga7/FPGA/hls_cosim_project/solution_cosim/.autopilot/db/attention_int8_kernel.tbgen.tcl 
Execute       source /home/siyenga7/FPGA/hls_cosim_project/solution_cosim/.autopilot/db/attention_int8_kernel.tbgen.tcl 
Execute       source /home/siyenga7/FPGA/hls_cosim_project/solution_cosim/.autopilot/db/attention_int8_kernel.tbgen.tcl 
Execute       source /home/siyenga7/FPGA/hls_cosim_project/solution_cosim/.autopilot/db/attention_int8_kernel.tbgen.tcl 
Execute       source /home/siyenga7/FPGA/hls_cosim_project/solution_cosim/.autopilot/db/attention_int8_kernel.tbgen.tcl 
Execute       source /home/siyenga7/FPGA/hls_cosim_project/solution_cosim/.autopilot/db/attention_int8_kernel.tbgen.tcl 
Execute       ap_part_info -name xc7a200t-sbg484-1 -data names -quiet 
Execute       ap_part_info -name xc7a200t-sbg484-1 -data info -quiet 
INFO: [COSIM 212-1] *** C/RTL co-simulation file generation completed. ***
Execute       source .run_sim.tcl 
Execute         source check_sim.tcl 
Execute         source dataflow_monitor_API.tcl 
Execute         source .sim.status.tcl 
INFO: [COSIM 212-323] Starting verilog simulation. 
INFO: [COSIM 212-15] Starting XSIM ...
INFO: [COSIM 212-316] Starting C post checking ...
Command       ap_source done; 1984.37 sec.
INFO: [COSIM 212-1000] *** C/RTL co-simulation finished: PASS ***
INFO: [COSIM 212-211] II is measurable only when transaction number is greater than 1 in RTL simulation. Otherwise, they will be marked as all NA. If user wants to calculate them, please make sure there are at least 2 transactions in RTL simulation.
Command     cosim_design done; 2099.7 sec.
INFO: [HLS 200-111] Finished Command cosim_design CPU user time: 2153.51 seconds. CPU system time: 23.21 seconds. Elapsed time: 2099.7 seconds; current allocated memory: 10.375 MB.
Execute     cleanup_all 
Command     cleanup_all done; 0.21 sec.
