

================================================================
== Vitis HLS Report for 'attention_int8_kernel'
================================================================
* Date:           Sat Apr 25 21:23:19 2026

* Version:        2022.1 (Build 3526262 on Mon Apr 18 15:47:01 MDT 2022)
* Project:        hls_cosim_project
* Solution:       solution_cosim (Vivado IP Flow Target)
* Product family: artix7
* Target device:  xc7a200t-sbg484-1


================================================================
== Performance Estimates
================================================================
+ Timing: 
    * Summary: 
    +--------+----------+-----------+------------+
    |  Clock |  Target  | Estimated | Uncertainty|
    +--------+----------+-----------+------------+
    |ap_clk  |  10.00 ns|  11.321 ns|     2.70 ns|
    +--------+----------+-----------+------------+

+ Latency: 
    * Summary: 
    +---------+---------+----------+----------+--------+--------+---------+
    |  Latency (cycles) |  Latency (absolute) |     Interval    | Pipeline|
    |   min   |   max   |    min   |    max   |   min  |   max  |   Type  |
    +---------+---------+----------+----------+--------+--------+---------+
    |   499095|   505495|  5.650 ms|  5.723 ms|  499096|  505496|       no|
    +---------+---------+----------+----------+--------+--------+---------+

    + Detail: 
        * Instance: 
        +--------------------------------------------------------------------------------+--------------------------------------------------------------------+---------+---------+-----------+-----------+------+------+---------+
        |                                                                                |                                                                    |  Latency (cycles) |   Latency (absolute)  |   Interval  | Pipeline|
        |                                    Instance                                    |                               Module                               |   min   |   max   |    min    |    max    |  min |  max |   Type  |
        +--------------------------------------------------------------------------------+--------------------------------------------------------------------+---------+---------+-----------+-----------+------+------+---------+
        |grp_attention_int8_kernel_Pipeline_VITIS_LOOP_101_3_VITIS_LOOP_102_4_fu_6465    |attention_int8_kernel_Pipeline_VITIS_LOOP_101_3_VITIS_LOOP_102_4    |      515|      515|   5.150 us|   5.150 us|   515|   515|       no|
        |grp_attention_int8_kernel_Pipeline_VITIS_LOOP_108_5_fu_6536                     |attention_int8_kernel_Pipeline_VITIS_LOOP_108_5                     |       34|       34|   0.340 us|   0.340 us|    34|    34|       no|
        |grp_attention_int8_kernel_Pipeline_VITIS_LOOP_130_8_VITIS_LOOP_131_9_fu_6564    |attention_int8_kernel_Pipeline_VITIS_LOOP_130_8_VITIS_LOOP_131_9    |     8195|     8195|  81.950 us|  81.950 us|  8195|  8195|       no|
        |grp_attention_int8_kernel_Pipeline_VITIS_LOOP_146_11_fu_6646                    |attention_int8_kernel_Pipeline_VITIS_LOOP_146_11                    |      146|      146|   1.460 us|   1.460 us|   146|   146|       no|
        |grp_attention_int8_kernel_Pipeline_VITIS_LOOP_193_18_VITIS_LOOP_195_19_fu_6855  |attention_int8_kernel_Pipeline_VITIS_LOOP_193_18_VITIS_LOOP_195_19  |      536|      536|   5.360 us|   5.360 us|   536|   536|       no|
        |grp_attention_int8_kernel_Pipeline_VITIS_LOOP_168_14_fu_6886                    |attention_int8_kernel_Pipeline_VITIS_LOOP_168_14                    |      190|      190|   1.900 us|   1.900 us|   190|   190|       no|
        |grp_attention_int8_kernel_Pipeline_VITIS_LOOP_180_16_fu_7029                    |attention_int8_kernel_Pipeline_VITIS_LOOP_180_16                    |     1548|     1548|  17.525 us|  17.525 us|  1548|  1548|       no|
        +--------------------------------------------------------------------------------+--------------------------------------------------------------------+---------+---------+-----------+-----------+------+------+---------+

        * Loop: 
        +----------------------+---------+---------+---------------+-----------+-----------+------+----------+
        |                      |  Latency (cycles) |   Iteration   |  Initiation Interval  | Trip |          |
        |       Loop Name      |   min   |   max   |    Latency    |  achieved |   target  | Count| Pipelined|
        +----------------------+---------+---------+---------------+-----------+-----------+------+----------+
        |- VITIS_LOOP_89_2     |   499088|   505488|  31193 ~ 31593|          -|          -|    16|        no|
        | + VITIS_LOOP_144_10  |     1208|     1208|            151|          -|          -|     8|        no|
        | + VITIS_LOOP_161_13  |    21240|    21640|    2655 ~ 2705|          -|          -|     8|        no|
        +----------------------+---------+---------+---------------+-----------+-----------+------+----------+



================================================================
== Utilization Estimates
================================================================
* Summary: 
+-----------------+---------+-----+--------+--------+-----+
|       Name      | BRAM_18K| DSP |   FF   |   LUT  | URAM|
+-----------------+---------+-----+--------+--------+-----+
|DSP              |        -|    -|       -|       -|    -|
|Expression       |        -|    -|       0|    1617|    -|
|FIFO             |        -|    -|       -|       -|    -|
|Instance         |        0|  182|   50766|   39265|    -|
|Memory           |      184|    -|     512|      64|    0|
|Multiplexer      |        -|    -|       -|   11223|    -|
|Register         |        -|    -|    5007|       -|    -|
+-----------------+---------+-----+--------+--------+-----+
|Total            |      184|  182|   56285|   52169|    0|
+-----------------+---------+-----+--------+--------+-----+
|Available        |      730|  740|  269200|  134600|    0|
+-----------------+---------+-----+--------+--------+-----+
|Utilization (%)  |       25|   24|      20|      38|    0|
+-----------------+---------+-----+--------+--------+-----+

+ Detail: 
    * Instance: 
    +--------------------------------------------------------------------------------+--------------------------------------------------------------------+---------+----+-------+-------+-----+
    |                                    Instance                                    |                               Module                               | BRAM_18K| DSP|   FF  |  LUT  | URAM|
    +--------------------------------------------------------------------------------+--------------------------------------------------------------------+---------+----+-------+-------+-----+
    |grp_attention_int8_kernel_Pipeline_VITIS_LOOP_101_3_VITIS_LOOP_102_4_fu_6465    |attention_int8_kernel_Pipeline_VITIS_LOOP_101_3_VITIS_LOOP_102_4    |        0|   0|     34|    144|    0|
    |grp_attention_int8_kernel_Pipeline_VITIS_LOOP_108_5_fu_6536                     |attention_int8_kernel_Pipeline_VITIS_LOOP_108_5                     |        0|   0|    153|    448|    0|
    |grp_attention_int8_kernel_Pipeline_VITIS_LOOP_130_8_VITIS_LOOP_131_9_fu_6564    |attention_int8_kernel_Pipeline_VITIS_LOOP_130_8_VITIS_LOOP_131_9    |        0|   0|     77|    175|    0|
    |grp_attention_int8_kernel_Pipeline_VITIS_LOOP_146_11_fu_6646                    |attention_int8_kernel_Pipeline_VITIS_LOOP_146_11                    |        0|  32|   1934|   2489|    0|
    |grp_attention_int8_kernel_Pipeline_VITIS_LOOP_168_14_fu_6886                    |attention_int8_kernel_Pipeline_VITIS_LOOP_168_14                    |        0|   0|   7225|   2090|    0|
    |grp_attention_int8_kernel_Pipeline_VITIS_LOOP_180_16_fu_7029                    |attention_int8_kernel_Pipeline_VITIS_LOOP_180_16                    |        0|  75|  26422|  17769|    0|
    |grp_attention_int8_kernel_Pipeline_VITIS_LOOP_193_18_VITIS_LOOP_195_19_fu_6855  |attention_int8_kernel_Pipeline_VITIS_LOOP_193_18_VITIS_LOOP_195_19  |        0|   0|    997|    797|    0|
    |control_s_axi_U                                                                 |control_s_axi                                                       |        0|   0|    392|    680|    0|
    |fadd_32ns_32ns_32_7_full_dsp_1_U781                                             |fadd_32ns_32ns_32_7_full_dsp_1                                      |        0|   2|    306|    231|    0|
    |fadd_32ns_32ns_32_7_full_dsp_1_U782                                             |fadd_32ns_32ns_32_7_full_dsp_1                                      |        0|   2|    306|    231|    0|
    |fadd_32ns_32ns_32_7_full_dsp_1_U783                                             |fadd_32ns_32ns_32_7_full_dsp_1                                      |        0|   2|    306|    231|    0|
    |fadd_32ns_32ns_32_7_full_dsp_1_U784                                             |fadd_32ns_32ns_32_7_full_dsp_1                                      |        0|   2|    306|    231|    0|
    |fadd_32ns_32ns_32_7_full_dsp_1_U785                                             |fadd_32ns_32ns_32_7_full_dsp_1                                      |        0|   2|    306|    231|    0|
    |fadd_32ns_32ns_32_7_full_dsp_1_U786                                             |fadd_32ns_32ns_32_7_full_dsp_1                                      |        0|   2|    306|    231|    0|
    |fadd_32ns_32ns_32_7_full_dsp_1_U787                                             |fadd_32ns_32ns_32_7_full_dsp_1                                      |        0|   2|    306|    231|    0|
    |fadd_32ns_32ns_32_7_full_dsp_1_U788                                             |fadd_32ns_32ns_32_7_full_dsp_1                                      |        0|   2|    306|    231|    0|
    |fadd_32ns_32ns_32_7_full_dsp_1_U789                                             |fadd_32ns_32ns_32_7_full_dsp_1                                      |        0|   2|    306|    231|    0|
    |fadd_32ns_32ns_32_7_full_dsp_1_U790                                             |fadd_32ns_32ns_32_7_full_dsp_1                                      |        0|   2|    306|    231|    0|
    |fadd_32ns_32ns_32_7_full_dsp_1_U791                                             |fadd_32ns_32ns_32_7_full_dsp_1                                      |        0|   2|    306|    231|    0|
    |fadd_32ns_32ns_32_7_full_dsp_1_U792                                             |fadd_32ns_32ns_32_7_full_dsp_1                                      |        0|   2|    306|    231|    0|
    |fadd_32ns_32ns_32_7_full_dsp_1_U793                                             |fadd_32ns_32ns_32_7_full_dsp_1                                      |        0|   2|    306|    231|    0|
    |fadd_32ns_32ns_32_7_full_dsp_1_U794                                             |fadd_32ns_32ns_32_7_full_dsp_1                                      |        0|   2|    306|    231|    0|
    |fadd_32ns_32ns_32_7_full_dsp_1_U795                                             |fadd_32ns_32ns_32_7_full_dsp_1                                      |        0|   2|    306|    231|    0|
    |fadd_32ns_32ns_32_7_full_dsp_1_U796                                             |fadd_32ns_32ns_32_7_full_dsp_1                                      |        0|   2|    306|    231|    0|
    |fadd_32ns_32ns_32_7_full_dsp_1_U797                                             |fadd_32ns_32ns_32_7_full_dsp_1                                      |        0|   2|    306|    231|    0|
    |fadd_32ns_32ns_32_7_full_dsp_1_U798                                             |fadd_32ns_32ns_32_7_full_dsp_1                                      |        0|   2|    306|    231|    0|
    |fadd_32ns_32ns_32_7_full_dsp_1_U799                                             |fadd_32ns_32ns_32_7_full_dsp_1                                      |        0|   2|    306|    231|    0|
    |fadd_32ns_32ns_32_7_full_dsp_1_U800                                             |fadd_32ns_32ns_32_7_full_dsp_1                                      |        0|   2|    306|    231|    0|
    |fadd_32ns_32ns_32_7_full_dsp_1_U801                                             |fadd_32ns_32ns_32_7_full_dsp_1                                      |        0|   2|    306|    231|    0|
    |fadd_32ns_32ns_32_7_full_dsp_1_U802                                             |fadd_32ns_32ns_32_7_full_dsp_1                                      |        0|   2|    306|    231|    0|
    |fadd_32ns_32ns_32_7_full_dsp_1_U803                                             |fadd_32ns_32ns_32_7_full_dsp_1                                      |        0|   2|    306|    231|    0|
    |fadd_32ns_32ns_32_7_full_dsp_1_U804                                             |fadd_32ns_32ns_32_7_full_dsp_1                                      |        0|   2|    306|    231|    0|
    |fadd_32ns_32ns_32_7_full_dsp_1_U805                                             |fadd_32ns_32ns_32_7_full_dsp_1                                      |        0|   2|    306|    231|    0|
    |fadd_32ns_32ns_32_7_full_dsp_1_U806                                             |fadd_32ns_32ns_32_7_full_dsp_1                                      |        0|   2|    306|    231|    0|
    |fadd_32ns_32ns_32_7_full_dsp_1_U807                                             |fadd_32ns_32ns_32_7_full_dsp_1                                      |        0|   2|    306|    231|    0|
    |fadd_32ns_32ns_32_7_full_dsp_1_U808                                             |fadd_32ns_32ns_32_7_full_dsp_1                                      |        0|   2|    306|    231|    0|
    |fadd_32ns_32ns_32_7_full_dsp_1_U809                                             |fadd_32ns_32ns_32_7_full_dsp_1                                      |        0|   2|    306|    231|    0|
    |faddfsub_32ns_32ns_32_7_full_dsp_1_U778                                         |faddfsub_32ns_32ns_32_7_full_dsp_1                                  |        0|   2|    306|    231|    0|
    |faddfsub_32ns_32ns_32_7_full_dsp_1_U779                                         |faddfsub_32ns_32ns_32_7_full_dsp_1                                  |        0|   2|    306|    231|    0|
    |faddfsub_32ns_32ns_32_7_full_dsp_1_U780                                         |faddfsub_32ns_32ns_32_7_full_dsp_1                                  |        0|   2|    306|    231|    0|
    |fcmp_32ns_32ns_1_2_no_dsp_1_U816                                                |fcmp_32ns_32ns_1_2_no_dsp_1                                         |        0|   0|      0|      0|    0|
    |fcmp_32ns_32ns_1_2_no_dsp_1_U822                                                |fcmp_32ns_32ns_1_2_no_dsp_1                                         |        0|   0|      0|      0|    0|
    |fdiv_32ns_32ns_32_16_no_dsp_1_U814                                              |fdiv_32ns_32ns_32_16_no_dsp_1                                       |        0|   0|      0|      0|    0|
    |fmul_32ns_32ns_32_4_max_dsp_1_U810                                              |fmul_32ns_32ns_32_4_max_dsp_1                                       |        0|   3|    143|    140|    0|
    |fmul_32ns_32ns_32_4_max_dsp_1_U812                                              |fmul_32ns_32ns_32_4_max_dsp_1                                       |        0|   3|    143|    140|    0|
    |fmul_32ns_32ns_32_4_max_dsp_1_U813                                              |fmul_32ns_32ns_32_4_max_dsp_1                                       |        0|   3|    143|    140|    0|
    |fsub_32ns_32ns_32_7_full_dsp_1_U811                                             |fsub_32ns_32ns_32_7_full_dsp_1                                      |        0|   2|    306|    231|    0|
    |gmem0_m_axi_U                                                                   |gmem0_m_axi                                                         |        0|   0|    754|   1402|    0|
    |gmem1_m_axi_U                                                                   |gmem1_m_axi                                                         |        0|   0|    754|   1402|    0|
    |gmem2_m_axi_U                                                                   |gmem2_m_axi                                                         |        0|   0|    754|   1402|    0|
    |gmem3_m_axi_U                                                                   |gmem3_m_axi                                                         |        0|   0|    743|   1379|    0|
    |mux_1287_32_1_1_U819                                                            |mux_1287_32_1_1                                                     |        0|   0|      0|    673|    0|
    |mux_6432_32_1_1_U820                                                            |mux_6432_32_1_1                                                     |        0|   0|      0|    273|    0|
    |mux_84_32_1_1_U817                                                              |mux_84_32_1_1                                                       |        0|   0|      0|     33|    0|
    |mux_84_32_1_1_U818                                                              |mux_84_32_1_1                                                       |        0|   0|      0|     33|    0|
    |mux_84_32_1_1_U821                                                              |mux_84_32_1_1                                                       |        0|   0|      0|     33|    0|
    |sitofp_32ns_32_6_no_dsp_1_U815                                                  |sitofp_32ns_32_6_no_dsp_1                                           |        0|   0|      0|      0|    0|
    +--------------------------------------------------------------------------------+--------------------------------------------------------------------+---------+----+-------+-------+-----+
    |Total                                                                           |                                                                    |        0| 182|  50766|  39265|    0|
    +--------------------------------------------------------------------------------+--------------------------------------------------------------------+---------+----+-------+-------+-----+

    * DSP: 
    N/A

    * Memory: 
    +---------------+-----------------------------+---------+---+----+-----+------+-----+------+-------------+
    |     Memory    |            Module           | BRAM_18K| FF| LUT| URAM| Words| Bits| Banks| W*Bits*Banks|
    +---------------+-----------------------------+---------+---+----+-----+------+-----+------+-------------+
    |K_tile_V_U     |K_tile_V_RAM_AUTO_1R1W       |        1|  0|   0|    0|   128|    8|     1|         1024|
    |K_tile_V_1_U   |K_tile_V_RAM_AUTO_1R1W       |        1|  0|   0|    0|   128|    8|     1|         1024|
    |K_tile_V_2_U   |K_tile_V_RAM_AUTO_1R1W       |        1|  0|   0|    0|   128|    8|     1|         1024|
    |K_tile_V_3_U   |K_tile_V_RAM_AUTO_1R1W       |        1|  0|   0|    0|   128|    8|     1|         1024|
    |K_tile_V_4_U   |K_tile_V_RAM_AUTO_1R1W       |        1|  0|   0|    0|   128|    8|     1|         1024|
    |K_tile_V_5_U   |K_tile_V_RAM_AUTO_1R1W       |        1|  0|   0|    0|   128|    8|     1|         1024|
    |K_tile_V_6_U   |K_tile_V_RAM_AUTO_1R1W       |        1|  0|   0|    0|   128|    8|     1|         1024|
    |K_tile_V_7_U   |K_tile_V_RAM_AUTO_1R1W       |        1|  0|   0|    0|   128|    8|     1|         1024|
    |K_tile_V_8_U   |K_tile_V_RAM_AUTO_1R1W       |        1|  0|   0|    0|   128|    8|     1|         1024|
    |K_tile_V_9_U   |K_tile_V_RAM_AUTO_1R1W       |        1|  0|   0|    0|   128|    8|     1|         1024|
    |K_tile_V_10_U  |K_tile_V_RAM_AUTO_1R1W       |        1|  0|   0|    0|   128|    8|     1|         1024|
    |K_tile_V_11_U  |K_tile_V_RAM_AUTO_1R1W       |        1|  0|   0|    0|   128|    8|     1|         1024|
    |K_tile_V_12_U  |K_tile_V_RAM_AUTO_1R1W       |        1|  0|   0|    0|   128|    8|     1|         1024|
    |K_tile_V_13_U  |K_tile_V_RAM_AUTO_1R1W       |        1|  0|   0|    0|   128|    8|     1|         1024|
    |K_tile_V_14_U  |K_tile_V_RAM_AUTO_1R1W       |        1|  0|   0|    0|   128|    8|     1|         1024|
    |K_tile_V_15_U  |K_tile_V_RAM_AUTO_1R1W       |        1|  0|   0|    0|   128|    8|     1|         1024|
    |K_tile_V_16_U  |K_tile_V_RAM_AUTO_1R1W       |        1|  0|   0|    0|   128|    8|     1|         1024|
    |K_tile_V_17_U  |K_tile_V_RAM_AUTO_1R1W       |        1|  0|   0|    0|   128|    8|     1|         1024|
    |K_tile_V_18_U  |K_tile_V_RAM_AUTO_1R1W       |        1|  0|   0|    0|   128|    8|     1|         1024|
    |K_tile_V_19_U  |K_tile_V_RAM_AUTO_1R1W       |        1|  0|   0|    0|   128|    8|     1|         1024|
    |K_tile_V_20_U  |K_tile_V_RAM_AUTO_1R1W       |        1|  0|   0|    0|   128|    8|     1|         1024|
    |K_tile_V_21_U  |K_tile_V_RAM_AUTO_1R1W       |        1|  0|   0|    0|   128|    8|     1|         1024|
    |K_tile_V_22_U  |K_tile_V_RAM_AUTO_1R1W       |        1|  0|   0|    0|   128|    8|     1|         1024|
    |K_tile_V_23_U  |K_tile_V_RAM_AUTO_1R1W       |        1|  0|   0|    0|   128|    8|     1|         1024|
    |K_tile_V_24_U  |K_tile_V_RAM_AUTO_1R1W       |        1|  0|   0|    0|   128|    8|     1|         1024|
    |K_tile_V_25_U  |K_tile_V_RAM_AUTO_1R1W       |        1|  0|   0|    0|   128|    8|     1|         1024|
    |K_tile_V_26_U  |K_tile_V_RAM_AUTO_1R1W       |        1|  0|   0|    0|   128|    8|     1|         1024|
    |K_tile_V_27_U  |K_tile_V_RAM_AUTO_1R1W       |        1|  0|   0|    0|   128|    8|     1|         1024|
    |K_tile_V_28_U  |K_tile_V_RAM_AUTO_1R1W       |        1|  0|   0|    0|   128|    8|     1|         1024|
    |K_tile_V_29_U  |K_tile_V_RAM_AUTO_1R1W       |        1|  0|   0|    0|   128|    8|     1|         1024|
    |K_tile_V_30_U  |K_tile_V_RAM_AUTO_1R1W       |        1|  0|   0|    0|   128|    8|     1|         1024|
    |K_tile_V_31_U  |K_tile_V_RAM_AUTO_1R1W       |        1|  0|   0|    0|   128|    8|     1|         1024|
    |K_tile_V_32_U  |K_tile_V_RAM_AUTO_1R1W       |        1|  0|   0|    0|   128|    8|     1|         1024|
    |K_tile_V_33_U  |K_tile_V_RAM_AUTO_1R1W       |        1|  0|   0|    0|   128|    8|     1|         1024|
    |K_tile_V_34_U  |K_tile_V_RAM_AUTO_1R1W       |        1|  0|   0|    0|   128|    8|     1|         1024|
    |K_tile_V_35_U  |K_tile_V_RAM_AUTO_1R1W       |        1|  0|   0|    0|   128|    8|     1|         1024|
    |K_tile_V_36_U  |K_tile_V_RAM_AUTO_1R1W       |        1|  0|   0|    0|   128|    8|     1|         1024|
    |K_tile_V_37_U  |K_tile_V_RAM_AUTO_1R1W       |        1|  0|   0|    0|   128|    8|     1|         1024|
    |K_tile_V_38_U  |K_tile_V_RAM_AUTO_1R1W       |        1|  0|   0|    0|   128|    8|     1|         1024|
    |K_tile_V_39_U  |K_tile_V_RAM_AUTO_1R1W       |        1|  0|   0|    0|   128|    8|     1|         1024|
    |K_tile_V_40_U  |K_tile_V_RAM_AUTO_1R1W       |        1|  0|   0|    0|   128|    8|     1|         1024|
    |K_tile_V_41_U  |K_tile_V_RAM_AUTO_1R1W       |        1|  0|   0|    0|   128|    8|     1|         1024|
    |K_tile_V_42_U  |K_tile_V_RAM_AUTO_1R1W       |        1|  0|   0|    0|   128|    8|     1|         1024|
    |K_tile_V_43_U  |K_tile_V_RAM_AUTO_1R1W       |        1|  0|   0|    0|   128|    8|     1|         1024|
    |K_tile_V_44_U  |K_tile_V_RAM_AUTO_1R1W       |        1|  0|   0|    0|   128|    8|     1|         1024|
    |K_tile_V_45_U  |K_tile_V_RAM_AUTO_1R1W       |        1|  0|   0|    0|   128|    8|     1|         1024|
    |K_tile_V_46_U  |K_tile_V_RAM_AUTO_1R1W       |        1|  0|   0|    0|   128|    8|     1|         1024|
    |K_tile_V_47_U  |K_tile_V_RAM_AUTO_1R1W       |        1|  0|   0|    0|   128|    8|     1|         1024|
    |K_tile_V_48_U  |K_tile_V_RAM_AUTO_1R1W       |        1|  0|   0|    0|   128|    8|     1|         1024|
    |K_tile_V_49_U  |K_tile_V_RAM_AUTO_1R1W       |        1|  0|   0|    0|   128|    8|     1|         1024|
    |K_tile_V_50_U  |K_tile_V_RAM_AUTO_1R1W       |        1|  0|   0|    0|   128|    8|     1|         1024|
    |K_tile_V_51_U  |K_tile_V_RAM_AUTO_1R1W       |        1|  0|   0|    0|   128|    8|     1|         1024|
    |K_tile_V_52_U  |K_tile_V_RAM_AUTO_1R1W       |        1|  0|   0|    0|   128|    8|     1|         1024|
    |K_tile_V_53_U  |K_tile_V_RAM_AUTO_1R1W       |        1|  0|   0|    0|   128|    8|     1|         1024|
    |K_tile_V_54_U  |K_tile_V_RAM_AUTO_1R1W       |        1|  0|   0|    0|   128|    8|     1|         1024|
    |K_tile_V_55_U  |K_tile_V_RAM_AUTO_1R1W       |        1|  0|   0|    0|   128|    8|     1|         1024|
    |K_tile_V_56_U  |K_tile_V_RAM_AUTO_1R1W       |        1|  0|   0|    0|   128|    8|     1|         1024|
    |K_tile_V_57_U  |K_tile_V_RAM_AUTO_1R1W       |        1|  0|   0|    0|   128|    8|     1|         1024|
    |K_tile_V_58_U  |K_tile_V_RAM_AUTO_1R1W       |        1|  0|   0|    0|   128|    8|     1|         1024|
    |K_tile_V_59_U  |K_tile_V_RAM_AUTO_1R1W       |        1|  0|   0|    0|   128|    8|     1|         1024|
    |K_tile_V_60_U  |K_tile_V_RAM_AUTO_1R1W       |        1|  0|   0|    0|   128|    8|     1|         1024|
    |K_tile_V_61_U  |K_tile_V_RAM_AUTO_1R1W       |        1|  0|   0|    0|   128|    8|     1|         1024|
    |K_tile_V_62_U  |K_tile_V_RAM_AUTO_1R1W       |        1|  0|   0|    0|   128|    8|     1|         1024|
    |K_tile_V_63_U  |K_tile_V_RAM_AUTO_1R1W       |        1|  0|   0|    0|   128|    8|     1|         1024|
    |O_tile_U       |O_tile_RAM_AUTO_1R1W         |        2|  0|   0|    0|    64|   32|     1|         2048|
    |O_tile_1_U     |O_tile_RAM_AUTO_1R1W         |        2|  0|   0|    0|    64|   32|     1|         2048|
    |O_tile_2_U     |O_tile_RAM_AUTO_1R1W         |        2|  0|   0|    0|    64|   32|     1|         2048|
    |O_tile_3_U     |O_tile_RAM_AUTO_1R1W         |        2|  0|   0|    0|    64|   32|     1|         2048|
    |O_tile_4_U     |O_tile_RAM_AUTO_1R1W         |        2|  0|   0|    0|    64|   32|     1|         2048|
    |O_tile_5_U     |O_tile_RAM_AUTO_1R1W         |        2|  0|   0|    0|    64|   32|     1|         2048|
    |O_tile_6_U     |O_tile_RAM_AUTO_1R1W         |        2|  0|   0|    0|    64|   32|     1|         2048|
    |O_tile_7_U     |O_tile_RAM_AUTO_1R1W         |        2|  0|   0|    0|    64|   32|     1|         2048|
    |Q_tile_V_U     |Q_tile_V_RAM_AUTO_1R1W       |        0|  8|   1|    0|     8|    8|     1|           64|
    |Q_tile_V_1_U   |Q_tile_V_RAM_AUTO_1R1W       |        0|  8|   1|    0|     8|    8|     1|           64|
    |Q_tile_V_2_U   |Q_tile_V_RAM_AUTO_1R1W       |        0|  8|   1|    0|     8|    8|     1|           64|
    |Q_tile_V_3_U   |Q_tile_V_RAM_AUTO_1R1W       |        0|  8|   1|    0|     8|    8|     1|           64|
    |Q_tile_V_4_U   |Q_tile_V_RAM_AUTO_1R1W       |        0|  8|   1|    0|     8|    8|     1|           64|
    |Q_tile_V_5_U   |Q_tile_V_RAM_AUTO_1R1W       |        0|  8|   1|    0|     8|    8|     1|           64|
    |Q_tile_V_6_U   |Q_tile_V_RAM_AUTO_1R1W       |        0|  8|   1|    0|     8|    8|     1|           64|
    |Q_tile_V_7_U   |Q_tile_V_RAM_AUTO_1R1W       |        0|  8|   1|    0|     8|    8|     1|           64|
    |Q_tile_V_8_U   |Q_tile_V_RAM_AUTO_1R1W       |        0|  8|   1|    0|     8|    8|     1|           64|
    |Q_tile_V_9_U   |Q_tile_V_RAM_AUTO_1R1W       |        0|  8|   1|    0|     8|    8|     1|           64|
    |Q_tile_V_10_U  |Q_tile_V_RAM_AUTO_1R1W       |        0|  8|   1|    0|     8|    8|     1|           64|
    |Q_tile_V_11_U  |Q_tile_V_RAM_AUTO_1R1W       |        0|  8|   1|    0|     8|    8|     1|           64|
    |Q_tile_V_12_U  |Q_tile_V_RAM_AUTO_1R1W       |        0|  8|   1|    0|     8|    8|     1|           64|
    |Q_tile_V_13_U  |Q_tile_V_RAM_AUTO_1R1W       |        0|  8|   1|    0|     8|    8|     1|           64|
    |Q_tile_V_14_U  |Q_tile_V_RAM_AUTO_1R1W       |        0|  8|   1|    0|     8|    8|     1|           64|
    |Q_tile_V_15_U  |Q_tile_V_RAM_AUTO_1R1W       |        0|  8|   1|    0|     8|    8|     1|           64|
    |Q_tile_V_16_U  |Q_tile_V_RAM_AUTO_1R1W       |        0|  8|   1|    0|     8|    8|     1|           64|
    |Q_tile_V_17_U  |Q_tile_V_RAM_AUTO_1R1W       |        0|  8|   1|    0|     8|    8|     1|           64|
    |Q_tile_V_18_U  |Q_tile_V_RAM_AUTO_1R1W       |        0|  8|   1|    0|     8|    8|     1|           64|
    |Q_tile_V_19_U  |Q_tile_V_RAM_AUTO_1R1W       |        0|  8|   1|    0|     8|    8|     1|           64|
    |Q_tile_V_20_U  |Q_tile_V_RAM_AUTO_1R1W       |        0|  8|   1|    0|     8|    8|     1|           64|
    |Q_tile_V_21_U  |Q_tile_V_RAM_AUTO_1R1W       |        0|  8|   1|    0|     8|    8|     1|           64|
    |Q_tile_V_22_U  |Q_tile_V_RAM_AUTO_1R1W       |        0|  8|   1|    0|     8|    8|     1|           64|
    |Q_tile_V_23_U  |Q_tile_V_RAM_AUTO_1R1W       |        0|  8|   1|    0|     8|    8|     1|           64|
    |Q_tile_V_24_U  |Q_tile_V_RAM_AUTO_1R1W       |        0|  8|   1|    0|     8|    8|     1|           64|
    |Q_tile_V_25_U  |Q_tile_V_RAM_AUTO_1R1W       |        0|  8|   1|    0|     8|    8|     1|           64|
    |Q_tile_V_26_U  |Q_tile_V_RAM_AUTO_1R1W       |        0|  8|   1|    0|     8|    8|     1|           64|
    |Q_tile_V_27_U  |Q_tile_V_RAM_AUTO_1R1W       |        0|  8|   1|    0|     8|    8|     1|           64|
    |Q_tile_V_28_U  |Q_tile_V_RAM_AUTO_1R1W       |        0|  8|   1|    0|     8|    8|     1|           64|
    |Q_tile_V_29_U  |Q_tile_V_RAM_AUTO_1R1W       |        0|  8|   1|    0|     8|    8|     1|           64|
    |Q_tile_V_30_U  |Q_tile_V_RAM_AUTO_1R1W       |        0|  8|   1|    0|     8|    8|     1|           64|
    |Q_tile_V_31_U  |Q_tile_V_RAM_AUTO_1R1W       |        0|  8|   1|    0|     8|    8|     1|           64|
    |Q_tile_V_32_U  |Q_tile_V_RAM_AUTO_1R1W       |        0|  8|   1|    0|     8|    8|     1|           64|
    |Q_tile_V_33_U  |Q_tile_V_RAM_AUTO_1R1W       |        0|  8|   1|    0|     8|    8|     1|           64|
    |Q_tile_V_34_U  |Q_tile_V_RAM_AUTO_1R1W       |        0|  8|   1|    0|     8|    8|     1|           64|
    |Q_tile_V_35_U  |Q_tile_V_RAM_AUTO_1R1W       |        0|  8|   1|    0|     8|    8|     1|           64|
    |Q_tile_V_36_U  |Q_tile_V_RAM_AUTO_1R1W       |        0|  8|   1|    0|     8|    8|     1|           64|
    |Q_tile_V_37_U  |Q_tile_V_RAM_AUTO_1R1W       |        0|  8|   1|    0|     8|    8|     1|           64|
    |Q_tile_V_38_U  |Q_tile_V_RAM_AUTO_1R1W       |        0|  8|   1|    0|     8|    8|     1|           64|
    |Q_tile_V_39_U  |Q_tile_V_RAM_AUTO_1R1W       |        0|  8|   1|    0|     8|    8|     1|           64|
    |Q_tile_V_40_U  |Q_tile_V_RAM_AUTO_1R1W       |        0|  8|   1|    0|     8|    8|     1|           64|
    |Q_tile_V_41_U  |Q_tile_V_RAM_AUTO_1R1W       |        0|  8|   1|    0|     8|    8|     1|           64|
    |Q_tile_V_42_U  |Q_tile_V_RAM_AUTO_1R1W       |        0|  8|   1|    0|     8|    8|     1|           64|
    |Q_tile_V_43_U  |Q_tile_V_RAM_AUTO_1R1W       |        0|  8|   1|    0|     8|    8|     1|           64|
    |Q_tile_V_44_U  |Q_tile_V_RAM_AUTO_1R1W       |        0|  8|   1|    0|     8|    8|     1|           64|
    |Q_tile_V_45_U  |Q_tile_V_RAM_AUTO_1R1W       |        0|  8|   1|    0|     8|    8|     1|           64|
    |Q_tile_V_46_U  |Q_tile_V_RAM_AUTO_1R1W       |        0|  8|   1|    0|     8|    8|     1|           64|
    |Q_tile_V_47_U  |Q_tile_V_RAM_AUTO_1R1W       |        0|  8|   1|    0|     8|    8|     1|           64|
    |Q_tile_V_48_U  |Q_tile_V_RAM_AUTO_1R1W       |        0|  8|   1|    0|     8|    8|     1|           64|
    |Q_tile_V_49_U  |Q_tile_V_RAM_AUTO_1R1W       |        0|  8|   1|    0|     8|    8|     1|           64|
    |Q_tile_V_50_U  |Q_tile_V_RAM_AUTO_1R1W       |        0|  8|   1|    0|     8|    8|     1|           64|
    |Q_tile_V_51_U  |Q_tile_V_RAM_AUTO_1R1W       |        0|  8|   1|    0|     8|    8|     1|           64|
    |Q_tile_V_52_U  |Q_tile_V_RAM_AUTO_1R1W       |        0|  8|   1|    0|     8|    8|     1|           64|
    |Q_tile_V_53_U  |Q_tile_V_RAM_AUTO_1R1W       |        0|  8|   1|    0|     8|    8|     1|           64|
    |Q_tile_V_54_U  |Q_tile_V_RAM_AUTO_1R1W       |        0|  8|   1|    0|     8|    8|     1|           64|
    |Q_tile_V_55_U  |Q_tile_V_RAM_AUTO_1R1W       |        0|  8|   1|    0|     8|    8|     1|           64|
    |Q_tile_V_56_U  |Q_tile_V_RAM_AUTO_1R1W       |        0|  8|   1|    0|     8|    8|     1|           64|
    |Q_tile_V_57_U  |Q_tile_V_RAM_AUTO_1R1W       |        0|  8|   1|    0|     8|    8|     1|           64|
    |Q_tile_V_58_U  |Q_tile_V_RAM_AUTO_1R1W       |        0|  8|   1|    0|     8|    8|     1|           64|
    |Q_tile_V_59_U  |Q_tile_V_RAM_AUTO_1R1W       |        0|  8|   1|    0|     8|    8|     1|           64|
    |Q_tile_V_60_U  |Q_tile_V_RAM_AUTO_1R1W       |        0|  8|   1|    0|     8|    8|     1|           64|
    |Q_tile_V_61_U  |Q_tile_V_RAM_AUTO_1R1W       |        0|  8|   1|    0|     8|    8|     1|           64|
    |Q_tile_V_62_U  |Q_tile_V_RAM_AUTO_1R1W       |        0|  8|   1|    0|     8|    8|     1|           64|
    |Q_tile_V_63_U  |Q_tile_V_RAM_AUTO_1R1W       |        0|  8|   1|    0|     8|    8|     1|           64|
    |V_tile_V_U     |V_tile_V_RAM_1WNR_AUTO_1R1W  |       12|  0|   0|    0|  1024|    8|     1|         8192|
    |V_tile_V_1_U   |V_tile_V_RAM_1WNR_AUTO_1R1W  |       12|  0|   0|    0|  1024|    8|     1|         8192|
    |V_tile_V_2_U   |V_tile_V_RAM_1WNR_AUTO_1R1W  |       12|  0|   0|    0|  1024|    8|     1|         8192|
    |V_tile_V_3_U   |V_tile_V_RAM_1WNR_AUTO_1R1W  |       12|  0|   0|    0|  1024|    8|     1|         8192|
    |V_tile_V_4_U   |V_tile_V_RAM_1WNR_AUTO_1R1W  |       12|  0|   0|    0|  1024|    8|     1|         8192|
    |V_tile_V_5_U   |V_tile_V_RAM_1WNR_AUTO_1R1W  |       12|  0|   0|    0|  1024|    8|     1|         8192|
    |V_tile_V_6_U   |V_tile_V_RAM_1WNR_AUTO_1R1W  |       12|  0|   0|    0|  1024|    8|     1|         8192|
    |V_tile_V_7_U   |V_tile_V_RAM_1WNR_AUTO_1R1W  |       12|  0|   0|    0|  1024|    8|     1|         8192|
    |scores_U       |scores_RAM_AUTO_1R1W         |        1|  0|   0|    0|   128|   32|     1|         4096|
    |scores_1_U     |scores_RAM_AUTO_1R1W         |        1|  0|   0|    0|   128|   32|     1|         4096|
    |scores_2_U     |scores_RAM_AUTO_1R1W         |        1|  0|   0|    0|   128|   32|     1|         4096|
    |scores_3_U     |scores_RAM_AUTO_1R1W         |        1|  0|   0|    0|   128|   32|     1|         4096|
    |scores_4_U     |scores_RAM_AUTO_1R1W         |        1|  0|   0|    0|   128|   32|     1|         4096|
    |scores_5_U     |scores_RAM_AUTO_1R1W         |        1|  0|   0|    0|   128|   32|     1|         4096|
    |scores_6_U     |scores_RAM_AUTO_1R1W         |        1|  0|   0|    0|   128|   32|     1|         4096|
    |scores_7_U     |scores_RAM_AUTO_1R1W         |        1|  0|   0|    0|   128|   32|     1|         4096|
    +---------------+-----------------------------+---------+---+----+-----+------+-----+------+-------------+
    |Total          |                             |      184|512|  64|    0| 18432| 1600|   152|       184320|
    +---------------+-----------------------------+---------+---+----+-----+------+-----+------+-------------+

    * FIFO: 
    N/A

    * Expression: 
    +----------------------------------+----------+----+---+-----+------------+------------+
    |           Variable Name          | Operation| DSP| FF| LUT | Bitwidth P0| Bitwidth P1|
    +----------------------------------+----------+----+---+-----+------------+------------+
    |add_ln144_fu_7512_p2              |         +|   0|  0|   13|           4|           1|
    |add_ln161_fu_7608_p2              |         +|   0|  0|   13|           4|           1|
    |add_ln346_fu_7858_p2              |         +|   0|  0|   16|           9|           8|
    |add_ln89_1_fu_7417_p2             |         +|   0|  0|   13|           5|           1|
    |add_ln89_fu_9090_p2               |         +|   0|  0|   15|           8|           4|
    |add_ln91_fu_7439_p2               |         +|   0|  0|   71|          64|          64|
    |empty_47_fu_7590_p2               |         +|   0|  0|   14|           7|           7|
    |result_V_3_fu_7940_p2             |         -|   0|  0|   39|           1|          32|
    |sub_ln1512_fu_7872_p2             |         -|   0|  0|   15|           7|           8|
    |and_ln162_1_fu_7740_p2            |       and|   0|  0|    2|           1|           1|
    |and_ln162_fu_7734_p2              |       and|   0|  0|    2|           1|           1|
    |and_ln32_fu_7788_p2               |       and|   0|  0|    2|           1|           1|
    |and_ln33_fu_7793_p2               |       and|   0|  0|    2|           1|           1|
    |icmp_ln144_fu_7506_p2             |      icmp|   0|  0|    9|           4|           5|
    |icmp_ln161_fu_7602_p2             |      icmp|   0|  0|    9|           4|           5|
    |icmp_ln162_1_fu_7704_p2           |      icmp|   0|  0|   15|          23|           1|
    |icmp_ln162_2_fu_7716_p2           |      icmp|   0|  0|   11|           8|           2|
    |icmp_ln162_3_fu_7722_p2           |      icmp|   0|  0|   15|          23|           1|
    |icmp_ln162_fu_7698_p2             |      icmp|   0|  0|   11|           8|           2|
    |icmp_ln178_1_fu_8377_p2           |      icmp|   0|  0|    8|           3|           1|
    |icmp_ln178_2_fu_8382_p2           |      icmp|   0|  0|    8|           3|           2|
    |icmp_ln178_3_fu_8387_p2           |      icmp|   0|  0|    8|           3|           2|
    |icmp_ln178_4_fu_8392_p2           |      icmp|   0|  0|    9|           3|           4|
    |icmp_ln178_5_fu_8397_p2           |      icmp|   0|  0|    8|           3|           3|
    |icmp_ln178_6_fu_8402_p2           |      icmp|   0|  0|    8|           3|           3|
    |icmp_ln178_fu_8372_p2             |      icmp|   0|  0|    8|           3|           1|
    |icmp_ln32_1_fu_7776_p2            |      icmp|   0|  0|   15|          23|           1|
    |icmp_ln32_fu_7770_p2              |      icmp|   0|  0|   11|           8|           2|
    |icmp_ln36_fu_7961_p2              |      icmp|   0|  0|   16|          26|           1|
    |icmp_ln89_fu_7411_p2              |      icmp|   0|  0|   10|           5|           6|
    |r_V_fu_7898_p2                    |      lshr|   0|  0|  242|          79|          79|
    |ap_block_state12_on_subcall_done  |        or|   0|  0|    2|           1|           1|
    |ap_block_state4_io                |        or|   0|  0|    2|           1|           1|
    |or_ln162_1_fu_7728_p2             |        or|   0|  0|    2|           1|           1|
    |or_ln162_fu_7710_p2               |        or|   0|  0|    2|           1|           1|
    |or_ln178_1_fu_8413_p2             |        or|   0|  0|    2|           1|           1|
    |or_ln178_2_fu_8419_p2             |        or|   0|  0|    2|           1|           1|
    |or_ln178_3_fu_8425_p2             |        or|   0|  0|    2|           1|           1|
    |or_ln178_4_fu_8431_p2             |        or|   0|  0|    2|           1|           1|
    |or_ln178_5_fu_8437_p2             |        or|   0|  0|    2|           1|           1|
    |or_ln178_fu_8407_p2               |        or|   0|  0|    2|           1|           1|
    |or_ln32_fu_7782_p2                |        or|   0|  0|    2|           1|           1|
    |idx_2_fu_7967_p3                  |    select|   0|  0|   32|           1|           6|
    |l_state_16_fu_9034_p3             |    select|   0|  0|   32|           1|          32|
    |l_state_17_fu_9041_p3             |    select|   0|  0|   32|           1|          32|
    |l_state_18_fu_9048_p3             |    select|   0|  0|   32|           1|          32|
    |l_state_19_fu_9055_p3             |    select|   0|  0|   32|           1|          32|
    |l_state_20_fu_9062_p3             |    select|   0|  0|   32|           1|          32|
    |l_state_21_fu_9069_p3             |    select|   0|  0|   32|           1|          32|
    |l_state_22_fu_9076_p3             |    select|   0|  0|   32|           1|          32|
    |l_state_23_fu_9083_p3             |    select|   0|  0|   32|           1|          32|
    |m_new_fu_7746_p3                  |    select|   0|  0|   32|           1|          32|
    |m_state_16_fu_8443_p3             |    select|   0|  0|   32|           1|          32|
    |m_state_17_fu_8450_p3             |    select|   0|  0|   32|           1|          32|
    |m_state_18_fu_8457_p3             |    select|   0|  0|   32|           1|          32|
    |m_state_19_fu_8464_p3             |    select|   0|  0|   32|           1|          32|
    |m_state_20_fu_8471_p3             |    select|   0|  0|   32|           1|          32|
    |m_state_21_fu_8478_p3             |    select|   0|  0|   32|           1|          32|
    |m_state_22_fu_8485_p3             |    select|   0|  0|   32|           1|          32|
    |m_state_23_fu_8492_p3             |    select|   0|  0|   32|           1|          32|
    |result_V_fu_7945_p3               |    select|   0|  0|   32|           1|          32|
    |select_ln35_fu_7807_p3            |    select|   0|  0|   33|           1|          33|
    |ush_fu_7882_p3                    |    select|   0|  0|    9|           1|           9|
    |val_fu_7932_p3                    |    select|   0|  0|   32|           1|          32|
    |r_V_2_fu_7904_p2                  |       shl|   0|  0|  242|          79|          79|
    |xor_ln35_fu_7798_p2               |       xor|   0|  0|   33|          32|          33|
    +----------------------------------+----------+----+---+-----+------------+------------+
    |Total                             |          |   0|  0| 1617|         489|        1030|
    +----------------------------------+----------+----+---+-----+------------+------------+

    * Multiplexer: 
    +----------------------+------+-----------+-----+-----------+
    |         Name         |  LUT | Input Size| Bits| Total Bits|
    +----------------------+------+-----------+-----+-----------+
    |K_tile_V_10_address0  |    13|          3|    7|         21|
    |K_tile_V_10_ce0       |    13|          3|    1|          3|
    |K_tile_V_10_we0       |     9|          2|    1|          2|
    |K_tile_V_11_address0  |    13|          3|    7|         21|
    |K_tile_V_11_ce0       |    13|          3|    1|          3|
    |K_tile_V_11_we0       |     9|          2|    1|          2|
    |K_tile_V_12_address0  |    13|          3|    7|         21|
    |K_tile_V_12_ce0       |    13|          3|    1|          3|
    |K_tile_V_12_we0       |     9|          2|    1|          2|
    |K_tile_V_13_address0  |    13|          3|    7|         21|
    |K_tile_V_13_ce0       |    13|          3|    1|          3|
    |K_tile_V_13_we0       |     9|          2|    1|          2|
    |K_tile_V_14_address0  |    13|          3|    7|         21|
    |K_tile_V_14_ce0       |    13|          3|    1|          3|
    |K_tile_V_14_we0       |     9|          2|    1|          2|
    |K_tile_V_15_address0  |    13|          3|    7|         21|
    |K_tile_V_15_ce0       |    13|          3|    1|          3|
    |K_tile_V_15_we0       |     9|          2|    1|          2|
    |K_tile_V_16_address0  |    13|          3|    7|         21|
    |K_tile_V_16_ce0       |    13|          3|    1|          3|
    |K_tile_V_16_we0       |     9|          2|    1|          2|
    |K_tile_V_17_address0  |    13|          3|    7|         21|
    |K_tile_V_17_ce0       |    13|          3|    1|          3|
    |K_tile_V_17_we0       |     9|          2|    1|          2|
    |K_tile_V_18_address0  |    13|          3|    7|         21|
    |K_tile_V_18_ce0       |    13|          3|    1|          3|
    |K_tile_V_18_we0       |     9|          2|    1|          2|
    |K_tile_V_19_address0  |    13|          3|    7|         21|
    |K_tile_V_19_ce0       |    13|          3|    1|          3|
    |K_tile_V_19_we0       |     9|          2|    1|          2|
    |K_tile_V_1_address0   |    13|          3|    7|         21|
    |K_tile_V_1_ce0        |    13|          3|    1|          3|
    |K_tile_V_1_we0        |     9|          2|    1|          2|
    |K_tile_V_20_address0  |    13|          3|    7|         21|
    |K_tile_V_20_ce0       |    13|          3|    1|          3|
    |K_tile_V_20_we0       |     9|          2|    1|          2|
    |K_tile_V_21_address0  |    13|          3|    7|         21|
    |K_tile_V_21_ce0       |    13|          3|    1|          3|
    |K_tile_V_21_we0       |     9|          2|    1|          2|
    |K_tile_V_22_address0  |    13|          3|    7|         21|
    |K_tile_V_22_ce0       |    13|          3|    1|          3|
    |K_tile_V_22_we0       |     9|          2|    1|          2|
    |K_tile_V_23_address0  |    13|          3|    7|         21|
    |K_tile_V_23_ce0       |    13|          3|    1|          3|
    |K_tile_V_23_we0       |     9|          2|    1|          2|
    |K_tile_V_24_address0  |    13|          3|    7|         21|
    |K_tile_V_24_ce0       |    13|          3|    1|          3|
    |K_tile_V_24_we0       |     9|          2|    1|          2|
    |K_tile_V_25_address0  |    13|          3|    7|         21|
    |K_tile_V_25_ce0       |    13|          3|    1|          3|
    |K_tile_V_25_we0       |     9|          2|    1|          2|
    |K_tile_V_26_address0  |    13|          3|    7|         21|
    |K_tile_V_26_ce0       |    13|          3|    1|          3|
    |K_tile_V_26_we0       |     9|          2|    1|          2|
    |K_tile_V_27_address0  |    13|          3|    7|         21|
    |K_tile_V_27_ce0       |    13|          3|    1|          3|
    |K_tile_V_27_we0       |     9|          2|    1|          2|
    |K_tile_V_28_address0  |    13|          3|    7|         21|
    |K_tile_V_28_ce0       |    13|          3|    1|          3|
    |K_tile_V_28_we0       |     9|          2|    1|          2|
    |K_tile_V_29_address0  |    13|          3|    7|         21|
    |K_tile_V_29_ce0       |    13|          3|    1|          3|
    |K_tile_V_29_we0       |     9|          2|    1|          2|
    |K_tile_V_2_address0   |    13|          3|    7|         21|
    |K_tile_V_2_ce0        |    13|          3|    1|          3|
    |K_tile_V_2_we0        |     9|          2|    1|          2|
    |K_tile_V_30_address0  |    13|          3|    7|         21|
    |K_tile_V_30_ce0       |    13|          3|    1|          3|
    |K_tile_V_30_we0       |     9|          2|    1|          2|
    |K_tile_V_31_address0  |    13|          3|    7|         21|
    |K_tile_V_31_ce0       |    13|          3|    1|          3|
    |K_tile_V_31_we0       |     9|          2|    1|          2|
    |K_tile_V_32_address0  |    13|          3|    7|         21|
    |K_tile_V_32_ce0       |    13|          3|    1|          3|
    |K_tile_V_32_we0       |     9|          2|    1|          2|
    |K_tile_V_33_address0  |    13|          3|    7|         21|
    |K_tile_V_33_ce0       |    13|          3|    1|          3|
    |K_tile_V_33_we0       |     9|          2|    1|          2|
    |K_tile_V_34_address0  |    13|          3|    7|         21|
    |K_tile_V_34_ce0       |    13|          3|    1|          3|
    |K_tile_V_34_we0       |     9|          2|    1|          2|
    |K_tile_V_35_address0  |    13|          3|    7|         21|
    |K_tile_V_35_ce0       |    13|          3|    1|          3|
    |K_tile_V_35_we0       |     9|          2|    1|          2|
    |K_tile_V_36_address0  |    13|          3|    7|         21|
    |K_tile_V_36_ce0       |    13|          3|    1|          3|
    |K_tile_V_36_we0       |     9|          2|    1|          2|
    |K_tile_V_37_address0  |    13|          3|    7|         21|
    |K_tile_V_37_ce0       |    13|          3|    1|          3|
    |K_tile_V_37_we0       |     9|          2|    1|          2|
    |K_tile_V_38_address0  |    13|          3|    7|         21|
    |K_tile_V_38_ce0       |    13|          3|    1|          3|
    |K_tile_V_38_we0       |     9|          2|    1|          2|
    |K_tile_V_39_address0  |    13|          3|    7|         21|
    |K_tile_V_39_ce0       |    13|          3|    1|          3|
    |K_tile_V_39_we0       |     9|          2|    1|          2|
    |K_tile_V_3_address0   |    13|          3|    7|         21|
    |K_tile_V_3_ce0        |    13|          3|    1|          3|
    |K_tile_V_3_we0        |     9|          2|    1|          2|
    |K_tile_V_40_address0  |    13|          3|    7|         21|
    |K_tile_V_40_ce0       |    13|          3|    1|          3|
    |K_tile_V_40_we0       |     9|          2|    1|          2|
    |K_tile_V_41_address0  |    13|          3|    7|         21|
    |K_tile_V_41_ce0       |    13|          3|    1|          3|
    |K_tile_V_41_we0       |     9|          2|    1|          2|
    |K_tile_V_42_address0  |    13|          3|    7|         21|
    |K_tile_V_42_ce0       |    13|          3|    1|          3|
    |K_tile_V_42_we0       |     9|          2|    1|          2|
    |K_tile_V_43_address0  |    13|          3|    7|         21|
    |K_tile_V_43_ce0       |    13|          3|    1|          3|
    |K_tile_V_43_we0       |     9|          2|    1|          2|
    |K_tile_V_44_address0  |    13|          3|    7|         21|
    |K_tile_V_44_ce0       |    13|          3|    1|          3|
    |K_tile_V_44_we0       |     9|          2|    1|          2|
    |K_tile_V_45_address0  |    13|          3|    7|         21|
    |K_tile_V_45_ce0       |    13|          3|    1|          3|
    |K_tile_V_45_we0       |     9|          2|    1|          2|
    |K_tile_V_46_address0  |    13|          3|    7|         21|
    |K_tile_V_46_ce0       |    13|          3|    1|          3|
    |K_tile_V_46_we0       |     9|          2|    1|          2|
    |K_tile_V_47_address0  |    13|          3|    7|         21|
    |K_tile_V_47_ce0       |    13|          3|    1|          3|
    |K_tile_V_47_we0       |     9|          2|    1|          2|
    |K_tile_V_48_address0  |    13|          3|    7|         21|
    |K_tile_V_48_ce0       |    13|          3|    1|          3|
    |K_tile_V_48_we0       |     9|          2|    1|          2|
    |K_tile_V_49_address0  |    13|          3|    7|         21|
    |K_tile_V_49_ce0       |    13|          3|    1|          3|
    |K_tile_V_49_we0       |     9|          2|    1|          2|
    |K_tile_V_4_address0   |    13|          3|    7|         21|
    |K_tile_V_4_ce0        |    13|          3|    1|          3|
    |K_tile_V_4_we0        |     9|          2|    1|          2|
    |K_tile_V_50_address0  |    13|          3|    7|         21|
    |K_tile_V_50_ce0       |    13|          3|    1|          3|
    |K_tile_V_50_we0       |     9|          2|    1|          2|
    |K_tile_V_51_address0  |    13|          3|    7|         21|
    |K_tile_V_51_ce0       |    13|          3|    1|          3|
    |K_tile_V_51_we0       |     9|          2|    1|          2|
    |K_tile_V_52_address0  |    13|          3|    7|         21|
    |K_tile_V_52_ce0       |    13|          3|    1|          3|
    |K_tile_V_52_we0       |     9|          2|    1|          2|
    |K_tile_V_53_address0  |    13|          3|    7|         21|
    |K_tile_V_53_ce0       |    13|          3|    1|          3|
    |K_tile_V_53_we0       |     9|          2|    1|          2|
    |K_tile_V_54_address0  |    13|          3|    7|         21|
    |K_tile_V_54_ce0       |    13|          3|    1|          3|
    |K_tile_V_54_we0       |     9|          2|    1|          2|
    |K_tile_V_55_address0  |    13|          3|    7|         21|
    |K_tile_V_55_ce0       |    13|          3|    1|          3|
    |K_tile_V_55_we0       |     9|          2|    1|          2|
    |K_tile_V_56_address0  |    13|          3|    7|         21|
    |K_tile_V_56_ce0       |    13|          3|    1|          3|
    |K_tile_V_56_we0       |     9|          2|    1|          2|
    |K_tile_V_57_address0  |    13|          3|    7|         21|
    |K_tile_V_57_ce0       |    13|          3|    1|          3|
    |K_tile_V_57_we0       |     9|          2|    1|          2|
    |K_tile_V_58_address0  |    13|          3|    7|         21|
    |K_tile_V_58_ce0       |    13|          3|    1|          3|
    |K_tile_V_58_we0       |     9|          2|    1|          2|
    |K_tile_V_59_address0  |    13|          3|    7|         21|
    |K_tile_V_59_ce0       |    13|          3|    1|          3|
    |K_tile_V_59_we0       |     9|          2|    1|          2|
    |K_tile_V_5_address0   |    13|          3|    7|         21|
    |K_tile_V_5_ce0        |    13|          3|    1|          3|
    |K_tile_V_5_we0        |     9|          2|    1|          2|
    |K_tile_V_60_address0  |    13|          3|    7|         21|
    |K_tile_V_60_ce0       |    13|          3|    1|          3|
    |K_tile_V_60_we0       |     9|          2|    1|          2|
    |K_tile_V_61_address0  |    13|          3|    7|         21|
    |K_tile_V_61_ce0       |    13|          3|    1|          3|
    |K_tile_V_61_we0       |     9|          2|    1|          2|
    |K_tile_V_62_address0  |    13|          3|    7|         21|
    |K_tile_V_62_ce0       |    13|          3|    1|          3|
    |K_tile_V_62_we0       |     9|          2|    1|          2|
    |K_tile_V_63_address0  |    13|          3|    7|         21|
    |K_tile_V_63_ce0       |    13|          3|    1|          3|
    |K_tile_V_63_we0       |     9|          2|    1|          2|
    |K_tile_V_6_address0   |    13|          3|    7|         21|
    |K_tile_V_6_ce0        |    13|          3|    1|          3|
    |K_tile_V_6_we0        |     9|          2|    1|          2|
    |K_tile_V_7_address0   |    13|          3|    7|         21|
    |K_tile_V_7_ce0        |    13|          3|    1|          3|
    |K_tile_V_7_we0        |     9|          2|    1|          2|
    |K_tile_V_8_address0   |    13|          3|    7|         21|
    |K_tile_V_8_ce0        |    13|          3|    1|          3|
    |K_tile_V_8_we0        |     9|          2|    1|          2|
    |K_tile_V_9_address0   |    13|          3|    7|         21|
    |K_tile_V_9_ce0        |    13|          3|    1|          3|
    |K_tile_V_9_we0        |     9|          2|    1|          2|
    |K_tile_V_address0     |    13|          3|    7|         21|
    |K_tile_V_ce0          |    13|          3|    1|          3|
    |K_tile_V_we0          |     9|          2|    1|          2|
    |O_tile_1_address0     |    17|          4|    6|         24|
    |O_tile_1_ce0          |    17|          4|    1|          4|
    |O_tile_1_ce1          |     9|          2|    1|          2|
    |O_tile_1_d0           |    13|          3|   32|         96|
    |O_tile_1_we0          |    13|          3|    1|          3|
    |O_tile_1_we1          |     9|          2|    1|          2|
    |O_tile_2_address0     |    17|          4|    6|         24|
    |O_tile_2_ce0          |    17|          4|    1|          4|
    |O_tile_2_ce1          |     9|          2|    1|          2|
    |O_tile_2_d0           |    13|          3|   32|         96|
    |O_tile_2_we0          |    13|          3|    1|          3|
    |O_tile_2_we1          |     9|          2|    1|          2|
    |O_tile_3_address0     |    17|          4|    6|         24|
    |O_tile_3_ce0          |    17|          4|    1|          4|
    |O_tile_3_ce1          |     9|          2|    1|          2|
    |O_tile_3_d0           |    13|          3|   32|         96|
    |O_tile_3_we0          |    13|          3|    1|          3|
    |O_tile_3_we1          |     9|          2|    1|          2|
    |O_tile_4_address0     |    17|          4|    6|         24|
    |O_tile_4_ce0          |    17|          4|    1|          4|
    |O_tile_4_ce1          |     9|          2|    1|          2|
    |O_tile_4_d0           |    13|          3|   32|         96|
    |O_tile_4_we0          |    13|          3|    1|          3|
    |O_tile_4_we1          |     9|          2|    1|          2|
    |O_tile_5_address0     |    17|          4|    6|         24|
    |O_tile_5_ce0          |    17|          4|    1|          4|
    |O_tile_5_ce1          |     9|          2|    1|          2|
    |O_tile_5_d0           |    13|          3|   32|         96|
    |O_tile_5_we0          |    13|          3|    1|          3|
    |O_tile_5_we1          |     9|          2|    1|          2|
    |O_tile_6_address0     |    17|          4|    6|         24|
    |O_tile_6_ce0          |    17|          4|    1|          4|
    |O_tile_6_ce1          |     9|          2|    1|          2|
    |O_tile_6_d0           |    13|          3|   32|         96|
    |O_tile_6_we0          |    13|          3|    1|          3|
    |O_tile_6_we1          |     9|          2|    1|          2|
    |O_tile_7_address0     |    17|          4|    6|         24|
    |O_tile_7_ce0          |    17|          4|    1|          4|
    |O_tile_7_ce1          |     9|          2|    1|          2|
    |O_tile_7_d0           |    13|          3|   32|         96|
    |O_tile_7_we0          |    13|          3|    1|          3|
    |O_tile_7_we1          |     9|          2|    1|          2|
    |O_tile_address0       |    17|          4|    6|         24|
    |O_tile_ce0            |    17|          4|    1|          4|
    |O_tile_ce1            |     9|          2|    1|          2|
    |O_tile_d0             |    13|          3|   32|         96|
    |O_tile_we0            |    13|          3|    1|          3|
    |O_tile_we1            |     9|          2|    1|          2|
    |Q_tile_V_10_address0  |    13|          3|    3|          9|
    |Q_tile_V_10_ce0       |    13|          3|    1|          3|
    |Q_tile_V_10_we0       |     9|          2|    1|          2|
    |Q_tile_V_11_address0  |    13|          3|    3|          9|
    |Q_tile_V_11_ce0       |    13|          3|    1|          3|
    |Q_tile_V_11_we0       |     9|          2|    1|          2|
    |Q_tile_V_12_address0  |    13|          3|    3|          9|
    |Q_tile_V_12_ce0       |    13|          3|    1|          3|
    |Q_tile_V_12_we0       |     9|          2|    1|          2|
    |Q_tile_V_13_address0  |    13|          3|    3|          9|
    |Q_tile_V_13_ce0       |    13|          3|    1|          3|
    |Q_tile_V_13_we0       |     9|          2|    1|          2|
    |Q_tile_V_14_address0  |    13|          3|    3|          9|
    |Q_tile_V_14_ce0       |    13|          3|    1|          3|
    |Q_tile_V_14_we0       |     9|          2|    1|          2|
    |Q_tile_V_15_address0  |    13|          3|    3|          9|
    |Q_tile_V_15_ce0       |    13|          3|    1|          3|
    |Q_tile_V_15_we0       |     9|          2|    1|          2|
    |Q_tile_V_16_address0  |    13|          3|    3|          9|
    |Q_tile_V_16_ce0       |    13|          3|    1|          3|
    |Q_tile_V_16_we0       |     9|          2|    1|          2|
    |Q_tile_V_17_address0  |    13|          3|    3|          9|
    |Q_tile_V_17_ce0       |    13|          3|    1|          3|
    |Q_tile_V_17_we0       |     9|          2|    1|          2|
    |Q_tile_V_18_address0  |    13|          3|    3|          9|
    |Q_tile_V_18_ce0       |    13|          3|    1|          3|
    |Q_tile_V_18_we0       |     9|          2|    1|          2|
    |Q_tile_V_19_address0  |    13|          3|    3|          9|
    |Q_tile_V_19_ce0       |    13|          3|    1|          3|
    |Q_tile_V_19_we0       |     9|          2|    1|          2|
    |Q_tile_V_1_address0   |    13|          3|    3|          9|
    |Q_tile_V_1_ce0        |    13|          3|    1|          3|
    |Q_tile_V_1_we0        |     9|          2|    1|          2|
    |Q_tile_V_20_address0  |    13|          3|    3|          9|
    |Q_tile_V_20_ce0       |    13|          3|    1|          3|
    |Q_tile_V_20_we0       |     9|          2|    1|          2|
    |Q_tile_V_21_address0  |    13|          3|    3|          9|
    |Q_tile_V_21_ce0       |    13|          3|    1|          3|
    |Q_tile_V_21_we0       |     9|          2|    1|          2|
    |Q_tile_V_22_address0  |    13|          3|    3|          9|
    |Q_tile_V_22_ce0       |    13|          3|    1|          3|
    |Q_tile_V_22_we0       |     9|          2|    1|          2|
    |Q_tile_V_23_address0  |    13|          3|    3|          9|
    |Q_tile_V_23_ce0       |    13|          3|    1|          3|
    |Q_tile_V_23_we0       |     9|          2|    1|          2|
    |Q_tile_V_24_address0  |    13|          3|    3|          9|
    |Q_tile_V_24_ce0       |    13|          3|    1|          3|
    |Q_tile_V_24_we0       |     9|          2|    1|          2|
    |Q_tile_V_25_address0  |    13|          3|    3|          9|
    |Q_tile_V_25_ce0       |    13|          3|    1|          3|
    |Q_tile_V_25_we0       |     9|          2|    1|          2|
    |Q_tile_V_26_address0  |    13|          3|    3|          9|
    |Q_tile_V_26_ce0       |    13|          3|    1|          3|
    |Q_tile_V_26_we0       |     9|          2|    1|          2|
    |Q_tile_V_27_address0  |    13|          3|    3|          9|
    |Q_tile_V_27_ce0       |    13|          3|    1|          3|
    |Q_tile_V_27_we0       |     9|          2|    1|          2|
    |Q_tile_V_28_address0  |    13|          3|    3|          9|
    |Q_tile_V_28_ce0       |    13|          3|    1|          3|
    |Q_tile_V_28_we0       |     9|          2|    1|          2|
    |Q_tile_V_29_address0  |    13|          3|    3|          9|
    |Q_tile_V_29_ce0       |    13|          3|    1|          3|
    |Q_tile_V_29_we0       |     9|          2|    1|          2|
    |Q_tile_V_2_address0   |    13|          3|    3|          9|
    |Q_tile_V_2_ce0        |    13|          3|    1|          3|
    |Q_tile_V_2_we0        |     9|          2|    1|          2|
    |Q_tile_V_30_address0  |    13|          3|    3|          9|
    |Q_tile_V_30_ce0       |    13|          3|    1|          3|
    |Q_tile_V_30_we0       |     9|          2|    1|          2|
    |Q_tile_V_31_address0  |    13|          3|    3|          9|
    |Q_tile_V_31_ce0       |    13|          3|    1|          3|
    |Q_tile_V_31_we0       |     9|          2|    1|          2|
    |Q_tile_V_32_address0  |    13|          3|    3|          9|
    |Q_tile_V_32_ce0       |    13|          3|    1|          3|
    |Q_tile_V_32_we0       |     9|          2|    1|          2|
    |Q_tile_V_33_address0  |    13|          3|    3|          9|
    |Q_tile_V_33_ce0       |    13|          3|    1|          3|
    |Q_tile_V_33_we0       |     9|          2|    1|          2|
    |Q_tile_V_34_address0  |    13|          3|    3|          9|
    |Q_tile_V_34_ce0       |    13|          3|    1|          3|
    |Q_tile_V_34_we0       |     9|          2|    1|          2|
    |Q_tile_V_35_address0  |    13|          3|    3|          9|
    |Q_tile_V_35_ce0       |    13|          3|    1|          3|
    |Q_tile_V_35_we0       |     9|          2|    1|          2|
    |Q_tile_V_36_address0  |    13|          3|    3|          9|
    |Q_tile_V_36_ce0       |    13|          3|    1|          3|
    |Q_tile_V_36_we0       |     9|          2|    1|          2|
    |Q_tile_V_37_address0  |    13|          3|    3|          9|
    |Q_tile_V_37_ce0       |    13|          3|    1|          3|
    |Q_tile_V_37_we0       |     9|          2|    1|          2|
    |Q_tile_V_38_address0  |    13|          3|    3|          9|
    |Q_tile_V_38_ce0       |    13|          3|    1|          3|
    |Q_tile_V_38_we0       |     9|          2|    1|          2|
    |Q_tile_V_39_address0  |    13|          3|    3|          9|
    |Q_tile_V_39_ce0       |    13|          3|    1|          3|
    |Q_tile_V_39_we0       |     9|          2|    1|          2|
    |Q_tile_V_3_address0   |    13|          3|    3|          9|
    |Q_tile_V_3_ce0        |    13|          3|    1|          3|
    |Q_tile_V_3_we0        |     9|          2|    1|          2|
    |Q_tile_V_40_address0  |    13|          3|    3|          9|
    |Q_tile_V_40_ce0       |    13|          3|    1|          3|
    |Q_tile_V_40_we0       |     9|          2|    1|          2|
    |Q_tile_V_41_address0  |    13|          3|    3|          9|
    |Q_tile_V_41_ce0       |    13|          3|    1|          3|
    |Q_tile_V_41_we0       |     9|          2|    1|          2|
    |Q_tile_V_42_address0  |    13|          3|    3|          9|
    |Q_tile_V_42_ce0       |    13|          3|    1|          3|
    |Q_tile_V_42_we0       |     9|          2|    1|          2|
    |Q_tile_V_43_address0  |    13|          3|    3|          9|
    |Q_tile_V_43_ce0       |    13|          3|    1|          3|
    |Q_tile_V_43_we0       |     9|          2|    1|          2|
    |Q_tile_V_44_address0  |    13|          3|    3|          9|
    |Q_tile_V_44_ce0       |    13|          3|    1|          3|
    |Q_tile_V_44_we0       |     9|          2|    1|          2|
    |Q_tile_V_45_address0  |    13|          3|    3|          9|
    |Q_tile_V_45_ce0       |    13|          3|    1|          3|
    |Q_tile_V_45_we0       |     9|          2|    1|          2|
    |Q_tile_V_46_address0  |    13|          3|    3|          9|
    |Q_tile_V_46_ce0       |    13|          3|    1|          3|
    |Q_tile_V_46_we0       |     9|          2|    1|          2|
    |Q_tile_V_47_address0  |    13|          3|    3|          9|
    |Q_tile_V_47_ce0       |    13|          3|    1|          3|
    |Q_tile_V_47_we0       |     9|          2|    1|          2|
    |Q_tile_V_48_address0  |    13|          3|    3|          9|
    |Q_tile_V_48_ce0       |    13|          3|    1|          3|
    |Q_tile_V_48_we0       |     9|          2|    1|          2|
    |Q_tile_V_49_address0  |    13|          3|    3|          9|
    |Q_tile_V_49_ce0       |    13|          3|    1|          3|
    |Q_tile_V_49_we0       |     9|          2|    1|          2|
    |Q_tile_V_4_address0   |    13|          3|    3|          9|
    |Q_tile_V_4_ce0        |    13|          3|    1|          3|
    |Q_tile_V_4_we0        |     9|          2|    1|          2|
    |Q_tile_V_50_address0  |    13|          3|    3|          9|
    |Q_tile_V_50_ce0       |    13|          3|    1|          3|
    |Q_tile_V_50_we0       |     9|          2|    1|          2|
    |Q_tile_V_51_address0  |    13|          3|    3|          9|
    |Q_tile_V_51_ce0       |    13|          3|    1|          3|
    |Q_tile_V_51_we0       |     9|          2|    1|          2|
    |Q_tile_V_52_address0  |    13|          3|    3|          9|
    |Q_tile_V_52_ce0       |    13|          3|    1|          3|
    |Q_tile_V_52_we0       |     9|          2|    1|          2|
    |Q_tile_V_53_address0  |    13|          3|    3|          9|
    |Q_tile_V_53_ce0       |    13|          3|    1|          3|
    |Q_tile_V_53_we0       |     9|          2|    1|          2|
    |Q_tile_V_54_address0  |    13|          3|    3|          9|
    |Q_tile_V_54_ce0       |    13|          3|    1|          3|
    |Q_tile_V_54_we0       |     9|          2|    1|          2|
    |Q_tile_V_55_address0  |    13|          3|    3|          9|
    |Q_tile_V_55_ce0       |    13|          3|    1|          3|
    |Q_tile_V_55_we0       |     9|          2|    1|          2|
    |Q_tile_V_56_address0  |    13|          3|    3|          9|
    |Q_tile_V_56_ce0       |    13|          3|    1|          3|
    |Q_tile_V_56_we0       |     9|          2|    1|          2|
    |Q_tile_V_57_address0  |    13|          3|    3|          9|
    |Q_tile_V_57_ce0       |    13|          3|    1|          3|
    |Q_tile_V_57_we0       |     9|          2|    1|          2|
    |Q_tile_V_58_address0  |    13|          3|    3|          9|
    |Q_tile_V_58_ce0       |    13|          3|    1|          3|
    |Q_tile_V_58_we0       |     9|          2|    1|          2|
    |Q_tile_V_59_address0  |    13|          3|    3|          9|
    |Q_tile_V_59_ce0       |    13|          3|    1|          3|
    |Q_tile_V_59_we0       |     9|          2|    1|          2|
    |Q_tile_V_5_address0   |    13|          3|    3|          9|
    |Q_tile_V_5_ce0        |    13|          3|    1|          3|
    |Q_tile_V_5_we0        |     9|          2|    1|          2|
    |Q_tile_V_60_address0  |    13|          3|    3|          9|
    |Q_tile_V_60_ce0       |    13|          3|    1|          3|
    |Q_tile_V_60_we0       |     9|          2|    1|          2|
    |Q_tile_V_61_address0  |    13|          3|    3|          9|
    |Q_tile_V_61_ce0       |    13|          3|    1|          3|
    |Q_tile_V_61_we0       |     9|          2|    1|          2|
    |Q_tile_V_62_address0  |    13|          3|    3|          9|
    |Q_tile_V_62_ce0       |    13|          3|    1|          3|
    |Q_tile_V_62_we0       |     9|          2|    1|          2|
    |Q_tile_V_63_address0  |    13|          3|    3|          9|
    |Q_tile_V_63_ce0       |    13|          3|    1|          3|
    |Q_tile_V_63_we0       |     9|          2|    1|          2|
    |Q_tile_V_6_address0   |    13|          3|    3|          9|
    |Q_tile_V_6_ce0        |    13|          3|    1|          3|
    |Q_tile_V_6_we0        |     9|          2|    1|          2|
    |Q_tile_V_7_address0   |    13|          3|    3|          9|
    |Q_tile_V_7_ce0        |    13|          3|    1|          3|
    |Q_tile_V_7_we0        |     9|          2|    1|          2|
    |Q_tile_V_8_address0   |    13|          3|    3|          9|
    |Q_tile_V_8_ce0        |    13|          3|    1|          3|
    |Q_tile_V_8_we0        |     9|          2|    1|          2|
    |Q_tile_V_9_address0   |    13|          3|    3|          9|
    |Q_tile_V_9_ce0        |    13|          3|    1|          3|
    |Q_tile_V_9_we0        |     9|          2|    1|          2|
    |Q_tile_V_address0     |    13|          3|    3|          9|
    |Q_tile_V_ce0          |    13|          3|    1|          3|
    |Q_tile_V_we0          |     9|          2|    1|          2|
    |V_tile_V_1_address0   |    13|          3|   10|         30|
    |V_tile_V_1_ce0        |    13|          3|    1|          3|
    |V_tile_V_1_ce1        |     9|          2|    1|          2|
    |V_tile_V_1_ce10       |     9|          2|    1|          2|
    |V_tile_V_1_ce11       |     9|          2|    1|          2|
    |V_tile_V_1_ce12       |     9|          2|    1|          2|
    |V_tile_V_1_ce2        |     9|          2|    1|          2|
    |V_tile_V_1_ce3        |     9|          2|    1|          2|
    |V_tile_V_1_ce4        |     9|          2|    1|          2|
    |V_tile_V_1_ce5        |     9|          2|    1|          2|
    |V_tile_V_1_ce6        |     9|          2|    1|          2|
    |V_tile_V_1_ce7        |     9|          2|    1|          2|
    |V_tile_V_1_ce8        |     9|          2|    1|          2|
    |V_tile_V_1_ce9        |     9|          2|    1|          2|
    |V_tile_V_1_we0        |     9|          2|    1|          2|
    |V_tile_V_2_address0   |    13|          3|   10|         30|
    |V_tile_V_2_ce0        |    13|          3|    1|          3|
    |V_tile_V_2_ce1        |     9|          2|    1|          2|
    |V_tile_V_2_ce10       |     9|          2|    1|          2|
    |V_tile_V_2_ce11       |     9|          2|    1|          2|
    |V_tile_V_2_ce12       |     9|          2|    1|          2|
    |V_tile_V_2_ce2        |     9|          2|    1|          2|
    |V_tile_V_2_ce3        |     9|          2|    1|          2|
    |V_tile_V_2_ce4        |     9|          2|    1|          2|
    |V_tile_V_2_ce5        |     9|          2|    1|          2|
    |V_tile_V_2_ce6        |     9|          2|    1|          2|
    |V_tile_V_2_ce7        |     9|          2|    1|          2|
    |V_tile_V_2_ce8        |     9|          2|    1|          2|
    |V_tile_V_2_ce9        |     9|          2|    1|          2|
    |V_tile_V_2_we0        |     9|          2|    1|          2|
    |V_tile_V_3_address0   |    13|          3|   10|         30|
    |V_tile_V_3_ce0        |    13|          3|    1|          3|
    |V_tile_V_3_ce1        |     9|          2|    1|          2|
    |V_tile_V_3_ce10       |     9|          2|    1|          2|
    |V_tile_V_3_ce11       |     9|          2|    1|          2|
    |V_tile_V_3_ce12       |     9|          2|    1|          2|
    |V_tile_V_3_ce2        |     9|          2|    1|          2|
    |V_tile_V_3_ce3        |     9|          2|    1|          2|
    |V_tile_V_3_ce4        |     9|          2|    1|          2|
    |V_tile_V_3_ce5        |     9|          2|    1|          2|
    |V_tile_V_3_ce6        |     9|          2|    1|          2|
    |V_tile_V_3_ce7        |     9|          2|    1|          2|
    |V_tile_V_3_ce8        |     9|          2|    1|          2|
    |V_tile_V_3_ce9        |     9|          2|    1|          2|
    |V_tile_V_3_we0        |     9|          2|    1|          2|
    |V_tile_V_4_address0   |    13|          3|   10|         30|
    |V_tile_V_4_ce0        |    13|          3|    1|          3|
    |V_tile_V_4_ce1        |     9|          2|    1|          2|
    |V_tile_V_4_ce10       |     9|          2|    1|          2|
    |V_tile_V_4_ce11       |     9|          2|    1|          2|
    |V_tile_V_4_ce12       |     9|          2|    1|          2|
    |V_tile_V_4_ce2        |     9|          2|    1|          2|
    |V_tile_V_4_ce3        |     9|          2|    1|          2|
    |V_tile_V_4_ce4        |     9|          2|    1|          2|
    |V_tile_V_4_ce5        |     9|          2|    1|          2|
    |V_tile_V_4_ce6        |     9|          2|    1|          2|
    |V_tile_V_4_ce7        |     9|          2|    1|          2|
    |V_tile_V_4_ce8        |     9|          2|    1|          2|
    |V_tile_V_4_ce9        |     9|          2|    1|          2|
    |V_tile_V_4_we0        |     9|          2|    1|          2|
    |V_tile_V_5_address0   |    13|          3|   10|         30|
    |V_tile_V_5_ce0        |    13|          3|    1|          3|
    |V_tile_V_5_ce1        |     9|          2|    1|          2|
    |V_tile_V_5_ce10       |     9|          2|    1|          2|
    |V_tile_V_5_ce11       |     9|          2|    1|          2|
    |V_tile_V_5_ce12       |     9|          2|    1|          2|
    |V_tile_V_5_ce2        |     9|          2|    1|          2|
    |V_tile_V_5_ce3        |     9|          2|    1|          2|
    |V_tile_V_5_ce4        |     9|          2|    1|          2|
    |V_tile_V_5_ce5        |     9|          2|    1|          2|
    |V_tile_V_5_ce6        |     9|          2|    1|          2|
    |V_tile_V_5_ce7        |     9|          2|    1|          2|
    |V_tile_V_5_ce8        |     9|          2|    1|          2|
    |V_tile_V_5_ce9        |     9|          2|    1|          2|
    |V_tile_V_5_we0        |     9|          2|    1|          2|
    |V_tile_V_6_address0   |    13|          3|   10|         30|
    |V_tile_V_6_ce0        |    13|          3|    1|          3|
    |V_tile_V_6_ce1        |     9|          2|    1|          2|
    |V_tile_V_6_ce10       |     9|          2|    1|          2|
    |V_tile_V_6_ce11       |     9|          2|    1|          2|
    |V_tile_V_6_ce12       |     9|          2|    1|          2|
    |V_tile_V_6_ce2        |     9|          2|    1|          2|
    |V_tile_V_6_ce3        |     9|          2|    1|          2|
    |V_tile_V_6_ce4        |     9|          2|    1|          2|
    |V_tile_V_6_ce5        |     9|          2|    1|          2|
    |V_tile_V_6_ce6        |     9|          2|    1|          2|
    |V_tile_V_6_ce7        |     9|          2|    1|          2|
    |V_tile_V_6_ce8        |     9|          2|    1|          2|
    |V_tile_V_6_ce9        |     9|          2|    1|          2|
    |V_tile_V_6_we0        |     9|          2|    1|          2|
    |V_tile_V_7_address0   |    13|          3|   10|         30|
    |V_tile_V_7_ce0        |    13|          3|    1|          3|
    |V_tile_V_7_ce1        |     9|          2|    1|          2|
    |V_tile_V_7_ce10       |     9|          2|    1|          2|
    |V_tile_V_7_ce11       |     9|          2|    1|          2|
    |V_tile_V_7_ce12       |     9|          2|    1|          2|
    |V_tile_V_7_ce2        |     9|          2|    1|          2|
    |V_tile_V_7_ce3        |     9|          2|    1|          2|
    |V_tile_V_7_ce4        |     9|          2|    1|          2|
    |V_tile_V_7_ce5        |     9|          2|    1|          2|
    |V_tile_V_7_ce6        |     9|          2|    1|          2|
    |V_tile_V_7_ce7        |     9|          2|    1|          2|
    |V_tile_V_7_ce8        |     9|          2|    1|          2|
    |V_tile_V_7_ce9        |     9|          2|    1|          2|
    |V_tile_V_7_we0        |     9|          2|    1|          2|
    |V_tile_V_address0     |    13|          3|   10|         30|
    |V_tile_V_ce0          |    13|          3|    1|          3|
    |V_tile_V_ce1          |     9|          2|    1|          2|
    |V_tile_V_ce10         |     9|          2|    1|          2|
    |V_tile_V_ce11         |     9|          2|    1|          2|
    |V_tile_V_ce12         |     9|          2|    1|          2|
    |V_tile_V_ce2          |     9|          2|    1|          2|
    |V_tile_V_ce3          |     9|          2|    1|          2|
    |V_tile_V_ce4          |     9|          2|    1|          2|
    |V_tile_V_ce5          |     9|          2|    1|          2|
    |V_tile_V_ce6          |     9|          2|    1|          2|
    |V_tile_V_ce7          |     9|          2|    1|          2|
    |V_tile_V_ce8          |     9|          2|    1|          2|
    |V_tile_V_ce9          |     9|          2|    1|          2|
    |V_tile_V_we0          |     9|          2|    1|          2|
    |ap_NS_fsm             |  2693|        992|    1|        992|
    |gmem0_ARADDR          |    13|          3|   64|        192|
    |gmem0_ARLEN           |    13|          3|   32|         96|
    |gmem0_ARVALID         |    13|          3|    1|          3|
    |gmem0_RREADY          |     9|          2|    1|          2|
    |gmem0_blk_n_AR        |     9|          2|    1|          2|
    |gmem1_ARADDR          |    13|          3|   64|        192|
    |gmem1_ARLEN           |    13|          3|   32|         96|
    |gmem1_ARVALID         |    13|          3|    1|          3|
    |gmem1_RREADY          |     9|          2|    1|          2|
    |gmem1_blk_n_AR        |     9|          2|    1|          2|
    |gmem2_ARADDR          |    13|          3|   64|        192|
    |gmem2_ARLEN           |    13|          3|   32|         96|
    |gmem2_ARVALID         |    13|          3|    1|          3|
    |gmem2_RREADY          |     9|          2|    1|          2|
    |gmem2_blk_n_AR        |     9|          2|    1|          2|
    |gmem3_AWADDR          |    13|          3|   64|        192|
    |gmem3_AWLEN           |    13|          3|   32|         96|
    |gmem3_AWVALID         |    13|          3|    1|          3|
    |gmem3_BREADY          |    13|          3|    1|          3|
    |gmem3_WVALID          |     9|          2|    1|          2|
    |gmem3_blk_n_AW        |     9|          2|    1|          2|
    |gmem3_blk_n_B         |     9|          2|    1|          2|
    |grp_fu_11425_ce       |    17|          4|    1|          4|
    |grp_fu_11425_opcode   |    17|          4|    5|         20|
    |grp_fu_11425_p0       |    17|          4|   32|        128|
    |grp_fu_11425_p1       |    17|          4|   32|        128|
    |grp_fu_2914_ce        |    13|          3|    1|          3|
    |grp_fu_2914_opcode    |    17|          4|    2|          8|
    |grp_fu_2914_p0        |    17|          4|   32|        128|
    |grp_fu_2914_p1        |    29|          7|   32|        224|
    |grp_fu_2915_ce        |    13|          3|    1|          3|
    |grp_fu_2915_opcode    |    17|          4|    2|          8|
    |grp_fu_2915_p0        |    17|          4|   32|        128|
    |grp_fu_2915_p1        |    29|          7|   32|        224|
    |grp_fu_2916_ce        |    13|          3|    1|          3|
    |grp_fu_2916_opcode    |    17|          4|    2|          8|
    |grp_fu_2916_p0        |    17|          4|   32|        128|
    |grp_fu_2916_p1        |    29|          7|   32|        224|
    |grp_fu_2917_ce        |    13|          3|    1|          3|
    |grp_fu_2917_p0        |    17|          4|   32|        128|
    |grp_fu_2917_p1        |    29|          7|   32|        224|
    |grp_fu_2918_ce        |     9|          2|    1|          2|
    |grp_fu_2918_p0        |    21|          5|   32|        160|
    |grp_fu_2918_p1        |    29|          7|   32|        224|
    |grp_fu_2919_ce        |     9|          2|    1|          2|
    |grp_fu_2919_p0        |    13|          3|   32|         96|
    |grp_fu_2919_p1        |    25|          6|   32|        192|
    |grp_fu_2920_ce        |     9|          2|    1|          2|
    |grp_fu_2920_p0        |    13|          3|   32|         96|
    |grp_fu_2920_p1        |    25|          6|   32|        192|
    |grp_fu_2921_ce        |     9|          2|    1|          2|
    |grp_fu_2921_p0        |    13|          3|   32|         96|
    |grp_fu_2921_p1        |    25|          6|   32|        192|
    |grp_fu_2922_ce        |     9|          2|    1|          2|
    |grp_fu_2922_p0        |    13|          3|   32|         96|
    |grp_fu_2922_p1        |    25|          6|   32|        192|
    |grp_fu_2923_ce        |     9|          2|    1|          2|
    |grp_fu_2923_p0        |    13|          3|   32|         96|
    |grp_fu_2923_p1        |    25|          6|   32|        192|
    |grp_fu_2924_ce        |     9|          2|    1|          2|
    |grp_fu_2924_p0        |    13|          3|   32|         96|
    |grp_fu_2924_p1        |    25|          6|   32|        192|
    |grp_fu_2925_ce        |     9|          2|    1|          2|
    |grp_fu_2925_p0        |    13|          3|   32|         96|
    |grp_fu_2925_p1        |    25|          6|   32|        192|
    |grp_fu_2926_ce        |     9|          2|    1|          2|
    |grp_fu_2926_p0        |    13|          3|   32|         96|
    |grp_fu_2926_p1        |    25|          6|   32|        192|
    |grp_fu_2927_p0        |    13|          3|   32|         96|
    |grp_fu_2927_p1        |    25|          6|   32|        192|
    |grp_fu_2928_p1        |    21|          5|   32|        160|
    |grp_fu_2929_p1        |    21|          5|   32|        160|
    |grp_fu_2930_p1        |    21|          5|   32|        160|
    |grp_fu_2931_p1        |    21|          5|   32|        160|
    |grp_fu_2932_p1        |    21|          5|   32|        160|
    |grp_fu_2933_p1        |    21|          5|   32|        160|
    |grp_fu_2934_p1        |    21|          5|   32|        160|
    |grp_fu_2935_p1        |    21|          5|   32|        160|
    |grp_fu_2936_p1        |    21|          5|   32|        160|
    |grp_fu_2937_p1        |    21|          5|   32|        160|
    |grp_fu_2938_p1        |    21|          5|   32|        160|
    |grp_fu_2939_p1        |    21|          5|   32|        160|
    |grp_fu_2940_p1        |    21|          5|   32|        160|
    |grp_fu_2941_p1        |    21|          5|   32|        160|
    |grp_fu_2942_p1        |    21|          5|   32|        160|
    |grp_fu_2943_p1        |    21|          5|   32|        160|
    |grp_fu_2944_p1        |    21|          5|   32|        160|
    |grp_fu_2945_p1        |    21|          5|   32|        160|
    |grp_fu_5058_ce        |    21|          5|    1|          5|
    |grp_fu_5058_p0        |    25|          6|   32|        192|
    |grp_fu_5058_p1        |    25|          6|   32|        192|
    |grp_fu_5074_p0        |    17|          4|   32|        128|
    |grp_fu_5074_p1        |    17|          4|   32|        128|
    |grp_fu_5453_ce        |    13|          3|    1|          3|
    |grp_fu_5453_p0        |    17|          4|   32|        128|
    |grp_fu_5453_p1        |    17|          4|   32|        128|
    |grp_fu_7182_ce        |    13|          3|    1|          3|
    |grp_fu_7182_p0        |    17|          4|   32|        128|
    |grp_fu_7182_p1        |    17|          4|   32|        128|
    |grp_fu_7187_ce        |     9|          2|    1|          2|
    |grp_fu_7187_p0        |    13|          3|   32|         96|
    |grp_fu_7190_ce        |     9|          2|    1|          2|
    |grp_fu_7190_opcode    |    17|          4|    5|         20|
    |grp_fu_7190_p0        |    17|          4|   32|        128|
    |grp_fu_7190_p1        |    21|          5|   32|        160|
    |i_2_reg_2890          |     9|          2|    4|          8|
    |i_reg_2479            |     9|          2|    4|          8|
    |indvar_fu_358         |     9|          2|    5|         10|
    |l_state_10_reg_2770   |     9|          2|   32|         64|
    |l_state_11_reg_2760   |     9|          2|   32|         64|
    |l_state_12_reg_2750   |     9|          2|   32|         64|
    |l_state_13_reg_2740   |     9|          2|   32|         64|
    |l_state_14_reg_2730   |     9|          2|   32|         64|
    |l_state_8_reg_2790    |     9|          2|   32|         64|
    |l_state_9_reg_2780    |     9|          2|   32|         64|
    |l_state_reg_2800      |     9|          2|   32|         64|
    |m_state_10_reg_2850   |     9|          2|   32|         64|
    |m_state_11_reg_2840   |     9|          2|   32|         64|
    |m_state_12_reg_2830   |     9|          2|   32|         64|
    |m_state_13_reg_2820   |     9|          2|   32|         64|
    |m_state_14_reg_2810   |     9|          2|   32|         64|
    |m_state_8_reg_2870    |     9|          2|   32|         64|
    |m_state_9_reg_2860    |     9|          2|   32|         64|
    |m_state_reg_2880      |     9|          2|   32|         64|
    |qb_fu_354             |     9|          2|    8|         16|
    |rescale_old_reg_2902  |     9|          2|   32|         64|
    |row_max_10_reg_2640   |     9|          2|   32|         64|
    |row_max_11_reg_2610   |     9|          2|   32|         64|
    |row_max_12_reg_2580   |     9|          2|   32|         64|
    |row_max_13_reg_2550   |     9|          2|   32|         64|
    |row_max_14_reg_2520   |     9|          2|   32|         64|
    |row_max_15_reg_2490   |     9|          2|   32|         64|
    |row_max_8_reg_2700    |     9|          2|   32|         64|
    |row_max_9_reg_2670    |     9|          2|   32|         64|
    |scores_1_address0     |    13|          3|    7|         21|
    |scores_1_ce0          |    13|          3|    1|          3|
    |scores_1_we0          |     9|          2|    1|          2|
    |scores_2_address0     |    13|          3|    7|         21|
    |scores_2_ce0          |    13|          3|    1|          3|
    |scores_2_we0          |     9|          2|    1|          2|
    |scores_3_address0     |    13|          3|    7|         21|
    |scores_3_ce0          |    13|          3|    1|          3|
    |scores_3_we0          |     9|          2|    1|          2|
    |scores_4_address0     |    13|          3|    7|         21|
    |scores_4_ce0          |    13|          3|    1|          3|
    |scores_4_we0          |     9|          2|    1|          2|
    |scores_5_address0     |    13|          3|    7|         21|
    |scores_5_ce0          |    13|          3|    1|          3|
    |scores_5_we0          |     9|          2|    1|          2|
    |scores_6_address0     |    13|          3|    7|         21|
    |scores_6_ce0          |    13|          3|    1|          3|
    |scores_6_we0          |     9|          2|    1|          2|
    |scores_7_address0     |    13|          3|    7|         21|
    |scores_7_ce0          |    13|          3|    1|          3|
    |scores_7_we0          |     9|          2|    1|          2|
    |scores_address0       |    13|          3|    7|         21|
    |scores_ce0            |    13|          3|    1|          3|
    |scores_we0            |     9|          2|    1|          2|
    +----------------------+------+-----------+-----+-----------+
    |Total                 | 11223|       2947| 4639|      17276|
    +----------------------+------+-----------+-----+-----------+

    * Register: 
    +---------------------------------------------------------------------------------------------+-----+----+-----+-----------+
    |                                             Name                                            |  FF | LUT| Bits| Const Bits|
    +---------------------------------------------------------------------------------------------+-----+----+-----+-----------+
    |K_in_read_reg_9131                                                                           |   64|   0|   64|          0|
    |Q_in_read_reg_9137                                                                           |   64|   0|   64|          0|
    |Q_tile_V_10_load_reg_10494                                                                   |    8|   0|    8|          0|
    |Q_tile_V_11_load_reg_10499                                                                   |    8|   0|    8|          0|
    |Q_tile_V_12_load_reg_10504                                                                   |    8|   0|    8|          0|
    |Q_tile_V_13_load_reg_10509                                                                   |    8|   0|    8|          0|
    |Q_tile_V_14_load_reg_10514                                                                   |    8|   0|    8|          0|
    |Q_tile_V_15_load_reg_10519                                                                   |    8|   0|    8|          0|
    |Q_tile_V_16_load_reg_10524                                                                   |    8|   0|    8|          0|
    |Q_tile_V_17_load_reg_10529                                                                   |    8|   0|    8|          0|
    |Q_tile_V_18_load_reg_10534                                                                   |    8|   0|    8|          0|
    |Q_tile_V_19_load_reg_10539                                                                   |    8|   0|    8|          0|
    |Q_tile_V_1_load_reg_10449                                                                    |    8|   0|    8|          0|
    |Q_tile_V_20_load_reg_10544                                                                   |    8|   0|    8|          0|
    |Q_tile_V_21_load_reg_10549                                                                   |    8|   0|    8|          0|
    |Q_tile_V_22_load_reg_10554                                                                   |    8|   0|    8|          0|
    |Q_tile_V_23_load_reg_10559                                                                   |    8|   0|    8|          0|
    |Q_tile_V_24_load_reg_10564                                                                   |    8|   0|    8|          0|
    |Q_tile_V_25_load_reg_10569                                                                   |    8|   0|    8|          0|
    |Q_tile_V_26_load_reg_10574                                                                   |    8|   0|    8|          0|
    |Q_tile_V_27_load_reg_10579                                                                   |    8|   0|    8|          0|
    |Q_tile_V_28_load_reg_10584                                                                   |    8|   0|    8|          0|
    |Q_tile_V_29_load_reg_10589                                                                   |    8|   0|    8|          0|
    |Q_tile_V_2_load_reg_10454                                                                    |    8|   0|    8|          0|
    |Q_tile_V_30_load_reg_10594                                                                   |    8|   0|    8|          0|
    |Q_tile_V_31_load_reg_10599                                                                   |    8|   0|    8|          0|
    |Q_tile_V_32_load_reg_10604                                                                   |    8|   0|    8|          0|
    |Q_tile_V_33_load_reg_10609                                                                   |    8|   0|    8|          0|
    |Q_tile_V_34_load_reg_10614                                                                   |    8|   0|    8|          0|
    |Q_tile_V_35_load_reg_10619                                                                   |    8|   0|    8|          0|
    |Q_tile_V_36_load_reg_10624                                                                   |    8|   0|    8|          0|
    |Q_tile_V_37_load_reg_10629                                                                   |    8|   0|    8|          0|
    |Q_tile_V_38_load_reg_10634                                                                   |    8|   0|    8|          0|
    |Q_tile_V_39_load_reg_10639                                                                   |    8|   0|    8|          0|
    |Q_tile_V_3_load_reg_10459                                                                    |    8|   0|    8|          0|
    |Q_tile_V_40_load_reg_10644                                                                   |    8|   0|    8|          0|
    |Q_tile_V_41_load_reg_10649                                                                   |    8|   0|    8|          0|
    |Q_tile_V_42_load_reg_10654                                                                   |    8|   0|    8|          0|
    |Q_tile_V_43_load_reg_10659                                                                   |    8|   0|    8|          0|
    |Q_tile_V_44_load_reg_10664                                                                   |    8|   0|    8|          0|
    |Q_tile_V_45_load_reg_10669                                                                   |    8|   0|    8|          0|
    |Q_tile_V_46_load_reg_10674                                                                   |    8|   0|    8|          0|
    |Q_tile_V_47_load_reg_10679                                                                   |    8|   0|    8|          0|
    |Q_tile_V_48_load_reg_10684                                                                   |    8|   0|    8|          0|
    |Q_tile_V_49_load_reg_10689                                                                   |    8|   0|    8|          0|
    |Q_tile_V_4_load_reg_10464                                                                    |    8|   0|    8|          0|
    |Q_tile_V_50_load_reg_10694                                                                   |    8|   0|    8|          0|
    |Q_tile_V_51_load_reg_10699                                                                   |    8|   0|    8|          0|
    |Q_tile_V_52_load_reg_10704                                                                   |    8|   0|    8|          0|
    |Q_tile_V_53_load_reg_10709                                                                   |    8|   0|    8|          0|
    |Q_tile_V_54_load_reg_10714                                                                   |    8|   0|    8|          0|
    |Q_tile_V_55_load_reg_10719                                                                   |    8|   0|    8|          0|
    |Q_tile_V_56_load_reg_10724                                                                   |    8|   0|    8|          0|
    |Q_tile_V_57_load_reg_10729                                                                   |    8|   0|    8|          0|
    |Q_tile_V_58_load_reg_10734                                                                   |    8|   0|    8|          0|
    |Q_tile_V_59_load_reg_10739                                                                   |    8|   0|    8|          0|
    |Q_tile_V_5_load_reg_10469                                                                    |    8|   0|    8|          0|
    |Q_tile_V_60_load_reg_10744                                                                   |    8|   0|    8|          0|
    |Q_tile_V_61_load_reg_10749                                                                   |    8|   0|    8|          0|
    |Q_tile_V_62_load_reg_10754                                                                   |    8|   0|    8|          0|
    |Q_tile_V_63_load_reg_10759                                                                   |    8|   0|    8|          0|
    |Q_tile_V_6_load_reg_10474                                                                    |    8|   0|    8|          0|
    |Q_tile_V_7_load_reg_10479                                                                    |    8|   0|    8|          0|
    |Q_tile_V_8_load_reg_10484                                                                    |    8|   0|    8|          0|
    |Q_tile_V_9_load_reg_10489                                                                    |    8|   0|    8|          0|
    |Q_tile_V_load_reg_10444                                                                      |    8|   0|    8|          0|
    |V_in_read_reg_9125                                                                           |   64|   0|   64|          0|
    |add15_i1_reg_10906                                                                           |   32|   0|   32|          0|
    |add_ln144_reg_10114                                                                          |    4|   0|    4|          0|
    |add_ln161_reg_10785                                                                          |    4|   0|    4|          0|
    |add_ln89_1_reg_10036                                                                         |    5|   0|    5|          0|
    |add_ln91_reg_10041                                                                           |   64|   0|   64|          0|
    |and_ln32_reg_10834                                                                           |    1|   0|    1|          0|
    |ap_CS_fsm                                                                                    |  991|   0|  991|          0|
    |bitcast_ln32_reg_10824                                                                       |   32|   0|   32|          0|
    |conv9_i1_reg_10881                                                                           |   32|   0|   32|          0|
    |dc_reg_10843                                                                                 |   32|   0|   32|          0|
    |empty_47_reg_10119                                                                           |    7|   0|    7|          0|
    |gmem1_addr_reg_10023                                                                         |   64|   0|   64|          0|
    |gmem2_addr_reg_10028                                                                         |   64|   0|   64|          0|
    |grp_attention_int8_kernel_Pipeline_VITIS_LOOP_101_3_VITIS_LOOP_102_4_fu_6465_ap_start_reg    |    1|   0|    1|          0|
    |grp_attention_int8_kernel_Pipeline_VITIS_LOOP_108_5_fu_6536_ap_start_reg                     |    1|   0|    1|          0|
    |grp_attention_int8_kernel_Pipeline_VITIS_LOOP_130_8_VITIS_LOOP_131_9_fu_6564_ap_start_reg    |    1|   0|    1|          0|
    |grp_attention_int8_kernel_Pipeline_VITIS_LOOP_146_11_fu_6646_ap_start_reg                    |    1|   0|    1|          0|
    |grp_attention_int8_kernel_Pipeline_VITIS_LOOP_168_14_fu_6886_ap_start_reg                    |    1|   0|    1|          0|
    |grp_attention_int8_kernel_Pipeline_VITIS_LOOP_180_16_fu_7029_ap_start_reg                    |    1|   0|    1|          0|
    |grp_attention_int8_kernel_Pipeline_VITIS_LOOP_193_18_VITIS_LOOP_195_19_fu_6855_ap_start_reg  |    1|   0|    1|          0|
    |i_2_reg_2890                                                                                 |    4|   0|    4|          0|
    |i_reg_2479                                                                                   |    4|   0|    4|          0|
    |icmp_ln178_1_reg_10916                                                                       |    1|   0|    1|          0|
    |icmp_ln178_2_reg_10921                                                                       |    1|   0|    1|          0|
    |icmp_ln178_3_reg_10926                                                                       |    1|   0|    1|          0|
    |icmp_ln178_4_reg_10931                                                                       |    1|   0|    1|          0|
    |icmp_ln178_5_reg_10936                                                                       |    1|   0|    1|          0|
    |icmp_ln178_6_reg_10941                                                                       |    1|   0|    1|          0|
    |icmp_ln178_reg_10911                                                                         |    1|   0|    1|          0|
    |icmp_ln36_reg_10865                                                                          |    1|   0|    1|          0|
    |idx_2_reg_10870                                                                              |   32|   0|   32|          0|
    |indvar_fu_358                                                                                |    5|   0|    5|          0|
    |l_state_10_reg_2770                                                                          |   32|   0|   32|          0|
    |l_state_11_reg_2760                                                                          |   32|   0|   32|          0|
    |l_state_12_reg_2750                                                                          |   32|   0|   32|          0|
    |l_state_13_reg_2740                                                                          |   32|   0|   32|          0|
    |l_state_14_reg_2730                                                                          |   32|   0|   32|          0|
    |l_state_8_reg_2790                                                                           |   32|   0|   32|          0|
    |l_state_9_reg_2780                                                                           |   32|   0|   32|          0|
    |l_state_reg_2800                                                                             |   32|   0|   32|          0|
    |m_new_reg_10805                                                                              |   32|   0|   32|          0|
    |m_state_10_reg_2850                                                                          |   32|   0|   32|          0|
    |m_state_11_reg_2840                                                                          |   32|   0|   32|          0|
    |m_state_12_reg_2830                                                                          |   32|   0|   32|          0|
    |m_state_13_reg_2820                                                                          |   32|   0|   32|          0|
    |m_state_14_reg_2810                                                                          |   32|   0|   32|          0|
    |m_state_16_reg_10951                                                                         |   32|   0|   32|          0|
    |m_state_17_reg_10956                                                                         |   32|   0|   32|          0|
    |m_state_18_reg_10961                                                                         |   32|   0|   32|          0|
    |m_state_19_reg_10966                                                                         |   32|   0|   32|          0|
    |m_state_20_reg_10971                                                                         |   32|   0|   32|          0|
    |m_state_21_reg_10976                                                                         |   32|   0|   32|          0|
    |m_state_22_reg_10981                                                                         |   32|   0|   32|          0|
    |m_state_23_reg_10986                                                                         |   32|   0|   32|          0|
    |m_state_8_reg_2870                                                                           |   32|   0|   32|          0|
    |m_state_9_reg_2860                                                                           |   32|   0|   32|          0|
    |m_state_reg_2880                                                                             |   32|   0|   32|          0|
    |mul14_i1_reg_10891                                                                           |   32|   0|   32|          0|
    |mul_i1_reg_10901                                                                             |   32|   0|   32|          0|
    |mul_reg_11380                                                                                |   32|   0|   32|          0|
    |or_ln178_5_reg_10946                                                                         |    1|   0|    1|          0|
    |or_ln32_reg_10829                                                                            |    1|   0|    1|          0|
    |p_Result_s_reg_10849                                                                         |    1|   0|    1|          0|
    |q_scale_read_reg_9120                                                                        |   32|   0|   32|          0|
    |qb_fu_354                                                                                    |    8|   0|    8|          0|
    |reg_7199                                                                                     |   32|   0|   32|          0|
    |reg_7207                                                                                     |   32|   0|   32|          0|
    |reg_7212                                                                                     |   32|   0|   32|          0|
    |reg_7217                                                                                     |   32|   0|   32|          0|
    |reg_7222                                                                                     |   32|   0|   32|          0|
    |reg_7227                                                                                     |   32|   0|   32|          0|
    |reg_7232                                                                                     |   32|   0|   32|          0|
    |reg_7237                                                                                     |   32|   0|   32|          0|
    |reg_7242                                                                                     |   32|   0|   32|          0|
    |reg_7247                                                                                     |   32|   0|   32|          0|
    |reg_7252                                                                                     |   32|   0|   32|          0|
    |reg_7257                                                                                     |   32|   0|   32|          0|
    |reg_7262                                                                                     |   32|   0|   32|          0|
    |reg_7267                                                                                     |   32|   0|   32|          0|
    |reg_7272                                                                                     |   32|   0|   32|          0|
    |reg_7277                                                                                     |   32|   0|   32|          0|
    |reg_7282                                                                                     |   32|   0|   32|          0|
    |reg_7287                                                                                     |   32|   0|   32|          0|
    |reg_7292                                                                                     |   32|   0|   32|          0|
    |reg_7297                                                                                     |   32|   0|   32|          0|
    |reg_7302                                                                                     |   32|   0|   32|          0|
    |reg_7307                                                                                     |   32|   0|   32|          0|
    |reg_7312                                                                                     |   32|   0|   32|          0|
    |reg_7317                                                                                     |   32|   0|   32|          0|
    |reg_7322                                                                                     |   32|   0|   32|          0|
    |reg_7327                                                                                     |   32|   0|   32|          0|
    |reg_7332                                                                                     |   32|   0|   32|          0|
    |reg_7337                                                                                     |   32|   0|   32|          0|
    |reg_7342                                                                                     |   32|   0|   32|          0|
    |reg_7347                                                                                     |   32|   0|   32|          0|
    |reg_7352                                                                                     |   32|   0|   32|          0|
    |reg_7357                                                                                     |   32|   0|   32|          0|
    |reg_7362                                                                                     |   32|   0|   32|          0|
    |rescale_old_reg_2902                                                                         |   32|   0|   32|          0|
    |result_V_reg_10860                                                                           |   32|   0|   32|          0|
    |row_max_10_reg_2640                                                                          |   32|   0|   32|          0|
    |row_max_11_reg_2610                                                                          |   32|   0|   32|          0|
    |row_max_12_reg_2580                                                                          |   32|   0|   32|          0|
    |row_max_13_reg_2550                                                                          |   32|   0|   32|          0|
    |row_max_14_reg_2520                                                                          |   32|   0|   32|          0|
    |row_max_15_reg_2490                                                                          |   32|   0|   32|          0|
    |row_max_1_reg_2455                                                                           |   32|   0|   32|          0|
    |row_max_2_reg_2443                                                                           |   32|   0|   32|          0|
    |row_max_3_reg_2431                                                                           |   32|   0|   32|          0|
    |row_max_4_reg_2419                                                                           |   32|   0|   32|          0|
    |row_max_5_reg_2407                                                                           |   32|   0|   32|          0|
    |row_max_6_reg_2395                                                                           |   32|   0|   32|          0|
    |row_max_7_reg_2383                                                                           |   32|   0|   32|          0|
    |row_max_8_reg_2700                                                                           |   32|   0|   32|          0|
    |row_max_9_reg_2670                                                                           |   32|   0|   32|          0|
    |row_max_reg_2467                                                                             |   32|   0|   32|          0|
    |select_ln35_reg_10838                                                                        |   32|   0|   32|          0|
    |tmp_141_reg_10819                                                                            |    1|   0|    1|          0|
    |tmp_1_reg_10797                                                                              |   32|   0|   32|          0|
    |tmp_3_reg_11180                                                                              |   32|   0|   32|          0|
    |tmp_8_reg_10896                                                                              |   32|   0|   32|          0|
    |tmp_9_reg_10886                                                                              |   32|   0|   32|          0|
    |tmp_reg_10790                                                                                |   32|   0|   32|          0|
    |trunc_ln144_reg_10105                                                                        |    3|   0|    3|          0|
    |trunc_ln161_reg_10767                                                                        |    3|   0|    3|          0|
    |trunc_ln35_reg_10876                                                                         |    7|   0|    7|          0|
    |trunc_ln89_reg_10052                                                                         |    7|   0|    7|          0|
    |trunc_ln_reg_10012                                                                           |   63|   0|   63|          0|
    |v_scale_read_reg_9115                                                                        |   32|   0|   32|          0|
    |val_reg_10854                                                                                |   32|   0|   32|          0|
    +---------------------------------------------------------------------------------------------+-----+----+-----+-----------+
    |Total                                                                                        | 5007|   0| 5007|          0|
    +---------------------------------------------------------------------------------------------+-----+----+-----+-----------+



================================================================
== Interface
================================================================
* Summary: 
+-----------------------+-----+-----+------------+-----------------------+--------------+
|       RTL Ports       | Dir | Bits|  Protocol  |     Source Object     |    C Type    |
+-----------------------+-----+-----+------------+-----------------------+--------------+
|s_axi_control_AWVALID  |   in|    1|       s_axi|                control|        scalar|
|s_axi_control_AWREADY  |  out|    1|       s_axi|                control|        scalar|
|s_axi_control_AWADDR   |   in|    7|       s_axi|                control|        scalar|
|s_axi_control_WVALID   |   in|    1|       s_axi|                control|        scalar|
|s_axi_control_WREADY   |  out|    1|       s_axi|                control|        scalar|
|s_axi_control_WDATA    |   in|   32|       s_axi|                control|        scalar|
|s_axi_control_WSTRB    |   in|    4|       s_axi|                control|        scalar|
|s_axi_control_ARVALID  |   in|    1|       s_axi|                control|        scalar|
|s_axi_control_ARREADY  |  out|    1|       s_axi|                control|        scalar|
|s_axi_control_ARADDR   |   in|    7|       s_axi|                control|        scalar|
|s_axi_control_RVALID   |  out|    1|       s_axi|                control|        scalar|
|s_axi_control_RREADY   |   in|    1|       s_axi|                control|        scalar|
|s_axi_control_RDATA    |  out|   32|       s_axi|                control|        scalar|
|s_axi_control_RRESP    |  out|    2|       s_axi|                control|        scalar|
|s_axi_control_BVALID   |  out|    1|       s_axi|                control|        scalar|
|s_axi_control_BREADY   |   in|    1|       s_axi|                control|        scalar|
|s_axi_control_BRESP    |  out|    2|       s_axi|                control|        scalar|
|ap_clk                 |   in|    1|  ap_ctrl_hs|  attention_int8_kernel|  return value|
|ap_rst_n               |   in|    1|  ap_ctrl_hs|  attention_int8_kernel|  return value|
|interrupt              |  out|    1|  ap_ctrl_hs|  attention_int8_kernel|  return value|
|m_axi_gmem0_AWVALID    |  out|    1|       m_axi|                  gmem0|       pointer|
|m_axi_gmem0_AWREADY    |   in|    1|       m_axi|                  gmem0|       pointer|
|m_axi_gmem0_AWADDR     |  out|   64|       m_axi|                  gmem0|       pointer|
|m_axi_gmem0_AWID       |  out|    1|       m_axi|                  gmem0|       pointer|
|m_axi_gmem0_AWLEN      |  out|    8|       m_axi|                  gmem0|       pointer|
|m_axi_gmem0_AWSIZE     |  out|    3|       m_axi|                  gmem0|       pointer|
|m_axi_gmem0_AWBURST    |  out|    2|       m_axi|                  gmem0|       pointer|
|m_axi_gmem0_AWLOCK     |  out|    2|       m_axi|                  gmem0|       pointer|
|m_axi_gmem0_AWCACHE    |  out|    4|       m_axi|                  gmem0|       pointer|
|m_axi_gmem0_AWPROT     |  out|    3|       m_axi|                  gmem0|       pointer|
|m_axi_gmem0_AWQOS      |  out|    4|       m_axi|                  gmem0|       pointer|
|m_axi_gmem0_AWREGION   |  out|    4|       m_axi|                  gmem0|       pointer|
|m_axi_gmem0_AWUSER     |  out|    1|       m_axi|                  gmem0|       pointer|
|m_axi_gmem0_WVALID     |  out|    1|       m_axi|                  gmem0|       pointer|
|m_axi_gmem0_WREADY     |   in|    1|       m_axi|                  gmem0|       pointer|
|m_axi_gmem0_WDATA      |  out|   32|       m_axi|                  gmem0|       pointer|
|m_axi_gmem0_WSTRB      |  out|    4|       m_axi|                  gmem0|       pointer|
|m_axi_gmem0_WLAST      |  out|    1|       m_axi|                  gmem0|       pointer|
|m_axi_gmem0_WID        |  out|    1|       m_axi|                  gmem0|       pointer|
|m_axi_gmem0_WUSER      |  out|    1|       m_axi|                  gmem0|       pointer|
|m_axi_gmem0_ARVALID    |  out|    1|       m_axi|                  gmem0|       pointer|
|m_axi_gmem0_ARREADY    |   in|    1|       m_axi|                  gmem0|       pointer|
|m_axi_gmem0_ARADDR     |  out|   64|       m_axi|                  gmem0|       pointer|
|m_axi_gmem0_ARID       |  out|    1|       m_axi|                  gmem0|       pointer|
|m_axi_gmem0_ARLEN      |  out|    8|       m_axi|                  gmem0|       pointer|
|m_axi_gmem0_ARSIZE     |  out|    3|       m_axi|                  gmem0|       pointer|
|m_axi_gmem0_ARBURST    |  out|    2|       m_axi|                  gmem0|       pointer|
|m_axi_gmem0_ARLOCK     |  out|    2|       m_axi|                  gmem0|       pointer|
|m_axi_gmem0_ARCACHE    |  out|    4|       m_axi|                  gmem0|       pointer|
|m_axi_gmem0_ARPROT     |  out|    3|       m_axi|                  gmem0|       pointer|
|m_axi_gmem0_ARQOS      |  out|    4|       m_axi|                  gmem0|       pointer|
|m_axi_gmem0_ARREGION   |  out|    4|       m_axi|                  gmem0|       pointer|
|m_axi_gmem0_ARUSER     |  out|    1|       m_axi|                  gmem0|       pointer|
|m_axi_gmem0_RVALID     |   in|    1|       m_axi|                  gmem0|       pointer|
|m_axi_gmem0_RREADY     |  out|    1|       m_axi|                  gmem0|       pointer|
|m_axi_gmem0_RDATA      |   in|   32|       m_axi|                  gmem0|       pointer|
|m_axi_gmem0_RLAST      |   in|    1|       m_axi|                  gmem0|       pointer|
|m_axi_gmem0_RID        |   in|    1|       m_axi|                  gmem0|       pointer|
|m_axi_gmem0_RUSER      |   in|    1|       m_axi|                  gmem0|       pointer|
|m_axi_gmem0_RRESP      |   in|    2|       m_axi|                  gmem0|       pointer|
|m_axi_gmem0_BVALID     |   in|    1|       m_axi|                  gmem0|       pointer|
|m_axi_gmem0_BREADY     |  out|    1|       m_axi|                  gmem0|       pointer|
|m_axi_gmem0_BRESP      |   in|    2|       m_axi|                  gmem0|       pointer|
|m_axi_gmem0_BID        |   in|    1|       m_axi|                  gmem0|       pointer|
|m_axi_gmem0_BUSER      |   in|    1|       m_axi|                  gmem0|       pointer|
|m_axi_gmem1_AWVALID    |  out|    1|       m_axi|                  gmem1|       pointer|
|m_axi_gmem1_AWREADY    |   in|    1|       m_axi|                  gmem1|       pointer|
|m_axi_gmem1_AWADDR     |  out|   64|       m_axi|                  gmem1|       pointer|
|m_axi_gmem1_AWID       |  out|    1|       m_axi|                  gmem1|       pointer|
|m_axi_gmem1_AWLEN      |  out|    8|       m_axi|                  gmem1|       pointer|
|m_axi_gmem1_AWSIZE     |  out|    3|       m_axi|                  gmem1|       pointer|
|m_axi_gmem1_AWBURST    |  out|    2|       m_axi|                  gmem1|       pointer|
|m_axi_gmem1_AWLOCK     |  out|    2|       m_axi|                  gmem1|       pointer|
|m_axi_gmem1_AWCACHE    |  out|    4|       m_axi|                  gmem1|       pointer|
|m_axi_gmem1_AWPROT     |  out|    3|       m_axi|                  gmem1|       pointer|
|m_axi_gmem1_AWQOS      |  out|    4|       m_axi|                  gmem1|       pointer|
|m_axi_gmem1_AWREGION   |  out|    4|       m_axi|                  gmem1|       pointer|
|m_axi_gmem1_AWUSER     |  out|    1|       m_axi|                  gmem1|       pointer|
|m_axi_gmem1_WVALID     |  out|    1|       m_axi|                  gmem1|       pointer|
|m_axi_gmem1_WREADY     |   in|    1|       m_axi|                  gmem1|       pointer|
|m_axi_gmem1_WDATA      |  out|   32|       m_axi|                  gmem1|       pointer|
|m_axi_gmem1_WSTRB      |  out|    4|       m_axi|                  gmem1|       pointer|
|m_axi_gmem1_WLAST      |  out|    1|       m_axi|                  gmem1|       pointer|
|m_axi_gmem1_WID        |  out|    1|       m_axi|                  gmem1|       pointer|
|m_axi_gmem1_WUSER      |  out|    1|       m_axi|                  gmem1|       pointer|
|m_axi_gmem1_ARVALID    |  out|    1|       m_axi|                  gmem1|       pointer|
|m_axi_gmem1_ARREADY    |   in|    1|       m_axi|                  gmem1|       pointer|
|m_axi_gmem1_ARADDR     |  out|   64|       m_axi|                  gmem1|       pointer|
|m_axi_gmem1_ARID       |  out|    1|       m_axi|                  gmem1|       pointer|
|m_axi_gmem1_ARLEN      |  out|    8|       m_axi|                  gmem1|       pointer|
|m_axi_gmem1_ARSIZE     |  out|    3|       m_axi|                  gmem1|       pointer|
|m_axi_gmem1_ARBURST    |  out|    2|       m_axi|                  gmem1|       pointer|
|m_axi_gmem1_ARLOCK     |  out|    2|       m_axi|                  gmem1|       pointer|
|m_axi_gmem1_ARCACHE    |  out|    4|       m_axi|                  gmem1|       pointer|
|m_axi_gmem1_ARPROT     |  out|    3|       m_axi|                  gmem1|       pointer|
|m_axi_gmem1_ARQOS      |  out|    4|       m_axi|                  gmem1|       pointer|
|m_axi_gmem1_ARREGION   |  out|    4|       m_axi|                  gmem1|       pointer|
|m_axi_gmem1_ARUSER     |  out|    1|       m_axi|                  gmem1|       pointer|
|m_axi_gmem1_RVALID     |   in|    1|       m_axi|                  gmem1|       pointer|
|m_axi_gmem1_RREADY     |  out|    1|       m_axi|                  gmem1|       pointer|
|m_axi_gmem1_RDATA      |   in|   32|       m_axi|                  gmem1|       pointer|
|m_axi_gmem1_RLAST      |   in|    1|       m_axi|                  gmem1|       pointer|
|m_axi_gmem1_RID        |   in|    1|       m_axi|                  gmem1|       pointer|
|m_axi_gmem1_RUSER      |   in|    1|       m_axi|                  gmem1|       pointer|
|m_axi_gmem1_RRESP      |   in|    2|       m_axi|                  gmem1|       pointer|
|m_axi_gmem1_BVALID     |   in|    1|       m_axi|                  gmem1|       pointer|
|m_axi_gmem1_BREADY     |  out|    1|       m_axi|                  gmem1|       pointer|
|m_axi_gmem1_BRESP      |   in|    2|       m_axi|                  gmem1|       pointer|
|m_axi_gmem1_BID        |   in|    1|       m_axi|                  gmem1|       pointer|
|m_axi_gmem1_BUSER      |   in|    1|       m_axi|                  gmem1|       pointer|
|m_axi_gmem2_AWVALID    |  out|    1|       m_axi|                  gmem2|       pointer|
|m_axi_gmem2_AWREADY    |   in|    1|       m_axi|                  gmem2|       pointer|
|m_axi_gmem2_AWADDR     |  out|   64|       m_axi|                  gmem2|       pointer|
|m_axi_gmem2_AWID       |  out|    1|       m_axi|                  gmem2|       pointer|
|m_axi_gmem2_AWLEN      |  out|    8|       m_axi|                  gmem2|       pointer|
|m_axi_gmem2_AWSIZE     |  out|    3|       m_axi|                  gmem2|       pointer|
|m_axi_gmem2_AWBURST    |  out|    2|       m_axi|                  gmem2|       pointer|
|m_axi_gmem2_AWLOCK     |  out|    2|       m_axi|                  gmem2|       pointer|
|m_axi_gmem2_AWCACHE    |  out|    4|       m_axi|                  gmem2|       pointer|
|m_axi_gmem2_AWPROT     |  out|    3|       m_axi|                  gmem2|       pointer|
|m_axi_gmem2_AWQOS      |  out|    4|       m_axi|                  gmem2|       pointer|
|m_axi_gmem2_AWREGION   |  out|    4|       m_axi|                  gmem2|       pointer|
|m_axi_gmem2_AWUSER     |  out|    1|       m_axi|                  gmem2|       pointer|
|m_axi_gmem2_WVALID     |  out|    1|       m_axi|                  gmem2|       pointer|
|m_axi_gmem2_WREADY     |   in|    1|       m_axi|                  gmem2|       pointer|
|m_axi_gmem2_WDATA      |  out|   32|       m_axi|                  gmem2|       pointer|
|m_axi_gmem2_WSTRB      |  out|    4|       m_axi|                  gmem2|       pointer|
|m_axi_gmem2_WLAST      |  out|    1|       m_axi|                  gmem2|       pointer|
|m_axi_gmem2_WID        |  out|    1|       m_axi|                  gmem2|       pointer|
|m_axi_gmem2_WUSER      |  out|    1|       m_axi|                  gmem2|       pointer|
|m_axi_gmem2_ARVALID    |  out|    1|       m_axi|                  gmem2|       pointer|
|m_axi_gmem2_ARREADY    |   in|    1|       m_axi|                  gmem2|       pointer|
|m_axi_gmem2_ARADDR     |  out|   64|       m_axi|                  gmem2|       pointer|
|m_axi_gmem2_ARID       |  out|    1|       m_axi|                  gmem2|       pointer|
|m_axi_gmem2_ARLEN      |  out|    8|       m_axi|                  gmem2|       pointer|
|m_axi_gmem2_ARSIZE     |  out|    3|       m_axi|                  gmem2|       pointer|
|m_axi_gmem2_ARBURST    |  out|    2|       m_axi|                  gmem2|       pointer|
|m_axi_gmem2_ARLOCK     |  out|    2|       m_axi|                  gmem2|       pointer|
|m_axi_gmem2_ARCACHE    |  out|    4|       m_axi|                  gmem2|       pointer|
|m_axi_gmem2_ARPROT     |  out|    3|       m_axi|                  gmem2|       pointer|
|m_axi_gmem2_ARQOS      |  out|    4|       m_axi|                  gmem2|       pointer|
|m_axi_gmem2_ARREGION   |  out|    4|       m_axi|                  gmem2|       pointer|
|m_axi_gmem2_ARUSER     |  out|    1|       m_axi|                  gmem2|       pointer|
|m_axi_gmem2_RVALID     |   in|    1|       m_axi|                  gmem2|       pointer|
|m_axi_gmem2_RREADY     |  out|    1|       m_axi|                  gmem2|       pointer|
|m_axi_gmem2_RDATA      |   in|   32|       m_axi|                  gmem2|       pointer|
|m_axi_gmem2_RLAST      |   in|    1|       m_axi|                  gmem2|       pointer|
|m_axi_gmem2_RID        |   in|    1|       m_axi|                  gmem2|       pointer|
|m_axi_gmem2_RUSER      |   in|    1|       m_axi|                  gmem2|       pointer|
|m_axi_gmem2_RRESP      |   in|    2|       m_axi|                  gmem2|       pointer|
|m_axi_gmem2_BVALID     |   in|    1|       m_axi|                  gmem2|       pointer|
|m_axi_gmem2_BREADY     |  out|    1|       m_axi|                  gmem2|       pointer|
|m_axi_gmem2_BRESP      |   in|    2|       m_axi|                  gmem2|       pointer|
|m_axi_gmem2_BID        |   in|    1|       m_axi|                  gmem2|       pointer|
|m_axi_gmem2_BUSER      |   in|    1|       m_axi|                  gmem2|       pointer|
|m_axi_gmem3_AWVALID    |  out|    1|       m_axi|                  gmem3|       pointer|
|m_axi_gmem3_AWREADY    |   in|    1|       m_axi|                  gmem3|       pointer|
|m_axi_gmem3_AWADDR     |  out|   64|       m_axi|                  gmem3|       pointer|
|m_axi_gmem3_AWID       |  out|    1|       m_axi|                  gmem3|       pointer|
|m_axi_gmem3_AWLEN      |  out|    8|       m_axi|                  gmem3|       pointer|
|m_axi_gmem3_AWSIZE     |  out|    3|       m_axi|                  gmem3|       pointer|
|m_axi_gmem3_AWBURST    |  out|    2|       m_axi|                  gmem3|       pointer|
|m_axi_gmem3_AWLOCK     |  out|    2|       m_axi|                  gmem3|       pointer|
|m_axi_gmem3_AWCACHE    |  out|    4|       m_axi|                  gmem3|       pointer|
|m_axi_gmem3_AWPROT     |  out|    3|       m_axi|                  gmem3|       pointer|
|m_axi_gmem3_AWQOS      |  out|    4|       m_axi|                  gmem3|       pointer|
|m_axi_gmem3_AWREGION   |  out|    4|       m_axi|                  gmem3|       pointer|
|m_axi_gmem3_AWUSER     |  out|    1|       m_axi|                  gmem3|       pointer|
|m_axi_gmem3_WVALID     |  out|    1|       m_axi|                  gmem3|       pointer|
|m_axi_gmem3_WREADY     |   in|    1|       m_axi|                  gmem3|       pointer|
|m_axi_gmem3_WDATA      |  out|   32|       m_axi|                  gmem3|       pointer|
|m_axi_gmem3_WSTRB      |  out|    4|       m_axi|                  gmem3|       pointer|
|m_axi_gmem3_WLAST      |  out|    1|       m_axi|                  gmem3|       pointer|
|m_axi_gmem3_WID        |  out|    1|       m_axi|                  gmem3|       pointer|
|m_axi_gmem3_WUSER      |  out|    1|       m_axi|                  gmem3|       pointer|
|m_axi_gmem3_ARVALID    |  out|    1|       m_axi|                  gmem3|       pointer|
|m_axi_gmem3_ARREADY    |   in|    1|       m_axi|                  gmem3|       pointer|
|m_axi_gmem3_ARADDR     |  out|   64|       m_axi|                  gmem3|       pointer|
|m_axi_gmem3_ARID       |  out|    1|       m_axi|                  gmem3|       pointer|
|m_axi_gmem3_ARLEN      |  out|    8|       m_axi|                  gmem3|       pointer|
|m_axi_gmem3_ARSIZE     |  out|    3|       m_axi|                  gmem3|       pointer|
|m_axi_gmem3_ARBURST    |  out|    2|       m_axi|                  gmem3|       pointer|
|m_axi_gmem3_ARLOCK     |  out|    2|       m_axi|                  gmem3|       pointer|
|m_axi_gmem3_ARCACHE    |  out|    4|       m_axi|                  gmem3|       pointer|
|m_axi_gmem3_ARPROT     |  out|    3|       m_axi|                  gmem3|       pointer|
|m_axi_gmem3_ARQOS      |  out|    4|       m_axi|                  gmem3|       pointer|
|m_axi_gmem3_ARREGION   |  out|    4|       m_axi|                  gmem3|       pointer|
|m_axi_gmem3_ARUSER     |  out|    1|       m_axi|                  gmem3|       pointer|
|m_axi_gmem3_RVALID     |   in|    1|       m_axi|                  gmem3|       pointer|
|m_axi_gmem3_RREADY     |  out|    1|       m_axi|                  gmem3|       pointer|
|m_axi_gmem3_RDATA      |   in|   32|       m_axi|                  gmem3|       pointer|
|m_axi_gmem3_RLAST      |   in|    1|       m_axi|                  gmem3|       pointer|
|m_axi_gmem3_RID        |   in|    1|       m_axi|                  gmem3|       pointer|
|m_axi_gmem3_RUSER      |   in|    1|       m_axi|                  gmem3|       pointer|
|m_axi_gmem3_RRESP      |   in|    2|       m_axi|                  gmem3|       pointer|
|m_axi_gmem3_BVALID     |   in|    1|       m_axi|                  gmem3|       pointer|
|m_axi_gmem3_BREADY     |  out|    1|       m_axi|                  gmem3|       pointer|
|m_axi_gmem3_BRESP      |   in|    2|       m_axi|                  gmem3|       pointer|
|m_axi_gmem3_BID        |   in|    1|       m_axi|                  gmem3|       pointer|
|m_axi_gmem3_BUSER      |   in|    1|       m_axi|                  gmem3|       pointer|
+-----------------------+-----+-----+------------+-----------------------+--------------+

